profile,category,sample,source_width,source_height,width,height,quality,tile,base_target,layer,prefix_bytes,full_bytes,fraction_of_full,decode_ms,psnr,ssim_windowed,ms_ssim_windowed,ms_ssim_luma,legacy_ms_ssim_proxy
chat_preview,photo,kodak_01,768,512,512,341,1,64,32,0,1081,3928,0.27520366598778007,7.28292,19.462701768369556,0.24681046314294908,0.613021181217358,0.6167073517769117,0.7745193368203876
chat_preview,photo,kodak_01,768,512,512,341,1,64,32,1,1933,3928,0.49210794297352345,7.52217,20.25925808291159,0.35403013976849396,0.7321160469085335,0.7414597476163665,0.8401178054094615
chat_preview,photo,kodak_01,768,512,512,341,1,64,32,2,2982,3928,0.7591649694501018,7.52996,21.314270413487293,0.5100370049998569,0.8330601275854734,0.8482635265039393,0.8984316268136396
chat_preview,photo,kodak_01,768,512,512,341,1,64,32,3,3869,3928,0.984979633401222,7.91158,22.28334568378009,0.600295036431196,0.8750612210276089,0.8924062964395203,0.9257168985536548
chat_preview,photo,kodak_01,768,512,512,341,1,64,32,4,3928,3928,1.0,7.91262,22.33726014614863,0.6011663204414253,0.875315597645379,0.8926446858103767,0.9266459453235754
chat_preview,photo,kodak_01,768,512,512,341,1,64,64,0,2340,9548,0.24507750314201926,6.93479,20.356757492028827,0.36024556311394046,0.7405243321635377,0.7491502938241956,0.8440086233680154
chat_preview,photo,kodak_01,768,512,512,341,1,64,64,1,4716,9548,0.4939254294093004,7.26892,21.747637408901177,0.5519921333298123,0.8641146332986068,0.8730292507017227,0.9113072575994693
chat_preview,photo,kodak_01,768,512,512,341,1,64,64,2,8102,9548,0.8485546711353164,8.03212,23.90838502397302,0.7306024305626401,0.9363010052080044,0.9461142747201099,0.9572808983659571
chat_preview,photo,kodak_01,768,512,512,341,1,64,64,3,9548,9548,1.0,8.72896,25.018596577502773,0.7798550913185894,0.9469978399785776,0.9566758759035358,0.9671419780776789
chat_preview,photo,kodak_01,768,512,512,341,2,64,32,0,1109,3967,0.27955633980337785,7.66921,19.457121383774492,0.24700696639057004,0.6130508489510218,0.6168924093535259,0.7744954038813986
chat_preview,photo,kodak_01,768,512,512,341,2,64,32,1,1961,3967,0.4943282077136375,7.47292,20.25773952256435,0.35410318979014016,0.7324615500988495,0.7419272822287855,0.8403711687017591
chat_preview,photo,kodak_01,768,512,512,341,2,64,32,2,3010,3967,0.7587597680867154,7.78371,21.30780162612959,0.5101229157238324,0.8331870644877446,0.8485826590285154,0.8985530865376703
chat_preview,photo,kodak_01,768,512,512,341,2,64,32,3,3904,3967,0.984118981598185,8.08654,22.277596571787093,0.6003767052609515,0.8750727712300135,0.8926008565319475,0.9259224538250914
chat_preview,photo,kodak_01,768,512,512,341,2,64,32,4,3967,3967,1.0,7.885,22.33900072406258,0.6013112782325946,0.8753604462624742,0.892866429074421,0.926978185232744
chat_preview,photo,kodak_01,768,512,512,341,2,64,64,0,2416,9624,0.2510390689941812,7.40296,20.351859802708347,0.3605482356764953,0.7410351049484668,0.7498368839084896,0.8442785792095526
chat_preview,photo,kodak_01,768,512,512,341,2,64,64,1,4792,9624,0.4979218620116376,7.79533,21.74227801415475,0.5523084458292095,0.8645442753614093,0.8737506393720417,0.9114542455602661
chat_preview,photo,kodak_01,768,512,512,341,2,64,64,2,8178,9624,0.8497506234413965,8.03304,23.90309708869646,0.7310753157371314,0.9366091849746224,0.9467414286347644,0.9573650120989595
chat_preview,photo,kodak_01,768,512,512,341,2,64,64,3,9624,9624,1.0,8.71946,25.012865280159176,0.7803399547942288,0.9472955892939104,0.9572988983432176,0.9672218376557241
chat_preview,photo,kodak_01,768,512,512,341,3,64,32,0,1109,4052,0.27369200394866733,7.28142,19.457121383774492,0.24700696639057004,0.6130508489510218,0.6168924093535259,0.7744954038813986
chat_preview,photo,kodak_01,768,512,512,341,3,64,32,1,1977,4052,0.4879072063178677,7.56808,20.258676068661174,0.3542078814918535,0.7323969181908655,0.7422394191088878,0.8403013556081886
chat_preview,photo,kodak_01,768,512,512,341,3,64,32,2,3058,4052,0.7546890424481737,7.53671,21.31450490152746,0.5128239984752696,0.8338054747529894,0.8494782851258056,0.8984888572115998
chat_preview,photo,kodak_01,768,512,512,341,3,64,32,3,3985,4052,0.9834649555774926,7.87433,22.29740245577105,0.604937670354181,0.8763713881820797,0.8940545368844096,0.9263880262645651
chat_preview,photo,kodak_01,768,512,512,341,3,64,32,4,4052,4052,1.0,7.85492,22.363153974362888,0.6059733713157205,0.8766730570386402,0.8943352691230531,0.927513883093305
chat_preview,photo,kodak_01,768,512,512,341,3,64,64,0,2416,9857,0.24510500152176118,7.32342,20.351859802708347,0.3605482356764953,0.7410351049484668,0.7498368839084896,0.8442785792095526
chat_preview,photo,kodak_01,768,512,512,341,3,64,64,1,4826,9857,0.4896012985695445,7.63246,21.744359775438813,0.5524042252607425,0.8644673898744597,0.8737377805247344,0.9114821695959142
chat_preview,photo,kodak_01,768,512,512,341,3,64,64,2,8336,9857,0.8456934158466065,8.05558,23.924456886852848,0.7334117312294821,0.9373336862585617,0.9474933868090674,0.9576481071846091
chat_preview,photo,kodak_01,768,512,512,341,3,64,64,3,9857,9857,1.0,8.82754,25.072020020141082,0.7843280224866241,0.9481861878046032,0.9582571545994282,0.9677163382817519
chat_preview,photo,kodak_01,768,512,512,341,4,64,32,0,1109,4106,0.2700925474914759,7.22608,19.457121383774492,0.24700696639057004,0.6130508489510218,0.6168924093535259,0.7744954038813986
chat_preview,photo,kodak_01,768,512,512,341,4,64,32,1,1977,4106,0.4814905017048222,7.29537,20.258676068661174,0.3542078814918535,0.7323969181908655,0.7422394191088878,0.8403013556081886
chat_preview,photo,kodak_01,768,512,512,341,4,64,32,2,3071,4106,0.7479298587433025,7.69725,21.31457595630198,0.5132708333381105,0.8339153494305966,0.8496201093085259,0.8984973416009793
chat_preview,photo,kodak_01,768,512,512,341,4,64,32,3,4036,4106,0.9829517778860205,7.69667,22.30452118807175,0.607733090317316,0.8770302771251656,0.8947854423608016,0.9265794652599298
chat_preview,photo,kodak_01,768,512,512,341,4,64,32,4,4106,4106,1.0,7.83971,22.379496810716365,0.6088384153168847,0.8773314829402795,0.8950601496763012,0.9278268745051916
chat_preview,photo,kodak_01,768,512,512,341,4,64,64,0,2416,9960,0.242570281124498,7.31267,20.351859802708347,0.3605482356764953,0.7410351049484668,0.7498368839084896,0.8442785792095526
chat_preview,photo,kodak_01,768,512,512,341,4,64,64,1,4826,9960,0.48453815261044175,7.74562,21.744359775438813,0.5524042252607425,0.8644673898744597,0.8737377805247344,0.9114821695959142
chat_preview,photo,kodak_01,768,512,512,341,4,64,64,2,8363,9960,0.8396586345381526,7.96783,23.927053540746552,0.7337116931622005,0.937343206039677,0.9475091470375736,0.9576582880039344
chat_preview,photo,kodak_01,768,512,512,341,4,64,64,3,9960,9960,1.0,8.73779,25.105136714723876,0.7866518658016072,0.9486619154149135,0.9587505279550985,0.9679858032366976
chat_preview,photo,kodak_01,768,512,512,341,5,64,32,0,1117,4136,0.27006769825918764,7.32133,19.46185317002683,0.2467650964546869,0.6137382551925924,0.616807500992731,0.7766983721212722
chat_preview,photo,kodak_01,768,512,512,341,5,64,32,1,2008,4136,0.48549323017408125,7.62367,20.25827722665435,0.35624684513478094,0.734093205544533,0.7437463044749684,0.8416886110150003
chat_preview,photo,kodak_01,768,512,512,341,5,64,32,2,3101,4136,0.7497582205029013,7.42054,21.316785223043233,0.5143005478322765,0.8351958160732217,0.8504924170561416,0.8995278280474814
chat_preview,photo,kodak_01,768,512,512,341,5,64,32,3,4066,4136,0.9830754352030948,7.82883,22.320983117824508,0.6085949471919556,0.8783091168143392,0.8955674615932132,0.9276606792082918
chat_preview,photo,kodak_01,768,512,512,341,5,64,32,4,4136,4136,1.0,8.25233,22.401449069015552,0.6097090583322459,0.8786163818786878,0.8958390513928566,0.9290242665643581
chat_preview,photo,kodak_01,768,512,512,341,5,64,64,0,2385,10024,0.23792897047086992,7.52425,20.357518252156307,0.3606014739495668,0.7420185087845558,0.7494945371032433,0.8454942719722721
chat_preview,photo,kodak_01,768,512,512,341,5,64,64,1,4890,10024,0.487829209896249,8.22213,21.75722260503884,0.5544604571414028,0.8658990923927915,0.874416115023095,0.9128106372839815
chat_preview,photo,kodak_01,768,512,512,341,5,64,64,2,8427,10024,0.840682362330407,8.18271,23.945514138451532,0.735253308215814,0.938638434441711,0.9481732447805409,0.9586111002417099
chat_preview,photo,kodak_01,768,512,512,341,5,64,64,3,10024,10024,1.0,8.73567,25.143813690162688,0.7881404509785163,0.949931192731773,0.9594288700023166,0.9689271593450695
chat_preview,photo,kodak_01,768,512,512,341,6,64,32,0,1117,4186,0.26684185379837555,7.25179,19.46185317002683,0.2467650964546869,0.6137382551925924,0.616807500992731,0.7766983721212722
chat_preview,photo,kodak_01,768,512,512,341,6,64,32,1,2009,4186,0.479933110367893,7.16308,20.259714777991093,0.35620881751621175,0.7342097988426453,0.7436168610016611,0.8418259481169085
chat_preview,photo,kodak_01,768,512,512,341,6,64,32,2,3106,4186,0.7419971333014811,7.34908,21.339805194545146,0.5139823749598625,0.8360008507541029,0.8508305217680103,0.9000690708527795
chat_preview,photo,kodak_01,768,512,512,341,6,64,32,3,4113,4186,0.982560917343526,7.811,22.36125388175183,0.6120691086755632,0.8801350385973845,0.8971366537733914,0.9284809508946982
chat_preview,photo,kodak_01,768,512,512,341,6,64,32,4,4186,4186,1.0,8.02337,22.436602687862262,0.6131973232708228,0.8804301655694644,0.8973985879642227,0.9296909508842254
chat_preview,photo,kodak_01,768,512,512,341,6,64,64,0,2385,10120,0.23567193675889328,7.61529,20.357518252156307,0.3606014739495668,0.7420185087845558,0.7494945371032433,0.8454942719722721
chat_preview,photo,kodak_01,768,512,512,341,6,64,64,1,4894,10120,0.483596837944664,8.10912,21.758408004278174,0.5544807657833173,0.8659223969956984,0.8743844781836282,0.9128204688123758
chat_preview,photo,kodak_01,768,512,512,341,6,64,64,2,8454,10120,0.8353754940711462,8.59529,23.973755918654398,0.7357578404822144,0.9391432026770644,0.9485114715355779,0.958850815467405
chat_preview,photo,kodak_01,768,512,512,341,6,64,64,3,10120,10120,1.0,8.71304,25.215627515692734,0.7908791523473068,0.9508564596522744,0.9602360481986921,0.9694534356525388
chat_preview,photo,kodak_01,768,512,512,341,7,64,32,0,1117,4206,0.2655729909652877,10.251,19.46185317002683,0.2467650964546869,0.6137382551925924,0.616807500992731,0.7766983721212722
chat_preview,photo,kodak_01,768,512,512,341,7,64,32,1,2009,4206,0.47765097479790775,7.73158,20.259714777991093,0.35620881751621175,0.7342097988426453,0.7436168610016611,0.8418259481169085
chat_preview,photo,kodak_01,768,512,512,341,7,64,32,2,3117,4206,0.7410841654778887,7.50929,21.33873906612324,0.5142575179442462,0.8359848160878082,0.8508312979223884,0.9000299836390975
chat_preview,photo,kodak_01,768,512,512,341,7,64,32,3,4129,4206,0.9816928197812649,7.75296,22.370744752172484,0.6124656833934886,0.8803360425606965,0.8973257371454352,0.9286194417092006
chat_preview,photo,kodak_01,768,512,512,341,7,64,32,4,4206,4206,1.0,7.94162,22.450111030995892,0.6136831721050854,0.8806443645150934,0.8976021914645417,0.9298830106665237
chat_preview,photo,kodak_01,768,512,512,341,7,64,64,0,2385,10152,0.2349290780141844,8.08462,20.357518252156307,0.3606014739495668,0.7420185087845558,0.7494945371032433,0.8454942719722721
chat_preview,photo,kodak_01,768,512,512,341,7,64,64,1,4894,10152,0.48207249802994484,15.638,21.758408004278174,0.5544807657833173,0.8659223969956984,0.8743844781836282,0.9128204688123758
chat_preview,photo,kodak_01,768,512,512,341,7,64,64,2,8486,10152,0.8358944050433412,8.10704,23.977275602370742,0.736199018886062,0.9392741421894132,0.948641680556014,0.9589066591730784
chat_preview,photo,kodak_01,768,512,512,341,7,64,64,3,10152,10152,1.0,9.385,25.23759660798325,0.7914089087707343,0.9509882427344519,0.9603464607194867,0.9695836636752471
chat_preview,photo,kodak_01,768,512,512,341,8,64,32,0,1117,4302,0.2596466759646676,7.52121,19.46185317002683,0.2467650964546869,0.6137382551925924,0.616807500992731,0.7766983721212722
chat_preview,photo,kodak_01,768,512,512,341,8,64,32,1,2015,4302,0.4683867968386797,7.92021,20.26046243591498,0.35616514939572635,0.7341438677910022,0.7437431879007886,0.8418297063960312
chat_preview,photo,kodak_01,768,512,512,341,8,64,32,2,3163,4302,0.7352394235239423,7.98621,21.341473109461468,0.518314187751595,0.8366655500594232,0.8518729293167722,0.8999068582547868
chat_preview,photo,kodak_01,768,512,512,341,8,64,32,3,4216,4302,0.9800092980009298,8.20433,22.39308158189589,0.6181088394643021,0.8813420015725945,0.8986786594624678,0.9289806597947446
chat_preview,photo,kodak_01,768,512,512,341,8,64,32,4,4302,4302,1.0,7.711,22.470842649060568,0.6195049544521963,0.8816628713668995,0.898959493342196,0.9301640126761233
chat_preview,photo,kodak_01,768,512,512,341,8,64,64,0,2385,10386,0.2296360485268631,7.77537,20.357518252156307,0.3606014739495668,0.7420185087845558,0.7494945371032433,0.8454942719722721
chat_preview,photo,kodak_01,768,512,512,341,8,64,64,1,4909,10386,0.47265549778548044,7.78496,21.759323704359723,0.5545169756702858,0.8659685815101321,0.8743879786329829,0.9128541882759643
chat_preview,photo,kodak_01,768,512,512,341,8,64,64,2,8638,10386,0.8316965145388022,8.22842,24.000685102117565,0.738899505766291,0.9400394587008156,0.949371331781305,0.9591050076539444
chat_preview,photo,kodak_01,768,512,512,341,8,64,64,3,10386,10386,1.0,8.72821,25.293039851119193,0.7956416004316624,0.9519586297338268,0.9613021075576068,0.9699098253617383
chat_preview,photo,kodak_01,768,512,512,341,9,64,32,0,1133,4334,0.2614213197969543,7.52042,19.46185317002683,0.2467650964546869,0.6137382551925924,0.616807500992731,0.7766983721212722
chat_preview,photo,kodak_01,768,512,512,341,9,64,32,1,2031,4334,0.4686202122750346,7.4015,20.26046243591498,0.35616514939572635,0.7341438677910022,0.7437431879007886,0.8418297063960312
chat_preview,photo,kodak_01,768,512,512,341,9,64,32,2,3189,4334,0.7358098754037841,7.56408,21.34185839646879,0.5183355625843079,0.8366989956609432,0.8518735927202233,0.8999310029579933
chat_preview,photo,kodak_01,768,512,512,341,9,64,32,3,4244,4334,0.9792339640055376,7.79358,22.408897694519105,0.6182715168869751,0.8816112665940903,0.8988397207195883,0.9292139423287774
chat_preview,photo,kodak_01,768,512,512,341,9,64,32,4,4334,4334,1.0,7.90608,22.489620800460536,0.6198149401297465,0.8819654151726266,0.8991581861885585,0.9304524660514646
chat_preview,photo,kodak_01,768,512,512,341,9,64,64,0,2385,10386,0.2296360485268631,7.53725,20.357518252156307,0.3606014739495668,0.7420185087845558,0.7494945371032433,0.8454942719722721
chat_preview,photo,kodak_01,768,512,512,341,9,64,64,1,4909,10386,0.47265549778548044,7.86775,21.759323704359723,0.5545169756702858,0.8659685815101321,0.8743879786329829,0.9128541882759643
chat_preview,photo,kodak_01,768,512,512,341,9,64,64,2,8638,10386,0.8316965145388022,7.98533,24.000685102117565,0.738899505766291,0.9400394587008156,0.949371331781305,0.9591050076539444
chat_preview,photo,kodak_01,768,512,512,341,9,64,64,3,10386,10386,1.0,8.72154,25.31438135088703,0.7958679265690125,0.952012767577766,0.9613367604178582,0.9700024690606324
chat_preview,photo,kodak_01,768,512,512,341,10,64,32,0,1133,4396,0.25773430391264784,7.30083,19.46185317002683,0.2467650964546869,0.6137382551925924,0.616807500992731,0.7766983721212722
chat_preview,photo,kodak_01,768,512,512,341,10,64,32,1,2040,4396,0.4640582347588717,7.46979,20.26317909128144,0.35648546591929403,0.73457996644025,0.7441312944289453,0.8421115610064871
chat_preview,photo,kodak_01,768,512,512,341,10,64,32,2,3214,4396,0.7311191992720655,7.52562,21.34245356144167,0.5189106765754817,0.8367430269201007,0.8519091049259304,0.8999945001385765
chat_preview,photo,kodak_01,768,512,512,341,10,64,32,3,4306,4396,0.9795268425841674,7.75992,22.425897571081567,0.6214478054653519,0.8823168107119379,0.8996148681318411,0.9296291019548203
chat_preview,photo,kodak_01,768,512,512,341,10,64,32,4,4396,4396,1.0,7.89254,22.50676091946454,0.6229985673283409,0.8826891593306471,0.8999510299628024,0.9308551961289739
chat_preview,photo,kodak_01,768,512,512,341,10,64,64,0,2385,10540,0.226280834914611,7.51758,20.357518252156307,0.3606014739495668,0.7420185087845558,0.7494945371032433,0.8454942719722721
chat_preview,photo,kodak_01,768,512,512,341,10,64,64,1,4939,10540,0.46859582542694495,7.78304,21.760018891259843,0.5550519319385908,0.8661052707580686,0.8745356464137045,0.9129025710487432
chat_preview,photo,kodak_01,768,512,512,341,10,64,64,2,8705,10540,0.8259013282732448,7.90375,24.00327748790673,0.7396230206772844,0.9402197919026639,0.9495670743719641,0.959152883791417
chat_preview,photo,kodak_01,768,512,512,341,10,64,64,3,10540,10540,1.0,8.69096,25.349638565831512,0.7985894956011824,0.9525234418352552,0.9619337467600395,0.9702363241049295
chat_preview,photo,kodak_01,768,512,512,341,11,64,32,0,1150,4431,0.2595350936583164,7.37075,19.46724426843327,0.24693094197655938,0.6137851097155235,0.6164621060873593,0.7768195498454787
chat_preview,photo,kodak_01,768,512,512,341,11,64,32,1,2069,4431,0.46693748589483186,7.99021,20.288817933221843,0.35602899954676803,0.7351255492974094,0.7430252327665047,0.843091607996703
chat_preview,photo,kodak_01,768,512,512,341,11,64,32,2,3246,4431,0.7325660121868652,8.155,21.37982109845302,0.5187151642947739,0.8378497205656342,0.8512774097117842,0.900889240747611
chat_preview,photo,kodak_01,768,512,512,341,11,64,32,3,4340,4431,0.9794628751974723,7.72487,22.491507861913675,0.6222391990059828,0.884144688529832,0.8997627683398649,0.9309489785291021
chat_preview,photo,kodak_01,768,512,512,341,11,64,32,4,4431,4431,1.0,8.56137,22.574839343621036,0.623839561623032,0.8845171643931752,0.9001060962001431,0.9321589471429177
chat_preview,photo,kodak_01,768,512,512,341,11,64,64,0,2396,10607,0.2258885641557462,9.00346,20.363263398167785,0.3606922189887733,0.742493216598726,0.7493532980974689,0.8461158470934578
chat_preview,photo,kodak_01,768,512,512,341,11,64,64,1,4985,10607,0.46997265956443857,8.62792,21.784094546356645,0.5545699566456058,0.8669999716079868,0.8746548148114007,0.9138317888884966
chat_preview,photo,kodak_01,768,512,512,341,11,64,64,2,8772,10607,0.827001037051004,8.102,24.059096925310882,0.7404657731373713,0.9414773507946249,0.9500951128656152,0.960044520619992
chat_preview,photo,kodak_01,768,512,512,341,11,64,64,3,10607,10607,1.0,8.96363,25.449600560348756,0.8000600215667317,0.9538929959223889,0.9625604315389301,0.9712694513239025
chat_preview,photo,kodak_01,768,512,512,341,12,64,32,0,1150,4487,0.2562959661243593,7.53354,19.46724426843327,0.24693094197655938,0.6137851097155235,0.6164621060873593,0.7768195498454787
chat_preview,photo,kodak_01,768,512,512,341,12,64,32,1,2069,4487,0.4611098729663472,7.43837,20.288817933221843,0.35602899954676803,0.7351255492974094,0.7430252327665047,0.843091607996703
chat_preview,photo,kodak_01,768,512,512,341,12,64,32,2,3246,4487,0.7234232226431915,7.60221,21.379756046227012,0.5187152973276473,0.8378497893624806,0.8512779544318023,0.900887938250618
chat_preview,photo,kodak_01,768,512,512,341,12,64,32,3,4389,4487,0.9781591263650546,8.15075,22.501085222851366,0.6257009283747368,0.8851169199947669,0.9007642496539043,0.9312669286204736
chat_preview,photo,kodak_01,768,512,512,341,12,64,32,4,4487,4487,1.0,8.05183,22.58946150335911,0.6275085219846189,0.8855473151585672,0.9011674052804599,0.9325328696876903
chat_preview,photo,kodak_01,768,512,512,341,12,64,64,0,2396,10696,0.22400897531787584,7.45725,20.363263398167785,0.3606922189887733,0.742493216598726,0.7493532980974689,0.8461158470934578
chat_preview,photo,kodak_01,768,512,512,341,12,64,64,1,4985,10696,0.4660620792819746,7.65679,21.784094546356645,0.5545699566456058,0.8669999716079868,0.8746548148114007,0.9138317888884966
chat_preview,photo,kodak_01,768,512,512,341,12,64,64,2,8772,10696,0.8201196709050113,8.01163,24.059096925310882,0.7404657731373713,0.9414773507946249,0.9500951128656152,0.960044520619992
chat_preview,photo,kodak_01,768,512,512,341,12,64,64,3,10696,10696,1.0,8.75958,25.4863778699889,0.8022934134750729,0.9542961287208686,0.9629688668296679,0.9715554312490321
chat_preview,photo,kodak_01,768,512,512,341,13,64,32,0,1150,4546,0.25296964364276286,7.45837,19.46724426843327,0.24693094197655938,0.6137851097155235,0.6164621060873593,0.7768195498454787
chat_preview,photo,kodak_01,768,512,512,341,13,64,32,1,2080,4546,0.45754509458864934,7.80262,20.290795283876747,0.355867282038744,0.7351371523204993,0.7430531476479414,0.8430725210192055
chat_preview,photo,kodak_01,768,512,512,341,13,64,32,2,3300,4546,0.7259128904531457,7.60208,21.39103472130917,0.5220615561579446,0.8395034674523986,0.8531228671868595,0.9012138001534609
chat_preview,photo,kodak_01,768,512,512,341,13,64,32,3,4447,4546,0.9782226132864056,8.32888,22.52873719851754,0.6285206604471528,0.8865563533716408,0.9023113128809918,0.9315575593016661
chat_preview,photo,kodak_01,768,512,512,341,13,64,32,4,4546,4546,1.0,7.80596,22.619130799156963,0.6303458634578583,0.886987975495421,0.9027188482514813,0.9328412386748387
chat_preview,photo,kodak_01,768,512,512,341,13,64,64,0,2396,10903,0.21975603045033476,7.67196,20.363263398167785,0.3606922189887733,0.742493216598726,0.7493532980974689,0.8461158470934578
chat_preview,photo,kodak_01,768,512,512,341,13,64,64,1,5007,10903,0.4592314042006787,7.84087,21.787477966235315,0.5544363133141453,0.8670124631185568,0.8745997474531158,0.913883969124468
chat_preview,photo,kodak_01,768,512,512,341,13,64,64,2,8978,10903,0.8234430890580574,8.42046,24.084375269956,0.743463024998142,0.9421402502388285,0.9506353700901965,0.9603002072382584
chat_preview,photo,kodak_01,768,512,512,341,13,64,64,3,10903,10903,1.0,8.62271,25.5413174895174,0.8050000181559742,0.9548641771690328,0.9633817979211498,0.9718213158410237
chat_preview,photo,kodak_01,768,512,512,341,14,64,32,0,1150,4589,0.25059925909784264,7.25237,19.46724426843327,0.24693094197655938,0.6137851097155235,0.6164621060873593,0.7768195498454787
chat_preview,photo,kodak_01,768,512,512,341,14,64,32,1,2080,4589,0.45325779036827196,7.50167,20.290795283876747,0.355867282038744,0.7351371523204993,0.7430531476479414,0.8430725210192055
chat_preview,photo,kodak_01,768,512,512,341,14,64,32,2,3300,4589,0.7191109174112007,7.28596,21.39211838763738,0.5220254633532853,0.8394901817281362,0.8530929214758127,0.901244756596549
chat_preview,photo,kodak_01,768,512,512,341,14,64,32,3,4490,4589,0.978426672477664,7.83621,22.549156937287385,0.6313496304996383,0.8874333556523709,0.9032404283664343,0.9319280636706255
chat_preview,photo,kodak_01,768,512,512,341,14,64,32,4,4589,4589,1.0,7.90396,22.640529788988502,0.6331729812627236,0.8878567719420708,0.9036353857827918,0.9332111002057379
chat_preview,photo,kodak_01,768,512,512,341,14,64,64,0,2396,11001,0.21779838196527587,7.13675,20.363263398167785,0.3606922189887733,0.742493216598726,0.7493532980974689,0.8461158470934578
chat_preview,photo,kodak_01,768,512,512,341,14,64,64,1,5007,11001,0.45514044177802016,7.54746,21.787477966235315,0.5544363133141453,0.8670124631185568,0.8745997474531158,0.913883969124468
chat_preview,photo,kodak_01,768,512,512,341,14,64,64,2,8978,11001,0.8161076265794018,8.03108,24.089146026498124,0.7435650438937182,0.9422235254360206,0.9506995237067954,0.9603542936531715
chat_preview,photo,kodak_01,768,512,512,341,14,64,64,3,11001,11001,1.0,8.91929,25.590771038636234,0.8074740656440785,0.9553320067509556,0.9638739913923352,0.9723480251078337
chat_preview,photo,kodak_01,768,512,512,341,15,64,32,0,1150,4608,0.2495659722222222,7.34321,19.46724426843327,0.24693094197655938,0.6137851097155235,0.6164621060873593,0.7768195498454787
chat_preview,photo,kodak_01,768,512,512,341,15,64,32,1,2080,4608,0.4513888888888889,7.36717,20.29178238083871,0.3559482879936026,0.7353127288565732,0.7430574514088175,0.8431755320703723
chat_preview,photo,kodak_01,768,512,512,341,15,64,32,2,3312,4608,0.71875,9.99371,21.391512302257855,0.5223665078084613,0.8395946273785073,0.8530781076992764,0.9012486662290117
chat_preview,photo,kodak_01,768,512,512,341,15,64,32,3,4505,4608,0.9776475694444444,8.0015,22.559744674664127,0.6316725590728409,0.8876677561430987,0.9033229143026611,0.9321010615082452
chat_preview,photo,kodak_01,768,512,512,341,15,64,32,4,4608,4608,1.0,8.47808,22.655105675816486,0.6336738417656894,0.8881214434067779,0.9037465090997793,0.9334354575641106
chat_preview,photo,kodak_01,768,512,512,341,15,64,64,0,2396,11031,0.2172060556613181,7.66833,20.363263398167785,0.3606922189887733,0.742493216598726,0.7493532980974689,0.8461158470934578
chat_preview,photo,kodak_01,768,512,512,341,15,64,64,1,5007,11031,0.4539026380201251,7.76262,21.788607667833574,0.5546145563972866,0.8671350918305109,0.8746384188191526,0.9139531281616532
chat_preview,photo,kodak_01,768,512,512,341,15,64,64,2,9003,11031,0.8161544737557792,8.51579,24.09295426837093,0.7439876716087825,0.9424073903092927,0.9508567319075649,0.9604234345936159
chat_preview,photo,kodak_01,768,512,512,341,15,64,64,3,11031,11031,1.0,11.5851,25.620148850052793,0.8080954742621173,0.9555107522713383,0.9640182280559204,0.9725156125825487
chat_preview,photo,kodak_01,768,512,512,341,16,64,32,0,1150,4658,0.24688707599828252,9.39971,19.46724426843327,0.24693094197655938,0.6137851097155235,0.6164621060873593,0.7768195498454787
chat_preview,photo,kodak_01,768,512,512,341,16,64,32,1,2080,4658,0.44654358093602403,7.96308,20.29178238083871,0.3559482879936026,0.7353127288565732,0.7430574514088175,0.8431755320703723
chat_preview,photo,kodak_01,768,512,512,341,16,64,32,2,3317,4658,0.7121082009446115,7.16358,21.410325130233616,0.521866197586167,0.8401325050660544,0.8533426447819166,0.9016949768586306
chat_preview,photo,kodak_01,768,512,512,341,16,64,32,3,4552,4658,0.9772434521253757,7.70029,22.597775133726252,0.6353954807628686,0.8896835854453102,0.9051719641482996,0.9328176417124373
chat_preview,photo,kodak_01,768,512,512,341,16,64,32,4,4658,4658,1.0,7.78808,22.696298333147993,0.6374204739368982,0.8901364808925308,0.9055934814317944,0.9341822928098589
chat_preview,photo,kodak_01,768,512,512,341,16,64,64,0,2396,11163,0.21463764221087522,7.72633,20.363263398167785,0.3606922189887733,0.742493216598726,0.7493532980974689,0.8461158470934578
chat_preview,photo,kodak_01,768,512,512,341,16,64,64,1,5007,11163,0.4485353399623757,8.62725,21.788607667833574,0.5546145563972866,0.8671350918305109,0.8746384188191526,0.9139531281616532
chat_preview,photo,kodak_01,768,512,512,341,16,64,64,2,9024,11163,0.8083848427841978,8.32221,24.115712234824322,0.7440598136852209,0.9426743962298731,0.9510113566756625,0.9606273915574978
chat_preview,photo,kodak_01,768,512,512,341,16,64,64,3,11163,11163,1.0,9.334,25.70155689832366,0.8111982287658006,0.9564199553051899,0.9648037571771632,0.9733793366473973
chat_preview,photo,kodak_01,768,512,512,341,17,64,32,0,1179,4745,0.24847207586933615,7.41692,19.48627334001349,0.24729397706141398,0.614505208328294,0.6168494422114095,0.7783852964066703
chat_preview,photo,kodak_01,768,512,512,341,17,64,32,1,2152,4745,0.4535300316122234,8.08771,20.311335087535277,0.3583347620416457,0.7377958519731064,0.7457101710912274,0.8447772413632001
chat_preview,photo,kodak_01,768,512,512,341,17,64,32,2,3391,4745,0.7146469968387776,7.478,21.44536033982149,0.5233040836130419,0.8418239894443738,0.8551688965554599,0.9031224684176298
chat_preview,photo,kodak_01,768,512,512,341,17,64,32,3,4628,4745,0.9753424657534246,7.79883,22.64784435683746,0.6366292146486113,0.8911696847456914,0.9066693770648735,0.9340305098488617
chat_preview,photo,kodak_01,768,512,512,341,17,64,32,4,4745,4745,1.0,8.08954,22.75337084138593,0.6392068223334352,0.8917660523707621,0.9072295740548597,0.9354999131704052
chat_preview,photo,kodak_01,768,512,512,341,17,64,64,0,2538,11420,0.2222416812609457,7.41608,20.388102011866152,0.36113997920864627,0.7434499714638646,0.7496938573887476,0.8472035465299803
chat_preview,photo,kodak_01,768,512,512,341,17,64,64,1,5262,11420,0.4607705779334501,7.69496,21.824306633672,0.5570992817135084,0.8686810093772129,0.8758995256738894,0.9155698486846804
chat_preview,photo,kodak_01,768,512,512,341,17,64,64,2,9279,11420,0.8125218914185639,8.17225,24.164210432747588,0.745656446451361,0.943882973842627,0.951918205875533,0.9617642673858547
chat_preview,photo,kodak_01,768,512,512,341,17,64,64,3,11420,11420,1.0,8.77483,25.796916337183458,0.8129167883247445,0.9576433139411717,0.9656795713795002,0.9742894266802447
chat_preview,photo,kodak_01,768,512,512,341,18,64,32,0,1179,4874,0.24189577349199837,7.33767,19.48627334001349,0.24729397706141398,0.614505208328294,0.6168494422114095,0.7783852964066703
chat_preview,photo,kodak_01,768,512,512,341,18,64,32,1,2168,4874,0.44480919162905214,7.65462,20.312814951448146,0.3584776603461113,0.7379363678823241,0.7459043125746615,0.8448355928580414
chat_preview,photo,kodak_01,768,512,512,341,18,64,32,2,3471,4874,0.7121460812474354,7.73971,21.454837996907877,0.5274737869042565,0.8437383611383439,0.8570246383625092,0.903393751228948
chat_preview,photo,kodak_01,768,512,512,341,18,64,32,3,4755,4874,0.9755847353303242,8.0845,22.682203826795494,0.6424762375213956,0.893567425266801,0.9091186437906862,0.934825609284599
chat_preview,photo,kodak_01,768,512,512,341,18,64,32,4,4874,4874,1.0,8.47612,22.78917001915497,0.6450928489599618,0.8941809958725541,0.9096980265111652,0.9363130703369156
chat_preview,photo,kodak_01,768,512,512,341,18,64,64,0,2538,11731,0.2163498422981843,7.48542,20.388102011866152,0.36113997920864627,0.7434499714638646,0.7496938573887476,0.8472035465299803
chat_preview,photo,kodak_01,768,512,512,341,18,64,64,1,5274,11731,0.4495780410877163,8.14687,21.82685880749259,0.5572015175150281,0.8687518217908289,0.8759439735045125,0.9156477646931184
chat_preview,photo,kodak_01,768,512,512,341,18,64,64,2,9487,11731,0.808711959764726,8.81917,24.18696990870938,0.7484322017027694,0.9446730468132537,0.9526574691529552,0.9620005630951998
chat_preview,photo,kodak_01,768,512,512,341,18,64,64,3,11731,11731,1.0,8.87421,25.85647679907681,0.8177235536346023,0.958625964740705,0.9667084541934702,0.9746840685685995
chat_preview,photo,kodak_01,768,512,512,341,19,64,32,0,1179,4890,0.2411042944785276,7.13117,19.48627334001349,0.24729397706141398,0.614505208328294,0.6168494422114095,0.7783852964066703
chat_preview,photo,kodak_01,768,512,512,341,19,64,32,1,2168,4890,0.4433537832310838,7.4275,20.312814951448146,0.3584776603461113,0.7379363678823241,0.7459043125746615,0.8448355928580414
chat_preview,photo,kodak_01,768,512,512,341,19,64,32,2,3471,4890,0.7098159509202454,8.00892,21.454880974444066,0.5274817214956179,0.8437392083554069,0.8570245879029955,0.9033922381519197
chat_preview,photo,kodak_01,768,512,512,341,19,64,32,3,4760,4890,0.9734151329243353,8.00371,22.68171844894772,0.6425029414470016,0.8935757744286831,0.9091255605813848,0.9347777121411797
chat_preview,photo,kodak_01,768,512,512,341,19,64,32,4,4890,4890,1.0,8.55879,22.794651649319277,0.6455629163735178,0.8942759035498771,0.9097921878094275,0.936346121914549
chat_preview,photo,kodak_01,768,512,512,341,19,64,64,0,2538,11731,0.2163498422981843,7.44696,20.388102011866152,0.36113997920864627,0.7434499714638646,0.7496938573887476,0.8472035465299803
chat_preview,photo,kodak_01,768,512,512,341,19,64,64,1,5274,11731,0.4495780410877163,4.44692,21.82685880749259,0.5572015175150281,0.8687518217908289,0.8759439735045125,0.9156477646931184
chat_preview,photo,kodak_01,768,512,512,341,19,64,64,2,9487,11731,0.808711959764726,4.78325,24.18696990870938,0.7484322017027694,0.9446730468132537,0.9526574691529552,0.9620005630951998
chat_preview,photo,kodak_01,768,512,512,341,19,64,64,3,11731,11731,1.0,4.85821,25.85649364523979,0.8177235791580166,0.958625789352132,0.9667083124396643,0.9746840058833937
chat_preview,photo,kodak_01,768,512,512,341,20,64,32,0,1179,4918,0.23973159821065473,4.19029,19.48627334001349,0.24729397706141398,0.614505208328294,0.6168494422114095,0.7783852964066703
chat_preview,photo,kodak_01,768,512,512,341,20,64,32,1,2169,4918,0.4410329402196015,4.23454,20.315534602069327,0.3585262770357542,0.7380611223723527,0.7457765662093323,0.8450255496383418
chat_preview,photo,kodak_01,768,512,512,341,20,64,32,2,3474,4918,0.7063847092313948,4.33267,21.4591604288363,0.5277050879721265,0.8439964822342648,0.8570860962068736,0.9036371214398385
chat_preview,photo,kodak_01,768,512,512,341,20,64,32,3,4775,4918,0.9709231394875966,4.517,22.70150006674799,0.6430451776742584,0.8941256230466044,0.9094762793805167,0.9352400518724557
chat_preview,photo,kodak_01,768,512,512,341,20,64,32,4,4918,4918,1.0,4.54275,22.827258548911736,0.6467538030913689,0.8950501082351288,0.9103698577151558,0.9370057135357263
chat_preview,photo,kodak_01,768,512,512,341,20,64,64,0,2538,11743,0.21612875755769395,4.27571,20.388102011866152,0.36113997920864627,0.7434499714638646,0.7496938573887476,0.8472035465299803
chat_preview,photo,kodak_01,768,512,512,341,20,64,64,1,5282,11743,0.4497998807800392,4.42062,21.827188781457323,0.5571528526730803,0.8687272512434867,0.8758791832782186,0.9156147383048019
chat_preview,photo,kodak_01,768,512,512,341,20,64,64,2,9497,11743,0.8087371199863749,4.54046,24.191965615171064,0.7485990568108577,0.9447405018532967,0.9526958900234417,0.9620346787109607
chat_preview,photo,kodak_01,768,512,512,341,20,64,64,3,11743,11743,1.0,4.81683,25.89542383045799,0.8182565019851622,0.9587519118872767,0.9667751575032115,0.9748527574202285
chat_preview,photo,kodak_01,768,512,512,341,21,64,32,0,1179,4990,0.23627254509018036,4.21096,19.48627334001349,0.24729397706141398,0.614505208328294,0.6168494422114095,0.7783852964066703
chat_preview,photo,kodak_01,768,512,512,341,21,64,32,1,2169,4990,0.4346693386773547,4.28463,20.315534602069327,0.3585262770357542,0.7380611223723527,0.7457765662093323,0.8450255496383418
chat_preview,photo,kodak_01,768,512,512,341,21,64,32,2,3499,4990,0.7012024048096193,4.45446,21.47459376775211,0.5275171327143243,0.8446121949154315,0.8573878853700594,0.9040265274522303
chat_preview,photo,kodak_01,768,512,512,341,21,64,32,3,4843,4990,0.9705410821643287,4.54758,22.732963000309482,0.6456343334228377,0.8952810840115865,0.9104695675315782,0.9359134662346297
chat_preview,photo,kodak_01,768,512,512,341,21,64,32,4,4990,4990,1.0,4.50896,22.861064497757866,0.6495080258191709,0.8962267989490846,0.9113895196890677,0.9376947844499381
chat_preview,photo,kodak_01,768,512,512,341,21,64,64,0,2554,11924,0.214189869171419,4.29142,20.388102011866152,0.36113997920864627,0.7434499714638646,0.7496938573887476,0.8472035465299803
chat_preview,photo,kodak_01,768,512,512,341,21,64,64,1,5298,11924,0.4443139885944314,4.35608,21.827188781457323,0.5571528526730803,0.8687272512434867,0.8758791832782186,0.9156147383048019
chat_preview,photo,kodak_01,768,512,512,341,21,64,64,2,9580,11924,0.8034216705803422,4.63887,24.21764943422229,0.7491034872117556,0.9451517600598232,0.9530132696199065,0.9623019763574342
chat_preview,photo,kodak_01,768,512,512,341,21,64,64,3,11924,11924,1.0,5.01392,25.968624135939717,0.82141522084153,0.95957976721796,0.9675021234345652,0.9751381129430429
chat_preview,photo,kodak_01,768,512,512,341,22,64,32,0,1179,4999,0.23584716943388678,4.20483,19.48627334001349,0.24729397706141398,0.614505208328294,0.6168494422114095,0.7783852964066703
chat_preview,photo,kodak_01,768,512,512,341,22,64,32,1,2169,4999,0.4338867773554711,4.27454,20.315534602069327,0.3585262770357542,0.7380611223723527,0.7457765662093323,0.8450255496383418
chat_preview,photo,kodak_01,768,512,512,341,22,64,32,2,3499,4999,0.6999399879975995,4.28642,21.47642827599476,0.527516960928832,0.8446483880890104,0.8574084742627807,0.9040584149775394
chat_preview,photo,kodak_01,768,512,512,341,22,64,32,3,4845,4999,0.9691938387677536,4.62621,22.75242479101565,0.6458464083280568,0.8956359325598191,0.910705967221884,0.9361517178770762
chat_preview,photo,kodak_01,768,512,512,341,22,64,32,4,4999,4999,1.0,4.3965,22.889250794256967,0.6500391572778127,0.8966480789430928,0.9116884267377665,0.9380403180316953
chat_preview,photo,kodak_01,768,512,512,341,22,64,64,0,2554,11929,0.21410009221225584,4.3425,20.388102011866152,0.36113997920864627,0.7434499714638646,0.7496938573887476,0.8472035465299803
chat_preview,photo,kodak_01,768,512,512,341,22,64,64,1,5298,11929,0.44412775588901,4.50342,21.827188781457323,0.5571528526730803,0.8687272512434867,0.8758791832782186,0.9156147383048019
chat_preview,photo,kodak_01,768,512,512,341,22,64,64,2,9584,11929,0.8034202363986923,4.93167,24.222328637671417,0.7492335605551648,0.9452196003615718,0.953070835307074,0.9623403383775803
chat_preview,photo,kodak_01,768,512,512,341,22,64,64,3,11929,11929,1.0,5.28642,26.008865556069335,0.8219446625709637,0.9597343998257588,0.9676185491535524,0.9752993071903243
chat_preview,photo,kodak_01,768,512,512,341,23,64,32,0,1189,5148,0.23096348096348096,4.29567,19.48807860432113,0.24728623869285174,0.6154068337577008,0.6166914821556443,0.778581747951769
chat_preview,photo,kodak_01,768,512,512,341,23,64,32,1,2206,5148,0.4285159285159285,4.20871,20.321852181464276,0.35789664326409804,0.7380047767467293,0.7452084067044641,0.8447642970555829
chat_preview,photo,kodak_01,768,512,512,341,23,64,32,2,3584,5148,0.6961926961926962,4.38875,21.49040534539087,0.5304039008367397,0.8463943792636784,0.8588968916173463,0.9042348318740602
chat_preview,photo,kodak_01,768,512,512,341,23,64,32,3,4991,5148,0.9695027195027195,4.61696,22.794788131406882,0.6512725604395393,0.8976327016361273,0.912598024808545,0.9366446113366858
chat_preview,photo,kodak_01,768,512,512,341,23,64,32,4,5148,5148,1.0,5.47975,22.937819172921827,0.6556711044897411,0.8986990681925723,0.9136274682727932,0.938579862907007
chat_preview,photo,kodak_01,768,512,512,341,23,64,64,0,2583,12341,0.20930232558139536,4.41279,20.39190605537663,0.36163365841125744,0.7437636994002604,0.7497054471455195,0.8475698094178286
chat_preview,photo,kodak_01,768,512,512,341,23,64,64,1,5412,12341,0.43853820598006643,4.67829,21.839937192389627,0.556873719111659,0.8688644839765689,0.8756125739095459,0.915611405414124
chat_preview,photo,kodak_01,768,512,512,341,23,64,64,2,9865,12341,0.7993679604570132,4.86762,24.270380891814803,0.751975472312421,0.9465555877624122,0.9538647646941704,0.9629222897641696
chat_preview,photo,kodak_01,768,512,512,341,23,64,64,3,12341,12341,1.0,5.21892,26.129521398951834,0.8268118128829806,0.9613792253327582,0.9687295919363479,0.9763917334625508
chat_preview,photo,kodak_01,768,512,512,341,24,64,32,0,1189,5163,0.2302924656207631,4.39829,19.48807860432113,0.24728623869285174,0.6154068337577008,0.6166914821556443,0.778581747951769
chat_preview,photo,kodak_01,768,512,512,341,24,64,32,1,2206,5163,0.4272709664923494,4.24946,20.321852181464276,0.35789664326409804,0.7380047767467293,0.7452084067044641,0.8447642970555829
chat_preview,photo,kodak_01,768,512,512,341,24,64,32,2,3595,5163,0.6963006004261089,4.53762,21.490204278161023,0.5308435262856642,0.8464970399889918,0.8590334830444257,0.9042079120102101
chat_preview,photo,kodak_01,768,512,512,341,24,64,32,3,5003,5163,0.969010265349603,4.56821,22.8081728329143,0.6517023129649132,0.8978820098049521,0.912800793436615,0.9367835309702393
chat_preview,photo,kodak_01,768,512,512,341,24,64,32,4,5163,5163,1.0,4.59179,22.955637868707797,0.6562810662659887,0.8989791183455504,0.913863732780959,0.9387671743069923
chat_preview,photo,kodak_01,768,512,512,341,24,64,64,0,2583,12383,0.20859242509892595,4.31513,20.39190605537663,0.36163365841125744,0.7437636994002604,0.7497054471455195,0.8475698094178286
chat_preview,photo,kodak_01,768,512,512,341,24,64,64,1,5412,12383,0.4370507954453687,4.343,21.839937192389627,0.556873719111659,0.8688644839765689,0.8756125739095459,0.915611405414124
chat_preview,photo,kodak_01,768,512,512,341,24,64,64,2,9903,12383,0.7997254300250343,5.37717,24.272449854309986,0.7522578015345709,0.9466252023904712,0.9539352473072822,0.9629398121822001
chat_preview,photo,kodak_01,768,512,512,341,24,64,64,3,12383,12383,1.0,5.06579,26.16907161027882,0.8274032897046828,0.9615066148672416,0.9688302111830636,0.9765464039750575
chat_preview,photo,kodak_01,768,512,512,341,25,64,32,0,1189,5224,0.22760336906584994,4.47767,19.48807860432113,0.24728623869285174,0.6154068337577008,0.6166914821556443,0.778581747951769
chat_preview,photo,kodak_01,768,512,512,341,25,64,32,1,2207,5224,0.42247320061255744,4.46925,20.322875523845507,0.35808197573255135,0.7382003114799714,0.7451933400668626,0.8448880508720074
chat_preview,photo,kodak_01,768,512,512,341,25,64,32,2,3598,5224,0.6887442572741195,4.44992,21.4941109042666,0.531029579279597,0.8467237080494008,0.8590914928461982,0.9043110603546857
chat_preview,photo,kodak_01,768,512,512,341,25,64,32,3,5052,5224,0.9670750382848392,4.43325,22.821003265396527,0.6537272403389425,0.8983695245349494,0.9131649556518636,0.9369690642459447
chat_preview,photo,kodak_01,768,512,512,341,25,64,32,4,5224,5224,1.0,4.50958,22.97537498594955,0.6584985844647794,0.8995118955264215,0.9142758894779167,0.9390600058402616
chat_preview,photo,kodak_01,768,512,512,341,25,64,64,0,2599,12534,0.20735599170256902,4.63413,20.39190605537663,0.36163365841125744,0.7437636994002604,0.7497054471455195,0.8475698094178286
chat_preview,photo,kodak_01,768,512,512,341,25,64,64,1,5428,12534,0.4330620711664273,4.688,21.84038765250031,0.5569841668589924,0.8689136815339275,0.8756159847500529,0.915647782695915
chat_preview,photo,kodak_01,768,512,512,341,25,64,64,2,9930,12534,0.7922450933460986,4.92196,24.279057724118797,0.7525523774196287,0.9467609556349453,0.9540338809326991,0.9630056890668642
chat_preview,photo,kodak_01,768,512,512,341,25,64,64,3,12534,12534,1.0,5.17183,26.220303746817734,0.8301694575219232,0.9620304999811662,0.9693305562905417,0.9768793656350669
chat_preview,photo,kodak_01,768,512,512,341,26,64,32,0,1189,5239,0.2269517083412865,4.33688,19.48807860432113,0.24728623869285174,0.6154068337577008,0.6166914821556443,0.778581747951769
chat_preview,photo,kodak_01,768,512,512,341,26,64,32,1,2207,5239,0.42126359992364953,4.10721,20.322875523845507,0.35808197573255135,0.7382003114799714,0.7451933400668626,0.8448880508720074
chat_preview,photo,kodak_01,768,512,512,341,26,64,32,2,3604,5239,0.6879175415155564,4.47908,21.499302430143025,0.5302235750791991,0.8469586753858067,0.8589392449201799,0.9041862622125814
chat_preview,photo,kodak_01,768,512,512,341,26,64,32,3,5061,5239,0.966024050391296,4.60204,22.855085691047368,0.6535672452093977,0.8991528516826648,0.9134872631703307,0.9373946371179865
chat_preview,photo,kodak_01,768,512,512,341,26,64,32,4,5239,5239,1.0,4.68242,23.016628399621183,0.6586289588458388,0.9003507329533447,0.9146569063251542,0.9395834099039513
chat_preview,photo,kodak_01,768,512,512,341,26,64,64,0,2599,12570,0.20676213206046143,4.45358,20.39190605537663,0.36163365841125744,0.7437636994002604,0.7497054471455195,0.8475698094178286
chat_preview,photo,kodak_01,768,512,512,341,26,64,64,1,5428,12570,0.43182179793158315,4.45183,21.84038765250031,0.5569841668589924,0.8689136815339275,0.8756159847500529,0.915647782695915
chat_preview,photo,kodak_01,768,512,512,341,26,64,64,2,9965,12570,0.7927605409705648,4.75133,24.30280628831185,0.7528274547754142,0.9471060842654285,0.9542882303022355,0.963218950774527
chat_preview,photo,kodak_01,768,512,512,341,26,64,64,3,12570,12570,1.0,5.08842,26.29567214447057,0.8310842669308428,0.9625881379860943,0.9697646350854776,0.9772507780493759
chat_preview,photo,kodak_01,768,512,512,341,27,64,32,0,1189,5335,0.22286785379568885,4.13221,19.48807860432113,0.24728623869285174,0.6154068337577008,0.6166914821556443,0.778581747951769
chat_preview,photo,kodak_01,768,512,512,341,27,64,32,1,2222,5335,0.41649484536082476,4.28196,20.324880895650004,0.35807884322217665,0.7382636332911839,0.7454074704136602,0.844990472990862
chat_preview,photo,kodak_01,768,512,512,341,27,64,32,2,3635,5335,0.6813495782567948,4.30054,21.501773133504418,0.5306527645648461,0.8473453926054163,0.859242158766085,0.9043091432450637
chat_preview,photo,kodak_01,768,512,512,341,27,64,32,3,5148,5335,0.9649484536082474,4.4095,22.879094060694367,0.6570446296083587,0.9002465340331606,0.9145811058337487,0.9379171845739893
chat_preview,photo,kodak_01,768,512,512,341,27,64,32,4,5335,5335,1.0,4.57238,23.048088897425817,0.6623435704045141,0.9015060567232752,0.9158158476334576,0.9401908788307398
chat_preview,photo,kodak_01,768,512,512,341,27,64,64,0,2599,12762,0.20365146528757247,4.44579,20.39190605537663,0.36163365841125744,0.7437636994002604,0.7497054471455195,0.8475698094178286
chat_preview,photo,kodak_01,768,512,512,341,27,64,64,1,5453,12762,0.4272841247453377,4.60438,21.8418008713061,0.5567050438516264,0.8688471385590376,0.875605452741016,0.9156674535903194
chat_preview,photo,kodak_01,768,512,512,341,27,64,64,2,10037,12762,0.7864754740636264,4.73054,24.31060493651,0.7532411750458855,0.9472145210590718,0.9543207168896581,0.9633167826587673
chat_preview,photo,kodak_01,768,512,512,341,27,64,64,3,12762,12762,1.0,5.1405,26.349713297556075,0.8337188046718361,0.9630129442063247,0.9701601901767731,0.9775827367928882
chat_preview,photo,kodak_01,768,512,512,341,28,64,32,0,1189,5422,0.21929177425304316,4.39092,19.48807860432113,0.24728623869285174,0.6154068337577008,0.6166914821556443,0.778581747951769
chat_preview,photo,kodak_01,768,512,512,341,28,64,32,1,2222,5422,0.4098118775359646,4.297,20.324880895650004,0.35807884322217665,0.7382636332911839,0.7454074704136602,0.844990472990862
chat_preview,photo,kodak_01,768,512,512,341,28,64,32,2,3694,5422,0.6812984138694209,4.289,21.513657405268876,0.5336727520906474,0.8484572384337277,0.8605153351665377,0.9045759282569618
chat_preview,photo,kodak_01,768,512,512,341,28,64,32,3,5213,5422,0.9614533382515676,4.53367,22.9105819342138,0.6594603946619833,0.9012529650114103,0.915690010690176,0.9384012650226826
chat_preview,photo,kodak_01,768,512,512,341,28,64,32,4,5422,5422,1.0,4.52917,23.100281335453616,0.6656189173444661,0.9027355213401753,0.9171463339914442,0.9409588930319929
chat_preview,photo,kodak_01,768,512,512,341,28,64,64,0,2599,12955,0.20061752219220377,4.26987,20.39190605537663,0.36163365841125744,0.7437636994002604,0.7497054471455195,0.8475698094178286
chat_preview,photo,kodak_01,768,512,512,341,28,64,64,1,5453,12955,0.4209185642609031,4.57829,21.8418008713061,0.5567050438516264,0.8688471385590376,0.875605452741016,0.9156674535903194
chat_preview,photo,kodak_01,768,512,512,341,28,64,64,2,10213,12955,0.7883442686221536,4.54662,24.334494078478652,0.7553437617651678,0.9479246446553726,0.9550319198910399,0.9634506675883026
chat_preview,photo,kodak_01,768,512,512,341,28,64,64,3,12955,12955,1.0,4.99358,26.42888037201763,0.8359743874887388,0.9637502764942232,0.9708682198339867,0.978017635695149
chat_preview,photo,kodak_01,768,512,512,341,29,64,32,0,1207,5580,0.21630824372759858,4.1615,19.493085050085448,0.24781039486767056,0.615621487691743,0.6167407123628483,0.7794584027758549
chat_preview,photo,kodak_01,768,512,512,341,29,64,32,1,2272,5580,0.407168458781362,4.28696,20.334912164218053,0.35927878077210246,0.739514553931223,0.7462447325606215,0.8463815995234204
chat_preview,photo,kodak_01,768,512,512,341,29,64,32,2,3770,5580,0.6756272401433692,4.34817,21.52347947333556,0.5351557348370197,0.8495381227755957,0.8612583550596334,0.9054171994141456
chat_preview,photo,kodak_01,768,512,512,341,29,64,32,3,5357,5580,0.9600358422939068,4.53562,22.951483890932867,0.6638778122001306,0.9033052418466442,0.9173895287021807,0.9400829009260117
chat_preview,photo,kodak_01,768,512,512,341,29,64,32,4,5580,5580,1.0,4.49258,23.150722006360724,0.6705464981052592,0.9048610371773659,0.9189181831475333,0.9427183657299719
chat_preview,photo,kodak_01,768,512,512,341,29,64,64,0,2754,13406,0.20543040429658363,4.29504,20.39559029496249,0.3615774477056779,0.7434292778371344,0.7503591822118141,0.8479422806330257
chat_preview,photo,kodak_01,768,512,512,341,29,64,64,1,5714,13406,0.4262270625093242,4.39612,21.846699570614962,0.5590791922034322,0.8694343202383109,0.8767456705454264,0.9157739751263152
chat_preview,photo,kodak_01,768,512,512,341,29,64,64,2,10526,13406,0.7851708190362524,4.61304,24.339891968350877,0.7571796363264486,0.9484985438426653,0.9557852906819462,0.9636529038378006
chat_preview,photo,kodak_01,768,512,512,341,29,64,64,3,13406,13406,1.0,5.39296,26.484178387965972,0.8395775342827246,0.9645529180582257,0.971948412590203,0.9782838862574736
chat_preview,photo,kodak_01,768,512,512,341,30,64,32,0,1207,5622,0.21469228032728566,4.30321,19.493085050085448,0.24781039486767056,0.615621487691743,0.6167407123628483,0.7794584027758549
chat_preview,photo,kodak_01,768,512,512,341,30,64,32,1,2285,5622,0.4064389896833867,4.25321,20.33784809060894,0.35988968416988226,0.7401322163659207,0.7467336888003087,0.8465263458283512
chat_preview,photo,kodak_01,768,512,512,341,30,64,32,2,3783,5622,0.6728922091782283,4.34587,21.527787159167833,0.535731581509991,0.8498902480609005,0.8615700404135538,0.9055342394863015
chat_preview,photo,kodak_01,768,512,512,341,30,64,32,3,5387,5622,0.9581999288509427,4.48017,22.97123191970625,0.6645376810900703,0.903663552349816,0.917644975950197,0.9402942860470013
chat_preview,photo,kodak_01,768,512,512,341,30,64,32,4,5622,5622,1.0,4.63063,23.179151284293514,0.6717021580153116,0.9053638884796626,0.9193159867752779,0.9430453568114339
chat_preview,photo,kodak_01,768,512,512,341,30,64,64,0,2754,13447,0.20480404551201012,4.18425,20.39559029496249,0.3615774477056779,0.7434292778371344,0.7503591822118141,0.8479422806330257
chat_preview,photo,kodak_01,768,512,512,341,30,64,64,1,5752,13447,0.4277534022458541,4.33287,21.849524431866275,0.5596725570156985,0.8697662212374588,0.8770107411082505,0.9158890781923238
chat_preview,photo,kodak_01,768,512,512,341,30,64,64,2,10564,13447,0.7856027366698892,4.64863,24.344867006922534,0.7576431595318237,0.9487112093519707,0.955960804198196,0.9637285091363211
chat_preview,photo,kodak_01,768,512,512,341,30,64,64,3,13447,13447,1.0,4.89504,26.533914542518062,0.8404609685037839,0.9648698227581636,0.9721962307417277,0.9784925217010925
chat_preview,photo,kodak_01,768,512,512,341,31,64,32,0,1223,5737,0.21317761896461565,4.42287,19.493085050085448,0.24781039486767056,0.615621487691743,0.6167407123628483,0.7794584027758549
chat_preview,photo,kodak_01,768,512,512,341,31,64,32,1,2315,5737,0.403521004009064,4.44146,20.33777637834966,0.3598917083206487,0.740118477032435,0.7467284129428645,0.8465248855652124
chat_preview,photo,kodak_01,768,512,512,341,31,64,32,2,3831,5737,0.6677706118180233,4.46654,21.547007506673324,0.5351068501174447,0.8502893246408529,0.8617272831159056,0.9061973688732056
chat_preview,photo,kodak_01,768,512,512,341,31,64,32,3,5491,5737,0.9571204462262507,4.48337,23.00993257843064,0.6672152949509603,0.9050832123178765,0.9189220959231762,0.9413596391085534
chat_preview,photo,kodak_01,768,512,512,341,31,64,32,4,5737,5737,1.0,4.58692,23.228570172028537,0.6749832784153371,0.9069372138801999,0.9207477232069797,0.944224020089982
chat_preview,photo,kodak_01,768,512,512,341,31,64,64,0,2754,13635,0.201980198019802,4.30683,20.39559029496249,0.3615774477056779,0.7434292778371344,0.7503591822118141,0.8479422806330257
chat_preview,photo,kodak_01,768,512,512,341,31,64,64,1,5752,13635,0.4218555188852219,4.375,21.849524431866275,0.5596725570156985,0.8697662212374588,0.8770107411082505,0.9158890781923238
chat_preview,photo,kodak_01,768,512,512,341,31,64,64,2,10608,13635,0.777997799779978,4.83821,24.36814108776355,0.7581253546449953,0.9491222188529805,0.9562818637209671,0.9639668383353996
chat_preview,photo,kodak_01,768,512,512,341,31,64,64,3,13635,13635,1.0,5.07208,26.624291463379386,0.8435129719275665,0.9656531693266129,0.9729478089776844,0.9790090897112947
chat_preview,photo,kodak_01,768,512,512,341,32,64,32,0,1259,5832,0.21587791495198902,4.28558,19.48650264191858,0.24791458167976024,0.6160578776980024,0.6172472915936018,0.7794306671880897
chat_preview,photo,kodak_01,768,512,512,341,32,64,32,1,2372,5832,0.406721536351166,4.28792,20.3353069078999,0.3600248030409608,0.7401912761352022,0.747093591284951,0.8462062328412021
chat_preview,photo,kodak_01,768,512,512,341,32,64,32,2,3908,5832,0.6700960219478738,4.37071,21.550344451620216,0.53611614204943,0.8509619779721135,0.8623299316402433,0.9063410814892217
chat_preview,photo,kodak_01,768,512,512,341,32,64,32,3,5578,5832,0.9564471879286695,4.50817,23.033791729835226,0.6682926107579199,0.9060576503744283,0.9197162953446519,0.9417362842191017
chat_preview,photo,kodak_01,768,512,512,341,32,64,32,4,5832,5832,1.0,4.50892,23.25982418985856,0.676524786020881,0.9079969454294655,0.9216283647484129,0.9446606184144051
chat_preview,photo,kodak_01,768,512,512,341,32,64,64,0,2858,13816,0.20686160972785175,4.22617,20.389856654623365,0.3616991478881046,0.7438373946507255,0.7506880444950457,0.8481171430132984
chat_preview,photo,kodak_01,768,512,512,341,32,64,64,1,5875,13816,0.42523161551823974,4.34708,21.84491684145184,0.5600290199123154,0.8700358414605575,0.8772346069941757,0.915912407898401
chat_preview,photo,kodak_01,768,512,512,341,32,64,64,2,10785,13816,0.7806166763173132,4.60471,24.370323261714752,0.7590232090691384,0.94950952638654,0.9565902686144316,0.9641087020162513
chat_preview,photo,kodak_01,768,512,512,341,32,64,64,3,13816,13816,1.0,4.98192,26.67468861782033,0.8447208602522727,0.9661054526557101,0.973271965037591,0.9792971258535766
chat_preview,photo,kodak_01,768,512,512,341,33,64,32,0,1259,5967,0.21099379922909334,4.26087,19.48650264191858,0.24791458167976024,0.6160578776980024,0.6172472915936018,0.7794306671880897
chat_preview,photo,kodak_01,768,512,512,341,33,64,32,1,2376,5967,0.39819004524886875,4.33296,20.33778051317772,0.36018356903227966,0.7403108472323914,0.7472136064248106,0.8463442481894586
chat_preview,photo,kodak_01,768,512,512,341,33,64,32,2,3971,5967,0.6654935478464891,4.54029,21.565396528153467,0.538281471872228,0.8521771538592021,0.863712134881851,0.9070707452577608
chat_preview,photo,kodak_01,768,512,512,341,33,64,32,3,5706,5967,0.9562594268476622,4.62792,23.077846457321062,0.6730717641279808,0.9081334042939134,0.9219897321408795,0.9432446844129451
chat_preview,photo,kodak_01,768,512,512,341,33,64,32,4,5967,5967,1.0,4.75754,23.31096346142745,0.6815735344586442,0.9101243913793328,0.9239552835674442,0.9462087235215466
chat_preview,photo,kodak_01,768,512,512,341,33,64,64,0,2858,14194,0.20135268423277441,4.31117,20.389856654623365,0.3616991478881046,0.7438373946507255,0.7506880444950457,0.8481171430132984
chat_preview,photo,kodak_01,768,512,512,341,33,64,64,1,5883,14194,0.4144709031985346,4.40308,21.84617647634935,0.5599381264077691,0.8700663595637534,0.877224717151781,0.9159216275464175
chat_preview,photo,kodak_01,768,512,512,341,33,64,64,2,10995,14194,0.7746230801747217,4.58383,24.38509152009223,0.7611219688636354,0.950077110672611,0.9571497520070008,0.9641816295831704
chat_preview,photo,kodak_01,768,512,512,341,33,64,64,3,14194,14194,1.0,5.05412,26.751053379343276,0.8485189707803854,0.9669708415367233,0.9741314189268231,0.9798437555135706
chat_preview,photo,kodak_01,768,512,512,341,34,64,32,0,1259,5994,0.2100433767100434,4.2465,19.48650264191858,0.24791458167976024,0.6160578776980024,0.6172472915936018,0.7794306671880897
chat_preview,photo,kodak_01,768,512,512,341,34,64,32,1,2376,5994,0.3963963963963964,4.268,20.33778051317772,0.36018356903227966,0.7403108472323914,0.7472136064248106,0.8463442481894586
chat_preview,photo,kodak_01,768,512,512,341,34,64,32,2,3971,5994,0.6624958291624958,4.45267,21.56840547384649,0.5382731826957073,0.8522466756443468,0.8637558152947009,0.9071228380657635
chat_preview,photo,kodak_01,768,512,512,341,34,64,32,3,5714,5994,0.9532866199532867,4.52929,23.099102786441073,0.6734222299511884,0.9084909508499353,0.9222463885762308,0.9434786362542047
chat_preview,photo,kodak_01,768,512,512,341,34,64,32,4,5994,5994,1.0,4.51342,23.343359021473773,0.6826666401097293,0.9106599564340289,0.9243858312280799,0.946596533398108
chat_preview,photo,kodak_01,768,512,512,341,34,64,64,0,2858,14201,0.20125343285684108,4.23621,20.389856654623365,0.3616991478881046,0.7438373946507255,0.7506880444950457,0.8481171430132984
chat_preview,photo,kodak_01,768,512,512,341,34,64,64,1,5883,14201,0.4142666009435955,4.32492,21.84617647634935,0.5599381264077691,0.8700663595637534,0.877224717151781,0.9159216275464175
chat_preview,photo,kodak_01,768,512,512,341,34,64,64,2,10996,14201,0.7743116681923808,4.61187,24.389877985853317,0.7611966294575835,0.9501370306226301,0.9571987822209096,0.9642167384829762
chat_preview,photo,kodak_01,768,512,512,341,34,64,64,3,14201,14201,1.0,5.06971,26.804560951955825,0.8491906314952847,0.9671675486895251,0.9742820973547729,0.9800264612577869
chat_preview,photo,kodak_01,768,512,512,341,35,64,32,0,1278,6151,0.20777109413103562,4.2645,19.48503621361273,0.24750739370577146,0.6157597474709591,0.6175260166343699,0.7790882318368798
chat_preview,photo,kodak_01,768,512,512,341,35,64,32,1,2411,6151,0.39196878556332304,4.26658,20.341092685896438,0.3593939488274411,0.7394474841101267,0.7467565660710659,0.845711978659248
chat_preview,photo,kodak_01,768,512,512,341,35,64,32,2,4030,6151,0.6551780198341733,4.47558,21.575722520752826,0.5383253622084826,0.8522229536238562,0.8638694354360218,0.9069612428944543
chat_preview,photo,kodak_01,768,512,512,341,35,64,32,3,5853,6151,0.9515525930742968,4.50571,23.13460461207011,0.6761789312922439,0.9096703199497757,0.9235228018901918,0.9443007334102084
chat_preview,photo,kodak_01,768,512,512,341,35,64,32,4,6151,6151,1.0,4.63713,23.39114703610015,0.6858045530826323,0.9118799333791706,0.9257234336416407,0.9474890861292206
chat_preview,photo,kodak_01,768,512,512,341,35,64,64,0,2957,14591,0.2026591734630937,4.41117,20.38871191093706,0.3614454443570505,0.7437577039228458,0.7508035035449954,0.8481396060680992
chat_preview,photo,kodak_01,768,512,512,341,35,64,64,1,6044,14591,0.4142279487355219,4.428,21.85389196206,0.5590017773780249,0.8701001016570263,0.8773708686114876,0.9161134754879291
chat_preview,photo,kodak_01,768,512,512,341,35,64,64,2,11211,14591,0.7683503529573025,4.71617,24.408536163430725,0.7617597658461791,0.9505606978833411,0.9576115411391609,0.9644872100906691
chat_preview,photo,kodak_01,768,512,512,341,35,64,64,3,14591,14591,1.0,5.44358,26.88817519994959,0.8522431850400745,0.9679328960116927,0.975014809447869,0.9806127901243931
chat_preview,photo,kodak_01,768,512,512,341,36,64,32,0,1278,6218,0.20553232550659375,4.37875,19.48503621361273,0.24750739370577146,0.6157597474709591,0.6175260166343699,0.7790882318368798
chat_preview,photo,kodak_01,768,512,512,341,36,64,32,1,2414,6218,0.3882277259568993,4.37354,20.341100989460315,0.35936883165794614,0.7394587569720658,0.7467353028449805,0.8457109679518592
chat_preview,photo,kodak_01,768,512,512,341,36,64,32,2,4052,6218,0.6516564811836604,4.45742,21.590722264172747,0.5377078386914359,0.8525047715579109,0.8639494687583585,0.9074915517851251
chat_preview,photo,kodak_01,768,512,512,341,36,64,32,3,5892,6218,0.9475715664200708,4.42492,23.17167656064057,0.676581375255472,0.9105581252687026,0.9241570521718141,0.9450700365273881
chat_preview,photo,kodak_01,768,512,512,341,36,64,32,4,6218,6218,1.0,4.56429,23.447193466992815,0.6873842023545311,0.9130565712859213,0.9266368188839598,0.9484805318159126
chat_preview,photo,kodak_01,768,512,512,341,36,64,64,0,2957,14643,0.20193949327323635,4.41917,20.38871191093706,0.3614454443570505,0.7437577039228458,0.7508035035449954,0.8481396060680992
chat_preview,photo,kodak_01,768,512,512,341,36,64,64,1,6044,14643,0.41275694871269547,4.36358,21.85389196206,0.5590017773780249,0.8701001016570263,0.8773708686114876,0.9161134754879291
chat_preview,photo,kodak_01,768,512,512,341,36,64,64,2,11256,14643,0.7686949395615652,4.64983,24.431873628231617,0.7619172404340686,0.9508469109320119,0.9578001438906449,0.9646288577506983
chat_preview,photo,kodak_01,768,512,512,341,36,64,64,3,14643,14643,1.0,5.1265,26.978923038950164,0.8534113632442727,0.9684864278965005,0.9754418492944069,0.9809910746040825
chat_preview,photo,kodak_01,768,512,512,341,37,64,32,0,1278,6273,0.20373027259684362,4.35367,19.48503621361273,0.24750739370577146,0.6157597474709591,0.6175260166343699,0.7790882318368798
chat_preview,photo,kodak_01,768,512,512,341,37,64,32,1,2445,6273,0.389765662362506,4.48929,20.342937184199236,0.35956045589057956,0.7398022745644798,0.7471154543404884,0.845800539103719
chat_preview,photo,kodak_01,768,512,512,341,37,64,32,2,4094,6273,0.6526382910887932,4.5225,21.597460770398587,0.5380528217148903,0.853103153593103,0.8640843984286227,0.9077850411636428
chat_preview,photo,kodak_01,768,512,512,341,37,64,32,3,5934,6273,0.9459588713534194,5.26121,23.179814500399797,0.6768870001965898,0.9110808957742478,0.92415665905679,0.9453232596594874
chat_preview,photo,kodak_01,768,512,512,341,37,64,32,4,6273,6273,1.0,5.3505,23.46666616238336,0.6883291753828025,0.9137076333445345,0.9267515906933503,0.9488461167419739
chat_preview,photo,kodak_01,768,512,512,341,37,64,64,0,2957,14714,0.20096506728285987,4.48708,20.38871191093706,0.3614454443570505,0.7437577039228458,0.7508035035449954,0.8481396060680992
chat_preview,photo,kodak_01,768,512,512,341,37,64,64,1,6112,14714,0.41538670653799104,4.82392,21.856535065795363,0.5593459351797103,0.8702270412009684,0.8774632753076114,0.9162766699506096
chat_preview,photo,kodak_01,768,512,512,341,37,64,64,2,11327,14714,0.7698110642925106,5.78904,24.436693897913177,0.7621702278133543,0.9510215512717445,0.9579439595515988,0.964774854568152
chat_preview,photo,kodak_01,768,512,512,341,37,64,64,3,14714,14714,1.0,5.75871,26.989705449963207,0.85370827255788,0.968682727566414,0.9755708778135777,0.9810698199784269
chat_preview,photo,kodak_01,768,512,512,341,38,64,32,0,1278,6448,0.19820099255583126,4.49871,19.48503621361273,0.24750739370577146,0.6157597474709591,0.6175260166343699,0.7790882318368798
chat_preview,photo,kodak_01,768,512,512,341,38,64,32,1,2445,6448,0.37918734491315137,4.57446,20.342937184199236,0.35956045589057956,0.7398022745644798,0.7471154543404884,0.845800539103719
chat_preview,photo,kodak_01,768,512,512,341,38,64,32,2,4171,6448,0.6468672456575683,4.94217,21.617955822295748,0.5410846305516819,0.8545915839040581,0.865664531176994,0.9089364388110616
chat_preview,photo,kodak_01,768,512,512,341,38,64,32,3,6087,6448,0.9440136476426799,4.77042,23.216034583987764,0.6822673184523698,0.9132674345591857,0.9265599458253382,0.9468793616470437
chat_preview,photo,kodak_01,768,512,512,341,38,64,32,4,6448,6448,1.0,5.08658,23.513452765687845,0.6946198727201208,0.9161658046851766,0.9294211386940694,0.9504731573181945
chat_preview,photo,kodak_01,768,512,512,341,38,64,64,0,2957,15149,0.19519440227077695,4.55638,20.38871191093706,0.3614454443570505,0.7437577039228458,0.7508035035449954,0.8481396060680992
chat_preview,photo,kodak_01,768,512,512,341,38,64,64,1,6112,15149,0.4034589741897155,5.02367,21.856535065795363,0.5593459351797103,0.8702270412009684,0.8774632753076114,0.9162766699506096
chat_preview,photo,kodak_01,768,512,512,341,38,64,64,2,11586,15149,0.7648029572909103,5.13462,24.46116275775964,0.7647938213297604,0.951828127865192,0.9588281245594692,0.9649694202797938
chat_preview,photo,kodak_01,768,512,512,341,38,64,64,3,15149,15149,1.0,5.53679,27.09058795039049,0.8576530210684999,0.9695730642724879,0.9765348471996944,0.9816101353822051
chat_preview,photo,kodak_01,768,512,512,341,39,64,32,0,1294,6513,0.19867956394902503,5.43654,19.48503621361273,0.24750739370577146,0.6157597474709591,0.6175260166343699,0.7790882318368798
chat_preview,photo,kodak_01,768,512,512,341,39,64,32,1,2464,6513,0.37832028251189925,4.71,20.344324909586838,0.3597532047891076,0.7400115615837454,0.7470641080855676,0.8458928026060579
chat_preview,photo,kodak_01,768,512,512,341,39,64,32,2,4209,6513,0.6462459695992631,4.94433,21.62417379028298,0.541312720290795,0.8549548830923376,0.8656482574738021,0.9091965157903018
chat_preview,photo,kodak_01,768,512,512,341,39,64,32,3,6137,6513,0.9422693075387686,5.26508,23.247496214879003,0.6829976276495314,0.9140288140491984,0.9268413871485884,0.9473465201436261
chat_preview,photo,kodak_01,768,512,512,341,39,64,32,4,6513,6513,1.0,4.91633,23.55924462005747,0.6961197460721507,0.9171134006705568,0.9298891855888908,0.9510855380157252
chat_preview,photo,kodak_01,768,512,512,341,39,64,64,0,2957,15161,0.1950399050194578,4.80496,20.38871191093706,0.3614454443570505,0.7437577039228458,0.7508035035449954,0.8481396060680992
chat_preview,photo,kodak_01,768,512,512,341,39,64,64,1,6113,15161,0.40320559329859507,5.32337,21.856618753145316,0.5594690531149785,0.8702639344485874,0.877473999651899,0.916265698909111
chat_preview,photo,kodak_01,768,512,512,341,39,64,64,2,11591,15161,0.7645274058439417,5.02212,24.466355678422875,0.7649994384972002,0.9519062678533438,0.9588916538236371,0.9650065775103258
chat_preview,photo,kodak_01,768,512,512,341,39,64,64,3,15161,15161,1.0,5.45479,27.149697193207572,0.858454731030692,0.969772882417058,0.9766945992984616,0.9817944116273749
chat_preview,photo,kodak_01,768,512,512,341,40,64,32,0,1294,6601,0.19603090440842297,4.45029,19.48503621361273,0.24750739370577146,0.6157597474709591,0.6175260166343699,0.7790882318368798
chat_preview,photo,kodak_01,768,512,512,341,40,64,32,1,2466,6601,0.3735797606423269,4.27454,20.34449933476898,0.35945414160806477,0.7397517030431761,0.7467966610675837,0.8458191056286514
chat_preview,photo,kodak_01,768,512,512,341,40,64,32,2,4211,6601,0.6379336464172095,4.45642,21.624575038925652,0.5412679335300509,0.854980662655592,0.8656523180525617,0.9091826679106311
chat_preview,photo,kodak_01,768,512,512,341,40,64,32,3,6208,6601,0.9404635661263445,4.69517,23.268733015713163,0.6856706346175926,0.9152806920196515,0.9281450513111524,0.948364906075708
chat_preview,photo,kodak_01,768,512,512,341,40,64,32,4,6601,6601,1.0,4.71979,23.59248533896508,0.6991356339442912,0.9183612822574551,0.9311899435675985,0.9521320696158722
chat_preview,photo,kodak_01,768,512,512,341,40,64,64,0,2957,15363,0.1924754279763067,4.532,20.38871191093706,0.3614454443570505,0.7437577039228458,0.7508035035449954,0.8481396060680992
chat_preview,photo,kodak_01,768,512,512,341,40,64,64,1,6124,15363,0.39862006118596627,4.70871,21.857870716778535,0.5592370624327313,0.8702631970791933,0.8774638609879453,0.9162809929984094
chat_preview,photo,kodak_01,768,512,512,341,40,64,64,2,11602,15363,0.7551910434159995,5.03613,24.468946083729463,0.7650045276254068,0.9519351061992878,0.9589151124630024,0.9650310552155918
chat_preview,photo,kodak_01,768,512,512,341,40,64,64,3,15363,15363,1.0,5.6335,27.20788752810496,0.8607695210028186,0.9701596481777953,0.9771035379882271,0.9820507709827816
chat_preview,photo,kodak_01,768,512,512,341,41,64,32,0,1323,6733,0.1964948759839596,4.49133,19.488686986913596,0.24754520791169984,0.6157881247457065,0.617872811482403,0.7798956173319025
chat_preview,photo,kodak_01,768,512,512,341,41,64,32,1,2529,6733,0.37561265409178674,4.43288,20.34280333458744,0.36112095782110515,0.7412055588407312,0.7483612157612255,0.8465976758450521
chat_preview,photo,kodak_01,768,512,512,341,41,64,32,2,4310,6733,0.6401306995395811,4.46758,21.6406402408343,0.5419808697495309,0.8562670752117393,0.8664229976950548,0.9104477501061236
chat_preview,photo,kodak_01,768,512,512,341,41,64,32,3,6322,6733,0.9389573741274321,4.6535,23.302829167060754,0.6873605664722587,0.9169439010962858,0.929143133547588,0.9493136916805132
chat_preview,photo,kodak_01,768,512,512,341,41,64,32,4,6733,6733,1.0,4.61525,23.643373381361407,0.7016663603527985,0.920230566663534,0.9323968028524139,0.9532417564994117
chat_preview,photo,kodak_01,768,512,512,341,41,64,64,0,2995,15651,0.19136157434029774,4.32646,20.393938831340066,0.3618976223569968,0.7439533225660174,0.7516461254942677,0.8486600887599345
chat_preview,photo,kodak_01,768,512,512,341,41,64,64,1,6295,15651,0.4022107213596575,4.87733,21.8682210580725,0.5621288966233685,0.8711477273588434,0.8786587833435482,0.917104670865388
chat_preview,photo,kodak_01,768,512,512,341,41,64,64,2,11883,15651,0.7592486103124401,5.07662,24.498227386530296,0.7671275462493247,0.9530807975211163,0.9597993741185079,0.9657668570177884
chat_preview,photo,kodak_01,768,512,512,341,41,64,64,3,15651,15651,1.0,5.42779,27.305354383299957,0.8635146902664367,0.9712707135445093,0.9779071969734281,0.9824939728782397
chat_preview,photo,kodak_01,768,512,512,341,42,64,32,0,1323,6850,0.19313868613138685,4.38929,19.488686986913596,0.24754520791169984,0.6157881247457065,0.617872811482403,0.7798956173319025
chat_preview,photo,kodak_01,768,512,512,341,42,64,32,1,2544,6850,0.3713868613138686,4.37662,20.34466426936074,0.36122543592487716,0.7412493320151619,0.7485158483777069,0.8465617188106573
chat_preview,photo,kodak_01,768,512,512,341,42,64,32,2,4326,6850,0.6315328467153285,4.90383,21.644120972338882,0.5422182045596174,0.8564266306828126,0.8665991367967198,0.9104299502214276
chat_preview,photo,kodak_01,768,512,512,341,42,64,32,3,6410,6850,0.9357664233576642,4.79913,23.32789314649862,0.6900593536585807,0.9178171595431069,0.9300212648761109,0.9499644294741322
chat_preview,photo,kodak_01,768,512,512,341,42,64,32,4,6850,6850,1.0,4.90937,23.686746184763415,0.7055420113773465,0.9213820298103693,0.9335442713541676,0.954054780246554
chat_preview,photo,kodak_01,768,512,512,341,42,64,64,0,2995,15882,0.18857826470217856,4.80833,20.393938831340066,0.3618976223569968,0.7439533225660174,0.7516461254942677,0.8486600887599345
chat_preview,photo,kodak_01,768,512,512,341,42,64,64,1,6329,15882,0.39850144818032995,4.96921,21.869800793269135,0.5621733785764222,0.8711319067846284,0.8787098685317347,0.9171673025535892
chat_preview,photo,kodak_01,768,512,512,341,42,64,64,2,11918,15882,0.7504092683541116,5.07421,24.505772741887583,0.7672391388819312,0.9531431491836587,0.959819085983248,0.9658474960550049
chat_preview,photo,kodak_01,768,512,512,341,42,64,64,3,15882,15882,1.0,5.28412,27.382031109857866,0.8657869003326715,0.9717427985626461,0.9782702366002132,0.9828254615367141
chat_preview,photo,kodak_01,768,512,512,341,43,64,32,0,1323,7008,0.18878424657534246,4.37525,19.488686986913596,0.24754520791169984,0.6157881247457065,0.617872811482403,0.7798956173319025
chat_preview,photo,kodak_01,768,512,512,341,43,64,32,1,2559,7008,0.3651541095890411,4.31096,20.34452886185234,0.36165000983282297,0.7414113579296301,0.7486904935937224,0.8464899406498189
chat_preview,photo,kodak_01,768,512,512,341,43,64,32,2,4428,7008,0.6318493150684932,4.40429,21.65116429532215,0.5446768190712691,0.8579333416125722,0.8678461091772017,0.9113334237929853
chat_preview,photo,kodak_01,768,512,512,341,43,64,32,3,6533,7008,0.9322203196347032,4.77821,23.366205584848014,0.6922882003810454,0.9192721260688125,0.9310768139321677,0.9509171789730878
chat_preview,photo,kodak_01,768,512,512,341,43,64,32,4,7008,7008,1.0,4.87346,23.749497125247533,0.7086873330381763,0.9230253868101009,0.9347820442709629,0.9552297823724839
chat_preview,photo,kodak_01,768,512,512,341,43,64,64,0,2995,16241,0.18440982698109723,4.288,20.393938831340066,0.3618976223569968,0.7439533225660174,0.7516461254942677,0.8486600887599345
chat_preview,photo,kodak_01,768,512,512,341,43,64,64,1,6368,16241,0.39209408287667014,4.73871,21.86990036832924,0.5623722184032323,0.8711661525968584,0.878730706430289,0.9171771235170499
chat_preview,photo,kodak_01,768,512,512,341,43,64,64,2,12258,16241,0.7547564805122837,4.89154,24.52272945006037,0.7699067714723942,0.9537961161853205,0.9605464524921827,0.966124293129455
chat_preview,photo,kodak_01,768,512,512,341,43,64,64,3,16241,16241,1.0,5.60271,27.465830999370393,0.8683557082773546,0.9723438848393539,0.9789418880529582,0.9831281214308931
chat_preview,photo,kodak_01,768,512,512,341,44,64,32,0,1323,7119,0.18584070796460178,4.66908,19.488686986913596,0.24754520791169984,0.6157881247457065,0.617872811482403,0.7798956173319025
chat_preview,photo,kodak_01,768,512,512,341,44,64,32,1,2560,7119,0.35960106756566934,5.58913,20.344165053596456,0.3617031965682891,0.7415107256030381,0.7485996527600938,0.8465758694998601
chat_preview,photo,kodak_01,768,512,512,341,44,64,32,2,4429,7119,0.6221379407220116,4.74417,21.65167710256371,0.5448485278525252,0.8580527154080503,0.8678177785031479,0.9114145160504729
chat_preview,photo,kodak_01,768,512,512,341,44,64,32,3,6613,7119,0.9289226014889732,5.08179,23.38344440573755,0.6959357344627275,0.9204127542189044,0.9322470048944139,0.9513467205593171
chat_preview,photo,kodak_01,768,512,512,341,44,64,32,4,7119,7119,1.0,4.87721,23.786245453002415,0.7133951021966557,0.9244209549294521,0.9362008370341952,0.955839627985525
chat_preview,photo,kodak_01,768,512,512,341,44,64,64,0,2995,16459,0.18196731271644692,4.54317,20.393938831340066,0.3618976223569968,0.7439533225660174,0.7516461254942677,0.8486600887599345
chat_preview,photo,kodak_01,768,512,512,341,44,64,64,1,6374,16459,0.38726532596148006,4.70004,21.870856440397656,0.5624960361621864,0.8712476395404645,0.878739392711352,0.9172356231970532
chat_preview,photo,kodak_01,768,512,512,341,44,64,64,2,12264,16459,0.7451242481317213,4.95892,24.52378361788952,0.7700354485578798,0.9538552396459871,0.9605583341626278,0.9661699835341659
chat_preview,photo,kodak_01,768,512,512,341,44,64,64,3,16459,16459,1.0,6.10192,27.52595176587299,0.8705736877954443,0.9727127368412568,0.9792841757677487,0.9834098879990639
chat_preview,photo,kodak_01,768,512,512,341,45,64,32,0,1323,7196,0.18385214007782102,5.07408,19.488686986913596,0.24754520791169984,0.6157881247457065,0.617872811482403,0.7798956173319025
chat_preview,photo,kodak_01,768,512,512,341,45,64,32,1,2560,7196,0.3557531962201223,4.84342,20.344183811973274,0.36171329008353154,0.7415219601739924,0.7486033442101984,0.8465772663174846
chat_preview,photo,kodak_01,768,512,512,341,45,64,32,2,4441,7196,0.6171484157865481,4.79442,21.65564762100145,0.5448873928708239,0.858301566048854,0.8678463112892812,0.9115497931654207
chat_preview,photo,kodak_01,768,512,512,341,45,64,32,3,6645,7196,0.9234296831573097,4.72371,23.4116688282062,0.6965749361305367,0.9211115016113217,0.9325501177195102,0.9518049204920609
chat_preview,photo,kodak_01,768,512,512,341,45,64,32,4,7196,7196,1.0,4.82817,23.849101959122393,0.7156313505587408,0.9254752263138945,0.9368709632948812,0.9566562206614491
chat_preview,photo,kodak_01,768,512,512,341,45,64,64,0,2995,16479,0.18174646519813095,4.63137,20.393938831340066,0.3618976223569968,0.7439533225660174,0.7516461254942677,0.8486600887599345
chat_preview,photo,kodak_01,768,512,512,341,45,64,64,1,6374,16479,0.3867953152497118,4.97138,21.870856440397656,0.5624960361621864,0.8712476395404645,0.878739392711352,0.9172356231970532
chat_preview,photo,kodak_01,768,512,512,341,45,64,64,2,12269,16479,0.7445233327265004,4.897,24.527969572815383,0.7700858457831448,0.9539165070742675,0.9606080402563818,0.9662027870360588
chat_preview,photo,kodak_01,768,512,512,341,45,64,64,3,16479,16479,1.0,5.44792,27.58692827838533,0.8713406120052994,0.9728693706570022,0.9794016468887975,0.983597755189119
chat_preview,photo,kodak_01,768,512,512,341,46,64,32,0,1323,7363,0.17968219475757163,4.22429,19.488686986913596,0.24754520791169984,0.6157881247457065,0.617872811482403,0.7798956173319025
chat_preview,photo,kodak_01,768,512,512,341,46,64,32,1,2560,7363,0.3476843677848703,4.52846,20.344183811973274,0.36171329008353154,0.7415219601739924,0.7486033442101984,0.8465772663174846
chat_preview,photo,kodak_01,768,512,512,341,46,64,32,2,4474,7363,0.6076327583865272,4.40542,21.671232690088477,0.5449708985194942,0.8585594347877398,0.8677916025010599,0.9119563272733343
chat_preview,photo,kodak_01,768,512,512,341,46,64,32,3,6779,7363,0.9206845035990765,4.66637,23.45367432075556,0.7002564272809515,0.9225528303368119,0.9336830471856976,0.9525040272071942
chat_preview,photo,kodak_01,768,512,512,341,46,64,32,4,7363,7363,1.0,4.85958,23.912748722359996,0.7205397652047987,0.9271878251193967,0.9382716604598011,0.9575557813295449
chat_preview,photo,kodak_01,768,512,512,341,46,64,64,0,2995,16828,0.17797718088899453,4.45033,20.393938831340066,0.3618976223569968,0.7439533225660174,0.7516461254942677,0.8486600887599345
chat_preview,photo,kodak_01,768,512,512,341,46,64,64,1,6374,16828,0.37877347278345613,4.61037,21.870856440397656,0.5624960361621864,0.8712476395404645,0.878739392711352,0.9172356231970532
chat_preview,photo,kodak_01,768,512,512,341,46,64,64,2,12394,16828,0.7365105776087473,4.85667,24.553568448819163,0.7707753991333771,0.9542570072723469,0.96084904195016,0.9663805318508956
chat_preview,photo,kodak_01,768,512,512,341,46,64,64,3,16828,16828,1.0,5.24987,27.697634451842085,0.8743311580364264,0.9735976688527591,0.9800303386923913,0.9840229889363687
chat_preview,photo,kodak_01,768,512,512,341,47,64,32,0,1380,7550,0.1827814569536424,4.38646,19.502412582298458,0.24779906153857492,0.6158156694589884,0.6173848782309765,0.7796095662730064
chat_preview,photo,kodak_01,768,512,512,341,47,64,32,1,2678,7550,0.3547019867549669,4.45204,20.365590380018123,0.3607421102397295,0.741332101800376,0.747926573671413,0.8469262219602822
chat_preview,photo,kodak_01,768,512,512,341,47,64,32,2,4608,7550,0.6103311258278146,7.59425,21.693315243780017,0.545035858034957,0.8594054115407591,0.8680067252807265,0.9122668973373944
chat_preview,photo,kodak_01,768,512,512,341,47,64,32,3,6932,7550,0.9181456953642384,4.675,23.51468566708137,0.7010119527723008,0.9242427848863891,0.9345929218543382,0.9533499103842947
chat_preview,photo,kodak_01,768,512,512,341,47,64,32,4,7550,7550,1.0,4.88167,23.99702720287371,0.7226091014256099,0.9291143350818656,0.939433903042024,0.9586134669406424
chat_preview,photo,kodak_01,768,512,512,341,47,64,64,0,3181,17156,0.18541618092795523,4.47004,20.409399658476307,0.3623219476591078,0.7442891789337965,0.7511756675999849,0.848744803372367
chat_preview,photo,kodak_01,768,512,512,341,47,64,64,1,6684,17156,0.3896013056656563,4.56708,21.897922832742623,0.561822349284468,0.8717808810882003,0.8785256915432905,0.9176607993343716
chat_preview,photo,kodak_01,768,512,512,341,47,64,64,2,12713,17156,0.7410235486127302,4.77304,24.59505608963181,0.7712709465618005,0.9552080082466926,0.961144139292699,0.9668225836579815
chat_preview,photo,kodak_01,768,512,512,341,47,64,64,3,17156,17156,1.0,5.31912,27.842176628335466,0.8758890842240995,0.9748186444604915,0.9805515691344053,0.9848030386179866
chat_preview,photo,kodak_01,768,512,512,341,48,64,32,0,1380,7726,0.1786176546725343,4.39496,19.502412582298458,0.24779906153857492,0.6158156694589884,0.6173848782309765,0.7796095662730064
chat_preview,photo,kodak_01,768,512,512,341,48,64,32,1,2678,7726,0.34662179653119335,4.35525,20.365594721739487,0.3607425406006899,0.741332334056735,0.7479278872915766,0.8469267617457306
chat_preview,photo,kodak_01,768,512,512,341,48,64,32,2,4673,7726,0.6048407973077918,4.91533,21.702267381949575,0.547307697569629,0.860835028659252,0.8694184699718603,0.9124190542417072
chat_preview,photo,kodak_01,768,512,512,341,48,64,32,3,7071,7726,0.9152213305720942,4.73362,23.558911458668334,0.7056116737080987,0.9260725329052772,0.9364826485464248,0.9540664775541493
chat_preview,photo,kodak_01,768,512,512,341,48,64,32,4,7726,7726,1.0,4.80725,24.071370984365572,0.7286274301120543,0.9311060332872415,0.9415015668879064,0.959524818186063
chat_preview,photo,kodak_01,768,512,512,341,48,64,64,0,3181,17661,0.18011437630938226,4.349,20.409399658476307,0.3623219476591078,0.7442891789337965,0.7511756675999849,0.848744803372367
chat_preview,photo,kodak_01,768,512,512,341,48,64,64,1,6684,17661,0.37846101579751995,4.59042,21.897922832742623,0.561822349284468,0.8717808810882003,0.8785256915432905,0.9176607993343716
chat_preview,photo,kodak_01,768,512,512,341,48,64,64,2,12964,17661,0.734046769718589,4.95296,24.616913702053512,0.7735156084839022,0.9559643407323516,0.9619365184925047,0.9672663213159369
chat_preview,photo,kodak_01,768,512,512,341,48,64,64,3,17661,17661,1.0,5.30158,27.93174618058014,0.8796560575216342,0.9754384880271799,0.981232313523187,0.9850929205592681
chat_preview,photo,kodak_01,768,512,512,341,49,64,32,0,1380,7833,0.17617770968977403,4.36554,19.502412582298458,0.24779906153857492,0.6158156694589884,0.6173848782309765,0.7796095662730064
chat_preview,photo,kodak_01,768,512,512,341,49,64,32,1,2680,7833,0.34214221881782203,4.35858,20.36730683569758,0.36089350845744494,0.7415170229652354,0.747920548091775,0.8470273285855644
chat_preview,photo,kodak_01,768,512,512,341,49,64,32,2,4702,7833,0.6002808630154475,4.3805,21.707200157254963,0.5477244757404748,0.8610787324814657,0.8694414907212911,0.9126134137423955
chat_preview,photo,kodak_01,768,512,512,341,49,64,32,3,7142,7833,0.9117834801480914,4.62217,23.587553581583993,0.7065918478674172,0.9268646247308688,0.936956977702476,0.9545561836625095
chat_preview,photo,kodak_01,768,512,512,341,49,64,32,4,7833,7833,1.0,4.80642,24.132579279537936,0.7313328131167096,0.9321741896698003,0.942242136117472,0.9602645574223793
chat_preview,photo,kodak_01,768,512,512,341,49,64,64,0,3197,17789,0.1797178031367699,4.31192,20.409399658476307,0.3623219476591078,0.7442891789337965,0.7511756675999849,0.848744803372367
chat_preview,photo,kodak_01,768,512,512,341,49,64,64,1,6715,17789,0.3774804654561808,4.56233,21.900023989924485,0.5619957242841652,0.8718558825783314,0.8785278647839122,0.9177254952706752
chat_preview,photo,kodak_01,768,512,512,341,49,64,64,2,13070,17789,0.7347237056608016,4.75933,24.622939403360448,0.7740033297856034,0.9560722831050706,0.9620295185708705,0.9673382106623903
chat_preview,photo,kodak_01,768,512,512,341,49,64,64,3,17789,17789,1.0,5.19542,28.005554878444627,0.8807672517481975,0.9756833103122707,0.98143081712237,0.9853100327009858
chat_preview,photo,kodak_01,768,512,512,341,50,64,32,0,1380,7967,0.1732145098531442,4.26154,19.502412582298458,0.24779906153857492,0.6158156694589884,0.6173848782309765,0.7796095662730064
chat_preview,photo,kodak_01,768,512,512,341,50,64,32,1,2691,7967,0.33776829421363125,4.44533,20.369133460948227,0.3613447487257391,0.7418729207510961,0.7482573164588496,0.8471415286175809
chat_preview,photo,kodak_01,768,512,512,341,50,64,32,2,4715,7967,0.5918162419982428,4.50821,21.709290419759768,0.5480250494485674,0.8612967527756114,0.8696020341971649,0.9126490677223055
chat_preview,photo,kodak_01,768,512,512,341,50,64,32,3,7237,7967,0.908372034642902,4.63054,23.610105620383152,0.7091017248741119,0.9274549928562225,0.937521058064538,0.9548358426123028
chat_preview,photo,kodak_01,768,512,512,341,50,64,32,4,7967,7967,1.0,4.88071,24.186627237726945,0.7353294974442387,0.933145860445526,0.943159071531934,0.9608286853760667
chat_preview,photo,kodak_01,768,512,512,341,50,64,64,0,3197,18129,0.1763472888741795,4.41354,20.409399658476307,0.3623219476591078,0.7442891789337965,0.7511756675999849,0.848744803372367
chat_preview,photo,kodak_01,768,512,512,341,50,64,64,1,6759,18129,0.37282806553036574,4.53963,21.901278336975842,0.5623705441463644,0.8720337533387893,0.8786861044196776,0.917778716424772
chat_preview,photo,kodak_01,768,512,512,341,50,64,64,2,13123,18129,0.7238678360637653,4.75042,24.628877628779197,0.7742606177898136,0.9561524979304293,0.9620929514502607,0.9674006163631482
chat_preview,photo,kodak_01,768,512,512,341,50,64,64,3,18129,18129,1.0,5.4125,28.07202628617857,0.8832315951097347,0.9760206996971009,0.9817729356821491,0.9855354729825455
chat_preview,photo,kodak_01,768,512,512,341,51,64,32,0,1380,8075,0.17089783281733747,4.32375,19.502412582298458,0.24779906153857492,0.6158156694589884,0.6173848782309765,0.7796095662730064
chat_preview,photo,kodak_01,768,512,512,341,51,64,32,1,2716,8075,0.3363467492260062,4.37833,20.372192020038696,0.3614795864929159,0.7419045059747664,0.7483223256023744,0.84724984144008
chat_preview,photo,kodak_01,768,512,512,341,51,64,32,2,4767,8075,0.5903405572755418,4.40242,21.722665538721138,0.5472437207585173,0.8612457367977333,0.8693788876632222,0.9128166711513531
chat_preview,photo,kodak_01,768,512,512,341,51,64,32,3,7315,8075,0.9058823529411765,4.56083,23.647202162820697,0.709495429053349,0.9280767964640472,0.9378204278453037,0.9551896779163465
chat_preview,photo,kodak_01,768,512,512,341,51,64,32,4,8075,8075,1.0,4.83992,24.25424112458252,0.7373893998088684,0.9342072513509031,0.9438990729751551,0.9614636512743785
chat_preview,photo,kodak_01,768,512,512,341,51,64,64,0,3197,18262,0.17506297229219145,4.28346,20.409399658476307,0.3623219476591078,0.7442891789337965,0.7511756675999849,0.848744803372367
chat_preview,photo,kodak_01,768,512,512,341,51,64,64,1,6795,18262,0.3720841090789618,4.54292,21.901520801970324,0.5624533291688062,0.8720804381836756,0.8787324249155923,0.9178034890615278
chat_preview,photo,kodak_01,768,512,512,341,51,64,64,2,13234,18262,0.724674186836053,4.87008,24.654173742143406,0.7744673933776468,0.9565292499257699,0.9622571194831874,0.967827140476411
chat_preview,photo,kodak_01,768,512,512,341,51,64,64,3,18262,18262,1.0,5.21571,28.199437838148903,0.8848935093028678,0.9767284002876115,0.9822187427346668,0.9859494917062979
chat_preview,photo,kodak_01,768,512,512,341,52,64,32,0,1380,8241,0.16745540589734256,4.37804,19.502412582298458,0.24779906153857492,0.6158156694589884,0.6173848782309765,0.7796095662730064
chat_preview,photo,kodak_01,768,512,512,341,52,64,32,1,2718,8241,0.3298143429195486,4.39883,20.37233214113533,0.3614842941104334,0.7419216133920262,0.7483258678876198,0.8472609178237437
chat_preview,photo,kodak_01,768,512,512,341,52,64,32,2,4786,8241,0.5807547627715083,4.44667,21.7240932845387,0.5475669112697309,0.8614065791821468,0.8695021519484694,0.9128663536939635
chat_preview,photo,kodak_01,768,512,512,341,52,64,32,3,7450,8241,0.9040165028515956,4.74829,23.661183192255,0.7119973015928678,0.9284586045595974,0.9383349334258734,0.9552921899448852
chat_preview,photo,kodak_01,768,512,512,341,52,64,32,4,8241,8241,1.0,4.98117,24.291745469843455,0.740903762374626,0.9348963906825194,0.9447116377581501,0.9617726016709199
chat_preview,photo,kodak_01,768,512,512,341,52,64,64,0,3197,18654,0.17138415353275438,4.40829,20.409399658476307,0.3623219476591078,0.7442891789337965,0.7511756675999849,0.848744803372367
chat_preview,photo,kodak_01,768,512,512,341,52,64,64,1,6798,18654,0.364425860405275,4.83325,21.90157384854896,0.5624602592109508,0.8720856663534642,0.8787329530043928,0.9178055498925705
chat_preview,photo,kodak_01,768,512,512,341,52,64,64,2,13300,18654,0.7129838104428005,5.40671,24.65795894016908,0.7748980455827712,0.9566289588183028,0.9623580403041482,0.9678592020751106
chat_preview,photo,kodak_01,768,512,512,341,52,64,64,3,18654,18654,1.0,6.41962,28.272931947830813,0.8875067922524574,0.9771354136219031,0.9826389754860417,0.986189202189784
chat_preview,photo,kodak_01,768,512,512,341,53,64,32,0,1394,8421,0.16553853461584134,4.41629,19.501185469578882,0.24786628870014404,0.6158097905914969,0.6171747142467221,0.7791770216531649
chat_preview,photo,kodak_01,768,512,512,341,53,64,32,1,2772,8421,0.32917705735660846,4.58246,20.374204704526782,0.36248738277449394,0.74308165308147,0.7490373865821829,0.84784245222235
chat_preview,photo,kodak_01,768,512,512,341,53,64,32,2,4856,8421,0.5766536040850255,4.72967,21.726816619050986,0.5483961981559098,0.8624183573551935,0.8701772551415962,0.9132036422195601
chat_preview,photo,kodak_01,768,512,512,341,53,64,32,3,7549,8421,0.8964493528084551,5.07592,23.69199647477259,0.7133662025221819,0.9297071672951142,0.9391423343442027,0.9559577001263477
chat_preview,photo,kodak_01,768,512,512,341,53,64,32,4,8421,8421,1.0,5.03546,24.381826341873488,0.7458700161614654,0.9368822900466706,0.9462177483564875,0.9629379273101126
chat_preview,photo,kodak_01,768,512,512,341,53,64,64,0,3283,18973,0.17303536604648712,4.69417,20.408610577609302,0.36294262397800264,0.7447160531952383,0.7510134155587986,0.8486951695926565
chat_preview,photo,kodak_01,768,512,512,341,53,64,64,1,7049,18973,0.3715279607863807,5.03658,21.9007027022905,0.5639758674193555,0.8731754987114974,0.8791489583442595,0.9179803043085669
chat_preview,photo,kodak_01,768,512,512,341,53,64,64,2,13578,18973,0.7156485532071891,5.28475,24.66951347426818,0.7760786942754457,0.9574254965892095,0.9628113533455724,0.968178338682128
chat_preview,photo,kodak_01,768,512,512,341,53,64,64,3,18973,18973,1.0,5.62596,28.36819656713587,0.8892171704154269,0.9779212305698852,0.983151142923228,0.9866521171291903
chat_preview,photo,kodak_01,768,512,512,341,54,64,32,0,1394,8556,0.16292660121552127,4.48262,19.501185469578882,0.24786628870014404,0.6158097905914969,0.6171747142467221,0.7791770216531649
chat_preview,photo,kodak_01,768,512,512,341,54,64,32,1,2774,8556,0.32421692379616646,4.57483,20.374164967900235,0.3625802074394447,0.7431647106916895,0.7489813490521076,0.8478586618122012
chat_preview,photo,kodak_01,768,512,512,341,54,64,32,2,4929,8556,0.5760869565217391,4.52854,21.728483110217564,0.5506419165965907,0.8634788933937053,0.8712110852002031,0.9131092449715689
chat_preview,photo,kodak_01,768,512,512,341,54,64,32,3,7639,8556,0.8928237494156148,4.77929,23.699506003780186,0.7151398246875171,0.9304431293200336,0.9399279043948564,0.9561146055346993
chat_preview,photo,kodak_01,768,512,512,341,54,64,32,4,8556,8556,1.0,5.50121,24.423255507643194,0.7487752480651905,0.9377943837715274,0.9471710407568372,0.9633464392408144
chat_preview,photo,kodak_01,768,512,512,341,54,64,64,0,3283,19252,0.17052773737793475,4.60133,20.408610577609302,0.36294262397800264,0.7447160531952383,0.7510134155587986,0.8486951695926565
chat_preview,photo,kodak_01,768,512,512,341,54,64,64,1,7052,19252,0.36629960523581967,4.60621,21.901778849536747,0.5641174737284625,0.8732402126975685,0.8791375067498797,0.9180630439105479
chat_preview,photo,kodak_01,768,512,512,341,54,64,64,2,13828,19252,0.7182630376064825,5.18704,24.684074038271465,0.7773684337683878,0.958048307463993,0.9634387814620483,0.9686676431063481
chat_preview,photo,kodak_01,768,512,512,341,54,64,64,3,19252,19252,1.0,5.66087,28.392141149765276,0.8903606866893129,0.9782392294628749,0.9835162608719383,0.9867059701648215
chat_preview,photo,kodak_01,768,512,512,341,55,64,32,0,1394,8782,0.1587337736278752,4.37642,19.501185469578882,0.24786628870014404,0.6158097905914969,0.6171747142467221,0.7791770216531649
chat_preview,photo,kodak_01,768,512,512,341,55,64,32,1,2780,8782,0.3165565930312002,4.60992,20.374345946923643,0.3626098615698705,0.7432133806911141,0.7489877633991538,0.8478797945896029
chat_preview,photo,kodak_01,768,512,512,341,55,64,32,2,4969,8782,0.5658164427237531,4.65475,21.73167170018932,0.551197420851576,0.863777817213256,0.8713232093371384,0.9132693611447649
chat_preview,photo,kodak_01,768,512,512,341,55,64,32,3,7805,8782,0.8887497153268048,4.95679,23.72072346564313,0.7183229577540399,0.9312113428941746,0.9406167903035706,0.9563876817844771
chat_preview,photo,kodak_01,768,512,512,341,55,64,32,4,8782,8782,1.0,4.94921,24.48116543041234,0.7536609664664918,0.9389480935176673,0.9482610749275765,0.9638908219928171
chat_preview,photo,kodak_01,768,512,512,341,55,64,64,0,3283,19733,0.16637105356509402,4.4665,20.408610577609302,0.36294262397800264,0.7447160531952383,0.7510134155587986,0.8486951695926565
chat_preview,photo,kodak_01,768,512,512,341,55,64,64,1,7061,19733,0.35782699032078247,5.52067,21.90173346635224,0.564119986487837,0.8732412445889767,0.879138723865616,0.9180634616653105
chat_preview,photo,kodak_01,768,512,512,341,55,64,64,2,13914,19733,0.7051132620483455,5.30975,24.68912705242016,0.7778098088034738,0.9581608817562867,0.9635386220411135,0.9687177546163819
chat_preview,photo,kodak_01,768,512,512,341,55,64,64,3,19733,19733,1.0,5.79492,28.470877861377758,0.8928356857121038,0.978659547447552,0.9839180124994971,0.9869809238255223
chat_preview,photo,kodak_01,768,512,512,341,56,64,32,0,1394,8946,0.1558238318801699,4.56421,19.501185469578882,0.24786628870014404,0.6158097905914969,0.6171747142467221,0.7791770216531649
chat_preview,photo,kodak_01,768,512,512,341,56,64,32,1,2820,8946,0.3152246814218645,4.47904,20.37552667231526,0.3629575656160588,0.7437560262890622,0.7493950849557907,0.8478715329855933
chat_preview,photo,kodak_01,768,512,512,341,56,64,32,2,5034,8946,0.562709590878605,4.95508,21.750102877276202,0.5505611489179046,0.8643741251445656,0.8716788831993304,0.9135390733593143
chat_preview,photo,kodak_01,768,512,512,341,56,64,32,3,7904,8946,0.8835233623966018,5.08838,23.769056866075204,0.718952712385262,0.9322860869138779,0.9413559926781221,0.956855090141921
chat_preview,photo,kodak_01,768,512,512,341,56,64,32,4,8946,8946,1.0,5.65033,24.581885324965814,0.7567313675133209,0.9406005010999318,0.9495921195052945,0.9647838274823959
chat_preview,photo,kodak_01,768,512,512,341,56,64,64,0,3283,19983,0.1642896461992694,5.75017,20.408610577609302,0.36294262397800264,0.7447160531952383,0.7510134155587986,0.8486951695926565
chat_preview,photo,kodak_01,768,512,512,341,56,64,64,1,7163,19983,0.358454686483511,4.71325,21.903710969181752,0.5642557450155542,0.8732097855425286,0.8792034934181195,0.9179649647710781
chat_preview,photo,kodak_01,768,512,512,341,56,64,64,2,14111,19983,0.7061502276935395,7.29908,24.71960419313577,0.7782332171545313,0.9585744330018852,0.9638025615561059,0.9689158548069564
chat_preview,photo,kodak_01,768,512,512,341,56,64,64,3,19983,19983,1.0,5.45437,28.62095642037612,0.8947512330694948,0.9793528769364217,0.9844205644511623,0.9874650567730328
chat_preview,photo,kodak_01,768,512,512,341,57,64,32,0,1410,9182,0.15356131561751252,4.42475,19.501185469578882,0.24786628870014404,0.6158097905914969,0.6171747142467221,0.7791770216531649
chat_preview,photo,kodak_01,768,512,512,341,57,64,32,1,2839,9182,0.30919189719015466,4.41608,20.375408177980617,0.3629444553849017,0.7437455189810587,0.749393249802405,0.8478695450269583
chat_preview,photo,kodak_01,768,512,512,341,57,64,32,2,5104,9182,0.5558701807884993,4.604,21.752762315348555,0.5507754064263114,0.8643102519204807,0.8716553536465819,0.9135526666380691
chat_preview,photo,kodak_01,768,512,512,341,57,64,32,3,8077,9182,0.8796558483990417,4.66913,23.791572096677022,0.7221481570680042,0.9332539727350787,0.9423455893394197,0.9571274093081781
chat_preview,photo,kodak_01,768,512,512,341,57,64,32,4,9182,9182,1.0,4.88521,24.661092912501754,0.7618183399813413,0.9420480788599911,0.9510188152580248,0.9654838957852505
chat_preview,photo,kodak_01,768,512,512,341,57,64,64,0,3283,20420,0.1607737512242899,4.32775,20.408610577609302,0.36294262397800264,0.7447160531952383,0.7510134155587986,0.8486951695926565
chat_preview,photo,kodak_01,768,512,512,341,57,64,64,1,7163,20420,0.3507835455435847,4.50904,21.90372389648234,0.5642562988488818,0.8732100816521492,0.8792034310110048,0.9179652103641579
chat_preview,photo,kodak_01,768,512,512,341,57,64,64,2,14198,20420,0.6952987267384917,4.83821,24.72205428725669,0.7786267261535623,0.9586255236227732,0.9638425095805576,0.9689424569407168
chat_preview,photo,kodak_01,768,512,512,341,57,64,64,3,20420,20420,1.0,5.31875,28.686519738702142,0.8970847410609913,0.9796236880438253,0.9847443909251039,0.9876440718123822
chat_preview,photo,kodak_01,768,512,512,341,58,64,32,0,1410,9268,0.15213638325420803,4.19408,19.501185469578882,0.24786628870014404,0.6158097905914969,0.6171747142467221,0.7791770216531649
chat_preview,photo,kodak_01,768,512,512,341,58,64,32,1,2839,9268,0.30632283124730253,4.28783,20.375408177980617,0.3629444553849017,0.7437455189810587,0.749393249802405,0.8478695450269583
chat_preview,photo,kodak_01,768,512,512,341,58,64,32,2,5104,9268,0.5507121277514027,4.361,21.75349527156712,0.5508495404196346,0.8643487158211328,0.871663068862353,0.9135659315268939
chat_preview,photo,kodak_01,768,512,512,341,58,64,32,3,8110,9268,0.875053949072076,4.68992,23.813265934118363,0.7226945635374443,0.9337083269865388,0.9426609278908601,0.9573836597330169
chat_preview,photo,kodak_01,768,512,512,341,58,64,32,4,9268,9268,1.0,4.85254,24.72526061140141,0.7641501913194783,0.9428947831057667,0.9517302293491178,0.9660587604153749
chat_preview,photo,kodak_01,768,512,512,341,58,64,64,0,3283,20464,0.16042806880375293,4.33867,20.408610577609302,0.36294262397800264,0.7447160531952383,0.7510134155587986,0.8486951695926565
chat_preview,photo,kodak_01,768,512,512,341,58,64,64,1,7163,20464,0.350029319781079,4.61642,21.90372389648234,0.5642562988488818,0.8732100816521492,0.8792034310110048,0.9179652103641579
chat_preview,photo,kodak_01,768,512,512,341,58,64,64,2,14198,20464,0.6938037529319782,4.82987,24.722175362545133,0.7786308627090949,0.9586272118624389,0.9638432245437205,0.9689432365201301
chat_preview,photo,kodak_01,768,512,512,341,58,64,64,3,20464,20464,1.0,5.38162,28.768786292244293,0.8979387186014712,0.9797896425187971,0.9848548874311059,0.9878355420495722
chat_preview,photo,kodak_01,768,512,512,341,59,64,32,0,1433,9607,0.14916206932445092,4.33604,19.50568953769076,0.24779339333862635,0.6158225345464304,0.6167945507906026,0.7787301657702651
chat_preview,photo,kodak_01,768,512,512,341,59,64,32,1,2893,9607,0.3011345893619236,4.37679,20.38293307921712,0.36173468239062645,0.7430733185802235,0.7483299341759536,0.8472148191267787
chat_preview,photo,kodak_01,768,512,512,341,59,64,32,2,5264,9607,0.5479337982720933,4.58879,21.76812847381072,0.5531919936538839,0.865754409970123,0.8728021305516915,0.9132067540349046
chat_preview,photo,kodak_01,768,512,512,341,59,64,32,3,8399,9607,0.8742583532840636,4.66538,23.868345182313174,0.7268143387384024,0.9355058276370718,0.9440934676038287,0.9579819418631066
chat_preview,photo,kodak_01,768,512,512,341,59,64,32,4,9607,9607,1.0,5.6205,24.82375812204577,0.7697337473615115,0.9448990331982133,0.9533850239957711,0.9668095235485209
chat_preview,photo,kodak_01,768,512,512,341,59,64,64,0,3364,21392,0.15725504861630515,4.46704,20.41408692558599,0.36313735376770434,0.7451999249024235,0.7509195347811302,0.8484704225090407
chat_preview,photo,kodak_01,768,512,512,341,59,64,64,1,7351,21392,0.343633133881825,4.64721,21.917975251773445,0.5640702759908408,0.8735014077110695,0.8790284589924829,0.9180015855633069
chat_preview,photo,kodak_01,768,512,512,341,59,64,64,2,14700,21392,0.68717277486911,13.5357,24.764532528741924,0.7809021704735167,0.9595897323714717,0.9644409623201657,0.9692550018928504
chat_preview,photo,kodak_01,768,512,512,341,59,64,64,3,21392,21392,1.0,5.60129,28.96078808100419,0.9022255536522739,0.9809054712794287,0.985639479534371,0.9885197199194218
chat_preview,photo,kodak_01,768,512,512,341,60,64,32,0,1433,9754,0.14691408652860366,4.36267,19.50568953769076,0.24779339333862635,0.6158225345464304,0.6167945507906026,0.7787301657702651
chat_preview,photo,kodak_01,768,512,512,341,60,64,32,1,2901,9754,0.29741644453557514,4.36238,20.38283853113039,0.36152092879677444,0.7427792022971319,0.7480299707264225,0.8471443519063543
chat_preview,photo,kodak_01,768,512,512,341,60,64,32,2,5294,9754,0.542751691613697,4.43167,21.76725947347019,0.5531218054206142,0.8655926645830091,0.8726123459340811,0.9131494945552412
chat_preview,photo,kodak_01,768,512,512,341,60,64,32,3,8474,9754,0.8687717859339759,4.69492,23.89654518127653,0.7278768851861536,0.9361760101474111,0.9446371494904192,0.958289184016407
chat_preview,photo,kodak_01,768,512,512,341,60,64,32,4,9754,9754,1.0,4.86671,24.90259973585001,0.7730868146066431,0.9460698948209867,0.9544330617749781,0.9674541308958166
chat_preview,photo,kodak_01,768,512,512,341,60,64,64,0,3364,21570,0.1559573481687529,4.36554,20.41408692558599,0.36313735376770434,0.7451999249024235,0.7509195347811302,0.8484704225090407
chat_preview,photo,kodak_01,768,512,512,341,60,64,64,1,7377,21570,0.34200278164116826,4.61608,21.918925999310687,0.5639055102111402,0.8734735170331717,0.8789919981651355,0.9180365736662509
chat_preview,photo,kodak_01,768,512,512,341,60,64,64,2,14803,21570,0.6862772369031062,4.94392,24.771034094820145,0.7813875339628584,0.9597114480706509,0.9645519760558892,0.9693033184183918
chat_preview,photo,kodak_01,768,512,512,341,60,64,64,3,21570,21570,1.0,5.79017,29.062785097686653,0.9035956298229255,0.981241163473249,0.98592445343151,0.9887483197422139
chat_preview,photo,kodak_01,768,512,512,341,61,64,32,0,1433,10167,0.14094619848529558,4.45113,19.50568953769076,0.24779339333862635,0.6158225345464304,0.6167945507906026,0.7787301657702651
chat_preview,photo,kodak_01,768,512,512,341,61,64,32,1,2935,10167,0.28867905970296054,4.55012,20.385569277339506,0.3614483886276585,0.7426918481521113,0.7481701968083043,0.8471698916187292
chat_preview,photo,kodak_01,768,512,512,341,61,64,32,2,5382,10167,0.5293596931248156,4.44071,21.780606141076724,0.5532293039260429,0.8658626410039375,0.8729056519695134,0.9134240896367605
chat_preview,photo,kodak_01,768,512,512,341,61,64,32,3,8721,10167,0.8577751549129536,4.62162,23.94071723038237,0.7311854770360812,0.9375355559472505,0.9457998616124378,0.9587685635478124
chat_preview,photo,kodak_01,768,512,512,341,61,64,32,4,10167,10167,1.0,5.0235,25.026506840516596,0.7799058339483053,0.9480301879076597,0.9562105909305737,0.9684165288856846
chat_preview,photo,kodak_01,768,512,512,341,61,64,64,0,3364,22160,0.15180505415162454,4.42425,20.41408692558599,0.36313735376770434,0.7451999249024235,0.7509195347811302,0.8484704225090407
chat_preview,photo,kodak_01,768,512,512,341,61,64,64,1,7424,22160,0.33501805054151623,5.832,21.918961366786665,0.5638859257328489,0.8734294359582626,0.8790296036443331,0.9180382362136834
chat_preview,photo,kodak_01,768,512,512,341,61,64,64,2,14953,22160,0.674774368231047,5.73258,24.78847925331591,0.7816162998797499,0.9598956179964867,0.9645942171574317,0.9694042900810623
chat_preview,photo,kodak_01,768,512,512,341,61,64,64,3,22160,22160,1.0,5.64196,29.19953670548306,0.9066286818312556,0.981904611431752,0.9864696697377817,0.989146718617665
chat_preview,photo,kodak_01,768,512,512,341,62,64,32,0,1484,10268,0.14452668484612388,4.33579,19.498926863399845,0.24775610854788552,0.6160506395277338,0.6169632572119941,0.7787798935781223
chat_preview,photo,kodak_01,768,512,512,341,62,64,32,1,2986,10268,0.2908063887806778,4.42612,20.381837302828902,0.3612291489462149,0.7427210873813522,0.7481526737648896,0.8472504047047908
chat_preview,photo,kodak_01,768,512,512,341,62,64,32,2,5436,10268,0.5294117647058824,5.86396,21.77616489413316,0.5530388007326054,0.8659592385765386,0.872906231861411,0.9135094690330597
chat_preview,photo,kodak_01,768,512,512,341,62,64,32,3,8822,10268,0.8591741332294507,4.74442,23.956909034606507,0.7316677753005543,0.9380618758922535,0.946148584135087,0.9590810129110722
chat_preview,photo,kodak_01,768,512,512,341,62,64,32,4,10268,10268,1.0,5.09046,25.083209598030976,0.7809473658340451,0.948731718329498,0.9567312705286106,0.9689213162376163
chat_preview,photo,kodak_01,768,512,512,341,62,64,64,0,3556,22425,0.15857302118171684,4.37338,20.4068088107217,0.36306297208431,0.7453946767707263,0.7510940477535201,0.8486000630027639
chat_preview,photo,kodak_01,768,512,512,341,62,64,64,1,7616,22425,0.33962095875139353,4.54521,21.912952316376124,0.5638882967622378,0.8736153241295534,0.8792016801216391,0.9180797792160148
chat_preview,photo,kodak_01,768,512,512,341,62,64,64,2,15160,22425,0.67603121516165,4.91821,24.7870064549183,0.781751811511783,0.9601212743807924,0.9648014681705106,0.9694750016883138
chat_preview,photo,kodak_01,768,512,512,341,62,64,64,3,22425,22425,1.0,5.65408,29.28889420363612,0.9078739074514132,0.9822826181706512,0.9867927120215374,0.9894144950570781
chat_preview,photo,kodak_01,768,512,512,341,63,64,32,0,1500,10659,0.14072614691809737,5.07233,19.498926863399845,0.24775610854788552,0.6160506395277338,0.6169632572119941,0.7787798935781223
chat_preview,photo,kodak_01,768,512,512,341,63,64,32,1,3041,10659,0.28529880851862277,7.00925,20.38618517618415,0.36205970463687837,0.7434294132923158,0.7486816594131703,0.8475713351196001
chat_preview,photo,kodak_01,768,512,512,341,63,64,32,2,5525,10659,0.518341307814992,4.53279,21.782183170935937,0.5536303319992698,0.8662802244882926,0.873157694449277,0.9137333232182645
chat_preview,photo,kodak_01,768,512,512,341,63,64,32,3,9062,10659,0.8501735622478657,4.77442,23.986685996420324,0.7346687779782942,0.9391061332674591,0.9470973262779252,0.9595518114545017
chat_preview,photo,kodak_01,768,512,512,341,63,64,32,4,10659,10659,1.0,5.80008,25.181170869695464,0.7875084437382069,0.9503462669039665,0.958312725041174,0.9698078194750052
chat_preview,photo,kodak_01,768,512,512,341,63,64,64,0,3556,23000,0.15460869565217392,4.49637,20.4068088107217,0.36306297208431,0.7453946767707263,0.7510940477535201,0.8486000630027639
chat_preview,photo,kodak_01,768,512,512,341,63,64,64,1,7680,23000,0.3339130434782609,4.79275,21.91388617394839,0.5642494971255145,0.8738416767750872,0.8793303655825708,0.9180587674066896
chat_preview,photo,kodak_01,768,512,512,341,63,64,64,2,15332,23000,0.666608695652174,5.10721,24.7927361029288,0.7823226963833886,0.9603045862367399,0.9649171531087967,0.9695383639744126
chat_preview,photo,kodak_01,768,512,512,341,63,64,64,3,23000,23000,1.0,5.83158,29.388203410609513,0.9102661455429693,0.9826770628636248,0.9871153527685361,0.9896801072575913
chat_preview,photo,kodak_01,768,512,512,341,64,64,32,0,1500,10853,0.13821063300469916,4.81588,19.498926863399845,0.24775610854788552,0.6160506395277338,0.6169632572119941,0.7787798935781223
chat_preview,photo,kodak_01,768,512,512,341,64,64,32,1,3041,10853,0.28019902331152674,4.4965,20.386276229147406,0.36206897824077117,0.7434348091603105,0.7486826552178346,0.8475732951280434
chat_preview,photo,kodak_01,768,512,512,341,64,64,32,2,5627,10853,0.5184741546116282,4.63092,21.789525965362444,0.5556371746043643,0.8668812606214801,0.8737364470034779,0.9141485634111793
chat_preview,photo,kodak_01,768,512,512,341,64,64,32,3,9187,10853,0.8464940569427808,4.85058,24.025479905097846,0.7367125536776348,0.9401273126840207,0.947990059558732,0.9600684093988646
chat_preview,photo,kodak_01,768,512,512,341,64,64,32,4,10853,10853,1.0,5.10646,25.282293232302905,0.7917252465114846,0.9518028793799912,0.9596723192899439,0.9706578228346171
chat_preview,photo,kodak_01,768,512,512,341,64,64,64,0,3556,23385,0.15206328843275604,8.2205,20.4068088107217,0.36306297208431,0.7453946767707263,0.7510940477535201,0.8486000630027639
chat_preview,photo,kodak_01,768,512,512,341,64,64,64,1,7680,23385,0.32841565105837073,7.05096,21.913882766139356,0.5642475553214389,0.8738405529436393,0.8793299690682924,0.9180584486422717
chat_preview,photo,kodak_01,768,512,512,341,64,64,64,2,15673,23385,0.6702159503955527,5.29929,24.805994461423793,0.7843839439487116,0.96073557639457,0.9653875307444313,0.9696382689711153
chat_preview,photo,kodak_01,768,512,512,341,64,64,64,3,23385,23385,1.0,5.68746,29.516377171143603,0.9125361671391184,0.9832315397952445,0.9876717301082573,0.9899793742839031
chat_preview,photo,kodak_01,768,512,512,341,65,64,32,0,1547,11215,0.13794025858225592,4.75317,19.499849297841745,0.24797187212673522,0.6164778101961604,0.6178041815230008,0.7796291313025872
chat_preview,photo,kodak_01,768,512,512,341,65,64,32,1,3140,11215,0.2799821667409719,4.42933,20.39075325135249,0.3631974178788724,0.7448520537256148,0.7502789961520709,0.8484826915237147
chat_preview,photo,kodak_01,768,512,512,341,65,64,32,2,5738,11215,0.511636201515827,4.63046,21.79427402234831,0.5565744505103355,0.8677634417320693,0.8746286272226598,0.9147222956217386
chat_preview,photo,kodak_01,768,512,512,341,65,64,32,3,9467,11215,0.8441373160945163,4.82492,24.06048386250872,0.7404242793331273,0.9415393218079834,0.9494304432791735,0.9606767183357351
chat_preview,photo,kodak_01,768,512,512,341,65,64,32,4,11215,11215,1.0,5.08492,25.393908870477148,0.7972033625037458,0.9534585387134916,0.9613398438539726,0.97151795226901
chat_preview,photo,kodak_01,768,512,512,341,65,64,64,0,3647,24226,0.15054074135226617,4.40004,20.40808078857498,0.36314871713076324,0.7454584135828846,0.751496427628499,0.849005905676652
chat_preview,photo,kodak_01,768,512,512,341,65,64,64,1,7985,24226,0.32960455708742675,4.62087,21.914471029249732,0.5660942485857109,0.8747002483328387,0.8803432249272903,0.9183717342575215
chat_preview,photo,kodak_01,768,512,512,341,65,64,64,2,16013,24226,0.6609840667051927,5.03325,24.814485514088574,0.7854739861567128,0.9612701385877759,0.9657798225035344,0.9699476741102151
chat_preview,photo,kodak_01,768,512,512,341,65,64,64,3,24226,24226,1.0,5.75937,29.628429504346872,0.9153685961600225,0.9839406710705143,0.9882124975845801,0.9903231960915629
chat_preview,photo,kodak_01,768,512,512,341,66,64,32,0,1547,11458,0.13501483679525222,4.38937,19.499849297841745,0.24797187212673522,0.6164778101961604,0.6178041815230008,0.7796291313025872
chat_preview,photo,kodak_01,768,512,512,341,66,64,32,1,3171,11458,0.2767498690871007,4.36725,20.38978872337653,0.3631130800101396,0.744782182718681,0.7503776061895675,0.8484898992949735
chat_preview,photo,kodak_01,768,512,512,341,66,64,32,2,5836,11458,0.5093384534822831,4.55046,21.810015956711855,0.5563793560561856,0.8682229752829588,0.8749808814754635,0.9152949730561651
chat_preview,photo,kodak_01,768,512,512,341,66,64,32,3,9623,11458,0.839849886542154,4.76383,24.09771343222954,0.7416660015470784,0.9424967937793586,0.9502000160376782,0.9612064605035401
chat_preview,photo,kodak_01,768,512,512,341,66,64,32,4,11458,11458,1.0,5.14446,25.50089066957344,0.8010426996717143,0.9548846569341247,0.9626038803394835,0.9723987857880027
chat_preview,photo,kodak_01,768,512,512,341,66,64,64,0,3647,24618,0.148143634738809,4.38021,20.40808078857498,0.36314871713076324,0.7454584135828846,0.751496427628499,0.849005905676652
chat_preview,photo,kodak_01,768,512,512,341,66,64,64,1,8080,24618,0.3282151271427411,4.67629,21.9168947471425,0.5661135923068702,0.8746868044794881,0.8804609302078716,0.9183934012234372
chat_preview,photo,kodak_01,768,512,512,341,66,64,64,2,16308,24618,0.6624421155252255,4.96771,24.835337279791567,0.7859388335321653,0.9615549128545081,0.9659531675556731,0.9699236957612056
chat_preview,photo,kodak_01,768,512,512,341,66,64,64,3,24618,24618,1.0,5.70421,29.798007812098156,0.9175076759315991,0.9845590916412812,0.9886098064547739,0.9907038808161626
chat_preview,photo,kodak_01,768,512,512,341,67,64,32,0,1547,11762,0.13152525080768576,4.46037,19.499849297841745,0.24797187212673522,0.6164778101961604,0.6178041815230008,0.7796291313025872
chat_preview,photo,kodak_01,768,512,512,341,67,64,32,1,3179,11762,0.270277163747662,4.44133,20.39194239594858,0.3629911202127727,0.7446825033371147,0.7502302959107607,0.8485449639852076
chat_preview,photo,kodak_01,768,512,512,341,67,64,32,2,5866,11762,0.498724706682537,4.64133,21.814798777615625,0.5562699007472446,0.8683525261796268,0.8749585051748462,0.9153742464551451
chat_preview,photo,kodak_01,768,512,512,341,67,64,32,3,9837,11762,0.8363373575922463,4.75429,24.125368228931947,0.7447330605471469,0.9432332835552145,0.9507684441061521,0.9614960753895925
chat_preview,photo,kodak_01,768,512,512,341,67,64,32,4,11762,11762,1.0,5.11321,25.59875324782881,0.806135762422786,0.9559379959668467,0.9634746825439395,0.9729902414663364
chat_preview,photo,kodak_01,768,512,512,341,67,64,64,0,3663,25302,0.1447711643348352,4.30175,20.40808078857498,0.36314871713076324,0.7454584135828846,0.751496427628499,0.849005905676652
chat_preview,photo,kodak_01,768,512,512,341,67,64,64,1,8120,25302,0.32092324717413645,4.57183,21.917146690816082,0.5658939706459329,0.874576166283383,0.8803597092497055,0.9183682236193734
chat_preview,photo,kodak_01,768,512,512,341,67,64,64,2,16413,25302,0.6486838985060469,5.00771,24.843134785374268,0.7860310135006813,0.961632020176317,0.9659603906337126,0.9699833766066616
chat_preview,photo,kodak_01,768,512,512,341,67,64,64,3,25302,25302,1.0,5.69633,29.911970666838116,0.919966568445388,0.9849796199616563,0.9889671794359186,0.9909409098484655
chat_preview,photo,kodak_01,768,512,512,341,68,64,32,0,1547,11920,0.12978187919463088,4.3675,19.499849297841745,0.24797187212673522,0.6164778101961604,0.6178041815230008,0.7796291313025872
chat_preview,photo,kodak_01,768,512,512,341,68,64,32,1,3188,11920,0.2674496644295302,4.45854,20.393147040296004,0.3631110690958797,0.7447810260827117,0.7502156990036369,0.848596771239807
chat_preview,photo,kodak_01,768,512,512,341,68,64,32,2,5875,11920,0.4928691275167785,4.49696,21.816219616766126,0.55642287142783,0.8684265211844217,0.8749784194172153,0.9154221565159274
chat_preview,photo,kodak_01,768,512,512,341,68,64,32,3,9892,11920,0.8298657718120805,4.89213,24.159656632523465,0.7453912677974758,0.9437934755152638,0.9511385007300746,0.9618533477173263
chat_preview,photo,kodak_01,768,512,512,341,68,64,32,4,11920,11920,1.0,5.17537,25.716187368048825,0.8097232721952752,0.9569251205392311,0.9643397514208356,0.9738602656840439
chat_preview,photo,kodak_01,768,512,512,341,68,64,64,0,3679,25459,0.14450685415766526,4.53571,20.40808078857498,0.36314871713076324,0.7454584135828846,0.751496427628499,0.849005905676652
chat_preview,photo,kodak_01,768,512,512,341,68,64,64,1,8171,25459,0.3209474056325857,4.61483,21.91589837748085,0.5659745997096537,0.8746220116249028,0.8803305856721227,0.9182506992609275
chat_preview,photo,kodak_01,768,512,512,341,68,64,64,2,16464,25459,0.6466868298047842,5.035,24.843858761775163,0.7861561859329549,0.9616635863646912,0.9659634019292862,0.9699382249133491
chat_preview,photo,kodak_01,768,512,512,341,68,64,64,3,25459,25459,1.0,5.63133,30.03362928655467,0.9212997799189567,0.985217758824128,0.9891458744113222,0.9911334132889701
chat_preview,photo,kodak_01,768,512,512,341,69,64,32,0,1547,12468,0.12407763875521334,4.32725,19.499849297841745,0.24797187212673522,0.6164778101961604,0.6178041815230008,0.7796291313025872
chat_preview,photo,kodak_01,768,512,512,341,69,64,32,1,3188,12468,0.2556945781199872,4.30525,20.393073878634226,0.3631053203888583,0.7447783556314143,0.7502031179368026,0.8485922260899766
chat_preview,photo,kodak_01,768,512,512,341,69,64,32,2,6011,12468,0.4821142123837023,4.53538,21.828246125457905,0.5588833741005694,0.8694605480706,0.8761233975085906,0.9163267109268015
chat_preview,photo,kodak_01,768,512,512,341,69,64,32,3,10224,12468,0.8200192492781521,4.76012,24.197532597354503,0.7496348899239779,0.9449864997508627,0.9524732667870014,0.9625072070405022
chat_preview,photo,kodak_01,768,512,512,341,69,64,32,4,12468,12468,1.0,5.20992,25.874849648985318,0.8186905234669353,0.9588541196363155,0.9665314917218498,0.9749585573968881
chat_preview,photo,kodak_01,768,512,512,341,69,64,64,0,3695,26607,0.13887322884955086,4.46546,20.40808078857498,0.36314871713076324,0.7454584135828846,0.751496427628499,0.849005905676652
chat_preview,photo,kodak_01,768,512,512,341,69,64,64,1,8187,26607,0.30770098094486414,4.58,21.915909339078897,0.5659789722106617,0.8746213665008745,0.880330532443544,0.9182500510005134
chat_preview,photo,kodak_01,768,512,512,341,69,64,64,2,16969,26607,0.6377644980644191,5.04962,24.860979076204334,0.7880572105220134,0.9622431579007006,0.9665913981003158,0.9701743763048096
chat_preview,photo,kodak_01,768,512,512,341,69,64,64,3,26607,26607,1.0,5.73612,30.185928306044843,0.9246840435583324,0.9857849917685965,0.9897997394361876,0.9913828378756325
chat_preview,photo,kodak_01,768,512,512,341,70,64,32,0,1563,12632,0.12373337555414819,4.4255,19.499849297841745,0.24797187212673522,0.6164778101961604,0.6178041815230008,0.7796291313025872
chat_preview,photo,kodak_01,768,512,512,341,70,64,32,1,3218,12632,0.25474984167194425,4.40717,20.390551023118576,0.3632205628564967,0.7447256495980855,0.7501977511775091,0.8484396086516348
chat_preview,photo,kodak_01,768,512,512,341,70,64,32,2,6049,12632,0.478863204559848,4.51433,21.82984696592074,0.5589527272498688,0.8694815680068592,0.8761052535514613,0.9163146255288365
chat_preview,photo,kodak_01,768,512,512,341,70,64,32,3,10291,12632,0.8146770107663078,4.721,24.225116782497622,0.7499276473039272,0.9454115789721304,0.9527722730578927,0.9627910676225956
chat_preview,photo,kodak_01,768,512,512,341,70,64,32,4,12632,12632,1.0,5.08596,25.980278773473767,0.8220432966153179,0.959748944021034,0.9672938159873657,0.9752952236982962
chat_preview,photo,kodak_01,768,512,512,341,70,64,64,0,3695,26759,0.13808438282447028,4.45454,20.40808078857498,0.36314871713076324,0.7454584135828846,0.751496427628499,0.849005905676652
chat_preview,photo,kodak_01,768,512,512,341,70,64,64,1,8256,26759,0.30853170895773385,4.53283,21.917532575437946,0.5662057803618997,0.8748027816895712,0.880512158202499,0.9183286733676443
chat_preview,photo,kodak_01,768,512,512,341,70,64,64,2,17066,26759,0.6377667326880676,5.04892,24.866048127370814,0.7881959461541207,0.9623132713097579,0.966666852116545,0.9702170940847668
chat_preview,photo,kodak_01,768,512,512,341,70,64,64,3,26759,26759,1.0,5.70825,30.316586699672655,0.9259618792399458,0.9860157562903865,0.9900120420813678,0.9916073476384408
chat_preview,photo,kodak_01,768,512,512,341,71,64,32,0,1603,13174,0.12167906482465463,4.32883,19.501735024405114,0.24805876558157647,0.6167938948753039,0.6173452746436151,0.7797668509540159
chat_preview,photo,kodak_01,768,512,512,341,71,64,32,1,3333,13174,0.2529983300440261,4.44738,20.396328859185047,0.36265965747108525,0.7443160094890638,0.7494921739642721,0.8485759087988984
chat_preview,photo,kodak_01,768,512,512,341,71,64,32,2,6250,13174,0.4744193107636253,4.54671,21.84029058291938,0.5577541981580626,0.8692289266068832,0.8754126090505943,0.9161292263576597
chat_preview,photo,kodak_01,768,512,512,341,71,64,32,3,10703,13174,0.8124335812964931,4.95525,24.27724309961483,0.7528506216519135,0.9470841538453757,0.9537631221955934,0.9634545984785998
chat_preview,photo,kodak_01,768,512,512,341,71,64,32,4,13174,13174,1.0,5.20838,26.139429360522403,0.8275434699395136,0.9618468153180677,0.9687204153728802,0.9766110039863029
chat_preview,photo,kodak_01,768,512,512,341,71,64,64,0,3828,28186,0.1358121053005038,4.30204,20.40883862854587,0.36318369250850974,0.7456644984226087,0.7511884840518259,0.8490774372144644
chat_preview,photo,kodak_01,768,512,512,341,71,64,64,1,8682,28186,0.30802526076775705,4.65492,21.925778084958907,0.5652604040789296,0.8746966308913352,0.8801848533728076,0.9183169365594699
chat_preview,photo,kodak_01,768,512,512,341,71,64,64,2,17790,28186,0.6311644078620592,5.10075,24.898804792958437,0.7886003014109292,0.9630425466676572,0.9669063202056735,0.9705074578347163
chat_preview,photo,kodak_01,768,512,512,341,71,64,64,3,28186,28186,1.0,5.856,30.55823531615554,0.929620684408096,0.9872895093064059,0.9907152648466062,0.9922299669168169
chat_preview,photo,kodak_01,768,512,512,341,72,64,32,0,1619,13372,0.121073885731379,4.31425,19.501735024405114,0.24805876558157647,0.6167938948753039,0.6173452746436151,0.7797668509540159
chat_preview,photo,kodak_01,768,512,512,341,72,64,32,1,3349,13372,0.2504486987735567,4.43425,20.396245082899334,0.362656799761601,0.7443227226373565,0.7494868655512635,0.8485745816740549
chat_preview,photo,kodak_01,768,512,512,341,72,64,32,2,6266,13372,0.468591085851032,4.62217,21.84086118758138,0.557884717891321,0.8693013877461313,0.8754284826704949,0.9161731250932487
chat_preview,photo,kodak_01,768,512,512,341,72,64,32,3,10768,13372,0.8052647322763985,4.76437,24.285963497727426,0.7533819744042494,0.9472703135605863,0.9539105537232158,0.9635340987617159
chat_preview,photo,kodak_01,768,512,512,341,72,64,32,4,13372,13372,1.0,5.17346,26.23229719203167,0.8309205538456367,0.9625028405101556,0.9693137244426595,0.9771118599283026
chat_preview,photo,kodak_01,768,512,512,341,72,64,64,0,3828,28274,0.1353894036924383,4.36396,20.40883862854587,0.36318369250850974,0.7456644984226087,0.7511884840518259,0.8490774372144644
chat_preview,photo,kodak_01,768,512,512,341,72,64,64,1,8682,28274,0.3070665629199972,4.66958,21.925773793650762,0.5652679899498484,0.8746965706555945,0.8801842516107226,0.9183146057552083
chat_preview,photo,kodak_01,768,512,512,341,72,64,64,2,17790,28274,0.6291999717054537,4.95508,24.898973090779766,0.7886286059666056,0.9630509524456178,0.9669067194383975,0.9705097296505121
chat_preview,photo,kodak_01,768,512,512,341,72,64,64,3,28274,28274,1.0,5.83717,30.581126956099514,0.9299526665368552,0.9873304327217444,0.9907516901770579,0.9922605594029588
chat_preview,photo,kodak_01,768,512,512,341,73,64,32,0,1619,13630,0.11878209831254585,4.39596,19.501735024405114,0.24805876558157647,0.6167938948753039,0.6173452746436151,0.7797668509540159
chat_preview,photo,kodak_01,768,512,512,341,73,64,32,1,3373,13630,0.2474688187820983,4.49388,20.399257378694507,0.3629022206839138,0.7446976880645386,0.7495752120194287,0.8487743391947811
chat_preview,photo,kodak_01,768,512,512,341,73,64,32,2,6317,13630,0.46346294937637567,4.89821,21.845704116770236,0.5580747696759739,0.8696373586903073,0.8756433613949653,0.9163229766764993
chat_preview,photo,kodak_01,768,512,512,341,73,64,32,3,10901,13630,0.7997798972853999,4.94983,24.31939706215944,0.754262627349425,0.9478695665136989,0.954251184554718,0.9638906832569548
chat_preview,photo,kodak_01,768,512,512,341,73,64,32,4,13630,13630,1.0,5.20746,26.406055215568735,0.835082793886484,0.9636580897443815,0.9701962967664676,0.9779798923722983
chat_preview,photo,kodak_01,768,512,512,341,73,64,64,0,3828,28539,0.134132240092505,4.85992,20.40883862854587,0.36318369250850974,0.7456644984226087,0.7511884840518259,0.8490774372144644
chat_preview,photo,kodak_01,768,512,512,341,73,64,64,1,8741,28539,0.30628263078594203,4.63863,21.92857214972665,0.5655491161864358,0.8748702707974156,0.8801460537525845,0.9184580175581872
chat_preview,photo,kodak_01,768,512,512,341,73,64,64,2,17910,28539,0.6275622831914223,5.09533,24.90840191527614,0.7891681754892946,0.9632486325441092,0.9669785160013796,0.9706345156273443
chat_preview,photo,kodak_01,768,512,512,341,73,64,64,3,28539,28539,1.0,5.80679,30.7574155534969,0.9318820124367203,0.9877878350245055,0.9910449285655429,0.99255665313864
chat_preview,photo,kodak_01,768,512,512,341,74,64,32,0,1619,14158,0.1143523096482554,4.2845,19.501735024405114,0.24805876558157647,0.6167938948753039,0.6173452746436151,0.7797668509540159
chat_preview,photo,kodak_01,768,512,512,341,74,64,32,1,3373,14158,0.23823986438762537,4.35387,20.399257378694507,0.3629022206839138,0.7446976880645386,0.7495752120194287,0.8487743391947811
chat_preview,photo,kodak_01,768,512,512,341,74,64,32,2,6466,14158,0.45670292414182795,4.53275,21.84727353496308,0.5607590324670758,0.8705138939049463,0.8765502433845004,0.9163396334779668
chat_preview,photo,kodak_01,768,512,512,341,74,64,32,3,11278,14158,0.7965814380562226,4.78525,24.356091694451703,0.7584956845654838,0.9493635639016776,0.9557788740995677,0.9642259094099335
chat_preview,photo,kodak_01,768,512,512,341,74,64,32,4,14158,14158,1.0,5.1975,26.555075961210484,0.8411058055306749,0.9654833884051083,0.9720559873859235,0.9789907430339666
chat_preview,photo,kodak_01,768,512,512,341,74,64,64,0,3828,29833,0.12831428284114907,4.39692,20.40883862854587,0.36318369250850974,0.7456644984226087,0.7511884840518259,0.8490774372144644
chat_preview,photo,kodak_01,768,512,512,341,74,64,64,1,8741,29833,0.2929976871249958,4.57538,21.92857214972665,0.5655491161864358,0.8748702707974156,0.8801460537525845,0.9184580175581872
chat_preview,photo,kodak_01,768,512,512,341,74,64,64,2,18450,29833,0.6184426641638454,5.07292,24.921015231193557,0.791280388916919,0.9638346087355288,0.967641106280649,0.9710415228223809
chat_preview,photo,kodak_01,768,512,512,341,74,64,64,3,29833,29833,1.0,5.91892,30.927208415659805,0.9350823331374293,0.988217553652027,0.9915991917705961,0.992848611444068
chat_preview,photo,kodak_01,768,512,512,341,75,64,32,0,1619,14489,0.11173994064462696,4.27158,19.501735024405114,0.24805876558157647,0.6167938948753039,0.6173452746436151,0.7797668509540159
chat_preview,photo,kodak_01,768,512,512,341,75,64,32,1,3435,14489,0.23707640278832218,4.36717,20.399527018976666,0.3628270227514199,0.7445500921532942,0.7497054415233917,0.8486950252863648
chat_preview,photo,kodak_01,768,512,512,341,75,64,32,2,6548,14489,0.45192904962385255,4.51196,21.850302468098086,0.5608840213733293,0.870543813962967,0.8766812509065924,0.9164494688614393
chat_preview,photo,kodak_01,768,512,512,341,75,64,32,3,11458,14489,0.7908068189661123,4.78029,24.380172403090214,0.7595472805683482,0.9499582322050318,0.9562449099612296,0.9645222145195607
chat_preview,photo,kodak_01,768,512,512,341,75,64,32,4,14489,14489,1.0,5.18125,26.692388039041347,0.845109968195592,0.9665052771980518,0.9729463096003844,0.979707302879383
chat_preview,photo,kodak_01,768,512,512,341,75,64,64,0,3828,30249,0.12654963800456212,4.62787,20.40883862854587,0.36318369250850974,0.7456644984226087,0.7511884840518259,0.8490774372144644
chat_preview,photo,kodak_01,768,512,512,341,75,64,64,1,8892,30249,0.2939601309134186,4.79425,21.92918829336329,0.5653908936712096,0.8747137601493459,0.880331294929983,0.9182287585871745
chat_preview,photo,kodak_01,768,512,512,341,75,64,64,2,18652,30249,0.6166154253033158,5.13237,24.922553759418832,0.791259478962889,0.9638478712514864,0.9677110405630698,0.9709327055968223
chat_preview,photo,kodak_01,768,512,512,341,75,64,64,3,30249,30249,1.0,6.15633,31.075715339581397,0.9366590650287812,0.9885478647308704,0.9917752150402329,0.9930771143866565
chat_preview,photo,kodak_01,768,512,512,341,76,64,32,0,1619,14993,0.10798372573867805,4.43129,19.501735024405114,0.24805876558157647,0.6167938948753039,0.6173452746436151,0.7797668509540159
chat_preview,photo,kodak_01,768,512,512,341,76,64,32,1,3439,14993,0.22937370773027413,5.34821,20.399688506404008,0.3628323281530092,0.7445819785047464,0.7497007244266785,0.8487177556171619
chat_preview,photo,kodak_01,768,512,512,341,76,64,32,2,6622,14993,0.4416727806309611,7.04033,21.861424740021164,0.5600298615918815,0.87079984617008,0.8767273617266151,0.9166215030408916
chat_preview,photo,kodak_01,768,512,512,341,76,64,32,3,11789,14993,0.7863002734609484,8.01912,24.414395843496123,0.7621569309864643,0.95094090562845,0.9571553136869633,0.9647692887277369
chat_preview,photo,kodak_01,768,512,512,341,76,64,32,4,14993,14993,1.0,6.61604,26.847640741406625,0.8501649026769801,0.9678796558651342,0.9742240425497464,0.9805686077459542
chat_preview,photo,kodak_01,768,512,512,341,76,64,64,0,3828,31369,0.12203130479135452,4.50488,20.40883862854587,0.36318369250850974,0.7456644984226087,0.7511884840518259,0.8490774372144644
chat_preview,photo,kodak_01,768,512,512,341,76,64,64,1,8908,31369,0.2839746246294112,4.79383,21.929163300776256,0.5653824996529481,0.8747131030519196,0.8803324455787968,0.918228182026839
chat_preview,photo,kodak_01,768,512,512,341,76,64,64,2,18881,31369,0.6018999649335331,5.92233,24.939533523337264,0.7910080709995673,0.9639132384740859,0.967662961005853,0.9709217437216455
chat_preview,photo,kodak_01,768,512,512,341,76,64,64,3,31369,31369,1.0,5.99867,31.311903581957097,0.9398395482896554,0.9892116874222707,0.9923287348651711,0.9934702426699714
chat_preview,photo,kodak_01,768,512,512,341,77,64,32,0,1772,15530,0.11410173857050869,4.28437,19.51022669213694,0.2480184681321839,0.6168972474639035,0.6177415577276186,0.7798574057724531
chat_preview,photo,kodak_01,768,512,512,341,77,64,32,1,3679,15530,0.23689632968448165,4.5205,20.404817313426513,0.363910128942001,0.7456979363749138,0.750977972884771,0.8489430516282432
chat_preview,photo,kodak_01,768,512,512,341,77,64,32,2,6928,15530,0.44610431423052155,4.67033,21.87289241132333,0.5612825589435201,0.8717905129730443,0.8776989580496612,0.9170216872802458
chat_preview,photo,kodak_01,768,512,512,341,77,64,32,3,12143,15530,0.78190598840953,4.96292,24.453544004047153,0.7632412113560881,0.9519458136417424,0.9580162798784793,0.9652490359635505
chat_preview,photo,kodak_01,768,512,512,341,77,64,32,4,15530,15530,1.0,5.26821,27.015802036712245,0.8544242599912472,0.9694120634385307,0.9755910114606232,0.9814224016371209
chat_preview,photo,kodak_01,768,512,512,341,77,64,64,0,4374,32585,0.13423354304127666,4.41129,20.418262238638466,0.36340938419478097,0.7459116180294106,0.7514803176604188,0.8492098385088902
chat_preview,photo,kodak_01,768,512,512,341,77,64,64,1,9813,32585,0.30115083627435935,4.59342,21.93550943295859,0.5674184500096527,0.8754250295077619,0.8810525362772207,0.9183902996821953
chat_preview,photo,kodak_01,768,512,512,341,77,64,64,2,19991,32585,0.6135031456191499,5.22308,24.95172708798102,0.7923443364679373,0.9644158315795289,0.9681036096746767,0.9711607125999274
chat_preview,photo,kodak_01,768,512,512,341,77,64,64,3,32585,32585,1.0,5.95608,31.521000429964715,0.9420202232363933,0.9898276159392481,0.9927936100976011,0.9938327734729829
chat_preview,photo,kodak_01,768,512,512,341,78,64,32,0,1772,16198,0.10939622175577232,4.359,19.51022669213694,0.2480184681321839,0.6168972474639035,0.6177415577276186,0.7798574057724531
chat_preview,photo,kodak_01,768,512,512,341,78,64,32,1,3704,16198,0.2286702061982961,4.43579,20.406059235491497,0.36397464740002405,0.7458880191585983,0.7509810574438578,0.8490533613319476
chat_preview,photo,kodak_01,768,512,512,341,78,64,32,2,6965,16198,0.4299913569576491,4.7775,21.876418879045055,0.5614052461556087,0.8719766707410782,0.8777252898672072,0.9170953784189939
chat_preview,photo,kodak_01,768,512,512,341,78,64,32,3,12443,16198,0.7681812569453019,4.86612,24.48339090641875,0.7660683810304386,0.9528858108951775,0.9589834489028926,0.9655322994412155
chat_preview,photo,kodak_01,768,512,512,341,78,64,32,4,16198,16198,1.0,5.252,27.228947870761626,0.8614733197469401,0.9708986352212802,0.9771357255295406,0.9824149978547386
chat_preview,photo,kodak_01,768,512,512,341,78,64,64,0,4374,33575,0.13027550260610574,4.46279,20.418262238638466,0.36340938419478097,0.7459116180294106,0.7514803176604188,0.8492098385088902
chat_preview,photo,kodak_01,768,512,512,341,78,64,64,1,9850,33575,0.2933730454206999,4.57575,21.93877437395038,0.567700874485809,0.8755927546060184,0.8810275033481082,0.9186206897814893
chat_preview,photo,kodak_01,768,512,512,341,78,64,64,2,20066,33575,0.5976470588235294,5.14475,24.95719729782604,0.7925557125087939,0.9645375190322437,0.9681219894443244,0.9712844934573522
chat_preview,photo,kodak_01,768,512,512,341,78,64,64,3,33575,33575,1.0,6.06312,31.694484530555982,0.9446607382665855,0.9901710014495638,0.9931163748313105,0.9940133051042733
chat_preview,photo,kodak_01,768,512,512,341,79,64,32,0,1772,16688,0.10618408437200383,4.43283,19.51022669213694,0.2480184681321839,0.6168972474639035,0.6177415577276186,0.7798574057724531
chat_preview,photo,kodak_01,768,512,512,341,79,64,32,1,3704,16688,0.22195589645254074,4.58004,20.406059235491497,0.36397464740002405,0.7458880191585983,0.7509810574438578,0.8490533613319476
chat_preview,photo,kodak_01,768,512,512,341,79,64,32,2,7135,16688,0.42755273250239695,4.62817,21.881099613698915,0.563542437638391,0.8724812333987785,0.8784040587157507,0.9175622039629872
chat_preview,photo,kodak_01,768,512,512,341,79,64,32,3,12724,16688,0.762464046021093,4.84667,24.523217408061736,0.7678292102330215,0.9538045213668056,0.9597531473064774,0.9661622617201381
chat_preview,photo,kodak_01,768,512,512,341,79,64,32,4,16688,16688,1.0,5.29471,27.417951829879033,0.8660639921197005,0.9722227626743849,0.9782340114139298,0.9832081442738021
chat_preview,photo,kodak_01,768,512,512,341,79,64,64,0,4374,34444,0.1269887353385205,4.44567,20.418262238638466,0.36340938419478097,0.7459116180294106,0.7514803176604188,0.8492098385088902
chat_preview,photo,kodak_01,768,512,512,341,79,64,64,1,9850,34444,0.28597143188944374,4.64438,21.93877437395038,0.567700874485809,0.8755927546060184,0.8810275033481082,0.9186206897814893
chat_preview,photo,kodak_01,768,512,512,341,79,64,64,2,20644,34444,0.5993496690279875,5.21817,24.967710730491618,0.7940157590832743,0.9648185003270812,0.9684645682047778,0.9712885649097045
chat_preview,photo,kodak_01,768,512,512,341,79,64,64,3,34444,34444,1.0,6.14092,31.949104845155055,0.9471079542669057,0.9906612280828554,0.9935706468205439,0.9943682983464188
chat_preview,photo,kodak_01,768,512,512,341,80,64,32,0,1772,17378,0.10196800552422604,4.3845,19.51022669213694,0.2480184681321839,0.6168972474639035,0.6177415577276186,0.7798574057724531
chat_preview,photo,kodak_01,768,512,512,341,80,64,32,1,3808,17378,0.2191276326389688,4.3825,20.40842371029552,0.3636958549483456,0.7456294087911598,0.7511645670571709,0.8491325040902007
chat_preview,photo,kodak_01,768,512,512,341,80,64,32,2,7284,17378,0.4191506502474393,4.63508,21.886747061520925,0.5639856793534791,0.8726120111462522,0.8785800193961344,0.9177315849354143
chat_preview,photo,kodak_01,768,512,512,341,80,64,32,3,13174,17378,0.7580849349752561,4.85787,24.546902088115658,0.7707592027685406,0.9545782804994847,0.960529526602214,0.9665105129238928
chat_preview,photo,kodak_01,768,512,512,341,80,64,32,4,17378,17378,1.0,5.3035,27.57047811065116,0.8710620518169788,0.9732809328586769,0.9792387976508671,0.983800547859266
chat_preview,photo,kodak_01,768,512,512,341,80,64,64,0,4374,35896,0.12185201693782037,4.42471,20.418262238638466,0.36340938419478097,0.7459116180294106,0.7514803176604188,0.8492098385088902
chat_preview,photo,kodak_01,768,512,512,341,80,64,64,1,10135,35896,0.28234343659460664,4.60608,21.94099603396775,0.5672694169731188,0.8754329919388343,0.8812008732865864,0.9186163204739696
chat_preview,photo,kodak_01,768,512,512,341,80,64,64,2,21084,35896,0.5873634945397815,5.26271,24.975137799967683,0.794376888147382,0.9649285724118234,0.9685933439055995,0.971333966627748
chat_preview,photo,kodak_01,768,512,512,341,80,64,64,3,35896,35896,1.0,6.12371,32.162448263022554,0.9496732680619527,0.9910750926250231,0.9939131988560624,0.994644611892206
chat_preview,photo,kodak_01,768,512,512,341,81,64,32,0,1772,17896,0.09901654000894054,4.41354,19.51022669213694,0.2480184681321839,0.6168972474639035,0.6177415577276186,0.7798574057724531
chat_preview,photo,kodak_01,768,512,512,341,81,64,32,1,3824,17896,0.2136790344210997,4.4275,20.40832062080929,0.36368201060803346,0.7455933539684504,0.7511330281715561,0.8491336806569554
chat_preview,photo,kodak_01,768,512,512,341,81,64,32,2,7428,17896,0.4150648189539562,4.60275,21.894679729125084,0.5627946726804395,0.8724893981594475,0.8783473984270698,0.9178085980850215
chat_preview,photo,kodak_01,768,512,512,341,81,64,32,3,13457,17896,0.7519557443004024,4.849,24.589769554156057,0.771640131332935,0.9553215770840408,0.9609573524246658,0.9668826826829857
chat_preview,photo,kodak_01,768,512,512,341,81,64,32,4,17896,17896,1.0,5.36479,27.775908890099437,0.8753799011755486,0.9746679677344678,0.9802326582893086,0.9846992534600838
chat_preview,photo,kodak_01,768,512,512,341,81,64,64,0,4374,36657,0.11932236680579425,4.42225,20.418262238638466,0.36340938419478097,0.7459116180294106,0.7514803176604188,0.8492098385088902
chat_preview,photo,kodak_01,768,512,512,341,81,64,64,1,10158,36657,0.2771094197561175,4.65058,21.94098610539539,0.5672617100694968,0.875422435630075,0.8812134455267068,0.9186155197854106
chat_preview,photo,kodak_01,768,512,512,341,81,64,64,2,21507,36657,0.5867092233406989,5.38937,24.989907449018776,0.7942601611565321,0.9650758422815312,0.9686785989373119,0.9714800662864197
chat_preview,photo,kodak_01,768,512,512,341,81,64,64,3,36657,36657,1.0,6.12787,32.4741711022357,0.952200182711465,0.9916001527189554,0.9942621103124244,0.9949990454730311
chat_preview,photo,kodak_01,768,512,512,341,82,64,32,0,1788,18534,0.09647134995144059,4.33242,19.51022669213694,0.2480184681321839,0.6168972474639035,0.6177415577276186,0.7798574057724531
chat_preview,photo,kodak_01,768,512,512,341,82,64,32,1,3840,18534,0.20718679184202007,4.41133,20.40832062080929,0.36368201060803346,0.7455933539684504,0.7511330281715561,0.8491336806569554
chat_preview,photo,kodak_01,768,512,512,341,82,64,32,2,7460,18534,0.40250350706809107,4.67258,21.894659905120054,0.5628611879113504,0.8725149682580402,0.8783192156028566,0.9177760910044154
chat_preview,photo,kodak_01,768,512,512,341,82,64,32,3,13815,18534,0.7453868565878925,4.924,24.6161655663918,0.7743056287203333,0.9561645534921764,0.9618188530496327,0.9673529739937153
chat_preview,photo,kodak_01,768,512,512,341,82,64,32,4,18534,18534,1.0,5.32637,27.991699514448023,0.8807606137562968,0.9756016910337126,0.9811731525467623,0.9853180361436714
chat_preview,photo,kodak_01,768,512,512,341,82,64,64,0,4374,37831,0.11561946551769713,4.53912,20.418262238638466,0.36340938419478097,0.7459116180294106,0.7514803176604188,0.8492098385088902
chat_preview,photo,kodak_01,768,512,512,341,82,64,64,1,10158,37831,0.26850995215563955,4.72996,21.94098610539539,0.5672617100694968,0.875422435630075,0.8812134455267068,0.9186155197854106
chat_preview,photo,kodak_01,768,512,512,341,82,64,64,2,21507,37831,0.5685020221511459,5.20787,24.990686088334392,0.7943122086357862,0.9651006751592609,0.9686768643341914,0.9714901451608704
chat_preview,photo,kodak_01,768,512,512,341,82,64,64,3,37831,37831,1.0,6.12917,32.67190827253698,0.9544890943672479,0.9918571738512112,0.9945266438174136,0.9951753608896508
chat_preview,photo,kodak_01,768,512,512,341,83,64,32,0,1873,19226,0.09742016019972953,4.33487,19.51288868818522,0.24780960352495743,0.6167332976380151,0.6174181122693516,0.7798453609642793
chat_preview,photo,kodak_01,768,512,512,341,83,64,32,1,4033,19226,0.20976802246957246,4.44154,20.41335673756793,0.3633225653788597,0.7453565789328449,0.7504601888923293,0.8490430068825706
chat_preview,photo,kodak_01,768,512,512,341,83,64,32,2,7737,19226,0.40242380110267345,4.72079,21.905106549115075,0.5632039209854955,0.8727413437876793,0.8781912327650843,0.91794402310366
chat_preview,photo,kodak_01,768,512,512,341,83,64,32,3,14176,19226,0.7373348590450431,4.86787,24.662266678903897,0.7748761767030959,0.9569355468835767,0.9620513859888002,0.967998705680364
chat_preview,photo,kodak_01,768,512,512,341,83,64,32,4,19226,19226,1.0,5.38129,28.222590957483536,0.885232832296276,0.9770168146675089,0.9820410329494575,0.9861759811475984
chat_preview,photo,kodak_01,768,512,512,341,83,64,64,0,4624,38878,0.11893615926745203,4.54562,20.42241898485323,0.36340788000196306,0.7460247804901283,0.7513563146590452,0.8494129247186889
chat_preview,photo,kodak_01,768,512,512,341,83,64,64,1,10798,38878,0.2777406245177221,5.00896,21.94962186748856,0.5665989083847217,0.8754278331723043,0.8807927874557212,0.91859979649395
chat_preview,photo,kodak_01,768,512,512,341,83,64,64,2,22387,38878,0.5758269458305468,5.51246,25.011031853846447,0.7948300542268901,0.965432589346786,0.968830974399579,0.9715697448269424
chat_preview,photo,kodak_01,768,512,512,341,83,64,64,3,38878,38878,1.0,7.23787,33.01904428877468,0.956801172338491,0.9925242363345284,0.9949125250893162,0.9955778733863472
chat_preview,photo,kodak_01,768,512,512,341,84,64,32,0,1873,20127,0.09305907487454664,4.51717,19.51288868818522,0.24780960352495743,0.6167332976380151,0.6174181122693516,0.7798453609642793
chat_preview,photo,kodak_01,768,512,512,341,84,64,32,1,4052,20127,0.20132160779053013,4.5425,20.41365311794788,0.3633634902883362,0.7454030330079756,0.7505427563332003,0.8490431440448107
chat_preview,photo,kodak_01,768,512,512,341,84,64,32,2,7927,20127,0.39384905847866053,4.75883,21.904477857916092,0.5643338204603835,0.8733863082012964,0.8787615316885461,0.918157704293734
chat_preview,photo,kodak_01,768,512,512,341,84,64,32,3,14703,20127,0.7305112535400209,4.94067,24.692454004997742,0.777428207322421,0.9581302584242503,0.9632362150600955,0.9687604825331468
chat_preview,photo,kodak_01,768,512,512,341,84,64,32,4,20127,20127,1.0,5.59758,28.414170311439126,0.8903862938813383,0.9782560910397975,0.9833136771135826,0.9868170513120784
chat_preview,photo,kodak_01,768,512,512,341,84,64,64,0,4624,40855,0.11318076122873577,4.43375,20.42241898485323,0.36340788000196306,0.7460247804901283,0.7513563146590452,0.8494129247186889
chat_preview,photo,kodak_01,768,512,512,341,84,64,64,1,10837,40855,0.26525517072573734,4.66225,21.94960946206713,0.5665888155575287,0.8754263290969786,0.880807520886586,0.91859883459537
chat_preview,photo,kodak_01,768,512,512,341,84,64,64,2,23116,40855,0.565805898910782,5.32313,25.021363535021777,0.7963360988136746,0.9658974712179226,0.9693280065999752,0.9717744363611328
chat_preview,photo,kodak_01,768,512,512,341,84,64,64,3,40855,40855,1.0,6.19096,33.28598090114732,0.9596549202355457,0.9929789901177147,0.9954224753884534,0.9958284901180284
chat_preview,photo,kodak_01,768,512,512,341,85,64,32,0,1873,20979,0.08927975594642261,4.27296,19.51288868818522,0.24780960352495743,0.6167332976380151,0.6174181122693516,0.7798453609642793
chat_preview,photo,kodak_01,768,512,512,341,85,64,32,1,4166,20979,0.19857953191286526,4.38512,20.412201661428007,0.36282226595309836,0.7449934136616214,0.7507887772104788,0.848803258472897
chat_preview,photo,kodak_01,768,512,512,341,85,64,32,2,8159,20979,0.38891272224605555,4.62758,21.905718838434126,0.5641401787062638,0.8732476388764773,0.8790214285357674,0.9180033758504204
chat_preview,photo,kodak_01,768,512,512,341,85,64,32,3,15107,20979,0.7201010534343868,4.9,24.72774987910234,0.7781351031037064,0.9586790362441696,0.9636580000453041,0.9689952581865618
chat_preview,photo,kodak_01,768,512,512,341,85,64,32,4,20979,20979,1.0,5.36975,28.645831780811907,0.8947451378322899,0.979430985807627,0.9842341542416932,0.9876085770425781
chat_preview,photo,kodak_01,768,512,512,341,85,64,64,0,4624,41983,0.11013981849796346,4.38325,20.42241898485323,0.36340788000196306,0.7460247804901283,0.7513563146590452,0.8494129247186889
chat_preview,photo,kodak_01,768,512,512,341,85,64,64,1,11227,41983,0.2674177643331825,4.60738,21.95005356226786,0.5662118802550417,0.8752031488182839,0.881099436379136,0.9187637608674886
chat_preview,photo,kodak_01,768,512,512,341,85,64,64,2,23773,41983,0.5662530071695686,5.28754,25.02783223352307,0.7966163074480948,0.9660349826025573,0.9695007801097385,0.9719469425242536
chat_preview,photo,kodak_01,768,512,512,341,85,64,64,3,41983,41983,1.0,6.29175,33.61659988491932,0.9618660949526837,0.993428986317198,0.9956644630062015,0.9961250165122632
chat_preview,photo,kodak_01,768,512,512,341,86,64,32,0,1873,22287,0.08404002333198726,4.49271,19.51288868818522,0.24780960352495743,0.6167332976380151,0.6174181122693516,0.7798453609642793
chat_preview,photo,kodak_01,768,512,512,341,86,64,32,1,4166,22287,0.18692511329474581,4.49854,20.412201661428007,0.36282226595309836,0.7449934136616214,0.7507887772104788,0.848803258472897
chat_preview,photo,kodak_01,768,512,512,341,86,64,32,2,8263,22287,0.3707542513572935,4.61521,21.91568630672834,0.5637149958514761,0.873193924616985,0.8788633500631285,0.9181058985773106
chat_preview,photo,kodak_01,768,512,512,341,86,64,32,3,15595,22287,0.699735271683044,5.76783,24.759853357905286,0.7806420114243718,0.959386304440068,0.9643080429073253,0.9692349496262506
chat_preview,photo,kodak_01,768,512,512,341,86,64,32,4,22287,22287,1.0,6.149,28.945983144143142,0.901917683473159,0.9807109350776848,0.9854779560814062,0.9884763318879382
chat_preview,photo,kodak_01,768,512,512,341,86,64,64,0,4624,43793,0.10558765099445117,4.40525,20.42241898485323,0.36340788000196306,0.7460247804901283,0.7513563146590452,0.8494129247186889
chat_preview,photo,kodak_01,768,512,512,341,86,64,64,1,11227,43793,0.25636517251615554,4.51546,21.95005356226786,0.5662118802550417,0.8752031488182839,0.881099436379136,0.9187637608674886
chat_preview,photo,kodak_01,768,512,512,341,86,64,64,2,24156,43793,0.5515950037677254,5.40333,25.038287523770645,0.7964279619816687,0.966072841540619,0.9694189971563639,0.9719653072476213
chat_preview,photo,kodak_01,768,512,512,341,86,64,64,3,43793,43793,1.0,6.48379,33.91386567300453,0.9644417422176232,0.9938377040244367,0.995972595102616,0.9963488059238238
chat_preview,photo,kodak_01,768,512,512,341,87,64,32,0,1873,23136,0.0809560857538036,4.422,19.51288868818522,0.24780960352495743,0.6167332976380151,0.6174181122693516,0.7798453609642793
chat_preview,photo,kodak_01,768,512,512,341,87,64,32,1,4226,23136,0.18265905947441216,4.38287,20.413704073511912,0.3630980981014016,0.7452000040775492,0.7506465604543777,0.8488896629910159
chat_preview,photo,kodak_01,768,512,512,341,87,64,32,2,8400,23136,0.3630705394190871,4.50771,21.919689112075393,0.5640223751768726,0.8733983454338764,0.8788187852312472,0.9182337762829038
chat_preview,photo,kodak_01,768,512,512,341,87,64,32,3,15929,23136,0.6884941217150761,5.00154,24.790296843639045,0.7816585715760965,0.9599399130963712,0.9645224682152949,0.9694936222938565
chat_preview,photo,kodak_01,768,512,512,341,87,64,32,4,23136,23136,1.0,5.58975,29.20289905985701,0.906655083604487,0.981948102907268,0.9863877520188565,0.9891938193469197
chat_preview,photo,kodak_01,768,512,512,341,87,64,64,0,4624,44743,0.10334577475806271,4.40262,20.42241898485323,0.36340788000196306,0.7460247804901283,0.7513563146590452,0.8494129247186889
chat_preview,photo,kodak_01,768,512,512,341,87,64,64,1,11398,44743,0.25474375880025923,4.79233,21.951008541497544,0.5664572075130124,0.8754424853910464,0.8810237085613122,0.9187840058245338
chat_preview,photo,kodak_01,768,512,512,341,87,64,64,2,24528,44743,0.5481974834052254,5.40542,25.04233326041287,0.7965158831385116,0.9660632068190984,0.9694143214486118,0.9719255914617155
chat_preview,photo,kodak_01,768,512,512,341,87,64,64,3,44743,44743,1.0,6.4035,34.24431608513286,0.9665051443222897,0.9941974712438769,0.9962183031702361,0.9965866183496712
chat_preview,photo,kodak_01,768,512,512,341,88,64,32,0,1873,24117,0.07766305925280922,4.37829,19.51288868818522,0.24780960352495743,0.6167332976380151,0.6174181122693516,0.7798453609642793
chat_preview,photo,kodak_01,768,512,512,341,88,64,32,1,4227,24117,0.17527055603930838,4.44254,20.4139355480555,0.3631370974073915,0.7452366194593165,0.7506461859257152,0.8489005822800951
chat_preview,photo,kodak_01,768,512,512,341,88,64,32,2,8463,24117,0.35091429282249037,4.61008,21.920465931468964,0.5643814251241777,0.8736103820730241,0.8789374755703563,0.9182217581899033
chat_preview,photo,kodak_01,768,512,512,341,88,64,32,3,16442,24117,0.6817597545299996,5.12004,24.810555405444497,0.784154010800905,0.9605256095757193,0.9650608293908015,0.9696539308512703
chat_preview,photo,kodak_01,768,512,512,341,88,64,32,4,24117,24117,1.0,5.67979,29.429469691342128,0.9112474261735707,0.9828429905611086,0.9871992640497436,0.9897621046377874
chat_preview,photo,kodak_01,768,512,512,341,88,64,64,0,4624,46580,0.09927007299270073,4.39725,20.42241898485323,0.36340788000196306,0.7460247804901283,0.7513563146590452,0.8494129247186889
chat_preview,photo,kodak_01,768,512,512,341,88,64,64,1,11399,46580,0.24471876341777588,4.57121,21.95108159971133,0.5664642228005907,0.8754512488093426,0.881020703756475,0.9187857589648897
chat_preview,photo,kodak_01,768,512,512,341,88,64,64,2,24730,46580,0.5309145556032632,5.28175,25.045996782000266,0.7968657883633464,0.9661764471116253,0.9694634533305058,0.9719774452245187
chat_preview,photo,kodak_01,768,512,512,341,88,64,64,3,46580,46580,1.0,6.472,34.54622940734998,0.9687366421981318,0.9944975657111303,0.9964899018946728,0.9968010115981273
chat_preview,photo,kodak_01,768,512,512,341,89,64,32,0,1972,25392,0.07766225582860743,4.41975,19.512438140746916,0.24811714157746753,0.6171680398527454,0.6179886031998684,0.7799511291022516
chat_preview,photo,kodak_01,768,512,512,341,89,64,32,1,4466,25392,0.17588216761184625,4.4095,20.41399986041838,0.3643109783082661,0.7462134723032089,0.7517219170032049,0.8491685536898941
chat_preview,photo,kodak_01,768,512,512,341,89,64,32,2,9008,25392,0.35475740390674226,4.59192,21.918154234879545,0.5667718512565111,0.8749207846843298,0.8804088609874559,0.9184329183996701
chat_preview,photo,kodak_01,768,512,512,341,89,64,32,3,17125,25392,0.6744250157529931,4.96004,24.821265547290857,0.7861261456760391,0.9612826662343527,0.9657848648348473,0.969966481219656
chat_preview,photo,kodak_01,768,512,512,341,89,64,32,4,25392,25392,1.0,5.65729,29.63757011330904,0.9156997473133351,0.983830358917685,0.988103915945766,0.9902953904511269
chat_preview,photo,kodak_01,768,512,512,341,89,64,64,0,4998,48810,0.10239704978488015,4.42587,20.420264870803855,0.36351682223704646,0.7461304384345661,0.7515587443839995,0.8493466391306495
chat_preview,photo,kodak_01,768,512,512,341,89,64,64,1,12302,48810,0.2520385166973981,4.72363,21.95094733420823,0.5681696273443251,0.8760263426643772,0.8816451598839915,0.918966354053319
chat_preview,photo,kodak_01,768,512,512,341,89,64,64,2,26568,48810,0.5443146896127843,5.38917,25.051574374512594,0.798843629003167,0.9667396284436295,0.9700645077714908,0.9721850822708921
chat_preview,photo,kodak_01,768,512,512,341,89,64,64,3,48810,48810,1.0,6.48167,34.65633198148411,0.9700600609100648,0.9948075023371302,0.9967864299744541,0.9969235613408824
chat_preview,photo,kodak_01,768,512,512,341,90,64,32,0,2004,26575,0.07540921919096896,4.301,19.512438140746916,0.24811714157746753,0.6171680398527454,0.6179886031998684,0.7799511291022516
chat_preview,photo,kodak_01,768,512,512,341,90,64,32,1,4690,26575,0.1764816556914393,4.42017,20.416884796878946,0.3642573180222881,0.7462522129236557,0.7521942687099193,0.8492201272297447
chat_preview,photo,kodak_01,768,512,512,341,90,64,32,2,9287,26575,0.34946378174976483,4.694,21.922640383514217,0.5666956739740464,0.87497671078232,0.8806032196706277,0.9184008165117162
chat_preview,photo,kodak_01,768,512,512,341,90,64,32,3,17580,26575,0.6615239887111948,5.17171,24.84859923164776,0.7862486326550145,0.9616171355722031,0.9658835185487674,0.9699778095945347
chat_preview,photo,kodak_01,768,512,512,341,90,64,32,4,26575,26575,1.0,5.68842,30.042828827941108,0.9211142219614771,0.9850375617664997,0.9889503647786742,0.9910924470857672
chat_preview,photo,kodak_01,768,512,512,341,90,64,64,0,4998,49978,0.10000400176077474,4.43933,20.420264870803855,0.36351682223704646,0.7461304384345661,0.7515587443839995,0.8493466391306495
chat_preview,photo,kodak_01,768,512,512,341,90,64,64,1,12995,49978,0.2600144063387891,4.70646,21.95071640085818,0.5678854078150121,0.8758061298007984,0.8818737541933841,0.9188809732169265
chat_preview,photo,kodak_01,768,512,512,341,90,64,64,2,27364,49978,0.547520909200048,5.43408,25.062369868296607,0.7989902316562674,0.9668933810163555,0.9701364661488666,0.9722680797072346
chat_preview,photo,kodak_01,768,512,512,341,90,64,64,3,49978,49978,1.0,6.4835,35.069378311733566,0.9719022387255117,0.9951278968709923,0.9969726031180446,0.9971732871579116
chat_preview,photo,kodak_01,768,512,512,341,91,64,32,0,2020,28260,0.07147912243453644,4.30004,19.512438140746916,0.24811714157746753,0.6171680398527454,0.6179886031998684,0.7799511291022516
chat_preview,photo,kodak_01,768,512,512,341,91,64,32,1,4709,28260,0.16663128096249116,5.17996,20.4168586055723,0.3642759702309177,0.7462608304628991,0.7521804832616977,0.8492142522261261
chat_preview,photo,kodak_01,768,512,512,341,91,64,32,2,9673,28260,0.34228591648973816,5.09079,21.931379053732073,0.5658191382691768,0.8747759210590061,0.8805546235863925,0.9183323908842581
chat_preview,photo,kodak_01,768,512,512,341,91,64,32,3,18483,28260,0.6540339702760085,5.38679,24.881834333188692,0.7884326733184288,0.9626164930786082,0.9667544633433647,0.9702766368946014
chat_preview,photo,kodak_01,768,512,512,341,91,64,32,4,28260,28260,1.0,5.85333,30.382911673762262,0.9265691930438996,0.9863215029486474,0.9900566925714583,0.9917736865806859
chat_preview,photo,kodak_01,768,512,512,341,91,64,64,0,4998,52813,0.09463579043038646,4.60525,20.420264870803855,0.36351682223704646,0.7461304384345661,0.7515587443839995,0.8493466391306495
chat_preview,photo,kodak_01,768,512,512,341,91,64,64,1,12997,52813,0.2460947115293583,5.00408,21.950816010215707,0.5679030328888353,0.8758192804275637,0.8818690465306158,0.918888545147846
chat_preview,photo,kodak_01,768,512,512,341,91,64,64,2,28357,52813,0.5369321947247837,5.56321,25.070983023075094,0.7989405668369911,0.9668650398023413,0.9701357603491442,0.9722450030487924
chat_preview,photo,kodak_01,768,512,512,341,91,64,64,3,52813,52813,1.0,6.90408,35.50991842699829,0.9745474919012024,0.9955443204141935,0.9973111112076616,0.9974155345851115
chat_preview,photo,kodak_01,768,512,512,341,92,64,32,0,2020,29615,0.06820867803477967,4.40179,19.512438140746916,0.24811714157746753,0.6171680398527454,0.6179886031998684,0.7799511291022516
chat_preview,photo,kodak_01,768,512,512,341,92,64,32,1,4795,29615,0.1619111936518656,4.54537,20.416850899799933,0.36450363253201346,0.7465299311597992,0.7521624910465715,0.8492789833666706
chat_preview,photo,kodak_01,768,512,512,341,92,64,32,2,9817,29615,0.3314874219145703,4.72246,21.932175714712198,0.5662856776012237,0.8751220409214485,0.8804923092966563,0.9184946720263062
chat_preview,photo,kodak_01,768,512,512,341,92,64,32,3,18986,29615,0.6410940401823401,5.17563,24.90656481413081,0.7892518337681311,0.9631100913367602,0.9669132810592277,0.9706074140839087
chat_preview,photo,kodak_01,768,512,512,341,92,64,32,4,29615,29615,1.0,5.93821,30.73891040035842,0.9316634225545429,0.9875208656949025,0.9908764993618779,0.9924585141195287
chat_preview,photo,kodak_01,768,512,512,341,92,64,64,0,5014,54069,0.09273335922617397,4.39637,20.420264870803855,0.36351682223704646,0.7461304384345661,0.7515587443839995,0.8493466391306495
chat_preview,photo,kodak_01,768,512,512,341,92,64,64,1,13244,54069,0.24494627235569366,4.76087,21.952877007804766,0.568273727437541,0.8760399356174894,0.8818086798038853,0.9190703155454714
chat_preview,photo,kodak_01,768,512,512,341,92,64,64,2,28764,54069,0.5319869056205959,5.92862,25.074744357085965,0.7992845901947089,0.9670184807962948,0.9701486393844322,0.972366558156975
chat_preview,photo,kodak_01,768,512,512,341,92,64,64,3,54069,54069,1.0,6.75221,35.96094852275781,0.9767457995108706,0.9958735424837571,0.9975508302656635,0.9976370264743979
chat_preview,photo,kodak_01,768,512,512,341,93,64,32,0,2020,31367,0.0643988905537667,4.89792,19.512438140746916,0.24811714157746753,0.6171680398527454,0.6179886031998684,0.7799511291022516
chat_preview,photo,kodak_01,768,512,512,341,93,64,32,1,4833,31367,0.15407912774572002,4.54492,20.41699070063777,0.3642939886791204,0.7463435947611338,0.7519494366172185,0.8491621674971895
chat_preview,photo,kodak_01,768,512,512,341,93,64,32,2,10010,31367,0.3191251952689132,4.6685,21.932804170138738,0.5660757031114748,0.8749063505708606,0.8805664745157771,0.918204489133645
chat_preview,photo,kodak_01,768,512,512,341,93,64,32,3,19770,31367,0.6302802308158255,6.9735,24.92405713103132,0.7913353763412317,0.963741411926983,0.9676497769291053,0.9708902342502747
chat_preview,photo,kodak_01,768,512,512,341,93,64,32,4,31367,31367,1.0,6.01321,31.07305805569309,0.9364827895065014,0.9883421928372335,0.9916394157092142,0.9930004900126995
chat_preview,photo,kodak_01,768,512,512,341,93,64,64,0,5014,56630,0.08853964329860498,4.72767,20.420264870803855,0.36351682223704646,0.7461304384345661,0.7515587443839995,0.8493466391306495
chat_preview,photo,kodak_01,768,512,512,341,93,64,64,1,13374,56630,0.2361645770792866,4.98771,21.954287379417128,0.5682322053017248,0.8760413709549661,0.881793072432133,0.9190933164724673
chat_preview,photo,kodak_01,768,512,512,341,93,64,64,2,29208,56630,0.515769027017482,5.55983,25.07732373753408,0.7992527282024335,0.967005598037797,0.9702039118791919,0.9723652335222956
chat_preview,photo,kodak_01,768,512,512,341,93,64,64,3,56630,56630,1.0,6.92875,36.258126831312076,0.9783581561687709,0.9960982681650351,0.9977400268939518,0.997768732978662
chat_preview,photo,kodak_01,768,512,512,341,94,64,32,0,2020,34093,0.05924969935177309,4.35596,19.512438140746916,0.24811714157746753,0.6171680398527454,0.6179886031998684,0.7799511291022516
chat_preview,photo,kodak_01,768,512,512,341,94,64,32,1,4833,34093,0.141759305429267,4.53525,20.41699070063777,0.3642939886791204,0.7463435947611338,0.7519494366172185,0.8491621674971895
chat_preview,photo,kodak_01,768,512,512,341,94,64,32,2,10406,34093,0.3052239462646291,4.83183,21.93216158824486,0.567879103269838,0.8754324269406816,0.881046600560813,0.9184043380028173
chat_preview,photo,kodak_01,768,512,512,341,94,64,32,3,20584,34093,0.6037603027014343,5.28954,24.947454809546308,0.7924263235238378,0.9641372613427234,0.967942825377377,0.9711001523516348
chat_preview,photo,kodak_01,768,512,512,341,94,64,32,4,34093,34093,1.0,6.11983,31.618760299719856,0.943925153894552,0.9896670274102511,0.992821857931797,0.9938024552225633
chat_preview,photo,kodak_01,768,512,512,341,94,64,64,0,5030,59271,0.08486443623357122,4.48287,20.420264870803855,0.36351682223704646,0.7461304384345661,0.7515587443839995,0.8493466391306495
chat_preview,photo,kodak_01,768,512,512,341,94,64,64,1,13390,59271,0.225911491285789,4.77167,21.954287379417128,0.5682322053017248,0.8760413709549661,0.881793072432133,0.9190933164724673
chat_preview,photo,kodak_01,768,512,512,341,94,64,64,2,30691,59271,0.5178080342832077,5.56933,25.08425568600329,0.8005962136261019,0.9673335592280603,0.9705045464352575,0.9725475146762996
chat_preview,photo,kodak_01,768,512,512,341,94,64,64,3,59271,59271,1.0,6.86987,36.77185211223718,0.9804499557978245,0.9963455881776602,0.9980047943915846,0.9979558217740627
chat_preview,photo,kodak_01,768,512,512,341,95,64,32,0,2331,68365,0.034096394353836025,4.33437,19.512369233187655,0.2479039719411362,0.6168064002513735,0.6174886416736535,0.7797372474567281
chat_preview,photo,kodak_01,768,512,512,341,95,64,32,1,6003,68365,0.08780808893439626,4.449,20.4240882614522,0.36401301743016967,0.7464437528196207,0.7512316103331651,0.8494229901970778
chat_preview,photo,kodak_01,768,512,512,341,95,64,32,2,14691,68365,0.2148906604256564,4.79654,21.959378319492657,0.5667689659586551,0.8758920334409135,0.8808864813497512,0.9189705753683414
chat_preview,photo,kodak_01,768,512,512,341,95,64,32,3,32821,68365,0.48008483873326996,5.64592,25.10886123021109,0.7996329552556273,0.9673296182415179,0.9699537819827284,0.9726133575838573
chat_preview,photo,kodak_01,768,512,512,341,95,64,32,4,68365,68365,1.0,7.34537,38.651941455538655,0.9857118447674877,0.9969850538770441,0.9981972552089423,0.9985536624645608
chat_preview,photo,kodak_01,768,512,512,341,95,64,64,0,5890,96247,0.06119671262480909,4.47842,20.426195730366203,0.36393048063731454,0.7466008874832806,0.7511787444943718,0.8495270701681471
chat_preview,photo,kodak_01,768,512,512,341,95,64,64,1,17595,96247,0.18281089280704854,5.01483,21.96851794514155,0.5678607756781173,0.8766442137956328,0.8812197808111104,0.9192517559421483
chat_preview,photo,kodak_01,768,512,512,341,95,64,64,2,45228,96247,0.46991594543206544,6.03017,25.144378464826808,0.8014677089483918,0.9682578980146251,0.97080339973783,0.9729722086529755
chat_preview,photo,kodak_01,768,512,512,341,95,64,64,3,96247,96247,1.0,8.44396,42.1620987521394,0.9928967866157121,0.9986351666991299,0.999218721800169,0.9993754218089316
chat_preview,photo,kodak_01,768,512,512,341,96,64,32,0,2347,74013,0.03171064542715469,4.27983,19.512369233187655,0.2479039719411362,0.6168064002513735,0.6174886416736535,0.7797372474567281
chat_preview,photo,kodak_01,768,512,512,341,96,64,32,1,6145,74013,0.0830259548998149,4.41667,20.424927844198034,0.36386114622867477,0.7464241331574408,0.7511498285796555,0.8494307832608154
chat_preview,photo,kodak_01,768,512,512,341,96,64,32,2,15696,74013,0.21207085241781848,4.70879,21.96337109611662,0.5686675173922887,0.8766873616144409,0.8814290825065206,0.9193241446738443
chat_preview,photo,kodak_01,768,512,512,341,96,64,32,3,34918,74013,0.4717819842460108,5.61904,25.11689842413545,0.8005298235204745,0.9676627536998094,0.9703053227956863,0.972816888952919
chat_preview,photo,kodak_01,768,512,512,341,96,64,32,4,74013,74013,1.0,7.78337,39.19819993471853,0.9873060454705124,0.9973775510428133,0.9984705999793331,0.9987507916355283
chat_preview,photo,kodak_01,768,512,512,341,96,64,64,0,5890,101263,0.05816537135972665,4.50662,20.426195730366203,0.36393048063731454,0.7466008874832806,0.7511787444943718,0.8495270701681471
chat_preview,photo,kodak_01,768,512,512,341,96,64,64,1,18086,101263,0.17860422859287203,4.817,21.969508902017076,0.5679315513847745,0.8767292641060943,0.8812571175965686,0.9192758789568389
chat_preview,photo,kodak_01,768,512,512,341,96,64,64,2,49050,101263,0.4843822521552788,5.99454,25.152762385227202,0.8028473659242136,0.9686268758315651,0.971063022893733,0.9731159891836493
chat_preview,photo,kodak_01,768,512,512,341,96,64,64,3,101263,101263,1.0,8.76287,42.45211593993534,0.9933470428091553,0.9988022963387557,0.999336117950837,0.9994397157180289
chat_preview,photo,kodak_01,768,512,512,341,97,64,32,0,2347,77977,0.030098618823499238,4.29887,19.512369233187655,0.2479039719411362,0.6168064002513735,0.6174886416736535,0.7797372474567281
chat_preview,photo,kodak_01,768,512,512,341,97,64,32,1,6145,77977,0.07880528873898714,4.34063,20.424927844198034,0.36386114622867477,0.7464241331574408,0.7511498285796555,0.8494307832608154
chat_preview,photo,kodak_01,768,512,512,341,97,64,32,2,15696,77977,0.2012901240109263,4.82383,21.96337109611662,0.5686675173922887,0.8766873616144409,0.8814290825065206,0.9193241446738443
chat_preview,photo,kodak_01,768,512,512,341,97,64,32,3,36893,77977,0.4731266912038165,5.75571,25.12286060040607,0.8016654856507531,0.9679971225160213,0.9705825693545265,0.9729982909267022
chat_preview,photo,kodak_01,768,512,512,341,97,64,32,4,77977,77977,1.0,7.68958,39.92125578328308,0.9890099783648806,0.9976459224442878,0.9986820373056768,0.998905483681591
chat_preview,photo,kodak_01,768,512,512,341,97,64,64,0,5890,106922,0.055086885767194775,4.40608,20.426195730366203,0.36393048063731454,0.7466008874832806,0.7511787444943718,0.8495270701681471
chat_preview,photo,kodak_01,768,512,512,341,97,64,64,1,18086,106922,0.16915134397037093,4.84096,21.969508902017076,0.5679315513847745,0.8767292641060943,0.8812571175965686,0.9192758789568389
chat_preview,photo,kodak_01,768,512,512,341,97,64,64,2,49050,106922,0.4587456276538037,6.03037,25.152762385227202,0.8028473659242136,0.9686268758315651,0.971063022893733,0.9731159891836493
chat_preview,photo,kodak_01,768,512,512,341,97,64,64,3,106922,106922,1.0,8.839,42.94592502646531,0.9939212812770385,0.998865160919245,0.9994046219236006,0.9994843077386837
chat_preview,photo,kodak_01,768,512,512,341,98,64,32,0,2347,82991,0.028280174958730465,4.17788,19.512369233187655,0.2479039719411362,0.6168064002513735,0.6174886416736535,0.7797372474567281
chat_preview,photo,kodak_01,768,512,512,341,98,64,32,1,6453,82991,0.07775541926232965,4.40487,20.4254162775978,0.36373757616051705,0.7463553727879896,0.7513950957048743,0.8493873838115961
chat_preview,photo,kodak_01,768,512,512,341,98,64,32,2,17046,82991,0.20539576580593077,4.78275,21.964598552876243,0.5684731492022738,0.8765623306186807,0.8816496299776645,0.9192619151659649
chat_preview,photo,kodak_01,768,512,512,341,98,64,32,3,40184,82991,0.4841970816112591,5.77975,25.125942411921574,0.8016928268758976,0.9680099338327158,0.9707983431265198,0.9729570428501317
chat_preview,photo,kodak_01,768,512,512,341,98,64,32,4,82991,82991,1.0,8.07742,40.18023916680086,0.9895081697652266,0.9977932433104232,0.9987100915385,0.9989849079869417
chat_preview,photo,kodak_01,768,512,512,341,98,64,64,0,5890,116682,0.050479079892357004,4.42462,20.426195730366203,0.36393048063731454,0.7466008874832806,0.7511787444943718,0.8495270701681471
chat_preview,photo,kodak_01,768,512,512,341,98,64,64,1,19161,116682,0.1642155602406541,4.87692,21.97047714188575,0.5679030410932339,0.8766880007542159,0.8813684232984047,0.9192912847215596
chat_preview,photo,kodak_01,768,512,512,341,98,64,64,2,54082,116682,0.4634990829776658,6.38387,25.153957757804722,0.8029035595804226,0.9686856020435911,0.9711613644090324,0.9731434014232992
chat_preview,photo,kodak_01,768,512,512,341,98,64,64,3,116682,116682,1.0,9.16625,43.256434605164465,0.9941747823404857,0.9989448394758395,0.999404587061961,0.9995229106553504
chat_preview,photo,kodak_01,768,512,512,341,99,64,32,0,2347,89862,0.026117825109612518,4.34358,19.512369233187655,0.2479039719411362,0.6168064002513735,0.6174886416736535,0.7797372474567281
chat_preview,photo,kodak_01,768,512,512,341,99,64,32,1,6598,89862,0.07342369410874452,4.4515,20.42531819837346,0.36367535392531253,0.7462863070494982,0.7513349509608636,0.8494342008461773
chat_preview,photo,kodak_01,768,512,512,341,99,64,32,2,17543,89862,0.19522156195054638,5.03492,21.964084875668917,0.5684604778943205,0.8765637492421515,0.8816449043562582,0.9192583237746976
chat_preview,photo,kodak_01,768,512,512,341,99,64,32,3,42550,89862,0.4735038169637889,6.04296,25.134634204403447,0.8015629470997122,0.9680186747740652,0.970674442202995,0.9729491678728507
chat_preview,photo,kodak_01,768,512,512,341,99,64,32,4,89862,89862,1.0,8.69658,40.83797765892031,0.9909351890772596,0.9980787783799291,0.9988957853638923,0.9991182597086651
chat_preview,photo,kodak_01,768,512,512,341,99,64,64,0,5890,122665,0.04801695675212978,4.483,20.426195730366203,0.36393048063731454,0.7466008874832806,0.7511787444943718,0.8495270701681471
chat_preview,photo,kodak_01,768,512,512,341,99,64,64,1,19690,122665,0.16051848530550686,4.92192,21.969813709114053,0.5677656665950406,0.8766400111990705,0.8813454151689044,0.9192703918398049
chat_preview,photo,kodak_01,768,512,512,341,99,64,64,2,56084,122665,0.4572127338686667,6.39475,25.15420659841775,0.8028143269205442,0.9686639455648752,0.9711691997787661,0.9731360705147581
chat_preview,photo,kodak_01,768,512,512,341,99,64,64,3,122665,122665,1.0,9.53129,44.08673852478902,0.995120885306901,0.9990474099122945,0.9994770654871735,0.9995870666004552
chat_preview,photo,kodak_01,768,512,512,341,100,64,32,0,2347,248900,0.009429489754921656,4.28371,19.512369233187655,0.2479039719411362,0.6168064002513735,0.6174886416736535,0.7797372474567281
chat_preview,photo,kodak_01,768,512,512,341,100,64,32,1,7068,248900,0.028396946564885495,4.47346,20.426195730366203,0.36393048063731454,0.7466008874832806,0.7511787444943718,0.8495270701681471
chat_preview,photo,kodak_01,768,512,512,341,100,64,32,2,22912,248900,0.0920530333467256,4.95308,21.971585116297266,0.5682226855160314,0.8768669550750491,0.8812667907911335,0.9193666739076795
chat_preview,photo,kodak_01,768,512,512,341,100,64,32,3,77526,248900,0.3114744877460828,6.8485,25.171916111114193,0.8036689373978524,0.9690982472011608,0.9711390258885025,0.973324733248631
chat_preview,photo,kodak_01,768,512,512,341,100,64,32,4,248900,248900,1.0,13.2998,99.0,1.0,1.0,1.0,1.0
chat_preview,photo,kodak_01,768,512,512,341,100,64,64,0,5890,247475,0.02380038387715931,4.48362,20.426195730366203,0.36393048063731454,0.7466008874832806,0.7511787444943718,0.8495270701681471
chat_preview,photo,kodak_01,768,512,512,341,100,64,64,1,21487,247475,0.08682493181129407,5.03204,21.971585116297266,0.5682226855160314,0.8768669550750491,0.8812667907911335,0.9193666739076795
chat_preview,photo,kodak_01,768,512,512,341,100,64,64,2,76101,247475,0.3075098494797454,7.02242,25.171916111114193,0.8036689373978524,0.9690982472011608,0.9711390258885025,0.973324733248631
chat_preview,photo,kodak_01,768,512,512,341,100,64,64,3,247475,247475,1.0,15.025,99.0,1.0,1.0,1.0,1.0
chat_preview,photo,kodak_02,768,512,512,341,1,64,32,0,1041,2324,0.44793459552495696,4.31204,24.866834396741435,0.581773851461764,0.7618012517868505,0.7921046532494772,0.8339320451653239
chat_preview,photo,kodak_02,768,512,512,341,1,64,32,1,1635,2324,0.7035283993115319,4.55537,25.8591971958975,0.6204949214179414,0.8118239883972885,0.8477518072423738,0.8797805607482876
chat_preview,photo,kodak_02,768,512,512,341,1,64,32,2,2097,2324,0.9023235800344234,4.37096,26.91370227068674,0.6516932839354777,0.8383557752405685,0.8759827548884084,0.9172958193750959
chat_preview,photo,kodak_02,768,512,512,341,1,64,32,3,2324,2324,1.0,4.74708,27.207616284551833,0.6622510846980102,0.8451467131190601,0.8834726292023538,0.9233872023219929
chat_preview,photo,kodak_02,768,512,512,341,1,64,32,4,2324,2324,1.0,4.5635,27.207616284551833,0.6622510846980102,0.8451467131190601,0.8834726292023538,0.9233872023219929
chat_preview,photo,kodak_02,768,512,512,341,1,64,64,0,2216,4745,0.46701791359325606,4.42146,26.21364674025746,0.6416676356545893,0.8439819844094744,0.8624428195251949,0.892865259642196
chat_preview,photo,kodak_02,768,512,512,341,1,64,64,1,3512,4745,0.7401475237091676,4.56446,27.86807465319866,0.7017639552672202,0.8874750127548084,0.909128171141367,0.942699788385617
chat_preview,photo,kodak_02,768,512,512,341,1,64,64,2,4502,4745,0.9487881981032666,4.61163,28.921092107013276,0.741419678338986,0.9066469334119774,0.9319219683087785,0.957943963574571
chat_preview,photo,kodak_02,768,512,512,341,1,64,64,3,4745,4745,1.0,4.66346,29.107445073265133,0.745154635045238,0.9077102424632768,0.9331177116082942,0.9594999929492596
chat_preview,photo,kodak_02,768,512,512,341,2,64,32,0,1051,2337,0.449721865639709,4.263,24.8557008127556,0.583290582743804,0.7645824301145021,0.794273636468364,0.8346388604242008
chat_preview,photo,kodak_02,768,512,512,341,2,64,32,1,1645,2337,0.7038938810440736,4.45617,25.85782592688378,0.6220369046791787,0.8153752086103658,0.8511262947534656,0.8807623196087111
chat_preview,photo,kodak_02,768,512,512,341,2,64,32,2,2107,2337,0.9015832263585793,4.476,26.90372090180363,0.6534727701362234,0.8416359326027422,0.8790528229037957,0.9178048551062346
chat_preview,photo,kodak_02,768,512,512,341,2,64,32,3,2337,2337,1.0,4.48513,27.19499673128494,0.6640543849635683,0.8483502342091181,0.8864633471592807,0.9238598448548413
chat_preview,photo,kodak_02,768,512,512,341,2,64,32,4,2337,2337,1.0,4.39213,27.19499673128494,0.6640543849635683,0.8483502342091181,0.8864633471592807,0.9238598448548413
chat_preview,photo,kodak_02,768,512,512,341,2,64,64,0,2266,4795,0.47257559958289885,4.36692,26.201919621367004,0.643031207162101,0.846132603510194,0.8648230313284265,0.89381085563106
chat_preview,photo,kodak_02,768,512,512,341,2,64,64,1,3562,4795,0.7428571428571429,4.46192,27.856771139896193,0.7032967943041472,0.8891403182661275,0.9108447981760818,0.9433526866353925
chat_preview,photo,kodak_02,768,512,512,341,2,64,64,2,4552,4795,0.9493222106360792,4.584,28.902300434757322,0.7430293249315273,0.9085364114489872,0.933890667505667,0.9585501167703193
chat_preview,photo,kodak_02,768,512,512,341,2,64,64,3,4795,4795,1.0,4.68158,29.08803292185956,0.7467533558713352,0.9096034889573081,0.9350852460362099,0.9601034520955815
chat_preview,photo,kodak_02,768,512,512,341,3,64,32,0,1051,2379,0.4417822614543926,4.36758,24.8557008127556,0.583290582743804,0.7645824301145021,0.794273636468364,0.8346388604242008
chat_preview,photo,kodak_02,768,512,512,341,3,64,32,1,1655,2379,0.6956704497688104,4.29379,25.86221765686608,0.622270425955982,0.8153462556112056,0.8511368957206705,0.8808502171391487
chat_preview,photo,kodak_02,768,512,512,341,3,64,32,2,2142,2379,0.9003783102143758,4.35125,26.945504777740553,0.6548253105733157,0.8423367564803401,0.8794754671732434,0.9188732116064557
chat_preview,photo,kodak_02,768,512,512,341,3,64,32,3,2379,2379,1.0,4.46587,27.230545255788797,0.6653330382792634,0.8486497098502785,0.8864299517534071,0.9246677994220329
chat_preview,photo,kodak_02,768,512,512,341,3,64,32,4,2379,2379,1.0,4.52142,27.230545255788797,0.6653330382792634,0.8486497098502785,0.8864299517534071,0.9246677994220329
chat_preview,photo,kodak_02,768,512,512,341,3,64,64,0,2282,4907,0.46504992867332384,4.30433,26.201919621367004,0.643031207162101,0.846132603510194,0.8648230313284265,0.89381085563106
chat_preview,photo,kodak_02,768,512,512,341,3,64,64,1,3616,4907,0.7369064601589566,4.91808,27.861189971503318,0.7040971790196077,0.8895745291174727,0.9108944609778996,0.9433039225860176
chat_preview,photo,kodak_02,768,512,512,341,3,64,64,2,4660,4907,0.9496637456694518,4.70583,28.931640372341988,0.7450871923027936,0.909495860348433,0.9345092897243906,0.9588167584940565
chat_preview,photo,kodak_02,768,512,512,341,3,64,64,3,4907,4907,1.0,4.57521,29.12157559975857,0.748837467439667,0.9105442086385475,0.9356830058214313,0.9603660143943373
chat_preview,photo,kodak_02,768,512,512,341,4,64,32,0,1051,2393,0.4391976598412035,4.47462,24.8557008127556,0.583290582743804,0.7645824301145021,0.794273636468364,0.8346388604242008
chat_preview,photo,kodak_02,768,512,512,341,4,64,32,1,1656,2393,0.6920183869619724,4.40133,25.86330937222985,0.6224836539867485,0.8155705522762161,0.8510791573977116,0.8809122806221027
chat_preview,photo,kodak_02,768,512,512,341,4,64,32,2,2148,2393,0.897618052653573,4.37929,26.949106784887412,0.6552385666690447,0.8425963460068093,0.8794612192140581,0.9190024904864362
chat_preview,photo,kodak_02,768,512,512,341,4,64,32,3,2393,2393,1.0,4.47896,27.24344651457805,0.6663451279531609,0.8494294542778217,0.8869803282361514,0.9249942761845669
chat_preview,photo,kodak_02,768,512,512,341,4,64,32,4,2393,2393,1.0,4.41067,27.24344651457805,0.6663451279531609,0.8494294542778217,0.8869803282361514,0.9249942761845669
chat_preview,photo,kodak_02,768,512,512,341,4,64,64,0,2282,4935,0.4624113475177305,4.41575,26.201919621367004,0.643031207162101,0.846132603510194,0.8648230313284265,0.89381085563106
chat_preview,photo,kodak_02,768,512,512,341,4,64,64,1,3619,4935,0.7333333333333333,4.48842,27.861181633525916,0.7040677917012127,0.8895472892536546,0.9108958905072643,0.9432950704331087
chat_preview,photo,kodak_02,768,512,512,341,4,64,64,2,4671,4935,0.9465045592705167,4.59796,28.930674924312548,0.7451955010511221,0.9094631767084335,0.9345009011714676,0.9587833119144541
chat_preview,photo,kodak_02,768,512,512,341,4,64,64,3,4935,4935,1.0,4.69979,29.130255365204466,0.7493850192993277,0.9106139271050268,0.9357815399262037,0.9604022305439124
chat_preview,photo,kodak_02,768,512,512,341,5,64,32,0,1080,2439,0.44280442804428044,4.392,24.83678271643368,0.582733569109468,0.7650671741618442,0.7949925539843072,0.8341451700809694
chat_preview,photo,kodak_02,768,512,512,341,5,64,32,1,1701,2439,0.6974169741697417,4.42537,25.832386240429855,0.622377777546587,0.816153536050417,0.8530899600783296,0.8806517358315161
chat_preview,photo,kodak_02,768,512,512,341,5,64,32,2,2192,2439,0.8987289872898729,4.46933,26.924703563876967,0.6549174137744914,0.8424443698791365,0.8802682355353815,0.9189349574863254
chat_preview,photo,kodak_02,768,512,512,341,5,64,32,3,2439,2439,1.0,4.54408,27.22018581653421,0.6661167377442195,0.8492546504843475,0.8878107108656583,0.924930551426323
chat_preview,photo,kodak_02,768,512,512,341,5,64,32,4,2439,2439,1.0,4.50058,27.22018581653421,0.6661167377442195,0.8492546504843475,0.8878107108656583,0.924930551426323
chat_preview,photo,kodak_02,768,512,512,341,5,64,64,0,2345,5065,0.4629812438302073,4.42892,26.176506319768475,0.6424931830358998,0.8456075378517584,0.8654844096303138,0.8930865034640394
chat_preview,photo,kodak_02,768,512,512,341,5,64,64,1,3741,5065,0.7385982230997038,4.45258,27.84934041924979,0.7050919339002393,0.8906389295075637,0.9122885490730519,0.9435779999689649
chat_preview,photo,kodak_02,768,512,512,341,5,64,64,2,4798,5065,0.9472852912142152,4.6155,28.90781899666481,0.7459708183968923,0.9102211736640111,0.9354864723573999,0.9588676228795335
chat_preview,photo,kodak_02,768,512,512,341,5,64,64,3,5065,5065,1.0,4.77404,29.11102187106593,0.7501928549421094,0.9114330641670444,0.9368095769283473,0.9605363809937936
chat_preview,photo,kodak_02,768,512,512,341,6,64,32,0,1080,2449,0.44099632503062475,4.39067,24.83678271643368,0.582733569109468,0.7650671741618442,0.7949925539843072,0.8341451700809694
chat_preview,photo,kodak_02,768,512,512,341,6,64,32,1,1703,2449,0.6953858717844018,4.34954,25.834988756921234,0.6225091444867182,0.8163177166595568,0.8530583598524254,0.8807411023927219
chat_preview,photo,kodak_02,768,512,512,341,6,64,32,2,2197,2449,0.8971008574928542,4.47025,26.936098413162675,0.6553701141656332,0.842848334089076,0.8805388030674004,0.9192328128988813
chat_preview,photo,kodak_02,768,512,512,341,6,64,32,3,2449,2449,1.0,4.43788,27.237295632790143,0.6669206327789694,0.8497591563496129,0.8881708034985915,0.9252486856130171
chat_preview,photo,kodak_02,768,512,512,341,6,64,32,4,2449,2449,1.0,4.35921,27.237295632790143,0.6669206327789694,0.8497591563496129,0.8881708034985915,0.9252486856130171
chat_preview,photo,kodak_02,768,512,512,341,6,64,64,0,2345,5089,0.4607977991746905,4.30154,26.176506319768475,0.6424931830358998,0.8456075378517584,0.8654844096303138,0.8930865034640394
chat_preview,photo,kodak_02,768,512,512,341,6,64,64,1,3745,5089,0.7359009628610729,4.57708,27.855142131791155,0.7054323934498076,0.8910427962898929,0.9123899336738809,0.9437957264122487
chat_preview,photo,kodak_02,768,512,512,341,6,64,64,2,4806,5089,0.9443898604833956,4.58075,28.938331326657135,0.74651711279343,0.9108069793912615,0.9357769622558275,0.9592838582034422
chat_preview,photo,kodak_02,768,512,512,341,6,64,64,3,5089,5089,1.0,4.68867,29.149948807409174,0.7511859674169384,0.9121148037568348,0.9371846893278425,0.9610060166606174
chat_preview,photo,kodak_02,768,512,512,341,7,64,32,0,1080,2453,0.44027721157766003,4.36029,24.83678271643368,0.582733569109468,0.7650671741618442,0.7949925539843072,0.8341451700809694
chat_preview,photo,kodak_02,768,512,512,341,7,64,32,1,1703,2453,0.6942519364044027,4.39967,25.834988756921234,0.6225091444867182,0.8163177166595568,0.8530583598524254,0.8807411023927219
chat_preview,photo,kodak_02,768,512,512,341,7,64,32,2,2200,2453,0.8968609865470852,4.32592,26.939892928833657,0.6557024828817286,0.8430691642798375,0.880739342743996,0.9193031560017247
chat_preview,photo,kodak_02,768,512,512,341,7,64,32,3,2453,2453,1.0,4.50583,27.242903842681542,0.6671666723434053,0.8499212222693394,0.8883312858764726,0.9253667685217665
chat_preview,photo,kodak_02,768,512,512,341,7,64,32,4,2453,2453,1.0,4.43296,27.242903842681542,0.6671666723434053,0.8499212222693394,0.8883312858764726,0.9253667685217665
chat_preview,photo,kodak_02,768,512,512,341,7,64,64,0,2345,5101,0.4597137816114487,4.28183,26.176506319768475,0.6424931830358998,0.8456075378517584,0.8654844096303138,0.8930865034640394
chat_preview,photo,kodak_02,768,512,512,341,7,64,64,1,3745,5101,0.7341697706332092,4.51875,27.855142131791155,0.7054323934498076,0.8910427962898929,0.9123899336738809,0.9437957264122487
chat_preview,photo,kodak_02,768,512,512,341,7,64,64,2,4818,5101,0.9445206822191727,11.3747,28.94018032821391,0.7468119216016532,0.9108398257016702,0.9358056527789577,0.9593057523400277
chat_preview,photo,kodak_02,768,512,512,341,7,64,64,3,5101,5101,1.0,4.77683,29.154559354947807,0.7515025028717113,0.9121543879831112,0.9372255547680558,0.9610425016948606
chat_preview,photo,kodak_02,768,512,512,341,8,64,32,0,1080,2511,0.43010752688172044,4.38762,24.83678271643368,0.582733569109468,0.7650671741618442,0.7949925539843072,0.8341451700809694
chat_preview,photo,kodak_02,768,512,512,341,8,64,32,1,1724,2511,0.68657905217045,4.3755,25.840584599718674,0.6227767120087239,0.8169335912143049,0.8528279977211265,0.881085797164157
chat_preview,photo,kodak_02,768,512,512,341,8,64,32,2,2246,2511,0.8944643568299482,4.45096,26.976533008256595,0.6577972009166156,0.8446588645558938,0.881902615059222,0.919901310428764
chat_preview,photo,kodak_02,768,512,512,341,8,64,32,3,2511,2511,1.0,4.52037,27.294314119849062,0.6703986308536459,0.8522894053852297,0.8903651819043644,0.9262354968049923
chat_preview,photo,kodak_02,768,512,512,341,8,64,32,4,2511,2511,1.0,4.49971,27.294314119849062,0.6703986308536459,0.8522894053852297,0.8903651819043644,0.9262354968049923
chat_preview,photo,kodak_02,768,512,512,341,8,64,64,0,2345,5198,0.45113505194305503,4.80958,26.176506319768475,0.6424931830358998,0.8456075378517584,0.8654844096303138,0.8930865034640394
chat_preview,photo,kodak_02,768,512,512,341,8,64,64,1,3766,5198,0.7245094267025779,7.78396,27.862125874832287,0.7057878848627755,0.891274082226072,0.9125904186770418,0.9439298244059054
chat_preview,photo,kodak_02,768,512,512,341,8,64,64,2,4897,5198,0.9420931127356675,6.17292,28.982035926008685,0.7485706563396796,0.9117406933124516,0.9365267689723119,0.9597783192727289
chat_preview,photo,kodak_02,768,512,512,341,8,64,64,3,5198,5198,1.0,5.69704,29.20935341754373,0.7538214010744304,0.9131900943094696,0.9381080452924375,0.961677834268117
chat_preview,photo,kodak_02,768,512,512,341,9,64,32,0,1096,2541,0.4313262495080677,4.45458,24.83678271643368,0.582733569109468,0.7650671741618442,0.7949925539843072,0.8341451700809694
chat_preview,photo,kodak_02,768,512,512,341,9,64,32,1,1751,2541,0.689098780007871,5.34908,25.84016877265555,0.6228638300631902,0.8169784542103828,0.8527939507891608,0.8810930644356096
chat_preview,photo,kodak_02,768,512,512,341,9,64,32,2,2276,2541,0.8957103502558048,4.85179,26.98920689766115,0.65794246701584,0.8449637946541669,0.8818106438877938,0.9202043859997294
chat_preview,photo,kodak_02,768,512,512,341,9,64,32,3,2541,2541,1.0,7.22492,27.312252354379225,0.6705835962547818,0.8526384104375514,0.8903680010992147,0.9265820153824876
chat_preview,photo,kodak_02,768,512,512,341,9,64,32,4,2541,2541,1.0,4.738,27.312252354379225,0.6705835962547818,0.8526384104375514,0.8903680010992147,0.9265820153824876
chat_preview,photo,kodak_02,768,512,512,341,9,64,64,0,2345,5203,0.4507015183547953,4.83471,26.176506319768475,0.6424931830358998,0.8456075378517584,0.8654844096303138,0.8930865034640394
chat_preview,photo,kodak_02,768,512,512,341,9,64,64,1,3766,5203,0.723813184701134,4.81021,27.862228993179457,0.7057931430442221,0.8912792404002653,0.9125879141759182,0.9439302136365475
chat_preview,photo,kodak_02,768,512,512,341,9,64,64,2,4897,5203,0.9411877762829137,5.08042,28.982709789772837,0.7485800686726437,0.9117455473129586,0.9365251176916222,0.9597787667625343
chat_preview,photo,kodak_02,768,512,512,341,9,64,64,3,5203,5203,1.0,5.00808,29.214154759515996,0.7539006240283245,0.9132043581319466,0.9381169505647391,0.9617007827585209
chat_preview,photo,kodak_02,768,512,512,341,10,64,32,0,1096,2559,0.4282923016803439,4.59138,24.83678271643368,0.582733569109468,0.7650671741618442,0.7949925539843072,0.8341451700809694
chat_preview,photo,kodak_02,768,512,512,341,10,64,32,1,1758,2559,0.6869871043376319,4.46833,25.842805823751508,0.6230086686815515,0.8169631388680783,0.8529616260749088,0.8812113959224088
chat_preview,photo,kodak_02,768,512,512,341,10,64,32,2,2287,2559,0.8937084798749512,4.72054,26.985650921981264,0.6580701071157494,0.844851864358601,0.8817870286214371,0.9201061619141571
chat_preview,photo,kodak_02,768,512,512,341,10,64,32,3,2559,2559,1.0,4.51462,27.314275714891224,0.6711524835976688,0.8524991176673992,0.8903363193803747,0.9265249245617402
chat_preview,photo,kodak_02,768,512,512,341,10,64,32,4,2559,2559,1.0,4.475,27.314275714891224,0.6711524835976688,0.8524991176673992,0.8903363193803747,0.9265249245617402
chat_preview,photo,kodak_02,768,512,512,341,10,64,64,0,2345,5234,0.44803209782193354,4.33775,26.176506319768475,0.6424931830358998,0.8456075378517584,0.8654844096303138,0.8930865034640394
chat_preview,photo,kodak_02,768,512,512,341,10,64,64,1,3778,5234,0.7218188765762323,4.43987,27.864947820286222,0.7060118238419636,0.8913100047462956,0.912650647347258,0.9439593389750097
chat_preview,photo,kodak_02,768,512,512,341,10,64,64,2,4915,5234,0.9390523500191058,4.60567,28.98466297127941,0.7487208818275565,0.9117248467023994,0.936556104990083,0.9597864434695683
chat_preview,photo,kodak_02,768,512,512,341,10,64,64,3,5234,5234,1.0,4.66175,29.22088825406949,0.7542502874200635,0.9132586049211695,0.9382293605643814,0.9617761984318102
chat_preview,photo,kodak_02,768,512,512,341,11,64,32,0,1123,2592,0.4332561728395062,4.38154,24.853294552757518,0.5816842964983487,0.7630865613184392,0.793713561187005,0.83502676534961
chat_preview,photo,kodak_02,768,512,512,341,11,64,32,1,1789,2592,0.6902006172839507,4.37358,25.872090794798275,0.6224244658342439,0.815949255998874,0.8516186961565717,0.8818750060869585
chat_preview,photo,kodak_02,768,512,512,341,11,64,32,2,2320,2592,0.8950617283950617,4.36896,27.028330810720394,0.6577912586043607,0.8446682039226925,0.8813276638728756,0.921070130538244
chat_preview,photo,kodak_02,768,512,512,341,11,64,32,3,2592,2592,1.0,4.47392,27.36544181555344,0.6711061684263298,0.8525270941234991,0.8901151253368021,0.9275981649172682
chat_preview,photo,kodak_02,768,512,512,341,11,64,32,4,2592,2592,1.0,4.49592,27.36544181555344,0.6711061684263298,0.8525270941234991,0.8901151253368021,0.9275981649172682
chat_preview,photo,kodak_02,768,512,512,341,11,64,64,0,2454,5354,0.4583488980201718,4.30471,26.17275147984442,0.6398354649712643,0.8424407042672853,0.8640787907446393,0.8930319859163834
chat_preview,photo,kodak_02,768,512,512,341,11,64,64,1,3896,5354,0.7276802390735898,4.51371,27.860737094451714,0.7036980262086185,0.8886055291960243,0.9111191812781841,0.9432907175815963
chat_preview,photo,kodak_02,768,512,512,341,11,64,64,2,5035,5354,0.9404183787822189,4.59729,29.00273710367206,0.7468001822840754,0.9094213214706692,0.9354563072322083,0.9595678236924958
chat_preview,photo,kodak_02,768,512,512,341,11,64,64,3,5354,5354,1.0,4.70367,29.244651251447436,0.7523933221942718,0.9109534188561418,0.9371704907560376,0.9615927488385781
chat_preview,photo,kodak_02,768,512,512,341,12,64,32,0,1123,2601,0.431757016532103,4.31425,24.853294552757518,0.5816842964983487,0.7630865613184392,0.793713561187005,0.83502676534961
chat_preview,photo,kodak_02,768,512,512,341,12,64,32,1,1792,2601,0.688965782391388,4.46333,25.872142402758875,0.6225479124056308,0.8160368681481155,0.8515962702394725,0.8818736932839683
chat_preview,photo,kodak_02,768,512,512,341,12,64,32,2,2323,2601,0.8931180315263361,4.46117,27.026484061532543,0.658022470414378,0.8447955548561107,0.8812635613949087,0.9209522147566405
chat_preview,photo,kodak_02,768,512,512,341,12,64,32,3,2601,2601,1.0,4.4955,27.37109208805468,0.6718038410816596,0.8528094456356351,0.8902526385912358,0.9275882729251065
chat_preview,photo,kodak_02,768,512,512,341,12,64,32,4,2601,2601,1.0,4.41192,27.37109208805468,0.6718038410816596,0.8528094456356351,0.8902526385912358,0.9275882729251065
chat_preview,photo,kodak_02,768,512,512,341,12,64,64,0,2454,5374,0.45664309639002604,4.44262,26.17275147984442,0.6398354649712643,0.8424407042672853,0.8640787907446393,0.8930319859163834
chat_preview,photo,kodak_02,768,512,512,341,12,64,64,1,3899,5374,0.7255303312244138,4.47625,27.86066891763658,0.7036997349047089,0.888593515844479,0.9111177520121524,0.9432879086000598
chat_preview,photo,kodak_02,768,512,512,341,12,64,64,2,5038,5374,0.9374767398585784,4.62346,28.99873939393904,0.7467883740481618,0.9094174333786439,0.9354455433048894,0.9595275723535657
chat_preview,photo,kodak_02,768,512,512,341,12,64,64,3,5374,5374,1.0,4.68637,29.249652287489024,0.7527410007268331,0.9110810051858969,0.9373541815915429,0.9617238643218601
chat_preview,photo,kodak_02,768,512,512,341,13,64,32,0,1123,2638,0.4257012888551933,4.26708,24.853294552757518,0.5816842964983487,0.7630865613184392,0.793713561187005,0.83502676534961
chat_preview,photo,kodak_02,768,512,512,341,13,64,32,1,1804,2638,0.6838514025777104,4.33596,25.877743661844583,0.6227187699010417,0.8163275977202232,0.8516804733201228,0.8820548083083438
chat_preview,photo,kodak_02,768,512,512,341,13,64,32,2,2361,2638,0.8949962092494314,4.45817,27.053405504905715,0.6595092319710621,0.8456268024543988,0.8820373489376226,0.9216979390871352
chat_preview,photo,kodak_02,768,512,512,341,13,64,32,3,2638,2638,1.0,4.45654,27.411326651102463,0.6733105690281754,0.8539331730603776,0.8913525552643716,0.9285279740293697
chat_preview,photo,kodak_02,768,512,512,341,13,64,32,4,2638,2638,1.0,4.44783,27.411326651102463,0.6733105690281754,0.8539331730603776,0.8913525552643716,0.9285279740293697
chat_preview,photo,kodak_02,768,512,512,341,13,64,64,0,2454,5505,0.44577656675749316,4.34217,26.17275147984442,0.6398354649712643,0.8424407042672853,0.8640787907446393,0.8930319859163834
chat_preview,photo,kodak_02,768,512,512,341,13,64,64,1,3946,5505,0.716802906448683,4.50196,27.883176224542304,0.7044814147316746,0.8892243068320541,0.9112960874056466,0.9437608096889315
chat_preview,photo,kodak_02,768,512,512,341,13,64,64,2,5169,5505,0.9389645776566757,4.72925,29.04318633792893,0.7495589300678122,0.9108414102400265,0.9364996904839232,0.9602242095731844
chat_preview,photo,kodak_02,768,512,512,341,13,64,64,3,5505,5505,1.0,4.76775,29.301662030899696,0.7554952804415396,0.9124700608637774,0.9383600911301548,0.9623852248209982
chat_preview,photo,kodak_02,768,512,512,341,14,64,32,0,1123,2648,0.4240936555891239,4.66746,24.853294552757518,0.5816842964983487,0.7630865613184392,0.793713561187005,0.83502676534961
chat_preview,photo,kodak_02,768,512,512,341,14,64,32,1,1804,2648,0.6812688821752266,4.67154,25.877743661844583,0.6227187699010417,0.8163275977202232,0.8516804733201228,0.8820548083083438
chat_preview,photo,kodak_02,768,512,512,341,14,64,32,2,2361,2648,0.8916163141993958,4.35521,27.053234702378234,0.6596031963484289,0.8457315483109208,0.8820721486565529,0.9216240564476932
chat_preview,photo,kodak_02,768,512,512,341,14,64,32,3,2648,2648,1.0,4.8235,27.41866144335749,0.6739103277661863,0.8542074688652684,0.8915604052836099,0.9285712214456064
chat_preview,photo,kodak_02,768,512,512,341,14,64,32,4,2648,2648,1.0,4.46579,27.41866144335749,0.6739103277661863,0.8542074688652684,0.8915604052836099,0.9285712214456064
chat_preview,photo,kodak_02,768,512,512,341,14,64,64,0,2454,5532,0.4436008676789588,4.37529,26.17275147984442,0.6398354649712643,0.8424407042672853,0.8640787907446393,0.8930319859163834
chat_preview,photo,kodak_02,768,512,512,341,14,64,64,1,3946,5532,0.7133044107013738,4.49633,27.883176224542304,0.7044814147316746,0.8892243068320541,0.9112960874056466,0.9437608096889315
chat_preview,photo,kodak_02,768,512,512,341,14,64,64,2,5170,5532,0.9345625451916124,4.55933,29.043750867780624,0.7496187639542405,0.9108786569741301,0.936548145097723,0.9602295912448434
chat_preview,photo,kodak_02,768,512,512,341,14,64,64,3,5532,5532,1.0,4.77942,29.318620540419133,0.7561406596770816,0.9127293207613393,0.9387038029172348,0.9626807779459204
chat_preview,photo,kodak_02,768,512,512,341,15,64,32,0,1139,2684,0.4243666169895678,4.59629,24.853294552757518,0.5816842964983487,0.7630865613184392,0.793713561187005,0.83502676534961
chat_preview,photo,kodak_02,768,512,512,341,15,64,32,1,1824,2684,0.6795827123695977,4.2725,25.879616107334677,0.6230800717329257,0.81677474641163,0.8516620462259666,0.8822419561321742
chat_preview,photo,kodak_02,768,512,512,341,15,64,32,2,2387,2684,0.889344262295082,4.39596,27.065503881107805,0.6601293272156664,0.8463520644206325,0.8822663771329926,0.9218889627289805
chat_preview,photo,kodak_02,768,512,512,341,15,64,32,3,2674,2684,0.996274217585693,4.47179,27.43486297226096,0.6744702703042394,0.8548462482023315,0.8918090566397245,0.9288942463925692
chat_preview,photo,kodak_02,768,512,512,341,15,64,32,4,2684,2684,1.0,4.47858,27.43871938451808,0.6745518512250678,0.854935839076351,0.8918822297314865,0.9289772782392497
chat_preview,photo,kodak_02,768,512,512,341,15,64,64,0,2454,5560,0.44136690647482013,4.29396,26.17275147984442,0.6398354649712643,0.8424407042672853,0.8640787907446393,0.8930319859163834
chat_preview,photo,kodak_02,768,512,512,341,15,64,64,1,3952,5560,0.7107913669064748,4.44933,27.889931928348414,0.7046137107313405,0.8893900117228117,0.9113040239744481,0.9439178867220959
chat_preview,photo,kodak_02,768,512,512,341,15,64,64,2,5198,5560,0.9348920863309352,4.67821,29.055745168360815,0.7498559118056852,0.9110937341701256,0.9365592615002459,0.9603796868511028
chat_preview,photo,kodak_02,768,512,512,341,15,64,64,3,5560,5560,1.0,4.78704,29.334348143076085,0.7564066939649954,0.9129748731550763,0.9387512812909447,0.9628522857832388
chat_preview,photo,kodak_02,768,512,512,341,16,64,32,0,1139,2696,0.42247774480712164,4.325,24.853294552757518,0.5816842964983487,0.7630865613184392,0.793713561187005,0.83502676534961
chat_preview,photo,kodak_02,768,512,512,341,16,64,32,1,1824,2696,0.6765578635014837,4.45129,25.879862354730882,0.6231204212781449,0.816820155400673,0.8516665473098047,0.8822468572031794
chat_preview,photo,kodak_02,768,512,512,341,16,64,32,2,2388,2696,0.8857566765578635,4.65112,27.077337629186648,0.6604510228035579,0.8467512390350431,0.8824273198306022,0.9221815457641579
chat_preview,photo,kodak_02,768,512,512,341,16,64,32,3,2686,2696,0.9962908011869436,4.59971,27.45759920312122,0.6757803456731417,0.8558341772894623,0.8926565154038582,0.9294036477061957
chat_preview,photo,kodak_02,768,512,512,341,16,64,32,4,2696,2696,1.0,4.4445,27.461512256122305,0.6758593582415745,0.855922770922993,0.8927286496440316,0.9294866439567219
chat_preview,photo,kodak_02,768,512,512,341,16,64,64,0,2454,5616,0.43696581196581197,4.45929,26.17275147984442,0.6398354649712643,0.8424407042672853,0.8640787907446393,0.8930319859163834
chat_preview,photo,kodak_02,768,512,512,341,16,64,64,1,3952,5616,0.7037037037037037,4.42521,27.890023157959778,0.704619392572264,0.8893937787923519,0.9113025367226731,0.9439200425558465
chat_preview,photo,kodak_02,768,512,512,341,16,64,64,2,5200,5616,0.9259259259259259,4.62737,29.06980753405893,0.7500313591445749,0.9112863627233683,0.9367484845736699,0.9604589391377609
chat_preview,photo,kodak_02,768,512,512,341,16,64,64,3,5616,5616,1.0,4.69979,29.384227767433867,0.75781139013588,0.9137420653180341,0.9397666315058454,0.963785686324791
chat_preview,photo,kodak_02,768,512,512,341,17,64,32,0,1185,2782,0.42595255212077643,4.535,24.889784643541084,0.5823530736265794,0.7648482504653603,0.7946418693682367,0.8360005511905366
chat_preview,photo,kodak_02,768,512,512,341,17,64,32,1,1902,2782,0.6836808051761323,4.4505,25.935687639111222,0.6243518112009259,0.8182112559646194,0.8533616516882894,0.8839559564114041
chat_preview,photo,kodak_02,768,512,512,341,17,64,32,2,2474,2782,0.8892882818116463,4.56562,27.15330126868802,0.6610088785273742,0.8473510619573387,0.8833029941166656,0.9234932984485466
chat_preview,photo,kodak_02,768,512,512,341,17,64,32,3,2772,2782,0.9964054636951833,4.76508,27.54342479586985,0.6764697717985858,0.8564488968147832,0.8934862334571632,0.9306717928073178
chat_preview,photo,kodak_02,768,512,512,341,17,64,32,4,2782,2782,1.0,4.59458,27.547578082788974,0.6765482343446793,0.8565444576276384,0.8935625525869215,0.930759685653902
chat_preview,photo,kodak_02,768,512,512,341,17,64,64,0,2639,5916,0.44607843137254904,4.47546,26.22863214320011,0.6416919213046047,0.8448749550766079,0.8658747934227286,0.8944844840546307
chat_preview,photo,kodak_02,768,512,512,341,17,64,64,1,4246,5916,0.7177146720757268,4.60771,27.97853176154623,0.7086733423414678,0.8928747261247357,0.9149057127678041,0.9452597370828018
chat_preview,photo,kodak_02,768,512,512,341,17,64,64,2,5500,5916,0.9296822177146721,4.74962,29.17898850998515,0.7535543955542515,0.9136681908475773,0.9391342235081105,0.9613706721492837
chat_preview,photo,kodak_02,768,512,512,341,17,64,64,3,5916,5916,1.0,4.89125,29.506930740971686,0.7613422290315114,0.9160861429346507,0.9421185311115297,0.9646460374732532
chat_preview,photo,kodak_02,768,512,512,341,18,64,32,0,1185,2846,0.4163738580463809,4.43033,24.889784643541084,0.5823530736265794,0.7648482504653603,0.7946418693682367,0.8360005511905366
chat_preview,photo,kodak_02,768,512,512,341,18,64,32,1,1918,2846,0.673928320449754,4.57579,25.940203819140383,0.6247356847644747,0.8183883673416193,0.8533161628511416,0.8842049716117061
chat_preview,photo,kodak_02,768,512,512,341,18,64,32,2,2527,2846,0.8879128601546029,4.51192,27.163641161891615,0.6631414860492199,0.8481368401252768,0.8847160539193446,0.9235879535640219
chat_preview,photo,kodak_02,768,512,512,341,18,64,32,3,2830,2846,0.994378074490513,4.40762,27.56576681247056,0.6791767999005917,0.8573590627550707,0.8949270298723913,0.9308786736842121
chat_preview,photo,kodak_02,768,512,512,341,18,64,32,4,2846,2846,1.0,4.73417,27.569203924354866,0.6792708754274593,0.8574636268646773,0.8950051815791155,0.9309710575019702
chat_preview,photo,kodak_02,768,512,512,341,18,64,64,0,2639,6104,0.4323394495412844,4.58171,26.22863214320011,0.6416919213046047,0.8448749550766079,0.8658747934227286,0.8944844840546307
chat_preview,photo,kodak_02,768,512,512,341,18,64,64,1,4298,6104,0.7041284403669725,4.63925,28.002573770302234,0.7090554241069492,0.8929963927679534,0.9147963599066267,0.9454523443677234
chat_preview,photo,kodak_02,768,512,512,341,18,64,64,2,5644,6104,0.9246395806028833,4.66562,29.2189706832345,0.7554619153097892,0.913897311024875,0.9394445498770299,0.9615259291844972
chat_preview,photo,kodak_02,768,512,512,341,18,64,64,3,6104,6104,1.0,5.05033,29.587334311919776,0.7639969499829485,0.9170229291579254,0.9434763610844293,0.965983214981873
chat_preview,photo,kodak_02,768,512,512,341,19,64,32,0,1201,2878,0.4173036831132731,4.43992,24.889784643541084,0.5823530736265794,0.7648482504653603,0.7946418693682367,0.8360005511905366
chat_preview,photo,kodak_02,768,512,512,341,19,64,32,1,1934,2878,0.6719944405837387,4.43354,25.940453526068012,0.6247492618058431,0.8184303316633298,0.8533111185099105,0.8842107083401287
chat_preview,photo,kodak_02,768,512,512,341,19,64,32,2,2556,2878,0.8881167477414872,4.56629,27.165008310993205,0.6631686351544914,0.8481549708686047,0.8847667733250372,0.9235725329783502
chat_preview,photo,kodak_02,768,512,512,341,19,64,32,3,2860,2878,0.9937456567060459,4.55837,27.569193432779237,0.6792148055965788,0.8573723345995995,0.8949853470556104,0.9308793958904834
chat_preview,photo,kodak_02,768,512,512,341,19,64,32,4,2878,2878,1.0,4.60992,27.57345896288044,0.6793335918376759,0.8574711427753322,0.8950565795871225,0.9309885194818106
chat_preview,photo,kodak_02,768,512,512,341,19,64,64,0,2639,6113,0.43170292818583345,4.47725,26.22863214320011,0.6416919213046047,0.8448749550766079,0.8658747934227286,0.8944844840546307
chat_preview,photo,kodak_02,768,512,512,341,19,64,64,1,4298,6113,0.7030917716342221,4.66212,28.0025856043593,0.7090544746839732,0.8929968593931704,0.9147953380114021,0.9454525878887952
chat_preview,photo,kodak_02,768,512,512,341,19,64,64,2,5653,6113,0.9247505316538525,4.734,29.22102498937782,0.7554268452381449,0.9139137836171395,0.9394416380895345,0.961559915316188
chat_preview,photo,kodak_02,768,512,512,341,19,64,64,3,6113,6113,1.0,4.89121,29.58965938046699,0.7639604702252294,0.9170374640666673,0.943471676125734,0.9660158459380017
chat_preview,photo,kodak_02,768,512,512,341,20,64,32,0,1201,2891,0.41542718782428223,4.3815,24.889784643541084,0.5823530736265794,0.7648482504653603,0.7946418693682367,0.8360005511905366
chat_preview,photo,kodak_02,768,512,512,341,20,64,32,1,1941,2891,0.6713939813213421,4.5135,25.940063474827628,0.6252088946004151,0.8187625284488812,0.8533283153503943,0.8842057013986099
chat_preview,photo,kodak_02,768,512,512,341,20,64,32,2,2566,2891,0.8875821515046697,4.5675,27.17108464512398,0.6636097928746922,0.8485760849528369,0.885125670446344,0.9237776285190776
chat_preview,photo,kodak_02,768,512,512,341,20,64,32,3,2871,2891,0.9930819785541335,4.50742,27.581528246337633,0.6798021845367773,0.8579467456061213,0.8955078463783742,0.931166133935943
chat_preview,photo,kodak_02,768,512,512,341,20,64,32,4,2891,2891,1.0,4.56467,27.587681779529714,0.6799841926992184,0.858062706254268,0.8955999832648361,0.9313073003423074
chat_preview,photo,kodak_02,768,512,512,341,20,64,64,0,2639,6129,0.43057595039973895,4.32421,26.22863214320011,0.6416919213046047,0.8448749550766079,0.8658747934227286,0.8944844840546307
chat_preview,photo,kodak_02,768,512,512,341,20,64,64,1,4310,6129,0.7032142274433023,4.46675,28.016891417706404,0.7092658087883387,0.8932524184414238,0.9150066790956685,0.9457785133814954
chat_preview,photo,kodak_02,768,512,512,341,20,64,64,2,5666,6129,0.9244574971447218,4.66079,29.236366115926025,0.7557699612722478,0.9142224171648604,0.9396830936941183,0.9617916842862017
chat_preview,photo,kodak_02,768,512,512,341,20,64,64,3,6129,6129,1.0,4.72542,29.614757712371514,0.7643541246487553,0.9173251330575255,0.9436206140317024,0.9662479173048576
chat_preview,photo,kodak_02,768,512,512,341,21,64,32,0,1201,2913,0.41228973566769656,4.36538,24.889784643541084,0.5823530736265794,0.7648482504653603,0.7946418693682367,0.8360005511905366
chat_preview,photo,kodak_02,768,512,512,341,21,64,32,1,1942,2913,0.6666666666666666,4.32654,25.939906713139106,0.6251580812950938,0.818647824019334,0.8533450453995802,0.8841913483743041
chat_preview,photo,kodak_02,768,512,512,341,21,64,32,2,2579,2913,0.8853415722622726,4.40567,27.17613146541991,0.6636282338014134,0.8488716889112764,0.8859117694950817,0.9236731324480598
chat_preview,photo,kodak_02,768,512,512,341,21,64,32,3,2893,2913,0.9931342258839684,4.47992,27.591871255816546,0.6800478360603329,0.8583506747343127,0.8964465814883004,0.9311485374669171
chat_preview,photo,kodak_02,768,512,512,341,21,64,32,4,2913,2913,1.0,4.52683,27.59827278424446,0.6802314255237768,0.8584643687294347,0.8965371607279109,0.9312893302566464
chat_preview,photo,kodak_02,768,512,512,341,21,64,64,0,2639,6187,0.42653951834491677,4.36192,26.22863214320011,0.6416919213046047,0.8448749550766079,0.8658747934227286,0.8944844840546307
chat_preview,photo,kodak_02,768,512,512,341,21,64,64,1,4310,6187,0.6966219492484241,4.44392,28.017024043281936,0.7092748569290824,0.8932609088124469,0.9150056127574211,0.9457807410846241
chat_preview,photo,kodak_02,768,512,512,341,21,64,64,2,5694,6187,0.9203167932762243,4.79533,29.248397171660642,0.7564100242166409,0.9145248543981559,0.9400093215056564,0.961940362409702
chat_preview,photo,kodak_02,768,512,512,341,21,64,64,3,6187,6187,1.0,4.85608,29.647308162115138,0.7658236049143383,0.91793476387699,0.9445253508433205,0.9670971299558859
chat_preview,photo,kodak_02,768,512,512,341,22,64,32,0,1201,2916,0.4118655692729767,4.36117,24.889784643541084,0.5823530736265794,0.7648482504653603,0.7946418693682367,0.8360005511905366
chat_preview,photo,kodak_02,768,512,512,341,22,64,32,1,1942,2916,0.6659807956104252,4.31258,25.939906713139106,0.6251580812950938,0.818647824019334,0.8533450453995802,0.8841913483743041
chat_preview,photo,kodak_02,768,512,512,341,22,64,32,2,2580,2916,0.8847736625514403,4.4415,27.178379029285026,0.6636970429186372,0.8489557303245222,0.8859761879158492,0.9236644211357843
chat_preview,photo,kodak_02,768,512,512,341,22,64,32,3,2896,2916,0.9931412894375857,4.6225,27.599488249933994,0.680151937454511,0.8584591897076926,0.8965590906397214,0.9311877017472168
chat_preview,photo,kodak_02,768,512,512,341,22,64,32,4,2916,2916,1.0,4.66683,27.606170985061777,0.6803377530110385,0.8585732210339224,0.8966498877946724,0.9313291675385412
chat_preview,photo,kodak_02,768,512,512,341,22,64,64,0,2639,6187,0.42653951834491677,4.31529,26.22863214320011,0.6416919213046047,0.8448749550766079,0.8658747934227286,0.8944844840546307
chat_preview,photo,kodak_02,768,512,512,341,22,64,64,1,4310,6187,0.6966219492484241,4.56837,28.017024043281936,0.7092748569290824,0.8932609088124469,0.9150056127574211,0.9457807410846241
chat_preview,photo,kodak_02,768,512,512,341,22,64,64,2,5694,6187,0.9203167932762243,4.59362,29.250156538357327,0.7564270642537526,0.9145416502557718,0.9400429807233813,0.9619479081694846
chat_preview,photo,kodak_02,768,512,512,341,22,64,64,3,6187,6187,1.0,4.78821,29.65839709597434,0.7658832759189146,0.9179461181662635,0.944547394255148,0.9671338073208591
chat_preview,photo,kodak_02,768,512,512,341,23,64,32,0,1214,3012,0.4030544488711819,4.39871,24.919485362286593,0.5837736500778584,0.7686860837448183,0.7947596330039779,0.837970416216495
chat_preview,photo,kodak_02,768,512,512,341,23,64,32,1,1991,3012,0.6610225763612217,4.36467,25.99192636329296,0.6274602673990735,0.8238536694864701,0.8533629602910703,0.886329760612615
chat_preview,photo,kodak_02,768,512,512,341,23,64,32,2,2663,3012,0.8841301460823373,4.45742,27.248743304786704,0.6675447523608026,0.8543794497225972,0.8875496616106578,0.9255509297350194
chat_preview,photo,kodak_02,768,512,512,341,23,64,32,3,2992,3012,0.9933598937583001,4.48017,27.694882747968343,0.6847702561618538,0.8644351100672365,0.8990250093884795,0.9332241152698844
chat_preview,photo,kodak_02,768,512,512,341,23,64,32,4,3012,3012,1.0,4.48817,27.702539686116783,0.6849623802114487,0.8645756532762675,0.8991355215773498,0.933379592987008
chat_preview,photo,kodak_02,768,512,512,341,23,64,64,0,2658,6394,0.41570222083203,4.44721,26.283102861292676,0.6448361448238686,0.850123445438773,0.8660153355100603,0.8965953388434155
chat_preview,photo,kodak_02,768,512,512,341,23,64,64,1,4409,6394,0.6895527056615577,4.43525,28.11307053310538,0.7135000180743994,0.8987983379823632,0.9162371839271062,0.947446979714299
chat_preview,photo,kodak_02,768,512,512,341,23,64,64,2,5888,6394,0.920863309352518,4.7255,29.419228997755575,0.7629207186242759,0.9214623281603324,0.9430493201330511,0.9644918902702996
chat_preview,photo,kodak_02,768,512,512,341,23,64,64,3,6394,6394,1.0,4.81767,29.836549457005503,0.7736205107346859,0.9247041804700031,0.9475495856875267,0.9689696991790059
chat_preview,photo,kodak_02,768,512,512,341,24,64,32,0,1214,3021,0.4018536908308507,4.28812,24.919485362286593,0.5837736500778584,0.7686860837448183,0.7947596330039779,0.837970416216495
chat_preview,photo,kodak_02,768,512,512,341,24,64,32,1,1991,3021,0.659053293611387,4.28858,25.99212651444548,0.6274817052977384,0.8238747776123314,0.8533582204373973,0.886333396937766
chat_preview,photo,kodak_02,768,512,512,341,24,64,32,2,2667,3021,0.8828202581926514,4.60929,27.248472475123933,0.6678433197169439,0.8544629082722026,0.8875216402195103,0.9254995820247046
chat_preview,photo,kodak_02,768,512,512,341,24,64,32,3,2998,3021,0.9923866269447202,4.48233,27.70064404872453,0.6851419879951585,0.8646286254587329,0.8991499547096359,0.9333229606135964
chat_preview,photo,kodak_02,768,512,512,341,24,64,32,4,3021,3021,1.0,4.52646,27.70985025690125,0.6853621187052301,0.8647711819555411,0.8992663645686304,0.9334941385810138
chat_preview,photo,kodak_02,768,512,512,341,24,64,64,0,2658,6410,0.41466458658346333,4.31092,26.283102861292676,0.6448361448238686,0.850123445438773,0.8660153355100603,0.8965953388434155
chat_preview,photo,kodak_02,768,512,512,341,24,64,64,1,4409,6410,0.6878315132605304,4.51996,28.113084488843505,0.7135061627562651,0.8988038331574767,0.9162365494790854,0.9474484528016829
chat_preview,photo,kodak_02,768,512,512,341,24,64,64,2,5904,6410,0.9210608424336973,4.63479,29.416992489858846,0.7630016974446798,0.9214767316149562,0.9430647729519103,0.9644663211950789
chat_preview,photo,kodak_02,768,512,512,341,24,64,64,3,6410,6410,1.0,4.88579,29.84804316350013,0.7737902388503722,0.9247493423072237,0.9476203722292764,0.9690129212717878
chat_preview,photo,kodak_02,768,512,512,341,25,64,32,0,1214,3045,0.3986863711001642,4.58279,24.919485362286593,0.5837736500778584,0.7686860837448183,0.7947596330039779,0.837970416216495
chat_preview,photo,kodak_02,768,512,512,341,25,64,32,1,1997,3045,0.6558292282430214,4.37854,25.99668282738179,0.6279367400434043,0.8244693858777244,0.8534100524588127,0.8865818478029818
chat_preview,photo,kodak_02,768,512,512,341,25,64,32,2,2678,3045,0.8794745484400657,4.54746,27.26615721974583,0.6682727443421634,0.8551887591177495,0.8875147060068695,0.9259723411698128
chat_preview,photo,kodak_02,768,512,512,341,25,64,32,3,3022,3045,0.9924466338259442,4.64446,27.726516339785498,0.6860048811902338,0.8653500753341387,0.8992934712356713,0.9339321109894173
chat_preview,photo,kodak_02,768,512,512,341,25,64,32,4,3045,3045,1.0,4.5165,27.736186300316824,0.6862285079399978,0.8654960096313355,0.8994121852407465,0.9341066768661643
chat_preview,photo,kodak_02,768,512,512,341,25,64,64,0,2658,6443,0.4125407418904237,4.40758,26.283102861292676,0.6448361448238686,0.850123445438773,0.8660153355100603,0.8965953388434155
chat_preview,photo,kodak_02,768,512,512,341,25,64,64,1,4410,6443,0.684463759118423,4.63338,28.12350475662255,0.7137792224613828,0.8989453105189735,0.9162289110922991,0.9475446440228449
chat_preview,photo,kodak_02,768,512,512,341,25,64,64,2,5913,6443,0.9177401831444979,4.72808,29.427807747466236,0.7631724657555804,0.9215840689958344,0.9430814469856241,0.964519747459494
chat_preview,photo,kodak_02,768,512,512,341,25,64,64,3,6443,6443,1.0,5.06412,29.87284295098679,0.7748413525207133,0.9249717948631,0.947845277101832,0.9691968483959186
chat_preview,photo,kodak_02,768,512,512,341,26,64,32,0,1230,3076,0.39986996098829647,4.39108,24.919485362286593,0.5837736500778584,0.7686860837448183,0.7947596330039779,0.837970416216495
chat_preview,photo,kodak_02,768,512,512,341,26,64,32,1,2013,3076,0.6544213263979194,4.45275,25.99668282738179,0.6279367400434043,0.8244693858777244,0.8534100524588127,0.8865818478029818
chat_preview,photo,kodak_02,768,512,512,341,26,64,32,2,2696,3076,0.8764629388816645,4.56225,27.27939951411367,0.6684501674382682,0.8554985735630817,0.8878534144072032,0.9261445224748275
chat_preview,photo,kodak_02,768,512,512,341,26,64,32,3,3043,3076,0.9892717815344604,4.68596,27.745320512961868,0.6863471366989601,0.8659254027999023,0.8999622386950589,0.9342664770885821
chat_preview,photo,kodak_02,768,512,512,341,26,64,32,4,3076,3076,1.0,4.77075,27.75945536355691,0.6866395260811542,0.8660912566370783,0.900091439498008,0.9344860154542548
chat_preview,photo,kodak_02,768,512,512,341,26,64,64,0,2658,6447,0.41228478362028853,4.38571,26.283102861292676,0.6448361448238686,0.850123445438773,0.8660153355100603,0.8965953388434155
chat_preview,photo,kodak_02,768,512,512,341,26,64,64,1,4410,6447,0.6840390879478827,4.51837,28.12350475662255,0.7137792224613828,0.8989453105189735,0.9162289110922991,0.9475446440228449
chat_preview,photo,kodak_02,768,512,512,341,26,64,64,2,5916,6447,0.9176361098185203,4.68725,29.449917191529067,0.7634764467093796,0.9218732916869196,0.9433783600408997,0.9646622576728743
chat_preview,photo,kodak_02,768,512,512,341,26,64,64,3,6447,6447,1.0,4.84483,29.912063634734977,0.775279129873829,0.9252919230631226,0.9481920124564517,0.9693951253648438
chat_preview,photo,kodak_02,768,512,512,341,27,64,32,0,1230,3134,0.39246968730057435,4.25712,24.919485362286593,0.5837736500778584,0.7686860837448183,0.7947596330039779,0.837970416216495
chat_preview,photo,kodak_02,768,512,512,341,27,64,32,1,2034,3134,0.6490108487555839,4.36987,26.01163773087125,0.6285343975900922,0.8261471527038959,0.8534502565588605,0.8874293164009239
chat_preview,photo,kodak_02,768,512,512,341,27,64,32,2,2732,3134,0.8717294192724953,4.52567,27.303944052788243,0.6693678025656687,0.8568466153481112,0.8877090239636655,0.9268404677237542
chat_preview,photo,kodak_02,768,512,512,341,27,64,32,3,3096,3134,0.9878749202297383,4.44821,27.7798328553546,0.6880099770368195,0.8675467092100965,0.9002607512294363,0.9351939324104808
chat_preview,photo,kodak_02,768,512,512,341,27,64,32,4,3134,3134,1.0,4.47671,27.79495509374991,0.6883095118303989,0.8677150838759538,0.900393474764365,0.9354356518195696
chat_preview,photo,kodak_02,768,512,512,341,27,64,64,0,2658,6557,0.405368308677749,4.36313,26.283102861292676,0.6448361448238686,0.850123445438773,0.8660153355100603,0.8965953388434155
chat_preview,photo,kodak_02,768,512,512,341,27,64,64,1,4461,6557,0.6803416196431294,4.41787,28.139545203988835,0.7144913188637139,0.8996916790487668,0.9167228709640629,0.9478119197077836
chat_preview,photo,kodak_02,768,512,512,341,27,64,64,2,5993,6557,0.913985054140613,4.66079,29.47586819268591,0.7643642565591172,0.9226835953003164,0.9437675544655835,0.9650295806876422
chat_preview,photo,kodak_02,768,512,512,341,27,64,64,3,6557,6557,1.0,4.82362,29.953619731215653,0.7767891349138951,0.9260578542921772,0.9485427506968583,0.9697325838429717
chat_preview,photo,kodak_02,768,512,512,341,28,64,32,0,1246,3200,0.389375,4.41137,24.919485362286593,0.5837736500778584,0.7686860837448183,0.7947596330039779,0.837970416216495
chat_preview,photo,kodak_02,768,512,512,341,28,64,32,1,2051,3200,0.6409375,4.28554,26.01179165673948,0.6285784841983704,0.8261927811648748,0.8534554818557402,0.887452716238537
chat_preview,photo,kodak_02,768,512,512,341,28,64,32,2,2779,3200,0.8684375,4.39304,27.32876265333705,0.6713597297417505,0.8580059206163765,0.8893567537225612,0.9276412442087265
chat_preview,photo,kodak_02,768,512,512,341,28,64,32,3,3160,3200,0.9875,4.51804,27.810719756672732,0.6900012713956061,0.8686338795867029,0.9017791668872305,0.9360256060352672
chat_preview,photo,kodak_02,768,512,512,341,28,64,32,4,3200,3200,1.0,4.51896,27.827716210850724,0.6903083000411243,0.868800089198277,0.9019120971417646,0.9362779212948344
chat_preview,photo,kodak_02,768,512,512,341,28,64,64,0,2658,6659,0.399159032887821,4.76262,26.283102861292676,0.6448361448238686,0.850123445438773,0.8660153355100603,0.8965953388434155
chat_preview,photo,kodak_02,768,512,512,341,28,64,64,1,4461,6659,0.6699204084697402,4.58758,28.13973987213725,0.7145012958977762,0.8997037456912631,0.9167241828927316,0.947814831287775
chat_preview,photo,kodak_02,768,512,512,341,28,64,64,2,6094,6659,0.9151524252890825,4.70204,29.51319982104424,0.7662810038443286,0.9233681471278378,0.944719715708939,0.9655928765214069
chat_preview,photo,kodak_02,768,512,512,341,28,64,64,3,6659,6659,1.0,4.74004,30.002875554098807,0.7787492467496371,0.9263747873045004,0.9490283784106255,0.9696743396481068
chat_preview,photo,kodak_02,768,512,512,341,29,64,32,0,1248,3266,0.38211879975505203,4.34362,24.92360325581551,0.5847033284311606,0.7707651061832647,0.7952622519644008,0.8373982499812761
chat_preview,photo,kodak_02,768,512,512,341,29,64,32,1,2091,3266,0.6402327005511329,4.48133,26.026943169496587,0.6307866171520813,0.8309001682736922,0.8560959842867266,0.8881017359978287
chat_preview,photo,kodak_02,768,512,512,341,29,64,32,2,2828,3266,0.8658909981628904,4.51987,27.357832418412443,0.6733623737515294,0.8617938842452265,0.8909218046603355,0.9288325050616218
chat_preview,photo,kodak_02,768,512,512,341,29,64,32,3,3224,3266,0.9871402327005512,4.47521,27.857258482264896,0.6928990451000369,0.8727286544944333,0.9035947309261398,0.937438401837181
chat_preview,photo,kodak_02,768,512,512,341,29,64,32,4,3266,3266,1.0,4.58637,27.87829826049577,0.6932736035760013,0.8729122122914661,0.9037455842303866,0.9377412099490176
chat_preview,photo,kodak_02,768,512,512,341,29,64,64,0,2630,6808,0.386310223266745,4.31717,26.29301449998632,0.647213722612217,0.8527326445406466,0.8662520040106838,0.8964961981982483
chat_preview,photo,kodak_02,768,512,512,341,29,64,64,1,4536,6808,0.6662749706227967,4.5705,28.18584527643332,0.7188650651105228,0.9033162062224221,0.9178940774105661,0.9485387106102529
chat_preview,photo,kodak_02,768,512,512,341,29,64,64,2,6198,6808,0.9103995299647474,4.61508,29.564116308957157,0.7707506066096347,0.9267795103532971,0.9456963699123334,0.9661257185290217
chat_preview,photo,kodak_02,768,512,512,341,29,64,64,3,6808,6808,1.0,4.80296,30.096523007129026,0.7845207595021336,0.9304931816685427,0.9508235940503885,0.9709997762166813
chat_preview,photo,kodak_02,768,512,512,341,30,64,32,0,1248,3286,0.3797930614729154,4.29575,24.92360325581551,0.5847033284311606,0.7707651061832647,0.7952622519644008,0.8373982499812761
chat_preview,photo,kodak_02,768,512,512,341,30,64,32,1,2100,3286,0.6390748630553865,4.38854,26.032340950238044,0.6310960503560968,0.8309475873890421,0.8561624672013747,0.888068855098518
chat_preview,photo,kodak_02,768,512,512,341,30,64,32,2,2838,3286,0.8636640292148509,4.44583,27.36814123677057,0.6737971014697064,0.8619779805000775,0.8910688323083562,0.9289025204947771
chat_preview,photo,kodak_02,768,512,512,341,30,64,32,3,3244,3286,0.9872185027388922,4.66954,27.8868478792503,0.6935167718280376,0.8730296780590131,0.9037865216005173,0.9378053477562049
chat_preview,photo,kodak_02,768,512,512,341,30,64,32,4,3286,3286,1.0,4.56271,27.90820222985973,0.6938937367355251,0.8732143286945179,0.9039381019535511,0.9381090748039299
chat_preview,photo,kodak_02,768,512,512,341,30,64,64,0,2630,6836,0.38472791105909887,4.36392,26.29301449998632,0.647213722612217,0.8527326445406466,0.8662520040106838,0.8964961981982483
chat_preview,photo,kodak_02,768,512,512,341,30,64,64,1,4564,6836,0.6676418958455237,4.513,28.185043318422522,0.7192091161364109,0.9035160777963256,0.917772714235422,0.9484139539654467
chat_preview,photo,kodak_02,768,512,512,341,30,64,64,2,6226,6836,0.9107665301345816,4.69987,29.563707918586207,0.7711312299170032,0.9270369434310298,0.9456565031777425,0.9660392597251638
chat_preview,photo,kodak_02,768,512,512,341,30,64,64,3,6836,6836,1.0,4.80483,30.13120869618348,0.7850503708779413,0.9307683292326324,0.9509309042534703,0.9712316960180941
chat_preview,photo,kodak_02,768,512,512,341,31,64,32,0,1248,3324,0.37545126353790614,4.32683,24.92360325581551,0.5847033284311606,0.7707651061832647,0.7952622519644008,0.8373982499812761
chat_preview,photo,kodak_02,768,512,512,341,31,64,32,1,2103,3324,0.6326714801444043,4.47383,26.032236822839575,0.6311637863442133,0.8310036911658498,0.8561400861631633,0.8880738366530407
chat_preview,photo,kodak_02,768,512,512,341,31,64,32,2,2849,3324,0.8570998796630566,4.43333,27.391753810115418,0.6742041874324048,0.86255073869714,0.8910805883138463,0.929733140963862
chat_preview,photo,kodak_02,768,512,512,341,31,64,32,3,3281,3324,0.987063778580024,4.41346,27.938480272293088,0.6947350314766538,0.8739316025046779,0.903985898358331,0.9392017327946116
chat_preview,photo,kodak_02,768,512,512,341,31,64,32,4,3324,3324,1.0,4.52508,27.96296447320223,0.6951214325387706,0.874109444370812,0.9041306570497707,0.939531446787142
chat_preview,photo,kodak_02,768,512,512,341,31,64,64,0,2630,6878,0.3823785984297761,4.36987,26.29301449998632,0.647213722612217,0.8527326445406466,0.8662520040106838,0.8964961981982483
chat_preview,photo,kodak_02,768,512,512,341,31,64,64,1,4567,6878,0.6640011631288165,4.54629,28.185118293667806,0.7191793257000004,0.9034857812797498,0.9177719144020641,0.9484132482841057
chat_preview,photo,kodak_02,768,512,512,341,31,64,64,2,6234,6878,0.9063681302704274,4.582,29.582126390377617,0.7714784143362161,0.927319412421292,0.9460117966371485,0.9662275277317638
chat_preview,photo,kodak_02,768,512,512,341,31,64,64,3,6878,6878,1.0,4.83162,30.18031944973291,0.7864964428036498,0.9313611482713329,0.9515784462676982,0.9716854576165292
chat_preview,photo,kodak_02,768,512,512,341,32,64,32,0,1277,3393,0.37636310050103156,4.308,24.90106948093908,0.5851271824885711,0.771958978878636,0.796459969690369,0.8383941437786568
chat_preview,photo,kodak_02,768,512,512,341,32,64,32,1,2157,3393,0.6357206012378426,4.27554,26.036741028337058,0.631948250883697,0.8326683470071615,0.8573384918473351,0.8893803385366237
chat_preview,photo,kodak_02,768,512,512,341,32,64,32,2,2907,3393,0.8567639257294429,4.41729,27.385967296014808,0.6755158752131588,0.8641336296732142,0.892382448848295,0.9303170541841941
chat_preview,photo,kodak_02,768,512,512,341,32,64,32,3,3349,3393,0.9870321249631594,4.49808,27.94239772522063,0.6962673739206728,0.8756509526254245,0.9055353244846049,0.9400123990424999
chat_preview,photo,kodak_02,768,512,512,341,32,64,32,4,3393,3393,1.0,4.58842,27.969289075808483,0.6966886441614765,0.8758359557160977,0.90569106376139,0.9403692165386497
chat_preview,photo,kodak_02,768,512,512,341,32,64,64,0,2721,7045,0.38623136976579137,4.76079,26.262594444681426,0.6481972746222707,0.8539721085072159,0.8678132501082464,0.8966651400180973
chat_preview,photo,kodak_02,768,512,512,341,32,64,64,1,4710,7045,0.6685592618878637,4.56883,28.186298085805454,0.7205112405776078,0.905035018271967,0.9194384406557944,0.9489756834843617
chat_preview,photo,kodak_02,768,512,512,341,32,64,64,2,6398,7045,0.9081618168914124,4.77779,29.601974237309243,0.7730742337698796,0.9289392946224283,0.9473775761651272,0.9670601176315036
chat_preview,photo,kodak_02,768,512,512,341,32,64,64,3,7045,7045,1.0,4.79429,30.206979527194,0.7881502467313264,0.9328190042412844,0.9528334256273125,0.9723071420278806
chat_preview,photo,kodak_02,768,512,512,341,33,64,32,0,1277,3470,0.36801152737752163,4.40813,24.90106948093908,0.5851271824885711,0.771958978878636,0.796459969690369,0.8383941437786568
chat_preview,photo,kodak_02,768,512,512,341,33,64,32,1,2160,3470,0.622478386167147,4.25662,26.038560183421605,0.6319932238891077,0.8327209027280409,0.8574348810114263,0.8894868309178743
chat_preview,photo,kodak_02,768,512,512,341,33,64,32,2,2941,3470,0.847550432276657,4.462,27.408339708781497,0.6773651326067958,0.8655561803979347,0.8939334491733506,0.9314428814484198
chat_preview,photo,kodak_02,768,512,512,341,33,64,32,3,3424,3470,0.9867435158501441,4.50571,27.98420494140357,0.699064327320397,0.8772146337149848,0.9071297311801952,0.9415505895596321
chat_preview,photo,kodak_02,768,512,512,341,33,64,32,4,3470,3470,1.0,4.542,28.01467437577616,0.6995230162110544,0.8774094290414506,0.907289632569792,0.9419426897550924
chat_preview,photo,kodak_02,768,512,512,341,33,64,64,0,2737,7227,0.3787186937871869,4.44454,26.262594444681426,0.6481972746222707,0.8539721085072159,0.8678132501082464,0.8966651400180973
chat_preview,photo,kodak_02,768,512,512,341,33,64,64,1,4747,7227,0.6568423965684239,4.423,28.186981420183823,0.7205235603819046,0.9051693209479391,0.9196493590862014,0.9489464723814102
chat_preview,photo,kodak_02,768,512,512,341,33,64,64,2,6541,7227,0.9050781790507818,4.61238,29.635497833963022,0.7746803029912671,0.9299946399698605,0.9488479006601677,0.9679627376690622
chat_preview,photo,kodak_02,768,512,512,341,33,64,64,3,7227,7227,1.0,4.71338,30.253405612086986,0.7905911270324947,0.9333215452287068,0.9535377616625765,0.9721656788843777
chat_preview,photo,kodak_02,768,512,512,341,34,64,32,0,1277,3477,0.36727063560540696,4.27075,24.90106948093908,0.5851271824885711,0.771958978878636,0.796459969690369,0.8383941437786568
chat_preview,photo,kodak_02,768,512,512,341,34,64,32,1,2160,3477,0.6212251941328731,4.36533,26.038560183421605,0.6319932238891077,0.8327209027280409,0.8574348810114263,0.8894868309178743
chat_preview,photo,kodak_02,768,512,512,341,34,64,32,2,2941,3477,0.8458441184929537,4.44125,27.413485208509123,0.6775211615839182,0.8656981542395762,0.8939565901017771,0.931541839429575
chat_preview,photo,kodak_02,768,512,512,341,34,64,32,3,3429,3477,0.9861949956859362,4.64742,27.99996929132732,0.6993932620019535,0.8774646696070288,0.9072619190749219,0.9417558646756614
chat_preview,photo,kodak_02,768,512,512,341,34,64,32,4,3477,3477,1.0,4.49071,28.032364098695176,0.699888826501105,0.8776688616088234,0.9074343327956506,0.9421688197891172
chat_preview,photo,kodak_02,768,512,512,341,34,64,64,0,2737,7229,0.378613916170978,4.33433,26.262594444681426,0.6481972746222707,0.8539721085072159,0.8678132501082464,0.8966651400180973
chat_preview,photo,kodak_02,768,512,512,341,34,64,64,1,4747,7229,0.6566606722921566,4.51138,28.186981420183823,0.7205235603819046,0.9051693209479391,0.9196493590862014,0.9489464723814102
chat_preview,photo,kodak_02,768,512,512,341,34,64,64,2,6541,7229,0.9048277770092682,4.62754,29.640997700846775,0.77475448766996,0.9300363285855838,0.9488773559253231,0.9679967737714763
chat_preview,photo,kodak_02,768,512,512,341,34,64,64,3,7229,7229,1.0,4.72529,30.27587769002627,0.7907802845027555,0.933376101134671,0.953589867051612,0.9722626148830507
chat_preview,photo,kodak_02,768,512,512,341,35,64,32,0,1322,3580,0.3692737430167598,4.24925,24.904655116055476,0.5845510216496143,0.7712098618049289,0.7967819416377387,0.8378974651014356
chat_preview,photo,kodak_02,768,512,512,341,35,64,32,1,2213,3580,0.6181564245810056,4.34417,26.048389654140472,0.6322993647023604,0.833108200613148,0.8579065468049064,0.8892180827851557
chat_preview,photo,kodak_02,768,512,512,341,35,64,32,2,3018,3580,0.8430167597765363,4.40367,27.441048076654706,0.6783390175020219,0.8663364499440447,0.8940056919267515,0.9324874134358683
chat_preview,photo,kodak_02,768,512,512,341,35,64,32,3,3531,3580,0.9863128491620111,4.45025,28.047264871491556,0.7015069729457726,0.8789186583702305,0.9083671420489606,0.9431115293544368
chat_preview,photo,kodak_02,768,512,512,341,35,64,32,4,3580,3580,1.0,4.5955,28.082885660013346,0.7020103818352883,0.8791164068509024,0.9085298504094867,0.943554053298292
chat_preview,photo,kodak_02,768,512,512,341,35,64,64,0,2827,7412,0.38140852671343767,4.32517,26.25114474356728,0.6472898787439315,0.8537191255277469,0.8681740129132134,0.8962774695833134
chat_preview,photo,kodak_02,768,512,512,341,35,64,64,1,4867,7412,0.6566378845116028,4.53525,28.176353202068242,0.7202190173557229,0.9055554039050172,0.9198867033491339,0.9484885371048881
chat_preview,photo,kodak_02,768,512,512,341,35,64,64,2,6687,7412,0.902185644900162,4.63654,29.644876478425985,0.7750725310220207,0.9305744490597839,0.94925642115237,0.9678975834891206
chat_preview,photo,kodak_02,768,512,512,341,35,64,64,3,7412,7412,1.0,4.75687,30.321469753491034,0.7920519880605962,0.9344199044251976,0.9542321946685953,0.9730294655580896
chat_preview,photo,kodak_02,768,512,512,341,36,64,32,0,1322,3586,0.3686558839933073,4.37383,24.904655116055476,0.5845510216496143,0.7712098618049289,0.7967819416377387,0.8378974651014356
chat_preview,photo,kodak_02,768,512,512,341,36,64,32,1,2215,3586,0.6176798661461238,4.34617,26.04948102986997,0.632429929867037,0.8332360499098229,0.8579031122202806,0.8892468001841678
chat_preview,photo,kodak_02,768,512,512,341,36,64,32,2,3021,3586,0.8424428332403793,4.43754,27.45894000404605,0.6788657642795379,0.8669455129958071,0.8943252082525465,0.9326958828379582
chat_preview,photo,kodak_02,768,512,512,341,36,64,32,3,3537,3586,0.9863357501394311,4.52062,28.085385191428365,0.7023424730365232,0.8797975734753788,0.9089731796715909,0.9436875749937376
chat_preview,photo,kodak_02,768,512,512,341,36,64,32,4,3586,3586,1.0,4.69829,28.121759923103813,0.7028547578914196,0.8799917507994698,0.9091324327636274,0.9441161403667816
chat_preview,photo,kodak_02,768,512,512,341,36,64,64,0,2827,7428,0.3805869682283253,4.46571,26.25114474356728,0.6472898787439315,0.8537191255277469,0.8681740129132134,0.8962774695833134
chat_preview,photo,kodak_02,768,512,512,341,36,64,64,1,4872,7428,0.6558966074313409,4.41354,28.176809631743218,0.7202512262195171,0.9055617260417984,0.919876044778824,0.948495541039729
chat_preview,photo,kodak_02,768,512,512,341,36,64,64,2,6698,7428,0.9017232094776522,4.72408,29.671308972348204,0.7755172865747753,0.9308487617633828,0.9495463861426253,0.9680182854538403
chat_preview,photo,kodak_02,768,512,512,341,36,64,64,3,7428,7428,1.0,4.87879,30.365919516998737,0.7926658785975437,0.9347835322821432,0.9546600083224711,0.9732265295702631
chat_preview,photo,kodak_02,768,512,512,341,37,64,32,0,1322,3624,0.3647902869757174,4.2615,24.904655116055476,0.5845510216496143,0.7712098618049289,0.7967819416377387,0.8378974651014356
chat_preview,photo,kodak_02,768,512,512,341,37,64,32,1,2243,3624,0.6189293598233996,4.34092,26.05694323302593,0.6330502201441869,0.8340323609367485,0.8579383074098169,0.8894385190884492
chat_preview,photo,kodak_02,768,512,512,341,37,64,32,2,3052,3624,0.8421633554083885,4.40171,27.472811045201496,0.6797563638430276,0.8676250276685794,0.8938195749075969,0.933399619298071
chat_preview,photo,kodak_02,768,512,512,341,37,64,32,3,3568,3624,0.9845474613686535,4.51617,28.104812559196226,0.7031630593871849,0.8803831698213145,0.908471594728427,0.9444205865521633
chat_preview,photo,kodak_02,768,512,512,341,37,64,32,4,3624,3624,1.0,4.48279,28.141894599578315,0.7037876160112696,0.8805544339318043,0.9086134040563242,0.9448757664045105
chat_preview,photo,kodak_02,768,512,512,341,37,64,64,0,2827,7517,0.3760808833311161,4.39312,26.25114474356728,0.6472898787439315,0.8537191255277469,0.8681740129132134,0.8962774695833134
chat_preview,photo,kodak_02,768,512,512,341,37,64,64,1,4960,7517,0.6598377012105894,4.48079,28.175187332943324,0.721282873559865,0.905970478773666,0.9202222153417499,0.9482321763908856
chat_preview,photo,kodak_02,768,512,512,341,37,64,64,2,6787,7517,0.9028867899427964,4.74017,29.675505783312612,0.776331094066952,0.9312372946252118,0.949655947254748,0.9678951588697989
chat_preview,photo,kodak_02,768,512,512,341,37,64,64,3,7517,7517,1.0,4.81529,30.3759355255314,0.7934378078420542,0.9352457820321328,0.9546649609362794,0.9733125948840075
chat_preview,photo,kodak_02,768,512,512,341,38,64,32,0,1322,3707,0.3566226058807661,4.32108,24.904655116055476,0.5845510216496143,0.7712098618049289,0.7967819416377387,0.8378974651014356
chat_preview,photo,kodak_02,768,512,512,341,38,64,32,1,2243,3707,0.6050714863771244,5.12092,26.05694323302593,0.6330502201441869,0.8340323609367485,0.8579383074098169,0.8894385190884492
chat_preview,photo,kodak_02,768,512,512,341,38,64,32,2,3103,3707,0.8370650121391962,4.49558,27.49407517002096,0.680787454912893,0.8683458615766081,0.8954960264254325,0.9344353944024496
chat_preview,photo,kodak_02,768,512,512,341,38,64,32,3,3645,3707,0.9832748853520367,4.76354,28.136967151898986,0.7050487306371688,0.8811872878940604,0.910322347515341,0.9454687373647209
chat_preview,photo,kodak_02,768,512,512,341,38,64,32,4,3707,3707,1.0,5.21196,28.179286349632704,0.7058026892985128,0.8813238482938779,0.910419801618582,0.9459470201888258
chat_preview,photo,kodak_02,768,512,512,341,38,64,64,0,2827,7694,0.36742916558357164,4.31821,26.25114474356728,0.6472898787439315,0.8537191255277469,0.8681740129132134,0.8962774695833134
chat_preview,photo,kodak_02,768,512,512,341,38,64,64,1,4960,7694,0.6446581752014556,4.52292,28.175187332943324,0.721282873559865,0.905970478773666,0.9202222153417499,0.9482321763908856
chat_preview,photo,kodak_02,768,512,512,341,38,64,64,2,6925,7694,0.9000519885625162,4.71396,29.72189839144324,0.7782570659680226,0.9321744116781181,0.9508665236259835,0.9686908697360294
chat_preview,photo,kodak_02,768,512,512,341,38,64,64,3,7694,7694,1.0,5.86446,30.44030264762364,0.7963288525870785,0.9359694325899746,0.9555289559358247,0.9733531335554102
chat_preview,photo,kodak_02,768,512,512,341,39,64,32,0,1322,3725,0.3548993288590604,4.38858,24.904655116055476,0.5845510216496143,0.7712098618049289,0.7967819416377387,0.8378974651014356
chat_preview,photo,kodak_02,768,512,512,341,39,64,32,1,2247,3725,0.6032214765100671,4.38937,26.064833625925008,0.6334723268517405,0.8346655375327728,0.8580659225094023,0.8896894644225153
chat_preview,photo,kodak_02,768,512,512,341,39,64,32,2,3113,3725,0.8357046979865772,4.4425,27.51312772541471,0.6817296421772259,0.869594936101355,0.8954195195613128,0.9350876972405305
chat_preview,photo,kodak_02,768,512,512,341,39,64,32,3,3659,3725,0.9822818791946308,4.5515,28.17115034553207,0.7060744995647689,0.8824151206778258,0.9102772728852113,0.9461980192089865
chat_preview,photo,kodak_02,768,512,512,341,39,64,32,4,3725,3725,1.0,4.73642,28.214674763340323,0.7068541287344606,0.8825545911648116,0.9103740615528224,0.946685569056636
chat_preview,photo,kodak_02,768,512,512,341,39,64,64,0,2827,7717,0.3663340676428664,4.3295,26.25114474356728,0.6472898787439315,0.8537191255277469,0.8681740129132134,0.8962774695833134
chat_preview,photo,kodak_02,768,512,512,341,39,64,64,1,4971,7717,0.6441622392121291,4.45913,28.177953640027667,0.7214943524894757,0.9061957467441909,0.9202818694715853,0.9482566555447547
chat_preview,photo,kodak_02,768,512,512,341,39,64,64,2,6948,7717,0.9003498768951665,4.55162,29.733297431651117,0.7784634995847782,0.9323621459609023,0.950941831657046,0.9687242966264371
chat_preview,photo,kodak_02,768,512,512,341,39,64,64,3,7717,7717,1.0,4.82771,30.469367961738993,0.7966531921324456,0.9361985003247217,0.9555623154442435,0.973473528484863
chat_preview,photo,kodak_02,768,512,512,341,40,64,32,0,1322,3744,0.3530982905982906,4.29642,24.904655116055476,0.5845510216496143,0.7712098618049289,0.7967819416377387,0.8378974651014356
chat_preview,photo,kodak_02,768,512,512,341,40,64,32,1,2247,3744,0.6001602564102564,4.36558,26.069428007927353,0.6336730228401978,0.8350109288231166,0.8584050774733701,0.8898730288393495
chat_preview,photo,kodak_02,768,512,512,341,40,64,32,2,3113,3744,0.8314636752136753,4.422,27.517822914663704,0.6821288369599352,0.8699943363552826,0.8956516483341467,0.9352040512783132
chat_preview,photo,kodak_02,768,512,512,341,40,64,32,3,3680,3744,0.9829059829059829,4.5785,28.18979156174155,0.707118846299157,0.8827241414737531,0.9105257791008551,0.9464974802997227
chat_preview,photo,kodak_02,768,512,512,341,40,64,32,4,3744,3744,1.0,4.61892,28.236063452956802,0.7078992747435574,0.8828748722576397,0.9106367575594012,0.9470154304587675
chat_preview,photo,kodak_02,768,512,512,341,40,64,64,0,2827,7754,0.36458602011864844,4.35746,26.25114474356728,0.6472898787439315,0.8537191255277469,0.8681740129132134,0.8962774695833134
chat_preview,photo,kodak_02,768,512,512,341,40,64,64,1,4973,7754,0.641346401857106,4.47958,28.181509699870478,0.7216460126598868,0.9063114575716149,0.9204123409497962,0.9483337342253854
chat_preview,photo,kodak_02,768,512,512,341,40,64,64,2,6950,7754,0.8963115811194222,4.64125,29.738037658666645,0.7787101550694165,0.9325158556506837,0.9510995628542326,0.9687856363003262
chat_preview,photo,kodak_02,768,512,512,341,40,64,64,3,7754,7754,1.0,4.77262,30.503289602627316,0.7976821296636606,0.9365781580492673,0.9559345889328121,0.9738083747472714
chat_preview,photo,kodak_02,768,512,512,341,41,64,32,0,1360,3848,0.35343035343035345,4.36742,24.913097553292047,0.5852465013963671,0.7726266466262732,0.7966151231160539,0.8390608664465591
chat_preview,photo,kodak_02,768,512,512,341,41,64,32,1,2322,3848,0.6034303534303534,4.39571,26.087353660191155,0.6347096808485063,0.8363380731105474,0.8592509191878929,0.8904855624060247
chat_preview,photo,kodak_02,768,512,512,341,41,64,32,2,3211,3848,0.8344594594594594,4.49067,27.557449958142236,0.6842752572806674,0.8720344977632242,0.8966160334239623,0.9359519167630782
chat_preview,photo,kodak_02,768,512,512,341,41,64,32,3,3784,3848,0.9833679833679834,4.54842,28.242716838968434,0.7092656863139853,0.8846459202364856,0.9115386137080522,0.9473855556249974
chat_preview,photo,kodak_02,768,512,512,341,41,64,32,4,3848,3848,1.0,4.55479,28.290561883173957,0.7100555032714095,0.8848136858635502,0.9116566698303953,0.9479130660441096
chat_preview,photo,kodak_02,768,512,512,341,41,64,64,0,2949,8068,0.3655180961824492,4.3645,26.26168864933199,0.6478673848063238,0.8543059799526004,0.868755459137887,0.8965019190743652
chat_preview,photo,kodak_02,768,512,512,341,41,64,64,1,5234,8068,0.6487357461576599,4.58883,28.22905773702115,0.7244343189903547,0.9080618437145779,0.9221311987695607,0.9490273029361324
chat_preview,photo,kodak_02,768,512,512,341,41,64,64,2,7259,8068,0.899727317798711,4.84254,29.805341741097834,0.7812454152195568,0.9340862823728789,0.9527240615519659,0.969409413594546
chat_preview,photo,kodak_02,768,512,512,341,41,64,64,3,8068,8068,1.0,4.96021,30.609318676215054,0.8004675980249326,0.9382597404141201,0.9577672126522674,0.9744952294229526
chat_preview,photo,kodak_02,768,512,512,341,42,64,32,0,1360,3904,0.3483606557377049,4.38317,24.913097553292047,0.5852465013963671,0.7726266466262732,0.7966151231160539,0.8390608664465591
chat_preview,photo,kodak_02,768,512,512,341,42,64,32,1,2347,3904,0.6011782786885246,4.42171,26.10676655572203,0.6343886689416709,0.8367121964556578,0.8592148116977996,0.8913519901147452
chat_preview,photo,kodak_02,768,512,512,341,42,64,32,2,3236,3904,0.8288934426229508,4.41429,27.57623708604128,0.6849678824268318,0.8726482331990285,0.8966648954534727,0.9361869484987981
chat_preview,photo,kodak_02,768,512,512,341,42,64,32,3,3835,3904,0.9823258196721312,4.66908,28.274640033381175,0.7109671038606624,0.8852447026971536,0.9117108399689277,0.9477130806137474
chat_preview,photo,kodak_02,768,512,512,341,42,64,32,4,3904,3904,1.0,5.04842,28.32906094252854,0.7118307694495044,0.885430769756753,0.9118547727284171,0.9482802546501254
chat_preview,photo,kodak_02,768,512,512,341,42,64,64,0,2949,8214,0.35902118334550764,4.32558,26.26168864933199,0.6478673848063238,0.8543059799526004,0.868755459137887,0.8965019190743652
chat_preview,photo,kodak_02,768,512,512,341,42,64,64,1,5296,8214,0.6447528609690771,4.63483,28.234215073892344,0.7252531730661721,0.908232138885484,0.9220255854133391,0.9490420372184534
chat_preview,photo,kodak_02,768,512,512,341,42,64,64,2,7314,8214,0.8904309715120526,4.81529,29.822166522554603,0.782075466575903,0.9343432170246752,0.9526524575965597,0.9694748744096021
chat_preview,photo,kodak_02,768,512,512,341,42,64,64,3,8214,8214,1.0,5.10267,30.65800488187868,0.8026961964826165,0.9388327989129023,0.9580687435592457,0.9748273524808945
chat_preview,photo,kodak_02,768,512,512,341,43,64,32,0,1360,3965,0.34300126103404793,4.35367,24.913097553292047,0.5852465013963671,0.7726266466262732,0.7966151231160539,0.8390608664465591
chat_preview,photo,kodak_02,768,512,512,341,43,64,32,1,2357,3965,0.5944514501891551,4.63338,26.106879561456555,0.6346794843045642,0.8366891482675616,0.8592305197859602,0.8913744220094365
chat_preview,photo,kodak_02,768,512,512,341,43,64,32,2,3293,3965,0.8305170239596469,4.52088,27.59412505431805,0.6869289047952485,0.8738072959089189,0.898344969070399,0.9374998888872891
chat_preview,photo,kodak_02,768,512,512,341,43,64,32,3,3896,3965,0.9825977301387138,4.60271,28.30742186897122,0.712730535755817,0.8867185309165239,0.9137846485849693,0.9491993612136511
chat_preview,photo,kodak_02,768,512,512,341,43,64,32,4,3965,3965,1.0,4.62717,28.363383771991497,0.7135950634195364,0.886887037906284,0.9139116334097246,0.9497579767414832
chat_preview,photo,kodak_02,768,512,512,341,43,64,64,0,2949,8426,0.3499881319724662,4.34679,26.26168864933199,0.6478673848063238,0.8543059799526004,0.868755459137887,0.8965019190743652
chat_preview,photo,kodak_02,768,512,512,341,43,64,64,1,5331,8426,0.632684547828151,4.502,28.234070382658864,0.7254868445304493,0.908242970063684,0.9220296811484886,0.9490504993134408
chat_preview,photo,kodak_02,768,512,512,341,43,64,64,2,7520,8426,0.8924756705435557,4.64421,29.840206017989928,0.7841341279331485,0.9348902942256488,0.9533882491134578,0.9697266465028334
chat_preview,photo,kodak_02,768,512,512,341,43,64,64,3,8426,8426,1.0,4.92308,30.690601900595503,0.8045325419781729,0.939041635469819,0.9583481321109659,0.9749511479714186
chat_preview,photo,kodak_02,768,512,512,341,44,64,32,0,1360,4002,0.33983008495752126,4.27925,24.913097553292047,0.5852465013963671,0.7726266466262732,0.7966151231160539,0.8390608664465591
chat_preview,photo,kodak_02,768,512,512,341,44,64,32,1,2367,4002,0.5914542728635682,4.36771,26.106518338439336,0.6351701427176847,0.8373482833298374,0.8593468577849075,0.8914184376922443
chat_preview,photo,kodak_02,768,512,512,341,44,64,32,2,3303,4002,0.8253373313343328,4.44117,27.595845292027626,0.6875984285848417,0.8745715383933956,0.8984235502580411,0.9375947885509315
chat_preview,photo,kodak_02,768,512,512,341,44,64,32,3,3929,4002,0.9817591204397801,4.501,28.33421422879207,0.7145377037109983,0.8881150225938529,0.9145170870403279,0.9496276125224662
chat_preview,photo,kodak_02,768,512,512,341,44,64,32,4,4002,4002,1.0,4.5625,28.393412904168937,0.7154332448987851,0.888331457964661,0.9146985633781417,0.9502343650654467
chat_preview,photo,kodak_02,768,512,512,341,44,64,64,0,2949,8487,0.3474726051608342,4.31487,26.26168864933199,0.6478673848063238,0.8543059799526004,0.868755459137887,0.8965019190743652
chat_preview,photo,kodak_02,768,512,512,341,44,64,64,1,5341,8487,0.6293154235890185,4.49388,28.232925674727657,0.7258076645593144,0.908461549343076,0.921949983057872,0.9491111085501903
chat_preview,photo,kodak_02,768,512,512,341,44,64,64,2,7533,8487,0.887592788971368,4.69308,29.84581816499576,0.7844983103145116,0.9351489291106775,0.9533942856055431,0.9698614142432689
chat_preview,photo,kodak_02,768,512,512,341,44,64,64,3,8487,8487,1.0,4.92871,30.72669974638425,0.8061689498471862,0.9395986011557577,0.9587817193573382,0.975249993479035
chat_preview,photo,kodak_02,768,512,512,341,45,64,32,0,1360,4024,0.3379721669980119,4.35779,24.913097553292047,0.5852465013963671,0.7726266466262732,0.7966151231160539,0.8390608664465591
chat_preview,photo,kodak_02,768,512,512,341,45,64,32,1,2367,4024,0.588220675944334,4.31508,26.106912079765678,0.6351678599683649,0.8373688477692777,0.8593538071408547,0.891423660911086
chat_preview,photo,kodak_02,768,512,512,341,45,64,32,2,3309,4024,0.8223161033797217,4.45492,27.59517290293688,0.6874960418433154,0.8745652083353425,0.8984740955173497,0.9374417155948618
chat_preview,photo,kodak_02,768,512,512,341,45,64,32,3,3938,4024,0.9786282306163022,4.47996,28.346573154544394,0.7147199379282219,0.8883418445968808,0.9147743522304076,0.949673309932579
chat_preview,photo,kodak_02,768,512,512,341,45,64,32,4,4024,4024,1.0,4.58458,28.41068711745757,0.7158043089961779,0.8886098554205987,0.9150109029506239,0.9503161043889524
chat_preview,photo,kodak_02,768,512,512,341,45,64,64,0,2949,8520,0.34612676056338026,4.34779,26.26168864933199,0.6478673848063238,0.8543059799526004,0.868755459137887,0.8965019190743652
chat_preview,photo,kodak_02,768,512,512,341,45,64,64,1,5341,8520,0.6268779342723004,4.519,28.23315123040105,0.7258268621228638,0.9084693042712896,0.9219484764685384,0.9491147473025648
chat_preview,photo,kodak_02,768,512,512,341,45,64,64,2,7555,8520,0.8867370892018779,4.68225,29.853812293597002,0.784595436443429,0.9351944231603987,0.9534622684135666,0.9699140107932123
chat_preview,photo,kodak_02,768,512,512,341,45,64,64,3,8520,8520,1.0,4.91133,30.754917937349813,0.8064667421390223,0.9397062448083003,0.958910790570208,0.9753665395473818
chat_preview,photo,kodak_02,768,512,512,341,46,64,32,0,1360,4067,0.3343988197688714,4.41442,24.913097553292047,0.5852465013963671,0.7726266466262732,0.7966151231160539,0.8390608664465591
chat_preview,photo,kodak_02,768,512,512,341,46,64,32,1,2367,4067,0.5820014752889108,4.34683,26.106912079765678,0.6351678599683649,0.8373688477692777,0.8593538071408547,0.891423660911086
chat_preview,photo,kodak_02,768,512,512,341,46,64,32,2,3320,4067,0.8163265306122449,4.38017,27.61634009580178,0.6879641715615717,0.8751972244417973,0.899073714628386,0.9376637965822329
chat_preview,photo,kodak_02,768,512,512,341,46,64,32,3,3976,4067,0.9776247848537005,4.56658,28.396271306806888,0.7165605611467223,0.8897309403963954,0.9162632043415787,0.9503257663772318
chat_preview,photo,kodak_02,768,512,512,341,46,64,32,4,4067,4067,1.0,4.87271,28.466575574264233,0.7177058118410513,0.8900432604426459,0.916541292768722,0.9510070489919208
chat_preview,photo,kodak_02,768,512,512,341,46,64,64,0,2949,8618,0.3421907635182177,4.4945,26.26168864933199,0.6478673848063238,0.8543059799526004,0.868755459137887,0.8965019190743652
chat_preview,photo,kodak_02,768,512,512,341,46,64,64,1,5341,8618,0.6197493618008819,4.50137,28.23315123040105,0.7258268621228638,0.9084693042712896,0.9219484764685384,0.9491147473025648
chat_preview,photo,kodak_02,768,512,512,341,46,64,64,2,7603,8618,0.8822232536551404,4.87887,29.88812004311744,0.7851218929163021,0.9355984829607676,0.9538531711414878,0.9701270399143905
chat_preview,photo,kodak_02,768,512,512,341,46,64,64,3,8618,8618,1.0,5.22042,30.825716371694387,0.8081052747784314,0.9403159972018678,0.9595251458036842,0.9758335132387127
chat_preview,photo,kodak_02,768,512,512,341,47,64,32,0,1419,4188,0.33882521489971346,4.45933,24.970142919462866,0.5862051663804809,0.7746626908336512,0.7973564701892029,0.8385360014598338
chat_preview,photo,kodak_02,768,512,512,341,47,64,32,1,2471,4188,0.5900191021967526,4.38133,26.1781084693253,0.6362949544542292,0.8408338205852672,0.8614986327826951,0.8923838411133787
chat_preview,photo,kodak_02,768,512,512,341,47,64,32,2,3431,4188,0.8192454632282713,4.42829,27.707618199261862,0.6897057473007044,0.8785326993309316,0.9016185657189659,0.9385441994062483
chat_preview,photo,kodak_02,768,512,512,341,47,64,32,3,4094,4188,0.9775549188156638,4.65829,28.51837849453499,0.7185227878236313,0.8933254662658978,0.9190445380781272,0.9514339458919687
chat_preview,photo,kodak_02,768,512,512,341,47,64,32,4,4188,4188,1.0,4.59258,28.591629856778997,0.7196802644361501,0.893643990968039,0.9193346807310848,0.9521290293135806
chat_preview,photo,kodak_02,768,512,512,341,47,64,64,0,3090,8873,0.34824749239265185,4.27888,26.341735684335763,0.6503882856366724,0.8576152251683345,0.8690370706490099,0.897748989246523
chat_preview,photo,kodak_02,768,512,512,341,47,64,64,1,5575,8873,0.6283106052068071,4.48825,28.328522276903616,0.7298086007521096,0.9130102949426848,0.9237021531894385,0.9503251644622924
chat_preview,photo,kodak_02,768,512,512,341,47,64,64,2,7853,8873,0.8850445170742702,4.78117,30.05593369949817,0.7893890996486798,0.940360102849246,0.9558832823943266,0.9717068375151875
chat_preview,photo,kodak_02,768,512,512,341,47,64,64,3,8873,8873,1.0,4.88946,31.054140127763525,0.8125651055314204,0.9452390391953425,0.9619109488928722,0.9774984357614779
chat_preview,photo,kodak_02,768,512,512,341,48,64,32,0,1419,4261,0.333020417742314,4.31754,24.970142919462866,0.5862051663804809,0.7746626908336512,0.7973564701892029,0.8385360014598338
chat_preview,photo,kodak_02,768,512,512,341,48,64,32,1,2471,4261,0.5799108190565595,4.33537,26.177785855550376,0.636330265229809,0.8408542956262764,0.8614922947717367,0.8923761711804752
chat_preview,photo,kodak_02,768,512,512,341,48,64,32,2,3475,4261,0.8155362590941093,4.42563,27.727044889956623,0.6912721872485527,0.8798983004296838,0.9038567567157392,0.9400996888224745
chat_preview,photo,kodak_02,768,512,512,341,48,64,32,3,4161,4261,0.9765313306735508,4.76112,28.57291495939053,0.7208879322945099,0.8954157319591992,0.9219820288568553,0.953463086304607
chat_preview,photo,kodak_02,768,512,512,341,48,64,32,4,4261,4261,1.0,4.57279,28.65061096148966,0.7220999862324398,0.8957743113389003,0.9222987121236429,0.9542044352895223
chat_preview,photo,kodak_02,768,512,512,341,48,64,64,0,3090,9109,0.33922494236469425,4.33221,26.341735684335763,0.6503882856366724,0.8576152251683345,0.8690370706490099,0.897748989246523
chat_preview,photo,kodak_02,768,512,512,341,48,64,64,1,5575,9109,0.6120320562081458,4.48854,28.328425867405535,0.729829635188075,0.9130245805054331,0.9236987541281796,0.9503257034728826
chat_preview,photo,kodak_02,768,512,512,341,48,64,64,2,8020,9109,0.8804479086617631,4.71029,30.081770962351897,0.7916259171179097,0.9407814232588954,0.9563279248500713,0.9718272378106846
chat_preview,photo,kodak_02,768,512,512,341,48,64,64,3,9109,9109,1.0,4.95421,31.12804387402022,0.8158252696485954,0.9459012647999471,0.9625406091959209,0.9780178437795317
chat_preview,photo,kodak_02,768,512,512,341,49,64,32,0,1419,4311,0.3291579679888657,4.33637,24.970142919462866,0.5862051663804809,0.7746626908336512,0.7973564701892029,0.8385360014598338
chat_preview,photo,kodak_02,768,512,512,341,49,64,32,1,2480,4311,0.5752725585710972,4.36137,26.183502206175405,0.636935711053147,0.8412726344004353,0.861552722159282,0.8924064924514566
chat_preview,photo,kodak_02,768,512,512,341,49,64,32,2,3507,4311,0.813500347947112,4.42283,27.738766874697337,0.6918163942990381,0.8804232326892322,0.903745655965473,0.940284945241063
chat_preview,photo,kodak_02,768,512,512,341,49,64,32,3,4203,4311,0.9749478079331941,4.56363,28.595700829242926,0.7216772067729029,0.8960445105249084,0.9221537912480756,0.9537213438454617
chat_preview,photo,kodak_02,768,512,512,341,49,64,32,4,4311,4311,1.0,4.65517,28.679984024794404,0.7229590754219033,0.8964015105900355,0.9224715067978397,0.9545130986628005
chat_preview,photo,kodak_02,768,512,512,341,49,64,64,0,3106,9221,0.33683982214510355,4.33221,26.341735684335763,0.6503882856366724,0.8576152251683345,0.8690370706490099,0.897748989246523
chat_preview,photo,kodak_02,768,512,512,341,49,64,64,1,5609,9221,0.6082854354191519,4.47737,28.33116009343278,0.7301886014504646,0.9133037124552245,0.9237116940343783,0.9504543220234568
chat_preview,photo,kodak_02,768,512,512,341,49,64,64,2,8125,9221,0.8811408740917471,5.02696,30.100309455508683,0.7924139534886011,0.9411107117337746,0.9565533269891171,0.9719906956566454
chat_preview,photo,kodak_02,768,512,512,341,49,64,64,3,9221,9221,1.0,5.2445,31.17005113560621,0.8167794616219872,0.9463293479655551,0.9628131550935747,0.9782509051997473
chat_preview,photo,kodak_02,768,512,512,341,50,64,32,0,1419,4369,0.32478828107118335,4.40125,24.970142919462866,0.5862051663804809,0.7746626908336512,0.7973564701892029,0.8385360014598338
chat_preview,photo,kodak_02,768,512,512,341,50,64,32,1,2491,4369,0.5701533531700618,4.67533,26.188424267215584,0.6372797884666243,0.8414641315101083,0.8616124777741226,0.8925433070786449
chat_preview,photo,kodak_02,768,512,512,341,50,64,32,2,3521,4369,0.8059052414740215,4.49046,27.74298514611107,0.6920801345497956,0.8806110545139466,0.9038382294286584,0.940401697080869
chat_preview,photo,kodak_02,768,512,512,341,50,64,32,3,4252,4369,0.9732204165712978,4.87425,28.61492194393698,0.7229981900031266,0.8967715459639454,0.9230660326788253,0.95410396273976
chat_preview,photo,kodak_02,768,512,512,341,50,64,32,4,4369,4369,1.0,5.0295,28.70293046698111,0.7245217294401204,0.89718269741943,0.9234358866971549,0.9549187040713125
chat_preview,photo,kodak_02,768,512,512,341,50,64,64,0,3106,9335,0.33272629887520083,4.51292,26.341735684335763,0.6503882856366724,0.8576152251683345,0.8690370706490099,0.897748989246523
chat_preview,photo,kodak_02,768,512,512,341,50,64,64,1,5646,9335,0.6048205677557579,4.6515,28.33082346303175,0.7305285813057413,0.9134360495075562,0.9238842250566859,0.9504790617617658
chat_preview,photo,kodak_02,768,512,512,341,50,64,64,2,8166,9335,0.8747723620782003,5.32617,30.112015358348966,0.7928380534257604,0.9413044322896281,0.9566940962170776,0.9720991870611841
chat_preview,photo,kodak_02,768,512,512,341,50,64,64,3,9335,9335,1.0,5.13346,31.21760564786356,0.8187152513105431,0.9467716723376801,0.9632251977091053,0.9785670791932877
chat_preview,photo,kodak_02,768,512,512,341,51,64,32,0,1419,4406,0.3220608261461643,4.47771,24.970142919462866,0.5862051663804809,0.7746626908336512,0.7973564701892029,0.8385360014598338
chat_preview,photo,kodak_02,768,512,512,341,51,64,32,1,2510,4406,0.5696777122106219,4.32896,26.196140967018096,0.6379616849653219,0.8423316368751633,0.8616385164621612,0.8927587466815113
chat_preview,photo,kodak_02,768,512,512,341,51,64,32,2,3548,4406,0.805265546981389,5.08983,27.76694892384167,0.6929874371618744,0.8816259796196056,0.904004600772704,0.9403969113020252
chat_preview,photo,kodak_02,768,512,512,341,51,64,32,3,4283,4406,0.9720835224693599,4.70167,28.660933857621096,0.724244016507796,0.8981762643877964,0.9236564100441653,0.9543434638005707
chat_preview,photo,kodak_02,768,512,512,341,51,64,32,4,4406,4406,1.0,5.132,28.74999795086363,0.7258215913955243,0.8985761418186962,0.9240158016428998,0.9551603355461038
chat_preview,photo,kodak_02,768,512,512,341,51,64,64,0,3106,9454,0.3285381848952824,4.41737,26.341735684335763,0.6503882856366724,0.8576152251683345,0.8690370706490099,0.897748989246523
chat_preview,photo,kodak_02,768,512,512,341,51,64,64,1,5717,9454,0.6047175798603766,4.72267,28.354022483368322,0.7312471111422205,0.9137631840191852,0.9238341917138428,0.9510926572607065
chat_preview,photo,kodak_02,768,512,512,341,51,64,64,2,8282,9454,0.876031309498625,5.07683,30.17322638729835,0.7944047635604906,0.9420769127571739,0.9574327092379503,0.9727218480397686
chat_preview,photo,kodak_02,768,512,512,341,51,64,64,3,9454,9454,1.0,5.2245,31.31107159903206,0.8205630467137416,0.9476656106269713,0.9640377545470382,0.979118927751616
chat_preview,photo,kodak_02,768,512,512,341,52,64,32,0,1419,4493,0.31582461606944134,4.33679,24.970142919462866,0.5862051663804809,0.7746626908336512,0.7973564701892029,0.8385360014598338
chat_preview,photo,kodak_02,768,512,512,341,52,64,32,1,2516,4493,0.5599821945248163,4.53404,26.197156274342483,0.6379584840900244,0.8423377122944492,0.8615966635858615,0.8927865304806444
chat_preview,photo,kodak_02,768,512,512,341,52,64,32,2,3581,4493,0.7970175829067438,4.88112,27.76161202333693,0.6932597746940424,0.881544314592103,0.9038048320387071,0.9403068794283488
chat_preview,photo,kodak_02,768,512,512,341,52,64,32,3,4361,4493,0.9706209659470287,4.93029,28.66893793683728,0.7259192322934855,0.8985863139450344,0.9240520891417341,0.9544694937874787
chat_preview,photo,kodak_02,768,512,512,341,52,64,32,4,4493,4493,1.0,4.72896,28.77000824234717,0.7277732941811342,0.8990972524230468,0.9245375328695349,0.9553891958207478
chat_preview,photo,kodak_02,768,512,512,341,52,64,64,0,3106,9588,0.3239465999165624,4.59087,26.341735684335763,0.6503882856366724,0.8576152251683345,0.8690370706490099,0.897748989246523
chat_preview,photo,kodak_02,768,512,512,341,52,64,64,1,5722,9588,0.5967876512307051,4.57575,28.353950819511404,0.7312650951847485,0.9137597998186018,0.9238259735273222,0.9510895823186543
chat_preview,photo,kodak_02,768,512,512,341,52,64,64,2,8328,9588,0.8685857321652065,4.91692,30.17689824080813,0.7947049312549505,0.9420456251572217,0.9573818704895255,0.9727506936869078
chat_preview,photo,kodak_02,768,512,512,341,52,64,64,3,9588,9588,1.0,5.06629,31.35270513238858,0.822327871994867,0.9479330189728636,0.964230894254787,0.9793665298091035
chat_preview,photo,kodak_02,768,512,512,341,53,64,32,0,1451,4614,0.31447767663632425,4.34575,24.961105456311984,0.5860813249659306,0.7749327311131463,0.7977335935111424,0.8387648221742781
chat_preview,photo,kodak_02,768,512,512,341,53,64,32,1,2599,4614,0.5632856523623754,4.52875,26.195575387360126,0.6383801202168112,0.8431082437573182,0.8631698096936098,0.8935206829377969
chat_preview,photo,kodak_02,768,512,512,341,53,64,32,2,3680,4614,0.7975726051148678,4.54271,27.757075715200887,0.6938269113515125,0.8823172701961087,0.9053149909513138,0.9405973875070924
chat_preview,photo,kodak_02,768,512,512,341,53,64,32,3,4465,4614,0.9677069787602948,4.82933,28.677682558328826,0.7268047252516864,0.8992437469792357,0.9253473367953606,0.9548844537283019
chat_preview,photo,kodak_02,768,512,512,341,53,64,32,4,4614,4614,1.0,4.54062,28.785909244303127,0.7288753406441449,0.8997882965002554,0.9258487972876457,0.9558748867499129
chat_preview,photo,kodak_02,768,512,512,341,53,64,64,0,3238,9948,0.32549256131885806,4.71558,26.334484808209652,0.6501847414909356,0.8578365651031263,0.869722564565493,0.8980880744144009
chat_preview,photo,kodak_02,768,512,512,341,53,64,64,1,6033,9948,0.606453558504222,4.62633,28.360702974511156,0.7325306094469867,0.9149311580440768,0.9252386638177239,0.9514219253554002
chat_preview,photo,kodak_02,768,512,512,341,53,64,64,2,8682,9948,0.8727382388419783,4.83833,30.216709861795287,0.796345295776467,0.9430079672768291,0.9585459467808313,0.9730299587010729
chat_preview,photo,kodak_02,768,512,512,341,53,64,64,3,9948,9948,1.0,5.00596,31.431658165138728,0.8241461283830346,0.9490446920103345,0.9652399312184958,0.9798780749253692
chat_preview,photo,kodak_02,768,512,512,341,54,64,32,0,1451,4689,0.309447643420772,4.41729,24.961105456311984,0.5860813249659306,0.7749327311131463,0.7977335935111424,0.8387648221742781
chat_preview,photo,kodak_02,768,512,512,341,54,64,32,1,2600,4689,0.5544892301130305,4.35933,26.19356719227855,0.6388707911583988,0.8436714486287121,0.8631891317358742,0.8935626866323533
chat_preview,photo,kodak_02,768,512,512,341,54,64,32,2,3739,4689,0.7973981659202388,4.53429,27.78104674515163,0.6957853385337942,0.883978217342595,0.9069396068883856,0.9419996208366546
chat_preview,photo,kodak_02,768,512,512,341,54,64,32,3,4534,4689,0.9669439112817232,4.5945,28.693837184473608,0.7285670041268281,0.9006229427217045,0.9265360505408557,0.9559324219040756
chat_preview,photo,kodak_02,768,512,512,341,54,64,32,4,4689,4689,1.0,4.65313,28.806064663922534,0.7306996262789706,0.9011974838613298,0.9270704152056246,0.9569604829278354
chat_preview,photo,kodak_02,768,512,512,341,54,64,64,0,3238,10153,0.3189205161036147,4.41575,26.334484808209652,0.6501847414909356,0.8578365651031263,0.869722564565493,0.8980880744144009
chat_preview,photo,kodak_02,768,512,512,341,54,64,64,1,6038,10153,0.594701073574313,4.61029,28.37244776527752,0.7328321006940355,0.9153366451641842,0.9252210928921726,0.9516836470310535
chat_preview,photo,kodak_02,768,512,512,341,54,64,64,2,8881,10153,0.8747168324633113,4.80992,30.246975196393198,0.7983690558476967,0.9434885285319959,0.9587028813569345,0.9732086243816234
chat_preview,photo,kodak_02,768,512,512,341,54,64,64,3,10153,10153,1.0,5.14654,31.48208187323853,0.825997449497016,0.9495389616733515,0.9654461412972798,0.9802737305327759
chat_preview,photo,kodak_02,768,512,512,341,55,64,32,0,1451,4776,0.3038107202680067,4.32633,24.961105456311984,0.5860813249659306,0.7749327311131463,0.7977335935111424,0.8387648221742781
chat_preview,photo,kodak_02,768,512,512,341,55,64,32,1,2605,4776,0.5454355108877722,4.45408,26.193744742032393,0.6389023268199193,0.8436827006625259,0.863195300466616,0.8935798185313807
chat_preview,photo,kodak_02,768,512,512,341,55,64,32,2,3772,4776,0.7897822445561139,4.47054,27.780731192956676,0.6961515907203353,0.8840674791715234,0.907155378455251,0.9419041586106225
chat_preview,photo,kodak_02,768,512,512,341,55,64,32,3,4607,4776,0.9646147403685092,4.64958,28.692523142633902,0.7300109763083024,0.9010903077070368,0.9272691154747658,0.9559352913318917
chat_preview,photo,kodak_02,768,512,512,341,55,64,32,4,4776,4776,1.0,4.6665,28.81298581982272,0.7324314850440595,0.9017545993122602,0.9279064605287791,0.9570328453886895
chat_preview,photo,kodak_02,768,512,512,341,55,64,64,0,3238,10358,0.3126086117011006,4.40142,26.334484808209652,0.6501847414909356,0.8578365651031263,0.869722564565493,0.8980880744144009
chat_preview,photo,kodak_02,768,512,512,341,55,64,64,1,6051,10358,0.5841861363197528,4.53746,28.373331383691426,0.732839316153813,0.9153290511926203,0.9252160437897146,0.9516977015133676
chat_preview,photo,kodak_02,768,512,512,341,55,64,64,2,8963,10358,0.8653214906352578,4.70392,30.279378478285146,0.7988706003995559,0.9434153409584943,0.9587654388998486,0.9732285899009477
chat_preview,photo,kodak_02,768,512,512,341,55,64,64,3,10358,10358,1.0,5.1085,31.56156360924987,0.8278614795209117,0.9498626454534209,0.965725370667434,0.9806368715971078
chat_preview,photo,kodak_02,768,512,512,341,56,64,32,0,1451,4834,0.3001654944145635,4.35292,24.961105456311984,0.5860813249659306,0.7749327311131463,0.7977335935111424,0.8387648221742781
chat_preview,photo,kodak_02,768,512,512,341,56,64,32,1,2651,4834,0.5484071162598262,4.29121,26.206484246027742,0.6398461739589788,0.8444347296139357,0.8639570796116968,0.8938680291993085
chat_preview,photo,kodak_02,768,512,512,341,56,64,32,2,3821,4834,0.7904426975589574,4.43629,27.800118079645774,0.6971504672944885,0.8848948126043511,0.9080462779392983,0.941934199676303
chat_preview,photo,kodak_02,768,512,512,341,56,64,32,3,4663,4834,0.9646255688870501,4.58221,28.743007868442053,0.7315122915122064,0.9021054636446774,0.9284403990145047,0.9562377858044516
chat_preview,photo,kodak_02,768,512,512,341,56,64,32,4,4834,4834,1.0,4.62033,28.868845294932754,0.7340005781784372,0.9027729128169869,0.9290841464860992,0.957368494938165
chat_preview,photo,kodak_02,768,512,512,341,56,64,64,0,3238,10501,0.3083515855632797,4.41121,26.334484808209652,0.6501847414909356,0.8578365651031263,0.869722564565493,0.8980880744144009
chat_preview,photo,kodak_02,768,512,512,341,56,64,64,1,6174,10501,0.5879440053328254,4.50937,28.395272590558697,0.7340799216812823,0.9158590892170602,0.925153311183915,0.9520698580008841
chat_preview,photo,kodak_02,768,512,512,341,56,64,64,2,9103,10501,0.8668698219217218,4.80304,30.336323891467316,0.8004410590759222,0.9444612416647891,0.9593657039771163,0.9736259379731148
chat_preview,photo,kodak_02,768,512,512,341,56,64,64,3,10501,10501,1.0,5.15754,31.656837284912072,0.8298049435644943,0.9509195295344607,0.9664081488978193,0.9810213786287466
chat_preview,photo,kodak_02,768,512,512,341,57,64,32,0,1451,4917,0.29509863738051656,4.42467,24.961105456311984,0.5860813249659306,0.7749327311131463,0.7977335935111424,0.8387648221742781
chat_preview,photo,kodak_02,768,512,512,341,57,64,32,1,2661,4917,0.5411836485661989,4.41154,26.208573789060235,0.6400894944704397,0.8446040191033549,0.8639300815745277,0.8939439209109786
chat_preview,photo,kodak_02,768,512,512,341,57,64,32,2,3866,4917,0.7862517795403702,4.43992,27.804908892994852,0.6978394559819359,0.8852414748134555,0.9080362828011221,0.9420128179816377
chat_preview,photo,kodak_02,768,512,512,341,57,64,32,3,4741,4917,0.9642058165548099,4.49996,28.76227921262686,0.7332627835276216,0.9028520030777388,0.9289192436345879,0.9564786445008712
chat_preview,photo,kodak_02,768,512,512,341,57,64,32,4,4917,4917,1.0,4.6895,28.89693269290661,0.7357970416745246,0.9035530127828877,0.9296040467138572,0.9576638894244722
chat_preview,photo,kodak_02,768,512,512,341,57,64,64,0,3238,10702,0.30256026910857786,4.43692,26.334484808209652,0.6501847414909356,0.8578365651031263,0.869722564565493,0.8980880744144009
chat_preview,photo,kodak_02,768,512,512,341,57,64,64,1,6190,10702,0.5783965613903943,4.55642,28.395462498175892,0.7340715265203226,0.9158581272478677,0.9251618291456184,0.9520720442052004
chat_preview,photo,kodak_02,768,512,512,341,57,64,64,2,9195,10702,0.859185199028219,4.75083,30.36802376987989,0.801211407862599,0.9445751385054512,0.9595469964622461,0.9737189729488842
chat_preview,photo,kodak_02,768,512,512,341,57,64,64,3,10702,10702,1.0,5.09658,31.743535524001665,0.8323284638184963,0.9514341801465543,0.9667878747440996,0.9814248657126899
chat_preview,photo,kodak_02,768,512,512,341,58,64,32,0,1451,4930,0.29432048681541584,4.30675,24.961105456311984,0.5860813249659306,0.7749327311131463,0.7977335935111424,0.8387648221742781
chat_preview,photo,kodak_02,768,512,512,341,58,64,32,1,2661,4930,0.5397565922920893,4.29896,26.208573789060235,0.6400894944704397,0.8446040191033549,0.8639300815745277,0.8939439209109786
chat_preview,photo,kodak_02,768,512,512,341,58,64,32,2,3865,4930,0.783975659229209,4.39479,27.80281827806541,0.6978823843902114,0.8853370770794063,0.9080231238316587,0.9419150633219406
chat_preview,photo,kodak_02,768,512,512,341,58,64,32,3,4744,4930,0.9622718052738337,4.56829,28.775574182248587,0.7336641683807543,0.9031438609901231,0.9291505353192873,0.9565997455351303
chat_preview,photo,kodak_02,768,512,512,341,58,64,32,4,4930,4930,1.0,4.61654,28.91377520939857,0.7363511458602967,0.9038792808184098,0.929866899626013,0.9578076709430108
chat_preview,photo,kodak_02,768,512,512,341,58,64,64,0,3238,10705,0.3024754787482485,4.39067,26.334484808209652,0.6501847414909356,0.8578365651031263,0.869722564565493,0.8980880744144009
chat_preview,photo,kodak_02,768,512,512,341,58,64,64,1,6190,10705,0.5782344698738907,4.54283,28.395462498175892,0.7340715265203226,0.9158581272478677,0.9251618291456184,0.9520720442052004
chat_preview,photo,kodak_02,768,512,512,341,58,64,64,2,9195,10705,0.8589444184960299,4.71996,30.370219579245944,0.801249945779822,0.9446144060547228,0.9595451122887899,0.9737341870550962
chat_preview,photo,kodak_02,768,512,512,341,58,64,64,3,10705,10705,1.0,5.14387,31.769908894700343,0.8326497173161401,0.9515387271760081,0.9668842485333801,0.981512900940124
chat_preview,photo,kodak_02,768,512,512,341,59,64,32,0,1481,5108,0.2899373531714957,4.38742,24.97846654112495,0.5863202743030528,0.7757739387735674,0.7977647817489953,0.8394192403957398
chat_preview,photo,kodak_02,768,512,512,341,59,64,32,1,2709,5108,0.5303445575567737,4.38304,26.230370656408695,0.6410525082657221,0.8465173750389576,0.8641962594995026,0.8944394480939517
chat_preview,photo,kodak_02,768,512,512,341,59,64,32,2,3984,5108,0.7799530148786218,4.44217,27.869983754351008,0.7010841500107885,0.8889611021594893,0.9101165103269547,0.9436711617813349
chat_preview,photo,kodak_02,768,512,512,341,59,64,32,3,4906,5108,0.9604541895066562,4.59642,28.863697265177205,0.7381188326546798,0.9067888048416689,0.9312597967608306,0.9581679350964784
chat_preview,photo,kodak_02,768,512,512,341,59,64,32,4,5108,5108,1.0,4.64363,29.011596794012707,0.7410409982673327,0.9075379169191721,0.9320390490381851,0.9593966691284562
chat_preview,photo,kodak_02,768,512,512,341,59,64,64,0,3307,11190,0.2955317247542449,4.3405,26.352991814677292,0.6511605913915709,0.8590935959132829,0.8696125681855631,0.898480009070065
chat_preview,photo,kodak_02,768,512,512,341,59,64,64,1,6310,11190,0.5638963360142984,4.52958,28.420552337475513,0.7353866882170118,0.9175899312436808,0.9256441091155808,0.952484655797572
chat_preview,photo,kodak_02,768,512,512,341,59,64,64,2,9582,11190,0.8563002680965147,4.75092,30.474398647898177,0.805512032077257,0.947352025240705,0.9610653147830184,0.9744147597595897
chat_preview,photo,kodak_02,768,512,512,341,59,64,64,3,11190,11190,1.0,5.15871,31.95283742475361,0.8381187428954275,0.9544531659662235,0.9682781857002271,0.9825035125919852
chat_preview,photo,kodak_02,768,512,512,341,60,64,32,0,1481,5147,0.28774043131921506,4.24629,24.97846654112495,0.5863202743030528,0.7757739387735674,0.7977647817489953,0.8394192403957398
chat_preview,photo,kodak_02,768,512,512,341,60,64,32,1,2716,5147,0.5276860306974936,4.36233,26.234273070373565,0.641238009636798,0.8469889539589106,0.8646047105664175,0.8945517604957247
chat_preview,photo,kodak_02,768,512,512,341,60,64,32,2,4008,5147,0.7787060423547698,4.39412,27.87609250282862,0.701388826237002,0.8894136382449117,0.9103790303932914,0.943825225329636
chat_preview,photo,kodak_02,768,512,512,341,60,64,32,3,4937,5147,0.9591995337089567,4.59754,28.8931740583811,0.738652035820393,0.9073454758141817,0.9315762320668753,0.9584843291955046
chat_preview,photo,kodak_02,768,512,512,341,60,64,32,4,5147,5147,1.0,4.69313,29.054062602679682,0.7417876529319875,0.9081349663748867,0.9323984082713512,0.9597979779824427
chat_preview,photo,kodak_02,768,512,512,341,60,64,64,0,3307,11270,0.29343389529724934,4.43579,26.352991814677292,0.6511605913915709,0.8590935959132829,0.8696125681855631,0.898480009070065
chat_preview,photo,kodak_02,768,512,512,341,60,64,64,1,6327,11270,0.5614019520851818,4.48687,28.42524109005879,0.7353994319953902,0.9176732641631701,0.925675192906314,0.9525735086677177
chat_preview,photo,kodak_02,768,512,512,341,60,64,64,2,9654,11270,0.8566104702750665,4.82433,30.485412563310096,0.8060133729601281,0.9474824615143934,0.9611298281802775,0.9744999501001999
chat_preview,photo,kodak_02,768,512,512,341,60,64,64,3,11270,11270,1.0,5.11517,31.996425260810263,0.8388599645834963,0.9546922062227329,0.9685020063821062,0.9826640389573027
chat_preview,photo,kodak_02,768,512,512,341,61,64,32,0,1481,5283,0.28033314404694304,4.32946,24.97846654112495,0.5863202743030528,0.7757739387735674,0.7977647817489953,0.8394192403957398
chat_preview,photo,kodak_02,768,512,512,341,61,64,32,1,2754,5283,0.5212947189097104,4.47525,26.246774589277887,0.64178074209613,0.8476264764888152,0.8644497562784564,0.8947772936854499
chat_preview,photo,kodak_02,768,512,512,341,61,64,32,2,4072,5283,0.7707741813363619,4.41117,27.909265404540072,0.702678498912114,0.8907738048222485,0.9106479010575018,0.9439465748568625
chat_preview,photo,kodak_02,768,512,512,341,61,64,32,3,5053,5283,0.9564641302290365,4.63183,28.957650906125572,0.7419284557554765,0.9094537409466911,0.9327746421891618,0.9589802063786573
chat_preview,photo,kodak_02,768,512,512,341,61,64,32,4,5283,5283,1.0,4.78808,29.138742832449324,0.7456271525761924,0.9105102233176213,0.9339402258142425,0.9604879107950093
chat_preview,photo,kodak_02,768,512,512,341,61,64,64,0,3307,11566,0.28592426076430916,4.35108,26.352991814677292,0.6511605913915709,0.8590935959132829,0.8696125681855631,0.898480009070065
chat_preview,photo,kodak_02,768,512,512,341,61,64,64,1,6432,11566,0.556112744250389,4.54171,28.433042884205037,0.7361159124023137,0.9179879046557952,0.9254721367828734,0.9524667617922649
chat_preview,photo,kodak_02,768,512,512,341,61,64,64,2,9809,11566,0.8480892270447864,4.77342,30.53577730834168,0.8077140998074283,0.948434005263597,0.9619083598456186,0.9747321340053439
chat_preview,photo,kodak_02,768,512,512,341,61,64,64,3,11566,11566,1.0,5.18008,32.115728589358845,0.8427881356811643,0.9561331380908991,0.9696915044094072,0.9832201308053424
chat_preview,photo,kodak_02,768,512,512,341,62,64,32,0,1549,5375,0.2881860465116279,4.36533,24.951957547834773,0.58666292326082,0.7769033488454057,0.7993700441471568,0.8399123443255511
chat_preview,photo,kodak_02,768,512,512,341,62,64,32,1,2822,5375,0.5250232558139535,4.38929,26.221765764057984,0.6419078832635909,0.8482321078267078,0.8652245865867229,0.8950099003315294
chat_preview,photo,kodak_02,768,512,512,341,62,64,32,2,4142,5375,0.7706046511627906,4.67542,27.87834214924836,0.703002080523771,0.8917259168084257,0.911586175850989,0.9442097641283349
chat_preview,photo,kodak_02,768,512,512,341,62,64,32,3,5132,5375,0.9547906976744186,12.0648,28.925530584972563,0.7426852545176413,0.9106777444073214,0.9340864691570293,0.9593388085096966
chat_preview,photo,kodak_02,768,512,512,341,62,64,32,4,5375,5375,1.0,4.945,29.112165143862647,0.7464225247418357,0.9117368947082545,0.9352508487211605,0.9608836230951869
chat_preview,photo,kodak_02,768,512,512,341,62,64,64,0,3503,11779,0.29739366669496564,4.74954,26.323928784618104,0.6516536369446124,0.8601004706037555,0.8709246038902994,0.8986951601617539
chat_preview,photo,kodak_02,768,512,512,341,62,64,64,1,6628,11779,0.5626963239663808,4.73637,28.40183525243161,0.7367082421267863,0.9186516861780447,0.9263905278800941,0.9525136539927385
chat_preview,photo,kodak_02,768,512,512,341,62,64,64,2,10008,11779,0.8496476780711436,4.92887,30.491090780511954,0.8084940639795445,0.9492937456587659,0.9629370463204787,0.9747966632822689
chat_preview,photo,kodak_02,768,512,512,341,62,64,64,3,11779,11779,1.0,5.37696,32.085856397031634,0.8440031407227216,0.9570445222902544,0.9708053313918056,0.9834293157918746
chat_preview,photo,kodak_02,768,512,512,341,63,64,32,0,1565,5545,0.2822362488728584,4.17554,24.951957547834773,0.58666292326082,0.7769033488454057,0.7993700441471568,0.8399123443255511
chat_preview,photo,kodak_02,768,512,512,341,63,64,32,1,2871,5545,0.5177637511271416,4.38392,26.22835990124152,0.6424945144641684,0.8488965470224406,0.8657631201366268,0.8954542102545155
chat_preview,photo,kodak_02,768,512,512,341,63,64,32,2,4229,5545,0.7626690712353471,4.39396,27.894862406831717,0.7045782366775386,0.8929813475413471,0.9120632727625515,0.9445947216256723
chat_preview,photo,kodak_02,768,512,512,341,63,64,32,3,5281,5545,0.9523895401262399,4.61388,28.9677612926892,0.7455736329118438,0.9123320227454492,0.9348721474548912,0.9599342566543417
chat_preview,photo,kodak_02,768,512,512,341,63,64,32,4,5545,5545,1.0,4.72587,29.168180902883662,0.7497610953438896,0.9134800653951775,0.9361432019217126,0.9615405794998969
chat_preview,photo,kodak_02,768,512,512,341,63,64,64,0,3503,12086,0.28983948370014895,4.36787,26.323928784618104,0.6516536369446124,0.8601004706037555,0.8709246038902994,0.8986951601617539
chat_preview,photo,kodak_02,768,512,512,341,63,64,64,1,6711,12086,0.5552705609796459,4.83396,28.393000688127618,0.737256309478521,0.9192411072600861,0.9268291036869076,0.9524055412563842
chat_preview,photo,kodak_02,768,512,512,341,63,64,64,2,10178,12086,0.8421313916928678,4.90225,30.504402266448075,0.8097351860082113,0.950022716895384,0.9634309821386274,0.9748853710565044
chat_preview,photo,kodak_02,768,512,512,341,63,64,64,3,12086,12086,1.0,5.35546,32.15480530516671,0.8469857494850932,0.9580107669548883,0.9714076146933779,0.983723750987288
chat_preview,photo,kodak_02,768,512,512,341,64,64,32,0,1565,5640,0.2774822695035461,6.24267,24.951957547834773,0.58666292326082,0.7769033488454057,0.7993700441471568,0.8399123443255511
chat_preview,photo,kodak_02,768,512,512,341,64,64,32,1,2871,5640,0.5090425531914894,6.35021,26.228749114031352,0.6425256542036254,0.8489530106872492,0.8657807402829908,0.895451639650262
chat_preview,photo,kodak_02,768,512,512,341,64,64,32,2,4296,5640,0.7617021276595745,5.49896,27.918923173860108,0.7067092795872317,0.8944353761072154,0.9134188164457383,0.9452717380759779
chat_preview,photo,kodak_02,768,512,512,341,64,64,32,3,5357,5640,0.949822695035461,4.68046,29.012233107202732,0.7477213952081895,0.9138532302420366,0.9362134418659891,0.9605887658879374
chat_preview,photo,kodak_02,768,512,512,341,64,64,32,4,5640,5640,1.0,4.89946,29.226884565082315,0.7523878627351337,0.9151358304984196,0.9376124111554771,0.9622918408192767
chat_preview,photo,kodak_02,768,512,512,341,64,64,64,0,3503,12348,0.2836896663427276,4.48704,26.323928784618104,0.6516536369446124,0.8601004706037555,0.8709246038902994,0.8986951601617539
chat_preview,photo,kodak_02,768,512,512,341,64,64,64,1,6713,12348,0.5436507936507936,4.50921,28.39331037498517,0.7372738750113069,0.9192434279730838,0.9268322272486499,0.9524074650196245
chat_preview,photo,kodak_02,768,512,512,341,64,64,64,2,10434,12348,0.8449951409135082,5.08954,30.52214511490525,0.8116398218189295,0.9505937130763197,0.9638941035117591,0.9749655926921534
chat_preview,photo,kodak_02,768,512,512,341,64,64,64,3,12348,12348,1.0,5.12042,32.21637608626211,0.8489509499581839,0.9586377721627489,0.9720246934293341,0.984041123643602
chat_preview,photo,kodak_02,768,512,512,341,65,64,32,0,1614,5868,0.27505112474437626,4.27729,24.951325377719826,0.5869898335414064,0.7773485186745281,0.7993366230078428,0.8396759550787922
chat_preview,photo,kodak_02,768,512,512,341,65,64,32,1,2989,5868,0.5093728698023177,4.3765,26.24887581736731,0.6431028183889,0.8506174057332108,0.8667291539961967,0.8959624938685572
chat_preview,photo,kodak_02,768,512,512,341,65,64,32,2,4436,5868,0.7559645535105658,4.4255,27.947221878968598,0.7074107788081809,0.8955972817642563,0.9134709245554224,0.9456452228297335
chat_preview,photo,kodak_02,768,512,512,341,65,64,32,3,5567,5868,0.9487048398091343,4.81487,29.085403667311805,0.7503064512629264,0.9158861243446544,0.9370769212905447,0.9612807631318836
chat_preview,photo,kodak_02,768,512,512,341,65,64,32,4,5868,5868,1.0,4.85983,29.322079676173487,0.7555870975668544,0.9173229760930899,0.9386786315439996,0.9631789353097909
chat_preview,photo,kodak_02,768,512,512,341,65,64,64,0,3640,12969,0.2806692883028761,4.41737,26.33038282832718,0.6520910484652256,0.8606764039296498,0.8707882088305815,0.8987309525336734
chat_preview,photo,kodak_02,768,512,512,341,65,64,64,1,7097,12969,0.5472280052432724,4.60321,28.44246765431151,0.7393005111464924,0.9205745998350402,0.927681300741548,0.9529993694477167
chat_preview,photo,kodak_02,768,512,512,341,65,64,64,2,10870,12969,0.8381525175418305,4.8505,30.60424350629252,0.8135430052630849,0.9516327722022228,0.9643029998851397,0.975417161587282
chat_preview,photo,kodak_02,768,512,512,341,65,64,64,3,12969,12969,1.0,5.21612,32.38781743477872,0.8526220607223071,0.960041863891103,0.9728646031164555,0.9846569847624774
chat_preview,photo,kodak_02,768,512,512,341,66,64,32,0,1614,5970,0.27035175879396983,4.25875,24.951325377719826,0.5869898335414064,0.7773485186745281,0.7993366230078428,0.8396759550787922
chat_preview,photo,kodak_02,768,512,512,341,66,64,32,1,3042,5970,0.5095477386934674,4.36088,26.26110530455481,0.643541598983445,0.8508721096030146,0.8664473506284724,0.8965803037520106
chat_preview,photo,kodak_02,768,512,512,341,66,64,32,2,4512,5970,0.7557788944723618,4.38758,27.96475023519462,0.7082377329209725,0.8963443256868654,0.9137199240246489,0.9456238542380194
chat_preview,photo,kodak_02,768,512,512,341,66,64,32,3,5651,5970,0.9465661641541039,4.61975,29.128892272431287,0.7515028650059826,0.9168469397361078,0.9377320027183474,0.9615502264859658
chat_preview,photo,kodak_02,768,512,512,341,66,64,32,4,5970,5970,1.0,4.64829,29.379176090085274,0.7571006430897662,0.9183913182336627,0.9394616633248605,0.9635661849459521
chat_preview,photo,kodak_02,768,512,512,341,66,64,64,0,3640,13226,0.27521548465144413,4.57821,26.33038282832718,0.6520910484652256,0.8606764039296498,0.8707882088305815,0.8987309525336734
chat_preview,photo,kodak_02,768,512,512,341,66,64,64,1,7237,13226,0.5471797973688189,4.72442,28.4551119867999,0.7401662152402612,0.9212338089862038,0.9275214616716411,0.953354938058958
chat_preview,photo,kodak_02,768,512,512,341,66,64,64,2,11109,13226,0.8399364887343113,4.81025,30.657216047078045,0.8153391038511107,0.952764545074455,0.9649644337600457,0.9758359236413248
chat_preview,photo,kodak_02,768,512,512,341,66,64,64,3,13226,13226,1.0,5.26979,32.49955974616908,0.8550607936478913,0.9613355996485596,0.9737145927308739,0.9850870481430484
chat_preview,photo,kodak_02,768,512,512,341,67,64,32,0,1614,6121,0.2636824048358111,4.41487,24.951325377719826,0.5869898335414064,0.7773485186745281,0.7993366230078428,0.8396759550787922
chat_preview,photo,kodak_02,768,512,512,341,67,64,32,1,3045,6121,0.4974677340303872,4.36575,26.25990063829451,0.643561441225511,0.8508859048364362,0.8665101163965656,0.8964678384693204
chat_preview,photo,kodak_02,768,512,512,341,67,64,32,2,4562,6121,0.7453030550563633,4.393,27.986831824969173,0.7089818700710976,0.8969778694097289,0.9139025010326458,0.9460056483016286
chat_preview,photo,kodak_02,768,512,512,341,67,64,32,3,5785,6121,0.9451070086587159,4.737,29.169155131272404,0.7542788495670262,0.9183735351535417,0.9388975630199465,0.9621412486737572
chat_preview,photo,kodak_02,768,512,512,341,67,64,32,4,6121,6121,1.0,4.67762,29.43700638761402,0.7602321117522091,0.9200373392318945,0.940806282338441,0.9643300756489842
chat_preview,photo,kodak_02,768,512,512,341,67,64,64,0,3656,13500,0.27081481481481484,4.41775,26.33038282832718,0.6520910484652256,0.8606764039296498,0.8707882088305815,0.8987309525336734
chat_preview,photo,kodak_02,768,512,512,341,67,64,64,1,7266,13500,0.5382222222222223,4.54158,28.457321064039654,0.7402725908912515,0.9213617877850946,0.9276587538926523,0.9533924817986064
chat_preview,photo,kodak_02,768,512,512,341,67,64,64,2,11188,13500,0.8287407407407408,4.85137,30.6834717464937,0.816062750057199,0.9530912738576598,0.9652556122128083,0.9759840685756188
chat_preview,photo,kodak_02,768,512,512,341,67,64,64,3,13500,13500,1.0,5.35317,32.591011529681005,0.8579137676406727,0.9620090959316837,0.9743447288503054,0.9853495393748849
chat_preview,photo,kodak_02,768,512,512,341,68,64,32,0,1614,6197,0.26044860416330484,4.50996,24.951325377719826,0.5869898335414064,0.7773485186745281,0.7993366230078428,0.8396759550787922
chat_preview,photo,kodak_02,768,512,512,341,68,64,32,1,3063,6197,0.4942714216556398,4.46458,26.264212437242023,0.6440988149736219,0.851326876534274,0.866562646833697,0.8964295636151718
chat_preview,photo,kodak_02,768,512,512,341,68,64,32,2,4587,6197,0.7401968694529611,4.551,28.00329143939869,0.7096397578211265,0.8976549246954582,0.9139192473274491,0.9462569030136363
chat_preview,photo,kodak_02,768,512,512,341,68,64,32,3,5835,6197,0.9415846377279329,4.70029,29.210701706889353,0.7552403465606427,0.9193222291188506,0.9390913426064539,0.9625213714330011
chat_preview,photo,kodak_02,768,512,512,341,68,64,32,4,6197,6197,1.0,4.86137,29.50219134190059,0.7618434276754549,0.9212365522301971,0.9413418072893529,0.9650259860172675
chat_preview,photo,kodak_02,768,512,512,341,68,64,64,0,3656,13574,0.2693384411374687,4.75646,26.33038282832718,0.6520910484652256,0.8606764039296498,0.8707882088305815,0.8987309525336734
chat_preview,photo,kodak_02,768,512,512,341,68,64,64,1,7318,13574,0.539118903786651,4.73104,28.471622274081312,0.7405304465656884,0.9215852015607577,0.9277050475101066,0.9536981936668143
chat_preview,photo,kodak_02,768,512,512,341,68,64,64,2,11240,13574,0.8280536319434213,5.28767,30.700017102025328,0.8164684322204705,0.9533585374550482,0.9652577353157776,0.9761841819946213
chat_preview,photo,kodak_02,768,512,512,341,68,64,64,3,13574,13574,1.0,5.51146,32.65702842958103,0.858807487253836,0.9624081375168201,0.9745194946085451,0.985636408932648
chat_preview,photo,kodak_02,768,512,512,341,69,64,32,0,1614,6560,0.24603658536585366,4.38333,24.951325377719826,0.5869898335414064,0.7773485186745281,0.7993366230078428,0.8396759550787922
chat_preview,photo,kodak_02,768,512,512,341,69,64,32,1,3065,6560,0.46722560975609756,4.38696,26.264208768743668,0.6440927517170215,0.8513772930901368,0.8665802298672762,0.8964356420196643
chat_preview,photo,kodak_02,768,512,512,341,69,64,32,2,4754,6560,0.7246951219512195,4.55217,28.05123533191999,0.7119462111632832,0.8987384880411522,0.9149909544604536,0.9471467987076316
chat_preview,photo,kodak_02,768,512,512,341,69,64,32,3,6100,6560,0.9298780487804879,4.57229,29.27701832451412,0.7585441496976996,0.9196484466796053,0.9395914189935726,0.963058401757428
chat_preview,photo,kodak_02,768,512,512,341,69,64,32,4,6560,6560,1.0,4.71383,29.651379451406427,0.7670573830401248,0.9227433227542003,0.9435304346707141,0.9676204421638552
chat_preview,photo,kodak_02,768,512,512,341,69,64,64,0,3656,14228,0.2569581107675007,4.34471,26.33038282832718,0.6520910484652256,0.8606764039296498,0.8707882088305815,0.8987309525336734
chat_preview,photo,kodak_02,768,512,512,341,69,64,64,1,7320,14228,0.5144784931121732,4.62408,28.471468735802937,0.7405432023859312,0.9215988611862073,0.9277006504540947,0.9537003397405849
chat_preview,photo,kodak_02,768,512,512,341,69,64,64,2,11683,14228,0.8211273545122294,5.10192,30.741321990099657,0.818915508323582,0.9537354931317,0.9653580462029325,0.9761655760099923
chat_preview,photo,kodak_02,768,512,512,341,69,64,64,3,14228,14228,1.0,5.58613,32.77755222136169,0.862636771858121,0.9630342692208606,0.9748501949833324,0.9858744195052036
chat_preview,photo,kodak_02,768,512,512,341,70,64,32,0,1614,6645,0.24288939051918737,4.4845,24.951325377719826,0.5869898335414064,0.7773485186745281,0.7993366230078428,0.8396759550787922
chat_preview,photo,kodak_02,768,512,512,341,70,64,32,1,3084,6645,0.46410835214446955,4.49708,26.264155899552676,0.6443528580486003,0.8514512187690242,0.8665300992807752,0.8964255265696489
chat_preview,photo,kodak_02,768,512,512,341,70,64,32,2,4786,6645,0.7202407825432656,4.49854,28.066223570590033,0.7125243000326629,0.8992679463755243,0.9155265244753806,0.9474496938876383
chat_preview,photo,kodak_02,768,512,512,341,70,64,32,3,6151,6645,0.9256583897667419,4.72267,29.30857259499817,0.75954486341913,0.9206394460571362,0.9406325439466611,0.9635244560383512
chat_preview,photo,kodak_02,768,512,512,341,70,64,32,4,6645,6645,1.0,4.75442,29.71574096429857,0.7689383436462789,0.9240550342179237,0.9450688313461495,0.9689594969281765
chat_preview,photo,kodak_02,768,512,512,341,70,64,64,0,3656,14329,0.255146904878219,4.32517,26.33038282832718,0.6520910484652256,0.8606764039296498,0.8707882088305815,0.8987309525336734
chat_preview,photo,kodak_02,768,512,512,341,70,64,64,1,7396,14329,0.5161560471770535,4.84262,28.471310898371346,0.7406421540799814,0.9215439605787745,0.9275720914624307,0.9536649588721449
chat_preview,photo,kodak_02,768,512,512,341,70,64,64,2,11778,14329,0.8219694326191639,4.99004,30.75596100344651,0.8193557805244928,0.9539154670500004,0.9654433294320957,0.976250309878672
chat_preview,photo,kodak_02,768,512,512,341,70,64,64,3,14329,14329,1.0,5.42054,32.83727584060321,0.8635675808665235,0.9633275605087039,0.9751303021682383,0.9860620466911112
chat_preview,photo,kodak_02,768,512,512,341,71,64,32,0,1652,6984,0.23654066437571591,4.37038,24.96078535650493,0.5869386358656818,0.7779493884501525,0.7992423669194263,0.8402735322546115
chat_preview,photo,kodak_02,768,512,512,341,71,64,32,1,3213,6984,0.46005154639175255,4.35717,26.278379690979285,0.6455724909426181,0.853080515456527,0.8675298341212163,0.8966001435611507
chat_preview,photo,kodak_02,768,512,512,341,71,64,32,2,4999,6984,0.7157789232531501,4.53463,28.116213027047653,0.7144423041439286,0.9013412675928857,0.9169794648687958,0.947778489143554
chat_preview,photo,kodak_02,768,512,512,341,71,64,32,3,6478,6984,0.9275486827033219,4.67017,29.4127978230534,0.7638173472008561,0.9238632370445763,0.9437961732815305,0.9647370393887752
chat_preview,photo,kodak_02,768,512,512,341,71,64,32,4,6984,6984,1.0,4.80642,29.836406760842742,0.7745025857176099,0.9271763597763204,0.9481435263598195,0.9697422409050914
chat_preview,photo,kodak_02,768,512,512,341,71,64,64,0,3825,15173,0.2520925327885059,4.43579,26.33599905317899,0.6525851994301255,0.8615382484557172,0.8710060908904269,0.8989044270381508
chat_preview,photo,kodak_02,768,512,512,341,71,64,64,1,7829,15173,0.5159823370460687,4.58308,28.476579938689763,0.7419473656871552,0.9226842679031084,0.9274424790924733,0.9535087330274971
chat_preview,photo,kodak_02,768,512,512,341,71,64,64,2,12394,15173,0.816845712779279,4.92954,30.815573089469396,0.8225469132228245,0.9560423326160089,0.9665340735008816,0.9767203561844925
chat_preview,photo,kodak_02,768,512,512,341,71,64,64,3,15173,15173,1.0,5.35617,32.98885035435081,0.8692629771336757,0.9660072401172416,0.976910260126942,0.9867234398048059
chat_preview,photo,kodak_02,768,512,512,341,72,64,32,0,1652,7035,0.23482587064676616,4.34083,24.96078535650493,0.5869386358656818,0.7779493884501525,0.7992423669194263,0.8402735322546115
chat_preview,photo,kodak_02,768,512,512,341,72,64,32,1,3214,7035,0.4568585643212509,5.44033,26.279249347123322,0.6457070781726139,0.8531900248191325,0.8675519902753628,0.8966305523392045
chat_preview,photo,kodak_02,768,512,512,341,72,64,32,2,5002,7035,0.7110163468372424,4.5775,28.12488759827613,0.7147298349947852,0.9016140661184465,0.9169626862180285,0.947962900465632
chat_preview,photo,kodak_02,768,512,512,341,72,64,32,3,6505,7035,0.9246624022743426,4.66975,29.422892381187836,0.7641380244245166,0.924148013095396,0.9438414820081572,0.9648879299867055
chat_preview,photo,kodak_02,768,512,512,341,72,64,32,4,7035,7035,1.0,4.87304,29.875843761277935,0.7758112928046832,0.9275783581541522,0.948446268918322,0.9700237590708936
chat_preview,photo,kodak_02,768,512,512,341,72,64,64,0,3825,15192,0.2517772511848341,4.39004,26.33599905317899,0.6525851994301255,0.8615382484557172,0.8710060908904269,0.8989044270381508
chat_preview,photo,kodak_02,768,512,512,341,72,64,64,1,7831,15192,0.5154686677198526,4.68462,28.476764905078817,0.7419634754788232,0.9226990092529377,0.927442918748922,0.9535099013963514
chat_preview,photo,kodak_02,768,512,512,341,72,64,64,2,12398,15192,0.8160874144286466,5.04487,30.820364667165258,0.8227234991913667,0.9561362791739155,0.9665369103828497,0.9767578591800925
chat_preview,photo,kodak_02,768,512,512,341,72,64,64,3,15192,15192,1.0,5.36267,33.00310295537256,0.8695044974443853,0.9660913692320193,0.9769243051873345,0.986766343055492
chat_preview,photo,kodak_02,768,512,512,341,73,64,32,0,1652,7184,0.2299554565701559,4.32333,24.96078535650493,0.5869386358656818,0.7779493884501525,0.7992423669194263,0.8402735322546115
chat_preview,photo,kodak_02,768,512,512,341,73,64,32,1,3247,7184,0.45197661469933187,4.41292,26.27932611214193,0.6462517478351103,0.8537709673314954,0.8677867551360021,0.8967182579694636
chat_preview,photo,kodak_02,768,512,512,341,73,64,32,2,5088,7184,0.7082405345211581,4.51075,28.14565527969698,0.7157660758130812,0.9031615078451801,0.9176610452928312,0.9483596265823109
chat_preview,photo,kodak_02,768,512,512,341,73,64,32,3,6620,7184,0.9214922048997772,4.68975,29.480437514268353,0.7658228162269879,0.9260771260723772,0.9447230884252157,0.9655709367687212
chat_preview,photo,kodak_02,768,512,512,341,73,64,32,4,7184,7184,1.0,4.95779,29.992645273173597,0.7783971934905339,0.9296450804377384,0.9494719209513132,0.9710106725524087
chat_preview,photo,kodak_02,768,512,512,341,73,64,64,0,3841,15382,0.2497074502665453,4.52083,26.33599905317899,0.6525851994301255,0.8615382484557172,0.8710060908904269,0.8989044270381508
chat_preview,photo,kodak_02,768,512,512,341,73,64,64,1,7907,15382,0.514042387205825,6.14787,28.47578296731973,0.7426967689880081,0.9232530733999244,0.927866748141405,0.9535125456455235
chat_preview,photo,kodak_02,768,512,512,341,73,64,64,2,12555,15382,0.8162137563385775,4.976,30.83246270732698,0.8236877235493326,0.9568138355541805,0.9668911274676538,0.976922876572762
chat_preview,photo,kodak_02,768,512,512,341,73,64,64,3,15382,15382,1.0,5.30296,33.06823207171413,0.8712091626536519,0.9668894695369047,0.977417062271694,0.9869872743688122
chat_preview,photo,kodak_02,768,512,512,341,74,64,32,0,1652,7499,0.22029603947192958,4.31562,24.96078535650493,0.5869386358656818,0.7779493884501525,0.7992423669194263,0.8402735322546115
chat_preview,photo,kodak_02,768,512,512,341,74,64,32,1,3247,7499,0.43299106547539673,4.35233,26.27932611214193,0.6462517478351103,0.8537709673314954,0.8677867551360021,0.8967182579694636
chat_preview,photo,kodak_02,768,512,512,341,74,64,32,2,5227,7499,0.6970262701693559,4.45212,28.165308030710698,0.7181222653176338,0.9045296094567434,0.9186846460890217,0.9485774759184687
chat_preview,photo,kodak_02,768,512,512,341,74,64,32,3,6889,7499,0.9186558207761035,4.68204,29.54245630996759,0.770173113185114,0.9279653294035367,0.9464641280735033,0.9662510560246943
chat_preview,photo,kodak_02,768,512,512,341,74,64,32,4,7499,7499,1.0,4.80604,30.1086452925539,0.7840328136042075,0.9317268367577185,0.9515015449365295,0.9718547868682299
chat_preview,photo,kodak_02,768,512,512,341,74,64,64,0,3841,16194,0.2371866123255527,4.50842,26.33599905317899,0.6525851994301255,0.8615382484557172,0.8710060908904269,0.8989044270381508
chat_preview,photo,kodak_02,768,512,512,341,74,64,64,1,7907,16194,0.4882672594788193,4.66475,28.47578296731973,0.7426967689880081,0.9232530733999244,0.927866748141405,0.9535125456455235
chat_preview,photo,kodak_02,768,512,512,341,74,64,64,2,13061,16194,0.8065332839323206,4.99046,30.859165732219278,0.826359569551342,0.9575866739324824,0.9676676630768127,0.9769914716138566
chat_preview,photo,kodak_02,768,512,512,341,74,64,64,3,16194,16194,1.0,5.41596,33.17797109921684,0.8756433203358484,0.9678527985039812,0.978417853374964,0.9872396515691456
chat_preview,photo,kodak_02,768,512,512,341,75,64,32,0,1652,7679,0.21513217866909753,4.30579,24.96078535650493,0.5869386358656818,0.7779493884501525,0.7992423669194263,0.8402735322546115
chat_preview,photo,kodak_02,768,512,512,341,75,64,32,1,3303,7679,0.4301341320484438,4.45087,26.28089224147539,0.6468796747278395,0.8544711497719777,0.8676559732590496,0.8967596121151588
chat_preview,photo,kodak_02,768,512,512,341,75,64,32,2,5344,7679,0.6959239484307853,4.47237,28.1871270709835,0.7191485848427753,0.905567882124557,0.918783669155882,0.948847450435291
chat_preview,photo,kodak_02,768,512,512,341,75,64,32,3,7032,7679,0.9157442375309285,4.67154,29.59839629124659,0.7717848535759049,0.9292847400116755,0.9466467813378701,0.9668717195550017
chat_preview,photo,kodak_02,768,512,512,341,75,64,32,4,7679,7679,1.0,4.93279,30.210745094332793,0.7868337578896601,0.9332291390220989,0.9519793413301361,0.9726218428309648
chat_preview,photo,kodak_02,768,512,512,341,75,64,64,0,3841,16512,0.2326187015503876,4.52146,26.33599905317899,0.6525851994301255,0.8615382484557172,0.8710060908904269,0.8989044270381508
chat_preview,photo,kodak_02,768,512,512,341,75,64,64,1,8100,16512,0.49055232558139533,4.64833,28.488117243325497,0.7434760071140932,0.9236181968133556,0.9278342769298281,0.9536994868111724
chat_preview,photo,kodak_02,768,512,512,341,75,64,64,2,13347,16512,0.8083212209302325,4.97537,30.879323551871565,0.8274136145444358,0.9580741556691397,0.9676104367742756,0.9770856010874565
chat_preview,photo,kodak_02,768,512,512,341,75,64,64,3,16512,16512,1.0,5.44142,33.25489078549189,0.8773893894835544,0.9684975401689141,0.978576288136644,0.9874624417538626
chat_preview,photo,kodak_02,768,512,512,341,76,64,32,0,1668,7929,0.2103670071888006,4.33487,24.96078535650493,0.5869386358656818,0.7779493884501525,0.7992423669194263,0.8402735322546115
chat_preview,photo,kodak_02,768,512,512,341,76,64,32,1,3329,7929,0.4198511792155379,4.39983,26.28125196135304,0.6469637045325826,0.8545397854215673,0.8676241722375372,0.8967999649292769
chat_preview,photo,kodak_02,768,512,512,341,76,64,32,2,5421,7929,0.683692773363602,4.51162,28.199457633854742,0.7200702416275461,0.9065052488857778,0.919483276459358,0.948720150289025
chat_preview,photo,kodak_02,768,512,512,341,76,64,32,3,7241,7929,0.913229915500063,4.72167,29.669119034785666,0.774802980086284,0.931317681590853,0.9489298629850781,0.9680051036810731
chat_preview,photo,kodak_02,768,512,512,341,76,64,32,4,7929,7929,1.0,4.88833,30.321358121082483,0.7908220863564398,0.93494584365473,0.9537454917035524,0.9731022058874069
chat_preview,photo,kodak_02,768,512,512,341,76,64,64,0,3841,16984,0.22615402731983042,4.42908,26.33599905317899,0.6525851994301255,0.8615382484557172,0.8710060908904269,0.8989044270381508
chat_preview,photo,kodak_02,768,512,512,341,76,64,64,1,8136,16984,0.4790390956194065,4.50437,28.489027325937137,0.7435618428672169,0.9236470207483757,0.9278110840236776,0.953713546136058
chat_preview,photo,kodak_02,768,512,512,341,76,64,64,2,13454,16984,0.7921573245407443,4.9855,30.91574127530531,0.8284294904551851,0.9585629541221534,0.9680818624596161,0.9772269701394695
chat_preview,photo,kodak_02,768,512,512,341,76,64,64,3,16984,16984,1.0,5.38017,33.39376887508908,0.881312861117859,0.9695723006146348,0.9796425421555518,0.9878370719657263
chat_preview,photo,kodak_02,768,512,512,341,77,64,32,0,1816,8349,0.21751107917115822,4.37592,24.98637846688982,0.5877244527967046,0.7790252773564048,0.7997209203875048,0.8402613276611354
chat_preview,photo,kodak_02,768,512,512,341,77,64,32,1,3604,8349,0.43166846328901665,4.38825,26.308941374443854,0.6481286305187303,0.8556606576662692,0.8685016752175293,0.8972157876689729
chat_preview,photo,kodak_02,768,512,512,341,77,64,32,2,5792,8349,0.6937357767397293,4.56046,28.24533538508726,0.7222028472280893,0.9080123773366279,0.9206970590465844,0.9490236585396171
chat_preview,photo,kodak_02,768,512,512,341,77,64,32,3,7619,8349,0.9125643789675411,4.59362,29.77515900635067,0.7772234680943098,0.9331676943203678,0.9502671270754773,0.9685998962777745
chat_preview,photo,kodak_02,768,512,512,341,77,64,32,4,8349,8349,1.0,4.85342,30.496541542929457,0.7943153204601122,0.9373123006599181,0.9554325250164071,0.9742477224816106
chat_preview,photo,kodak_02,768,512,512,341,77,64,64,0,4362,18210,0.23953871499176277,4.385,26.37318187684356,0.6536101030785916,0.862439675061233,0.8714782125594686,0.8990894682328466
chat_preview,photo,kodak_02,768,512,512,341,77,64,64,1,9102,18210,0.499835255354201,4.59208,28.547481972868294,0.7458559824927659,0.9254771174527822,0.9294147248267915,0.954557455670192
chat_preview,photo,kodak_02,768,512,512,341,77,64,64,2,14650,18210,0.8045030203185063,4.99717,31.00379941991434,0.8308102557015201,0.9603313366630774,0.9694632679792197,0.9778913559831776
chat_preview,photo,kodak_02,768,512,512,341,77,64,64,3,18210,18210,1.0,5.41458,33.596324516740104,0.8839383841651637,0.9713906189646577,0.9810433040724984,0.988583938038034
chat_preview,photo,kodak_02,768,512,512,341,78,64,32,0,1816,8614,0.21081959600650105,4.38779,24.98637846688982,0.5877244527967046,0.7790252773564048,0.7997209203875048,0.8402613276611354
chat_preview,photo,kodak_02,768,512,512,341,78,64,32,1,3636,8614,0.4221035523566287,4.36362,26.313723072963022,0.648598847549679,0.8561354406799438,0.8685998359053705,0.8973024505284666
chat_preview,photo,kodak_02,768,512,512,341,78,64,32,2,5838,8614,0.677733921523102,4.4835,28.258726983755658,0.7230271824724194,0.9088788195599807,0.9210457828593231,0.9492479376835005
chat_preview,photo,kodak_02,768,512,512,341,78,64,32,3,7815,8614,0.9072440213605758,4.73179,29.842311198940482,0.7800564064565436,0.934918444910506,0.9518583421474831,0.9696035436201543
chat_preview,photo,kodak_02,768,512,512,341,78,64,32,4,8614,8614,1.0,5.09133,30.629606642956343,0.7990106314780422,0.9390833953800662,0.9568113323165035,0.9748177256925165
chat_preview,photo,kodak_02,768,512,512,341,78,64,64,0,4362,18694,0.23333689953995934,4.47908,26.37318187684356,0.6536101030785916,0.862439675061233,0.8714782125594686,0.8990894682328466
chat_preview,photo,kodak_02,768,512,512,341,78,64,64,1,9167,18694,0.49037124210976785,4.81696,28.551666411335294,0.7462065378519723,0.9258651597098176,0.9294608431405504,0.9545961798047617
chat_preview,photo,kodak_02,768,512,512,341,78,64,64,2,14730,18694,0.7879533540173318,5.09692,31.01888885887085,0.831506401875345,0.9609138890504864,0.9695951523094896,0.9780532016881817
chat_preview,photo,kodak_02,768,512,512,341,78,64,64,3,18694,18694,1.0,5.36367,33.69698707591922,0.8870993657694305,0.9722237135488662,0.9813520870663346,0.9889543340737715
chat_preview,photo,kodak_02,768,512,512,341,79,64,32,0,1816,8959,0.2027011943297243,4.41067,24.98637846688982,0.5877244527967046,0.7790252773564048,0.7997209203875048,0.8402613276611354
chat_preview,photo,kodak_02,768,512,512,341,79,64,32,1,3636,8959,0.40584886706105594,4.52921,26.313723072963022,0.648598847549679,0.8561354406799438,0.8685998359053705,0.8973024505284666
chat_preview,photo,kodak_02,768,512,512,341,79,64,32,2,6041,8959,0.6742940060274584,4.71883,28.291892002298752,0.7258613372201687,0.9103631217679308,0.9222788014645679,0.9499354600201693
chat_preview,photo,kodak_02,768,512,512,341,79,64,32,3,8059,8959,0.8995423596383525,4.80396,29.896994359948113,0.7826890400019715,0.9362291887933756,0.9527174837766328,0.9702123842621776
chat_preview,photo,kodak_02,768,512,512,341,79,64,32,4,8959,8959,1.0,5.02583,30.751259627096637,0.8033282591673102,0.940793632368823,0.9581616265388807,0.9756859075440452
chat_preview,photo,kodak_02,768,512,512,341,79,64,64,0,4362,19388,0.22498452651124407,4.61833,26.37318187684356,0.6536101030785916,0.862439675061233,0.8714782125594686,0.8990894682328466
chat_preview,photo,kodak_02,768,512,512,341,79,64,64,1,9167,19388,0.4728182380854137,4.71946,28.551666411335294,0.7462065378519723,0.9258651597098176,0.9294608431405504,0.9545961798047617
chat_preview,photo,kodak_02,768,512,512,341,79,64,64,2,15379,19388,0.793222611924902,5.07321,31.04483240612337,0.8336664898126296,0.9616323732085418,0.9701877240795823,0.9782539794918139
chat_preview,photo,kodak_02,768,512,512,341,79,64,64,3,19388,19388,1.0,5.46221,33.81801210053411,0.8898261973078369,0.9728859388130452,0.9819955252263753,0.9892285138234532
chat_preview,photo,kodak_02,768,512,512,341,80,64,32,0,1816,9333,0.19457837779920711,4.37858,24.98637846688982,0.5877244527967046,0.7790252773564048,0.7997209203875048,0.8402613276611354
chat_preview,photo,kodak_02,768,512,512,341,80,64,32,1,3729,9333,0.39954998392799745,4.38829,26.325043621054782,0.6490690091828517,0.8571064493885702,0.8689784997980952,0.897789935963857
chat_preview,photo,kodak_02,768,512,512,341,80,64,32,2,6179,9333,0.6620593592628308,4.53117,28.302372368117545,0.7270060657661026,0.9111514609467184,0.9223612502839268,0.9502452566242693
chat_preview,photo,kodak_02,768,512,512,341,80,64,32,3,8371,9333,0.896924890174649,4.73183,29.93657260901175,0.7856064521112559,0.9375310773088649,0.9536043486531064,0.9707686171039541
chat_preview,photo,kodak_02,768,512,512,341,80,64,32,4,9333,9333,1.0,5.11125,30.841670776914377,0.8072536789938761,0.9420375477790607,0.9589960216258373,0.9762440329581351
chat_preview,photo,kodak_02,768,512,512,341,80,64,64,0,4362,20287,0.2150145413318874,4.33208,26.37318187684356,0.6536101030785916,0.862439675061233,0.8714782125594686,0.8990894682328466
chat_preview,photo,kodak_02,768,512,512,341,80,64,64,1,9436,20287,0.4651254497954355,4.74646,28.564314426689563,0.747167880267141,0.926171454059069,0.9295876341909157,0.9547707040978469
chat_preview,photo,kodak_02,768,512,512,341,80,64,64,2,15778,20287,0.7777394390496377,5.12971,31.075580574586255,0.8348979319257442,0.9620915217267884,0.9704847222290983,0.9784713447489606
chat_preview,photo,kodak_02,768,512,512,341,80,64,64,3,20287,20287,1.0,5.57262,33.960777026347614,0.8933911683380598,0.9736005281961025,0.9826169123515999,0.9895641415597332
chat_preview,photo,kodak_02,768,512,512,341,81,64,32,0,1816,9587,0.18942317721915095,4.32179,24.98637846688982,0.5877244527967046,0.7790252773564048,0.7997209203875048,0.8402613276611354
chat_preview,photo,kodak_02,768,512,512,341,81,64,32,1,3746,9587,0.39073745697298423,4.55167,26.32599534231015,0.649144156792921,0.8572089957043834,0.868967645206749,0.8977946388842538
chat_preview,photo,kodak_02,768,512,512,341,81,64,32,2,6290,9587,0.656096797746949,4.54662,28.313481402569977,0.728472441091371,0.9120098540688021,0.9227677991974791,0.95018635263243
chat_preview,photo,kodak_02,768,512,512,341,81,64,32,3,8568,9587,0.8937102326066548,4.70404,30.030679162901542,0.7879800162773819,0.9392403629914502,0.954919505386733,0.9714979541308318
chat_preview,photo,kodak_02,768,512,512,341,81,64,32,4,9587,9587,1.0,4.92092,31.0012654089562,0.8109579936121564,0.9441016843591364,0.9608482790825326,0.977310998424151
chat_preview,photo,kodak_02,768,512,512,341,81,64,64,0,4362,20692,0.21080610864102067,4.41429,26.37318187684356,0.6536101030785916,0.862439675061233,0.8714782125594686,0.8990894682328466
chat_preview,photo,kodak_02,768,512,512,341,81,64,64,1,9494,20692,0.45882466653779236,4.89754,28.56434777646006,0.747228028565449,0.9261806925773167,0.9295625635186063,0.9547672741537822
chat_preview,photo,kodak_02,768,512,512,341,81,64,64,2,16112,20692,0.7786584187125459,5.25104,31.125022615675984,0.8367414859582962,0.9630859019097447,0.9713348474381746,0.9790285705799514
chat_preview,photo,kodak_02,768,512,512,341,81,64,64,3,20692,20692,1.0,5.91337,34.14166484585787,0.8966252416813024,0.9746942733457614,0.9836501057150105,0.9900314371584061
chat_preview,photo,kodak_02,768,512,512,341,82,64,32,0,1832,9937,0.1843614773070343,4.32525,24.98637846688982,0.5877244527967046,0.7790252773564048,0.7997209203875048,0.8402613276611354
chat_preview,photo,kodak_02,768,512,512,341,82,64,32,1,3762,9937,0.37858508604206503,4.63192,26.32599534231015,0.649144156792921,0.8572089957043834,0.868967645206749,0.8977946388842538
chat_preview,photo,kodak_02,768,512,512,341,82,64,32,2,6325,9937,0.6365100130824193,4.6735,28.313797751241108,0.7287738707278982,0.9122913643506892,0.9227505344653949,0.9502475529753396
chat_preview,photo,kodak_02,768,512,512,341,82,64,32,3,8841,9937,0.8897051423971017,4.88092,30.07456539624414,0.7910354063957818,0.9400336821402977,0.955646056052702,0.9717505372756938
chat_preview,photo,kodak_02,768,512,512,341,82,64,32,4,9937,9937,1.0,5.20183,31.14289823986681,0.8153380107946805,0.9452724767005126,0.9618410816538802,0.9781506931790909
chat_preview,photo,kodak_02,768,512,512,341,82,64,64,0,4362,21253,0.20524161294876017,4.44837,26.37318187684356,0.6536101030785916,0.862439675061233,0.8714782125594686,0.8990894682328466
chat_preview,photo,kodak_02,768,512,512,341,82,64,64,1,9494,21253,0.44671340516632946,5.30362,28.56434777646006,0.747228028565449,0.9261806925773167,0.9295625635186063,0.9547672741537822
chat_preview,photo,kodak_02,768,512,512,341,82,64,64,2,16122,21253,0.7585752599632993,5.08229,31.126240782733344,0.836888766343033,0.9631859510265023,0.9713367035022119,0.9790500137873404
chat_preview,photo,kodak_02,768,512,512,341,82,64,64,3,21253,21253,1.0,5.74187,34.244118886868144,0.8990814479094994,0.9750568415476591,0.9839415543073486,0.9902075258649683
chat_preview,photo,kodak_02,768,512,512,341,83,64,32,0,1914,10352,0.1848918083462133,4.3205,25.000026753571486,0.5878570977278309,0.7792865513032964,0.7999760743841539,0.8405795573412523
chat_preview,photo,kodak_02,768,512,512,341,83,64,32,1,3930,10352,0.3796367851622875,4.47054,26.338700812538676,0.6502388596313242,0.858166514148378,0.8695796118169778,0.897889610223205
chat_preview,photo,kodak_02,768,512,512,341,83,64,32,2,6606,10352,0.6381375579598145,4.48433,28.358700649070695,0.7309412331328838,0.9139194583017732,0.9236151865795088,0.9511796785059367
chat_preview,photo,kodak_02,768,512,512,341,83,64,32,3,9171,10352,0.8859157650695518,4.86042,30.180061991343287,0.7940407919329956,0.9422359829046622,0.9572448954673162,0.9728431375714705
chat_preview,photo,kodak_02,768,512,512,341,83,64,32,4,10352,10352,1.0,5.19608,31.327664754114075,0.8203401496502224,0.9478450145863154,0.963803208366798,0.9793785111282535
chat_preview,photo,kodak_02,768,512,512,341,83,64,64,0,4637,22193,0.20893975577884918,4.48829,26.385996501586916,0.6537976188511444,0.8628812210689528,0.8716104694690008,0.8993252614489444
chat_preview,photo,kodak_02,768,512,512,341,83,64,64,1,10101,22193,0.4551435137205425,4.76908,28.577394980036964,0.7485861404326047,0.927452200630944,0.9301289220331833,0.9546988570162394
chat_preview,photo,kodak_02,768,512,512,341,83,64,64,2,17026,22193,0.7671788401748298,5.19163,31.176835244978104,0.839623115077448,0.9649495993089898,0.9720008761270029,0.9793336098305901
chat_preview,photo,kodak_02,768,512,512,341,83,64,64,3,22193,22193,1.0,5.65171,34.42861647818507,0.9029836979434611,0.9770271124811742,0.9851212798434006,0.9907637224931775
chat_preview,photo,kodak_02,768,512,512,341,84,64,32,0,1914,10936,0.17501828822238477,4.49433,25.000026753571486,0.5878570977278309,0.7792865513032964,0.7999760743841539,0.8405795573412523
chat_preview,photo,kodak_02,768,512,512,341,84,64,32,1,3949,10936,0.361100950987564,4.49737,26.338939939174075,0.6502209886926854,0.8582335674399522,0.8695059967918093,0.8978877605861164
chat_preview,photo,kodak_02,768,512,512,341,84,64,32,2,6821,10936,0.6237198244330651,4.85762,28.38334621240964,0.7325282287710989,0.9155265880030531,0.924731950461648,0.9518951370136737
chat_preview,photo,kodak_02,768,512,512,341,84,64,32,3,9664,10936,0.8836869056327725,4.99142,30.25963451649131,0.7979434454043677,0.9436709967427183,0.9582203330747944,0.9734195310023707
chat_preview,photo,kodak_02,768,512,512,341,84,64,32,4,10936,10936,1.0,5.49096,31.495728222595844,0.8255274958335033,0.9496655925556761,0.9648659563150145,0.9804448539278333
chat_preview,photo,kodak_02,768,512,512,341,84,64,64,0,4637,23638,0.1961671884254167,4.61046,26.385996501586916,0.6537976188511444,0.8628812210689528,0.8716104694690008,0.8993252614489444
chat_preview,photo,kodak_02,768,512,512,341,84,64,64,1,10164,23638,0.42998561638040445,4.79454,28.578201168883673,0.7486566964969782,0.9274740767985129,0.9301261788898264,0.9547065617703191
chat_preview,photo,kodak_02,768,512,512,341,84,64,64,2,17801,23638,0.753067095354937,5.24929,31.209579685091615,0.8419381593466199,0.9657442455908138,0.9726920652430207,0.9796296687820173
chat_preview,photo,kodak_02,768,512,512,341,84,64,64,3,23638,23638,1.0,5.99871,34.59005661800665,0.9073678701221276,0.9780623835576686,0.986100461227848,0.9910865313702912
chat_preview,photo,kodak_02,768,512,512,341,85,64,32,0,1914,11398,0.16792419722758378,4.89608,25.000026753571486,0.5878570977278309,0.7792865513032964,0.7999760743841539,0.8405795573412523
chat_preview,photo,kodak_02,768,512,512,341,85,64,32,1,4057,11398,0.355939638533076,4.71192,26.348053131539647,0.6499318700042874,0.8582943610476769,0.8694461785500018,0.8983809052866182
chat_preview,photo,kodak_02,768,512,512,341,85,64,32,2,7071,11398,0.6203719950868574,4.55979,28.399081582553745,0.7339790908666041,0.916198570049875,0.924651230072535,0.9521819253085994
chat_preview,photo,kodak_02,768,512,512,341,85,64,32,3,10000,11398,0.8773469029654325,4.86183,30.341764843174563,0.8003538355321473,0.9448459290233093,0.9588968525594402,0.973803576929681
chat_preview,photo,kodak_02,768,512,512,341,85,64,32,4,11398,11398,1.0,5.16429,31.6713504487321,0.8297633182844114,0.9513357145631128,0.9659796327587876,0.9812467634739793
chat_preview,photo,kodak_02,768,512,512,341,85,64,64,0,4637,24518,0.1891263561465046,4.63392,26.385996501586916,0.6537976188511444,0.8628812210689528,0.8716104694690008,0.8993252614489444
chat_preview,photo,kodak_02,768,512,512,341,85,64,64,1,10523,24518,0.4291948772330533,4.72896,28.58998157776936,0.749777951091133,0.9280659336639648,0.9302106044279738,0.9548889418650814
chat_preview,photo,kodak_02,768,512,512,341,85,64,64,2,18558,24518,0.7569132881964271,5.16579,31.239674313373502,0.8437816402774594,0.9666176155973542,0.972552651438312,0.9798588483903785
chat_preview,photo,kodak_02,768,512,512,341,85,64,64,3,24518,24518,1.0,5.86121,34.75972577174104,0.9103002283877942,0.9790378312754653,0.9864121635787187,0.9914185015574795
chat_preview,photo,kodak_02,768,512,512,341,86,64,32,0,1914,11994,0.15957978989494748,4.33179,25.000026753571486,0.5878570977278309,0.7792865513032964,0.7999760743841539,0.8405795573412523
chat_preview,photo,kodak_02,768,512,512,341,86,64,32,1,4057,11994,0.3382524595631149,4.37617,26.348053131539647,0.6499318700042874,0.8582943610476769,0.8694461785500018,0.8983809052866182
chat_preview,photo,kodak_02,768,512,512,341,86,64,32,2,7138,11994,0.5951308987827247,4.64083,28.407863933213598,0.7343251304053479,0.9165685764212763,0.9251148651598974,0.9522555703982456
chat_preview,photo,kodak_02,768,512,512,341,86,64,32,3,10386,11994,0.8659329664832416,4.85721,30.4372955746337,0.8043457653402291,0.9464187668490448,0.9605776217839909,0.9741687401321475
chat_preview,photo,kodak_02,768,512,512,341,86,64,32,4,11994,11994,1.0,5.246,31.900710405888614,0.8369237048853368,0.9535020932465098,0.9679647762921146,0.9822560302682669
chat_preview,photo,kodak_02,768,512,512,341,86,64,64,0,4637,25472,0.18204302763819097,4.38292,26.385996501586916,0.6537976188511444,0.8628812210689528,0.8716104694690008,0.8993252614489444
chat_preview,photo,kodak_02,768,512,512,341,86,64,64,1,10523,25472,0.41312028894472363,4.62371,28.58998157776936,0.749777951091133,0.9280659336639648,0.9302106044279738,0.9548889418650814
chat_preview,photo,kodak_02,768,512,512,341,86,64,64,2,18726,25472,0.735160175879397,5.13429,31.264204389901824,0.8448754375435416,0.9670862547552302,0.9730116848136637,0.9798058602619465
chat_preview,photo,kodak_02,768,512,512,341,86,64,64,3,25472,25472,1.0,5.72254,34.906780181329545,0.9140676585430775,0.9798273523456672,0.9872249135730161,0.9915891054115662
chat_preview,photo,kodak_02,768,512,512,341,87,64,32,0,1914,12473,0.15345145514310912,4.32692,25.000026753571486,0.5878570977278309,0.7792865513032964,0.7999760743841539,0.8405795573412523
chat_preview,photo,kodak_02,768,512,512,341,87,64,32,1,4134,12473,0.33143590154734226,4.37417,26.354708788903256,0.65050461156707,0.8588265294690052,0.8694795038101665,0.8983441671029924
chat_preview,photo,kodak_02,768,512,512,341,87,64,32,2,7339,12473,0.5883909243966968,4.559,28.43447099107027,0.7355780535611456,0.9176649295433416,0.9252544049717445,0.9525490482061119
chat_preview,photo,kodak_02,768,512,512,341,87,64,32,3,10716,12473,0.8591357331836768,4.83771,30.53819572438977,0.8072326690653268,0.9482597217290986,0.9618258869655331,0.9748091598993789
chat_preview,photo,kodak_02,768,512,512,341,87,64,32,4,12473,12473,1.0,5.216,32.12194305068825,0.8423878902365969,0.955883487971561,0.9695615477566141,0.9832479369343575
chat_preview,photo,kodak_02,768,512,512,341,87,64,64,0,4637,26096,0.17769006744328633,4.47754,26.385996501586916,0.6537976188511444,0.8628812210689528,0.8716104694690008,0.8993252614489444
chat_preview,photo,kodak_02,768,512,512,341,87,64,64,1,10718,26096,0.4107142857142857,4.80704,28.59881035867025,0.75012609821543,0.9284374843589376,0.9304487893712104,0.9550100959795689
chat_preview,photo,kodak_02,768,512,512,341,87,64,64,2,19185,26096,0.7351701410177806,5.24521,31.303661327903374,0.8462776240141943,0.9676422346359331,0.9730865531881087,0.9799777403794571
chat_preview,photo,kodak_02,768,512,512,341,87,64,64,3,26096,26096,1.0,5.80821,35.09764508310476,0.9173171284874709,0.9807233601031519,0.9878432937454309,0.9919399360325784
chat_preview,photo,kodak_02,768,512,512,341,88,64,32,0,1914,13057,0.14658803706823925,4.34833,25.000026753571486,0.5878570977278309,0.7792865513032964,0.7999760743841539,0.8405795573412523
chat_preview,photo,kodak_02,768,512,512,341,88,64,32,1,4139,13057,0.3169947154782875,4.38296,26.35468356028582,0.6505333986325667,0.8588825177722882,0.8694964137756842,0.8983352383622039
chat_preview,photo,kodak_02,768,512,512,341,88,64,32,2,7430,13057,0.5690434249827678,4.58625,28.428132334283198,0.7362231805502931,0.9182252997461097,0.9256910135547378,0.952408379691471
chat_preview,photo,kodak_02,768,512,512,341,88,64,32,3,11147,13057,0.8537183120165428,4.89129,30.5753375865871,0.8102761801174435,0.9494551791329767,0.962667259921896,0.9749445280701292
chat_preview,photo,kodak_02,768,512,512,341,88,64,32,4,13057,13057,1.0,5.23579,32.25843952098279,0.8473348436427908,0.9574099056080909,0.9707110919768276,0.9838564603465958
chat_preview,photo,kodak_02,768,512,512,341,88,64,64,0,4637,27363,0.1694624127471403,4.45867,26.385996501586916,0.6537976188511444,0.8628812210689528,0.8716104694690008,0.8993252614489444
chat_preview,photo,kodak_02,768,512,512,341,88,64,64,1,10722,27363,0.3918429996710887,4.71796,28.59911152419023,0.7501444864043844,0.9284570222981451,0.9304583580914413,0.9550123330583309
chat_preview,photo,kodak_02,768,512,512,341,88,64,64,2,19456,27363,0.7110331469502613,5.21525,31.315264179448423,0.8468788482860199,0.9678600101096163,0.9733020065040201,0.9800137482836151
chat_preview,photo,kodak_02,768,512,512,341,88,64,64,3,27363,27363,1.0,5.81379,35.25051842049082,0.920715480194301,0.9813851957093439,0.988415614930595,0.9922714461399286
chat_preview,photo,kodak_02,768,512,512,341,89,64,32,0,2007,14063,0.14271492569153096,4.35175,24.99318050049247,0.587875010379502,0.7794714756296304,0.7999952999124744,0.8405661494536357
chat_preview,photo,kodak_02,768,512,512,341,89,64,32,1,4409,14063,0.3135177415914101,4.38304,26.356679717992847,0.6511466720190245,0.8600182228505172,0.8704349319334623,0.8984177892174657
chat_preview,photo,kodak_02,768,512,512,341,89,64,32,2,8103,14063,0.5761928464765698,4.62383,28.464643025457388,0.7392063247625873,0.9202914070678404,0.9266170569504534,0.9529435093032937
chat_preview,photo,kodak_02,768,512,512,341,89,64,32,3,11947,14063,0.849534238782621,4.88867,30.638079915610177,0.8134706540613962,0.9511535041869089,0.9632820164195505,0.9752605351590584
chat_preview,photo,kodak_02,768,512,512,341,89,64,32,4,14063,14063,1.0,5.24367,32.434380649225304,0.852423329230014,0.9596035465965621,0.971892976349318,0.984552965433065
chat_preview,photo,kodak_02,768,512,512,341,89,64,64,0,5010,29798,0.1681320894019733,4.32546,26.382272819886687,0.6542701832789228,0.8633592506599483,0.871687438280756,0.8994881489595218
chat_preview,photo,kodak_02,768,512,512,341,89,64,64,1,11723,29798,0.3934156654809048,4.73746,28.610354358409595,0.7514573240873069,0.9293954204802626,0.9311453964035481,0.9554794208069805
chat_preview,photo,kodak_02,768,512,512,341,89,64,64,2,21742,29798,0.7296462849855695,5.28775,31.380525049336025,0.8500388105809034,0.9691612666636137,0.97385260962326,0.9804443347202549
chat_preview,photo,kodak_02,768,512,512,341,89,64,64,3,29798,29798,1.0,5.87712,35.42271474889481,0.923249011200958,0.9824082609769137,0.988700239712119,0.9925878316073771
chat_preview,photo,kodak_02,768,512,512,341,90,64,32,0,2023,14617,0.1384004925771362,4.35483,24.99318050049247,0.587875010379502,0.7794714756296304,0.7999952999124744,0.8405661494536357
chat_preview,photo,kodak_02,768,512,512,341,90,64,32,1,4604,14617,0.31497571321064516,4.39183,26.368867291140084,0.6517673573315201,0.860477381028487,0.8702016457806836,0.8987628125713945
chat_preview,photo,kodak_02,768,512,512,341,90,64,32,2,8361,14617,0.5720051994253267,4.70779,28.48962841996451,0.7400331465961342,0.9207825494100891,0.9265847437976212,0.9533770505422923
chat_preview,photo,kodak_02,768,512,512,341,90,64,32,3,12283,14617,0.840322911678183,4.87942,30.729006680028263,0.8157649361571103,0.9524624241095873,0.9640862612912551,0.9759175538024353
chat_preview,photo,kodak_02,768,512,512,341,90,64,32,4,14617,14617,1.0,5.289,32.70203224918172,0.8580201028572775,0.9615683170849412,0.9734927181487191,0.9854663074701718
chat_preview,photo,kodak_02,768,512,512,341,90,64,64,0,5010,30591,0.16377365891929,4.41283,26.382272819886687,0.6542701832789228,0.8633592506599483,0.871687438280756,0.8994881489595218
chat_preview,photo,kodak_02,768,512,512,341,90,64,64,1,12367,30591,0.40426922951194794,4.75483,28.621259218440265,0.7521350471130507,0.9296487781887168,0.9310464073076592,0.9555196986282845
chat_preview,photo,kodak_02,768,512,512,341,90,64,64,2,22485,30591,0.7350201039521428,5.28212,31.41025656716655,0.8510558585924844,0.969549744793636,0.9740753918687238,0.9805566438514121
chat_preview,photo,kodak_02,768,512,512,341,90,64,64,3,30591,30591,1.0,5.91446,35.64341718521253,0.9258758436514443,0.9830692129031692,0.9892078224978891,0.992939728067053
chat_preview,photo,kodak_02,768,512,512,341,91,64,32,0,2023,15655,0.12922389013094857,4.28763,24.99318050049247,0.587875010379502,0.7794714756296304,0.7999952999124744,0.8405661494536357
chat_preview,photo,kodak_02,768,512,512,341,91,64,32,1,4608,15655,0.29434685404024274,4.44854,26.36912952840909,0.651812832790441,0.8605396917436141,0.8701817187155166,0.8987611968214259
chat_preview,photo,kodak_02,768,512,512,341,91,64,32,2,8715,15655,0.5566911529862664,4.67621,28.497627959830805,0.74118886390725,0.9212921996299394,0.9262957537929528,0.9532045469264581
chat_preview,photo,kodak_02,768,512,512,341,91,64,32,3,13095,15655,0.8364739699776429,4.877,30.801022057828074,0.8199525151621785,0.9536809403606616,0.9645330194873551,0.9760093078562576
chat_preview,photo,kodak_02,768,512,512,341,91,64,32,4,15655,15655,1.0,5.40196,32.91203584093343,0.8642128361223982,0.9633263267852247,0.9746952894377492,0.9860346903255054
chat_preview,photo,kodak_02,768,512,512,341,91,64,64,0,5026,32878,0.15286817932964292,4.38892,26.382272819886687,0.6542701832789228,0.8633592506599483,0.871687438280756,0.8994881489595218
chat_preview,photo,kodak_02,768,512,512,341,91,64,64,1,12389,32878,0.37681732465478435,4.69958,28.62239958834309,0.7521978126924026,0.9296747462362062,0.9310325930063673,0.9555313813844307
chat_preview,photo,kodak_02,768,512,512,341,91,64,64,2,23466,32878,0.7137295455927977,5.26079,31.470052313126793,0.8531299915963274,0.9704261552629676,0.9746811067619537,0.9811222967308693
chat_preview,photo,kodak_02,768,512,512,341,91,64,64,3,32878,32878,1.0,5.98712,35.91700754938505,0.9309079998392504,0.9842032452741393,0.9900696246660632,0.9933392895475817
chat_preview,photo,kodak_02,768,512,512,341,92,64,32,0,2023,16334,0.12385208766989103,4.48175,24.99318050049247,0.587875010379502,0.7794714756296304,0.7999952999124744,0.8405661494536357
chat_preview,photo,kodak_02,768,512,512,341,92,64,32,1,4701,16334,0.28780457940492227,4.58392,26.36797409000602,0.652134906571234,0.8608145593428728,0.8702795990218274,0.8987486404755544
chat_preview,photo,kodak_02,768,512,512,341,92,64,32,2,8870,16334,0.5430390596302191,4.6675,28.492887933026335,0.7418879351869418,0.9219893214949327,0.9266518088028469,0.9532105841973294
chat_preview,photo,kodak_02,768,512,512,341,92,64,32,3,13507,16334,0.8269254316150361,4.86975,30.85892407863584,0.822791160711969,0.9555194242947138,0.9657077063660792,0.9766054120007468
chat_preview,photo,kodak_02,768,512,512,341,92,64,32,4,16334,16334,1.0,5.27229,33.11122120936086,0.8702055441167983,0.9656682909818716,0.976405569223004,0.9867486151184988
chat_preview,photo,kodak_02,768,512,512,341,92,64,64,0,5026,33544,0.1498330550918197,4.41604,26.382272819886687,0.6542701832789228,0.8633592506599483,0.871687438280756,0.8994881489595218
chat_preview,photo,kodak_02,768,512,512,341,92,64,64,1,12660,33544,0.37741473885046506,4.69,28.620128428383342,0.7524509575200163,0.9299332519344142,0.9311087631423534,0.9556092409131262
chat_preview,photo,kodak_02,768,512,512,341,92,64,64,2,23838,33544,0.7106487002146434,5.47646,31.474847174125603,0.8540105194202224,0.9708878552425371,0.9749089512363336,0.9812203160072164
chat_preview,photo,kodak_02,768,512,512,341,92,64,64,3,33544,33544,1.0,5.97262,36.108455184324285,0.9341697083573158,0.9850252564102787,0.9907010531192807,0.9936549401431465
chat_preview,photo,kodak_02,768,512,512,341,93,64,32,0,2039,17534,0.11628835405497889,4.36942,24.99318050049247,0.587875010379502,0.7794714756296304,0.7999952999124744,0.8405661494536357
chat_preview,photo,kodak_02,768,512,512,341,93,64,32,1,4754,17534,0.2711303752709022,4.40663,26.36831142259505,0.6520876144000337,0.8609428922500681,0.8703475088104572,0.8987483796356942
chat_preview,photo,kodak_02,768,512,512,341,93,64,32,2,9122,17534,0.5202463784646971,4.60417,28.51162561988041,0.742933241853804,0.9226704689427677,0.9268688610015619,0.9534646104024636
chat_preview,photo,kodak_02,768,512,512,341,93,64,32,3,14369,17534,0.8194935553781225,4.96308,30.914017422949257,0.8267787906988326,0.9570499178729065,0.9666167545575524,0.9768215222241936
chat_preview,photo,kodak_02,768,512,512,341,93,64,32,4,17534,17534,1.0,5.45508,33.31962014195351,0.8767569848269443,0.9675292168793268,0.9777118964510925,0.9873011185933365
chat_preview,photo,kodak_02,768,512,512,341,93,64,64,0,5026,35719,0.14070942635572103,4.38112,26.382272819886687,0.6542701832789228,0.8633592506599483,0.871687438280756,0.8994881489595218
chat_preview,photo,kodak_02,768,512,512,341,93,64,64,1,12772,35719,0.3575688009182788,4.71121,28.621165276377315,0.7525244479314167,0.9299472591348396,0.9311267142420572,0.9556061465098564
chat_preview,photo,kodak_02,768,512,512,341,93,64,64,2,24415,35719,0.6835297740698227,5.40142,31.494530157851543,0.8549360062726392,0.9712117380997141,0.9748605871630156,0.9813902262954067
chat_preview,photo,kodak_02,768,512,512,341,93,64,64,3,35719,35719,1.0,6.10875,36.283662127247965,0.9375989047148847,0.9856725271619461,0.9911804427617233,0.9938451149350559
chat_preview,photo,kodak_02,768,512,512,341,94,64,32,0,2039,19160,0.106419624217119,4.61521,24.99318050049247,0.587875010379502,0.7794714756296304,0.7999952999124744,0.8405661494536357
chat_preview,photo,kodak_02,768,512,512,341,94,64,32,1,4754,19160,0.24812108559498955,4.48183,26.36831142259505,0.6520876144000337,0.8609428922500681,0.8703475088104572,0.8987483796356942
chat_preview,photo,kodak_02,768,512,512,341,94,64,32,2,9648,19160,0.5035490605427975,4.60367,28.531862445150267,0.7447025511015791,0.923913420717863,0.9279116214960582,0.9541257733823739
chat_preview,photo,kodak_02,768,512,512,341,94,64,32,3,15196,19160,0.7931106471816284,5.03692,30.978427201619713,0.829717167583523,0.9586988594198823,0.967788712447372,0.9774883428759271
chat_preview,photo,kodak_02,768,512,512,341,94,64,32,4,19160,19160,1.0,5.46762,33.61672451231095,0.8851581340101564,0.9700961752008367,0.9796815245199799,0.988503805983199
chat_preview,photo,kodak_02,768,512,512,341,94,64,64,0,5026,37988,0.1323049384016005,4.388,26.382272819886687,0.6542701832789228,0.8633592506599483,0.871687438280756,0.8994881489595218
chat_preview,photo,kodak_02,768,512,512,341,94,64,64,1,12772,37988,0.33621143519006,4.79721,28.621165276377315,0.7525244479314167,0.9299472591348396,0.9311267142420572,0.9556061465098564
chat_preview,photo,kodak_02,768,512,512,341,94,64,64,2,26191,37988,0.6894545645993472,5.40762,31.504880143236793,0.8567434397560846,0.971834508467916,0.9754344378771361,0.9813952443468104
chat_preview,photo,kodak_02,768,512,512,341,94,64,64,3,37988,37988,1.0,6.23467,36.51087164206445,0.9410891120476336,0.9864593610764899,0.9919247340454821,0.9941399467721262
chat_preview,photo,kodak_02,768,512,512,341,95,64,32,0,2327,46533,0.0500075215438506,4.33458,24.988748579835637,0.5876709300102062,0.7785660903268566,0.8001921804164799,0.8392946784038555
chat_preview,photo,kodak_02,768,512,512,341,95,64,32,1,5847,46533,0.1256527625556057,4.52771,26.376298521586897,0.6546065401400997,0.8621841677339775,0.8711313578605779,0.8975157642065259
chat_preview,photo,kodak_02,768,512,512,341,95,64,32,2,13756,46533,0.2956181634538929,4.72621,28.589240834903066,0.7526379484060163,0.929221788760125,0.9299577915171999,0.9547200119742586
chat_preview,photo,kodak_02,768,512,512,341,95,64,32,3,28533,46533,0.6131777448262523,5.54725,31.863979338045645,0.8613813467984919,0.9722573828451934,0.9742818873444186,0.9830403782991934
chat_preview,photo,kodak_02,768,512,512,341,95,64,32,4,46533,46533,1.0,6.81654,39.052799491268466,0.9545286565099896,0.9881314640103357,0.9918125363153419,0.9966007966412969
chat_preview,photo,kodak_02,768,512,512,341,95,64,64,0,5883,74472,0.07899613277473413,4.24871,26.386282247167458,0.6552543300140853,0.8631606707747168,0.8716160874903898,0.8978290772619661
chat_preview,photo,kodak_02,768,512,512,341,95,64,64,1,16829,74472,0.22597754860887315,4.79962,28.625470503633956,0.7566450535546169,0.9322457096349082,0.9320623341717341,0.9554149610495506
chat_preview,photo,kodak_02,768,512,512,341,95,64,64,2,40911,74472,0.5493474057363842,5.90787,32.05389878904526,0.8709861261623063,0.9772157117493236,0.9774859726548423,0.9841868683474357
chat_preview,photo,kodak_02,768,512,512,341,95,64,64,3,74472,74472,1.0,8.00308,42.167287661888146,0.9753059099002322,0.994420834625018,0.99618147419458,0.9984240277250105
chat_preview,photo,kodak_02,768,512,512,341,96,64,32,0,2327,52758,0.044107054854240116,4.69771,24.988748579835637,0.5876709300102062,0.7785660903268566,0.8001921804164799,0.8392946784038555
chat_preview,photo,kodak_02,768,512,512,341,96,64,32,1,5973,52758,0.11321505743204822,4.35317,26.380610470049888,0.6549152126739973,0.8626249367547413,0.8716220937207817,0.8976400800200226
chat_preview,photo,kodak_02,768,512,512,341,96,64,32,2,14866,52758,0.28177717123469426,4.84517,28.60644040884332,0.754345559818924,0.9304593226298743,0.931143724422503,0.9551906702111744
chat_preview,photo,kodak_02,768,512,512,341,96,64,32,3,30886,52758,0.5854278024185905,5.59071,31.909050549022986,0.8634096866607249,0.9735885621640921,0.9751681847619857,0.9834950139891376
chat_preview,photo,kodak_02,768,512,512,341,96,64,32,4,52758,52758,1.0,7.11529,39.534885534249696,0.958766196946788,0.9896392305074336,0.9928260383034743,0.9970197199622163
chat_preview,photo,kodak_02,768,512,512,341,96,64,64,0,5883,80158,0.07339254971431423,4.3895,26.386282247167458,0.6552543300140853,0.8631606707747168,0.8716160874903898,0.8978290772619661
chat_preview,photo,kodak_02,768,512,512,341,96,64,64,1,17302,80158,0.21584869881983085,4.8705,28.632024576836148,0.757096039717439,0.9326290837508973,0.9324643923079534,0.9555287482070104
chat_preview,photo,kodak_02,768,512,512,341,96,64,64,2,44878,80158,0.5598692582150253,6.11208,32.08744781627384,0.87309958554474,0.9781355619084872,0.9782568900511665,0.9843904416038761
chat_preview,photo,kodak_02,768,512,512,341,96,64,64,3,80158,80158,1.0,8.18333,42.54657078654745,0.9772032225401591,0.9952230973669977,0.9967542160432943,0.9986044579562152
chat_preview,photo,kodak_02,768,512,512,341,97,64,32,0,2343,56149,0.041728258740137844,4.43604,24.988748579835637,0.5876709300102062,0.7785660903268566,0.8001921804164799,0.8392946784038555
chat_preview,photo,kodak_02,768,512,512,341,97,64,32,1,5989,56149,0.1066626297885982,4.542,26.380610470049888,0.6549152126739973,0.8626249367547413,0.8716220937207817,0.8976400800200226
chat_preview,photo,kodak_02,768,512,512,341,97,64,32,2,14882,56149,0.2650447915368039,4.80721,28.60644040884332,0.754345559818924,0.9304593226298743,0.931143724422503,0.9551906702111744
chat_preview,photo,kodak_02,768,512,512,341,97,64,32,3,32992,56149,0.587579476036973,5.75421,31.929244661420512,0.8653618236612525,0.9742777486439285,0.9757858053689283,0.9835401203452867
chat_preview,photo,kodak_02,768,512,512,341,97,64,32,4,56149,56149,1.0,7.53662,40.15665727770801,0.9634172581992101,0.9905848144742668,0.9936282846328689,0.9973610780552005
chat_preview,photo,kodak_02,768,512,512,341,97,64,64,0,5883,86459,0.06804381267421553,4.50229,26.386282247167458,0.6552543300140853,0.8631606707747168,0.8716160874903898,0.8978290772619661
chat_preview,photo,kodak_02,768,512,512,341,97,64,64,1,17302,86459,0.20011797499392775,4.9525,28.632024576836148,0.757096039717439,0.9326290837508973,0.9324643923079534,0.9555287482070104
chat_preview,photo,kodak_02,768,512,512,341,97,64,64,2,44878,86459,0.5190668409303831,6.21762,32.08744781627384,0.87309958554474,0.9781355619084872,0.9782568900511665,0.9843904416038761
chat_preview,photo,kodak_02,768,512,512,341,97,64,64,3,86459,86459,1.0,8.70129,42.991087167543405,0.9790369649131176,0.9954927381657731,0.997000781158663,0.9987181883215974
chat_preview,photo,kodak_02,768,512,512,341,98,64,32,0,2343,61590,0.03804188991719435,4.42137,24.988748579835637,0.5876709300102062,0.7785660903268566,0.8001921804164799,0.8392946784038555
chat_preview,photo,kodak_02,768,512,512,341,98,64,32,1,6278,61590,0.10193213183958434,4.33312,26.38470477779031,0.6550214273533758,0.8628180301682832,0.8714742700332154,0.8978176843534504
chat_preview,photo,kodak_02,768,512,512,341,98,64,32,2,16186,61590,0.26280240298749796,4.85312,28.6144682316292,0.7554817710665108,0.9310695147633922,0.9313335882515249,0.9554080685592975
chat_preview,photo,kodak_02,768,512,512,341,98,64,32,3,36206,61590,0.5878551712940412,5.71279,31.955170241938692,0.8671700029014153,0.9749358208108463,0.9759263762604402,0.9837793717242422
chat_preview,photo,kodak_02,768,512,512,341,98,64,32,4,61590,61590,1.0,7.62029,40.39021863309837,0.9652077322251823,0.9911657324001008,0.9937811725291393,0.9975109316515591
chat_preview,photo,kodak_02,768,512,512,341,98,64,64,0,5883,97317,0.060451925151823425,4.70354,26.386282247167458,0.6552543300140853,0.8631606707747168,0.8716160874903898,0.8978290772619661
chat_preview,photo,kodak_02,768,512,512,341,98,64,64,1,18383,97317,0.1888981370161431,4.91046,28.636347388014883,0.7572767923240277,0.9327519096296294,0.9324251939013011,0.9556063776180472
chat_preview,photo,kodak_02,768,512,512,341,98,64,64,2,50071,97317,0.5145144219406681,6.30258,32.09969602607321,0.8740000209685741,0.9783614353068772,0.9783120061777143,0.9844568565738774
chat_preview,photo,kodak_02,768,512,512,341,98,64,64,3,97317,97317,1.0,9.36512,43.21784630440262,0.979881995168912,0.9957191150365253,0.9971001479291572,0.9987915797765562
chat_preview,photo,kodak_02,768,512,512,341,99,64,32,0,2343,68941,0.03398558187435633,4.40658,24.988748579835637,0.5876709300102062,0.7785660903268566,0.8001921804164799,0.8392946784038555
chat_preview,photo,kodak_02,768,512,512,341,99,64,32,1,6418,68941,0.09309409495075499,4.59854,26.386101975582044,0.6550486575695885,0.8629191934930539,0.8716119359814176,0.897872477221991
chat_preview,photo,kodak_02,768,512,512,341,99,64,32,2,16683,68941,0.24198952727694695,4.84488,28.615139501666405,0.7555428976674873,0.9310870643293921,0.9313773687335595,0.955432423108725
chat_preview,photo,kodak_02,768,512,512,341,99,64,32,3,38363,68941,0.556461321999971,5.99471,31.993436715410407,0.8684706204750317,0.9753962018863085,0.9762955257345565,0.9838784821682821
chat_preview,photo,kodak_02,768,512,512,341,99,64,32,4,68941,68941,1.0,7.757,40.95675003359517,0.9692033085836266,0.992061243879339,0.9945245513960136,0.9977704000650286
chat_preview,photo,kodak_02,768,512,512,341,99,64,64,0,5883,102174,0.05757824886957543,4.62642,26.386282247167458,0.6552543300140853,0.8631606707747168,0.8716160874903898,0.8978290772619661
chat_preview,photo,kodak_02,768,512,512,341,99,64,64,1,18910,102174,0.18507643823281852,4.84808,28.635907359336702,0.7573226628064784,0.9327560498570161,0.9324361036702404,0.9556103982288273
chat_preview,photo,kodak_02,768,512,512,341,99,64,64,2,52019,102174,0.5091216943645155,6.23083,32.10201682144587,0.8740845423118687,0.978397817526384,0.9783354609969248,0.9844556962406271
chat_preview,photo,kodak_02,768,512,512,341,99,64,64,3,102174,102174,1.0,8.88254,44.027761515094895,0.9831363924718831,0.9961022002156502,0.997474845856034,0.9989458250769486
chat_preview,photo,kodak_02,768,512,512,341,100,64,32,0,2343,227695,0.010290081029447286,4.42925,24.988748579835637,0.5876709300102062,0.7785660903268566,0.8001921804164799,0.8392946784038555
chat_preview,photo,kodak_02,768,512,512,341,100,64,32,1,6899,227695,0.030299303893366127,4.35721,26.386282247167458,0.6552543300140853,0.8631606707747168,0.8716160874903898,0.8978290772619661
chat_preview,photo,kodak_02,768,512,512,341,100,64,32,2,21974,227695,0.09650629131074463,5.06808,28.638926326890306,0.757867543226804,0.9331541111218199,0.9325131987117774,0.9556502140487032
chat_preview,photo,kodak_02,768,512,512,341,100,64,32,3,73141,227695,0.3212235666132326,6.98492,32.18568385574855,0.8785647094382775,0.9804982746659711,0.9794792575765134,0.9849012863910761
chat_preview,photo,kodak_02,768,512,512,341,100,64,32,4,227695,227695,1.0,12.7315,99.0,1.0,1.0,1.0,1.0
chat_preview,photo,kodak_02,768,512,512,341,100,64,64,0,5883,226416,0.02598314606741573,4.44825,26.386282247167458,0.6552543300140853,0.8631606707747168,0.8716160874903898,0.8978290772619661
chat_preview,photo,kodak_02,768,512,512,341,100,64,64,1,20695,226416,0.09140255105646244,4.89158,28.638926326890306,0.757867543226804,0.9331541111218199,0.9325131987117774,0.9556502140487032
chat_preview,photo,kodak_02,768,512,512,341,100,64,64,2,71862,226416,0.3173892304430782,6.77892,32.18568385574855,0.8785647094382775,0.9804982746659711,0.9794792575765134,0.9849012863910761
chat_preview,photo,kodak_02,768,512,512,341,100,64,64,3,226416,226416,1.0,12.9193,99.0,1.0,1.0,1.0,1.0
chat_preview,ui_text,chat_ui,1200,800,512,341,1,64,32,0,720,1775,0.4056338028169014,4.31467,25.31569039362019,0.8146481470860493,0.7911444892943936,0.7908952313269892,0.6489257773750349
chat_preview,ui_text,chat_ui,1200,800,512,341,1,64,32,1,1197,1775,0.6743661971830985,4.342,27.56043271258937,0.8429655134852329,0.8931024168115916,0.8957986273466118,0.8584470007162294
chat_preview,ui_text,chat_ui,1200,800,512,341,1,64,32,2,1642,1775,0.9250704225352113,4.43071,28.859492618895935,0.885909396561209,0.9382867485739833,0.9426121935894671,0.913812898472522
chat_preview,ui_text,chat_ui,1200,800,512,341,1,64,32,3,1775,1775,1.0,4.37983,29.31118547374115,0.901721547747663,0.9514950470042264,0.9564427714687631,0.9277486684888693
chat_preview,ui_text,chat_ui,1200,800,512,341,1,64,32,4,1775,1775,1.0,4.37592,29.31118547374115,0.901721547747663,0.9514950470042264,0.9564427714687631,0.9277486684888693
chat_preview,ui_text,chat_ui,1200,800,512,341,1,64,64,0,1154,3042,0.3793556870479947,4.37321,27.683757784418198,0.8495120749295344,0.902888765109436,0.9028403449207874,0.8673627081508164
chat_preview,ui_text,chat_ui,1200,800,512,341,1,64,64,1,2050,3042,0.6738987508218277,4.30479,29.47295016073432,0.9059965039832805,0.9566113004813892,0.9580580502919889,0.9346193680136349
chat_preview,ui_text,chat_ui,1200,800,512,341,1,64,64,2,2864,3042,0.9414858645627876,4.40167,31.171008648798676,0.9425350102878586,0.9806687681698832,0.9829623399754583,0.9660519260112488
chat_preview,ui_text,chat_ui,1200,800,512,341,1,64,64,3,3042,3042,1.0,4.5065,31.2934850130791,0.9453486201776123,0.9812218506413602,0.9835177400455307,0.9672414639874215
chat_preview,ui_text,chat_ui,1200,800,512,341,2,64,32,0,715,1772,0.40349887133182843,4.30142,25.409679914107684,0.8163846361486229,0.7886736429913173,0.7878894068539614,0.6311876564191817
chat_preview,ui_text,chat_ui,1200,800,512,341,2,64,32,1,1192,1772,0.672686230248307,4.20775,27.718825420374344,0.8442230696588694,0.8931710076255692,0.8953613403054421,0.8541917971448102
chat_preview,ui_text,chat_ui,1200,800,512,341,2,64,32,2,1639,1772,0.9249435665914221,4.35162,29.078009374291888,0.8870192617821967,0.9391165436992944,0.9429969614977505,0.9126918891820128
chat_preview,ui_text,chat_ui,1200,800,512,341,2,64,32,3,1772,1772,1.0,4.33846,29.555813847554987,0.9028296308967838,0.9525009259729864,0.9570320638116114,0.9272905708237129
chat_preview,ui_text,chat_ui,1200,800,512,341,2,64,32,4,1772,1772,1.0,4.32933,29.555813847554987,0.9028296308967838,0.9525009259729864,0.9570320638116114,0.9272905708237129
chat_preview,ui_text,chat_ui,1200,800,512,341,2,64,64,0,1209,3097,0.3903777849531805,4.28258,27.83511727439887,0.8490074670251859,0.8982184193116559,0.8980229952425585,0.8610031011886805
chat_preview,ui_text,chat_ui,1200,800,512,341,2,64,64,1,2105,3097,0.6796900226025185,4.35087,29.73316084602631,0.9055457287260918,0.9543258567298706,0.9556418259890729,0.9319507123880478
chat_preview,ui_text,chat_ui,1200,800,512,341,2,64,64,2,2919,3097,0.9425250242169841,4.4305,31.566416372915143,0.9418015961022039,0.9787261374336554,0.980874791148208,0.9649336263647662
chat_preview,ui_text,chat_ui,1200,800,512,341,2,64,64,3,3097,3097,1.0,4.54071,31.700772278493435,0.9446169503692244,0.9792790440155401,0.9814310582744402,0.9661848974293097
chat_preview,ui_text,chat_ui,1200,800,512,341,3,64,32,0,731,1826,0.400328587075575,4.35996,25.409679914107684,0.8163846361486229,0.7886736429913173,0.7878894068539614,0.6311876564191817
chat_preview,ui_text,chat_ui,1200,800,512,341,3,64,32,1,1214,1826,0.664841182913472,4.23517,27.723981990939777,0.8444499829654463,0.8933260622856034,0.8955564755417152,0.8543880618413224
chat_preview,ui_text,chat_ui,1200,800,512,341,3,64,32,2,1669,1826,0.9140197152245345,4.36475,29.112567403027818,0.8876867048878528,0.9399174870344341,0.9439220829410987,0.9138516619560405
chat_preview,ui_text,chat_ui,1200,800,512,341,3,64,32,3,1826,1826,1.0,4.4045,29.62596811989462,0.9046298224679122,0.9541626365960371,0.9588212895983879,0.9293825907029526
chat_preview,ui_text,chat_ui,1200,800,512,341,3,64,32,4,1826,1826,1.0,4.35696,29.62596811989462,0.9046298224679122,0.9541626365960371,0.9588212895983879,0.9293825907029526
chat_preview,ui_text,chat_ui,1200,800,512,341,3,64,64,0,1209,3141,0.384909264565425,4.27654,27.83511727439887,0.8490074670251859,0.8982184193116559,0.8980229952425585,0.8610031011886805
chat_preview,ui_text,chat_ui,1200,800,512,341,3,64,64,1,2119,3141,0.6746259153135944,4.24358,29.735076075084145,0.9057450227422995,0.9543411397213442,0.9555749676091012,0.9318878297555276
chat_preview,ui_text,chat_ui,1200,800,512,341,3,64,64,2,2951,3141,0.9395097102833493,4.39712,31.596784712290606,0.9422734807824612,0.9788459692950111,0.9809087429740911,0.9651728130041676
chat_preview,ui_text,chat_ui,1200,800,512,341,3,64,64,3,3141,3141,1.0,4.55308,31.729100977424704,0.9450650419724078,0.9793258424038057,0.9813889992621321,0.966351132155719
chat_preview,ui_text,chat_ui,1200,800,512,341,4,64,32,0,731,1838,0.397714907508161,4.37125,25.409679914107684,0.8163846361486229,0.7886736429913173,0.7878894068539614,0.6311876564191817
chat_preview,ui_text,chat_ui,1200,800,512,341,4,64,32,1,1217,1838,0.6621327529923831,4.397,27.727148779236845,0.8443215647369245,0.8933274333985314,0.8955579572343697,0.8546833945505893
chat_preview,ui_text,chat_ui,1200,800,512,341,4,64,32,2,1675,1838,0.911316648531012,4.39396,29.12569055189725,0.8876444302795212,0.9400035020473064,0.9440061952505854,0.9142932395818143
chat_preview,ui_text,chat_ui,1200,800,512,341,4,64,32,3,1838,1838,1.0,4.44575,29.656018098844438,0.9049935964902266,0.9545228568058994,0.9591266694768776,0.9300878270006429
chat_preview,ui_text,chat_ui,1200,800,512,341,4,64,32,4,1838,1838,1.0,4.43975,29.656018098844438,0.9049935964902266,0.9545228568058994,0.9591266694768776,0.9300878270006429
chat_preview,ui_text,chat_ui,1200,800,512,341,4,64,64,0,1209,3160,0.38259493670886074,4.23417,27.83511727439887,0.8490074670251859,0.8982184193116559,0.8980229952425585,0.8610031011886805
chat_preview,ui_text,chat_ui,1200,800,512,341,4,64,64,1,2123,3160,0.6718354430379747,4.306,29.737746427160335,0.9057816856127676,0.9543471432209362,0.9555743668112614,0.9319469252870547
chat_preview,ui_text,chat_ui,1200,800,512,341,4,64,64,2,2960,3160,0.9367088607594937,4.42896,31.602384926426023,0.9422580898884027,0.9788366514820203,0.9808971896146295,0.9652341260871722
chat_preview,ui_text,chat_ui,1200,800,512,341,4,64,64,3,3160,3160,1.0,4.40667,31.739977731461458,0.945105575611434,0.9793583401998792,0.9814217688614969,0.9664776000399123
chat_preview,ui_text,chat_ui,1200,800,512,341,5,64,32,0,740,1859,0.3980634749865519,4.4045,25.416047856784378,0.815700307530084,0.7866570395341673,0.7882453887606453,0.630340181020878
chat_preview,ui_text,chat_ui,1200,800,512,341,5,64,32,1,1237,1859,0.6654115115653577,4.39808,27.75741823725822,0.843731242436924,0.8930344263985913,0.8971198561185709,0.8550739429895272
chat_preview,ui_text,chat_ui,1200,800,512,341,5,64,32,2,1696,1859,0.9123184507799892,4.37054,29.165814476150707,0.8882185473520496,0.9397930802495083,0.9456812032268984,0.9141571006260234
chat_preview,ui_text,chat_ui,1200,800,512,341,5,64,32,3,1859,1859,1.0,4.40458,29.705263020725795,0.9055023242751826,0.9541849818980713,0.9607047369873387,0.9298425751853567
chat_preview,ui_text,chat_ui,1200,800,512,341,5,64,32,4,1859,1859,1.0,4.35325,29.705263020725795,0.9055023242751826,0.9541849818980713,0.9607047369873387,0.9298425751853567
chat_preview,ui_text,chat_ui,1200,800,512,341,5,64,64,0,1220,3203,0.3808929128941617,4.27279,27.854706925036005,0.8481247389597266,0.8964547541179267,0.89822636927997,0.8594915218834802
chat_preview,ui_text,chat_ui,1200,800,512,341,5,64,64,1,2165,3203,0.6759288167343116,4.42917,29.776204056913713,0.9057748742377177,0.9527858274631568,0.9560332313181279,0.9310854072771719
chat_preview,ui_text,chat_ui,1200,800,512,341,5,64,64,2,3003,3203,0.9375585388698096,4.38558,31.669420621407948,0.942273079741327,0.9778791429258696,0.9819729658618525,0.9646001010186068
chat_preview,ui_text,chat_ui,1200,800,512,341,5,64,64,3,3203,3203,1.0,4.544,31.814892238572714,0.945129227817501,0.9784271462920057,0.9825236045171789,0.9658755920121775
chat_preview,ui_text,chat_ui,1200,800,512,341,6,64,32,0,740,1872,0.3952991452991453,4.38092,25.416047856784378,0.815700307530084,0.7866570395341673,0.7882453887606453,0.630340181020878
chat_preview,ui_text,chat_ui,1200,800,512,341,6,64,32,1,1238,1872,0.6613247863247863,4.34762,27.75773445885646,0.8438583839873148,0.8930521553464986,0.8969748648646194,0.8549513541008065
chat_preview,ui_text,chat_ui,1200,800,512,341,6,64,32,2,1699,1872,0.9075854700854701,4.35621,29.184588789161975,0.8887437196420661,0.9399063735177426,0.945619988361789,0.914246008291602
chat_preview,ui_text,chat_ui,1200,800,512,341,6,64,32,3,1872,1872,1.0,4.37,29.7562536569578,0.9068064882308704,0.9551481086091509,0.9615344590193268,0.9307986680494749
chat_preview,ui_text,chat_ui,1200,800,512,341,6,64,32,4,1872,1872,1.0,4.367,29.7562536569578,0.9068064882308704,0.9551481086091509,0.9615344590193268,0.9307986680494749
chat_preview,ui_text,chat_ui,1200,800,512,341,6,64,64,0,1220,3225,0.37829457364341085,4.34896,27.854706925036005,0.8481247389597266,0.8964547541179267,0.89822636927997,0.8594915218834802
chat_preview,ui_text,chat_ui,1200,800,512,341,6,64,64,1,2170,3225,0.6728682170542636,4.28321,29.780650208557027,0.9058137044792379,0.952756788286205,0.9559821771246628,0.9311869537898306
chat_preview,ui_text,chat_ui,1200,800,512,341,6,64,64,2,3013,3225,0.9342635658914729,4.46896,31.702963327839054,0.9426456641708759,0.9779874649283739,0.9821030236601741,0.9649289142804589
chat_preview,ui_text,chat_ui,1200,800,512,341,6,64,64,3,3225,3225,1.0,4.55671,31.856361986701195,0.9455446549837251,0.9785568829878217,0.982671619043842,0.9662562003973054
chat_preview,ui_text,chat_ui,1200,800,512,341,7,64,32,0,740,1874,0.39487726787620064,4.22404,25.416047856784378,0.815700307530084,0.7866570395341673,0.7882453887606453,0.630340181020878
chat_preview,ui_text,chat_ui,1200,800,512,341,7,64,32,1,1238,1874,0.6606189967982924,4.31421,27.75773445885646,0.8438583839873148,0.8930521553464986,0.8969748648646194,0.8549513541008065
chat_preview,ui_text,chat_ui,1200,800,512,341,7,64,32,2,1701,1874,0.9076840981856991,4.40813,29.18809506716951,0.8887885635022431,0.939919963759504,0.945631870345014,0.9142642947556328
chat_preview,ui_text,chat_ui,1200,800,512,341,7,64,32,3,1874,1874,1.0,4.34725,29.76578744351515,0.9069782394416785,0.9552276756028609,0.9616244575484549,0.931029134584654
chat_preview,ui_text,chat_ui,1200,800,512,341,7,64,32,4,1874,1874,1.0,4.35912,29.76578744351515,0.9069782394416785,0.9552276756028609,0.9616244575484549,0.931029134584654
chat_preview,ui_text,chat_ui,1200,800,512,341,7,64,64,0,1220,3238,0.37677578752316243,4.22475,27.854706925036005,0.8481247389597266,0.8964547541179267,0.89822636927997,0.8594915218834802
chat_preview,ui_text,chat_ui,1200,800,512,341,7,64,64,1,2170,3238,0.670166769610871,4.34208,29.780650208557027,0.9058137044792379,0.952756788286205,0.9559821771246628,0.9311869537898306
chat_preview,ui_text,chat_ui,1200,800,512,341,7,64,64,2,3026,3238,0.9345274861025324,4.41896,31.708146089190087,0.942699802090276,0.9780115744222816,0.9821238807688816,0.9649874101945334
chat_preview,ui_text,chat_ui,1200,800,512,341,7,64,64,3,3238,3238,1.0,4.55017,31.86673975363972,0.9456252580872557,0.9785956745857995,0.9827063613497737,0.9663538286196522
chat_preview,ui_text,chat_ui,1200,800,512,341,8,64,32,0,756,1933,0.39110191412312467,4.25492,25.416047856784378,0.815700307530084,0.7866570395341673,0.7882453887606453,0.630340181020878
chat_preview,ui_text,chat_ui,1200,800,512,341,8,64,32,1,1260,1933,0.6518365235385412,4.33579,27.76580765234284,0.8437805124813545,0.8931576601747135,0.8966652457539429,0.8555007272609765
chat_preview,ui_text,chat_ui,1200,800,512,341,8,64,32,2,1733,1933,0.8965338851526126,4.31162,29.205354491700103,0.8893134499007361,0.940150781491651,0.9459407491135619,0.9148980452378398
chat_preview,ui_text,chat_ui,1200,800,512,341,8,64,32,3,1933,1933,1.0,4.33167,29.81253175053621,0.9078855186090014,0.9554083048870178,0.9618388846696088,0.9320604307277961
chat_preview,ui_text,chat_ui,1200,800,512,341,8,64,32,4,1933,1933,1.0,4.47733,29.81253175053621,0.9078855186090014,0.9554083048870178,0.9618388846696088,0.9320604307277961
chat_preview,ui_text,chat_ui,1200,800,512,341,8,64,64,0,1220,3277,0.37229173024107415,4.2335,27.854706925036005,0.8481247389597266,0.8964547541179267,0.89822636927997,0.8594915218834802
chat_preview,ui_text,chat_ui,1200,800,512,341,8,64,64,1,2181,3277,0.6655477570949039,4.28812,29.77760685434201,0.9058223566620991,0.9527315155636038,0.9560045830033388,0.9311366700752596
chat_preview,ui_text,chat_ui,1200,800,512,341,8,64,64,2,3059,3277,0.9334757400061031,4.42229,31.73127692365511,0.9431865416145949,0.9781006143910833,0.9822356707147002,0.9650109567876615
chat_preview,ui_text,chat_ui,1200,800,512,341,8,64,64,3,3277,3277,1.0,4.46787,31.893628274383317,0.9461056601615915,0.9786779032180628,0.98280902637261,0.9663824767355267
chat_preview,ui_text,chat_ui,1200,800,512,341,9,64,32,0,756,1939,0.3898916967509025,4.323,25.416047856784378,0.815700307530084,0.7866570395341673,0.7882453887606453,0.630340181020878
chat_preview,ui_text,chat_ui,1200,800,512,341,9,64,32,1,1260,1939,0.6498194945848376,4.33792,27.765812531213882,0.8438175986837778,0.8931640090131623,0.8966571817112552,0.8554317302761726
chat_preview,ui_text,chat_ui,1200,800,512,341,9,64,32,2,1739,1939,0.8968540484785972,4.22071,29.206560049965944,0.889270145022636,0.9401242442717065,0.9458735164853688,0.9149904481387492
chat_preview,ui_text,chat_ui,1200,800,512,341,9,64,32,3,1939,1939,1.0,4.38642,29.819723896854367,0.9078726912411018,0.9553875143517431,0.9617958393715895,0.9321598691400276
chat_preview,ui_text,chat_ui,1200,800,512,341,9,64,32,4,1939,1939,1.0,4.26829,29.819723896854367,0.9078726912411018,0.9553875143517431,0.9617958393715895,0.9321598691400276
chat_preview,ui_text,chat_ui,1200,800,512,341,9,64,64,0,1220,3290,0.3708206686930091,4.28254,27.854706925036005,0.8481247389597266,0.8964547541179267,0.89822636927997,0.8594915218834802
chat_preview,ui_text,chat_ui,1200,800,512,341,9,64,64,1,2181,3290,0.6629179331306991,4.448,29.777661250484403,0.905824480787207,0.9527320083606642,0.9560054969824998,0.9311325476263801
chat_preview,ui_text,chat_ui,1200,800,512,341,9,64,64,2,3068,3290,0.9325227963525836,4.40712,31.73958124754516,0.9432118813873617,0.9781318416623043,0.9822513620256385,0.9651268879097424
chat_preview,ui_text,chat_ui,1200,800,512,341,9,64,64,3,3290,3290,1.0,4.473,31.907362919396544,0.9461794543815887,0.978721851726223,0.9828367111599791,0.9665380550968682
chat_preview,ui_text,chat_ui,1200,800,512,341,10,64,32,0,756,1947,0.3882896764252696,4.40262,25.416047856784378,0.815700307530084,0.7866570395341673,0.7882453887606453,0.630340181020878
chat_preview,ui_text,chat_ui,1200,800,512,341,10,64,32,1,1261,1947,0.647663071391885,4.31508,27.764632156645934,0.8437017836903248,0.8931382257795552,0.8967424460270698,0.8554870234329106
chat_preview,ui_text,chat_ui,1200,800,512,341,10,64,32,2,1742,1947,0.8947098099640473,4.40342,29.215779699133947,0.8892063793064683,0.9400639588035821,0.9459046066204699,0.9152392563239004
chat_preview,ui_text,chat_ui,1200,800,512,341,10,64,32,3,1947,1947,1.0,4.30892,29.84226029079561,0.9083769981842131,0.9558954225798293,0.962380798289897,0.932696829351704
chat_preview,ui_text,chat_ui,1200,800,512,341,10,64,32,4,1947,1947,1.0,4.40912,29.84226029079561,0.9083769981842131,0.9558954225798293,0.962380798289897,0.932696829351704
chat_preview,ui_text,chat_ui,1200,800,512,341,10,64,64,0,1220,3317,0.36780223093156467,4.28358,27.854706925036005,0.8481247389597266,0.8964547541179267,0.89822636927997,0.8594915218834802
chat_preview,ui_text,chat_ui,1200,800,512,341,10,64,64,1,2185,3317,0.6587277660536629,4.337,29.77816163003322,0.9059052127606854,0.9528013777143811,0.9560680423180562,0.9311410681514678
chat_preview,ui_text,chat_ui,1200,800,512,341,10,64,64,2,3075,3317,0.9270425082906241,4.50942,31.745311988008172,0.9432616666722534,0.9782058361460985,0.9823060748093314,0.9652139367416642
chat_preview,ui_text,chat_ui,1200,800,512,341,10,64,64,3,3317,3317,1.0,4.50287,31.927945697757917,0.9463888504671067,0.9788424691228839,0.9829383220754465,0.9667552596801605
chat_preview,ui_text,chat_ui,1200,800,512,341,11,64,32,0,759,1959,0.3874425727411945,4.25808,25.426957874942588,0.8158158849443052,0.7870085261874543,0.7879029919479811,0.6306091229739706
chat_preview,ui_text,chat_ui,1200,800,512,341,11,64,32,1,1266,1959,0.6462480857580398,4.30746,27.76688776988535,0.8436774516947302,0.8919252219485659,0.8949649335870759,0.8533883919841557
chat_preview,ui_text,chat_ui,1200,800,512,341,11,64,32,2,1750,1959,0.8933129147524247,4.40037,29.25323513295636,0.890026718710199,0.9405605922839757,0.9459749061122499,0.9155453029132166
chat_preview,ui_text,chat_ui,1200,800,512,341,11,64,32,3,1959,1959,1.0,4.32158,29.894784472695836,0.9094847744245347,0.9566974069873405,0.9627132445822872,0.933405241893817
chat_preview,ui_text,chat_ui,1200,800,512,341,11,64,32,4,1959,1959,1.0,4.43121,29.894784472695836,0.9094847744245347,0.9566974069873405,0.9627132445822872,0.933405241893817
chat_preview,ui_text,chat_ui,1200,800,512,341,11,64,64,0,1222,3334,0.3665266946610678,4.25092,27.853353261870133,0.848239389606153,0.8965672160025645,0.8981244195788189,0.8592587748941432
chat_preview,ui_text,chat_ui,1200,800,512,341,11,64,64,1,2194,3334,0.6580683863227355,4.36538,29.797081505958168,0.9061480507184377,0.9528809653607778,0.9558803405135669,0.930999501168925
chat_preview,ui_text,chat_ui,1200,800,512,341,11,64,64,2,3092,3334,0.9274145170965807,4.46529,31.799596942408968,0.9439703923805826,0.9787371401074175,0.9825419411951052,0.9656460265663361
chat_preview,ui_text,chat_ui,1200,800,512,341,11,64,64,3,3334,3334,1.0,4.53463,31.98985256856313,0.9471596735962081,0.9793719038908293,0.9831716766917525,0.9672272534180248
chat_preview,ui_text,chat_ui,1200,800,512,341,12,64,32,0,759,1968,0.3856707317073171,4.21442,25.426957874942588,0.8158158849443052,0.7870085261874543,0.7879029919479811,0.6306091229739706
chat_preview,ui_text,chat_ui,1200,800,512,341,12,64,32,1,1266,1968,0.6432926829268293,4.40529,27.76737100112351,0.843748269381163,0.8919759860938864,0.8949725669446104,0.853401197253646
chat_preview,ui_text,chat_ui,1200,800,512,341,12,64,32,2,1750,1968,0.8892276422764228,4.32633,29.255050705093275,0.8901341397802058,0.9406374563079138,0.9459840089537723,0.9155987555757735
chat_preview,ui_text,chat_ui,1200,800,512,341,12,64,32,3,1968,1968,1.0,4.43908,29.92104691642348,0.910316740704013,0.9572863922476671,0.9632491438287177,0.9342121981580072
chat_preview,ui_text,chat_ui,1200,800,512,341,12,64,32,4,1968,1968,1.0,4.39929,29.92104691642348,0.910316740704013,0.9572863922476671,0.9632491438287177,0.9342121981580072
chat_preview,ui_text,chat_ui,1200,800,512,341,12,64,64,0,1222,3353,0.3644497464956755,4.24217,27.853353261870133,0.848239389606153,0.8965672160025645,0.8981244195788189,0.8592587748941432
chat_preview,ui_text,chat_ui,1200,800,512,341,12,64,64,1,2198,3353,0.6555323590814196,4.38008,29.798990075503834,0.9061428227496536,0.9528868634351323,0.9558827086018421,0.931041730358536
chat_preview,ui_text,chat_ui,1200,800,512,341,12,64,64,2,3096,3353,0.923352221890844,4.46892,31.802023797021043,0.9439763581274087,0.9787449366283774,0.9825443305855428,0.9656791886088357
chat_preview,ui_text,chat_ui,1200,800,512,341,12,64,64,3,3353,3353,1.0,4.63162,32.003321190722794,0.9472220676517565,0.9793975757604793,0.9832049011715199,0.9673547510408277
chat_preview,ui_text,chat_ui,1200,800,512,341,13,64,32,0,759,1992,0.3810240963855422,4.24404,25.426957874942588,0.8158158849443052,0.7870085261874543,0.7879029919479811,0.6306091229739706
chat_preview,ui_text,chat_ui,1200,800,512,341,13,64,32,1,1269,1992,0.6370481927710844,4.36104,27.76095939226316,0.8439857544230627,0.8921328209339103,0.8951671016304729,0.8531402830618099
chat_preview,ui_text,chat_ui,1200,800,512,341,13,64,32,2,1773,1992,0.8900602409638554,4.37067,29.270299277787593,0.8909462822914204,0.9420028552443194,0.9476291394619479,0.916921023552251
chat_preview,ui_text,chat_ui,1200,800,512,341,13,64,32,3,1992,1992,1.0,4.46479,29.932252246917493,0.91079947107349,0.9577027206238626,0.9638734956845438,0.9347913289248426
chat_preview,ui_text,chat_ui,1200,800,512,341,13,64,32,4,1992,1992,1.0,4.40833,29.932252246917493,0.91079947107349,0.9577027206238626,0.9638734956845438,0.9347913289248426
chat_preview,ui_text,chat_ui,1200,800,512,341,13,64,64,0,1222,3387,0.36079126070268674,4.31225,27.853353261870133,0.848239389606153,0.8965672160025645,0.8981244195788189,0.8592587748941432
chat_preview,ui_text,chat_ui,1200,800,512,341,13,64,64,1,2204,3387,0.6507233540005904,4.42012,29.79793173825609,0.9062381873376905,0.9529470129536918,0.9559489688470353,0.9310229394391976
chat_preview,ui_text,chat_ui,1200,800,512,341,13,64,64,2,3129,3387,0.9238263950398583,4.42037,31.830939751307344,0.9444993884921852,0.9791026672646769,0.982926063695129,0.9660862816189586
chat_preview,ui_text,chat_ui,1200,800,512,341,13,64,64,3,3387,3387,1.0,4.46733,32.03864132048634,0.947746726247466,0.9797405143156407,0.98356919071027,0.9677623679002132
chat_preview,ui_text,chat_ui,1200,800,512,341,14,64,32,0,759,2004,0.3787425149700599,4.35237,25.426957874942588,0.8158158849443052,0.7870085261874543,0.7879029919479811,0.6306091229739706
chat_preview,ui_text,chat_ui,1200,800,512,341,14,64,32,1,1269,2004,0.6332335329341318,5.53629,27.76095939226316,0.8439857544230627,0.8921328209339103,0.8951671016304729,0.8531402830618099
chat_preview,ui_text,chat_ui,1200,800,512,341,14,64,32,2,1773,2004,0.8847305389221557,4.28058,29.273809447505563,0.8910423686207057,0.9420402290900407,0.9476477259486931,0.9169708205915532
chat_preview,ui_text,chat_ui,1200,800,512,341,14,64,32,3,2004,2004,1.0,4.51767,29.980144884940145,0.9118008531887325,0.9581338165725021,0.9642000782533157,0.9358062110398829
chat_preview,ui_text,chat_ui,1200,800,512,341,14,64,32,4,2004,2004,1.0,4.40388,29.980144884940145,0.9118008531887325,0.9581338165725021,0.9642000782533157,0.9358062110398829
chat_preview,ui_text,chat_ui,1200,800,512,341,14,64,64,0,1222,3407,0.35867331963604343,4.29417,27.853353261870133,0.848239389606153,0.8965672160025645,0.8981244195788189,0.8592587748941432
chat_preview,ui_text,chat_ui,1200,800,512,341,14,64,64,1,2204,3407,0.6469034341062518,4.31308,29.79793173825609,0.9062381873376905,0.9529470129536918,0.9559489688470353,0.9310229394391976
chat_preview,ui_text,chat_ui,1200,800,512,341,14,64,64,2,3129,3407,0.9184032873495744,4.43183,31.8331772565138,0.9445711800794395,0.9791423685903293,0.9829609167638601,0.9661468074609574
chat_preview,ui_text,chat_ui,1200,800,512,341,14,64,64,3,3407,3407,1.0,4.51662,32.044998348364345,0.9479307080679907,0.9797730793353949,0.9836039101979904,0.9678469493817621
chat_preview,ui_text,chat_ui,1200,800,512,341,15,64,32,0,759,2010,0.3776119402985075,4.39067,25.426957874942588,0.8158158849443052,0.7870085261874543,0.7879029919479811,0.6306091229739706
chat_preview,ui_text,chat_ui,1200,800,512,341,15,64,32,1,1269,2010,0.6313432835820896,4.29937,27.762909504535813,0.8440750518505921,0.8922240314329226,0.895236119196251,0.8533429167153557
chat_preview,ui_text,chat_ui,1200,800,512,341,15,64,32,2,1779,2010,0.8850746268656716,4.36867,29.277885324484725,0.8910055137894736,0.9420582968808887,0.9476773394523293,0.9170975596638401
chat_preview,ui_text,chat_ui,1200,800,512,341,15,64,32,3,2010,2010,1.0,4.34558,29.992269886469536,0.9119201663505693,0.9581811120408731,0.9642633418603553,0.9361167067199787
chat_preview,ui_text,chat_ui,1200,800,512,341,15,64,32,4,2010,2010,1.0,4.32504,29.992269886469536,0.9119201663505693,0.9581811120408731,0.9642633418603553,0.9361167067199787
chat_preview,ui_text,chat_ui,1200,800,512,341,15,64,64,0,1222,3428,0.3564760793465578,4.21092,27.853353261870133,0.848239389606153,0.8965672160025645,0.8981244195788189,0.8592587748941432
chat_preview,ui_text,chat_ui,1200,800,512,341,15,64,64,1,2205,3428,0.6432322053675612,4.28029,29.80091507463106,0.9063058412257222,0.9529644901127031,0.9559542578376004,0.9310508680822815
chat_preview,ui_text,chat_ui,1200,800,512,341,15,64,64,2,3150,3428,0.9189031505250875,4.33975,31.853682018259676,0.9445971806379615,0.9792276154488392,0.9830117316622236,0.9664077380571579
chat_preview,ui_text,chat_ui,1200,800,512,341,15,64,64,3,3428,3428,1.0,4.52275,32.07163294733276,0.9479869490389848,0.9798593119388436,0.9836558176277038,0.9681388278724884
chat_preview,ui_text,chat_ui,1200,800,512,341,16,64,32,0,775,2047,0.3786028334147533,4.31425,25.426957874942588,0.8158158849443052,0.7870085261874543,0.7879029919479811,0.6306091229739706
chat_preview,ui_text,chat_ui,1200,800,512,341,16,64,32,1,1285,2047,0.6277479237909135,4.29492,27.76256830116864,0.8440836719395536,0.8922137081263806,0.8952340038355595,0.8532687284698808
chat_preview,ui_text,chat_ui,1200,800,512,341,16,64,32,2,1797,2047,0.8778700537371763,4.29608,29.293385208266347,0.891223886979697,0.9421324161584278,0.9477810050945322,0.9172887137295626
chat_preview,ui_text,chat_ui,1200,800,512,341,16,64,32,3,2047,2047,1.0,4.36813,30.031446785777085,0.9125233050722326,0.958672147189914,0.9648138750319927,0.9366752774830392
chat_preview,ui_text,chat_ui,1200,800,512,341,16,64,32,4,2047,2047,1.0,4.35954,30.031446785777085,0.9125233050722326,0.958672147189914,0.9648138750319927,0.9366752774830392
chat_preview,ui_text,chat_ui,1200,800,512,341,16,64,64,0,1222,3459,0.353281295172015,4.30983,27.853353261870133,0.848239389606153,0.8965672160025645,0.8981244195788189,0.8592587748941432
chat_preview,ui_text,chat_ui,1200,800,512,341,16,64,64,1,2205,3459,0.6374674761491761,4.33729,29.80020150282526,0.9063061447081493,0.952964051561795,0.9559528195282523,0.9310352044448835
chat_preview,ui_text,chat_ui,1200,800,512,341,16,64,64,2,3156,3459,0.9124024284475282,4.44329,31.872389093779393,0.9448425608116006,0.9793288064909222,0.9831071940181259,0.9665428923597016
chat_preview,ui_text,chat_ui,1200,800,512,341,16,64,64,3,3459,3459,1.0,4.59721,32.100487066992216,0.9484251694946417,0.9799896431607804,0.9837910781974682,0.9683717215358623
chat_preview,ui_text,chat_ui,1200,800,512,341,17,64,32,0,801,2084,0.3843570057581574,4.30125,25.43029873792632,0.8157636160359854,0.7892611476764214,0.7898661888603711,0.6410745638744206
chat_preview,ui_text,chat_ui,1200,800,512,341,17,64,32,1,1322,2084,0.6343570057581573,4.36937,27.801348567320943,0.8449585919473389,0.8948265623447332,0.8982640814277526,0.8594389671404737
chat_preview,ui_text,chat_ui,1200,800,512,341,17,64,32,2,1834,2084,0.8800383877159309,4.42079,29.345784678734073,0.8922102526613415,0.9447371386486342,0.9507390209297584,0.9217240857169323
chat_preview,ui_text,chat_ui,1200,800,512,341,17,64,32,3,2084,2084,1.0,4.36871,30.0969904442389,0.9132075529595934,0.9611440562103247,0.9676431412043733,0.9404948395274002
chat_preview,ui_text,chat_ui,1200,800,512,341,17,64,32,4,2084,2084,1.0,4.44371,30.0969904442389,0.9132075529595934,0.9611440562103247,0.9676431412043733,0.9404948395274002
chat_preview,ui_text,chat_ui,1200,800,512,341,17,64,64,0,1234,3505,0.3520684736091298,4.27046,27.912868582936387,0.8512244856405063,0.9013163984362093,0.9037044183500554,0.8652889218669795
chat_preview,ui_text,chat_ui,1200,800,512,341,17,64,64,1,2251,3505,0.6422253922967189,4.53075,29.85887890497294,0.9095640773938763,0.9566193652266289,0.9605272366439621,0.9349735616676674
chat_preview,ui_text,chat_ui,1200,800,512,341,17,64,64,2,3202,3505,0.9135520684736091,4.44654,31.970752989864764,0.9480223686359768,0.9828444025060525,0.9875762926474454,0.9695595063835349
chat_preview,ui_text,chat_ui,1200,800,512,341,17,64,64,3,3505,3505,1.0,4.58546,32.212606200994614,0.9516782033348937,0.9835339521953305,0.98828924874302,0.9713913574809442
chat_preview,ui_text,chat_ui,1200,800,512,341,18,64,32,0,801,2124,0.3771186440677966,4.29375,25.43029873792632,0.8157636160359854,0.7892611476764214,0.7898661888603711,0.6410745638744206
chat_preview,ui_text,chat_ui,1200,800,512,341,18,64,32,1,1329,2124,0.6257062146892656,4.36117,27.801271324982693,0.8450288878863269,0.8949676945036469,0.898238108550983,0.8596467174333328
chat_preview,ui_text,chat_ui,1200,800,512,341,18,64,32,2,1868,2124,0.879472693032015,4.39879,29.3599700077851,0.8935317446132088,0.9460513002862309,0.9520339293569471,0.9226754508461027
chat_preview,ui_text,chat_ui,1200,800,512,341,18,64,32,3,2124,2124,1.0,4.508,30.117983017028802,0.9145856637902562,0.961859267147998,0.9683039461295683,0.9413301721655413
chat_preview,ui_text,chat_ui,1200,800,512,341,18,64,32,4,2124,2124,1.0,4.41008,30.117983017028802,0.9145856637902562,0.961859267147998,0.9683039461295683,0.9413301721655413
chat_preview,ui_text,chat_ui,1200,800,512,341,18,64,64,0,1234,3569,0.3457551134771645,4.26167,27.912868582936387,0.8512244856405063,0.9013163984362093,0.9037044183500554,0.8652889218669795
chat_preview,ui_text,chat_ui,1200,800,512,341,18,64,64,1,2259,3569,0.6329504062762679,4.37271,29.861501627428737,0.9095648311305276,0.9566629101238707,0.9605556514114141,0.9351033112802107
chat_preview,ui_text,chat_ui,1200,800,512,341,18,64,64,2,3233,3569,0.9058559820678062,4.60483,31.995994565441027,0.9486427003353621,0.9833568791413412,0.988090475686583,0.9701383643102565
chat_preview,ui_text,chat_ui,1200,800,512,341,18,64,64,3,3569,3569,1.0,4.57687,32.2474162021817,0.9523827934796819,0.9840549934853929,0.9888253645068159,0.9720570753352811
chat_preview,ui_text,chat_ui,1200,800,512,341,19,64,32,0,801,2127,0.3765867418899859,4.27267,25.43029873792632,0.8157636160359854,0.7892611476764214,0.7898661888603711,0.6410745638744206
chat_preview,ui_text,chat_ui,1200,800,512,341,19,64,32,1,1329,2127,0.6248236953455572,4.23117,27.802059491913354,0.845057026865938,0.8949960070757564,0.8982560665105835,0.8596944479410268
chat_preview,ui_text,chat_ui,1200,800,512,341,19,64,32,2,1871,2127,0.8796426892336624,4.31996,29.360548973179736,0.8935420821462138,0.946052496121232,0.9520657330394149,0.9226799092333091
chat_preview,ui_text,chat_ui,1200,800,512,341,19,64,32,3,2127,2127,1.0,4.51654,30.118340076877757,0.9145725544759623,0.961850634059441,0.9683242908192263,0.9413145517315171
chat_preview,ui_text,chat_ui,1200,800,512,341,19,64,32,4,2127,2127,1.0,4.53037,30.118340076877757,0.9145725544759623,0.961850634059441,0.9683242908192263,0.9413145517315171
chat_preview,ui_text,chat_ui,1200,800,512,341,19,64,64,0,1234,3577,0.34498182834777746,4.25304,27.912868582936387,0.8512244856405063,0.9013163984362093,0.9037044183500554,0.8652889218669795
chat_preview,ui_text,chat_ui,1200,800,512,341,19,64,64,1,2260,3577,0.6318143695834498,4.26746,29.862037701808084,0.9096079902245164,0.9566747979483262,0.9605578152739112,0.9351296510181738
chat_preview,ui_text,chat_ui,1200,800,512,341,19,64,64,2,3238,3577,0.9052278445624825,4.59604,31.99808524082205,0.9486787342825025,0.9833657600406873,0.9880950626920463,0.9701617031239116
chat_preview,ui_text,chat_ui,1200,800,512,341,19,64,64,3,3577,3577,1.0,4.54204,32.248573793122375,0.9524198901181204,0.9840652483909408,0.9888296263896355,0.9720782846661608
chat_preview,ui_text,chat_ui,1200,800,512,341,20,64,32,0,817,2159,0.3784159333024548,4.22562,25.43029873792632,0.8157636160359854,0.7892611476764214,0.7898661888603711,0.6410745638744206
chat_preview,ui_text,chat_ui,1200,800,512,341,20,64,32,1,1347,2159,0.6238999536822603,4.29025,27.801174562638707,0.8452158881330739,0.8950550212572833,0.8982951335228568,0.8593528346092539
chat_preview,ui_text,chat_ui,1200,800,512,341,20,64,32,2,1899,2159,0.8795738767948124,4.41917,29.365179510780656,0.89377549328256,0.9461014849090564,0.9520431854688098,0.9226007566458176
chat_preview,ui_text,chat_ui,1200,800,512,341,20,64,32,3,2159,2159,1.0,4.32133,30.13800963031713,0.9149357088002188,0.9618105618038273,0.9681700981426271,0.9413569690488381
chat_preview,ui_text,chat_ui,1200,800,512,341,20,64,32,4,2159,2159,1.0,4.3665,30.13800963031713,0.9149357088002188,0.9618105618038273,0.9681700981426271,0.9413569690488381
chat_preview,ui_text,chat_ui,1200,800,512,341,20,64,64,0,1234,3587,0.3440200724839699,4.268,27.912868582936387,0.8512244856405063,0.9013163984362093,0.9037044183500554,0.8652889218669795
chat_preview,ui_text,chat_ui,1200,800,512,341,20,64,64,1,2267,3587,0.6320044605519933,4.32404,29.867264682120506,0.9098867331380718,0.9567539769640959,0.9606244261731939,0.9352600934046252
chat_preview,ui_text,chat_ui,1200,800,512,341,20,64,64,2,3245,3587,0.9046557011430164,4.44029,32.00567987442366,0.9489813668274275,0.9834302869854753,0.9881345920850836,0.9702919695637815
chat_preview,ui_text,chat_ui,1200,800,512,341,20,64,64,3,3587,3587,1.0,4.49267,32.26424958656376,0.9527859779480427,0.9841466166487495,0.9888881178156288,0.9722540975569081
chat_preview,ui_text,chat_ui,1200,800,512,341,21,64,32,0,833,2200,0.37863636363636366,4.27637,25.43029873792632,0.8157636160359854,0.7892611476764214,0.7898661888603711,0.6410745638744206
chat_preview,ui_text,chat_ui,1200,800,512,341,21,64,32,1,1363,2200,0.6195454545454545,4.4485,27.799891954364803,0.845249766482759,0.895058545426484,0.89828053671202,0.8592671422561502
chat_preview,ui_text,chat_ui,1200,800,512,341,21,64,32,2,1923,2200,0.8740909090909091,4.45133,29.398853301182804,0.893805865862377,0.9462319866699559,0.9521622806435138,0.9232321950900649
chat_preview,ui_text,chat_ui,1200,800,512,341,21,64,32,3,2190,2200,0.9954545454545455,4.52754,30.216609334134038,0.9159666299638967,0.9626269178649046,0.9689924476467252,0.9427490212465289
chat_preview,ui_text,chat_ui,1200,800,512,341,21,64,32,4,2200,2200,1.0,4.42312,30.216605045005586,0.9161107764444155,0.9626165967580729,0.968981538718646,0.9427383681370047
chat_preview,ui_text,chat_ui,1200,800,512,341,21,64,64,0,1234,3620,0.34088397790055247,4.33642,27.912868582936387,0.8512244856405063,0.9013163984362093,0.9037044183500554,0.8652889218669795
chat_preview,ui_text,chat_ui,1200,800,512,341,21,64,64,1,2267,3620,0.626243093922652,4.29604,29.86731440008764,0.9099099624589538,0.9567557151824987,0.9606254039809352,0.9352470719825345
chat_preview,ui_text,chat_ui,1200,800,512,341,21,64,64,2,3255,3620,0.899171270718232,4.54571,32.03727335037804,0.9492955828444233,0.9834839141566566,0.988171565397673,0.9704470198049423
chat_preview,ui_text,chat_ui,1200,800,512,341,21,64,64,3,3620,3620,1.0,4.5415,32.304919097984765,0.9532089235933303,0.9842012513846182,0.9889352264244182,0.9724453967901919
chat_preview,ui_text,chat_ui,1200,800,512,341,22,64,32,0,833,2202,0.3782924613987284,4.23337,25.43029873792632,0.8157636160359854,0.7892611476764214,0.7898661888603711,0.6410745638744206
chat_preview,ui_text,chat_ui,1200,800,512,341,22,64,32,1,1363,2202,0.6189827429609446,4.41787,27.799891954364803,0.845249766482759,0.895058545426484,0.89828053671202,0.8592671422561502
chat_preview,ui_text,chat_ui,1200,800,512,341,22,64,32,2,1923,2202,0.8732970027247956,4.41083,29.400134453110876,0.8938548678663273,0.9462612113355767,0.952170095535076,0.9232511581635077
chat_preview,ui_text,chat_ui,1200,800,512,341,22,64,32,3,2192,2202,0.9954586739327884,4.374,30.222299374852287,0.9159822154853042,0.9626675187312216,0.9690527249410814,0.9427969016793794
chat_preview,ui_text,chat_ui,1200,800,512,341,22,64,32,4,2202,2202,1.0,4.376,30.2225241841894,0.9161278253618163,0.9626580288230798,0.9690426685717934,0.9427886353007696
chat_preview,ui_text,chat_ui,1200,800,512,341,22,64,64,0,1234,3620,0.34088397790055247,4.26021,27.912868582936387,0.8512244856405063,0.9013163984362093,0.9037044183500554,0.8652889218669795
chat_preview,ui_text,chat_ui,1200,800,512,341,22,64,64,1,2267,3620,0.626243093922652,4.34179,29.86731440008764,0.9099099624589538,0.9567557151824987,0.9606254039809352,0.9352470719825345
chat_preview,ui_text,chat_ui,1200,800,512,341,22,64,64,2,3255,3620,0.899171270718232,4.49475,32.03905546614991,0.94933798401301,0.9835029768209157,0.9881806390465016,0.970464509665149
chat_preview,ui_text,chat_ui,1200,800,512,341,22,64,64,3,3620,3620,1.0,4.50304,32.31632754000293,0.953299431853755,0.9842316013912149,0.9889559400454129,0.9725056181359489
chat_preview,ui_text,chat_ui,1200,800,512,341,23,64,32,0,834,2227,0.3744948361023799,4.27071,25.435290451439805,0.8157887989981418,0.7895661968172591,0.7896913447080878,0.6413948103532268
chat_preview,ui_text,chat_ui,1200,800,512,341,23,64,32,1,1372,2227,0.6160754378087113,4.29567,27.822417842170402,0.8460696246758578,0.8945077891460639,0.8969083009226477,0.8599199306321395
chat_preview,ui_text,chat_ui,1200,800,512,341,23,64,32,2,1941,2227,0.8715761113605748,4.41433,29.441491253398357,0.8946268569598219,0.9464924420243935,0.9517013672284584,0.9240609913588614
chat_preview,ui_text,chat_ui,1200,800,512,341,23,64,32,3,2217,2227,0.9955096542433768,4.39025,30.29479350614539,0.9173066904338198,0.9635409994059358,0.9692101179773461,0.9441260492581828
chat_preview,ui_text,chat_ui,1200,800,512,341,23,64,32,4,2227,2227,1.0,4.45554,30.295244563452588,0.9174546577338726,0.9635318445472842,0.9692004116016029,0.9441195561441755
chat_preview,ui_text,chat_ui,1200,800,512,341,23,64,64,0,1236,3707,0.33342325330455896,4.34213,27.92152081045968,0.8515546449460403,0.9018965675752991,0.9038144873969325,0.8658617408415783
chat_preview,ui_text,chat_ui,1200,800,512,341,23,64,64,1,2301,3707,0.6207175613703804,4.3155,29.892692148129363,0.9103225287914675,0.9572923333868456,0.9606591769617666,0.935847024146282
chat_preview,ui_text,chat_ui,1200,800,512,341,23,64,64,2,3317,3707,0.8947936336660373,4.50846,32.1068218294751,0.9503262169462204,0.9844455835282059,0.9886300070828502,0.9712347236142359
chat_preview,ui_text,chat_ui,1200,800,512,341,23,64,64,3,3707,3707,1.0,4.69346,32.40092124276779,0.9543085913297967,0.9851344471576319,0.989362009146181,0.9733130619163274
chat_preview,ui_text,chat_ui,1200,800,512,341,24,64,32,0,834,2230,0.3739910313901345,4.46162,25.435290451439805,0.8157887989981418,0.7895661968172591,0.7896913447080878,0.6413948103532268
chat_preview,ui_text,chat_ui,1200,800,512,341,24,64,32,1,1372,2230,0.6152466367713004,4.37683,27.821610991877947,0.8460789241764829,0.894499271948078,0.8969199085772597,0.8598911672016922
chat_preview,ui_text,chat_ui,1200,800,512,341,24,64,32,2,1944,2230,0.8717488789237668,4.44942,29.444954533358015,0.8946585322090658,0.9465309252879907,0.9517294256296625,0.924129183312899
chat_preview,ui_text,chat_ui,1200,800,512,341,24,64,32,3,2220,2230,0.9955156950672646,4.526,30.311647753225913,0.9175200375331388,0.9635776232773224,0.9692408748190594,0.9442950665525964
chat_preview,ui_text,chat_ui,1200,800,512,341,24,64,32,4,2230,2230,1.0,4.51471,30.312291019660403,0.9176684451573957,0.963568733152394,0.9692314601309613,0.9442898344656377
chat_preview,ui_text,chat_ui,1200,800,512,341,24,64,64,0,1236,3718,0.3324367939752555,4.33633,27.92152081045968,0.8515546449460403,0.9018965675752991,0.9038144873969325,0.8658617408415783
chat_preview,ui_text,chat_ui,1200,800,512,341,24,64,64,1,2301,3718,0.6188811188811189,4.35275,29.893116628700433,0.9103339078419891,0.9573028873875539,0.9606596573746577,0.9358681584738211
chat_preview,ui_text,chat_ui,1200,800,512,341,24,64,64,2,3328,3718,0.8951048951048951,4.46421,32.10936963981629,0.9503823795205703,0.9844653481350024,0.9886250963408045,0.9712804112722403
chat_preview,ui_text,chat_ui,1200,800,512,341,24,64,64,3,3718,3718,1.0,4.62733,32.41306685974384,0.9544319087186857,0.9851760979714438,0.9893762747590207,0.9734139450534556
chat_preview,ui_text,chat_ui,1200,800,512,341,25,64,32,0,834,2245,0.3714922048997773,4.29879,25.435290451439805,0.8157887989981418,0.7895661968172591,0.7896913447080878,0.6413948103532268
chat_preview,ui_text,chat_ui,1200,800,512,341,25,64,32,1,1374,2245,0.6120267260579064,4.23183,27.818182006328982,0.8462839787617593,0.8946220386257274,0.897016759161292,0.8596069097012587
chat_preview,ui_text,chat_ui,1200,800,512,341,25,64,32,2,1948,2245,0.867706013363029,4.37717,29.445948654225504,0.8949576459045606,0.946758954724979,0.9518309873879965,0.9241046422841825
chat_preview,ui_text,chat_ui,1200,800,512,341,25,64,32,3,2235,2245,0.9955456570155902,4.38583,30.323778015471238,0.9183200080782252,0.9640765573271581,0.9696069674673309,0.9445352124747938
chat_preview,ui_text,chat_ui,1200,800,512,341,25,64,32,4,2245,2245,1.0,4.35438,30.32463207838846,0.9184697207643727,0.9640686251850146,0.9695985472093858,0.9445320054164976
chat_preview,ui_text,chat_ui,1200,800,512,341,25,64,64,0,1236,3760,0.32872340425531915,4.28779,27.92152081045968,0.8515546449460403,0.9018965675752991,0.9038144873969325,0.8658617408415783
chat_preview,ui_text,chat_ui,1200,800,512,341,25,64,64,1,2305,3760,0.613031914893617,4.38887,29.894040378098644,0.910410131290849,0.9573293836816834,0.960649759319264,0.9358556808787245
chat_preview,ui_text,chat_ui,1200,800,512,341,25,64,64,2,3339,3760,0.888031914893617,4.51654,32.12194741556689,0.950559107740009,0.9845431981570499,0.9886450179000832,0.9713956864559026
chat_preview,ui_text,chat_ui,1200,800,512,341,25,64,64,3,3760,3760,1.0,4.58029,32.44914762818826,0.9547684443244208,0.9853006111925101,0.9894568349465782,0.9736977419740354
chat_preview,ui_text,chat_ui,1200,800,512,341,26,64,32,0,834,2245,0.3714922048997773,4.30317,25.435290451439805,0.8157887989981418,0.7895661968172591,0.7896913447080878,0.6413948103532268
chat_preview,ui_text,chat_ui,1200,800,512,341,26,64,32,1,1374,2245,0.6120267260579064,4.33771,27.818182006328982,0.8462839787617593,0.8946220386257274,0.897016759161292,0.8596069097012587
chat_preview,ui_text,chat_ui,1200,800,512,341,26,64,32,2,1948,2245,0.867706013363029,4.3915,29.45413281280986,0.8949260772993249,0.9466848935469079,0.9517495732467263,0.9240275040973285
chat_preview,ui_text,chat_ui,1200,800,512,341,26,64,32,3,2235,2245,0.9955456570155902,4.47708,30.35009394480906,0.9185111306518294,0.9643215571620023,0.9698652604607512,0.9447921575251265
chat_preview,ui_text,chat_ui,1200,800,512,341,26,64,32,4,2245,2245,1.0,4.43208,30.35111826839627,0.9186628303765492,0.964313825097154,0.9698570025410125,0.9447903333924862
chat_preview,ui_text,chat_ui,1200,800,512,341,26,64,64,0,1236,3769,0.3279384452109313,4.41104,27.92152081045968,0.8515546449460403,0.9018965675752991,0.9038144873969325,0.8658617408415783
chat_preview,ui_text,chat_ui,1200,800,512,341,26,64,64,1,2305,3769,0.6115680551870523,4.27283,29.894040378098644,0.910410131290849,0.9573293836816834,0.960649759319264,0.9358556808787245
chat_preview,ui_text,chat_ui,1200,800,512,341,26,64,64,2,3348,3769,0.88829928362961,4.476,32.14010226674264,0.9508443208846215,0.9845958997913676,0.9886940721660644,0.9715116137144313
chat_preview,ui_text,chat_ui,1200,800,512,341,26,64,64,3,3769,3769,1.0,4.47508,32.480777516493994,0.9551252355918064,0.9853270285312211,0.9894755290181615,0.9738338447360374
chat_preview,ui_text,chat_ui,1200,800,512,341,27,64,32,0,834,2294,0.36355710549258935,4.22492,25.435290451439805,0.8157887989981418,0.7895661968172591,0.7896913447080878,0.6413948103532268
chat_preview,ui_text,chat_ui,1200,800,512,341,27,64,32,1,1382,2294,0.6024411508282476,4.26717,27.820847989039134,0.8464606644165446,0.8947184176939841,0.8970905649992368,0.8596954647272463
chat_preview,ui_text,chat_ui,1200,800,512,341,27,64,32,2,1972,2294,0.8596338273757629,4.29496,29.475197825421432,0.8949637800687595,0.9468354042456714,0.9519494507311578,0.924709274893542
chat_preview,ui_text,chat_ui,1200,800,512,341,27,64,32,3,2284,2294,0.995640802092415,4.30875,30.39449172570911,0.9191418316121528,0.9649492940061069,0.9706310900445119,0.946060062870342
chat_preview,ui_text,chat_ui,1200,800,512,341,27,64,32,4,2294,2294,1.0,4.38246,30.395008840661816,0.9192404414513149,0.9649291258934448,0.9706103576121776,0.9460421686612767
chat_preview,ui_text,chat_ui,1200,800,512,341,27,64,64,0,1236,3837,0.32212666145426117,4.254,27.92152081045968,0.8515546449460403,0.9018965675752991,0.9038144873969325,0.8658617408415783
chat_preview,ui_text,chat_ui,1200,800,512,341,27,64,64,1,2317,3837,0.6038571800886109,4.38713,29.90257019840943,0.9104614345589498,0.9574345560861782,0.9606741347898565,0.9361303349999207
chat_preview,ui_text,chat_ui,1200,800,512,341,27,64,64,2,3381,3837,0.8811571540265832,4.37208,32.14851732573746,0.9509092769246791,0.9846028771022645,0.9886720243704128,0.9716211199397365
chat_preview,ui_text,chat_ui,1200,800,512,341,27,64,64,3,3837,3837,1.0,4.54821,32.512519156221806,0.9553425240954093,0.9853978967781304,0.9895139977755524,0.9741084315854173
chat_preview,ui_text,chat_ui,1200,800,512,341,28,64,32,0,834,2318,0.359792924935289,4.25354,25.435290451439805,0.8157887989981418,0.7895661968172591,0.7896913447080878,0.6413948103532268
chat_preview,ui_text,chat_ui,1200,800,512,341,28,64,32,1,1382,2318,0.5962036238136325,4.15646,27.822413208222372,0.8464769545512434,0.894727785003922,0.8970894769557005,0.8597948800112573
chat_preview,ui_text,chat_ui,1200,800,512,341,28,64,32,2,1982,2318,0.8550474547023296,4.36658,29.487183866870406,0.8958552592894158,0.947269975919474,0.952407804762373,0.9250245203058257
chat_preview,ui_text,chat_ui,1200,800,512,341,28,64,32,3,2308,2318,0.9956859361518551,4.38342,30.42140115814419,0.9200427088879882,0.96519091748381,0.9708812773298849,0.9464802018873312
chat_preview,ui_text,chat_ui,1200,800,512,341,28,64,32,4,2318,2318,1.0,4.3985,30.42215490398288,0.9201435431865469,0.9651714832293349,0.9708613212476875,0.9464645802572748
chat_preview,ui_text,chat_ui,1200,800,512,341,28,64,64,0,1236,3864,0.3198757763975155,14.0179,27.92152081045968,0.8515546449460403,0.9018965675752991,0.9038144873969325,0.8658617408415783
chat_preview,ui_text,chat_ui,1200,800,512,341,28,64,64,1,2318,3864,0.599896480331263,4.32775,29.90360820317244,0.9104752710203586,0.957440033635665,0.960673557115631,0.9361469216247689
chat_preview,ui_text,chat_ui,1200,800,512,341,28,64,64,2,3407,3864,0.8817287784679089,4.51204,32.16741578378595,0.9513720971453193,0.9850072393937689,0.9890889051482871,0.972054956327225
chat_preview,ui_text,chat_ui,1200,800,512,341,28,64,64,3,3864,3864,1.0,4.56767,32.546250146977904,0.9559074520247184,0.9857566050876203,0.9898892633764713,0.9745342060701428
chat_preview,ui_text,chat_ui,1200,800,512,341,29,64,32,0,852,2364,0.3604060913705584,4.24896,25.503248402716988,0.8164031592707568,0.790880466499091,0.7902126757073299,0.6400987964987241
chat_preview,ui_text,chat_ui,1200,800,512,341,29,64,32,1,1408,2364,0.5956006768189509,4.26583,27.944772153094007,0.8464575116054526,0.8979080046868183,0.8995785087789478,0.8590431983909462
chat_preview,ui_text,chat_ui,1200,800,512,341,29,64,32,2,2015,2364,0.8523688663282571,4.31571,29.64534956805585,0.8967516929155145,0.948068711487096,0.9520916774429482,0.9227075520082362
chat_preview,ui_text,chat_ui,1200,800,512,341,29,64,32,3,2354,2364,0.9957698815566836,4.36571,30.62331234462286,0.9212145947281587,0.965626543611999,0.9701186025789954,0.9440642575529816
chat_preview,ui_text,chat_ui,1200,800,512,341,29,64,32,4,2364,2364,1.0,4.42483,30.62409946132788,0.9213158002787001,0.9656074820367829,0.9700992842000234,0.94404947269692
chat_preview,ui_text,chat_ui,1200,800,512,341,29,64,64,0,1304,4035,0.3231722428748451,4.27846,28.0311786281926,0.8521589990326245,0.9035681343736668,0.9039694005934575,0.8630866693118093
chat_preview,ui_text,chat_ui,1200,800,512,341,29,64,64,1,2423,4035,0.6004956629491945,4.76717,30.096610623308212,0.9114327960701548,0.959599148314647,0.9611959292209137,0.9339920785709122
chat_preview,ui_text,chat_ui,1200,800,512,341,29,64,64,2,3532,4035,0.8753407682775712,4.64283,32.49064673651505,0.9521351427281631,0.9867513065915005,0.9891301697553969,0.9694993262876476
chat_preview,ui_text,chat_ui,1200,800,512,341,29,64,64,3,4035,4035,1.0,4.74808,32.94099628324794,0.9569126035733867,0.9875999264724232,0.9900262134500089,0.9722907691027967
chat_preview,ui_text,chat_ui,1200,800,512,341,30,64,32,0,852,2367,0.35994930291508237,4.68454,25.503248402716988,0.8164031592707568,0.790880466499091,0.7902126757073299,0.6400987964987241
chat_preview,ui_text,chat_ui,1200,800,512,341,30,64,32,1,1411,2367,0.5961132234896493,4.821,27.95318887733869,0.8468660883357271,0.8983912822050625,0.9000555038169634,0.8597206181087337
chat_preview,ui_text,chat_ui,1200,800,512,341,30,64,32,2,2018,2367,0.8525559780312632,4.44163,29.656009734766013,0.8970220381388883,0.9483844689825206,0.9522459965488077,0.9231259509029285
chat_preview,ui_text,chat_ui,1200,800,512,341,30,64,32,3,2357,2367,0.9957752429235319,4.3625,30.65279042936337,0.9215465183947119,0.9659732421199575,0.9703204757353514,0.944575357661364
chat_preview,ui_text,chat_ui,1200,800,512,341,30,64,32,4,2367,2367,1.0,4.41329,30.65385772214735,0.9216508658796889,0.9659549516611659,0.9703019041199676,0.9445629226020811
chat_preview,ui_text,chat_ui,1200,800,512,341,30,64,64,0,1304,4049,0.3220548283526797,4.27646,28.0311786281926,0.8521589990326245,0.9035681343736668,0.9039694005934575,0.8630866693118093
chat_preview,ui_text,chat_ui,1200,800,512,341,30,64,64,1,2435,4049,0.6013830575450728,4.29142,30.09815280093873,0.9114247671102845,0.9596064908293723,0.9611986178641682,0.9339849281607228
chat_preview,ui_text,chat_ui,1200,800,512,341,30,64,64,2,3545,4049,0.8755248209434429,4.43433,32.49587871265223,0.9521845097341783,0.9867824063018286,0.989141652436937,0.9695121172879785
chat_preview,ui_text,chat_ui,1200,800,512,341,30,64,64,3,4049,4049,1.0,4.54421,32.96321526973847,0.957068831845215,0.9876686939227727,0.9900746124820505,0.9723805503239399
chat_preview,ui_text,chat_ui,1200,800,512,341,31,64,32,0,852,2388,0.35678391959798994,4.25087,25.503248402716988,0.8164031592707568,0.790880466499091,0.7902126757073299,0.6400987964987241
chat_preview,ui_text,chat_ui,1200,800,512,341,31,64,32,1,1413,2388,0.5917085427135679,4.26671,27.95270051948507,0.8468833548076696,0.8983986239091962,0.9000561754454803,0.859655168679439
chat_preview,ui_text,chat_ui,1200,800,512,341,31,64,32,2,2028,2388,0.8492462311557789,4.38117,29.67607394120985,0.8973521449587553,0.9486527325715045,0.9524670084547663,0.9235557437344043
chat_preview,ui_text,chat_ui,1200,800,512,341,31,64,32,3,2378,2388,0.9958123953098827,4.40112,30.70599965391765,0.9225680157050226,0.9667886884048568,0.9711708069727003,0.9456122111198509
chat_preview,ui_text,chat_ui,1200,800,512,341,31,64,32,4,2388,2388,1.0,4.51375,30.70718649930308,0.9226737652949083,0.966770165181939,0.9711519583888352,0.9456001506469638
chat_preview,ui_text,chat_ui,1200,800,512,341,31,64,64,0,1304,4112,0.31712062256809337,4.36117,28.0311786281926,0.8521589990326245,0.9035681343736668,0.9039694005934575,0.8630866693118093
chat_preview,ui_text,chat_ui,1200,800,512,341,31,64,64,1,2436,4112,0.5924124513618677,4.312,30.098510321107995,0.9114482383121275,0.9596092749654295,0.9611984442099534,0.933983896945545
chat_preview,ui_text,chat_ui,1200,800,512,341,31,64,64,2,3560,4112,0.8657587548638133,4.35312,32.52085719720378,0.9525258804675675,0.986789560568958,0.9891200035671729,0.9695735983854474
chat_preview,ui_text,chat_ui,1200,800,512,341,31,64,64,3,4112,4112,1.0,4.52817,33.0170946832168,0.9574915626133302,0.9877158216487057,0.990096518694706,0.9725891079098342
chat_preview,ui_text,chat_ui,1200,800,512,341,32,64,32,0,858,2410,0.35601659751037346,4.28496,25.54962246392742,0.8169212358403372,0.7913456340308698,0.7909445576538567,0.6442360752032302
chat_preview,ui_text,chat_ui,1200,800,512,341,32,64,32,1,1425,2410,0.5912863070539419,4.21654,28.030164666214166,0.8478777782331349,0.8986840765781482,0.9002455665598889,0.8608526247037214
chat_preview,ui_text,chat_ui,1200,800,512,341,32,64,32,2,2050,2410,0.8506224066390041,4.36804,29.802779513029876,0.8981238450846186,0.9489921376083972,0.9526328423588668,0.9244020047788334
chat_preview,ui_text,chat_ui,1200,800,512,341,32,64,32,3,2400,2410,0.995850622406639,4.27342,30.883145772722397,0.9235301977446301,0.9674082769852775,0.9716708968996864,0.946574744974504
chat_preview,ui_text,chat_ui,1200,800,512,341,32,64,32,4,2410,2410,1.0,4.39708,30.88460463290332,0.9236366075761286,0.967390715476029,0.9716530348725927,0.946564844596789
chat_preview,ui_text,chat_ui,1200,800,512,341,32,64,64,0,1354,4193,0.3229191509658955,4.26421,28.099639581798424,0.8522120576479426,0.9027031363230908,0.9031172221444519,0.8634487158768037
chat_preview,ui_text,chat_ui,1200,800,512,341,32,64,64,1,2499,4193,0.5959933222036727,4.33017,30.241770949874333,0.9118086288351241,0.9596834218077038,0.9612542702040069,0.9346042631585315
chat_preview,ui_text,chat_ui,1200,800,512,341,32,64,64,2,3636,4193,0.8671595516336752,4.43121,32.7822380840822,0.9528835657112152,0.987004342566435,0.9893013373691478,0.9700793701664204
chat_preview,ui_text,chat_ui,1200,800,512,341,32,64,64,3,4193,4193,1.0,4.53662,33.32753682773326,0.9579695652672786,0.987914441048089,0.9902616422262766,0.9731144210505744
chat_preview,ui_text,chat_ui,1200,800,512,341,33,64,32,0,858,2445,0.350920245398773,4.26721,25.54962246392742,0.8169212358403372,0.7913456340308698,0.7909445576538567,0.6442360752032302
chat_preview,ui_text,chat_ui,1200,800,512,341,33,64,32,1,1429,2445,0.5844580777096114,4.37708,28.0392934181571,0.8478855980568439,0.8987350693773862,0.9003178259369162,0.8612535283516526
chat_preview,ui_text,chat_ui,1200,800,512,341,33,64,32,2,2064,2445,0.8441717791411043,4.38471,29.822716247631917,0.8992327760942317,0.9501160727624404,0.9538178840266925,0.925219878384258
chat_preview,ui_text,chat_ui,1200,800,512,341,33,64,32,3,2435,2445,0.9959100204498977,4.41454,30.927491472490463,0.9247731639703339,0.9679725157715439,0.9722860381661459,0.9474624235087012
chat_preview,ui_text,chat_ui,1200,800,512,341,33,64,32,4,2445,2445,1.0,4.37521,30.92917251236119,0.9248799346937245,0.9679558652096762,0.9722690602762613,0.9474539889664051
chat_preview,ui_text,chat_ui,1200,800,512,341,33,64,64,0,1354,4282,0.31620737972909857,4.18579,28.099639581798424,0.8522120576479426,0.9027031363230908,0.9031172221444519,0.8634487158768037
chat_preview,ui_text,chat_ui,1200,800,512,341,33,64,64,1,2505,4282,0.585007006071929,4.33354,30.23904087808003,0.911800678277222,0.9596426017879881,0.9612251047881724,0.934511277656541
chat_preview,ui_text,chat_ui,1200,800,512,341,33,64,64,2,3681,4282,0.8596450256889304,4.41508,32.80896619787236,0.9533072792066557,0.9871273170589293,0.9894240341542646,0.9702674390541774
chat_preview,ui_text,chat_ui,1200,800,512,341,33,64,64,3,4282,4282,1.0,4.51192,33.38523100623973,0.9587130386234198,0.9880980974347305,0.9904389726568,0.9734591709264634
chat_preview,ui_text,chat_ui,1200,800,512,341,34,64,32,0,858,2449,0.35034708044099633,4.24758,25.54962246392742,0.8169212358403372,0.7913456340308698,0.7909445576538567,0.6442360752032302
chat_preview,ui_text,chat_ui,1200,800,512,341,34,64,32,1,1429,2449,0.58350347080441,4.27217,28.0392934181571,0.8478855980568439,0.8987350693773862,0.9003178259369162,0.8612535283516526
chat_preview,ui_text,chat_ui,1200,800,512,341,34,64,32,2,2064,2449,0.8427929767251939,4.41871,29.826658410460883,0.8993443361641257,0.9501832126169387,0.9538747259812056,0.9252753361981365
chat_preview,ui_text,chat_ui,1200,800,512,341,34,64,32,3,2439,2449,0.9959167006941608,4.39204,30.948178436978626,0.925006999481587,0.9680945099945338,0.9723855728222911,0.947642770935306
chat_preview,ui_text,chat_ui,1200,800,512,341,34,64,32,4,2449,2449,1.0,4.51962,30.94996859056203,0.9251158847349648,0.968078593802293,0.9723693438011579,0.9476355848315634
chat_preview,ui_text,chat_ui,1200,800,512,341,34,64,64,0,1354,4282,0.31620737972909857,4.30213,28.099639581798424,0.8522120576479426,0.9027031363230908,0.9031172221444519,0.8634487158768037
chat_preview,ui_text,chat_ui,1200,800,512,341,34,64,64,1,2505,4282,0.585007006071929,4.31704,30.23904087808003,0.911800678277222,0.9596426017879881,0.9612251047881724,0.934511277656541
chat_preview,ui_text,chat_ui,1200,800,512,341,34,64,64,2,3681,4282,0.8596450256889304,4.48629,32.81181457580701,0.9533556515580713,0.9871511123352404,0.9894457018555934,0.970285908209861
chat_preview,ui_text,chat_ui,1200,800,512,341,34,64,64,3,4282,4282,1.0,4.58146,33.410764528076974,0.9588745369101513,0.9881402940738969,0.9904790344062679,0.9735553392311843
chat_preview,ui_text,chat_ui,1200,800,512,341,35,64,32,0,858,2500,0.3432,4.33225,25.578289492041076,0.8170022803873757,0.7913124070847263,0.7909369189882343,0.6452304510179249
chat_preview,ui_text,chat_ui,1200,800,512,341,35,64,32,1,1432,2500,0.5728,4.33579,28.098347135035905,0.848774250928138,0.8980741205409227,0.89927818108099,0.8615213554247222
chat_preview,ui_text,chat_ui,1200,800,512,341,35,64,32,2,2086,2500,0.8344,4.34863,29.92654566616588,0.9002870720501607,0.9507506780127194,0.9541500135802213,0.9264636478057593
chat_preview,ui_text,chat_ui,1200,800,512,341,35,64,32,3,2490,2500,0.996,4.38475,31.11342732665677,0.9264216421967278,0.9692406749238134,0.9733080863339304,0.949488313364735
chat_preview,ui_text,chat_ui,1200,800,512,341,35,64,32,4,2500,2500,1.0,4.57929,31.115450126720795,0.9265314579768494,0.9692252894888082,0.9732924187229232,0.949482248911671
chat_preview,ui_text,chat_ui,1200,800,512,341,35,64,64,0,1361,4370,0.311441647597254,4.27458,28.155569730184105,0.8525392871996923,0.9028969687214746,0.9030975413114202,0.8644963965222929
chat_preview,ui_text,chat_ui,1200,800,512,341,35,64,64,1,2530,4370,0.5789473684210527,4.36558,30.336824755911927,0.9123863754236745,0.9597451712423811,0.9611329080900544,0.9354533324228166
chat_preview,ui_text,chat_ui,1200,800,512,341,35,64,64,2,3730,4370,0.8535469107551488,4.41075,32.9965924699289,0.9540001232863212,0.9875971610565286,0.9897253617522958,0.9715386586004744
chat_preview,ui_text,chat_ui,1200,800,512,341,35,64,64,3,4370,4370,1.0,4.56846,33.6773625907792,0.9599259059105866,0.9886684498893678,0.990844058913631,0.9750626997714652
chat_preview,ui_text,chat_ui,1200,800,512,341,36,64,32,0,858,2504,0.3426517571884984,4.24583,25.578289492041076,0.8170022803873757,0.7913124070847263,0.7909369189882343,0.6452304510179249
chat_preview,ui_text,chat_ui,1200,800,512,341,36,64,32,1,1434,2504,0.5726837060702875,4.25838,28.096416836156706,0.8488165260070767,0.8980628840238555,0.8992699516006716,0.8613834590295167
chat_preview,ui_text,chat_ui,1200,800,512,341,36,64,32,2,2090,2504,0.8346645367412141,4.31363,29.946689890875497,0.9003496018932243,0.9508679863511502,0.9542154322748342,0.9265941000321419
chat_preview,ui_text,chat_ui,1200,800,512,341,36,64,32,3,2494,2504,0.9960063897763578,4.40379,31.16328627457891,0.9269864431006644,0.9698327715065856,0.9738494899352499,0.9500513103426386
chat_preview,ui_text,chat_ui,1200,800,512,341,36,64,32,4,2504,2504,1.0,4.42446,31.16549803233729,0.9270970667119766,0.969817603613614,0.9738340536211105,0.9500464812069866
chat_preview,ui_text,chat_ui,1200,800,512,341,36,64,64,0,1361,4381,0.3106596667427528,4.34246,28.155569730184105,0.8525392871996923,0.9028969687214746,0.9030975413114202,0.8644963965222929
chat_preview,ui_text,chat_ui,1200,800,512,341,36,64,64,1,2534,4381,0.5784067564482995,4.46612,30.339532766540373,0.9124495479850913,0.9597701303167655,0.9611353353161757,0.9355076667390344
chat_preview,ui_text,chat_ui,1200,800,512,341,36,64,64,2,3737,4381,0.8530015978087194,4.46746,33.017768298038014,0.9541541108478273,0.987575985216703,0.9896624393886241,0.9715935764240218
chat_preview,ui_text,chat_ui,1200,800,512,341,36,64,64,3,4381,4381,1.0,4.51833,33.72695757125942,0.9602998413887569,0.9887195375562802,0.9908550554386403,0.975236993820792
chat_preview,ui_text,chat_ui,1200,800,512,341,37,64,32,0,858,2518,0.34074662430500396,4.26792,25.578289492041076,0.8170022803873757,0.7913124070847263,0.7909369189882343,0.6452304510179249
chat_preview,ui_text,chat_ui,1200,800,512,341,37,64,32,1,1444,2518,0.5734710087370929,4.26462,28.090593209723473,0.8486875370887671,0.8977315568557472,0.8991015438002514,0.8609133229605427
chat_preview,ui_text,chat_ui,1200,800,512,341,37,64,32,2,2104,2518,0.835583796664019,4.32767,29.943509596806255,0.9003882951357668,0.9506936818089337,0.9541620341324528,0.9264804076845706
chat_preview,ui_text,chat_ui,1200,800,512,341,37,64,32,3,2508,2518,0.9960285941223193,4.43138,31.159386515877156,0.9270252958545141,0.9696884261241928,0.9738458335316129,0.9499910313907503
chat_preview,ui_text,chat_ui,1200,800,512,341,37,64,32,4,2518,2518,1.0,4.38275,31.16171642011985,0.9271366209223423,0.969673365734121,0.9738304737537414,0.9499869107777763
chat_preview,ui_text,chat_ui,1200,800,512,341,37,64,64,0,1361,4408,0.3087568058076225,4.22321,28.155569730184105,0.8525392871996923,0.9028969687214746,0.9030975413114202,0.8644963965222929
chat_preview,ui_text,chat_ui,1200,800,512,341,37,64,64,1,2556,4408,0.5798548094373865,4.35908,30.344171430607297,0.9125186834330291,0.9599284258735025,0.9612851557281235,0.9356309095335661
chat_preview,ui_text,chat_ui,1200,800,512,341,37,64,64,2,3764,4408,0.8539019963702359,4.41921,33.030500781362065,0.95422670003903,0.9877171754579567,0.9897826585377643,0.9717627062581825
chat_preview,ui_text,chat_ui,1200,800,512,341,37,64,64,3,4408,4408,1.0,4.55692,33.74283937330773,0.960366801262468,0.9888525764379604,0.99096641534731,0.975405272141621
chat_preview,ui_text,chat_ui,1200,800,512,341,38,64,32,0,858,2562,0.33489461358313816,4.35917,25.578289492041076,0.8170022803873757,0.7913124070847263,0.7909369189882343,0.6452304510179249
chat_preview,ui_text,chat_ui,1200,800,512,341,38,64,32,1,1444,2562,0.5636221701795472,4.25929,28.090593209723473,0.8486875370887671,0.8977315568557472,0.8991015438002514,0.8609133229605427
chat_preview,ui_text,chat_ui,1200,800,512,341,38,64,32,2,2124,2562,0.8290398126463701,4.30408,29.970100028923625,0.9013153086728284,0.9515078841993222,0.954932401188945,0.927080219179174
chat_preview,ui_text,chat_ui,1200,800,512,341,38,64,32,3,2552,2562,0.9960967993754879,4.31975,31.238979527475088,0.9284652166238371,0.9707342103923423,0.9747914239081762,0.9512840117982502
chat_preview,ui_text,chat_ui,1200,800,512,341,38,64,32,4,2562,2562,1.0,4.76204,31.241677533722303,0.9285810865056937,0.9707217706979568,0.9747787487337622,0.9512833788550296
chat_preview,ui_text,chat_ui,1200,800,512,341,38,64,64,0,1361,4502,0.30231008440693025,4.27892,28.155569730184105,0.8525392871996923,0.9028969687214746,0.9030975413114202,0.8644963965222929
chat_preview,ui_text,chat_ui,1200,800,512,341,38,64,64,1,2556,4502,0.567747667703243,4.43408,30.344171430607297,0.9125186834330291,0.9599284258735025,0.9612851557281235,0.9356309095335661
chat_preview,ui_text,chat_ui,1200,800,512,341,38,64,64,2,3804,4502,0.8449577965348734,4.46525,33.065264494774866,0.9546210206177124,0.9879490797295644,0.9900222267256175,0.9720805055052841
chat_preview,ui_text,chat_ui,1200,800,512,341,38,64,64,3,4502,4502,1.0,4.85546,33.816936879097284,0.9610764517464241,0.9890105788639915,0.9911260915020839,0.9757576423808021
chat_preview,ui_text,chat_ui,1200,800,512,341,39,64,32,0,858,2594,0.330763299922899,4.58688,25.578289492041076,0.8170022803873757,0.7913124070847263,0.7909369189882343,0.6452304510179249
chat_preview,ui_text,chat_ui,1200,800,512,341,39,64,32,1,1450,2594,0.558982266769468,4.95658,28.09329438292529,0.8486855294160393,0.8978840217659713,0.8990974410239428,0.861212680732285
chat_preview,ui_text,chat_ui,1200,800,512,341,39,64,32,2,2136,2594,0.8234387047031612,4.74696,29.97862335772156,0.9015575115343233,0.9516460073885221,0.954923984074928,0.9272839473316667
chat_preview,ui_text,chat_ui,1200,800,512,341,39,64,32,3,2572,2594,0.9915188897455667,4.48117,31.272880891424137,0.9287156480128679,0.9709340379847425,0.9748574079554666,0.9516848533978272
chat_preview,ui_text,chat_ui,1200,800,512,341,39,64,32,4,2594,2594,1.0,4.44729,31.2777556179493,0.9289435062985443,0.9709360761433458,0.9748585695865947,0.9517285085864932
chat_preview,ui_text,chat_ui,1200,800,512,341,39,64,64,0,1361,4522,0.3009730207872623,4.58092,28.155569730184105,0.8525392871996923,0.9028969687214746,0.9030975413114202,0.8644963965222929
chat_preview,ui_text,chat_ui,1200,800,512,341,39,64,64,1,2562,4522,0.56656346749226,4.51883,30.34475727215138,0.9125428357194859,0.9599090122518074,0.9612832131009516,0.935594471906906
chat_preview,ui_text,chat_ui,1200,800,512,341,39,64,64,2,3816,4522,0.843874391862008,4.48671,33.06221015868289,0.9546083655381855,0.9879206814216758,0.9900349346318307,0.9720269677433414
chat_preview,ui_text,chat_ui,1200,800,512,341,39,64,64,3,4522,4522,1.0,4.59687,33.84358336593857,0.9612420923562198,0.9890164163415927,0.9911733540377659,0.9758109430113251
chat_preview,ui_text,chat_ui,1200,800,512,341,40,64,32,0,858,2623,0.3271063667556233,4.36937,25.578289492041076,0.8170022803873757,0.7913124070847263,0.7909369189882343,0.6452304510179249
chat_preview,ui_text,chat_ui,1200,800,512,341,40,64,32,1,1451,2623,0.553183377811666,4.4005,28.089675751930507,0.8487680812466666,0.8978966828787694,0.8990798933666626,0.86097142117444
chat_preview,ui_text,chat_ui,1200,800,512,341,40,64,32,2,2139,2623,0.8154784597788791,4.30154,29.977842178315626,0.9017183044968636,0.9516747191812495,0.954870940357395,0.9271753983884866
chat_preview,ui_text,chat_ui,1200,800,512,341,40,64,32,3,2597,2623,0.9900876858558902,4.39612,31.314299182332892,0.9296670760946854,0.9719360928301283,0.9757965550705112,0.9524586208916161
chat_preview,ui_text,chat_ui,1200,800,512,341,40,64,32,4,2623,2623,1.0,4.45512,31.32240225137357,0.9300860825723953,0.971995412463468,0.9758552608188954,0.9525718226324025
chat_preview,ui_text,chat_ui,1200,800,512,341,40,64,64,0,1361,4575,0.2974863387978142,4.20237,28.155569730184105,0.8525392871996923,0.9028969687214746,0.9030975413114202,0.8644963965222929
chat_preview,ui_text,chat_ui,1200,800,512,341,40,64,64,1,2562,4575,0.56,4.33267,30.345810301510486,0.9126094555691338,0.9598957261243614,0.9612639301973414,0.9355744937309932
chat_preview,ui_text,chat_ui,1200,800,512,341,40,64,64,2,3817,4575,0.8343169398907104,4.44654,33.063739381890834,0.9546295357283956,0.9879260524572478,0.9900311620814423,0.9720261467680539
chat_preview,ui_text,chat_ui,1200,800,512,341,40,64,64,3,4575,4575,1.0,4.56225,33.906281396258315,0.9617372540945421,0.9891827952939861,0.9913284471310734,0.9761027593190793
chat_preview,ui_text,chat_ui,1200,800,512,341,41,64,32,0,870,2674,0.32535527299925204,4.34917,25.606434157770558,0.8170911646622202,0.7915550123161851,0.7908507870077373,0.6479526229125426
chat_preview,ui_text,chat_ui,1200,800,512,341,41,64,32,1,1485,2674,0.5553477935676888,4.30908,28.153769624191188,0.8486497679925114,0.8999402480959421,0.9008708278618193,0.8663988129290715
chat_preview,ui_text,chat_ui,1200,800,512,341,41,64,32,2,2180,2674,0.8152580403889305,4.35204,30.067648402621252,0.9023341926612889,0.9524953983432519,0.9553029924164576,0.9317851971472165
chat_preview,ui_text,chat_ui,1200,800,512,341,41,64,32,3,2644,2674,0.9887808526551982,4.49242,31.450608813605093,0.9303727356810844,0.9726203306646868,0.9760827510943718,0.9571130791710891
chat_preview,ui_text,chat_ui,1200,800,512,341,41,64,32,4,2674,2674,1.0,4.50712,31.46510764552022,0.9309064270943859,0.9726884914975708,0.976149507599886,0.9572686071094392
chat_preview,ui_text,chat_ui,1200,800,512,341,41,64,64,0,1368,4657,0.2937513420657075,9.032,28.21103858116296,0.8527307043836824,0.903135575464597,0.9029879015862037,0.8687972397428461
chat_preview,ui_text,chat_ui,1200,800,512,341,41,64,64,1,2619,4657,0.5623792140863216,4.56475,30.43351500149462,0.9128679504944305,0.9602416314768499,0.9612067978495487,0.9400834226046806
chat_preview,ui_text,chat_ui,1200,800,512,341,41,64,64,2,3896,4657,0.8365900794502898,4.42737,33.248622651561696,0.955303869806722,0.9881945947856242,0.9899048379646103,0.9767309255094982
chat_preview,ui_text,chat_ui,1200,800,512,341,41,64,64,3,4657,4657,1.0,4.73458,34.157101934571244,0.9626075897076477,0.9895757965971145,0.9913271339787365,0.9809628245375072
chat_preview,ui_text,chat_ui,1200,800,512,341,42,64,32,0,870,2710,0.3210332103321033,4.33763,25.606434157770558,0.8170911646622202,0.7915550123161851,0.7908507870077373,0.6479526229125426
chat_preview,ui_text,chat_ui,1200,800,512,341,42,64,32,1,1490,2710,0.5498154981549815,4.26713,28.157861398714946,0.8488147331478265,0.9001292883547962,0.9010342411053524,0.8669517013720114
chat_preview,ui_text,chat_ui,1200,800,512,341,42,64,32,2,2189,2710,0.807749077490775,4.35738,30.077986095153584,0.9027552865590165,0.9527512547557149,0.9554260779829927,0.9321893775240226
chat_preview,ui_text,chat_ui,1200,800,512,341,42,64,32,3,2675,2710,0.9870848708487084,4.38929,31.51685335936842,0.9316084110821844,0.9738204079264862,0.9771554224869469,0.9583071793072098
chat_preview,ui_text,chat_ui,1200,800,512,341,42,64,32,4,2710,2710,1.0,4.394,31.53358797721344,0.932189093744323,0.973902979303683,0.9772363971127916,0.9584883973165993
chat_preview,ui_text,chat_ui,1200,800,512,341,42,64,64,0,1368,4716,0.2900763358778626,4.32817,28.21103858116296,0.8527307043836824,0.903135575464597,0.9029879015862037,0.8687972397428461
chat_preview,ui_text,chat_ui,1200,800,512,341,42,64,64,1,2629,4716,0.5574639525021204,4.369,30.441899431888828,0.9129816496319346,0.9602993725478246,0.9612319798969041,0.9402698899794106
chat_preview,ui_text,chat_ui,1200,800,512,341,42,64,64,2,3907,4716,0.8284563189143341,4.42929,33.26534042205422,0.955432288240579,0.9882476261204678,0.9899087011109916,0.9768890808848013
chat_preview,ui_text,chat_ui,1200,800,512,341,42,64,64,3,4716,4716,1.0,4.53267,34.22749734681156,0.9630840825235806,0.9897053074186387,0.9914126635090278,0.9813237943458021
chat_preview,ui_text,chat_ui,1200,800,512,341,43,64,32,0,870,2742,0.3172866520787746,4.22192,25.606434157770558,0.8170911646622202,0.7915550123161851,0.7908507870077373,0.6479526229125426
chat_preview,ui_text,chat_ui,1200,800,512,341,43,64,32,1,1491,2742,0.5437636761487965,4.3665,28.15652874066243,0.84876115710984,0.8999895227357646,0.9009309876580892,0.8668122420916715
chat_preview,ui_text,chat_ui,1200,800,512,341,43,64,32,2,2218,2742,0.8088986141502553,4.3455,30.090343616949532,0.903046434424288,0.9529637074776806,0.9557292889199991,0.932569980174243
chat_preview,ui_text,chat_ui,1200,800,512,341,43,64,32,3,2706,2742,0.986870897155361,4.41283,31.56127716081574,0.9317775479758584,0.9739663377706909,0.9774049910147569,0.9588559766798769
chat_preview,ui_text,chat_ui,1200,800,512,341,43,64,32,4,2742,2742,1.0,4.44808,31.582653494250046,0.932490801251647,0.9740853494491167,0.9775223394978341,0.9590937265510263
chat_preview,ui_text,chat_ui,1200,800,512,341,43,64,64,0,1368,4786,0.2858336815712495,4.30817,28.21103858116296,0.8527307043836824,0.903135575464597,0.9029879015862037,0.8687972397428461
chat_preview,ui_text,chat_ui,1200,800,512,341,43,64,64,1,2643,4786,0.5522356874216464,4.40496,30.444333776624553,0.9130364400336813,0.9603022738829644,0.9612374591083149,0.9403210310471564
chat_preview,ui_text,chat_ui,1200,800,512,341,43,64,64,2,3973,4786,0.8301295445048057,4.37929,33.28584285850744,0.955535469917366,0.9882610910819807,0.98993198241323,0.9770266635647041
chat_preview,ui_text,chat_ui,1200,800,512,341,43,64,64,3,4786,4786,1.0,4.68192,34.29196824040276,0.9633403190523046,0.9897812796578975,0.991500942940917,0.9816102693954568
chat_preview,ui_text,chat_ui,1200,800,512,341,44,64,32,0,870,2768,0.3143063583815029,4.27617,25.606434157770558,0.8170911646622202,0.7915550123161851,0.7908507870077373,0.6479526229125426
chat_preview,ui_text,chat_ui,1200,800,512,341,44,64,32,1,1497,2768,0.5408236994219653,4.29221,28.15646134697476,0.8489118583186204,0.900016890694074,0.9009022721331126,0.8666564925690093
chat_preview,ui_text,chat_ui,1200,800,512,341,44,64,32,2,2224,2768,0.8034682080924855,4.28538,30.09456214497164,0.9032091030348545,0.9530305526057816,0.9556764498457838,0.9325745325619673
chat_preview,ui_text,chat_ui,1200,800,512,341,44,64,32,3,2730,2768,0.986271676300578,4.38175,31.613069247053485,0.9324898538662354,0.9745796648269748,0.9779361602069061,0.9594762963629222
chat_preview,ui_text,chat_ui,1200,800,512,341,44,64,32,4,2768,2768,1.0,4.40287,31.633385415146744,0.9332212445003031,0.9746950075614805,0.9780497187465133,0.9597054951646348
chat_preview,ui_text,chat_ui,1200,800,512,341,44,64,64,0,1368,4851,0.2820037105751391,4.26487,28.21103858116296,0.8527307043836824,0.903135575464597,0.9029879015862037,0.8687972397428461
chat_preview,ui_text,chat_ui,1200,800,512,341,44,64,64,1,2651,4851,0.546485260770975,4.39754,30.445212164575388,0.9130146900553746,0.9602708272872339,0.9612317457844387,0.9403000700951307
chat_preview,ui_text,chat_ui,1200,800,512,341,44,64,64,2,3981,4851,0.8206555349412492,4.52617,33.29357456708752,0.9555771079954964,0.988255680811764,0.9899304995713311,0.9770525551246292
chat_preview,ui_text,chat_ui,1200,800,512,341,44,64,64,3,4851,4851,1.0,4.58033,34.36547191278612,0.9638877964763158,0.9899724588336584,0.9917010094268407,0.9819457199747347
chat_preview,ui_text,chat_ui,1200,800,512,341,45,64,32,0,870,2788,0.312051649928264,4.30683,25.606434157770558,0.8170911646622202,0.7915550123161851,0.7908507870077373,0.6479526229125426
chat_preview,ui_text,chat_ui,1200,800,512,341,45,64,32,1,1497,2788,0.5369440459110474,4.2125,28.157924809226735,0.8489406338228987,0.9000146964603181,0.9008861766164216,0.8667001589661233
chat_preview,ui_text,chat_ui,1200,800,512,341,45,64,32,2,2230,2788,0.7998565279770444,4.33917,30.1027373154688,0.9035545550926299,0.9531606227072574,0.9556399423080338,0.9328148743487514
chat_preview,ui_text,chat_ui,1200,800,512,341,45,64,32,3,2743,2788,0.9838593974175036,4.49542,31.655490336777753,0.9330068715915085,0.9747223373566493,0.9778853350851363,0.9599119292401647
chat_preview,ui_text,chat_ui,1200,800,512,341,45,64,32,4,2788,2788,1.0,4.52521,31.68371985023738,0.9339583589097602,0.9748960377605229,0.978057072027596,0.9602358214941817
chat_preview,ui_text,chat_ui,1200,800,512,341,45,64,64,0,1368,4863,0.2813078346699568,4.44542,28.21103858116296,0.8527307043836824,0.903135575464597,0.9029879015862037,0.8687972397428461
chat_preview,ui_text,chat_ui,1200,800,512,341,45,64,64,1,2651,4863,0.5451367468640756,4.344,30.44553062055398,0.9130496026188633,0.96028515066637,0.9612331349627965,0.9403139877581382
chat_preview,ui_text,chat_ui,1200,800,512,341,45,64,64,2,3990,4863,0.8204811844540407,4.50546,33.300822682615994,0.9556691866589325,0.9882951804302967,0.9899592077668358,0.9771004982663163
chat_preview,ui_text,chat_ui,1200,800,512,341,45,64,64,3,4863,4863,1.0,4.80371,34.41458972135729,0.9642313233065668,0.9900266192999029,0.991726140756553,0.9821075020956845
chat_preview,ui_text,chat_ui,1200,800,512,341,46,64,32,0,870,2832,0.3072033898305085,4.33354,25.606434157770558,0.8170911646622202,0.7915550123161851,0.7908507870077373,0.6479526229125426
chat_preview,ui_text,chat_ui,1200,800,512,341,46,64,32,1,1497,2832,0.5286016949152542,4.34008,28.157924809226735,0.8489406338228987,0.9000146964603181,0.9008861766164216,0.8667001589661233
chat_preview,ui_text,chat_ui,1200,800,512,341,46,64,32,2,2242,2832,0.7916666666666666,4.39158,30.110696894213483,0.9035009882387302,0.9530496300493109,0.9555248570151553,0.9325980504363895
chat_preview,ui_text,chat_ui,1200,800,512,341,46,64,32,3,2784,2832,0.9830508474576272,4.44025,31.726207103096428,0.9336861697048288,0.9756208213016957,0.978841717456063,0.9609224608141823
chat_preview,ui_text,chat_ui,1200,800,512,341,46,64,32,4,2832,2832,1.0,4.452,31.759447241244064,0.9347019450389485,0.9757975455267602,0.9790163484640365,0.9612714876692524
chat_preview,ui_text,chat_ui,1200,800,512,341,46,64,64,0,1368,4942,0.27681100768919464,4.29712,28.21103858116296,0.8527307043836824,0.903135575464597,0.9029879015862037,0.8687972397428461
chat_preview,ui_text,chat_ui,1200,800,512,341,46,64,64,1,2651,4942,0.5364225010117362,4.37579,30.44553062055398,0.9130496026188633,0.96028515066637,0.9612331349627965,0.9403139877581382
chat_preview,ui_text,chat_ui,1200,800,512,341,46,64,64,2,4011,4942,0.8116147308781869,4.53421,33.32244888774128,0.9557738943897646,0.9882861253216553,0.9899570147761173,0.9771621903459677
chat_preview,ui_text,chat_ui,1200,800,512,341,46,64,64,3,4942,4942,1.0,4.59596,34.497100031529,0.9648124771930465,0.9901721529341789,0.9918863101667519,0.9824296673979068
chat_preview,ui_text,chat_ui,1200,800,512,341,47,64,32,0,888,2870,0.30940766550522647,4.24871,25.630374642857184,0.8177051579056759,0.7911251539074321,0.7901754302181364,0.6424818998327165
chat_preview,ui_text,chat_ui,1200,800,512,341,47,64,32,1,1525,2870,0.5313588850174216,4.33137,28.226043584431466,0.8499717515330237,0.9006886619403117,0.9016676613604393,0.8666782296156889
chat_preview,ui_text,chat_ui,1200,800,512,341,47,64,32,2,2275,2870,0.7926829268292683,4.33308,30.235185825165246,0.9045417753139139,0.9542292860754559,0.9567545175726648,0.9340566401874737
chat_preview,ui_text,chat_ui,1200,800,512,341,47,64,32,3,2822,2870,0.9832752613240419,4.441,31.9317331403946,0.9349132345897138,0.97711232568301,0.980412610125572,0.9628946788048482
chat_preview,ui_text,chat_ui,1200,800,512,341,47,64,32,4,2870,2870,1.0,4.44,31.967901813799774,0.9359450203590063,0.9772967949700715,0.9805950202810559,0.9632512246720614
chat_preview,ui_text,chat_ui,1200,800,512,341,47,64,64,0,1446,5068,0.28531965272296766,4.36058,28.280189068669188,0.8534786674722071,0.9033967894721958,0.9032819966293886,0.8686675493198334
chat_preview,ui_text,chat_ui,1200,800,512,341,47,64,64,1,2753,5068,0.5432123125493291,4.40929,30.573915243214227,0.9144356311206351,0.9612173932650991,0.9620954589261678,0.9415207112582102
chat_preview,ui_text,chat_ui,1200,800,512,341,47,64,64,2,4130,5068,0.8149171270718232,4.41913,33.566276977825275,0.9570597902791224,0.9891787068020386,0.9907906560057611,0.9786642242373984
chat_preview,ui_text,chat_ui,1200,800,512,341,47,64,64,3,5068,5068,1.0,4.67042,34.87030662465088,0.9663168192146593,0.991154696621568,0.9928074970771322,0.9841110251951273
chat_preview,ui_text,chat_ui,1200,800,512,341,48,64,32,0,920,2958,0.3110209601081812,4.25625,25.630374642857184,0.8177051579056759,0.7911251539074321,0.7901754302181364,0.6424818998327165
chat_preview,ui_text,chat_ui,1200,800,512,341,48,64,32,1,1557,2958,0.526369168356998,4.27367,28.224413214110776,0.8499994797194352,0.9006890278480447,0.9016826736782169,0.8665662431595361
chat_preview,ui_text,chat_ui,1200,800,512,341,48,64,32,2,2319,2958,0.783975659229209,4.31883,30.24157614780872,0.9047556166915828,0.9542327366834802,0.9567674462096001,0.934286661244134
chat_preview,ui_text,chat_ui,1200,800,512,341,48,64,32,3,2896,2958,0.9790398918187965,4.53254,31.98482917417284,0.9359549319205698,0.9777068179155853,0.9810496542869525,0.9637720324728389
chat_preview,ui_text,chat_ui,1200,800,512,341,48,64,32,4,2958,2958,1.0,4.40379,32.027042334745275,0.9371234817574768,0.9779297459785266,0.9812706656886017,0.964191805567525
chat_preview,ui_text,chat_ui,1200,800,512,341,48,64,64,0,1446,5163,0.2800697269029634,4.292,28.280189068669188,0.8534786674722071,0.9033967894721958,0.9032819966293886,0.8686675493198334
chat_preview,ui_text,chat_ui,1200,800,512,341,48,64,64,1,2754,5163,0.5334108076699593,4.28079,30.57350050504809,0.914440511303661,0.9612134613773082,0.9620993471686936,0.9415088292588255
chat_preview,ui_text,chat_ui,1200,800,512,341,48,64,64,2,4181,5163,0.8098005035831881,4.42575,33.58125716402179,0.9574353363078112,0.9896005990522712,0.991274035495196,0.9789330926849525
chat_preview,ui_text,chat_ui,1200,800,512,341,48,64,64,3,5163,5163,1.0,4.66029,34.94356941827872,0.9669156063016985,0.991564256066337,0.993290296781857,0.9845096161823214
chat_preview,ui_text,chat_ui,1200,800,512,341,49,64,32,0,920,2989,0.3077952492472399,4.27329,25.630374642857184,0.8177051579056759,0.7911251539074321,0.7901754302181364,0.6424818998327165
chat_preview,ui_text,chat_ui,1200,800,512,341,49,64,32,1,1561,2989,0.522248243559719,4.29308,28.22659426926399,0.8499915438439544,0.9008104676663362,0.9017027482917686,0.8666406520419582
chat_preview,ui_text,chat_ui,1200,800,512,341,49,64,32,2,2333,2989,0.7805286048845768,4.36412,30.252669642272924,0.9048584291226488,0.9544253960569882,0.9567848131160801,0.9344794066804621
chat_preview,ui_text,chat_ui,1200,800,512,341,49,64,32,3,2922,2989,0.9775844764135162,4.52292,32.031399037428336,0.9364063851282562,0.97795050584828,0.9810867251868967,0.9641764523617992
chat_preview,ui_text,chat_ui,1200,800,512,341,49,64,32,4,2989,2989,1.0,4.43467,32.08185805364109,0.9377796082593405,0.9782095540991675,0.9813437604279378,0.9646676030392762
chat_preview,ui_text,chat_ui,1200,800,512,341,49,64,64,0,1446,5198,0.278183916891112,4.27963,28.280189068669188,0.8534786674722071,0.9033967894721958,0.9032819966293886,0.8686675493198334
chat_preview,ui_text,chat_ui,1200,800,512,341,49,64,64,1,2760,5198,0.5309734513274337,4.28521,30.57443466767666,0.9145041764039051,0.961244194526739,0.9621106074425602,0.9415397716511962
chat_preview,ui_text,chat_ui,1200,800,512,341,49,64,64,2,4212,5198,0.810311658330127,4.41496,33.59395400455994,0.9575038467125278,0.9896552273304811,0.9912870906877052,0.9790210851298861
chat_preview,ui_text,chat_ui,1200,800,512,341,49,64,64,3,5198,5198,1.0,4.58325,35.0139538628467,0.9672706852879095,0.9916693298627036,0.9933500333361833,0.9847517888122161
chat_preview,ui_text,chat_ui,1200,800,512,341,50,64,32,0,920,3027,0.30393128510075984,4.29992,25.630374642857184,0.8177051579056759,0.7911251539074321,0.7901754302181364,0.6424818998327165
chat_preview,ui_text,chat_ui,1200,800,512,341,50,64,32,1,1567,3027,0.5176742649487942,4.28804,28.222143409025136,0.8501278125440098,0.9009462230686819,0.9017825580631691,0.8663773852477311
chat_preview,ui_text,chat_ui,1200,800,512,341,50,64,32,2,2339,3027,0.7727122563594317,4.413,30.257108979642137,0.9051716496601604,0.9546535265893336,0.9569818170634425,0.9345008897731235
chat_preview,ui_text,chat_ui,1200,800,512,341,50,64,32,3,2954,3027,0.9758837132474397,4.46121,32.0640571557989,0.9369656794874107,0.9782404067119788,0.981387189105832,0.9644865454073205
chat_preview,ui_text,chat_ui,1200,800,512,341,50,64,32,4,3027,3027,1.0,4.47162,32.117364215691794,0.9383641350257838,0.9785062861110192,0.9816512754888768,0.9649871993552187
chat_preview,ui_text,chat_ui,1200,800,512,341,50,64,64,0,1446,5275,0.2741232227488152,4.37417,28.280189068669188,0.8534786674722071,0.9033967894721958,0.9032819966293886,0.8686675493198334
chat_preview,ui_text,chat_ui,1200,800,512,341,50,64,64,1,2775,5275,0.5260663507109005,4.29871,30.575397273477787,0.9144603595837341,0.9612672901273919,0.9621227939375564,0.9415514789228817
chat_preview,ui_text,chat_ui,1200,800,512,341,50,64,64,2,4233,5275,0.8024644549763034,4.45987,33.60671118683567,0.9575998066647394,0.989745576584462,0.9913597922500812,0.979134473718811
chat_preview,ui_text,chat_ui,1200,800,512,341,50,64,64,3,5275,5275,1.0,4.60721,35.08783682796753,0.9676934368674218,0.9918833273769003,0.9935550774350616,0.985089706896454
chat_preview,ui_text,chat_ui,1200,800,512,341,51,64,32,0,936,3089,0.30301068306895435,4.45129,25.630374642857184,0.8177051579056759,0.7911251539074321,0.7901754302181364,0.6424818998327165
chat_preview,ui_text,chat_ui,1200,800,512,341,51,64,32,1,1587,3089,0.5137584978957591,4.35071,28.228423294822214,0.8504205308198388,0.9011031403863009,0.901710622903774,0.8669462749686152
chat_preview,ui_text,chat_ui,1200,800,512,341,51,64,32,2,2370,3089,0.7672385885399806,4.39529,30.278963874848532,0.9053113346479861,0.9549419831097149,0.9571777570072297,0.9353265345289525
chat_preview,ui_text,chat_ui,1200,800,512,341,51,64,32,3,3008,3089,0.9737779216574943,4.57125,32.11271532745969,0.9374674845683525,0.9785536456507825,0.9815968815597701,0.9651423251559327
chat_preview,ui_text,chat_ui,1200,800,512,341,51,64,32,4,3089,3089,1.0,4.49354,32.16672166037651,0.9389308465743609,0.9788264879493115,0.981867446475173,0.9656472657295799
chat_preview,ui_text,chat_ui,1200,800,512,341,51,64,64,0,1446,5309,0.2723676775287248,4.40137,28.280189068669188,0.8534786674722071,0.9033967894721958,0.9032819966293886,0.8686675493198334
chat_preview,ui_text,chat_ui,1200,800,512,341,51,64,64,1,2785,5309,0.5245809003578829,4.43387,30.577712156215256,0.9144386699337542,0.9612898353387216,0.9621233837410508,0.9416383191554941
chat_preview,ui_text,chat_ui,1200,800,512,341,51,64,64,2,4259,5309,0.8022226407986438,4.77271,33.63356887930146,0.9579165894347671,0.9898294991399376,0.9913764012047035,0.9793210171540083
chat_preview,ui_text,chat_ui,1200,800,512,341,51,64,64,3,5309,5309,1.0,4.78717,35.18478973082204,0.968253865559039,0.9920423458887629,0.9936528000121774,0.9854324868722513
chat_preview,ui_text,chat_ui,1200,800,512,341,52,64,32,0,936,3131,0.2989460236346215,4.30142,25.630374642857184,0.8177051579056759,0.7911251539074321,0.7901754302181364,0.6424818998327165
chat_preview,ui_text,chat_ui,1200,800,512,341,52,64,32,1,1587,3131,0.5068668157138294,4.42296,28.22657121318062,0.8504050086491125,0.9010802040794084,0.9017171432750534,0.8668504687573573
chat_preview,ui_text,chat_ui,1200,800,512,341,52,64,32,2,2381,3131,0.7604599169594379,4.59475,30.283421746421375,0.9051803352383622,0.9548960513631107,0.9571481019295622,0.9354224941301115
chat_preview,ui_text,chat_ui,1200,800,512,341,52,64,32,3,3047,3131,0.9731715106994571,4.55125,32.13702136823041,0.9378954150009213,0.9787889862103802,0.9818886049064357,0.9654156231943575
chat_preview,ui_text,chat_ui,1200,800,512,341,52,64,32,4,3131,3131,1.0,4.61837,32.20025615133318,0.939554149730335,0.9791071691256404,0.9822035373100331,0.9659979491175872
chat_preview,ui_text,chat_ui,1200,800,512,341,52,64,64,0,1446,5395,0.2680259499536608,4.31575,28.280189068669188,0.8534786674722071,0.9033967894721958,0.9032819966293886,0.8686675493198334
chat_preview,ui_text,chat_ui,1200,800,512,341,52,64,64,1,2789,5395,0.5169601482854495,4.35067,30.579148711539066,0.9144661919849323,0.9612987291955886,0.9621333015611362,0.9416636247054152
chat_preview,ui_text,chat_ui,1200,800,512,341,52,64,64,2,4281,5395,0.7935125115848007,4.45346,33.64666104043712,0.9580501478560938,0.9898556834139719,0.9913908648657712,0.9794004435508465
chat_preview,ui_text,chat_ui,1200,800,512,341,52,64,64,3,5395,5395,1.0,4.61508,35.25710111356644,0.9687621664861764,0.992146577297422,0.9937532865905605,0.9856576255219999
chat_preview,ui_text,chat_ui,1200,800,512,341,53,64,32,0,933,3184,0.2930276381909548,4.39462,25.63088374408077,0.8178115697474929,0.7915898727426111,0.79032381528242,0.6440699606066476
chat_preview,ui_text,chat_ui,1200,800,512,341,53,64,32,1,1606,3184,0.5043969849246231,4.38942,28.237144749485708,0.8503219898535286,0.9031603426903514,0.9035757941954294,0.8681547052674057
chat_preview,ui_text,chat_ui,1200,800,512,341,53,64,32,2,2404,3184,0.7550251256281407,4.55138,30.29456301415869,0.9056585025186701,0.9554747152216837,0.9575663668912947,0.9360764457709476
chat_preview,ui_text,chat_ui,1200,800,512,341,53,64,32,3,3080,3184,0.9673366834170855,4.57875,32.19593251992693,0.9387480043029242,0.9792120165836975,0.9821756661496308,0.96626922794675
chat_preview,ui_text,chat_ui,1200,800,512,341,53,64,32,4,3184,3184,1.0,4.53154,32.26965883544991,0.9406535584340522,0.9796148675501786,0.9825780764437572,0.9669846364922374
chat_preview,ui_text,chat_ui,1200,800,512,341,53,64,64,0,1450,5482,0.2645020065669464,4.38983,28.279781539165526,0.8535237540713911,0.9036063847819218,0.9032974691138049,0.8695423642757965
chat_preview,ui_text,chat_ui,1200,800,512,341,53,64,64,1,2858,5482,0.5213425757022985,4.4345,30.58941596451166,0.9154445391850761,0.9625731142838286,0.9632736109426461,0.9428813366856442
chat_preview,ui_text,chat_ui,1200,800,512,341,53,64,64,2,4359,5482,0.7951477562933236,4.5205,33.66230294218854,0.9587717026549437,0.9902193097225322,0.9915840915447622,0.9799852265381642
chat_preview,ui_text,chat_ui,1200,800,512,341,53,64,64,3,5482,5482,1.0,4.69992,35.33268252603291,0.9697053002711011,0.992488807223566,0.993938970211369,0.9863280136164359
chat_preview,ui_text,chat_ui,1200,800,512,341,54,64,32,0,933,3218,0.2899316345556246,4.42342,25.63088374408077,0.8178115697474929,0.7915898727426111,0.79032381528242,0.6440699606066476
chat_preview,ui_text,chat_ui,1200,800,512,341,54,64,32,1,1607,3218,0.49937849596022377,4.37712,28.233534625521877,0.8503765618817504,0.9031427326459012,0.9036480237226437,0.8677202195732021
chat_preview,ui_text,chat_ui,1200,800,512,341,54,64,32,2,2420,3218,0.7520198881292729,4.26554,30.31230061114817,0.9062548618401148,0.9559750364758685,0.9579472254475903,0.936479571306987
chat_preview,ui_text,chat_ui,1200,800,512,341,54,64,32,3,3104,3218,0.9645742697327533,4.53008,32.24469718429236,0.939240570712022,0.9793467150056175,0.9821798191179372,0.9667605324936387
chat_preview,ui_text,chat_ui,1200,800,512,341,54,64,32,4,3218,3218,1.0,4.58038,32.324434149025045,0.9412864807259916,0.9797617419425942,0.982595571837769,0.9675256727718858
chat_preview,ui_text,chat_ui,1200,800,512,341,54,64,64,0,1450,5542,0.2616383976903645,4.39379,28.279781539165526,0.8535237540713911,0.9036063847819218,0.9032974691138049,0.8695423642757965
chat_preview,ui_text,chat_ui,1200,800,512,341,54,64,64,1,2860,5542,0.5160591844099603,4.49446,30.590251593852727,0.9154992845689005,0.9625764642400408,0.9632795489743942,0.9428699610819496
chat_preview,ui_text,chat_ui,1200,800,512,341,54,64,64,2,4404,5542,0.7946589678816312,4.60367,33.693569627433966,0.9589874397890389,0.9903605108744817,0.9917024623624339,0.9802299637115379
chat_preview,ui_text,chat_ui,1200,800,512,341,54,64,64,3,5542,5542,1.0,5.04808,35.3811517479132,0.9699291015775896,0.9925841663504705,0.9940148198830204,0.9865257501622751
chat_preview,ui_text,chat_ui,1200,800,512,341,55,64,32,0,933,3265,0.28575803981623277,4.39083,25.63088374408077,0.8178115697474929,0.7915898727426111,0.79032381528242,0.6440699606066476
chat_preview,ui_text,chat_ui,1200,800,512,341,55,64,32,1,1607,3265,0.49218989280245024,4.29746,28.23460111059393,0.850427876930079,0.9032299494915011,0.9036306628790474,0.8678751906724786
chat_preview,ui_text,chat_ui,1200,800,512,341,55,64,32,2,2433,3265,0.7451761102603369,4.38267,30.312727590835312,0.9062603214360521,0.9560193395419972,0.9579347978540094,0.9365457651246022
chat_preview,ui_text,chat_ui,1200,800,512,341,55,64,32,3,3144,3265,0.9629402756508423,4.46146,32.28642166350481,0.9396641195030272,0.9795933039911846,0.9823551007136773,0.9672339550272121
chat_preview,ui_text,chat_ui,1200,800,512,341,55,64,32,4,3265,3265,1.0,4.5495,32.37608590353077,0.9418314246478191,0.9800166218977638,0.9827787380278603,0.9680437272099041
chat_preview,ui_text,chat_ui,1200,800,512,341,55,64,64,0,1450,5651,0.2565917536719165,4.71646,28.279781539165526,0.8535237540713911,0.9036063847819218,0.9032974691138049,0.8695423642757965
chat_preview,ui_text,chat_ui,1200,800,512,341,55,64,64,1,2863,5651,0.5066359936294461,4.48367,30.59142504735714,0.9155159771541777,0.9625890384818417,0.9632772099513263,0.9428959018831451
chat_preview,ui_text,chat_ui,1200,800,512,341,55,64,64,2,4444,5651,0.7864094850468943,4.55396,33.710575949543255,0.9590259324692404,0.990397381907122,0.9917053833290252,0.9803683661858325
chat_preview,ui_text,chat_ui,1200,800,512,341,55,64,64,3,5651,5651,1.0,4.85933,35.47009808171846,0.9703513429438267,0.9927408474744319,0.9941330589187638,0.9868775138793291
chat_preview,ui_text,chat_ui,1200,800,512,341,56,64,32,0,949,3326,0.2853277209861696,4.29021,25.63088374408077,0.8178115697474929,0.7915898727426111,0.79032381528242,0.6440699606066476
chat_preview,ui_text,chat_ui,1200,800,512,341,56,64,32,1,1633,3326,0.4909801563439567,4.31742,28.236495956254394,0.8505120339028039,0.903357385974493,0.9037242328705204,0.8679392286243963
chat_preview,ui_text,chat_ui,1200,800,512,341,56,64,32,2,2466,3326,0.7414311485267588,4.33442,30.32332343560631,0.9065724254062225,0.9560825949018076,0.9578826528337047,0.936649643599725
chat_preview,ui_text,chat_ui,1200,800,512,341,56,64,32,3,3185,3326,0.9576067348165965,4.42346,32.3302619304041,0.9403098559469845,0.9798339988054341,0.9825016015733676,0.9675853889021709
chat_preview,ui_text,chat_ui,1200,800,512,341,56,64,32,4,3326,3326,1.0,4.53758,32.431149452465455,0.9426322983037231,0.980304527001128,0.9829721249444981,0.9684886203435842
chat_preview,ui_text,chat_ui,1200,800,512,341,56,64,64,0,1450,5702,0.25429673798667135,4.37,28.279781539165526,0.8535237540713911,0.9036063847819218,0.9032974691138049,0.8695423642757965
chat_preview,ui_text,chat_ui,1200,800,512,341,56,64,64,1,2887,5702,0.5063135741844966,4.32046,30.593605368543052,0.9156697803368644,0.9626218097437876,0.963319317036806,0.9429750044244476
chat_preview,ui_text,chat_ui,1200,800,512,341,56,64,64,2,4482,5702,0.7860399859698352,4.59812,33.73203837037337,0.9593881919995854,0.9905088536823196,0.9918070608142313,0.980464533098601
chat_preview,ui_text,chat_ui,1200,800,512,341,56,64,64,3,5702,5702,1.0,4.72846,35.574365965612046,0.9710456795108486,0.992978459830233,0.9943581797864156,0.987213034217351
chat_preview,ui_text,chat_ui,1200,800,512,341,57,64,32,0,949,3359,0.28252456088121464,4.32967,25.63088374408077,0.8178115697474929,0.7915898727426111,0.79032381528242,0.6440699606066476
chat_preview,ui_text,chat_ui,1200,800,512,341,57,64,32,1,1636,3359,0.4870497171777315,4.45933,28.237338318673984,0.8505326172479348,0.9034091495666837,0.9037304999166257,0.8680908572862157
chat_preview,ui_text,chat_ui,1200,800,512,341,57,64,32,2,2482,3359,0.738910389997023,4.25708,30.33170777365212,0.9068405933034104,0.9562534939647618,0.9580165463043891,0.9369484879971669
chat_preview,ui_text,chat_ui,1200,800,512,341,57,64,32,3,3216,3359,0.9574278058946115,4.52117,32.36238683844233,0.9410276742370343,0.9803538936743773,0.9829928554765945,0.9681327460460141
chat_preview,ui_text,chat_ui,1200,800,512,341,57,64,32,4,3359,3359,1.0,4.50862,32.47670050136928,0.9433976091000761,0.9808240120888159,0.9834636037466272,0.9690867156231431
chat_preview,ui_text,chat_ui,1200,800,512,341,57,64,64,0,1450,5780,0.2508650519031142,4.32375,28.279781539165526,0.8535237540713911,0.9036063847819218,0.9032974691138049,0.8695423642757965
chat_preview,ui_text,chat_ui,1200,800,512,341,57,64,64,1,2890,5780,0.5,4.4965,30.594062237613247,0.9156695671027011,0.9626189294197335,0.9633128954352919,0.9429778684591242
chat_preview,ui_text,chat_ui,1200,800,512,341,57,64,64,2,4510,5780,0.7802768166089965,4.59967,33.74630247503655,0.9595210940489786,0.9905368073397653,0.9918256184642443,0.9805377735639891
chat_preview,ui_text,chat_ui,1200,800,512,341,57,64,64,3,5780,5780,1.0,4.76892,35.6467358025573,0.971507218129107,0.9930874817477844,0.9944637824535206,0.9874621342991905
chat_preview,ui_text,chat_ui,1200,800,512,341,58,64,32,0,949,3378,0.28093546477205444,4.22042,25.63088374408077,0.8178115697474929,0.7915898727426111,0.79032381528242,0.6440699606066476
chat_preview,ui_text,chat_ui,1200,800,512,341,58,64,32,1,1636,3378,0.4843102427471877,4.28067,28.237338318673984,0.8505326172479348,0.9034091495666837,0.9037304999166257,0.8680908572862157
chat_preview,ui_text,chat_ui,1200,800,512,341,58,64,32,2,2487,3378,0.7362344582593251,4.91317,30.332172179234398,0.9068403024360226,0.9562586293637912,0.9580223036315849,0.9369283667877563
chat_preview,ui_text,chat_ui,1200,800,512,341,58,64,32,3,3230,3378,0.9561870929544108,4.61612,32.39059551746588,0.9412937566514873,0.9803329651785099,0.9829574986445545,0.9682592324671624
chat_preview,ui_text,chat_ui,1200,800,512,341,58,64,32,4,3378,3378,1.0,4.64342,32.50939884264398,0.9437186488212741,0.9808056286456924,0.9834308497286767,0.9692278496696356
chat_preview,ui_text,chat_ui,1200,800,512,341,58,64,64,0,1450,5798,0.25008623663332186,4.34579,28.279781539165526,0.8535237540713911,0.9036063847819218,0.9032974691138049,0.8695423642757965
chat_preview,ui_text,chat_ui,1200,800,512,341,58,64,64,1,2890,5798,0.49844774060020697,4.63629,30.594062237613247,0.9156695671027011,0.9626189294197335,0.9633128954352919,0.9429778684591242
chat_preview,ui_text,chat_ui,1200,800,512,341,58,64,64,2,4514,5798,0.7785443256295275,4.63708,33.74870655542526,0.959548616307329,0.9905413709395191,0.9918259509187748,0.9805437322496293
chat_preview,ui_text,chat_ui,1200,800,512,341,58,64,64,3,5798,5798,1.0,4.81192,35.7268150262792,0.9719183645340624,0.9931056685201841,0.9944769216213206,0.9876079366317096
chat_preview,ui_text,chat_ui,1200,800,512,341,59,64,32,0,950,3451,0.275282526803825,5.27029,25.648831898355084,0.8179842806213626,0.7915252559946397,0.7901701748965586,0.6433950542846246
chat_preview,ui_text,chat_ui,1200,800,512,341,59,64,32,1,1644,3451,0.4763836569110403,4.45458,28.27019259891495,0.8511698438567805,0.902247383961759,0.9023641218330728,0.8674769926556295
chat_preview,ui_text,chat_ui,1200,800,512,341,59,64,32,2,2530,3451,0.7331208345407129,4.34725,30.411050957424028,0.9077265549511891,0.9574917844959826,0.9591331614412651,0.9375562591707384
chat_preview,ui_text,chat_ui,1200,800,512,341,59,64,32,3,3297,3451,0.9553752535496958,4.69446,32.528528527151586,0.9426263321402487,0.9810970730074903,0.9835850199835876,0.9689145133835606
chat_preview,ui_text,chat_ui,1200,800,512,341,59,64,32,4,3451,3451,1.0,4.54896,32.657267772698695,0.9451107821212666,0.9815679410906767,0.9840569616214526,0.969916639321835
chat_preview,ui_text,chat_ui,1200,800,512,341,59,64,64,0,1456,5965,0.2440905280804694,4.27837,28.31442299248338,0.8537804538104429,0.9036303574774002,0.903320098197444,0.8691875203552277
chat_preview,ui_text,chat_ui,1200,800,512,341,59,64,64,1,2921,5965,0.48968985750209554,4.29612,30.660325483175427,0.915973409740172,0.9623973667166087,0.9630558136473443,0.9427971984079698
chat_preview,ui_text,chat_ui,1200,800,512,341,59,64,64,2,4616,5965,0.7738474434199497,4.51458,33.923705357017006,0.9607314229242444,0.991041841234567,0.9922798441720936,0.981062003838389
chat_preview,ui_text,chat_ui,1200,800,512,341,59,64,64,3,5965,5965,1.0,4.62012,36.09939372232377,0.9734305728517952,0.9935211829100526,0.9948510394792179,0.9882877342995946
chat_preview,ui_text,chat_ui,1200,800,512,341,60,64,32,0,950,3478,0.27314548591144333,4.33113,25.648831898355084,0.8179842806213626,0.7915252559946397,0.7901701748965586,0.6433950542846246
chat_preview,ui_text,chat_ui,1200,800,512,341,60,64,32,1,1648,3478,0.4738355376653249,4.305,28.264320950686237,0.8511417305472838,0.9020390129855723,0.9021553549454264,0.8671772308354694
chat_preview,ui_text,chat_ui,1200,800,512,341,60,64,32,2,2542,3478,0.730879815986199,4.33333,30.411994562397883,0.9077778622968314,0.9575239546127444,0.9591690895261146,0.9375445327508346
chat_preview,ui_text,chat_ui,1200,800,512,341,60,64,32,3,3315,3478,0.9531339850488787,4.44983,32.573754510275464,0.9429383413395382,0.9812860717589533,0.9837769539261226,0.9691771024120174
chat_preview,ui_text,chat_ui,1200,800,512,341,60,64,32,4,3478,3478,1.0,4.53,32.71178050281978,0.9455137933312795,0.981770244678823,0.9842617840640941,0.9702232744414627
chat_preview,ui_text,chat_ui,1200,800,512,341,60,64,64,0,1456,6013,0.2421420256111758,4.17017,28.31442299248338,0.8537804538104429,0.9036303574774002,0.903320098197444,0.8691875203552277
chat_preview,ui_text,chat_ui,1200,800,512,341,60,64,64,1,2930,6013,0.48727756527523697,4.34046,30.664883471589125,0.9160275917502072,0.9624127826747549,0.9630655560857354,0.9428418559151206
chat_preview,ui_text,chat_ui,1200,800,512,341,60,64,64,2,4649,6013,0.7731581573257941,4.47512,33.93318824427781,0.9607509138175238,0.9910607339013778,0.9922852451746755,0.9811157632548203
chat_preview,ui_text,chat_ui,1200,800,512,341,60,64,64,3,6013,6013,1.0,4.7075,36.18406224347646,0.9736914997503009,0.99354924504332,0.9948710463498948,0.9884480563284379
chat_preview,ui_text,chat_ui,1200,800,512,341,61,64,32,0,950,3536,0.2686651583710407,4.30117,25.648831898355084,0.8179842806213626,0.7915252559946397,0.7901701748965586,0.6433950542846246
chat_preview,ui_text,chat_ui,1200,800,512,341,61,64,32,1,1654,3536,0.4677601809954751,4.32021,28.272164286535958,0.8511498715448814,0.9020526856558124,0.902082419266117,0.8674673647427309
chat_preview,ui_text,chat_ui,1200,800,512,341,61,64,32,2,2560,3536,0.7239819004524887,4.37996,30.42041378603608,0.9078756902882069,0.9574637768340991,0.9591471187911018,0.9375987872944703
chat_preview,ui_text,chat_ui,1200,800,512,341,61,64,32,3,3358,3536,0.9496606334841629,4.4385,32.61536314578332,0.9437303258242524,0.9818301222380074,0.9844069096776212,0.969719263183986
chat_preview,ui_text,chat_ui,1200,800,512,341,61,64,32,4,3536,3536,1.0,4.51692,32.77500136848715,0.9464775115680754,0.9823551832160636,0.9849344371157347,0.9708909954642975
chat_preview,ui_text,chat_ui,1200,800,512,341,61,64,64,0,1456,6120,0.23790849673202613,4.32933,28.31442299248338,0.8537804538104429,0.9036303574774002,0.903320098197444,0.8691875203552277
chat_preview,ui_text,chat_ui,1200,800,512,341,61,64,64,1,2944,6120,0.48104575163398694,4.34287,30.6654103243798,0.916055964773189,0.9624166193531497,0.9630695638705257,0.9428465359536483
chat_preview,ui_text,chat_ui,1200,800,512,341,61,64,64,2,4693,6120,0.7668300653594772,4.45304,33.96064815521412,0.9610529317567368,0.9910657360733047,0.9922651327382805,0.9811946850845646
chat_preview,ui_text,chat_ui,1200,800,512,341,61,64,64,3,6120,6120,1.0,4.65767,36.30084906522506,0.9742674421545857,0.9936824353275724,0.9949974636471699,0.9887295910428583
chat_preview,ui_text,chat_ui,1200,800,512,341,62,64,32,0,992,3594,0.2760155815247635,4.377,25.659380239967163,0.818035742543426,0.7917469062853514,0.7904953199063393,0.6429245758821742
chat_preview,ui_text,chat_ui,1200,800,512,341,62,64,32,1,1696,3594,0.47189760712298273,4.22533,28.291948192882877,0.8513401435326685,0.9026870850768587,0.9026734973951386,0.8674049281924073
chat_preview,ui_text,chat_ui,1200,800,512,341,62,64,32,2,2602,3594,0.7239844184752365,4.2845,30.453409027994685,0.9080842020618465,0.9579194459848096,0.9595192005690465,0.9376569302445185
chat_preview,ui_text,chat_ui,1200,800,512,341,62,64,32,3,3416,3594,0.9504730105731776,4.51017,32.712039311531214,0.9443098095243846,0.9822000910795676,0.9846701746100766,0.9701464109476904
chat_preview,ui_text,chat_ui,1200,800,512,341,62,64,32,4,3594,3594,1.0,4.56217,32.88841230109434,0.9471338020892949,0.9827346841179349,0.9852073842738153,0.9713683565681799
chat_preview,ui_text,chat_ui,1200,800,512,341,62,64,64,0,1552,6236,0.24887748556767159,4.21742,28.322315045355417,0.853556535237927,0.9041769351914578,0.903860261263673,0.8690110518845346
chat_preview,ui_text,chat_ui,1200,800,512,341,62,64,64,1,3040,6236,0.48749198203976907,4.31408,30.684271037579567,0.9159632323109458,0.9624830485763326,0.9631251548874136,0.9426383351371282
chat_preview,ui_text,chat_ui,1200,800,512,341,62,64,64,2,4799,6236,0.7695638229634381,4.52496,34.01132450591178,0.9611339265468143,0.9911705765712538,0.9923669688631264,0.9811593562991173
chat_preview,ui_text,chat_ui,1200,800,512,341,62,64,64,3,6236,6236,1.0,4.72625,36.48909765587547,0.9747300385514753,0.9938285497395253,0.9951319911130174,0.9889099698477205
chat_preview,ui_text,chat_ui,1200,800,512,341,63,64,32,0,992,3671,0.27022609643149004,4.34771,25.659380239967163,0.818035742543426,0.7917469062853514,0.7904953199063393,0.6429245758821742
chat_preview,ui_text,chat_ui,1200,800,512,341,63,64,32,1,1707,3671,0.46499591391991285,4.41933,28.292716519311902,0.8516212575490235,0.9029535222009036,0.903045417808587,0.8677204281996884
chat_preview,ui_text,chat_ui,1200,800,512,341,63,64,32,2,2634,3671,0.7175156633070008,4.34138,30.462906278597256,0.9085648016073131,0.9581283482495735,0.9595617612809817,0.9378968931847372
chat_preview,ui_text,chat_ui,1200,800,512,341,63,64,32,3,3471,3671,0.9455189321710705,4.52013,32.76257183387381,0.9450980658870055,0.9823575999783628,0.9846295234574145,0.9705386803439467
chat_preview,ui_text,chat_ui,1200,800,512,341,63,64,32,4,3671,3671,1.0,4.54054,32.94304284323596,0.9479595350193658,0.982864133428056,0.9851364636495866,0.9717395220421181
chat_preview,ui_text,chat_ui,1200,800,512,341,63,64,64,0,1552,6366,0.2437951617970468,4.47887,28.322315045355417,0.853556535237927,0.9041769351914578,0.903860261263673,0.8690110518845346
chat_preview,ui_text,chat_ui,1200,800,512,341,63,64,64,1,3062,6366,0.4809927741124725,4.60717,30.686396031245806,0.9160535653671125,0.962472352883974,0.9630820001113415,0.9426479223197679
chat_preview,ui_text,chat_ui,1200,800,512,341,63,64,64,2,4852,6366,0.7621740496387056,4.51304,34.01974260387648,0.9612335194711261,0.9911537426276307,0.9923441498728283,0.9811990425060287
chat_preview,ui_text,chat_ui,1200,800,512,341,63,64,64,3,6366,6366,1.0,4.63442,36.59125056499021,0.9752362227893553,0.9938905302138666,0.9951898891759,0.989151039424963
chat_preview,ui_text,chat_ui,1200,800,512,341,64,64,32,0,992,3721,0.2665950013437248,4.223,25.659380239967163,0.818035742543426,0.7917469062853514,0.7904953199063393,0.6429245758821742
chat_preview,ui_text,chat_ui,1200,800,512,341,64,64,32,1,1707,3721,0.458747648481591,4.27558,28.291169247966053,0.85165021572075,0.9029458673726517,0.9030510947671183,0.8676008287839259
chat_preview,ui_text,chat_ui,1200,800,512,341,64,64,32,2,2666,3721,0.7164740661112604,4.51454,30.48103002635493,0.9092254677593314,0.958002012566385,0.9594391187195142,0.9381812542633169
chat_preview,ui_text,chat_ui,1200,800,512,341,64,64,32,3,3509,3721,0.9430260682612202,4.55879,32.84470529006257,0.946181189215431,0.9830111014092301,0.9853171088479168,0.9714401456937038
chat_preview,ui_text,chat_ui,1200,800,512,341,64,64,32,4,3721,3721,1.0,4.72587,33.04593297561068,0.9490932709068086,0.9835731003511926,0.9858765315269915,0.9727426295837991
chat_preview,ui_text,chat_ui,1200,800,512,341,64,64,64,0,1552,6424,0.24159402241594022,4.32758,28.322315045355417,0.853556535237927,0.9041769351914578,0.903860261263673,0.8690110518845346
chat_preview,ui_text,chat_ui,1200,800,512,341,64,64,64,1,3061,6424,0.476494396014944,4.31642,30.686024022555067,0.9160466431518999,0.9624670782279737,0.9630834925611925,0.9426373743168694
chat_preview,ui_text,chat_ui,1200,800,512,341,64,64,64,2,4909,6424,0.7641656288916563,4.48258,34.051732756560924,0.9614065195459857,0.9912657158022581,0.9924631199724011,0.9814358285782807
chat_preview,ui_text,chat_ui,1200,800,512,341,64,64,64,3,6424,6424,1.0,4.61792,36.73046092922491,0.9757587360994807,0.994028013708601,0.9953352175068185,0.989503080337281
chat_preview,ui_text,chat_ui,1200,800,512,341,65,64,32,0,1004,3813,0.26330972987149226,4.25508,25.659320867658494,0.8179112387920497,0.7921745602237871,0.7906420783460705,0.6449585201158589
chat_preview,ui_text,chat_ui,1200,800,512,341,65,64,32,1,1746,3813,0.45790715971675844,4.26729,28.27237064481734,0.8508907068030913,0.9020647512885951,0.9022207799347962,0.8683325620048579
chat_preview,ui_text,chat_ui,1200,800,512,341,65,64,32,2,2708,3813,0.7102019407290847,4.31967,30.45209878779085,0.9089160708969568,0.9574829609942833,0.9589498477217235,0.9384261819240871
chat_preview,ui_text,chat_ui,1200,800,512,341,65,64,32,3,3595,3813,0.942827170207186,4.45721,32.83827828286787,0.9462512909147492,0.9825934717293124,0.9848931683108312,0.9717846479919209
chat_preview,ui_text,chat_ui,1200,800,512,341,65,64,32,4,3813,3813,1.0,4.52446,33.05748572179957,0.9492156438926638,0.9831893958267344,0.9854849527795008,0.9731586931926715
chat_preview,ui_text,chat_ui,1200,800,512,341,65,64,64,0,1564,6629,0.23593302157188112,4.21125,28.313891414932684,0.8535954094968926,0.904276934162958,0.9038650710967069,0.8694263229590257
chat_preview,ui_text,chat_ui,1200,800,512,341,65,64,64,1,3180,6629,0.47971036355408053,4.29737,30.672027506496153,0.916812798326605,0.9633999787240799,0.9639731628476426,0.9431330639769181
chat_preview,ui_text,chat_ui,1200,800,512,341,65,64,64,2,5045,6629,0.761049932116458,4.47471,34.006243874781966,0.9619586301353203,0.9913485491477516,0.9925003017599724,0.9815070633073977
chat_preview,ui_text,chat_ui,1200,800,512,341,65,64,64,3,6629,6629,1.0,4.67737,36.71360227550865,0.976710184311373,0.9941150575203185,0.9953849883477454,0.9896467699521336
chat_preview,ui_text,chat_ui,1200,800,512,341,66,64,32,0,1004,3864,0.2598343685300207,4.3105,25.659320867658494,0.8179112387920497,0.7921745602237871,0.7906420783460705,0.6449585201158589
chat_preview,ui_text,chat_ui,1200,800,512,341,66,64,32,1,1752,3864,0.453416149068323,4.25092,28.27602015462006,0.8507580415845649,0.9020829043870151,0.9021312572814473,0.8686889742684714
chat_preview,ui_text,chat_ui,1200,800,512,341,66,64,32,2,2724,3864,0.7049689440993789,4.36754,30.462886702455947,0.9091722087429926,0.9575994998075901,0.9590742987619729,0.9387183040705573
chat_preview,ui_text,chat_ui,1200,800,512,341,66,64,32,3,3622,3864,0.9373706004140787,4.399,32.89909409885435,0.9470360725180572,0.9830674086148568,0.985368970810877,0.9724411528034074
chat_preview,ui_text,chat_ui,1200,800,512,341,66,64,32,4,3864,3864,1.0,4.53958,33.145436761819376,0.9502294921140487,0.9837082777144638,0.9860086180157956,0.9739622753215771
chat_preview,ui_text,chat_ui,1200,800,512,341,66,64,64,0,1564,6706,0.23322397852669252,4.28254,28.313891414932684,0.8535954094968926,0.904276934162958,0.9038650710967069,0.8694263229590257
chat_preview,ui_text,chat_ui,1200,800,512,341,66,64,64,1,3196,6706,0.4765881300328064,4.40512,30.67262653712624,0.9168382590632512,0.963404097895335,0.9639704853291478,0.9431599340911302
chat_preview,ui_text,chat_ui,1200,800,512,341,66,64,64,2,5102,6706,0.7608112138383537,4.52963,34.018464437845715,0.9620835695867992,0.991356151017682,0.9925086866707102,0.9815212137537944
chat_preview,ui_text,chat_ui,1200,800,512,341,66,64,64,3,6706,6706,1.0,4.66321,36.84190193149818,0.9772942244300156,0.9942290651430761,0.9954922078793043,0.9899158927709034
chat_preview,ui_text,chat_ui,1200,800,512,341,67,64,32,0,1004,3921,0.2560571282836011,4.25292,25.659320867658494,0.8179112387920497,0.7921745602237871,0.7906420783460705,0.6449585201158589
chat_preview,ui_text,chat_ui,1200,800,512,341,67,64,32,1,1754,3921,0.4473348635552155,4.31858,28.272797526629283,0.8507791767373298,0.9019927676478078,0.9020042702797947,0.8683986074658087
chat_preview,ui_text,chat_ui,1200,800,512,341,67,64,32,2,2738,3921,0.6982912522315736,4.32967,30.46498993983844,0.9094503974093451,0.9577468184571067,0.9592400644859589,0.9387072041442786
chat_preview,ui_text,chat_ui,1200,800,512,341,67,64,32,3,3663,3921,0.9342004590665647,4.44179,32.94108463294507,0.9476893835610983,0.9834739891666028,0.9858164300927793,0.9728211333419419
chat_preview,ui_text,chat_ui,1200,800,512,341,67,64,32,4,3921,3921,1.0,4.58404,33.21109153626833,0.950937936819955,0.9841215698190219,0.986470118639484,0.9744503145841499
chat_preview,ui_text,chat_ui,1200,800,512,341,67,64,64,0,1564,6793,0.23023700868541144,4.24487,28.313891414932684,0.8535954094968926,0.904276934162958,0.9038650710967069,0.8694263229590257
chat_preview,ui_text,chat_ui,1200,800,512,341,67,64,64,1,3203,6793,0.4715147946415428,4.46029,30.672531407210712,0.9168754198414947,0.9633849855594553,0.9639459579432575,0.9431602148028931
chat_preview,ui_text,chat_ui,1200,800,512,341,67,64,64,2,5123,6793,0.7541586927719711,4.50937,34.02171544325903,0.9621917729898324,0.9913698654830322,0.9925287743392804,0.9815404717202871
chat_preview,ui_text,chat_ui,1200,800,512,341,67,64,64,3,6793,6793,1.0,4.61175,36.93026612270265,0.9777520916762964,0.9943353906981947,0.9955999569520012,0.9900974719759452
chat_preview,ui_text,chat_ui,1200,800,512,341,68,64,32,0,1004,3973,0.252705763906368,4.32937,25.659320867658494,0.8179112387920497,0.7921745602237871,0.7906420783460705,0.6449585201158589
chat_preview,ui_text,chat_ui,1200,800,512,341,68,64,32,1,1760,3973,0.4429901837402467,4.32371,28.27096016864835,0.8508340023145654,0.9019602898048326,0.9019578698151209,0.8679524567110075
chat_preview,ui_text,chat_ui,1200,800,512,341,68,64,32,2,2744,3973,0.6906619682859301,4.39108,30.47265437688178,0.9096074031248604,0.9578027822465862,0.9592206473869387,0.9386559674778645
chat_preview,ui_text,chat_ui,1200,800,512,341,68,64,32,3,3695,3973,0.9300276868864837,4.40637,33.00194974327026,0.9480502942854102,0.9837187080338956,0.9859479544896178,0.9732468505475682
chat_preview,ui_text,chat_ui,1200,800,512,341,68,64,32,4,3973,3973,1.0,4.48721,33.28909862665054,0.9514660496428955,0.9843780493269764,0.986621006611489,0.9749575931105826
chat_preview,ui_text,chat_ui,1200,800,512,341,68,64,64,0,1564,6824,0.22919109026963658,4.3075,28.313891414932684,0.8535954094968926,0.904276934162958,0.9038650710967069,0.8694263229590257
chat_preview,ui_text,chat_ui,1200,800,512,341,68,64,64,1,3210,6824,0.47039859320046895,4.30938,30.670603354144262,0.9168609600903062,0.9633565889154024,0.9639361491653179,0.9430537319174439
chat_preview,ui_text,chat_ui,1200,800,512,341,68,64,64,2,5132,6824,0.7520515826494725,4.46779,34.02070702692146,0.9621616160328288,0.991351128537478,0.9925243830059426,0.9815037882934997
chat_preview,ui_text,chat_ui,1200,800,512,341,68,64,64,3,6824,6824,1.0,4.73517,37.03279866931976,0.9781022871148695,0.9943789408628413,0.995655694517964,0.9902476943894356
chat_preview,ui_text,chat_ui,1200,800,512,341,69,64,32,0,1004,4097,0.24505735904320233,4.25137,25.659320867658494,0.8179112387920497,0.7921745602237871,0.7906420783460705,0.6449585201158589
chat_preview,ui_text,chat_ui,1200,800,512,341,69,64,32,1,1760,4097,0.42958262143031484,4.30471,28.27196778842799,0.8508557867651265,0.9019658997129613,0.9019434167684555,0.8679928362238828
chat_preview,ui_text,chat_ui,1200,800,512,341,69,64,32,2,2787,4097,0.6802538442762998,4.72767,30.467449762002808,0.9097687831190441,0.9577179959170036,0.9591262717129885,0.9386155495457617
chat_preview,ui_text,chat_ui,1200,800,512,341,69,64,32,3,3761,4097,0.9179887722723944,4.60079,33.04394839053718,0.9486813239315257,0.9842126650421158,0.9864519797860556,0.9737378850417849
chat_preview,ui_text,chat_ui,1200,800,512,341,69,64,32,4,4097,4097,1.0,4.71033,33.367487977316856,0.9524186701700232,0.984891501213898,0.9871633187701313,0.9756374469903764
chat_preview,ui_text,chat_ui,1200,800,512,341,69,64,64,0,1564,7020,0.2227920227920228,4.30025,28.313891414932684,0.8535954094968926,0.904276934162958,0.9038650710967069,0.8694263229590257
chat_preview,ui_text,chat_ui,1200,800,512,341,69,64,64,1,3210,7020,0.45726495726495725,4.38308,30.670718531051,0.916868175000704,0.963359855722241,0.9639414041707763,0.9430609489981755
chat_preview,ui_text,chat_ui,1200,800,512,341,69,64,64,2,5248,7020,0.7475783475783476,4.4545,34.0485839130751,0.9624583605501981,0.991489884967912,0.9926503792492702,0.9816777143199718
chat_preview,ui_text,chat_ui,1200,800,512,341,69,64,64,3,7020,7020,1.0,4.61117,37.16106938277795,0.9786936193911023,0.9945206512587456,0.9957873219942407,0.9904919580991706
chat_preview,ui_text,chat_ui,1200,800,512,341,70,64,32,0,1004,4152,0.2418111753371869,4.20937,25.659320867658494,0.8179112387920497,0.7921745602237871,0.7906420783460705,0.6449585201158589
chat_preview,ui_text,chat_ui,1200,800,512,341,70,64,32,1,1770,4152,0.4263005780346821,4.32062,28.276420557573058,0.8508006548943223,0.9018320742243612,0.9018425861391961,0.8683424423586517
chat_preview,ui_text,chat_ui,1200,800,512,341,70,64,32,2,2805,4152,0.6755780346820809,4.39508,30.473548182046024,0.9100764051196997,0.9576859792015626,0.9590524757273663,0.9387893841468828
chat_preview,ui_text,chat_ui,1200,800,512,341,70,64,32,3,3787,4152,0.9120905587668593,4.48883,33.09358781767233,0.9494076288654331,0.9844103988374965,0.9865732990542434,0.9741797643559424
chat_preview,ui_text,chat_ui,1200,800,512,341,70,64,32,4,4152,4152,1.0,4.63154,33.44007709093376,0.9533297158734908,0.985149047682095,0.9873574510525126,0.9762002266582894
chat_preview,ui_text,chat_ui,1200,800,512,341,70,64,64,0,1564,7042,0.22209599545583641,4.29192,28.313891414932684,0.8535954094968926,0.904276934162958,0.9038650710967069,0.8694263229590257
chat_preview,ui_text,chat_ui,1200,800,512,341,70,64,64,1,3226,7042,0.4581084919057086,4.35387,30.669171189532403,0.916802868490297,0.9633804096691044,0.9639665139004037,0.9430873377338426
chat_preview,ui_text,chat_ui,1200,800,512,341,70,64,64,2,5268,7042,0.7480829309855155,4.45029,34.05719372118141,0.9626679488987934,0.9915759804151031,0.9927454423433836,0.9817661256430125
chat_preview,ui_text,chat_ui,1200,800,512,341,70,64,64,3,7042,7042,1.0,4.6015,37.271468192046584,0.9792634027233467,0.9946283211879229,0.9958971525966281,0.9907234638268346
chat_preview,ui_text,chat_ui,1200,800,512,341,71,64,32,0,1015,4273,0.2375380294874795,4.41475,25.653768194373093,0.8180038928054713,0.7917850805207941,0.7903389186834967,0.6434336946144574
chat_preview,ui_text,chat_ui,1200,800,512,341,71,64,32,1,1802,4273,0.42171776269599814,4.25692,28.278984525768994,0.8515387907882248,0.9018125405210063,0.9017728138545861,0.8675863745938243
chat_preview,ui_text,chat_ui,1200,800,512,341,71,64,32,2,2868,4273,0.6711912005616663,4.33996,30.50603669501982,0.9104824520964119,0.9583453900194522,0.959613031892406,0.939187606061572
chat_preview,ui_text,chat_ui,1200,800,512,341,71,64,32,3,3884,4273,0.9089632576644044,4.53688,33.186122924909654,0.9506734257160886,0.9856346676240185,0.9876855409841705,0.97514229026689
chat_preview,ui_text,chat_ui,1200,800,512,341,71,64,32,4,4273,4273,1.0,5.50017,33.568284132027394,0.9546627804863529,0.9863146312923264,0.9884085977233156,0.9772177249135081
chat_preview,ui_text,chat_ui,1200,800,512,341,71,64,64,0,1587,7261,0.21856493595923426,5.1685,28.303735964210446,0.8534186528740667,0.9041157217833508,0.9037982449836632,0.8690893332253697
chat_preview,ui_text,chat_ui,1200,800,512,341,71,64,64,1,3315,7261,0.4565486847541661,4.47225,30.675935198327522,0.9170662559704371,0.9635236681344236,0.9641434186763014,0.9433041684540493
chat_preview,ui_text,chat_ui,1200,800,512,341,71,64,64,2,5417,7261,0.7460404902905936,4.57687,34.09967502122329,0.963316529706267,0.9920080356958526,0.9932019563768061,0.9821288600335248
chat_preview,ui_text,chat_ui,1200,800,512,341,71,64,64,3,7261,7261,1.0,4.72379,37.464251309193486,0.980367392818574,0.9952060668345647,0.9964933029488059,0.9913149293335599
chat_preview,ui_text,chat_ui,1200,800,512,341,72,64,32,0,1015,4329,0.23446523446523446,4.761,25.653768194373093,0.8180038928054713,0.7917850805207941,0.7903389186834967,0.6434336946144574
chat_preview,ui_text,chat_ui,1200,800,512,341,72,64,32,1,1803,4329,0.4164934164934165,4.73192,28.279794668073283,0.8515635500566647,0.9018594017941738,0.9018126390086934,0.8677125582816924
chat_preview,ui_text,chat_ui,1200,800,512,341,72,64,32,2,2874,4329,0.6638946638946639,4.41142,30.508856921494445,0.9105886480527351,0.9583832579207782,0.9596271778338574,0.9392246460128847
chat_preview,ui_text,chat_ui,1200,800,512,341,72,64,32,3,3908,4329,0.9027489027489027,4.53996,33.209894042568436,0.9508995222386227,0.9857127771689488,0.9877116788422023,0.9752828155565069
chat_preview,ui_text,chat_ui,1200,800,512,341,72,64,32,4,4329,4329,1.0,5.2925,33.635514314721156,0.9551173709571072,0.9864597316994507,0.988517536373958,0.9775898994289164
chat_preview,ui_text,chat_ui,1200,800,512,341,72,64,64,0,1587,7290,0.2176954732510288,4.42988,28.303735964210446,0.8534186528740667,0.9041157217833508,0.9037982449836632,0.8690893332253697
chat_preview,ui_text,chat_ui,1200,800,512,341,72,64,64,1,3317,7290,0.4550068587105624,4.57046,30.67701758348745,0.9170734548067344,0.9635250788633046,0.9641390863180314,0.9433134756682034
chat_preview,ui_text,chat_ui,1200,800,512,341,72,64,64,2,5424,7290,0.7440329218106996,4.65917,34.1024279035515,0.9633344763747611,0.9920166140484045,0.9932052163531757,0.9821534208365574
chat_preview,ui_text,chat_ui,1200,800,512,341,72,64,64,3,7290,7290,1.0,4.79571,37.50409568609217,0.9805005407024313,0.9952315583562745,0.9965138935460195,0.9913880323252265
chat_preview,ui_text,chat_ui,1200,800,512,341,73,64,32,0,1015,4413,0.23000226603217766,4.32179,25.653768194373093,0.8180038928054713,0.7917850805207941,0.7903389186834967,0.6434336946144574
chat_preview,ui_text,chat_ui,1200,800,512,341,73,64,32,1,1807,4413,0.40947201450260595,4.29383,28.28111308115114,0.8519835450480399,0.9022342316248498,0.9020444151532444,0.8676328861338728
chat_preview,ui_text,chat_ui,1200,800,512,341,73,64,32,2,2893,4413,0.6555631089961478,4.37267,30.52058942747991,0.9109237554476205,0.9586535180986896,0.9597595497309067,0.939484121853098
chat_preview,ui_text,chat_ui,1200,800,512,341,73,64,32,3,3957,4413,0.8966689326988443,4.48163,33.24858978314319,0.9514556959372932,0.985903930586395,0.9878270215276351,0.9754908118080498
chat_preview,ui_text,chat_ui,1200,800,512,341,73,64,32,4,4413,4413,1.0,4.56725,33.74205152354723,0.956013126192922,0.9866884927444378,0.9886549487431849,0.9780497147433304
chat_preview,ui_text,chat_ui,1200,800,512,341,73,64,64,0,1587,7357,0.21571292646459156,4.22142,28.303735964210446,0.8534186528740667,0.9041157217833508,0.9037982449836632,0.8690893332253697
chat_preview,ui_text,chat_ui,1200,800,512,341,73,64,64,1,3330,7357,0.45263014815821667,4.47075,30.67678630232212,0.9172967968060123,0.9635019354810268,0.9641081655802085,0.9432571853307475
chat_preview,ui_text,chat_ui,1200,800,512,341,73,64,64,2,5462,7357,0.7424221829550088,4.52262,34.119307860882316,0.9636261532856752,0.9920228527366365,0.9931828000504833,0.9822211435020252
chat_preview,ui_text,chat_ui,1200,800,512,341,73,64,64,3,7357,7357,1.0,4.72321,37.63187333955376,0.9810672629914859,0.9953188134690086,0.9965664658759751,0.9916008753962002
chat_preview,ui_text,chat_ui,1200,800,512,341,74,64,32,0,1015,4562,0.2224901359053047,4.28296,25.653768194373093,0.8180038928054713,0.7917850805207941,0.7903389186834967,0.6434336946144574
chat_preview,ui_text,chat_ui,1200,800,512,341,74,64,32,1,1807,4562,0.3960982025427444,4.30454,28.28111308115114,0.8519835450480399,0.9022342316248498,0.9020444151532444,0.8676328861338728
chat_preview,ui_text,chat_ui,1200,800,512,341,74,64,32,2,2949,4562,0.6464270056992547,4.39046,30.537841679953406,0.9112019385323626,0.9591210932856565,0.9602878224203314,0.940192549101101
chat_preview,ui_text,chat_ui,1200,800,512,341,74,64,32,3,4059,4562,0.8897413415168786,4.57283,33.29728238873798,0.9520193514276166,0.9862308471083886,0.9882039080861786,0.9760378964911008
chat_preview,ui_text,chat_ui,1200,800,512,341,74,64,32,4,4562,4562,1.0,4.61579,33.86565813927617,0.9568930022362023,0.9870883943672832,0.989109975817633,0.9788973932434331
chat_preview,ui_text,chat_ui,1200,800,512,341,74,64,64,0,1587,7554,0.210087370929309,4.31383,28.303735964210446,0.8534186528740667,0.9041157217833508,0.9037982449836632,0.8690893332253697
chat_preview,ui_text,chat_ui,1200,800,512,341,74,64,64,1,3330,7554,0.44082605242255757,4.39267,30.67678630232212,0.9172967968060123,0.9635019354810268,0.9641081655802085,0.9432571853307475
chat_preview,ui_text,chat_ui,1200,800,512,341,74,64,64,2,5568,7554,0.7370929308975377,4.53942,34.14537639108429,0.9638326599176397,0.9921783298666084,0.9933312578570369,0.9824966236781627
chat_preview,ui_text,chat_ui,1200,800,512,341,74,64,64,3,7554,7554,1.0,4.77796,37.770111192382636,0.9814950070673062,0.9953921240554857,0.9966385371489402,0.9918442615160585
chat_preview,ui_text,chat_ui,1200,800,512,341,75,64,32,0,1015,4669,0.21739130434782608,4.45217,25.653768194373093,0.8180038928054713,0.7917850805207941,0.7903389186834967,0.6434336946144574
chat_preview,ui_text,chat_ui,1200,800,512,341,75,64,32,1,1818,4669,0.3893767402013279,4.43892,28.28173895680123,0.8520422528265027,0.9023155866049558,0.9020709877703796,0.8678040458034574
chat_preview,ui_text,chat_ui,1200,800,512,341,75,64,32,2,2975,4669,0.6371814092953523,4.43187,30.543734437596356,0.911560755036842,0.9593305130869864,0.9603273660672057,0.9404356936996593
chat_preview,ui_text,chat_ui,1200,800,512,341,75,64,32,3,4112,4669,0.8807025058899122,4.55892,33.340504877662845,0.952691261791102,0.9865385744706541,0.9883093919518642,0.9764472089289641
chat_preview,ui_text,chat_ui,1200,800,512,341,75,64,32,4,4669,4669,1.0,4.64825,33.96204467456325,0.9577486375014495,0.9874431035321886,0.9892728130552043,0.9794810945072102
chat_preview,ui_text,chat_ui,1200,800,512,341,75,64,64,0,1587,7632,0.20794025157232704,4.40383,28.303735964210446,0.8534186528740667,0.9041157217833508,0.9037982449836632,0.8690893332253697
chat_preview,ui_text,chat_ui,1200,800,512,341,75,64,64,1,3357,7632,0.43985849056603776,4.44608,30.680483507170912,0.9173372997178015,0.9635435861872784,0.9640999565687042,0.9433362850369509
chat_preview,ui_text,chat_ui,1200,800,512,341,75,64,64,2,5613,7632,0.7354559748427673,4.45621,34.15276720791259,0.9639284629406414,0.9922226368483019,0.9933299024043347,0.9825657576549627
chat_preview,ui_text,chat_ui,1200,800,512,341,75,64,64,3,7632,7632,1.0,4.83012,37.89308614912176,0.9819525307674124,0.995474483139359,0.9966770385478926,0.9920656357534444
chat_preview,ui_text,chat_ui,1200,800,512,341,76,64,32,0,1015,4799,0.2115023963325693,4.20717,25.653768194373093,0.8180038928054713,0.7917850805207941,0.7903389186834967,0.6434336946144574
chat_preview,ui_text,chat_ui,1200,800,512,341,76,64,32,1,1819,4799,0.3790372994373828,4.29125,28.283667626108368,0.8520729828745092,0.9023032352042067,0.9020448133097027,0.8678879850387952
chat_preview,ui_text,chat_ui,1200,800,512,341,76,64,32,2,2999,4799,0.6249218587205668,4.43363,30.547641737818914,0.911850310358413,0.9592985164626118,0.9603187654898803,0.9402848562782723
chat_preview,ui_text,chat_ui,1200,800,512,341,76,64,32,3,4198,4799,0.8747655761617004,4.57358,33.388238593193435,0.9535283554949188,0.9869442627292244,0.9887424713774854,0.9768297596172908
chat_preview,ui_text,chat_ui,1200,800,512,341,76,64,32,4,4799,4799,1.0,4.74292,34.083020905650244,0.9590795905884398,0.9879308555928649,0.9897779966032865,0.980129273351791
chat_preview,ui_text,chat_ui,1200,800,512,341,76,64,64,0,1587,7769,0.20427339425923544,4.31933,28.303735964210446,0.8534186528740667,0.9041157217833508,0.9037982449836632,0.8690893332253697
chat_preview,ui_text,chat_ui,1200,800,512,341,76,64,64,1,3364,7769,0.4330029604839748,4.41429,30.679185250822805,0.9173327269183037,0.9635405914748825,0.9641098373085857,0.9433220572541832
chat_preview,ui_text,chat_ui,1200,800,512,341,76,64,64,2,5658,7769,0.7282790577937959,8.36988,34.16878429728803,0.964212511592832,0.9923223723321914,0.9934177420510221,0.9826338185629302
chat_preview,ui_text,chat_ui,1200,800,512,341,76,64,64,3,7769,7769,1.0,4.66729,38.023507520594165,0.9825406969885592,0.9956529639867183,0.9968551084527311,0.9923045979416362
chat_preview,ui_text,chat_ui,1200,800,512,341,77,64,32,0,1079,4983,0.21653622315873972,4.36079,25.641048456118604,0.818003870422864,0.7922014227025391,0.7909135359989943,0.6455666311702056
chat_preview,ui_text,chat_ui,1200,800,512,341,77,64,32,1,1932,4983,0.3877182420228778,4.333,28.264327962084774,0.8519362030320976,0.9035681693427754,0.9036225028140862,0.8698249756378377
chat_preview,ui_text,chat_ui,1200,800,512,341,77,64,32,2,3131,4983,0.6283363435681316,4.36483,30.506480145215555,0.9123458562633532,0.9599811971045269,0.9610945050881703,0.9410395025808533
chat_preview,ui_text,chat_ui,1200,800,512,341,77,64,32,3,4339,4983,0.870760585992374,4.52821,33.31488202693563,0.9539245235278732,0.9874963926811985,0.9893280506856293,0.9770899820530201
chat_preview,ui_text,chat_ui,1200,800,512,341,77,64,32,4,4983,4983,1.0,4.59242,34.080508367180045,0.9600590143318156,0.9886368213482308,0.9905185663291513,0.9807259385768291
chat_preview,ui_text,chat_ui,1200,800,512,341,77,64,64,0,1808,8182,0.22097286726961624,4.33421,28.28263573601631,0.8536729720794304,0.9045495762040453,0.9041945581551024,0.8696886935592191
chat_preview,ui_text,chat_ui,1200,800,512,341,77,64,64,1,3712,8182,0.45367880713761916,4.29292,30.64322142116211,0.9180144389707867,0.9645130769101141,0.9650804189907789,0.9439055236284325
chat_preview,ui_text,chat_ui,1200,800,512,341,77,64,64,2,6053,8182,0.7397946712295282,4.56813,34.081440036700286,0.964933895068401,0.9930881517951128,0.9941726279065435,0.9828386428958646
chat_preview,ui_text,chat_ui,1200,800,512,341,77,64,64,3,8182,8182,1.0,4.702,37.89352262835529,0.9836260688020859,0.9964535645222576,0.9976356611722293,0.9925428879536757
chat_preview,ui_text,chat_ui,1200,800,512,341,78,64,32,0,1079,5152,0.2094332298136646,4.75408,25.641048456118604,0.818003870422864,0.7922014227025391,0.7909135359989943,0.6455666311702056
chat_preview,ui_text,chat_ui,1200,800,512,341,78,64,32,1,1940,5152,0.3765527950310559,4.76704,28.265170694921842,0.8520132767603497,0.9036311292316567,0.9036570874102662,0.8697668541378871
chat_preview,ui_text,chat_ui,1200,800,512,341,78,64,32,2,3144,5152,0.610248447204969,4.77858,30.507564962233413,0.9124273156150928,0.9599994801742867,0.9611218354585385,0.9409731028169065
chat_preview,ui_text,chat_ui,1200,800,512,341,78,64,32,3,4399,5152,0.8538431677018633,4.53108,33.34666573386934,0.9543930832406279,0.9878049556851218,0.9896943407196129,0.9773926593555662
chat_preview,ui_text,chat_ui,1200,800,512,341,78,64,32,4,5152,5152,1.0,4.62833,34.250844944799226,0.9614837003719373,0.9890909696226018,0.9910213034233628,0.9814730038635676
chat_preview,ui_text,chat_ui,1200,800,512,341,78,64,64,0,1808,8313,0.2174906772524961,4.71596,28.28263573601631,0.8536729720794304,0.9045495762040453,0.9041945581551024,0.8696886935592191
chat_preview,ui_text,chat_ui,1200,800,512,341,78,64,64,1,3722,8313,0.44773246722001686,4.72675,30.64320752139075,0.9180737832108968,0.9645277275481371,0.9650909037671441,0.9438661030587686
chat_preview,ui_text,chat_ui,1200,800,512,341,78,64,64,2,6078,8313,0.7311439913388669,4.92137,34.09052408389826,0.9650748559487642,0.9931238830334891,0.9941858781610554,0.9828619627817476
chat_preview,ui_text,chat_ui,1200,800,512,341,78,64,64,3,8313,8313,1.0,4.7075,38.00541317754811,0.9840808543657635,0.9965785011900697,0.9977437164635623,0.9927459395320325
chat_preview,ui_text,chat_ui,1200,800,512,341,79,64,32,0,1079,5290,0.20396975425330813,4.5655,25.641048456118604,0.818003870422864,0.7922014227025391,0.7909135359989943,0.6455666311702056
chat_preview,ui_text,chat_ui,1200,800,512,341,79,64,32,1,1940,5290,0.3667296786389414,4.52867,28.265170694921842,0.8520132767603497,0.9036311292316567,0.9036570874102662,0.8697668541378871
chat_preview,ui_text,chat_ui,1200,800,512,341,79,64,32,2,3203,5290,0.6054820415879018,4.39654,30.51557160569211,0.9125672590933854,0.9601608150020046,0.9612710032436844,0.9411769052024669
chat_preview,ui_text,chat_ui,1200,800,512,341,79,64,32,3,4481,5290,0.8470699432892249,4.52562,33.39751196908877,0.9549334546125842,0.9879092821447388,0.98974654808727,0.9777101885502447
chat_preview,ui_text,chat_ui,1200,800,512,341,79,64,32,4,5290,5290,1.0,4.66437,34.39403940550454,0.9625864103460104,0.9894028805967471,0.9912918373195775,0.9821759289731826
chat_preview,ui_text,chat_ui,1200,800,512,341,79,64,64,0,1808,8519,0.21223148256837657,4.26158,28.28263573601631,0.8536729720794304,0.9045495762040453,0.9041945581551024,0.8696886935592191
chat_preview,ui_text,chat_ui,1200,800,512,341,79,64,64,1,3722,8519,0.4369057401103416,4.45196,30.64320752139075,0.9180737832108968,0.9645277275481371,0.9650909037671441,0.9438661030587686
chat_preview,ui_text,chat_ui,1200,800,512,341,79,64,64,2,6229,8519,0.7311891067026647,4.57492,34.11014441616773,0.965236703124602,0.9932655742165704,0.994342272271616,0.9830405334058809
chat_preview,ui_text,chat_ui,1200,800,512,341,79,64,64,3,8519,8519,1.0,4.75679,38.161159723121045,0.9845534762188016,0.9966637381865646,0.9978305641231024,0.9929790455259477
chat_preview,ui_text,chat_ui,1200,800,512,341,80,64,32,0,1079,5444,0.19819985304922852,4.30754,25.641048456118604,0.818003870422864,0.7922014227025391,0.7909135359989943,0.6455666311702056
chat_preview,ui_text,chat_ui,1200,800,512,341,80,64,32,1,1958,5444,0.35966201322556945,4.30179,28.267593425608304,0.8521312436429439,0.9036506754274085,0.9035354697084773,0.8698694913928978
chat_preview,ui_text,chat_ui,1200,800,512,341,80,64,32,2,3241,5444,0.5953343130051433,4.39717,30.51966921746186,0.9127486616693522,0.9602255836417273,0.9612438635850002,0.9412604034423094
chat_preview,ui_text,chat_ui,1200,800,512,341,80,64,32,3,4571,5444,0.8396399706098457,4.494,33.43253482381259,0.9552020289701438,0.9880177980694779,0.9897499965553023,0.9779158859924493
chat_preview,ui_text,chat_ui,1200,800,512,341,80,64,32,4,5444,5444,1.0,4.61538,34.54282800429615,0.9635056329099568,0.9897687570783527,0.9915544226724987,0.9828322586797035
chat_preview,ui_text,chat_ui,1200,800,512,341,80,64,64,0,1808,8706,0.2076728692855502,4.2735,28.28263573601631,0.8536729720794304,0.9045495762040453,0.9041945581551024,0.8696886935592191
chat_preview,ui_text,chat_ui,1200,800,512,341,80,64,64,1,3758,8706,0.43165632896852746,4.384,30.65041830614376,0.9183296671351444,0.9646317136703558,0.9651551414560554,0.9440090723514827
chat_preview,ui_text,chat_ui,1200,800,512,341,80,64,64,2,6300,8706,0.7236388697450035,4.57258,34.124253947974175,0.9654157507963834,0.9933463184905319,0.9943833303865203,0.9831537841710553
chat_preview,ui_text,chat_ui,1200,800,512,341,80,64,64,3,8706,8706,1.0,4.74904,38.285601276691665,0.9848208736792787,0.9967243993771658,0.9978594346395622,0.9931683592729555
chat_preview,ui_text,chat_ui,1200,800,512,341,81,64,32,0,1095,5599,0.19557063761385962,4.41125,25.641048456118604,0.818003870422864,0.7922014227025391,0.7909135359989943,0.6455666311702056
chat_preview,ui_text,chat_ui,1200,800,512,341,81,64,32,1,1976,5599,0.35292016431505624,4.57963,28.265953971657606,0.8520807702533318,0.9036375944602373,0.9035637988880335,0.8697885609555296
chat_preview,ui_text,chat_ui,1200,800,512,341,81,64,32,2,3284,5599,0.5865333095195571,4.38383,30.539710373173122,0.9134060756673351,0.9606182251228695,0.961572497431766,0.9415446914685085
chat_preview,ui_text,chat_ui,1200,800,512,341,81,64,32,3,4661,5599,0.8324700839435614,4.50258,33.49410293807686,0.9559566043921235,0.9882888265339985,0.9899854351905893,0.9782472903227715
chat_preview,ui_text,chat_ui,1200,800,512,341,81,64,32,4,5599,5599,1.0,4.7465,34.73333580746282,0.9649984378339904,0.9901891052627997,0.9919276962307777,0.9835381201908058
chat_preview,ui_text,chat_ui,1200,800,512,341,81,64,64,0,1808,8840,0.20452488687782805,4.29892,28.28263573601631,0.8536729720794304,0.9045495762040453,0.9041945581551024,0.8696886935592191
chat_preview,ui_text,chat_ui,1200,800,512,341,81,64,64,1,3764,8840,0.4257918552036199,4.47829,30.649748876177355,0.9183308013322944,0.964631494050831,0.9651598378337616,0.9440115693295172
chat_preview,ui_text,chat_ui,1200,800,512,341,81,64,64,2,6378,8840,0.7214932126696832,4.61342,34.14285136110861,0.9656848694901295,0.9933244553573938,0.9943487818883449,0.9831657823573867
chat_preview,ui_text,chat_ui,1200,800,512,341,81,64,64,3,8840,8840,1.0,4.81829,38.468386921473424,0.9854568298765911,0.9968569488565704,0.9979745330966644,0.9934074126704284
chat_preview,ui_text,chat_ui,1200,800,512,341,82,64,32,0,1095,5728,0.19116620111731844,4.33158,25.641048456118604,0.818003870422864,0.7922014227025391,0.7909135359989943,0.6455666311702056
chat_preview,ui_text,chat_ui,1200,800,512,341,82,64,32,1,1976,5728,0.34497206703910616,4.25658,28.265953971657606,0.8520807702533318,0.9036375944602373,0.9035637988880335,0.8697885609555296
chat_preview,ui_text,chat_ui,1200,800,512,341,82,64,32,2,3290,5728,0.5743715083798883,4.34488,30.541557914521327,0.9134542669788516,0.960639235511043,0.9615951845074899,0.9415808941557975
chat_preview,ui_text,chat_ui,1200,800,512,341,82,64,32,3,4742,5728,0.8278631284916201,4.48438,33.518092234556754,0.9564108214564081,0.9887891498524416,0.9905024909760329,0.9786365928022128
chat_preview,ui_text,chat_ui,1200,800,512,341,82,64,32,4,5728,5728,1.0,4.61687,34.908775312088416,0.9661480512203675,0.9907621314819423,0.9925259602397704,0.9843151957592473
chat_preview,ui_text,chat_ui,1200,800,512,341,82,64,64,0,1808,8966,0.20165068034798125,4.34158,28.28263573601631,0.8536729720794304,0.9045495762040453,0.9041945581551024,0.8696886935592191
chat_preview,ui_text,chat_ui,1200,800,512,341,82,64,64,1,3764,8966,0.41980816417577516,4.42096,30.649748876177355,0.9183308013322944,0.964631494050831,0.9651598378337616,0.9440115693295172
chat_preview,ui_text,chat_ui,1200,800,512,341,82,64,64,2,6387,8966,0.7123577961186706,4.64863,34.13950744341602,0.9656615284478206,0.9933219084618129,0.994350331648957,0.9831494802999368
chat_preview,ui_text,chat_ui,1200,800,512,341,82,64,64,3,8966,8966,1.0,4.72692,38.55282995348933,0.9857668145509256,0.9969202938452296,0.9980472840005036,0.9935338486329941
chat_preview,ui_text,chat_ui,1200,800,512,341,83,64,32,0,1116,5911,0.18880054136355948,4.27283,25.646399895912854,0.818150630723594,0.7922605236371646,0.7907686700398348,0.6454449565997116
chat_preview,ui_text,chat_ui,1200,800,512,341,83,64,32,1,2037,5911,0.3446117408221959,4.35342,28.261886371246952,0.8526673885176222,0.9034504031051006,0.9031683598211439,0.8688485464268086
chat_preview,ui_text,chat_ui,1200,800,512,341,83,64,32,2,3380,5911,0.5718152596853324,4.37175,30.556366608494805,0.9138933953958753,0.9611748322967341,0.9619736789011097,0.941821784235511
chat_preview,ui_text,chat_ui,1200,800,512,341,83,64,32,3,4855,5911,0.8213500253764169,4.50342,33.59554645860302,0.9573572689932895,0.9894824030679233,0.9910357241688075,0.979360160349288
chat_preview,ui_text,chat_ui,1200,800,512,341,83,64,32,4,5911,5911,1.0,4.55504,35.1312342144856,0.9676824168179183,0.9916626138818959,0.9932845422306138,0.9854546738957507
chat_preview,ui_text,chat_ui,1200,800,512,341,83,64,64,0,1838,9178,0.20026149487905862,4.27883,28.290393453421636,0.8538478422185203,0.904676821712734,0.9041711133750946,0.869933551507646
chat_preview,ui_text,chat_ui,1200,800,512,341,83,64,64,1,3894,9178,0.4242754412726084,4.44163,30.660449443749137,0.9184185595306551,0.9643490335743614,0.9647905380613523,0.9441424179535866
chat_preview,ui_text,chat_ui,1200,800,512,341,83,64,64,2,6568,9178,0.7156243190237525,4.61871,34.17654066257888,0.9661330928012557,0.993454945978145,0.9943862878487266,0.9835944814501512
chat_preview,ui_text,chat_ui,1200,800,512,341,83,64,64,3,9178,9178,1.0,4.69033,38.76109634349951,0.9865780929190889,0.9971318730780871,0.9981617355143366,0.994130085708311
chat_preview,ui_text,chat_ui,1200,800,512,341,84,64,32,0,1116,6140,0.18175895765472314,4.36375,25.646399895912854,0.818150630723594,0.7922605236371646,0.7907686700398348,0.6454449565997116
chat_preview,ui_text,chat_ui,1200,800,512,341,84,64,32,1,2039,6140,0.33208469055374595,4.37042,28.26502787632714,0.8526540405032398,0.903488560721088,0.9031649473613887,0.8690380447557841
chat_preview,ui_text,chat_ui,1200,800,512,341,84,64,32,2,3459,6140,0.5633550488599348,4.44862,30.578504453640253,0.9149186945734172,0.962211501404122,0.9630189667847827,0.9426143793954053
chat_preview,ui_text,chat_ui,1200,800,512,341,84,64,32,3,5002,6140,0.8146579804560261,4.57888,33.67224759894488,0.9584158579548613,0.9899097461408767,0.9913843284002511,0.9800019656775573
chat_preview,ui_text,chat_ui,1200,800,512,341,84,64,32,4,6140,6140,1.0,4.73996,35.357419530444915,0.9693503009072648,0.9921051468169587,0.9936661555296735,0.9863260653969237
chat_preview,ui_text,chat_ui,1200,800,512,341,84,64,64,0,1838,9505,0.19337190952130456,4.18654,28.290393453421636,0.8538478422185203,0.904676821712734,0.9041711133750946,0.869933551507646
chat_preview,ui_text,chat_ui,1200,800,512,341,84,64,64,1,3901,9505,0.41041557075223567,4.49742,30.660336914122155,0.9184435089673272,0.9643517433163571,0.9647876003869557,0.9441485922729056
chat_preview,ui_text,chat_ui,1200,800,512,341,84,64,64,2,6747,9505,0.7098369279326671,4.62338,34.19773587095128,0.9664270243839038,0.9935440274051291,0.9944673684880198,0.9837409345978135
chat_preview,ui_text,chat_ui,1200,800,512,341,84,64,64,3,9505,9505,1.0,4.90046,38.91040379839056,0.9870275245383905,0.997180036497611,0.9982002968396263,0.9942999037619097
chat_preview,ui_text,chat_ui,1200,800,512,341,85,64,32,0,1116,6320,0.17658227848101266,4.296,25.646399895912854,0.818150630723594,0.7922605236371646,0.7907686700398348,0.6454449565997116
chat_preview,ui_text,chat_ui,1200,800,512,341,85,64,32,1,2056,6320,0.32531645569620254,4.33725,28.268669164231618,0.8526397446454456,0.9034258409121355,0.9030920961698274,0.8691304681619294
chat_preview,ui_text,chat_ui,1200,800,512,341,85,64,32,2,3505,6320,0.5545886075949367,4.30383,30.585204626192912,0.9151015714951054,0.9622673456030727,0.96302139859121,0.9428242931174243
chat_preview,ui_text,chat_ui,1200,800,512,341,85,64,32,3,5100,6320,0.8069620253164557,4.48804,33.719551379529534,0.9588321640026831,0.9900657863715665,0.9914314327872874,0.9803276708276089
chat_preview,ui_text,chat_ui,1200,800,512,341,85,64,32,4,6320,6320,1.0,4.64429,35.55808429981869,0.9704573453757267,0.9925094306148624,0.9939607583616995,0.9870933410686501
chat_preview,ui_text,chat_ui,1200,800,512,341,85,64,64,0,1838,9662,0.1902297660939764,4.33417,28.290393453421636,0.8538478422185203,0.904676821712734,0.9041711133750946,0.869933551507646
chat_preview,ui_text,chat_ui,1200,800,512,341,85,64,64,1,3928,9662,0.40654108880149037,4.40337,30.664279415801616,0.918559324105852,0.9643877032762239,0.9647841155426484,0.9442108882881192
chat_preview,ui_text,chat_ui,1200,800,512,341,85,64,64,2,6831,9662,0.7069964810598219,4.55267,34.220232090199104,0.9666418011062147,0.9936182888117832,0.9944990643232925,0.9838816810181584
chat_preview,ui_text,chat_ui,1200,800,512,341,85,64,64,3,9662,9662,1.0,4.80567,39.07606149150436,0.9875264547466044,0.9973036119812683,0.9982718155314797,0.9945501588776945
chat_preview,ui_text,chat_ui,1200,800,512,341,86,64,32,0,1116,6563,0.17004418710955355,4.23942,25.646399895912854,0.818150630723594,0.7922605236371646,0.7907686700398348,0.6454449565997116
chat_preview,ui_text,chat_ui,1200,800,512,341,86,64,32,1,2056,6563,0.31327136980039616,4.31033,28.268669164231618,0.8526397446454456,0.9034258409121355,0.9030920961698274,0.8691304681619294
chat_preview,ui_text,chat_ui,1200,800,512,341,86,64,32,2,3533,6563,0.5383208898369648,4.90604,30.58697762317864,0.9151271070697592,0.9619873917341536,0.9627224248359114,0.9426641142636324
chat_preview,ui_text,chat_ui,1200,800,512,341,86,64,32,3,5214,6563,0.794453755904312,4.571,33.765702674610736,0.9598339412048821,0.9905653716346009,0.9919256628352343,0.9807973642418037
chat_preview,ui_text,chat_ui,1200,800,512,341,86,64,32,4,6563,6563,1.0,4.86875,35.8347468488633,0.9725073972895056,0.9930193315524322,0.994469560668818,0.9879961875585271
chat_preview,ui_text,chat_ui,1200,800,512,341,86,64,64,0,1838,9891,0.18582549792740877,4.37571,28.290393453421636,0.8538478422185203,0.904676821712734,0.9041711133750946,0.869933551507646
chat_preview,ui_text,chat_ui,1200,800,512,341,86,64,64,1,3928,9891,0.39712870286118696,4.40612,30.664279415801616,0.918559324105852,0.9643877032762239,0.9647841155426484,0.9442108882881192
chat_preview,ui_text,chat_ui,1200,800,512,341,86,64,64,2,6907,9891,0.6983115964007683,4.58529,34.22964826175494,0.9667630226741298,0.9936502803034966,0.9945253953035987,0.9839060912938468
chat_preview,ui_text,chat_ui,1200,800,512,341,86,64,64,3,9891,9891,1.0,4.81546,39.182064368706506,0.9879639030604187,0.9974314091683493,0.9984161747004134,0.9947288995492785
chat_preview,ui_text,chat_ui,1200,800,512,341,87,64,32,0,1116,6753,0.16525988449577966,4.47654,25.646399895912854,0.818150630723594,0.7922605236371646,0.7907686700398348,0.6454449565997116
chat_preview,ui_text,chat_ui,1200,800,512,341,87,64,32,1,2073,6753,0.30697467792092403,4.32971,28.269178457226054,0.8529402590474117,0.9037362223639978,0.9034042544161321,0.8691487014318291
chat_preview,ui_text,chat_ui,1200,800,512,341,87,64,32,2,3577,6753,0.5296905079224049,4.40083,30.59199684096727,0.9153395164191868,0.962124575306667,0.9628564674775126,0.942651574245244
chat_preview,ui_text,chat_ui,1200,800,512,341,87,64,32,3,5326,6753,0.7886865096993929,4.73712,33.81058802929105,0.960390043440285,0.9906982781520476,0.9920009385014069,0.9809666081289153
chat_preview,ui_text,chat_ui,1200,800,512,341,87,64,32,4,6753,6753,1.0,4.75762,36.05205992848025,0.9735982773755217,0.9933078262673791,0.9947251794314508,0.9885142057445835
chat_preview,ui_text,chat_ui,1200,800,512,341,87,64,64,0,1838,10053,0.18283099572266984,4.3265,28.290393453421636,0.8538478422185203,0.904676821712734,0.9041711133750946,0.869933551507646
chat_preview,ui_text,chat_ui,1200,800,512,341,87,64,64,1,3959,10053,0.3938127922013329,4.391,30.662271255730744,0.9185547721704882,0.9643115374205405,0.9647271111102991,0.9441053151305966
chat_preview,ui_text,chat_ui,1200,800,512,341,87,64,64,2,6987,10053,0.6950164130110414,4.7105,34.240316270583676,0.9668497953133869,0.9936612670126056,0.9945395662140409,0.9839251957285641
chat_preview,ui_text,chat_ui,1200,800,512,341,87,64,64,3,10053,10053,1.0,4.82737,39.30854758335635,0.9882809352690712,0.9974891069368518,0.9984723443486214,0.9948398193946615
chat_preview,ui_text,chat_ui,1200,800,512,341,88,64,32,0,1116,6953,0.16050625629224796,4.28821,25.646399895912854,0.818150630723594,0.7922605236371646,0.7907686700398348,0.6454449565997116
chat_preview,ui_text,chat_ui,1200,800,512,341,88,64,32,1,2073,6953,0.2981446857471595,4.34575,28.269271848354197,0.85298310738834,0.9037262674109225,0.9033594928190053,0.8691045536653251
chat_preview,ui_text,chat_ui,1200,800,512,341,88,64,32,2,3596,6953,0.5171868258305767,4.43242,30.59360010569138,0.9153145459709932,0.9620162693516626,0.9627114285796089,0.9426342797032349
chat_preview,ui_text,chat_ui,1200,800,512,341,88,64,32,3,5441,6953,0.7825399108298576,4.49846,33.85300202549848,0.9606172509450263,0.990737153734396,0.9920278884369227,0.981214709335775
chat_preview,ui_text,chat_ui,1200,800,512,341,88,64,32,4,6953,6953,1.0,4.73612,36.283788935281045,0.9745731715807228,0.9934196129414715,0.994815517971443,0.9890704814095095
chat_preview,ui_text,chat_ui,1200,800,512,341,88,64,64,0,1838,10319,0.17811803469328424,4.31433,28.290393453421636,0.8538478422185203,0.904676821712734,0.9041711133750946,0.869933551507646
chat_preview,ui_text,chat_ui,1200,800,512,341,88,64,64,1,3961,10319,0.38385502471169686,4.53375,30.662704362185366,0.9185800631536803,0.9643211027664581,0.9647272817773136,0.9441146414403871
chat_preview,ui_text,chat_ui,1200,800,512,341,88,64,64,2,7049,10319,0.6831088283748425,4.68912,34.245662829483734,0.9669442033226124,0.9937308467467654,0.9945875202191901,0.984018155836435
chat_preview,ui_text,chat_ui,1200,800,512,341,88,64,64,3,10319,10319,1.0,4.84496,39.41971896617091,0.9885154901841465,0.9975232389546563,0.9984889083906303,0.9949906294732
chat_preview,ui_text,chat_ui,1200,800,512,341,89,64,32,0,1142,7296,0.15652412280701755,4.23442,25.644517511888335,0.8179554861978114,0.7922051174187033,0.7907647877716865,0.6456505467673727
chat_preview,ui_text,chat_ui,1200,800,512,341,89,64,32,1,2174,7296,0.29797149122807015,4.35192,28.266840652637658,0.8522503733021739,0.9039322398602948,0.9037919430140279,0.8699322066492569
chat_preview,ui_text,chat_ui,1200,800,512,341,89,64,32,2,3811,7296,0.5223410087719298,4.41404,30.57950293383751,0.9160798685817602,0.963012292308869,0.9636823849857248,0.943218267610765
chat_preview,ui_text,chat_ui,1200,800,512,341,89,64,32,3,5698,7296,0.7809758771929824,4.59812,33.79983030963719,0.9610598491918491,0.9906108816784668,0.99183521694379,0.9811703904770915
chat_preview,ui_text,chat_ui,1200,800,512,341,89,64,32,4,7296,7296,1.0,4.72154,36.33943903564077,0.9757850986628297,0.9934112846780251,0.9947471578219357,0.989326651903399
chat_preview,ui_text,chat_ui,1200,800,512,341,89,64,64,0,1878,10884,0.17254685777287762,4.24717,28.290538571005683,0.8537915954336803,0.904639681385503,0.9042219160811091,0.8700662750777098
chat_preview,ui_text,chat_ui,1200,800,512,341,89,64,64,1,4175,10884,0.38359059169423004,4.44937,30.65031033136672,0.9185960350738768,0.9646826321538692,0.9650793952248153,0.9442879962762336
chat_preview,ui_text,chat_ui,1200,800,512,341,89,64,64,2,7549,10884,0.6935869165747887,4.59687,34.20566002335793,0.9671140106131961,0.9937614729564893,0.9945948099467989,0.9841082847264558
chat_preview,ui_text,chat_ui,1200,800,512,341,89,64,64,3,10884,10884,1.0,4.88563,39.29728415877519,0.9886039549384408,0.9973973430402863,0.9983373173039382,0.9949438627261014
chat_preview,ui_text,chat_ui,1200,800,512,341,90,64,32,0,1142,7477,0.1527350541661094,4.30258,25.644517511888335,0.8179554861978114,0.7922051174187033,0.7907647877716865,0.6456505467673727
chat_preview,ui_text,chat_ui,1200,800,512,341,90,64,32,1,2212,7477,0.29584057777183365,4.31183,28.27239137541499,0.8522505046000567,0.9037943449078324,0.9036760924660548,0.8702638945811305
chat_preview,ui_text,chat_ui,1200,800,512,341,90,64,32,2,3863,7477,0.516651063260666,4.40108,30.583047767600814,0.9160954274105136,0.9630297450101356,0.9637325167897507,0.9432658462776695
chat_preview,ui_text,chat_ui,1200,800,512,341,90,64,32,3,5785,7477,0.7737060318309482,4.54096,33.82105800977528,0.9612611862964631,0.9907198994415168,0.9919942850534763,0.981257818618562
chat_preview,ui_text,chat_ui,1200,800,512,341,90,64,32,4,7477,7477,1.0,4.75146,36.64523352344486,0.9771519357089701,0.9937343977560235,0.9951099226762973,0.9899433225010977
chat_preview,ui_text,chat_ui,1200,800,512,341,90,64,64,0,1878,11061,0.1697857336588012,4.27992,28.290538571005683,0.8537915954336803,0.904639681385503,0.9042219160811091,0.8700662750777098
chat_preview,ui_text,chat_ui,1200,800,512,341,90,64,64,1,4272,11061,0.3862218605912666,4.46237,30.65767327785541,0.9187248658802506,0.9647831797067293,0.9651805115835103,0.9444228731816197
chat_preview,ui_text,chat_ui,1200,800,512,341,90,64,64,2,7677,11061,0.694060211554109,4.65029,34.21930318394962,0.9673315799014196,0.9938436314006381,0.994650996466361,0.9841568431233323
chat_preview,ui_text,chat_ui,1200,800,512,341,90,64,64,3,11061,11061,1.0,4.80537,39.42411464273617,0.9890939276161079,0.9975217204303909,0.9984285837279087,0.9950899039897877
chat_preview,ui_text,chat_ui,1200,800,512,341,91,64,32,0,1142,7774,0.14689992281965525,4.25537,25.644517511888335,0.8179554861978114,0.7922051174187033,0.7907647877716865,0.6456505467673727
chat_preview,ui_text,chat_ui,1200,800,512,341,91,64,32,1,2213,7774,0.2846668381785439,4.37133,28.272467274232568,0.8523071845285367,0.9038062258573368,0.903679121174313,0.8702063369031848
chat_preview,ui_text,chat_ui,1200,800,512,341,91,64,32,2,3945,7774,0.507460766658091,4.42521,30.59840730734992,0.9164373661000415,0.9630038296600838,0.9636751189507049,0.9434357739442614
chat_preview,ui_text,chat_ui,1200,800,512,341,91,64,32,3,5987,7774,0.770131206586056,4.61604,33.88469239547695,0.9623934956839864,0.9912555567656375,0.9924930830340034,0.9817400589943966
chat_preview,ui_text,chat_ui,1200,800,512,341,91,64,32,4,7774,7774,1.0,4.63904,36.93528516714623,0.9790132742183747,0.9943315481062909,0.9956684860966711,0.9906747829133071
chat_preview,ui_text,chat_ui,1200,800,512,341,91,64,64,0,1878,11508,0.16319082377476538,4.33692,28.290538571005683,0.8537915954336803,0.904639681385503,0.9042219160811091,0.8700662750777098
chat_preview,ui_text,chat_ui,1200,800,512,341,91,64,64,1,4277,11508,0.37165450121654503,4.42112,30.656315968288034,0.9187243654048096,0.9647854668319521,0.9651829003838268,0.9444067880873348
chat_preview,ui_text,chat_ui,1200,800,512,341,91,64,64,2,7880,11508,0.6847410497045534,4.67642,34.244796920496896,0.9677413716845985,0.9939635885371517,0.9947829945962213,0.9841786406114892
chat_preview,ui_text,chat_ui,1200,800,512,341,91,64,64,3,11508,11508,1.0,4.76079,39.61839016115497,0.9897788086249685,0.9977624047322609,0.9986891987457811,0.9952833756392843
chat_preview,ui_text,chat_ui,1200,800,512,341,92,64,32,0,1142,7999,0.1427678459807476,4.23525,25.644517511888335,0.8179554861978114,0.7922051174187033,0.7907647877716865,0.6456505467673727
chat_preview,ui_text,chat_ui,1200,800,512,341,92,64,32,1,2225,7999,0.2781597699712464,4.346,28.270668246680696,0.852308053887938,0.9037783150823783,0.9036548513327001,0.8701909456069321
chat_preview,ui_text,chat_ui,1200,800,512,341,92,64,32,2,3975,7999,0.49693711713964245,4.48992,30.59858000631249,0.9166846094532023,0.9630464262643663,0.9636827723373323,0.9434591028101722
chat_preview,ui_text,chat_ui,1200,800,512,341,92,64,32,3,6104,7999,0.7630953869233654,4.59075,33.926923020786994,0.9629110685799325,0.9913030568853185,0.9924756813910938,0.9819518259912843
chat_preview,ui_text,chat_ui,1200,800,512,341,92,64,32,4,7999,7999,1.0,4.77017,37.209522454401714,0.9802983124888848,0.9946022629456569,0.9958610839644488,0.9912634144106253
chat_preview,ui_text,chat_ui,1200,800,512,341,92,64,64,0,1878,11696,0.16056771545827633,4.27804,28.290538571005683,0.8537915954336803,0.904639681385503,0.9042219160811091,0.8700662750777098
chat_preview,ui_text,chat_ui,1200,800,512,341,92,64,64,1,4299,11696,0.36756155950752395,4.41117,30.65765384234245,0.9187600634031123,0.9647846675623023,0.9651767476781156,0.9444112561047844
chat_preview,ui_text,chat_ui,1200,800,512,341,92,64,64,2,7952,11696,0.679890560875513,4.89304,34.24874083013965,0.9678211287672336,0.9939805171497046,0.9947865629866987,0.984222919268472
chat_preview,ui_text,chat_ui,1200,800,512,341,92,64,64,3,11696,11696,1.0,4.88208,39.75177712103957,0.9901912006594373,0.9977989592131481,0.9987094231578318,0.9954274604260541
chat_preview,ui_text,chat_ui,1200,800,512,341,93,64,32,0,1142,8288,0.13778957528957528,4.28375,25.644517511888335,0.8179554861978114,0.7922051174187033,0.7907647877716865,0.6456505467673727
chat_preview,ui_text,chat_ui,1200,800,512,341,93,64,32,1,2238,8288,0.2700289575289575,4.59192,28.272440289738014,0.8523429958659513,0.9038415030756234,0.9036633925333303,0.8701808424213814
chat_preview,ui_text,chat_ui,1200,800,512,341,93,64,32,2,4013,8288,0.48419401544401547,4.46483,30.602071021950543,0.9167330804246864,0.963041425710852,0.9636167585193894,0.9435075665591275
chat_preview,ui_text,chat_ui,1200,800,512,341,93,64,32,3,6269,8288,0.7563947876447876,4.56292,33.976629055753776,0.9632576538988187,0.9914567519295323,0.992564550611571,0.9823031747243289
chat_preview,ui_text,chat_ui,1200,800,512,341,93,64,32,4,8288,8288,1.0,4.73987,37.48594466990714,0.981234230641201,0.9947307042528442,0.9959291077468421,0.9917552399756667
chat_preview,ui_text,chat_ui,1200,800,512,341,93,64,64,0,1878,12071,0.1555794880291608,4.28412,28.290538571005683,0.8537915954336803,0.904639681385503,0.9042219160811091,0.8700662750777098
chat_preview,ui_text,chat_ui,1200,800,512,341,93,64,64,1,4327,12071,0.35846243061883853,4.38462,30.654626228648198,0.9187361027531896,0.9647286754649009,0.9651234550903751,0.9443613920446488
chat_preview,ui_text,chat_ui,1200,800,512,341,93,64,64,2,8029,12071,0.6651478750724877,4.59592,34.25372185558669,0.9678816670859419,0.9939972776607592,0.9947930178574437,0.9842571730636531
chat_preview,ui_text,chat_ui,1200,800,512,341,93,64,64,3,12071,12071,1.0,4.80858,39.85463116180097,0.9903365745734565,0.997820641370662,0.9987281005156806,0.9955361780359532
chat_preview,ui_text,chat_ui,1200,800,512,341,94,64,32,0,1142,8740,0.13066361556064074,4.29696,25.644517511888335,0.8179554861978114,0.7922051174187033,0.7907647877716865,0.6456505467673727
chat_preview,ui_text,chat_ui,1200,800,512,341,94,64,32,1,2238,8740,0.2560640732265446,4.46371,28.272440289738014,0.8523429958659513,0.9038415030756234,0.9036633925333303,0.8701808424213814
chat_preview,ui_text,chat_ui,1200,800,512,341,94,64,32,2,4155,8740,0.4754004576659039,4.42858,30.616484388757677,0.9171532739488018,0.9633337964469985,0.9639429787925605,0.9438144975347398
chat_preview,ui_text,chat_ui,1200,800,512,341,94,64,32,3,6505,8740,0.744279176201373,4.57075,34.0234859685835,0.963883883530654,0.991767740690147,0.9928746941930615,0.982641880957298
chat_preview,ui_text,chat_ui,1200,800,512,341,94,64,32,4,8740,8740,1.0,4.8275,37.83016909054411,0.9827941965747765,0.9952698578071102,0.9964815630282909,0.9925192315852147
chat_preview,ui_text,chat_ui,1200,800,512,341,94,64,64,0,1878,12566,0.1494508992519497,5.099,28.290538571005683,0.8537915954336803,0.904639681385503,0.9042219160811091,0.8700662750777098
chat_preview,ui_text,chat_ui,1200,800,512,341,94,64,64,1,4327,12566,0.3443418749005252,4.58988,30.654626228648198,0.9187361027531896,0.9647286754649009,0.9651234550903751,0.9443613920446488
chat_preview,ui_text,chat_ui,1200,800,512,341,94,64,64,2,8360,12566,0.6652872831449944,4.88087,34.27820828479058,0.968221700771144,0.9942037184442037,0.9950090200187675,0.9844529150522656
chat_preview,ui_text,chat_ui,1200,800,512,341,94,64,64,3,12566,12566,1.0,5.02233,40.03168196726715,0.9909321912333425,0.9979628125849404,0.9988751624849734,0.9957194986347221
chat_preview,ui_text,chat_ui,1200,800,512,341,95,64,32,0,1304,15468,0.08430307732092061,4.23942,25.660238436485173,0.8185067648256088,0.7914486404434617,0.7902867195064366,0.6417562259734012
chat_preview,ui_text,chat_ui,1200,800,512,341,95,64,32,1,2587,15468,0.16724851305921903,4.392,28.364714159739872,0.854191331345461,0.9048068377510031,0.9040704516516725,0.8706556328195799
chat_preview,ui_text,chat_ui,1200,800,512,341,95,64,32,2,4934,15468,0.3189811223170416,4.41525,30.831199904682865,0.9197808292394468,0.9645645837802244,0.9645892283308808,0.9453674546862622
chat_preview,ui_text,chat_ui,1200,800,512,341,95,64,32,3,9114,15468,0.5892164468580294,4.75796,34.864681957327306,0.9706376281993782,0.9945895267105502,0.9947227438218251,0.9862400920720761
chat_preview,ui_text,chat_ui,1200,800,512,341,95,64,32,4,15468,15468,1.0,4.99246,47.01691176087705,0.9959416346781834,0.9986953642819959,0.998831824837067,0.9987688705417564
chat_preview,ui_text,chat_ui,1200,800,512,341,95,64,64,0,2205,19034,0.11584532941052852,4.97842,28.370107777147506,0.8544024808404577,0.9049127055089095,0.9042024160136919,0.8708154661215097
chat_preview,ui_text,chat_ui,1200,800,512,341,95,64,64,1,5156,19034,0.27088368183251027,4.59071,30.848767371357848,0.9204635019418766,0.9650517460958293,0.9651030162853247,0.9457013030352932
chat_preview,ui_text,chat_ui,1200,800,512,341,95,64,64,2,10328,19034,0.5426079646947568,4.80517,34.94240493999412,0.9719435262010759,0.9953249674669156,0.9954208503140918,0.9867793305143147
chat_preview,ui_text,chat_ui,1200,800,512,341,95,64,64,3,19034,19034,1.0,5.26571,50.90420885860198,0.9980999033521526,0.9994907414209901,0.9995737642508693,0.999503122258724
chat_preview,ui_text,chat_ui,1200,800,512,341,96,64,32,0,1304,16372,0.07964817981920352,4.21596,25.660238436485173,0.8185067648256088,0.7914486404434617,0.7902867195064366,0.6417562259734012
chat_preview,ui_text,chat_ui,1200,800,512,341,96,64,32,1,2624,16372,0.16027363791839727,4.35958,28.36771703526681,0.8544330076984886,0.9048868321129174,0.904176094506816,0.8706665903920858
chat_preview,ui_text,chat_ui,1200,800,512,341,96,64,32,2,5190,16372,0.31700464207182993,4.43304,30.83476687441225,0.9198940558186391,0.9650242910322798,0.9651083538367878,0.9455304015476128
chat_preview,ui_text,chat_ui,1200,800,512,341,96,64,32,3,9432,16372,0.5761055460542389,4.65792,34.86998727737968,0.9706138896505502,0.9946664807890345,0.9948246747703965,0.9862990021139765
chat_preview,ui_text,chat_ui,1200,800,512,341,96,64,32,4,16372,16372,1.0,5.28679,47.36835403234724,0.9959985164489473,0.998713244203539,0.9988718726598848,0.9988320773475448
chat_preview,ui_text,chat_ui,1200,800,512,341,96,64,64,0,2205,19925,0.11066499372647427,4.25458,28.370107777147506,0.8544024808404577,0.9049127055089095,0.9042024160136919,0.8708154661215097
chat_preview,ui_text,chat_ui,1200,800,512,341,96,64,64,1,5264,19925,0.26419071518193227,4.46458,30.852124907823303,0.9206170914393071,0.9651367861147708,0.9651825697081969,0.9457610477299896
chat_preview,ui_text,chat_ui,1200,800,512,341,96,64,64,2,11034,19925,0.5537766624843162,4.65717,34.964021688779056,0.9723829350152275,0.9955658876955216,0.9956321866235196,0.9869641172869767
chat_preview,ui_text,chat_ui,1200,800,512,341,96,64,64,3,19925,19925,1.0,5.2685,51.47894050551035,0.9984724673656755,0.9996260298675014,0.9996784919337524,0.9995939833845865
chat_preview,ui_text,chat_ui,1200,800,512,341,97,64,32,0,1304,17007,0.0766743105779973,4.42171,25.660238436485173,0.8185067648256088,0.7914486404434617,0.7902867195064366,0.6417562259734012
chat_preview,ui_text,chat_ui,1200,800,512,341,97,64,32,1,2624,17007,0.15428941024284118,4.33867,28.36771703526681,0.8544330076984886,0.9048868321129174,0.904176094506816,0.8706665903920858
chat_preview,ui_text,chat_ui,1200,800,512,341,97,64,32,2,5190,17007,0.30516846004586345,4.46946,30.83476687441225,0.9198940558186391,0.9650242910322798,0.9651083538367878,0.9455304015476128
chat_preview,ui_text,chat_ui,1200,800,512,341,97,64,32,3,9772,17007,0.5745869347915564,4.65362,34.896422534148485,0.9710213164730038,0.9948786482386875,0.9950323255018702,0.986506494507075
chat_preview,ui_text,chat_ui,1200,800,512,341,97,64,32,4,17007,17007,1.0,5.12767,48.22210191680226,0.9966092504716904,0.9988683719945756,0.9990139250833453,0.9990083734064304
chat_preview,ui_text,chat_ui,1200,800,512,341,97,64,64,0,2205,20875,0.10562874251497006,4.23675,28.370107777147506,0.8544024808404577,0.9049127055089095,0.9042024160136919,0.8708154661215097
chat_preview,ui_text,chat_ui,1200,800,512,341,97,64,64,1,5264,20875,0.2521676646706587,4.492,30.852124907823303,0.9206170914393071,0.9651367861147708,0.9651825697081969,0.9457610477299896
chat_preview,ui_text,chat_ui,1200,800,512,341,97,64,64,2,11034,20875,0.5285748502994012,4.82704,34.964021688779056,0.9723829350152275,0.9955658876955216,0.9956321866235196,0.9869641172869767
chat_preview,ui_text,chat_ui,1200,800,512,341,97,64,64,3,20875,20875,1.0,5.38442,52.02327959379935,0.9985470273122182,0.9996665161466917,0.9997205473708916,0.9996347132538653
chat_preview,ui_text,chat_ui,1200,800,512,341,98,64,32,0,1304,17699,0.07367647889711283,4.42421,25.660238436485173,0.8185067648256088,0.7914486404434617,0.7902867195064366,0.6417562259734012
chat_preview,ui_text,chat_ui,1200,800,512,341,98,64,32,1,2691,17699,0.15204248827617378,4.50917,28.367272315906902,0.8541872695397988,0.9046303699021928,0.9040436589287705,0.8706940024055548
chat_preview,ui_text,chat_ui,1200,800,512,341,98,64,32,2,5402,17699,0.3052149838973953,4.55329,30.830533980927385,0.9198964077766575,0.9648156453802957,0.9648537964630259,0.945490402675522
chat_preview,ui_text,chat_ui,1200,800,512,341,98,64,32,3,10178,17699,0.5750607378947963,4.84679,34.89065189754681,0.9710278965051092,0.994715785975134,0.9948760386081078,0.986439211215545
chat_preview,ui_text,chat_ui,1200,800,512,341,98,64,32,4,17699,17699,1.0,5.19829,48.11582993429951,0.9966514915189091,0.9987471707759354,0.9989073148348396,0.998929291424381
chat_preview,ui_text,chat_ui,1200,800,512,341,98,64,64,0,2205,21905,0.10066194932663776,4.56983,28.370107777147506,0.8544024808404577,0.9049127055089095,0.9042024160136919,0.8708154661215097
chat_preview,ui_text,chat_ui,1200,800,512,341,98,64,64,1,5404,21905,0.24670166628623602,4.55462,30.849068308418687,0.920616342265174,0.9650687965439385,0.965150504131022,0.9456959775321591
chat_preview,ui_text,chat_ui,1200,800,512,341,98,64,64,2,11590,21905,0.5291029445332116,4.73775,34.959262987471156,0.9723297007712116,0.9954686065355234,0.9955820190443467,0.986904449393595
chat_preview,ui_text,chat_ui,1200,800,512,341,98,64,64,3,21905,21905,1.0,5.38708,51.75563472414979,0.998445949992726,0.99957633347885,0.9996767663507122,0.9995771941499004
chat_preview,ui_text,chat_ui,1200,800,512,341,99,64,32,0,1304,18669,0.06984841180566714,4.39383,25.660238436485173,0.8185067648256088,0.7914486404434617,0.7902867195064366,0.6417562259734012
chat_preview,ui_text,chat_ui,1200,800,512,341,99,64,32,1,2724,18669,0.1459103326369918,4.35442,28.36739113093519,0.8541723736343778,0.9046121720078416,0.9039733842473758,0.8707113300270247
chat_preview,ui_text,chat_ui,1200,800,512,341,99,64,32,2,5466,18669,0.2927848304676201,4.63075,30.832241532047036,0.9198992721066724,0.9648303566101822,0.9648743919566544,0.9455303759106478
chat_preview,ui_text,chat_ui,1200,800,512,341,99,64,32,3,10452,18669,0.5598585891049334,4.79962,34.88506641688352,0.9711829449128572,0.9947104696635015,0.994869544036535,0.9863529727858862
chat_preview,ui_text,chat_ui,1200,800,512,341,99,64,32,4,18669,18669,1.0,5.24162,48.526100265216016,0.9970685695715096,0.998839207119174,0.9989941889238321,0.9989750439059802
chat_preview,ui_text,chat_ui,1200,800,512,341,99,64,64,0,2205,22608,0.09753184713375797,4.44242,28.370107777147506,0.8544024808404577,0.9049127055089095,0.9042024160136919,0.8708154661215097
chat_preview,ui_text,chat_ui,1200,800,512,341,99,64,64,1,5482,22608,0.24248053786270346,4.59525,30.848126651090674,0.9205974573743365,0.9650513613191848,0.9651270522991016,0.9456687885151506
chat_preview,ui_text,chat_ui,1200,800,512,341,99,64,64,2,11761,22608,0.5202140835102619,4.94775,34.95859272778696,0.972309305920994,0.995457848354841,0.9955741225025693,0.9868936866735155
chat_preview,ui_text,chat_ui,1200,800,512,341,99,64,64,3,22608,22608,1.0,5.33125,52.337680704600764,0.9987193605788506,0.9995997312783623,0.9997022229038757,0.99959373725411
chat_preview,ui_text,chat_ui,1200,800,512,341,100,64,32,0,1304,36224,0.0359982332155477,4.42446,25.660238436485173,0.8185067648256088,0.7914486404434617,0.7902867195064366,0.6417562259734012
chat_preview,ui_text,chat_ui,1200,800,512,341,100,64,32,1,2790,36224,0.0770207597173145,4.25083,28.370107777147506,0.8544024808404577,0.9049127055089095,0.9042024160136919,0.8708154661215097
chat_preview,ui_text,chat_ui,1200,800,512,341,100,64,32,2,6249,36224,0.17250993816254417,4.46488,30.85419115706649,0.9208954187379074,0.9652666407989976,0.9652305553657962,0.9458031103163609
chat_preview,ui_text,chat_ui,1200,800,512,341,100,64,32,3,14580,36224,0.40249558303886923,4.94475,34.98801757732204,0.972843226824787,0.99569429785082,0.9957106261530831,0.9870633217998637
chat_preview,ui_text,chat_ui,1200,800,512,341,100,64,32,4,36224,36224,1.0,5.90246,99.0,1.0,1.0,0.9999999999975234,1.0
chat_preview,ui_text,chat_ui,1200,800,512,341,100,64,64,0,2205,35602,0.0619347227683838,4.355,28.370107777147506,0.8544024808404577,0.9049127055089095,0.9042024160136919,0.8708154661215097
chat_preview,ui_text,chat_ui,1200,800,512,341,100,64,64,1,5627,35602,0.15805291837537216,4.42642,30.85419115706649,0.9208954187379074,0.9652666407989976,0.9652305553657962,0.9458031103163609
chat_preview,ui_text,chat_ui,1200,800,512,341,100,64,64,2,13958,35602,0.3920566260322454,4.64817,34.98801757732204,0.972843226824787,0.99569429785082,0.9957106261530831,0.9870633217998637
chat_preview,ui_text,chat_ui,1200,800,512,341,100,64,64,3,35602,35602,1.0,5.93063,99.0,1.0,1.0,0.9999999999975234,1.0
chat_preview,ui_text,meme_card,1200,800,512,341,1,64,32,0,1005,1718,0.5849825378346915,4.36108,22.227222437129374,0.7598261480829461,0.8965759644428596,0.9018074052754828,0.9616635274846256
chat_preview,ui_text,meme_card,1200,800,512,341,1,64,32,1,1357,1718,0.789871944121071,4.55792,25.300902911555575,0.8512109336081641,0.9415875634062779,0.9467012151849663,0.9846173146892594
chat_preview,ui_text,meme_card,1200,800,512,341,1,64,32,2,1633,1718,0.9505238649592549,4.36858,28.894496763154038,0.9076985757446784,0.9646853957582758,0.9758790907106153,0.9945705013959963
chat_preview,ui_text,meme_card,1200,800,512,341,1,64,32,3,1718,1718,1.0,4.42646,29.811065497598264,0.9110046172732025,0.9640304729727068,0.9766566085832167,0.9952802717876942
chat_preview,ui_text,meme_card,1200,800,512,341,1,64,32,4,1718,1718,1.0,4.36217,29.811065497598264,0.9110046172732025,0.9640304729727068,0.9766566085832167,0.9952802717876942
chat_preview,ui_text,meme_card,1200,800,512,341,1,64,64,0,1554,2472,0.6286407766990292,4.31467,25.402795487330106,0.8455274836123512,0.941243102926447,0.9466839958705582,0.9852016412124941
chat_preview,ui_text,meme_card,1200,800,512,341,1,64,64,1,2062,2472,0.8341423948220065,4.50358,29.747896901984966,0.9166783660843506,0.970654100062736,0.9791600389400615,0.9960043363102622
chat_preview,ui_text,meme_card,1200,800,512,341,1,64,64,2,2310,2472,0.9344660194174758,4.42254,31.574940104276852,0.9272163304522043,0.9722530614775003,0.9825431290131796,0.9974168957219894
chat_preview,ui_text,meme_card,1200,800,512,341,1,64,64,3,2472,2472,1.0,4.53646,32.99832484772081,0.9326563864655953,0.9737199778596706,0.9841061749800818,0.997999210572684
chat_preview,ui_text,meme_card,1200,800,512,341,2,64,32,0,1029,1743,0.5903614457831325,4.31492,22.23501371290677,0.7600888240569937,0.8985324180488196,0.9047049548322701,0.9620041454646818
chat_preview,ui_text,meme_card,1200,800,512,341,2,64,32,1,1382,1743,0.7928858290304074,4.4795,25.302251170168457,0.8513752329486458,0.9428684961896051,0.9485189781333454,0.9847382494049437
chat_preview,ui_text,meme_card,1200,800,512,341,2,64,32,2,1658,1743,0.9512335054503729,4.42504,28.90998094381134,0.9082383002431605,0.9661203840845349,0.9776654770798842,0.9946487601418941
chat_preview,ui_text,meme_card,1200,800,512,341,2,64,32,3,1743,1743,1.0,4.46308,29.824606971302806,0.911563283810317,0.9655351671554467,0.9785617660009022,0.9953489384002108
chat_preview,ui_text,meme_card,1200,800,512,341,2,64,32,4,1743,1743,1.0,4.44562,29.824606971302806,0.911563283810317,0.9655351671554467,0.9785617660009022,0.9953489384002108
chat_preview,ui_text,meme_card,1200,800,512,341,2,64,64,0,1592,2510,0.6342629482071713,4.43321,25.37410631296027,0.8469239037257233,0.9426490988453632,0.9487917301295775,0.9849329708282323
chat_preview,ui_text,meme_card,1200,800,512,341,2,64,64,1,2100,2510,0.8366533864541833,4.50667,29.70680887620024,0.9183291910510838,0.972618047376587,0.9818081156156919,0.9959436137396701
chat_preview,ui_text,meme_card,1200,800,512,341,2,64,64,2,2348,2510,0.9354581673306773,4.50342,31.508153842761565,0.9277534140942937,0.9736881953647316,0.9846547132012045,0.9973882138336642
chat_preview,ui_text,meme_card,1200,800,512,341,2,64,64,3,2510,2510,1.0,4.51713,32.89762796759586,0.9333916791487331,0.9751487679209312,0.9861946898988136,0.9979686950264158
chat_preview,ui_text,meme_card,1200,800,512,341,3,64,32,0,1029,1757,0.5856573705179283,4.5355,22.23501371290677,0.7600888240569937,0.8985324180488196,0.9047049548322701,0.9620041454646818
chat_preview,ui_text,meme_card,1200,800,512,341,3,64,32,1,1385,1757,0.78827546955037,4.25287,25.313078509856886,0.851463471933381,0.9428454179058731,0.9483971562633052,0.9847744919256175
chat_preview,ui_text,meme_card,1200,800,512,341,3,64,32,2,1671,1757,0.9510529311326124,4.34575,28.95650908154289,0.9074078145199304,0.9658175364993505,0.9769932237387386,0.9946917645190105
chat_preview,ui_text,meme_card,1200,800,512,341,3,64,32,3,1757,1757,1.0,4.62046,29.906210790075562,0.9116486909542093,0.9651891076773529,0.9777428201358087,0.9953711874895015
chat_preview,ui_text,meme_card,1200,800,512,341,3,64,32,4,1757,1757,1.0,4.39412,29.906210790075562,0.9116486909542093,0.9651891076773529,0.9777428201358087,0.9953711874895015
chat_preview,ui_text,meme_card,1200,800,512,341,3,64,64,0,1592,2521,0.6314954383181277,4.23037,25.37410631296027,0.8469239037257233,0.9426490988453632,0.9487917301295775,0.9849329708282323
chat_preview,ui_text,meme_card,1200,800,512,341,3,64,64,1,2104,2521,0.8345894486314954,4.37575,29.710586810697407,0.9182700889686299,0.9726334290918205,0.981787744489126,0.9959478931016355
chat_preview,ui_text,meme_card,1200,800,512,341,3,64,64,2,2354,2521,0.9337564458548195,4.38458,31.52722520786073,0.9276053827338289,0.9736467389278637,0.9846683194860955,0.9974008180731232
chat_preview,ui_text,meme_card,1200,800,512,341,3,64,64,3,2521,2521,1.0,4.48671,32.973151507952856,0.9334303592425486,0.9751681511038569,0.9862393214951086,0.9979963864604254
chat_preview,ui_text,meme_card,1200,800,512,341,4,64,32,0,1045,1785,0.5854341736694678,4.43112,22.23501371290677,0.7600888240569937,0.8985324180488196,0.9047049548322701,0.9620041454646818
chat_preview,ui_text,meme_card,1200,800,512,341,4,64,32,1,1403,1785,0.7859943977591036,4.28367,25.312558964833194,0.8514640141277529,0.9428410916497599,0.9484032242118823,0.9847726060797007
chat_preview,ui_text,meme_card,1200,800,512,341,4,64,32,2,1689,1785,0.946218487394958,4.289,28.957415395902743,0.9075988643222929,0.9658504656171573,0.9769948120743764,0.9946916850632479
chat_preview,ui_text,meme_card,1200,800,512,341,4,64,32,3,1775,1785,0.9943977591036415,4.41137,29.92901388401572,0.9118222637234181,0.9652650156712014,0.9777675863967117,0.9953944056495331
chat_preview,ui_text,meme_card,1200,800,512,341,4,64,32,4,1785,1785,1.0,4.47658,29.93121954866574,0.911887950456063,0.9652830618453558,0.9777831711238281,0.9953967260470017
chat_preview,ui_text,meme_card,1200,800,512,341,4,64,64,0,1592,2524,0.6307448494453248,4.37392,25.37410631296027,0.8469239037257233,0.9426490988453632,0.9487917301295775,0.9849329708282323
chat_preview,ui_text,meme_card,1200,800,512,341,4,64,64,1,2104,2524,0.8335974643423137,4.39892,29.710557703163786,0.9182702924744763,0.9726334651903489,0.9817877769957923,0.9959478562479966
chat_preview,ui_text,meme_card,1200,800,512,341,4,64,64,2,2355,2524,0.9330427892234548,4.36496,31.52750361861871,0.9275995042720379,0.9736524544595692,0.9846705510638611,0.997401468988047
chat_preview,ui_text,meme_card,1200,800,512,341,4,64,64,3,2524,2524,1.0,4.52146,33.00439705590358,0.9334429518261796,0.9751937566713758,0.9862556040492901,0.9980039115727486
chat_preview,ui_text,meme_card,1200,800,512,341,5,64,32,0,1057,1799,0.5875486381322957,4.26392,22.230238621235653,0.7610853044615418,0.8992486107359121,0.9058125989868062,0.9619684587692436
chat_preview,ui_text,meme_card,1200,800,512,341,5,64,32,1,1414,1799,0.7859922178988327,4.34104,25.31604776945094,0.8535948188835386,0.9440553699455286,0.9501109807772147,0.9848147537868058
chat_preview,ui_text,meme_card,1200,800,512,341,5,64,32,2,1703,1799,0.9466370205669816,4.32454,28.961861050206114,0.9093951832779252,0.9669020495532918,0.9791222436303592,0.9947048476938711
chat_preview,ui_text,meme_card,1200,800,512,341,5,64,32,3,1789,1799,0.9944413563090606,4.48637,29.958499044616985,0.9130827026319839,0.9662183838805515,0.9798383826954739,0.9954365541449396
chat_preview,ui_text,meme_card,1200,800,512,341,5,64,32,4,1799,1799,1.0,4.41933,29.96106308884245,0.9131524286335032,0.9662374730266213,0.9798544133931396,0.9954390413527193
chat_preview,ui_text,meme_card,1200,800,512,341,5,64,64,0,1615,2555,0.6320939334637965,4.35837,25.38991941721831,0.8491140896212452,0.9439965307385737,0.9492948135953768,0.9850013138198698
chat_preview,ui_text,meme_card,1200,800,512,341,5,64,64,1,2133,2555,0.8348336594911937,4.62758,29.72644790451333,0.9201479366663348,0.9737851549483847,0.9824033786509806,0.9959772075922538
chat_preview,ui_text,meme_card,1200,800,512,341,5,64,64,2,2386,2555,0.9338551859099804,4.41829,31.559732893541373,0.9295858672617845,0.9748061836828743,0.9853441917772089,0.9974261266386204
chat_preview,ui_text,meme_card,1200,800,512,341,5,64,64,3,2555,2555,1.0,4.47646,33.04862569738515,0.9351892662398726,0.9762867876112414,0.9868890688760561,0.9980230909407631
chat_preview,ui_text,meme_card,1200,800,512,341,6,64,32,0,1057,1803,0.5862451469772602,4.35975,22.230238621235653,0.7610853044615418,0.8992486107359121,0.9058125989868062,0.9619684587692436
chat_preview,ui_text,meme_card,1200,800,512,341,6,64,32,1,1414,1803,0.7842484747642817,4.46679,25.311009149400313,0.8534910834704593,0.9441454920042247,0.9502193195647151,0.984803696004173
chat_preview,ui_text,meme_card,1200,800,512,341,6,64,32,2,1707,1803,0.9467554076539102,4.30829,28.960742309022244,0.9097799300762492,0.9671192606965452,0.979207841725331,0.9947127964311007
chat_preview,ui_text,meme_card,1200,800,512,341,6,64,32,3,1793,1803,0.9944536882972823,4.34171,29.987865050102144,0.9134977490155104,0.9664558471658148,0.9798551527970686,0.9954673311157929
chat_preview,ui_text,meme_card,1200,800,512,341,6,64,32,4,1803,1803,1.0,4.40908,29.990476777516637,0.9135688858211485,0.9664752984516264,0.9798715807435455,0.9954698592059178
chat_preview,ui_text,meme_card,1200,800,512,341,6,64,64,0,1615,2559,0.6311059007424775,4.28942,25.38991941721831,0.8491140896212452,0.9439965307385737,0.9492948135953768,0.9850013138198698
chat_preview,ui_text,meme_card,1200,800,512,341,6,64,64,1,2135,2559,0.8343102774521297,4.47108,29.737822774504018,0.9202858649763055,0.973820143894753,0.9823893215250241,0.9959929367740771
chat_preview,ui_text,meme_card,1200,800,512,341,6,64,64,2,2385,2559,0.9320046893317703,4.48554,31.60361256787263,0.9296949164551451,0.9748887066528366,0.9853846620205676,0.9974583193940213
chat_preview,ui_text,meme_card,1200,800,512,341,6,64,64,3,2559,2559,1.0,4.60808,33.14784311052345,0.935488084505958,0.976388454170689,0.9869426553235353,0.9980665850065139
chat_preview,ui_text,meme_card,1200,800,512,341,7,64,32,0,1057,1803,0.5862451469772602,4.24975,22.230238621235653,0.7610853044615418,0.8992486107359121,0.9058125989868062,0.9619684587692436
chat_preview,ui_text,meme_card,1200,800,512,341,7,64,32,1,1414,1803,0.7842484747642817,4.26158,25.311009149400313,0.8534910834704593,0.9441454920042247,0.9502193195647151,0.984803696004173
chat_preview,ui_text,meme_card,1200,800,512,341,7,64,32,2,1707,1803,0.9467554076539102,4.31083,28.968510272149107,0.9099686587760133,0.9671787347634186,0.9792286714524168,0.994723051222559
chat_preview,ui_text,meme_card,1200,800,512,341,7,64,32,3,1793,1803,0.9944536882972823,4.31917,29.99164202321582,0.9138996590669682,0.9665068844786183,0.9799336071246049,0.9954677387673803
chat_preview,ui_text,meme_card,1200,800,512,341,7,64,32,4,1803,1803,1.0,4.40471,29.994417882948937,0.9139706139466249,0.9665263405461278,0.9799500681979524,0.9954703491505947
chat_preview,ui_text,meme_card,1200,800,512,341,7,64,64,0,1615,2559,0.6311059007424775,4.26746,25.38991941721831,0.8491140896212452,0.9439965307385737,0.9492948135953768,0.9850013138198698
chat_preview,ui_text,meme_card,1200,800,512,341,7,64,64,1,2135,2559,0.8343102774521297,4.32242,29.737822774504018,0.9202858649763055,0.973820143894753,0.9823893215250241,0.9959929367740771
chat_preview,ui_text,meme_card,1200,800,512,341,7,64,64,2,2385,2559,0.9320046893317703,4.45092,31.603153452797454,0.9297096552252883,0.9748929265665587,0.9853869004978781,0.9974578371684258
chat_preview,ui_text,meme_card,1200,800,512,341,7,64,64,3,2559,2559,1.0,4.40471,33.15477301777621,0.9355415166413219,0.9763950063499438,0.986950169868077,0.9980677785407062
chat_preview,ui_text,meme_card,1200,800,512,341,8,64,32,0,1057,1817,0.5817281232801321,4.43496,22.230238621235653,0.7610853044615418,0.8992486107359121,0.9058125989868062,0.9619684587692436
chat_preview,ui_text,meme_card,1200,800,512,341,8,64,32,1,1416,1817,0.779306549257017,4.27775,25.32142409676966,0.8533381847001283,0.9441395993023511,0.9502178550976041,0.9848468263888638
chat_preview,ui_text,meme_card,1200,800,512,341,8,64,32,2,1716,1817,0.9444138690148597,4.35562,29.000350313357824,0.9097036236504996,0.9673230781035379,0.9791708221701775,0.9947826272004173
chat_preview,ui_text,meme_card,1200,800,512,341,8,64,32,3,1807,1817,0.9944964226747386,4.44496,30.056484373523457,0.9140624974267982,0.9667850993945909,0.9799743728814353,0.9955405892621813
chat_preview,ui_text,meme_card,1200,800,512,341,8,64,32,4,1817,1817,1.0,4.51917,30.059221599235634,0.9141266992682017,0.9668082165972076,0.979992857189797,0.9955438381229356
chat_preview,ui_text,meme_card,1200,800,512,341,8,64,64,0,1647,2635,0.6250474383301707,4.30367,25.38991941721831,0.8491140896212452,0.9439965307385737,0.9492948135953768,0.9850013138198698
chat_preview,ui_text,meme_card,1200,800,512,341,8,64,64,1,2172,2635,0.8242884250474384,4.43654,29.745140218403975,0.9204377040988946,0.9738628752814921,0.9824101553574055,0.9960000834750784
chat_preview,ui_text,meme_card,1200,800,512,341,8,64,64,2,2455,2635,0.9316888045540797,4.40104,31.648702395616603,0.9299603704552141,0.9751089378994692,0.9854914214682866,0.9974920996563674
chat_preview,ui_text,meme_card,1200,800,512,341,8,64,64,3,2635,2635,1.0,4.40637,33.29475233905906,0.936061629603497,0.9766609303591909,0.9870773879801726,0.9981211632981251
chat_preview,ui_text,meme_card,1200,800,512,341,9,64,32,0,1057,1819,0.5810885101704233,4.38262,22.230238621235653,0.7610853044615418,0.8992486107359121,0.9058125989868062,0.9619684587692436
chat_preview,ui_text,meme_card,1200,800,512,341,9,64,32,1,1416,1819,0.7784496976360638,4.42263,25.32146430488921,0.8533387879157336,0.9441398882655352,0.9502177788398782,0.9848469728203212
chat_preview,ui_text,meme_card,1200,800,512,341,9,64,32,2,1718,1819,0.9444749862561848,4.40154,29.00803506054477,0.9096699277636614,0.9673396028982069,0.9791880052942322,0.9947901843167929
chat_preview,ui_text,meme_card,1200,800,512,341,9,64,32,3,1809,1819,0.994502473886751,4.41596,30.078489454264652,0.9139013320058496,0.9668455678645135,0.9800734042076128,0.9955644305236809
chat_preview,ui_text,meme_card,1200,800,512,341,9,64,32,4,1819,1819,1.0,4.52254,30.08137947745752,0.9139661561277728,0.9668687783399834,0.9800919980923488,0.9955677406345164
chat_preview,ui_text,meme_card,1200,800,512,341,9,64,64,0,1647,2647,0.6222138269739328,4.21825,25.38991941721831,0.8491140896212452,0.9439965307385737,0.9492948135953768,0.9850013138198698
chat_preview,ui_text,meme_card,1200,800,512,341,9,64,64,1,2172,2647,0.8205515678126181,4.36067,29.745151641834745,0.920438617333176,0.9738630697244063,0.9824101572370704,0.9960001120146958
chat_preview,ui_text,meme_card,1200,800,512,341,9,64,64,2,2465,2647,0.9312429165092557,4.40029,31.64344706942078,0.9299573168035437,0.9750919774150439,0.9854875784537415,0.9974889271261294
chat_preview,ui_text,meme_card,1200,800,512,341,9,64,64,3,2647,2647,1.0,4.48767,33.303095726222274,0.9360852413406037,0.9766498716152928,0.9870851291710202,0.9981220373570988
chat_preview,ui_text,meme_card,1200,800,512,341,10,64,32,0,1057,1829,0.5779114270092947,4.34421,22.230238621235653,0.7610853044615418,0.8992486107359121,0.9058125989868062,0.9619684587692436
chat_preview,ui_text,meme_card,1200,800,512,341,10,64,32,1,1416,1829,0.7741935483870968,4.39946,25.322085059541784,0.8532978523920693,0.9441355154084605,0.9502140859144905,0.9848489123817872
chat_preview,ui_text,meme_card,1200,800,512,341,10,64,32,2,1720,1829,0.9404045926735921,4.37704,29.016143019928492,0.9096924172441327,0.9673722484963231,0.9791875144996043,0.994801389098359
chat_preview,ui_text,meme_card,1200,800,512,341,10,64,32,3,1814,1829,0.9917987971569163,4.32171,30.10579038258262,0.9140440649716632,0.9669213934976963,0.9800745466632081,0.9955881566550348
chat_preview,ui_text,meme_card,1200,800,512,341,10,64,32,4,1829,1829,1.0,4.42258,30.109129858096235,0.9141371293668913,0.9669399622037892,0.9800877073600229,0.995590705880162
chat_preview,ui_text,meme_card,1200,800,512,341,10,64,64,0,1647,2663,0.61847540368006,4.41212,25.38991941721831,0.8491140896212452,0.9439965307385737,0.9492948135953768,0.9850013138198698
chat_preview,ui_text,meme_card,1200,800,512,341,10,64,64,1,2173,2663,0.8159969958693203,4.36187,29.745177855715784,0.9203860184814411,0.973840048321953,0.9824065025085766,0.9960009759496272
chat_preview,ui_text,meme_card,1200,800,512,341,10,64,64,2,2471,2663,0.9279008636875704,4.50525,31.646476134294453,0.9299573716378225,0.9750936875486147,0.9855002880003122,0.9974907439912633
chat_preview,ui_text,meme_card,1200,800,512,341,10,64,64,3,2663,2663,1.0,4.51075,33.44383637493115,0.9364023800235312,0.9767455613216938,0.9871680265748181,0.9981619057846564
chat_preview,ui_text,meme_card,1200,800,512,341,11,64,32,0,1069,1849,0.5781503515413737,4.29246,22.227225461041,0.7611578987828006,0.900016840266324,0.9053145178212041,0.9618900957388362
chat_preview,ui_text,meme_card,1200,800,512,341,11,64,32,1,1431,1849,0.7739318550567874,4.38108,25.35316420798675,0.8552475668389339,0.9453402861487143,0.9500805726279382,0.9849572810318193
chat_preview,ui_text,meme_card,1200,800,512,341,11,64,32,2,1740,1849,0.9410492157923201,4.41433,29.10156849427675,0.9126050934766505,0.9692852254201437,0.9797296038884643,0.9949440083206204
chat_preview,ui_text,meme_card,1200,800,512,341,11,64,32,3,1834,1849,0.991887506760411,4.46779,30.208668838678502,0.9171065704807478,0.9687515691472169,0.9806194512141957,0.9957109126289123
chat_preview,ui_text,meme_card,1200,800,512,341,11,64,32,4,1849,1849,1.0,4.33842,30.21320027753188,0.917208209095826,0.9687733241529383,0.9806360807029904,0.9957143769643811
chat_preview,ui_text,meme_card,1200,800,512,341,11,64,64,0,1672,2700,0.6192592592592593,4.51783,25.387008867532643,0.8502559181026884,0.9447117280080753,0.9494664940387382,0.9850020627342938
chat_preview,ui_text,meme_card,1200,800,512,341,11,64,64,1,2203,2700,0.8159259259259259,4.42617,29.793077453771115,0.9223155303909186,0.9747486391205369,0.9825797982168307,0.996093551228856
chat_preview,ui_text,meme_card,1200,800,512,341,11,64,64,2,2508,2700,0.9288888888888889,4.74742,31.68477767682798,0.9322225333928524,0.975901392270503,0.9855924831568542,0.9975351500912226
chat_preview,ui_text,meme_card,1200,800,512,341,11,64,64,3,2700,2700,1.0,4.54212,33.52125897872144,0.9386696453245262,0.9776202234163124,0.9873219645102078,0.9982181294890154
chat_preview,ui_text,meme_card,1200,800,512,341,12,64,32,0,1069,1852,0.5772138228941684,4.29113,22.227225461041,0.7611578987828006,0.900016840266324,0.9053145178212041,0.9618900957388362
chat_preview,ui_text,meme_card,1200,800,512,341,12,64,32,1,1431,1852,0.7726781857451404,4.41021,25.35327880724267,0.8552493942115714,0.9453415937979316,0.9500802729208424,0.9849577661024093
chat_preview,ui_text,meme_card,1200,800,512,341,12,64,32,2,1740,1852,0.9395248380129589,4.40813,29.104203198951204,0.9128143308818113,0.9693231642865242,0.9797282166575142,0.9949468619718089
chat_preview,ui_text,meme_card,1200,800,512,341,12,64,32,3,1837,1852,0.9919006479481641,4.53012,30.243718911762713,0.9174256859938278,0.9688776112604073,0.980611521061945,0.9957355073895379
chat_preview,ui_text,meme_card,1200,800,512,341,12,64,32,4,1852,1852,1.0,4.43921,30.248625994046016,0.9175282973170829,0.9688995441724271,0.9806283288024064,0.9957391412480239
chat_preview,ui_text,meme_card,1200,800,512,341,12,64,64,0,1672,2707,0.6176579239009974,4.47808,25.387008867532643,0.8502559181026884,0.9447117280080753,0.9494664940387382,0.9850020627342938
chat_preview,ui_text,meme_card,1200,800,512,341,12,64,64,1,2203,2707,0.8138160325083118,4.40783,29.79306116193304,0.9223159313936291,0.974748309285395,0.9825797942600651,0.9960935234960867
chat_preview,ui_text,meme_card,1200,800,512,341,12,64,64,2,2508,2707,0.9264868858514961,4.43779,31.686887145864166,0.9322276491135039,0.9759077783143862,0.9855912876276931,0.9975367825264001
chat_preview,ui_text,meme_card,1200,800,512,341,12,64,64,3,2707,2707,1.0,4.68912,33.589449105292665,0.9388813064448033,0.9776989848502785,0.9873564463154599,0.9982348742763594
chat_preview,ui_text,meme_card,1200,800,512,341,13,64,32,0,1069,1866,0.5728831725616291,4.31867,22.227225461041,0.7611578987828006,0.900016840266324,0.9053145178212041,0.9618900957388362
chat_preview,ui_text,meme_card,1200,800,512,341,13,64,32,1,1435,1866,0.7690246516613076,4.43667,25.34718461830189,0.8551239825452922,0.945332284550047,0.9501211650650963,0.9849283418153763
chat_preview,ui_text,meme_card,1200,800,512,341,13,64,32,2,1752,1866,0.9389067524115756,4.50171,29.1164850891941,0.9125382262172975,0.9693150860660035,0.9797852138976472,0.9949736143682878
chat_preview,ui_text,meme_card,1200,800,512,341,13,64,32,3,1849,1866,0.9908896034297964,4.43342,30.25790943559955,0.9175949663137436,0.9688182536340083,0.9806404134348478,0.9957302826512735
chat_preview,ui_text,meme_card,1200,800,512,341,13,64,32,4,1866,1866,1.0,4.40517,30.25931871021581,0.9176980466673982,0.9688205465113368,0.9806394937834817,0.9957294400602383
chat_preview,ui_text,meme_card,1200,800,512,341,13,64,64,0,1672,2725,0.6135779816513761,4.55325,25.387008867532643,0.8502559181026884,0.9447117280080753,0.9494664940387382,0.9850020627342938
chat_preview,ui_text,meme_card,1200,800,512,341,13,64,64,1,2206,2725,0.8095412844036697,4.45538,29.79863349392319,0.9225217756395115,0.974811598435159,0.9825796596859482,0.9961010207729836
chat_preview,ui_text,meme_card,1200,800,512,341,13,64,64,2,2526,2725,0.9269724770642201,4.60412,31.707425639353897,0.9326138952673867,0.9761044970363707,0.9856991125869087,0.9975608707230196
chat_preview,ui_text,meme_card,1200,800,512,341,13,64,64,3,2725,2725,1.0,4.63462,33.653795981342014,0.9394707138588023,0.9779396032745696,0.9874919163046134,0.9982665550834015
chat_preview,ui_text,meme_card,1200,800,512,341,14,64,32,0,1069,1867,0.5725763256561328,4.73712,22.227225461041,0.7611578987828006,0.900016840266324,0.9053145178212041,0.9618900957388362
chat_preview,ui_text,meme_card,1200,800,512,341,14,64,32,1,1435,1867,0.7686127477236208,4.48562,25.34718461830189,0.8551239825452922,0.945332284550047,0.9501211650650963,0.9849283418153763
chat_preview,ui_text,meme_card,1200,800,512,341,14,64,32,2,1752,1867,0.9384038564542047,4.56312,29.12414399142785,0.9126783400122841,0.9693639709290709,0.979795998363554,0.9949850877576086
chat_preview,ui_text,meme_card,1200,800,512,341,14,64,32,3,1850,1867,0.9908944831280129,4.41933,30.289239584544113,0.9178199529202699,0.9689736348544017,0.9807087363899823,0.9957641601321392
chat_preview,ui_text,meme_card,1200,800,512,341,14,64,32,4,1867,1867,1.0,4.59183,30.291036470504523,0.9179209410882326,0.9689750137585381,0.9807070472027378,0.9957635151523798
chat_preview,ui_text,meme_card,1200,800,512,341,14,64,64,0,1672,2729,0.6126786368633199,4.38092,25.387008867532643,0.8502559181026884,0.9447117280080753,0.9494664940387382,0.9850020627342938
chat_preview,ui_text,meme_card,1200,800,512,341,14,64,64,1,2206,2729,0.8083547086844998,4.40179,29.79863349392319,0.9225217756395115,0.974811598435159,0.9825796596859482,0.9961010207729836
chat_preview,ui_text,meme_card,1200,800,512,341,14,64,64,2,2526,2729,0.9256137779406376,4.46113,31.712223331752515,0.9326532670554758,0.9761199026595412,0.9857025790055148,0.9975640933472527
chat_preview,ui_text,meme_card,1200,800,512,341,14,64,64,3,2729,2729,1.0,4.48762,33.73664155970061,0.9398453087388393,0.9780737369796335,0.9875556071903357,0.9982903767369751
chat_preview,ui_text,meme_card,1200,800,512,341,15,64,32,0,1069,1876,0.5698294243070362,4.42233,22.227225461041,0.7611578987828006,0.900016840266324,0.9053145178212041,0.9618900957388362
chat_preview,ui_text,meme_card,1200,800,512,341,15,64,32,1,1435,1876,0.7649253731343284,4.31125,25.34942109965907,0.8551024839886753,0.9453355280837963,0.9501418142682568,0.9849375504409569
chat_preview,ui_text,meme_card,1200,800,512,341,15,64,32,2,1758,1876,0.9371002132196162,4.32746,29.158123396061136,0.9125919348699331,0.9695713095163132,0.9798472783827898,0.9950466014587876
chat_preview,ui_text,meme_card,1200,800,512,341,15,64,32,3,1856,1876,0.9893390191897654,4.33996,30.32696044510604,0.9179531666436982,0.9692266333612883,0.9807468830885948,0.9958172745636195
chat_preview,ui_text,meme_card,1200,800,512,341,15,64,32,4,1876,1876,1.0,4.36146,30.328489956831923,0.9181041486710363,0.9692185783153713,0.9807346333339004,0.9958157795007475
chat_preview,ui_text,meme_card,1200,800,512,341,15,64,64,0,1672,2742,0.6097738876732313,4.25658,25.387008867532643,0.8502559181026884,0.9447117280080753,0.9494664940387382,0.9850020627342938
chat_preview,ui_text,meme_card,1200,800,512,341,15,64,64,1,2208,2742,0.8052516411378556,4.30692,29.801965976598947,0.9225383607137504,0.9748150855649803,0.9826229938705858,0.9961050908027326
chat_preview,ui_text,meme_card,1200,800,512,341,15,64,64,2,2535,2742,0.9245076586433261,4.4145,31.684659835460884,0.932542478368303,0.976030465436879,0.9857299195853346,0.997547008990093
chat_preview,ui_text,meme_card,1200,800,512,341,15,64,64,3,2742,2742,1.0,4.65104,33.728027590231136,0.9397786417127278,0.9780092357971458,0.9876041295134655,0.9982850231771421
chat_preview,ui_text,meme_card,1200,800,512,341,16,64,32,0,1069,1877,0.5695258391049547,4.23287,22.227225461041,0.7611578987828006,0.900016840266324,0.9053145178212041,0.9618900957388362
chat_preview,ui_text,meme_card,1200,800,512,341,16,64,32,1,1435,1877,0.7645178476291955,4.31462,25.34944954969877,0.8551038320376202,0.9453366427298956,0.95014172364856,0.9849377889209138
chat_preview,ui_text,meme_card,1200,800,512,341,16,64,32,2,1759,1877,0.9371337240277038,4.35146,29.14934975679239,0.9134898877490144,0.9698814718017993,0.9802016172012905,0.9950399221097752
chat_preview,ui_text,meme_card,1200,800,512,341,16,64,32,3,1857,1877,0.9893446989877464,4.40471,30.378923633141333,0.9190269408791937,0.9696470287295677,0.9811501310737185,0.9958831851625061
chat_preview,ui_text,meme_card,1200,800,512,341,16,64,32,4,1877,1877,1.0,4.414,30.380968492467723,0.9191796931323957,0.9696386058674143,0.9811374520439087,0.9958817189472184
chat_preview,ui_text,meme_card,1200,800,512,341,16,64,64,0,1672,2762,0.6053584359160029,4.36258,25.387008867532643,0.8502559181026884,0.9447117280080753,0.9494664940387382,0.9850020627342938
chat_preview,ui_text,meme_card,1200,800,512,341,16,64,64,1,2208,2762,0.7994207096307024,4.40442,29.802032496397004,0.9225406771611997,0.9748154716469056,0.9826228837811398,0.9961052013958804
chat_preview,ui_text,meme_card,1200,800,512,341,16,64,64,2,2542,2762,0.9203475742215785,4.42675,31.700642684211118,0.9325942123184422,0.9761313446984793,0.985777505359399,0.9975583283600482
chat_preview,ui_text,meme_card,1200,800,512,341,16,64,64,3,2762,2762,1.0,4.73579,33.80412199481658,0.9401069826806814,0.9782148583864613,0.987712778269092,0.998313550264086
chat_preview,ui_text,meme_card,1200,800,512,341,17,64,32,0,1109,1930,0.5746113989637306,4.36954,22.240963421640757,0.7644543403019766,0.9020257184420775,0.9060543455348057,0.9618766812890855
chat_preview,ui_text,meme_card,1200,800,512,341,17,64,32,1,1486,1930,0.7699481865284974,4.34779,25.377714564259406,0.8572069325400538,0.9479029169226765,0.9514960095341555,0.9850351147765145
chat_preview,ui_text,meme_card,1200,800,512,341,17,64,32,2,1812,1930,0.938860103626943,4.33271,29.264867996381575,0.915804056877146,0.9724472842438135,0.9815828983159784,0.9952440581249684
chat_preview,ui_text,meme_card,1200,800,512,341,17,64,32,3,1910,1930,0.9896373056994818,4.44392,30.557071519890123,0.9209581139600717,0.9722030846172623,0.9824740103516428,0.9961197451897702
chat_preview,ui_text,meme_card,1200,800,512,341,17,64,32,4,1930,1930,1.0,4.45375,30.55872545948278,0.9211028476452051,0.9721902246176487,0.9824578173526919,0.9961176149707223
chat_preview,ui_text,meme_card,1200,800,512,341,17,64,64,0,1743,2850,0.611578947368421,4.34479,25.459389852896166,0.8557272104627526,0.9475908939108227,0.9515034331232839,0.9854005384001471
chat_preview,ui_text,meme_card,1200,800,512,341,17,64,64,1,2296,2850,0.8056140350877193,4.44129,29.942988038358674,0.9286246026180548,0.977499676287024,0.9846074655912672,0.9963208033259371
chat_preview,ui_text,meme_card,1200,800,512,341,17,64,64,2,2630,2850,0.9228070175438596,4.44813,31.91872179396995,0.939484048725218,0.979235836164062,0.9882091900008944,0.9977545224070783
chat_preview,ui_text,meme_card,1200,800,512,341,17,64,64,3,2850,2850,1.0,4.44813,34.197268262049874,0.946778809464389,0.9812712193506367,0.9901092003506509,0.9985226822425646
chat_preview,ui_text,meme_card,1200,800,512,341,18,64,32,0,1109,1935,0.5731266149870801,4.28717,22.240963421640757,0.7644543403019766,0.9020257184420775,0.9060543455348057,0.9618766812890855
chat_preview,ui_text,meme_card,1200,800,512,341,18,64,32,1,1493,1935,0.7715762273901808,4.31621,25.389761810243407,0.8576025828310477,0.947989552402429,0.951613254237764,0.9850927048094981
chat_preview,ui_text,meme_card,1200,800,512,341,18,64,32,2,1816,1935,0.938501291989664,5.01421,29.299913152516936,0.9161771809871596,0.9725386133836542,0.981590081818306,0.9953138343836012
chat_preview,ui_text,meme_card,1200,800,512,341,18,64,32,3,1914,1935,0.9891472868217054,4.40292,30.623506056016225,0.9213275684618014,0.9721880871998465,0.9823519176801326,0.9961928724747249
chat_preview,ui_text,meme_card,1200,800,512,341,18,64,32,4,1935,1935,1.0,4.39725,30.62855516650645,0.9215178885022602,0.9721815253309559,0.9823399635128961,0.9961924997891876
chat_preview,ui_text,meme_card,1200,800,512,341,18,64,64,0,1743,2877,0.6058394160583942,4.26196,25.459389852896166,0.8557272104627526,0.9475908939108227,0.9515034331232839,0.9854005384001471
chat_preview,ui_text,meme_card,1200,800,512,341,18,64,64,1,2299,2877,0.7990962808481057,4.38329,29.9482354242457,0.928680703266506,0.9775131082921377,0.9846076347592712,0.9963277414762473
chat_preview,ui_text,meme_card,1200,800,512,341,18,64,64,2,2655,2877,0.9228362877997914,4.45388,31.95318668766206,0.9393956630512821,0.9792166140299385,0.9881473229958604,0.9977663544371217
chat_preview,ui_text,meme_card,1200,800,512,341,18,64,64,3,2877,2877,1.0,4.48304,34.32486526414393,0.9470965547876831,0.9814150322903016,0.9901866327315328,0.9985646577056809
chat_preview,ui_text,meme_card,1200,800,512,341,19,64,32,0,1109,1940,0.5716494845360824,4.39517,22.240963421640757,0.7644543403019766,0.9020257184420775,0.9060543455348057,0.9618766812890855
chat_preview,ui_text,meme_card,1200,800,512,341,19,64,32,1,1493,1940,0.7695876288659794,4.36567,25.389711922409536,0.857607212551072,0.9479904429069596,0.9516125676098454,0.9850924367606828
chat_preview,ui_text,meme_card,1200,800,512,341,19,64,32,2,1821,1940,0.938659793814433,4.35283,29.31321551005968,0.9163506089300294,0.9726524729760877,0.9816571721836126,0.995332116518316
chat_preview,ui_text,meme_card,1200,800,512,341,19,64,32,3,1919,1940,0.9891752577319588,4.35004,30.642346265958658,0.9215737479774108,0.9723283601442315,0.9824200899283333,0.9962123433721248
chat_preview,ui_text,meme_card,1200,800,512,341,19,64,32,4,1940,1940,1.0,4.41562,30.648181007095936,0.9217669876644613,0.9723223475922421,0.9824086967923182,0.9962123009744
chat_preview,ui_text,meme_card,1200,800,512,341,19,64,64,0,1743,2882,0.6047883414295628,4.30308,25.459389852896166,0.8557272104627526,0.9475908939108227,0.9515034331232839,0.9854005384001471
chat_preview,ui_text,meme_card,1200,800,512,341,19,64,64,1,2299,2882,0.7977099236641222,4.39221,29.948223075940458,0.9286837138427173,0.9775141372218131,0.98460779052652,0.9963276490983839
chat_preview,ui_text,meme_card,1200,800,512,341,19,64,64,2,2660,2882,0.922970159611381,4.39783,31.933735778271473,0.9393971146742223,0.9791786387542881,0.9881430204607077,0.9977534757220096
chat_preview,ui_text,meme_card,1200,800,512,341,19,64,64,3,2882,2882,1.0,4.50167,34.31076068976501,0.9471088903837735,0.9814091834392688,0.9901912346428611,0.9985591027854706
chat_preview,ui_text,meme_card,1200,800,512,341,20,64,32,0,1109,1941,0.5713549716640907,4.30037,22.240963421640757,0.7644543403019766,0.9020257184420775,0.9060543455348057,0.9618766812890855
chat_preview,ui_text,meme_card,1200,800,512,341,20,64,32,1,1494,1941,0.7697063369397218,4.33917,25.39174067124415,0.8577340803630643,0.9480473532212829,0.9516333385121272,0.9851009264535853
chat_preview,ui_text,meme_card,1200,800,512,341,20,64,32,2,1822,1941,0.9386913961875322,4.38721,29.32763239480464,0.9169666017576978,0.9728442744074594,0.9816493852350059,0.9953552028156282
chat_preview,ui_text,meme_card,1200,800,512,341,20,64,32,3,1920,1941,0.9891808346213292,4.54525,30.66333820726985,0.9224510530444828,0.9725251290673467,0.9824890533669832,0.9962308309368961
chat_preview,ui_text,meme_card,1200,800,512,341,20,64,32,4,1941,1941,1.0,4.51229,30.670306497517434,0.9226470058978019,0.9725193463875784,0.9824782659684866,0.996231243572789
chat_preview,ui_text,meme_card,1200,800,512,341,20,64,64,0,1759,2915,0.6034305317324186,4.25488,25.459389852896166,0.8557272104627526,0.9475908939108227,0.9515034331232839,0.9854005384001471
chat_preview,ui_text,meme_card,1200,800,512,341,20,64,64,1,2331,2915,0.7996569468267581,4.40025,29.95884297702315,0.9287880750294772,0.9775684893530011,0.9846372349853924,0.9963422464164632
chat_preview,ui_text,meme_card,1200,800,512,341,20,64,64,2,2692,2915,0.9234991423670669,4.43558,31.94979720522987,0.9395527082092839,0.9792454164283709,0.9881624363285887,0.9977673380435703
chat_preview,ui_text,meme_card,1200,800,512,341,20,64,64,3,2915,2915,1.0,4.60721,34.35320042307105,0.9473297745362766,0.9814639124597524,0.9902121258782517,0.9985741939129945
chat_preview,ui_text,meme_card,1200,800,512,341,21,64,32,0,1109,1947,0.5695942475603493,4.31654,22.240963421640757,0.7644543403019766,0.9020257184420775,0.9060543455348057,0.9618766812890855
chat_preview,ui_text,meme_card,1200,800,512,341,21,64,32,1,1494,1947,0.7673343605546995,4.36979,25.391728844461227,0.8577375164316113,0.9480483197021825,0.9516338544047043,0.9851008023842079
chat_preview,ui_text,meme_card,1200,800,512,341,21,64,32,2,1828,1947,0.9388803287108372,4.38879,29.36969984860735,0.9176766458082689,0.9731431092803771,0.9818490736587528,0.995419631022728
chat_preview,ui_text,meme_card,1200,800,512,341,21,64,32,3,1926,1947,0.9892141756548536,4.41113,30.73623757905782,0.9235301890766046,0.9728452178049093,0.9826865427376712,0.996297998875406
chat_preview,ui_text,meme_card,1200,800,512,341,21,64,32,4,1947,1947,1.0,4.48104,30.74453599585139,0.9237339620161483,0.972841339025952,0.9826773303557527,0.9962991323401921
chat_preview,ui_text,meme_card,1200,800,512,341,21,64,64,0,1759,2935,0.5993185689948892,4.318,25.459389852896166,0.8557272104627526,0.9475908939108227,0.9515034331232839,0.9854005384001471
chat_preview,ui_text,meme_card,1200,800,512,341,21,64,64,1,2331,2935,0.7942078364565588,4.44521,29.95875506515734,0.9287917802810736,0.9775688429606205,0.9846368688708668,0.9963420817746145
chat_preview,ui_text,meme_card,1200,800,512,341,21,64,64,2,2704,2935,0.9212947189097104,4.39675,31.950983223196534,0.9398850491274743,0.9793259775219644,0.9881448447936876,0.9977612829091418
chat_preview,ui_text,meme_card,1200,800,512,341,21,64,64,3,2935,2935,1.0,4.49675,34.412078999840084,0.9475392175354372,0.9815994673201228,0.9902228007631817,0.9985879987470905
chat_preview,ui_text,meme_card,1200,800,512,341,22,64,32,0,1109,1948,0.5693018480492813,4.30358,22.240963421640757,0.7644543403019766,0.9020257184420775,0.9060543455348057,0.9618766812890855
chat_preview,ui_text,meme_card,1200,800,512,341,22,64,32,1,1494,1948,0.7669404517453798,4.32504,25.391728844461227,0.8577375164316113,0.9480483197021825,0.9516338544047043,0.9851008023842079
chat_preview,ui_text,meme_card,1200,800,512,341,22,64,32,2,1828,1948,0.9383983572895277,4.34271,29.374487773794446,0.917811020474325,0.973185501115822,0.9818582033963161,0.9954267804149913
chat_preview,ui_text,meme_card,1200,800,512,341,22,64,32,3,1926,1948,0.9887063655030801,4.26858,30.756859206084574,0.9237493142984841,0.9729823442632788,0.9827865442217497,0.9963254046145276
chat_preview,ui_text,meme_card,1200,800,512,341,22,64,32,4,1948,1948,1.0,4.35862,30.769491188719513,0.9239906562754,0.9729891758456929,0.9827877135620878,0.9963286963647446
chat_preview,ui_text,meme_card,1200,800,512,341,22,64,64,0,1759,2937,0.5989104528430371,4.31833,25.459389852896166,0.8557272104627526,0.9475908939108227,0.9515034331232839,0.9854005384001471
chat_preview,ui_text,meme_card,1200,800,512,341,22,64,64,1,2331,2937,0.7936670071501533,4.47908,29.95875506515734,0.9287917802810736,0.9775688429606205,0.9846368688708668,0.9963420817746145
chat_preview,ui_text,meme_card,1200,800,512,341,22,64,64,2,2704,2937,0.9206673476336398,4.35283,31.95703363631269,0.9399105660823808,0.9793383848434569,0.9881455944031219,0.9977651132972983
chat_preview,ui_text,meme_card,1200,800,512,341,22,64,64,3,2937,2937,1.0,4.45733,34.43490280954673,0.9476096779036703,0.9816021295803782,0.99022292366334,0.9985930449969935
chat_preview,ui_text,meme_card,1200,800,512,341,23,64,32,0,1121,1974,0.5678824721377913,4.31408,22.24251139859163,0.7654195970890499,0.9029932480240518,0.9062503567346175,0.9618609539306763
chat_preview,ui_text,meme_card,1200,800,512,341,23,64,32,1,1512,1974,0.7659574468085106,4.33475,25.380907870768684,0.8597834510347485,0.9490471235358582,0.9516415075313336,0.985014639174662
chat_preview,ui_text,meme_card,1200,800,512,341,23,64,32,2,1846,1974,0.9351570415400202,4.33117,29.40228851069257,0.9203922347657442,0.9745865621999926,0.98260016195087,0.995489392073815
chat_preview,ui_text,meme_card,1200,800,512,341,23,64,32,3,1952,1974,0.9888551165146909,4.44537,30.807828250564704,0.9264399755024441,0.9743788357440041,0.9835762817567506,0.996425037532182
chat_preview,ui_text,meme_card,1200,800,512,341,23,64,32,4,1974,1974,1.0,4.43354,30.822457772496065,0.9266995427174867,0.9743891384768482,0.9835803860833277,0.9964292379754354
chat_preview,ui_text,meme_card,1200,800,512,341,23,64,64,0,1785,2977,0.5995969096405778,4.29596,25.461249000442763,0.857897466645306,0.9489173280565469,0.9514734536316634,0.9853996639495398
chat_preview,ui_text,meme_card,1200,800,512,341,23,64,64,1,2361,2977,0.7930802821632515,4.31279,29.98431319019228,0.9314419876896877,0.9790164850865973,0.9846676422619295,0.9963749734753325
chat_preview,ui_text,meme_card,1200,800,512,341,23,64,64,2,2740,2977,0.9203896540141082,4.41179,32.029246894928136,0.9429522293296303,0.9808437919994665,0.9881569504456695,0.9978199924685782
chat_preview,ui_text,meme_card,1200,800,512,341,23,64,64,3,2977,2977,1.0,4.59375,34.63240985216546,0.9510565513884194,0.9832075099145433,0.9903574328071152,0.9986630646239556
chat_preview,ui_text,meme_card,1200,800,512,341,24,64,32,0,1121,1975,0.5675949367088607,4.34488,22.24251139859163,0.7654195970890499,0.9029932480240518,0.9062503567346175,0.9618609539306763
chat_preview,ui_text,meme_card,1200,800,512,341,24,64,32,1,1512,1975,0.7655696202531646,4.31792,25.380894092558947,0.8597857326942235,0.9490474274425024,0.9516413387219811,0.9850145396883074
chat_preview,ui_text,meme_card,1200,800,512,341,24,64,32,2,1847,1975,0.9351898734177215,4.41113,29.409302094834615,0.920650082513537,0.9746487633029982,0.9825599569565624,0.9954993977928077
chat_preview,ui_text,meme_card,1200,800,512,341,24,64,32,3,1953,1975,0.9888607594936709,4.36888,30.81608992398582,0.9269565004366412,0.9744262359388624,0.9835759797915123,0.9964289822462152
chat_preview,ui_text,meme_card,1200,800,512,341,24,64,32,4,1975,1975,1.0,4.45529,30.831686017839424,0.9272176966656712,0.9744384849924609,0.9835820886286629,0.9964337584803641
chat_preview,ui_text,meme_card,1200,800,512,341,24,64,64,0,1785,2979,0.5991943605236657,4.40475,25.461249000442763,0.857897466645306,0.9489173280565469,0.9514734536316634,0.9853996639495398
chat_preview,ui_text,meme_card,1200,800,512,341,24,64,64,1,2361,2979,0.7925478348439073,4.36637,29.984326022704607,0.9314439405324079,0.9790166599881117,0.9846675792013155,0.9963749678506186
chat_preview,ui_text,meme_card,1200,800,512,341,24,64,64,2,2742,2979,0.9204431017119838,4.41633,32.03260164894787,0.9429681571574734,0.980853688736893,0.9881540742049961,0.9978221501686337
chat_preview,ui_text,meme_card,1200,800,512,341,24,64,64,3,2979,2979,1.0,4.48337,34.652621791390494,0.9511280589599388,0.9832106431971561,0.9903563318434178,0.9986672744704593
chat_preview,ui_text,meme_card,1200,800,512,341,25,64,32,0,1121,1979,0.5664477008590197,4.29242,22.24251139859163,0.7654195970890499,0.9029932480240518,0.9062503567346175,0.9618609539306763
chat_preview,ui_text,meme_card,1200,800,512,341,25,64,32,1,1512,1979,0.764022233451238,4.35154,25.37719044019491,0.8598979044930003,0.949110538033573,0.9515983486359655,0.9850024403916599
chat_preview,ui_text,meme_card,1200,800,512,341,25,64,32,2,1849,1979,0.934310257705912,4.416,29.42025373294918,0.9203316484239211,0.9745442662283254,0.9825777908916632,0.9955151589495043
chat_preview,ui_text,meme_card,1200,800,512,341,25,64,32,3,1957,1979,0.9888832743810005,4.4255,30.834441275235058,0.9266815609379614,0.9744085447957199,0.9835826094590163,0.9964659413959254
chat_preview,ui_text,meme_card,1200,800,512,341,25,64,32,4,1979,1979,1.0,4.36888,30.850716777750677,0.9269436030459336,0.9744216243991771,0.9835898946973745,0.9964711058344087
chat_preview,ui_text,meme_card,1200,800,512,341,25,64,64,0,1785,2985,0.5979899497487438,4.38879,25.461249000442763,0.857897466645306,0.9489173280565469,0.9514734536316634,0.9853996639495398
chat_preview,ui_text,meme_card,1200,800,512,341,25,64,64,1,2363,2985,0.7916247906197655,4.40179,29.9931783042077,0.9317809375997929,0.979115774686008,0.9846588326727417,0.9963860689271324
chat_preview,ui_text,meme_card,1200,800,512,341,25,64,64,2,2746,2985,0.9199329983249581,4.41263,32.03933851899273,0.9431920762651247,0.980911305610428,0.9881377540445507,0.9978276769929205
chat_preview,ui_text,meme_card,1200,800,512,341,25,64,64,3,2985,2985,1.0,4.61125,34.68741426877709,0.9513976184219657,0.9832775222410858,0.9903316273706425,0.9986775258369154
chat_preview,ui_text,meme_card,1200,800,512,341,26,64,32,0,1121,1981,0.5658758202927814,4.34804,22.24251139859163,0.7654195970890499,0.9029932480240518,0.9062503567346175,0.9618609539306763
chat_preview,ui_text,meme_card,1200,800,512,341,26,64,32,1,1512,1981,0.7632508833922261,4.34596,25.37719044019491,0.8598979044930003,0.949110538033573,0.9515983486359655,0.9850024403916599
chat_preview,ui_text,meme_card,1200,800,512,341,26,64,32,2,1851,1981,0.9343765774861181,4.47217,29.43189678428634,0.9213471864337263,0.9747978073940207,0.9828799858987471,0.9955256328892077
chat_preview,ui_text,meme_card,1200,800,512,341,26,64,32,3,1959,1981,0.98889449772842,4.46692,30.86559243281434,0.9277065700454878,0.9748323457347183,0.9840288058395509,0.996519349494319
chat_preview,ui_text,meme_card,1200,800,512,341,26,64,32,4,1981,1981,1.0,4.41454,30.883184371345813,0.9279657168492031,0.9748467397861832,0.9840374798383064,0.9965249735002525
chat_preview,ui_text,meme_card,1200,800,512,341,26,64,64,0,1785,2992,0.5965909090909091,4.29496,25.461249000442763,0.857897466645306,0.9489173280565469,0.9514734536316634,0.9853996639495398
chat_preview,ui_text,meme_card,1200,800,512,341,26,64,64,1,2363,2992,0.7897727272727273,4.33962,29.9931783042077,0.9317809375997929,0.979115774686008,0.9846588326727417,0.9963860689271324
chat_preview,ui_text,meme_card,1200,800,512,341,26,64,64,2,2753,2992,0.920120320855615,4.43779,32.03805779081978,0.943093602214101,0.9808692124883344,0.988071721033015,0.9978151695205805
chat_preview,ui_text,meme_card,1200,800,512,341,26,64,64,3,2992,2992,1.0,4.57292,34.72758077803383,0.9515599190996723,0.9833469056811062,0.9903702032191073,0.9986931583383503
chat_preview,ui_text,meme_card,1200,800,512,341,27,64,32,0,1121,1999,0.5607803901950975,4.29233,22.24251139859163,0.7654195970890499,0.9029932480240518,0.9062503567346175,0.9618609539306763
chat_preview,ui_text,meme_card,1200,800,512,341,27,64,32,1,1525,1999,0.7628814407203601,4.25913,25.386185056976345,0.8597756486418083,0.9490698533562476,0.9515602186652914,0.9850474611576651
chat_preview,ui_text,meme_card,1200,800,512,341,27,64,32,2,1865,1999,0.9329664832416208,4.41538,29.455503945619483,0.9218072254069828,0.9749555985076771,0.9827659867762112,0.9955595757443573
chat_preview,ui_text,meme_card,1200,800,512,341,27,64,32,3,1977,1999,0.9889944972486243,4.44154,30.904629716109056,0.9280912488473642,0.9749758603991904,0.9839474098808714,0.9965877058763266
chat_preview,ui_text,meme_card,1200,800,512,341,27,64,32,4,1999,1999,1.0,4.40829,30.923595970433677,0.928348855283622,0.9749919899758618,0.9839579539387072,0.9965938756101093
chat_preview,ui_text,meme_card,1200,800,512,341,27,64,64,0,1785,3002,0.594603597601599,4.45137,25.461249000442763,0.857897466645306,0.9489173280565469,0.9514734536316634,0.9853996639495398
chat_preview,ui_text,meme_card,1200,800,512,341,27,64,64,1,2367,3002,0.7884743504330446,4.37158,29.99419324274083,0.9318116729015268,0.9791061500997497,0.9846340265667558,0.9963837073688746
chat_preview,ui_text,meme_card,1200,800,512,341,27,64,64,2,2763,3002,0.9203864090606263,4.41454,32.03937053693822,0.9430943927218515,0.9808775507065843,0.9880608610850392,0.9978166929912473
chat_preview,ui_text,meme_card,1200,800,512,341,27,64,64,3,3002,3002,1.0,4.5265,34.795968741424716,0.9518842357287722,0.9834341983365107,0.9904252555841313,0.9987068340884869
chat_preview,ui_text,meme_card,1200,800,512,341,28,64,32,0,1121,2004,0.5593812375249501,4.3375,22.24251139859163,0.7654195970890499,0.9029932480240518,0.9062503567346175,0.9618609539306763
chat_preview,ui_text,meme_card,1200,800,512,341,28,64,32,1,1525,2004,0.7609780439121756,4.3565,25.386226530273035,0.8597775696957636,0.9490705683118046,0.9515601784997435,0.9850475152082592
chat_preview,ui_text,meme_card,1200,800,512,341,28,64,32,2,1866,2004,0.9311377245508982,4.32325,29.44128730045255,0.9221166970485116,0.9749848003712437,0.982781776353504,0.9955245830869234
chat_preview,ui_text,meme_card,1200,800,512,341,28,64,32,3,1978,2004,0.9870259481037924,4.44779,30.921941841611094,0.9287836171289348,0.9751286342958777,0.984131365795053,0.9966051877961107
chat_preview,ui_text,meme_card,1200,800,512,341,28,64,32,4,2004,2004,1.0,4.34037,30.94252153016711,0.9290555716146341,0.9751437230022572,0.9841414112067872,0.9966120862996181
chat_preview,ui_text,meme_card,1200,800,512,341,28,64,64,0,1785,3014,0.5922362309223623,4.44571,25.461249000442763,0.857897466645306,0.9489173280565469,0.9514734536316634,0.9853996639495398
chat_preview,ui_text,meme_card,1200,800,512,341,28,64,64,1,2367,3014,0.7853351028533511,4.31192,29.994385918128632,0.9318121224078872,0.9791059847532043,0.9846340268262836,0.9963839754581071
chat_preview,ui_text,meme_card,1200,800,512,341,28,64,64,2,2775,3014,0.9207033842070338,4.40112,32.06334059813787,0.9432135852369047,0.980843530807789,0.9880658068988021,0.9978222451495191
chat_preview,ui_text,meme_card,1200,800,512,341,28,64,64,3,3014,3014,1.0,4.46279,34.843595653398324,0.9521833528790818,0.9834846025403197,0.9904919434977122,0.9987236453091637
chat_preview,ui_text,meme_card,1200,800,512,341,29,64,32,0,1142,2038,0.5603532875368008,4.3005,22.249327313091452,0.7654078820271418,0.903971816455456,0.9064333967147377,0.9619527214147515
chat_preview,ui_text,meme_card,1200,800,512,341,29,64,32,1,1551,2038,0.7610402355250245,4.41887,25.403870354799313,0.8613235943127929,0.9505935318727311,0.9524086915542993,0.9851431020256042
chat_preview,ui_text,meme_card,1200,800,512,341,29,64,32,2,1897,2038,0.9308145240431795,4.35804,29.49080445458669,0.9234272428967668,0.9767186791657677,0.9839474350753336,0.9956325920908403
chat_preview,ui_text,meme_card,1200,800,512,341,29,64,32,3,2012,2038,0.9872423945044161,4.41062,31.00991147746898,0.9302081353755872,0.976945281723506,0.985235884537607,0.9967475471779869
chat_preview,ui_text,meme_card,1200,800,512,341,29,64,32,4,2038,2038,1.0,4.42842,31.03289461863686,0.9304845113330314,0.9769652135014727,0.9852503226995613,0.9967557050329495
chat_preview,ui_text,meme_card,1200,800,512,341,29,64,64,0,1833,3104,0.5905283505154639,4.34958,25.47051984600437,0.8585773577426844,0.9498720489598659,0.9517357361115818,0.9854645169281429
chat_preview,ui_text,meme_card,1200,800,512,341,29,64,64,1,2441,3104,0.7864046391752577,4.40346,30.029086685091784,0.9330230058238461,0.9801524663415662,0.9849514814551186,0.9964546620313323
chat_preview,ui_text,meme_card,1200,800,512,341,29,64,64,2,2853,3104,0.9191365979381443,4.47675,32.086427830657506,0.9445893590961069,0.9818794342563967,0.9884278948347626,0.9978566013528927
chat_preview,ui_text,meme_card,1200,800,512,341,29,64,64,3,3104,3104,1.0,4.50783,34.918418458873795,0.9536558019851733,0.9845336965413485,0.9908769995223292,0.9987640615670299
chat_preview,ui_text,meme_card,1200,800,512,341,30,64,32,0,1142,2043,0.5589818893783651,4.26046,22.249327313091452,0.7654078820271418,0.903971816455456,0.9064333967147377,0.9619527214147515
chat_preview,ui_text,meme_card,1200,800,512,341,30,64,32,1,1556,2043,0.7616250611845325,4.33621,25.39830394121283,0.8615737315439441,0.9506964173080085,0.952464540338444,0.9851150872647095
chat_preview,ui_text,meme_card,1200,800,512,341,30,64,32,2,1902,2043,0.9309838472834068,4.39096,29.49191825141705,0.9237112470742382,0.9768106698971698,0.9839881757614908,0.9956317744880454
chat_preview,ui_text,meme_card,1200,800,512,341,30,64,32,3,2017,2043,0.9872736172295644,4.43221,31.022977008594992,0.9304519044473984,0.9770729979976348,0.9853437885963623,0.9967618162064695
chat_preview,ui_text,meme_card,1200,800,512,341,30,64,32,4,2043,2043,1.0,4.32708,31.04766154856167,0.930734349797719,0.9770949162500863,0.9853602731839852,0.9967707610228403
chat_preview,ui_text,meme_card,1200,800,512,341,30,64,64,0,1833,3108,0.5897683397683398,4.34942,25.47051984600437,0.8585773577426844,0.9498720489598659,0.9517357361115818,0.9854645169281429
chat_preview,ui_text,meme_card,1200,800,512,341,30,64,64,1,2445,3108,0.7866795366795367,4.3535,30.030610845004663,0.9330263082402633,0.9801418908561073,0.9849564822683566,0.9964567676130573
chat_preview,ui_text,meme_card,1200,800,512,341,30,64,64,2,2857,3108,0.9192406692406693,4.49004,32.09802755736114,0.9446868801855816,0.9818990618750753,0.9884232792235691,0.9978661782383059
chat_preview,ui_text,meme_card,1200,800,512,341,30,64,64,3,3108,3108,1.0,4.52771,34.94998202770332,0.953785811730933,0.984554439205444,0.9908795529274397,0.9987744207795255
chat_preview,ui_text,meme_card,1200,800,512,341,31,64,32,0,1142,2053,0.5562591329761325,4.21529,22.249327313091452,0.7654078820271418,0.903971816455456,0.9064333967147377,0.9619527214147515
chat_preview,ui_text,meme_card,1200,800,512,341,31,64,32,1,1556,2053,0.7579152459814905,4.3315,25.398277776911126,0.8615778858130789,0.9506964151236038,0.9524642503776021,0.985114901047813
chat_preview,ui_text,meme_card,1200,800,512,341,31,64,32,2,1906,2053,0.9283974671212859,4.38521,29.506741334296144,0.9240284007842111,0.976912867082932,0.9838931276048202,0.9956441540209118
chat_preview,ui_text,meme_card,1200,800,512,341,31,64,32,3,2027,2053,0.9873356064296152,4.40404,31.058871612334503,0.930728501770583,0.9771649481603962,0.985291627398192,0.9968048399721001
chat_preview,ui_text,meme_card,1200,800,512,341,31,64,32,4,2053,2053,1.0,4.32929,31.08472516005652,0.931018848064756,0.9771897143344613,0.9853107494475009,0.9968142532448702
chat_preview,ui_text,meme_card,1200,800,512,341,31,64,64,0,1833,3122,0.5871236386931454,4.35925,25.47051984600437,0.8585773577426844,0.9498720489598659,0.9517357361115818,0.9854645169281429
chat_preview,ui_text,meme_card,1200,800,512,341,31,64,64,1,2445,3122,0.7831518257527226,4.35467,30.030443907296984,0.9330234619916329,0.9801408117677654,0.9849563652248045,0.9964565878034682
chat_preview,ui_text,meme_card,1200,800,512,341,31,64,64,2,2860,3122,0.9160794362588085,4.46925,32.09148743121538,0.9447482609158557,0.9818608363192268,0.9884520437242006,0.9978610600518331
chat_preview,ui_text,meme_card,1200,800,512,341,31,64,64,3,3122,3122,1.0,4.57175,35.05278082617737,0.9539202391517,0.9846283607679549,0.990942133575612,0.998785187325462
chat_preview,ui_text,meme_card,1200,800,512,341,32,64,32,0,1186,2110,0.5620853080568721,4.33704,22.241086728485723,0.7653521027546274,0.904844144780809,0.9074135611470053,0.9620795424814004
chat_preview,ui_text,meme_card,1200,800,512,341,32,64,32,1,1602,2110,0.7592417061611374,4.35054,25.407334864648412,0.861957403015389,0.9510502959925234,0.9529445761375988,0.9852040680544114
chat_preview,ui_text,meme_card,1200,800,512,341,32,64,32,2,1952,2110,0.9251184834123223,4.4485,29.5152446535527,0.9260176482516012,0.9781264288374213,0.9848089809538138,0.9956777235130523
chat_preview,ui_text,meme_card,1200,800,512,341,32,64,32,3,2073,2110,0.9824644549763033,4.47996,31.060349214133094,0.9332747652737475,0.9784935151157043,0.986455518146837,0.9968285142074845
chat_preview,ui_text,meme_card,1200,800,512,341,32,64,32,4,2110,2110,1.0,4.46404,31.087894108436526,0.9335863508831469,0.9785277142153713,0.9864836325818694,0.996839688685388
chat_preview,ui_text,meme_card,1200,800,512,341,32,64,64,0,1889,3187,0.5927204267336053,4.44358,25.466936064683175,0.8602253805119816,0.9509838834570828,0.9532338640281981,0.9854630327053556
chat_preview,ui_text,meme_card,1200,800,512,341,32,64,64,1,2506,3187,0.786319422654534,4.32946,30.03271313988733,0.9351079499510412,0.9814878650304198,0.9866517908773913,0.9964750200142852
chat_preview,ui_text,meme_card,1200,800,512,341,32,64,64,2,2923,3187,0.9171634766237842,4.425,32.09627067258144,0.946807159244566,0.9831654852136803,0.990060346960287,0.9978833317452291
chat_preview,ui_text,meme_card,1200,800,512,341,32,64,64,3,3187,3187,1.0,4.56637,35.04929159569914,0.9559314041017385,0.9859043882390394,0.9925606593236419,0.9988007664162938
chat_preview,ui_text,meme_card,1200,800,512,341,33,64,32,0,1202,2153,0.5582907570831398,4.4185,22.241086728485723,0.7653521027546274,0.904844144780809,0.9074135611470053,0.9620795424814004
chat_preview,ui_text,meme_card,1200,800,512,341,33,64,32,1,1619,2153,0.7519739897816999,4.298,25.408023783997116,0.8619891633385331,0.9510596252476086,0.9529643178477825,0.9852058172301577
chat_preview,ui_text,meme_card,1200,800,512,341,33,64,32,2,1975,2153,0.9173246632605666,4.40567,29.537142222769713,0.9258357814121577,0.9781264204287617,0.9844140836361123,0.9956971924362124
chat_preview,ui_text,meme_card,1200,800,512,341,33,64,32,3,2109,2153,0.9795633999071064,4.36671,31.073521069069887,0.9330447051145271,0.978308363820103,0.9860107269645724,0.9968239608890563
chat_preview,ui_text,meme_card,1200,800,512,341,33,64,32,4,2153,2153,1.0,4.47479,31.106208606986932,0.9333537725410621,0.9783056084221137,0.986005485169752,0.99683347571051
chat_preview,ui_text,meme_card,1200,800,512,341,33,64,64,0,1889,3195,0.5912363067292645,4.45083,25.466936064683175,0.8602253805119816,0.9509838834570828,0.9532338640281981,0.9854630327053556
chat_preview,ui_text,meme_card,1200,800,512,341,33,64,64,1,2506,3195,0.7843505477308295,4.39521,30.032753353771064,0.935113497186801,0.9814874906495787,0.986650471160554,0.9964751667482407
chat_preview,ui_text,meme_card,1200,800,512,341,33,64,64,2,2925,3195,0.9154929577464789,4.58688,32.08799986715931,0.9466222512378041,0.9830040425894375,0.989988770384829,0.9978695946889508
chat_preview,ui_text,meme_card,1200,800,512,341,33,64,64,3,3195,3195,1.0,4.52221,35.08729042532232,0.9558101422511217,0.9858909462698108,0.9925755229421398,0.9988064094605975
chat_preview,ui_text,meme_card,1200,800,512,341,34,64,32,0,1202,2153,0.5582907570831398,4.304,22.241086728485723,0.7653521027546274,0.904844144780809,0.9074135611470053,0.9620795424814004
chat_preview,ui_text,meme_card,1200,800,512,341,34,64,32,1,1619,2153,0.7519739897816999,4.28025,25.408023783997116,0.8619891633385331,0.9510596252476086,0.9529643178477825,0.9852058172301577
chat_preview,ui_text,meme_card,1200,800,512,341,34,64,32,2,1975,2153,0.9173246632605666,4.38358,29.542957626101757,0.9259719859941228,0.9781673743167204,0.9844297827036579,0.9957078286989979
chat_preview,ui_text,meme_card,1200,800,512,341,34,64,32,3,2109,2153,0.9795633999071064,4.49875,31.097109008905527,0.9333126982206549,0.9784387752412508,0.9860924383094314,0.9968517723534238
chat_preview,ui_text,meme_card,1200,800,512,341,34,64,32,4,2153,2153,1.0,4.47746,31.13102471535168,0.93362421009276,0.9784364872204353,0.9860877673497089,0.9968617332900581
chat_preview,ui_text,meme_card,1200,800,512,341,34,64,64,0,1889,3195,0.5912363067292645,4.31979,25.466936064683175,0.8602253805119816,0.9509838834570828,0.9532338640281981,0.9854630327053556
chat_preview,ui_text,meme_card,1200,800,512,341,34,64,64,1,2506,3195,0.7843505477308295,4.36546,30.032753353771064,0.935113497186801,0.9814874906495787,0.986650471160554,0.9964751667482407
chat_preview,ui_text,meme_card,1200,800,512,341,34,64,64,2,2925,3195,0.9154929577464789,4.31842,32.092530076536335,0.9466382796482814,0.9830175299473058,0.9899881013710972,0.997872944139971
chat_preview,ui_text,meme_card,1200,800,512,341,34,64,64,3,3195,3195,1.0,4.50825,35.10278337610534,0.9558506098889777,0.9858850698440277,0.9925680910659733,0.9988090890347233
chat_preview,ui_text,meme_card,1200,800,512,341,35,64,32,0,1224,2181,0.5612104539202201,4.19554,22.241933243735495,0.7663244334982814,0.9054120250385039,0.9075733401515107,0.9620341786199385
chat_preview,ui_text,meme_card,1200,800,512,341,35,64,32,1,1649,2181,0.756075194864741,4.33537,25.391732816138468,0.8632537328336807,0.951517387215497,0.9526817848946288,0.9850740861395456
chat_preview,ui_text,meme_card,1200,800,512,341,35,64,32,2,2003,2181,0.9183860614397066,4.45092,29.591648379433813,0.9273373734613992,0.9790982325463883,0.9846091158027344,0.9957744739693281
chat_preview,ui_text,meme_card,1200,800,512,341,35,64,32,3,2138,2181,0.9802842732691426,4.40908,31.17223210184363,0.9343495746170217,0.9794725576291006,0.9862329501242892,0.9969418391929036
chat_preview,ui_text,meme_card,1200,800,512,341,35,64,32,4,2181,2181,1.0,4.40042,31.207182042659248,0.9346531303719238,0.9794816321268515,0.9862406879902745,0.9969534771908263
chat_preview,ui_text,meme_card,1200,800,512,341,35,64,64,0,1933,3262,0.5925812385039853,4.34679,25.465425198462242,0.8613189809879334,0.9516927528633645,0.9533463022561092,0.9854461244056819
chat_preview,ui_text,meme_card,1200,800,512,341,35,64,64,1,2560,3262,0.7847946045370938,4.35687,30.03302702363608,0.9362408087103878,0.9821293022427112,0.986820031997936,0.996475915074877
chat_preview,ui_text,meme_card,1200,800,512,341,35,64,64,2,2980,3262,0.9135499693439607,4.45688,32.08915038770118,0.9477188695246732,0.9836489068162889,0.9901353607402005,0.9978830786404489
chat_preview,ui_text,meme_card,1200,800,512,341,35,64,64,3,3262,3262,1.0,4.54667,35.21601078216047,0.9574083599717449,0.9866400386608882,0.992802952502864,0.9988365268003709
chat_preview,ui_text,meme_card,1200,800,512,341,36,64,32,0,1224,2183,0.5606962895098488,4.30075,22.241933243735495,0.7663244334982814,0.9054120250385039,0.9075733401515107,0.9620341786199385
chat_preview,ui_text,meme_card,1200,800,512,341,36,64,32,1,1649,2183,0.755382501145213,4.35283,25.391752233279487,0.8632574397076159,0.9515194725118445,0.952681840835221,0.9850741593101029
chat_preview,ui_text,meme_card,1200,800,512,341,36,64,32,2,2004,2183,0.9180027485112231,4.39433,29.607109811075517,0.9280020475074177,0.9792736361920479,0.9847464600574719,0.9957956689838113
chat_preview,ui_text,meme_card,1200,800,512,341,36,64,32,3,2139,2183,0.9798442510306917,4.50662,31.16827541150613,0.9355302661625483,0.9797070889759277,0.9864776253589854,0.9969437546747649
chat_preview,ui_text,meme_card,1200,800,512,341,36,64,32,4,2183,2183,1.0,4.38621,31.20925253338352,0.9358791520309273,0.9797230776359385,0.9864917962259856,0.9969581181130991
chat_preview,ui_text,meme_card,1200,800,512,341,36,64,64,0,1933,3263,0.5923996322402697,4.34525,25.465425198462242,0.8613189809879334,0.9516927528633645,0.9533463022561092,0.9854461244056819
chat_preview,ui_text,meme_card,1200,800,512,341,36,64,64,1,2560,3263,0.7845540913269997,4.49279,30.033068782291554,0.9362436962617803,0.9821297096685763,0.9868201804742741,0.9964759627713784
chat_preview,ui_text,meme_card,1200,800,512,341,36,64,64,2,2980,3263,0.9132699969353356,4.435,32.10233380348304,0.9476207961527326,0.9836763444005295,0.9901670800534894,0.9978893481694824
chat_preview,ui_text,meme_card,1200,800,512,341,36,64,64,3,3263,3263,1.0,4.51233,35.26226934619713,0.9574505415772409,0.9866561483559874,0.9928310858003904,0.9988430830440451
chat_preview,ui_text,meme_card,1200,800,512,341,37,64,32,0,1224,2204,0.5553539019963702,4.28533,22.241933243735495,0.7663244334982814,0.9054120250385039,0.9075733401515107,0.9620341786199385
chat_preview,ui_text,meme_card,1200,800,512,341,37,64,32,1,1660,2204,0.7531760435571688,4.34233,25.39148062184095,0.863202530616704,0.9515314753812728,0.9526084111426119,0.9850811659904426
chat_preview,ui_text,meme_card,1200,800,512,341,37,64,32,2,2021,2204,0.9169691470054446,4.42804,29.618517344900532,0.9282840826965622,0.9793388123068204,0.9847779174485857,0.9958184314512173
chat_preview,ui_text,meme_card,1200,800,512,341,37,64,32,3,2156,2204,0.9782214156079855,4.49437,31.18605971265587,0.9358748546975235,0.9797912658833291,0.9864385161095323,0.9969665963861869
chat_preview,ui_text,meme_card,1200,800,512,341,37,64,32,4,2204,2204,1.0,4.45908,31.235872670652874,0.9362470523352652,0.9798112901186888,0.9864572682235871,0.9969854910758714
chat_preview,ui_text,meme_card,1200,800,512,341,37,64,64,0,1933,3277,0.5898687824229478,4.36429,25.465425198462242,0.8613189809879334,0.9516927528633645,0.9533463022561092,0.9854461244056819
chat_preview,ui_text,meme_card,1200,800,512,341,37,64,64,1,2575,3277,0.7857796765334147,4.41287,30.036844910108805,0.9363776381572455,0.9821904062727066,0.9868257634676223,0.9964725646511239
chat_preview,ui_text,meme_card,1200,800,512,341,37,64,64,2,2994,3277,0.9136405248703082,4.43496,32.10829704435103,0.9476153237512669,0.9837248791458731,0.9901801108521884,0.9978874863040884
chat_preview,ui_text,meme_card,1200,800,512,341,37,64,64,3,3277,3277,1.0,4.62904,35.25488254026821,0.9574217904523549,0.9867073245390242,0.9928323867645761,0.9988381106002998
chat_preview,ui_text,meme_card,1200,800,512,341,38,64,32,0,1224,2213,0.5530953456845911,4.34221,22.241933243735495,0.7663244334982814,0.9054120250385039,0.9075733401515107,0.9620341786199385
chat_preview,ui_text,meme_card,1200,800,512,341,38,64,32,1,1660,2213,0.7501129688206055,4.32787,25.39148062184095,0.863202530616704,0.9515314753812728,0.9526084111426119,0.9850811659904426
chat_preview,ui_text,meme_card,1200,800,512,341,38,64,32,2,2023,2213,0.9141436963398102,4.48983,29.62810784072235,0.9280804674165326,0.9793757192475093,0.9849140684148783,0.9958371210670379
chat_preview,ui_text,meme_card,1200,800,512,341,38,64,32,3,2161,2213,0.9765024853140534,4.38817,31.199203537289115,0.935744482913755,0.9798623209219647,0.9866417670053502,0.9969985973755457
chat_preview,ui_text,meme_card,1200,800,512,341,38,64,32,4,2213,2213,1.0,4.56667,31.25382232741377,0.9361502921859574,0.9798902609534222,0.9866718318758204,0.9970194859521948
chat_preview,ui_text,meme_card,1200,800,512,341,38,64,64,0,1933,3295,0.5866464339908953,4.34833,25.465425198462242,0.8613189809879334,0.9516927528633645,0.9533463022561092,0.9854461244056819
chat_preview,ui_text,meme_card,1200,800,512,341,38,64,64,1,2575,3295,0.7814871016691958,4.36304,30.036844910108805,0.9363776381572455,0.9821904062727066,0.9868257634676223,0.9964725646511239
chat_preview,ui_text,meme_card,1200,800,512,341,38,64,64,2,3005,3295,0.9119878603945372,4.52733,32.13910093321378,0.9476875122687289,0.9838368055276477,0.9902693112561413,0.9979163876510996
chat_preview,ui_text,meme_card,1200,800,512,341,38,64,64,3,3295,3295,1.0,4.5495,35.347452075598035,0.9578822944243525,0.9867951820976057,0.9928900044304779,0.9988548031978804
chat_preview,ui_text,meme_card,1200,800,512,341,39,64,32,0,1240,2262,0.5481874447391689,4.262,22.241933243735495,0.7663244334982814,0.9054120250385039,0.9075733401515107,0.9620341786199385
chat_preview,ui_text,meme_card,1200,800,512,341,39,64,32,1,1689,2262,0.746684350132626,4.29725,25.391639615070005,0.8634889204488947,0.9516398799730729,0.9527102992202886,0.9850835180336815
chat_preview,ui_text,meme_card,1200,800,512,341,39,64,32,2,2054,2262,0.9080459770114943,4.33362,29.641078001345495,0.9283803684062427,0.979501247055334,0.9849809322352124,0.9958546927574038
chat_preview,ui_text,meme_card,1200,800,512,341,39,64,32,3,2196,2262,0.9708222811671088,4.48225,31.23199052913558,0.9361308270504433,0.980061945651857,0.9867777624473157,0.9970330083882131
chat_preview,ui_text,meme_card,1200,800,512,341,39,64,32,4,2262,2262,1.0,4.52267,31.324645189086166,0.9366519719118424,0.9801230748605442,0.9868457115401397,0.9970703236352756
chat_preview,ui_text,meme_card,1200,800,512,341,39,64,64,0,1949,3332,0.5849339735894358,4.29879,25.465425198462242,0.8613189809879334,0.9516927528633645,0.9533463022561092,0.9854461244056819
chat_preview,ui_text,meme_card,1200,800,512,341,39,64,64,1,2594,3332,0.7785114045618248,4.32046,30.0381734284312,0.9364570000616057,0.9822082193622211,0.9868242984380994,0.9964733859084869
chat_preview,ui_text,meme_card,1200,800,512,341,39,64,64,2,3042,3332,0.9129651860744298,4.40004,32.12306247397849,0.9479132198872801,0.9838464302990086,0.9902319349852463,0.9979063585317729
chat_preview,ui_text,meme_card,1200,800,512,341,39,64,64,3,3332,3332,1.0,4.49092,35.34971321308119,0.9582177525638865,0.9868171337018524,0.9928582751019058,0.9988531380207928
chat_preview,ui_text,meme_card,1200,800,512,341,40,64,32,0,1240,2277,0.5445761967501098,4.29354,22.241933243735495,0.7663244334982814,0.9054120250385039,0.9075733401515107,0.9620341786199385
chat_preview,ui_text,meme_card,1200,800,512,341,40,64,32,1,1690,2277,0.7422046552481335,4.35637,25.391498625777814,0.8634645352971776,0.951622104653076,0.9527050608767967,0.9850827913376424
chat_preview,ui_text,meme_card,1200,800,512,341,40,64,32,2,2055,2277,0.9025032938076416,4.34258,29.643680235774887,0.9287617924191943,0.979581124462448,0.9849665008688276,0.9958593270890321
chat_preview,ui_text,meme_card,1200,800,512,341,40,64,32,3,2194,2277,0.9635485287659201,4.41979,31.233031920495677,0.9363664101260549,0.980199187432591,0.9868212557081469,0.9970620706580032
chat_preview,ui_text,meme_card,1200,800,512,341,40,64,32,4,2277,2277,1.0,4.45475,31.390073008376756,0.9371334843253972,0.9803629450564402,0.98699480996022,0.9971293386447345
chat_preview,ui_text,meme_card,1200,800,512,341,40,64,64,0,1949,3344,0.5828349282296651,4.29742,25.465425198462242,0.8613189809879334,0.9516927528633645,0.9533463022561092,0.9854461244056819
chat_preview,ui_text,meme_card,1200,800,512,341,40,64,64,1,2594,3344,0.7757177033492823,4.41746,30.038169054676757,0.9364731189951335,0.9822066940384101,0.9868205537385024,0.9964727605301521
chat_preview,ui_text,meme_card,1200,800,512,341,40,64,64,2,3042,3344,0.909688995215311,4.37812,32.1295437515245,0.9479155570156209,0.9838570045340603,0.9902266850011414,0.9979099974693731
chat_preview,ui_text,meme_card,1200,800,512,341,40,64,64,3,3344,3344,1.0,4.53279,35.45655924033598,0.9587536874983353,0.9868921231563395,0.9929066625746659,0.9988718051708699
chat_preview,ui_text,meme_card,1200,800,512,341,41,64,32,0,1260,2326,0.5417024935511608,4.48696,22.250865384953393,0.7676449429221607,0.9066891569168614,0.9080404262089972,0.9621926449794251
chat_preview,ui_text,meme_card,1200,800,512,341,41,64,32,1,1721,2326,0.7398968185726569,4.33433,25.402613964879805,0.8647972747881649,0.9527490330678555,0.952783182413513,0.9851868183808796
chat_preview,ui_text,meme_card,1200,800,512,341,41,64,32,2,2095,2326,0.9006878761822872,4.37392,29.688604600850326,0.9304692373014598,0.9810367275342243,0.985709782741172,0.9959594280956225
chat_preview,ui_text,meme_card,1200,800,512,341,41,64,32,3,2236,2326,0.9613069647463457,4.41104,31.314326622501163,0.9384339776230067,0.9816792246748501,0.9876717554626789,0.9971774240610006
chat_preview,ui_text,meme_card,1200,800,512,341,41,64,32,4,2326,2326,1.0,4.39754,31.52776101944219,0.9394022568867384,0.9819255575894285,0.9879284795342312,0.9972722919893859
chat_preview,ui_text,meme_card,1200,800,512,341,41,64,64,0,2010,3460,0.5809248554913294,4.31192,25.47594014598645,0.862983379196192,0.9528384482922053,0.9535439964161168,0.9855008021579594
chat_preview,ui_text,meme_card,1200,800,512,341,41,64,64,1,2697,3460,0.7794797687861271,4.36963,30.098085108897692,0.9383653477784776,0.9835221420035692,0.9870262248720222,0.9965698661989513
chat_preview,ui_text,meme_card,1200,800,512,341,41,64,64,2,3158,3460,0.9127167630057803,4.44908,32.198162967766095,0.9504551301911408,0.9852311575437006,0.9904519650189038,0.9979826711017685
chat_preview,ui_text,meme_card,1200,800,512,341,41,64,64,3,3460,3460,1.0,4.47825,35.590920957974525,0.9609613211063232,0.9881634038332073,0.9929940318189963,0.9989250722883554
chat_preview,ui_text,meme_card,1200,800,512,341,42,64,32,0,1260,2344,0.537542662116041,4.28842,22.250865384953393,0.7676449429221607,0.9066891569168614,0.9080404262089972,0.9621926449794251
chat_preview,ui_text,meme_card,1200,800,512,341,42,64,32,1,1729,2344,0.7376279863481229,4.34125,25.412469085606478,0.8649928317649137,0.9527749414632849,0.9527486118096441,0.9852225810143793
chat_preview,ui_text,meme_card,1200,800,512,341,42,64,32,2,2103,2344,0.8971843003412969,4.26658,29.69938814305515,0.9311462082980618,0.9811875932398273,0.9856642994960921,0.9959693306583377
chat_preview,ui_text,meme_card,1200,800,512,341,42,64,32,3,2249,2344,0.9594709897610921,4.37108,31.34503391756369,0.9393472199188118,0.9819944355028055,0.9877205090910592,0.9972103631633423
chat_preview,ui_text,meme_card,1200,800,512,341,42,64,32,4,2344,2344,1.0,4.42162,31.606332837959016,0.9405007937991865,0.9823448364698059,0.9880780951767243,0.9973299671560771
chat_preview,ui_text,meme_card,1200,800,512,341,42,64,64,0,2010,3475,0.5784172661870504,4.30679,25.47594014598645,0.862983379196192,0.9528384482922053,0.9535439964161168,0.9855008021579594
chat_preview,ui_text,meme_card,1200,800,512,341,42,64,64,1,2703,3475,0.777841726618705,4.48646,30.102932255774153,0.9383933571204497,0.9835351890651136,0.98704957910921,0.9965721031456871
chat_preview,ui_text,meme_card,1200,800,512,341,42,64,64,2,3164,3475,0.9105035971223021,4.44471,32.216131385000566,0.9504391305046692,0.9852561648077067,0.9904701230304017,0.9979925932710331
chat_preview,ui_text,meme_card,1200,800,512,341,42,64,64,3,3475,3475,1.0,4.53412,35.6634187106841,0.9612697387432468,0.9882185639590979,0.9930601865881967,0.9989457643467002
chat_preview,ui_text,meme_card,1200,800,512,341,43,64,32,0,1260,2357,0.5345778532032245,4.32183,22.250865384953393,0.7676449429221607,0.9066891569168614,0.9080404262089972,0.9621926449794251
chat_preview,ui_text,meme_card,1200,800,512,341,43,64,32,1,1729,2357,0.7335596096733136,4.39158,25.413179397470795,0.8650647753890747,0.9527871205830976,0.9527584286888757,0.9852244845941838
chat_preview,ui_text,meme_card,1200,800,512,341,43,64,32,2,2111,2357,0.8956300381841323,4.34246,29.724108650354466,0.9309214968724443,0.9811559935413673,0.9857227239819223,0.9959900573470972
chat_preview,ui_text,meme_card,1200,800,512,341,43,64,32,3,2259,2357,0.9584217225286381,4.40912,31.392868495436225,0.9395905843364122,0.9821074427186284,0.9878945076481822,0.9972486699632563
chat_preview,ui_text,meme_card,1200,800,512,341,43,64,32,4,2357,2357,1.0,4.54471,31.700468200201513,0.9409572163851375,0.9825285505016018,0.9883323679504861,0.997391247545699
chat_preview,ui_text,meme_card,1200,800,512,341,43,64,64,0,2010,3512,0.5723234624145785,4.28496,25.47594014598645,0.862983379196192,0.9528384482922053,0.9535439964161168,0.9855008021579594
chat_preview,ui_text,meme_card,1200,800,512,341,43,64,64,1,2708,3512,0.7710706150341685,4.40508,30.103183353870616,0.9383774745641111,0.9835328327947774,0.9870485839158641,0.9965724706742515
chat_preview,ui_text,meme_card,1200,800,512,341,43,64,64,2,3200,3512,0.9111617312072893,4.58883,32.210365991579096,0.9503448290408083,0.985063558825814,0.9903761009961829,0.9979891138561238
chat_preview,ui_text,meme_card,1200,800,512,341,43,64,64,3,3512,3512,1.0,4.561,35.6650487047518,0.9611483105505441,0.9881200342249071,0.9930502727560042,0.9989431174638219
chat_preview,ui_text,meme_card,1200,800,512,341,44,64,32,0,1260,2374,0.5307497893850042,4.30642,22.250865384953393,0.7676449429221607,0.9066891569168614,0.9080404262089972,0.9621926449794251
chat_preview,ui_text,meme_card,1200,800,512,341,44,64,32,1,1731,2374,0.7291491154170177,4.41371,25.411604256610882,0.8651987006620954,0.9528268891929951,0.952734294553827,0.9852187336927254
chat_preview,ui_text,meme_card,1200,800,512,341,44,64,32,2,2113,2374,0.8900589721988206,4.49025,29.726901824835235,0.9311733820633515,0.9812398677967789,0.9857502403747406,0.9959994761068145
chat_preview,ui_text,meme_card,1200,800,512,341,44,64,32,3,2274,2374,0.95787700084246,4.44879,31.4224193477241,0.9398098890655936,0.9822256025092838,0.9879204729633909,0.9972810170977598
chat_preview,ui_text,meme_card,1200,800,512,341,44,64,32,4,2374,2374,1.0,4.43279,31.764708228021576,0.941306586875415,0.9826900992954618,0.9884086187428298,0.9974388816403045
chat_preview,ui_text,meme_card,1200,800,512,341,44,64,64,0,2010,3516,0.5716723549488054,4.24313,25.47594014598645,0.862983379196192,0.9528384482922053,0.9535439964161168,0.9855008021579594
chat_preview,ui_text,meme_card,1200,800,512,341,44,64,64,1,2712,3516,0.7713310580204779,4.42829,30.102714335808415,0.9384385429832459,0.9835605529756523,0.9870488514048245,0.9965778160533563
chat_preview,ui_text,meme_card,1200,800,512,341,44,64,64,2,3204,3516,0.9112627986348123,4.365,32.21427108673061,0.9504372841606328,0.9850906398076059,0.990362416152178,0.9979929054263222
chat_preview,ui_text,meme_card,1200,800,512,341,44,64,64,3,3516,3516,1.0,4.55242,35.76555471556718,0.9615898153788086,0.9882249469004734,0.9931166447066655,0.9989618803995095
chat_preview,ui_text,meme_card,1200,800,512,341,45,64,32,0,1260,2386,0.5280804694048616,4.351,22.250865384953393,0.7676449429221607,0.9066891569168614,0.9080404262089972,0.9621926449794251
chat_preview,ui_text,meme_card,1200,800,512,341,45,64,32,1,1731,2386,0.7254819782062029,4.28308,25.411435443069585,0.8651941771384131,0.9528260886968791,0.9527343126649704,0.9852181222650582
chat_preview,ui_text,meme_card,1200,800,512,341,45,64,32,2,2118,2386,0.8876781223805532,4.477,29.736706388310022,0.9312930800224661,0.9813042541477718,0.9857480030389513,0.9960136218500276
chat_preview,ui_text,meme_card,1200,800,512,341,45,64,32,3,2279,2386,0.9551550712489523,4.46488,31.41907578262563,0.9400825913133115,0.9822608207574522,0.987856772478448,0.9972738328261557
chat_preview,ui_text,meme_card,1200,800,512,341,45,64,32,4,2386,2386,1.0,4.52163,31.834528522801513,0.9418540381703794,0.9828309151817507,0.9884728241521025,0.9974649226800067
chat_preview,ui_text,meme_card,1200,800,512,341,45,64,64,0,2010,3519,0.5711849957374254,4.28446,25.47594014598645,0.862983379196192,0.9528384482922053,0.9535439964161168,0.9855008021579594
chat_preview,ui_text,meme_card,1200,800,512,341,45,64,64,1,2712,3519,0.7706734867860188,4.35454,30.102600222705075,0.9384387499277126,0.9835601963548554,0.9870489091744761,0.996577632963077
chat_preview,ui_text,meme_card,1200,800,512,341,45,64,64,2,3207,3519,0.9113384484228474,4.45092,32.21332998593662,0.9504594226593764,0.9850973274053519,0.9903511597799806,0.9979924597223786
chat_preview,ui_text,meme_card,1200,800,512,341,45,64,64,3,3519,3519,1.0,4.58479,35.77554574995921,0.9616598987410733,0.9882108958176515,0.9930982542821081,0.9989629706690498
chat_preview,ui_text,meme_card,1200,800,512,341,46,64,32,0,1260,2399,0.5252188411838266,4.31904,22.250865384953393,0.7676449429221607,0.9066891569168614,0.9080404262089972,0.9621926449794251
chat_preview,ui_text,meme_card,1200,800,512,341,46,64,32,1,1731,2399,0.7215506461025427,4.26358,25.411435443069585,0.8651941771384131,0.9528260886968791,0.9527343126649704,0.9852181222650582
chat_preview,ui_text,meme_card,1200,800,512,341,46,64,32,2,2126,2399,0.8862025844101709,4.42921,29.74240006448072,0.9319131830460797,0.9814012741726031,0.9860042279201756,0.9960312926310387
chat_preview,ui_text,meme_card,1200,800,512,341,46,64,32,3,2292,2399,0.9553980825343893,4.4715,31.449798261454795,0.9406500990818301,0.9825278142790159,0.9882605050897866,0.9973358697770236
chat_preview,ui_text,meme_card,1200,800,512,341,46,64,32,4,2399,2399,1.0,4.41629,31.93931595615567,0.9426808142527925,0.9832074512450474,0.9890164194926083,0.9975596554725987
chat_preview,ui_text,meme_card,1200,800,512,341,46,64,64,0,2010,3534,0.568760611205433,4.42304,25.47594014598645,0.862983379196192,0.9528384482922053,0.9535439964161168,0.9855008021579594
chat_preview,ui_text,meme_card,1200,800,512,341,46,64,64,1,2712,3534,0.767402376910017,4.44546,30.102600222705075,0.9384387499277126,0.9835601963548554,0.9870489091744761,0.996577632963077
chat_preview,ui_text,meme_card,1200,800,512,341,46,64,64,2,3214,3534,0.9094510469722694,4.48137,32.23411409200159,0.9505934227336278,0.9851324618972339,0.9903573912525261,0.9980039003215652
chat_preview,ui_text,meme_card,1200,800,512,341,46,64,64,3,3534,3534,1.0,4.49596,35.86309716566099,0.9619285336719425,0.9882896158341049,0.9931859559132963,0.9989801150225618
chat_preview,ui_text,meme_card,1200,800,512,341,47,64,32,0,1328,2491,0.5331192292252107,4.28346,22.27023955345473,0.7679999826104691,0.9078760982674,0.9091569993237547,0.962169161050209
chat_preview,ui_text,meme_card,1200,800,512,341,47,64,32,1,1812,2491,0.7274187073464472,4.34908,25.43680941805059,0.866171743856739,0.9538247516198332,0.9534982788497963,0.9852443342544785
chat_preview,ui_text,meme_card,1200,800,512,341,47,64,32,2,2211,2491,0.8875953432356484,4.31279,29.827192774226194,0.9337446877644977,0.9826485299211462,0.986954087326004,0.9961322272581019
chat_preview,ui_text,meme_card,1200,800,512,341,47,64,32,3,2379,2491,0.9550381372942593,4.46121,31.59299120578373,0.9419698315696015,0.9837572753989748,0.9891387073246993,0.9974578139301365
chat_preview,ui_text,meme_card,1200,800,512,341,47,64,32,4,2491,2491,1.0,4.54954,32.192101961936935,0.9442795238745072,0.9845156810176819,0.9900257408800077,0.99771723764671
chat_preview,ui_text,meme_card,1200,800,512,341,47,64,64,0,2175,3719,0.584834632965851,4.59488,25.490879581388363,0.8652782411055956,0.9545038192638585,0.9547080010179416,0.9855354719724038
chat_preview,ui_text,meme_card,1200,800,512,341,47,64,64,1,2890,3719,0.777090615756924,4.78258,30.154872710305554,0.9412427987814227,0.9852169500265752,0.9882652229278258,0.9966306465382576
chat_preview,ui_text,meme_card,1200,800,512,341,47,64,64,2,3396,3719,0.9131486958859909,4.44421,32.34753662190357,0.9535451425196347,0.987004387745022,0.9917194965394983,0.9980887032607466
chat_preview,ui_text,meme_card,1200,800,512,341,47,64,64,3,3719,3719,1.0,4.61637,36.15871458668036,0.9650868184232829,0.9901531626989778,0.9945627344988512,0.9990668852623869
chat_preview,ui_text,meme_card,1200,800,512,341,48,64,32,0,1328,2513,0.5284520493434143,4.42912,22.27023955345473,0.7679999826104691,0.9078760982674,0.9091569993237547,0.962169161050209
chat_preview,ui_text,meme_card,1200,800,512,341,48,64,32,1,1812,2513,0.721050537206526,4.27783,25.43684633888269,0.8661760727326531,0.9538262402062879,0.9534982769070514,0.9852444516093083
chat_preview,ui_text,meme_card,1200,800,512,341,48,64,32,2,2232,2513,0.8881814564265818,4.43808,29.84543630615065,0.9343129954637751,0.9828843490250696,0.9869231343138993,0.9961608536493248
chat_preview,ui_text,meme_card,1200,800,512,341,48,64,32,3,2400,2513,0.955033824114604,4.46779,31.63341791912892,0.9428467597859201,0.9839682620066323,0.9890803890296539,0.9974855142656337
chat_preview,ui_text,meme_card,1200,800,512,341,48,64,32,4,2513,2513,1.0,4.45617,32.29348540834654,0.9453852979768945,0.9847772263109063,0.9900486370432129,0.9977703201183694
chat_preview,ui_text,meme_card,1200,800,512,341,48,64,64,0,2175,3744,0.5809294871794872,4.36392,25.490879581388363,0.8652782411055956,0.9545038192638585,0.9547080010179416,0.9855354719724038
chat_preview,ui_text,meme_card,1200,800,512,341,48,64,64,1,2890,3744,0.7719017094017094,4.45371,30.154891871147438,0.9412437383741136,0.985216898577844,0.988265293093875,0.9966306557853101
chat_preview,ui_text,meme_card,1200,800,512,341,48,64,64,2,3411,3744,0.9110576923076923,4.57437,32.37341707257085,0.9534922976265906,0.9869469739533133,0.9915771966029006,0.9980993377059949
chat_preview,ui_text,meme_card,1200,800,512,341,48,64,64,3,3744,3744,1.0,4.58925,36.25240820953862,0.9652670824891488,0.9901439119828422,0.9944903575525343,0.9990746695422463
chat_preview,ui_text,meme_card,1200,800,512,341,49,64,32,0,1328,2521,0.5267750892502975,4.32475,22.27023955345473,0.7679999826104691,0.9078760982674,0.9091569993237547,0.962169161050209
chat_preview,ui_text,meme_card,1200,800,512,341,49,64,32,1,1812,2521,0.718762395874653,4.28987,25.439363224537743,0.8662211584990599,0.953827961701453,0.9535354786242751,0.9852549209490198
chat_preview,ui_text,meme_card,1200,800,512,341,49,64,32,2,2239,2521,0.8881396271320905,4.39533,29.861137900352904,0.9344566972362384,0.9829882194189666,0.986972351715342,0.9961860162552891
chat_preview,ui_text,meme_card,1200,800,512,341,49,64,32,3,2407,2521,0.9547798492661642,4.42171,31.653893361054813,0.9432852297664507,0.984119626452415,0.9892203885324251,0.9975097421210336
chat_preview,ui_text,meme_card,1200,800,512,341,49,64,32,4,2521,2521,1.0,4.47383,32.362292595330096,0.9459166999375684,0.9849840224147655,0.9902565083936371,0.9978108624960248
chat_preview,ui_text,meme_card,1200,800,512,341,49,64,64,0,2175,3756,0.579073482428115,4.32396,25.490879581388363,0.8652782411055956,0.9545038192638585,0.9547080010179416,0.9855354719724038
chat_preview,ui_text,meme_card,1200,800,512,341,49,64,64,1,2892,3756,0.7699680511182109,4.40133,30.15633485934932,0.9411462193112827,0.9851651826989477,0.9882689620566575,0.9966302949617474
chat_preview,ui_text,meme_card,1200,800,512,341,49,64,64,2,3423,3756,0.9113418530351438,4.48621,32.380481128838504,0.953607743195393,0.9869367508981822,0.9915652717474717,0.9981017920419892
chat_preview,ui_text,meme_card,1200,800,512,341,49,64,64,3,3756,3756,1.0,4.57729,36.29167890381518,0.9654745623027,0.9901221426694867,0.9944816838170296,0.999081637799251
chat_preview,ui_text,meme_card,1200,800,512,341,50,64,32,0,1328,2533,0.5242795104619029,4.44092,22.27023955345473,0.7679999826104691,0.9078760982674,0.9091569993237547,0.962169161050209
chat_preview,ui_text,meme_card,1200,800,512,341,50,64,32,1,1816,2533,0.7169364390051323,4.41375,25.439099148001905,0.866172007419645,0.9538319686736174,0.9535377617940382,0.9852525839037849
chat_preview,ui_text,meme_card,1200,800,512,341,50,64,32,2,2243,2533,0.885511251480458,4.39633,29.86360171252274,0.9345622591249135,0.9830277754146466,0.9869682663905911,0.9961901028135945
chat_preview,ui_text,meme_card,1200,800,512,341,50,64,32,3,2417,2533,0.9542045005921832,4.541,31.66453918925125,0.9433172545819867,0.9840845330866569,0.9891575524868095,0.9975087370190123
chat_preview,ui_text,meme_card,1200,800,512,341,50,64,32,4,2533,2533,1.0,4.51308,32.438358643025,0.94622316038209,0.9850111047630709,0.9902753724526154,0.9978373838585246
chat_preview,ui_text,meme_card,1200,800,512,341,50,64,64,0,2175,3756,0.579073482428115,4.38733,25.490879581388363,0.8652782411055956,0.9545038192638585,0.9547080010179416,0.9855354719724038
chat_preview,ui_text,meme_card,1200,800,512,341,50,64,64,1,2893,3756,0.770234291799787,4.42925,30.157622957472796,0.9412132838805839,0.9851868505685375,0.9882906424936556,0.9966331119242797
chat_preview,ui_text,meme_card,1200,800,512,341,50,64,64,2,3423,3756,0.9113418530351438,4.49592,32.38804217059354,0.9536927829292684,0.986973277998234,0.9915865037813165,0.9981088597532578
chat_preview,ui_text,meme_card,1200,800,512,341,50,64,64,3,3756,3756,1.0,4.58287,36.35032605633964,0.9657476076440851,0.9901762829649576,0.9945188731807353,0.9990964173264077
chat_preview,ui_text,meme_card,1200,800,512,341,51,64,32,0,1328,2568,0.5171339563862928,4.36421,22.27023955345473,0.7679999826104691,0.9078760982674,0.9091569993237547,0.962169161050209
chat_preview,ui_text,meme_card,1200,800,512,341,51,64,32,1,1831,2568,0.713006230529595,4.37237,25.4426021560781,0.8663776192084521,0.9538405477614061,0.9535998362134924,0.985270709118939
chat_preview,ui_text,meme_card,1200,800,512,341,51,64,32,2,2271,2568,0.8843457943925234,4.47537,29.87505681425516,0.9350935152414012,0.9832036311728086,0.9869671587740844,0.9962073631962861
chat_preview,ui_text,meme_card,1200,800,512,341,51,64,32,3,2448,2568,0.9532710280373832,4.38312,31.686224360282786,0.9440474918645491,0.9842887004198916,0.9891201492530391,0.9975233829962737
chat_preview,ui_text,meme_card,1200,800,512,341,51,64,32,4,2568,2568,1.0,4.42871,32.49923915783826,0.9471497559272551,0.985274334243658,0.9903118757545354,0.9978644409919571
chat_preview,ui_text,meme_card,1200,800,512,341,51,64,64,0,2175,3783,0.5749405233941316,4.32704,25.490879581388363,0.8652782411055956,0.9545038192638585,0.9547080010179416,0.9855354719724038
chat_preview,ui_text,meme_card,1200,800,512,341,51,64,64,1,2904,3783,0.767644726407613,4.49175,30.164866580474584,0.9414574475378528,0.9852584928206828,0.9883154518962689,0.9966432830489702
chat_preview,ui_text,meme_card,1200,800,512,341,51,64,64,2,3449,3783,0.9117102828443034,4.56242,32.39419698118872,0.9541964810645124,0.9870940196193225,0.9916789859327345,0.9981231649293777
chat_preview,ui_text,meme_card,1200,800,512,341,51,64,64,3,3783,3783,1.0,4.47971,36.38046296052018,0.9661043886040077,0.9902218902641197,0.9945437662014275,0.9991028705465537
chat_preview,ui_text,meme_card,1200,800,512,341,52,64,32,0,1328,2579,0.5149282667700659,4.29387,22.27023955345473,0.7679999826104691,0.9078760982674,0.9091569993237547,0.962169161050209
chat_preview,ui_text,meme_card,1200,800,512,341,52,64,32,1,1831,2579,0.7099651027530051,4.40354,25.442772498034437,0.86638452880137,0.9538435860013513,0.9535996436013462,0.9852713823151846
chat_preview,ui_text,meme_card,1200,800,512,341,52,64,32,2,2275,2579,0.8821248545948042,4.26492,29.879405205803934,0.9354758264814808,0.9832964887068106,0.9869572640020928,0.9962143041817779
chat_preview,ui_text,meme_card,1200,800,512,341,52,64,32,3,2459,2579,0.9534703373400543,4.49796,31.701092602350766,0.9445112946449418,0.9843675461484263,0.9891595167519885,0.9975344420575791
chat_preview,ui_text,meme_card,1200,800,512,341,52,64,32,4,2579,2579,1.0,4.50696,32.5743516771586,0.9478842366671135,0.98540053348687,0.9904124736197952,0.9979005486285167
chat_preview,ui_text,meme_card,1200,800,512,341,52,64,64,0,2175,3804,0.5717665615141956,4.31438,25.490879581388363,0.8652782411055956,0.9545038192638585,0.9547080010179416,0.9855354719724038
chat_preview,ui_text,meme_card,1200,800,512,341,52,64,64,1,2907,3804,0.7641955835962145,4.35433,30.165375872437036,0.9414625523592264,0.9852603685177236,0.9883162122982506,0.9966436991175608
chat_preview,ui_text,meme_card,1200,800,512,341,52,64,64,2,3453,3804,0.9077287066246057,4.46296,32.407680128242404,0.9542835401429608,0.9871301417546346,0.9916972111203192,0.9981297878227
chat_preview,ui_text,meme_card,1200,800,512,341,52,64,64,3,3804,3804,1.0,4.53662,36.460556548405435,0.9663656472806981,0.9902905944199064,0.9945597511665257,0.9991129382623577
chat_preview,ui_text,meme_card,1200,800,512,341,53,64,32,0,1357,2634,0.5151860288534548,4.29012,22.278076847981684,0.7685711032668943,0.9084037605780159,0.909307849231465,0.9622828876539145
chat_preview,ui_text,meme_card,1200,800,512,341,53,64,32,1,1880,2634,0.7137433561123766,4.38863,25.44731842976101,0.8667466386539128,0.9544057639224485,0.9539169910993334,0.9853119796374215
chat_preview,ui_text,meme_card,1200,800,512,341,53,64,32,2,2326,2634,0.8830675778283978,4.40925,29.88048706078823,0.9360099821712994,0.9837615020918834,0.9870449842846184,0.996227879831864
chat_preview,ui_text,meme_card,1200,800,512,341,53,64,32,3,2512,2634,0.9536826119969628,4.38867,31.72777698897796,0.9452964769861163,0.9848792658474196,0.9894224506006174,0.9975694898708724
chat_preview,ui_text,meme_card,1200,800,512,341,53,64,32,4,2634,2634,1.0,4.48346,32.70228548868166,0.9491563137985338,0.9860100153308783,0.990802650502311,0.997970214065116
chat_preview,ui_text,meme_card,1200,800,512,341,53,64,64,0,2260,3930,0.5750636132315522,4.37688,25.499973397533118,0.8667773282036224,0.9554584964114743,0.954929477125617,0.9856113191690258
chat_preview,ui_text,meme_card,1200,800,512,341,53,64,64,1,3025,3930,0.7697201017811705,4.33217,30.19588245837187,0.9427546040628272,0.9863050676342056,0.9885036434080744,0.9967075696506951
chat_preview,ui_text,meme_card,1200,800,512,341,53,64,64,2,3571,3930,0.9086513994910942,4.47633,32.455682165270986,0.955888429556144,0.988124301744049,0.9918555379749735,0.9981814335353117
chat_preview,ui_text,meme_card,1200,800,512,341,53,64,64,3,3930,3930,1.0,4.62946,36.58058984992101,0.9681711348558674,0.9912822331862717,0.9947441173667666,0.9991645023951943
chat_preview,ui_text,meme_card,1200,800,512,341,54,64,32,0,1357,2640,0.5140151515151515,4.38204,22.278076847981684,0.7685711032668943,0.9084037605780159,0.909307849231465,0.9622828876539145
chat_preview,ui_text,meme_card,1200,800,512,341,54,64,32,1,1880,2640,0.7121212121212122,4.38387,25.442610326981377,0.8670342779409036,0.9544944837366797,0.9539040284414291,0.9853009136775114
chat_preview,ui_text,meme_card,1200,800,512,341,54,64,32,2,2331,2640,0.8829545454545454,4.54079,29.906126432922818,0.9361174514459908,0.983788584729982,0.9868933430797102,0.9962712687819542
chat_preview,ui_text,meme_card,1200,800,512,341,54,64,32,3,2517,2640,0.9534090909090909,4.45708,31.771135933859796,0.9459801727790756,0.9848581911949227,0.9892940383063493,0.9975868752141589
chat_preview,ui_text,meme_card,1200,800,512,341,54,64,32,4,2640,2640,1.0,4.47775,32.76970219368826,0.9499021007022086,0.9859999612591714,0.9906865169472694,0.9979932725362384
chat_preview,ui_text,meme_card,1200,800,512,341,54,64,64,0,2260,3960,0.5707070707070707,4.43992,25.499973397533118,0.8667773282036224,0.9554584964114743,0.954929477125617,0.9856113191690258
chat_preview,ui_text,meme_card,1200,800,512,341,54,64,64,1,3030,3960,0.7651515151515151,5.26037,30.19343650986817,0.9427569037689549,0.9862916400513037,0.9884867479114591,0.9967061273052704
chat_preview,ui_text,meme_card,1200,800,512,341,54,64,64,2,3598,3960,0.9085858585858586,4.52025,32.49802911613708,0.9558813564838718,0.9881062319670812,0.991829648884032,0.9982073615891593
chat_preview,ui_text,meme_card,1200,800,512,341,54,64,64,3,3960,3960,1.0,4.79804,36.63703418808354,0.9681434497743312,0.9912096544106767,0.9946726764427483,0.9991723482930914
chat_preview,ui_text,meme_card,1200,800,512,341,55,64,32,0,1389,2707,0.5131141485038788,4.33325,22.278076847981684,0.7685711032668943,0.9084037605780159,0.909307849231465,0.9622828876539145
chat_preview,ui_text,meme_card,1200,800,512,341,55,64,32,1,1912,2707,0.7063169560398965,4.52804,25.44271704128264,0.8670370486861421,0.9544964728147507,0.9539038346082435,0.9853010405120176
chat_preview,ui_text,meme_card,1200,800,512,341,55,64,32,2,2377,2707,0.8780938308090137,4.43796,29.91378489995581,0.9361606604055809,0.9838106383107964,0.9869645975394509,0.9962802991538695
chat_preview,ui_text,meme_card,1200,800,512,341,55,64,32,3,2569,2707,0.949021056520133,4.53275,31.77780454088137,0.9458659493669574,0.9848126710527257,0.9894468585352706,0.9976082183166277
chat_preview,ui_text,meme_card,1200,800,512,341,55,64,32,4,2707,2707,1.0,4.8055,32.829595844113776,0.9500390427442441,0.9859905880896817,0.9908655523240966,0.9980362292982572
chat_preview,ui_text,meme_card,1200,800,512,341,55,64,64,0,2260,3988,0.5667001003009027,4.34821,25.499973397533118,0.8667773282036224,0.9554584964114743,0.954929477125617,0.9856113191690258
chat_preview,ui_text,meme_card,1200,800,512,341,55,64,64,1,3034,3988,0.7607823470411234,4.3865,30.193657830122564,0.9427519020823735,0.9862947859262627,0.9884882348230007,0.9967066582686186
chat_preview,ui_text,meme_card,1200,800,512,341,55,64,64,2,3608,3988,0.9047141424272819,4.46975,32.49041956944125,0.9559125247239718,0.9880939612191066,0.9918305107291139,0.9982015902068739
chat_preview,ui_text,meme_card,1200,800,512,341,55,64,64,3,3988,3988,1.0,4.52575,36.687785957001196,0.9682846718584043,0.9912555718083359,0.9947192205385313,0.9991745258569655
chat_preview,ui_text,meme_card,1200,800,512,341,56,64,32,0,1389,2733,0.5082327113062569,4.37462,22.278076847981684,0.7685711032668943,0.9084037605780159,0.909307849231465,0.9622828876539145
chat_preview,ui_text,meme_card,1200,800,512,341,56,64,32,1,1925,2733,0.7043541895353091,4.35633,25.44425669804029,0.8669858583051516,0.9545836212933265,0.9537790044838433,0.9853017247476228
chat_preview,ui_text,meme_card,1200,800,512,341,56,64,32,2,2391,2733,0.8748627881448957,4.40125,29.91198628630535,0.9373649616763645,0.9840384080924536,0.9871184965261612,0.9962737043688472
chat_preview,ui_text,meme_card,1200,800,512,341,56,64,32,3,2589,2733,0.9473106476399561,4.43583,31.815829089538205,0.9467498312458845,0.9851449299999656,0.9897586478255199,0.9976618992638716
chat_preview,ui_text,meme_card,1200,800,512,341,56,64,32,4,2733,2733,1.0,4.515,32.90457777405627,0.9509943299701096,0.9863179491000382,0.9911713020030704,0.9981013366559025
chat_preview,ui_text,meme_card,1200,800,512,341,56,64,64,0,2260,4016,0.5627490039840638,4.25737,25.499973397533118,0.8667773282036224,0.9554584964114743,0.954929477125617,0.9856113191690258
chat_preview,ui_text,meme_card,1200,800,512,341,56,64,64,1,3047,4016,0.7587151394422311,4.38308,30.195461077169266,0.9429653845848943,0.9863681660386869,0.9885111756025666,0.9967050063929297
chat_preview,ui_text,meme_card,1200,800,512,341,56,64,64,2,3631,4016,0.9041334661354582,4.57842,32.519947270021646,0.9561167469068567,0.9882574802249001,0.9919161694381483,0.9982156167892074
chat_preview,ui_text,meme_card,1200,800,512,341,56,64,64,3,4016,4016,1.0,4.47592,36.79551914680948,0.9688573971620625,0.9914247182041009,0.9948148127399206,0.9991958425542635
chat_preview,ui_text,meme_card,1200,800,512,341,57,64,32,0,1389,2742,0.5065645514223195,4.30917,22.278076847981684,0.7685711032668943,0.9084037605780159,0.909307849231465,0.9622828876539145
chat_preview,ui_text,meme_card,1200,800,512,341,57,64,32,1,1925,2742,0.7020423048869439,4.31329,25.444209485577858,0.8669912326839201,0.9545838921719927,0.9537779411442971,0.9853012888233456
chat_preview,ui_text,meme_card,1200,800,512,341,57,64,32,2,2400,2742,0.87527352297593,4.43929,29.919009614055625,0.9375216563666523,0.9840862390325086,0.9871690312139878,0.9962830502355523
chat_preview,ui_text,meme_card,1200,800,512,341,57,64,32,3,2598,2742,0.9474835886214442,4.44896,31.828783442488668,0.9468486344124715,0.9852172865704768,0.9898709218720853,0.9976751483168427
chat_preview,ui_text,meme_card,1200,800,512,341,57,64,32,4,2742,2742,1.0,4.51879,32.969448744402726,0.9513576959199045,0.9864153178782641,0.9912979812797997,0.9981332569560626
chat_preview,ui_text,meme_card,1200,800,512,341,57,64,64,0,2260,4037,0.5598216497399059,4.40858,25.499973397533118,0.8667773282036224,0.9554584964114743,0.954929477125617,0.9856113191690258
chat_preview,ui_text,meme_card,1200,800,512,341,57,64,64,1,3047,4037,0.7547683923705722,4.3495,30.195491889034095,0.9429679141777308,0.9863677971085562,0.9885109800803685,0.9967049826571477
chat_preview,ui_text,meme_card,1200,800,512,341,57,64,64,2,3640,4037,0.9016596482536537,4.49367,32.52952267064406,0.956189617757937,0.988283910972607,0.9919188711934094,0.998220728819338
chat_preview,ui_text,meme_card,1200,800,512,341,57,64,64,3,4037,4037,1.0,4.62504,36.880285207383444,0.969102100012301,0.9915025482751227,0.9948404071643786,0.9992098790982578
chat_preview,ui_text,meme_card,1200,800,512,341,58,64,32,0,1405,2779,0.5055775458798129,4.41446,22.278076847981684,0.7685711032668943,0.9084037605780159,0.909307849231465,0.9622828876539145
chat_preview,ui_text,meme_card,1200,800,512,341,58,64,32,1,1941,2779,0.698452680820439,4.28475,25.444209485577858,0.8669912326839201,0.9545838921719927,0.9537779411442971,0.9853012888233456
chat_preview,ui_text,meme_card,1200,800,512,341,58,64,32,2,2418,2779,0.8700971572508096,4.37329,29.922331456410973,0.9375848475480876,0.9840895177999349,0.9871519130300688,0.9962850473718956
chat_preview,ui_text,meme_card,1200,800,512,341,58,64,32,3,2633,2779,0.9474631162288593,4.50575,31.83846100415512,0.9471799841852314,0.9852484579167923,0.9899663033138841,0.9976838417910706
chat_preview,ui_text,meme_card,1200,800,512,341,58,64,32,4,2779,2779,1.0,4.48583,32.99818039292874,0.9516189668452822,0.9864376408997099,0.9914065647960647,0.998145649619866
chat_preview,ui_text,meme_card,1200,800,512,341,58,64,64,0,2260,4042,0.5591291439881247,4.37662,25.499973397533118,0.8667773282036224,0.9554584964114743,0.954929477125617,0.9856113191690258
chat_preview,ui_text,meme_card,1200,800,512,341,58,64,64,1,3047,4042,0.7538347352795646,4.3505,30.195491889034095,0.9429679141777308,0.9863677971085562,0.9885109800803685,0.9967049826571477
chat_preview,ui_text,meme_card,1200,800,512,341,58,64,64,2,3640,4042,0.9005442850074221,4.40725,32.53907850239051,0.9562148625281898,0.9883061628437426,0.9919245289726811,0.9982269419702015
chat_preview,ui_text,meme_card,1200,800,512,341,58,64,64,3,4042,4042,1.0,4.60946,36.93463984217428,0.9693456754368365,0.9915086730885165,0.9948660857298498,0.9992181684810076
chat_preview,ui_text,meme_card,1200,800,512,341,59,64,32,0,1437,2853,0.5036803364879074,4.33904,22.27149205078198,0.7683140982299745,0.9086291595608652,0.9094061613226184,0.9621775329243383
chat_preview,ui_text,meme_card,1200,800,512,341,59,64,32,1,1983,2853,0.6950578338590957,4.37508,25.46098291721907,0.8673162049234193,0.9551759157849853,0.9541509620206847,0.9853459255809176
chat_preview,ui_text,meme_card,1200,800,512,341,59,64,32,2,2471,2853,0.866105853487557,4.38117,29.966896351136878,0.9373657737312572,0.9846074252166561,0.9874763914416324,0.9963437220921557
chat_preview,ui_text,meme_card,1200,800,512,341,59,64,32,3,2702,2853,0.9470732562215212,4.46704,31.894959227639454,0.9477095169811447,0.9857804562886315,0.9901822489833048,0.9977223849681678
chat_preview,ui_text,meme_card,1200,800,512,341,59,64,32,4,2853,2853,1.0,4.41854,33.207645227862756,0.9527152747038715,0.9870641570627372,0.9916836708889082,0.9982281968135857
chat_preview,ui_text,meme_card,1200,800,512,341,59,64,64,0,2334,4203,0.5553176302640971,4.34467,25.503194251070234,0.8675889937799552,0.9560700321477137,0.9549764326891772,0.9855875807633269
chat_preview,ui_text,meme_card,1200,800,512,341,59,64,64,1,3143,4203,0.747799191054009,4.41854,30.214752403605218,0.9445515906042358,0.98708060098673,0.9885638638160811,0.9967158358752392
chat_preview,ui_text,meme_card,1200,800,512,341,59,64,64,2,3775,4203,0.8981679752557696,4.48537,32.61301771593169,0.9582496765889186,0.9893553949924367,0.9921390420779839,0.998277451705841
chat_preview,ui_text,meme_card,1200,800,512,341,59,64,64,3,4203,4203,1.0,4.67825,37.20298094759603,0.9715375096840181,0.9924103478366936,0.9949836360484963,0.9992549478440782
chat_preview,ui_text,meme_card,1200,800,512,341,60,64,32,0,1437,2866,0.5013956734124215,4.35487,22.27149205078198,0.7683140982299745,0.9086291595608652,0.9094061613226184,0.9621775329243383
chat_preview,ui_text,meme_card,1200,800,512,341,60,64,32,1,1986,2866,0.6929518492672715,4.33308,25.459850564329088,0.8673287421891053,0.9551659476245984,0.9541477967101112,0.9853420113396609
chat_preview,ui_text,meme_card,1200,800,512,341,60,64,32,2,2474,2866,0.8632240055826936,4.46967,29.968272502436587,0.9377051087491669,0.9846746306531866,0.9874523011470729,0.9963482062846856
chat_preview,ui_text,meme_card,1200,800,512,341,60,64,32,3,2711,2866,0.9459176552686671,4.39392,31.91097008731301,0.9481981473131654,0.9859580986937084,0.990311764419165,0.9977424554591697
chat_preview,ui_text,meme_card,1200,800,512,341,60,64,32,4,2866,2866,1.0,4.48404,33.2998488072523,0.9533798275945267,0.9872801408251926,0.9918082167992555,0.9982697090621477
chat_preview,ui_text,meme_card,1200,800,512,341,60,64,64,0,2334,4216,0.5536053130929791,4.40583,25.503194251070234,0.8675889937799552,0.9560700321477137,0.9549764326891772,0.9855875807633269
chat_preview,ui_text,meme_card,1200,800,512,341,60,64,64,1,3145,4216,0.7459677419354839,4.36967,30.214102658753465,0.9445508548467547,0.9870790424267328,0.9885665052678878,0.996714832774291
chat_preview,ui_text,meme_card,1200,800,512,341,60,64,64,2,3780,4216,0.896584440227704,4.44796,32.618935054809526,0.9582493076943801,0.9893701950206246,0.9921432988502539,0.9982805620490819
chat_preview,ui_text,meme_card,1200,800,512,341,60,64,64,3,4216,4216,1.0,4.50517,37.26638926697558,0.9717780503209678,0.9924192495791284,0.9950081354821467,0.9992637473237261
chat_preview,ui_text,meme_card,1200,800,512,341,61,64,32,0,1437,2914,0.4931365820178449,4.48588,22.27149205078198,0.7683140982299745,0.9086291595608652,0.9094061613226184,0.9621775329243383
chat_preview,ui_text,meme_card,1200,800,512,341,61,64,32,1,2003,2914,0.6873713109128345,4.48837,25.462349019965984,0.8671735607724251,0.9550461514059553,0.954272489109393,0.9853603333408305
chat_preview,ui_text,meme_card,1200,800,512,341,61,64,32,2,2506,2914,0.8599862731640356,4.48417,29.977060251500927,0.9380019828966727,0.9847348732510136,0.9873620621546749,0.9963512396264693
chat_preview,ui_text,meme_card,1200,800,512,341,61,64,32,3,2752,2914,0.9444063143445436,4.41825,31.933432855836045,0.9485048794258351,0.986222988756607,0.9905888150227116,0.9977749384257378
chat_preview,ui_text,meme_card,1200,800,512,341,61,64,32,4,2914,2914,1.0,4.54283,33.4541758214506,0.9540628663781733,0.9876334381462241,0.9921299117906686,0.9983396363609446
chat_preview,ui_text,meme_card,1200,800,512,341,61,64,64,0,2334,4248,0.5494350282485876,4.34992,25.503194251070234,0.8675889937799552,0.9560700321477137,0.9549764326891772,0.9855875807633269
chat_preview,ui_text,meme_card,1200,800,512,341,61,64,64,1,3162,4248,0.7443502824858758,4.48712,30.21699336233407,0.9446969611703687,0.9871146563885359,0.9885805235791814,0.9967213919854127
chat_preview,ui_text,meme_card,1200,800,512,341,61,64,64,2,3805,4248,0.8957156308851224,4.4505,32.62635895890601,0.9583889622781893,0.9893930951926797,0.9921667947401979,0.9982810623820387
chat_preview,ui_text,meme_card,1200,800,512,341,61,64,64,3,4248,4248,1.0,4.69146,37.44253839320085,0.9723514143606252,0.9925431769522121,0.9950769251792826,0.9992947159451909
chat_preview,ui_text,meme_card,1200,800,512,341,62,64,32,0,1495,2973,0.5028590649175917,4.47504,22.257235961581948,0.7699610312282861,0.9093498198124351,0.9104286501373594,0.962143788911944
chat_preview,ui_text,meme_card,1200,800,512,341,62,64,32,1,2060,2973,0.6929027917928019,4.37117,25.448399724829493,0.8681604896287886,0.9559185465577512,0.9554130773787461,0.9853351570966564
chat_preview,ui_text,meme_card,1200,800,512,341,62,64,32,2,2563,2973,0.86209216279852,4.35837,29.964129421378367,0.9387291688432033,0.9854649750313215,0.9883871751519997,0.9963551691837331
chat_preview,ui_text,meme_card,1200,800,512,341,62,64,32,3,2811,2973,0.9455095862764884,4.52146,31.90646940807056,0.9496084661245403,0.9869867809621633,0.9917260790528464,0.9977814795399254
chat_preview,ui_text,meme_card,1200,800,512,341,62,64,32,4,2973,2973,1.0,4.59638,33.44762288969343,0.9551510565643307,0.9883906401077868,0.9932704029493379,0.9983545965738797
chat_preview,ui_text,meme_card,1200,800,512,341,62,64,64,0,2487,4413,0.5635622025832767,4.46746,25.49339035514768,0.8686439712911723,0.9566398123250625,0.9561668816668067,0.9855392979634757
chat_preview,ui_text,meme_card,1200,800,512,341,62,64,64,1,3315,4413,0.7511896668932699,4.61463,30.210681112369443,0.9458621055676651,0.9878734245974741,0.9899456330019551,0.9967236711063491
chat_preview,ui_text,meme_card,1200,800,512,341,62,64,64,2,3959,4413,0.8971221391343757,4.50521,32.6149298151648,0.9595421541713481,0.9900939953052198,0.9934722211523891,0.9982871921925122
chat_preview,ui_text,meme_card,1200,800,512,341,62,64,64,3,4413,4413,1.0,4.74883,37.456820082500826,0.9738355521377854,0.9932636368274973,0.9964335660518917,0.9993070611782888
chat_preview,ui_text,meme_card,1200,800,512,341,63,64,32,0,1495,2984,0.5010053619302949,4.89292,22.257235961581948,0.7699610312282861,0.9093498198124351,0.9104286501373594,0.962143788911944
chat_preview,ui_text,meme_card,1200,800,512,341,63,64,32,1,2059,2984,0.6900134048257373,4.53062,25.449324591437843,0.8682566817985897,0.9560003572736903,0.9554085701647437,0.9853395111466018
chat_preview,ui_text,meme_card,1200,800,512,341,63,64,32,2,2564,2984,0.8592493297587132,4.51446,29.963790128295518,0.9389649680180091,0.9855248297182172,0.9884462175749095,0.9963539197413154
chat_preview,ui_text,meme_card,1200,800,512,341,63,64,32,3,2815,2984,0.9433646112600537,4.56029,31.92225642692855,0.9497910968141202,0.9870054856395445,0.9918297437516148,0.997791439765239
chat_preview,ui_text,meme_card,1200,800,512,341,63,64,32,4,2984,2984,1.0,4.47796,33.556139134005655,0.9555053802295248,0.9884660745141695,0.993386718106248,0.998386543064314
chat_preview,ui_text,meme_card,1200,800,512,341,63,64,64,0,2487,4430,0.5613995485327313,4.34713,25.49339035514768,0.8686439712911723,0.9566398123250625,0.9561668816668067,0.9855392979634757
chat_preview,ui_text,meme_card,1200,800,512,341,63,64,64,1,3323,4430,0.7501128668171557,4.42917,30.211411339110285,0.945893187687128,0.9878826439987053,0.9899434221661837,0.9967264171579202
chat_preview,ui_text,meme_card,1200,800,512,341,63,64,64,2,3969,4430,0.8959367945823927,4.53696,32.61060981777749,0.9597516727083586,0.99011106364467,0.9934694124175848,0.9982835166324391
chat_preview,ui_text,meme_card,1200,800,512,341,63,64,64,3,4430,4430,1.0,4.49458,37.52636967124699,0.9742051813881433,0.9933081815239883,0.9964940875959362,0.9993124733596103
chat_preview,ui_text,meme_card,1200,800,512,341,64,64,32,0,1495,3000,0.49833333333333335,4.41304,22.257235961581948,0.7699610312282861,0.9093498198124351,0.9104286501373594,0.962143788911944
chat_preview,ui_text,meme_card,1200,800,512,341,64,64,32,1,2059,3000,0.6863333333333334,4.38387,25.449491127700433,0.8682680448898825,0.9560058453768036,0.9554083590262026,0.985340189865392
chat_preview,ui_text,meme_card,1200,800,512,341,64,64,32,2,2576,3000,0.8586666666666667,4.36967,29.975067127246916,0.93939988607061,0.9855725419945078,0.9885255824682357,0.9963810659650401
chat_preview,ui_text,meme_card,1200,800,512,341,64,64,32,3,2826,3000,0.942,4.47133,31.947506206749757,0.9503309512284513,0.9870752626979238,0.9919603016699053,0.997808599716954
chat_preview,ui_text,meme_card,1200,800,512,341,64,64,32,4,3000,3000,1.0,4.45838,33.64969692223568,0.9561333334245341,0.9885126393721028,0.9934811625222124,0.9984133903579258
chat_preview,ui_text,meme_card,1200,800,512,341,64,64,64,0,2487,4471,0.5562513978975621,4.32883,25.49339035514768,0.8686439712911723,0.9566398123250625,0.9561668816668067,0.9855392979634757
chat_preview,ui_text,meme_card,1200,800,512,341,64,64,64,1,3323,4471,0.7432341757995974,4.34713,30.211427404140213,0.9458933651950798,0.9878814881301029,0.989943509632971,0.996726380377162
chat_preview,ui_text,meme_card,1200,800,512,341,64,64,64,2,4006,4471,0.8959964213822411,4.43933,32.647852356977154,0.959705238386262,0.9902928174653004,0.9936796765937614,0.9983037790082905
chat_preview,ui_text,meme_card,1200,800,512,341,64,64,64,3,4471,4471,1.0,4.62487,37.59801702885532,0.97449152724933,0.9933013561343577,0.9965418422782268,0.9993245463589397
chat_preview,ui_text,meme_card,1200,800,512,341,65,64,32,0,1572,3144,0.5,4.28025,22.27023641341596,0.7704743034674548,0.9101620206352075,0.9103880676231113,0.9623209990815069
chat_preview,ui_text,meme_card,1200,800,512,341,65,64,32,1,2149,3144,0.6835241730279898,4.35333,25.48087439998007,0.8681314525464418,0.9570286978267126,0.9559950206005458,0.9855575056108788
chat_preview,ui_text,meme_card,1200,800,512,341,65,64,32,2,2671,3144,0.8495547073791349,4.41371,30.005253494516317,0.9408906126815841,0.9863578079592982,0.9889597496236487,0.9964354027567282
chat_preview,ui_text,meme_card,1200,800,512,341,65,64,32,3,2964,3144,0.9427480916030534,4.44825,32.03861909517392,0.9521391742737005,0.9880132144815068,0.9925031115011241,0.9978818180745833
chat_preview,ui_text,meme_card,1200,800,512,341,65,64,32,4,3144,3144,1.0,4.54954,33.8932889943474,0.9581431725375243,0.9895352197623798,0.9941253439772355,0.9985152781274163
chat_preview,ui_text,meme_card,1200,800,512,341,65,64,64,0,2587,4619,0.5600779389478242,4.32479,25.50476483243966,0.8698374218558325,0.9574119951777117,0.956191141343586,0.9856093782693381
chat_preview,ui_text,meme_card,1200,800,512,341,65,64,64,1,3460,4619,0.7490798874215198,4.52333,30.2432025075306,0.947347294083203,0.9887334826111482,0.990191765094407,0.9967754854362267
chat_preview,ui_text,meme_card,1200,800,512,341,65,64,64,2,4147,4619,0.8978133795193765,4.5335,32.71184431071079,0.9612133163871232,0.9910811212870256,0.993885529017221,0.9983485045434098
chat_preview,ui_text,meme_card,1200,800,512,341,65,64,64,3,4619,4619,1.0,4.54804,37.85465689422768,0.9762320502202423,0.9941197645403476,0.996747395756007,0.9993724982055413
chat_preview,ui_text,meme_card,1200,800,512,341,66,64,32,0,1572,3191,0.4926355374490755,4.35487,22.27023641341596,0.7704743034674548,0.9101620206352075,0.9103880676231113,0.9623209990815069
chat_preview,ui_text,meme_card,1200,800,512,341,66,64,32,1,2165,3191,0.6784706988404888,4.48508,25.478269468023456,0.868462924811516,0.9569643701796742,0.9560271169356402,0.9855600735903928
chat_preview,ui_text,meme_card,1200,800,512,341,66,64,32,2,2694,3191,0.844249451582576,4.39933,30.03441503947872,0.941474150644313,0.9864818725543665,0.9889641872601492,0.996483950502491
chat_preview,ui_text,meme_card,1200,800,512,341,66,64,32,3,2999,3191,0.9398307740520213,4.42208,32.06854930591092,0.9527765326342408,0.9880997877833432,0.9924498278577768,0.9979037741992719
chat_preview,ui_text,meme_card,1200,800,512,341,66,64,32,4,3191,3191,1.0,4.58387,34.12647600267097,0.959052659488842,0.9897563923794924,0.9941737581290268,0.9985888289937409
chat_preview,ui_text,meme_card,1200,800,512,341,66,64,64,0,2587,4662,0.5549120549120549,4.43337,25.50476483243966,0.8698374218558325,0.9574119951777117,0.956191141343586,0.9856093782693381
chat_preview,ui_text,meme_card,1200,800,512,341,66,64,64,1,3479,4662,0.7462462462462462,4.42988,30.24668055424048,0.9475263675828773,0.9887901183693742,0.9901951233730231,0.9967841665988961
chat_preview,ui_text,meme_card,1200,800,512,341,66,64,64,2,4185,4662,0.8976833976833977,4.42467,32.73205590123827,0.9618791442305072,0.9912666543787361,0.9940093671379392,0.9983674624383295
chat_preview,ui_text,meme_card,1200,800,512,341,66,64,64,3,4662,4662,1.0,4.61708,37.97608679984813,0.9771953362362895,0.9943427433587781,0.9969374044886792,0.9993983382724966
chat_preview,ui_text,meme_card,1200,800,512,341,67,64,32,0,1572,3216,0.48880597014925375,4.40233,22.27023641341596,0.7704743034674548,0.9101620206352075,0.9103880676231113,0.9623209990815069
chat_preview,ui_text,meme_card,1200,800,512,341,67,64,32,1,2165,3216,0.6731965174129353,4.3,25.477764621537208,0.8684446000883564,0.9569556776888722,0.9560178133899807,0.985557730124948
chat_preview,ui_text,meme_card,1200,800,512,341,67,64,32,2,2697,3216,0.8386194029850746,4.40296,30.03906769645026,0.9415715527238276,0.986519532614869,0.9889817524116226,0.996490812203138
chat_preview,ui_text,meme_card,1200,800,512,341,67,64,32,3,3017,3216,0.9381218905472637,4.46479,32.096855050835714,0.9530872231218864,0.9882873508257252,0.9925789736445194,0.9979295151564773
chat_preview,ui_text,meme_card,1200,800,512,341,67,64,32,4,3216,3216,1.0,4.54817,34.27703951859014,0.9596511482700932,0.9900346941861731,0.9943337603731432,0.9986360511561064
chat_preview,ui_text,meme_card,1200,800,512,341,67,64,64,0,2587,4674,0.5534873769790329,4.46321,25.50476483243966,0.8698374218558325,0.9574119951777117,0.956191141343586,0.9856093782693381
chat_preview,ui_text,meme_card,1200,800,512,341,67,64,64,1,3481,4674,0.7447582370560548,4.34296,30.246319263594405,0.9475145948407105,0.9887845440556681,0.9901887350890785,0.9967830426267229
chat_preview,ui_text,meme_card,1200,800,512,341,67,64,64,2,4190,4674,0.8964484381685922,4.62142,32.73315541062202,0.96198834044805,0.9912431879429762,0.9939979644798531,0.9983652122163592
chat_preview,ui_text,meme_card,1200,800,512,341,67,64,64,3,4674,4674,1.0,4.71913,38.02730547324268,0.9773822359762612,0.9942999081104884,0.9969551424359846,0.9993993532839441
chat_preview,ui_text,meme_card,1200,800,512,341,68,64,32,0,1572,3248,0.4839901477832512,4.35721,22.27023641341596,0.7704743034674548,0.9101620206352075,0.9103880676231113,0.9623209990815069
chat_preview,ui_text,meme_card,1200,800,512,341,68,64,32,1,2173,3248,0.6690270935960592,4.30829,25.47923588492199,0.8684192461602857,0.9569960977139212,0.9560060222202769,0.985559754236723
chat_preview,ui_text,meme_card,1200,800,512,341,68,64,32,2,2707,3248,0.833435960591133,4.439,30.043042604467164,0.941813100252871,0.9865625256384652,0.9889296361897085,0.9964986258043202
chat_preview,ui_text,meme_card,1200,800,512,341,68,64,32,3,3041,3248,0.9362684729064039,4.48987,32.10211613447785,0.9533366906728039,0.9883916888107694,0.9925988635252047,0.9979388229537764
chat_preview,ui_text,meme_card,1200,800,512,341,68,64,32,4,3248,3248,1.0,4.45225,34.414050958217956,0.9604297826015188,0.9903076096557544,0.994441678800613,0.9986784359622048
chat_preview,ui_text,meme_card,1200,800,512,341,68,64,64,0,2587,4696,0.5508943781942078,4.29887,25.50476483243966,0.8698374218558325,0.9574119951777117,0.956191141343586,0.9856093782693381
chat_preview,ui_text,meme_card,1200,800,512,341,68,64,64,1,3487,4696,0.7425468483816013,4.40258,30.24327142081555,0.9474287625764114,0.9887624194995732,0.9901923116637792,0.9967776575543982
chat_preview,ui_text,meme_card,1200,800,512,341,68,64,64,2,4198,4696,0.8939522998296422,4.47333,32.73346981239179,0.9619105079100431,0.9912423434990622,0.9939960115510904,0.9983639272158634
chat_preview,ui_text,meme_card,1200,800,512,341,68,64,64,3,4696,4696,1.0,4.67479,38.11757792499872,0.977626132321168,0.9943269230797659,0.9969737988194336,0.9994070433373666
chat_preview,ui_text,meme_card,1200,800,512,341,69,64,32,0,1572,3310,0.47492447129909365,4.24983,22.27023641341596,0.7704743034674548,0.9101620206352075,0.9103880676231113,0.9623209990815069
chat_preview,ui_text,meme_card,1200,800,512,341,69,64,32,1,2173,3310,0.6564954682779456,4.38604,25.479361964945046,0.8684244431876219,0.9569944384487515,0.9560040588363901,0.985560211700082
chat_preview,ui_text,meme_card,1200,800,512,341,69,64,32,2,2732,3310,0.8253776435045317,4.36042,30.05827121863735,0.9419823688340162,0.9866534548185498,0.989039830502033,0.9965157941767446
chat_preview,ui_text,meme_card,1200,800,512,341,69,64,32,3,3088,3310,0.9329305135951662,4.43542,32.13270915339638,0.9533440498041138,0.9884278477774981,0.9926130613186017,0.9979513066354273
chat_preview,ui_text,meme_card,1200,800,512,341,69,64,32,4,3310,3310,1.0,4.48454,34.630497703167606,0.9609773831003007,0.99056041254517,0.9946211169774736,0.998742607689562
chat_preview,ui_text,meme_card,1200,800,512,341,69,64,64,0,2587,4753,0.5442878182200716,4.3595,25.50476483243966,0.8698374218558325,0.9574119951777117,0.956191141343586,0.9856093782693381
chat_preview,ui_text,meme_card,1200,800,512,341,69,64,64,1,3487,4753,0.7336419103723963,4.49967,30.243090711200537,0.947425600220197,0.9887614993293593,0.990192024598728,0.9967775164654564
chat_preview,ui_text,meme_card,1200,800,512,341,69,64,64,2,4241,4753,0.8922785609088997,4.55717,32.752235346128344,0.9620948693572081,0.9912614882251236,0.9941181103149581,0.9983842895868912
chat_preview,ui_text,meme_card,1200,800,512,341,69,64,64,3,4753,4753,1.0,4.59258,38.22031897255077,0.9779564903982161,0.9943763581800099,0.997084792937231,0.9994192870816033
chat_preview,ui_text,meme_card,1200,800,512,341,70,64,32,0,1588,3366,0.47177658942364825,4.40937,22.27023641341596,0.7704743034674548,0.9101620206352075,0.9103880676231113,0.9623209990815069
chat_preview,ui_text,meme_card,1200,800,512,341,70,64,32,1,2194,3366,0.6518122400475341,4.40496,25.48112679398667,0.8683739628922559,0.9570074615319628,0.9560101654898955,0.9855697005455522
chat_preview,ui_text,meme_card,1200,800,512,341,70,64,32,2,2768,3366,0.8223410576351753,4.39158,30.06583516959789,0.9419725698312397,0.9866619900598872,0.9890446420557866,0.9965257214915629
chat_preview,ui_text,meme_card,1200,800,512,341,70,64,32,3,3138,3366,0.9322638146167558,4.45133,32.13782111517185,0.9537213657383782,0.9885122421823356,0.9925952469367909,0.9979487633638517
chat_preview,ui_text,meme_card,1200,800,512,341,70,64,32,4,3366,3366,1.0,4.50838,34.71180177030051,0.9611939929214076,0.9907107802919883,0.9946456029267162,0.9987642475252394
chat_preview,ui_text,meme_card,1200,800,512,341,70,64,64,0,2587,4761,0.543373240915774,4.47383,25.50476483243966,0.8698374218558325,0.9574119951777117,0.956191141343586,0.9856093782693381
chat_preview,ui_text,meme_card,1200,800,512,341,70,64,64,1,3489,4761,0.7328292375551355,4.44983,30.24276774520686,0.9474438230000959,0.9887661286508638,0.9901958993227323,0.9967775457047714
chat_preview,ui_text,meme_card,1200,800,512,341,70,64,64,2,4244,4761,0.8914093677798782,4.53821,32.76297413581229,0.9621120153762615,0.9912760689744271,0.9941257112446072,0.998390466669145
chat_preview,ui_text,meme_card,1200,800,512,341,70,64,64,3,4761,4761,1.0,4.65454,38.2470040337957,0.9780964496935614,0.9943945961895956,0.9971099375464559,0.9994247607040967
chat_preview,ui_text,meme_card,1200,800,512,341,71,64,32,0,1641,3484,0.47101033295063144,4.60583,22.26185145058583,0.7703947699582931,0.9102454345745931,0.9104080934219887,0.9621689216026995
chat_preview,ui_text,meme_card,1200,800,512,341,71,64,32,1,2288,3484,0.6567164179104478,4.45208,25.481330864116426,0.8692449094061351,0.9572537342464783,0.955963893746823,0.9855171298376286
chat_preview,ui_text,meme_card,1200,800,512,341,71,64,32,2,2868,3484,0.8231917336394948,4.55075,30.0683732342616,0.94344597920405,0.9873970428898015,0.9891593004193239,0.9965164607953128
chat_preview,ui_text,meme_card,1200,800,512,341,71,64,32,3,3247,3484,0.9319747416762342,4.38842,32.16260729349135,0.9552008974917762,0.9892936096822417,0.9927122704647546,0.9979603468391928
chat_preview,ui_text,meme_card,1200,800,512,341,71,64,32,4,3484,3484,1.0,4.57929,34.8520496171833,0.963093753902648,0.9916000701914841,0.9948772651802037,0.998796125333213
chat_preview,ui_text,meme_card,1200,800,512,341,71,64,64,0,2705,4936,0.5480145867098866,4.46662,25.504232350683232,0.8707727491760918,0.9578726857176877,0.9562801304042925,0.9855882682988268
chat_preview,ui_text,meme_card,1200,800,512,341,71,64,64,1,3629,4936,0.7352106969205835,4.52875,30.246184040384026,0.9488126711821357,0.9892817207640316,0.9903323171304874,0.9967726752864575
chat_preview,ui_text,meme_card,1200,800,512,341,71,64,64,2,4407,4936,0.8928282009724473,4.59208,32.78277701031919,0.9634341524129039,0.9918412183326563,0.9943202920076455,0.9984054311495301
chat_preview,ui_text,meme_card,1200,800,512,341,71,64,64,3,4936,4936,1.0,4.63658,38.407307982059145,0.9796974674609285,0.9950069293136123,0.9973748832716653,0.9994499990580534
chat_preview,ui_text,meme_card,1200,800,512,341,72,64,32,0,1641,3490,0.47020057306590257,4.41688,22.26185145058583,0.7703947699582931,0.9102454345745931,0.9104080934219887,0.9621689216026995
chat_preview,ui_text,meme_card,1200,800,512,341,72,64,32,1,2288,3490,0.6555873925501433,4.51517,25.480720799527717,0.8692293665336722,0.9572428503916591,0.955953187862678,0.9855145734407527
chat_preview,ui_text,meme_card,1200,800,512,341,72,64,32,2,2868,3490,0.8217765042979943,4.4345,30.072429264413145,0.9436312233166787,0.9874339722107477,0.9891370888823774,0.9965224025342815
chat_preview,ui_text,meme_card,1200,800,512,341,72,64,32,3,3251,3490,0.9315186246418338,4.45688,32.17342495410326,0.9554265172077573,0.9893327787469831,0.9927185332000932,0.9979708424562328
chat_preview,ui_text,meme_card,1200,800,512,341,72,64,32,4,3490,3490,1.0,4.66617,34.92518915310951,0.9635174372235368,0.9916526453257362,0.9948833720241699,0.9988141719476992
chat_preview,ui_text,meme_card,1200,800,512,341,72,64,64,0,2705,4939,0.5476817169467504,4.41104,25.504232350683232,0.8707727491760918,0.9578726857176877,0.9562801304042925,0.9855882682988268
chat_preview,ui_text,meme_card,1200,800,512,341,72,64,64,1,3629,4939,0.734764122291962,4.59508,30.246411978947137,0.9488155647713653,0.98928224663793,0.9903322974717452,0.9967729392383496
chat_preview,ui_text,meme_card,1200,800,512,341,72,64,64,2,4407,4939,0.8922858878315448,4.488,32.785920425345445,0.9634414024048096,0.9918491663424905,0.9943242924374521,0.9984068507429049
chat_preview,ui_text,meme_card,1200,800,512,341,72,64,64,3,4939,4939,1.0,4.85387,38.427629448116484,0.9797463939151717,0.9950116246313673,0.9973584601968061,0.9994519645743137
chat_preview,ui_text,meme_card,1200,800,512,341,73,64,32,0,1641,3511,0.46738820848761037,4.28771,22.26185145058583,0.7703947699582931,0.9102454345745931,0.9104080934219887,0.9621689216026995
chat_preview,ui_text,meme_card,1200,800,512,341,73,64,32,1,2292,3511,0.652805468527485,4.49983,25.47494157910713,0.8694488389576684,0.9573513456577923,0.9559483830237927,0.9854875267488086
chat_preview,ui_text,meme_card,1200,800,512,341,73,64,32,2,2876,3511,0.8191398461976644,4.37542,30.074389885415606,0.9438868982294643,0.9874869967747522,0.9891791918863472,0.9965256140941838
chat_preview,ui_text,meme_card,1200,800,512,341,73,64,32,3,3272,3511,0.9319282255767588,4.611,32.18822729355048,0.955545638809684,0.9893602780513008,0.9926835042352548,0.9979693964964358
chat_preview,ui_text,meme_card,1200,800,512,341,73,64,32,4,3511,3511,1.0,4.67437,35.06735349578621,0.9642660104005426,0.9918395040688693,0.9950031216973518,0.9988491045449037
chat_preview,ui_text,meme_card,1200,800,512,341,73,64,64,0,2705,4965,0.5448136958710977,4.39513,25.504232350683232,0.8707727491760918,0.9578726857176877,0.9562801304042925,0.9855882682988268
chat_preview,ui_text,meme_card,1200,800,512,341,73,64,64,1,3636,4965,0.7323262839879154,4.54308,30.252166902641243,0.9489792338879801,0.9893024152516908,0.9903370605277867,0.9967803384819427
chat_preview,ui_text,meme_card,1200,800,512,341,73,64,64,2,4427,4965,0.8916414904330312,4.47762,32.81643098955573,0.9638502848948444,0.9919232871727727,0.9943453311124018,0.998423200696115
chat_preview,ui_text,meme_card,1200,800,512,341,73,64,64,3,4965,4965,1.0,4.66875,38.501337922943875,0.9801356094187605,0.9950466563150436,0.9973938863367097,0.999464957776093
chat_preview,ui_text,meme_card,1200,800,512,341,74,64,32,0,1641,3574,0.4591494124230554,4.32354,22.26185145058583,0.7703947699582931,0.9102454345745931,0.9104080934219887,0.9621689216026995
chat_preview,ui_text,meme_card,1200,800,512,341,74,64,32,1,2292,3574,0.6412982652490207,4.79208,25.47494157910713,0.8694488389576684,0.9573513456577923,0.9559483830237927,0.9854875267488086
chat_preview,ui_text,meme_card,1200,800,512,341,74,64,32,2,2911,3574,0.8144935646334639,4.46025,30.095999432996766,0.943869426749382,0.9874887406033969,0.9892257342597275,0.9965605440919814
chat_preview,ui_text,meme_card,1200,800,512,341,74,64,32,3,3323,3574,0.929770565193061,4.84971,32.21405877458037,0.9559543932904071,0.9893608097148437,0.9927767932987809,0.9979748539564094
chat_preview,ui_text,meme_card,1200,800,512,341,74,64,32,4,3574,3574,1.0,4.66988,35.141226894721996,0.9648220301277317,0.9919382472852366,0.9951882524001734,0.9988744056930856
chat_preview,ui_text,meme_card,1200,800,512,341,74,64,64,0,2705,5020,0.5388446215139442,4.34592,25.504232350683232,0.8707727491760918,0.9578726857176877,0.9562801304042925,0.9855882682988268
chat_preview,ui_text,meme_card,1200,800,512,341,74,64,64,1,3636,5020,0.7243027888446215,4.43537,30.252166902641243,0.9489792338879801,0.9893024152516908,0.9903370605277867,0.9967803384819427
chat_preview,ui_text,meme_card,1200,800,512,341,74,64,64,2,4449,5020,0.8862549800796813,4.52408,32.837634144249236,0.9641592051805715,0.992060426332317,0.9944117682564138,0.9984331237544153
chat_preview,ui_text,meme_card,1200,800,512,341,74,64,64,3,5020,5020,1.0,4.70896,38.67750021272249,0.9805794604113461,0.9952088665346714,0.9974248207357933,0.9994815510174176
chat_preview,ui_text,meme_card,1200,800,512,341,75,64,32,0,1641,3627,0.45244003308519437,4.85171,22.26185145058583,0.7703947699582931,0.9102454345745931,0.9104080934219887,0.9621689216026995
chat_preview,ui_text,meme_card,1200,800,512,341,75,64,32,1,2322,3627,0.6401985111662531,4.66567,25.483817641001878,0.8697003573469653,0.9573852649648068,0.9559452074807606,0.9855285973953314
chat_preview,ui_text,meme_card,1200,800,512,341,75,64,32,2,2946,3627,0.8122415219189413,4.61083,30.108255822639983,0.9442154107857998,0.9876843958226839,0.9891787523658939,0.9965743906158652
chat_preview,ui_text,meme_card,1200,800,512,341,75,64,32,3,3363,3627,0.9272125723738627,4.53721,32.23947139151796,0.9563756577950985,0.9895956355791382,0.9927781027278022,0.9979972971652673
chat_preview,ui_text,meme_card,1200,800,512,341,75,64,32,4,3627,3627,1.0,4.75154,35.298634901851685,0.9652224048513379,0.9922247616947674,0.9951899155165032,0.9989051251956572
chat_preview,ui_text,meme_card,1200,800,512,341,75,64,64,0,2705,5095,0.5309126594700687,4.82267,25.504232350683232,0.8707727491760918,0.9578726857176877,0.9562801304042925,0.9855882682988268
chat_preview,ui_text,meme_card,1200,800,512,341,75,64,64,1,3676,5095,0.7214916584887144,4.45708,30.250664166270518,0.9489416051483852,0.9893143847461019,0.9902897812269865,0.9967799576257715
chat_preview,ui_text,meme_card,1200,800,512,341,75,64,64,2,4506,5095,0.884396467124632,4.80179,32.84721096432684,0.9642101739217983,0.9920603900213291,0.9944023789696642,0.9984337717814549
chat_preview,ui_text,meme_card,1200,800,512,341,75,64,64,3,5095,5095,1.0,4.74054,38.78680224503259,0.9807830005224397,0.9952462694004915,0.997449652213084,0.9994916555676456
chat_preview,ui_text,meme_card,1200,800,512,341,76,64,32,0,1641,3647,0.44995887030435977,4.78204,22.26185145058583,0.7703947699582931,0.9102454345745931,0.9104080934219887,0.9621689216026995
chat_preview,ui_text,meme_card,1200,800,512,341,76,64,32,1,2322,3647,0.636687688511105,5.58292,25.48384662461619,0.8697055666641288,0.9573858715065326,0.9559448685804688,0.9855286788650415
chat_preview,ui_text,meme_card,1200,800,512,341,76,64,32,2,2957,3647,0.8108034000548396,5.34033,30.104008567337097,0.9445881946214142,0.9877439835836274,0.9892172317400242,0.9965701886447027
chat_preview,ui_text,meme_card,1200,800,512,341,76,64,32,3,3377,3647,0.925966547847546,5.10742,32.21564457244956,0.95630380663499,0.9894486462018487,0.9927012183301709,0.9979855296750186
chat_preview,ui_text,meme_card,1200,800,512,341,76,64,32,4,3647,3647,1.0,5.09933,35.36661701517366,0.965514409838912,0.9922612727586064,0.9952133410493191,0.9989178789906653
chat_preview,ui_text,meme_card,1200,800,512,341,76,64,64,0,2705,5144,0.5258553654743391,4.42817,25.504232350683232,0.8707727491760918,0.9578726857176877,0.9562801304042925,0.9855882682988268
chat_preview,ui_text,meme_card,1200,800,512,341,76,64,64,1,3679,5144,0.7152021772939346,5.10821,30.250704018147495,0.9489380420697037,0.9893158099968385,0.9902916271455586,0.9967801169375735
chat_preview,ui_text,meme_card,1200,800,512,341,76,64,64,2,4533,5144,0.8812208398133748,4.7035,32.847209244924926,0.964441627866849,0.9921131409792515,0.9944758462931227,0.9984311094216713
chat_preview,ui_text,meme_card,1200,800,512,341,76,64,64,3,5144,5144,1.0,4.58829,38.85000201108585,0.9812665279338514,0.995331050545175,0.9975023155741067,0.99949757622066
chat_preview,ui_text,meme_card,1200,800,512,341,77,64,32,0,1790,3881,0.4612213347075496,4.66442,22.28576198079957,0.7703789843968197,0.910857809307811,0.9106452063334862,0.9623478079560218
chat_preview,ui_text,meme_card,1200,800,512,341,77,64,32,1,2534,3881,0.6529245039938161,4.68871,25.50952963775741,0.8695559297242698,0.9578221878237247,0.9560651666554083,0.9856315966180634
chat_preview,ui_text,meme_card,1200,800,512,341,77,64,32,2,3179,3881,0.8191187838186035,4.62467,30.152038365629604,0.9458071987752837,0.9882942120870718,0.989500485614185,0.9966252827305841
chat_preview,ui_text,meme_card,1200,800,512,341,77,64,32,3,3598,3881,0.9270806493171863,4.39483,32.315229329744106,0.9570203907367089,0.9899044632694441,0.992950253467734,0.9980571605941791
chat_preview,ui_text,meme_card,1200,800,512,341,77,64,32,4,3881,3881,1.0,4.56887,35.69087222402656,0.9669306164943148,0.9928834534447519,0.9955798999300444,0.9990095130449037
chat_preview,ui_text,meme_card,1200,800,512,341,77,64,64,0,3185,5783,0.5507522047380252,4.3305,25.52121989373841,0.8719175249851788,0.9586105576315633,0.9567591373542005,0.9856796615303979
chat_preview,ui_text,meme_card,1200,800,512,341,77,64,64,1,4315,5783,0.7461525159951582,4.63212,30.283896263271416,0.9497821394285634,0.9897638331532711,0.9904537715950156,0.9968280646734471
chat_preview,ui_text,meme_card,1200,800,512,341,77,64,64,2,5169,5783,0.8938267335293101,4.59725,32.91744477475532,0.9655733316035991,0.9927023671887149,0.9947413254939668,0.9984739890664452
chat_preview,ui_text,meme_card,1200,800,512,341,77,64,64,3,5783,5783,1.0,4.94875,39.189380801912804,0.982588793892942,0.995956322376733,0.9978313437700351,0.9995503724562479
chat_preview,ui_text,meme_card,1200,800,512,341,78,64,32,0,1806,3950,0.45721518987341775,5.08471,22.28576198079957,0.7703789843968197,0.910857809307811,0.9106452063334862,0.9623478079560218
chat_preview,ui_text,meme_card,1200,800,512,341,78,64,32,1,2553,3950,0.6463291139240507,4.38792,25.502817426828305,0.8696157469586034,0.9578594763295555,0.9559890188608916,0.9856009687482584
chat_preview,ui_text,meme_card,1200,800,512,341,78,64,32,2,3201,3950,0.810379746835443,4.48846,30.160215515595382,0.9460908985971256,0.9883505456477749,0.9894843521965652,0.9966350775378546
chat_preview,ui_text,meme_card,1200,800,512,341,78,64,32,3,3649,3950,0.9237974683544303,4.5525,32.348976785623016,0.9575652576378809,0.9900930656716782,0.9929519132258114,0.9980872854500945
chat_preview,ui_text,meme_card,1200,800,512,341,78,64,32,4,3950,3950,1.0,4.61987,35.93682965226761,0.9684904031064986,0.9931438242869163,0.9956360847617114,0.9990524068997068
chat_preview,ui_text,meme_card,1200,800,512,341,78,64,64,0,3185,5817,0.5475330926594465,4.35517,25.52121989373841,0.8719175249851788,0.9586105576315633,0.9567591373542005,0.9856796615303979
chat_preview,ui_text,meme_card,1200,800,512,341,78,64,64,1,4325,5817,0.7435104005501117,4.50121,30.285958958568237,0.9498013677847642,0.9897613840682933,0.9904585856414038,0.9968305408978918
chat_preview,ui_text,meme_card,1200,800,512,341,78,64,64,2,5181,5817,0.8906652913873131,4.53292,32.922890696998365,0.9657099182905228,0.9927232058726876,0.9947469245597236,0.9984783858210133
chat_preview,ui_text,meme_card,1200,800,512,341,78,64,64,3,5817,5817,1.0,4.78954,39.31314997508722,0.9830173238500023,0.9960533691108419,0.9978575501635649,0.9995648365720058
chat_preview,ui_text,meme_card,1200,800,512,341,79,64,32,0,1806,4023,0.4489187173750932,4.35158,22.28576198079957,0.7703789843968197,0.910857809307811,0.9106452063334862,0.9623478079560218
chat_preview,ui_text,meme_card,1200,800,512,341,79,64,32,1,2553,4023,0.6346010439970171,4.40175,25.502817426828305,0.8696157469586034,0.9578594763295555,0.9559890188608916,0.9856009687482584
chat_preview,ui_text,meme_card,1200,800,512,341,79,64,32,2,3251,4023,0.8081034054188416,4.36479,30.184870621497296,0.9458978079971988,0.9884946610903494,0.9896042908704521,0.9966810051013288
chat_preview,ui_text,meme_card,1200,800,512,341,79,64,32,3,3712,4023,0.922694506587124,4.4995,32.373122839279844,0.9580497228935454,0.9902771261988,0.9930581375524734,0.9981197740855129
chat_preview,ui_text,meme_card,1200,800,512,341,79,64,32,4,4023,4023,1.0,4.57721,36.01515419059555,0.9690042984463565,0.9932437858634316,0.9956674828350839,0.9990727433197834
chat_preview,ui_text,meme_card,1200,800,512,341,79,64,64,0,3185,5866,0.5429594272076372,4.23492,25.52121989373841,0.8719175249851788,0.9586105576315633,0.9567591373542005,0.9856796615303979
chat_preview,ui_text,meme_card,1200,800,512,341,79,64,64,1,4325,5866,0.7372996931469485,4.33283,30.285958958568237,0.9498013677847642,0.9897613840682933,0.9904585856414038,0.9968305408978918
chat_preview,ui_text,meme_card,1200,800,512,341,79,64,64,2,5230,5866,0.8915785884759632,4.51737,32.96251575837127,0.9661750254091225,0.9928590834918481,0.994796036811038,0.9984978531955186
chat_preview,ui_text,meme_card,1200,800,512,341,79,64,64,3,5866,5866,1.0,4.73796,39.4724242242334,0.9836724219067562,0.996175644465823,0.9979077384413383,0.9995821662931781
chat_preview,ui_text,meme_card,1200,800,512,341,80,64,32,0,1806,4097,0.4408103490358799,4.34004,22.28576198079957,0.7703789843968197,0.910857809307811,0.9106452063334862,0.9623478079560218
chat_preview,ui_text,meme_card,1200,800,512,341,80,64,32,1,2586,4097,0.6311935562606785,4.37,25.509664218197805,0.8693409050460544,0.9577526680970307,0.9560204850351561,0.9856287354093766
chat_preview,ui_text,meme_card,1200,800,512,341,80,64,32,2,3293,4097,0.8037588479375153,4.36367,30.190856561272202,0.9460832418220416,0.988524762083903,0.9895930680758467,0.9966883519028739
chat_preview,ui_text,meme_card,1200,800,512,341,80,64,32,3,3785,4097,0.9238467171100806,4.37579,32.37591709776539,0.9580187505134647,0.990115617593132,0.9929944957608001,0.9981219748902642
chat_preview,ui_text,meme_card,1200,800,512,341,80,64,32,4,4097,4097,1.0,4.48004,36.124529204213175,0.9691610262007934,0.9932416184170947,0.9957293416084819,0.9990899725081666
chat_preview,ui_text,meme_card,1200,800,512,341,80,64,64,0,3185,5934,0.536737445230873,4.46204,25.52121989373841,0.8719175249851788,0.9586105576315633,0.9567591373542005,0.9856796615303979
chat_preview,ui_text,meme_card,1200,800,512,341,80,64,64,1,4378,5934,0.7377822716548702,4.3925,30.285695161064016,0.9496715521877565,0.9897410893804889,0.9904627405475585,0.9968308694236618
chat_preview,ui_text,meme_card,1200,800,512,341,80,64,64,2,5287,5934,0.8909673070441524,4.50283,32.96029512134867,0.9660411910414383,0.9928539931110869,0.9947963058002939,0.9984949375176715
chat_preview,ui_text,meme_card,1200,800,512,341,80,64,64,3,5934,5934,1.0,4.72771,39.47312104451504,0.9836904925773741,0.9961467625446168,0.9979042830019493,0.9995799357764956
chat_preview,ui_text,meme_card,1200,800,512,341,81,64,32,0,1806,4138,0.4364427259545674,4.43767,22.28576198079957,0.7703789843968197,0.910857809307811,0.9106452063334862,0.9623478079560218
chat_preview,ui_text,meme_card,1200,800,512,341,81,64,32,1,2589,4138,0.625664572257129,4.37071,25.50933911018184,0.8693436796312022,0.9577473127488366,0.9560154764713614,0.9856274182340403
chat_preview,ui_text,meme_card,1200,800,512,341,81,64,32,2,3311,4138,0.8001449975833737,4.33433,30.186456446282545,0.9465674805148455,0.9885618538334233,0.9895964404927611,0.9966756669330563
chat_preview,ui_text,meme_card,1200,800,512,341,81,64,32,3,3817,4138,0.9224262928951185,4.42263,32.404680574164914,0.9587057766684354,0.9902781419874184,0.993051095070865,0.9981388504073868
chat_preview,ui_text,meme_card,1200,800,512,341,81,64,32,4,4138,4138,1.0,4.55863,36.26798329564104,0.9701951302157523,0.9934586931539808,0.9958948693316179,0.9991162862282977
chat_preview,ui_text,meme_card,1200,800,512,341,81,64,64,0,3185,5966,0.5338585316795172,4.39642,25.52121989373841,0.8719175249851788,0.9586105576315633,0.9567591373542005,0.9856796615303979
chat_preview,ui_text,meme_card,1200,800,512,341,81,64,64,1,4379,5966,0.7339926248742876,4.48175,30.285609501820574,0.9496771222137919,0.989741859924572,0.9904628744110044,0.9968307434624226
chat_preview,ui_text,meme_card,1200,800,512,341,81,64,64,2,5309,5966,0.8898759637948375,4.6345,32.978512837489376,0.9663222975904437,0.992916173161352,0.9947925440294657,0.998501866814438
chat_preview,ui_text,meme_card,1200,800,512,341,81,64,64,3,5966,5966,1.0,4.62367,39.61285794585518,0.9840718935621302,0.9962408967921226,0.9979536964702895,0.9995919620455381
chat_preview,ui_text,meme_card,1200,800,512,341,82,64,32,0,1806,4178,0.43226424126376256,4.36633,22.28576198079957,0.7703789843968197,0.910857809307811,0.9106452063334862,0.9623478079560218
chat_preview,ui_text,meme_card,1200,800,512,341,82,64,32,1,2589,4178,0.6196744853997128,4.46808,25.50933911018184,0.8693436796312022,0.9577473127488366,0.9560154764713614,0.9856274182340403
chat_preview,ui_text,meme_card,1200,800,512,341,82,64,32,2,3314,4178,0.7932024892292963,4.54908,30.188269488759836,0.9465507078674028,0.9885419343550104,0.989608531862266,0.9966770177790961
chat_preview,ui_text,meme_card,1200,800,512,341,82,64,32,3,3845,4178,0.9202967927237913,4.49296,32.437322565736864,0.9587430370391915,0.9902260864298503,0.9928864726023051,0.9981541228157618
chat_preview,ui_text,meme_card,1200,800,512,341,82,64,32,4,4178,4178,1.0,4.57304,36.42630209165149,0.9705760880804396,0.9934008384969927,0.9958038988730208,0.9991342841810107
chat_preview,ui_text,meme_card,1200,800,512,341,82,64,64,0,3185,5992,0.5315420560747663,4.31646,25.52121989373841,0.8719175249851788,0.9586105576315633,0.9567591373542005,0.9856796615303979
chat_preview,ui_text,meme_card,1200,800,512,341,82,64,64,1,4379,5992,0.730807743658211,4.48629,30.285609501820574,0.9496771222137919,0.989741859924572,0.9904628744110044,0.9968307434624226
chat_preview,ui_text,meme_card,1200,800,512,341,82,64,64,2,5309,5992,0.8860146862483311,4.57912,32.977154800928254,0.9663049214196322,0.9929114706886111,0.9948007341812632,0.9985011068006824
chat_preview,ui_text,meme_card,1200,800,512,341,82,64,64,3,5992,5992,1.0,4.73588,39.56160014623481,0.9839913053261341,0.9962343501907355,0.9979559575926694,0.9995866352514656
chat_preview,ui_text,meme_card,1200,800,512,341,83,64,32,0,1895,4318,0.43886058360352015,4.30892,22.281548536797544,0.7703651693048571,0.910935631271779,0.9106285862934588,0.9622532602793712
chat_preview,ui_text,meme_card,1200,800,512,341,83,64,32,1,2702,4318,0.6257526632700324,4.76575,25.5052567465267,0.8707783022110415,0.958170981267417,0.956131190963413,0.9855786289959828
chat_preview,ui_text,meme_card,1200,800,512,341,83,64,32,2,3437,4318,0.7959703566465957,4.50571,30.21623874225765,0.9475011688891443,0.9891548205946362,0.9898756622471292,0.9967159992679063
chat_preview,ui_text,meme_card,1200,800,512,341,83,64,32,3,3982,4318,0.9221861973135711,4.54017,32.49152316068675,0.9600738606375088,0.9909774041207201,0.9932460247757632,0.9982056634698631
chat_preview,ui_text,meme_card,1200,800,512,341,83,64,32,4,4318,4318,1.0,4.637,36.6161952429872,0.9720436427789062,0.9941160338824169,0.9961014793858896,0.99918351226801
chat_preview,ui_text,meme_card,1200,800,512,341,83,64,64,0,3422,6347,0.5391523554435166,4.33708,25.52233507411575,0.8720559828159969,0.9588477148043779,0.9567627035747058,0.9856570055886132
chat_preview,ui_text,meme_card,1200,800,512,341,83,64,64,1,4698,6347,0.7401922167953364,4.46196,30.296197738164864,0.9505846394257125,0.990191285947282,0.9906610871300577,0.9968381408332792
chat_preview,ui_text,meme_card,1200,800,512,341,83,64,64,2,5643,6347,0.8890814558058926,4.59004,33.02213949755112,0.9674123468816002,0.9934068146673202,0.9949971457582468,0.9985266648275736
chat_preview,ui_text,meme_card,1200,800,512,341,83,64,64,3,6347,6347,1.0,4.70617,39.7791539574837,0.9850583850898419,0.996688464632225,0.9981169066550352,0.9996105311522141
chat_preview,ui_text,meme_card,1200,800,512,341,84,64,32,0,1895,4418,0.4289271163422363,4.26321,22.281548536797544,0.7703651693048571,0.910935631271779,0.9106285862934588,0.9622532602793712
chat_preview,ui_text,meme_card,1200,800,512,341,84,64,32,1,2706,4418,0.612494341330919,4.37667,25.504708895461683,0.8707615893888256,0.9581640184501682,0.95613439670455,0.9855767963120049
chat_preview,ui_text,meme_card,1200,800,512,341,84,64,32,2,3488,4418,0.7894975101856043,4.43083,30.23192800756741,0.9473051454454398,0.9892458255956139,0.9899517125164169,0.9967431939534567
chat_preview,ui_text,meme_card,1200,800,512,341,84,64,32,3,4056,4418,0.9180624717066546,4.56246,32.562915993439034,0.9603191819484934,0.9910616561200306,0.9932804816111376,0.9982483271410545
chat_preview,ui_text,meme_card,1200,800,512,341,84,64,32,4,4418,4418,1.0,4.60733,36.81172507590796,0.972716312344827,0.9941834944617574,0.9961176699571344,0.999215660383352
chat_preview,ui_text,meme_card,1200,800,512,341,84,64,64,0,3422,6424,0.5326899128268991,4.40458,25.52233507411575,0.8720559828159969,0.9588477148043779,0.9567627035747058,0.9856570055886132
chat_preview,ui_text,meme_card,1200,800,512,341,84,64,64,1,4700,6424,0.7316313823163139,4.48421,30.296489752058264,0.9505875645053777,0.9901931266670069,0.9906610605806061,0.996838457395475
chat_preview,ui_text,meme_card,1200,800,512,341,84,64,64,2,5689,6424,0.8855853051058531,4.57187,33.012610923631335,0.9676323476810773,0.9934098688273023,0.9950301471425588,0.998522380199534
chat_preview,ui_text,meme_card,1200,800,512,341,84,64,64,3,6424,6424,1.0,4.70812,39.78524327195575,0.9853446077251897,0.9967143680092952,0.998148767129098,0.9996080210707637
chat_preview,ui_text,meme_card,1200,800,512,341,85,64,32,0,1895,4499,0.4212047121582574,4.43292,22.281548536797544,0.7703651693048571,0.910935631271779,0.9106285862934588,0.9622532602793712
chat_preview,ui_text,meme_card,1200,800,512,341,85,64,32,1,2732,4499,0.6072460546788175,4.59475,25.505605423245697,0.8707353967296564,0.9582083915152823,0.9562102482155554,0.9855827090684718
chat_preview,ui_text,meme_card,1200,800,512,341,85,64,32,2,3530,4499,0.7846188041787063,4.42758,30.23569629583082,0.9476010182058295,0.9893578192104905,0.9899584237441205,0.996745242338061
chat_preview,ui_text,meme_card,1200,800,512,341,85,64,32,3,4114,4499,0.9144254278728606,4.46008,32.594463576352126,0.9606771363389427,0.991238960218842,0.9933597466065122,0.998264163064928
chat_preview,ui_text,meme_card,1200,800,512,341,85,64,32,4,4499,4499,1.0,4.68371,36.9836351679635,0.9734845824079102,0.9944054349731771,0.9962529677681439,0.9992435127818128
chat_preview,ui_text,meme_card,1200,800,512,341,85,64,64,0,3422,6504,0.5261377613776138,4.34662,25.52233507411575,0.8720559828159969,0.9588477148043779,0.9567627035747058,0.9856570055886132
chat_preview,ui_text,meme_card,1200,800,512,341,85,64,64,1,4759,6504,0.7317035670356704,4.46679,30.300215027081748,0.9506312708153363,0.9902066401873132,0.9906477476988756,0.9968430006189375
chat_preview,ui_text,meme_card,1200,800,512,341,85,64,64,2,5753,6504,0.8845325953259533,4.63512,33.03138200202098,0.9677233310134143,0.9934620913626618,0.9950295058098201,0.9985313458909189
chat_preview,ui_text,meme_card,1200,800,512,341,85,64,64,3,6504,6504,1.0,4.70183,39.891278424444046,0.9855034719089723,0.9967666514025844,0.9981552811128181,0.9996179866614797
chat_preview,ui_text,meme_card,1200,800,512,341,86,64,32,0,1895,4606,0.4114198871037777,4.46175,22.281548536797544,0.7703651693048571,0.910935631271779,0.9106285862934588,0.9622532602793712
chat_preview,ui_text,meme_card,1200,800,512,341,86,64,32,1,2732,4606,0.5931393834129396,4.52421,25.505605423245697,0.8707353967296564,0.9582083915152823,0.9562102482155554,0.9855827090684718
chat_preview,ui_text,meme_card,1200,800,512,341,86,64,32,2,3551,4606,0.7709509335649153,4.41538,30.235448187746734,0.9483673462940029,0.9894649814958867,0.9900929716339447,0.9967442026968273
chat_preview,ui_text,meme_card,1200,800,512,341,86,64,32,3,4178,4606,0.9070777247069041,4.53821,32.658534535918335,0.9618249930792646,0.9917256919450518,0.9937053597110989,0.998317543152579
chat_preview,ui_text,meme_card,1200,800,512,341,86,64,32,4,4606,4606,1.0,4.60404,37.314528761370006,0.9752202881368044,0.9947745431318834,0.9965240582381265,0.9992909993745861
chat_preview,ui_text,meme_card,1200,800,512,341,86,64,64,0,3422,6571,0.5207730938974281,4.32021,25.52233507411575,0.8720559828159969,0.9588477148043779,0.9567627035747058,0.9856570055886132
chat_preview,ui_text,meme_card,1200,800,512,341,86,64,64,1,4759,6571,0.7242428854055699,4.47854,30.300215027081748,0.9506312708153363,0.9902066401873132,0.9906477476988756,0.9968430006189375
chat_preview,ui_text,meme_card,1200,800,512,341,86,64,64,2,5795,6571,0.8819053416527165,4.57521,33.02899781461636,0.9678021577120063,0.9934806955355434,0.9950109729568766,0.9985268792632777
chat_preview,ui_text,meme_card,1200,800,512,341,86,64,64,3,6571,6571,1.0,4.66275,40.05825157472067,0.9858552380949669,0.9968501161031561,0.9982357137330058,0.9996306395847571
chat_preview,ui_text,meme_card,1200,800,512,341,87,64,32,0,1895,4675,0.4053475935828877,4.63404,22.281548536797544,0.7703651693048571,0.910935631271779,0.9106285862934588,0.9622532602793712
chat_preview,ui_text,meme_card,1200,800,512,341,87,64,32,1,2751,4675,0.5884491978609626,4.64917,25.507060137964782,0.8709270990715466,0.9582653886296212,0.9562373692670607,0.9855840458440639
chat_preview,ui_text,meme_card,1200,800,512,341,87,64,32,2,3589,4675,0.7677005347593583,4.62308,30.24452594161671,0.9486062354063177,0.9895237887937102,0.9901403636607056,0.9967549743483595
chat_preview,ui_text,meme_card,1200,800,512,341,87,64,32,3,4232,4675,0.90524064171123,4.78546,32.67687138338478,0.962236968712073,0.9918092012020465,0.9937383265828943,0.9983223838575842
chat_preview,ui_text,meme_card,1200,800,512,341,87,64,32,4,4675,4675,1.0,4.73487,37.605049000629705,0.976374933641201,0.994975956471817,0.9966469819710041,0.9993368558856435
chat_preview,ui_text,meme_card,1200,800,512,341,87,64,64,0,3438,6650,0.5169924812030076,4.54825,25.52233507411575,0.8720559828159969,0.9588477148043779,0.9567627035747058,0.9856570055886132
chat_preview,ui_text,meme_card,1200,800,512,341,87,64,64,1,4788,6650,0.72,4.55938,30.30042559539854,0.9507059316220894,0.9901989938223946,0.990653427785158,0.9968428314259561
chat_preview,ui_text,meme_card,1200,800,512,341,87,64,64,2,5862,6650,0.8815037593984962,4.70125,33.03217138315179,0.9679754459144284,0.9934792156569272,0.9949999521275499,0.9985304018996616
chat_preview,ui_text,meme_card,1200,800,512,341,87,64,64,3,6650,6650,1.0,4.88863,40.11473675734929,0.9860488131738534,0.9968679025131008,0.9982413772620197,0.9996389448249741
chat_preview,ui_text,meme_card,1200,800,512,341,88,64,32,0,1895,4741,0.3997047036490192,4.48271,22.281548536797544,0.7703651693048571,0.910935631271779,0.9106285862934588,0.9622532602793712
chat_preview,ui_text,meme_card,1200,800,512,341,88,64,32,1,2751,4741,0.5802573296772833,4.47983,25.507122087204607,0.8709250251247015,0.9582691526871171,0.9562369232014741,0.9855848933322762
chat_preview,ui_text,meme_card,1200,800,512,341,88,64,32,2,3597,4741,0.7587006960556845,5.03183,30.245281580511204,0.9486624249654234,0.9895391912094585,0.9901162266855866,0.9967585337499713
chat_preview,ui_text,meme_card,1200,800,512,341,88,64,32,3,4280,4741,0.9027631301413204,4.58913,32.716588957867316,0.9624658768508748,0.9920393197324852,0.9939521359129398,0.99834383225567
chat_preview,ui_text,meme_card,1200,800,512,341,88,64,32,4,4741,4741,1.0,46.907,37.769345891626536,0.9770929282871988,0.9950299632712977,0.9967423859414454,0.9993581968324033
chat_preview,ui_text,meme_card,1200,800,512,341,88,64,64,0,3438,6707,0.5125987773967496,5.15579,25.52233507411575,0.8720559828159969,0.9588477148043779,0.9567627035747058,0.9856570055886132
chat_preview,ui_text,meme_card,1200,800,512,341,88,64,64,1,4789,6707,0.7140301177873863,4.53954,30.300551176042486,0.9507082852822109,0.9902003601656562,0.990653261027501,0.9968428462358261
chat_preview,ui_text,meme_card,1200,800,512,341,88,64,64,2,5871,6707,0.8753541076487252,4.65612,33.03151603292484,0.9679529452412591,0.9934778733045592,0.9950004924470056,0.9985295861709538
chat_preview,ui_text,meme_card,1200,800,512,341,88,64,64,3,6707,6707,1.0,4.73696,40.08470256834013,0.9860421269988232,0.9968645427199293,0.9982486989903694,0.9996367204738247
chat_preview,ui_text,meme_card,1200,800,512,341,89,64,32,0,1979,5119,0.3865989451064661,4.47971,22.289761461763003,0.7708885869700929,0.9112671671179348,0.9107367087419568,0.9623804116135418
chat_preview,ui_text,meme_card,1200,800,512,341,89,64,32,1,3061,5119,0.5979683531939832,4.64146,25.515605555334574,0.8694732396662137,0.9576188181269026,0.9550010449975044,0.985645584632921
chat_preview,ui_text,meme_card,1200,800,512,341,89,64,32,2,3955,5119,0.7726118382496582,4.47896,30.23937448093905,0.9479185377315745,0.9889049127755,0.9889016740791827,0.9967693068292061
chat_preview,ui_text,meme_card,1200,800,512,341,89,64,32,3,4644,5119,0.9072084391482711,4.64871,32.72585854717063,0.9617571112315693,0.9913283461791064,0.9926522975732789,0.9983534200821621
chat_preview,ui_text,meme_card,1200,800,512,341,89,64,32,4,5119,5119,1.0,5.14454,37.87937589281987,0.9768417385255169,0.9943672571703038,0.9955193991590308,0.9993789637713452
chat_preview,ui_text,meme_card,1200,800,512,341,89,64,64,0,3795,7764,0.48879443585780524,4.55733,25.530204856130297,0.8726538088563536,0.9591850787734225,0.9568390488070675,0.9857104532466834
chat_preview,ui_text,meme_card,1200,800,512,341,89,64,64,1,5807,7764,0.7479392065945389,4.74504,30.285108653769473,0.9482788779238237,0.9895095756824808,0.9893491019915882,0.9968362644786828
chat_preview,ui_text,meme_card,1200,800,512,341,89,64,64,2,6920,7764,0.8912931478619268,5.04775,33.03379596062732,0.9658987456780895,0.9928448120327508,0.9937539346187857,0.998542221869944
chat_preview,ui_text,meme_card,1200,800,512,341,89,64,64,3,7764,7764,1.0,4.84683,39.95419001008162,0.9839318691479829,0.9961888127229791,0.9969424104298643,0.9996287055471457
chat_preview,ui_text,meme_card,1200,800,512,341,90,64,32,0,1979,5283,0.37459776642059434,4.59667,22.289761461763003,0.7708885869700929,0.9112671671179348,0.9107367087419568,0.9623804116135418
chat_preview,ui_text,meme_card,1200,800,512,341,90,64,32,1,3169,5283,0.5998485708877531,4.71508,25.514939900298806,0.8694684090874661,0.9575470610699091,0.9549993894649866,0.9856382435320576
chat_preview,ui_text,meme_card,1200,800,512,341,90,64,32,2,4074,5283,0.771152754116979,4.60262,30.237477893892887,0.9476939585245097,0.9887597541974328,0.9887849739331265,0.9967574266525085
chat_preview,ui_text,meme_card,1200,800,512,341,90,64,32,3,4785,5283,0.9057353776263487,4.96217,32.73943076241912,0.9619097073068453,0.9912422864458376,0.9926068875081011,0.9983537034013176
chat_preview,ui_text,meme_card,1200,800,512,341,90,64,32,4,5283,5283,1.0,5.66187,38.12210448107112,0.9776910101619048,0.9943435408018074,0.9955915899945325,0.9993997956395333
chat_preview,ui_text,meme_card,1200,800,512,341,90,64,64,0,3795,7949,0.47741854321298277,4.69313,25.530204856130297,0.8726538088563536,0.9591850787734225,0.9568390488070675,0.9857104532466834
chat_preview,ui_text,meme_card,1200,800,512,341,90,64,64,1,5985,7949,0.7529248962133601,5.11321,30.286833677020333,0.948124503249744,0.9894488274021196,0.989260503789689,0.9968369740093042
chat_preview,ui_text,meme_card,1200,800,512,341,90,64,64,2,7107,7949,0.8940747263806769,4.74967,33.03245359609212,0.9656990966700714,0.99278700159648,0.9936432712504377,0.9985394274990272
chat_preview,ui_text,meme_card,1200,800,512,341,90,64,64,3,7949,7949,1.0,4.73287,39.945544197891316,0.9838137466431706,0.9961366844325026,0.9968318654620798,0.999626907500899
chat_preview,ui_text,meme_card,1200,800,512,341,91,64,32,0,1979,5373,0.36832309696631305,4.32175,22.289761461763003,0.7708885869700929,0.9112671671179348,0.9107367087419568,0.9623804116135418
chat_preview,ui_text,meme_card,1200,800,512,341,91,64,32,1,3171,5373,0.5901730876605249,4.46529,25.515185655467466,0.8694715119622239,0.9575500518273747,0.9550011463675833,0.985639034462215
chat_preview,ui_text,meme_card,1200,800,512,341,91,64,32,2,4101,5373,0.7632607481853713,4.48692,30.240397815312928,0.9482890671959102,0.9888200453376937,0.9888806377441363,0.9967497490603181
chat_preview,ui_text,meme_card,1200,800,512,341,91,64,32,3,4856,5373,0.9037781500093058,4.52633,32.77284605580628,0.9622266350473806,0.9913421708972135,0.9928394679344674,0.998385400247335
chat_preview,ui_text,meme_card,1200,800,512,341,91,64,32,4,5373,5373,1.0,4.56667,38.28655772492495,0.9783087038422936,0.9944870891830485,0.9958371741748748,0.9994240662364574
chat_preview,ui_text,meme_card,1200,800,512,341,91,64,64,0,3795,8072,0.47014370664023786,4.52396,25.530204856130297,0.8726538088563536,0.9591850787734225,0.9568390488070675,0.9857104532466834
chat_preview,ui_text,meme_card,1200,800,512,341,91,64,64,1,5985,8072,0.7414519326065411,4.59387,30.286532913088102,0.9481242843332952,0.9894482640886775,0.9892616313775106,0.9968366786337297
chat_preview,ui_text,meme_card,1200,800,512,341,91,64,64,2,7158,8072,0.8867690782953419,4.77942,33.042606481847805,0.9658387043073621,0.9928462239551078,0.9936850386492164,0.9985447152468707
chat_preview,ui_text,meme_card,1200,800,512,341,91,64,64,3,8072,8072,1.0,4.89387,40.11320386280132,0.9841128974587813,0.9962064938630276,0.9968879893846369,0.9996404388056837
chat_preview,ui_text,meme_card,1200,800,512,341,92,64,32,0,1979,5465,0.36212259835315647,4.37746,22.289761461763003,0.7708885869700929,0.9112671671179348,0.9107367087419568,0.9623804116135418
chat_preview,ui_text,meme_card,1200,800,512,341,92,64,32,1,3198,5465,0.5851784080512351,4.42271,25.512029987091015,0.8696726428016411,0.9576479666951737,0.9549964528168683,0.9856353753405455
chat_preview,ui_text,meme_card,1200,800,512,341,92,64,32,2,4136,5465,0.7568161024702653,4.47133,30.242290150167612,0.9485032416201221,0.9888531245742023,0.9888878038825876,0.9967609248237709
chat_preview,ui_text,meme_card,1200,800,512,341,92,64,32,3,4927,5465,0.901555352241537,4.39833,32.82000648644456,0.9631334260724538,0.9915041951317054,0.9929157660957514,0.9984149144815171
chat_preview,ui_text,meme_card,1200,800,512,341,92,64,32,4,5465,5465,1.0,4.55175,38.51358915464699,0.9795243525593266,0.9946562590665499,0.9959866747145962,0.9994608780087507
chat_preview,ui_text,meme_card,1200,800,512,341,92,64,64,0,3811,8164,0.46680548750612444,4.39608,25.530204856130297,0.8726538088563536,0.9591850787734225,0.9568390488070675,0.9857104532466834
chat_preview,ui_text,meme_card,1200,800,512,341,92,64,64,1,6034,8164,0.7390984811366977,4.556,30.286054566988877,0.9481571198926207,0.9894603826295633,0.9892572126545018,0.9968384735699204
chat_preview,ui_text,meme_card,1200,800,512,341,92,64,64,2,7230,8164,0.8855952964233219,4.60975,33.03782759870425,0.9658921601165852,0.9928434220168451,0.9936748185773084,0.9985429038548751
chat_preview,ui_text,meme_card,1200,800,512,341,92,64,64,3,8164,8164,1.0,4.78837,40.03482493660506,0.9841681130233001,0.9961936289458911,0.9968960610658526,0.9996352682498703
chat_preview,ui_text,meme_card,1200,800,512,341,93,64,32,0,1979,5601,0.35332976254240317,4.39204,22.289761461763003,0.7708885869700929,0.9112671671179348,0.9107367087419568,0.9623804116135418
chat_preview,ui_text,meme_card,1200,800,512,341,93,64,32,1,3202,5601,0.5716836279235851,4.33192,25.514045392649347,0.8697079171392669,0.9576890137598287,0.9550445225469876,0.9856431332654325
chat_preview,ui_text,meme_card,1200,800,512,341,93,64,32,2,4182,5601,0.7466523835029459,4.54983,30.244641552189357,0.9486486350891418,0.988909475324811,0.9889099959091869,0.9967637867237794
chat_preview,ui_text,meme_card,1200,800,512,341,93,64,32,3,5012,5601,0.894840207105874,4.59737,32.86096115309225,0.9637732183195021,0.9916842839909291,0.9930274633514453,0.9984283814565601
chat_preview,ui_text,meme_card,1200,800,512,341,93,64,32,4,5601,5601,1.0,4.74642,38.82823134101609,0.9804432891484428,0.9949050608220209,0.9961061223317709,0.9994905995178945
chat_preview,ui_text,meme_card,1200,800,512,341,93,64,64,0,3811,8273,0.46065514323703616,4.48371,25.530204856130297,0.8726538088563536,0.9591850787734225,0.9568390488070675,0.9857104532466834
chat_preview,ui_text,meme_card,1200,800,512,341,93,64,64,1,6038,8273,0.7298440710745799,4.54567,30.28652024549916,0.9482790232167329,0.9894916218711156,0.9893020594345515,0.9968385996160299
chat_preview,ui_text,meme_card,1200,800,512,341,93,64,64,2,7264,8273,0.8780369877916112,4.52987,33.02646288106864,0.9659755238765034,0.9928606606280356,0.9937123597112978,0.9985375653660573
chat_preview,ui_text,meme_card,1200,800,512,341,93,64,64,3,8273,8273,1.0,4.75329,40.07986960923197,0.9843806239710912,0.9962417139653267,0.9969583875573206,0.9996364702212673
chat_preview,ui_text,meme_card,1200,800,512,341,94,64,32,0,1979,5842,0.3387538514207463,4.55325,22.289761461763003,0.7708885869700929,0.9112671671179348,0.9107367087419568,0.9623804116135418
chat_preview,ui_text,meme_card,1200,800,512,341,94,64,32,1,3202,5842,0.548099965765149,4.45337,25.514045392649347,0.8697079171392669,0.9576890137598287,0.9550445225469876,0.9856431332654325
chat_preview,ui_text,meme_card,1200,800,512,341,94,64,32,2,4353,5842,0.7451215337213283,4.47329,30.24867122836163,0.947847978645222,0.9886378995485637,0.9885743564381311,0.9967701408118586
chat_preview,ui_text,meme_card,1200,800,512,341,94,64,32,3,5207,5842,0.8913043478260869,4.62229,32.86145350380645,0.9633117427902381,0.9914772554944592,0.9927431740134339,0.9984222091783937
chat_preview,ui_text,meme_card,1200,800,512,341,94,64,32,4,5842,5842,1.0,4.72246,39.033124082008186,0.9806324408423532,0.9948314279112497,0.9958822874993557,0.9995129588335606
chat_preview,ui_text,meme_card,1200,800,512,341,94,64,64,0,3811,8672,0.439460332103321,4.40954,25.530204856130297,0.8726538088563536,0.9591850787734225,0.9568390488070675,0.9857104532466834
chat_preview,ui_text,meme_card,1200,800,512,341,94,64,64,1,6038,8672,0.6962638376383764,4.47817,30.28652024549916,0.9482790232167329,0.9894916218711156,0.9893020594345515,0.9968385996160299
chat_preview,ui_text,meme_card,1200,800,512,341,94,64,64,2,7637,8672,0.8806503690036901,4.77225,33.02096332422183,0.9655162439462376,0.9927256750272685,0.9935655048265409,0.9985376607640005
chat_preview,ui_text,meme_card,1200,800,512,341,94,64,64,3,8672,8672,1.0,4.86871,40.07414952621797,0.983996406375018,0.9961140707086121,0.9968080064612145,0.9996325464351583
chat_preview,ui_text,meme_card,1200,800,512,341,95,64,32,0,2286,8930,0.25599104143337065,4.22842,22.286760534285975,0.7709748562142967,0.9111820494731511,0.9110719567661517,0.9623553700587889
chat_preview,ui_text,meme_card,1200,800,512,341,95,64,32,1,4095,8930,0.4585666293393057,4.4025,25.53270528826458,0.871856899759803,0.9585091371990403,0.9563161507887444,0.9856939468518519
chat_preview,ui_text,meme_card,1200,800,512,341,95,64,32,2,5711,8930,0.6395296752519597,4.37954,30.35158185077001,0.9499586894937092,0.98989683567851,0.9898608774548783,0.9969314547810331
chat_preview,ui_text,meme_card,1200,800,512,341,95,64,32,3,7206,8930,0.8069428891377379,4.70038,33.494671142170326,0.9699450469751731,0.9941612630394899,0.9945449888100226,0.9987373338421448
chat_preview,ui_text,meme_card,1200,800,512,341,95,64,32,4,8930,8930,1.0,4.99154,46.12371536607685,0.9902556783283561,0.9973539214001944,0.9976742987701599,0.9998846046852768
chat_preview,ui_text,meme_card,1200,800,512,341,95,64,64,0,4554,13073,0.3483515642928173,4.42683,25.544296371721465,0.8732470261638704,0.9593839967545059,0.9569908663733881,0.9857473711294078
chat_preview,ui_text,meme_card,1200,800,512,341,95,64,64,1,8022,13073,0.6136311481679798,4.47288,30.378477435398597,0.9516560024853624,0.990888750222446,0.9906972239059961,0.9969671620897117
chat_preview,ui_text,meme_card,1200,800,512,341,95,64,64,2,10538,13073,0.8060888854891761,4.67796,33.57213665069277,0.9716033465904172,0.9951182263469168,0.9952828688422757,0.9987909037926115
chat_preview,ui_text,meme_card,1200,800,512,341,95,64,64,3,13073,13073,1.0,5.04671,48.57257402194405,0.9925267356400552,0.9983772718356673,0.9984673260000331,0.9999405106132637
chat_preview,ui_text,meme_card,1200,800,512,341,96,64,32,0,2286,10048,0.2275079617834395,4.52004,22.286760534285975,0.7709748562142967,0.9111820494731511,0.9110719567661517,0.9623553700587889
chat_preview,ui_text,meme_card,1200,800,512,341,96,64,32,1,4126,10048,0.41062898089171973,4.28463,25.537140764426418,0.8725127761520319,0.9589532875915404,0.956941139041997,0.9857059293588368
chat_preview,ui_text,meme_card,1200,800,512,341,96,64,32,2,6499,10048,0.6467953821656051,4.5345,30.33850055703509,0.9484281268342146,0.9895729727393401,0.9893368806982888,0.9969168194199491
chat_preview,ui_text,meme_card,1200,800,512,341,96,64,32,3,8079,10048,0.8040406050955414,4.69471,33.48979350809412,0.9685914882892573,0.9938020218270563,0.9939656230302873,0.9987349704066302
chat_preview,ui_text,meme_card,1200,800,512,341,96,64,32,4,10048,10048,1.0,4.9705,45.836736270867355,0.9891002488565864,0.9970180921890627,0.997119916866576,0.9998790010089488
chat_preview,ui_text,meme_card,1200,800,512,341,96,64,64,0,4554,15679,0.2904521972064545,4.30104,25.544296371721465,0.8732470261638704,0.9593839967545059,0.9569908663733881,0.9857473711294078
chat_preview,ui_text,meme_card,1200,800,512,341,96,64,64,1,8104,15679,0.5168696983225971,4.56404,30.383619349165958,0.9526978440679336,0.9912638061396818,0.9912288584267147,0.9969762333616052
chat_preview,ui_text,meme_card,1200,800,512,341,96,64,64,2,13032,15679,0.8311754576184706,5.10804,33.52421129456132,0.9688394387918989,0.9945921244784152,0.9946138584582918,0.9987775090598957
chat_preview,ui_text,meme_card,1200,800,512,341,96,64,64,3,15679,15679,1.0,5.35087,47.30401190927155,0.9897553873817929,0.9978320693930591,0.9977658156667998,0.9999237718997713
chat_preview,ui_text,meme_card,1200,800,512,341,97,64,32,0,2286,10587,0.2159251912723151,4.33567,22.286760534285975,0.7709748562142967,0.9111820494731511,0.9110719567661517,0.9623553700587889
chat_preview,ui_text,meme_card,1200,800,512,341,97,64,32,1,4126,10587,0.38972324548975157,4.33054,25.537140764426418,0.8725127761520319,0.9589532875915404,0.956941139041997,0.9857059293588368
chat_preview,ui_text,meme_card,1200,800,512,341,97,64,32,2,6499,10587,0.6138660621516955,4.4715,30.33850055703509,0.9484281268342146,0.9895729727393401,0.9893368806982888,0.9969168194199491
chat_preview,ui_text,meme_card,1200,800,512,341,97,64,32,3,8465,10587,0.7995655048644564,4.75983,33.488302559070796,0.968259381508187,0.9937050681216553,0.9938293825727939,0.9987385128643677
chat_preview,ui_text,meme_card,1200,800,512,341,97,64,32,4,10587,10587,1.0,5.0555,45.94623820586152,0.9888114629170947,0.9969306319902094,0.9969906028900969,0.9998800445282358
chat_preview,ui_text,meme_card,1200,800,512,341,97,64,64,0,4554,16322,0.27900992525425805,4.3405,25.544296371721465,0.8732470261638704,0.9593839967545059,0.9569908663733881,0.9857473711294078
chat_preview,ui_text,meme_card,1200,800,512,341,97,64,64,1,8104,16322,0.4965077809092023,4.59379,30.383619349165958,0.9526978440679336,0.9912638061396818,0.9912288584267147,0.9969762333616052
chat_preview,ui_text,meme_card,1200,800,512,341,97,64,64,2,13032,16322,0.7984315647592207,4.99675,33.52421129456132,0.9688394387918989,0.9945921244784152,0.9946138584582918,0.9987775090598957
chat_preview,ui_text,meme_card,1200,800,512,341,97,64,64,3,16322,16322,1.0,5.45562,47.294802722302634,0.989460667108854,0.9978120256982578,0.9977316586364635,0.9999238011914271
chat_preview,ui_text,meme_card,1200,800,512,341,98,64,32,0,2286,12010,0.19034138218151542,4.29367,22.286760534285975,0.7709748562142967,0.9111820494731511,0.9110719567661517,0.9623553700587889
chat_preview,ui_text,meme_card,1200,800,512,341,98,64,32,1,4466,12010,0.37185678601165695,4.20783,25.540685011354903,0.8722839773409116,0.9587883814608661,0.9569187367979398,0.9857213618069323
chat_preview,ui_text,meme_card,1200,800,512,341,98,64,32,2,7559,12010,0.6293921731890092,4.52183,30.339108382514354,0.9476396691136667,0.9892655057062635,0.9891188144245182,0.9969116513137539
chat_preview,ui_text,meme_card,1200,800,512,341,98,64,32,3,9839,12010,0.8192339716902581,4.75413,33.490535756425274,0.9671393541661549,0.9933156970719947,0.9935531558345808,0.9987329790541956
chat_preview,ui_text,meme_card,1200,800,512,341,98,64,32,4,12010,12010,1.0,4.97725,45.80027017913356,0.9877041376497128,0.9965481592635861,0.9967356931703769,0.9998733700690505
chat_preview,ui_text,meme_card,1200,800,512,341,98,64,64,0,4554,20036,0.2272908764224396,4.54396,25.544296371721465,0.8732470261638704,0.9593839967545059,0.9569908663733881,0.9857473711294078
chat_preview,ui_text,meme_card,1200,800,512,341,98,64,64,1,9577,20036,0.4779896186863645,4.523,30.3712636617978,0.9514672680829422,0.9908709349066968,0.9911758541110621,0.9969623846735695
chat_preview,ui_text,meme_card,1200,800,512,341,98,64,64,2,16594,20036,0.8282092233978838,5.04858,33.5113663744301,0.966976216863599,0.9940645299773564,0.9944423483173784,0.9987663898022601
chat_preview,ui_text,meme_card,1200,800,512,341,98,64,64,3,20036,20036,1.0,5.70992,46.78674358118887,0.9876252901989213,0.9972966727464087,0.9975791078821946,0.9999104800183561
chat_preview,ui_text,meme_card,1200,800,512,341,99,64,32,0,2286,12840,0.1780373831775701,4.58067,22.286760534285975,0.7709748562142967,0.9111820494731511,0.9110719567661517,0.9623553700587889
chat_preview,ui_text,meme_card,1200,800,512,341,99,64,32,1,4684,12840,0.364797507788162,4.50325,25.539162883240273,0.8721163364438644,0.9587395749538469,0.956924291760024,0.9857111311290663
chat_preview,ui_text,meme_card,1200,800,512,341,99,64,32,2,7992,12840,0.6224299065420561,4.73779,30.334264409430997,0.947303234113436,0.9891654317791531,0.9890987064277484,0.9969038570080575
chat_preview,ui_text,meme_card,1200,800,512,341,99,64,32,3,10403,12840,0.810202492211838,4.75879,33.485484082303756,0.9671063547804201,0.9932744936908966,0.9936249365986244,0.9987271657827776
chat_preview,ui_text,meme_card,1200,800,512,341,99,64,32,4,12840,12840,1.0,5.11992,45.951355474145224,0.98788872989523,0.9965167003279704,0.9968118650429209,0.999873868927758
chat_preview,ui_text,meme_card,1200,800,512,341,99,64,64,0,4554,21759,0.2092927064662898,4.33067,25.544296371721465,0.8732470261638704,0.9593839967545059,0.9569908663733881,0.9857473711294078
chat_preview,ui_text,meme_card,1200,800,512,341,99,64,64,1,10360,21759,0.4761248219127717,4.65717,30.36828761923802,0.9512503281494222,0.9908150234701854,0.9911874140663666,0.9969593192225495
chat_preview,ui_text,meme_card,1200,800,512,341,99,64,64,2,18103,21759,0.8319775724987362,5.13471,33.50537827141175,0.9665853143705365,0.9939768306699147,0.9944371259564623,0.9987633126370438
chat_preview,ui_text,meme_card,1200,800,512,341,99,64,64,3,21759,21759,1.0,5.77342,46.81716339418373,0.9875460412502074,0.997232469761472,0.9976055185405345,0.9999093327640798
chat_preview,ui_text,meme_card,1200,800,512,341,100,64,32,0,2286,76800,0.029765625,4.24408,22.286760534285975,0.7709748562142967,0.9111820494731511,0.9110719567661517,0.9623553700587889
chat_preview,ui_text,meme_card,1200,800,512,341,100,64,32,1,4960,76800,0.06458333333333334,4.51621,25.544296371721465,0.8732470261638704,0.9593839967545059,0.9569908663733881,0.9857473711294078
chat_preview,ui_text,meme_card,1200,800,512,341,100,64,32,2,11355,76800,0.1478515625,4.74283,30.39057758640042,0.9530767059092975,0.9914434026661284,0.9912754869298911,0.9969870841872951
chat_preview,ui_text,meme_card,1200,800,512,341,100,64,32,3,28342,76800,0.3690364583333333,5.60692,33.62580641947765,0.9752325898214291,0.9962219112108236,0.996388737930411,0.9988261815692698
chat_preview,ui_text,meme_card,1200,800,512,341,100,64,32,4,76800,76800,1.0,8.82921,99.0,1.0,1.0,0.9999999999999881,1.0
chat_preview,ui_text,meme_card,1200,800,512,341,100,64,64,0,4554,76333,0.059659649168773664,4.9025,25.544296371721465,0.8732470261638704,0.9593839967545059,0.9569908663733881,0.9857473711294078
chat_preview,ui_text,meme_card,1200,800,512,341,100,64,64,1,10888,76333,0.14263817745929022,4.59421,30.39057758640042,0.9530767059092975,0.9914434026661284,0.9912754869298911,0.9969870841872951
chat_preview,ui_text,meme_card,1200,800,512,341,100,64,64,2,27875,76333,0.36517626714527135,5.47004,33.62580641947765,0.9752325898214291,0.9962219112108236,0.996388737930411,0.9988261815692698
chat_preview,ui_text,meme_card,1200,800,512,341,100,64,64,3,76333,76333,1.0,8.58675,99.0,1.0,1.0,0.9999999999999881,1.0
