profile,category,sample,source_width,source_height,width,height,codec,setting,bytes,bpp,encode_ms,decode_ms,codec_encode_ms,codec_decode_ms,psnr,ssim_windowed,ms_ssim_windowed,ms_ssim_luma,legacy_ms_ssim_proxy,notes
chat_preview,photo,kodak_01,768,512,512,341,CAPS,"q=1,tile=64,base=32",3928,0.17998533724340177,12.880583999999972,13.551291999999993,6.18771,7.84,22.33726014614863,0.6011663204414253,0.875315597645379,0.8926446858103767,0.9266459453235754,subprocess wall time including PPM I/O; codec_* fields are resident timing
chat_preview,photo,kodak_01,768,512,512,341,CAPS,"q=1,tile=64,base=64",9548,0.4375,13.591458999999917,16.513416000000003,7.21908,8.33633,25.018596577502773,0.7798550913185894,0.9469978399785776,0.9566758759035358,0.9671419780776789,subprocess wall time including PPM I/O; codec_* fields are resident timing
chat_preview,photo,kodak_01,768,512,512,341,CAPS,"q=2,tile=64,base=32",3967,0.1817723607038123,12.204915999999955,14.183874999999846,5.84492,7.79362,22.33900072406258,0.6013112782325946,0.8753604462624742,0.892866429074421,0.926978185232744,subprocess wall time including PPM I/O; codec_* fields are resident timing
chat_preview,photo,kodak_01,768,512,512,341,CAPS,"q=2,tile=64,base=64",9624,0.4409824046920821,13.948542000000064,14.782457999999998,7.30996,8.64092,25.012865280159176,0.7803399547942288,0.9472955892939104,0.9572988983432176,0.9672218376557241,subprocess wall time including PPM I/O; codec_* fields are resident timing
chat_preview,photo,kodak_01,768,512,512,341,CAPS,"q=3,tile=64,base=32",4052,0.18566715542521994,12.304374999999812,14.113916000000337,5.75379,7.78887,22.363153974362888,0.6059733713157205,0.8766730570386402,0.8943352691230531,0.927513883093305,subprocess wall time including PPM I/O; codec_* fields are resident timing
chat_preview,photo,kodak_01,768,512,512,341,CAPS,"q=3,tile=64,base=64",9857,0.45165872434017595,14.151374999999966,15.070624999999893,7.38504,8.60092,25.072020020141082,0.7843280224866241,0.9481861878046032,0.9582571545994282,0.9677163382817519,subprocess wall time including PPM I/O; codec_* fields are resident timing
chat_preview,photo,kodak_01,768,512,512,341,CAPS,"q=4,tile=64,base=32",4106,0.18814149560117302,12.397749999999874,14.203000000000188,5.9355,7.76237,22.379496810716365,0.6088384153168847,0.8773314829402795,0.8950601496763012,0.9278268745051916,subprocess wall time including PPM I/O; codec_* fields are resident timing
chat_preview,photo,kodak_01,768,512,512,341,CAPS,"q=4,tile=64,base=64",9960,0.4563782991202346,14.017791999999751,15.010334000000292,7.31783,8.54375,25.105136714723876,0.7866518658016072,0.9486619154149135,0.9587505279550985,0.9679858032366976,subprocess wall time including PPM I/O; codec_* fields are resident timing
chat_preview,photo,kodak_01,768,512,512,341,CAPS,"q=5,tile=64,base=32",4136,0.18951612903225806,12.230500000000255,15.461874999999736,5.56283,7.67413,22.401449069015552,0.6097090583322459,0.8786163818786878,0.8958390513928566,0.9290242665643581,subprocess wall time including PPM I/O; codec_* fields are resident timing
chat_preview,photo,kodak_01,768,512,512,341,CAPS,"q=5,tile=64,base=64",10024,0.4593108504398827,14.397957999999988,16.235250000000256,7.51858,8.83863,25.143813690162688,0.7881404509785163,0.949931192731773,0.9594288700023166,0.9689271593450695,subprocess wall time including PPM I/O; codec_* fields are resident timing
chat_preview,photo,kodak_01,768,512,512,341,CAPS,"q=6,tile=64,base=32",4186,0.19180718475073313,12.89716700000021,15.069750000000326,5.70292,7.9525,22.436602687862262,0.6131973232708228,0.8804301655694644,0.8973985879642227,0.9296909508842254,subprocess wall time including PPM I/O; codec_* fields are resident timing
chat_preview,photo,kodak_01,768,512,512,341,CAPS,"q=6,tile=64,base=64",10120,0.4637096774193548,13.688957999999474,16.736125000001323,7.03567,8.86492,25.215627515692734,0.7908791523473068,0.9508564596522744,0.9602360481986921,0.9694534356525388,subprocess wall time including PPM I/O; codec_* fields are resident timing
chat_preview,photo,kodak_01,768,512,512,341,CAPS,"q=7,tile=64,base=32",4206,0.19272360703812316,12.917000000001622,15.684957999999583,5.94275,8.038,22.450111030995892,0.6136831721050854,0.8806443645150934,0.8976021914645417,0.9298830106665237,subprocess wall time including PPM I/O; codec_* fields are resident timing
chat_preview,photo,kodak_01,768,512,512,341,CAPS,"q=7,tile=64,base=64",10152,0.46517595307917886,18.58920899999994,20.52008299999919,8.13958,9.34304,25.23759660798325,0.7914089087707343,0.9509882427344519,0.9603464607194867,0.9695836636752471,subprocess wall time including PPM I/O; codec_* fields are resident timing
chat_preview,photo,kodak_01,768,512,512,341,CAPS,"q=8,tile=64,base=32",4302,0.1971224340175953,15.452790999999522,16.14287499999989,6.49583,7.56658,22.470842649060568,0.6195049544521963,0.8816628713668995,0.898959493342196,0.9301640126761233,subprocess wall time including PPM I/O; codec_* fields are resident timing
chat_preview,photo,kodak_01,768,512,512,341,CAPS,"q=8,tile=64,base=64",10386,0.4758980938416422,13.690499999999162,15.560959000000096,7.20771,8.7495,25.293039851119193,0.7956416004316624,0.9519586297338268,0.9613021075576068,0.9699098253617383,subprocess wall time including PPM I/O; codec_* fields are resident timing
chat_preview,photo,kodak_01,768,512,512,341,CAPS,"q=9,tile=64,base=32",4334,0.19858870967741934,12.670749999999842,15.22279199999943,5.96729,7.85017,22.489620800460536,0.6198149401297465,0.8819654151726266,0.8991581861885585,0.9304524660514646,subprocess wall time including PPM I/O; codec_* fields are resident timing
chat_preview,photo,kodak_01,768,512,512,341,CAPS,"q=9,tile=64,base=64",10386,0.4758980938416422,14.175124999999511,16.065708000001067,7.30392,8.57233,25.31438135088703,0.7958679265690125,0.952012767577766,0.9613367604178582,0.9700024690606324,subprocess wall time including PPM I/O; codec_* fields are resident timing
chat_preview,photo,kodak_01,768,512,512,341,CAPS,"q=10,tile=64,base=32",4396,0.20142961876832843,12.698791000000043,14.261749999999296,5.84596,7.73267,22.50676091946454,0.6229985673283409,0.8826891593306471,0.8999510299628024,0.9308551961289739,subprocess wall time including PPM I/O; codec_* fields are resident timing
chat_preview,photo,kodak_01,768,512,512,341,CAPS,"q=10,tile=64,base=64",10540,0.48295454545454547,13.9220420000008,15.0501659999982,7.33083,8.60538,25.349638565831512,0.7985894956011824,0.9525234418352552,0.9619337467600395,0.9702363241049295,subprocess wall time including PPM I/O; codec_* fields are resident timing
chat_preview,photo,kodak_01,768,512,512,341,CAPS,"q=11,tile=64,base=32",4431,0.203033357771261,12.337584000000845,13.83300000000176,5.86067,7.74313,22.574839343621036,0.623839561623032,0.8845171643931752,0.9001060962001431,0.9321589471429177,subprocess wall time including PPM I/O; codec_* fields are resident timing
chat_preview,photo,kodak_01,768,512,512,341,CAPS,"q=11,tile=64,base=64",10607,0.48602456011730205,20.172167000001906,22.471249999998832,9.10037,10.0633,25.449600560348756,0.8000600215667317,0.9538929959223889,0.9625604315389301,0.9712694513239025,subprocess wall time including PPM I/O; codec_* fields are resident timing
chat_preview,photo,kodak_01,768,512,512,341,CAPS,"q=12,tile=64,base=32",4487,0.20559934017595308,12.635791999997537,14.374708999998376,5.80896,7.79862,22.58946150335911,0.6275085219846189,0.8855473151585672,0.9011674052804599,0.9325328696876903,subprocess wall time including PPM I/O; codec_* fields are resident timing
chat_preview,photo,kodak_01,768,512,512,341,CAPS,"q=12,tile=64,base=64",10696,0.4901026392961877,14.089792000000045,15.114042000000438,7.44054,8.67008,25.4863778699889,0.8022934134750729,0.9542961287208686,0.9629688668296679,0.9715554312490321,subprocess wall time including PPM I/O; codec_* fields are resident timing
chat_preview,photo,kodak_01,768,512,512,341,CAPS,"q=13,tile=64,base=32",4546,0.20830278592375367,12.335124999999891,13.765875000000705,5.86229,7.534,22.619130799156963,0.6303458634578583,0.886987975495421,0.9027188482514813,0.9328412386748387,subprocess wall time including PPM I/O; codec_* fields are resident timing
chat_preview,photo,kodak_01,768,512,512,341,CAPS,"q=13,tile=64,base=64",10903,0.4995876099706745,13.805334000000613,15.272042000002983,7.46287,8.72888,25.5413174895174,0.8050000181559742,0.9548641771690328,0.9633817979211498,0.9718213158410237,subprocess wall time including PPM I/O; codec_* fields are resident timing
chat_preview,photo,kodak_01,768,512,512,341,CAPS,"q=14,tile=64,base=32",4589,0.21027309384164222,12.89600000000135,14.423166000000265,5.80833,7.57088,22.640529788988502,0.6331729812627236,0.8878567719420708,0.9036353857827918,0.9332111002057379,subprocess wall time including PPM I/O; codec_* fields are resident timing
chat_preview,photo,kodak_01,768,512,512,341,CAPS,"q=14,tile=64,base=64",11001,0.5040780791788856,14.865833000001771,17.34725000000026,7.40467,8.71571,25.590771038636234,0.8074740656440785,0.9553320067509556,0.9638739913923352,0.9723480251078337,subprocess wall time including PPM I/O; codec_* fields are resident timing
chat_preview,photo,kodak_01,768,512,512,341,CAPS,"q=15,tile=64,base=32",4608,0.21114369501466276,12.786832999999831,15.88270899999955,5.69592,7.76042,22.655105675816486,0.6336738417656894,0.8881214434067779,0.9037465090997793,0.9334354575641106,subprocess wall time including PPM I/O; codec_* fields are resident timing
chat_preview,photo,kodak_01,768,512,512,341,CAPS,"q=15,tile=64,base=64",11031,0.5054527126099707,15.695000000000903,19.110874999999083,7.56,9.34754,25.620148850052793,0.8080954742621173,0.9555107522713383,0.9640182280559204,0.9725156125825487,subprocess wall time including PPM I/O; codec_* fields are resident timing
chat_preview,photo,kodak_01,768,512,512,341,CAPS,"q=16,tile=64,base=32",4658,0.21343475073313783,16.49562499999746,22.593125000000214,6.16971,8.47554,22.696298333147993,0.6374204739368982,0.8901364808925308,0.9055934814317944,0.9341822928098589,subprocess wall time including PPM I/O; codec_* fields are resident timing
chat_preview,photo,kodak_01,768,512,512,341,CAPS,"q=16,tile=64,base=64",11163,0.5115010997067448,14.120583000000408,17.162415999997904,7.36483,8.88796,25.70155689832366,0.8111982287658006,0.9564199553051899,0.9648037571771632,0.9733793366473973,subprocess wall time including PPM I/O; codec_* fields are resident timing
chat_preview,photo,kodak_01,768,512,512,341,CAPS,"q=17,tile=64,base=32",4745,0.21742118768328444,14.25195799999912,16.76629099999971,6.1295,7.96442,22.75337084138593,0.6392068223334352,0.8917660523707621,0.9072295740548597,0.9354999131704052,subprocess wall time including PPM I/O; codec_* fields are resident timing
chat_preview,photo,kodak_01,768,512,512,341,CAPS,"q=17,tile=64,base=64",11420,0.5232771260997068,15.02795900000109,16.059915999999674,7.61642,8.79037,25.796916337183458,0.8129167883247445,0.9576433139411717,0.9656795713795002,0.9742894266802447,subprocess wall time including PPM I/O; codec_* fields are resident timing
chat_preview,photo,kodak_01,768,512,512,341,CAPS,"q=18,tile=64,base=32",4874,0.22333211143695014,12.872500000000286,14.27424999999971,6.002,7.82975,22.78917001915497,0.6450928489599618,0.8941809958725541,0.9096980265111652,0.9363130703369156,subprocess wall time including PPM I/O; codec_* fields are resident timing
chat_preview,photo,kodak_01,768,512,512,341,CAPS,"q=18,tile=64,base=64",11731,0.5375274926686217,14.568832999998449,15.421750000001566,7.81767,8.81033,25.85647679907681,0.8177235536346023,0.958625964740705,0.9667084541934702,0.9746840685685995,subprocess wall time including PPM I/O; codec_* fields are resident timing
chat_preview,photo,kodak_01,768,512,512,341,CAPS,"q=19,tile=64,base=32",4890,0.22406524926686217,13.251583999998928,15.661167000001086,5.86504,7.89867,22.794651649319277,0.6455629163735178,0.8942759035498771,0.9097921878094275,0.936346121914549,subprocess wall time including PPM I/O; codec_* fields are resident timing
chat_preview,photo,kodak_01,768,512,512,341,CAPS,"q=19,tile=64,base=64",11731,0.5375274926686217,14.867332999997984,16.810249999998916,7.62617,9.21117,25.85649364523979,0.8177235791580166,0.958625789352132,0.9667083124396643,0.9746840058833937,subprocess wall time including PPM I/O; codec_* fields are resident timing
chat_preview,photo,kodak_01,768,512,512,341,CAPS,"q=20,tile=64,base=32",4918,0.2253482404692082,7.268457999998645,8.266791000004048,3.57779,4.509,22.827258548911736,0.6467538030913689,0.8950501082351288,0.9103698577151558,0.9370057135357263,subprocess wall time including PPM I/O; codec_* fields are resident timing
chat_preview,photo,kodak_01,768,512,512,341,CAPS,"q=20,tile=64,base=64",11743,0.5380773460410557,7.985582999999963,8.33454099999642,4.33142,4.91437,25.89542383045799,0.8182565019851622,0.9587519118872767,0.9667751575032115,0.9748527574202285,subprocess wall time including PPM I/O; codec_* fields are resident timing
chat_preview,photo,kodak_01,768,512,512,341,CAPS,"q=21,tile=64,base=32",4990,0.2286473607038123,7.299792000004857,7.723957999999698,3.63404,4.40675,22.861064497757866,0.6495080258191709,0.8962267989490846,0.9113895196890677,0.9376947844499381,subprocess wall time including PPM I/O; codec_* fields are resident timing
chat_preview,photo,kodak_01,768,512,512,341,CAPS,"q=21,tile=64,base=64",11924,0.5463709677419355,8.349250000001973,8.67362500000013,4.60371,4.92179,25.968624135939717,0.82141522084153,0.95957976721796,0.9675021234345652,0.9751381129430429,subprocess wall time including PPM I/O; codec_* fields are resident timing
chat_preview,photo,kodak_01,768,512,512,341,CAPS,"q=22,tile=64,base=32",4999,0.22905975073313783,6.882042000000865,7.556500000006849,3.57529,4.37329,22.889250794256967,0.6500391572778127,0.8966480789430928,0.9116884267377665,0.9380403180316953,subprocess wall time including PPM I/O; codec_* fields are resident timing
chat_preview,photo,kodak_01,768,512,512,341,CAPS,"q=22,tile=64,base=64",11929,0.546600073313783,7.902000000001408,7.972958000003416,4.37067,4.82971,26.008865556069335,0.8219446625709637,0.9597343998257588,0.9676185491535524,0.9752993071903243,subprocess wall time including PPM I/O; codec_* fields are resident timing
chat_preview,photo,kodak_01,768,512,512,341,CAPS,"q=23,tile=64,base=32",5148,0.23588709677419356,7.255209000000207,8.141166999998006,3.59725,4.4655,22.937819172921827,0.6556711044897411,0.8986990681925723,0.9136274682727932,0.938579862907007,subprocess wall time including PPM I/O; codec_* fields are resident timing
chat_preview,photo,kodak_01,768,512,512,341,CAPS,"q=23,tile=64,base=64",12341,0.5654783724340176,8.094874999997614,8.722749999996893,4.38458,4.95429,26.129521398951834,0.8268118128829806,0.9613792253327582,0.9687295919363479,0.9763917334625508,subprocess wall time including PPM I/O; codec_* fields are resident timing
chat_preview,photo,kodak_01,768,512,512,341,CAPS,"q=24,tile=64,base=32",5163,0.23657441348973607,7.704375000002983,8.305874999997798,3.53717,4.59842,22.955637868707797,0.6562810662659887,0.8989791183455504,0.913863732780959,0.9387671743069923,subprocess wall time including PPM I/O; codec_* fields are resident timing
chat_preview,photo,kodak_01,768,512,512,341,CAPS,"q=24,tile=64,base=64",12383,0.5674028592375366,8.25745800000277,8.679792000002351,4.533,4.92883,26.16907161027882,0.8274032897046828,0.9615066148672416,0.9688302111830636,0.9765464039750575,subprocess wall time including PPM I/O; codec_* fields are resident timing
chat_preview,photo,kodak_01,768,512,512,341,CAPS,"q=25,tile=64,base=32",5224,0.23936950146627567,7.813957999999843,9.091707999999699,3.95992,4.95304,22.97537498594955,0.6584985844647794,0.8995118955264215,0.9142758894779167,0.9390600058402616,subprocess wall time including PPM I/O; codec_* fields are resident timing
chat_preview,photo,kodak_01,768,512,512,341,CAPS,"q=25,tile=64,base=64",12534,0.5743218475073314,7.842832999997995,8.511916999999869,4.43621,5.01167,26.220303746817734,0.8301694575219232,0.9620304999811662,0.9693305562905417,0.9768793656350669,subprocess wall time including PPM I/O; codec_* fields are resident timing
chat_preview,photo,kodak_01,768,512,512,341,CAPS,"q=26,tile=64,base=32",5239,0.24005681818181818,7.069749999999431,8.050000000004331,3.47587,4.52937,23.016628399621183,0.6586289588458388,0.9003507329533447,0.9146569063251542,0.9395834099039513,subprocess wall time including PPM I/O; codec_* fields are resident timing
chat_preview,photo,kodak_01,768,512,512,341,CAPS,"q=26,tile=64,base=64",12570,0.5759714076246334,8.310082999997803,9.368709000000308,4.61433,5.30183,26.29567214447057,0.8310842669308428,0.9625881379860943,0.9697646350854776,0.9772507780493759,subprocess wall time including PPM I/O; codec_* fields are resident timing
chat_preview,photo,kodak_01,768,512,512,341,CAPS,"q=27,tile=64,base=32",5335,0.2444556451612903,7.349458000000197,8.134957999999415,3.70737,4.5465,23.048088897425817,0.6623435704045141,0.9015060567232752,0.9158158476334576,0.9401908788307398,subprocess wall time including PPM I/O; codec_* fields are resident timing
chat_preview,photo,kodak_01,768,512,512,341,CAPS,"q=27,tile=64,base=64",12762,0.5847690615835777,8.092042000001243,9.127541999994548,4.61013,5.06267,26.349713297556075,0.8337188046718361,0.9630129442063247,0.9701601901767731,0.9775827367928882,subprocess wall time including PPM I/O; codec_* fields are resident timing
chat_preview,photo,kodak_01,768,512,512,341,CAPS,"q=28,tile=64,base=32",5422,0.24844208211143695,7.148792000002402,8.128875000004143,3.55963,4.62437,23.100281335453616,0.6656189173444661,0.9027355213401753,0.9171463339914442,0.9409588930319929,subprocess wall time including PPM I/O; codec_* fields are resident timing
chat_preview,photo,kodak_01,768,512,512,341,CAPS,"q=28,tile=64,base=64",12955,0.5936125366568915,8.112916999998276,8.37612499999807,4.54979,5.07271,26.42888037201763,0.8359743874887388,0.9637502764942232,0.9708682198339867,0.978017635695149,subprocess wall time including PPM I/O; codec_* fields are resident timing
chat_preview,photo,kodak_01,768,512,512,341,CAPS,"q=29,tile=64,base=32",5580,0.2556818181818182,6.905709000001536,7.618334000000004,3.58437,4.423,23.150722006360724,0.6705464981052592,0.9048610371773659,0.9189181831475333,0.9427183657299719,subprocess wall time including PPM I/O; codec_* fields are resident timing
chat_preview,photo,kodak_01,768,512,512,341,CAPS,"q=29,tile=64,base=64",13406,0.6142778592375366,8.177749999994433,8.425625000000991,4.57329,5.03142,26.484178387965972,0.8395775342827246,0.9645529180582257,0.971948412590203,0.9782838862574736,subprocess wall time including PPM I/O; codec_* fields are resident timing
chat_preview,photo,kodak_01,768,512,512,341,CAPS,"q=30,tile=64,base=32",5622,0.25760630498533726,7.66704199999424,7.997916000000771,3.61821,4.60421,23.179151284293514,0.6717021580153116,0.9053638884796626,0.9193159867752779,0.9430453568114339,subprocess wall time including PPM I/O; codec_* fields are resident timing
chat_preview,photo,kodak_01,768,512,512,341,CAPS,"q=30,tile=64,base=64",13447,0.6161565249266863,7.999084000005041,8.271499999999321,4.55687,5.04554,26.533914542518062,0.8404609685037839,0.9648698227581636,0.9721962307417277,0.9784925217010925,subprocess wall time including PPM I/O; codec_* fields are resident timing
chat_preview,photo,kodak_01,768,512,512,341,CAPS,"q=31,tile=64,base=32",5737,0.2628757331378299,7.275749999998027,7.821957999993856,3.56383,4.62212,23.228570172028537,0.6749832784153371,0.9069372138801999,0.9207477232069797,0.944224020089982,subprocess wall time including PPM I/O; codec_* fields are resident timing
chat_preview,photo,kodak_01,768,512,512,341,CAPS,"q=31,tile=64,base=64",13635,0.6247708944281525,8.311040999998909,8.35879200000278,4.62683,4.98438,26.624291463379386,0.8435129719275665,0.9656531693266129,0.9729478089776844,0.9790090897112947,subprocess wall time including PPM I/O; codec_* fields are resident timing
chat_preview,photo,kodak_01,768,512,512,341,CAPS,"q=32,tile=64,base=32",5832,0.26722873900293254,7.194708000000105,8.07208399999837,3.69042,4.56471,23.25982418985856,0.676524786020881,0.9079969454294655,0.9216283647484129,0.9446606184144051,subprocess wall time including PPM I/O; codec_* fields are resident timing
chat_preview,photo,kodak_01,768,512,512,341,CAPS,"q=32,tile=64,base=64",13816,0.6330645161290323,8.266915999996627,8.500417000000482,4.61146,5.00587,26.67468861782033,0.8447208602522727,0.9661054526557101,0.973271965037591,0.9792971258535766,subprocess wall time including PPM I/O; codec_* fields are resident timing
chat_preview,photo,kodak_01,768,512,512,341,CAPS,"q=33,tile=64,base=32",5967,0.27341458944281527,7.399624999997911,7.842249999995943,3.59867,4.4955,23.31096346142745,0.6815735344586442,0.9101243913793328,0.9239552835674442,0.9462087235215466,subprocess wall time including PPM I/O; codec_* fields are resident timing
chat_preview,photo,kodak_01,768,512,512,341,CAPS,"q=33,tile=64,base=64",14194,0.6503848973607038,8.331374999997365,8.55091600000435,4.63108,5.01671,26.751053379343276,0.8485189707803854,0.9669708415367233,0.9741314189268231,0.9798437555135706,subprocess wall time including PPM I/O; codec_* fields are resident timing
chat_preview,photo,kodak_01,768,512,512,341,CAPS,"q=34,tile=64,base=32",5994,0.2746517595307918,7.973624999998208,9.229541999999924,3.83558,4.82708,23.343359021473773,0.6826666401097293,0.9106599564340289,0.9243858312280799,0.946596533398108,subprocess wall time including PPM I/O; codec_* fields are resident timing
chat_preview,photo,kodak_01,768,512,512,341,CAPS,"q=34,tile=64,base=64",14201,0.6507056451612904,8.298625000001891,8.492749999994942,4.66467,5.03225,26.804560951955825,0.8491906314952847,0.9671675486895251,0.9742820973547729,0.9800264612577869,subprocess wall time including PPM I/O; codec_* fields are resident timing
chat_preview,photo,kodak_01,768,512,512,341,CAPS,"q=35,tile=64,base=32",6151,0.28184567448680353,7.524916000001269,7.870165999996459,3.72879,4.5715,23.39114703610015,0.6858045530826323,0.9118799333791706,0.9257234336416407,0.9474890861292206,subprocess wall time including PPM I/O; codec_* fields are resident timing
chat_preview,photo,kodak_01,768,512,512,341,CAPS,"q=35,tile=64,base=64",14591,0.6685758797653959,9.065665999997918,9.43654100000657,5.06746,5.12712,26.88817519994959,0.8522431850400745,0.9679328960116927,0.975014809447869,0.9806127901243931,subprocess wall time including PPM I/O; codec_* fields are resident timing
chat_preview,photo,kodak_01,768,512,512,341,CAPS,"q=36,tile=64,base=32",6218,0.2849156891495601,7.360624999996901,8.23895799999974,3.74304,4.6235,23.447193466992815,0.6873842023545311,0.9130565712859213,0.9266368188839598,0.9484805318159126,subprocess wall time including PPM I/O; codec_* fields are resident timing
chat_preview,photo,kodak_01,768,512,512,341,CAPS,"q=36,tile=64,base=64",14643,0.6709585777126099,8.300333000001103,8.520791999998778,4.74421,5.05671,26.978923038950164,0.8534113632442727,0.9684864278965005,0.9754418492944069,0.9809910746040825,subprocess wall time including PPM I/O; codec_* fields are resident timing
chat_preview,photo,kodak_01,768,512,512,341,CAPS,"q=37,tile=64,base=32",6273,0.2874358504398827,7.790040999999803,8.790125000004423,3.70462,4.75033,23.46666616238336,0.6883291753828025,0.9137076333445345,0.9267515906933503,0.9488461167419739,subprocess wall time including PPM I/O; codec_* fields are resident timing
chat_preview,photo,kodak_01,768,512,512,341,CAPS,"q=37,tile=64,base=64",14714,0.6742118768328446,8.917709000002105,9.718749999997556,4.94337,5.42567,26.989705449963207,0.85370827255788,0.968682727566414,0.9755708778135777,0.9810698199784269,subprocess wall time including PPM I/O; codec_* fields are resident timing
chat_preview,photo,kodak_01,768,512,512,341,CAPS,"q=38,tile=64,base=32",6448,0.29545454545454547,8.824125000003846,9.537458999993476,4.21354,4.86967,23.513452765687845,0.6946198727201208,0.9161658046851766,0.9294211386940694,0.9504731573181945,subprocess wall time including PPM I/O; codec_* fields are resident timing
chat_preview,photo,kodak_01,768,512,512,341,CAPS,"q=38,tile=64,base=64",15149,0.6941440615835777,9.152790999998217,10.12508299999837,5.13333,5.60292,27.09058795039049,0.8576530210684999,0.9695730642724879,0.9765348471996944,0.9816101353822051,subprocess wall time including PPM I/O; codec_* fields are resident timing
chat_preview,photo,kodak_01,768,512,512,341,CAPS,"q=39,tile=64,base=32",6513,0.2984329178885631,8.200667000004103,9.591917000001615,3.83775,5.04025,23.55924462005747,0.6961197460721507,0.9171134006705568,0.9298891855888908,0.9510855380157252,subprocess wall time including PPM I/O; codec_* fields are resident timing
chat_preview,photo,kodak_01,768,512,512,341,CAPS,"q=39,tile=64,base=64",15161,0.6946939149560117,9.839124999999171,10.171499999998446,5.54183,5.45775,27.149697193207572,0.858454731030692,0.969772882417058,0.9766945992984616,0.9817944116273749,subprocess wall time including PPM I/O; codec_* fields are resident timing
chat_preview,photo,kodak_01,768,512,512,341,CAPS,"q=40,tile=64,base=32",6601,0.3024651759530792,7.79629200000187,9.450583000003121,3.91825,4.81875,23.59248533896508,0.6991356339442912,0.9183612822574551,0.9311899435675985,0.9521320696158722,subprocess wall time including PPM I/O; codec_* fields are resident timing
chat_preview,photo,kodak_01,768,512,512,341,CAPS,"q=40,tile=64,base=64",15363,0.703949780058651,8.914292000000046,8.83304200000623,4.89992,5.18858,27.20788752810496,0.8607695210028186,0.9701596481777953,0.9771035379882271,0.9820507709827816,subprocess wall time including PPM I/O; codec_* fields are resident timing
chat_preview,photo,kodak_01,768,512,512,341,CAPS,"q=41,tile=64,base=32",6733,0.3085135630498534,8.123750000002872,9.395791999999403,4.22075,4.91367,23.643373381361407,0.7016663603527985,0.920230566663534,0.9323968028524139,0.9532417564994117,subprocess wall time including PPM I/O; codec_* fields are resident timing
chat_preview,photo,kodak_01,768,512,512,341,CAPS,"q=41,tile=64,base=64",15651,0.7171462609970675,8.924208000003375,9.509542000003535,5.10483,5.36375,27.305354383299957,0.8635146902664367,0.9712707135445093,0.9779071969734281,0.9824939728782397,subprocess wall time including PPM I/O; codec_* fields are resident timing
chat_preview,photo,kodak_01,768,512,512,341,CAPS,"q=42,tile=64,base=32",6850,0.31387463343108507,7.905499999999677,8.515625000001137,3.89825,4.84462,23.686746184763415,0.7055420113773465,0.9213820298103693,0.9335442713541676,0.954054780246554,subprocess wall time including PPM I/O; codec_* fields are resident timing
chat_preview,photo,kodak_01,768,512,512,341,CAPS,"q=42,tile=64,base=64",15882,0.7277309384164223,8.954250000002162,10.30724999999677,4.98712,5.54725,27.382031109857866,0.8657869003326715,0.9717427985626461,0.9782702366002132,0.9828254615367141,subprocess wall time including PPM I/O; codec_* fields are resident timing
chat_preview,photo,kodak_01,768,512,512,341,CAPS,"q=43,tile=64,base=32",7008,0.32111436950146627,7.92116699999923,8.51149999999734,3.80237,4.84871,23.749497125247533,0.7086873330381763,0.9230253868101009,0.9347820442709629,0.9552297823724839,subprocess wall time including PPM I/O; codec_* fields are resident timing
chat_preview,photo,kodak_01,768,512,512,341,CAPS,"q=43,tile=64,base=64",16241,0.7441807184750733,9.141917000000888,9.50520800000021,4.88142,5.422,27.465830999370393,0.8683557082773546,0.9723438848393539,0.9789418880529582,0.9831281214308931,subprocess wall time including PPM I/O; codec_* fields are resident timing
chat_preview,photo,kodak_01,768,512,512,341,CAPS,"q=44,tile=64,base=32",7119,0.3262005131964809,8.432958000000212,9.272666000001095,4.03837,4.82075,23.786245453002415,0.7133951021966557,0.9244209549294521,0.9362008370341952,0.955839627985525,subprocess wall time including PPM I/O; codec_* fields are resident timing
chat_preview,photo,kodak_01,768,512,512,341,CAPS,"q=44,tile=64,base=64",16459,0.7541697214076246,9.415459000003068,9.838708000003749,5.37887,5.42267,27.52595176587299,0.8705736877954443,0.9727127368412568,0.9792841757677487,0.9834098879990639,subprocess wall time including PPM I/O; codec_* fields are resident timing
chat_preview,photo,kodak_01,768,512,512,341,CAPS,"q=45,tile=64,base=32",7196,0.32972873900293254,8.153042000003552,10.259916999999064,4.08662,5.1,23.849101959122393,0.7156313505587408,0.9254752263138945,0.9368709632948812,0.9566562206614491,subprocess wall time including PPM I/O; codec_* fields are resident timing
chat_preview,photo,kodak_01,768,512,512,341,CAPS,"q=45,tile=64,base=64",16479,0.7550861436950147,8.944249999998988,9.75595899999604,5.06371,5.43129,27.58692827838533,0.8713406120052994,0.9728693706570022,0.9794016468887975,0.983597755189119,subprocess wall time including PPM I/O; codec_* fields are resident timing
chat_preview,photo,kodak_01,768,512,512,341,CAPS,"q=46,tile=64,base=32",7363,0.3373808651026393,7.618499999999528,8.697709000003329,3.99425,4.86163,23.912748722359996,0.7205397652047987,0.9271878251193967,0.9382716604598011,0.9575557813295449,subprocess wall time including PPM I/O; codec_* fields are resident timing
chat_preview,photo,kodak_01,768,512,512,341,CAPS,"q=46,tile=64,base=64",16828,0.7710777126099707,8.996166999999389,8.88620799999984,4.96887,5.16533,27.697634451842085,0.8743311580364264,0.9735976688527591,0.9800303386923913,0.9840229889363687,subprocess wall time including PPM I/O; codec_* fields are resident timing
chat_preview,photo,kodak_01,768,512,512,341,CAPS,"q=47,tile=64,base=32",7550,0.34594941348973607,7.717750000004742,8.479667000003133,3.88592,4.88312,23.99702720287371,0.7226091014256099,0.9291143350818656,0.939433903042024,0.9586134669406424,subprocess wall time including PPM I/O; codec_* fields are resident timing
chat_preview,photo,kodak_01,768,512,512,341,CAPS,"q=47,tile=64,base=64",17156,0.7861070381231672,9.19120900000081,9.421082999999442,4.99337,5.38396,27.842176628335466,0.8758890842240995,0.9748186444604915,0.9805515691344053,0.9848030386179866,subprocess wall time including PPM I/O; codec_* fields are resident timing
chat_preview,photo,kodak_01,768,512,512,341,CAPS,"q=48,tile=64,base=32",7726,0.3540139296187683,8.167749999998364,8.32499999999925,3.97154,4.71671,24.071370984365572,0.7286274301120543,0.9311060332872415,0.9415015668879064,0.959524818186063,subprocess wall time including PPM I/O; codec_* fields are resident timing
chat_preview,photo,kodak_01,768,512,512,341,CAPS,"q=48,tile=64,base=64",17661,0.8092467008797654,9.503625000000682,9.115958999998952,5.1465,5.29904,27.93174618058014,0.8796560575216342,0.9754384880271799,0.981232313523187,0.9850929205592681,subprocess wall time including PPM I/O; codec_* fields are resident timing
chat_preview,photo,kodak_01,768,512,512,341,CAPS,"q=49,tile=64,base=32",7833,0.35891678885630496,8.137791999999422,9.097750000002236,4.03037,4.88421,24.132579279537936,0.7313328131167096,0.9321741896698003,0.942242136117472,0.9602645574223793,subprocess wall time including PPM I/O; codec_* fields are resident timing
chat_preview,photo,kodak_01,768,512,512,341,CAPS,"q=49,tile=64,base=64",17789,0.8151118035190615,8.615124999998613,9.18483399999559,4.98383,5.50962,28.005554878444627,0.8807672517481975,0.9756833103122707,0.98143081712237,0.9853100327009858,subprocess wall time including PPM I/O; codec_* fields are resident timing
chat_preview,photo,kodak_01,768,512,512,341,CAPS,"q=50,tile=64,base=32",7967,0.3650568181818182,7.766291000002923,8.586791999995569,4.0355,4.823,24.186627237726945,0.7353294974442387,0.933145860445526,0.943159071531934,0.9608286853760667,subprocess wall time including PPM I/O; codec_* fields are resident timing
chat_preview,photo,kodak_01,768,512,512,341,CAPS,"q=50,tile=64,base=64",18129,0.8306909824046921,9.071207999994613,10.040207999999495,5.21417,5.45579,28.07202628617857,0.8832315951097347,0.9760206996971009,0.9817729356821491,0.9855354729825455,subprocess wall time including PPM I/O; codec_* fields are resident timing
chat_preview,photo,kodak_01,768,512,512,341,CAPS,"q=51,tile=64,base=32",8075,0.37000549853372433,8.110625000000482,8.357792000005304,3.90904,4.89058,24.25424112458252,0.7373893998088684,0.9342072513509031,0.9438990729751551,0.9614636512743785,subprocess wall time including PPM I/O; codec_* fields are resident timing
chat_preview,photo,kodak_01,768,512,512,341,CAPS,"q=51,tile=64,base=64",18262,0.8367851906158358,8.855083000000263,8.80483400000287,5.01646,5.30592,28.199437838148903,0.8848935093028678,0.9767284002876115,0.9822187427346668,0.9859494917062979,subprocess wall time including PPM I/O; codec_* fields are resident timing
chat_preview,photo,kodak_01,768,512,512,341,CAPS,"q=52,tile=64,base=32",8241,0.3776118035190616,8.003832999996519,8.8122499999983,4.04308,4.84421,24.291745469843455,0.740903762374626,0.9348963906825194,0.9447116377581501,0.9617726016709199,subprocess wall time including PPM I/O; codec_* fields are resident timing
chat_preview,photo,kodak_01,768,512,512,341,CAPS,"q=52,tile=64,base=64",18654,0.8547470674486803,9.197332999995922,9.131458999995345,5.10754,5.28104,28.272931947830813,0.8875067922524574,0.9771354136219031,0.9826389754860417,0.986189202189784,subprocess wall time including PPM I/O; codec_* fields are resident timing
chat_preview,photo,kodak_01,768,512,512,341,CAPS,"q=53,tile=64,base=32",8421,0.38585960410557185,8.899540999998123,10.99691600000341,4.26037,5.32629,24.381826341873488,0.7458700161614654,0.9368822900466706,0.9462177483564875,0.9629379273101126,subprocess wall time including PPM I/O; codec_* fields are resident timing
chat_preview,photo,kodak_01,768,512,512,341,CAPS,"q=53,tile=64,base=64",18973,0.8693640029325513,9.574874999998428,10.155834000002528,5.35167,5.60762,28.36819656713587,0.8892171704154269,0.9779212305698852,0.983151142923228,0.9866521171291903,subprocess wall time including PPM I/O; codec_* fields are resident timing
chat_preview,photo,kodak_01,768,512,512,341,CAPS,"q=54,tile=64,base=32",8556,0.39204545454545453,8.404999999996221,10.145709000006775,4.40483,5.18483,24.423255507643194,0.7487752480651905,0.9377943837715274,0.9471710407568372,0.9633464392408144,subprocess wall time including PPM I/O; codec_* fields are resident timing
chat_preview,photo,kodak_01,768,512,512,341,CAPS,"q=54,tile=64,base=64",19252,0.8821480938416423,9.215999999995006,10.336542000004556,5.22842,5.64321,28.392141149765276,0.8903606866893129,0.9782392294628749,0.9835162608719383,0.9867059701648215,subprocess wall time including PPM I/O; codec_* fields are resident timing
chat_preview,photo,kodak_01,768,512,512,341,CAPS,"q=55,tile=64,base=32",8782,0.4024010263929619,8.841458000006241,9.645583999997598,4.28796,5.097,24.48116543041234,0.7536609664664918,0.9389480935176673,0.9482610749275765,0.9638908219928171,subprocess wall time including PPM I/O; codec_* fields are resident timing
chat_preview,photo,kodak_01,768,512,512,341,CAPS,"q=55,tile=64,base=64",19733,0.9041880498533724,9.6844580000095,10.093166000004317,5.41933,5.57546,28.470877861377758,0.8928356857121038,0.978659547447552,0.9839180124994971,0.9869809238255223,subprocess wall time including PPM I/O; codec_* fields are resident timing
chat_preview,photo,kodak_01,768,512,512,341,CAPS,"q=56,tile=64,base=32",8946,0.4099156891495601,9.763250000005996,10.833082999994303,5.40175,5.53375,24.581885324965814,0.7567313675133209,0.9406005010999318,0.9495921195052945,0.9647838274823959,subprocess wall time including PPM I/O; codec_* fields are resident timing
chat_preview,photo,kodak_01,768,512,512,341,CAPS,"q=56,tile=64,base=64",19983,0.9156433284457478,11.99120900000139,10.652333999999541,6.91229,5.79729,28.62095642037612,0.8947512330694948,0.9793528769364217,0.9844205644511623,0.9874650567730328,subprocess wall time including PPM I/O; codec_* fields are resident timing
chat_preview,photo,kodak_01,768,512,512,341,CAPS,"q=57,tile=64,base=32",9182,0.42072947214076245,8.880875000002675,9.932042000002639,4.31967,4.94467,24.661092912501754,0.7618183399813413,0.9420480788599911,0.9510188152580248,0.9654838957852505,subprocess wall time including PPM I/O; codec_* fields are resident timing
chat_preview,photo,kodak_01,768,512,512,341,CAPS,"q=57,tile=64,base=64",20420,0.9356671554252199,8.944333000002302,8.864333999994756,5.175,5.33392,28.686519738702142,0.8970847410609913,0.9796236880438253,0.9847443909251039,0.9876440718123822,subprocess wall time including PPM I/O; codec_* fields are resident timing
chat_preview,photo,kodak_01,768,512,512,341,CAPS,"q=58,tile=64,base=32",9268,0.4246700879765396,7.713834000000475,8.245166999998332,4.17996,4.78929,24.72526061140141,0.7641501913194783,0.9428947831057667,0.9517302293491178,0.9660587604153749,subprocess wall time including PPM I/O; codec_* fields are resident timing
chat_preview,photo,kodak_01,768,512,512,341,CAPS,"q=58,tile=64,base=64",20464,0.9376832844574781,9.369625000005044,9.770041999999535,5.28254,5.44817,28.768786292244293,0.8979387186014712,0.9797896425187971,0.9848548874311059,0.9878355420495722,subprocess wall time including PPM I/O; codec_* fields are resident timing
chat_preview,photo,kodak_01,768,512,512,341,CAPS,"q=59,tile=64,base=32",9607,0.44020344574780057,7.814999999993688,8.355042000005142,4.28475,4.83404,24.82375812204577,0.7697337473615115,0.9448990331982133,0.9533850239957711,0.9668095235485209,subprocess wall time including PPM I/O; codec_* fields are resident timing
chat_preview,photo,kodak_01,768,512,512,341,CAPS,"q=59,tile=64,base=64",21392,0.9802052785923754,11.772249999992823,11.423082999996836,6.08312,6.01696,28.96078808100419,0.9022255536522739,0.9809054712794287,0.985639479534371,0.9885197199194218,subprocess wall time including PPM I/O; codec_* fields are resident timing
chat_preview,photo,kodak_01,768,512,512,341,CAPS,"q=60,tile=64,base=32",9754,0.4469391495601173,8.354457999999454,8.941083999999933,4.29008,4.97504,24.90259973585001,0.7730868146066431,0.9460698948209867,0.9544330617749781,0.9674541308958166,subprocess wall time including PPM I/O; codec_* fields are resident timing
chat_preview,photo,kodak_01,768,512,512,341,CAPS,"q=60,tile=64,base=64",21570,0.9883614369501467,9.179249999988315,8.906582999998136,5.39962,5.5335,29.062785097686653,0.9035956298229255,0.981241163473249,0.98592445343151,0.9887483197422139,subprocess wall time including PPM I/O; codec_* fields are resident timing
chat_preview,photo,kodak_01,768,512,512,341,CAPS,"q=61,tile=64,base=32",10167,0.4658632697947214,8.594625000000633,9.330625000004034,4.48571,5.15512,25.026506840516596,0.7799058339483053,0.9480301879076597,0.9562105909305737,0.9684165288856846,subprocess wall time including PPM I/O; codec_* fields are resident timing
chat_preview,photo,kodak_01,768,512,512,341,CAPS,"q=61,tile=64,base=64",22160,1.0153958944281525,9.274290999996992,9.42804199999614,5.42192,5.59587,29.19953670548306,0.9066286818312556,0.981904611431752,0.9864696697377817,0.989146718617665,subprocess wall time including PPM I/O; codec_* fields are resident timing
chat_preview,photo,kodak_01,768,512,512,341,CAPS,"q=62,tile=64,base=32",10268,0.4704912023460411,9.86316699999179,10.454750000008062,5.06292,5.1955,25.083209598030976,0.7809473658340451,0.948731718329498,0.9567312705286106,0.9689213162376163,subprocess wall time including PPM I/O; codec_* fields are resident timing
chat_preview,photo,kodak_01,768,512,512,341,CAPS,"q=62,tile=64,base=64",22425,1.0275384897360704,9.575333000000796,9.683667000004448,5.50808,5.61517,29.28889420363612,0.9078739074514132,0.9822826181706512,0.9867927120215374,0.9894144950570781,subprocess wall time including PPM I/O; codec_* fields are resident timing
chat_preview,photo,kodak_01,768,512,512,341,CAPS,"q=63,tile=64,base=32",10659,0.4884072580645161,10.10429099999044,13.183499999996684,5.08483,6.03092,25.181170869695464,0.7875084437382069,0.9503462669039665,0.958312725041174,0.9698078194750052,subprocess wall time including PPM I/O; codec_* fields are resident timing
chat_preview,photo,kodak_01,768,512,512,341,CAPS,"q=63,tile=64,base=64",23000,1.0538856304985338,12.76204099998779,10.967082999997046,6.22275,6.13004,29.388203410609513,0.9102661455429693,0.9826770628636248,0.9871153527685361,0.9896801072575913,subprocess wall time including PPM I/O; codec_* fields are resident timing
chat_preview,photo,kodak_01,768,512,512,341,CAPS,"q=64,tile=64,base=32",10853,0.49729655425219943,8.702915999990068,9.674791999998433,4.60275,5.21329,25.282293232302905,0.7917252465114846,0.9518028793799912,0.9596723192899439,0.9706578228346171,subprocess wall time including PPM I/O; codec_* fields are resident timing
chat_preview,photo,kodak_01,768,512,512,341,CAPS,"q=64,tile=64,base=64",23385,1.0715267595307918,10.740208000001417,12.81975000000557,6.2995,6.83375,29.516377171143603,0.9125361671391184,0.9832315397952445,0.9876717301082573,0.9899793742839031,subprocess wall time including PPM I/O; codec_* fields are resident timing
chat_preview,photo,kodak_01,768,512,512,341,CAPS,"q=65,tile=64,base=32",11215,0.513883797653959,8.434249999993426,9.089416999998434,4.46496,5.194,25.393908870477148,0.7972033625037458,0.9534585387134916,0.9613398438539726,0.97151795226901,subprocess wall time including PPM I/O; codec_* fields are resident timing
chat_preview,photo,kodak_01,768,512,512,341,CAPS,"q=65,tile=64,base=64",24226,1.1100623167155426,9.733832999998526,9.561708000006774,5.73871,5.56246,29.628429504346872,0.9153685961600225,0.9839406710705143,0.9882124975845801,0.9903231960915629,subprocess wall time including PPM I/O; codec_* fields are resident timing
chat_preview,photo,kodak_01,768,512,512,341,CAPS,"q=66,tile=64,base=32",11458,0.5250183284457478,8.196374999997147,8.732374999993908,4.36612,5.12629,25.50089066957344,0.8010426996717143,0.9548846569341247,0.9626038803394835,0.9723987857880027,subprocess wall time including PPM I/O; codec_* fields are resident timing
chat_preview,photo,kodak_01,768,512,512,341,CAPS,"q=66,tile=64,base=64",24618,1.128024193548387,9.299499999997352,9.261999999992554,5.61937,5.63404,29.798007812098156,0.9175076759315991,0.9845590916412812,0.9886098064547739,0.9907038808161626,subprocess wall time including PPM I/O; codec_* fields are resident timing
chat_preview,photo,kodak_01,768,512,512,341,CAPS,"q=67,tile=64,base=32",11762,0.5389479472140762,8.297291000005202,8.869000000004235,4.5355,5.18112,25.59875324782881,0.806135762422786,0.9559379959668467,0.9634746825439395,0.9729902414663364,subprocess wall time including PPM I/O; codec_* fields are resident timing
chat_preview,photo,kodak_01,768,512,512,341,CAPS,"q=67,tile=64,base=64",25302,1.1593658357771262,9.348000000002799,9.269750000001409,5.74512,5.74962,29.911970666838116,0.919966568445388,0.9849796199616563,0.9889671794359186,0.9909409098484655,subprocess wall time including PPM I/O; codec_* fields are resident timing
chat_preview,photo,kodak_01,768,512,512,341,CAPS,"q=68,tile=64,base=32",11920,0.5461876832844574,10.662250000009976,8.728417000000377,4.55112,5.11025,25.716187368048825,0.8097232721952752,0.9569251205392311,0.9643397514208356,0.9738602656840439,subprocess wall time including PPM I/O; codec_* fields are resident timing
chat_preview,photo,kodak_01,768,512,512,341,CAPS,"q=68,tile=64,base=64",25459,1.1665597507331378,9.423583000000235,9.377541999995742,5.80396,5.74238,30.03362928655467,0.9212997799189567,0.985217758824128,0.9891458744113222,0.9911334132889701,subprocess wall time including PPM I/O; codec_* fields are resident timing
chat_preview,photo,kodak_01,768,512,512,341,CAPS,"q=69,tile=64,base=32",12468,0.5712976539589443,8.30979199999149,8.666249999990328,4.57562,5.07492,25.874849648985318,0.8186905234669353,0.9588541196363155,0.9665314917218498,0.9749585573968881,subprocess wall time including PPM I/O; codec_* fields are resident timing
chat_preview,photo,kodak_01,768,512,512,341,CAPS,"q=69,tile=64,base=64",26607,1.2191623900293256,9.792958999994994,9.601540999994995,5.87804,5.75717,30.185928306044843,0.9246840435583324,0.9857849917685965,0.9897997394361876,0.9913828378756325,subprocess wall time including PPM I/O; codec_* fields are resident timing
chat_preview,photo,kodak_01,768,512,512,341,CAPS,"q=70,tile=64,base=32",12632,0.5788123167155426,8.520916999998462,8.580249999994294,4.74458,5.15021,25.980278773473767,0.8220432966153179,0.959748944021034,0.9672938159873657,0.9752952236982962,subprocess wall time including PPM I/O; codec_* fields are resident timing
chat_preview,photo,kodak_01,768,512,512,341,CAPS,"q=70,tile=64,base=64",26759,1.2261271994134897,9.645249999991279,9.589458999997191,5.98013,5.79033,30.316586699672655,0.9259618792399458,0.9860157562903865,0.9900120420813678,0.9916073476384408,subprocess wall time including PPM I/O; codec_* fields are resident timing
chat_preview,photo,kodak_01,768,512,512,341,CAPS,"q=71,tile=64,base=32",13174,0.6036473607038123,8.4421659999947,8.768499999987966,4.68446,5.09687,26.139429360522403,0.8275434699395136,0.9618468153180677,0.9687204153728802,0.9766110039863029,subprocess wall time including PPM I/O; codec_* fields are resident timing
chat_preview,photo,kodak_01,768,512,512,341,CAPS,"q=71,tile=64,base=64",28186,1.2915139296187683,10.30208299999913,10.06341700001201,6.20942,5.90883,30.55823531615554,0.929620684408096,0.9872895093064059,0.9907152648466062,0.9922299669168169,subprocess wall time including PPM I/O; codec_* fields are resident timing
chat_preview,photo,kodak_01,768,512,512,341,CAPS,"q=72,tile=64,base=32",13372,0.6127199413489736,8.568209000003435,9.184167000000798,4.63837,5.19017,26.23229719203167,0.8309205538456367,0.9625028405101556,0.9693137244426595,0.9771118599283026,subprocess wall time including PPM I/O; codec_* fields are resident timing
chat_preview,photo,kodak_01,768,512,512,341,CAPS,"q=72,tile=64,base=64",28274,1.2955461876832846,9.638582999997425,9.27258299999778,6.01321,5.71292,30.581126956099514,0.9299526665368552,0.9873304327217444,0.9907516901770579,0.9922605594029588,subprocess wall time including PPM I/O; codec_* fields are resident timing
chat_preview,photo,kodak_01,768,512,512,341,CAPS,"q=73,tile=64,base=32",13630,0.624541788856305,8.650666999997725,8.549915999992663,4.71633,5.24342,26.406055215568735,0.835082793886484,0.9636580897443815,0.9701962967664676,0.9779798923722983,subprocess wall time including PPM I/O; codec_* fields are resident timing
chat_preview,photo,kodak_01,768,512,512,341,CAPS,"q=73,tile=64,base=64",28539,1.3076887829912023,9.860125000002995,9.225874999998496,6.03646,5.81133,30.7574155534969,0.9318820124367203,0.9877878350245055,0.9910449285655429,0.99255665313864,subprocess wall time including PPM I/O; codec_* fields are resident timing
chat_preview,photo,kodak_01,768,512,512,341,CAPS,"q=74,tile=64,base=32",14158,0.6487353372434017,8.266792000000578,8.685707999987358,4.65904,5.15358,26.555075961210484,0.8411058055306749,0.9654833884051083,0.9720559873859235,0.9789907430339666,subprocess wall time including PPM I/O; codec_* fields are resident timing
chat_preview,photo,kodak_01,768,512,512,341,CAPS,"q=74,tile=64,base=64",29833,1.3669813049853372,10.00770800000339,9.46133299999019,6.04838,5.82088,30.927208415659805,0.9350823331374293,0.988217553652027,0.9915991917705961,0.992848611444068,subprocess wall time including PPM I/O; codec_* fields are resident timing
chat_preview,photo,kodak_01,768,512,512,341,CAPS,"q=75,tile=64,base=32",14489,0.6639021260997068,8.293792000003464,8.699457999995275,4.66229,5.1305,26.692388039041347,0.845109968195592,0.9665052771980518,0.9729463096003844,0.979707302879383,subprocess wall time including PPM I/O; codec_* fields are resident timing
chat_preview,photo,kodak_01,768,512,512,341,CAPS,"q=75,tile=64,base=64",30249,1.3860428885630498,12.742665999994074,13.527417000005926,8.03558,8.33237,31.075715339581397,0.9366590650287812,0.9885478647308704,0.9917752150402329,0.9930771143866565,subprocess wall time including PPM I/O; codec_* fields are resident timing
chat_preview,photo,kodak_01,768,512,512,341,CAPS,"q=76,tile=64,base=32",14993,0.6869959677419355,8.993332999992276,9.800624999996899,5.03608,5.36221,26.847640741406625,0.8501649026769801,0.9678796558651342,0.9742240425497464,0.9805686077459542,subprocess wall time including PPM I/O; codec_* fields are resident timing
chat_preview,photo,kodak_01,768,512,512,341,CAPS,"q=76,tile=64,base=64",31369,1.4373625366568914,11.266790999997056,10.165833000002067,6.39033,5.98971,31.311903581957097,0.9398395482896554,0.9892116874222707,0.9923287348651711,0.9934702426699714,subprocess wall time including PPM I/O; codec_* fields are resident timing
chat_preview,photo,kodak_01,768,512,512,341,CAPS,"q=77,tile=64,base=32",15530,0.7116019061583577,8.775083000003292,8.97091699999919,4.859,5.24108,27.015802036712245,0.8544242599912472,0.9694120634385307,0.9755910114606232,0.9814224016371209,subprocess wall time including PPM I/O; codec_* fields are resident timing
chat_preview,photo,kodak_01,768,512,512,341,CAPS,"q=77,tile=64,base=64",32585,1.4930810117302054,10.47554100000525,9.655875000007086,6.448,5.87646,31.521000429964715,0.9420202232363933,0.9898276159392481,0.9927936100976011,0.9938327734729829,subprocess wall time including PPM I/O; codec_* fields are resident timing
chat_preview,photo,kodak_01,768,512,512,341,CAPS,"q=78,tile=64,base=32",16198,0.7422104105571847,8.90708400000051,8.728375000004007,4.93829,5.14829,27.228947870761626,0.8614733197469401,0.9708986352212802,0.9771357255295406,0.9824149978547386,subprocess wall time including PPM I/O; codec_* fields are resident timing
chat_preview,photo,kodak_01,768,512,512,341,CAPS,"q=78,tile=64,base=64",33575,1.5384439149560116,10.365290999999388,9.462167000009458,6.51333,5.99242,31.694484530555982,0.9446607382665855,0.9901710014495638,0.9931163748313105,0.9940133051042733,subprocess wall time including PPM I/O; codec_* fields are resident timing
chat_preview,photo,kodak_01,768,512,512,341,CAPS,"q=79,tile=64,base=32",16688,0.7646627565982405,9.076875000005202,9.19458299999576,4.9645,5.33371,27.417951829879033,0.8660639921197005,0.9722227626743849,0.9782340114139298,0.9832081442738021,subprocess wall time including PPM I/O; codec_* fields are resident timing
chat_preview,photo,kodak_01,768,512,512,341,CAPS,"q=79,tile=64,base=64",34444,1.5782624633431086,10.455750000005537,9.90883299999723,6.60875,6.09496,31.949104845155055,0.9471079542669057,0.9906612280828554,0.9935706468205439,0.9943682983464188,subprocess wall time including PPM I/O; codec_* fields are resident timing
chat_preview,photo,kodak_01,768,512,512,341,CAPS,"q=80,tile=64,base=32",17378,0.7962793255131965,8.920166999999424,8.90341699999908,4.958,5.27408,27.57047811065116,0.8710620518169788,0.9732809328586769,0.9792387976508671,0.983800547859266,subprocess wall time including PPM I/O; codec_* fields are resident timing
chat_preview,photo,kodak_01,768,512,512,341,CAPS,"q=80,tile=64,base=64",35896,1.6447947214076246,10.428375000003598,9.592374999996878,6.7735,6.0355,32.162448263022554,0.9496732680619527,0.9910750926250231,0.9939131988560624,0.994644611892206,subprocess wall time including PPM I/O; codec_* fields are resident timing
chat_preview,photo,kodak_01,768,512,512,341,CAPS,"q=81,tile=64,base=32",17896,0.8200146627565983,8.810125000010771,8.899458999991339,5.13558,5.25283,27.775908890099437,0.8753799011755486,0.9746679677344678,0.9802326582893086,0.9846992534600838,subprocess wall time including PPM I/O; codec_* fields are resident timing
chat_preview,photo,kodak_01,768,512,512,341,CAPS,"q=81,tile=64,base=64",36657,1.6796645894428153,10.395750000000703,9.711750000008124,6.77333,6.13338,32.4741711022357,0.952200182711465,0.9916001527189554,0.9942621103124244,0.9949990454730311,subprocess wall time including PPM I/O; codec_* fields are resident timing
chat_preview,photo,kodak_01,768,512,512,341,CAPS,"q=82,tile=64,base=32",18534,0.8492485337243402,9.433916000006093,9.63849999999411,5.66763,5.35817,27.991699514448023,0.8807606137562968,0.9756016910337126,0.9811731525467623,0.9853180361436714,subprocess wall time including PPM I/O; codec_* fields are resident timing
chat_preview,photo,kodak_01,768,512,512,341,CAPS,"q=82,tile=64,base=64",37831,1.73345857771261,10.713667000004534,9.863666000001103,6.84208,6.04204,32.67190827253698,0.9544890943672479,0.9918571738512112,0.9945266438174136,0.9951753608896508,subprocess wall time including PPM I/O; codec_* fields are resident timing
chat_preview,photo,kodak_01,768,512,512,341,CAPS,"q=83,tile=64,base=32",19226,0.8809567448680352,8.881374999987202,9.062917000008497,5.19646,5.43308,28.222590957483536,0.885232832296276,0.9770168146675089,0.9820410329494575,0.9861759811475984,subprocess wall time including PPM I/O; codec_* fields are resident timing
chat_preview,photo,kodak_01,768,512,512,341,CAPS,"q=83,tile=64,base=64",38878,1.781433284457478,12.910542000000191,13.124082999993902,8.49829,8.22817,33.01904428877468,0.956801172338491,0.9925242363345284,0.9949125250893162,0.9955778733863472,subprocess wall time including PPM I/O; codec_* fields are resident timing
chat_preview,photo,kodak_01,768,512,512,341,CAPS,"q=84,tile=64,base=32",20127,0.922241568914956,10.575708999994049,10.151542000002678,5.92263,5.66542,28.414170311439126,0.8903862938813383,0.9782560910397975,0.9833136771135826,0.9868170513120784,subprocess wall time including PPM I/O; codec_* fields are resident timing
chat_preview,photo,kodak_01,768,512,512,341,CAPS,"q=84,tile=64,base=64",40855,1.8720216275659824,11.264292000007003,10.46679099999892,7.17446,6.29571,33.28598090114732,0.9596549202355457,0.9929789901177147,0.9954224753884534,0.9958284901180284,subprocess wall time including PPM I/O; codec_* fields are resident timing
chat_preview,photo,kodak_01,768,512,512,341,CAPS,"q=85,tile=64,base=32",20979,0.9612811583577713,9.113791000004312,9.242125000000101,5.25892,5.52829,28.645831780811907,0.8947451378322899,0.979430985807627,0.9842341542416932,0.9876085770425781,subprocess wall time including PPM I/O; codec_* fields are resident timing
chat_preview,photo,kodak_01,768,512,512,341,CAPS,"q=85,tile=64,base=64",41983,1.9237078445747802,12.023041999995598,9.876000000005547,7.19833,6.26067,33.61659988491932,0.9618660949526837,0.993428986317198,0.9956644630062015,0.9961250165122632,subprocess wall time including PPM I/O; codec_* fields are resident timing
chat_preview,photo,kodak_01,768,512,512,341,CAPS,"q=86,tile=64,base=32",22287,1.0212151759530792,9.374332999996682,10.214333999996938,5.60029,5.92558,28.945983144143142,0.901917683473159,0.9807109350776848,0.9854779560814062,0.9884763318879382,subprocess wall time including PPM I/O; codec_* fields are resident timing
chat_preview,photo,kodak_01,768,512,512,341,CAPS,"q=86,tile=64,base=64",43793,2.006644061583578,11.326957999997944,10.540874999989569,7.42962,6.34992,33.91386567300453,0.9644417422176232,0.9938377040244367,0.995972595102616,0.9963488059238238,subprocess wall time including PPM I/O; codec_* fields are resident timing
chat_preview,photo,kodak_01,768,512,512,341,CAPS,"q=87,tile=64,base=32",23136,1.0601173020527859,9.857416000002672,10.37995899999089,5.64033,5.68012,29.20289905985701,0.906655083604487,0.981948102907268,0.9863877520188565,0.9891938193469197,subprocess wall time including PPM I/O; codec_* fields are resident timing
chat_preview,photo,kodak_01,768,512,512,341,CAPS,"q=87,tile=64,base=64",44743,2.050174120234604,11.79808300000218,10.215750000000412,7.73117,6.45392,34.24431608513286,0.9665051443222897,0.9941974712438769,0.9962183031702361,0.9965866183496712,subprocess wall time including PPM I/O; codec_* fields are resident timing
chat_preview,photo,kodak_01,768,512,512,341,CAPS,"q=88,tile=64,base=32",24117,1.1050678152492668,9.176249999995889,9.342750000001843,5.63721,5.64787,29.429469691342128,0.9112474261735707,0.9828429905611086,0.9871992640497436,0.9897621046377874,subprocess wall time including PPM I/O; codec_* fields are resident timing
chat_preview,photo,kodak_01,768,512,512,341,CAPS,"q=88,tile=64,base=64",46580,2.1343475073313782,11.567124999999123,10.042874999996343,7.55771,6.37333,34.54622940734998,0.9687366421981318,0.9944975657111303,0.9964899018946728,0.9968010115981273,subprocess wall time including PPM I/O; codec_* fields are resident timing
chat_preview,photo,kodak_01,768,512,512,341,CAPS,"q=89,tile=64,base=32",25392,1.1634897360703813,10.036499999998227,10.135334000011653,6.28825,5.73354,29.63757011330904,0.9156997473133351,0.983830358917685,0.988103915945766,0.9902953904511269,subprocess wall time including PPM I/O; codec_* fields are resident timing
chat_preview,photo,kodak_01,768,512,512,341,CAPS,"q=89,tile=64,base=64",48810,2.2365285923753664,11.809041999995884,10.978041000001326,7.98121,6.65579,34.65633198148411,0.9700600609100648,0.9948075023371302,0.9967864299744541,0.9969235613408824,subprocess wall time including PPM I/O; codec_* fields are resident timing
chat_preview,photo,kodak_01,768,512,512,341,CAPS,"q=90,tile=64,base=32",26575,1.2176961143695015,9.592459000003828,9.068040999991922,5.89258,5.63338,30.042828827941108,0.9211142219614771,0.9850375617664997,0.9889503647786742,0.9910924470857672,subprocess wall time including PPM I/O; codec_* fields are resident timing
chat_preview,photo,kodak_01,768,512,512,341,CAPS,"q=90,tile=64,base=64",49978,2.2900476539589443,12.81195900000398,11.428542000004427,8.5145,6.65237,35.069378311733566,0.9719022387255117,0.9951278968709923,0.9969726031180446,0.9971732871579116,subprocess wall time including PPM I/O; codec_* fields are resident timing
chat_preview,photo,kodak_01,768,512,512,341,CAPS,"q=91,tile=64,base=32",28260,1.2949046920821115,10.0391249999916,10.021374999993782,6.00096,5.81879,30.382911673762262,0.9265691930438996,0.9863215029486474,0.9900566925714583,0.9917736865806859,subprocess wall time including PPM I/O; codec_* fields are resident timing
chat_preview,photo,kodak_01,768,512,512,341,CAPS,"q=91,tile=64,base=64",52813,2.419950513196481,16.042417000008413,15.634792000000175,11.3358,9.30329,35.50991842699829,0.9745474919012024,0.9955443204141935,0.9973111112076616,0.9974155345851115,subprocess wall time including PPM I/O; codec_* fields are resident timing
chat_preview,photo,kodak_01,768,512,512,341,CAPS,"q=92,tile=64,base=32",29615,1.3569923020527859,10.338040999997133,10.32666599999743,6.26542,6.07446,30.73891040035842,0.9316634225545429,0.9875208656949025,0.9908764993618779,0.9924585141195287,subprocess wall time including PPM I/O; codec_* fields are resident timing
chat_preview,photo,kodak_01,768,512,512,341,CAPS,"q=92,tile=64,base=64",54069,2.477501832844575,11.714166999993836,10.670791999999096,8.28267,6.83792,35.96094852275781,0.9767457995108706,0.9958735424837571,0.9975508302656635,0.9976370264743979,subprocess wall time including PPM I/O; codec_* fields are resident timing
chat_preview,photo,kodak_01,768,512,512,341,CAPS,"q=93,tile=64,base=32",31367,1.4372708944281525,15.553666000002409,14.40141700000197,9.59887,7.69246,31.07305805569309,0.9364827895065014,0.9883421928372335,0.9916394157092142,0.9930004900126995,subprocess wall time including PPM I/O; codec_* fields are resident timing
chat_preview,photo,kodak_01,768,512,512,341,CAPS,"q=93,tile=64,base=64",56630,2.594849706744868,13.990500000005568,12.730875000002584,9.7345,7.46008,36.258126831312076,0.9783581561687709,0.9960982681650351,0.9977400268939518,0.997768732978662,subprocess wall time including PPM I/O; codec_* fields are resident timing
chat_preview,photo,kodak_01,768,512,512,341,CAPS,"q=94,tile=64,base=32",34093,1.5621792521994136,10.406958999993776,10.182499999999095,6.73683,6.10529,31.618760299719856,0.943925153894552,0.9896670274102511,0.992821857931797,0.9938024552225633,subprocess wall time including PPM I/O; codec_* fields are resident timing
chat_preview,photo,kodak_01,768,512,512,341,CAPS,"q=94,tile=64,base=64",59271,2.7158632697947214,12.912583000002087,11.194208000006256,8.98675,7.14604,36.77185211223718,0.9804499557978245,0.9963455881776602,0.9980047943915846,0.9979558217740627,subprocess wall time including PPM I/O; codec_* fields are resident timing
chat_preview,photo,kodak_01,768,512,512,341,CAPS,"q=95,tile=64,base=32",68365,3.1325604838709675,16.057166999999595,11.442333999994503,12.168,7.57042,38.651941455538655,0.9857118447674877,0.9969850538770441,0.9981972552089423,0.9985536624645608,subprocess wall time including PPM I/O; codec_* fields are resident timing
chat_preview,photo,kodak_01,768,512,512,341,CAPS,"q=95,tile=64,base=64",96247,4.410144794721408,18.648249999998256,12.462000000013518,14.8683,8.4235,42.1620987521394,0.9928967866157121,0.9986351666991299,0.999218721800169,0.9993754218089316,subprocess wall time including PPM I/O; codec_* fields are resident timing
chat_preview,photo,kodak_01,768,512,512,341,CAPS,"q=96,tile=64,base=32",74013,3.3913581378299122,16.579665999998383,11.221957999993037,12.7648,7.48637,39.19819993471853,0.9873060454705124,0.9973775510428133,0.9984705999793331,0.9987507916355283,subprocess wall time including PPM I/O; codec_* fields are resident timing
chat_preview,photo,kodak_01,768,512,512,341,CAPS,"q=96,tile=64,base=64",101263,4.639983504398827,19.1949999999963,13.105791999990402,15.283,8.65183,42.45211593993534,0.9933470428091553,0.9988022963387557,0.999336117950837,0.9994397157180289,subprocess wall time including PPM I/O; codec_* fields are resident timing
chat_preview,photo,kodak_01,768,512,512,341,CAPS,"q=97,tile=64,base=32",77977,3.5729930351906156,16.73020799999847,11.616208999996047,12.9843,7.83587,39.92125578328308,0.9890099783648806,0.9976459224442878,0.9986820373056768,0.998905483681591,subprocess wall time including PPM I/O; codec_* fields are resident timing
chat_preview,photo,kodak_01,768,512,512,341,CAPS,"q=97,tile=64,base=64",106922,4.899285190615836,19.34983300000681,12.594249999992257,15.6977,8.79233,42.94592502646531,0.9939212812770385,0.998865160919245,0.9994046219236006,0.9994843077386837,subprocess wall time including PPM I/O; codec_* fields are resident timing
chat_preview,photo,kodak_01,768,512,512,341,CAPS,"q=98,tile=64,base=32",82991,3.802740102639296,17.175374999993664,11.640625000012506,13.583,7.92979,40.18023916680086,0.9895081697652266,0.9977932433104232,0.9987100915385,0.9989849079869417,subprocess wall time including PPM I/O; codec_* fields are resident timing
chat_preview,photo,kodak_01,768,512,512,341,CAPS,"q=98,tile=64,base=64",116682,5.34649926686217,20.602792000005365,13.078583999998727,16.6896,9.10979,43.256434605164465,0.9941747823404857,0.9989448394758395,0.999404587061961,0.9995229106553504,subprocess wall time including PPM I/O; codec_* fields are resident timing
chat_preview,photo,kodak_01,768,512,512,341,CAPS,"q=99,tile=64,base=32",89862,4.11757697947214,18.112874999999917,11.928499999996234,14.2787,8.21483,40.83797765892031,0.9909351890772596,0.9980787783799291,0.9988957853638923,0.9991182597086651,subprocess wall time including PPM I/O; codec_* fields are resident timing
chat_preview,photo,kodak_01,768,512,512,341,CAPS,"q=99,tile=64,base=64",122665,5.620646994134898,21.660917000005497,14.529125000009913,17.4759,9.78217,44.08673852478902,0.995120885306901,0.9990474099122945,0.9994770654871735,0.9995870666004552,subprocess wall time including PPM I/O; codec_* fields are resident timing
chat_preview,photo,kodak_01,768,512,512,341,CAPS,"q=100,tile=64,base=32",248900,11.404875366568914,31.701083000001518,18.445041000006768,27.0355,13.2442,99.0,1.0,1.0,1.0,1.0,subprocess wall time including PPM I/O; codec_* fields are resident timing
chat_preview,photo,kodak_01,768,512,512,341,CAPS,"q=100,tile=64,base=64",247475,11.339580278592376,30.868458000000487,18.498457999996276,26.721,13.4611,99.0,1.0,1.0,1.0,1.0,subprocess wall time including PPM I/O; codec_* fields are resident timing
chat_preview,photo,kodak_01,768,512,512,341,JPEG,"seq420,q=1",2524,0.1156524926686217,0.8104579999894668,0.455708999993476,nan,nan,19.812665628168318,0.43345379531368183,0.7416871575701404,0.7947173235420376,0.8558108864609066,Pillow wall time including file I/O
chat_preview,photo,kodak_01,768,512,512,341,JPEG,"prog420,q=1",2916,0.13361436950146627,0.9616669999985561,0.6641659999928606,nan,nan,19.812665628168318,0.43345379531368183,0.7416871575701404,0.7947173235420376,0.8558108864609066,Pillow wall time including file I/O
chat_preview,photo,kodak_01,768,512,512,341,JPEG,"seq444,q=1",3532,0.16184017595307917,0.9389169999991509,0.3948749999977963,nan,nan,19.987800187115642,0.44006726873041285,0.7525357477642057,0.7955888270470506,0.8645967240277361,Pillow wall time including file I/O
chat_preview,photo,kodak_01,768,512,512,341,JPEG,"prog444,q=1",3931,0.18012280058651026,1.2722499999995307,0.8003330000008191,nan,nan,19.987800187115642,0.44006726873041285,0.7525357477642057,0.7955888270470506,0.8645967240277361,Pillow wall time including file I/O
chat_preview,photo,kodak_01,768,512,512,341,JPEG,"seq420,q=2",2524,0.1156524926686217,0.6139580000024125,0.3492090000065673,nan,nan,19.81557613557988,0.4337601905627415,0.7417740683608756,0.7948573776359941,0.8558488435095153,Pillow wall time including file I/O
chat_preview,photo,kodak_01,768,512,512,341,JPEG,"prog420,q=2",2917,0.13366019061583578,0.9307499999948732,0.6701669999955584,nan,nan,19.81557613557988,0.4337601905627415,0.7417740683608756,0.7948573776359941,0.8558488435095153,Pillow wall time including file I/O
chat_preview,photo,kodak_01,768,512,512,341,JPEG,"seq444,q=2",3535,0.1619776392961877,0.8872920000015938,0.5022499999967067,nan,nan,19.990656500440792,0.44035693357411815,0.7526341334071279,0.7957227844645485,0.8646376603555891,Pillow wall time including file I/O
chat_preview,photo,kodak_01,768,512,512,341,JPEG,"prog444,q=2",3932,0.18016862170087977,1.3037909999980002,0.9457080000032647,nan,nan,19.990656500440792,0.44035693357411815,0.7526341334071279,0.7957227844645485,0.8646376603555891,Pillow wall time including file I/O
chat_preview,photo,kodak_01,768,512,512,341,JPEG,"seq420,q=3",2819,0.12916972140762464,0.6236250000029031,0.3677500000094369,nan,nan,20.032668031402068,0.47457661012522173,0.7667056213341058,0.8209609240565884,0.8635106850528134,Pillow wall time including file I/O
chat_preview,photo,kodak_01,768,512,512,341,JPEG,"prog420,q=3",3290,0.15075146627565983,0.8960830000006581,0.7520829999947409,nan,nan,20.032668031402068,0.47457661012522173,0.7667056213341058,0.8209609240565884,0.8635106850528134,Pillow wall time including file I/O
chat_preview,photo,kodak_01,768,512,512,341,JPEG,"seq444,q=3",3832,0.17558651026392963,0.890167000008546,0.5081250000102955,nan,nan,20.213851360835335,0.47995424465714737,0.7772276716026433,0.8217579492880539,0.8721365877749857,Pillow wall time including file I/O
chat_preview,photo,kodak_01,768,512,512,341,JPEG,"prog444,q=3",4305,0.19725989736070382,1.320957999993766,0.944083999996792,nan,nan,20.213851360835335,0.47995424465714737,0.7772276716026433,0.8217579492880539,0.8721365877749857,Pillow wall time including file I/O
chat_preview,photo,kodak_01,768,512,512,341,JPEG,"seq420,q=4",3634,0.16651392961876832,0.6064589999965619,0.352957999993464,nan,nan,20.66539526843268,0.5423042842687262,0.8037653085654607,0.8710051306536643,0.8772007364834914,Pillow wall time including file I/O
chat_preview,photo,kodak_01,768,512,512,341,JPEG,"prog420,q=4",4185,0.19176136363636365,0.9333750000024565,0.6151249999959418,nan,nan,20.66539526843268,0.5423042842687262,0.8037653085654607,0.8710051306536643,0.8772007364834914,Pillow wall time including file I/O
chat_preview,photo,kodak_01,768,512,512,341,JPEG,"seq444,q=4",4660,0.21352639296187684,0.8984159999982921,0.38316699999541015,nan,nan,20.85068513613736,0.5419352669236202,0.8106312179837242,0.8722389314835581,0.8859204608461277,Pillow wall time including file I/O
chat_preview,photo,kodak_01,768,512,512,341,JPEG,"prog444,q=4",5242,0.2401942815249267,1.4700419999940095,1.0192090000060716,nan,nan,20.85068513613736,0.5419352669236202,0.8106312179837242,0.8722389314835581,0.8859204608461277,Pillow wall time including file I/O
chat_preview,photo,kodak_01,768,512,512,341,JPEG,"seq420,q=5",4460,0.20436217008797655,0.7101249999976744,0.38666700000078436,nan,nan,21.70304291852893,0.6051373551470368,0.8522791809100029,0.899922086286904,0.9030029683518238,Pillow wall time including file I/O
chat_preview,photo,kodak_01,768,512,512,341,JPEG,"prog420,q=5",4976,0.2280058651026393,1.0195830000014894,0.7813339999955815,nan,nan,21.70304291852893,0.6051373551470368,0.8522791809100029,0.899922086286904,0.9030029683518238,Pillow wall time including file I/O
chat_preview,photo,kodak_01,768,512,512,341,JPEG,"seq444,q=5",5488,0.25146627565982405,0.9120419999959495,0.5250420000066924,nan,nan,21.83549306705337,0.6068177406307346,0.8581533508971008,0.9012675665942067,0.9077140216047559,Pillow wall time including file I/O
chat_preview,photo,kodak_01,768,512,512,341,JPEG,"prog444,q=5",6045,0.27698863636363635,1.3812079999979687,0.990999999999076,nan,nan,21.83549306705337,0.6068177406307346,0.8581533508971008,0.9012675665942067,0.9077140216047559,Pillow wall time including file I/O
chat_preview,photo,kodak_01,768,512,512,341,JPEG,"seq420,q=6",5286,0.24221041055718476,0.6631250000026512,0.5073749999979782,nan,nan,22.5430708626186,0.6567835815540869,0.8849111986503663,0.921603986751572,0.9256645994663905,Pillow wall time including file I/O
chat_preview,photo,kodak_01,768,512,512,341,JPEG,"prog420,q=6",5743,0.2631506598240469,1.008292000008737,0.8074590000006765,nan,nan,22.5430708626186,0.6567835815540869,0.8849111986503663,0.921603986751572,0.9256645994663905,Pillow wall time including file I/O
chat_preview,photo,kodak_01,768,512,512,341,JPEG,"seq444,q=6",6303,0.28881048387096775,0.9727919999988899,0.5902079999913212,nan,nan,22.66527448424734,0.6594632333105881,0.8890480232435158,0.9225051582343334,0.929380455777651,Pillow wall time including file I/O
chat_preview,photo,kodak_01,768,512,512,341,JPEG,"prog444,q=6",6836,0.313233137829912,1.396416000005729,0.9998339999981454,nan,nan,22.66527448424734,0.6594632333105881,0.8890480232435158,0.9225051582343334,0.929380455777651,Pillow wall time including file I/O
chat_preview,photo,kodak_01,768,512,512,341,JPEG,"seq420,q=7",6014,0.2755681818181818,0.6719579999980851,0.4999579999918069,nan,nan,23.226651307232572,0.6894912663234584,0.9090023136662907,0.9342999060241376,0.9415413701504983,Pillow wall time including file I/O
chat_preview,photo,kodak_01,768,512,512,341,JPEG,"prog420,q=7",6511,0.29834127565982405,1.025708000000236,0.6890410000011116,nan,nan,23.226651307232572,0.6894912663234584,0.9090023136662907,0.9342999060241376,0.9415413701504983,Pillow wall time including file I/O
chat_preview,photo,kodak_01,768,512,512,341,JPEG,"seq444,q=7",7041,0.32262646627565983,0.9655000000066138,0.5147920000041495,nan,nan,23.339703889832492,0.6912049327902346,0.9130965713592376,0.9345617757895045,0.9448490432577529,Pillow wall time including file I/O
chat_preview,photo,kodak_01,768,512,512,341,JPEG,"prog444,q=7",7607,0.34856121700879766,1.4286669999989954,1.0767920000063214,nan,nan,23.339703889832492,0.6912049327902346,0.9130965713592376,0.9345617757895045,0.9448490432577529,Pillow wall time including file I/O
chat_preview,photo,kodak_01,768,512,512,341,JPEG,"seq420,q=8",6745,0.3090634164222874,0.6917079999908538,0.663709000008339,nan,nan,23.676442809203017,0.7114708838202836,0.9222413121094379,0.9425101733969202,0.9509041638578741,Pillow wall time including file I/O
chat_preview,photo,kodak_01,768,512,512,341,JPEG,"prog420,q=8",7227,0.3311491935483871,1.0652920000069344,0.8315000000038708,nan,nan,23.676442809203017,0.7114708838202836,0.9222413121094379,0.9425101733969202,0.9509041638578741,Pillow wall time including file I/O
chat_preview,photo,kodak_01,768,512,512,341,JPEG,"seq444,q=8",7792,0.35703812316715544,0.9676250000012487,0.5577080000023216,nan,nan,23.783458026104856,0.7116795344739585,0.9248547516830569,0.9428280534092316,0.9534431697906499,Pillow wall time including file I/O
chat_preview,photo,kodak_01,768,512,512,341,JPEG,"prog444,q=8",8353,0.38274376832844575,1.422083000008456,1.0205419999920196,nan,nan,23.783458026104856,0.7116795344739585,0.9248547516830569,0.9428280534092316,0.9534431697906499,Pillow wall time including file I/O
chat_preview,photo,kodak_01,768,512,512,341,JPEG,"seq420,q=9",7557,0.34627016129032256,0.7291250000065475,0.521915999996736,nan,nan,24.002277765698867,0.72695452473962,0.9280889093884023,0.9493527231605453,0.9549617324838814,Pillow wall time including file I/O
chat_preview,photo,kodak_01,768,512,512,341,JPEG,"prog420,q=9",8010,0.3670271260997067,1.0924169999952937,0.6760830000018814,nan,nan,24.002277765698867,0.72695452473962,0.9280889093884023,0.9493527231605453,0.9549617324838814,Pillow wall time including file I/O
chat_preview,photo,kodak_01,768,512,512,341,JPEG,"seq444,q=9",8622,0.39506964809384165,1.0056670000011536,0.5457079999899861,nan,nan,24.13770853079979,0.730255714185508,0.9329657862085362,0.9497117103124938,0.9582564829553964,Pillow wall time including file I/O
chat_preview,photo,kodak_01,768,512,512,341,JPEG,"prog444,q=9",9139,0.4187591642228739,1.454500000008352,1.0247499999991305,nan,nan,24.13770853079979,0.730255714185508,0.9329657862085362,0.9497117103124938,0.9582564829553964,Pillow wall time including file I/O
chat_preview,photo,kodak_01,768,512,512,341,JPEG,"seq420,q=10",8410,0.38535557184750735,0.6976250000008122,0.5170830000054139,nan,nan,24.33984506931963,0.7468182925965063,0.9369977724280029,0.9560670755278735,0.9606800568732506,Pillow wall time including file I/O
chat_preview,photo,kodak_01,768,512,512,341,JPEG,"prog420,q=10",8842,0.40515029325513197,1.1297909999967715,0.7288750000071786,nan,nan,24.33984506931963,0.7468182925965063,0.9369977724280029,0.9560670755278735,0.9606800568732506,Pillow wall time including file I/O
chat_preview,photo,kodak_01,768,512,512,341,JPEG,"seq444,q=10",9495,0.4350714809384164,1.0090000000104737,0.4642499999931715,nan,nan,24.49743835815515,0.7525753812734873,0.9425716572057458,0.9565032797110672,0.9642283840999712,Pillow wall time including file I/O
chat_preview,photo,kodak_01,768,512,512,341,JPEG,"prog444,q=10",9986,0.45756964809384165,1.4992079999984753,1.0389170000024706,nan,nan,24.49743835815515,0.7525753812734873,0.9425716572057458,0.9565032797110672,0.9642283840999712,Pillow wall time including file I/O
chat_preview,photo,kodak_01,768,512,512,341,JPEG,"seq420,q=11",9140,0.4188049853372434,0.7029169999981377,0.5489579999959915,nan,nan,24.631010552105536,0.7616807459261526,0.942603261539359,0.960067905614973,0.9640612371621758,Pillow wall time including file I/O
chat_preview,photo,kodak_01,768,512,512,341,JPEG,"prog420,q=11",9575,0.4387371700879765,1.143041000005951,0.8765830000072583,nan,nan,24.631010552105536,0.7616807459261526,0.942603261539359,0.960067905614973,0.9640612371621758,Pillow wall time including file I/O
chat_preview,photo,kodak_01,768,512,512,341,JPEG,"seq444,q=11",10262,0.47021627565982405,0.9852080000030128,0.4353749999950196,nan,nan,24.782709955015683,0.764972501000722,0.9467948490253577,0.9603533050916379,0.9670748698405968,Pillow wall time including file I/O
chat_preview,photo,kodak_01,768,512,512,341,JPEG,"prog444,q=11",10761,0.4930810117302053,1.5624580000093147,0.999415999999087,nan,nan,24.782709955015683,0.764972501000722,0.9467948490253577,0.9603533050916379,0.9670748698405968,Pillow wall time including file I/O
chat_preview,photo,kodak_01,768,512,512,341,JPEG,"seq420,q=12",9844,0.4510630498533724,0.7672920000061367,0.42879199999390494,nan,nan,24.837187136519145,0.7720201888530883,0.9445001726197176,0.9636066652990276,0.9655689717704604,Pillow wall time including file I/O
chat_preview,photo,kodak_01,768,512,512,341,JPEG,"prog420,q=12",10318,0.4727822580645161,1.2210000000010268,0.762833999999657,nan,nan,24.837187136519145,0.7720201888530883,0.9445001726197176,0.9636066652990276,0.9655689717704604,Pillow wall time including file I/O
chat_preview,photo,kodak_01,768,512,512,341,JPEG,"seq444,q=12",11030,0.5054068914956011,1.0457919999993237,0.5827499999924157,nan,nan,25.011899039229387,0.7752697740599741,0.9482528528177081,0.9640234101129176,0.968565208031756,Pillow wall time including file I/O
chat_preview,photo,kodak_01,768,512,512,341,JPEG,"prog444,q=12",11573,0.5302877565982405,1.589292000005571,1.0602500000089776,nan,nan,25.011899039229387,0.7752697740599741,0.9482528528177081,0.9640234101129176,0.968565208031756,Pillow wall time including file I/O
chat_preview,photo,kodak_01,768,512,512,341,JPEG,"seq420,q=13",10569,0.48428335777126097,0.8718340000086755,0.525041000003057,nan,nan,25.090569543458756,0.7833533893149521,0.9491619647967754,0.9671763633578973,0.9677515758534199,Pillow wall time including file I/O
chat_preview,photo,kodak_01,768,512,512,341,JPEG,"prog420,q=13",11026,0.5052236070381232,1.3603329999938296,0.8881669999993846,nan,nan,25.090569543458756,0.7833533893149521,0.9491619647967754,0.9671763633578973,0.9677515758534199,Pillow wall time including file I/O
chat_preview,photo,kodak_01,768,512,512,341,JPEG,"seq444,q=13",11822,0.5416972140762464,1.0394159999975727,0.5833329999944681,nan,nan,25.270902266151737,0.7858478321536863,0.9528721198093306,0.9674533158222189,0.9706668696585811,Pillow wall time including file I/O
chat_preview,photo,kodak_01,768,512,512,341,JPEG,"prog444,q=13",12306,0.563874633431085,1.6645420000003242,1.12704200000735,nan,nan,25.270902266151737,0.7858478321536863,0.9528721198093306,0.9674533158222189,0.9706668696585811,Pillow wall time including file I/O
chat_preview,photo,kodak_01,768,512,512,341,JPEG,"seq420,q=14",11174,0.5120051319648093,0.754291999996326,0.4158750000016198,nan,nan,25.31248447681761,0.7919981245313089,0.9535331356762958,0.969575370821423,0.9697264810802558,Pillow wall time including file I/O
chat_preview,photo,kodak_01,768,512,512,341,JPEG,"prog420,q=14",11617,0.5323038856304986,1.3387919999985343,0.9210409999980129,nan,nan,25.31248447681761,0.7919981245313089,0.9535331356762958,0.969575370821423,0.9697264810802558,Pillow wall time including file I/O
chat_preview,photo,kodak_01,768,512,512,341,JPEG,"seq444,q=14",12459,0.5708852639296188,1.0850839999960726,0.5797919999963597,nan,nan,25.478465120255642,0.7932870477457664,0.9563645175849197,0.9699222391547767,0.9722104386511556,Pillow wall time including file I/O
chat_preview,photo,kodak_01,768,512,512,341,JPEG,"prog444,q=14",12948,0.593291788856305,1.7472499999939828,1.0919999999998709,nan,nan,25.478465120255642,0.7932870477457664,0.9563645175849197,0.9699222391547767,0.9722104386511556,Pillow wall time including file I/O
chat_preview,photo,kodak_01,768,512,512,341,JPEG,"seq420,q=15",11764,0.5390395894428153,0.8062090000038324,0.5477079999991474,nan,nan,25.538853271836235,0.7992832290433048,0.9567368363398994,0.971734631215794,0.9719524959293315,Pillow wall time including file I/O
chat_preview,photo,kodak_01,768,512,512,341,JPEG,"prog420,q=15",12218,0.5598423753665689,1.306584000005273,0.9325420000010354,nan,nan,25.538853271836235,0.7992832290433048,0.9567368363398994,0.971734631215794,0.9719524959293315,Pillow wall time including file I/O
chat_preview,photo,kodak_01,768,512,512,341,JPEG,"seq444,q=15",13077,0.5992027126099707,1.146750000003749,0.5740839999930358,nan,nan,25.70891762304243,0.8024683703610705,0.960387004940257,0.9719809579286731,0.9743574824055727,Pillow wall time including file I/O
chat_preview,photo,kodak_01,768,512,512,341,JPEG,"prog444,q=15",13597,0.6230296920821115,1.7655409999974836,1.1152499999980137,nan,nan,25.70891762304243,0.8024683703610705,0.960387004940257,0.9719809579286731,0.9743574824055727,Pillow wall time including file I/O
chat_preview,photo,kodak_01,768,512,512,341,JPEG,"seq420,q=16",12387,0.5675861436950147,0.764374999988604,0.41899999999372994,nan,nan,25.746737081550627,0.8074128246613644,0.9599874646266456,0.9737251652880825,0.9739735467571236,Pillow wall time including file I/O
chat_preview,photo,kodak_01,768,512,512,341,JPEG,"prog420,q=16",12825,0.5876557917888563,1.3748749999962229,0.8344170000071927,nan,nan,25.746737081550627,0.8074128246613644,0.9599874646266456,0.9737251652880825,0.9739735467571236,Pillow wall time including file I/O
chat_preview,photo,kodak_01,768,512,512,341,JPEG,"seq444,q=16",13733,0.6292613636363636,1.1299999999891952,0.6013750000022355,nan,nan,25.92827193937954,0.8118789286031748,0.9639991561433819,0.9740427139463659,0.9764460563486423,Pillow wall time including file I/O
chat_preview,photo,kodak_01,768,512,512,341,JPEG,"prog444,q=16",14248,0.6528592375366569,1.7319170000007489,1.1991669999957821,nan,nan,25.92827193937954,0.8118789286031748,0.9639991561433819,0.9740427139463659,0.9764460563486423,Pillow wall time including file I/O
chat_preview,photo,kodak_01,768,512,512,341,JPEG,"seq420,q=17",12978,0.5946664222873901,0.7601249999993342,0.5651660000012271,nan,nan,25.913715397369394,0.8142475915979815,0.9624825364149396,0.9753114258803668,0.9752997837077969,Pillow wall time including file I/O
chat_preview,photo,kodak_01,768,512,512,341,JPEG,"prog420,q=17",13401,0.6140487536656891,1.3712920000017448,0.9410410000043612,nan,nan,25.913715397369394,0.8142475915979815,0.9624825364149396,0.9753114258803668,0.9752997837077969,Pillow wall time including file I/O
chat_preview,photo,kodak_01,768,512,512,341,JPEG,"seq444,q=17",14355,0.6577620967741935,1.0299169999967717,0.5984579999989137,nan,nan,26.09753660726482,0.8192078737881578,0.9665569408756625,0.9755621724661029,0.9777673897435585,Pillow wall time including file I/O
chat_preview,photo,kodak_01,768,512,512,341,JPEG,"prog444,q=17",14842,0.6800769794721407,1.703833999997073,1.1318330000023025,nan,nan,26.09753660726482,0.8192078737881578,0.9665569408756625,0.9755621724661029,0.9777673897435585,Pillow wall time including file I/O
chat_preview,photo,kodak_01,768,512,512,341,JPEG,"seq420,q=18",13636,0.6248167155425219,0.7837910000034753,0.5827499999924157,nan,nan,26.088763768092544,0.8211572929539829,0.9647605760967264,0.9769570605396874,0.9764802528583982,Pillow wall time including file I/O
chat_preview,photo,kodak_01,768,512,512,341,JPEG,"prog420,q=18",14051,0.6438324780058651,1.3118749999989632,0.933500000002141,nan,nan,26.088763768092544,0.8211572929539829,0.9647605760967264,0.9769570605396874,0.9764802528583982,Pillow wall time including file I/O
chat_preview,photo,kodak_01,768,512,512,341,JPEG,"seq444,q=18",15023,0.6883706011730205,1.0590829999870266,0.579125000001568,nan,nan,26.282603587215657,0.8262262744992319,0.9685684992381685,0.9771109889453206,0.9789271462670192,Pillow wall time including file I/O
chat_preview,photo,kodak_01,768,512,512,341,JPEG,"prog444,q=18",15535,0.7118310117302052,1.7660830000068017,1.1100419999934275,nan,nan,26.282603587215657,0.8262262744992319,0.9685684992381685,0.9771109889453206,0.9789271462670192,Pillow wall time including file I/O
chat_preview,photo,kodak_01,768,512,512,341,JPEG,"seq420,q=19",14199,0.6506140029325513,0.7683749999927159,0.450125000000412,nan,nan,26.2011133241935,0.8259450560744405,0.9657301952993076,0.9781573878766039,0.9771025560405578,Pillow wall time including file I/O
chat_preview,photo,kodak_01,768,512,512,341,JPEG,"prog420,q=19",14608,0.6693548387096774,1.373999999998432,0.975332999999523,nan,nan,26.2011133241935,0.8259450560744405,0.9657301952993076,0.9781573878766039,0.9771025560405578,Pillow wall time including file I/O
chat_preview,photo,kodak_01,768,512,512,341,JPEG,"seq444,q=19",15655,0.7173295454545454,1.112916000010955,0.6134580000036749,nan,nan,26.396062353840094,0.8304007297988248,0.9692200897908831,0.9782975835539822,0.979432553219727,Pillow wall time including file I/O
chat_preview,photo,kodak_01,768,512,512,341,JPEG,"prog444,q=19",16143,0.7396902492668622,1.7670000000009622,1.1682909999990443,nan,nan,26.396062353840094,0.8304007297988248,0.9692200897908831,0.9782975835539822,0.979432553219727,Pillow wall time including file I/O
chat_preview,photo,kodak_01,768,512,512,341,JPEG,"seq420,q=20",14717,0.674349340175953,0.8162499999997408,0.5659579999957032,nan,nan,26.34660269050162,0.8304529005622842,0.9669129303158192,0.9791958764692155,0.9781885968215883,Pillow wall time including file I/O
chat_preview,photo,kodak_01,768,512,512,341,JPEG,"prog420,q=20",15107,0.6922195747800587,1.4179169999977148,0.9622080000042388,nan,nan,26.34660269050162,0.8304529005622842,0.9669129303158192,0.9791958764692155,0.9781885968215883,Pillow wall time including file I/O
chat_preview,photo,kodak_01,768,512,512,341,JPEG,"seq444,q=20",16197,0.7421645894428153,1.0609169999895585,0.45608300000310464,nan,nan,26.5480587812835,0.8349014031371224,0.9704798089622318,0.979338280701885,0.9804930286736212,Pillow wall time including file I/O
chat_preview,photo,kodak_01,768,512,512,341,JPEG,"prog444,q=20",16681,0.7643420087976539,1.8002499999880683,1.2068749999940565,nan,nan,26.5480587812835,0.8349014031371224,0.9704798089622318,0.979338280701885,0.9804930286736212,Pillow wall time including file I/O
chat_preview,photo,kodak_01,768,512,512,341,JPEG,"seq420,q=21",15317,0.7018420087976539,0.8354999999937718,0.450125000000412,nan,nan,26.500699216439227,0.8364507489201118,0.9681896957176216,0.9804263579907846,0.9790235284997707,Pillow wall time including file I/O
chat_preview,photo,kodak_01,768,512,512,341,JPEG,"prog420,q=21",15685,0.7187041788856305,1.691084000000842,0.9045420000006743,nan,nan,26.500699216439227,0.8364507489201118,0.9681896957176216,0.9804263579907846,0.9790235284997707,Pillow wall time including file I/O
chat_preview,photo,kodak_01,768,512,512,341,JPEG,"seq444,q=21",16871,0.7730480205278593,1.1816250000009632,0.5167080000063606,nan,nan,26.713031056787777,0.8410162523754788,0.9717587548926154,0.9805440666090547,0.9813931185264256,Pillow wall time including file I/O
chat_preview,photo,kodak_01,768,512,512,341,JPEG,"prog444,q=21",17310,0.7931634897360704,2.0912909999992735,1.5574170000007825,nan,nan,26.713031056787777,0.8410162523754788,0.9717587548926154,0.9805440666090547,0.9813931185264256,Pillow wall time including file I/O
chat_preview,photo,kodak_01,768,512,512,341,JPEG,"seq420,q=22",15848,0.7261730205278593,1.0318749999953525,0.6232089999969048,nan,nan,26.61817859530934,0.841309475425212,0.9696411531536069,0.9813467878142853,0.979501875301987,Pillow wall time including file I/O
chat_preview,photo,kodak_01,768,512,512,341,JPEG,"prog420,q=22",16167,0.7407899560117303,1.5756250000009686,0.9659170000020367,nan,nan,26.61817859530934,0.841309475425212,0.9696411531536069,0.9813467878142853,0.979501875301987,Pillow wall time including file I/O
chat_preview,photo,kodak_01,768,512,512,341,JPEG,"seq444,q=22",17409,0.797699780058651,1.6289169999907926,0.6167080000096803,nan,nan,26.83523091890061,0.8459831601064164,0.9730923171755667,0.9814488121679724,0.9819031442065431,Pillow wall time including file I/O
chat_preview,photo,kodak_01,768,512,512,341,JPEG,"prog444,q=22",17831,0.8170362903225806,1.962125000005699,1.2341670000068916,nan,nan,26.83523091890061,0.8459831601064164,0.9730923171755667,0.9814488121679724,0.9819031442065431,Pillow wall time including file I/O
chat_preview,photo,kodak_01,768,512,512,341,JPEG,"seq420,q=23",16405,0.7516953812316716,0.8132500000073151,0.46087500000169257,nan,nan,26.76799586487973,0.8455554431234913,0.9712712458426632,0.982237178770794,0.9804687443904371,Pillow wall time including file I/O
chat_preview,photo,kodak_01,768,512,512,341,JPEG,"prog420,q=23",16676,0.7641129032258065,1.490249999989146,0.8989580000076103,nan,nan,26.76799586487973,0.8455554431234913,0.9712712458426632,0.982237178770794,0.9804687443904371,Pillow wall time including file I/O
chat_preview,photo,kodak_01,768,512,512,341,JPEG,"seq444,q=23",17977,0.8237261730205279,1.1320419999947262,0.5197500000093669,nan,nan,26.973726100123628,0.8502133807906215,0.9744789850033085,0.9823858261970062,0.9826376233960977,Pillow wall time including file I/O
chat_preview,photo,kodak_01,768,512,512,341,JPEG,"prog444,q=23",18379,0.8421462609970675,1.910250000008773,1.1011249999910433,nan,nan,26.973726100123628,0.8502133807906215,0.9744789850033085,0.9823858261970062,0.9826376233960977,Pillow wall time including file I/O
chat_preview,photo,kodak_01,768,512,512,341,JPEG,"seq420,q=24",16878,0.7733687683284457,1.0175839999959635,0.6005830000077594,nan,nan,26.919645658311396,0.8498640414835498,0.9731986393253936,0.9830288418296187,0.98151665540581,Pillow wall time including file I/O
chat_preview,photo,kodak_01,768,512,512,341,JPEG,"prog420,q=24",17162,0.7863819648093842,1.4895420000016202,1.0093329999989464,nan,nan,26.919645658311396,0.8498640414835498,0.9731986393253936,0.9830288418296187,0.98151665540581,Pillow wall time including file I/O
chat_preview,photo,kodak_01,768,512,512,341,JPEG,"seq444,q=24",18500,0.8476906158357771,1.1054590000014741,0.6571660000105339,nan,nan,27.132836778093328,0.8546582489586902,0.9766114173346622,0.983119819430767,0.9837112115054644,Pillow wall time including file I/O
chat_preview,photo,kodak_01,768,512,512,341,JPEG,"prog444,q=24",18914,0.8666605571847508,2.023624999992535,1.176000000000954,nan,nan,27.132836778093328,0.8546582489586902,0.9766114173346622,0.983119819430767,0.9837112115054644,Pillow wall time including file I/O
chat_preview,photo,kodak_01,768,512,512,341,JPEG,"seq420,q=25",17353,0.795133797653959,1.6539579999914622,0.47291699999618686,nan,nan,27.029442840508718,0.8536869374757959,0.9740812591424088,0.9837231834219472,0.9820484541810852,Pillow wall time including file I/O
chat_preview,photo,kodak_01,768,512,512,341,JPEG,"prog420,q=25",17582,0.8056268328445748,1.487582999999404,1.0262500000095542,nan,nan,27.029442840508718,0.8536869374757959,0.9740812591424088,0.9837231834219472,0.9820484541810852,Pillow wall time including file I/O
chat_preview,photo,kodak_01,768,512,512,341,JPEG,"seq444,q=25",18962,0.8688599706744868,1.1528339999955506,0.6645419999955493,nan,nan,27.249088193792126,0.8586198186687354,0.9774526522420564,0.9838434562026348,0.9842033204748049,Pillow wall time including file I/O
chat_preview,photo,kodak_01,768,512,512,341,JPEG,"prog444,q=25",19362,0.8871884164222874,1.972207999997977,1.1088749999998981,nan,nan,27.249088193792126,0.8586198186687354,0.9774526522420564,0.9838434562026348,0.9842033204748049,Pillow wall time including file I/O
chat_preview,photo,kodak_01,768,512,512,341,JPEG,"seq420,q=26",17850,0.8179068914956011,4.512124999990874,0.47833400000740767,nan,nan,27.137539764669146,0.8566769098965367,0.9748180029833842,0.9843401102843959,0.9826103192014998,Pillow wall time including file I/O
chat_preview,photo,kodak_01,768,512,512,341,JPEG,"prog420,q=26",18021,0.8257423020527859,1.6945830000025808,1.273458000000005,nan,nan,27.137539764669146,0.8566769098965367,0.9748180029833842,0.9843401102843959,0.9826103192014998,Pillow wall time including file I/O
chat_preview,photo,kodak_01,768,512,512,341,JPEG,"seq444,q=26",19450,0.8912206744868035,1.1235839999983455,0.5110419999994065,nan,nan,27.35253696802127,0.861532960015741,0.9780942371477638,0.9844262827460873,0.9846603571907523,Pillow wall time including file I/O
chat_preview,photo,kodak_01,768,512,512,341,JPEG,"prog444,q=26",19832,0.908724340175953,1.9542499999971596,1.1142089999935934,nan,nan,27.35253696802127,0.861532960015741,0.9780942371477638,0.9844262827460873,0.9846603571907523,Pillow wall time including file I/O
chat_preview,photo,kodak_01,768,512,512,341,JPEG,"seq420,q=27",18340,0.8403592375366569,0.8817089999979544,0.6111670000024105,nan,nan,27.25163652420976,0.8607674356299718,0.9758117239936146,0.9849906644267166,0.9831661856679924,Pillow wall time including file I/O
chat_preview,photo,kodak_01,768,512,512,341,JPEG,"prog420,q=27",18526,0.8488819648093842,1.6109170000078166,0.9203750000068567,nan,nan,27.25163652420976,0.8607674356299718,0.9758117239936146,0.9849906644267166,0.9831661856679924,Pillow wall time including file I/O
chat_preview,photo,kodak_01,768,512,512,341,JPEG,"seq444,q=27",20012,0.9169721407624634,1.122209000001817,0.5493329999950447,nan,nan,27.473409376617344,0.8657828590895181,0.9790820547489201,0.985111977712948,0.9852063469772752,Pillow wall time including file I/O
chat_preview,photo,kodak_01,768,512,512,341,JPEG,"prog444,q=27",20383,0.9339717741935484,1.937458000000447,1.1427080000032674,nan,nan,27.473409376617344,0.8657828590895181,0.9790820547489201,0.985111977712948,0.9852063469772752,Pillow wall time including file I/O
chat_preview,photo,kodak_01,768,512,512,341,JPEG,"seq420,q=28",18888,0.8654692082111437,0.8269590000082871,0.4539579999942589,nan,nan,27.344430530734982,0.8636207198894924,0.97613890960367,0.9856338352361741,0.9836262020225138,Pillow wall time including file I/O
chat_preview,photo,kodak_01,768,512,512,341,JPEG,"prog420,q=28",19044,0.8726173020527859,1.6262080000046808,0.9048750000033579,nan,nan,27.344430530734982,0.8636207198894924,0.97613890960367,0.9856338352361741,0.9836262020225138,Pillow wall time including file I/O
chat_preview,photo,kodak_01,768,512,512,341,JPEG,"seq444,q=28",20599,0.9438691348973607,1.1387079999991556,0.5170419999984688,nan,nan,27.56996922200177,0.8683908743224306,0.9792124763757754,0.9857131787095573,0.985581355080618,Pillow wall time including file I/O
chat_preview,photo,kodak_01,768,512,512,341,JPEG,"prog444,q=28",20917,0.9584402492668622,1.9977080000046499,1.1490409999908024,nan,nan,27.56996922200177,0.8683908743224306,0.9792124763757754,0.9857131787095573,0.985581355080618,Pillow wall time including file I/O
chat_preview,photo,kodak_01,768,512,512,341,JPEG,"seq420,q=29",19331,0.8857679618768328,0.8652089999969803,0.4505419999958349,nan,nan,27.460382116420142,0.8664079644001784,0.9771233380380897,0.9861406288147612,0.9842819759968391,Pillow wall time including file I/O
chat_preview,photo,kodak_01,768,512,512,341,JPEG,"prog420,q=29",19480,0.8925953079178885,1.5670000000085338,1.068750000001728,nan,nan,27.460382116420142,0.8664079644001784,0.9771233380380897,0.9861406288147612,0.9842819759968391,Pillow wall time including file I/O
chat_preview,photo,kodak_01,768,512,512,341,JPEG,"seq444,q=29",21069,0.9654050586510264,1.1435410000046886,0.6057909999981348,nan,nan,27.685573172160133,0.8713305775145258,0.9802376726355658,0.9862613692806144,0.9861687198715003,Pillow wall time including file I/O
chat_preview,photo,kodak_01,768,512,512,341,JPEG,"prog444,q=29",21367,0.9790597507331378,1.9570419999865862,1.122041999991552,nan,nan,27.685573172160133,0.8713305775145258,0.9802376726355658,0.9862613692806144,0.9861687198715003,Pillow wall time including file I/O
chat_preview,photo,kodak_01,768,512,512,341,JPEG,"seq420,q=30",19820,0.9081744868035191,0.8952089999922919,0.4659579999923835,nan,nan,27.55494321184144,0.8691842275227852,0.9775368556261247,0.9866425589578596,0.9845136193140615,Pillow wall time including file I/O
chat_preview,photo,kodak_01,768,512,512,341,JPEG,"prog420,q=30",19912,0.9123900293255132,1.5624159999987342,1.0354169999970964,nan,nan,27.55494321184144,0.8691842275227852,0.9775368556261247,0.9866425589578596,0.9845136193140615,Pillow wall time including file I/O
chat_preview,photo,kodak_01,768,512,512,341,JPEG,"seq444,q=30",21594,0.9894611436950147,1.1550000000113414,0.6455839999972568,nan,nan,27.777393328340963,0.8740481777415869,0.9806174084296492,0.9867524704244859,0.9863451948308279,Pillow wall time including file I/O
chat_preview,photo,kodak_01,768,512,512,341,JPEG,"prog444,q=30",21823,0.9999541788856305,2.0242919999873266,1.2559999999979254,nan,nan,27.777393328340963,0.8740481777415869,0.9806174084296492,0.9867524704244859,0.9863451948308279,Pillow wall time including file I/O
chat_preview,photo,kodak_01,768,512,512,341,JPEG,"seq420,q=31",20275,0.9290230938416423,0.8513749999963238,0.5967079999891212,nan,nan,27.6867245404921,0.8727924910631982,0.9792889645113231,0.9869894779260371,0.9851505521097911,Pillow wall time including file I/O
chat_preview,photo,kodak_01,768,512,512,341,JPEG,"prog420,q=31",20399,0.9347049120234604,1.6260000000016817,0.9331669999994574,nan,nan,27.6867245404921,0.8727924910631982,0.9792889645113231,0.9869894779260371,0.9851505521097911,Pillow wall time including file I/O
chat_preview,photo,kodak_01,768,512,512,341,JPEG,"seq444,q=31",22101,1.012692448680352,1.1718330000007882,0.530041000004644,nan,nan,27.908175289503273,0.878054423589326,0.9824160229198059,0.9871302246941848,0.9868731977668614,Pillow wall time including file I/O
chat_preview,photo,kodak_01,768,512,512,341,JPEG,"prog444,q=31",22376,1.025293255131965,2.0521659999985786,1.1716669999941587,nan,nan,27.908175289503273,0.878054423589326,0.9824160229198059,0.9871302246941848,0.9868731977668614,Pillow wall time including file I/O
chat_preview,photo,kodak_01,768,512,512,341,JPEG,"seq420,q=32",20744,0.9505131964809385,0.86091699999713,0.6114159999981439,nan,nan,27.796697800232387,0.8754031387953999,0.9799253110868574,0.9874812119799288,0.9856474111184833,Pillow wall time including file I/O
chat_preview,photo,kodak_01,768,512,512,341,JPEG,"prog420,q=32",20857,0.9556909824046921,1.6460840000007693,1.0853330000060168,nan,nan,27.796697800232387,0.8754031387953999,0.9799253110868574,0.9874812119799288,0.9856474111184833,Pillow wall time including file I/O
chat_preview,photo,kodak_01,768,512,512,341,JPEG,"seq444,q=32",22598,1.035465542521994,1.1590409999939766,0.6640829999895459,nan,nan,28.01936092080595,0.8806516259824587,0.982989743685561,0.9876111772259865,0.9873470024204112,Pillow wall time including file I/O
chat_preview,photo,kodak_01,768,512,512,341,JPEG,"prog444,q=32",22873,1.048066348973607,2.05537500001185,1.3424170000035929,nan,nan,28.01936092080595,0.8806516259824587,0.982989743685561,0.9876111772259865,0.9873470024204112,Pillow wall time including file I/O
chat_preview,photo,kodak_01,768,512,512,341,JPEG,"seq420,q=33",21249,0.9736528592375366,0.8779590000074222,0.6166670000027352,nan,nan,27.90109734398567,0.8781600217264106,0.9803726057400715,0.9879257639511646,0.9860245611617183,Pillow wall time including file I/O
chat_preview,photo,kodak_01,768,512,512,341,JPEG,"prog420,q=33",21362,0.9788306451612904,1.7220419999972592,1.1158749999964357,nan,nan,27.90109734398567,0.8781600217264106,0.9803726057400715,0.9879257639511646,0.9860245611617183,Pillow wall time including file I/O
chat_preview,photo,kodak_01,768,512,512,341,JPEG,"seq444,q=33",23114,1.0591092375366569,1.145041999990326,0.5071670000091899,nan,nan,28.12190605073819,0.8830866538372671,0.9833791837452082,0.9880382921935873,0.9876714024422206,Pillow wall time including file I/O
chat_preview,photo,kodak_01,768,512,512,341,JPEG,"prog444,q=33",23425,1.0733596041055717,2.10633400000404,1.3116249999995944,nan,nan,28.12190605073819,0.8830866538372671,0.9833791837452082,0.9880382921935873,0.9876714024422206,Pillow wall time including file I/O
chat_preview,photo,kodak_01,768,512,512,341,JPEG,"seq420,q=34",21542,0.9870784457478006,0.9187080000003789,0.5038329999962343,nan,nan,27.973600510488055,0.880202955940593,0.9808000705005172,0.9881312565643394,0.9863283452323848,Pillow wall time including file I/O
chat_preview,photo,kodak_01,768,512,512,341,JPEG,"prog420,q=34",21654,0.9922104105571847,1.716250000001196,1.0102919999894766,nan,nan,27.973600510488055,0.880202955940593,0.9808000705005172,0.9881312565643394,0.9863283452323848,Pillow wall time including file I/O
chat_preview,photo,kodak_01,768,512,512,341,JPEG,"seq444,q=34",23416,1.0729472140762464,1.1766669999957458,0.6892080000113765,nan,nan,28.191621630855607,0.8849008939025182,0.9836478800737919,0.9882112286512581,0.9879249103720887,Pillow wall time including file I/O
chat_preview,photo,kodak_01,768,512,512,341,JPEG,"prog444,q=34",23753,1.0883889296187683,2.1382499999873517,1.3160000000027594,nan,nan,28.191621630855607,0.8849008939025182,0.9836478800737919,0.9882112286512581,0.9879249103720887,Pillow wall time including file I/O
chat_preview,photo,kodak_01,768,512,512,341,JPEG,"seq420,q=35",22104,1.0128299120234605,0.8597499999893898,0.4767500000042446,nan,nan,28.089895960266556,0.882987499633551,0.9815252214432011,0.9886038287664244,0.9867796365757935,Pillow wall time including file I/O
chat_preview,photo,kodak_01,768,512,512,341,JPEG,"prog420,q=35",22190,1.0167705278592376,1.7351249999961738,1.1050419999918404,nan,nan,28.089895960266556,0.882987499633551,0.9815252214432011,0.9886038287664244,0.9867796365757935,Pillow wall time including file I/O
chat_preview,photo,kodak_01,768,512,512,341,JPEG,"seq444,q=35",24014,1.1003482404692082,1.2001669999932574,0.6752500000004602,nan,nan,28.31087167028887,0.887566879415517,0.9842328646602624,0.9887029459834146,0.9883454664956473,Pillow wall time including file I/O
chat_preview,photo,kodak_01,768,512,512,341,JPEG,"prog444,q=35",24341,1.115331744868035,2.131583999997133,1.2305000000054633,nan,nan,28.31087167028887,0.887566879415517,0.9842328646602624,0.9887029459834146,0.9883454664956473,Pillow wall time including file I/O
chat_preview,photo,kodak_01,768,512,512,341,JPEG,"seq420,q=36",22584,1.0348240469208212,0.9290410000062366,0.6585830000034321,nan,nan,28.16925191888744,0.8851549728051747,0.9817580646802666,0.9890087817842462,0.9870141267674684,Pillow wall time including file I/O
chat_preview,photo,kodak_01,768,512,512,341,JPEG,"prog420,q=36",22678,1.0391312316715542,1.7568749999981037,1.1388750000094205,nan,nan,28.16925191888744,0.8851549728051747,0.9817580646802666,0.9890087817842462,0.9870141267674684,Pillow wall time including file I/O
chat_preview,photo,kodak_01,768,512,512,341,JPEG,"seq444,q=36",24575,1.1260538856304985,1.2250000000051386,0.534375000000864,nan,nan,28.399731485679798,0.8901526415527208,0.9846414620332276,0.9891062224500022,0.9886216369317002,Pillow wall time including file I/O
chat_preview,photo,kodak_01,768,512,512,341,JPEG,"prog444,q=36",24898,1.1408541055718475,2.166208000005554,1.2025839999978416,nan,nan,28.399731485679798,0.8901526415527208,0.9846414620332276,0.9891062224500022,0.9886216369317002,Pillow wall time including file I/O
chat_preview,photo,kodak_01,768,512,512,341,JPEG,"seq420,q=37",22881,1.048432917888563,0.9041250000052514,0.6268749999946976,nan,nan,28.236945581065044,0.8869073588360258,0.9821497277493384,0.9892455024587046,0.9872842521968507,Pillow wall time including file I/O
chat_preview,photo,kodak_01,768,512,512,341,JPEG,"prog420,q=37",22972,1.0526026392961876,1.747624999993036,0.999583000009352,nan,nan,28.236945581065044,0.8869073588360258,0.9821497277493384,0.9892455024587046,0.9872842521968507,Pillow wall time including file I/O
chat_preview,photo,kodak_01,768,512,512,341,JPEG,"seq444,q=37",24909,1.141358137829912,1.1587500000018736,0.669458000004397,nan,nan,28.463244886426565,0.8916331595108583,0.9849248682058492,0.9893366763213023,0.9888243857552504,Pillow wall time including file I/O
chat_preview,photo,kodak_01,768,512,512,341,JPEG,"prog444,q=37",25237,1.1563874633431086,2.1869170000030635,1.3937920000017812,nan,nan,28.463244886426565,0.8916331595108583,0.9849248682058492,0.9893366763213023,0.9888243857552504,Pillow wall time including file I/O
chat_preview,photo,kodak_01,768,512,512,341,JPEG,"seq420,q=38",23428,1.0734970674486803,0.9514580000029582,0.6721249999941392,nan,nan,28.33885830765051,0.888985054764547,0.9825484136806418,0.9896509006647602,0.9876098434258159,Pillow wall time including file I/O
chat_preview,photo,kodak_01,768,512,512,341,JPEG,"prog420,q=38",23528,1.0780791788856305,1.7759170000033464,1.1449590000012222,nan,nan,28.33885830765051,0.888985054764547,0.9825484136806418,0.9896509006647602,0.9876098434258159,Pillow wall time including file I/O
chat_preview,photo,kodak_01,768,512,512,341,JPEG,"seq444,q=38",25476,1.1673387096774193,1.2028749999899446,0.6991669999933947,nan,nan,28.569827119979724,0.8935778751778202,0.9853338330789985,0.9897389947241094,0.9891657026682806,Pillow wall time including file I/O
chat_preview,photo,kodak_01,768,512,512,341,JPEG,"prog444,q=38",25810,1.1826429618768328,2.1990830000078176,1.4025419999939004,nan,nan,28.569827119979724,0.8935778751778202,0.9853338330789985,0.9897389947241094,0.9891657026682806,Pillow wall time including file I/O
chat_preview,photo,kodak_01,768,512,512,341,JPEG,"seq420,q=39",23782,1.0897177419354838,0.9059580000041478,0.4749579999980824,nan,nan,28.40882082012738,0.890551205137785,0.9829268379877724,0.9899278780068751,0.9878411868123963,Pillow wall time including file I/O
chat_preview,photo,kodak_01,768,512,512,341,JPEG,"prog420,q=39",23841,1.0924211876832846,1.734249999998383,0.981832999997323,nan,nan,28.40882082012738,0.890551205137785,0.9829268379877724,0.9899278780068751,0.9878411868123963,Pillow wall time including file I/O
chat_preview,photo,kodak_01,768,512,512,341,JPEG,"seq444,q=39",25861,1.1849798387096775,1.1823749999990696,0.69691599999544,nan,nan,28.640119920080068,0.8951112957622939,0.9857272444837064,0.9900069585669441,0.9893815576970955,Pillow wall time including file I/O
chat_preview,photo,kodak_01,768,512,512,341,JPEG,"prog444,q=39",26161,1.1987261730205279,2.2099170000018376,1.3637910000028342,nan,nan,28.640119920080068,0.8951112957622939,0.9857272444837064,0.9900069585669441,0.9893815576970955,Pillow wall time including file I/O
chat_preview,photo,kodak_01,768,512,512,341,JPEG,"seq420,q=40",24001,1.0997525659824048,0.9055419999981495,0.6046249999940301,nan,nan,28.479057346248076,0.8919814823244862,0.9834157148268887,0.990019981938106,0.9881227122179012,Pillow wall time including file I/O
chat_preview,photo,kodak_01,768,512,512,341,JPEG,"prog420,q=40",24064,1.1026392961876832,1.7907919999942123,1.1213749999967604,nan,nan,28.479057346248076,0.8919814823244862,0.9834157148268887,0.990019981938106,0.9881227122179012,Pillow wall time including file I/O
chat_preview,photo,kodak_01,768,512,512,341,JPEG,"seq444,q=40",26094,1.1956561583577712,1.1746659999971598,0.6832919999908427,nan,nan,28.711089156494253,0.896722679257314,0.9861893993634419,0.9901408785101325,0.9896662239664502,Pillow wall time including file I/O
chat_preview,photo,kodak_01,768,512,512,341,JPEG,"prog444,q=40",26415,1.2103647360703813,2.2076669999933074,1.3517080000013948,nan,nan,28.711089156494253,0.896722679257314,0.9861893993634419,0.9901408785101325,0.9896662239664502,Pillow wall time including file I/O
chat_preview,photo,kodak_01,768,512,512,341,JPEG,"seq420,q=41",24611,1.1277034457478006,0.8726249999995161,0.5132090000046219,nan,nan,28.586509067163025,0.8945287287134983,0.9838827466558048,0.9904184808672747,0.9884966631057778,Pillow wall time including file I/O
chat_preview,photo,kodak_01,768,512,512,341,JPEG,"prog420,q=41",24654,1.1296737536656891,1.7761249999921347,1.1518750000050204,nan,nan,28.586509067163025,0.8945287287134983,0.9838827466558048,0.9904184808672747,0.9884966631057778,Pillow wall time including file I/O
chat_preview,photo,kodak_01,768,512,512,341,JPEG,"seq444,q=41",26750,1.2257148093841643,1.1814160000085394,0.688666999991483,nan,nan,28.82284219628407,0.8992412763779081,0.9866031541436119,0.9904753865994602,0.9900065176133838,Pillow wall time including file I/O
chat_preview,photo,kodak_01,768,512,512,341,JPEG,"prog444,q=41",27062,1.2400109970674487,2.176000000005729,1.3493750000037608,nan,nan,28.82284219628407,0.8992412763779081,0.9866031541436119,0.9904753865994602,0.9900065176133838,Pillow wall time including file I/O
chat_preview,photo,kodak_01,768,512,512,341,JPEG,"seq420,q=42",24865,1.139342008797654,0.881249999991951,0.618625000001316,nan,nan,28.625291359134287,0.8954537967742828,0.9841013633820297,0.9905453062447984,0.9885931484390768,Pillow wall time including file I/O
chat_preview,photo,kodak_01,768,512,512,341,JPEG,"prog420,q=42",24913,1.14154142228739,1.8450830000062979,1.1732920000042668,nan,nan,28.625291359134287,0.8954537967742828,0.9841013633820297,0.9905453062447984,0.9885931484390768,Pillow wall time including file I/O
chat_preview,photo,kodak_01,768,512,512,341,JPEG,"seq444,q=42",27069,1.240331744868035,1.2012500000082582,0.5451669999985143,nan,nan,28.864272119620715,0.9000823585270407,0.9867323312101055,0.9906497389808632,0.9901139651211383,Pillow wall time including file I/O
chat_preview,photo,kodak_01,768,512,512,341,JPEG,"prog444,q=42",27369,1.2540780791788857,2.2429999999928896,1.392624999994041,nan,nan,28.864272119620715,0.9000823585270407,0.9867323312101055,0.9906497389808632,0.9901139651211383,Pillow wall time including file I/O
chat_preview,photo,kodak_01,768,512,512,341,JPEG,"seq420,q=43",25205,1.1549211876832846,0.9004159999932426,0.6729579999955604,nan,nan,28.706324311316642,0.8972176572749507,0.9844134792830594,0.9907571837194259,0.9888274996502763,Pillow wall time including file I/O
chat_preview,photo,kodak_01,768,512,512,341,JPEG,"prog420,q=43",25234,1.15625,1.815084000000411,1.1984169999976757,nan,nan,28.706324311316642,0.8972176572749507,0.9844134792830594,0.9907571837194259,0.9888274996502763,Pillow wall time including file I/O
chat_preview,photo,kodak_01,768,512,512,341,JPEG,"seq444,q=43",27421,1.2564607771260996,3.7069170000023632,0.5663330000089672,nan,nan,28.94272938930357,0.9017174313037734,0.986964563445733,0.9908658606158498,0.9902990622383039,Pillow wall time including file I/O
chat_preview,photo,kodak_01,768,512,512,341,JPEG,"prog444,q=43",27718,1.2700696480938416,2.3337909999980866,1.2610830000028272,nan,nan,28.94272938930357,0.9017174313037734,0.986964563445733,0.9908658606158498,0.9902990622383039,Pillow wall time including file I/O
chat_preview,photo,kodak_01,768,512,512,341,JPEG,"seq420,q=44",25733,1.1791147360703813,0.9230000000002292,0.5102920000013,nan,nan,28.81969695800295,0.8994914535195898,0.985092938467934,0.9910603104400969,0.9892847751820839,Pillow wall time including file I/O
chat_preview,photo,kodak_01,768,512,512,341,JPEG,"prog420,q=44",25743,1.1795729472140764,1.8144999999947231,1.072458999999526,nan,nan,28.81969695800295,0.8994914535195898,0.985092938467934,0.9910603104400969,0.9892847751820839,Pillow wall time including file I/O
chat_preview,photo,kodak_01,768,512,512,341,JPEG,"seq444,q=44",28043,1.2849615102639296,1.3392920000114827,0.6015000000019199,nan,nan,29.060647844528262,0.9041649790740732,0.9877485170998331,0.9911412912609013,0.990716992799793,Pillow wall time including file I/O
chat_preview,photo,kodak_01,768,512,512,341,JPEG,"prog444,q=44",28315,1.297424853372434,2.3396670000011,1.3212499999895044,nan,nan,29.060647844528262,0.9041649790740732,0.9877485170998331,0.9911412912609013,0.990716992799793,Pillow wall time including file I/O
chat_preview,photo,kodak_01,768,512,512,341,JPEG,"seq420,q=45",26010,1.1918071847507332,0.921542000000386,0.5127080000022488,nan,nan,28.866238351404824,0.900471747835676,0.9852779964651509,0.9911961987695725,0.9894136532687113,Pillow wall time including file I/O
chat_preview,photo,kodak_01,768,512,512,341,JPEG,"prog420,q=45",25981,1.1904783724340176,1.9205830000004198,1.2045000000000528,nan,nan,28.866238351404824,0.900471747835676,0.9852779964651509,0.9911961987695725,0.9894136532687113,Pillow wall time including file I/O
chat_preview,photo,kodak_01,768,512,512,341,JPEG,"seq444,q=45",28309,1.297149926686217,1.2912920000047734,0.7503749999955289,nan,nan,29.10838479317298,0.9051365531745037,0.9879077352071555,0.9912735196010976,0.990833788426899,Pillow wall time including file I/O
chat_preview,photo,kodak_01,768,512,512,341,JPEG,"prog444,q=45",28549,1.3081469941348973,2.3020000000002483,1.3020000000096843,nan,nan,29.10838479317298,0.9051365531745037,0.9879077352071555,0.9912735196010976,0.990833788426899,Pillow wall time including file I/O
chat_preview,photo,kodak_01,768,512,512,341,JPEG,"seq420,q=46",26536,1.2159090909090908,0.9020420000069862,0.6567079999939551,nan,nan,28.950670762881224,0.9024459276294886,0.985660412470588,0.9914490517092321,0.989642419148365,Pillow wall time including file I/O
chat_preview,photo,kodak_01,768,512,512,341,JPEG,"prog420,q=46",26486,1.2136180351906158,1.9127910000094062,1.080250000001115,nan,nan,28.950670762881224,0.9024459276294886,0.985660412470588,0.9914490517092321,0.989642419148365,Pillow wall time including file I/O
chat_preview,photo,kodak_01,768,512,512,341,JPEG,"seq444,q=46",28932,1.3256964809384164,1.2970840000008366,0.5942909999987478,nan,nan,29.19360257926916,0.9071194692686867,0.9882178923381076,0.9915462921109207,0.9910223035523784,Pillow wall time including file I/O
chat_preview,photo,kodak_01,768,512,512,341,JPEG,"prog444,q=46",29141,1.3352730938416422,2.404333000001202,1.4314170000062632,nan,nan,29.19360257926916,0.9071194692686867,0.9882178923381076,0.9915462921109207,0.9910223035523784,Pillow wall time including file I/O
chat_preview,photo,kodak_01,768,512,512,341,JPEG,"seq420,q=47",26770,1.2266312316715542,0.9832920000008016,0.6525419999974247,nan,nan,29.01087030233124,0.9038147269221528,0.9858306831722031,0.9915826209638458,0.9897600259654646,Pillow wall time including file I/O
chat_preview,photo,kodak_01,768,512,512,341,JPEG,"prog420,q=47",26733,1.2249358504398826,1.863874999997961,1.2116249999962747,nan,nan,29.01087030233124,0.9038147269221528,0.9858306831722031,0.9915826209638458,0.9897600259654646,Pillow wall time including file I/O
chat_preview,photo,kodak_01,768,512,512,341,JPEG,"seq444,q=47",29186,1.3373350439882699,1.2277499999981956,0.7041670000091926,nan,nan,29.256087487406806,0.9084225643120982,0.9883703149342832,0.9916797812179704,0.9911324854727841,Pillow wall time including file I/O
chat_preview,photo,kodak_01,768,512,512,341,JPEG,"prog444,q=47",29402,1.347232404692082,2.352166999997962,1.4322910000004185,nan,nan,29.256087487406806,0.9084225643120982,0.9883703149342832,0.9916797812179704,0.9911324854727841,Pillow wall time including file I/O
chat_preview,photo,kodak_01,768,512,512,341,JPEG,"seq420,q=48",27145,1.2438141495601174,1.280582999996227,0.5706660000015518,nan,nan,29.0580813050555,0.9048483629574777,0.9860465176975071,0.9917328317139731,0.9898890658409937,Pillow wall time including file I/O
chat_preview,photo,kodak_01,768,512,512,341,JPEG,"prog420,q=48",27018,1.2379948680351907,1.9232500000043729,1.0812080000022206,nan,nan,29.0580813050555,0.9048483629574777,0.9860465176975071,0.9917328317139731,0.9898890658409937,Pillow wall time including file I/O
chat_preview,photo,kodak_01,768,512,512,341,JPEG,"seq444,q=48",29535,1.3533266129032258,1.2728329999873722,0.6757919999955675,nan,nan,29.30272368552375,0.9093698383843337,0.9885397007816284,0.9918354339704667,0.9912414398403311,Pillow wall time including file I/O
chat_preview,photo,kodak_01,768,512,512,341,JPEG,"prog444,q=48",29688,1.3603372434017595,2.397999999999456,1.4202499999953488,nan,nan,29.30272368552375,0.9093698383843337,0.9885397007816284,0.9918354339704667,0.9912414398403311,Pillow wall time including file I/O
chat_preview,photo,kodak_01,768,512,512,341,JPEG,"seq420,q=49",27711,1.2697489002932552,0.9543329999956995,0.5097500000061927,nan,nan,29.145181964836375,0.906809231737749,0.9865040323390287,0.991941781307942,0.9901587014963825,Pillow wall time including file I/O
chat_preview,photo,kodak_01,768,512,512,341,JPEG,"prog420,q=49",27629,1.2659915689149561,1.9719160000022384,1.2367500000038945,nan,nan,29.145181964836375,0.906809231737749,0.9865040323390287,0.991941781307942,0.9901587014963825,Pillow wall time including file I/O
chat_preview,photo,kodak_01,768,512,512,341,JPEG,"seq444,q=49",30213,1.3843933284457477,1.2732080000006363,0.7121669999889946,nan,nan,29.399372179365816,0.9111654091415212,0.9889368123285914,0.9920315999863636,0.991520780441667,Pillow wall time including file I/O
chat_preview,photo,kodak_01,768,512,512,341,JPEG,"prog444,q=49",30405,1.3931909824046922,2.3366249999980937,1.3322909999970989,nan,nan,29.399372179365816,0.9111654091415212,0.9889368123285914,0.9920315999863636,0.991520780441667,Pillow wall time including file I/O
chat_preview,photo,kodak_01,768,512,512,341,JPEG,"seq420,q=50",27853,1.2762554985337244,0.9409160000046768,0.5069580000025553,nan,nan,29.19406318681824,0.9077477765803801,0.9866292101775751,0.9920264153053906,0.9902690363821782,Pillow wall time including file I/O
chat_preview,photo,kodak_01,768,512,512,341,JPEG,"prog420,q=50",27768,1.2723607038123168,1.9560839999996915,1.191875000003506,nan,nan,29.19406318681824,0.9077477765803801,0.9866292101775751,0.9920264153053906,0.9902690363821782,Pillow wall time including file I/O
chat_preview,photo,kodak_01,768,512,512,341,JPEG,"seq444,q=50",30350,1.3906708211143695,1.2688329999974712,0.6974579999905473,nan,nan,29.44918432078829,0.9120425037319876,0.9890269305878219,0.9921145217096108,0.9916146709553995,Pillow wall time including file I/O
chat_preview,photo,kodak_01,768,512,512,341,JPEG,"prog444,q=50",30547,1.3996975806451613,2.4517080000094893,1.5377919999934875,nan,nan,29.44918432078829,0.9120425037319876,0.9890269305878219,0.9921145217096108,0.9916146709553995,Pillow wall time including file I/O
chat_preview,photo,kodak_01,768,512,512,341,JPEG,"seq420,q=51",28011,1.2834952346041055,0.9523749999971187,0.639750000004824,nan,nan,29.24473880019041,0.9086574653073627,0.9867358820845119,0.9921156180558142,0.9903730219965529,Pillow wall time including file I/O
chat_preview,photo,kodak_01,768,512,512,341,JPEG,"prog420,q=51",27903,1.2785465542521994,1.9882920000071636,1.1067079999946827,nan,nan,29.24473880019041,0.9086574653073627,0.9867358820845119,0.9921156180558142,0.9903730219965529,Pillow wall time including file I/O
chat_preview,photo,kodak_01,768,512,512,341,JPEG,"seq444,q=51",30510,1.3980021994134897,1.3074170000066943,0.7622920000045497,nan,nan,29.501338073775322,0.9129016955357455,0.9891203897767239,0.992200115314881,0.9917087165283879,Pillow wall time including file I/O
chat_preview,photo,kodak_01,768,512,512,341,JPEG,"prog444,q=51",30692,1.406341642228739,2.7512500000028695,1.5384579999988546,nan,nan,29.501338073775322,0.9129016955357455,0.9891203897767239,0.992200115314881,0.9917087165283879,Pillow wall time including file I/O
chat_preview,photo,kodak_01,768,512,512,341,JPEG,"seq420,q=52",28629,1.3118126832844574,1.0021660000063548,0.669583999993506,nan,nan,29.333586718777273,0.9102708568463557,0.9871006595979505,0.9923831867514226,0.9906327279112086,Pillow wall time including file I/O
chat_preview,photo,kodak_01,768,512,512,341,JPEG,"prog420,q=52",28529,1.3072305718475072,1.9638750000012806,1.1191669999988108,nan,nan,29.333586718777273,0.9102708568463557,0.9871006595979505,0.9923831867514226,0.9906327279112086,Pillow wall time including file I/O
chat_preview,photo,kodak_01,768,512,512,341,JPEG,"seq444,q=52",31214,1.4302602639296187,1.3038750000049504,0.7282499999945458,nan,nan,29.59309428263325,0.914556783804168,0.9894851919093436,0.9924662387714177,0.9919393719382743,Pillow wall time including file I/O
chat_preview,photo,kodak_01,768,512,512,341,JPEG,"prog444,q=52",31451,1.4411198680351907,2.4676249999942,1.3401669999950627,nan,nan,29.59309428263325,0.914556783804168,0.9894851919093436,0.9924662387714177,0.9919393719382743,Pillow wall time including file I/O
chat_preview,photo,kodak_01,768,512,512,341,JPEG,"seq420,q=53",29079,1.3324321847507332,0.9654170000032991,0.5527919999934738,nan,nan,29.389750545174525,0.9113598347915856,0.9872778111957525,0.992558656525644,0.9907630314052173,Pillow wall time including file I/O
chat_preview,photo,kodak_01,768,512,512,341,JPEG,"prog420,q=53",28858,1.3223057184750733,2.0415839999969876,1.175207999992267,nan,nan,29.389750545174525,0.9113598347915856,0.9872778111957525,0.992558656525644,0.9907630314052173,Pillow wall time including file I/O
chat_preview,photo,kodak_01,768,512,512,341,JPEG,"seq444,q=53",31689,1.4520252932551319,1.487124999997036,0.8110419999951546,nan,nan,29.650935709294505,0.9156064122969124,0.9896616990680364,0.9926451158392849,0.9920645991176451,Pillow wall time including file I/O
chat_preview,photo,kodak_01,768,512,512,341,JPEG,"prog444,q=53",31782,1.4562866568914956,2.508665999997106,1.5254580000032547,nan,nan,29.650935709294505,0.9156064122969124,0.9896616990680364,0.9926451158392849,0.9920645991176451,Pillow wall time including file I/O
chat_preview,photo,kodak_01,768,512,512,341,JPEG,"seq420,q=54",29383,1.3463618035190617,1.0217920000030745,0.699582999999393,nan,nan,29.46549643892795,0.9127979957481555,0.9875230765625259,0.9927273880102515,0.9909328840990256,Pillow wall time including file I/O
chat_preview,photo,kodak_01,768,512,512,341,JPEG,"prog420,q=54",29182,1.3371517595307918,2.1260420000004387,1.2574579999977686,nan,nan,29.46549643892795,0.9127979957481555,0.9875230765625259,0.9927273880102515,0.9909328840990256,Pillow wall time including file I/O
chat_preview,photo,kodak_01,768,512,512,341,JPEG,"seq444,q=54",32015,1.4669629765395895,1.2961249999960955,0.6031659999905514,nan,nan,29.732004896890935,0.9169968274441107,0.9898599058903154,0.9928104799261913,0.9922217520890874,Pillow wall time including file I/O
chat_preview,photo,kodak_01,768,512,512,341,JPEG,"prog444,q=54",32145,1.4729197214076246,2.5305000000059863,1.454957999996509,nan,nan,29.732004896890935,0.9169968274441107,0.9898599058903154,0.9928104799261913,0.9922217520890874,Pillow wall time including file I/O
chat_preview,photo,kodak_01,768,512,512,341,JPEG,"seq420,q=55",29780,1.3645527859237536,1.0455839999963246,0.5702910000024985,nan,nan,29.53458218025231,0.9140662025641335,0.9877567027866894,0.9929060670220475,0.9911202471093853,Pillow wall time including file I/O
chat_preview,photo,kodak_01,768,512,512,341,JPEG,"prog420,q=55",29589,1.3558009530791788,2.0209999999991624,1.1284579999966127,nan,nan,29.53458218025231,0.9140662025641335,0.9877567027866894,0.9929060670220475,0.9911202471093853,Pillow wall time including file I/O
chat_preview,photo,kodak_01,768,512,512,341,JPEG,"seq444,q=55",32509,1.489598607038123,1.2834580000031792,0.7275420000070199,nan,nan,29.800544572638724,0.9183362920372696,0.9900842845395369,0.9930048378421664,0.9923644207091159,Pillow wall time including file I/O
chat_preview,photo,kodak_01,768,512,512,341,JPEG,"prog444,q=55",32683,1.4975714809384164,2.481332999991537,1.4827919999902406,nan,nan,29.800544572638724,0.9183362920372696,0.9900842845395369,0.9930048378421664,0.9923644207091159,Pillow wall time including file I/O
chat_preview,photo,kodak_01,768,512,512,341,JPEG,"seq420,q=56",30266,1.3868218475073313,1.058499999999185,0.7192500000030577,nan,nan,29.6166279576722,0.9155776230275191,0.9879720715914977,0.9930970254093159,0.9912847800452967,Pillow wall time including file I/O
chat_preview,photo,kodak_01,768,512,512,341,JPEG,"prog420,q=56",30062,1.377474340175953,2.11387500000626,1.3198330000108172,nan,nan,29.6166279576722,0.9155776230275191,0.9879720715914977,0.9930970254093159,0.9912847800452967,Pillow wall time including file I/O
chat_preview,photo,kodak_01,768,512,512,341,JPEG,"seq444,q=56",33044,1.5141129032258065,1.3473329999982298,0.7631250000059708,nan,nan,29.887174194036128,0.9199391751744201,0.9902999578247478,0.9931934099783445,0.9925295488927067,Pillow wall time including file I/O
chat_preview,photo,kodak_01,768,512,512,341,JPEG,"prog444,q=56",33177,1.5202071114369502,2.6880420000026106,1.4667909999985795,nan,nan,29.887174194036128,0.9199391751744201,0.9902999578247478,0.9931934099783445,0.9925295488927067,Pillow wall time including file I/O
chat_preview,photo,kodak_01,768,512,512,341,JPEG,"seq420,q=57",30774,1.4100989736070382,1.0280839999978753,0.5495830000086244,nan,nan,29.693092143334038,0.9169930668427771,0.9881765595969835,0.9932443248001189,0.9914472739048561,Pillow wall time including file I/O
chat_preview,photo,kodak_01,768,512,512,341,JPEG,"prog420,q=57",30495,1.3973148826979471,2.1234169999928554,1.2852910000020756,nan,nan,29.693092143334038,0.9169930668427771,0.9881765595969835,0.9932443248001189,0.9914472739048561,Pillow wall time including file I/O
chat_preview,photo,kodak_01,768,512,512,341,JPEG,"seq444,q=57",33633,1.5411015395894427,1.304166999986478,0.7334170000063978,nan,nan,29.96863936409931,0.9214538819177237,0.9905239558071436,0.9933327900698957,0.9926825152049551,Pillow wall time including file I/O
chat_preview,photo,kodak_01,768,512,512,341,JPEG,"prog444,q=57",33700,1.5441715542521994,2.542749999989269,1.540457999993805,nan,nan,29.96863936409931,0.9214538819177237,0.9905239558071436,0.9933327900698957,0.9926825152049551,Pillow wall time including file I/O
chat_preview,photo,kodak_01,768,512,512,341,JPEG,"seq420,q=58",31318,1.435025659824047,0.9806670000074291,0.548207999997885,nan,nan,29.779657660411566,0.9183404154175449,0.9883941533042909,0.9934091764028117,0.9916447922417501,Pillow wall time including file I/O
chat_preview,photo,kodak_01,768,512,512,341,JPEG,"prog420,q=58",31011,1.42095857771261,2.0685420000035037,1.1758750000012697,nan,nan,29.779657660411566,0.9183404154175449,0.9883941533042909,0.9934091764028117,0.9916447922417501,Pillow wall time including file I/O
chat_preview,photo,kodak_01,768,512,512,341,JPEG,"seq444,q=58",34199,1.5670362903225807,1.3540419999884534,0.6170839999981581,nan,nan,30.0560622226101,0.9228509828635317,0.990720701392222,0.9935083421085992,0.9928400436115687,Pillow wall time including file I/O
chat_preview,photo,kodak_01,768,512,512,341,JPEG,"prog444,q=58",34268,1.5701979472140764,2.67525000001001,1.5265419999934693,nan,nan,30.0560622226101,0.9228509828635317,0.990720701392222,0.9935083421085992,0.9928400436115687,Pillow wall time including file I/O
chat_preview,photo,kodak_01,768,512,512,341,JPEG,"seq420,q=59",31686,1.4518878299120235,0.9749590000041053,0.6852089999966893,nan,nan,29.846431818373027,0.9195194742407432,0.9885449308395825,0.9935432637411835,0.9917640732633732,Pillow wall time including file I/O
chat_preview,photo,kodak_01,768,512,512,341,JPEG,"prog420,q=59",31338,1.435942082111437,2.2369999999938273,1.1452499999933252,nan,nan,29.846431818373027,0.9195194742407432,0.9885449308395825,0.9935432637411835,0.9917640732633732,Pillow wall time including file I/O
chat_preview,photo,kodak_01,768,512,512,341,JPEG,"seq444,q=59",34603,1.5855480205278591,1.3473750000088103,0.74700000000405,nan,nan,30.12674988291954,0.9240141741394994,0.9908666126953859,0.9936407097671793,0.9929553219166987,Pillow wall time including file I/O
chat_preview,photo,kodak_01,768,512,512,341,JPEG,"prog444,q=59",34593,1.5850898093841643,2.5739580000134765,1.527249999995206,nan,nan,30.12674988291954,0.9240141741394994,0.9908666126953859,0.9936407097671793,0.9929553219166987,Pillow wall time including file I/O
chat_preview,photo,kodak_01,768,512,512,341,JPEG,"seq420,q=60",32166,1.4738819648093842,1.006875000001628,0.5414170000079821,nan,nan,29.93418700462087,0.9211488933570365,0.9888004324682488,0.9937121265809972,0.991940728985258,Pillow wall time including file I/O
chat_preview,photo,kodak_01,768,512,512,341,JPEG,"prog420,q=60",31841,1.4589901026392962,2.1282080000020187,1.2253330000078222,nan,nan,29.93418700462087,0.9211488933570365,0.9888004324682488,0.9937121265809972,0.991940728985258,Pillow wall time including file I/O
chat_preview,photo,kodak_01,768,512,512,341,JPEG,"seq444,q=60",35181,1.612032624633431,1.4035419999913756,0.7386249999967731,nan,nan,30.21936490225348,0.9255838298247592,0.9910957122688036,0.993801716243387,0.9931174377007882,Pillow wall time including file I/O
chat_preview,photo,kodak_01,768,512,512,341,JPEG,"prog444,q=60",35217,1.6136821847507332,2.557125000009819,1.5504169999900341,nan,nan,30.21936490225348,0.9255838298247592,0.9910957122688036,0.993801716243387,0.9931174377007882,Pillow wall time including file I/O
chat_preview,photo,kodak_01,768,512,512,341,JPEG,"seq420,q=61",32717,1.4991293988269794,1.0871669999943379,0.7086669999978312,nan,nan,30.028011839109567,0.9226421042714422,0.9891836625283276,0.9939509679772319,0.9921418158238324,Pillow wall time including file I/O
chat_preview,photo,kodak_01,768,512,512,341,JPEG,"prog420,q=61",32362,1.4828629032258065,2.163417000005552,1.3209170000010317,nan,nan,30.028011839109567,0.9226421042714422,0.9891836625283276,0.9939509679772319,0.9921418158238324,Pillow wall time including file I/O
chat_preview,photo,kodak_01,768,512,512,341,JPEG,"seq444,q=61",35809,1.640808284457478,1.3220419999981914,0.7756250000028331,nan,nan,30.322542284828685,0.9272320973916827,0.9914830495103043,0.9940398451128346,0.993336152957125,Pillow wall time including file I/O
chat_preview,photo,kodak_01,768,512,512,341,JPEG,"prog444,q=61",35771,1.639067082111437,2.6812499999948614,1.5917089999959444,nan,nan,30.322542284828685,0.9272320973916827,0.9914830495103043,0.9940398451128346,0.993336152957125,Pillow wall time including file I/O
chat_preview,photo,kodak_01,768,512,512,341,JPEG,"seq420,q=62",33157,1.5192906891495601,1.0360830000024635,0.5614580000070646,nan,nan,30.105912419259212,0.9239005247338605,0.9893633146529158,0.9940759529068438,0.9922713299745837,Pillow wall time including file I/O
chat_preview,photo,kodak_01,768,512,512,341,JPEG,"prog420,q=62",32700,1.498350439882698,2.375290999992785,1.196332999995775,nan,nan,30.105912419259212,0.9239005247338605,0.9893633146529158,0.9940759529068438,0.9922713299745837,Pillow wall time including file I/O
chat_preview,photo,kodak_01,768,512,512,341,JPEG,"seq444,q=62",36266,1.6617485337243403,1.3325420000001031,0.7421250000021473,nan,nan,30.409136199927893,0.9284436838668689,0.9916390004199104,0.9941605857841598,0.9934671179641842,Pillow wall time including file I/O
chat_preview,photo,kodak_01,768,512,512,341,JPEG,"prog444,q=62",36153,1.6565707478005864,2.6418340000020635,1.6337499999963256,nan,nan,30.409136199927893,0.9284436838668689,0.9916390004199104,0.9941605857841598,0.9934671179641842,Pillow wall time including file I/O
chat_preview,photo,kodak_01,768,512,512,341,JPEG,"seq420,q=63",33839,1.5505406891495601,1.0208330000125443,0.6930410000052234,nan,nan,30.210133422500842,0.9255559943488648,0.9896369713351804,0.9942565425208565,0.9924669285619138,Pillow wall time including file I/O
chat_preview,photo,kodak_01,768,512,512,341,JPEG,"prog420,q=63",33364,1.528775659824047,2.132083000006446,1.1948750000101427,nan,nan,30.210133422500842,0.9255559943488648,0.9896369713351804,0.9942565425208565,0.9924669285619138,Pillow wall time including file I/O
chat_preview,photo,kodak_01,768,512,512,341,JPEG,"seq444,q=63",37033,1.6968933284457477,1.3581250000100908,0.7655410000069196,nan,nan,30.5179421581334,0.9300744090993608,0.9918676947128796,0.9943389164654096,0.993636080781385,Pillow wall time including file I/O
chat_preview,photo,kodak_01,768,512,512,341,JPEG,"prog444,q=63",36932,1.6922653958944283,2.722124999991138,1.5425830000026508,nan,nan,30.5179421581334,0.9300744090993608,0.9918676947128796,0.9943389164654096,0.993636080781385,Pillow wall time including file I/O
chat_preview,photo,kodak_01,768,512,512,341,JPEG,"seq420,q=64",34267,1.5701521260997067,1.1736249999927395,0.5747919999947726,nan,nan,30.303466377887524,0.9269294979937505,0.9899270781851629,0.9943851165359031,0.9926697109130537,Pillow wall time including file I/O
chat_preview,photo,kodak_01,768,512,512,341,JPEG,"prog420,q=64",33776,1.5476539589442815,2.232625000004873,1.4641669999946316,nan,nan,30.303466377887524,0.9269294979937505,0.9899270781851629,0.9943851165359031,0.9926697109130537,Pillow wall time including file I/O
chat_preview,photo,kodak_01,768,512,512,341,JPEG,"seq444,q=64",37588,1.7223240469208212,1.3532920000045578,0.6293339999956515,nan,nan,30.617387273789774,0.9314916709112282,0.992192552713528,0.9944670955648502,0.993837116023345,Pillow wall time including file I/O
chat_preview,photo,kodak_01,768,512,512,341,JPEG,"prog444,q=64",37456,1.716275659824047,2.7363749999977927,1.5773330000001806,nan,nan,30.617387273789774,0.9314916709112282,0.992192552713528,0.9944670955648502,0.993837116023345,Pillow wall time including file I/O
chat_preview,photo,kodak_01,768,512,512,341,JPEG,"seq420,q=65",34922,1.6001649560117301,1.0217079999961243,0.716541000002735,nan,nan,30.399464332548135,0.9284483706916037,0.9901609567645956,0.9945917052913406,0.9928279581908702,Pillow wall time including file I/O
chat_preview,photo,kodak_01,768,512,512,341,JPEG,"prog420,q=65",34405,1.576475439882698,2.2082920000059403,1.2271669999961432,nan,nan,30.399464332548135,0.9284483706916037,0.9901609567645956,0.9945917052913406,0.9928279581908702,Pillow wall time including file I/O
chat_preview,photo,kodak_01,768,512,512,341,JPEG,"seq444,q=65",38263,1.7532532991202345,1.3729589999940117,0.7539589999936425,nan,nan,30.71948725534895,0.9329786726051997,0.9924202088451847,0.994673348096323,0.993993090166008,Pillow wall time including file I/O
chat_preview,photo,kodak_01,768,512,512,341,JPEG,"prog444,q=65",38095,1.7455553519061584,2.7446249999911743,1.5183750000034024,nan,nan,30.71948725534895,0.9329786726051997,0.9924202088451847,0.994673348096323,0.993993090166008,Pillow wall time including file I/O
chat_preview,photo,kodak_01,768,512,512,341,JPEG,"seq420,q=66",35570,1.6298570381231672,1.0613749999919264,0.5563750000021628,nan,nan,30.511224240957514,0.9302034867268018,0.9904398017220495,0.9947376409416375,0.9930346057590785,Pillow wall time including file I/O
chat_preview,photo,kodak_01,768,512,512,341,JPEG,"prog420,q=66",35000,1.6037390029325513,2.215500000005477,1.2099580000040078,nan,nan,30.511224240957514,0.9302034867268018,0.9904398017220495,0.9947376409416375,0.9930346057590785,Pillow wall time including file I/O
chat_preview,photo,kodak_01,768,512,512,341,JPEG,"seq444,q=66",39056,1.7895894428152492,1.5966250000047921,0.7999590000054013,nan,nan,30.838140356089383,0.9346774595836606,0.992628000579376,0.9948197244825459,0.9941635881498919,Pillow wall time including file I/O
chat_preview,photo,kodak_01,768,512,512,341,JPEG,"prog444,q=66",38889,1.7819373167155426,2.846250000004602,1.6102090000060798,nan,nan,30.838140356089383,0.9346774595836606,0.992628000579376,0.9948197244825459,0.9941635881498919,Pillow wall time including file I/O
chat_preview,photo,kodak_01,768,512,512,341,JPEG,"seq420,q=67",36133,1.6556543255131966,1.0754999999988968,0.7264999999989641,nan,nan,30.614194433675138,0.9317967084930135,0.9905392922001055,0.9948954127479147,0.9931687003172712,Pillow wall time including file I/O
chat_preview,photo,kodak_01,768,512,512,341,JPEG,"prog420,q=67",35510,1.6271077712609971,2.4151659999915864,1.380333000000178,nan,nan,30.614194433675138,0.9317967084930135,0.9905392922001055,0.9948954127479147,0.9931687003172712,Pillow wall time including file I/O
chat_preview,photo,kodak_01,768,512,512,341,JPEG,"seq444,q=67",39687,1.8185025659824048,1.4171250000032387,0.8190839999997479,nan,nan,30.95095957687798,0.9362870378741369,0.9927709509592936,0.994981288707848,0.9943071901162054,Pillow wall time including file I/O
chat_preview,photo,kodak_01,768,512,512,341,JPEG,"prog444,q=67",39431,1.8067723607038124,2.8030420000106915,1.5631249999898955,nan,nan,30.95095957687798,0.9362870378741369,0.9927709509592936,0.994981288707848,0.9943071901162054,Pillow wall time including file I/O
chat_preview,photo,kodak_01,768,512,512,341,JPEG,"seq420,q=68",36973,1.6941440615835777,1.0392499999909433,0.6774169999914648,nan,nan,30.72835292440514,0.9334556821515948,0.990774218370294,0.9951013063756361,0.9933357620384453,Pillow wall time including file I/O
chat_preview,photo,kodak_01,768,512,512,341,JPEG,"prog420,q=68",36293,1.6629857038123168,2.21470799999679,1.34720899998797,nan,nan,30.72835292440514,0.9334556821515948,0.990774218370294,0.9951013063756361,0.9933357620384453,Pillow wall time including file I/O
chat_preview,photo,kodak_01,768,512,512,341,JPEG,"seq444,q=68",40579,1.859375,1.4818329999997104,0.6676250000055006,nan,nan,31.06849831371225,0.9379443418810675,0.9930123898842846,0.9951732019355516,0.9944670990501778,Pillow wall time including file I/O
chat_preview,photo,kodak_01,768,512,512,341,JPEG,"prog444,q=68",40269,1.8451704545454546,2.9027920000004315,1.4838749999910306,nan,nan,31.06849831371225,0.9379443418810675,0.9930123898842846,0.9951732019355516,0.9944670990501778,Pillow wall time including file I/O
chat_preview,photo,kodak_01,768,512,512,341,JPEG,"seq420,q=69",37593,1.7225531524926687,1.0972500000008267,0.5940000000066448,nan,nan,30.837095612309827,0.9349335878858707,0.9910070929096718,0.9952363256004149,0.9935032338792943,Pillow wall time including file I/O
chat_preview,photo,kodak_01,768,512,512,341,JPEG,"prog420,q=69",36858,1.6888746334310851,2.268374999999878,1.270916999999372,nan,nan,30.837095612309827,0.9349335878858707,0.9910070929096718,0.9952363256004149,0.9935032338792943,Pillow wall time including file I/O
chat_preview,photo,kodak_01,768,512,512,341,JPEG,"seq444,q=69",41351,1.8947489002932552,1.374624999996854,0.7916249999908587,nan,nan,31.182707674838056,0.9393461774920707,0.9932114374318961,0.9953066093815274,0.9946180511564225,Pillow wall time including file I/O
chat_preview,photo,kodak_01,768,512,512,341,JPEG,"prog444,q=69",40983,1.8778867302052786,2.7631250000013097,1.6396249999957035,nan,nan,31.182707674838056,0.9393461774920707,0.9932114374318961,0.9953066093815274,0.9946180511564225,Pillow wall time including file I/O
chat_preview,photo,kodak_01,768,512,512,341,JPEG,"seq420,q=70",38488,1.7635630498533725,1.0734580000075766,0.7160830000003671,nan,nan,30.96922597561139,0.936725278288366,0.9912729555452785,0.9954354202642488,0.9937054615212664,Pillow wall time including file I/O
chat_preview,photo,kodak_01,768,512,512,341,JPEG,"prog420,q=70",37721,1.728418255131965,2.2383750000045666,1.3885420000008253,nan,nan,30.96922597561139,0.936725278288366,0.9912729555452785,0.9954354202642488,0.9937054615212664,Pillow wall time including file I/O
chat_preview,photo,kodak_01,768,512,512,341,JPEG,"seq444,q=70",42341,1.9401118035190617,1.3634580000001506,0.7754589999962036,nan,nan,31.325448286384688,0.9411756025213743,0.9934660725522763,0.9955070463260473,0.9948080297126897,Pillow wall time including file I/O
chat_preview,photo,kodak_01,768,512,512,341,JPEG,"prog444,q=70",41973,1.9232496334310851,2.8515839999982973,1.6538749999881475,nan,nan,31.325448286384688,0.9411756025213743,0.9934660725522763,0.9955070463260473,0.9948080297126897,Pillow wall time including file I/O
chat_preview,photo,kodak_01,768,512,512,341,JPEG,"seq420,q=71",39284,1.8000366568914956,1.0442500000067412,0.5789169999985688,nan,nan,31.102241406345307,0.9384127432408466,0.9915651970434003,0.9956090087611928,0.9939158828503657,Pillow wall time including file I/O
chat_preview,photo,kodak_01,768,512,512,341,JPEG,"prog420,q=71",38446,1.7616385630498534,2.2864999999967495,1.3842080000046053,nan,nan,31.102241406345307,0.9384127432408466,0.9915651970434003,0.9956090087611928,0.9939158828503657,Pillow wall time including file I/O
chat_preview,photo,kodak_01,768,512,512,341,JPEG,"seq444,q=71",43341,1.985932917888563,1.4233329999910893,0.7997500000129776,nan,nan,31.464341545292545,0.9429172616201762,0.9937672850207017,0.9956830630805708,0.9949985088406976,Pillow wall time including file I/O
chat_preview,photo,kodak_01,768,512,512,341,JPEG,"prog444,q=71",42893,1.9654050586510263,2.833459000001426,1.7009160000043266,nan,nan,31.464341545292545,0.9429172616201762,0.9937672850207017,0.9956830630805708,0.9949985088406976,Pillow wall time including file I/O
chat_preview,photo,kodak_01,768,512,512,341,JPEG,"seq420,q=72",39925,1.829407991202346,1.0772910000014235,0.7241249999907495,nan,nan,31.223842633715726,0.93995032493968,0.9917348176104501,0.9957653178426492,0.9940575791113243,Pillow wall time including file I/O
chat_preview,photo,kodak_01,768,512,512,341,JPEG,"prog420,q=72",39116,1.7923387096774193,2.3712079999995694,1.292250000005879,nan,nan,31.223842633715726,0.93995032493968,0.9917348176104501,0.9957653178426492,0.9940575791113243,Pillow wall time including file I/O
chat_preview,photo,kodak_01,768,512,512,341,JPEG,"seq444,q=72",44037,2.0178244134897363,1.429666000007046,0.7741670000029899,nan,nan,31.59203497574854,0.9445576670488428,0.9939456368405345,0.995837916851916,0.9951264131261909,Pillow wall time including file I/O
chat_preview,photo,kodak_01,768,512,512,341,JPEG,"prog444,q=72",43631,1.9992210410557185,2.9270419999960495,1.5554579999985663,nan,nan,31.59203497574854,0.9445576670488428,0.9939456368405345,0.995837916851916,0.9951264131261909,Pillow wall time including file I/O
chat_preview,photo,kodak_01,768,512,512,341,JPEG,"seq420,q=73",40843,1.8714717741935485,1.1252919999975575,0.5812920000067834,nan,nan,31.362323627793852,0.941704902324004,0.9921111208409185,0.9959276614680219,0.9942671463648636,Pillow wall time including file I/O
chat_preview,photo,kodak_01,768,512,512,341,JPEG,"prog420,q=73",39849,1.825925586510264,2.3876249999972288,1.4531249999976126,nan,nan,31.362323627793852,0.941704902324004,0.9921111208409185,0.9959276614680219,0.9942671463648636,Pillow wall time including file I/O
chat_preview,photo,kodak_01,768,512,512,341,JPEG,"seq444,q=73",45078,2.065524193548387,1.4364169999936394,0.7290829999959669,nan,nan,31.73214536539899,0.9462922880933964,0.9942502600271008,0.9960040849644437,0.9952909598917454,Pillow wall time including file I/O
chat_preview,photo,kodak_01,768,512,512,341,JPEG,"prog444,q=73",44441,2.0363361436950145,3.098041000001217,1.5492910000034499,nan,nan,31.73214536539899,0.9462922880933964,0.9942502600271008,0.9960040849644437,0.9952909598917454,Pillow wall time including file I/O
chat_preview,photo,kodak_01,768,512,512,341,JPEG,"seq420,q=74",42150,1.9313599706744868,1.0875830000003361,0.5767499999933534,nan,nan,31.546497570633242,0.9438801702556804,0.9924409989301705,0.9961654914281616,0.9945056987971156,Pillow wall time including file I/O
chat_preview,photo,kodak_01,768,512,512,341,JPEG,"prog420,q=74",41109,1.8836601906158357,2.4692909999970425,1.4451250000035998,nan,nan,31.546497570633242,0.9438801702556804,0.9924409989301705,0.9961654914281616,0.9945056987971156,Pillow wall time including file I/O
chat_preview,photo,kodak_01,768,512,512,341,JPEG,"seq444,q=74",46667,2.138333944281525,1.4631669999971564,0.8492500000016889,nan,nan,31.924520039126037,0.9483724267261527,0.9945421831879723,0.9962329461845336,0.9955348960431469,Pillow wall time including file I/O
chat_preview,photo,kodak_01,768,512,512,341,JPEG,"prog444,q=74",46002,2.1078629032258065,3.0062500000127557,1.7510420000093063,nan,nan,31.924520039126037,0.9483724267261527,0.9945421831879723,0.9962329461845336,0.9955348960431469,Pillow wall time including file I/O
chat_preview,photo,kodak_01,768,512,512,341,JPEG,"seq420,q=75",42556,1.9499633431085044,1.095166000013137,0.7436669999947298,nan,nan,31.655191465777058,0.9451023968177413,0.9925625210695509,0.9962675477693151,0.9946277343113152,Pillow wall time including file I/O
chat_preview,photo,kodak_01,768,512,512,341,JPEG,"prog420,q=75",41499,1.9015304252199414,2.4008329999958278,1.470542000006958,nan,nan,31.655191465777058,0.9451023968177413,0.9925625210695509,0.9962675477693151,0.9946277343113152,Pillow wall time including file I/O
chat_preview,photo,kodak_01,768,512,512,341,JPEG,"seq444,q=75",47104,2.158357771260997,1.4942919999896276,0.8438750000010486,nan,nan,32.04130449142886,0.9495643251735114,0.9946518609672638,0.9963332339009908,0.9956508284706037,Pillow wall time including file I/O
chat_preview,photo,kodak_01,768,512,512,341,JPEG,"prog444,q=75",46406,2.126374633431085,3.0225409999786734,1.5837079999982961,nan,nan,32.04130449142886,0.9495643251735114,0.9946518609672638,0.9963332339009908,0.9956508284706037,Pillow wall time including file I/O
chat_preview,photo,kodak_01,768,512,512,341,JPEG,"seq420,q=76",43626,1.998991935483871,1.1655000000132532,0.7345829999962916,nan,nan,31.849793913532253,0.9471644795409371,0.9929458846222968,0.996460529368259,0.9948997370463172,Pillow wall time including file I/O
chat_preview,photo,kodak_01,768,512,512,341,JPEG,"prog420,q=76",42403,1.9429527126099706,2.4227090000010776,1.4874160000033498,nan,nan,31.849793913532253,0.9471644795409371,0.9929458846222968,0.996460529368259,0.9948997370463172,Pillow wall time including file I/O
chat_preview,photo,kodak_01,768,512,512,341,JPEG,"seq444,q=76",48300,2.213159824046921,1.4946670000028917,0.7009999999922911,nan,nan,32.245502039820025,0.9515283273690899,0.9949961197073477,0.9965257487896768,0.9958930097337247,Pillow wall time including file I/O
chat_preview,photo,kodak_01,768,512,512,341,JPEG,"prog444,q=76",47402,2.1720124633431084,3.147124999998141,1.8785419999858277,nan,nan,32.245502039820025,0.9515283273690899,0.9949961197073477,0.9965257487896768,0.9958930097337247,Pillow wall time including file I/O
chat_preview,photo,kodak_01,768,512,512,341,JPEG,"seq420,q=77",45172,2.0698313782991202,1.1997080000014648,0.6410420000122485,nan,nan,32.065333881173636,0.9495527411096859,0.9933506385513629,0.9966826018760375,0.9951687399072512,Pillow wall time including file I/O
chat_preview,photo,kodak_01,768,512,512,341,JPEG,"prog420,q=77",43938,2.0132881231671553,2.494167000008929,1.433542000000898,nan,nan,32.065333881173636,0.9495527411096859,0.9933506385513629,0.9966826018760375,0.9951687399072512,Pillow wall time including file I/O
chat_preview,photo,kodak_01,768,512,512,341,JPEG,"seq444,q=77",50206,2.3004948680351904,2.5441670000247996,1.4094580000119095,nan,nan,32.47355419563414,0.9539489559543887,0.9953333801536578,0.9967413511460869,0.996134795427907,Pillow wall time including file I/O
chat_preview,photo,kodak_01,768,512,512,341,JPEG,"prog444,q=77",49257,2.2570106304985336,3.592166999993651,3.5318749999930787,nan,nan,32.47355419563414,0.9539489559543887,0.9953333801536578,0.9967413511460869,0.996134795427907,Pillow wall time including file I/O
chat_preview,photo,kodak_01,768,512,512,341,JPEG,"seq420,q=78",46418,2.126924486803519,1.2711669999987407,0.7503329999849484,nan,nan,32.2329942524815,0.9513049165167929,0.9935525630308598,0.9968557513198192,0.9953294438367654,Pillow wall time including file I/O
chat_preview,photo,kodak_01,768,512,512,341,JPEG,"prog420,q=78",44894,2.057093108504399,2.752166999982819,1.5447499999936554,nan,nan,32.2329942524815,0.9513049165167929,0.9935525630308598,0.9968557513198192,0.9953294438367654,Pillow wall time including file I/O
chat_preview,photo,kodak_01,768,512,512,341,JPEG,"seq444,q=78",51562,2.3626282991202348,2.7564580000216665,2.825583000003462,nan,nan,32.645914923661486,0.9555887917930047,0.9954838108123333,0.9969142147749637,0.9962784045969114,Pillow wall time including file I/O
chat_preview,photo,kodak_01,768,512,512,341,JPEG,"prog444,q=78",50358,2.307459677419355,3.242499999998927,1.734249999998383,nan,nan,32.645914923661486,0.9555887917930047,0.9954838108123333,0.9969142147749637,0.9962784045969114,Pillow wall time including file I/O
chat_preview,photo,kodak_01,768,512,512,341,JPEG,"seq420,q=79",47375,2.170775293255132,1.2143749999893316,0.6389160000139782,nan,nan,32.41457561336831,0.9531668681793537,0.9937957055971309,0.9969969905826496,0.9955236318327169,Pillow wall time including file I/O
chat_preview,photo,kodak_01,768,512,512,341,JPEG,"prog420,q=79",45838,2.1003482404692084,2.6803750000112814,1.4325420000034228,nan,nan,32.41457561336831,0.9531668681793537,0.9937957055971309,0.9969969905826496,0.9955236318327169,Pillow wall time including file I/O
chat_preview,photo,kodak_01,768,512,512,341,JPEG,"seq444,q=79",52686,2.414131231671554,1.6806249999774536,0.8159999999861611,nan,nan,32.83866584151547,0.957258315063234,0.9956528967986545,0.9970629092731776,0.9964424765267542,Pillow wall time including file I/O
chat_preview,photo,kodak_01,768,512,512,341,JPEG,"prog444,q=79",51438,2.3569464809384164,3.2961249999914344,1.8745419999959267,nan,nan,32.83866584151547,0.957258315063234,0.9956528967986545,0.9970629092731776,0.9964424765267542,Pillow wall time including file I/O
chat_preview,photo,kodak_01,768,512,512,341,JPEG,"seq420,q=80",48812,2.2366202346041058,1.222167000008767,0.7477080000057867,nan,nan,32.642458306869585,0.9552138687432717,0.9941018330366659,0.9971828888125582,0.995766606594095,Pillow wall time including file I/O
chat_preview,photo,kodak_01,768,512,512,341,JPEG,"prog420,q=80",47090,2.157716275659824,2.6548330000082387,1.44262499998149,nan,nan,32.642458306869585,0.9552138687432717,0.9941018330366659,0.9971828888125582,0.995766606594095,Pillow wall time including file I/O
chat_preview,photo,kodak_01,768,512,512,341,JPEG,"seq444,q=80",54498,2.497159090909091,1.7201250000198343,0.7851670000036393,nan,nan,33.08011881145815,0.9593737743216731,0.9959498374421804,0.997245302420576,0.996655859201882,Pillow wall time including file I/O
chat_preview,photo,kodak_01,768,512,512,341,JPEG,"prog444,q=80",53046,2.430626832844575,3.283874999993941,1.9133330000045135,nan,nan,33.08011881145815,0.9593737743216731,0.9959498374421804,0.997245302420576,0.996655859201882,Pillow wall time including file I/O
chat_preview,photo,kodak_01,768,512,512,341,JPEG,"seq420,q=81",50565,2.3169446480938416,1.2660419999974692,0.6492919999914193,nan,nan,32.888409077482244,0.9574582442813854,0.9943604094642625,0.9973711004649302,0.9959900521159661,Pillow wall time including file I/O
chat_preview,photo,kodak_01,768,512,512,341,JPEG,"prog420,q=81",48764,2.2344208211143695,2.630582999984199,1.5796250000050804,nan,nan,32.888409077482244,0.9574582442813854,0.9943604094642625,0.9973711004649302,0.9959900521159661,Pillow wall time including file I/O
chat_preview,photo,kodak_01,768,512,512,341,JPEG,"seq444,q=81",56498,2.588801319648094,1.580624999974134,0.727166000018542,nan,nan,33.34790568028679,0.961609367572871,0.9961816058444387,0.9974358834573014,0.996858888471422,Pillow wall time including file I/O
chat_preview,photo,kodak_01,768,512,512,341,JPEG,"prog444,q=81",54945,2.517641129032258,3.5042920000023514,1.77733300000682,nan,nan,33.34790568028679,0.961609367572871,0.9961816058444387,0.9974358834573014,0.996858888471422,Pillow wall time including file I/O
chat_preview,photo,kodak_01,768,512,512,341,JPEG,"seq420,q=82",52070,2.385905425219941,1.2103750000278524,0.7674590000021908,nan,nan,33.13160640288309,0.9594657429153317,0.9946274822802259,0.9975277518851916,0.9962041678838841,Pillow wall time including file I/O
chat_preview,photo,kodak_01,768,512,512,341,JPEG,"prog420,q=82",50027,2.29229288856305,2.758416999995461,1.4478330000144979,nan,nan,33.13160640288309,0.9594657429153317,0.9946274822802259,0.9975277518851916,0.9962041678838841,Pillow wall time including file I/O
chat_preview,photo,kodak_01,768,512,512,341,JPEG,"seq444,q=82",58392,2.67558651026393,1.6015000000209056,0.9078329999852031,nan,nan,33.60133591175446,0.9635373818036833,0.996401725714709,0.997590570964036,0.9970397698587925,Pillow wall time including file I/O
chat_preview,photo,kodak_01,768,512,512,341,JPEG,"prog444,q=82",56600,2.593475073313783,3.4282080000025417,1.782958000006829,nan,nan,33.60133591175446,0.9635373818036833,0.996401725714709,0.997590570964036,0.9970397698587925,Pillow wall time including file I/O
chat_preview,photo,kodak_01,768,512,512,341,JPEG,"seq420,q=83",54044,2.4763563049853374,1.2557499999843458,0.6440830000258302,nan,nan,33.39960411136484,0.9617111783630463,0.9949359154840596,0.9977242860335122,0.9964241730104116,Pillow wall time including file I/O
chat_preview,photo,kodak_01,768,512,512,341,JPEG,"prog420,q=83",51900,2.378115835777126,2.7919159999783005,1.4850420000129816,nan,nan,33.39960411136484,0.9617111783630463,0.9949359154840596,0.9977242860335122,0.9964241730104116,Pillow wall time including file I/O
chat_preview,photo,kodak_01,768,512,512,341,JPEG,"seq444,q=83",60635,2.7783632697947214,1.6304170000012164,0.7472499999892079,nan,nan,33.8822714106525,0.9656349988243319,0.9966417683386362,0.9977829387923606,0.9972277460053818,Pillow wall time including file I/O
chat_preview,photo,kodak_01,768,512,512,341,JPEG,"prog444,q=83",58696,2.689516129032258,3.4934169999871756,1.8357080000157566,nan,nan,33.8822714106525,0.9656349988243319,0.9966417683386362,0.9977829387923606,0.9972277460053818,Pillow wall time including file I/O
chat_preview,photo,kodak_01,768,512,512,341,JPEG,"seq420,q=84",55857,2.5594299853372435,1.2646670000151516,0.8847910000042702,nan,nan,33.693366964204195,0.9638794144209178,0.995215778936605,0.997896170919869,0.9966354216546914,Pillow wall time including file I/O
chat_preview,photo,kodak_01,768,512,512,341,JPEG,"prog420,q=84",53408,2.4472140762463344,2.809916999979123,1.6547909999928834,nan,nan,33.693366964204195,0.9638794144209178,0.995215778936605,0.997896170919869,0.9966354216546914,Pillow wall time including file I/O
chat_preview,photo,kodak_01,768,512,512,341,JPEG,"seq444,q=84",62626,2.869593108504399,1.6751670000019203,0.9122499999989486,nan,nan,34.19693543563338,0.9677081904062946,0.9968747482313839,0.997951043016299,0.9974230170799067,Pillow wall time including file I/O
chat_preview,photo,kodak_01,768,512,512,341,JPEG,"prog444,q=84",60424,2.7686950146627565,3.582750000020951,1.8967500000144355,nan,nan,34.19693543563338,0.9677081904062946,0.9968747482313839,0.997951043016299,0.9974230170799067,Pillow wall time including file I/O
chat_preview,photo,kodak_01,768,512,512,341,JPEG,"seq420,q=85",57718,2.6447030791788855,1.2813330000085443,0.8302079999964462,nan,nan,34.01802538631245,0.9662002927639083,0.9955417135944779,0.9980576943836383,0.9968816627035473,Pillow wall time including file I/O
chat_preview,photo,kodak_01,768,512,512,341,JPEG,"prog420,q=85",55150,2.5270344574780057,3.4896669999966434,1.7537909999987278,nan,nan,34.01802538631245,0.9662002927639083,0.9955417135944779,0.9980576943836383,0.9968816627035473,Pillow wall time including file I/O
chat_preview,photo,kodak_01,768,512,512,341,JPEG,"seq444,q=85",65084,2.9822214076246336,1.9908749999899555,0.9090839999998934,nan,nan,34.54420596317035,0.9699323124316276,0.9971425628898068,0.9981151789801554,0.9976314852721391,Pillow wall time including file I/O
chat_preview,photo,kodak_01,768,512,512,341,JPEG,"prog444,q=85",62842,2.879490469208211,3.8227499999834436,2.2715420000167796,nan,nan,34.54420596317035,0.9699323124316276,0.9971425628898068,0.9981151789801554,0.9976314852721391,Pillow wall time including file I/O
chat_preview,photo,kodak_01,768,512,512,341,JPEG,"seq420,q=86",60256,2.7609970674486806,1.408708000013803,0.7694169999865608,nan,nan,34.396959441362064,0.9687986526555773,0.9958489922272616,0.998257813154235,0.9971346611629567,Pillow wall time including file I/O
chat_preview,photo,kodak_01,768,512,512,341,JPEG,"prog420,q=86",57377,2.6290780791788855,3.2272919999911664,2.086332999994056,nan,nan,34.396959441362064,0.9687986526555773,0.9958489922272616,0.998257813154235,0.9971346611629567,Pillow wall time including file I/O
chat_preview,photo,kodak_01,768,512,512,341,JPEG,"seq444,q=86",67768,3.105205278592375,1.7562919999818405,0.87833300000284,nan,nan,34.9443512186466,0.972279021578831,0.9973728724493641,0.9983120367889541,0.9978439347037824,Pillow wall time including file I/O
chat_preview,photo,kodak_01,768,512,512,341,JPEG,"prog444,q=86",65205,2.987765762463343,4.964333000003762,2.253624999980275,nan,nan,34.9443512186466,0.972279021578831,0.9973728724493641,0.9983120367889541,0.9978439347037824,Pillow wall time including file I/O
chat_preview,photo,kodak_01,768,512,512,341,JPEG,"seq420,q=87",62247,2.8522269061583576,1.5371660000198517,0.7307500000024447,nan,nan,34.76633320623734,0.9710300540941997,0.9961122173724789,0.9984040877699446,0.9973541087915725,Pillow wall time including file I/O
chat_preview,photo,kodak_01,768,512,512,341,JPEG,"prog420,q=87",59143,2.709998167155425,3.0682499999841184,1.8253340000171647,nan,nan,34.76633320623734,0.9710300540941997,0.9961122173724789,0.9984040877699446,0.9973541087915725,Pillow wall time including file I/O
chat_preview,photo,kodak_01,768,512,512,341,JPEG,"seq444,q=87",70247,3.2187958211143695,1.7351660000031188,0.8210830000052738,nan,nan,35.35155488903089,0.974472152785096,0.9975866635902725,0.9984562805854268,0.9980358406592926,Pillow wall time including file I/O
chat_preview,photo,kodak_01,768,512,512,341,JPEG,"prog444,q=87",67516,3.093658357771261,3.7267499999984466,1.9545420000213198,nan,nan,35.35155488903089,0.974472152785096,0.9975866635902725,0.9984562805854268,0.9980358406592926,Pillow wall time including file I/O
chat_preview,photo,kodak_01,768,512,512,341,JPEG,"seq420,q=88",65395,2.9964717741935485,1.3927910000006705,0.8081670000024133,nan,nan,35.20383053338393,0.9734651110123185,0.9963994616065381,0.9985723181004214,0.9975910284530988,Pillow wall time including file I/O
chat_preview,photo,kodak_01,768,512,512,341,JPEG,"prog420,q=88",61934,2.837884897360704,3.1355000000132804,1.7812920000039867,nan,nan,35.20383053338393,0.9734651110123185,0.9963994616065381,0.9985723181004214,0.9975910284530988,Pillow wall time including file I/O
chat_preview,photo,kodak_01,768,512,512,341,JPEG,"seq444,q=88",74024,3.3918621700879767,1.8083340000032422,0.8451669999942624,nan,nan,35.83570331960365,0.9767942326573505,0.9978178789527926,0.9986242240904724,0.998240561569709,Pillow wall time including file I/O
chat_preview,photo,kodak_01,768,512,512,341,JPEG,"prog444,q=88",70959,3.2514204545454546,3.841707999981736,2.0038749999855554,nan,nan,35.83570331960365,0.9767942326573505,0.9978178789527926,0.9986242240904724,0.998240561569709,Pillow wall time including file I/O
chat_preview,photo,kodak_01,768,512,512,341,JPEG,"seq420,q=89",67863,3.109558284457478,1.4250419999939368,0.9067499999844131,nan,nan,35.64654299701592,0.9758003951428075,0.9966641533882278,0.998734525626699,0.9977909430715087,Pillow wall time including file I/O
chat_preview,photo,kodak_01,768,512,512,341,JPEG,"prog420,q=89",64079,2.9361711876832843,3.1597910000016327,1.7865410000013071,nan,nan,35.64654299701592,0.9758003951428075,0.9966641533882278,0.998734525626699,0.9977909430715087,Pillow wall time including file I/O
chat_preview,photo,kodak_01,768,512,512,341,JPEG,"seq444,q=89",76924,3.524743401759531,1.805500000017446,0.9777079999935268,nan,nan,36.33726040388348,0.9790654135413637,0.998015881105279,0.9987809572509884,0.9984236195167188,Pillow wall time including file I/O
chat_preview,photo,kodak_01,768,512,512,341,JPEG,"prog444,q=89",73486,3.3672104105571847,3.9693329999863636,2.0666670000082377,nan,nan,36.33726040388348,0.9790654135413637,0.998015881105279,0.9987809572509884,0.9984236195167188,Pillow wall time including file I/O
chat_preview,photo,kodak_01,768,512,512,341,JPEG,"seq420,q=90",71626,3.2819831378299122,1.419542000007823,0.8574169999917558,nan,nan,36.182998896207195,0.9782715688510795,0.9969629068212259,0.99890427687906,0.9980313914084311,Pillow wall time including file I/O
chat_preview,photo,kodak_01,768,512,512,341,JPEG,"prog420,q=90",67404,3.0885263929618767,3.2570829999940543,1.827000000020007,nan,nan,36.182998896207195,0.9782715688510795,0.9969629068212259,0.99890427687906,0.9980313914084311,Pillow wall time including file I/O
chat_preview,photo,kodak_01,768,512,512,341,JPEG,"seq444,q=90",81439,3.7316257331378297,1.864625000024489,0.9710840000138887,nan,nan,36.9466882805123,0.981436180416719,0.9982617979942275,0.9989473961769353,0.9986372611289304,Pillow wall time including file I/O
chat_preview,photo,kodak_01,768,512,512,341,JPEG,"prog444,q=90",77560,3.5538856304985336,4.0432500000235905,2.223041000007697,nan,nan,36.9466882805123,0.981436180416719,0.9982617979942275,0.9989473961769353,0.9986372611289304,Pillow wall time including file I/O
chat_preview,photo,kodak_01,768,512,512,341,JPEG,"seq420,q=91",74977,3.4355296920821115,1.4867910000191387,0.7465829999944162,nan,nan,36.71399118754604,0.98052184071982,0.997236889760318,0.9990444419633266,0.9982311874967518,Pillow wall time including file I/O
chat_preview,photo,kodak_01,768,512,512,341,JPEG,"prog420,q=91",70592,3.2346041055718473,4.294458999993367,1.9176250000043638,nan,nan,36.71399118754604,0.98052184071982,0.997236889760318,0.9990444419633266,0.9982311874967518,Pillow wall time including file I/O
chat_preview,photo,kodak_01,768,512,512,341,JPEG,"seq444,q=91",85917,3.9368126832844577,1.9077499999866632,1.012750000001006,nan,nan,37.564782878051,0.9836130695440323,0.9984800271975555,0.9990865729515249,0.998815489452914,Pillow wall time including file I/O
chat_preview,photo,kodak_01,768,512,512,341,JPEG,"prog444,q=91",81797,3.7480296920821115,4.282833000019082,2.267374999973981,nan,nan,37.564782878051,0.9836130695440323,0.9984800271975555,0.9990865729515249,0.998815489452914,Pillow wall time including file I/O
chat_preview,photo,kodak_01,768,512,512,341,JPEG,"seq420,q=92",78394,3.592100439882698,1.4618749999897318,0.7641669999998157,nan,nan,37.367947788970206,0.9828666231965321,0.9974668806941844,0.9991843980240919,0.9984366908776655,Pillow wall time including file I/O
chat_preview,photo,kodak_01,768,512,512,341,JPEG,"prog420,q=92",73912,3.3867302052785924,3.532540999998446,1.846333000003142,nan,nan,37.367947788970206,0.9828666231965321,0.9974668806941844,0.9991843980240919,0.9984366908776655,Pillow wall time including file I/O
chat_preview,photo,kodak_01,768,512,512,341,JPEG,"seq444,q=92",89962,4.122159090909091,1.9996670000068661,1.0163340000133303,nan,nan,38.33472457547523,0.9858915753384521,0.9986613484570231,0.999228675828369,0.9989956619882112,Pillow wall time including file I/O
chat_preview,photo,kodak_01,768,512,512,341,JPEG,"prog444,q=92",85750,3.9291605571847508,4.3685420000088016,2.216207999993003,nan,nan,38.33472457547523,0.9858915753384521,0.9986613484570231,0.999228675828369,0.9989956619882112,Pillow wall time including file I/O
chat_preview,photo,kodak_01,768,512,512,341,JPEG,"seq420,q=93",83688,3.8346774193548385,1.592417000011892,0.9323749999907704,nan,nan,38.03852042219673,0.9849893025936051,0.9977240458006978,0.999331049688304,0.9986333456914891,Pillow wall time including file I/O
chat_preview,photo,kodak_01,768,512,512,341,JPEG,"prog420,q=93",78891,3.61487353372434,3.6230830000079095,2.0118750000222008,nan,nan,38.03852042219673,0.9849893025936051,0.9977240458006978,0.999331049688304,0.9986333456914891,Pillow wall time including file I/O
chat_preview,photo,kodak_01,768,512,512,341,JPEG,"seq444,q=93",96320,4.413489736070381,2.031582999990178,1.04537499998969,nan,nan,39.14022168635982,0.9879607246946284,0.9988622886827194,0.9993715503989877,0.9991648656426553,Pillow wall time including file I/O
chat_preview,photo,kodak_01,768,512,512,341,JPEG,"prog444,q=93",91708,4.2021627565982405,4.516292000005251,2.2736669999972037,nan,nan,39.14022168635982,0.9879607246946284,0.9988622886827194,0.9993715503989877,0.9991648656426553,Pillow wall time including file I/O
chat_preview,photo,kodak_01,768,512,512,341,JPEG,"seq420,q=94",90020,4.124816715542522,1.6162080000015067,1.0006669999995665,nan,nan,38.846993203336886,0.9872895474177089,0.9980035888915039,0.9994646285933952,0.998830791842153,Pillow wall time including file I/O
chat_preview,photo,kodak_01,768,512,512,341,JPEG,"prog420,q=94",84351,3.8650568181818183,3.7735420000046815,2.063582999994651,nan,nan,38.846993203336886,0.9872895474177089,0.9980035888915039,0.9994646285933952,0.998830791842153,Pillow wall time including file I/O
chat_preview,photo,kodak_01,768,512,512,341,JPEG,"seq444,q=94",104319,4.780012829912024,2.149416999998266,1.0979169999814076,nan,nan,40.14456217736803,0.9901204099422486,0.9990575787843957,0.9995023462980657,0.9993292370076363,Pillow wall time including file I/O
chat_preview,photo,kodak_01,768,512,512,341,JPEG,"prog444,q=94",98644,4.519978005865102,4.765791000011177,2.4773750000122163,nan,nan,40.14456217736803,0.9901204099422486,0.9990575787843957,0.9995023462980657,0.9993292370076363,Pillow wall time including file I/O
chat_preview,photo,kodak_01,768,512,512,341,JPEG,"seq420,q=95",97145,4.45129215542522,1.6507079999996677,0.9595829999966554,nan,nan,39.67681676503619,0.9892666880594887,0.9982534685758478,0.9995801892690569,0.9990058672138256,Pillow wall time including file I/O
chat_preview,photo,kodak_01,768,512,512,341,JPEG,"prog420,q=95",91419,4.188920454545454,3.955915999995341,1.9944169999916994,nan,nan,39.67681676503619,0.9892666880594887,0.9982534685758478,0.9995801892690569,0.9990058672138256,Pillow wall time including file I/O
chat_preview,photo,kodak_01,768,512,512,341,JPEG,"seq444,q=95",112908,5.173570381231672,2.217959000006431,1.1112919999902715,nan,nan,41.20867915080802,0.9919599019246581,0.9992189138773067,0.9996131692447757,0.9994657195785454,Pillow wall time including file I/O
chat_preview,photo,kodak_01,768,512,512,341,JPEG,"prog444,q=95",107101,4.907487170087976,5.004666000019142,2.488999999997077,nan,nan,41.20867915080802,0.9919599019246581,0.9992189138773067,0.9996131692447757,0.9994657195785454,Pillow wall time including file I/O
chat_preview,photo,kodak_01,768,512,512,341,JPEG,"seq420,q=96",106063,4.859924853372434,1.7113750000135042,0.8667500000001382,nan,nan,40.647664381342246,0.9912176508828746,0.998510853576081,0.9996884166608435,0.9991792173188169,Pillow wall time including file I/O
chat_preview,photo,kodak_01,768,512,512,341,JPEG,"prog420,q=96",100148,4.588892961876833,4.2251669999870956,2.176958999996259,nan,nan,40.647664381342246,0.9912176508828746,0.998510853576081,0.9996884166608435,0.9991792173188169,Pillow wall time including file I/O
chat_preview,photo,kodak_01,768,512,512,341,JPEG,"seq444,q=96",125676,5.758614369501466,2.3130830000184233,1.0567500000036034,nan,nan,42.55125128863418,0.9938318759961482,0.9993951063889707,0.9997208775086345,0.9996037053541681,Pillow wall time including file I/O
chat_preview,photo,kodak_01,768,512,512,341,JPEG,"prog444,q=96",119355,5.468979105571847,5.3690000000017335,2.6321659999837266,nan,nan,42.55125128863418,0.9938318759961482,0.9993951063889707,0.9997208775086345,0.9996037053541681,Pillow wall time including file I/O
chat_preview,photo,kodak_01,768,512,512,341,JPEG,"seq420,q=97",116081,5.3189607771261,1.8565409999951044,0.9359999999958291,nan,nan,41.610167395761664,0.9929121308073249,0.9987391927947562,0.9997743811358507,0.9993155100937059,Pillow wall time including file I/O
chat_preview,photo,kodak_01,768,512,512,341,JPEG,"prog420,q=97",110251,5.051823680351906,4.713165999987723,2.3437919999764745,nan,nan,41.610167395761664,0.9929121308073249,0.9987391927947562,0.9997743811358507,0.9993155100937059,Pillow wall time including file I/O
chat_preview,photo,kodak_01,768,512,512,341,JPEG,"seq444,q=97",139189,6.37779508797654,2.4230410000143365,1.1590409999939766,nan,nan,44.01201083063608,0.9953613736232406,0.9995292011677192,0.9998043563273767,0.9997094592849208,Pillow wall time including file I/O
chat_preview,photo,kodak_01,768,512,512,341,JPEG,"prog444,q=97",132830,6.086418621700879,5.678000000017391,2.809250000012753,nan,nan,44.01201083063608,0.9953613736232406,0.9995292011677192,0.9998043563273767,0.9997094592849208,Pillow wall time including file I/O
chat_preview,photo,kodak_01,768,512,512,341,JPEG,"seq420,q=98",128273,5.877611803519062,1.9038749999822357,1.1161249999815936,nan,nan,42.69663102775249,0.9944602292606551,0.9989791755848416,0.9998455511544863,0.999456096021472,Pillow wall time including file I/O
chat_preview,photo,kodak_01,768,512,512,341,JPEG,"prog420,q=98",122857,5.629444648093842,4.864125000011654,2.5382499999864194,nan,nan,42.69663102775249,0.9944602292606551,0.9989791755848416,0.9998455511544863,0.999456096021472,Pillow wall time including file I/O
chat_preview,photo,kodak_01,768,512,512,341,JPEG,"seq444,q=98",156108,7.153042521994135,2.623166999995874,1.3375000000053205,nan,nan,45.80799060963139,0.996783903963601,0.9996468629031776,0.9998693901822958,0.9997983976887262,Pillow wall time including file I/O
chat_preview,photo,kodak_01,768,512,512,341,JPEG,"prog444,q=98",150092,6.877382697947214,6.204666999991559,3.14291699999103,nan,nan,45.80799060963139,0.996783903963601,0.9996468629031776,0.9998693901822958,0.9997983976887262,Pillow wall time including file I/O
chat_preview,photo,kodak_01,768,512,512,341,JPEG,"seq420,q=99",150175,6.881185850439882,2.166832999989765,1.152541999999812,nan,nan,43.86933188415246,0.9958734223103528,0.9992540700420885,0.9998990229834603,0.9995821576313074,Pillow wall time including file I/O
chat_preview,photo,kodak_01,768,512,512,341,JPEG,"prog420,q=99",145651,6.673891129032258,5.398000000013781,2.740834000007908,nan,nan,43.86933188415246,0.9958734223103528,0.9992540700420885,0.9998990229834603,0.9995821576313074,Pillow wall time including file I/O
chat_preview,photo,kodak_01,768,512,512,341,JPEG,"seq444,q=99",197357,9.0431176686217,2.9580830000099922,1.517457999995031,nan,nan,48.01379912704888,0.9979330838016498,0.999756001896999,0.9999188641808873,0.9998713695610908,Pillow wall time including file I/O
chat_preview,photo,kodak_01,768,512,512,341,JPEG,"prog444,q=99",190694,8.737811583577713,7.10908400000676,3.5979580000002898,nan,nan,48.01379912704888,0.9979330838016498,0.999756001896999,0.9999188641808873,0.9998713695610908,Pillow wall time including file I/O
chat_preview,photo,kodak_01,768,512,512,341,JPEG,"seq420,q=100",164460,7.5357404692082115,2.2966669999959777,1.2923749999913525,nan,nan,44.40721493174286,0.9964926407148117,0.9993807903158206,0.9999238914145335,0.9996323401923394,Pillow wall time including file I/O
chat_preview,photo,kodak_01,768,512,512,341,JPEG,"prog420,q=100",161230,7.387738269794721,5.902958000007175,2.9694580000239057,nan,nan,44.40721493174286,0.9964926407148117,0.9993807903158206,0.9999238914145335,0.9996323401923394,Pillow wall time including file I/O
chat_preview,photo,kodak_01,768,512,512,341,JPEG,"seq444,q=100",239261,10.96320564516129,3.6152079999851594,1.7523749999952543,nan,nan,50.24927471270465,0.9987296489390158,0.9998358818639774,0.9999452085072151,0.9999180247448789,Pillow wall time including file I/O
chat_preview,photo,kodak_01,768,512,512,341,JPEG,"prog444,q=100",231923,10.626970307917889,8.283833000007235,4.135625000003529,nan,nan,50.24927471270465,0.9987296489390158,0.9998358818639774,0.9999452085072151,0.9999180247448789,Pillow wall time including file I/O
chat_preview,photo,kodak_01,768,512,512,341,WebP,"m6,q=1",5008,0.22947214076246333,67.25804200002017,1.2286250000101973,nan,nan,24.376961609416764,0.6844310563622887,0.9187384288919098,0.9305831346084621,0.9588879116255711,Pillow wall time including file I/O
chat_preview,photo,kodak_01,768,512,512,341,WebP,"m6,q=2",5834,0.26732038123167157,10.384167000012212,0.9628330000168717,nan,nan,24.788005802102425,0.7163246415633635,0.9290218024604133,0.9404855804063648,0.9631575833775845,Pillow wall time including file I/O
chat_preview,photo,kodak_01,768,512,512,341,WebP,"m6,q=3",6520,0.2987536656891496,11.33695800001533,0.9058340000080989,nan,nan,25.17038065527252,0.7427742720026451,0.938720880318941,0.9493972962966463,0.9679871303707233,Pillow wall time including file I/O
chat_preview,photo,kodak_01,768,512,512,341,WebP,"m6,q=4",7064,0.32368035190615835,11.218334000005825,0.8506249999982174,nan,nan,25.454411210165798,0.7615112832687662,0.9443232631775645,0.9546407285036541,0.9703500948799963,Pillow wall time including file I/O
chat_preview,photo,kodak_01,768,512,512,341,WebP,"m6,q=5",7468,0.3421920821114369,11.659667000003537,0.9548749999908068,nan,nan,25.584055573985324,0.7670035459337027,0.9452074842570029,0.9550330281333838,0.9704371111561737,Pillow wall time including file I/O
chat_preview,photo,kodak_01,768,512,512,341,WebP,"m6,q=6",8032,0.3680351906158358,12.284791999974232,1.0091670000065278,nan,nan,25.90688729377916,0.7823399156203178,0.9496667490343924,0.959145100669944,0.9732869975017557,Pillow wall time including file I/O
chat_preview,photo,kodak_01,768,512,512,341,WebP,"m6,q=7",8488,0.38892961876832843,12.341125000006059,1.0082080000017868,nan,nan,26.082322602954115,0.795178122261034,0.9546204727676623,0.9633170299811803,0.9753512325602854,Pillow wall time including file I/O
chat_preview,photo,kodak_01,768,512,512,341,WebP,"m6,q=8",8876,0.40670821114369504,12.79908300000443,1.0167499999909069,nan,nan,26.27359817870947,0.8054817339713471,0.9576180247977021,0.965971139649002,0.9765867281531164,Pillow wall time including file I/O
chat_preview,photo,kodak_01,768,512,512,341,WebP,"m6,q=9",9186,0.42091275659824046,12.84891699998525,1.0223330000087572,nan,nan,26.32290642813878,0.8107114287732978,0.9594434515890787,0.9676093061364582,0.9763349686997967,Pillow wall time including file I/O
chat_preview,photo,kodak_01,768,512,512,341,WebP,"m6,q=10",9658,0.4425403225806452,13.233624999998028,1.065833000012617,nan,nan,26.477811299780505,0.8178710191563342,0.9613187835295234,0.9694792750489053,0.9773685629336838,Pillow wall time including file I/O
chat_preview,photo,kodak_01,768,512,512,341,WebP,"m6,q=11",9962,0.4564699413489736,13.358458999988443,1.0685000000023592,nan,nan,26.6775633024031,0.8256499131971329,0.9636481339514401,0.9714090049424378,0.9792495118874027,Pillow wall time including file I/O
chat_preview,photo,kodak_01,768,512,512,341,WebP,"m6,q=12",10448,0.47873900293255134,16.507707999977583,0.9400839999784694,nan,nan,26.814183569688947,0.8330821789860269,0.9651670344226574,0.9729065085995857,0.9799381388353129,Pillow wall time including file I/O
chat_preview,photo,kodak_01,768,512,512,341,WebP,"m6,q=13",10816,0.49560117302052786,14.094833000001472,1.1135830000057467,nan,nan,26.89297502046471,0.8354725131186957,0.9656661744168386,0.9734330491285471,0.9796230420243266,Pillow wall time including file I/O
chat_preview,photo,kodak_01,768,512,512,341,WebP,"m6,q=14",11156,0.5111803519061584,14.321457999983522,1.1049999999954707,nan,nan,27.111427555782246,0.8428445918601822,0.9681008923343987,0.9751912557443787,0.9815367825350569,Pillow wall time including file I/O
chat_preview,photo,kodak_01,768,512,512,341,WebP,"m6,q=15",11766,0.5391312316715543,14.643250000005992,1.2432500000159052,nan,nan,27.22658376558431,0.8484824113460739,0.9693937362303507,0.9765423696669844,0.9814670976998204,Pillow wall time including file I/O
chat_preview,photo,kodak_01,768,512,512,341,WebP,"m6,q=16",12086,0.5537939882697948,14.96691599999167,1.1252500000011878,nan,nan,27.329531406426252,0.8505887104885447,0.9696422619373194,0.9769140241423782,0.9817519503771901,Pillow wall time including file I/O
chat_preview,photo,kodak_01,768,512,512,341,WebP,"m6,q=17",12430,0.5695564516129032,15.217166999974552,1.144000000010692,nan,nan,27.41760698720906,0.8558198347176754,0.971041284011556,0.9779074818577809,0.9823013283645493,Pillow wall time including file I/O
chat_preview,photo,kodak_01,768,512,512,341,WebP,"m6,q=18",12762,0.5847690615835777,15.407959000015126,1.1335410000015145,nan,nan,27.610522655861697,0.8605233429670965,0.9723938533411197,0.9791957360834834,0.9838044136522814,Pillow wall time including file I/O
chat_preview,photo,kodak_01,768,512,512,341,WebP,"m6,q=19",13180,0.6039222873900293,15.65741599998205,1.1786249999943266,nan,nan,27.703331326002996,0.8629917078693615,0.972900106008069,0.9797611815018569,0.9835916229498476,Pillow wall time including file I/O
chat_preview,photo,kodak_01,768,512,512,341,WebP,"m6,q=20",13498,0.6184934017595308,15.850333000003047,1.2061669999923197,nan,nan,27.79143857318178,0.8673604399535467,0.9741229185979238,0.980643599035337,0.9840450731851296,Pillow wall time including file I/O
chat_preview,photo,kodak_01,768,512,512,341,WebP,"m6,q=21",13786,0.6316898826979472,16.135958000006667,1.1747080000077403,nan,nan,27.856722797891873,0.8687038843511462,0.9743065681636499,0.9807287018046548,0.984062045455884,Pillow wall time including file I/O
chat_preview,photo,kodak_01,768,512,512,341,WebP,"m6,q=22",14258,0.6533174486803519,16.332250000004933,1.150499999994281,nan,nan,28.005446689110766,0.8739927633241503,0.9756359558280495,0.9818434893467533,0.9849093188822919,Pillow wall time including file I/O
chat_preview,photo,kodak_01,768,512,512,341,WebP,"m6,q=23",14626,0.6701796187683284,16.57466699998622,1.1865830000203914,nan,nan,28.113255594793152,0.8773718710831232,0.9764462017984519,0.9825685484013975,0.9853696434534526,Pillow wall time including file I/O
chat_preview,photo,kodak_01,768,512,512,341,WebP,"m6,q=24",14908,0.6831011730205279,16.878457999979446,1.261541999980409,nan,nan,28.205046578597155,0.8792496266529547,0.9767881661543517,0.982843652209335,0.9856045146602423,Pillow wall time including file I/O
chat_preview,photo,kodak_01,768,512,512,341,WebP,"m6,q=25",15348,0.7032624633431085,17.18941699999732,1.284749999996393,nan,nan,28.300930817508387,0.8832083326827777,0.9775689563701945,0.9834213524656981,0.9857877261721522,Pillow wall time including file I/O
chat_preview,photo,kodak_01,768,512,512,341,WebP,"m6,q=26",15762,0.7222324046920822,17.41754099998616,1.2333340000054704,nan,nan,28.463136040801675,0.8872757854530832,0.9784755536712905,0.9843329048244776,0.9865777709930635,Pillow wall time including file I/O
chat_preview,photo,kodak_01,768,512,512,341,WebP,"m6,q=27",15956,0.7311217008797654,17.483249999997952,1.2659999999868887,nan,nan,28.559580350797308,0.8885390163359245,0.9788335716836243,0.9846748869574018,0.9868480380615898,Pillow wall time including file I/O
chat_preview,photo,kodak_01,768,512,512,341,WebP,"m6,q=28",16418,0.7522910557184751,17.8507920000186,1.2687500000083674,nan,nan,28.63449684820903,0.8915413092855534,0.9795510928383478,0.9852238474106125,0.9869622264500747,Pillow wall time including file I/O
chat_preview,photo,kodak_01,768,512,512,341,WebP,"m6,q=29",16784,0.7690615835777126,18.003082999996423,1.2476249999906486,nan,nan,28.75558577748896,0.894577156178123,0.9799369763605111,0.9857010149131034,0.9872828088251853,Pillow wall time including file I/O
chat_preview,photo,kodak_01,768,512,512,341,WebP,"m6,q=30",17548,0.8040689149560117,18.183125000007294,1.2983340000118915,nan,nan,28.90928434545582,0.8987264016099097,0.9809525062741883,0.986363853899772,0.9876987789665782,Pillow wall time including file I/O
chat_preview,photo,kodak_01,768,512,512,341,WebP,"m6,q=31",17964,0.8231304985337243,18.493665999983477,1.3862919999780843,nan,nan,29.06353707981477,0.901944843015416,0.981441666399777,0.9869339213197242,0.9881840166000738,Pillow wall time including file I/O
chat_preview,photo,kodak_01,768,512,512,341,WebP,"m6,q=32",18384,0.842375366568915,19.004707999982884,1.2376249999874744,nan,nan,29.170887000530797,0.9042642582886634,0.9819136740007671,0.9872788031372141,0.9882886802619516,Pillow wall time including file I/O
chat_preview,photo,kodak_01,768,512,512,341,WebP,"m6,q=33",18646,0.8543804985337243,19.006749999988415,1.33766600001195,nan,nan,29.281327391119525,0.9062689316867569,0.9823997161569972,0.9877127337924977,0.9887812484384462,Pillow wall time including file I/O
chat_preview,photo,kodak_01,768,512,512,341,WebP,"m6,q=34",18942,0.8679435483870968,19.37808299999233,1.3333329999909438,nan,nan,29.404938055532774,0.9086891003368821,0.9829738814250691,0.9882263306318346,0.9891145557329868,Pillow wall time including file I/O
chat_preview,photo,kodak_01,768,512,512,341,WebP,"m6,q=35",19450,0.8912206744868035,19.705333000018754,1.3761669999894366,nan,nan,29.497508902287883,0.9111705318843369,0.9834227638903729,0.9885392128578102,0.9892206067801913,Pillow wall time including file I/O
chat_preview,photo,kodak_01,768,512,512,341,WebP,"m6,q=36",19816,0.907991202346041,19.70645900001955,1.3701670000045851,nan,nan,29.635405677440744,0.9135316607596565,0.9838837383837258,0.9890463937676786,0.9896777558389712,Pillow wall time including file I/O
chat_preview,photo,kodak_01,768,512,512,341,WebP,"m6,q=37",20082,0.9201796187683284,19.91258300000709,1.3155410000251777,nan,nan,29.66379812695846,0.9144651795607786,0.9841338673799968,0.9891375005953646,0.9895778557839937,Pillow wall time including file I/O
chat_preview,photo,kodak_01,768,512,512,341,WebP,"m6,q=38",20376,0.9336510263929618,20.186084000016535,1.4329159999988406,nan,nan,29.74289207093569,0.915975441721219,0.9844223844089321,0.9893354099650484,0.9897496025621967,Pillow wall time including file I/O
chat_preview,photo,kodak_01,768,512,512,341,WebP,"m6,q=39",20734,0.9500549853372434,20.3186250000158,1.4171669999996084,nan,nan,29.857438014104858,0.917906633690558,0.9848800756602683,0.9897385339682974,0.990088862249004,Pillow wall time including file I/O
chat_preview,photo,kodak_01,768,512,512,341,WebP,"m6,q=40",21108,0.9671920821114369,20.351874999988695,1.5297080000209462,nan,nan,30.1508443362297,0.9223662752364287,0.9857181865108209,0.9904828490021144,0.9913140631095775,Pillow wall time including file I/O
chat_preview,photo,kodak_01,768,512,512,341,WebP,"m6,q=41",21382,0.9797470674486803,20.707708000003322,1.4715829999829566,nan,nan,30.128660711474605,0.9220927043619872,0.9856611631466085,0.9904248541668093,0.990814586702187,Pillow wall time including file I/O
chat_preview,photo,kodak_01,768,512,512,341,WebP,"m6,q=42",21868,1.002016129032258,21.118332999975564,1.38862500000414,nan,nan,30.341452112325797,0.9254657724477057,0.9862342058749597,0.9909357463188148,0.9916860700941762,Pillow wall time including file I/O
chat_preview,photo,kodak_01,768,512,512,341,WebP,"m6,q=43",22346,1.0239186217008798,21.040083000002596,1.5219580000120914,nan,nan,30.479065093237928,0.9275686609251745,0.9867547709889304,0.9912796253412327,0.9919786333275709,Pillow wall time including file I/O
chat_preview,photo,kodak_01,768,512,512,341,WebP,"m6,q=44",22936,1.0509530791788857,21.75295800000754,1.5974590000098488,nan,nan,30.616772591957524,0.9299190380533582,0.9871100054887997,0.9916527095341445,0.992186312295645,Pillow wall time including file I/O
chat_preview,photo,kodak_01,768,512,512,341,WebP,"m6,q=45",23138,1.060208944281525,21.77424999999289,1.538917000004858,nan,nan,30.71295158762496,0.9310559164676664,0.9873578198643602,0.991913797962464,0.9923441032528094,Pillow wall time including file I/O
chat_preview,photo,kodak_01,768,512,512,341,WebP,"m6,q=46",23586,1.0807368035190617,21.988499999991973,1.5748749999886513,nan,nan,30.812712609728692,0.9325970976331327,0.9877078112394818,0.9920894789147658,0.9925461613311041,Pillow wall time including file I/O
chat_preview,photo,kodak_01,768,512,512,341,WebP,"m6,q=47",23858,1.093200146627566,22.00566700000195,1.5558340000154658,nan,nan,30.902960345265402,0.9338819167867882,0.9878983928701026,0.992332380284802,0.9926848167776087,Pillow wall time including file I/O
chat_preview,photo,kodak_01,768,512,512,341,WebP,"m6,q=48",24042,1.1016312316715542,22.171458999991955,1.5540420000093036,nan,nan,30.964631548048427,0.9349515517237026,0.9881247343882783,0.9924427879599985,0.9927943874916426,Pillow wall time including file I/O
chat_preview,photo,kodak_01,768,512,512,341,WebP,"m6,q=49",24624,1.1282991202346042,22.443583000011813,1.607541999987916,nan,nan,31.087667069865397,0.9366722018778321,0.9883765301082374,0.9927156946644211,0.992986563094166,Pillow wall time including file I/O
chat_preview,photo,kodak_01,768,512,512,341,WebP,"m6,q=50",24712,1.1323313782991202,22.272250000014537,1.573250000006965,nan,nan,31.117538028519892,0.9369979116369134,0.9884920403285732,0.9927407848295219,0.9930505409033865,Pillow wall time including file I/O
chat_preview,photo,kodak_01,768,512,512,341,WebP,"m6,q=51",25004,1.1457111436950147,22.28545899998835,1.6170000000101936,nan,nan,31.20421478085479,0.9382186726306273,0.9888132525829126,0.9928982284367416,0.9932084840342204,Pillow wall time including file I/O
chat_preview,photo,kodak_01,768,512,512,341,WebP,"m6,q=52",25418,1.1646810850439884,22.637125000017022,1.6442090000055032,nan,nan,31.329125364655578,0.9394724925206757,0.9890822465381567,0.9931045982389021,0.9934270419877599,Pillow wall time including file I/O
chat_preview,photo,kodak_01,768,512,512,341,WebP,"m6,q=53",25418,1.1646810850439884,22.679916999976513,1.6627919999905316,nan,nan,31.329125364655578,0.9394724925206757,0.9890822465381567,0.9931045982389021,0.9934270419877599,Pillow wall time including file I/O
chat_preview,photo,kodak_01,768,512,512,341,WebP,"m6,q=54",26222,1.2015212609970674,22.917207999995526,1.5170839999996133,nan,nan,31.48920646611068,0.9419705442202858,0.9894577556263595,0.993408720223458,0.9936489954653809,Pillow wall time including file I/O
chat_preview,photo,kodak_01,768,512,512,341,WebP,"m6,q=55",26130,1.1973057184750733,23.222582999977703,1.6193749999899865,nan,nan,31.523162369572493,0.9419536334027132,0.9895515186391725,0.9934697105962297,0.9937169752995624,Pillow wall time including file I/O
chat_preview,photo,kodak_01,768,512,512,341,WebP,"m6,q=56",26600,1.218841642228739,23.410874999996167,1.6345000000228538,nan,nan,31.62795917583233,0.9435220780462096,0.9897661699857431,0.9936805771572429,0.9938351434832924,Pillow wall time including file I/O
chat_preview,photo,kodak_01,768,512,512,341,WebP,"m6,q=57",27222,1.247342375366569,23.569582999982686,1.6794999999945048,nan,nan,31.749261759453567,0.9450122769668,0.9899065896035353,0.9938784562612317,0.9939629729080189,Pillow wall time including file I/O
chat_preview,photo,kodak_01,768,512,512,341,WebP,"m6,q=58",27436,1.2571480938416422,23.754332999999406,1.6504580000002989,nan,nan,31.830426423175574,0.9458696129620708,0.990175545692851,0.9939979870833514,0.9941173436669661,Pillow wall time including file I/O
chat_preview,photo,kodak_01,768,512,512,341,WebP,"m6,q=59",27776,1.2727272727272727,24.53291700001614,1.8987499999809643,nan,nan,31.905058995699758,0.9468314957172764,0.9903335809203604,0.9941334593179377,0.9942116862783825,Pillow wall time including file I/O
chat_preview,photo,kodak_01,768,512,512,341,WebP,"m6,q=60",28344,1.2987536656891496,24.448415999984263,1.7045410000093852,nan,nan,32.02143244813173,0.9483104088235992,0.9906173117664668,0.9943498403068327,0.9943606900639984,Pillow wall time including file I/O
chat_preview,photo,kodak_01,768,512,512,341,WebP,"m6,q=61",28710,1.315524193548387,24.344750000011572,1.5729579999970156,nan,nan,32.14979716235535,0.9495125581596834,0.990818666423436,0.9945048986939795,0.9945123188854127,Pillow wall time including file I/O
chat_preview,photo,kodak_01,768,512,512,341,WebP,"m6,q=62",28940,1.3260630498533725,24.26950000000261,1.7548330000067835,nan,nan,32.1758267433451,0.9499002824291244,0.9908689495059871,0.9945233077962417,0.9945468831520506,Pillow wall time including file I/O
chat_preview,photo,kodak_01,768,512,512,341,WebP,"m6,q=63",29430,1.3485153958944283,24.700750000022254,1.6305839999972704,nan,nan,32.29864674947913,0.9511343281989392,0.9910990087079692,0.994762553275234,0.9946865133350031,Pillow wall time including file I/O
chat_preview,photo,kodak_01,768,512,512,341,WebP,"m6,q=64",29514,1.3523643695014662,24.343958000002885,1.7531250000217824,nan,nan,32.34202584420652,0.951491718018148,0.9911453943279936,0.9948080372262139,0.994733711475002,Pillow wall time including file I/O
chat_preview,photo,kodak_01,768,512,512,341,WebP,"m6,q=65",30122,1.380223607038123,24.729583000009825,1.7347499999971205,nan,nan,32.46563888452754,0.9528471665158982,0.9914228935714222,0.9949830382030792,0.994895812705538,Pillow wall time including file I/O
chat_preview,photo,kodak_01,768,512,512,341,WebP,"m6,q=66",30660,1.4048753665689149,24.864666000013358,1.792999999992162,nan,nan,32.61318016741177,0.9543920422726382,0.9917517268087277,0.9951750151234995,0.9950717432866351,Pillow wall time including file I/O
chat_preview,photo,kodak_01,768,512,512,341,WebP,"m6,q=67",31048,1.4226539589442815,25.091542000012623,1.8374999999934971,nan,nan,32.69368077376995,0.9550997214725551,0.9917875217237601,0.9952981936134311,0.9951410376709865,Pillow wall time including file I/O
chat_preview,photo,kodak_01,768,512,512,341,WebP,"m6,q=68",31470,1.441990469208211,25.394083000009005,1.828834000008328,nan,nan,32.79508644609423,0.955995436908319,0.9919442109695273,0.9953656175371174,0.9952382122224209,Pillow wall time including file I/O
chat_preview,photo,kodak_01,768,512,512,341,WebP,"m6,q=69",31792,1.4567448680351907,25.169541999986222,1.818417000009731,nan,nan,32.87182381625291,0.9569428249394635,0.9921142964501195,0.9955118405375432,0.9953225929490268,Pillow wall time including file I/O
chat_preview,photo,kodak_01,768,512,512,341,WebP,"m6,q=70",32312,1.4805718475073313,25.31712500001504,1.854499999978998,nan,nan,32.998585031060124,0.9579843703623068,0.9923745627631521,0.995617411759166,0.9954742721621814,Pillow wall time including file I/O
chat_preview,photo,kodak_01,768,512,512,341,WebP,"m6,q=71",32488,1.4886363636363635,25.633125000013024,1.8438749999916126,nan,nan,33.05933773861804,0.9584083599274157,0.9923972891394786,0.9956796342012386,0.995517752087183,Pillow wall time including file I/O
chat_preview,photo,kodak_01,768,512,512,341,WebP,"m6,q=72",33052,1.5144794721407624,25.894208000011076,1.857833000002529,nan,nan,33.17793001404483,0.9596110818665299,0.9925572206824752,0.9958140373250938,0.9956247568918872,Pillow wall time including file I/O
chat_preview,photo,kodak_01,768,512,512,341,WebP,"m6,q=73",33376,1.529325513196481,26.370208000003004,1.9718750000095042,nan,nan,33.2523904277834,0.960239647744762,0.9926481464963147,0.995933415109986,0.9956776525299925,Pillow wall time including file I/O
chat_preview,photo,kodak_01,768,512,512,341,WebP,"m6,q=74",34014,1.558559384164223,26.587542000015674,1.8413330000157657,nan,nan,33.41153338935803,0.9614984203557433,0.9929023014236971,0.9961322749575516,0.9958279668848464,Pillow wall time including file I/O
chat_preview,photo,kodak_01,768,512,512,341,WebP,"m6,q=75",34366,1.5746884164222874,26.9259169999998,1.93050000001449,nan,nan,33.462579024068305,0.9620195673067498,0.9930014780877962,0.9961718600000343,0.9958798936141107,Pillow wall time including file I/O
chat_preview,photo,kodak_01,768,512,512,341,WebP,"m6,q=76",35470,1.625274926686217,26.838333000000603,1.9598749999829579,nan,nan,33.73116486366322,0.9641199466584242,0.9933499062870109,0.9964493442973782,0.9960989268935163,Pillow wall time including file I/O
chat_preview,photo,kodak_01,768,512,512,341,WebP,"m6,q=77",37372,1.7124266862170088,27.93808300000933,1.982457999986309,nan,nan,34.153110270033544,0.967122021612182,0.9938248985848656,0.9968242228299441,0.9964261823422779,Pillow wall time including file I/O
chat_preview,photo,kodak_01,768,512,512,341,WebP,"m6,q=78",38088,1.7452346041055717,27.725082999978667,1.9688329999780763,nan,nan,34.34073935551868,0.9685639375088905,0.9940592790990324,0.9969575069507888,0.99656916431804,Pillow wall time including file I/O
chat_preview,photo,kodak_01,768,512,512,341,WebP,"m6,q=79",40126,1.8386180351906158,28.539250000022776,2.010458000000881,nan,nan,34.8159779821396,0.9711746066254398,0.9944999111225482,0.9972724399924656,0.9969056824031103,Pillow wall time including file I/O
chat_preview,photo,kodak_01,768,512,512,341,WebP,"m6,q=80",41460,1.8997434017595307,28.867958999995835,2.0157499999982065,nan,nan,35.066941111074385,0.972786391195492,0.9947636338742597,0.9974718021845222,0.9970506624131875,Pillow wall time including file I/O
chat_preview,photo,kodak_01,768,512,512,341,WebP,"m6,q=81",43186,1.9788306451612903,31.273542000008092,2.40262500000199,nan,nan,35.429112084560934,0.9749074490691872,0.9950670581578823,0.9977148500910192,0.9972379657225856,Pillow wall time including file I/O
chat_preview,photo,kodak_01,768,512,512,341,WebP,"m6,q=82",44892,2.05700146627566,30.58641699999498,2.3709170000074664,nan,nan,35.79723768551848,0.9766251572448352,0.9953820936926313,0.9979228124345366,0.997454848645684,Pillow wall time including file I/O
chat_preview,photo,kodak_01,768,512,512,341,WebP,"m6,q=83",46860,2.1471774193548385,30.958084000019426,2.4085419999835267,nan,nan,36.21373792531981,0.9785647570982258,0.995693047233991,0.9981286879622948,0.9976617882599643,Pillow wall time including file I/O
chat_preview,photo,kodak_01,768,512,512,341,WebP,"m6,q=84",48702,2.2315799120234603,31.002042000011443,2.367291999973986,nan,nan,36.57454781928335,0.9802215139210664,0.9960423463448632,0.9982862899162094,0.9978541574464586,Pillow wall time including file I/O
chat_preview,photo,kodak_01,768,512,512,341,WebP,"m6,q=85",50604,2.3187316715542523,31.46837500000288,2.5072919999900023,nan,nan,36.95128206313156,0.981706511712015,0.9962807169292808,0.9984682984873116,0.9979987929834012,Pillow wall time including file I/O
chat_preview,photo,kodak_01,768,512,512,341,WebP,"m6,q=86",52726,2.4159640762463344,31.605415999990782,2.481875000000855,nan,nan,37.304690532423514,0.9832582428358104,0.9965426781065977,0.9986150911580588,0.9981470492350368,Pillow wall time including file I/O
chat_preview,photo,kodak_01,768,512,512,341,WebP,"m6,q=87",55210,2.529783724340176,32.602042000007714,2.672250000017584,nan,nan,37.751964984117386,0.9846919594888804,0.9968053960438225,0.9988027837985026,0.9983165580863063,Pillow wall time including file I/O
chat_preview,photo,kodak_01,768,512,512,341,WebP,"m6,q=88",56378,2.583302785923754,32.88595899999791,2.69383300002346,nan,nan,38.011682566354914,0.985379585014312,0.9969333558663029,0.998867171708947,0.9984025919118263,Pillow wall time including file I/O
chat_preview,photo,kodak_01,768,512,512,341,WebP,"m6,q=89",59762,2.7383614369501466,32.95512500000086,2.7477920000080758,nan,nan,38.50696189171052,0.9869796441653147,0.9972421109920736,0.9990406462844245,0.9985593712471926,Pillow wall time including file I/O
chat_preview,photo,kodak_01,768,512,512,341,WebP,"m6,q=90",63924,2.929068914956012,34.11004099999104,2.93237500000032,nan,nan,39.105437765106885,0.9883699156928469,0.9975013277168632,0.9991940673958368,0.9987219054437021,Pillow wall time including file I/O
chat_preview,photo,kodak_01,768,512,512,341,WebP,"m6,q=91",66394,3.0422470674486806,34.281583000023375,2.90975000001481,nan,nan,39.47115735937238,0.9892632995654282,0.9976957554972984,0.9992749113616508,0.998825200613534,Pillow wall time including file I/O
chat_preview,photo,kodak_01,768,512,512,341,WebP,"m6,q=92",71818,3.2907807917888565,35.796374999989666,3.3229590000019016,nan,nan,40.16108154544057,0.9905568441949028,0.9979924867370622,0.999417880732292,0.9989893438567209,Pillow wall time including file I/O
chat_preview,photo,kodak_01,768,512,512,341,WebP,"m6,q=93",74068,3.3938782991202348,34.87195799999654,3.2841249999933098,nan,nan,40.42401158209182,0.9911290044472231,0.9981203746819444,0.9994686972591675,0.999046260794437,Pillow wall time including file I/O
chat_preview,photo,kodak_01,768,512,512,341,WebP,"m6,q=94",79174,3.627840909090909,46.647833999998056,4.127291000003197,nan,nan,40.96734198946215,0.9920537694609792,0.9983387006250933,0.9995628788251518,0.9991591474219768,Pillow wall time including file I/O
chat_preview,photo,kodak_01,768,512,512,341,WebP,"m6,q=95",82910,3.7990285923753664,42.36637500000029,3.8692920000187314,nan,nan,41.31592138392095,0.9926251856277881,0.9984692789912234,0.9996057593687875,0.9992270084139727,Pillow wall time including file I/O
chat_preview,photo,kodak_01,768,512,512,341,WebP,"m6,q=96",90172,4.131781524926686,38.30166700001314,3.9490409999984877,nan,nan,41.92177843938229,0.9934407024158026,0.9986742831118544,0.9996943166617345,0.9993287566279406,Pillow wall time including file I/O
chat_preview,photo,kodak_01,768,512,512,341,WebP,"m6,q=97",93596,4.28867302052786,48.746541000014076,6.654625000010128,nan,nan,42.227923295601535,0.9937086504203904,0.998784347543142,0.9997175694252437,0.9993805624612384,Pillow wall time including file I/O
chat_preview,photo,kodak_01,768,512,512,341,WebP,"m6,q=98",99210,4.5459127565982405,38.274333000003935,4.135917000013478,nan,nan,42.51307657481802,0.9941518261888348,0.9988420583279619,0.9997669721069271,0.9994111885604754,Pillow wall time including file I/O
chat_preview,photo,kodak_01,768,512,512,341,WebP,"m6,q=99",104562,4.791147360703812,41.9773330000055,4.56004200000848,nan,nan,42.70980934848586,0.9944118407052552,0.9988861284279675,0.999795835308263,0.9994334086969446,Pillow wall time including file I/O
chat_preview,photo,kodak_01,768,512,512,341,WebP,"m6,q=100",106182,4.865377565982405,41.870375000002014,4.484250000018619,nan,nan,42.77238006540537,0.9944640192124784,0.998894171081297,0.9997994622897309,0.9994391986847945,Pillow wall time including file I/O
chat_preview,photo,kodak_01,768,512,512,341,WebP,"lossless,m6",239288,10.964442815249267,255.11441699998727,2.5722910000069987,nan,nan,99.0,1.0,1.0,1.0,1.0,Pillow wall time including file I/O
chat_preview,photo,kodak_01,768,512,512,341,AVIF,crf=63,693,0.031754032258064516,133.51566599999387,22.0502500000066,nan,nan,20.275534070548858,0.3557410889233985,0.6951644509115527,0.7284643704873675,0.838480301311786,ffmpeg/libsvtav1 wall time including process and file I/O
chat_preview,photo,kodak_01,768,512,512,341,AVIF,crf=62,884,0.040505865102639295,44.46462500001758,19.58416700000498,nan,nan,21.019665624092255,0.41163101794688767,0.7500195194937472,0.7772472256333425,0.8756922237769967,ffmpeg/libsvtav1 wall time including process and file I/O
chat_preview,photo,kodak_01,768,512,512,341,AVIF,crf=61,1021,0.046783357771261,46.75487500000486,19.62562500000331,nan,nan,21.484793068592776,0.4488825769118556,0.7779992377491642,0.8030975405836491,0.8929019618398176,ffmpeg/libsvtav1 wall time including process and file I/O
chat_preview,photo,kodak_01,768,512,512,341,AVIF,crf=60,1176,0.053885630498533725,53.076625000016975,20.872042000007696,nan,nan,21.862279584245343,0.48785832534441886,0.8099135688583186,0.8318188207281754,0.9056446064553669,ffmpeg/libsvtav1 wall time including process and file I/O
chat_preview,photo,kodak_01,768,512,512,341,AVIF,crf=59,1305,0.059796554252199416,60.89179099998887,23.915708000004088,nan,nan,22.15452673031953,0.5123748388226871,0.8247586215045551,0.8463582968284242,0.9137114164777373,ffmpeg/libsvtav1 wall time including process and file I/O
chat_preview,photo,kodak_01,768,512,512,341,AVIF,crf=58,1499,0.06868585043988269,56.09799999999154,22.41929199999504,nan,nan,22.45848829271641,0.5422149176629733,0.8403310497416588,0.8609180311491781,0.9223055300992121,ffmpeg/libsvtav1 wall time including process and file I/O
chat_preview,photo,kodak_01,768,512,512,341,AVIF,crf=57,1718,0.07872067448680352,51.41945799999803,21.620041000005585,nan,nan,22.717663148654196,0.5724961261834735,0.8563876813868497,0.8765817772493204,0.9277978564667584,ffmpeg/libsvtav1 wall time including process and file I/O
chat_preview,photo,kodak_01,768,512,512,341,AVIF,crf=56,1960,0.08980938416422288,55.37133400000016,22.101875000004156,nan,nan,23.027827797334936,0.595269420804006,0.8704015540577767,0.8882970820413099,0.9346631017174855,ffmpeg/libsvtav1 wall time including process and file I/O
chat_preview,photo,kodak_01,768,512,512,341,AVIF,crf=55,2367,0.10845857771260997,56.58254200000101,24.269624999988082,nan,nan,23.48688130927556,0.6310795003848217,0.8860588463131694,0.9021366016524804,0.9426600477639092,ffmpeg/libsvtav1 wall time including process and file I/O
chat_preview,photo,kodak_01,768,512,512,341,AVIF,crf=54,2647,0.12128848973607038,57.39033300000074,21.39229200000159,nan,nan,23.759009143797606,0.6557011769134591,0.8974038414235395,0.9136381947083901,0.9468591242340905,ffmpeg/libsvtav1 wall time including process and file I/O
chat_preview,photo,kodak_01,768,512,512,341,AVIF,crf=53,2947,0.13503482404692083,57.652249999989635,21.45841699999096,nan,nan,24.037217062513385,0.6742964654253764,0.9057634689372615,0.9212973641313377,0.9515290327670839,ffmpeg/libsvtav1 wall time including process and file I/O
chat_preview,photo,kodak_01,768,512,512,341,AVIF,crf=52,3265,0.14960593841642228,55.040249999990465,21.44316700000104,nan,nan,24.297562556948037,0.6923337743659107,0.9138108471709631,0.9290446926002351,0.9549993817734914,ffmpeg/libsvtav1 wall time including process and file I/O
chat_preview,photo,kodak_01,768,512,512,341,AVIF,crf=51,3566,0.16339809384164222,831.7545000000166,22.24141600001417,nan,nan,24.56534803138343,0.7114797540274048,0.9212244249331937,0.9355373380837271,0.9580315534959494,ffmpeg/libsvtav1 wall time including process and file I/O
chat_preview,photo,kodak_01,768,512,512,341,AVIF,crf=50,3948,0.1809017595307918,194.5562500000051,21.734041999991405,nan,nan,24.818201540083436,0.7264674806318645,0.9282224094706532,0.9411073116685784,0.9612957652393201,ffmpeg/libsvtav1 wall time including process and file I/O
chat_preview,photo,kodak_01,768,512,512,341,AVIF,crf=49,4323,0.19808467741935484,66.404542000015,21.39158399998564,nan,nan,25.046975653614176,0.7394459400669485,0.9328644364780535,0.945311576988262,0.9636655579507571,ffmpeg/libsvtav1 wall time including process and file I/O
chat_preview,photo,kodak_01,768,512,512,341,AVIF,crf=48,4798,0.21984970674486803,73.34833299998422,20.77458300001922,nan,nan,25.33868863911747,0.7584236357171927,0.9392580165362506,0.9517308797478788,0.9663960883934516,ffmpeg/libsvtav1 wall time including process and file I/O
chat_preview,photo,kodak_01,768,512,512,341,AVIF,crf=47,5346,0.24495967741935484,85.02016599999251,23.472959000002902,nan,nan,25.616034502614305,0.7748035801471888,0.9441870212990792,0.9561500957900854,0.9687110898517766,ffmpeg/libsvtav1 wall time including process and file I/O
chat_preview,photo,kodak_01,768,512,512,341,AVIF,crf=46,5879,0.26938233137829914,68.64670899997805,20.914167000000816,nan,nan,25.884979875066463,0.7883996459743071,0.9489838710539624,0.9603374899499221,0.9709720368775552,ffmpeg/libsvtav1 wall time including process and file I/O
chat_preview,photo,kodak_01,768,512,512,341,AVIF,crf=45,6403,0.2933925953079179,72.11462500001176,20.479916999988745,nan,nan,26.19353969792835,0.7990419468527671,0.9534619585825262,0.9637016295611954,0.9737475638422685,ffmpeg/libsvtav1 wall time including process and file I/O
chat_preview,photo,kodak_01,768,512,512,341,AVIF,crf=44,7143,0.32730021994134895,68.69229200000859,20.934667000005902,nan,nan,26.554700157051943,0.8149254071911579,0.9581148312456778,0.967774545349471,0.9762105965871383,ffmpeg/libsvtav1 wall time including process and file I/O
chat_preview,photo,kodak_01,768,512,512,341,AVIF,crf=43,7767,0.3558925953079179,71.21566699998993,20.426458000002867,nan,nan,26.79043321242236,0.8246783425870564,0.9604224655188168,0.9703460349055391,0.9773961311531004,ffmpeg/libsvtav1 wall time including process and file I/O
chat_preview,photo,kodak_01,768,512,512,341,AVIF,crf=42,8726,0.3998350439882698,72.18979099999956,20.61620900002481,nan,nan,27.183905422927765,0.8401293973337464,0.9648509630693237,0.9740841615501803,0.9796483614308791,ffmpeg/libsvtav1 wall time including process and file I/O
chat_preview,photo,kodak_01,768,512,512,341,AVIF,crf=41,9456,0.43328445747800587,73.15687499999513,20.35987499999692,nan,nan,27.474494222854673,0.8486164973921136,0.9674726235765219,0.9762170714878651,0.9810795628615852,ffmpeg/libsvtav1 wall time including process and file I/O
chat_preview,photo,kodak_01,768,512,512,341,AVIF,crf=40,10432,0.4780058651026393,73.97158300000228,20.891083000009303,nan,nan,27.857010989585635,0.8611777726025266,0.9702243189613228,0.9788580696981781,0.9829734161558508,ffmpeg/libsvtav1 wall time including process and file I/O
chat_preview,photo,kodak_01,768,512,512,341,AVIF,crf=39,11321,0.5187408357771262,76.29625000001283,21.27270799999792,nan,nan,28.136737735486072,0.8705589550400751,0.9725056457128612,0.980770917374874,0.9839659395891908,ffmpeg/libsvtav1 wall time including process and file I/O
chat_preview,photo,kodak_01,768,512,512,341,AVIF,crf=38,12467,0.5712518328445748,78.17479100000924,21.33108399999628,nan,nan,28.536586869958306,0.8816017527379767,0.9750150369160259,0.9829834956947261,0.9854529448746575,ffmpeg/libsvtav1 wall time including process and file I/O
chat_preview,photo,kodak_01,768,512,512,341,AVIF,crf=37,13662,0.626008064516129,80.32716699997877,20.776209000018753,nan,nan,28.913701432396852,0.891145122666483,0.9772589288796477,0.9848692275597587,0.9868297552197356,ffmpeg/libsvtav1 wall time including process and file I/O
chat_preview,photo,kodak_01,768,512,512,341,AVIF,crf=36,14824,0.6792521994134897,72.54266600000392,21.69824999998582,nan,nan,29.305583093155768,0.9001057884578394,0.9795645318281122,0.986480307246455,0.9880703015764416,ffmpeg/libsvtav1 wall time including process and file I/O
chat_preview,photo,kodak_01,768,512,512,341,AVIF,crf=35,16139,0.7395069648093842,73.01254200001495,20.73216599998773,nan,nan,29.71168397294722,0.9085664931572817,0.9812333445556957,0.9880855437978581,0.9892039803722166,ffmpeg/libsvtav1 wall time including process and file I/O
chat_preview,photo,kodak_01,768,512,512,341,AVIF,crf=34,17635,0.8080553519061584,73.2167079999897,21.639790999984143,nan,nan,30.095970101153846,0.917097174122616,0.9830497665040633,0.9895406075266729,0.9900715309573603,ffmpeg/libsvtav1 wall time including process and file I/O
chat_preview,photo,kodak_01,768,512,512,341,AVIF,crf=33,18928,0.8673020527859238,75.52008300001489,20.828125000008413,nan,nan,30.478275781392416,0.9235603941571359,0.9844381716224261,0.9905632662783427,0.9910001994440419,ffmpeg/libsvtav1 wall time including process and file I/O
chat_preview,photo,kodak_01,768,512,512,341,AVIF,crf=32,20355,0.9326887829912024,74.53408300000319,21.164416999994273,nan,nan,30.86906035784855,0.9296876838608807,0.9857124436439865,0.9915030565409464,0.9917096598350993,ffmpeg/libsvtav1 wall time including process and file I/O
chat_preview,photo,kodak_01,768,512,512,341,AVIF,crf=31,21956,1.0060483870967742,73.30595900000958,21.32699999998522,nan,nan,31.265763441073133,0.9355999451199924,0.9869984280938066,0.9923679384046797,0.9925538865215849,ffmpeg/libsvtav1 wall time including process and file I/O
chat_preview,photo,kodak_01,768,512,512,341,AVIF,crf=30,23833,1.0920546187683284,76.14337500001511,21.08491699999604,nan,nan,31.750531063073947,0.9428199430375832,0.9881788120347705,0.9933862864343376,0.9932604467957501,ffmpeg/libsvtav1 wall time including process and file I/O
chat_preview,photo,kodak_01,768,512,512,341,AVIF,crf=29,25166,1.1531341642228738,76.57516700001565,21.438957999976083,nan,nan,32.03983818899264,0.9464276676076304,0.9889461949684674,0.9939910104920544,0.9936730486386074,ffmpeg/libsvtav1 wall time including process and file I/O
chat_preview,photo,kodak_01,768,512,512,341,AVIF,crf=28,26544,1.216275659824047,75.83012500001018,21.460249999989855,nan,nan,32.40257854851107,0.9506290608402143,0.989864263095471,0.9945353987266308,0.9942579920069166,ffmpeg/libsvtav1 wall time including process and file I/O
chat_preview,photo,kodak_01,768,512,512,341,AVIF,crf=27,27957,1.2810208944281525,78.09549999998922,22.624500000006265,nan,nan,32.74816702762359,0.9535602975144705,0.9906228864511254,0.995034883110019,0.9946601656829162,ffmpeg/libsvtav1 wall time including process and file I/O
chat_preview,photo,kodak_01,768,512,512,341,AVIF,crf=26,29800,1.3654692082111437,70.11308299999541,22.84950000000663,nan,nan,33.131722582123096,0.9575077647300373,0.991180404303084,0.9955231733610475,0.9950982569577597,ffmpeg/libsvtav1 wall time including process and file I/O
chat_preview,photo,kodak_01,768,512,512,341,AVIF,crf=25,31739,1.454316348973607,71.85504200000992,23.23866700001531,nan,nan,33.555987315755445,0.9617537358861162,0.9920818690743239,0.9960702331363116,0.9955889537885699,ffmpeg/libsvtav1 wall time including process and file I/O
chat_preview,photo,kodak_01,768,512,512,341,AVIF,crf=24,33599,1.5395436217008798,70.74629100000607,23.1335419999823,nan,nan,33.96159160577723,0.9646422173322836,0.9926457959123748,0.9964441498448504,0.9959810970904026,ffmpeg/libsvtav1 wall time including process and file I/O
chat_preview,photo,kodak_01,768,512,512,341,AVIF,crf=23,35044,1.6057551319648093,69.61145899998655,22.879917000011574,nan,nan,34.23319819945006,0.9667374376475991,0.993088083426161,0.9967734266559145,0.9962121452225724,ffmpeg/libsvtav1 wall time including process and file I/O
chat_preview,photo,kodak_01,768,512,512,341,AVIF,crf=22,36190,1.658266129032258,75.28654200001483,23.094624999998814,nan,nan,34.47202888033553,0.9685494188247086,0.993398814710655,0.9969378693479809,0.9963907002705639,ffmpeg/libsvtav1 wall time including process and file I/O
chat_preview,photo,kodak_01,768,512,512,341,AVIF,crf=21,37417,1.7144886363636365,68.95662499999844,22.376916000013125,nan,nan,34.713064927499246,0.9702912034971285,0.9937767234374494,0.9972100792043266,0.9965966771789698,ffmpeg/libsvtav1 wall time including process and file I/O
chat_preview,photo,kodak_01,768,512,512,341,AVIF,crf=20,38679,1.7723148826979471,69.18104199999675,22.1587080000063,nan,nan,34.942880483803044,0.9720332895797087,0.9941486630805673,0.9974287693599532,0.9967975445056912,ffmpeg/libsvtav1 wall time including process and file I/O
chat_preview,photo,kodak_01,768,512,512,341,AVIF,crf=19,40199,1.8419629765395895,67.44891700000721,22.96966699998393,nan,nan,35.21107040730375,0.9734031122278209,0.9944180744341056,0.9975898869448732,0.9969964882312625,ffmpeg/libsvtav1 wall time including process and file I/O
chat_preview,photo,kodak_01,768,512,512,341,AVIF,crf=18,41510,1.902034457478006,66.25308300002075,22.859916999976804,nan,nan,35.42030512673548,0.9748011961396504,0.9947047847164495,0.9977933877421894,0.9971548521146688,ffmpeg/libsvtav1 wall time including process and file I/O
chat_preview,photo,kodak_01,768,512,512,341,AVIF,crf=17,43069,1.9734695747800586,66.06270800000402,22.559833000002527,nan,nan,35.70173244548086,0.9764527248005077,0.9950418081574744,0.9979684751581419,0.9973507483616151,ffmpeg/libsvtav1 wall time including process and file I/O
chat_preview,photo,kodak_01,768,512,512,341,AVIF,crf=16,44576,2.0425219941348973,68.07766700001139,22.77187500001787,nan,nan,36.00418704832866,0.9778529846994785,0.99532561969738,0.9981341812951666,0.9975521091369188,ffmpeg/libsvtav1 wall time including process and file I/O
chat_preview,photo,kodak_01,768,512,512,341,AVIF,crf=15,47369,2.170500366568915,67.64708400001496,23.23720799998341,nan,nan,36.39617797168271,0.9801954396510033,0.9958347869561702,0.9983850893310952,0.9977962363643462,ffmpeg/libsvtav1 wall time including process and file I/O
chat_preview,photo,kodak_01,768,512,512,341,AVIF,crf=14,49150,2.252107771260997,65.09483300001762,22.889958999996907,nan,nan,36.61847394616196,0.9813361158147834,0.9960117519733221,0.9985236317850034,0.9979178811282201,ffmpeg/libsvtav1 wall time including process and file I/O
chat_preview,photo,kodak_01,768,512,512,341,AVIF,crf=13,51152,2.343841642228739,67.70312500000841,23.729958000018314,nan,nan,36.89016357064594,0.9825114691060349,0.9963036801391257,0.9986551677800851,0.9980504161516618,ffmpeg/libsvtav1 wall time including process and file I/O
chat_preview,photo,kodak_01,768,512,512,341,AVIF,crf=12,53232,2.439149560117302,69.29024999999456,23.89804200001322,nan,nan,37.199969846493765,0.9837538064765351,0.9965563802353131,0.9987813197798817,0.9981869289976053,ffmpeg/libsvtav1 wall time including process and file I/O
chat_preview,photo,kodak_01,768,512,512,341,AVIF,crf=11,55939,2.5631873167155423,66.9349589999797,23.7132919999965,nan,nan,37.50769880608027,0.9850705936019732,0.9968881789845021,0.9989220462970287,0.9983529786834069,ffmpeg/libsvtav1 wall time including process and file I/O
chat_preview,photo,kodak_01,768,512,512,341,AVIF,crf=10,58703,2.6898368768328447,71.50604200000998,24.70408299998894,nan,nan,37.755629234079315,0.986163935852231,0.9970781748087737,0.9990435359054558,0.9984521244479637,ffmpeg/libsvtav1 wall time including process and file I/O
chat_preview,photo,kodak_01,768,512,512,341,AVIF,crf=9,61477,2.8169446480938416,64.30979099999945,24.122040999998262,nan,nan,38.02962650528255,0.9869733813486192,0.9972853535303905,0.9991397331396726,0.9985702001176222,ffmpeg/libsvtav1 wall time including process and file I/O
chat_preview,photo,kodak_01,768,512,512,341,AVIF,crf=8,65132,2.9844208211143695,64.30004200001349,25.860291000014968,nan,nan,38.40836144213495,0.9883143230856165,0.9976304656729648,0.999271556528686,0.9987395039508274,ffmpeg/libsvtav1 wall time including process and file I/O
chat_preview,photo,kodak_01,768,512,512,341,AVIF,crf=7,68926,3.158266129032258,66.44695800000022,25.081833000001552,nan,nan,38.71452751225312,0.9893411862506162,0.997882450960089,0.9993626432031144,0.9988586648806757,ffmpeg/libsvtav1 wall time including process and file I/O
chat_preview,photo,kodak_01,768,512,512,341,AVIF,crf=6,73673,3.3757789589442817,63.86204200001089,24.362375000009706,nan,nan,39.01866840791146,0.9903604162287863,0.9981209393573566,0.9994516468523269,0.9989748317673519,ffmpeg/libsvtav1 wall time including process and file I/O
chat_preview,photo,kodak_01,768,512,512,341,AVIF,crf=5,78858,3.6133614369501466,69.01808300000312,25.421625000006998,nan,nan,39.34093295780699,0.9912902954014745,0.9983404237493994,0.9995319484097395,0.9990779942413529,ffmpeg/libsvtav1 wall time including process and file I/O
chat_preview,photo,kodak_01,768,512,512,341,AVIF,crf=4,85703,3.9270069648093844,68.48825000000147,26.844417000006615,nan,nan,39.6603402406134,0.9922494818757345,0.9985963438150355,0.99962887795177,0.9991812336413589,ffmpeg/libsvtav1 wall time including process and file I/O
chat_preview,photo,kodak_01,768,512,512,341,AVIF,crf=3,93754,4.2959127565982405,70.04349999999704,27.331750000001875,nan,nan,40.01493644539691,0.9930573683171823,0.9988051014998424,0.9996901759812514,0.9992726480994247,ffmpeg/libsvtav1 wall time including process and file I/O
chat_preview,photo,kodak_01,768,512,512,341,AVIF,crf=2,105703,4.843429252199414,70.91254100001265,28.168832999995175,nan,nan,40.288440283528146,0.9938602497772567,0.9990114308590562,0.9997494456707998,0.9993562915152252,ffmpeg/libsvtav1 wall time including process and file I/O
chat_preview,photo,kodak_01,768,512,512,341,AVIF,crf=1,122338,5.60566348973607,80.18608300000096,30.779707999982975,nan,nan,40.555006683306864,0.9946710127887847,0.9992261877881573,0.9998065588081235,0.9994374032630057,ffmpeg/libsvtav1 wall time including process and file I/O
chat_preview,photo,kodak_01,768,512,512,341,JPEG2000,"pix=yuv420p,qscale=1",83812,3.840359237536657,47.39579200000321,35.31808299999284,nan,nan,38.321838733072084,0.9882361192812873,0.9977977173222558,0.9993200472627245,0.9987800901951396,native ffmpeg jpeg2000 wall time including process and file I/O
chat_preview,photo,kodak_01,768,512,512,341,JPEG2000,"pix=yuv420p,qscale=10000",1903,0.0871975806451613,41.31091699997569,19.79058299997405,nan,nan,20.597027820903165,0.37283307168672364,0.7336466520576307,0.755496791476366,0.8587316787179617,native ffmpeg jpeg2000 wall time including process and file I/O
chat_preview,photo,kodak_01,768,512,512,341,JPEG2000,"pix=yuv420p,qscale=5000",2269,0.10396810850439883,41.06874999999377,20.30770900000789,nan,nan,21.053911287343944,0.4148602172118993,0.7728350932324869,0.7923679235197658,0.8796686912654264,native ffmpeg jpeg2000 wall time including process and file I/O
chat_preview,photo,kodak_01,768,512,512,341,JPEG2000,"pix=yuv420p,qscale=2500",2873,0.13164406158357772,42.28062499998941,20.41041600000426,nan,nan,21.631367431463183,0.47828992212297966,0.817136849079814,0.8363881353255451,0.9043882957441282,native ffmpeg jpeg2000 wall time including process and file I/O
chat_preview,photo,kodak_01,768,512,512,341,JPEG2000,"pix=yuv420p,qscale=1250",3704,0.16972140762463342,40.83116699999323,19.681082999994715,nan,nan,22.269896829472135,0.5403773955976305,0.8557230032825484,0.8743146716733262,0.923776610131153,native ffmpeg jpeg2000 wall time including process and file I/O
chat_preview,photo,kodak_01,768,512,512,341,JPEG2000,"pix=yuv420p,qscale=625",5167,0.23675769794721407,40.226082999993196,20.541417000004003,nan,nan,23.086746605013,0.6198286146510571,0.8972565574873955,0.9112742759192213,0.943370339150976,native ffmpeg jpeg2000 wall time including process and file I/O
chat_preview,photo,kodak_01,768,512,512,341,JPEG2000,"pix=yuv420p,qscale=313",7179,0.32894978005865105,40.439915999996856,20.253790999987586,nan,nan,24.02940428931636,0.6876640720918167,0.9251826382976583,0.9367662712210899,0.9582298365387373,native ffmpeg jpeg2000 wall time including process and file I/O
chat_preview,photo,kodak_01,768,512,512,341,JPEG2000,"pix=yuv420p,qscale=157",10613,0.4862994868035191,41.41329199998722,21.603333999991037,nan,nan,25.333653743167023,0.7644582777341844,0.9499770923998959,0.96024132694772,0.971274783002514,native ffmpeg jpeg2000 wall time including process and file I/O
chat_preview,photo,kodak_01,768,512,512,341,JPEG2000,"pix=yuv420p,qscale=79",15215,0.6971682551319648,41.53825000000211,22.435749999999643,nan,nan,26.758263416955334,0.8284910548344668,0.9675090631721787,0.9747900834459624,0.9805338117542294,native ffmpeg jpeg2000 wall time including process and file I/O
chat_preview,photo,kodak_01,768,512,512,341,JPEG2000,"pix=yuv420p,qscale=40",20636,0.9455645161290323,40.55991699999595,22.962167000002864,nan,nan,28.209674393614414,0.8760945609528076,0.9784001728680956,0.9843472599161582,0.9866842134749859,native ffmpeg jpeg2000 wall time including process and file I/O
chat_preview,photo,kodak_01,768,512,512,341,JPEG2000,"pix=yuv420p,qscale=59",17394,0.7970124633431085,40.77608399998667,22.705041999984132,nan,nan,27.379540712424117,0.8526184646849378,0.9732270999628744,0.9799027857201152,0.9835176185680949,native ffmpeg jpeg2000 wall time including process and file I/O
chat_preview,photo,kodak_01,768,512,512,341,JPEG2000,"pix=yuv420p,qscale=69",16233,0.7438141495601173,41.448332999976856,22.31954200001951,nan,nan,27.06609549438503,0.8409553005547035,0.9703220626847969,0.9774395633504428,0.9820243451877052,native ffmpeg jpeg2000 wall time including process and file I/O
chat_preview,photo,kodak_01,768,512,512,341,JPEG2000,"pix=yuv420p,qscale=74",15872,0.7272727272727273,41.2474169999939,21.620041000005585,nan,nan,26.952949924576824,0.8360328535925049,0.9693200273635734,0.9764908654663366,0.981520639694433,native ffmpeg jpeg2000 wall time including process and file I/O
chat_preview,photo,kodak_01,768,512,512,341,JPEG2000,"pix=yuv420p,qscale=71",16088,0.7371700879765396,41.305166999990206,22.635790999999017,nan,nan,27.023455909551274,0.8395697874734096,0.9700147284652213,0.9771602072157984,0.9818257373240131,native ffmpeg jpeg2000 wall time including process and file I/O
chat_preview,photo,kodak_01,768,512,512,341,JPEG2000,"pix=yuv420p,qscale=72",16020,0.7340542521994134,41.18145800001116,22.253374999991138,nan,nan,27.009610903844337,0.8387292388307218,0.9698207140257464,0.9769729485875037,0.9817537882201525,native ffmpeg jpeg2000 wall time including process and file I/O
chat_preview,photo,kodak_01,768,512,512,341,JPEG2000,"pix=yuv420p,qscale=70",16202,0.7423936950146628,41.01841600001421,22.923833000021432,nan,nan,27.05393354717153,0.8405934033705186,0.970227732668965,0.9773792358894436,0.9819677101766424,native ffmpeg jpeg2000 wall time including process and file I/O
chat_preview,photo,kodak_01,768,512,512,341,JPEG2000,"pix=yuv420p,qscale=73",15923,0.7296096041055719,41.183250000017324,21.885582999999542,nan,nan,26.97064562887065,0.8371435301974438,0.969550972638737,0.976719851406683,0.9815989783820475,native ffmpeg jpeg2000 wall time including process and file I/O
chat_preview,photo,kodak_01,768,512,512,341,JPEG2000,"pix=yuv420p,qscale=20",29912,1.3706011730205279,41.951750000009724,24.039625000000342,nan,nan,30.394050767323513,0.9217582488670614,0.9870690478776138,0.9917200427173745,0.992065254008245,native ffmpeg jpeg2000 wall time including process and file I/O
chat_preview,photo,kodak_01,768,512,512,341,JPEG2000,"pix=yuv420p,qscale=30",23916,1.0958577712609971,40.91633400000205,23.87058300001854,nan,nan,29.079233008505017,0.895325080821181,0.9818903408773426,0.9871355706621728,0.9890857238830998,native ffmpeg jpeg2000 wall time including process and file I/O
chat_preview,photo,kodak_01,768,512,512,341,JPEG2000,"pix=yuv420p,qscale=25",26448,1.2118768328445748,41.17999999999711,22.94095899998183,nan,nan,29.63966485899718,0.906880311474703,0.9842602758507207,0.9890824569344255,0.9905058298684386,native ffmpeg jpeg2000 wall time including process and file I/O
chat_preview,photo,kodak_01,768,512,512,341,JPEG2000,"pix=yuv420p,qscale=22",28794,1.3193731671554252,41.46916700000247,24.416000000002214,nan,nan,30.120882274165464,0.9167283015458253,0.9862200682476628,0.9909523005298781,0.9915565877209075,native ffmpeg jpeg2000 wall time including process and file I/O
chat_preview,photo,kodak_01,768,512,512,341,JPEG2000,"pix=yuv420p,qscale=23",27966,1.281433284457478,40.6309589999978,24.188124999994898,nan,nan,29.94093928753638,0.9132334788354197,0.9855739896287247,0.9903223925681033,0.9911908549641101,native ffmpeg jpeg2000 wall time including process and file I/O
chat_preview,photo,kodak_01,768,512,512,341,JPEG2000,"pix=yuv420p,qscale=24",27168,1.2448680351906158,40.893749999980855,23.236541999978044,nan,nan,29.789216295688302,0.9100006746031152,0.9849513955679171,0.989727219460748,0.9908599240628313,native ffmpeg jpeg2000 wall time including process and file I/O
chat_preview,photo,kodak_01,768,512,512,341,JPEG2000,"pix=yuv420p,qscale=21",29392,1.346774193548387,41.21950000001107,24.21474999999873,nan,nan,30.271038815528932,0.9194088774186726,0.9866746861762676,0.9914027193711307,0.9918325048743426,native ffmpeg jpeg2000 wall time including process and file I/O
chat_preview,photo,kodak_01,768,512,512,341,JPEG2000,"pix=yuv420p,qscale=26",25676,1.1765029325513197,40.83300000002055,23.84204099999465,nan,nan,29.472181887985766,0.9034358231828362,0.9834263643146457,0.9884972712631955,0.9900494690640975,native ffmpeg jpeg2000 wall time including process and file I/O
chat_preview,photo,kodak_01,768,512,512,341,JPEG2000,"pix=yuv420p,qscale=10",39415,1.8060392228739004,40.556375000022626,25.215333999994982,nan,nan,32.14610425252237,0.9463321943108386,0.9910283789111861,0.9947595004828035,0.9947114463471888,native ffmpeg jpeg2000 wall time including process and file I/O
chat_preview,photo,kodak_01,768,512,512,341,JPEG2000,"pix=yuv420p,qscale=5",52929,2.425265762463343,40.28191700001571,27.686458000005132,nan,nan,34.79556171692965,0.9702857439768193,0.9947010904711305,0.9976324740470719,0.9970300995596599,native ffmpeg jpeg2000 wall time including process and file I/O
chat_preview,photo,kodak_01,768,512,512,341,JPEG2000,"pix=yuv420p,qscale=3",59561,2.7291513929618767,40.957832999993116,28.08104100000719,nan,nan,35.67497201269734,0.9759923025462651,0.995734301508969,0.998109492331265,0.9976217551722492,native ffmpeg jpeg2000 wall time including process and file I/O
chat_preview,photo,kodak_01,768,512,512,341,JPEG2000,"pix=yuv420p,qscale=4",56896,2.6070381231671553,40.804791999988765,28.010125000008657,nan,nan,35.36495445973176,0.9738496780952491,0.9952621228272148,0.9979198409856891,0.9973844481913123,native ffmpeg jpeg2000 wall time including process and file I/O
chat_preview,photo,kodak_01,768,512,512,341,JPEG2000,"pix=yuv420p,qscale=2",69810,3.1987719941348973,40.23416699999416,30.09950000000572,nan,nan,36.993969963585215,0.9828833565947069,0.9967737718581794,0.9988589441083008,0.9982323376995405,native ffmpeg jpeg2000 wall time including process and file I/O
chat_preview,photo,kodak_01,768,512,512,341,JPEG2000,"pix=yuv420p,qscale=6",49730,2.278684017595308,40.64733300000967,27.13345800000866,nan,nan,34.27527450281389,0.9668691849114391,0.9941740108349716,0.997276448048121,0.996681909610352,native ffmpeg jpeg2000 wall time including process and file I/O
chat_preview,photo,kodak_01,768,512,512,341,JPEG2000,"pix=yuv420p,qscale=7",47414,2.1725623167155423,40.78587499998321,27.21524999998337,nan,nan,33.86455367210816,0.9635561022448185,0.9934998033146486,0.9968358996126648,0.9963096588075804,native ffmpeg jpeg2000 wall time including process and file I/O
chat_preview,photo,kodak_01,768,512,512,341,JPEG2000,"pix=rgb24,qscale=1",247399,11.336097873900293,74.99191700000551,56.65787499998487,nan,nan,45.68977554704502,0.9961596632765364,0.9995848686773533,0.999725257655152,0.9997928379228376,native ffmpeg jpeg2000 wall time including process and file I/O
chat_preview,photo,kodak_01,768,512,512,341,JPEG2000,"pix=rgb24,qscale=10000",4259,0.19515212609970675,74.24750000001268,21.59000000000333,nan,nan,21.013815641628728,0.38515759746731476,0.7567756446325458,0.7753786758137685,0.8772516577036035,native ffmpeg jpeg2000 wall time including process and file I/O
chat_preview,photo,kodak_01,768,512,512,341,JPEG2000,"pix=rgb24,qscale=5000",5599,0.2565524193548387,74.27104100000292,22.404124999980013,nan,nan,21.563919743184385,0.44563614684487646,0.8065631735102917,0.8239297634646119,0.900593024527846,native ffmpeg jpeg2000 wall time including process and file I/O
chat_preview,photo,kodak_01,768,512,512,341,JPEG2000,"pix=rgb24,qscale=2500",7626,0.3494318181818182,74.739749999992,21.51487499997984,nan,nan,22.25916542933053,0.51288786050996,0.8473207983296093,0.8658318180532558,0.9237336186571615,native ffmpeg jpeg2000 wall time including process and file I/O
chat_preview,photo,kodak_01,768,512,512,341,JPEG2000,"pix=rgb24,qscale=1250",10077,0.46173936950146627,75.05470899999978,22.507042000000865,nan,nan,22.899569560719783,0.571903531357888,0.8818656226091299,0.8958582332195015,0.9390277192596527,native ffmpeg jpeg2000 wall time including process and file I/O
chat_preview,photo,kodak_01,768,512,512,341,JPEG2000,"pix=rgb24,qscale=625",15347,0.703216642228739,74.80400000000031,23.215334000013854,nan,nan,23.839915090303847,0.6623360090973586,0.9205613438431067,0.93313519917823,0.9562258817473128,native ffmpeg jpeg2000 wall time including process and file I/O
chat_preview,photo,kodak_01,768,512,512,341,JPEG2000,"pix=rgb24,qscale=313",21969,1.0066440615835777,74.67745799999648,23.820666000005986,nan,nan,24.913888197448777,0.7273784897154695,0.9433929952112298,0.9530770782884571,0.969013859650358,native ffmpeg jpeg2000 wall time including process and file I/O
chat_preview,photo,kodak_01,768,512,512,341,JPEG2000,"pix=rgb24,qscale=157",32949,1.5097598973607038,74.77466599999616,25.88337500000648,nan,nan,26.35595376635642,0.8016676456385351,0.9650371825300912,0.9704613599626012,0.9797659678501184,native ffmpeg jpeg2000 wall time including process and file I/O
chat_preview,photo,kodak_01,768,512,512,341,JPEG2000,"pix=rgb24,qscale=79",48555,2.2248442082111435,73.75891600000273,28.119166999999834,nan,nan,27.992919558948778,0.8621794273174026,0.9786046761236573,0.98275223611427,0.9869359605768442,native ffmpeg jpeg2000 wall time including process and file I/O
chat_preview,photo,kodak_01,768,512,512,341,JPEG2000,"pix=rgb24,qscale=118",36799,1.6861711876832846,74.49145800001133,26.111499999984744,nan,nan,26.810502713420995,0.8181271071077448,0.9685618895963523,0.9735711941860774,0.9819426274463467,native ffmpeg jpeg2000 wall time including process and file I/O
chat_preview,photo,kodak_01,768,512,512,341,JPEG2000,"pix=rgb24,qscale=98",41365,1.8953903958944283,74.69908300001293,26.65858299999968,nan,nan,27.271771687767988,0.8357049238653717,0.9724529971455761,0.9770044656155082,0.9840017965619778,native ffmpeg jpeg2000 wall time including process and file I/O
chat_preview,photo,kodak_01,768,512,512,341,JPEG2000,"pix=rgb24,qscale=108",38657,1.7713068181818181,74.43887499999846,26.16849999998294,nan,nan,26.99691777864419,0.8250797728172703,0.9700538480392923,0.9749816619945965,0.9827806019195334,native ffmpeg jpeg2000 wall time including process and file I/O
chat_preview,photo,kodak_01,768,512,512,341,JPEG2000,"pix=rgb24,qscale=113",37723,1.7285098973607038,74.47804099999189,26.3451659999987,nan,nan,26.91414818133566,0.8219054260016364,0.9693341362782625,0.9744826592005563,0.9823904576053254,native ffmpeg jpeg2000 wall time including process and file I/O
chat_preview,photo,kodak_01,768,512,512,341,JPEG2000,"pix=rgb24,qscale=110",38270,1.7535740469208212,74.07625000001872,25.86279199999808,nan,nan,26.957206768139148,0.8236113456479403,0.9697378439475579,0.9747122267695717,0.9826199080801232,native ffmpeg jpeg2000 wall time including process and file I/O
chat_preview,photo,kodak_01,768,512,512,341,JPEG2000,"pix=rgb24,qscale=109",38372,1.7582478005865103,74.0702910000266,26.667750000001433,nan,nan,26.966736321717537,0.8239659099370105,0.9698216526652184,0.9747892526602449,0.9826583186097808,native ffmpeg jpeg2000 wall time including process and file I/O
chat_preview,photo,kodak_01,768,512,512,341,JPEG2000,"pix=rgb24,qscale=106",39003,1.7871609237536656,73.89754199999743,26.762375000004113,nan,nan,27.03422688186742,0.8265375237637668,0.9703779022628766,0.9754388143677891,0.9829361651698054,native ffmpeg jpeg2000 wall time including process and file I/O
chat_preview,photo,kodak_01,768,512,512,341,JPEG2000,"pix=rgb24,qscale=107",38818,1.7786840175953078,73.91958400000931,26.155166999984658,nan,nan,27.01754369712273,0.8258499092600186,0.9702302015171647,0.9751729918500947,0.9828665020216166,native ffmpeg jpeg2000 wall time including process and file I/O
chat_preview,photo,kodak_01,768,512,512,341,JPEG2000,"pix=rgb24,qscale=111",38079,1.7448222140762464,74.65420899998776,26.405541000002586,nan,nan,26.938896159964983,0.8229077297460287,0.9695801290200666,0.974629726572239,0.9825210591776048,native ffmpeg jpeg2000 wall time including process and file I/O
chat_preview,photo,kodak_01,768,512,512,341,JPEG2000,"pix=rgb24,qscale=40",64609,2.9604563782991202,74.27445799999077,29.788709000001745,nan,nan,29.545350463271394,0.9019954632615281,0.9866259619987922,0.9890922564806046,0.9913657039282803,native ffmpeg jpeg2000 wall time including process and file I/O
chat_preview,photo,kodak_01,768,512,512,341,JPEG2000,"pix=rgb24,qscale=59",54782,2.5101722873900294,74.86899999997831,28.819208000015806,nan,nan,28.697139852487044,0.8833032161201388,0.982901149273851,0.9859744237508462,0.9892024884926136,native ffmpeg jpeg2000 wall time including process and file I/O
chat_preview,photo,kodak_01,768,512,512,341,JPEG2000,"pix=rgb24,qscale=49",58581,2.6842467008797652,75.35379200001557,29.604375000019445,nan,nan,29.013302201368397,0.8911262022176208,0.9847223386219454,0.9872990613319703,0.9901539782873335,native ffmpeg jpeg2000 wall time including process and file I/O
chat_preview,photo,kodak_01,768,512,512,341,JPEG2000,"pix=rgb24,qscale=44",61152,2.802052785923754,74.69166699999619,30.784166000017876,nan,nan,29.241769664862836,0.8958338749039307,0.9856265779582785,0.9880855951124475,0.9907198798273129,native ffmpeg jpeg2000 wall time including process and file I/O
chat_preview,photo,kodak_01,768,512,512,341,JPEG2000,"pix=rgb24,qscale=46",59903,2.744822214076246,74.66683399999852,29.64916599998446,nan,nan,29.130085972796206,0.8935885086501464,0.9851977548059153,0.9877112393105321,0.9904540004840088,native ffmpeg jpeg2000 wall time including process and file I/O
chat_preview,photo,kodak_01,768,512,512,341,JPEG2000,"pix=rgb24,qscale=47",59274,2.7160007331378297,75.76591600002303,29.699208000010913,nan,nan,29.076533509709478,0.8923706243630048,0.9849810454943153,0.9874965907909262,0.9903238439749975,native ffmpeg jpeg2000 wall time including process and file I/O
chat_preview,photo,kodak_01,768,512,512,341,JPEG2000,"pix=rgb24,qscale=45",60527,2.7734145894428153,75.14950000000908,30.413541999990912,nan,nan,29.186168341447726,0.8946688661290643,0.985401846144159,0.9878986558997942,0.9905933171689638,native ffmpeg jpeg2000 wall time including process and file I/O
chat_preview,photo,kodak_01,768,512,512,341,JPEG2000,"pix=rgb24,qscale=48",58902,2.698955278592375,75.7087079999792,29.90800000000604,nan,nan,29.043497137419976,0.8916807479743875,0.984839602443814,0.987394044986166,0.9902304897257177,native ffmpeg jpeg2000 wall time including process and file I/O
chat_preview,photo,kodak_01,768,512,512,341,JPEG2000,"pix=rgb24,qscale=20",95579,4.379536290322581,74.86929099999884,34.475708000002214,nan,nan,32.42637225957141,0.945582766979482,0.9933758593554387,0.9947752340674957,0.9957219348064259,native ffmpeg jpeg2000 wall time including process and file I/O
chat_preview,photo,kodak_01,768,512,512,341,JPEG2000,"pix=rgb24,qscale=10",124704,5.714076246334311,74.91583299997728,38.89762499997573,nan,nan,34.63065954755953,0.9656455365039976,0.9959097480582267,0.9968369702431396,0.9974210728274163,native ffmpeg jpeg2000 wall time including process and file I/O
chat_preview,photo,kodak_01,768,512,512,341,JPEG2000,"pix=rgb24,qscale=15",105198,4.820289589442815,75.52037499999642,35.979416999992964,nan,nan,33.28982530296608,0.9547325390079316,0.9944983855259881,0.9956941715092249,0.996473824020352,native ffmpeg jpeg2000 wall time including process and file I/O
chat_preview,photo,kodak_01,768,512,512,341,JPEG2000,"pix=rgb24,qscale=12",113275,5.190386730205279,75.80554099999404,38.67304099998137,nan,nan,33.82809237672005,0.959737239775218,0.9951044840847221,0.99613050807394,0.9968843668568463,native ffmpeg jpeg2000 wall time including process and file I/O
chat_preview,photo,kodak_01,768,512,512,341,JPEG2000,"pix=rgb24,qscale=13",110078,5.0438966275659824,75.56370800000423,36.803916999986086,nan,nan,33.63843071360434,0.957967120548831,0.9948579106896535,0.9959622166023169,0.9967399869212394,native ffmpeg jpeg2000 wall time including process and file I/O
chat_preview,photo,kodak_01,768,512,512,341,JPEG2000,"pix=rgb24,qscale=11",118180,5.415139296187683,75.01045899999781,38.34558400001242,nan,nan,34.1320202694595,0.9621116483912724,0.9954519051758176,0.9964122906450072,0.9971069845740113,native ffmpeg jpeg2000 wall time including process and file I/O
chat_preview,photo,kodak_01,768,512,512,341,JPEG2000,"pix=rgb24,qscale=14",107884,4.943365102639296,74.55187499999738,37.016292000004114,nan,nan,33.488565630531596,0.9566554302977037,0.9947065959114708,0.9958520163396696,0.9966253078210379,native ffmpeg jpeg2000 wall time including process and file I/O
chat_preview,photo,kodak_02,768,512,512,341,CAPS,"q=1,tile=64,base=32",2324,0.10648826979472141,8.128375000012511,8.070249999974521,3.56058,4.44579,27.207616284551833,0.6622510846980102,0.8451467131190601,0.8834726292023538,0.9233872023219929,subprocess wall time including PPM I/O; codec_* fields are resident timing
chat_preview,photo,kodak_02,768,512,512,341,CAPS,"q=1,tile=64,base=64",4745,0.21742118768328444,8.477291999980707,9.879165999990391,4.02163,4.81892,29.107445073265133,0.745154635045238,0.9077102424632768,0.9331177116082942,0.9594999929492596,subprocess wall time including PPM I/O; codec_* fields are resident timing
chat_preview,photo,kodak_02,768,512,512,341,CAPS,"q=2,tile=64,base=32",2337,0.10708394428152493,6.860667000012199,7.893958000011025,3.15629,4.42333,27.19499673128494,0.6640543849635683,0.8483502342091181,0.8864633471592807,0.9238598448548413,subprocess wall time including PPM I/O; codec_* fields are resident timing
chat_preview,photo,kodak_02,768,512,512,341,CAPS,"q=2,tile=64,base=64",4795,0.21971224340175954,7.569708000005448,8.07954199999017,3.72296,4.57267,29.08803292185956,0.7467533558713352,0.9096034889573081,0.9350852460362099,0.9601034520955815,subprocess wall time including PPM I/O; codec_* fields are resident timing
chat_preview,photo,kodak_02,768,512,512,341,CAPS,"q=3,tile=64,base=32",2379,0.10900843108504399,7.168124999992642,8.658999999994421,3.22454,4.58667,27.230545255788797,0.6653330382792634,0.8486497098502785,0.8864299517534071,0.9246677994220329,subprocess wall time including PPM I/O; codec_* fields are resident timing
chat_preview,photo,kodak_02,768,512,512,341,CAPS,"q=3,tile=64,base=64",4907,0.2248442082111437,7.583541999991894,8.116333000003806,3.79033,4.68542,29.12157559975857,0.748837467439667,0.9105442086385475,0.9356830058214313,0.9603660143943373,subprocess wall time including PPM I/O; codec_* fields are resident timing
chat_preview,photo,kodak_02,768,512,512,341,CAPS,"q=4,tile=64,base=32",2393,0.10964992668621701,7.061208999999735,8.385040999996818,3.15042,4.53963,27.24344651457805,0.6663451279531609,0.8494294542778217,0.8869803282361514,0.9249942761845669,subprocess wall time including PPM I/O; codec_* fields are resident timing
chat_preview,photo,kodak_02,768,512,512,341,CAPS,"q=4,tile=64,base=64",4935,0.22612719941348974,7.981416999996327,8.28037499999823,3.84912,4.62929,29.130255365204466,0.7493850192993277,0.9106139271050268,0.9357815399262037,0.9604022305439124,subprocess wall time including PPM I/O; codec_* fields are resident timing
chat_preview,photo,kodak_02,768,512,512,341,CAPS,"q=5,tile=64,base=32",2439,0.11175769794721407,6.933624999987842,8.203667000003634,3.16142,4.51383,27.22018581653421,0.6661167377442195,0.8492546504843475,0.8878107108656583,0.924930551426323,subprocess wall time including PPM I/O; codec_* fields are resident timing
chat_preview,photo,kodak_02,768,512,512,341,CAPS,"q=5,tile=64,base=64",5065,0.23208394428152493,7.418958000016573,8.287834000014982,3.80308,4.67608,29.11102187106593,0.7501928549421094,0.9114330641670444,0.9368095769283473,0.9605363809937936,subprocess wall time including PPM I/O; codec_* fields are resident timing
chat_preview,photo,kodak_02,768,512,512,341,CAPS,"q=6,tile=64,base=32",2449,0.11221590909090909,7.411292000000458,8.339667000001327,3.30429,4.4415,27.237295632790143,0.6669206327789694,0.8497591563496129,0.8881708034985915,0.9252486856130171,subprocess wall time including PPM I/O; codec_* fields are resident timing
chat_preview,photo,kodak_02,768,512,512,341,CAPS,"q=6,tile=64,base=64",5089,0.23318365102639296,7.68141700001479,8.358958000002303,3.92462,4.65792,29.149948807409174,0.7511859674169384,0.9121148037568348,0.9371846893278425,0.9610060166606174,subprocess wall time including PPM I/O; codec_* fields are resident timing
chat_preview,photo,kodak_02,768,512,512,341,CAPS,"q=7,tile=64,base=32",2453,0.1123991935483871,6.851791999991974,7.908291000006784,3.11029,4.33275,27.242903842681542,0.6671666723434053,0.8499212222693394,0.8883312858764726,0.9253667685217665,subprocess wall time including PPM I/O; codec_* fields are resident timing
chat_preview,photo,kodak_02,768,512,512,341,CAPS,"q=7,tile=64,base=64",5101,0.23373350439882698,7.985000000019227,8.477707999986706,3.84571,4.70479,29.154559354947807,0.7515025028717113,0.9121543879831112,0.9372255547680558,0.9610425016948606,subprocess wall time including PPM I/O; codec_* fields are resident timing
chat_preview,photo,kodak_02,768,512,512,341,CAPS,"q=8,tile=64,base=32",2511,0.11505681818181818,7.307416999992711,8.64595799998824,3.14046,4.50954,27.294314119849062,0.6703986308536459,0.8522894053852297,0.8903651819043644,0.9262354968049923,subprocess wall time including PPM I/O; codec_* fields are resident timing
chat_preview,photo,kodak_02,768,512,512,341,CAPS,"q=8,tile=64,base=64",5198,0.23817815249266863,7.6567920000059075,8.601207999987537,3.86625,4.62087,29.20935341754373,0.7538214010744304,0.9131900943094696,0.9381080452924375,0.961677834268117,subprocess wall time including PPM I/O; codec_* fields are resident timing
chat_preview,photo,kodak_02,768,512,512,341,CAPS,"q=9,tile=64,base=32",2541,0.11643145161290322,7.382874999990463,8.954209000023639,3.22446,4.54233,27.312252354379225,0.6705835962547818,0.8526384104375514,0.8903680010992147,0.9265820153824876,subprocess wall time including PPM I/O; codec_* fields are resident timing
chat_preview,photo,kodak_02,768,512,512,341,CAPS,"q=9,tile=64,base=64",5203,0.23840725806451613,8.662125000000742,9.679833000006965,4.01046,4.77696,29.214154759515996,0.7539006240283245,0.9132043581319466,0.9381169505647391,0.9617007827585209,subprocess wall time including PPM I/O; codec_* fields are resident timing
chat_preview,photo,kodak_02,768,512,512,341,CAPS,"q=10,tile=64,base=32",2559,0.11725623167155426,7.393416999974534,8.789542000016581,3.32333,4.66825,27.314275714891224,0.6711524835976688,0.8524991176673992,0.8903363193803747,0.9265249245617402,subprocess wall time including PPM I/O; codec_* fields are resident timing
chat_preview,photo,kodak_02,768,512,512,341,CAPS,"q=10,tile=64,base=64",5234,0.23982771260997068,8.603457999981856,9.496416999979829,4.14692,4.87575,29.22088825406949,0.7542502874200635,0.9132586049211695,0.9382293605643814,0.9617761984318102,subprocess wall time including PPM I/O; codec_* fields are resident timing
chat_preview,photo,kodak_02,768,512,512,341,CAPS,"q=11,tile=64,base=32",2592,0.1187683284457478,7.132791000003635,8.017042000005858,3.14996,4.47479,27.36544181555344,0.6711061684263298,0.8525270941234991,0.8901151253368021,0.9275981649172682,subprocess wall time including PPM I/O; codec_* fields are resident timing
chat_preview,photo,kodak_02,768,512,512,341,CAPS,"q=11,tile=64,base=64",5354,0.24532624633431085,7.598625000014181,8.381416000020181,3.89012,4.59704,29.244651251447436,0.7523933221942718,0.9109534188561418,0.9371704907560376,0.9615927488385781,subprocess wall time including PPM I/O; codec_* fields are resident timing
chat_preview,photo,kodak_02,768,512,512,341,CAPS,"q=12,tile=64,base=32",2601,0.11918071847507332,7.177749999982552,7.998582999988457,3.24992,4.49492,27.37109208805468,0.6718038410816596,0.8528094456356351,0.8902526385912358,0.9275882729251065,subprocess wall time including PPM I/O; codec_* fields are resident timing
chat_preview,photo,kodak_02,768,512,512,341,CAPS,"q=12,tile=64,base=64",5374,0.24624266862170088,7.624625000005381,8.054750000013655,3.93733,4.57896,29.249652287489024,0.7527410007268331,0.9110810051858969,0.9373541815915429,0.9617238643218601,subprocess wall time including PPM I/O; codec_* fields are resident timing
chat_preview,photo,kodak_02,768,512,512,341,CAPS,"q=13,tile=64,base=32",2638,0.12087609970674487,7.0897920000163595,8.087958000004392,3.26975,4.46154,27.411326651102463,0.6733105690281754,0.8539331730603776,0.8913525552643716,0.9285279740293697,subprocess wall time including PPM I/O; codec_* fields are resident timing
chat_preview,photo,kodak_02,768,512,512,341,CAPS,"q=13,tile=64,base=64",5505,0.2522452346041056,7.907000000017206,8.770667000021604,3.94617,4.70146,29.301662030899696,0.7554952804415396,0.9124700608637774,0.9383600911301548,0.9623852248209982,subprocess wall time including PPM I/O; codec_* fields are resident timing
chat_preview,photo,kodak_02,768,512,512,341,CAPS,"q=14,tile=64,base=32",2648,0.12133431085043989,7.1295420000012655,8.86800000000676,3.33817,4.69496,27.41866144335749,0.6739103277661863,0.8542074688652684,0.8915604052836099,0.9285712214456064,subprocess wall time including PPM I/O; codec_* fields are resident timing
chat_preview,photo,kodak_02,768,512,512,341,CAPS,"q=14,tile=64,base=64",5532,0.2534824046920821,9.477041999986113,10.245916999991778,4.35296,4.89392,29.318620540419133,0.7561406596770816,0.9127293207613393,0.9387038029172348,0.9626807779459204,subprocess wall time including PPM I/O; codec_* fields are resident timing
chat_preview,photo,kodak_02,768,512,512,341,CAPS,"q=15,tile=64,base=32",2684,0.12298387096774194,7.427042000017536,8.493790999978046,3.30912,4.3565,27.43871938451808,0.6745518512250678,0.854935839076351,0.8918822297314865,0.9289772782392497,subprocess wall time including PPM I/O; codec_* fields are resident timing
chat_preview,photo,kodak_02,768,512,512,341,CAPS,"q=15,tile=64,base=64",5560,0.25476539589442815,7.753124999993588,8.504958000003171,3.88167,4.65129,29.334348143076085,0.7564066939649954,0.9129748731550763,0.9387512812909447,0.9628522857832388,subprocess wall time including PPM I/O; codec_* fields are resident timing
chat_preview,photo,kodak_02,768,512,512,341,CAPS,"q=16,tile=64,base=32",2696,0.12353372434017595,7.263082999998005,8.357250000017302,3.39463,4.45025,27.461512256122305,0.6758593582415745,0.855922770922993,0.8927286496440316,0.9294866439567219,subprocess wall time including PPM I/O; codec_* fields are resident timing
chat_preview,photo,kodak_02,768,512,512,341,CAPS,"q=16,tile=64,base=64",5616,0.25733137829912023,7.827833000021656,8.805957999982184,3.91808,4.81667,29.384227767433867,0.75781139013588,0.9137420653180341,0.9397666315058454,0.963785686324791,subprocess wall time including PPM I/O; codec_* fields are resident timing
chat_preview,photo,kodak_02,768,512,512,341,CAPS,"q=17,tile=64,base=32",2782,0.12747434017595308,7.030791000005365,8.272250000004533,3.22304,4.52175,27.547578082788974,0.6765482343446793,0.8565444576276384,0.8935625525869215,0.930759685653902,subprocess wall time including PPM I/O; codec_* fields are resident timing
chat_preview,photo,kodak_02,768,512,512,341,CAPS,"q=17,tile=64,base=64",5916,0.27107771260997066,8.549332999990611,10.233333000002176,4.10583,4.90792,29.506930740971686,0.7613422290315114,0.9160861429346507,0.9421185311115297,0.9646460374732532,subprocess wall time including PPM I/O; codec_* fields are resident timing
chat_preview,photo,kodak_02,768,512,512,341,CAPS,"q=18,tile=64,base=32",2846,0.13040689149560117,8.080250000006117,9.301417000017409,3.51487,4.59392,27.569203924354866,0.6792708754274593,0.8574636268646773,0.8950051815791155,0.9309710575019702,subprocess wall time including PPM I/O; codec_* fields are resident timing
chat_preview,photo,kodak_02,768,512,512,341,CAPS,"q=18,tile=64,base=64",6104,0.2796920821114369,8.240040999993425,9.238249999981463,4.11425,4.91312,29.587334311919776,0.7639969499829485,0.9170229291579254,0.9434763610844293,0.965983214981873,subprocess wall time including PPM I/O; codec_* fields are resident timing
chat_preview,photo,kodak_02,768,512,512,341,CAPS,"q=19,tile=64,base=32",2878,0.1318731671554252,7.677625000013677,8.467707999983531,3.39875,4.55458,27.57345896288044,0.6793335918376759,0.8574711427753322,0.8950565795871225,0.9309885194818106,subprocess wall time including PPM I/O; codec_* fields are resident timing
chat_preview,photo,kodak_02,768,512,512,341,CAPS,"q=19,tile=64,base=64",6113,0.28010447214076245,8.489542000006622,9.192915999989282,3.99,4.94958,29.58965938046699,0.7639604702252294,0.9170374640666673,0.943471676125734,0.9660158459380017,subprocess wall time including PPM I/O; codec_* fields are resident timing
chat_preview,photo,kodak_02,768,512,512,341,CAPS,"q=20,tile=64,base=32",2891,0.13246884164222875,7.947624999985692,10.361041999999543,3.42767,4.87133,27.587681779529714,0.6799841926992184,0.858062706254268,0.8955999832648361,0.9313073003423074,subprocess wall time including PPM I/O; codec_* fields are resident timing
chat_preview,photo,kodak_02,768,512,512,341,CAPS,"q=20,tile=64,base=64",6129,0.2808376099706745,7.809666000014204,8.445125000008602,3.99408,4.70167,29.614757712371514,0.7643541246487553,0.9173251330575255,0.9436206140317024,0.9662479173048576,subprocess wall time including PPM I/O; codec_* fields are resident timing
chat_preview,photo,kodak_02,768,512,512,341,CAPS,"q=21,tile=64,base=32",2913,0.13347690615835778,6.880750000021862,7.913041999984216,3.31533,4.491,27.59827278424446,0.6802314255237768,0.8584643687294347,0.8965371607279109,0.9312893302566464,subprocess wall time including PPM I/O; codec_* fields are resident timing
chat_preview,photo,kodak_02,768,512,512,341,CAPS,"q=21,tile=64,base=64",6187,0.2834952346041056,7.940458999996736,8.369208999994271,4.0455,4.75471,29.647308162115138,0.7658236049143383,0.91793476387699,0.9445253508433205,0.9670971299558859,subprocess wall time including PPM I/O; codec_* fields are resident timing
chat_preview,photo,kodak_02,768,512,512,341,CAPS,"q=22,tile=64,base=32",2916,0.13361436950146627,7.384291999983361,8.4060829999828,3.48708,4.42762,27.606170985061777,0.6803377530110385,0.8585732210339224,0.8966498877946724,0.9313291675385412,subprocess wall time including PPM I/O; codec_* fields are resident timing
chat_preview,photo,kodak_02,768,512,512,341,CAPS,"q=22,tile=64,base=64",6187,0.2834952346041056,7.983458000012433,8.74595799999156,3.96783,4.8915,29.65839709597434,0.7658832759189146,0.9179461181662635,0.944547394255148,0.9671338073208591,subprocess wall time including PPM I/O; codec_* fields are resident timing
chat_preview,photo,kodak_02,768,512,512,341,CAPS,"q=23,tile=64,base=32",3012,0.1380131964809384,6.92112499999098,8.700083999997332,3.32787,4.58183,27.702539686116783,0.6849623802114487,0.8645756532762675,0.8991355215773498,0.933379592987008,subprocess wall time including PPM I/O; codec_* fields are resident timing
chat_preview,photo,kodak_02,768,512,512,341,CAPS,"q=23,tile=64,base=64",6394,0.29298020527859236,7.849708000009059,8.339082999981429,4.00821,4.80083,29.836549457005503,0.7736205107346859,0.9247041804700031,0.9475495856875267,0.9689696991790059,subprocess wall time including PPM I/O; codec_* fields are resident timing
chat_preview,photo,kodak_02,768,512,512,341,CAPS,"q=24,tile=64,base=32",3021,0.13842558651026393,7.105250000023489,7.94816699999501,3.32583,4.44337,27.70985025690125,0.6853621187052301,0.8647711819555411,0.8992663645686304,0.9334941385810138,subprocess wall time including PPM I/O; codec_* fields are resident timing
chat_preview,photo,kodak_02,768,512,512,341,CAPS,"q=24,tile=64,base=64",6410,0.2937133431085044,7.934709000011253,8.432749999997213,3.96162,4.69533,29.84804316350013,0.7737902388503722,0.9247493423072237,0.9476203722292764,0.9690129212717878,subprocess wall time including PPM I/O; codec_* fields are resident timing
chat_preview,photo,kodak_02,768,512,512,341,CAPS,"q=25,tile=64,base=32",3045,0.13952529325513197,7.331125000007432,9.010790999980145,3.49179,4.75992,27.736186300316824,0.6862285079399978,0.8654960096313355,0.8994121852407465,0.9341066768661643,subprocess wall time including PPM I/O; codec_* fields are resident timing
chat_preview,photo,kodak_02,768,512,512,341,CAPS,"q=25,tile=64,base=64",6443,0.29522543988269795,8.05324999998902,8.745707999992192,4.13254,4.78137,29.87284295098679,0.7748413525207133,0.9249717948631,0.947845277101832,0.9691968483959186,subprocess wall time including PPM I/O; codec_* fields are resident timing
chat_preview,photo,kodak_02,768,512,512,341,CAPS,"q=26,tile=64,base=32",3076,0.14094574780058652,7.641625000019303,8.789917000001424,3.66671,4.63742,27.75945536355691,0.6866395260811542,0.8660912566370783,0.900091439498008,0.9344860154542548,subprocess wall time including PPM I/O; codec_* fields are resident timing
chat_preview,photo,kodak_02,768,512,512,341,CAPS,"q=26,tile=64,base=64",6447,0.29540872434017595,7.761041999998497,8.793459000003168,3.99612,4.75925,29.912063634734977,0.775279129873829,0.9252919230631226,0.9481920124564517,0.9693951253648438,subprocess wall time including PPM I/O; codec_* fields are resident timing
chat_preview,photo,kodak_02,768,512,512,341,CAPS,"q=27,tile=64,base=32",3134,0.1436033724340176,7.52916700000128,8.534375000010641,3.45575,4.58667,27.79495509374991,0.6883095118303989,0.8677150838759538,0.900393474764365,0.9354356518195696,subprocess wall time including PPM I/O; codec_* fields are resident timing
chat_preview,photo,kodak_02,768,512,512,341,CAPS,"q=27,tile=64,base=64",6557,0.30044904692082114,7.9093340000042645,8.209415999999692,4.08225,4.77146,29.953619731215653,0.7767891349138951,0.9260578542921772,0.9485427506968583,0.9697325838429717,subprocess wall time including PPM I/O; codec_* fields are resident timing
chat_preview,photo,kodak_02,768,512,512,341,CAPS,"q=28,tile=64,base=32",3200,0.1466275659824047,7.37175000000434,8.379542000000129,3.47162,4.53829,27.827716210850724,0.6903083000411243,0.868800089198277,0.9019120971417646,0.9362779212948344,subprocess wall time including PPM I/O; codec_* fields are resident timing
chat_preview,photo,kodak_02,768,512,512,341,CAPS,"q=28,tile=64,base=64",6659,0.30512280058651026,7.771582999993143,8.152542000004814,4.00792,4.68788,30.002875554098807,0.7787492467496371,0.9263747873045004,0.9490283784106255,0.9696743396481068,subprocess wall time including PPM I/O; codec_* fields are resident timing
chat_preview,photo,kodak_02,768,512,512,341,CAPS,"q=29,tile=64,base=32",3266,0.1496517595307918,7.3299160000033226,8.288415999999188,3.52475,4.5555,27.87829826049577,0.6932736035760013,0.8729122122914661,0.9037455842303866,0.9377412099490176,subprocess wall time including PPM I/O; codec_* fields are resident timing
chat_preview,photo,kodak_02,768,512,512,341,CAPS,"q=29,tile=64,base=64",6808,0.311950146627566,7.77216699998462,8.48375000001056,3.95525,4.75225,30.096523007129026,0.7845207595021336,0.9304931816685427,0.9508235940503885,0.9709997762166813,subprocess wall time including PPM I/O; codec_* fields are resident timing
chat_preview,photo,kodak_02,768,512,512,341,CAPS,"q=30,tile=64,base=32",3286,0.15056818181818182,7.265125000003536,8.244458000007171,3.588,4.56562,27.90820222985973,0.6938937367355251,0.8732143286945179,0.9039381019535511,0.9381090748039299,subprocess wall time including PPM I/O; codec_* fields are resident timing
chat_preview,photo,kodak_02,768,512,512,341,CAPS,"q=30,tile=64,base=64",6836,0.313233137829912,8.27495799998701,8.850125000009257,4.03554,4.77304,30.13120869618348,0.7850503708779413,0.9307683292326324,0.9509309042534703,0.9712316960180941,subprocess wall time including PPM I/O; codec_* fields are resident timing
chat_preview,photo,kodak_02,768,512,512,341,CAPS,"q=31,tile=64,base=32",3324,0.15230938416422288,7.404583999999659,8.71370800001614,3.45983,4.55312,27.96296447320223,0.6951214325387706,0.874109444370812,0.9041306570497707,0.939531446787142,subprocess wall time including PPM I/O; codec_* fields are resident timing
chat_preview,photo,kodak_02,768,512,512,341,CAPS,"q=31,tile=64,base=64",6878,0.3151576246334311,7.78220800000895,8.414915999992445,4.02304,4.73767,30.18031944973291,0.7864964428036498,0.9313611482713329,0.9515784462676982,0.9716854576165292,subprocess wall time including PPM I/O; codec_* fields are resident timing
chat_preview,photo,kodak_02,768,512,512,341,CAPS,"q=32,tile=64,base=32",3393,0.15547104105571846,7.500334000013709,7.9334999999787215,3.51917,4.43458,27.969289075808483,0.6966886441614765,0.8758359557160977,0.90569106376139,0.9403692165386497,subprocess wall time including PPM I/O; codec_* fields are resident timing
chat_preview,photo,kodak_02,768,512,512,341,CAPS,"q=32,tile=64,base=64",7045,0.32280975073313783,8.786167000010892,9.46387499999446,4.29554,5.04771,30.206979527194,0.7881502467313264,0.9328190042412844,0.9528334256273125,0.9723071420278806,subprocess wall time including PPM I/O; codec_* fields are resident timing
chat_preview,photo,kodak_02,768,512,512,341,CAPS,"q=33,tile=64,base=32",3470,0.15899926686217009,7.462083000007169,8.341291999983014,3.53762,4.505,28.01467437577616,0.6995230162110544,0.8774094290414506,0.907289632569792,0.9419426897550924,subprocess wall time including PPM I/O; codec_* fields are resident timing
chat_preview,photo,kodak_02,768,512,512,341,CAPS,"q=33,tile=64,base=64",7227,0.3311491935483871,7.912833000006003,8.27591699999175,4.13212,4.79017,30.253405612086986,0.7905911270324947,0.9333215452287068,0.9535377616625765,0.9721656788843777,subprocess wall time including PPM I/O; codec_* fields are resident timing
chat_preview,photo,kodak_02,768,512,512,341,CAPS,"q=34,tile=64,base=32",3477,0.1593200146627566,7.339500000000498,8.029082999996717,3.58712,4.57371,28.032364098695176,0.699888826501105,0.8776688616088234,0.9074343327956506,0.9421688197891172,subprocess wall time including PPM I/O; codec_* fields are resident timing
chat_preview,photo,kodak_02,768,512,512,341,CAPS,"q=34,tile=64,base=64",7229,0.3312408357771261,8.202790999973786,8.25520799998003,4.13063,4.76662,30.27587769002627,0.7907802845027555,0.933376101134671,0.953589867051612,0.9722626148830507,subprocess wall time including PPM I/O; codec_* fields are resident timing
chat_preview,photo,kodak_02,768,512,512,341,CAPS,"q=35,tile=64,base=32",3580,0.16403958944281524,7.397083000000748,7.7736670000092545,3.51667,4.46483,28.082885660013346,0.7020103818352883,0.8791164068509024,0.9085298504094867,0.943554053298292,subprocess wall time including PPM I/O; codec_* fields are resident timing
chat_preview,photo,kodak_02,768,512,512,341,CAPS,"q=35,tile=64,base=64",7412,0.33962609970674484,7.853791000002275,8.423750000019936,4.02804,4.9075,30.321469753491034,0.7920519880605962,0.9344199044251976,0.9542321946685953,0.9730294655580896,subprocess wall time including PPM I/O; codec_* fields are resident timing
chat_preview,photo,kodak_02,768,512,512,341,CAPS,"q=36,tile=64,base=32",3586,0.16431451612903225,7.512124999976777,8.064958000005618,3.59362,4.43604,28.121759923103813,0.7028547578914196,0.8799917507994698,0.9091324327636274,0.9441161403667816,subprocess wall time including PPM I/O; codec_* fields are resident timing
chat_preview,photo,kodak_02,768,512,512,341,CAPS,"q=36,tile=64,base=64",7428,0.34035923753665687,8.062666999990142,8.912541000000829,4.15771,4.83475,30.365919516998737,0.7926658785975437,0.9347835322821432,0.9546600083224711,0.9732265295702631,subprocess wall time including PPM I/O; codec_* fields are resident timing
chat_preview,photo,kodak_02,768,512,512,341,CAPS,"q=37,tile=64,base=32",3624,0.1660557184750733,7.5479580000035185,8.025750000001608,3.62317,4.46325,28.141894599578315,0.7037876160112696,0.8805544339318043,0.9086134040563242,0.9448757664045105,subprocess wall time including PPM I/O; codec_* fields are resident timing
chat_preview,photo,kodak_02,768,512,512,341,CAPS,"q=37,tile=64,base=64",7517,0.3444373167155425,7.958209000008765,8.461416000017152,4.14204,4.83496,30.3759355255314,0.7934378078420542,0.9352457820321328,0.9546649609362794,0.9733125948840075,subprocess wall time including PPM I/O; codec_* fields are resident timing
chat_preview,photo,kodak_02,768,512,512,341,CAPS,"q=38,tile=64,base=32",3707,0.16985887096774194,7.532166999993706,8.115457999991804,3.59192,4.58892,28.179286349632704,0.7058026892985128,0.8813238482938779,0.910419801618582,0.9459470201888258,subprocess wall time including PPM I/O; codec_* fields are resident timing
chat_preview,photo,kodak_02,768,512,512,341,CAPS,"q=38,tile=64,base=64",7694,0.3525476539589443,8.244832999992013,9.58508299999039,4.16908,4.84333,30.44030264762364,0.7963288525870785,0.9359694325899746,0.9555289559358247,0.9733531335554102,subprocess wall time including PPM I/O; codec_* fields are resident timing
chat_preview,photo,kodak_02,768,512,512,341,CAPS,"q=39,tile=64,base=32",3725,0.17068365102639296,7.567708000010498,8.544916000005287,3.61242,4.45742,28.214674763340323,0.7068541287344606,0.8825545911648116,0.9103740615528224,0.946685569056636,subprocess wall time including PPM I/O; codec_* fields are resident timing
chat_preview,photo,kodak_02,768,512,512,341,CAPS,"q=39,tile=64,base=64",7717,0.3536015395894428,7.97866700000327,8.302667000009478,4.10367,4.82629,30.469367961738993,0.7966531921324456,0.9361985003247217,0.9555623154442435,0.973473528484863,subprocess wall time including PPM I/O; codec_* fields are resident timing
chat_preview,photo,kodak_02,768,512,512,341,CAPS,"q=40,tile=64,base=32",3744,0.17155425219941348,7.526834000003646,9.154290999987325,3.75154,4.78308,28.236063452956802,0.7078992747435574,0.8828748722576397,0.9106367575594012,0.9470154304587675,subprocess wall time including PPM I/O; codec_* fields are resident timing
chat_preview,photo,kodak_02,768,512,512,341,CAPS,"q=40,tile=64,base=64",7754,0.35529692082111436,8.025833999994347,8.425750000014887,4.21346,4.79421,30.503289602627316,0.7976821296636606,0.9365781580492673,0.9559345889328121,0.9738083747472714,subprocess wall time including PPM I/O; codec_* fields are resident timing
chat_preview,photo,kodak_02,768,512,512,341,CAPS,"q=41,tile=64,base=32",3848,0.17631964809384165,7.673416000017141,8.195999999998094,3.62692,4.53696,28.290561883173957,0.7100555032714095,0.8848136858635502,0.9116566698303953,0.9479130660441096,subprocess wall time including PPM I/O; codec_* fields are resident timing
chat_preview,photo,kodak_02,768,512,512,341,CAPS,"q=41,tile=64,base=64",8068,0.36968475073313783,7.911042000017687,8.372124999993957,4.09237,4.85758,30.609318676215054,0.8004675980249326,0.9382597404141201,0.9577672126522674,0.9744952294229526,subprocess wall time including PPM I/O; codec_* fields are resident timing
chat_preview,photo,kodak_02,768,512,512,341,CAPS,"q=42,tile=64,base=32",3904,0.17888563049853373,7.772625000001199,8.91529199998331,3.58846,4.66812,28.32906094252854,0.7118307694495044,0.885430769756753,0.9118547727284171,0.9482802546501254,subprocess wall time including PPM I/O; codec_* fields are resident timing
chat_preview,photo,kodak_02,768,512,512,341,CAPS,"q=42,tile=64,base=64",8214,0.37637463343108507,8.226207999996404,11.164917000002106,4.35625,5.02925,30.65800488187868,0.8026961964826165,0.9388327989129023,0.9580687435592457,0.9748273524808945,subprocess wall time including PPM I/O; codec_* fields are resident timing
chat_preview,photo,kodak_02,768,512,512,341,CAPS,"q=43,tile=64,base=32",3965,0.1816807184750733,7.659000000018068,8.578583000002027,3.70692,4.67896,28.363383771991497,0.7135950634195364,0.886887037906284,0.9139116334097246,0.9497579767414832,subprocess wall time including PPM I/O; codec_* fields are resident timing
chat_preview,photo,kodak_02,768,512,512,341,CAPS,"q=43,tile=64,base=64",8426,0.3860887096774194,8.09020799999871,8.443957999986651,4.25287,4.84212,30.690601900595503,0.8045325419781729,0.939041635469819,0.9583481321109659,0.9749511479714186,subprocess wall time including PPM I/O; codec_* fields are resident timing
chat_preview,photo,kodak_02,768,512,512,341,CAPS,"q=44,tile=64,base=32",4002,0.18337609970674487,7.375875000008136,8.004166999995732,3.62896,4.54162,28.393412904168937,0.7154332448987851,0.888331457964661,0.9146985633781417,0.9502343650654467,subprocess wall time including PPM I/O; codec_* fields are resident timing
chat_preview,photo,kodak_02,768,512,512,341,CAPS,"q=44,tile=64,base=64",8487,0.3888837976539589,7.907249999988153,8.396250000004102,4.19604,4.89529,30.72669974638425,0.8061689498471862,0.9395986011557577,0.9587817193573382,0.975249993479035,subprocess wall time including PPM I/O; codec_* fields are resident timing
chat_preview,photo,kodak_02,768,512,512,341,CAPS,"q=45,tile=64,base=32",4024,0.1843841642228739,8.109000000018796,8.275666000002957,3.52179,4.488,28.41068711745757,0.7158043089961779,0.8886098554205987,0.9150109029506239,0.9503161043889524,subprocess wall time including PPM I/O; codec_* fields are resident timing
chat_preview,photo,kodak_02,768,512,512,341,CAPS,"q=45,tile=64,base=64",8520,0.3903958944281525,8.027958000013768,8.430583000006209,4.29083,4.8955,30.754917937349813,0.8064667421390223,0.9397062448083003,0.958910790570208,0.9753665395473818,subprocess wall time including PPM I/O; codec_* fields are resident timing
chat_preview,photo,kodak_02,768,512,512,341,CAPS,"q=46,tile=64,base=32",4067,0.18635447214076245,7.480708000002778,7.959708000015553,3.64429,4.46279,28.466575574264233,0.7177058118410513,0.8900432604426459,0.916541292768722,0.9510070489919208,subprocess wall time including PPM I/O; codec_* fields are resident timing
chat_preview,photo,kodak_02,768,512,512,341,CAPS,"q=46,tile=64,base=64",8618,0.39488636363636365,8.710791999988032,9.64941600000202,4.24287,4.96954,30.825716371694387,0.8081052747784314,0.9403159972018678,0.9595251458036842,0.9758335132387127,subprocess wall time including PPM I/O; codec_* fields are resident timing
chat_preview,photo,kodak_02,768,512,512,341,CAPS,"q=47,tile=64,base=32",4188,0.19189882697947214,7.861291000011761,8.691166999994948,3.81458,4.65308,28.591629856778997,0.7196802644361501,0.893643990968039,0.9193346807310848,0.9521290293135806,subprocess wall time including PPM I/O; codec_* fields are resident timing
chat_preview,photo,kodak_02,768,512,512,341,CAPS,"q=47,tile=64,base=64",8873,0.4065707478005865,8.201124999999365,8.548333000021557,4.27137,4.91237,31.054140127763525,0.8125651055314204,0.9452390391953425,0.9619109488928722,0.9774984357614779,subprocess wall time including PPM I/O; codec_* fields are resident timing
chat_preview,photo,kodak_02,768,512,512,341,CAPS,"q=48,tile=64,base=32",4261,0.19524376832844575,7.319583000025887,7.930583999979035,3.59458,4.49929,28.65061096148966,0.7220999862324398,0.8957743113389003,0.9222987121236429,0.9542044352895223,subprocess wall time including PPM I/O; codec_* fields are resident timing
chat_preview,photo,kodak_02,768,512,512,341,CAPS,"q=48,tile=64,base=64",9109,0.41738453079178883,8.112750000009328,8.73766600000181,4.29871,4.92879,31.12804387402022,0.8158252696485954,0.9459012647999471,0.9625406091959209,0.9780178437795317,subprocess wall time including PPM I/O; codec_* fields are resident timing
chat_preview,photo,kodak_02,768,512,512,341,CAPS,"q=49,tile=64,base=32",4311,0.19753482404692083,7.2596660000101565,8.23716700000432,3.56962,4.59846,28.679984024794404,0.7229590754219033,0.8964015105900355,0.9224715067978397,0.9545130986628005,subprocess wall time including PPM I/O; codec_* fields are resident timing
chat_preview,photo,kodak_02,768,512,512,341,CAPS,"q=49,tile=64,base=64",9221,0.42251649560117305,8.325750000011567,8.54091700000481,4.23271,4.89675,31.17005113560621,0.8167794616219872,0.9463293479655551,0.9628131550935747,0.9782509051997473,subprocess wall time including PPM I/O; codec_* fields are resident timing
chat_preview,photo,kodak_02,768,512,512,341,CAPS,"q=50,tile=64,base=32",4369,0.2001924486803519,8.755207999996628,9.398166000011088,4.25362,4.95804,28.70293046698111,0.7245217294401204,0.89718269741943,0.9234358866971549,0.9549187040713125,subprocess wall time including PPM I/O; codec_* fields are resident timing
chat_preview,photo,kodak_02,768,512,512,341,CAPS,"q=50,tile=64,base=64",9335,0.4277401026392962,8.978582999986884,9.467667000023994,4.64637,5.15704,31.21760564786356,0.8187152513105431,0.9467716723376801,0.9632251977091053,0.9785670791932877,subprocess wall time including PPM I/O; codec_* fields are resident timing
chat_preview,photo,kodak_02,768,512,512,341,CAPS,"q=51,tile=64,base=32",4406,0.20188782991202345,7.956250000006548,9.494875000001457,3.90479,5.05488,28.74999795086363,0.7258215913955243,0.8985761418186962,0.9240158016428998,0.9551603355461038,subprocess wall time including PPM I/O; codec_* fields are resident timing
chat_preview,photo,kodak_02,768,512,512,341,CAPS,"q=51,tile=64,base=64",9454,0.43319281524926684,8.714999999995143,9.965125000007902,4.81275,5.24317,31.31107159903206,0.8205630467137416,0.9476656106269713,0.9640377545470382,0.979118927751616,subprocess wall time including PPM I/O; codec_* fields are resident timing
chat_preview,photo,kodak_02,768,512,512,341,CAPS,"q=52,tile=64,base=32",4493,0.20587426686217009,7.721082999978535,9.568584000021474,3.80025,4.72429,28.77000824234717,0.7277732941811342,0.8990972524230468,0.9245375328695349,0.9553891958207478,subprocess wall time including PPM I/O; codec_* fields are resident timing
chat_preview,photo,kodak_02,768,512,512,341,CAPS,"q=52,tile=64,base=64",9588,0.43933284457478006,8.884207999983573,10.127999999980375,4.43067,5.15858,31.35270513238858,0.822327871994867,0.9479330189728636,0.964230894254787,0.9793665298091035,subprocess wall time including PPM I/O; codec_* fields are resident timing
chat_preview,photo,kodak_02,768,512,512,341,CAPS,"q=53,tile=64,base=32",4614,0.21141862170087977,7.551457999994682,8.266832999993312,3.70367,4.59971,28.785909244303127,0.7288753406441449,0.8997882965002554,0.9258487972876457,0.9558748867499129,subprocess wall time including PPM I/O; codec_* fields are resident timing
chat_preview,photo,kodak_02,768,512,512,341,CAPS,"q=53,tile=64,base=64",9948,0.45582844574780057,8.347749999984444,9.326500000014448,4.52712,5.10267,31.431658165138728,0.8241461283830346,0.9490446920103345,0.9652399312184958,0.9798780749253692,subprocess wall time including PPM I/O; codec_* fields are resident timing
chat_preview,photo,kodak_02,768,512,512,341,CAPS,"q=54,tile=64,base=32",4689,0.21485520527859236,8.11341700000412,9.509708999985378,4.20904,4.58079,28.806064663922534,0.7306996262789706,0.9011974838613298,0.9270704152056246,0.9569604829278354,subprocess wall time including PPM I/O; codec_* fields are resident timing
chat_preview,photo,kodak_02,768,512,512,341,CAPS,"q=54,tile=64,base=64",10153,0.4652217741935484,8.5334160000059,9.090832999987697,4.44592,5.07175,31.48208187323853,0.825997449497016,0.9495389616733515,0.9654461412972798,0.9802737305327759,subprocess wall time including PPM I/O; codec_* fields are resident timing
chat_preview,photo,kodak_02,768,512,512,341,CAPS,"q=55,tile=64,base=32",4776,0.218841642228739,7.569833000019344,8.699000000007118,3.66717,4.71817,28.81298581982272,0.7324314850440595,0.9017545993122602,0.9279064605287791,0.9570328453886895,subprocess wall time including PPM I/O; codec_* fields are resident timing
chat_preview,photo,kodak_02,768,512,512,341,CAPS,"q=55,tile=64,base=64",10358,0.4746151026392962,8.104542000012316,8.566791999982115,4.38904,5.06925,31.56156360924987,0.8278614795209117,0.9498626454534209,0.965725370667434,0.9806368715971078,subprocess wall time including PPM I/O; codec_* fields are resident timing
chat_preview,photo,kodak_02,768,512,512,341,CAPS,"q=56,tile=64,base=32",4834,0.22149926686217009,7.690667000019857,7.986958999993021,3.67154,4.54829,28.868845294932754,0.7340005781784372,0.9027729128169869,0.9290841464860992,0.957368494938165,subprocess wall time including PPM I/O; codec_* fields are resident timing
chat_preview,photo,kodak_02,768,512,512,341,CAPS,"q=56,tile=64,base=64",10501,0.4811675219941349,8.637624999977334,8.770917000020972,4.66529,5.12962,31.656837284912072,0.8298049435644943,0.9509195295344607,0.9664081488978193,0.9810213786287466,subprocess wall time including PPM I/O; codec_* fields are resident timing
chat_preview,photo,kodak_02,768,512,512,341,CAPS,"q=57,tile=64,base=32",4917,0.22530241935483872,7.554583000001003,8.292084000004252,3.6325,4.54937,28.89693269290661,0.7357970416745246,0.9035530127828877,0.9296040467138572,0.9576638894244722,subprocess wall time including PPM I/O; codec_* fields are resident timing
chat_preview,photo,kodak_02,768,512,512,341,CAPS,"q=57,tile=64,base=64",10702,0.4903775659824047,8.49445800000126,8.885125000006155,4.54217,5.17642,31.743535524001665,0.8323284638184963,0.9514341801465543,0.9667878747440996,0.9814248657126899,subprocess wall time including PPM I/O; codec_* fields are resident timing
chat_preview,photo,kodak_02,768,512,512,341,CAPS,"q=58,tile=64,base=32",4930,0.22589809384164222,7.501291000011179,8.200415999993993,3.72108,4.59625,28.91377520939857,0.7363511458602967,0.9038792808184098,0.929866899626013,0.9578076709430108,subprocess wall time including PPM I/O; codec_* fields are resident timing
chat_preview,photo,kodak_02,768,512,512,341,CAPS,"q=58,tile=64,base=64",10705,0.4905150293255132,8.231957999981887,8.768459000009443,4.55854,5.14363,31.769908894700343,0.8326497173161401,0.9515387271760081,0.9668842485333801,0.981512900940124,subprocess wall time including PPM I/O; codec_* fields are resident timing
chat_preview,photo,kodak_02,768,512,512,341,CAPS,"q=59,tile=64,base=32",5108,0.23405425219941348,7.692499999990332,8.303499999982478,3.76908,4.65996,29.011596794012707,0.7410409982673327,0.9075379169191721,0.9320390490381851,0.9593966691284562,subprocess wall time including PPM I/O; codec_* fields are resident timing
chat_preview,photo,kodak_02,768,512,512,341,CAPS,"q=59,tile=64,base=64",11190,0.5127382697947214,8.342415999976538,8.664249999981166,4.49008,5.05462,31.95283742475361,0.8381187428954275,0.9544531659662235,0.9682781857002271,0.9825035125919852,subprocess wall time including PPM I/O; codec_* fields are resident timing
chat_preview,photo,kodak_02,768,512,512,341,CAPS,"q=60,tile=64,base=32",5147,0.23584127565982405,7.32733300000632,8.201375000027156,3.65842,4.60037,29.054062602679682,0.7417876529319875,0.9081349663748867,0.9323984082713512,0.9597979779824427,subprocess wall time including PPM I/O; codec_* fields are resident timing
chat_preview,photo,kodak_02,768,512,512,341,CAPS,"q=60,tile=64,base=64",11270,0.5164039589442815,8.423249999992777,8.75833300000295,4.63158,5.09413,31.996425260810263,0.8388599645834963,0.9546922062227329,0.9685020063821062,0.9826640389573027,subprocess wall time including PPM I/O; codec_* fields are resident timing
chat_preview,photo,kodak_02,768,512,512,341,CAPS,"q=61,tile=64,base=32",5283,0.24207294721407624,8.419749999973192,9.258541000008336,4.07958,4.80362,29.138742832449324,0.7456271525761924,0.9105102233176213,0.9339402258142425,0.9604879107950093,subprocess wall time including PPM I/O; codec_* fields are resident timing
chat_preview,photo,kodak_02,768,512,512,341,CAPS,"q=61,tile=64,base=64",11566,0.5299670087976539,8.67333299999018,8.658084000018107,4.69271,5.15088,32.115728589358845,0.8427881356811643,0.9561331380908991,0.9696915044094072,0.9832201308053424,subprocess wall time including PPM I/O; codec_* fields are resident timing
chat_preview,photo,kodak_02,768,512,512,341,CAPS,"q=62,tile=64,base=32",5375,0.24628848973607037,7.698167000000922,8.071833999991895,3.82529,4.65371,29.112165143862647,0.7464225247418357,0.9117368947082545,0.9352508487211605,0.9608836230951869,subprocess wall time including PPM I/O; codec_* fields are resident timing
chat_preview,photo,kodak_02,768,512,512,341,CAPS,"q=62,tile=64,base=64",11779,0.5397269061583577,9.501166999996258,10.826291000000765,4.81067,6.06025,32.085856397031634,0.8440031407227216,0.9570445222902544,0.9708053313918056,0.9834293157918746,subprocess wall time including PPM I/O; codec_* fields are resident timing
chat_preview,photo,kodak_02,768,512,512,341,CAPS,"q=63,tile=64,base=32",5545,0.25407807917888564,7.930208999994193,8.871416000005183,3.89662,4.68696,29.168180902883662,0.7497610953438896,0.9134800653951775,0.9361432019217126,0.9615405794998969,subprocess wall time including PPM I/O; codec_* fields are resident timing
chat_preview,photo,kodak_02,768,512,512,341,CAPS,"q=63,tile=64,base=64",12086,0.5537939882697948,8.483417000007876,8.747958000014933,4.62817,5.14975,32.15480530516671,0.8469857494850932,0.9580107669548883,0.9714076146933779,0.983723750987288,subprocess wall time including PPM I/O; codec_* fields are resident timing
chat_preview,photo,kodak_02,768,512,512,341,CAPS,"q=64,tile=64,base=32",5640,0.25843108504398826,9.0642910000156,10.2377499999875,4.16317,4.93771,29.226884565082315,0.7523878627351337,0.9151358304984196,0.9376124111554771,0.9622918408192767,subprocess wall time including PPM I/O; codec_* fields are resident timing
chat_preview,photo,kodak_02,768,512,512,341,CAPS,"q=64,tile=64,base=64",12348,0.5657991202346041,11.676958999998988,11.821166000004268,5.80175,5.57196,32.21637608626211,0.8489509499581839,0.9586377721627489,0.9720246934293341,0.984041123643602,subprocess wall time including PPM I/O; codec_* fields are resident timing
chat_preview,photo,kodak_02,768,512,512,341,CAPS,"q=65,tile=64,base=32",5868,0.2688782991202346,7.907416000023204,8.309625000009646,4.03442,4.69225,29.322079676173487,0.7555870975668544,0.9173229760930899,0.9386786315439996,0.9631789353097909,subprocess wall time including PPM I/O; codec_* fields are resident timing
chat_preview,photo,kodak_02,768,512,512,341,CAPS,"q=65,tile=64,base=64",12969,0.5942540322580645,8.779707999991615,10.109957999986818,4.78538,5.31446,32.38781743477872,0.8526220607223071,0.960041863891103,0.9728646031164555,0.9846569847624774,subprocess wall time including PPM I/O; codec_* fields are resident timing
chat_preview,photo,kodak_02,768,512,512,341,CAPS,"q=66,tile=64,base=32",5970,0.27355205278592376,7.618415999985473,8.089624999996659,3.94287,4.60883,29.379176090085274,0.7571006430897662,0.9183913182336627,0.9394616633248605,0.9635661849459521,subprocess wall time including PPM I/O; codec_* fields are resident timing
chat_preview,photo,kodak_02,768,512,512,341,CAPS,"q=66,tile=64,base=64",13226,0.6060300586510264,9.107125000014094,9.779250000008233,4.98346,5.45942,32.49955974616908,0.8550607936478913,0.9613355996485596,0.9737145927308739,0.9850870481430484,subprocess wall time including PPM I/O; codec_* fields are resident timing
chat_preview,photo,kodak_02,768,512,512,341,CAPS,"q=67,tile=64,base=32",6121,0.28047104105571846,8.018334000013283,8.91662500001189,3.97546,4.784,29.43700638761402,0.7602321117522091,0.9200373392318945,0.940806282338441,0.9643300756489842,subprocess wall time including PPM I/O; codec_* fields are resident timing
chat_preview,photo,kodak_02,768,512,512,341,CAPS,"q=67,tile=64,base=64",13500,0.6185850439882697,8.806499999991502,8.692166999992423,4.79846,5.14967,32.591011529681005,0.8579137676406727,0.9620090959316837,0.9743447288503054,0.9853495393748849,subprocess wall time including PPM I/O; codec_* fields are resident timing
chat_preview,photo,kodak_02,768,512,512,341,CAPS,"q=68,tile=64,base=32",6197,0.28395344574780057,7.6375829999904,8.692082999999684,3.90921,4.83771,29.50219134190059,0.7618434276754549,0.9212365522301971,0.9413418072893529,0.9650259860172675,subprocess wall time including PPM I/O; codec_* fields are resident timing
chat_preview,photo,kodak_02,768,512,512,341,CAPS,"q=68,tile=64,base=64",13574,0.6219758064516129,8.735209000008126,9.444250000001375,4.8835,5.41538,32.65702842958103,0.858807487253836,0.9624081375168201,0.9745194946085451,0.985636408932648,subprocess wall time including PPM I/O; codec_* fields are resident timing
chat_preview,photo,kodak_02,768,512,512,341,CAPS,"q=69,tile=64,base=32",6560,0.30058651026392963,8.272416999972165,9.364583000007087,4.03192,4.86371,29.651379451406427,0.7670573830401248,0.9227433227542003,0.9435304346707141,0.9676204421638552,subprocess wall time including PPM I/O; codec_* fields are resident timing
chat_preview,photo,kodak_02,768,512,512,341,CAPS,"q=69,tile=64,base=64",14228,0.6519428152492669,8.826124999984586,8.862999999990961,4.92358,5.29879,32.77755222136169,0.862636771858121,0.9630342692208606,0.9748501949833324,0.9858744195052036,subprocess wall time including PPM I/O; codec_* fields are resident timing
chat_preview,photo,kodak_02,768,512,512,341,CAPS,"q=70,tile=64,base=32",6645,0.30448130498533726,8.489166000003934,9.674834000009014,4.23996,4.817,29.71574096429857,0.7689383436462789,0.9240550342179237,0.9450688313461495,0.9689594969281765,subprocess wall time including PPM I/O; codec_* fields are resident timing
chat_preview,photo,kodak_02,768,512,512,341,CAPS,"q=70,tile=64,base=64",14329,0.6565707478005866,8.665583000009747,8.9415420000023,4.79267,5.26133,32.83727584060321,0.8635675808665235,0.9633275605087039,0.9751303021682383,0.9860620466911112,subprocess wall time including PPM I/O; codec_* fields are resident timing
chat_preview,photo,kodak_02,768,512,512,341,CAPS,"q=71,tile=64,base=32",6984,0.32001466275659823,8.321083999987877,9.085167000023375,4.093,4.90313,29.836406760842742,0.7745025857176099,0.9271763597763204,0.9481435263598195,0.9697422409050914,subprocess wall time including PPM I/O; codec_* fields are resident timing
chat_preview,photo,kodak_02,768,512,512,341,CAPS,"q=71,tile=64,base=64",15173,0.6952437683284457,9.062499999998863,8.877124999997932,4.96746,5.28625,32.98885035435081,0.8692629771336757,0.9660072401172416,0.976910260126942,0.9867234398048059,subprocess wall time including PPM I/O; codec_* fields are resident timing
chat_preview,photo,kodak_02,768,512,512,341,CAPS,"q=72,tile=64,base=32",7035,0.3223515395894428,7.905666999988625,8.236041999992949,4.13421,4.75967,29.875843761277935,0.7758112928046832,0.9275783581541522,0.948446268918322,0.9700237590708936,subprocess wall time including PPM I/O; codec_* fields are resident timing
chat_preview,photo,kodak_02,768,512,512,341,CAPS,"q=72,tile=64,base=64",15192,0.6961143695014663,8.874042000002191,9.209999999995944,4.98479,5.40558,33.00310295537256,0.8695044974443853,0.9660913692320193,0.9769243051873345,0.986766343055492,subprocess wall time including PPM I/O; codec_* fields are resident timing
chat_preview,photo,kodak_02,768,512,512,341,CAPS,"q=73,tile=64,base=32",7184,0.3291788856304985,7.872582999993938,8.324625000000196,4.07208,4.75488,29.992645273173597,0.7783971934905339,0.9296450804377384,0.9494719209513132,0.9710106725524087,subprocess wall time including PPM I/O; codec_* fields are resident timing
chat_preview,photo,kodak_02,768,512,512,341,CAPS,"q=73,tile=64,base=64",15382,0.7048203812316716,9.033166999984132,9.064958000010392,5.03875,5.30812,33.06823207171413,0.8712091626536519,0.9668894695369047,0.977417062271694,0.9869872743688122,subprocess wall time including PPM I/O; codec_* fields are resident timing
chat_preview,photo,kodak_02,768,512,512,341,CAPS,"q=74,tile=64,base=32",7499,0.3436125366568915,7.910458999987213,8.381624999998394,4.15679,4.83258,30.1086452925539,0.7840328136042075,0.9317268367577185,0.9515015449365295,0.9718547868682299,subprocess wall time including PPM I/O; codec_* fields are resident timing
chat_preview,photo,kodak_02,768,512,512,341,CAPS,"q=74,tile=64,base=64",16194,0.7420271260997068,8.849540999989358,9.645582999979752,5.01325,5.48058,33.17797109921684,0.8756433203358484,0.9678527985039812,0.978417853374964,0.9872396515691456,subprocess wall time including PPM I/O; codec_* fields are resident timing
chat_preview,photo,kodak_02,768,512,512,341,CAPS,"q=75,tile=64,base=32",7679,0.35186033724340177,7.710416999998415,8.314165999991019,4.05633,4.79104,30.210745094332793,0.7868337578896601,0.9332291390220989,0.9519793413301361,0.9726218428309648,subprocess wall time including PPM I/O; codec_* fields are resident timing
chat_preview,photo,kodak_02,768,512,512,341,CAPS,"q=75,tile=64,base=64",16512,0.7565982404692082,8.925000000004957,9.161459000011973,5.07042,5.42033,33.25489078549189,0.8773893894835544,0.9684975401689141,0.978576288136644,0.9874624417538626,subprocess wall time including PPM I/O; codec_* fields are resident timing
chat_preview,photo,kodak_02,768,512,512,341,CAPS,"q=76,tile=64,base=32",7929,0.36331561583577715,7.980291999984956,8.883207999986098,4.20071,4.88133,30.321358121082483,0.7908220863564398,0.93494584365473,0.9537454917035524,0.9731022058874069,subprocess wall time including PPM I/O; codec_* fields are resident timing
chat_preview,photo,kodak_02,768,512,512,341,CAPS,"q=76,tile=64,base=64",16984,0.7782258064516129,8.920917000011741,9.05029200001195,5.18442,5.36412,33.39376887508908,0.881312861117859,0.9695723006146348,0.9796425421555518,0.9878370719657263,subprocess wall time including PPM I/O; codec_* fields are resident timing
chat_preview,photo,kodak_02,768,512,512,341,CAPS,"q=77,tile=64,base=32",8349,0.38256048387096775,7.972917000017787,8.425333000019464,4.10346,4.91175,30.496541542929457,0.7943153204601122,0.9373123006599181,0.9554325250164071,0.9742477224816106,subprocess wall time including PPM I/O; codec_* fields are resident timing
chat_preview,photo,kodak_02,768,512,512,341,CAPS,"q=77,tile=64,base=64",18210,0.8344024926686217,9.009458000008408,8.90533299997287,5.16429,5.39,33.596324516740104,0.8839383841651637,0.9713906189646577,0.9810433040724984,0.988583938038034,subprocess wall time including PPM I/O; codec_* fields are resident timing
chat_preview,photo,kodak_02,768,512,512,341,CAPS,"q=78,tile=64,base=32",8614,0.39470307917888564,8.252207999987604,8.444916000001967,4.23292,4.89404,30.629606642956343,0.7990106314780422,0.9390833953800662,0.9568113323165035,0.9748177256925165,subprocess wall time including PPM I/O; codec_* fields are resident timing
chat_preview,photo,kodak_02,768,512,512,341,CAPS,"q=78,tile=64,base=64",18694,0.8565799120234604,9.566040999999359,9.893291999986786,5.36196,5.50992,33.69698707591922,0.8870993657694305,0.9722237135488662,0.9813520870663346,0.9889543340737715,subprocess wall time including PPM I/O; codec_* fields are resident timing
chat_preview,photo,kodak_02,768,512,512,341,CAPS,"q=79,tile=64,base=32",8959,0.41051136363636365,8.403834000006327,9.771999999998116,4.33021,5.07679,30.751259627096637,0.8033282591673102,0.940793632368823,0.9581616265388807,0.9756859075440452,subprocess wall time including PPM I/O; codec_* fields are resident timing
chat_preview,photo,kodak_02,768,512,512,341,CAPS,"q=79,tile=64,base=64",19388,0.8883797653958945,9.304417000009835,9.671499999996058,5.39996,5.56704,33.81801210053411,0.8898261973078369,0.9728859388130452,0.9819955252263753,0.9892285138234532,subprocess wall time including PPM I/O; codec_* fields are resident timing
chat_preview,photo,kodak_02,768,512,512,341,CAPS,"q=80,tile=64,base=32",9333,0.4276484604105572,8.368708000006109,9.430667000003723,4.3315,5.00483,30.841670776914377,0.8072536789938761,0.9420375477790607,0.9589960216258373,0.9762440329581351,subprocess wall time including PPM I/O; codec_* fields are resident timing
chat_preview,photo,kodak_02,768,512,512,341,CAPS,"q=80,tile=64,base=64",20287,0.9295729472140762,9.427084000009245,9.636790999991263,5.43442,5.59875,33.960777026347614,0.8933911683380598,0.9736005281961025,0.9826169123515999,0.9895641415597332,subprocess wall time including PPM I/O; codec_* fields are resident timing
chat_preview,photo,kodak_02,768,512,512,341,CAPS,"q=81,tile=64,base=32",9587,0.43928702346041054,8.830708000004961,9.235958000004985,4.48687,5.11792,31.0012654089562,0.8109579936121564,0.9441016843591364,0.9608482790825326,0.977310998424151,subprocess wall time including PPM I/O; codec_* fields are resident timing
chat_preview,photo,kodak_02,768,512,512,341,CAPS,"q=81,tile=64,base=64",20692,0.9481304985337243,9.46816699999431,9.483791999997493,5.51679,5.70458,34.14166484585787,0.8966252416813024,0.9746942733457614,0.9836501057150105,0.9900314371584061,subprocess wall time including PPM I/O; codec_* fields are resident timing
chat_preview,photo,kodak_02,768,512,512,341,CAPS,"q=82,tile=64,base=32",9937,0.45532441348973607,8.410958000013125,9.16412499998387,4.37983,5.01883,31.14289823986681,0.8153380107946805,0.9452724767005126,0.9618410816538802,0.9781506931790909,subprocess wall time including PPM I/O; codec_* fields are resident timing
chat_preview,photo,kodak_02,768,512,512,341,CAPS,"q=82,tile=64,base=64",21253,0.9738361436950147,9.559125000009772,9.546540999991748,5.55275,5.68442,34.244118886868144,0.8990814479094994,0.9750568415476591,0.9839415543073486,0.9902075258649683,subprocess wall time including PPM I/O; codec_* fields are resident timing
chat_preview,photo,kodak_02,768,512,512,341,CAPS,"q=83,tile=64,base=32",10352,0.4743401759530792,8.15970799999377,8.634708999977647,4.46054,5.08038,31.327664754114075,0.8203401496502224,0.9478450145863154,0.963803208366798,0.9793785111282535,subprocess wall time including PPM I/O; codec_* fields are resident timing
chat_preview,photo,kodak_02,768,512,512,341,CAPS,"q=83,tile=64,base=64",22193,1.016907991202346,9.373124999996207,10.36712500001613,5.58387,5.79392,34.42861647818507,0.9029836979434611,0.9770271124811742,0.9851212798434006,0.9907637224931775,subprocess wall time including PPM I/O; codec_* fields are resident timing
chat_preview,photo,kodak_02,768,512,512,341,CAPS,"q=84,tile=64,base=32",10936,0.501099706744868,8.493791999995892,8.796166999985644,4.54567,5.13921,31.495728222595844,0.8255274958335033,0.9496655925556761,0.9648659563150145,0.9804448539278333,subprocess wall time including PPM I/O; codec_* fields are resident timing
chat_preview,photo,kodak_02,768,512,512,341,CAPS,"q=84,tile=64,base=64",23638,1.0831195014662756,10.168041000014227,10.721875000001546,6.065,5.81879,34.59005661800665,0.9073678701221276,0.9780623835576686,0.986100461227848,0.9910865313702912,subprocess wall time including PPM I/O; codec_* fields are resident timing
chat_preview,photo,kodak_02,768,512,512,341,CAPS,"q=85,tile=64,base=32",11398,0.5222690615835777,8.713375000013457,9.704333000001952,4.86404,5.41158,31.6713504487321,0.8297633182844114,0.9513357145631128,0.9659796327587876,0.9812467634739793,subprocess wall time including PPM I/O; codec_* fields are resident timing
chat_preview,photo,kodak_02,768,512,512,341,CAPS,"q=85,tile=64,base=64",24518,1.123442082111437,9.526665999999295,10.057250000016893,5.68221,5.74154,34.75972577174104,0.9103002283877942,0.9790378312754653,0.9864121635787187,0.9914185015574795,subprocess wall time including PPM I/O; codec_* fields are resident timing
chat_preview,photo,kodak_02,768,512,512,341,CAPS,"q=86,tile=64,base=32",11994,0.5495784457478006,8.388499999995247,9.021708000005901,4.62446,5.09583,31.900710405888614,0.8369237048853368,0.9535020932465098,0.9679647762921146,0.9822560302682669,subprocess wall time including PPM I/O; codec_* fields are resident timing
chat_preview,photo,kodak_02,768,512,512,341,CAPS,"q=86,tile=64,base=64",25472,1.1671554252199414,9.437999999988733,9.774958999997807,5.77104,5.753,34.906780181329545,0.9140676585430775,0.9798273523456672,0.9872249135730161,0.9915891054115662,subprocess wall time including PPM I/O; codec_* fields are resident timing
chat_preview,photo,kodak_02,768,512,512,341,CAPS,"q=87,tile=64,base=32",12473,0.5715267595307918,8.576041999987183,9.007708000012826,4.758,5.27604,32.12194305068825,0.8423878902365969,0.955883487971561,0.9695615477566141,0.9832479369343575,subprocess wall time including PPM I/O; codec_* fields are resident timing
chat_preview,photo,kodak_02,768,512,512,341,CAPS,"q=87,tile=64,base=64",26096,1.1957478005865103,9.706665999999586,9.554333000011184,5.88488,5.92029,35.09764508310476,0.9173171284874709,0.9807233601031519,0.9878432937454309,0.9919399360325784,subprocess wall time including PPM I/O; codec_* fields are resident timing
chat_preview,photo,kodak_02,768,512,512,341,CAPS,"q=88,tile=64,base=32",13057,0.5982862903225806,8.58550000000946,8.829584000011437,4.72283,5.23912,32.25843952098279,0.8473348436427908,0.9574099056080909,0.9707110919768276,0.9838564603465958,subprocess wall time including PPM I/O; codec_* fields are resident timing
chat_preview,photo,kodak_02,768,512,512,341,CAPS,"q=88,tile=64,base=64",27363,1.2538031524926687,9.805833000001485,9.590375000016138,5.89358,5.81158,35.25051842049082,0.920715480194301,0.9813851957093439,0.988415614930595,0.9922714461399286,subprocess wall time including PPM I/O; codec_* fields are resident timing
chat_preview,photo,kodak_02,768,512,512,341,CAPS,"q=89,tile=64,base=32",14063,0.6443823313782991,8.636916000000383,8.89145799999369,4.76892,5.24367,32.434380649225304,0.852423329230014,0.9596035465965621,0.971892976349318,0.984552965433065,subprocess wall time including PPM I/O; codec_* fields are resident timing
chat_preview,photo,kodak_02,768,512,512,341,CAPS,"q=89,tile=64,base=64",29798,1.3653775659824048,10.070458000001281,9.666624999994156,6.19404,5.89017,35.42271474889481,0.923249011200958,0.9824082609769137,0.988700239712119,0.9925878316073771,subprocess wall time including PPM I/O; codec_* fields are resident timing
chat_preview,photo,kodak_02,768,512,512,341,CAPS,"q=90,tile=64,base=32",14617,0.669767228739003,8.816166000002568,9.15095899998164,4.97204,5.29275,32.70203224918172,0.8580201028572775,0.9615683170849412,0.9734927181487191,0.9854663074701718,subprocess wall time including PPM I/O; codec_* fields are resident timing
chat_preview,photo,kodak_02,768,512,512,341,CAPS,"q=90,tile=64,base=64",30591,1.4017137096774193,10.366750000002867,10.0297080000189,6.37875,6.06721,35.64341718521253,0.9258758436514443,0.9830692129031692,0.9892078224978891,0.992939728067053,subprocess wall time including PPM I/O; codec_* fields are resident timing
chat_preview,photo,kodak_02,768,512,512,341,CAPS,"q=91,tile=64,base=32",15655,0.7173295454545454,8.931041000010964,8.865915999990648,4.91817,5.30983,32.91203584093343,0.8642128361223982,0.9633263267852247,0.9746952894377492,0.9860346903255054,subprocess wall time including PPM I/O; codec_* fields are resident timing
chat_preview,photo,kodak_02,768,512,512,341,CAPS,"q=91,tile=64,base=64",32878,1.5065065982404693,10.429500000014968,9.669542000011688,6.48783,6.02608,35.91700754938505,0.9309079998392504,0.9842032452741393,0.9900696246660632,0.9933392895475817,subprocess wall time including PPM I/O; codec_* fields are resident timing
chat_preview,photo,kodak_02,768,512,512,341,CAPS,"q=92,tile=64,base=32",16334,0.7484420821114369,8.953166999987161,8.818834000010156,5.05587,5.28538,33.11122120936086,0.8702055441167983,0.9656682909818716,0.976405569223004,0.9867486151184988,subprocess wall time including PPM I/O; codec_* fields are resident timing
chat_preview,photo,kodak_02,768,512,512,341,CAPS,"q=92,tile=64,base=64",33544,1.5370234604105573,10.459749999995438,9.692166999997198,6.50437,6.00771,36.108455184324285,0.9341697083573158,0.9850252564102787,0.9907010531192807,0.9936549401431465,subprocess wall time including PPM I/O; codec_* fields are resident timing
chat_preview,photo,kodak_02,768,512,512,341,CAPS,"q=93,tile=64,base=32",17534,0.8034274193548387,11.462125000008427,8.914541999985204,5.12458,5.34462,33.31962014195351,0.8767569848269443,0.9675292168793268,0.9777118964510925,0.9873011185933365,subprocess wall time including PPM I/O; codec_* fields are resident timing
chat_preview,photo,kodak_02,768,512,512,341,CAPS,"q=93,tile=64,base=64",35719,1.636684384164223,10.614375000017162,9.73287499999742,6.6365,6.09929,36.283662127247965,0.9375989047148847,0.9856725271619461,0.9911804427617233,0.9938451149350559,subprocess wall time including PPM I/O; codec_* fields are resident timing
chat_preview,photo,kodak_02,768,512,512,341,CAPS,"q=94,tile=64,base=32",19160,0.8779325513196481,8.900000000011232,9.39716599998519,5.31083,5.573,33.61672451231095,0.8851581340101564,0.9700961752008367,0.9796815245199799,0.988503805983199,subprocess wall time including PPM I/O; codec_* fields are resident timing
chat_preview,photo,kodak_02,768,512,512,341,CAPS,"q=94,tile=64,base=64",37988,1.7406524926686218,12.096041000006608,10.45387499999606,6.87029,6.24079,36.51087164206445,0.9410891120476336,0.9864593610764899,0.9919247340454821,0.9941399467721262,subprocess wall time including PPM I/O; codec_* fields are resident timing
chat_preview,photo,kodak_02,768,512,512,341,CAPS,"q=95,tile=64,base=32",46533,2.132193914956012,14.234958000002962,11.34125000001518,10.2891,6.86367,39.052799491268466,0.9545286565099896,0.9881314640103357,0.9918125363153419,0.9966007966412969,subprocess wall time including PPM I/O; codec_* fields are resident timing
chat_preview,photo,kodak_02,768,512,512,341,CAPS,"q=95,tile=64,base=64",74472,3.4123900293255134,16.763417000021263,12.054667000001018,13.001,8.00483,42.167287661888146,0.9753059099002322,0.994420834625018,0.99618147419458,0.9984240277250105,subprocess wall time including PPM I/O; codec_* fields are resident timing
chat_preview,photo,kodak_02,768,512,512,341,CAPS,"q=96,tile=64,base=32",52758,2.4174303519061584,14.784749999989799,10.917749999975968,10.9573,7.06237,39.534885534249696,0.958766196946788,0.9896392305074336,0.9928260383034743,0.9970197199622163,subprocess wall time including PPM I/O; codec_* fields are resident timing
chat_preview,photo,kodak_02,768,512,512,341,CAPS,"q=96,tile=64,base=64",80158,3.6729288856304985,17.156207999988737,12.066790999995192,13.2686,8.21687,42.54657078654745,0.9772032225401591,0.9952230973669977,0.9967542160432943,0.9986044579562152,subprocess wall time including PPM I/O; codec_* fields are resident timing
chat_preview,photo,kodak_02,768,512,512,341,CAPS,"q=97,tile=64,base=32",56149,2.572809750733138,15.991917000008016,11.95016700000906,11.6972,7.33183,40.15665727770801,0.9634172581992101,0.9905848144742668,0.9936282846328689,0.9973610780552005,subprocess wall time including PPM I/O; codec_* fields are resident timing
chat_preview,photo,kodak_02,768,512,512,341,CAPS,"q=97,tile=64,base=64",86459,3.961647727272727,19.02970800000503,13.603125000003047,14.5109,8.58217,42.991087167543405,0.9790369649131176,0.9954927381657731,0.997000781158663,0.9987181883215974,subprocess wall time including PPM I/O; codec_* fields are resident timing
chat_preview,photo,kodak_02,768,512,512,341,CAPS,"q=98,tile=64,base=32",61590,2.8221224340175954,19.481333000015866,12.364125000004833,15.0282,7.66221,40.39021863309837,0.9652077322251823,0.9911657324001008,0.9937811725291393,0.9975109316515591,subprocess wall time including PPM I/O; codec_* fields are resident timing
chat_preview,photo,kodak_02,768,512,512,341,CAPS,"q=98,tile=64,base=64",97317,4.459173387096774,19.129541000012296,13.708124999993743,15.0645,9.01587,43.21784630440262,0.979881995168912,0.9957191150365253,0.9971001479291572,0.9987915797765562,subprocess wall time including PPM I/O; codec_* fields are resident timing
chat_preview,photo,kodak_02,768,512,512,341,CAPS,"q=99,tile=64,base=32",68941,3.158953445747801,17.34691600000815,12.444167000012385,12.8407,7.90979,40.95675003359517,0.9692033085836266,0.992061243879339,0.9945245513960136,0.9977704000650286,subprocess wall time including PPM I/O; codec_* fields are resident timing
chat_preview,photo,kodak_02,768,512,512,341,CAPS,"q=99,tile=64,base=64",102174,4.681726539589443,19.41995799998608,12.863499999980377,15.38,8.93158,44.027761515094895,0.9831363924718831,0.9961022002156502,0.997474845856034,0.9989458250769486,subprocess wall time including PPM I/O; codec_* fields are resident timing
chat_preview,photo,kodak_02,768,512,512,341,CAPS,"q=100,tile=64,base=32",227695,10.433238636363637,29.07250000001227,17.267833999994764,25.0626,12.7122,99.0,1.0,1.0,1.0,1.0,subprocess wall time including PPM I/O; codec_* fields are resident timing
chat_preview,photo,kodak_02,768,512,512,341,CAPS,"q=100,tile=64,base=64",226416,10.374633431085044,28.91749999997728,17.133249999972122,24.4365,12.7893,99.0,1.0,1.0,1.0,1.0,subprocess wall time including PPM I/O; codec_* fields are resident timing
chat_preview,photo,kodak_02,768,512,512,341,JPEG,"seq420,q=1",1679,0.07693365102639296,0.6131250000294131,0.4752080000116621,nan,nan,21.657882176256024,0.4270720863558924,0.573805478973599,0.6298042180312177,0.7170793821957131,Pillow wall time including file I/O
chat_preview,photo,kodak_02,768,512,512,341,JPEG,"prog420,q=1",1917,0.08783907624633432,0.7865420000143786,0.6866250000143737,nan,nan,21.657882176256024,0.4270720863558924,0.573805478973599,0.6298042180312177,0.7170793821957131,Pillow wall time including file I/O
chat_preview,photo,kodak_02,768,512,512,341,JPEG,"seq444,q=1",2808,0.12866568914956011,0.805250000041724,0.4745830000274509,nan,nan,21.76451537720483,0.43275150611204877,0.5817420759142973,0.6314089921839279,0.7315948495012646,Pillow wall time including file I/O
chat_preview,photo,kodak_02,768,512,512,341,JPEG,"prog444,q=1",3154,0.14451979472140764,1.2309999999615684,0.928708000003553,nan,nan,21.76451537720483,0.43275150611204877,0.5817420759142973,0.6314089921839279,0.7315948495012646,Pillow wall time including file I/O
chat_preview,photo,kodak_02,768,512,512,341,JPEG,"seq420,q=2",1679,0.07693365102639296,0.5892500000186374,0.4470410000294578,nan,nan,21.658264602053464,0.42707518638804776,0.573802642152743,0.6298088412603544,0.717077692855136,Pillow wall time including file I/O
chat_preview,photo,kodak_02,768,512,512,341,JPEG,"prog420,q=2",1917,0.08783907624633432,0.761041999965073,0.727750000010019,nan,nan,21.658264602053464,0.42707518638804776,0.573802642152743,0.6298088412603544,0.717077692855136,Pillow wall time including file I/O
chat_preview,photo,kodak_02,768,512,512,341,JPEG,"seq444,q=2",2808,0.12866568914956011,0.8440420000397353,0.3692500000056498,nan,nan,21.76492400366339,0.43275596005108796,0.5817404512777085,0.6314134204283828,0.731593864573647,Pillow wall time including file I/O
chat_preview,photo,kodak_02,768,512,512,341,JPEG,"prog444,q=2",3154,0.14451979472140764,1.2556250000557156,0.9179580000022725,nan,nan,21.76492400366339,0.43275596005108796,0.5817404512777085,0.6314134204283828,0.731593864573647,Pillow wall time including file I/O
chat_preview,photo,kodak_02,768,512,512,341,JPEG,"seq420,q=3",1737,0.07959127565982405,0.5856669999957376,0.4391250000139735,nan,nan,21.75243781423831,0.4365616505912961,0.5806238379078547,0.6386494718893161,0.7238524803332356,Pillow wall time including file I/O
chat_preview,photo,kodak_02,768,512,512,341,JPEG,"prog420,q=3",2021,0.09260447214076246,0.8159590000218486,0.698499999998603,nan,nan,21.75243781423831,0.4365616505912961,0.5806238379078547,0.6386494718893161,0.7238524803332356,Pillow wall time including file I/O
chat_preview,photo,kodak_02,768,512,512,341,JPEG,"seq444,q=3",2867,0.1313691348973607,0.8294169999771839,0.5057079999915004,nan,nan,21.885569006044157,0.44289467196900495,0.589028165729592,0.6399992753427722,0.7385220075171889,Pillow wall time including file I/O
chat_preview,photo,kodak_02,768,512,512,341,JPEG,"prog444,q=3",3258,0.14928519061583578,1.172959000030005,0.9113750000437904,nan,nan,21.885569006044157,0.44289467196900495,0.589028165729592,0.6399992753427722,0.7385220075171889,Pillow wall time including file I/O
chat_preview,photo,kodak_02,768,512,512,341,JPEG,"seq420,q=4",1829,0.08380681818181818,0.5576249999990068,0.4396670000232916,nan,nan,24.651716528838854,0.600698103266744,0.7444307727970673,0.825240726949641,0.8409983913075411,Pillow wall time including file I/O
chat_preview,photo,kodak_02,768,512,512,341,JPEG,"prog420,q=4",2238,0.10254765395894429,0.8197919999588521,0.7574580000095921,nan,nan,24.651716528838854,0.600698103266744,0.7444307727970673,0.825240726949641,0.8409983913075411,Pillow wall time including file I/O
chat_preview,photo,kodak_02,768,512,512,341,JPEG,"seq444,q=4",2945,0.13494318181818182,0.8216659999789044,0.5069580000167662,nan,nan,24.989905437523557,0.6083682724632159,0.7606884792702983,0.8257109384591974,0.8571955492891056,Pillow wall time including file I/O
chat_preview,photo,kodak_02,768,512,512,341,JPEG,"prog444,q=4",3486,0.1597324046920821,1.2177080000128626,0.9264170000164995,nan,nan,24.989905437523557,0.6083682724632159,0.7606884792702983,0.8257109384591974,0.8571955492891056,Pillow wall time including file I/O
chat_preview,photo,kodak_02,768,512,512,341,JPEG,"seq420,q=5",2122,0.09723240469208211,0.5892500000186374,0.47245899997960805,nan,nan,23.456977975273325,0.5430756424030772,0.67752218867763,0.7917320885320718,0.8120734213663846,Pillow wall time including file I/O
chat_preview,photo,kodak_02,768,512,512,341,JPEG,"prog420,q=5",2570,0.11776026392961877,0.805333000016617,0.7033329999899252,nan,nan,23.456977975273325,0.5430756424030772,0.67752218867763,0.7917320885320718,0.8120734213663846,Pillow wall time including file I/O
chat_preview,photo,kodak_02,768,512,512,341,JPEG,"seq444,q=5",3342,0.1531341642228739,0.8354159999726107,0.48416699996778334,nan,nan,23.745644161405266,0.5378601125184631,0.6789200791321793,0.7965643820888514,0.822856620860538,Pillow wall time including file I/O
chat_preview,photo,kodak_02,768,512,512,341,JPEG,"prog444,q=5",3825,0.1752657624633431,1.2743330000262176,0.9049580000350943,nan,nan,23.745644161405266,0.5378601125184631,0.6789200791321793,0.7965643820888514,0.822856620860538,Pillow wall time including file I/O
chat_preview,photo,kodak_02,768,512,512,341,JPEG,"seq420,q=6",2414,0.11061217008797654,0.5736669999691912,0.46950000000833825,nan,nan,25.061404534569668,0.6110850379726324,0.7597453568906521,0.8822708737441546,0.8651683520521091,Pillow wall time including file I/O
chat_preview,photo,kodak_02,768,512,512,341,JPEG,"prog420,q=6",2855,0.1308192815249267,0.8185410000010052,0.7461249999778374,nan,nan,25.061404534569668,0.6110850379726324,0.7597453568906521,0.8822708737441546,0.8651683520521091,Pillow wall time including file I/O
chat_preview,photo,kodak_02,768,512,512,341,JPEG,"seq444,q=6",3635,0.16655975073313783,0.8527500000354848,0.4955419999532751,nan,nan,25.979414571372395,0.6328887422052004,0.7911360490749169,0.8834000954826502,0.8976975432841902,Pillow wall time including file I/O
chat_preview,photo,kodak_02,768,512,512,341,JPEG,"prog444,q=6",4129,0.18919538123167157,1.219458000036866,0.970332999997936,nan,nan,25.979414571372395,0.6328887422052004,0.7911360490749169,0.8834000954826502,0.8976975432841902,Pillow wall time including file I/O
chat_preview,photo,kodak_02,768,512,512,341,JPEG,"seq420,q=7",2705,0.12394611436950147,0.5693329999871821,0.45258299996930873,nan,nan,25.75940804908109,0.6089857193290561,0.7567571165485808,0.8608195553458851,0.8819542133840718,Pillow wall time including file I/O
chat_preview,photo,kodak_02,768,512,512,341,JPEG,"prog420,q=7",3107,0.14236620234604105,0.86566700002777,0.734208000039871,nan,nan,25.75940804908109,0.6089857193290561,0.7567571165485808,0.8608195553458851,0.8819542133840718,Pillow wall time including file I/O
chat_preview,photo,kodak_02,768,512,512,341,JPEG,"seq444,q=7",4027,0.1845216275659824,1.1216250000529726,0.47720800000661256,nan,nan,26.39636455723254,0.6176494794380063,0.7737235267999932,0.8655681649464989,0.907260601025973,Pillow wall time including file I/O
chat_preview,photo,kodak_02,768,512,512,341,JPEG,"prog444,q=7",4553,0.20862353372434017,1.2298749999786196,0.9245840000176031,nan,nan,26.39636455723254,0.6176494794380063,0.7737235267999932,0.8655681649464989,0.907260601025973,Pillow wall time including file I/O
chat_preview,photo,kodak_02,768,512,512,341,JPEG,"seq420,q=8",2940,0.1347140762463343,0.5657910000422817,0.32679200000984565,nan,nan,26.623000312884994,0.6601971343455163,0.8249580908962537,0.9045690148040114,0.9088405232697183,Pillow wall time including file I/O
chat_preview,photo,kodak_02,768,512,512,341,JPEG,"prog420,q=8",3413,0.15638746334310852,0.8931670000151826,0.7327500000542386,nan,nan,26.623000312884994,0.6601971343455163,0.8249580908962537,0.9045690148040114,0.9088405232697183,Pillow wall time including file I/O
chat_preview,photo,kodak_02,768,512,512,341,JPEG,"seq444,q=8",4261,0.19524376832844575,0.886417000003803,0.508165999974608,nan,nan,27.302368229982527,0.6727254272115101,0.8426595927871827,0.9058718506022175,0.9287723728799474,Pillow wall time including file I/O
chat_preview,photo,kodak_02,768,512,512,341,JPEG,"prog444,q=8",4833,0.2214534457478006,1.248958000019229,0.9422500000368927,nan,nan,27.302368229982527,0.6727254272115101,0.8426595927871827,0.9058718506022175,0.9287723728799474,Pillow wall time including file I/O
chat_preview,photo,kodak_02,768,512,512,341,JPEG,"seq420,q=9",3289,0.1507056451612903,0.5701669999780279,0.462084000048435,nan,nan,26.54845895084555,0.63658891141507,0.7905282193782538,0.8890279744224243,0.908175478054916,Pillow wall time including file I/O
chat_preview,photo,kodak_02,768,512,512,341,JPEG,"prog420,q=9",3815,0.1748075513196481,3.6220420000177,0.6842500000061591,nan,nan,26.54845895084555,0.63658891141507,0.7905282193782538,0.8890279744224243,0.908175478054916,Pillow wall time including file I/O
chat_preview,photo,kodak_02,768,512,512,341,JPEG,"seq444,q=9",4750,0.21765029325513197,0.8654580000211354,0.49029199999495177,nan,nan,27.217873780903787,0.6464391105842648,0.810380490390728,0.8917454034204306,0.9240005264500407,Pillow wall time including file I/O
chat_preview,photo,kodak_02,768,512,512,341,JPEG,"prog444,q=9",5334,0.24440982404692083,1.3204169999880833,0.8255419999727565,nan,nan,27.217873780903787,0.6464391105842648,0.810380490390728,0.8917454034204306,0.9240005264500407,Pillow wall time including file I/O
chat_preview,photo,kodak_02,768,512,512,341,JPEG,"seq420,q=10",3534,0.16193181818181818,0.6052079999676607,0.33741600003622807,nan,nan,27.23266749873378,0.6787091290009778,0.8402966290557209,0.9228416867551473,0.9259518561789362,Pillow wall time including file I/O
chat_preview,photo,kodak_02,768,512,512,341,JPEG,"prog420,q=10",4220,0.19336510263929618,0.9440000000040527,0.7676660000015545,nan,nan,27.23266749873378,0.6787091290009778,0.8402966290557209,0.9228416867551473,0.9259518561789362,Pillow wall time including file I/O
chat_preview,photo,kodak_02,768,512,512,341,JPEG,"seq444,q=10",4986,0.2284640762463343,0.8504580000021633,0.36600000004227695,nan,nan,28.130502467948762,0.6997610616520773,0.8658077507016794,0.9238940296111708,0.9450444960592058,Pillow wall time including file I/O
chat_preview,photo,kodak_02,768,512,512,341,JPEG,"prog444,q=10",5922,0.2713526392961877,1.3366669999754777,0.9498750000034306,nan,nan,28.130502467948762,0.6997610616520773,0.8658077507016794,0.9238940296111708,0.9450444960592058,Pillow wall time including file I/O
chat_preview,photo,kodak_02,768,512,512,341,JPEG,"seq420,q=11",3840,0.17595307917888564,0.6354580000333954,0.4807079999977759,nan,nan,27.49831382411207,0.6800725350779374,0.8403595153318033,0.9202204603797208,0.9289219812437374,Pillow wall time including file I/O
chat_preview,photo,kodak_02,768,512,512,341,JPEG,"prog420,q=11",4426,0.20280425219941348,0.8939170000417107,0.8175830000141104,nan,nan,27.49831382411207,0.6800725350779374,0.8403595153318033,0.9202204603797208,0.9289219812437374,Pillow wall time including file I/O
chat_preview,photo,kodak_02,768,512,512,341,JPEG,"seq444,q=11",5349,0.24509714076246333,0.9214170000291233,0.5231250000292675,nan,nan,28.37312727369996,0.7002313716183046,0.86564460889938,0.9226877808872096,0.9482366571606137,Pillow wall time including file I/O
chat_preview,photo,kodak_02,768,512,512,341,JPEG,"prog444,q=11",6160,0.28225806451612906,1.3188329999707094,0.9762910000290503,nan,nan,28.37312727369996,0.7002313716183046,0.86564460889938,0.9226877808872096,0.9482366571606137,Pillow wall time including file I/O
chat_preview,photo,kodak_02,768,512,512,341,JPEG,"seq420,q=12",4179,0.19148643695014664,0.6382079999980306,0.4682499999830725,nan,nan,27.867105942402297,0.6921461431355044,0.8517442843593089,0.9325268299541771,0.9356800750630251,Pillow wall time including file I/O
chat_preview,photo,kodak_02,768,512,512,341,JPEG,"prog420,q=12",4709,0.2157716275659824,0.9044579999795133,0.7313749999866559,nan,nan,27.867105942402297,0.6921461431355044,0.8517442843593089,0.9325268299541771,0.9356800750630251,Pillow wall time including file I/O
chat_preview,photo,kodak_02,768,512,512,341,JPEG,"seq444,q=12",5759,0.2638837976539589,0.878625000041211,0.5180840000207354,nan,nan,28.721771591107593,0.7128484447462416,0.8746939550289454,0.9328787180832784,0.9524301589800389,Pillow wall time including file I/O
chat_preview,photo,kodak_02,768,512,512,341,JPEG,"prog444,q=12",6425,0.2944006598240469,1.3597500000059881,0.9517500000129075,nan,nan,28.721771591107593,0.7128484447462416,0.8746939550289454,0.9328787180832784,0.9524301589800389,Pillow wall time including file I/O
chat_preview,photo,kodak_02,768,512,512,341,JPEG,"seq420,q=13",4567,0.2092650293255132,0.6470419999686783,0.3681670000332815,nan,nan,28.088057345625433,0.7025900717432109,0.8611040095394701,0.9345261820294845,0.9412484708895459,Pillow wall time including file I/O
chat_preview,photo,kodak_02,768,512,512,341,JPEG,"prog420,q=13",5117,0.234466642228739,1.0472079999885864,0.8071660000155134,nan,nan,28.088057345625433,0.7025900717432109,0.8611040095394701,0.9345261820294845,0.9412484708895459,Pillow wall time including file I/O
chat_preview,photo,kodak_02,768,512,512,341,JPEG,"seq444,q=13",6256,0.2866568914956012,0.9567079999897032,0.5402079999612397,nan,nan,29.000083304639258,0.7212259398772218,0.8838683528301924,0.9351190870339903,0.9571300784640495,Pillow wall time including file I/O
chat_preview,photo,kodak_02,768,512,512,341,JPEG,"prog444,q=13",6840,0.31341642228739003,1.3814160000151787,0.8657919999564001,nan,nan,29.000083304639258,0.7212259398772218,0.8838683528301924,0.9351190870339903,0.9571300784640495,Pillow wall time including file I/O
chat_preview,photo,kodak_02,768,512,512,341,JPEG,"seq420,q=14",4815,0.22062866568914957,0.6401249999612446,0.363624999977219,nan,nan,28.443459462999613,0.7201119433753181,0.8795002950730764,0.9423478979520655,0.94842191271797,Pillow wall time including file I/O
chat_preview,photo,kodak_02,768,512,512,341,JPEG,"prog420,q=14",5341,0.24473057184750732,0.9960419999970327,0.7839169999783735,nan,nan,28.443459462999613,0.7201119433753181,0.8795002950730764,0.9423478979520655,0.94842191271797,Pillow wall time including file I/O
chat_preview,photo,kodak_02,768,512,512,341,JPEG,"seq444,q=14",6491,0.297424853372434,0.9315830000105052,0.554458000010527,nan,nan,29.39509708672441,0.742385330396691,0.9026060497810532,0.9434847671869458,0.962810894691353,Pillow wall time including file I/O
chat_preview,photo,kodak_02,768,512,512,341,JPEG,"prog444,q=14",7135,0.32693365102639294,1.392167000005884,1.0218749999921783,nan,nan,29.39509708672441,0.742385330396691,0.9026060497810532,0.9434847671869458,0.962810894691353,Pillow wall time including file I/O
chat_preview,photo,kodak_02,768,512,512,341,JPEG,"seq420,q=15",5132,0.23515395894428154,0.6472080000321512,0.495499999999538,nan,nan,28.456126884253038,0.7190652671163521,0.8753277667278416,0.9416819606306202,0.9481191747710361,Pillow wall time including file I/O
chat_preview,photo,kodak_02,768,512,512,341,JPEG,"prog420,q=15",5615,0.2572855571847507,0.9239170000228114,0.629500000002281,nan,nan,28.456126884253038,0.7190652671163521,0.8753277667278416,0.9416819606306202,0.9481191747710361,Pillow wall time including file I/O
chat_preview,photo,kodak_02,768,512,512,341,JPEG,"seq444,q=15",6859,0.31428702346041054,0.9466659999475269,0.4270000000019536,nan,nan,29.359903433363428,0.7366289345867106,0.8937843404782976,0.9432866788121186,0.9612534775939169,Pillow wall time including file I/O
chat_preview,photo,kodak_02,768,512,512,341,JPEG,"prog444,q=15",7543,0.3456286656891496,2.321209000001545,1.041416999953526,nan,nan,29.359903433363428,0.7366289345867106,0.8937843404782976,0.9432866788121186,0.9612534775939169,Pillow wall time including file I/O
chat_preview,photo,kodak_02,768,512,512,341,JPEG,"seq420,q=16",5410,0.24789222873900293,0.6567910000399024,0.5290000000286454,nan,nan,28.638833679596033,0.7274496986183755,0.8816664015624097,0.9484545155754799,0.9517041833289931,Pillow wall time including file I/O
chat_preview,photo,kodak_02,768,512,512,341,JPEG,"prog420,q=16",5900,0.27034457478005863,1.0405410000089432,0.8024169999885089,nan,nan,28.638833679596033,0.7274496986183755,0.8816664015624097,0.9484545155754799,0.9517041833289931,Pillow wall time including file I/O
chat_preview,photo,kodak_02,768,512,512,341,JPEG,"seq444,q=16",7264,0.33284457478005863,0.9435419999590522,0.5777910000119846,nan,nan,29.622031728724387,0.7465581813549688,0.9017230448684059,0.9497148125298228,0.9645993276236031,Pillow wall time including file I/O
chat_preview,photo,kodak_02,768,512,512,341,JPEG,"prog444,q=16",7981,0.3656983137829912,1.4169999999467109,0.8528750000209584,nan,nan,29.622031728724387,0.7465581813549688,0.9017230448684059,0.9497148125298228,0.9645993276236031,Pillow wall time including file I/O
chat_preview,photo,kodak_02,768,512,512,341,JPEG,"seq420,q=17",5690,0.26072214076246336,0.633499999992182,0.4957919999810656,nan,nan,28.893256975054168,0.7380374285281941,0.8938036053755765,0.9502219801745355,0.9562738178797952,Pillow wall time including file I/O
chat_preview,photo,kodak_02,768,512,512,341,JPEG,"prog420,q=17",6190,0.2836326979472141,1.1449169999764308,0.7269999999834909,nan,nan,28.893256975054168,0.7380374285281941,0.8938036053755765,0.9502219801745355,0.9562738178797952,Pillow wall time including file I/O
chat_preview,photo,kodak_02,768,512,512,341,JPEG,"seq444,q=17",7573,0.3470032991202346,1.020874999994703,0.5575829999884263,nan,nan,29.918649924277187,0.7588328495481965,0.9140362096941037,0.9508592346619106,0.9687067924378678,Pillow wall time including file I/O
chat_preview,photo,kodak_02,768,512,512,341,JPEG,"prog444,q=17",8282,0.37949046920821117,1.5142499999569736,1.0634579999759808,nan,nan,29.918649924277187,0.7588328495481965,0.9140362096941037,0.9508592346619106,0.9687067924378678,Pillow wall time including file I/O
chat_preview,photo,kodak_02,768,512,512,341,JPEG,"seq420,q=18",5979,0.2739644428152493,0.7011669999883452,0.5295419999811202,nan,nan,29.022673516707304,0.7469355192821264,0.9001241344012127,0.9556076244929428,0.9577525881986197,Pillow wall time including file I/O
chat_preview,photo,kodak_02,768,512,512,341,JPEG,"prog420,q=18",6557,0.30044904692082114,1.0804159999793228,0.8072919999904116,nan,nan,29.022673516707304,0.7469355192821264,0.9001241344012127,0.9556076244929428,0.9577525881986197,Pillow wall time including file I/O
chat_preview,photo,kodak_02,768,512,512,341,JPEG,"seq444,q=18",7885,0.3612994868035191,0.9798329999739508,0.5531670000209488,nan,nan,30.069525623648126,0.7670752622615452,0.9196230535953319,0.9559745002571046,0.9700517812197899,Pillow wall time including file I/O
chat_preview,photo,kodak_02,768,512,512,341,JPEG,"prog444,q=18",8731,0.4000641495601173,1.5626669999733167,0.9897499999738102,nan,nan,30.069525623648126,0.7670752622615452,0.9196230535953319,0.9559745002571046,0.9700517812197899,Pillow wall time including file I/O
chat_preview,photo,kodak_02,768,512,512,341,JPEG,"seq420,q=19",6255,0.2866110703812317,0.6801669999845217,0.4209589999959462,nan,nan,29.1258297443335,0.748510942267634,0.8996299261571691,0.9565293484937996,0.9583409787168733,Pillow wall time including file I/O
chat_preview,photo,kodak_02,768,512,512,341,JPEG,"prog420,q=19",6769,0.31016312316715544,1.0782909999988988,0.8360840000136704,nan,nan,29.1258297443335,0.748510942267634,0.8996299261571691,0.9565293484937996,0.9583409787168733,Pillow wall time including file I/O
chat_preview,photo,kodak_02,768,512,512,341,JPEG,"seq444,q=19",8244,0.3777492668621701,1.0700420000375743,0.6326669999907608,nan,nan,30.167135873000976,0.769209872888513,0.9194015777230226,0.9570108492462834,0.9706597879286166,Pillow wall time including file I/O
chat_preview,photo,kodak_02,768,512,512,341,JPEG,"prog444,q=19",8991,0.4119776392961877,1.5152080000007118,1.0130839999646923,nan,nan,30.167135873000976,0.769209872888513,0.9194015777230226,0.9570108492462834,0.9706597879286166,Pillow wall time including file I/O
chat_preview,photo,kodak_02,768,512,512,341,JPEG,"seq420,q=20",6545,0.2998991935483871,0.6478750000269429,0.37104199998339027,nan,nan,29.284778352663203,0.7560992379992443,0.9048727204115744,0.9581711509336512,0.9598693926680638,Pillow wall time including file I/O
chat_preview,photo,kodak_02,768,512,512,341,JPEG,"prog420,q=20",7002,0.3208394428152493,1.393000000007305,0.8282499999836546,nan,nan,29.284778352663203,0.7560992379992443,0.9048727204115744,0.9581711509336512,0.9598693926680638,Pillow wall time including file I/O
chat_preview,photo,kodak_02,768,512,512,341,JPEG,"seq444,q=20",8599,0.39401576246334313,1.0248750000414475,0.5634169999666483,nan,nan,30.335068883826363,0.7769884449040294,0.9253863168436599,0.9588344374884783,0.9724723580978156,Pillow wall time including file I/O
chat_preview,photo,kodak_02,768,512,512,341,JPEG,"prog444,q=20",9273,0.4248991935483871,1.5754169999695478,0.9179169999811165,nan,nan,30.335068883826363,0.7769884449040294,0.9253863168436599,0.9588344374884783,0.9724723580978156,Pillow wall time including file I/O
chat_preview,photo,kodak_02,768,512,512,341,JPEG,"seq420,q=21",6830,0.31295821114369504,0.7092920000104641,0.535334000005605,nan,nan,29.49417235210827,0.7625346756465831,0.9113953764491672,0.95997787285769,0.9626012441893859,Pillow wall time including file I/O
chat_preview,photo,kodak_02,768,512,512,341,JPEG,"prog420,q=21",7320,0.3354105571847507,1.066707999996197,0.8231249999539614,nan,nan,29.49417235210827,0.7625346756465831,0.9113953764491672,0.95997787285769,0.9626012441893859,Pillow wall time including file I/O
chat_preview,photo,kodak_02,768,512,512,341,JPEG,"seq444,q=21",8927,0.4090450879765396,1.0330830000384594,0.6015420000267113,nan,nan,30.53679270590754,0.7839512850088107,0.9306230312007813,0.9606640321745541,0.9743736357965137,Pillow wall time including file I/O
chat_preview,photo,kodak_02,768,512,512,341,JPEG,"prog444,q=21",9623,0.4409365835777126,1.4943749999929423,1.0615829999665038,nan,nan,30.53679270590754,0.7839512850088107,0.9306230312007813,0.9606640321745541,0.9743736357965137,Pillow wall time including file I/O
chat_preview,photo,kodak_02,768,512,512,341,JPEG,"seq420,q=22",7126,0.32652126099706746,6.602999999984149,1.5537080000171954,nan,nan,29.604569787085417,0.7649158766676298,0.912788930807528,0.9621919537868018,0.9641431592616121,Pillow wall time including file I/O
chat_preview,photo,kodak_02,768,512,512,341,JPEG,"prog420,q=22",7627,0.3494776392961877,1.1977080000065143,0.7347499999923457,nan,nan,29.604569787085417,0.7649158766676298,0.912788930807528,0.9621919537868018,0.9641431592616121,Pillow wall time including file I/O
chat_preview,photo,kodak_02,768,512,512,341,JPEG,"seq444,q=22",9261,0.4243493401759531,3.5928340000168646,0.4750419999481892,nan,nan,30.601915467587467,0.7870659466463467,0.9316397219593417,0.9631727935861282,0.974835062536568,Pillow wall time including file I/O
chat_preview,photo,kodak_02,768,512,512,341,JPEG,"prog444,q=22",10004,0.45839442815249265,1.5381250000245927,1.0775829999829512,nan,nan,30.601915467587467,0.7870659466463467,0.9316397219593417,0.9631727935861282,0.974835062536568,Pillow wall time including file I/O
chat_preview,photo,kodak_02,768,512,512,341,JPEG,"seq420,q=23",7425,0.3402217741935484,0.6996249999815518,0.38862499997094346,nan,nan,29.78798521921449,0.7695255928479776,0.9169463991292396,0.9636273221188191,0.966536585167233,Pillow wall time including file I/O
chat_preview,photo,kodak_02,768,512,512,341,JPEG,"prog420,q=23",7932,0.36345307917888564,1.0772499999802676,0.7262500000138061,nan,nan,29.78798521921449,0.7695255928479776,0.9169463991292396,0.9636273221188191,0.966536585167233,Pillow wall time including file I/O
chat_preview,photo,kodak_02,768,512,512,341,JPEG,"seq444,q=23",9646,0.44199046920821117,1.0122499999738466,0.43858399999407993,nan,nan,30.787210160190824,0.792808388262818,0.9364928093997564,0.9645258668701807,0.976326332760355,Pillow wall time including file I/O
chat_preview,photo,kodak_02,768,512,512,341,JPEG,"prog444,q=23",10455,0.47905975073313783,2.0721669999943515,1.1865829999919697,nan,nan,30.787210160190824,0.792808388262818,0.9364928093997564,0.9645258668701807,0.976326332760355,Pillow wall time including file I/O
chat_preview,photo,kodak_02,768,512,512,341,JPEG,"seq420,q=24",7692,0.3524560117302053,0.713042000029418,0.5522499999983665,nan,nan,29.91741726788275,0.7728859407935605,0.9191113197068596,0.9642939560894346,0.9678205459901749,Pillow wall time including file I/O
chat_preview,photo,kodak_02,768,512,512,341,JPEG,"prog420,q=24",8208,0.37609970674486803,1.231458000006569,0.7626660000141783,nan,nan,29.91741726788275,0.7728859407935605,0.9191113197068596,0.9642939560894346,0.9678205459901749,Pillow wall time including file I/O
chat_preview,photo,kodak_02,768,512,512,341,JPEG,"seq444,q=24",9964,0.4565615835777126,1.1627080000380374,0.5830000000059954,nan,nan,30.899364240484964,0.7975470318773726,0.9386534623310926,0.9655008806269564,0.9770078035460116,Pillow wall time including file I/O
chat_preview,photo,kodak_02,768,512,512,341,JPEG,"prog444,q=24",10811,0.49537206744868034,1.5722910000022239,1.0803750000150103,nan,nan,30.899364240484964,0.7975470318773726,0.9386534623310926,0.9655008806269564,0.9770078035460116,Pillow wall time including file I/O
chat_preview,photo,kodak_02,768,512,512,341,JPEG,"seq420,q=25",7936,0.36363636363636365,0.7561670000200138,0.40545899997823653,nan,nan,30.049013021323482,0.7781066843209535,0.9227036669394867,0.9660330247441653,0.9689356819598138,Pillow wall time including file I/O
chat_preview,photo,kodak_02,768,512,512,341,JPEG,"prog420,q=25",8456,0.3874633431085044,1.1837079999850175,0.9048339999822019,nan,nan,30.049013021323482,0.7781066843209535,0.9227036669394867,0.9660330247441653,0.9689356819598138,Pillow wall time including file I/O
chat_preview,photo,kodak_02,768,512,512,341,JPEG,"seq444,q=25",10249,0.4696206011730205,1.0547500000370746,0.9111250000159998,nan,nan,31.005310153502208,0.8009293958305922,0.9405795726577665,0.9671561771459846,0.9774558663280029,Pillow wall time including file I/O
chat_preview,photo,kodak_02,768,512,512,341,JPEG,"prog444,q=25",11040,0.5058651026392962,1.5584999999873617,0.9804169999938495,nan,nan,31.005310153502208,0.8009293958305922,0.9405795726577665,0.9671561771459846,0.9774558663280029,Pillow wall time including file I/O
chat_preview,photo,kodak_02,768,512,512,341,JPEG,"seq420,q=26",8219,0.37660373900293254,0.7008750000068176,0.3915830000096321,nan,nan,30.127516424576616,0.7795480809005003,0.9228169007044444,0.9663790093641915,0.9695335409643279,Pillow wall time including file I/O
chat_preview,photo,kodak_02,768,512,512,341,JPEG,"prog420,q=26",8755,0.40116385630498536,1.166542000021309,0.7151660000204174,nan,nan,30.127516424576616,0.7795480809005003,0.9228169007044444,0.9663790093641915,0.9695335409643279,Pillow wall time including file I/O
chat_preview,photo,kodak_02,768,512,512,341,JPEG,"seq444,q=26",10583,0.484924853372434,1.0565839999685522,0.8848749999970096,nan,nan,31.088110510503313,0.803268497498169,0.9410046601757162,0.967421571825567,0.9780387735204343,Pillow wall time including file I/O
chat_preview,photo,kodak_02,768,512,512,341,JPEG,"prog444,q=26",11397,0.5222232404692082,1.6672920000360136,1.1093329999880552,nan,nan,31.088110510503313,0.803268497498169,0.9410046601757162,0.967421571825567,0.9780387735204343,Pillow wall time including file I/O
chat_preview,photo,kodak_02,768,512,512,341,JPEG,"seq420,q=27",8506,0.3897543988269795,1.0040419999768346,0.46616699995638555,nan,nan,30.24696021410644,0.7862623507704702,0.9282963551664322,0.9688585747792356,0.9707936180055081,Pillow wall time including file I/O
chat_preview,photo,kodak_02,768,512,512,341,JPEG,"prog420,q=27",9034,0.41394794721407624,1.1783749999949578,0.8424160000117809,nan,nan,30.24696021410644,0.7862623507704702,0.9282963551664322,0.9688585747792356,0.9707936180055081,Pillow wall time including file I/O
chat_preview,photo,kodak_02,768,512,512,341,JPEG,"seq444,q=27",10970,0.5026576246334311,1.0632500000156142,0.5927079999992202,nan,nan,31.271150799518452,0.8106124482529914,0.9467071949290823,0.9693476681325196,0.9793010922983855,Pillow wall time including file I/O
chat_preview,photo,kodak_02,768,512,512,341,JPEG,"prog444,q=27",11749,0.5383522727272727,1.5987500000278487,0.9900420000121812,nan,nan,31.271150799518452,0.8106124482529914,0.9467071949290823,0.9693476681325196,0.9793010922983855,Pillow wall time including file I/O
chat_preview,photo,kodak_02,768,512,512,341,JPEG,"seq420,q=28",8819,0.40409640762463345,0.7405419999599872,0.8132500000215259,nan,nan,30.34143900764288,0.7896822189497468,0.9294933154229307,0.9696697611719777,0.9714613128191453,Pillow wall time including file I/O
chat_preview,photo,kodak_02,768,512,512,341,JPEG,"prog420,q=28",9317,0.4269153225806452,1.1519580000367569,0.8540000000039072,nan,nan,30.34143900764288,0.7896822189497468,0.9294933154229307,0.9696697611719777,0.9714613128191453,Pillow wall time including file I/O
chat_preview,photo,kodak_02,768,512,512,341,JPEG,"seq444,q=28",11339,0.5195656158357771,1.3127500000109649,0.6282920000444392,nan,nan,31.368721599809454,0.8129945773022671,0.947382869070775,0.9703386495520531,0.9800224687713404,Pillow wall time including file I/O
chat_preview,photo,kodak_02,768,512,512,341,JPEG,"prog444,q=28",12111,0.5549395161290323,1.7032499999913853,1.0696250000137297,nan,nan,31.368721599809454,0.8129945773022671,0.947382869070775,0.9703386495520531,0.9800224687713404,Pillow wall time including file I/O
chat_preview,photo,kodak_02,768,512,512,341,JPEG,"seq420,q=29",9057,0.41500183284457476,0.7606670000086524,0.5378749999636057,nan,nan,30.392470219819575,0.7920361713117515,0.9303233551785736,0.9702838039921627,0.9717379305978109,Pillow wall time including file I/O
chat_preview,photo,kodak_02,768,512,512,341,JPEG,"prog420,q=29",9586,0.4392412023460411,1.2138330000084352,0.8608329999901798,nan,nan,30.392470219819575,0.7920361713117515,0.9303233551785736,0.9702838039921627,0.9717379305978109,Pillow wall time including file I/O
chat_preview,photo,kodak_02,768,512,512,341,JPEG,"seq444,q=29",11698,0.5360153958944281,1.0162080000100104,0.5929580000270107,nan,nan,31.43380019881719,0.8157672303025226,0.9477202214877845,0.9708453960202246,0.9802472842531861,Pillow wall time including file I/O
chat_preview,photo,kodak_02,768,512,512,341,JPEG,"prog444,q=29",12502,0.5728555718475073,1.6868750000185173,1.1506670000471786,nan,nan,31.43380019881719,0.8157672303025226,0.9477202214877845,0.9708453960202246,0.9802472842531861,Pillow wall time including file I/O
chat_preview,photo,kodak_02,768,512,512,341,JPEG,"seq420,q=30",9321,0.4270986070381232,0.7470830000215756,0.39912500000127693,nan,nan,30.497703957847946,0.7967911153738608,0.9341815938631676,0.9706982509124807,0.9727949838281932,Pillow wall time including file I/O
chat_preview,photo,kodak_02,768,512,512,341,JPEG,"prog420,q=30",9861,0.45184200879765396,1.229209000030096,0.886790999970799,nan,nan,30.497703957847946,0.7967911153738608,0.9341815938631676,0.9706982509124807,0.9727949838281932,Pillow wall time including file I/O
chat_preview,photo,kodak_02,768,512,512,341,JPEG,"seq444,q=30",12004,0.5500366568914956,1.0427079999999478,0.581334000003153,nan,nan,31.56517341875068,0.8205416502118084,0.9518008401034818,0.9714464719105477,0.9812606177939934,Pillow wall time including file I/O
chat_preview,photo,kodak_02,768,512,512,341,JPEG,"prog444,q=30",12886,0.5904508797653959,1.6992910000226402,1.0985000000118816,nan,nan,31.56517341875068,0.8205416502118084,0.9518008401034818,0.9714464719105477,0.9812606177939934,Pillow wall time including file I/O
chat_preview,photo,kodak_02,768,512,512,341,JPEG,"seq420,q=31",9576,0.43878299120234604,0.7539579999615853,0.5313330000262795,nan,nan,30.58666613974114,0.7997846308811781,0.9357184452671655,0.9723287004043827,0.9733319341169561,Pillow wall time including file I/O
chat_preview,photo,kodak_02,768,512,512,341,JPEG,"prog420,q=31",10083,0.4620142961876833,1.2279999999691427,0.8505420000233244,nan,nan,30.58666613974114,0.7997846308811781,0.9357184452671655,0.9723287004043827,0.9733319341169561,Pillow wall time including file I/O
chat_preview,photo,kodak_02,768,512,512,341,JPEG,"seq444,q=31",12312,0.5641495601173021,1.0310000000117725,0.6005409999829681,nan,nan,31.665010078781535,0.823322027535315,0.9531535270198376,0.9730459411732639,0.9818343810005162,Pillow wall time including file I/O
chat_preview,photo,kodak_02,768,512,512,341,JPEG,"prog444,q=31",13145,0.6023185483870968,1.708667000002606,0.9648330000118222,nan,nan,31.665010078781535,0.823322027535315,0.9531535270198376,0.9730459411732639,0.9818343810005162,Pillow wall time including file I/O
chat_preview,photo,kodak_02,768,512,512,341,JPEG,"seq420,q=32",9896,0.4534457478005865,0.761291000003439,0.5826249999927313,nan,nan,30.691619912319418,0.8036700810548849,0.9371104572792325,0.9739902104844484,0.9732786942268198,Pillow wall time including file I/O
chat_preview,photo,kodak_02,768,512,512,341,JPEG,"prog420,q=32",10385,0.4758522727272727,1.2457920000201739,0.8590000000481268,nan,nan,30.691619912319418,0.8036700810548849,0.9371104572792325,0.9739902104844484,0.9732786942268198,Pillow wall time including file I/O
chat_preview,photo,kodak_02,768,512,512,341,JPEG,"seq444,q=32",12702,0.5820197947214076,1.082416999963698,0.5982089999747586,nan,nan,31.792513700708493,0.8268202742044152,0.9546287908749037,0.9748679110877722,0.9826336652003671,Pillow wall time including file I/O
chat_preview,photo,kodak_02,768,512,512,341,JPEG,"prog444,q=32",13530,0.6199596774193549,1.7100839999670825,1.135458000021572,nan,nan,31.792513700708493,0.8268202742044152,0.9546287908749037,0.9748679110877722,0.9826336652003671,Pillow wall time including file I/O
chat_preview,photo,kodak_02,768,512,512,341,JPEG,"seq420,q=33",10221,0.4683376099706745,0.7449999999948886,0.5524999999693136,nan,nan,30.76487673278779,0.8064946636501165,0.937830794483253,0.9748902411670645,0.9732725051930557,Pillow wall time including file I/O
chat_preview,photo,kodak_02,768,512,512,341,JPEG,"prog420,q=33",10717,0.49106488269794724,1.2408750000076907,0.8758330000091519,nan,nan,30.76487673278779,0.8064946636501165,0.937830794483253,0.9748902411670645,0.9732725051930557,Pillow wall time including file I/O
chat_preview,photo,kodak_02,768,512,512,341,JPEG,"seq444,q=33",13127,0.6014937683284457,1.0978750000276705,0.6156659999874137,nan,nan,31.898301820844395,0.8292989516697826,0.9556951662472546,0.9755168553060567,0.98306823608146,Pillow wall time including file I/O
chat_preview,photo,kodak_02,768,512,512,341,JPEG,"prog444,q=33",13903,0.6370509530791789,1.700416000005589,1.1058750000074724,nan,nan,31.898301820844395,0.8292989516697826,0.9556951662472546,0.9755168553060567,0.98306823608146,Pillow wall time including file I/O
chat_preview,photo,kodak_02,768,512,512,341,JPEG,"seq420,q=34",10364,0.4748900293255132,0.7285000000365471,0.5568330000187416,nan,nan,30.829051652067314,0.8093484422632286,0.9394686554069014,0.9752660554509762,0.9733627905676859,Pillow wall time including file I/O
chat_preview,photo,kodak_02,768,512,512,341,JPEG,"prog420,q=34",10886,0.49880865102639294,1.2237920000188751,0.9014169999659316,nan,nan,30.829051652067314,0.8093484422632286,0.9394686554069014,0.9752660554509762,0.9733627905676859,Pillow wall time including file I/O
chat_preview,photo,kodak_02,768,512,512,341,JPEG,"seq444,q=34",13345,0.611482771260997,1.0928749999834508,0.6200409999905787,nan,nan,31.964981339728922,0.8324838348609589,0.9574960052893062,0.975811947430956,0.9833571606117882,Pillow wall time including file I/O
chat_preview,photo,kodak_02,768,512,512,341,JPEG,"prog444,q=34",14135,0.6476814516129032,1.7599999999902138,1.0415840000064236,nan,nan,31.964981339728922,0.8324838348609589,0.9574960052893062,0.975811947430956,0.9833571606117882,Pillow wall time including file I/O
chat_preview,photo,kodak_02,768,512,512,341,JPEG,"seq420,q=35",10724,0.49138563049853373,0.729707999994389,0.5527080000433671,nan,nan,30.922342345079564,0.8123107185479551,0.9408117051491879,0.9761235917732629,0.9743067068136547,Pillow wall time including file I/O
chat_preview,photo,kodak_02,768,512,512,341,JPEG,"prog420,q=35",11199,0.513150659824047,1.5943750000246837,0.976750000006632,nan,nan,30.922342345079564,0.8123107185479551,0.9408117051491879,0.9761235917732629,0.9743067068136547,Pillow wall time including file I/O
chat_preview,photo,kodak_02,768,512,512,341,JPEG,"seq444,q=35",13765,0.6307276392961877,1.8757499999537686,0.7437919999802034,nan,nan,32.0450369425538,0.8348171217821477,0.9584721435770116,0.9767524989466363,0.9837612305775527,Pillow wall time including file I/O
chat_preview,photo,kodak_02,768,512,512,341,JPEG,"prog444,q=35",14541,0.6662848240469208,1.8500840000115204,1.1386250000100517,nan,nan,32.0450369425538,0.8348171217821477,0.9584721435770116,0.9767524989466363,0.9837612305775527,Pillow wall time including file I/O
chat_preview,photo,kodak_02,768,512,512,341,JPEG,"seq420,q=36",11004,0.5042155425219942,0.7769169999960468,0.5333750000318105,nan,nan,30.99672263740392,0.8145553118426793,0.9417235578341298,0.9772133258239568,0.9748601397215676,Pillow wall time including file I/O
chat_preview,photo,kodak_02,768,512,512,341,JPEG,"prog420,q=36",11457,0.5249725073313783,1.3101669999855403,1.2021659999845724,nan,nan,30.99672263740392,0.8145553118426793,0.9417235578341298,0.9772133258239568,0.9748601397215676,Pillow wall time including file I/O
chat_preview,photo,kodak_02,768,512,512,341,JPEG,"seq444,q=36",14133,0.6475898093841642,1.0949580000101378,0.6100420000052509,nan,nan,32.13034128951764,0.8380581313980344,0.9593501510591474,0.9776820608888624,0.9841307320578352,Pillow wall time including file I/O
chat_preview,photo,kodak_02,768,512,512,341,JPEG,"prog444,q=36",14910,0.6831928152492669,1.8116660000373486,1.1852910000129668,nan,nan,32.13034128951764,0.8380581313980344,0.9593501510591474,0.9776820608888624,0.9841307320578352,Pillow wall time including file I/O
chat_preview,photo,kodak_02,768,512,512,341,JPEG,"seq420,q=37",11151,0.5109512463343109,0.7860000000050604,0.5763330000263522,nan,nan,31.07711403875999,0.8165850443405199,0.9429988232024747,0.9774441678829392,0.9757578550122727,Pillow wall time including file I/O
chat_preview,photo,kodak_02,768,512,512,341,JPEG,"prog420,q=37",11629,0.5328537390029325,1.2667080000028363,0.8100830000330461,nan,nan,31.07711403875999,0.8165850443405199,0.9429988232024747,0.9774441678829392,0.9757578550122727,Pillow wall time including file I/O
chat_preview,photo,kodak_02,768,512,512,341,JPEG,"seq444,q=37",14382,0.6589992668621701,1.10791699995616,0.6059579999941889,nan,nan,32.18658438520209,0.839522470090289,0.9599673327472313,0.977932799740668,0.984400221280738,Pillow wall time including file I/O
chat_preview,photo,kodak_02,768,512,512,341,JPEG,"prog444,q=37",15176,0.6953812316715543,1.7949580000049536,1.0443330000384776,nan,nan,32.18658438520209,0.839522470090289,0.9599673327472313,0.977932799740668,0.984400221280738,Pillow wall time including file I/O
chat_preview,photo,kodak_02,768,512,512,341,JPEG,"seq420,q=38",11477,0.5258889296187683,0.7826670000099512,0.5742919999534024,nan,nan,31.175541125898665,0.8193688559695534,0.9450823060495188,0.9782204132531299,0.9767235078976274,Pillow wall time including file I/O
chat_preview,photo,kodak_02,768,512,512,341,JPEG,"prog420,q=38",11997,0.5497159090909091,1.2812919999873884,0.9669160000385091,nan,nan,31.175541125898665,0.8193688559695534,0.9450823060495188,0.9782204132531299,0.9767235078976274,Pillow wall time including file I/O
chat_preview,photo,kodak_02,768,512,512,341,JPEG,"seq444,q=38",14770,0.6767778592375366,1.158666000037556,0.6176670000286322,nan,nan,32.29662981638562,0.8424450272190905,0.9618511902135158,0.9786533081784311,0.9850047692164036,Pillow wall time including file I/O
chat_preview,photo,kodak_02,768,512,512,341,JPEG,"prog444,q=38",15572,0.7135263929618768,1.7886249999605752,1.148082999975486,nan,nan,32.29662981638562,0.8424450272190905,0.9618511902135158,0.9786533081784311,0.9850047692164036,Pillow wall time including file I/O
chat_preview,photo,kodak_02,768,512,512,341,JPEG,"seq420,q=39",11711,0.5366110703812317,0.7463329999950474,0.4524170000195227,nan,nan,31.247698523147402,0.8214154112056783,0.9460291913423419,0.9785944287764446,0.9774848436945054,Pillow wall time including file I/O
chat_preview,photo,kodak_02,768,512,512,341,JPEG,"prog420,q=39",12166,0.5574596774193549,1.3096249999762222,0.9234999999989668,nan,nan,31.247698523147402,0.8214154112056783,0.9460291913423419,0.9785944287764446,0.9774848436945054,Pillow wall time including file I/O
chat_preview,photo,kodak_02,768,512,512,341,JPEG,"seq444,q=39",15041,0.6891953812316716,1.1602080000443493,0.6351659999950243,nan,nan,32.363776118121976,0.8443780117518629,0.9624624755308527,0.9789995029747015,0.9852300290219405,Pillow wall time including file I/O
chat_preview,photo,kodak_02,768,512,512,341,JPEG,"prog444,q=39",15812,0.7245234604105572,1.9418339999788259,1.1871660000224438,nan,nan,32.363776118121976,0.8443780117518629,0.9624624755308527,0.9789995029747015,0.9852300290219405,Pillow wall time including file I/O
chat_preview,photo,kodak_02,768,512,512,341,JPEG,"seq420,q=40",11829,0.5420179618768328,0.7735840000009375,0.5367079999700763,nan,nan,31.297712733819893,0.8226796750653165,0.9472739589684093,0.9787326487817328,0.9781337770809242,Pillow wall time including file I/O
chat_preview,photo,kodak_02,768,512,512,341,JPEG,"prog420,q=40",12277,0.5625458211143695,1.3352499999541578,0.900833999992301,nan,nan,31.297712733819893,0.8226796750653165,0.9472739589684093,0.9787326487817328,0.9781337770809242,Pillow wall time including file I/O
chat_preview,photo,kodak_02,768,512,512,341,JPEG,"seq444,q=40",15214,0.6971224340175953,1.1932499999716129,0.6385419999901387,nan,nan,32.427456125076986,0.8464052873450995,0.9637539578176074,0.9792236664865633,0.9856129190337667,Pillow wall time including file I/O
chat_preview,photo,kodak_02,768,512,512,341,JPEG,"prog444,q=40",15915,0.7292430351906158,1.8539160000159427,1.0307080000302449,nan,nan,32.427456125076986,0.8464052873450995,0.9637539578176074,0.9792236664865633,0.9856129190337667,Pillow wall time including file I/O
chat_preview,photo,kodak_02,768,512,512,341,JPEG,"seq420,q=41",12237,0.5607129765395894,0.7878750000145374,0.5834580000509959,nan,nan,31.399414437634142,0.8261643798653481,0.9491463149644955,0.9794490680722812,0.9790136843632969,Pillow wall time including file I/O
chat_preview,photo,kodak_02,768,512,512,341,JPEG,"prog420,q=41",12662,0.5801869501466276,1.3315000000488908,0.851207999971848,nan,nan,31.399414437634142,0.8261643798653481,0.9491463149644955,0.9794490680722812,0.9790136843632969,Pillow wall time including file I/O
chat_preview,photo,kodak_02,768,512,512,341,JPEG,"seq444,q=41",15748,0.7215909090909091,1.0995839999736745,0.6325840000158678,nan,nan,32.533381097857045,0.8496652616090835,0.9649106346433277,0.9799995595794887,0.9860175844930745,Pillow wall time including file I/O
chat_preview,photo,kodak_02,768,512,512,341,JPEG,"prog444,q=41",16415,0.7521535923753666,1.9230420000440063,1.1810409999952753,nan,nan,32.533381097857045,0.8496652616090835,0.9649106346433277,0.9799995595794887,0.9860175844930745,Pillow wall time including file I/O
chat_preview,photo,kodak_02,768,512,512,341,JPEG,"seq420,q=42",12430,0.5695564516129032,1.0071250000009968,0.5912920000241684,nan,nan,31.438308517279832,0.8269077838739713,0.9495970686033229,0.9796146359840986,0.979394231863145,Pillow wall time including file I/O
chat_preview,photo,kodak_02,768,512,512,341,JPEG,"prog420,q=42",12852,0.5888929618768328,1.3076249999812717,0.9100830000079441,nan,nan,31.438308517279832,0.8269077838739713,0.9495970686033229,0.9796146359840986,0.979394231863145,Pillow wall time including file I/O
chat_preview,photo,kodak_02,768,512,512,341,JPEG,"seq444,q=42",16034,0.7346957478005866,1.1416250000024775,0.6867089999786913,nan,nan,32.582682743875104,0.8509427885855421,0.9654903909711791,0.980112004284494,0.9862782307676928,Pillow wall time including file I/O
chat_preview,photo,kodak_02,768,512,512,341,JPEG,"prog444,q=42",16737,0.7669079912023461,1.8327079999949092,1.2144160000389093,nan,nan,32.582682743875104,0.8509427885855421,0.9654903909711791,0.980112004284494,0.9862782307676928,Pillow wall time including file I/O
chat_preview,photo,kodak_02,768,512,512,341,JPEG,"seq420,q=43",12634,0.5789039589442815,0.8236670000201229,0.5675420000557097,nan,nan,31.49670703435115,0.8288318877648594,0.9502675249141066,0.9799521963821569,0.9797738584638227,Pillow wall time including file I/O
chat_preview,photo,kodak_02,768,512,512,341,JPEG,"prog420,q=43",13035,0.5972782258064516,1.328292000039255,0.9234160000346492,nan,nan,31.49670703435115,0.8288318877648594,0.9502675249141066,0.9799521963821569,0.9797738584638227,Pillow wall time including file I/O
chat_preview,photo,kodak_02,768,512,512,341,JPEG,"seq444,q=43",16245,0.7443640029325513,1.5467910000097618,0.6767500000250948,nan,nan,32.643286697204914,0.852491075279671,0.9659222927774426,0.980435407040118,0.9865368926329385,Pillow wall time including file I/O
chat_preview,photo,kodak_02,768,512,512,341,JPEG,"prog444,q=43",16948,0.7765762463343109,1.9066250000037144,1.1702080000191017,nan,nan,32.643286697204914,0.852491075279671,0.9659222927774426,0.980435407040118,0.9865368926329385,Pillow wall time including file I/O
chat_preview,photo,kodak_02,768,512,512,341,JPEG,"seq420,q=44",12959,0.5937958211143695,0.7978749999892898,0.551999999970576,nan,nan,31.586546201526513,0.831775411584589,0.9516856350805184,0.9807780389177049,0.9803090874198406,Pillow wall time including file I/O
chat_preview,photo,kodak_02,768,512,512,341,JPEG,"prog420,q=44",13398,0.6139112903225806,1.3519579999865527,0.8137500000202635,nan,nan,31.586546201526513,0.831775411584589,0.9516856350805184,0.9807780389177049,0.9803090874198406,Pillow wall time including file I/O
chat_preview,photo,kodak_02,768,512,512,341,JPEG,"seq444,q=44",16686,0.7645711143695014,1.1886670000080812,0.637874999995347,nan,nan,32.75475145780987,0.855383572678008,0.967171416736023,0.9810406527073988,0.9870308594947308,Pillow wall time including file I/O
chat_preview,photo,kodak_02,768,512,512,341,JPEG,"prog444,q=44",17407,0.797608137829912,1.851167000040732,1.1809999999741194,nan,nan,32.75475145780987,0.855383572678008,0.967171416736023,0.9810406527073988,0.9870308594947308,Pillow wall time including file I/O
chat_preview,photo,kodak_02,768,512,512,341,JPEG,"seq420,q=45",13137,0.6019519794721407,0.8267910000085976,0.5576669999527439,nan,nan,31.61607793097472,0.832911804178221,0.9520552360589557,0.9810701088084947,0.9804588979746973,Pillow wall time including file I/O
chat_preview,photo,kodak_02,768,512,512,341,JPEG,"prog420,q=45",13566,0.6216092375366569,1.3645000000224172,0.9752500000104192,nan,nan,31.61607793097472,0.832911804178221,0.9520552360589557,0.9810701088084947,0.9804588979746973,Pillow wall time including file I/O
chat_preview,photo,kodak_02,768,512,512,341,JPEG,"seq444,q=45",16869,0.7729563782991202,1.3730420000115373,0.57541600000377,nan,nan,32.78555861339686,0.8563107731192837,0.9675020366750727,0.9813673831444258,0.9871416991548687,Pillow wall time including file I/O
chat_preview,photo,kodak_02,768,512,512,341,JPEG,"prog444,q=45",17580,0.8055351906158358,1.8775409999989279,1.1965830000235655,nan,nan,32.78555861339686,0.8563107731192837,0.9675020366750727,0.9813673831444258,0.9871416991548687,Pillow wall time including file I/O
chat_preview,photo,kodak_02,768,512,512,341,JPEG,"seq420,q=46",13453,0.6164314516129032,0.82587499997544,0.5525000000261571,nan,nan,31.704123642864374,0.8358946483193113,0.9540217958243251,0.9823237490387515,0.9810133258302852,Pillow wall time including file I/O
chat_preview,photo,kodak_02,768,512,512,341,JPEG,"prog420,q=46",13848,0.6345307917888563,1.3941249999902539,0.9470839999607961,nan,nan,31.704123642864374,0.8358946483193113,0.9540217958243251,0.9823237490387515,0.9810133258302852,Pillow wall time including file I/O
chat_preview,photo,kodak_02,768,512,512,341,JPEG,"seq444,q=46",17321,0.7936675219941349,1.101917000028152,0.6386660000430311,nan,nan,32.89687608075982,0.8596764888352025,0.9695235892319962,0.9828187734760152,0.9876646297316597,Pillow wall time including file I/O
chat_preview,photo,kodak_02,768,512,512,341,JPEG,"prog444,q=46",17971,0.8234512463343109,1.9252909999636358,1.196708000009039,nan,nan,32.89687608075982,0.8596764888352025,0.9695235892319962,0.9828187734760152,0.9876646297316597,Pillow wall time including file I/O
chat_preview,photo,kodak_02,768,512,512,341,JPEG,"seq420,q=47",13593,0.6228464076246334,0.8045000000151958,0.570750000008502,nan,nan,31.73568666605751,0.837116417497579,0.9544874836655772,0.982527721935104,0.9812205302033323,Pillow wall time including file I/O
chat_preview,photo,kodak_02,768,512,512,341,JPEG,"prog420,q=47",13996,0.6413123167155426,1.3881250000054024,1.0251250000123946,nan,nan,31.73568666605751,0.837116417497579,0.9544874836655772,0.982527721935104,0.9812205302033323,Pillow wall time including file I/O
chat_preview,photo,kodak_02,768,512,512,341,JPEG,"seq444,q=47",17500,0.8018695014662757,1.29624999999578,0.6700409999780277,nan,nan,32.93891130038506,0.8607329176438766,0.9698110164976264,0.9829815886900325,0.9878378226988416,Pillow wall time including file I/O
chat_preview,photo,kodak_02,768,512,512,341,JPEG,"prog444,q=47",18158,0.8320197947214076,1.9059169999877668,1.2178329999983362,nan,nan,32.93891130038506,0.8607329176438766,0.9698110164976264,0.9829815886900325,0.9878378226988416,Pillow wall time including file I/O
chat_preview,photo,kodak_02,768,512,512,341,JPEG,"seq420,q=48",13813,0.6329270527859238,0.7986249999589745,0.5600829999821144,nan,nan,31.766260879957887,0.8382544248847973,0.9548969044160008,0.9827929183201197,0.9813844780658205,Pillow wall time including file I/O
chat_preview,photo,kodak_02,768,512,512,341,JPEG,"prog420,q=48",14199,0.6506140029325513,1.4197499999681895,0.9967499999561369,nan,nan,31.766260879957887,0.8382544248847973,0.9548969044160008,0.9827929183201197,0.9813844780658205,Pillow wall time including file I/O
chat_preview,photo,kodak_02,768,512,512,341,JPEG,"seq444,q=48",17743,0.8130040322580645,1.1857910000117045,0.7492080000019996,nan,nan,32.97986370141672,0.8615472449026381,0.9700680889161285,0.9832421861798716,0.9880004049194331,Pillow wall time including file I/O
chat_preview,photo,kodak_02,768,512,512,341,JPEG,"prog444,q=48",18384,0.842375366568915,2.166832999989765,1.2492500000007567,nan,nan,32.97986370141672,0.8615472449026381,0.9700680889161285,0.9832421861798716,0.9880004049194331,Pillow wall time including file I/O
chat_preview,photo,kodak_02,768,512,512,341,JPEG,"seq420,q=49",14203,0.6507972873900293,0.8369579999794041,0.7535830000051646,nan,nan,31.84673540824328,0.8412162214957379,0.9560945423179406,0.9831948568614925,0.9817667960568179,Pillow wall time including file I/O
chat_preview,photo,kodak_02,768,512,512,341,JPEG,"prog420,q=49",14614,0.6696297653958945,1.418166000007659,0.9723329999928865,nan,nan,31.84673540824328,0.8412162214957379,0.9560945423179406,0.9831948568614925,0.9817667960568179,Pillow wall time including file I/O
chat_preview,photo,kodak_02,768,512,512,341,JPEG,"seq444,q=49",18283,0.8377474340175953,1.1492500000258588,0.5264579999675334,nan,nan,33.083663511656496,0.8645332957943158,0.9711029217447953,0.9835781761038916,0.9884466432536493,Pillow wall time including file I/O
chat_preview,photo,kodak_02,768,512,512,341,JPEG,"prog444,q=49",18965,0.8689974340175953,1.9344169999726546,1.2343750000241016,nan,nan,33.083663511656496,0.8645332957943158,0.9711029217447953,0.9835781761038916,0.9884466432536493,Pillow wall time including file I/O
chat_preview,photo,kodak_02,768,512,512,341,JPEG,"seq420,q=50",14263,0.6535465542521994,0.8075829999825146,0.5758330000276146,nan,nan,31.86943838443133,0.8419345791957534,0.9562818810143278,0.9832641893158951,0.9818703698896915,Pillow wall time including file I/O
chat_preview,photo,kodak_02,768,512,512,341,JPEG,"prog420,q=50",14662,0.6718291788856305,1.4151669999478145,0.967958999979146,nan,nan,31.86943838443133,0.8419345791957534,0.9562818810143278,0.9832641893158951,0.9818703698896915,Pillow wall time including file I/O
chat_preview,photo,kodak_02,768,512,512,341,JPEG,"seq444,q=50",18346,0.8406341642228738,1.112707999993745,0.6452499999909378,nan,nan,33.115297184401065,0.8651493748090607,0.9712147672511798,0.9836432324557979,0.9885501226258849,Pillow wall time including file I/O
chat_preview,photo,kodak_02,768,512,512,341,JPEG,"prog444,q=50",19023,0.8716550586510264,1.9113750000201435,1.2334999999552565,nan,nan,33.115297184401065,0.8651493748090607,0.9712147672511798,0.9836432324557979,0.9885501226258849,Pillow wall time including file I/O
chat_preview,photo,kodak_02,768,512,512,341,JPEG,"seq420,q=51",14322,0.65625,0.788292000038382,0.5760000000236687,nan,nan,31.890800859609534,0.8427719894814417,0.9565242746173087,0.9833366804319448,0.9819706375379508,Pillow wall time including file I/O
chat_preview,photo,kodak_02,768,512,512,341,JPEG,"prog420,q=51",14715,0.6742576979472141,1.4427920000343875,0.8150409999529984,nan,nan,31.890800859609534,0.8427719894814417,0.9565242746173087,0.9833366804319448,0.9819706375379508,Pillow wall time including file I/O
chat_preview,photo,kodak_02,768,512,512,341,JPEG,"seq444,q=51",18415,0.8437958211143695,1.1147909999635885,0.654832999998689,nan,nan,33.14681951252255,0.8657819893201312,0.9712935508996324,0.9836996819453879,0.9886365667320822,Pillow wall time including file I/O
chat_preview,photo,kodak_02,768,512,512,341,JPEG,"prog444,q=51",19093,0.8748625366568915,1.9184999999879437,1.2556249999988722,nan,nan,33.14681951252255,0.8657819893201312,0.9712935508996324,0.9836996819453879,0.9886365667320822,Pillow wall time including file I/O
chat_preview,photo,kodak_02,768,512,512,341,JPEG,"seq420,q=52",14775,0.6770069648093842,0.8012910000161355,0.5748749999838765,nan,nan,31.963577652237603,0.8451364383404735,0.9579455607016673,0.984007967053316,0.9823093315873397,Pillow wall time including file I/O
chat_preview,photo,kodak_02,768,512,512,341,JPEG,"prog420,q=52",15177,0.6954270527859238,1.4374579999980597,0.8602080000059686,nan,nan,31.963577652237603,0.8451364383404735,0.9579455607016673,0.984007967053316,0.9823093315873397,Pillow wall time including file I/O
chat_preview,photo,kodak_02,768,512,512,341,JPEG,"seq444,q=52",18982,0.8697763929618768,1.1198749999721258,0.5273339999689597,nan,nan,33.264863638934656,0.8689700585490456,0.9730417718567392,0.9844356613328324,0.98921468454574,Pillow wall time including file I/O
chat_preview,photo,kodak_02,768,512,512,341,JPEG,"prog444,q=52",19643,0.9000641495601173,1.9984159999921758,1.162499999963984,nan,nan,33.264863638934656,0.8689700585490456,0.9730417718567392,0.9844356613328324,0.98921468454574,Pillow wall time including file I/O
chat_preview,photo,kodak_02,768,512,512,341,JPEG,"seq420,q=53",15018,0.688141495601173,0.8387080000034075,0.5617919999849619,nan,nan,31.993140697941982,0.8461066374259479,0.9583112180488608,0.9843609745863398,0.9824552634920575,Pillow wall time including file I/O
chat_preview,photo,kodak_02,768,512,512,341,JPEG,"prog420,q=53",15426,0.7068365102639296,1.4068330000327478,1.0047079999822017,nan,nan,31.993140697941982,0.8461066374259479,0.9583112180488608,0.9843609745863398,0.9824552634920575,Pillow wall time including file I/O
chat_preview,photo,kodak_02,768,512,512,341,JPEG,"seq444,q=53",19257,0.8823771994134897,1.1280000000510881,0.5417090000037206,nan,nan,33.30798868681212,0.8699068470366886,0.973377193912382,0.9847957479465653,0.9893533896902285,Pillow wall time including file I/O
chat_preview,photo,kodak_02,768,512,512,341,JPEG,"prog444,q=53",19904,0.9120234604105572,1.9556670000042686,1.082999999994172,nan,nan,33.30798868681212,0.8699068470366886,0.973377193912382,0.9847957479465653,0.9893533896902285,Pillow wall time including file I/O
chat_preview,photo,kodak_02,768,512,512,341,JPEG,"seq420,q=54",15184,0.6957478005865103,0.7929169999556507,0.5947079999941707,nan,nan,32.03079897596707,0.8479243200466468,0.9588825777448026,0.9845351088715157,0.98267281447142,Pillow wall time including file I/O
chat_preview,photo,kodak_02,768,512,512,341,JPEG,"prog420,q=54",15563,0.7131140029325513,1.4107499999909123,0.9865830000421738,nan,nan,32.03079897596707,0.8479243200466468,0.9588825777448026,0.9845351088715157,0.98267281447142,Pillow wall time including file I/O
chat_preview,photo,kodak_02,768,512,512,341,JPEG,"seq444,q=54",19503,0.8936491935483871,1.1280830000259812,0.5084590000024036,nan,nan,33.36209418973716,0.871429707790429,0.9736940436317963,0.9849570418189051,0.9894399134177838,Pillow wall time including file I/O
chat_preview,photo,kodak_02,768,512,512,341,JPEG,"prog444,q=54",20102,0.9210960410557185,1.977791999991041,1.283749999970496,nan,nan,33.36209418973716,0.871429707790429,0.9736940436317963,0.9849570418189051,0.9894399134177838,Pillow wall time including file I/O
chat_preview,photo,kodak_02,768,512,512,341,JPEG,"seq420,q=55",15442,0.7075696480938416,0.8148329999926318,0.5902919999698497,nan,nan,32.07916187904847,0.849719076202169,0.9599401332662199,0.9848665786916849,0.9829044352842429,Pillow wall time including file I/O
chat_preview,photo,kodak_02,768,512,512,341,JPEG,"prog420,q=55",15809,0.7243859970674487,1.3967080000156784,0.9646249999946122,nan,nan,32.07916187904847,0.849719076202169,0.9599401332662199,0.9848665786916849,0.9829044352842429,Pillow wall time including file I/O
chat_preview,photo,kodak_02,768,512,512,341,JPEG,"seq444,q=55",19885,0.9111528592375366,1.1277090000021417,0.5186249999837855,nan,nan,33.42464930863065,0.8731567945745754,0.9744457035667772,0.9853457278928649,0.9896854200349199,Pillow wall time including file I/O
chat_preview,photo,kodak_02,768,512,512,341,JPEG,"prog444,q=55",20462,0.937591642228739,1.9789999999488828,1.256582999985767,nan,nan,33.42464930863065,0.8731567945745754,0.9744457035667772,0.9853457278928649,0.9896854200349199,Pillow wall time including file I/O
chat_preview,photo,kodak_02,768,512,512,341,JPEG,"seq420,q=56",15778,0.7229655425219942,0.7952090000458156,0.42533299995284324,nan,nan,32.134263850649,0.8515758694302932,0.9606414906812644,0.9851513432871379,0.9831853070542326,Pillow wall time including file I/O
chat_preview,photo,kodak_02,768,512,512,341,JPEG,"prog420,q=56",16118,0.7385447214076246,1.4420420000078593,0.850832999958584,nan,nan,32.134263850649,0.8515758694302932,0.9606414906812644,0.9851513432871379,0.9831853070542326,Pillow wall time including file I/O
chat_preview,photo,kodak_02,768,512,512,341,JPEG,"seq444,q=56",20268,0.9287023460410557,1.1681670000029953,0.6719579999980851,nan,nan,33.48843124571647,0.874826755728278,0.9748523516196345,0.985628891257267,0.9898366539615167,Pillow wall time including file I/O
chat_preview,photo,kodak_02,768,512,512,341,JPEG,"prog444,q=56",20833,0.954591275659824,1.9617500000208565,1.2284580000141432,nan,nan,33.48843124571647,0.874826755728278,0.9748523516196345,0.985628891257267,0.9898366539615167,Pillow wall time including file I/O
chat_preview,photo,kodak_02,768,512,512,341,JPEG,"seq420,q=57",16099,0.7376741202346041,0.8178749999956381,0.5617499999743814,nan,nan,32.17922804326206,0.8532191376667632,0.9613430211673091,0.9854741576389507,0.9833266952437952,Pillow wall time including file I/O
chat_preview,photo,kodak_02,768,512,512,341,JPEG,"prog420,q=57",16431,0.7528867302052786,1.4333330000226852,0.9927500000230793,nan,nan,32.17922804326206,0.8532191376667632,0.9613430211673091,0.9854741576389507,0.9833266952437952,Pillow wall time including file I/O
chat_preview,photo,kodak_02,768,512,512,341,JPEG,"seq444,q=57",20697,0.9483596041055719,1.1350000000334148,0.6717090000165626,nan,nan,33.55994036821998,0.8764574042876491,0.9754063987325227,0.9859800774046347,0.9900341567942017,Pillow wall time including file I/O
chat_preview,photo,kodak_02,768,512,512,341,JPEG,"prog444,q=57",21263,0.9742943548387096,2.0342909999726544,1.2196669999866572,nan,nan,33.55994036821998,0.8764574042876491,0.9754063987325227,0.9859800774046347,0.9900341567942017,Pillow wall time including file I/O
chat_preview,photo,kodak_02,768,512,512,341,JPEG,"seq420,q=58",16492,0.7556818181818182,0.8303330000103415,0.46495800000911913,nan,nan,32.24528498784132,0.8550396575904236,0.9622644772421182,0.9859057644853333,0.9837425320634038,Pillow wall time including file I/O
chat_preview,photo,kodak_02,768,512,512,341,JPEG,"prog420,q=58",16817,0.7705736803519062,1.4258329999847774,0.9980830000131391,nan,nan,32.24528498784132,0.8550396575904236,0.9622644772421182,0.9859057644853333,0.9837425320634038,Pillow wall time including file I/O
chat_preview,photo,kodak_02,768,512,512,341,JPEG,"seq444,q=58",21189,0.9709035923753666,1.1200829999893358,0.5151670000032027,nan,nan,33.636700495068865,0.8786067949604265,0.9765009241011494,0.9864367743996705,0.9902385827564716,Pillow wall time including file I/O
chat_preview,photo,kodak_02,768,512,512,341,JPEG,"prog444,q=58",21719,0.9951887829912024,2.0351669999740807,1.2624579999851449,nan,nan,33.636700495068865,0.8786067949604265,0.9765009241011494,0.9864367743996705,0.9902385827564716,Pillow wall time including file I/O
chat_preview,photo,kodak_02,768,512,512,341,JPEG,"seq420,q=59",16710,0.7656708211143695,0.8208339999669079,0.583500000004733,nan,nan,32.28680939067959,0.8560459277437776,0.9625508770467137,0.9861267353276131,0.9838980068202711,Pillow wall time including file I/O
chat_preview,photo,kodak_02,768,512,512,341,JPEG,"prog420,q=59",17024,0.7800586510263929,1.4340000000174769,1.0198329999866473,nan,nan,32.28680939067959,0.8560459277437776,0.9625508770467137,0.9861267353276131,0.9838980068202711,Pillow wall time including file I/O
chat_preview,photo,kodak_02,768,512,512,341,JPEG,"seq444,q=59",21450,0.9828629032258065,1.1111669999763762,0.6731660000127704,nan,nan,33.68156554530128,0.8796218157391906,0.976742291576257,0.9866449427518917,0.9903513104226049,Pillow wall time including file I/O
chat_preview,photo,kodak_02,768,512,512,341,JPEG,"prog444,q=59",21953,1.0059109237536656,1.9723340000155076,1.1989579999749367,nan,nan,33.68156554530128,0.8796218157391906,0.976742291576257,0.9866449427518917,0.9903513104226049,Pillow wall time including file I/O
chat_preview,photo,kodak_02,768,512,512,341,JPEG,"seq420,q=60",16965,0.7773552052785924,0.7938330000456517,0.556125000002794,nan,nan,32.35793175017334,0.8579345384389915,0.9632340828638138,0.9863348057941512,0.9841375081861535,Pillow wall time including file I/O
chat_preview,photo,kodak_02,768,512,512,341,JPEG,"prog420,q=60",17288,0.7921554252199413,1.4546250000080363,1.281750000032389,nan,nan,32.35793175017334,0.8579345384389915,0.9632340828638138,0.9863348057941512,0.9841375081861535,Pillow wall time including file I/O
chat_preview,photo,kodak_02,768,512,512,341,JPEG,"seq444,q=60",21872,1.002199413489736,1.1412080000354763,0.6642080000460737,nan,nan,33.75941095578091,0.8816128860499601,0.9773374797756533,0.9868337424587297,0.9905633043047972,Pillow wall time including file I/O
chat_preview,photo,kodak_02,768,512,512,341,JPEG,"prog444,q=60",22423,1.0274468475073313,2.03849999996919,1.1328329999855669,nan,nan,33.75941095578091,0.8816128860499601,0.9773374797756533,0.9868337424587297,0.9905633043047972,Pillow wall time including file I/O
chat_preview,photo,kodak_02,768,512,512,341,JPEG,"seq420,q=61",17379,0.7963251466275659,0.828042000023288,0.4456670000081431,nan,nan,32.45018047813261,0.8593686599585765,0.9640428503824534,0.986940035015009,0.9846894386975374,Pillow wall time including file I/O
chat_preview,photo,kodak_02,768,512,512,341,JPEG,"prog420,q=61",17659,0.8091550586510264,1.422083000022667,1.045416000010846,nan,nan,32.45018047813261,0.8593686599585765,0.9640428503824534,0.986940035015009,0.9846894386975374,Pillow wall time including file I/O
chat_preview,photo,kodak_02,768,512,512,341,JPEG,"seq444,q=61",22385,1.0257056451612903,1.1695420000137347,0.6747090000089884,nan,nan,33.82581904283634,0.8829292868983482,0.9776376786919698,0.987414635275602,0.9907605634283257,Pillow wall time including file I/O
chat_preview,photo,kodak_02,768,512,512,341,JPEG,"prog444,q=61",22901,1.049349340175953,2.03849999996919,1.1616250000088257,nan,nan,33.82581904283634,0.8829292868983482,0.9776376786919698,0.987414635275602,0.9907605634283257,Pillow wall time including file I/O
chat_preview,photo,kodak_02,768,512,512,341,JPEG,"seq420,q=62",17644,0.8084677419354839,0.8331249999855572,0.4425409999839758,nan,nan,32.515262136548124,0.8606641408492793,0.9644605254884923,0.9871915873593455,0.9849238230815363,Pillow wall time including file I/O
chat_preview,photo,kodak_02,768,512,512,341,JPEG,"prog420,q=62",17900,0.8201979472140762,1.4406249999865395,0.9927920000336599,nan,nan,32.515262136548124,0.8606641408492793,0.9644605254884923,0.9871915873593455,0.9849238230815363,Pillow wall time including file I/O
chat_preview,photo,kodak_02,768,512,512,341,JPEG,"seq444,q=62",22718,1.0409640762463344,1.1450829999830603,0.5383330000086062,nan,nan,33.88714063358721,0.8844331575706968,0.9779994120228696,0.9876598474466403,0.9909087096961438,Pillow wall time including file I/O
chat_preview,photo,kodak_02,768,512,512,341,JPEG,"prog444,q=62",23208,1.06341642228739,2.0474580000495735,1.279584000030809,nan,nan,33.88714063358721,0.8844331575706968,0.9779994120228696,0.9876598474466403,0.9909087096961438,Pillow wall time including file I/O
chat_preview,photo,kodak_02,768,512,512,341,JPEG,"seq420,q=63",18086,0.8287206744868035,0.7997080000450296,0.5970830000023852,nan,nan,32.60449010294715,0.8621636906653093,0.9650481308610871,0.9874444894383417,0.9853008710307727,Pillow wall time including file I/O
chat_preview,photo,kodak_02,768,512,512,341,JPEG,"prog420,q=63",18330,0.8399010263929618,1.5644160000078955,1.0067910000088887,nan,nan,32.60449010294715,0.8621636906653093,0.9650481308610871,0.9874444894383417,0.9853008710307727,Pillow wall time including file I/O
chat_preview,photo,kodak_02,768,512,512,341,JPEG,"seq444,q=63",23300,1.0676319648093842,1.1457090000135395,0.5722499999478714,nan,nan,33.96922006406517,0.8863166969856767,0.9785968234956354,0.9878736839007719,0.9911327052406425,Pillow wall time including file I/O
chat_preview,photo,kodak_02,768,512,512,341,JPEG,"prog444,q=63",23787,1.0899468475073313,2.0492909999916264,1.346707999971386,nan,nan,33.96922006406517,0.8863166969856767,0.9785968234956354,0.9878736839007719,0.9911327052406425,Pillow wall time including file I/O
chat_preview,photo,kodak_02,768,512,512,341,JPEG,"seq420,q=64",18398,0.843016862170088,3.27583300003198,0.4989170000158083,nan,nan,32.68941251413961,0.8641649545718866,0.9661690355353637,0.9875867178366234,0.9856961744948107,Pillow wall time including file I/O
chat_preview,photo,kodak_02,768,512,512,341,JPEG,"prog420,q=64",18630,0.8536473607038123,1.5266670000073645,1.0537080000290189,nan,nan,32.68941251413961,0.8641649545718866,0.9661690355353637,0.9875867178366234,0.9856961744948107,Pillow wall time including file I/O
chat_preview,photo,kodak_02,768,512,512,341,JPEG,"seq444,q=64",23736,1.0876099706744868,1.162416999989091,0.6927499999846987,nan,nan,34.0605229028101,0.8881991384448814,0.9795429490610497,0.9880403211977894,0.9914609814402172,Pillow wall time including file I/O
chat_preview,photo,kodak_02,768,512,512,341,JPEG,"prog444,q=64",24205,1.109100073313783,2.1165829999745256,1.3146659999847543,nan,nan,34.0605229028101,0.8881991384448814,0.9795429490610497,0.9880403211977894,0.9914609814402172,Pillow wall time including file I/O
chat_preview,photo,kodak_02,768,512,512,341,JPEG,"seq420,q=65",18844,0.8634530791788856,0.8604999999874963,0.5807079999726739,nan,nan,32.77125175484326,0.8660204360369632,0.9668211617895462,0.9881122876713857,0.9860088256749959,Pillow wall time including file I/O
chat_preview,photo,kodak_02,768,512,512,341,JPEG,"prog420,q=65",19066,0.873625366568915,1.5544999999974607,1.0389589999704185,nan,nan,32.77125175484326,0.8660204360369632,0.9668211617895462,0.9881122876713857,0.9860088256749959,Pillow wall time including file I/O
chat_preview,photo,kodak_02,768,512,512,341,JPEG,"seq444,q=65",24195,1.108641862170088,1.146124999991116,0.5319999999642278,nan,nan,34.13716036426387,0.8899085352270081,0.9800242765514952,0.9885543000397856,0.9916459897134337,Pillow wall time including file I/O
chat_preview,photo,kodak_02,768,512,512,341,JPEG,"prog444,q=65",24673,1.1305443548387097,2.0711669999968763,1.1828340000192838,nan,nan,34.13716036426387,0.8899085352270081,0.9800242765514952,0.9885543000397856,0.9916459897134337,Pillow wall time including file I/O
chat_preview,photo,kodak_02,768,512,512,341,JPEG,"seq420,q=66",19208,0.8801319648093842,0.8052089999637246,0.5988329999695452,nan,nan,32.85794345966107,0.8677969341930104,0.967472555422685,0.9883527213244375,0.9862988257019151,Pillow wall time including file I/O
chat_preview,photo,kodak_02,768,512,512,341,JPEG,"prog420,q=66",19398,0.8888379765395894,1.5809160000230804,1.037750000023152,nan,nan,32.85794345966107,0.8677969341930104,0.967472555422685,0.9883527213244375,0.9862988257019151,Pillow wall time including file I/O
chat_preview,photo,kodak_02,768,512,512,341,JPEG,"seq444,q=66",24830,1.1377382697947214,1.1745420000011109,0.5343340000081298,nan,nan,34.2350378218582,0.89182874949024,0.980606608906216,0.9887553243263373,0.9919073819080466,Pillow wall time including file I/O
chat_preview,photo,kodak_02,768,512,512,341,JPEG,"prog444,q=66",25264,1.1576246334310851,2.1974169999907645,1.3432499999908032,nan,nan,34.2350378218582,0.89182874949024,0.980606608906216,0.9887553243263373,0.9919073819080466,Pillow wall time including file I/O
chat_preview,photo,kodak_02,768,512,512,341,JPEG,"seq420,q=67",19556,0.8960777126099707,0.8275840000351309,0.6146249999687825,nan,nan,32.922935937588605,0.8694237670652543,0.9678250197606498,0.9886874815702185,0.986513305818303,Pillow wall time including file I/O
chat_preview,photo,kodak_02,768,512,512,341,JPEG,"prog420,q=67",19736,0.9043255131964809,1.5827919999651385,1.0438329999828966,nan,nan,32.922935937588605,0.8694237670652543,0.9678250197606498,0.9886874815702185,0.986513305818303,Pillow wall time including file I/O
chat_preview,photo,kodak_02,768,512,512,341,JPEG,"seq444,q=67",25291,1.1588618035190617,1.7707499999914944,0.7886669999948026,nan,nan,34.31449741428819,0.8934044762110736,0.9808384990204235,0.9890456357171291,0.9920742497905082,Pillow wall time including file I/O
chat_preview,photo,kodak_02,768,512,512,341,JPEG,"prog444,q=67",25679,1.1766403958944283,2.257250000013755,1.3601669999729893,nan,nan,34.31449741428819,0.8934044762110736,0.9808384990204235,0.9890456357171291,0.9920742497905082,Pillow wall time including file I/O
chat_preview,photo,kodak_02,768,512,512,341,JPEG,"seq420,q=68",20170,0.9242118768328446,0.8916250000083892,0.6250000000136424,nan,nan,33.00198690603739,0.8721678094619012,0.9687572402398866,0.9890846657764731,0.9867420805682245,Pillow wall time including file I/O
chat_preview,photo,kodak_02,768,512,512,341,JPEG,"prog420,q=68",20290,0.9297104105571847,1.6359159999979056,1.0760409999761578,nan,nan,33.00198690603739,0.8721678094619012,0.9687572402398866,0.9890846657764731,0.9867420805682245,Pillow wall time including file I/O
chat_preview,photo,kodak_02,768,512,512,341,JPEG,"seq444,q=68",26001,1.1913947947214076,1.2162080000166497,0.700249999965763,nan,nan,34.41900311765367,0.8954281219335867,0.9814352108379728,0.9894493050247246,0.9923011630716715,Pillow wall time including file I/O
chat_preview,photo,kodak_02,768,512,512,341,JPEG,"prog444,q=68",26330,1.2064699413489737,2.2588339999742857,1.3895829999910347,nan,nan,34.41900311765367,0.8954281219335867,0.9814352108379728,0.9894493050247246,0.9923011630716715,Pillow wall time including file I/O
chat_preview,photo,kodak_02,768,512,512,341,JPEG,"seq420,q=69",20561,0.9421279325513197,0.8790840000187927,0.4901659999632102,nan,nan,33.06933322104272,0.8737323094588744,0.969440363291162,0.9893031785898322,0.9869979577026043,Pillow wall time including file I/O
chat_preview,photo,kodak_02,768,512,512,341,JPEG,"prog420,q=69",20668,0.9470307917888563,1.6260000000443142,0.9393750000299406,nan,nan,33.06933322104272,0.8737323094588744,0.969440363291162,0.9893031785898322,0.9869979577026043,Pillow wall time including file I/O
chat_preview,photo,kodak_02,768,512,512,341,JPEG,"seq444,q=69",26572,1.217558651026393,1.267958000028102,0.703083000018978,nan,nan,34.4940702741693,0.8969753276870692,0.9819451610112395,0.989653776095046,0.9924488704231127,Pillow wall time including file I/O
chat_preview,photo,kodak_02,768,512,512,341,JPEG,"prog444,q=69",26893,1.2322672287390029,2.285791000019799,1.3732919999824844,nan,nan,34.4940702741693,0.8969753276870692,0.9819451610112395,0.989653776095046,0.9924488704231127,Pillow wall time including file I/O
chat_preview,photo,kodak_02,768,512,512,341,JPEG,"seq420,q=70",21211,0.9719116568914956,0.8980000000065047,0.6196250000130021,nan,nan,33.17181398621686,0.8765332284149908,0.9704534143617601,0.9896195477500446,0.987308877335542,Pillow wall time including file I/O
chat_preview,photo,kodak_02,768,512,512,341,JPEG,"prog420,q=70",21322,0.9769978005865103,1.6587089999688942,1.1029579999899397,nan,nan,33.17181398621686,0.8765332284149908,0.9704534143617601,0.9896195477500446,0.987308877335542,Pillow wall time including file I/O
chat_preview,photo,kodak_02,768,512,512,341,JPEG,"seq444,q=70",27423,1.2565524193548387,1.2267089999795644,0.74070800002346,nan,nan,34.622521844548515,0.8997924807780066,0.9830373111952982,0.9899494035830809,0.9927845211279543,Pillow wall time including file I/O
chat_preview,photo,kodak_02,768,512,512,341,JPEG,"prog444,q=70",27716,1.2699780058651027,2.46504200003983,1.4232919999699334,nan,nan,34.622521844548515,0.8997924807780066,0.9830373111952982,0.9899494035830809,0.9927845211279543,Pillow wall time including file I/O
chat_preview,photo,kodak_02,768,512,512,341,JPEG,"seq420,q=71",21722,0.9953262463343109,0.8792499999685788,0.6151670000349441,nan,nan,33.259569537551016,0.8789593044348868,0.9716186579777601,0.9900540736288712,0.9875792481382287,Pillow wall time including file I/O
chat_preview,photo,kodak_02,768,512,512,341,JPEG,"prog420,q=71",21809,0.9993126832844574,1.6590839999821583,1.1307080000051428,nan,nan,33.259569537551016,0.8789593044348868,0.9716186579777601,0.9900540736288712,0.9875792481382287,Pillow wall time including file I/O
chat_preview,photo,kodak_02,768,512,512,341,JPEG,"seq444,q=71",28129,1.2889021260997067,1.2574579999977686,0.7172499999796855,nan,nan,34.73931568089544,0.9018873289125766,0.9837905870124467,0.9903636405002816,0.9930188173253636,Pillow wall time including file I/O
chat_preview,photo,kodak_02,768,512,512,341,JPEG,"prog444,q=71",28451,1.3036565249266863,2.3093329999710477,1.3807089999886557,nan,nan,34.73931568089544,0.9018873289125766,0.9837905870124467,0.9903636405002816,0.9930188173253636,Pillow wall time including file I/O
chat_preview,photo,kodak_02,768,512,512,341,JPEG,"seq420,q=72",22183,1.016449780058651,0.8638749999931861,0.6279590000417556,nan,nan,33.348673693047395,0.8809717996469884,0.9721568537888979,0.9902682926510764,0.9878391759527556,Pillow wall time including file I/O
chat_preview,photo,kodak_02,768,512,512,341,JPEG,"prog420,q=72",22257,1.019840542521994,1.6674579999857997,1.099875000022621,nan,nan,33.348673693047395,0.8809717996469884,0.9721568537888979,0.9902682926510764,0.9878391759527556,Pillow wall time including file I/O
chat_preview,photo,kodak_02,768,512,512,341,JPEG,"seq444,q=72",28683,1.3142870234604105,1.2286669999639344,0.7210420000092199,nan,nan,34.8268775875502,0.9038180743305197,0.9840681926366557,0.9905616140612311,0.9931287232446716,Pillow wall time including file I/O
chat_preview,photo,kodak_02,768,512,512,341,JPEG,"prog444,q=72",29006,1.3290872434017595,2.263792000007925,1.2612920000378836,nan,nan,34.8268775875502,0.9038180743305197,0.9840681926366557,0.9905616140612311,0.9931287232446716,Pillow wall time including file I/O
chat_preview,photo,kodak_02,768,512,512,341,JPEG,"seq420,q=73",22864,1.0476539589442815,0.8664579999617672,0.627084000029754,nan,nan,33.41916561081386,0.8828902209734891,0.9725348488081762,0.990587402705504,0.9878818288653791,Pillow wall time including file I/O
chat_preview,photo,kodak_02,768,512,512,341,JPEG,"prog420,q=73",22857,1.047333211143695,1.641292000044814,0.9556249999604916,nan,nan,33.41916561081386,0.8828902209734891,0.9725348488081762,0.990587402705504,0.9878818288653791,Pillow wall time including file I/O
chat_preview,photo,kodak_02,768,512,512,341,JPEG,"seq444,q=73",29504,1.3519061583577712,1.2622920000353588,0.7198330000051101,nan,nan,34.91870537341132,0.9053921894563698,0.9844373043929374,0.9908795530273958,0.9932696288541354,Pillow wall time including file I/O
chat_preview,photo,kodak_02,768,512,512,341,JPEG,"prog444,q=73",29757,1.3634989002932552,2.368708999995306,1.4027919999648475,nan,nan,34.91870537341132,0.9053921894563698,0.9844373043929374,0.9908795530273958,0.9932696288541354,Pillow wall time including file I/O
chat_preview,photo,kodak_02,768,512,512,341,JPEG,"seq420,q=74",23846,1.0926502932551319,0.9125000000267391,0.622874999976375,nan,nan,33.5251989087202,0.8856572043607537,0.9731487844903204,0.9911066898239433,0.9880108116691951,Pillow wall time including file I/O
chat_preview,photo,kodak_02,768,512,512,341,JPEG,"prog420,q=74",23853,1.0929710410557185,1.7446669999685582,1.1139160000084303,nan,nan,33.5251989087202,0.8856572043607537,0.9731487844903204,0.9911066898239433,0.9880108116691951,Pillow wall time including file I/O
chat_preview,photo,kodak_02,768,512,512,341,JPEG,"seq444,q=74",30726,1.407899560117302,1.3351249999686843,0.7059589999585114,nan,nan,35.06642599233203,0.9083576725610225,0.9852583041594114,0.9914712790354147,0.993493036136447,Pillow wall time including file I/O
chat_preview,photo,kodak_02,768,512,512,341,JPEG,"prog444,q=74",31033,1.421966642228739,2.4019999999609354,1.4580830000454625,nan,nan,35.06642599233203,0.9083576725610225,0.9852583041594114,0.9914712790354147,0.993493036136447,Pillow wall time including file I/O
chat_preview,photo,kodak_02,768,512,512,341,JPEG,"seq420,q=75",24020,1.1006231671554252,0.8736249999969914,0.5100419999735095,nan,nan,33.58299161793147,0.8867790010631422,0.9733799722556364,0.991199549123545,0.9881509812499983,Pillow wall time including file I/O
chat_preview,photo,kodak_02,768,512,512,341,JPEG,"prog420,q=75",23984,1.098973607038123,1.7240840000454227,0.9823329999676389,nan,nan,33.58299161793147,0.8867790010631422,0.9733799722556364,0.991199549123545,0.9881509812499983,Pillow wall time including file I/O
chat_preview,photo,kodak_02,768,512,512,341,JPEG,"seq444,q=75",30924,1.4169721407624634,1.269124999964788,0.7263749999992797,nan,nan,35.13132190823059,0.9092154796487856,0.9853703995884601,0.9915517945961075,0.9935870254887033,Pillow wall time including file I/O
chat_preview,photo,kodak_02,768,512,512,341,JPEG,"prog444,q=75",31212,1.4301686217008798,2.4384999999824686,1.428708000048573,nan,nan,35.13132190823059,0.9092154796487856,0.9853703995884601,0.9915517945961075,0.9935870254887033,Pillow wall time including file I/O
chat_preview,photo,kodak_02,768,512,512,341,JPEG,"seq420,q=76",24730,1.1331561583577712,0.870042000030935,0.6359579999752896,nan,nan,33.71914032788594,0.8895909551158474,0.974467289758907,0.9916085140533442,0.9885566189794714,Pillow wall time including file I/O
chat_preview,photo,kodak_02,768,512,512,341,JPEG,"prog420,q=76",24646,1.1293071847507332,1.783541999998306,1.1296669999865117,nan,nan,33.71914032788594,0.8895909551158474,0.974467289758907,0.9916085140533442,0.9885566189794714,Pillow wall time including file I/O
chat_preview,photo,kodak_02,768,512,512,341,JPEG,"seq444,q=76",31843,1.459081744868035,1.2679999999818392,0.602541000034762,nan,nan,35.27529487569733,0.9116967399690235,0.9862423179259784,0.9919639362423197,0.9939157607054392,Pillow wall time including file I/O
chat_preview,photo,kodak_02,768,512,512,341,JPEG,"prog444,q=76",32048,1.468475073313783,2.4194999999735955,1.3795419999951264,nan,nan,35.27529487569733,0.9116967399690235,0.9862423179259784,0.9919639362423197,0.9939157607054392,Pillow wall time including file I/O
chat_preview,photo,kodak_02,768,512,512,341,JPEG,"seq420,q=77",25865,1.1851631231671553,0.8918749999793363,0.6576669999844853,nan,nan,33.8942860692644,0.8928367468080821,0.9755135070758049,0.9920989842414922,0.9890799392096898,Pillow wall time including file I/O
chat_preview,photo,kodak_02,768,512,512,341,JPEG,"prog420,q=77",25764,1.1805351906158357,1.7767080000226088,1.15162499997723,nan,nan,33.8942860692644,0.8928367468080821,0.9755135070758049,0.9920989842414922,0.9890799392096898,Pillow wall time including file I/O
chat_preview,photo,kodak_02,768,512,512,341,JPEG,"seq444,q=77",33321,1.5268053519061584,1.2929590000112512,0.734082999997554,nan,nan,35.47381790359474,0.9152345533581959,0.98706098623485,0.9924659882633002,0.9941999869871019,Pillow wall time including file I/O
chat_preview,photo,kodak_02,768,512,512,341,JPEG,"prog444,q=77",33518,1.5358321114369502,2.441250000003947,1.4679580000347414,nan,nan,35.47381790359474,0.9152345533581959,0.98706098623485,0.9924659882633002,0.9941999869871019,Pillow wall time including file I/O
chat_preview,photo,kodak_02,768,512,512,341,JPEG,"seq420,q=78",26769,1.2265854105571847,0.941208000028837,0.6308750000130203,nan,nan,34.029286844770226,0.8950119077639521,0.9761609097099316,0.992415152214508,0.9894652727784776,Pillow wall time including file I/O
chat_preview,photo,kodak_02,768,512,512,341,JPEG,"prog420,q=78",26507,1.2145802785923754,1.7962080000302194,1.1524159999680705,nan,nan,34.029286844770226,0.8950119077639521,0.9761609097099316,0.992415152214508,0.9894652727784776,Pillow wall time including file I/O
chat_preview,photo,kodak_02,768,512,512,341,JPEG,"seq444,q=78",34412,1.5767961876832846,1.313665999987279,0.7704590000230382,nan,nan,35.59399348052753,0.9169423279469021,0.9874320855954023,0.9927886860711099,0.9943814121798239,Pillow wall time including file I/O
chat_preview,photo,kodak_02,768,512,512,341,JPEG,"prog444,q=78",34506,1.5811033724340176,2.532250000001568,1.4646249999827887,nan,nan,35.59399348052753,0.9169423279469021,0.9874320855954023,0.9927886860711099,0.9943814121798239,Pillow wall time including file I/O
chat_preview,photo,kodak_02,768,512,512,341,JPEG,"seq420,q=79",27445,1.2575604838709677,0.9425000000078398,0.6519159999811563,nan,nan,34.1953752119807,0.8974751496622008,0.9768997439692143,0.9926538517979179,0.9900756850406188,Pillow wall time including file I/O
chat_preview,photo,kodak_02,768,512,512,341,JPEG,"prog420,q=79",27194,1.246059384164223,1.8560830000069473,1.2070410000433185,nan,nan,34.1953752119807,0.8974751496622008,0.9768997439692143,0.9926538517979179,0.9900756850406188,Pillow wall time including file I/O
chat_preview,photo,kodak_02,768,512,512,341,JPEG,"seq444,q=79",35261,1.6156983137829912,1.3524170000209779,0.765540999964287,nan,nan,35.72910853082327,0.9191405205738284,0.9877996408329585,0.9930267397195309,0.9945966001370586,Pillow wall time including file I/O
chat_preview,photo,kodak_02,768,512,512,341,JPEG,"prog444,q=79",35303,1.6176228005865103,2.557459000001927,1.5280420000181039,nan,nan,35.72910853082327,0.9191405205738284,0.9877996408329585,0.9930267397195309,0.9945966001370586,Pillow wall time including file I/O
chat_preview,photo,kodak_02,768,512,512,341,JPEG,"seq420,q=80",28445,1.3033815982404693,0.9097499999484171,0.5210830000237365,nan,nan,34.380905478318844,0.9005417331562598,0.9779713096265015,0.9930404522813121,0.9906484703963526,Pillow wall time including file I/O
chat_preview,photo,kodak_02,768,512,512,341,JPEG,"prog420,q=80",28122,1.2885813782991202,1.867332999950122,1.208249999990585,nan,nan,34.380905478318844,0.9005417331562598,0.9779713096265015,0.9930404522813121,0.9906484703963526,Pillow wall time including file I/O
chat_preview,photo,kodak_02,768,512,512,341,JPEG,"seq444,q=80",36608,1.6774193548387097,1.4030840000032185,0.7637499999759711,nan,nan,35.9101590063042,0.9218847833259844,0.9885283222344069,0.9933935699878415,0.9948708546696677,Pillow wall time including file I/O
chat_preview,photo,kodak_02,768,512,512,341,JPEG,"prog444,q=80",36671,1.6803060850439884,2.664958000025308,1.555749999965883,nan,nan,35.9101590063042,0.9218847833259844,0.9885283222344069,0.9933935699878415,0.9948708546696677,Pillow wall time including file I/O
chat_preview,photo,kodak_02,768,512,512,341,JPEG,"seq420,q=81",29763,1.3637738269794721,0.9382499999901484,0.6606250000231739,nan,nan,34.58494631543089,0.9042527495495408,0.9789744529407631,0.9934112332163134,0.9911101962430482,Pillow wall time including file I/O
chat_preview,photo,kodak_02,768,512,512,341,JPEG,"prog420,q=81",29391,1.3467283724340176,1.907500000015716,1.0699580000164133,nan,nan,34.58494631543089,0.9042527495495408,0.9789744529407631,0.9934112332163134,0.9911101962430482,Pillow wall time including file I/O
chat_preview,photo,kodak_02,768,512,512,341,JPEG,"seq444,q=81",38197,1.7502291055718475,1.3607500000034634,0.7904579999831185,nan,nan,36.124252335869706,0.9250075730080396,0.9891552374487528,0.9937542822632782,0.9951612862677945,Pillow wall time including file I/O
chat_preview,photo,kodak_02,768,512,512,341,JPEG,"prog444,q=81",38196,1.750183284457478,2.7022500000271066,1.5514590000407225,nan,nan,36.124252335869706,0.9250075730080396,0.9891552374487528,0.9937542822632782,0.9951612862677945,Pillow wall time including file I/O
chat_preview,photo,kodak_02,768,512,512,341,JPEG,"seq420,q=82",30715,1.4073955278592376,0.9512080000035894,0.646458000005623,nan,nan,34.72590300081945,0.9067526050827937,0.9797027139062594,0.9936919595673014,0.9914183325188568,Pillow wall time including file I/O
chat_preview,photo,kodak_02,768,512,512,341,JPEG,"prog420,q=82",30294,1.3881048387096775,1.9544169999790029,1.2227910000319753,nan,nan,34.72590300081945,0.9067526050827937,0.9797027139062594,0.9936919595673014,0.9914183325188568,Pillow wall time including file I/O
chat_preview,photo,kodak_02,768,512,512,341,JPEG,"seq444,q=82",39546,1.812041788856305,1.3962919999812584,0.7773329999736234,nan,nan,36.30089041364534,0.927400623450198,0.9897108202786852,0.9940103784426765,0.9953691832094257,Pillow wall time including file I/O
chat_preview,photo,kodak_02,768,512,512,341,JPEG,"prog444,q=82",39534,1.811491935483871,2.673791999995956,1.5574580000361493,nan,nan,36.30089041364534,0.927400623450198,0.9897108202786852,0.9940103784426765,0.9953691832094257,Pillow wall time including file I/O
chat_preview,photo,kodak_02,768,512,512,341,JPEG,"seq420,q=83",32184,1.474706744868035,1.001583999993727,0.6845000000339496,nan,nan,34.8946211905743,0.9099282334286382,0.980599475070744,0.994113380290286,0.9918206374101988,Pillow wall time including file I/O
chat_preview,photo,kodak_02,768,512,512,341,JPEG,"prog420,q=83",31725,1.453674853372434,2.0711249999862957,1.2749580000104288,nan,nan,34.8946211905743,0.9099282334286382,0.980599475070744,0.994113380290286,0.9918206374101988,Pillow wall time including file I/O
chat_preview,photo,kodak_02,768,512,512,341,JPEG,"seq444,q=83",41292,1.8920454545454546,1.423750000014934,0.6437499999947249,nan,nan,36.502031666201006,0.9300808300752658,0.9903098419247658,0.9944169633760055,0.9956028323897895,Pillow wall time including file I/O
chat_preview,photo,kodak_02,768,512,512,341,JPEG,"prog444,q=83",41235,1.889433651026393,2.817749999962871,1.616333000015402,nan,nan,36.502031666201006,0.9300808300752658,0.9903098419247658,0.9944169633760055,0.9956028323897895,Pillow wall time including file I/O
chat_preview,photo,kodak_02,768,512,512,341,JPEG,"seq420,q=84",33443,1.5323955278592376,1.0067919999983133,0.6809999999859428,nan,nan,35.10024359309844,0.9132837086812214,0.9814413510807439,0.9944269427470229,0.9922137896826969,Pillow wall time including file I/O
chat_preview,photo,kodak_02,768,512,512,341,JPEG,"prog420,q=84",32877,1.5064607771260996,2.0443330000148308,1.2742089999733253,nan,nan,35.10024359309844,0.9132837086812214,0.9814413510807439,0.9944269427470229,0.9922137896826969,Pillow wall time including file I/O
chat_preview,photo,kodak_02,768,512,512,341,JPEG,"seq444,q=84",42869,1.9643053519061584,1.4259999999808315,0.8020420000320883,nan,nan,36.71252068484745,0.9327809631339229,0.9908221534989133,0.9947342393358101,0.9958222363526666,Pillow wall time including file I/O
chat_preview,photo,kodak_02,768,512,512,341,JPEG,"prog444,q=84",42629,1.953308284457478,2.760166999962621,1.654209000037099,nan,nan,36.71252068484745,0.9327809631339229,0.9908221534989133,0.9947342393358101,0.9958222363526666,Pillow wall time including file I/O
chat_preview,photo,kodak_02,768,512,512,341,JPEG,"seq420,q=85",34796,1.594391495601173,1.006084000039209,0.6973330000050737,nan,nan,35.29823580907964,0.9166439319549435,0.9822648266077151,0.9947379008869107,0.9924979411990574,Pillow wall time including file I/O
chat_preview,photo,kodak_02,768,512,512,341,JPEG,"prog420,q=85",34119,1.5633706011730206,2.0275830000286987,1.1396670000181075,nan,nan,35.29823580907964,0.9166439319549435,0.9822648266077151,0.9947379008869107,0.9924979411990574,Pillow wall time including file I/O
chat_preview,photo,kodak_02,768,512,512,341,JPEG,"seq444,q=85",44894,2.057093108504399,1.413875000025655,0.7708750000006148,nan,nan,36.95982058789213,0.9359323831863562,0.9914612822421743,0.995031381098853,0.9961131487254568,Pillow wall time including file I/O
chat_preview,photo,kodak_02,768,512,512,341,JPEG,"prog444,q=85",44570,2.0422470674486806,2.8440419999924416,1.651582999954826,nan,nan,36.95982058789213,0.9359323831863562,0.9914612822421743,0.995031381098853,0.9961131487254568,Pillow wall time including file I/O
chat_preview,photo,kodak_02,768,512,512,341,JPEG,"seq420,q=86",36698,1.681543255131965,1.0072919999970509,0.5368330000123933,nan,nan,35.505849518136834,0.9202340266297799,0.9830988888723305,0.9951758070090484,0.9928865475258193,Pillow wall time including file I/O
chat_preview,photo,kodak_02,768,512,512,341,JPEG,"prog420,q=86",35864,1.6433284457478006,2.1438750000015716,1.1750419999998485,nan,nan,35.505849518136834,0.9202340266297799,0.9830988888723305,0.9951758070090484,0.9928865475258193,Pillow wall time including file I/O
chat_preview,photo,kodak_02,768,512,512,341,JPEG,"seq444,q=86",47006,2.153867302052786,1.4311249999536813,0.6777920000331505,nan,nan,37.227838193417185,0.9390728777260035,0.9919848230859399,0.9954685378509566,0.9963657892101231,Pillow wall time including file I/O
chat_preview,photo,kodak_02,768,512,512,341,JPEG,"prog444,q=86",46556,2.1332478005865103,3.1818329999850903,1.6515830000116694,nan,nan,37.227838193417185,0.9390728777260035,0.9919848230859399,0.9954685378509566,0.9963657892101231,Pillow wall time including file I/O
chat_preview,photo,kodak_02,768,512,512,341,JPEG,"seq420,q=87",38141,1.7476631231671553,1.0359580000454116,0.5433329999959824,nan,nan,35.73728726601788,0.9238979459927296,0.9841920793308926,0.9954753848906307,0.9933600357184577,Pillow wall time including file I/O
chat_preview,photo,kodak_02,768,512,512,341,JPEG,"prog420,q=87",37277,1.708073680351906,2.2405419999813603,1.1999170000080994,nan,nan,35.73728726601788,0.9238979459927296,0.9841920793308926,0.9954753848906307,0.9933600357184577,Pillow wall time including file I/O
chat_preview,photo,kodak_02,768,512,512,341,JPEG,"seq444,q=87",49097,2.2496792521994133,1.4811669999517107,0.6683330000214482,nan,nan,37.49118478702632,0.9420678260090752,0.9925132538106355,0.995719061247984,0.9965965530840827,Pillow wall time including file I/O
chat_preview,photo,kodak_02,768,512,512,341,JPEG,"prog444,q=87",48586,2.226264662756598,3.0842090000078315,1.5696250000019063,nan,nan,37.49118478702632,0.9420678260090752,0.9925132538106355,0.995719061247984,0.9965965530840827,Pillow wall time including file I/O
chat_preview,photo,kodak_02,768,512,512,341,JPEG,"seq420,q=88",40648,1.8625366568914956,1.0735419999718943,0.7812499999886313,nan,nan,36.00676506190291,0.9281952509080096,0.9852489933510123,0.9958016678788452,0.9937960720002607,Pillow wall time including file I/O
chat_preview,photo,kodak_02,768,512,512,341,JPEG,"prog420,q=88",39529,1.8112628299120235,2.277082999967206,1.404832999980954,nan,nan,36.00676506190291,0.9281952509080096,0.9852489933510123,0.9958016678788452,0.9937960720002607,Pillow wall time including file I/O
chat_preview,photo,kodak_02,768,512,512,341,JPEG,"seq444,q=88",52449,2.4032716275659824,1.5322500000252148,0.8474580000097376,nan,nan,37.80967950788633,0.9455760559564457,0.9930866693648756,0.9960359024901139,0.9968438976487649,Pillow wall time including file I/O
chat_preview,photo,kodak_02,768,512,512,341,JPEG,"prog444,q=88",51620,2.3652859237536656,3.2099169999924015,1.7917500000521613,nan,nan,37.80967950788633,0.9455760559564457,0.9930866693648756,0.9960359024901139,0.9968438976487649,Pillow wall time including file I/O
chat_preview,photo,kodak_02,768,512,512,341,JPEG,"seq420,q=89",42561,1.950192448680352,1.118458999997074,0.7047080000006645,nan,nan,36.24595084305301,0.9319046760524253,0.9859193352065824,0.9961407664692302,0.9940174216393749,Pillow wall time including file I/O
chat_preview,photo,kodak_02,768,512,512,341,JPEG,"prog420,q=89",41248,1.8900293255131966,2.4002080000400383,1.3203339999563468,nan,nan,36.24595084305301,0.9319046760524253,0.9859193352065824,0.9961407664692302,0.9940174216393749,Pillow wall time including file I/O
chat_preview,photo,kodak_02,768,512,512,341,JPEG,"seq444,q=89",54851,2.513333944281525,1.555417000020043,0.867707999987033,nan,nan,38.13340878369915,0.9488472252158514,0.9935355656056001,0.9963597831579197,0.997066050767074,Pillow wall time including file I/O
chat_preview,photo,kodak_02,768,512,512,341,JPEG,"prog444,q=89",53804,2.465359237536657,3.2865829999764173,1.6746660000421798,nan,nan,38.13340878369915,0.9488472252158514,0.9935355656056001,0.9963597831579197,0.997066050767074,Pillow wall time including file I/O
chat_preview,photo,kodak_02,768,512,512,341,JPEG,"seq420,q=90",45602,2.0895344574780057,1.125583000032293,0.7185420000155318,nan,nan,36.53734320440964,0.9359763874121286,0.9870339713950039,0.9965400269634573,0.9945428702065631,Pillow wall time including file I/O
chat_preview,photo,kodak_02,768,512,512,341,JPEG,"prog420,q=90",43983,2.015350073313783,2.452542000014546,1.44262499998149,nan,nan,36.53734320440964,0.9359763874121286,0.9870339713950039,0.9965400269634573,0.9945428702065631,Pillow wall time including file I/O
chat_preview,photo,kodak_02,768,512,512,341,JPEG,"seq444,q=90",58791,2.6938691348973607,1.5841659999864532,0.8541249999893807,nan,nan,38.54889882677795,0.9526836412075195,0.9942215676598053,0.9967726908399427,0.9973601908633638,Pillow wall time including file I/O
chat_preview,photo,kodak_02,768,512,512,341,JPEG,"prog444,q=90",57335,2.6271535923753664,3.3094159999791373,1.859041999978217,nan,nan,38.54889882677795,0.9526836412075195,0.9942215676598053,0.9967726908399427,0.9973601908633638,Pillow wall time including file I/O
chat_preview,photo,kodak_02,768,512,512,341,JPEG,"seq420,q=91",48382,2.21691715542522,1.1764999999854808,0.7789169999909973,nan,nan,36.85767480645163,0.9401098873009458,0.9881083357310257,0.9968754940731545,0.995032454918118,Pillow wall time including file I/O
chat_preview,photo,kodak_02,768,512,512,341,JPEG,"prog420,q=91",46678,2.1388379765395893,2.55895899999814,1.5305840000223725,nan,nan,36.85767480645163,0.9401098873009458,0.9881083357310257,0.9968754940731545,0.995032454918118,Pillow wall time including file I/O
chat_preview,photo,kodak_02,768,512,512,341,JPEG,"seq444,q=91",62743,2.8749541788856305,1.6802090000282988,0.8700829999952475,nan,nan,38.97413772997947,0.9564106068867734,0.994789912253058,0.9970918195321963,0.99761211088547,Pillow wall time including file I/O
chat_preview,photo,kodak_02,768,512,512,341,JPEG,"prog444,q=91",61117,2.800449046920821,3.481583999985105,1.9499580000115202,nan,nan,38.97413772997947,0.9564106068867734,0.994789912253058,0.9970918195321963,0.99761211088547,Pillow wall time including file I/O
chat_preview,photo,kodak_02,768,512,512,341,JPEG,"seq420,q=92",51299,2.3505773460410557,1.1815000000297005,0.6355840000082935,nan,nan,37.20066586931637,0.9443868113783802,0.9888919258526636,0.9971538129386335,0.9953400330752531,Pillow wall time including file I/O
chat_preview,photo,kodak_02,768,512,512,341,JPEG,"prog420,q=92",49320,2.259897360703812,2.630500000009306,1.5548750000107248,nan,nan,37.20066586931637,0.9443868113783802,0.9888919258526636,0.9971538129386335,0.9953400330752531,Pillow wall time including file I/O
chat_preview,photo,kodak_02,768,512,512,341,JPEG,"seq444,q=92",66493,3.046783357771261,1.6779999999698703,0.9296250000261352,nan,nan,39.455420142375004,0.9600806400737399,0.9952125704402973,0.9973860437687112,0.9978629518838149,Pillow wall time including file I/O
chat_preview,photo,kodak_02,768,512,512,341,JPEG,"prog444,q=92",64394,2.9506048387096775,3.624333999994178,1.967999999976655,nan,nan,39.455420142375004,0.9600806400737399,0.9952125704402973,0.9973860437687112,0.9978629518838149,Pillow wall time including file I/O
chat_preview,photo,kodak_02,768,512,512,341,JPEG,"seq420,q=93",56026,2.5671737536656893,1.262999999994463,0.7915840000123353,nan,nan,37.611427252612366,0.9496092537822296,0.9900483764362926,0.9975712290611176,0.9957158381090913,Pillow wall time including file I/O
chat_preview,photo,kodak_02,768,512,512,341,JPEG,"prog420,q=93",53821,2.4661381964809386,2.774667000039699,1.6141669999569785,nan,nan,37.611427252612366,0.9496092537822296,0.9900483764362926,0.9975712290611176,0.9957158381090913,Pillow wall time including file I/O
chat_preview,photo,kodak_02,768,512,512,341,JPEG,"seq444,q=93",72392,3.31708211143695,1.7341669999950682,0.9340000000293003,nan,nan,40.0476000924321,0.9644237481912664,0.9958063309807862,0.997796340791472,0.9981368879664129,Pillow wall time including file I/O
chat_preview,photo,kodak_02,768,512,512,341,JPEG,"prog444,q=93",70088,3.2115102639296187,3.7561670000059166,1.9601669999929072,nan,nan,40.0476000924321,0.9644237481912664,0.9958063309807862,0.997796340791472,0.9981368879664129,Pillow wall time including file I/O
chat_preview,photo,kodak_02,768,512,512,341,JPEG,"seq420,q=94",61811,2.832248900293255,1.3292079999587258,0.6561249999776919,nan,nan,38.05298349164286,0.9547067046953619,0.9911199681049161,0.997964367698143,0.9961397620255384,Pillow wall time including file I/O
chat_preview,photo,kodak_02,768,512,512,341,JPEG,"prog420,q=94",58857,2.6968933284457477,2.8759589999935997,1.5254580000032547,nan,nan,38.05298349164286,0.9547067046953619,0.9911199681049161,0.997964367698143,0.9961397620255384,Pillow wall time including file I/O
chat_preview,photo,kodak_02,768,512,512,341,JPEG,"seq444,q=94",80096,3.6700879765395893,1.8601250000074288,0.9966249999706633,nan,nan,40.74716925218983,0.9689170161948667,0.9964124444105824,0.9981560259094361,0.998412560257087,Pillow wall time including file I/O
chat_preview,photo,kodak_02,768,512,512,341,JPEG,"prog444,q=94",76892,3.523277126099707,6.349124999985634,2.016666000031364,nan,nan,40.74716925218983,0.9689170161948667,0.9964124444105824,0.9981560259094361,0.998412560257087,Pillow wall time including file I/O
chat_preview,photo,kodak_02,768,512,512,341,JPEG,"seq420,q=95",68506,3.1390212609970676,1.3521249999826068,0.8775829999763118,nan,nan,38.545640808297506,0.9596152574643207,0.9920227470814164,0.9983042838703264,0.9964918249058131,Pillow wall time including file I/O
chat_preview,photo,kodak_02,768,512,512,341,JPEG,"prog420,q=95",65265,2.9905150293255134,3.1772090000004027,1.7382920000272861,nan,nan,38.545640808297506,0.9596152574643207,0.9920227470814164,0.9983042838703264,0.9964918249058131,Pillow wall time including file I/O
chat_preview,photo,kodak_02,768,512,512,341,JPEG,"seq444,q=95",88687,4.063737170087976,1.9731250000063483,0.8842500000127984,nan,nan,41.55099179513798,0.9734277171344909,0.9969298815347383,0.9984817283367468,0.9986742848740662,Pillow wall time including file I/O
chat_preview,photo,kodak_02,768,512,512,341,JPEG,"prog444,q=95",85068,3.8979105571847508,4.229000000009364,2.170166999974299,nan,nan,41.55099179513798,0.9734277171344909,0.9969298815347383,0.9984817283367468,0.9986742848740662,Pillow wall time including file I/O
chat_preview,photo,kodak_02,768,512,512,341,JPEG,"seq420,q=96",77532,3.552602639296188,1.4762080000423339,0.9566670000253907,nan,nan,39.111366452832925,0.9654913885116158,0.9931801706717781,0.9986824668234872,0.9968627384490344,Pillow wall time including file I/O
chat_preview,photo,kodak_02,768,512,512,341,JPEG,"prog420,q=96",73702,3.377107771260997,3.441209000015988,1.8766670000331942,nan,nan,39.111366452832925,0.9654913885116158,0.9931801706717781,0.9986824668234872,0.9968627384490344,Pillow wall time including file I/O
chat_preview,photo,kodak_02,768,512,512,341,JPEG,"seq444,q=96",102053,4.676182184750733,2.116750000027423,1.1378749999835236,nan,nan,42.67215339154277,0.9787377972884886,0.9975704212432722,0.9988413132238103,0.9989664751521986,Pillow wall time including file I/O
chat_preview,photo,kodak_02,768,512,512,341,JPEG,"prog444,q=96",97635,4.473744501466276,4.428958000005423,2.316749999977219,nan,nan,42.67215339154277,0.9787377972884886,0.9975704212432722,0.9988413132238103,0.9989664751521986,Pillow wall time including file I/O
chat_preview,photo,kodak_02,768,512,512,341,JPEG,"seq420,q=97",88132,4.038306451612903,1.6231249999805186,0.9544999999775428,nan,nan,39.737413083491575,0.9709421189370272,0.9942650148432014,0.9989991957462523,0.9972754257765185,Pillow wall time including file I/O
chat_preview,photo,kodak_02,768,512,512,341,JPEG,"prog420,q=97",83813,3.8404050586510263,3.8061669999933656,2.064040999982808,nan,nan,39.737413083491575,0.9709421189370272,0.9942650148432014,0.9989991957462523,0.9972754257765185,Pillow wall time including file I/O
chat_preview,photo,kodak_02,768,512,512,341,JPEG,"seq444,q=97",116657,5.345353739002933,2.229584000019713,1.1719579999862617,nan,nan,43.953706829021435,0.9835925544972804,0.9981152540435078,0.9991527255941094,0.9992301564883703,Pillow wall time including file I/O
chat_preview,photo,kodak_02,768,512,512,341,JPEG,"prog444,q=97",111492,5.108687683284457,4.960208999989391,2.650166000023546,nan,nan,43.953706829021435,0.9835925544972804,0.9981152540435078,0.9991527255941094,0.9992301564883703,Pillow wall time including file I/O
chat_preview,photo,kodak_02,768,512,512,341,JPEG,"seq420,q=98",101241,4.638975439882698,1.7022079999833295,0.9939999999915017,nan,nan,40.40021148391534,0.9764472310729881,0.9953170709415153,0.9992752585231369,0.9976257690949253,Pillow wall time including file I/O
chat_preview,photo,kodak_02,768,512,512,341,JPEG,"prog420,q=98",96446,4.419263196480938,4.16908400001148,2.285333999964223,nan,nan,40.40021148391534,0.9764472310729881,0.9953170709415153,0.9992752585231369,0.9976257690949253,Pillow wall time including file I/O
chat_preview,photo,kodak_02,768,512,512,341,JPEG,"seq444,q=98",135676,6.216825513196481,2.4735409999721014,1.3184170000499762,nan,nan,45.6537584445211,0.9884220706648583,0.9985690245754867,0.9994073989846368,0.9994585311453641,Pillow wall time including file I/O
chat_preview,photo,kodak_02,768,512,512,341,JPEG,"prog444,q=98",129757,5.9456103372434015,5.671665999955167,2.918915999998717,nan,nan,45.6537584445211,0.9884220706648583,0.9985690245754867,0.9994073989846368,0.9994585311453641,Pillow wall time including file I/O
chat_preview,photo,kodak_02,768,512,512,341,JPEG,"seq420,q=99",124481,5.703858137829912,2.009750000013355,1.1554579999710768,nan,nan,41.01974443225403,0.9814573228261428,0.9963948148978168,0.9994982653508409,0.9979247763407442,Pillow wall time including file I/O
chat_preview,photo,kodak_02,768,512,512,341,JPEG,"prog420,q=99",120086,5.5024743401759535,5.002833999981249,2.594999999985248,nan,nan,41.01974443225403,0.9814573228261428,0.9963948148978168,0.9994982653508409,0.9979247763407442,Pillow wall time including file I/O
chat_preview,photo,kodak_02,768,512,512,341,JPEG,"seq444,q=99",179469,8.223469574780058,2.965458000005583,1.537458000029801,nan,nan,47.92094688224486,0.9927514687529149,0.9990299032656983,0.9996235482723447,0.9996612180279807,Pillow wall time including file I/O
chat_preview,photo,kodak_02,768,512,512,341,JPEG,"prog444,q=99",172395,7.899331011730205,6.793875000028038,3.570249999995667,nan,nan,47.92094688224486,0.9927514687529149,0.9990299032656983,0.9996235482723447,0.9996612180279807,Pillow wall time including file I/O
chat_preview,photo,kodak_02,768,512,512,341,JPEG,"seq420,q=100",140117,6.420317082111437,2.1978749999789216,1.2607919999823025,nan,nan,41.276167964514954,0.9835651175294964,0.9969028234420586,0.9996090705410693,0.9980501995162195,Pillow wall time including file I/O
chat_preview,photo,kodak_02,768,512,512,341,JPEG,"prog420,q=100",136496,6.254398826979473,5.64008300000296,2.898667000010846,nan,nan,41.276167964514954,0.9835651175294964,0.9969028234420586,0.9996090705410693,0.9980501995162195,Pillow wall time including file I/O
chat_preview,photo,kodak_02,768,512,512,341,JPEG,"seq444,q=100",223974,10.262738269794722,3.59941700003219,1.8500829999652524,nan,nan,50.19801733765981,0.9956391080107956,0.9993495121351902,0.9997424599979187,0.9997858106968043,Pillow wall time including file I/O
chat_preview,photo,kodak_02,768,512,512,341,JPEG,"prog444,q=100",214699,9.837747434017595,8.118125000009968,4.164541000022837,nan,nan,50.19801733765981,0.9956391080107956,0.9993495121351902,0.9997424599979187,0.9997858106968043,Pillow wall time including file I/O
chat_preview,photo,kodak_02,768,512,512,341,WebP,"m6,q=1",1950,0.08935117302052786,6.0520000000110485,0.7778749999829415,nan,nan,27.750279707137583,0.6750690164260975,0.8639160057665398,0.9153850630707286,0.9379892585543189,Pillow wall time including file I/O
chat_preview,photo,kodak_02,768,512,512,341,WebP,"m6,q=2",2126,0.09741568914956011,6.329708999999184,0.7415410000248812,nan,nan,28.086414263670836,0.6882582091957916,0.87347841204173,0.9211299208791776,0.9443295529509071,Pillow wall time including file I/O
chat_preview,photo,kodak_02,768,512,512,341,WebP,"m6,q=3",2374,0.10877932551319648,6.58416699997133,0.7653330000039205,nan,nan,28.43641871374831,0.7012766899113373,0.8826414884680327,0.9278738009229132,0.9496174259975763,Pillow wall time including file I/O
chat_preview,photo,kodak_02,768,512,512,341,WebP,"m6,q=4",2490,0.11409457478005865,6.674416000009842,0.803375000032247,nan,nan,28.665777807202105,0.7074645442385182,0.8867070258947288,0.9312303213012463,0.9530485559052783,Pillow wall time including file I/O
chat_preview,photo,kodak_02,768,512,512,341,WebP,"m6,q=5",2620,0.12005131964809385,6.653000000028442,0.7814580000058413,nan,nan,28.846158227712312,0.7138892422819291,0.8914773723591537,0.9348523216310105,0.9554560614504871,Pillow wall time including file I/O
chat_preview,photo,kodak_02,768,512,512,341,WebP,"m6,q=6",2700,0.12371700879765396,6.816291000006913,0.627332999954433,nan,nan,28.927384801610565,0.719737665316083,0.894768771223227,0.9366325244325278,0.9562673960095793,Pillow wall time including file I/O
chat_preview,photo,kodak_02,768,512,512,341,WebP,"m6,q=7",2880,0.13196480938416422,6.929375000026994,0.7533340000236421,nan,nan,29.050970384482838,0.7255204553751037,0.8978527396724724,0.9397104151240248,0.9578306059398377,Pillow wall time including file I/O
chat_preview,photo,kodak_02,768,512,512,341,WebP,"m6,q=8",3094,0.14177052785923755,7.09629200002837,0.7657919999815022,nan,nan,29.13079938599858,0.7326791761603051,0.9017880689907684,0.9418947441698915,0.9584283600584388,Pillow wall time including file I/O
chat_preview,photo,kodak_02,768,512,512,341,WebP,"m6,q=9",3176,0.14552785923753667,7.2247499999775755,0.7542910000211123,nan,nan,29.233928581353766,0.7367103468628105,0.9036266939303995,0.942954253378787,0.9592192424440659,Pillow wall time including file I/O
chat_preview,photo,kodak_02,768,512,512,341,WebP,"m6,q=10",3274,0.1500183284457478,7.278124999970714,0.6364580000308706,nan,nan,29.33087157418222,0.7383845596912098,0.9049877118710065,0.9446569878964738,0.9606158023915098,Pillow wall time including file I/O
chat_preview,photo,kodak_02,768,512,512,341,WebP,"m6,q=11",3420,0.15670821114369501,7.396832999972958,0.8220409999921685,nan,nan,29.502308800193408,0.7448657710653003,0.9093808899992174,0.9477226987832814,0.962434597868223,Pillow wall time including file I/O
chat_preview,photo,kodak_02,768,512,512,341,WebP,"m6,q=12",3496,0.16019061583577712,7.528707999995277,0.7763329999761481,nan,nan,29.60728034820179,0.7489452896644159,0.9116189280748043,0.9487003139701076,0.9636591069584002,Pillow wall time including file I/O
chat_preview,photo,kodak_02,768,512,512,341,WebP,"m6,q=13",3704,0.16972140762463342,7.636583999953928,0.6512080000220521,nan,nan,29.815039985353575,0.7538655123228457,0.914147176509433,0.9509338302596526,0.9658280962148366,Pillow wall time including file I/O
chat_preview,photo,kodak_02,768,512,512,341,WebP,"m6,q=14",3770,0.17274560117302054,7.697000000007392,0.7835419999651094,nan,nan,29.840649491476103,0.7562200462527816,0.9150983123538223,0.9512291723121306,0.9660413059503494,Pillow wall time including file I/O
chat_preview,photo,kodak_02,768,512,512,341,WebP,"m6,q=15",3926,0.17989369501466276,7.885791000035169,0.6912919999990663,nan,nan,29.893953643807208,0.7583378270896137,0.9160611352278272,0.9511387715778992,0.9663091672281455,Pillow wall time including file I/O
chat_preview,photo,kodak_02,768,512,512,341,WebP,"m6,q=16",4104,0.18804985337243402,8.064249999961248,0.8402500000102009,nan,nan,30.024739137930556,0.7632425553615269,0.918412822449727,0.9532790923362593,0.9674788353710073,Pillow wall time including file I/O
chat_preview,photo,kodak_02,768,512,512,341,WebP,"m6,q=17",4198,0.19235703812316715,8.229916000004778,0.8479580000084752,nan,nan,30.131603121644584,0.7675757868659545,0.920892775207968,0.9547057164831901,0.968318193760709,Pillow wall time including file I/O
chat_preview,photo,kodak_02,768,512,512,341,WebP,"m6,q=18",4408,0.20197947214076245,9.19616600003792,0.855124999986856,nan,nan,30.248962629664312,0.7722285283260321,0.9232754458209556,0.9567493916509026,0.9694987423907507,Pillow wall time including file I/O
chat_preview,photo,kodak_02,768,512,512,341,WebP,"m6,q=19",4572,0.2094941348973607,8.509833000005074,0.7620000000088112,nan,nan,30.307504223017297,0.775645005542318,0.9246835518027025,0.9578698475971633,0.9698606855820872,Pillow wall time including file I/O
chat_preview,photo,kodak_02,768,512,512,341,WebP,"m6,q=20",4698,0.2152675953079179,9.142999999994572,0.8029999999621396,nan,nan,30.38300066655399,0.7780713166642869,0.9258994518237705,0.9591449327639934,0.9705995826728885,Pillow wall time including file I/O
chat_preview,photo,kodak_02,768,512,512,341,WebP,"m6,q=21",4814,0.22058284457478006,8.801250000033178,0.7996250000132932,nan,nan,30.435791549807895,0.7804289302708476,0.9265463177281811,0.9594638538977025,0.9707543286386459,Pillow wall time including file I/O
chat_preview,photo,kodak_02,768,512,512,341,WebP,"m6,q=22",4976,0.2280058651026393,8.826042000009693,0.8690829999977723,nan,nan,30.656497363357957,0.78629713283198,0.9290031246642769,0.9625919040221406,0.9726425938798607,Pillow wall time including file I/O
chat_preview,photo,kodak_02,768,512,512,341,WebP,"m6,q=23",5128,0.23497067448680353,9.267499999964457,0.9259169999609185,nan,nan,30.770727645118402,0.7890097318586848,0.9310365536738908,0.963656632314718,0.9735137156263635,Pillow wall time including file I/O
chat_preview,photo,kodak_02,768,512,512,341,WebP,"m6,q=24",5272,0.24156891495601174,9.179500000016105,0.882332999992741,nan,nan,30.83510563472949,0.7920948388904399,0.9319476420969904,0.9639415221729515,0.9738536929685206,Pillow wall time including file I/O
chat_preview,photo,kodak_02,768,512,512,341,WebP,"m6,q=25",5482,0.25119134897360706,9.283957999969061,0.7707920000257218,nan,nan,30.877507028809426,0.794736107083723,0.9330661650517399,0.965189275235987,0.974082605150981,Pillow wall time including file I/O
chat_preview,photo,kodak_02,768,512,512,341,WebP,"m6,q=26",5550,0.25430718475073316,9.40712499999563,0.7493749999980537,nan,nan,30.983299786049642,0.7967621704179745,0.934253000565756,0.9653001744952731,0.9749330191031927,Pillow wall time including file I/O
chat_preview,photo,kodak_02,768,512,512,341,WebP,"m6,q=27",5648,0.2587976539589443,9.32920899998635,0.7676660000015545,nan,nan,31.05767853788008,0.7986378017584993,0.9361022397922723,0.9667719952957153,0.9756568915124452,Pillow wall time including file I/O
chat_preview,photo,kodak_02,768,512,512,341,WebP,"m6,q=28",5850,0.2680535190615836,9.380125000006956,0.7458330000531532,nan,nan,31.153582268898205,0.8021842369658305,0.9367465511484344,0.9672090617083466,0.9761984205463828,Pillow wall time including file I/O
chat_preview,photo,kodak_02,768,512,512,341,WebP,"m6,q=29",6088,0.2789589442815249,10.125582999990002,0.9602079999808666,nan,nan,31.14347063494958,0.8044371279701,0.9379893304476564,0.967168759757196,0.9760429933782144,Pillow wall time including file I/O
chat_preview,photo,kodak_02,768,512,512,341,WebP,"m6,q=30",6322,0.28968108504398826,9.749415999976918,0.9316669999748228,nan,nan,31.40203966516023,0.8102211041839938,0.9402040720080067,0.9691024949450131,0.9775103531683204,Pillow wall time including file I/O
chat_preview,photo,kodak_02,768,512,512,341,WebP,"m6,q=31",6428,0.29453812316715544,10.248958000033781,0.9567920000108643,nan,nan,31.553839407946114,0.8139111637544533,0.9418955811394086,0.9702987381938005,0.9787821745440272,Pillow wall time including file I/O
chat_preview,photo,kodak_02,768,512,512,341,WebP,"m6,q=32",6586,0.30177785923753664,9.982792000016616,0.9605829999941307,nan,nan,31.632591279142428,0.8148884586148037,0.9422779056742915,0.9705161995122474,0.9792503418626551,Pillow wall time including file I/O
chat_preview,photo,kodak_02,768,512,512,341,WebP,"m6,q=33",6756,0.3095674486803519,10.038999999949283,0.9186659999613767,nan,nan,31.668544595736048,0.8166906778283781,0.9423585844035633,0.9705540796882639,0.9792636864687387,Pillow wall time including file I/O
chat_preview,photo,kodak_02,768,512,512,341,WebP,"m6,q=34",6938,0.3179068914956012,10.130749999973432,0.9126659999765252,nan,nan,31.819042103589254,0.8218441206081447,0.9445770530208192,0.9725072547568883,0.980175136436003,Pillow wall time including file I/O
chat_preview,photo,kodak_02,768,512,512,341,WebP,"m6,q=35",7000,0.32074780058651026,10.198666000007961,0.8189579999680063,nan,nan,31.764223724321212,0.8194073426988742,0.9431972389610749,0.9712987116208714,0.9798850102916835,Pillow wall time including file I/O
chat_preview,photo,kodak_02,768,512,512,341,WebP,"m6,q=36",7188,0.3293621700879765,10.374749999982669,0.803583000049457,nan,nan,31.892312514871143,0.8225981564991699,0.9447680446597371,0.972399764420701,0.98049351287748,Pillow wall time including file I/O
chat_preview,photo,kodak_02,768,512,512,341,WebP,"m6,q=37",7326,0.33568548387096775,10.329709000018283,0.8486249999464235,nan,nan,31.9555024893644,0.8249545896828617,0.9457750325104491,0.9729940270707221,0.9808509463512315,Pillow wall time including file I/O
chat_preview,photo,kodak_02,768,512,512,341,WebP,"m6,q=38",7428,0.34035923753665687,10.451249999960055,0.9354999999686697,nan,nan,31.964953073088843,0.824746229888417,0.9455953149027785,0.972910251486201,0.9808455223756236,Pillow wall time including file I/O
chat_preview,photo,kodak_02,768,512,512,341,WebP,"m6,q=39",7652,0.35062316715542524,10.780541000031008,0.9758340000303178,nan,nan,31.943912268327956,0.8257195359732706,0.9467472107628501,0.9725685949574994,0.9808260363197877,Pillow wall time including file I/O
chat_preview,photo,kodak_02,768,512,512,341,WebP,"m6,q=40",7706,0.3530975073313783,10.751541999979963,0.9827499999914835,nan,nan,32.08425587611869,0.8283372116785745,0.9475365935357023,0.9737727537437733,0.9816497664687833,Pillow wall time including file I/O
chat_preview,photo,kodak_02,768,512,512,341,WebP,"m6,q=41",7922,0.3629948680351906,10.968624999975418,0.9563330000332826,nan,nan,32.17795192778217,0.8311163628323763,0.9486965516464978,0.9743865400512128,0.9821219769282162,Pillow wall time including file I/O
chat_preview,photo,kodak_02,768,512,512,341,WebP,"m6,q=42",8110,0.37160923753665687,11.11608299999034,0.9557500000028085,nan,nan,32.30520267575827,0.833653459559664,0.9496435341943834,0.9749789756782504,0.9826349474432086,Pillow wall time including file I/O
chat_preview,photo,kodak_02,768,512,512,341,WebP,"m6,q=43",8312,0.3808651026392962,11.202207999986058,0.9945409999545518,nan,nan,32.13417922411715,0.8319581566170485,0.948351293502231,0.9731343881570335,0.9815081116780169,Pillow wall time including file I/O
chat_preview,photo,kodak_02,768,512,512,341,WebP,"m6,q=44",8492,0.38911290322580644,11.153082999953767,1.026875000036398,nan,nan,32.26751711054911,0.8352470497351893,0.9503319252463228,0.9749048042713313,0.9823694548805388,Pillow wall time including file I/O
chat_preview,photo,kodak_02,768,512,512,341,WebP,"m6,q=45",8616,0.3947947214076246,11.341874999970969,0.9783749999883185,nan,nan,32.50230453356709,0.8409896081549567,0.9523522112275874,0.9772308820288745,0.9833234764689991,Pillow wall time including file I/O
chat_preview,photo,kodak_02,768,512,512,341,WebP,"m6,q=46",8810,0.4036840175953079,11.42216699997789,1.0009169999989354,nan,nan,32.52711155270723,0.8405277518798352,0.95207358514693,0.9767187475022355,0.9834405789409562,Pillow wall time including file I/O
chat_preview,photo,kodak_02,768,512,512,341,WebP,"m6,q=47",8898,0.40771627565982405,11.598291999973753,1.0102919999894766,nan,nan,32.617838220020914,0.8445852415121196,0.9542503680665181,0.977929989009586,0.9839346442019099,Pillow wall time including file I/O
chat_preview,photo,kodak_02,768,512,512,341,WebP,"m6,q=48",9150,0.4192631964809384,11.843166999994992,1.0110839999697419,nan,nan,32.66187075713993,0.845895910955874,0.9544867628575155,0.9779929304745176,0.983997841655406,Pillow wall time including file I/O
chat_preview,photo,kodak_02,768,512,512,341,WebP,"m6,q=49",9438,0.4324596774193548,11.820084000021325,1.0047919999465194,nan,nan,32.7304219838104,0.8491675430711592,0.9554124350185339,0.9788771738209321,0.9841230083949108,Pillow wall time including file I/O
chat_preview,photo,kodak_02,768,512,512,341,WebP,"m6,q=50",9424,0.4318181818181818,11.860500000011598,1.0634580000328242,nan,nan,32.71247577366828,0.8464850244032361,0.9545515138159857,0.9777579122167279,0.984137562226096,Pillow wall time including file I/O
chat_preview,photo,kodak_02,768,512,512,341,WebP,"m6,q=51",9724,0.44556451612903225,12.16629200001762,1.0901250000188156,nan,nan,32.80340926477835,0.8496961215931108,0.9558621780943349,0.9784178471820302,0.9844773416798556,Pillow wall time including file I/O
chat_preview,photo,kodak_02,768,512,512,341,WebP,"m6,q=52",9714,0.44510630498533726,12.279750000004697,1.0820410000178526,nan,nan,32.80414660062022,0.849109655183788,0.9553795798738376,0.9783823612471437,0.9844412125948304,Pillow wall time including file I/O
chat_preview,photo,kodak_02,768,512,512,341,WebP,"m6,q=53",10036,0.4598607038123167,12.285333000022547,0.9523329999865382,nan,nan,32.89047193439008,0.8526734086470872,0.9568321260385192,0.9788555317544153,0.9847747010271735,Pillow wall time including file I/O
chat_preview,photo,kodak_02,768,512,512,341,WebP,"m6,q=54",10090,0.4623350439882698,12.366290999977991,1.06462499996951,nan,nan,32.89874485672486,0.8531439335057134,0.9571212106670877,0.9790809473236536,0.9846575429401904,Pillow wall time including file I/O
chat_preview,photo,kodak_02,768,512,512,341,WebP,"m6,q=55",10220,0.46829178885630496,12.448709000011604,1.1233750000201326,nan,nan,32.9443133905584,0.8539096345073363,0.9570632486828435,0.9792877095513766,0.9848509901666951,Pillow wall time including file I/O
chat_preview,photo,kodak_02,768,512,512,341,WebP,"m6,q=56",10368,0.4750733137829912,12.637000000040643,1.0729999999625761,nan,nan,32.99444378663277,0.8554354743576086,0.9577811371700679,0.9796688012946437,0.985209159263262,Pillow wall time including file I/O
chat_preview,photo,kodak_02,768,512,512,341,WebP,"m6,q=57",10628,0.4869868035190616,12.848917000042093,1.0467500000004293,nan,nan,33.04800053053624,0.8574676297277336,0.9587272087956663,0.9801714486935612,0.9854162461746846,Pillow wall time including file I/O
chat_preview,photo,kodak_02,768,512,512,341,WebP,"m6,q=58",10724,0.49138563049853373,12.896083999976327,1.068832999976621,nan,nan,33.07541265964243,0.8582075546029886,0.9592227680726421,0.9802513276947021,0.9854228803018,Pillow wall time including file I/O
chat_preview,photo,kodak_02,768,512,512,341,WebP,"m6,q=59",10910,0.49990835777126097,12.992750000023534,1.0776249999935317,nan,nan,33.17841378346694,0.8601593032112081,0.9599360726820011,0.9806618180649707,0.9858121220540793,Pillow wall time including file I/O
chat_preview,photo,kodak_02,768,512,512,341,WebP,"m6,q=60",11150,0.5109054252199413,13.09645899999623,1.0859590000222852,nan,nan,33.199151941748916,0.8616585966353609,0.9605127603470135,0.98126345379095,0.9858424688376385,Pillow wall time including file I/O
chat_preview,photo,kodak_02,768,512,512,341,WebP,"m6,q=61",11340,0.5196114369501467,13.356208000004699,0.9664170000291961,nan,nan,33.23977144973015,0.861662822121139,0.9602037190616982,0.9809312803221386,0.9861448168318001,Pillow wall time including file I/O
chat_preview,photo,kodak_02,768,512,512,341,WebP,"m6,q=62",11626,0.532716275659824,13.433292000001984,1.0828750000086984,nan,nan,33.336002323924355,0.8648504119983919,0.9614077302557097,0.9818561959716893,0.9865385124707832,Pillow wall time including file I/O
chat_preview,photo,kodak_02,768,512,512,341,WebP,"m6,q=63",11732,0.5375733137829912,13.378834000036477,0.9816660000296906,nan,nan,33.39023914923898,0.8657749737591566,0.9618936873693821,0.9821050232901175,0.98671288628763,Pillow wall time including file I/O
chat_preview,photo,kodak_02,768,512,512,341,WebP,"m6,q=64",12114,0.5550769794721407,13.39104200002339,1.153749999957654,nan,nan,33.1352401143746,0.8652295277340415,0.9610152207501338,0.9806011649422285,0.9854158309199826,Pillow wall time including file I/O
chat_preview,photo,kodak_02,768,512,512,341,WebP,"m6,q=65",12294,0.563324780058651,13.667790999988938,1.0209999999801767,nan,nan,33.48832191876496,0.868133710626199,0.9628634800321177,0.9819698870045074,0.9871032571441255,Pillow wall time including file I/O
chat_preview,photo,kodak_02,768,512,512,341,WebP,"m6,q=66",12620,0.5782624633431085,13.9917090000381,1.1397499999930005,nan,nan,33.64313602008201,0.8733941013119612,0.9647396803815017,0.9836207882958556,0.9876586304141094,Pillow wall time including file I/O
chat_preview,photo,kodak_02,768,512,512,341,WebP,"m6,q=67",12814,0.5871517595307918,14.024208000023464,1.1594169999966653,nan,nan,33.763206973700825,0.8756244565015564,0.9653428374661025,0.984123751776412,0.9880973053048496,Pillow wall time including file I/O
chat_preview,photo,kodak_02,768,512,512,341,WebP,"m6,q=68",12814,0.5871517595307918,14.033832999984952,1.1340419999896767,nan,nan,33.763206973700825,0.8756244565015564,0.9653428374661025,0.984123751776412,0.9880973053048496,Pillow wall time including file I/O
chat_preview,photo,kodak_02,768,512,512,341,WebP,"m6,q=69",13214,0.6054802052785924,14.239667000026657,1.154541000005338,nan,nan,33.90378036713612,0.8790006983368709,0.9665829071685413,0.9848325909239733,0.9885510497574286,Pillow wall time including file I/O
chat_preview,photo,kodak_02,768,512,512,341,WebP,"m6,q=70",13214,0.6054802052785924,14.300332999994225,1.1778329999856396,nan,nan,33.90378036713612,0.8790006983368709,0.9665829071685413,0.9848325909239733,0.9885510497574286,Pillow wall time including file I/O
chat_preview,photo,kodak_02,768,512,512,341,WebP,"m6,q=71",13640,0.625,14.53929199999493,1.0382500000218897,nan,nan,34.043454355656536,0.8825046185563856,0.9673794797324867,0.9856239961509532,0.9888729126738446,Pillow wall time including file I/O
chat_preview,photo,kodak_02,768,512,512,341,WebP,"m6,q=72",13744,0.6297653958944281,20.437915999991674,1.6448330000002898,nan,nan,34.078471464696285,0.8832706850724588,0.9676901361895197,0.9858151613839098,0.9889147407570799,Pillow wall time including file I/O
chat_preview,photo,kodak_02,768,512,512,341,WebP,"m6,q=73",13998,0.6414039589442815,15.036167000005207,1.1912079999660818,nan,nan,34.12555110736351,0.8844258218605624,0.9679933680327063,0.9861382458182036,0.9889959741395744,Pillow wall time including file I/O
chat_preview,photo,kodak_02,768,512,512,341,WebP,"m6,q=74",14334,0.6567998533724341,14.8824999999988,1.2222500000120817,nan,nan,34.205661702527074,0.886250114781529,0.9687386237206675,0.9862851688122183,0.9892481182505163,Pillow wall time including file I/O
chat_preview,photo,kodak_02,768,512,512,341,WebP,"m6,q=75",14470,0.6630315249266863,15.022417000011501,1.2217499999565007,nan,nan,34.25847437357306,0.8873506263936449,0.9690881631007712,0.9865841674750676,0.9894233250697937,Pillow wall time including file I/O
chat_preview,photo,kodak_02,768,512,512,341,WebP,"m6,q=76",15184,0.6957478005865103,15.689457999997103,1.24008400001685,nan,nan,34.49341031948735,0.892141490966509,0.9706818771923519,0.9875178184205751,0.9901599758955988,Pillow wall time including file I/O
chat_preview,photo,kodak_02,768,512,512,341,WebP,"m6,q=77",16100,0.7377199413489736,16.90912499998376,1.2411249999786378,nan,nan,34.699976046527084,0.896897384837967,0.9721414112681094,0.988380225531449,0.9906079094873419,Pillow wall time including file I/O
chat_preview,photo,kodak_02,768,512,512,341,WebP,"m6,q=78",17070,0.7821664222873901,16.516542000033496,1.3184160000037082,nan,nan,34.87966617278289,0.9014868246637434,0.9737619597290131,0.9891317197459925,0.9909864140186044,Pillow wall time including file I/O
chat_preview,photo,kodak_02,768,512,512,341,WebP,"m6,q=79",17898,0.8201063049853372,17.422833000011906,1.3729589999798009,nan,nan,35.05661110841737,0.9065333964889487,0.9751401524732848,0.9901197147665383,0.9913287567222967,Pillow wall time including file I/O
chat_preview,photo,kodak_02,768,512,512,341,WebP,"m6,q=80",19200,0.8797653958944281,17.623125000000073,1.4069580000182214,nan,nan,35.34850450502701,0.9117960756417859,0.9769190289770902,0.9908399438362535,0.9919235831793622,Pillow wall time including file I/O
chat_preview,photo,kodak_02,768,512,512,341,WebP,"m6,q=81",20406,0.935025659824047,18.09974999997621,1.4461250000294967,nan,nan,35.52927030377962,0.914830513545636,0.9777402119443256,0.9912109358500676,0.9921799038254926,Pillow wall time including file I/O
chat_preview,photo,kodak_02,768,512,512,341,WebP,"m6,q=82",21406,0.9808467741935484,18.7098750000132,1.46133399999826,nan,nan,35.702846842516266,0.9193869613498031,0.9788774224971194,0.9920308064756217,0.9924306778787071,Pillow wall time including file I/O
chat_preview,photo,kodak_02,768,512,512,341,WebP,"m6,q=83",22666,1.0385813782991202,19.470375000025797,1.4941659999863077,nan,nan,35.99648297337137,0.9245266485622793,0.9805959170565792,0.9927116536699138,0.9930652383237042,Pillow wall time including file I/O
chat_preview,photo,kodak_02,768,512,512,341,WebP,"m6,q=84",24208,1.1092375366568914,20.3181669999708,1.602458000036222,nan,nan,36.22708383403152,0.927721222308993,0.9815333410045323,0.9932638334480773,0.9933705461519553,Pillow wall time including file I/O
chat_preview,photo,kodak_02,768,512,512,341,WebP,"m6,q=85",26248,1.2027126099706744,20.964334000041163,1.6635829999813723,nan,nan,36.54761482512837,0.9332352100086648,0.983106899484901,0.9939383580169294,0.9939306683069414,Pillow wall time including file I/O
chat_preview,photo,kodak_02,768,512,512,341,WebP,"m6,q=86",26832,1.2294721407624634,20.996000000025106,1.6651249999881657,nan,nan,36.66423051040703,0.9342532205507611,0.9833877026084705,0.9940616876048428,0.9940611007651377,Pillow wall time including file I/O
chat_preview,photo,kodak_02,768,512,512,341,WebP,"m6,q=87",28490,1.3054435483870968,21.63133299995934,1.7141659999992953,nan,nan,36.899409978793386,0.9378379193209242,0.9842635828532388,0.9946239685043127,0.9942669365014292,Pillow wall time including file I/O
chat_preview,photo,kodak_02,768,512,512,341,WebP,"m6,q=88",30784,1.4105571847507332,25.63358300000118,1.7585830000257374,nan,nan,37.25324363268493,0.9434603418296931,0.9860386586198361,0.9953060543423176,0.9947669909687923,Pillow wall time including file I/O
chat_preview,photo,kodak_02,768,512,512,341,WebP,"m6,q=89",32730,1.499725073313783,23.817999999948825,1.8973749999986467,nan,nan,37.50713063868056,0.9466705554676983,0.9869668951616778,0.9957174453304141,0.9951041413904708,Pillow wall time including file I/O
chat_preview,photo,kodak_02,768,512,512,341,WebP,"m6,q=90",35812,1.6409457478005864,25.584792000017842,1.9777080000267233,nan,nan,37.7959909000383,0.9509005252656503,0.9878762502663955,0.9963296531743184,0.9953765208029758,Pillow wall time including file I/O
chat_preview,photo,kodak_02,768,512,512,341,WebP,"m6,q=91",39742,1.8210227272727273,25.89729100003524,2.0992080000041824,nan,nan,38.256972049765636,0.9562123319565593,0.9895978204077761,0.9968057016521525,0.9958963505056484,Pillow wall time including file I/O
chat_preview,photo,kodak_02,768,512,512,341,WebP,"m6,q=92",41686,1.9100989736070382,26.37233300004027,1.979957999992621,nan,nan,38.463830426024494,0.9578964675249422,0.9901050308335425,0.9969745168348794,0.9960841911980046,Pillow wall time including file I/O
chat_preview,photo,kodak_02,768,512,512,341,WebP,"m6,q=93",46382,2.125274926686217,29.068915999971523,2.3397079999654125,nan,nan,38.836658248501685,0.9620898313094935,0.9911391743316003,0.9975271228341325,0.9964297533308839,Pillow wall time including file I/O
chat_preview,photo,kodak_02,768,512,512,341,WebP,"m6,q=94",51386,2.3545637829912023,31.52891700000282,2.3241669999833903,nan,nan,39.174959540028375,0.9656740261079587,0.9921566424804406,0.9978991105863073,0.9967056947280062,Pillow wall time including file I/O
chat_preview,photo,kodak_02,768,512,512,341,WebP,"m6,q=95",56546,2.5910007331378297,32.10879200003092,2.7096250000226973,nan,nan,39.50140992146933,0.9686434078772063,0.9929401403383205,0.9982462719134455,0.9969350211532283,Pillow wall time including file I/O
chat_preview,photo,kodak_02,768,512,512,341,WebP,"m6,q=96",62342,2.8565799120234603,32.65262500002564,2.979707999998027,nan,nan,39.80342245716744,0.9715931360150041,0.9938624181104091,0.998505730045643,0.9971686519130332,Pillow wall time including file I/O
chat_preview,photo,kodak_02,768,512,512,341,WebP,"m6,q=97",65590,3.005406891495601,37.11195900001485,3.1018749999702777,nan,nan,39.96673361619143,0.9725484131422112,0.9941723234136978,0.9985905850347412,0.997284977947053,Pillow wall time including file I/O
chat_preview,photo,kodak_02,768,512,512,341,WebP,"m6,q=98",72838,3.3375183284457477,34.855499999991935,3.0302920000053746,nan,nan,40.176188400925184,0.9745023851359439,0.994499786163915,0.9988610824893934,0.9974087381816694,Pillow wall time including file I/O
chat_preview,photo,kodak_02,768,512,512,341,WebP,"m6,q=99",78606,3.6018145161290325,37.8652910000028,3.349207999974624,nan,nan,40.27266429976768,0.9758272382428365,0.9947133856705445,0.9990375117257988,0.9974592843232134,Pillow wall time including file I/O
chat_preview,photo,kodak_02,768,512,512,341,WebP,"m6,q=100",79474,3.6415872434017595,38.50941700000021,3.3991669999977603,nan,nan,40.2897554946003,0.9759244520434106,0.9947228436928146,0.9990460231919238,0.9974666864727438,Pillow wall time including file I/O
chat_preview,photo,kodak_02,768,512,512,341,WebP,"lossless,m6",210638,9.65166788856305,232.02387499998167,2.4809590000245407,nan,nan,99.0,1.0,1.0,1.0,1.0,Pillow wall time including file I/O
chat_preview,photo,kodak_02,768,512,512,341,AVIF,crf=63,449,0.020573680351906157,33.52862500003084,18.593458999987433,nan,nan,23.876241750135193,0.5612357363580507,0.6783868537272215,0.7738765303320163,0.7722058092629721,ffmpeg/libsvtav1 wall time including process and file I/O
chat_preview,photo,kodak_02,768,512,512,341,AVIF,crf=62,490,0.02245234604105572,34.0706669999804,19.40208299998858,nan,nan,24.55724497435827,0.5790237046926374,0.7245794214307191,0.8031634410460785,0.8205059413997741,ffmpeg/libsvtav1 wall time including process and file I/O
chat_preview,photo,kodak_02,768,512,512,341,AVIF,crf=61,520,0.023826979472140762,35.59920800000782,18.609916000002613,nan,nan,24.899336970442008,0.5853306251130942,0.7413130138898006,0.818114829511754,0.8411625217374656,ffmpeg/libsvtav1 wall time including process and file I/O
chat_preview,photo,kodak_02,768,512,512,341,AVIF,crf=60,584,0.026759530791788857,37.64354199995523,19.273916999964058,nan,nan,25.170449474286087,0.595718379843878,0.7596007479310766,0.8379083734080931,0.8538363106294333,ffmpeg/libsvtav1 wall time including process and file I/O
chat_preview,photo,kodak_02,768,512,512,341,AVIF,crf=59,620,0.028409090909090908,38.62216699997134,18.202791000021534,nan,nan,25.42307246268582,0.6030779793930715,0.773126327400064,0.8433056865201947,0.8667596474848257,ffmpeg/libsvtav1 wall time including process and file I/O
chat_preview,photo,kodak_02,768,512,512,341,AVIF,crf=58,671,0.030745967741935484,41.61404199999197,20.165999999960604,nan,nan,25.625576991693002,0.611526539572299,0.782758753982471,0.8526622148772757,0.8748266056173121,ffmpeg/libsvtav1 wall time including process and file I/O
chat_preview,photo,kodak_02,768,512,512,341,AVIF,crf=57,729,0.03340359237536657,41.65554200000088,19.082125000011274,nan,nan,26.01627148666276,0.6159326289366939,0.7896792982741848,0.859689575180576,0.8889701458340628,ffmpeg/libsvtav1 wall time including process and file I/O
chat_preview,photo,kodak_02,768,512,512,341,AVIF,crf=56,791,0.03624450146627566,41.00079099998766,20.80375000002732,nan,nan,26.346925335444297,0.6286209646883423,0.8074676060584093,0.8734373013931016,0.9006054998079581,ffmpeg/libsvtav1 wall time including process and file I/O
chat_preview,photo,kodak_02,768,512,512,341,AVIF,crf=55,898,0.041147360703812315,41.10004200003914,19.341457999985323,nan,nan,26.6966131523279,0.6393185166597836,0.8203495013320161,0.8835822543481961,0.9101741821441989,ffmpeg/libsvtav1 wall time including process and file I/O
chat_preview,photo,kodak_02,768,512,512,341,AVIF,crf=54,964,0.044171554252199416,41.06400000000576,19.317750000027445,nan,nan,26.924959082425765,0.6468641153496266,0.8217849191589514,0.8868073465768898,0.9159255062092448,ffmpeg/libsvtav1 wall time including process and file I/O
chat_preview,photo,kodak_02,768,512,512,341,AVIF,crf=53,1028,0.04710410557184751,41.31979100003491,18.687750000026426,nan,nan,27.157269202652685,0.6557672436621723,0.8350400265203436,0.8954202504276368,0.924662216405396,ffmpeg/libsvtav1 wall time including process and file I/O
chat_preview,photo,kodak_02,768,512,512,341,AVIF,crf=52,1128,0.05168621700879766,47.13266700002805,21.8600830000355,nan,nan,27.501178043227974,0.6607327538756337,0.8414706688757739,0.9049594236299777,0.931803439013037,ffmpeg/libsvtav1 wall time including process and file I/O
chat_preview,photo,kodak_02,768,512,512,341,AVIF,crf=51,1257,0.05759714076246334,43.42066699996394,20.327584000028764,nan,nan,27.785615449180007,0.6762890166042194,0.8530250820302752,0.9129379395759264,0.9369417442863623,ffmpeg/libsvtav1 wall time including process and file I/O
chat_preview,photo,kodak_02,768,512,512,341,AVIF,crf=50,1353,0.061995967741935484,45.33933300001536,20.34662500000195,nan,nan,27.954182237400758,0.6785296772371643,0.8591254475321323,0.9183410743438974,0.9401052135605952,ffmpeg/libsvtav1 wall time including process and file I/O
chat_preview,photo,kodak_02,768,512,512,341,AVIF,crf=49,1424,0.06524926686217009,46.93983300001037,19.574250000005122,nan,nan,28.260867673901416,0.6912810876173147,0.8647895570066232,0.9216304136950372,0.944181592999048,ffmpeg/libsvtav1 wall time including process and file I/O
chat_preview,photo,kodak_02,768,512,512,341,AVIF,crf=48,1576,0.07221407624633432,44.93016699996133,19.541833000005226,nan,nan,28.410889728115663,0.6965367493962907,0.8690951152787867,0.9256817013374887,0.9456848615891863,ffmpeg/libsvtav1 wall time including process and file I/O
chat_preview,photo,kodak_02,768,512,512,341,AVIF,crf=47,1657,0.07592558651026393,42.94229200002064,18.881207999982053,nan,nan,28.818262590729717,0.7100825112023729,0.880798810387509,0.9305910042169502,0.95284761003257,ffmpeg/libsvtav1 wall time including process and file I/O
chat_preview,photo,kodak_02,768,512,512,341,AVIF,crf=46,1783,0.08169904692082111,44.1045000000031,19.091749999972762,nan,nan,28.809830452156817,0.7133559385599727,0.88474480440422,0.9325353402306109,0.952932383104592,ffmpeg/libsvtav1 wall time including process and file I/O
chat_preview,photo,kodak_02,768,512,512,341,AVIF,crf=45,1920,0.08797653958944282,44.4375829999899,19.155708999960552,nan,nan,29.10062008904731,0.7232305539408967,0.8908782184041555,0.9373791122209019,0.9572395985522787,ffmpeg/libsvtav1 wall time including process and file I/O
chat_preview,photo,kodak_02,768,512,512,341,AVIF,crf=44,2104,0.09640762463343108,44.375042000012854,18.780708000008417,nan,nan,29.384088119824625,0.7314641860036982,0.8978493335504673,0.9403276918163092,0.9605685595194998,ffmpeg/libsvtav1 wall time including process and file I/O
chat_preview,photo,kodak_02,768,512,512,341,AVIF,crf=43,2210,0.10126466275659823,45.46062500003245,18.526667000003272,nan,nan,29.57674760710086,0.7372327871309975,0.9001024550173052,0.9432267570827021,0.9627208751705592,ffmpeg/libsvtav1 wall time including process and file I/O
chat_preview,photo,kodak_02,768,512,512,341,AVIF,crf=42,2476,0.11345307917888563,46.33916699998508,18.96754099999498,nan,nan,29.828531239049425,0.7450179144325997,0.9054658165576486,0.9464622879615959,0.9661023771600382,ffmpeg/libsvtav1 wall time including process and file I/O
chat_preview,photo,kodak_02,768,512,512,341,AVIF,crf=41,2705,0.12394611436950147,48.365750000016305,25.268791000030433,nan,nan,29.966654528703657,0.7521896940667302,0.9102849075200052,0.9505238991782069,0.9663511164521752,ffmpeg/libsvtav1 wall time including process and file I/O
chat_preview,photo,kodak_02,768,512,512,341,AVIF,crf=40,2949,0.13512646627565983,48.13183300001356,19.239916000003632,nan,nan,30.22994768045892,0.761739254167198,0.9142552220460157,0.9524872726838118,0.9686019102087213,ffmpeg/libsvtav1 wall time including process and file I/O
chat_preview,photo,kodak_02,768,512,512,341,AVIF,crf=39,3195,0.14639846041055718,49.86249999996062,19.09166699999787,nan,nan,30.49676456521361,0.7690279428265772,0.9189861276593522,0.9555602131167007,0.9705517412842373,ffmpeg/libsvtav1 wall time including process and file I/O
chat_preview,photo,kodak_02,768,512,512,341,AVIF,crf=38,3428,0.15707478005865103,51.327542000024096,19.196666000027562,nan,nan,30.658367820715853,0.7759016762661229,0.9236184338051991,0.9576422172655367,0.9722229377341249,ffmpeg/libsvtav1 wall time including process and file I/O
chat_preview,photo,kodak_02,768,512,512,341,AVIF,crf=37,3794,0.17384530791788858,54.29479200000742,19.22304200002145,nan,nan,30.856089577069294,0.7847851599325549,0.9270753396323356,0.9606048495515002,0.9739574206563081,ffmpeg/libsvtav1 wall time including process and file I/O
chat_preview,photo,kodak_02,768,512,512,341,AVIF,crf=36,4155,0.1903867302052786,50.39837499998612,18.97783399999753,nan,nan,31.100551674290617,0.7927044429483256,0.932051190292754,0.9630444542924397,0.9752819462561519,ffmpeg/libsvtav1 wall time including process and file I/O
chat_preview,photo,kodak_02,768,512,512,341,AVIF,crf=35,4671,0.21403042521994134,52.07683300000099,19.11649999999554,nan,nan,31.35325466483499,0.8033811880502725,0.935915140533175,0.9663047608555868,0.9763819328035855,ffmpeg/libsvtav1 wall time including process and file I/O
chat_preview,photo,kodak_02,768,512,512,341,AVIF,crf=34,5253,0.2406983137829912,58.186375000047974,20.029292000003807,nan,nan,31.701750868463424,0.8126137912438124,0.9400178662521053,0.9690219665201936,0.9794603642286757,ffmpeg/libsvtav1 wall time including process and file I/O
chat_preview,photo,kodak_02,768,512,512,341,AVIF,crf=33,5589,0.2560942082111437,55.186875000003965,20.052291000013156,nan,nan,31.9099127219662,0.818457101067024,0.9434538432098036,0.9705289313729156,0.9808793459068066,ffmpeg/libsvtav1 wall time including process and file I/O
chat_preview,photo,kodak_02,768,512,512,341,AVIF,crf=32,6132,0.28097507331378296,66.28870800000186,22.179292000032547,nan,nan,32.11989141987888,0.8264223736526898,0.9461309214453606,0.9727556611089325,0.9818267788441404,ffmpeg/libsvtav1 wall time including process and file I/O
chat_preview,photo,kodak_02,768,512,512,341,AVIF,crf=31,6735,0.30860520527859236,58.19395800000393,20.14879099999689,nan,nan,32.33856393565089,0.8352278692030213,0.9489465612150121,0.97479323747203,0.9825197980953785,ffmpeg/libsvtav1 wall time including process and file I/O
chat_preview,photo,kodak_02,768,512,512,341,AVIF,crf=30,7482,0.34283357771260997,58.054416000004494,20.240833000002567,nan,nan,32.646116132565915,0.8437934485611255,0.9527811585072796,0.9767292887254968,0.9838460289335976,ffmpeg/libsvtav1 wall time including process and file I/O
chat_preview,photo,kodak_02,768,512,512,341,AVIF,crf=29,8095,0.37092192082111436,74.50212499998088,21.791292000045814,nan,nan,32.871320161681496,0.8518782080574107,0.9550367257331995,0.9782147223274009,0.984659627715172,ffmpeg/libsvtav1 wall time including process and file I/O
chat_preview,photo,kodak_02,768,512,512,341,AVIF,crf=28,8690,0.39818548387096775,62.92862499998364,20.80891700001075,nan,nan,33.04469224661158,0.8571071685342785,0.9574593384805397,0.9795587758804036,0.9855592868249402,ffmpeg/libsvtav1 wall time including process and file I/O
chat_preview,photo,kodak_02,768,512,512,341,AVIF,crf=27,9479,0.4343383431085044,61.70120799998813,21.63829099998793,nan,nan,33.31662492959673,0.8647223186010589,0.9604733847248571,0.9811770112957195,0.9864203167517356,ffmpeg/libsvtav1 wall time including process and file I/O
chat_preview,photo,kodak_02,768,512,512,341,AVIF,crf=26,10299,0.4719116568914956,55.375874999981534,20.36795899999788,nan,nan,33.5444161779163,0.870606424140946,0.9624144306920165,0.9824090986411804,0.9874381202676451,ffmpeg/libsvtav1 wall time including process and file I/O
chat_preview,photo,kodak_02,768,512,512,341,AVIF,crf=25,11214,0.5138379765395894,56.80733299999474,20.5988330000082,nan,nan,33.80358315921677,0.8779170085295296,0.9646890150280952,0.9837816424203186,0.9882761764754943,ffmpeg/libsvtav1 wall time including process and file I/O
chat_preview,photo,kodak_02,768,512,512,341,AVIF,crf=24,12331,0.5650201612903226,57.312000000024454,20.259916999975758,nan,nan,34.05352821084852,0.8851096223097059,0.9674197264379387,0.9855295967277348,0.9889644611129786,ffmpeg/libsvtav1 wall time including process and file I/O
chat_preview,photo,kodak_02,768,512,512,341,AVIF,crf=23,13089,0.5997525659824047,71.39475000002449,23.025167000014335,nan,nan,34.25256203607386,0.8901466817424449,0.9691446841786507,0.9864105988206305,0.9894816452310322,ffmpeg/libsvtav1 wall time including process and file I/O
chat_preview,photo,kodak_02,768,512,512,341,AVIF,crf=22,13742,0.6296737536656891,59.488375000000815,20.683166999958758,nan,nan,34.40627787214004,0.8935861642690233,0.9703784232973899,0.9869330379080753,0.9899371035906207,ffmpeg/libsvtav1 wall time including process and file I/O
chat_preview,photo,kodak_02,768,512,512,341,AVIF,crf=21,14491,0.6639937683284457,59.638791999987006,20.7867500000134,nan,nan,34.53190584568007,0.8975124986756492,0.9716228871509257,0.9878064423360889,0.9902258921213669,ffmpeg/libsvtav1 wall time including process and file I/O
chat_preview,photo,kodak_02,768,512,512,341,AVIF,crf=20,15226,0.6976722873900293,59.34237500002837,21.074125000041022,nan,nan,34.7310182503299,0.9012965675468508,0.9730791586362121,0.9884811421376679,0.9907342487993442,ffmpeg/libsvtav1 wall time including process and file I/O
chat_preview,photo,kodak_02,768,512,512,341,AVIF,crf=19,16251,0.7446389296187683,61.595457999999326,22.35620800001925,nan,nan,34.94298714010733,0.9062635338739499,0.9743012527650379,0.9892859677023974,0.9912738547465121,ffmpeg/libsvtav1 wall time including process and file I/O
chat_preview,photo,kodak_02,768,512,512,341,AVIF,crf=18,17173,0.7868859970674487,59.41341700003022,20.853875000000244,nan,nan,35.08285098437753,0.9096825421929907,0.9756335605982973,0.9899103784621686,0.9915200378824475,ffmpeg/libsvtav1 wall time including process and file I/O
chat_preview,photo,kodak_02,768,512,512,341,AVIF,crf=17,18047,0.8269336510263929,58.28750000000582,20.850500000051397,nan,nan,35.220143512039634,0.9135891337883373,0.9769235771807385,0.9905099572651058,0.9918938235863011,ffmpeg/libsvtav1 wall time including process and file I/O
chat_preview,photo,kodak_02,768,512,512,341,AVIF,crf=16,19308,0.8847140762463344,59.95424999997567,21.04154099998823,nan,nan,35.43440591412163,0.9181926824685722,0.9782017937170312,0.9913897796769318,0.9922868472764078,ffmpeg/libsvtav1 wall time including process and file I/O
chat_preview,photo,kodak_02,768,512,512,341,AVIF,crf=15,21871,1.0021535923753666,59.952084000030936,21.08583400001862,nan,nan,35.8345616394781,0.9266960664181297,0.98097063519684,0.9924752580320042,0.9930926513270857,ffmpeg/libsvtav1 wall time including process and file I/O
chat_preview,photo,kodak_02,768,512,512,341,AVIF,crf=14,23361,1.0704270527859236,58.95025000000942,21.17991699998356,nan,nan,36.016565506084056,0.9304544903055015,0.9820473133590709,0.9929747919435858,0.993420342767084,ffmpeg/libsvtav1 wall time including process and file I/O
chat_preview,photo,kodak_02,768,512,512,341,AVIF,crf=13,24911,1.141449780058651,60.13666699999476,21.69579200000271,nan,nan,36.24552968176567,0.9339848333973079,0.9831196228331218,0.9935421070476927,0.9939371442676768,ffmpeg/libsvtav1 wall time including process and file I/O
chat_preview,photo,kodak_02,768,512,512,341,AVIF,crf=12,26585,1.2181543255131966,59.093709000023864,21.28016699998625,nan,nan,36.51688856851378,0.9379657379335806,0.9844472522430827,0.9940176886107278,0.9943324313433438,ffmpeg/libsvtav1 wall time including process and file I/O
chat_preview,photo,kodak_02,768,512,512,341,AVIF,crf=11,29145,1.3354563782991202,59.22125000000733,21.305040999948233,nan,nan,36.736257838371785,0.9429313574143062,0.9858263897888412,0.9946694809765696,0.9946113103414582,ffmpeg/libsvtav1 wall time including process and file I/O
chat_preview,photo,kodak_02,768,512,512,341,AVIF,crf=10,31371,1.4374541788856305,57.58695800000169,21.542709000016202,nan,nan,36.97210491477988,0.9465804937883435,0.9869385361636874,0.9952353953080405,0.9949518881320303,ffmpeg/libsvtav1 wall time including process and file I/O
chat_preview,photo,kodak_02,768,512,512,341,AVIF,crf=9,34068,1.561033724340176,59.33933400001479,21.4992500000335,nan,nan,37.19008031450764,0.9501991408403958,0.987989346559443,0.9957755413455829,0.9953190891157698,ffmpeg/libsvtav1 wall time including process and file I/O
chat_preview,photo,kodak_02,768,512,512,341,AVIF,crf=8,37412,1.714259530791789,62.25424999996676,22.23995899998954,nan,nan,37.500930882722294,0.9545304652124637,0.9893741922901853,0.9962601417439304,0.9956550848648172,ffmpeg/libsvtav1 wall time including process and file I/O
chat_preview,photo,kodak_02,768,512,512,341,AVIF,crf=7,40929,1.8754123900293256,62.009124999974574,23.090125000010175,nan,nan,37.72283044115597,0.9581820350964053,0.99033241257353,0.9967227863638279,0.995868304610457,ffmpeg/libsvtav1 wall time including process and file I/O
chat_preview,photo,kodak_02,768,512,512,341,AVIF,crf=6,45669,2.0926044721407626,61.97850000000926,22.801250000043183,nan,nan,38.01052829337041,0.9621793118114428,0.9915961478796476,0.9972787784526559,0.9962258842675397,ffmpeg/libsvtav1 wall time including process and file I/O
chat_preview,photo,kodak_02,768,512,512,341,AVIF,crf=5,50906,2.3325696480938416,64.95712499997808,23.76125000000684,nan,nan,38.257657546484516,0.96561637723691,0.9925370220982378,0.9976773688740442,0.9964852319556595,ffmpeg/libsvtav1 wall time including process and file I/O
chat_preview,photo,kodak_02,768,512,512,341,AVIF,crf=4,58450,2.6782441348973607,66.56562500000973,23.695916999997735,nan,nan,38.539799836903974,0.9696363480061484,0.9937008218480625,0.9981722568019188,0.9967776131945506,ffmpeg/libsvtav1 wall time including process and file I/O
chat_preview,photo,kodak_02,768,512,512,341,AVIF,crf=3,66648,3.0538856304985336,67.89912499999673,24.702832999992097,nan,nan,38.79587572374807,0.9723950414543364,0.9944612215595244,0.998444842500668,0.997008031395079,ffmpeg/libsvtav1 wall time including process and file I/O
chat_preview,photo,kodak_02,768,512,512,341,AVIF,crf=2,78927,3.6165230938416424,69.34650000005149,26.03045899996914,nan,nan,39.04099009628772,0.9756213402035407,0.9954011981433647,0.9987662556707018,0.9972278816159907,ffmpeg/libsvtav1 wall time including process and file I/O
chat_preview,photo,kodak_02,768,512,512,341,AVIF,crf=1,95728,4.386363636363637,76.94370800004435,26.683292000029724,nan,nan,39.2550212735851,0.9787246321966587,0.9962795569243071,0.9990543443620306,0.9974158657196961,ffmpeg/libsvtav1 wall time including process and file I/O
chat_preview,photo,kodak_02,768,512,512,341,JPEG2000,"pix=yuv420p,qscale=1",51390,2.3547470674486806,36.975708999989365,26.791875000014898,nan,nan,37.211353776816786,0.9513179595343605,0.9893824458164423,0.9964798507150858,0.9955050976681693,native ffmpeg jpeg2000 wall time including process and file I/O
chat_preview,photo,kodak_02,768,512,512,341,JPEG2000,"pix=yuv420p,qscale=10000",2008,0.09200879765395895,36.84666700002026,19.68329200002472,nan,nan,25.159874966353932,0.5997503545676043,0.7519951590068693,0.8341437472268904,0.8515163654482324,native ffmpeg jpeg2000 wall time including process and file I/O
chat_preview,photo,kodak_02,768,512,512,341,JPEG2000,"pix=yuv420p,qscale=5000",2154,0.09869868035190615,36.61858300000631,19.389499999988402,nan,nan,25.645856360591615,0.6134917132116516,0.7839375481803831,0.850800404341832,0.8733297199374116,native ffmpeg jpeg2000 wall time including process and file I/O
chat_preview,photo,kodak_02,768,512,512,341,JPEG2000,"pix=yuv420p,qscale=2500",2415,0.11065799120234604,36.608875000013086,19.30416699997295,nan,nan,26.20297080289626,0.6337014058017001,0.8098730624470507,0.8791952986218342,0.8960069367234071,native ffmpeg jpeg2000 wall time including process and file I/O
chat_preview,photo,kodak_02,768,512,512,341,JPEG2000,"pix=yuv420p,qscale=1250",2839,0.13008614369501467,36.72437500000569,20.065875000000233,nan,nan,27.01677773727973,0.656142044964923,0.843217750583379,0.8973139072284668,0.9203044928423167,native ffmpeg jpeg2000 wall time including process and file I/O
chat_preview,photo,kodak_02,768,512,512,341,JPEG2000,"pix=yuv420p,qscale=625",3250,0.14891862170087977,59.96199999998453,29.409459000021343,nan,nan,27.602647087434114,0.6726648436728749,0.8596128702076765,0.9108592289053762,0.9344011196232127,native ffmpeg jpeg2000 wall time including process and file I/O
chat_preview,photo,kodak_02,768,512,512,341,JPEG2000,"pix=yuv420p,qscale=313",4081,0.18699596774193547,38.81475000002865,20.86341699998684,nan,nan,28.374372072933582,0.703542632932222,0.8868980420601495,0.930296270030527,0.9508598381150959,native ffmpeg jpeg2000 wall time including process and file I/O
chat_preview,photo,kodak_02,768,512,512,341,JPEG2000,"pix=yuv420p,qscale=157",5344,0.24486803519061584,38.04500000001099,21.304917000009027,nan,nan,29.462265049789323,0.7386253003158562,0.9113363555789115,0.9468090564698877,0.9655042205249302,native ffmpeg jpeg2000 wall time including process and file I/O
chat_preview,photo,kodak_02,768,512,512,341,JPEG2000,"pix=yuv420p,qscale=79",6572,0.30113636363636365,36.838208000006034,20.550915999990593,nan,nan,30.121748888094224,0.7611023110863382,0.9259038314698874,0.9559937812989295,0.9718255132708293,native ffmpeg jpeg2000 wall time including process and file I/O
chat_preview,photo,kodak_02,768,512,512,341,JPEG2000,"pix=yuv420p,qscale=40",9105,0.4172012463343108,37.787708999985625,21.97058299998389,nan,nan,31.088390325678496,0.7990979351609443,0.9422198150524573,0.9686301617899773,0.9785988980701619,native ffmpeg jpeg2000 wall time including process and file I/O
chat_preview,photo,kodak_02,768,512,512,341,JPEG2000,"pix=yuv420p,qscale=20",12685,0.5812408357771262,37.68491700003551,22.472708000009334,nan,nan,32.188035244185755,0.8346427178182726,0.9560117031110323,0.9773873240736414,0.9841392621005585,native ffmpeg jpeg2000 wall time including process and file I/O
chat_preview,photo,kodak_02,768,512,512,341,JPEG2000,"pix=yuv420p,qscale=10",17627,0.8076887829912024,38.05437500000153,22.552541999971254,nan,nan,33.31431525547879,0.8680897213598047,0.9668114316867186,0.9842900795880987,0.9881855524879773,native ffmpeg jpeg2000 wall time including process and file I/O
chat_preview,photo,kodak_02,768,512,512,341,JPEG2000,"pix=yuv420p,qscale=5",24891,1.140533357771261,36.57041700000718,22.857790999978533,nan,nan,34.62075334865987,0.8994065778593803,0.9759847823020227,0.9895699928532404,0.9913944333318118,native ffmpeg jpeg2000 wall time including process and file I/O
chat_preview,photo,kodak_02,768,512,512,341,JPEG2000,"pix=yuv420p,qscale=7",20786,0.9524376832844574,36.84095800002751,22.417749999988246,nan,nan,33.98344664343406,0.8833383618675126,0.9712455851992354,0.9864781557210374,0.989873975630169,native ffmpeg jpeg2000 wall time including process and file I/O
chat_preview,photo,kodak_02,768,512,512,341,JPEG2000,"pix=yuv420p,qscale=8",19379,0.8879673753665689,37.512791999972706,22.98687500001506,nan,nan,33.70017404068176,0.8770892888934418,0.9694433636750025,0.9854533486321272,0.9891619191007607,native ffmpeg jpeg2000 wall time including process and file I/O
chat_preview,photo,kodak_02,768,512,512,341,JPEG2000,"pix=yuv420p,qscale=6",22795,1.0444923020527859,37.33133299999736,23.62475000001041,nan,nan,34.276859605017734,0.8907683383583264,0.9737853408244749,0.9880728288104379,0.990653763960493,native ffmpeg jpeg2000 wall time including process and file I/O
chat_preview,photo,kodak_02,768,512,512,341,JPEG2000,"pix=yuv420p,qscale=9",18372,0.8418255131964809,37.515416000019286,21.70295800004851,nan,nan,33.49370697827601,0.872341710102501,0.968216248627896,0.9847796395289203,0.9886696813420857,native ffmpeg jpeg2000 wall time including process and file I/O
chat_preview,photo,kodak_02,768,512,512,341,JPEG2000,"pix=yuv420p,qscale=3",30888,1.4153225806451613,37.50258299999132,24.392874999989544,nan,nan,35.36631955085569,0.9180212642679156,0.9811047513727286,0.9923743458927003,0.9928658928417046,native ffmpeg jpeg2000 wall time including process and file I/O
chat_preview,photo,kodak_02,768,512,512,341,JPEG2000,"pix=yuv420p,qscale=2",36738,1.6833760997067448,38.29587500001708,25.457915999993475,nan,nan,35.99119171028495,0.9303986543560495,0.984128781124873,0.9939144121734742,0.9938762079602556,native ffmpeg jpeg2000 wall time including process and file I/O
chat_preview,photo,kodak_02,768,512,512,341,JPEG2000,"pix=yuv420p,qscale=4",27851,1.2761638563049853,37.084583000023486,23.64529100003665,nan,nan,35.03364578844164,0.9105664063530575,0.9789837085445142,0.9912101647609827,0.9922114216858412,native ffmpeg jpeg2000 wall time including process and file I/O
chat_preview,photo,kodak_02,768,512,512,341,JPEG2000,"pix=rgb24,qscale=1",147069,6.7388654692082115,62.891083000010894,41.93262500001538,nan,nan,44.94664409046636,0.9844750143687498,0.9980882455737891,0.9985227082678821,0.9993546401667112,native ffmpeg jpeg2000 wall time including process and file I/O
chat_preview,photo,kodak_02,768,512,512,341,JPEG2000,"pix=rgb24,qscale=10000",4179,0.19148643695014664,62.96579100001054,20.87929199996097,nan,nan,27.02394022316554,0.6381049151836051,0.8323169677097003,0.8638446992711852,0.9228029232433127,native ffmpeg jpeg2000 wall time including process and file I/O
chat_preview,photo,kodak_02,768,512,512,341,JPEG2000,"pix=rgb24,qscale=5000",4737,0.21705461876832843,62.97916699998041,21.151290999966932,nan,nan,27.76243796688217,0.6619222515907278,0.8574214438564075,0.884687600007861,0.9399365837155664,native ffmpeg jpeg2000 wall time including process and file I/O
chat_preview,photo,kodak_02,768,512,512,341,JPEG2000,"pix=rgb24,qscale=2500",5378,0.2464259530791789,64.11679100000356,21.143708000010975,nan,nan,28.428797789065147,0.6822774462285398,0.8788447605363778,0.8992824089566704,0.9522816369532736,native ffmpeg jpeg2000 wall time including process and file I/O
chat_preview,photo,kodak_02,768,512,512,341,JPEG2000,"pix=rgb24,qscale=1250",6544,0.2998533724340176,63.10487500002182,21.571042000005036,nan,nan,29.22887396586151,0.7110610439629953,0.9029713258553472,0.9188908538028169,0.9635100042100996,native ffmpeg jpeg2000 wall time including process and file I/O
chat_preview,photo,kodak_02,768,512,512,341,JPEG2000,"pix=rgb24,qscale=625",7994,0.3662939882697947,62.95125000002599,21.74820800001953,nan,nan,29.914367475018878,0.736113699100296,0.9202937609273931,0.9338154483988332,0.9709129602389512,native ffmpeg jpeg2000 wall time including process and file I/O
chat_preview,photo,kodak_02,768,512,512,341,JPEG2000,"pix=rgb24,qscale=313",9879,0.45266678885630496,62.616624999975556,22.69495799998822,nan,nan,30.519167223188113,0.7596930605781599,0.9343582028902783,0.944271972108416,0.9759030478858094,native ffmpeg jpeg2000 wall time including process and file I/O
chat_preview,photo,kodak_02,768,512,512,341,JPEG2000,"pix=rgb24,qscale=157",13431,0.6154233870967742,63.37450000000899,23.007375000020147,nan,nan,31.349658543629868,0.7927387399978175,0.9499325696891224,0.9570802123164088,0.9814410402299174,native ffmpeg jpeg2000 wall time including process and file I/O
chat_preview,photo,kodak_02,768,512,512,341,JPEG2000,"pix=rgb24,qscale=79",18516,0.8484237536656891,63.13170800001444,23.19966699997167,nan,nan,32.41734906780739,0.8257508840700275,0.9625933424191336,0.9683695399394807,0.9862064710214218,native ffmpeg jpeg2000 wall time including process and file I/O
chat_preview,photo,kodak_02,768,512,512,341,JPEG2000,"pix=rgb24,qscale=40",26438,1.2114186217008798,62.447332999965965,25.261375000013686,nan,nan,33.652144777081006,0.8622998786542772,0.9741554083573707,0.9782055539006923,0.9902068865227838,native ffmpeg jpeg2000 wall time including process and file I/O
chat_preview,photo,kodak_02,768,512,512,341,JPEG2000,"pix=rgb24,qscale=59",21697,0.9941807184750733,63.12241699998822,24.325791000023855,nan,nan,32.91586088954224,0.841136315033174,0.967383149082576,0.9726992914501048,0.9879823079715732,native ffmpeg jpeg2000 wall time including process and file I/O
chat_preview,photo,kodak_02,768,512,512,341,JPEG2000,"pix=rgb24,qscale=49",23932,1.0965909090909092,63.34445900000674,24.61191599996937,nan,nan,33.26129659332838,0.851302901542939,0.9707393360796378,0.9753024589053865,0.9890934668733071,native ffmpeg jpeg2000 wall time including process and file I/O
chat_preview,photo,kodak_02,768,512,512,341,JPEG2000,"pix=rgb24,qscale=54",22610,1.0360153958944283,63.50733299996136,24.23445800002355,nan,nan,33.06372234166377,0.8450198088042336,0.9686374832910126,0.9736638195404829,0.9884702695067742,native ffmpeg jpeg2000 wall time including process and file I/O
chat_preview,photo,kodak_02,768,512,512,341,JPEG2000,"pix=rgb24,qscale=51",23393,1.0718933284457477,63.45591699999886,24.36483399998224,nan,nan,33.19540130918981,0.8488042748759157,0.9698657936603118,0.9746095701159837,0.9888594842180887,native ffmpeg jpeg2000 wall time including process and file I/O
chat_preview,photo,kodak_02,768,512,512,341,JPEG2000,"pix=rgb24,qscale=50",23712,1.0865102639296187,62.718958999994356,24.276457999974355,nan,nan,33.23448876305043,0.8503374686891768,0.9703868671377652,0.9750215827857625,0.9889913514140491,native ffmpeg jpeg2000 wall time including process and file I/O
chat_preview,photo,kodak_02,768,512,512,341,JPEG2000,"pix=rgb24,qscale=48",24213,1.109466642228739,63.25358299994832,25.210790999949495,nan,nan,33.305930378451734,0.8525030209153908,0.9710920309779653,0.9755411791769195,0.9892096463236715,native ffmpeg jpeg2000 wall time including process and file I/O
chat_preview,photo,kodak_02,768,512,512,341,JPEG2000,"pix=rgb24,qscale=52",23144,1.060483870967742,62.969082999984494,24.40254099997219,nan,nan,33.1463508278057,0.8475244262355556,0.9695011867358422,0.9742665731995147,0.9887304009579997,native ffmpeg jpeg2000 wall time including process and file I/O
chat_preview,photo,kodak_02,768,512,512,341,JPEG2000,"pix=rgb24,qscale=53",22875,1.048157991202346,63.37045900005478,24.80662499999653,nan,nan,33.1053534397624,0.8462233196051838,0.9690217739575401,0.9738881865063088,0.9886029361052515,native ffmpeg jpeg2000 wall time including process and file I/O
chat_preview,photo,kodak_02,768,512,512,341,JPEG2000,"pix=rgb24,qscale=20",37818,1.7328629032258065,63.325167000016336,26.624083999990944,nan,nan,35.16399165586919,0.8949774857503282,0.9821284653671576,0.9846890752766828,0.9933409964662046,native ffmpeg jpeg2000 wall time including process and file I/O
chat_preview,photo,kodak_02,768,512,512,341,JPEG2000,"pix=rgb24,qscale=10",51841,2.3754123900293256,63.37095800000725,28.67991699997674,nan,nan,36.677526099197124,0.9222062232464915,0.9880995850497444,0.9898604702897146,0.9955002148823704,native ffmpeg jpeg2000 wall time including process and file I/O
chat_preview,photo,kodak_02,768,512,512,341,JPEG2000,"pix=rgb24,qscale=15",43231,1.980892595307918,62.96370799998385,27.266916000030506,nan,nan,35.79627414777892,0.907831253304468,0.9851057293497741,0.9872423573898615,0.9943650754974159,native ffmpeg jpeg2000 wall time including process and file I/O
chat_preview,photo,kodak_02,768,512,512,341,JPEG2000,"pix=rgb24,qscale=17",40824,1.8706011730205279,63.135500000043976,28.123625000034735,nan,nan,35.550342065321665,0.9025709691855109,0.983774578968878,0.9860901564704367,0.9939632382231969,native ffmpeg jpeg2000 wall time including process and file I/O
chat_preview,photo,kodak_02,768,512,512,341,JPEG2000,"pix=rgb24,qscale=16",41913,1.9205003665689149,62.871083000004546,26.7541249999681,nan,nan,35.664543994330906,0.9050213087637015,0.9844103084823471,0.9865761195182088,0.9941563470640437,native ffmpeg jpeg2000 wall time including process and file I/O
chat_preview,photo,kodak_02,768,512,512,341,JPEG2000,"pix=rgb24,qscale=13",46339,2.1233046187683287,63.74599999998054,27.554624999993393,nan,nan,36.10707040838788,0.9135524946887613,0.9864391479005922,0.9884414012318742,0.9948193811094235,native ffmpeg jpeg2000 wall time including process and file I/O
chat_preview,photo,kodak_02,768,512,512,341,JPEG2000,"pix=rgb24,qscale=14",44725,2.049349340175953,63.62366700000166,26.969833000009658,nan,nan,35.945194421679076,0.9107526859767306,0.9857881947321291,0.9878058025277597,0.9945873038035892,native ffmpeg jpeg2000 wall time including process and file I/O
chat_preview,photo,kodak_02,768,512,512,341,JPEG2000,"pix=rgb24,qscale=18",39702,1.8191898826979471,62.906999999995605,26.506125000025804,nan,nan,35.415861297648796,0.8999010066480037,0.9831702010225123,0.9856097127611614,0.993741526055299,native ffmpeg jpeg2000 wall time including process and file I/O
chat_preview,photo,kodak_02,768,512,512,341,JPEG2000,"pix=rgb24,qscale=5",74869,3.4305810117302054,62.81191599998692,32.14579100000492,nan,nan,39.0367273998802,0.9497530776342802,0.993013988648103,0.994127867881296,0.9974546495786674,native ffmpeg jpeg2000 wall time including process and file I/O
chat_preview,photo,kodak_02,768,512,512,341,JPEG2000,"pix=rgb24,qscale=3",90605,4.15162206744868,63.15662500003327,33.789708999961476,nan,nan,40.34174539167982,0.9616018040022783,0.9948756342592713,0.9957828180977878,0.9981268829271831,native ffmpeg jpeg2000 wall time including process and file I/O
chat_preview,photo,kodak_02,768,512,512,341,JPEG2000,"pix=rgb24,qscale=2",109726,5.0277675953079175,63.269499999989876,37.06629099997372,nan,nan,41.89087476453863,0.9716396451145507,0.9963162576345358,0.9970237523483647,0.9986929388839294,native ffmpeg jpeg2000 wall time including process and file I/O
chat_preview,photo,kodak_02,768,512,512,341,JPEG2000,"pix=rgb24,qscale=4",81626,3.7401942815249267,63.509624999994685,32.70962499999541,nan,nan,39.69846597770916,0.9560358287735816,0.9939675260241717,0.9950139203989334,0.9978135235049758,native ffmpeg jpeg2000 wall time including process and file I/O
chat_preview,ui_text,chat_ui,1200,800,512,341,CAPS,"q=1,tile=64,base=32",1775,0.0813324780058651,6.926625000005515,7.792708000010862,3.03429,4.34408,29.31118547374115,0.901721547747663,0.9514950470042264,0.9564427714687631,0.9277486684888693,subprocess wall time including PPM I/O; codec_* fields are resident timing
chat_preview,ui_text,chat_ui,1200,800,512,341,CAPS,"q=1,tile=64,base=64",3042,0.13938782991202345,7.324207999999999,7.886332999987644,3.73775,4.48492,31.2934850130791,0.9453486201776123,0.9812218506413602,0.9835177400455307,0.9672414639874215,subprocess wall time including PPM I/O; codec_* fields are resident timing
chat_preview,ui_text,chat_ui,1200,800,512,341,CAPS,"q=2,tile=64,base=32",1772,0.0811950146627566,6.735334000040893,7.994957999983399,2.96079,4.36896,29.555813847554987,0.9028296308967838,0.9525009259729864,0.9570320638116114,0.9272905708237129,subprocess wall time including PPM I/O; codec_* fields are resident timing
chat_preview,ui_text,chat_ui,1200,800,512,341,CAPS,"q=2,tile=64,base=64",3097,0.14190799120234604,7.286917000044468,7.93408399999862,3.70579,4.44163,31.700772278493435,0.9446169503692244,0.9792790440155401,0.9814310582744402,0.9661848974293097,subprocess wall time including PPM I/O; codec_* fields are resident timing
chat_preview,ui_text,chat_ui,1200,800,512,341,CAPS,"q=3,tile=64,base=32",1826,0.08366935483870967,6.683749999979227,7.745791999980156,3.17108,4.26242,29.62596811989462,0.9046298224679122,0.9541626365960371,0.9588212895983879,0.9293825907029526,subprocess wall time including PPM I/O; codec_* fields are resident timing
chat_preview,ui_text,chat_ui,1200,800,512,341,CAPS,"q=3,tile=64,base=64",3141,0.1439241202346041,7.372166999971341,7.924833999993552,3.70442,4.45854,31.729100977424704,0.9450650419724078,0.9793258424038057,0.9813889992621321,0.966351132155719,subprocess wall time including PPM I/O; codec_* fields are resident timing
chat_preview,ui_text,chat_ui,1200,800,512,341,CAPS,"q=4,tile=64,base=32",1838,0.08421920821114369,6.7610410000042975,7.81424999996716,3.09954,4.38187,29.656018098844438,0.9049935964902266,0.9545228568058994,0.9591266694768776,0.9300878270006429,subprocess wall time including PPM I/O; codec_* fields are resident timing
chat_preview,ui_text,chat_ui,1200,800,512,341,CAPS,"q=4,tile=64,base=64",3160,0.14479472140762464,7.964708000031351,8.567874999982905,3.921,4.56196,31.739977731461458,0.945105575611434,0.9793583401998792,0.9814217688614969,0.9664776000399123,subprocess wall time including PPM I/O; codec_* fields are resident timing
chat_preview,ui_text,chat_ui,1200,800,512,341,CAPS,"q=5,tile=64,base=32",1859,0.08518145161290322,7.198832999961269,8.946083000012095,3.19808,4.56617,29.705263020725795,0.9055023242751826,0.9541849818980713,0.9607047369873387,0.9298425751853567,subprocess wall time including PPM I/O; codec_* fields are resident timing
chat_preview,ui_text,chat_ui,1200,800,512,341,CAPS,"q=5,tile=64,base=64",3203,0.1467650293255132,7.601374999978816,8.02462500001866,3.77458,4.40333,31.814892238572714,0.945129227817501,0.9784271462920057,0.9825236045171789,0.9658755920121775,subprocess wall time including PPM I/O; codec_* fields are resident timing
chat_preview,ui_text,chat_ui,1200,800,512,341,CAPS,"q=6,tile=64,base=32",1872,0.08577712609970674,6.795833000012408,7.851040999980796,3.11808,4.36879,29.7562536569578,0.9068064882308704,0.9551481086091509,0.9615344590193268,0.9307986680494749,subprocess wall time including PPM I/O; codec_* fields are resident timing
chat_preview,ui_text,chat_ui,1200,800,512,341,CAPS,"q=6,tile=64,base=64",3225,0.14777309384164222,7.676125000045886,8.101875000022574,3.79425,4.48571,31.856361986701195,0.9455446549837251,0.9785568829878217,0.982671619043842,0.9662562003973054,subprocess wall time including PPM I/O; codec_* fields are resident timing
chat_preview,ui_text,chat_ui,1200,800,512,341,CAPS,"q=7,tile=64,base=32",1874,0.08586876832844574,7.235792000017227,7.85625000003165,3.0435,4.30933,29.76578744351515,0.9069782394416785,0.9552276756028609,0.9616244575484549,0.931029134584654,subprocess wall time including PPM I/O; codec_* fields are resident timing
chat_preview,ui_text,chat_ui,1200,800,512,341,CAPS,"q=7,tile=64,base=64",3238,0.14836876832844575,7.830708000028608,8.228291000023091,3.8605,4.6075,31.86673975363972,0.9456252580872557,0.9785956745857995,0.9827063613497737,0.9663538286196522,subprocess wall time including PPM I/O; codec_* fields are resident timing
chat_preview,ui_text,chat_ui,1200,800,512,341,CAPS,"q=8,tile=64,base=32",1933,0.08857221407624634,7.1872500000154105,7.773416000020461,3.09158,4.27412,29.81253175053621,0.9078855186090014,0.9554083048870178,0.9618388846696088,0.9320604307277961,subprocess wall time including PPM I/O; codec_* fields are resident timing
chat_preview,ui_text,chat_ui,1200,800,512,341,CAPS,"q=8,tile=64,base=64",3277,0.1501557917888563,7.564291999983652,8.267291999970894,3.75679,4.56042,31.893628274383317,0.9461056601615915,0.9786779032180628,0.98280902637261,0.9663824767355267,subprocess wall time including PPM I/O; codec_* fields are resident timing
chat_preview,ui_text,chat_ui,1200,800,512,341,CAPS,"q=9,tile=64,base=32",1939,0.08884714076246335,6.917250000014974,7.752541000002111,3.10279,4.37504,29.819723896854367,0.9078726912411018,0.9553875143517431,0.9617958393715895,0.9321598691400276,subprocess wall time including PPM I/O; codec_* fields are resident timing
chat_preview,ui_text,chat_ui,1200,800,512,341,CAPS,"q=9,tile=64,base=64",3290,0.15075146627565983,7.384584000021732,7.896458999994138,3.78383,4.51462,31.907362919396544,0.9461794543815887,0.978721851726223,0.9828367111599791,0.9665380550968682,subprocess wall time including PPM I/O; codec_* fields are resident timing
chat_preview,ui_text,chat_ui,1200,800,512,341,CAPS,"q=10,tile=64,base=32",1947,0.08921370967741936,6.912207999960174,7.889582999951017,3.12437,4.42988,29.84226029079561,0.9083769981842131,0.9558954225798293,0.962380798289897,0.932696829351704,subprocess wall time including PPM I/O; codec_* fields are resident timing
chat_preview,ui_text,chat_ui,1200,800,512,341,CAPS,"q=10,tile=64,base=64",3317,0.15198863636363635,7.368874999997388,7.84191700000747,3.76067,4.42917,31.927945697757917,0.9463888504671067,0.9788424691228839,0.9829383220754465,0.9667552596801605,subprocess wall time including PPM I/O; codec_* fields are resident timing
chat_preview,ui_text,chat_ui,1200,800,512,341,CAPS,"q=11,tile=64,base=32",1959,0.08976356304985338,7.1540000000140935,7.824375000041073,3.1265,4.49208,29.894784472695836,0.9094847744245347,0.9566974069873405,0.9627132445822872,0.933405241893817,subprocess wall time including PPM I/O; codec_* fields are resident timing
chat_preview,ui_text,chat_ui,1200,800,512,341,CAPS,"q=11,tile=64,base=64",3334,0.1527675953079179,7.560665999960747,7.95391600001949,3.89746,4.51037,31.98985256856313,0.9471596735962081,0.9793719038908293,0.9831716766917525,0.9672272534180248,subprocess wall time including PPM I/O; codec_* fields are resident timing
chat_preview,ui_text,chat_ui,1200,800,512,341,CAPS,"q=12,tile=64,base=32",1968,0.09017595307917889,6.705791999991106,7.975624999971842,3.13021,4.34192,29.92104691642348,0.910316740704013,0.9572863922476671,0.9632491438287177,0.9342121981580072,subprocess wall time including PPM I/O; codec_* fields are resident timing
chat_preview,ui_text,chat_ui,1200,800,512,341,CAPS,"q=12,tile=64,base=64",3353,0.1536381964809384,7.494041999962064,7.991707999963182,3.75404,4.50617,32.003321190722794,0.9472220676517565,0.9793975757604793,0.9832049011715199,0.9673547510408277,subprocess wall time including PPM I/O; codec_* fields are resident timing
chat_preview,ui_text,chat_ui,1200,800,512,341,CAPS,"q=13,tile=64,base=32",1992,0.09127565982404692,6.735624999976153,7.7019159999736075,3.07596,4.2925,29.932252246917493,0.91079947107349,0.9577027206238626,0.9638734956845438,0.9347913289248426,subprocess wall time including PPM I/O; codec_* fields are resident timing
chat_preview,ui_text,chat_ui,1200,800,512,341,CAPS,"q=13,tile=64,base=64",3387,0.15519611436950145,7.48183300004257,8.042999999986478,3.8465,4.505,32.03864132048634,0.947746726247466,0.9797405143156407,0.98356919071027,0.9677623679002132,subprocess wall time including PPM I/O; codec_* fields are resident timing
chat_preview,ui_text,chat_ui,1200,800,512,341,CAPS,"q=14,tile=64,base=32",2004,0.09182551319648094,6.907582999986062,14.189874999999574,3.10125,6.96754,29.980144884940145,0.9118008531887325,0.9581338165725021,0.9642000782533157,0.9358062110398829,subprocess wall time including PPM I/O; codec_* fields are resident timing
chat_preview,ui_text,chat_ui,1200,800,512,341,CAPS,"q=14,tile=64,base=64",3407,0.15611253665689148,7.6362919999724,8.006458000011207,3.903,4.52292,32.044998348364345,0.9479307080679907,0.9797730793353949,0.9836039101979904,0.9678469493817621,subprocess wall time including PPM I/O; codec_* fields are resident timing
chat_preview,ui_text,chat_ui,1200,800,512,341,CAPS,"q=15,tile=64,base=32",2010,0.09210043988269795,6.952082999987397,7.723333000001276,3.2375,4.29975,29.992269886469536,0.9119201663505693,0.9581811120408731,0.9642633418603553,0.9361167067199787,subprocess wall time including PPM I/O; codec_* fields are resident timing
chat_preview,ui_text,chat_ui,1200,800,512,341,CAPS,"q=15,tile=64,base=64",3428,0.15707478005865103,7.450750000032258,8.194915999979457,3.77283,4.58696,32.07163294733276,0.9479869490389848,0.9798593119388436,0.9836558176277038,0.9681388278724884,subprocess wall time including PPM I/O; codec_* fields are resident timing
chat_preview,ui_text,chat_ui,1200,800,512,341,CAPS,"q=16,tile=64,base=32",2047,0.0937958211143695,6.875792000016645,7.828958000004604,3.14867,4.35621,30.031446785777085,0.9125233050722326,0.958672147189914,0.9648138750319927,0.9366752774830392,subprocess wall time including PPM I/O; codec_* fields are resident timing
chat_preview,ui_text,chat_ui,1200,800,512,341,CAPS,"q=16,tile=64,base=64",3459,0.15849523460410558,7.50883400002067,7.882499999993797,3.86079,4.47725,32.100487066992216,0.9484251694946417,0.9799896431607804,0.9837910781974682,0.9683717215358623,subprocess wall time including PPM I/O; codec_* fields are resident timing
chat_preview,ui_text,chat_ui,1200,800,512,341,CAPS,"q=17,tile=64,base=32",2084,0.09549120234604105,7.073958000034963,7.701875000009295,3.21067,4.33688,30.0969904442389,0.9132075529595934,0.9611440562103247,0.9676431412043733,0.9404948395274002,subprocess wall time including PPM I/O; codec_* fields are resident timing
chat_preview,ui_text,chat_ui,1200,800,512,341,CAPS,"q=17,tile=64,base=64",3505,0.16060300586510265,7.621042000039324,8.461834000002,3.8175,4.49667,32.212606200994614,0.9516782033348937,0.9835339521953305,0.98828924874302,0.9713913574809442,subprocess wall time including PPM I/O; codec_* fields are resident timing
chat_preview,ui_text,chat_ui,1200,800,512,341,CAPS,"q=18,tile=64,base=32",2124,0.09732404692082111,7.015209000030609,8.273625000015272,3.18112,4.44308,30.117983017028802,0.9145856637902562,0.961859267147998,0.9683039461295683,0.9413301721655413,subprocess wall time including PPM I/O; codec_* fields are resident timing
chat_preview,ui_text,chat_ui,1200,800,512,341,CAPS,"q=18,tile=64,base=64",3569,0.16353555718475074,7.772415999966142,8.576333999997132,3.98425,4.6215,32.2474162021817,0.9523827934796819,0.9840549934853929,0.9888253645068159,0.9720570753352811,subprocess wall time including PPM I/O; codec_* fields are resident timing
chat_preview,ui_text,chat_ui,1200,800,512,341,CAPS,"q=19,tile=64,base=32",2127,0.09746151026392962,6.917499999985921,7.917582999994011,3.19717,4.43662,30.118340076877757,0.9145725544759623,0.961850634059441,0.9683242908192263,0.9413145517315171,subprocess wall time including PPM I/O; codec_* fields are resident timing
chat_preview,ui_text,chat_ui,1200,800,512,341,CAPS,"q=19,tile=64,base=64",3577,0.16390212609970675,7.386542000006102,7.993124999984502,3.81933,4.51171,32.248573793122375,0.9524198901181204,0.9840652483909408,0.9888296263896355,0.9720782846661608,subprocess wall time including PPM I/O; codec_* fields are resident timing
chat_preview,ui_text,chat_ui,1200,800,512,341,CAPS,"q=20,tile=64,base=32",2159,0.09892778592375366,7.018917000038982,7.741624999994201,3.23117,4.31467,30.13800963031713,0.9149357088002188,0.9618105618038273,0.9681700981426271,0.9413569690488381,subprocess wall time including PPM I/O; codec_* fields are resident timing
chat_preview,ui_text,chat_ui,1200,800,512,341,CAPS,"q=20,tile=64,base=64",3587,0.16436033724340177,7.9544579999719645,9.128500000031181,3.9375,4.63821,32.26424958656376,0.9527859779480427,0.9841466166487495,0.9888881178156288,0.9722540975569081,subprocess wall time including PPM I/O; codec_* fields are resident timing
chat_preview,ui_text,chat_ui,1200,800,512,341,CAPS,"q=21,tile=64,base=32",2200,0.10080645161290322,7.209917000011501,7.906833999982155,3.30133,4.39383,30.216605045005586,0.9161107764444155,0.9626165967580729,0.968981538718646,0.9427383681370047,subprocess wall time including PPM I/O; codec_* fields are resident timing
chat_preview,ui_text,chat_ui,1200,800,512,341,CAPS,"q=21,tile=64,base=64",3620,0.1658724340175953,7.610833999990518,8.119249999992917,3.81642,4.55433,32.304919097984765,0.9532089235933303,0.9842012513846182,0.9889352264244182,0.9724453967901919,subprocess wall time including PPM I/O; codec_* fields are resident timing
chat_preview,ui_text,chat_ui,1200,800,512,341,CAPS,"q=22,tile=64,base=32",2202,0.10089809384164222,7.02649999999494,7.815792000030797,3.24442,4.37562,30.2225241841894,0.9161278253618163,0.9626580288230798,0.9690426685717934,0.9427886353007696,subprocess wall time including PPM I/O; codec_* fields are resident timing
chat_preview,ui_text,chat_ui,1200,800,512,341,CAPS,"q=22,tile=64,base=64",3620,0.1658724340175953,7.642834000023413,8.034917000031783,3.75275,4.52529,32.31632754000293,0.953299431853755,0.9842316013912149,0.9889559400454129,0.9725056181359489,subprocess wall time including PPM I/O; codec_* fields are resident timing
chat_preview,ui_text,chat_ui,1200,800,512,341,CAPS,"q=23,tile=64,base=32",2227,0.10204362170087977,6.860249999988355,7.912208999982795,3.28783,4.41217,30.295244563452588,0.9174546577338726,0.9635318445472842,0.9692004116016029,0.9441195561441755,subprocess wall time including PPM I/O; codec_* fields are resident timing
chat_preview,ui_text,chat_ui,1200,800,512,341,CAPS,"q=23,tile=64,base=64",3707,0.16985887096774194,7.733666000035555,8.282166000014968,3.77146,4.51696,32.40092124276779,0.9543085913297967,0.9851344471576319,0.989362009146181,0.9733130619163274,subprocess wall time including PPM I/O; codec_* fields are resident timing
chat_preview,ui_text,chat_ui,1200,800,512,341,CAPS,"q=24,tile=64,base=32",2230,0.10218108504398828,7.173833000024388,7.979250000005322,3.42321,4.42654,30.312291019660403,0.9176684451573957,0.963568733152394,0.9692314601309613,0.9442898344656377,subprocess wall time including PPM I/O; codec_* fields are resident timing
chat_preview,ui_text,chat_ui,1200,800,512,341,CAPS,"q=24,tile=64,base=64",3718,0.17036290322580644,9.511750000001484,8.700875000045016,4.13054,4.48971,32.41306685974384,0.9544319087186857,0.9851760979714438,0.9893762747590207,0.9734139450534556,subprocess wall time including PPM I/O; codec_* fields are resident timing
chat_preview,ui_text,chat_ui,1200,800,512,341,CAPS,"q=25,tile=64,base=32",2245,0.1028684017595308,6.792667000013353,7.899333000011666,3.30071,4.46858,30.32463207838846,0.9184697207643727,0.9640686251850146,0.9695985472093858,0.9445320054164976,subprocess wall time including PPM I/O; codec_* fields are resident timing
chat_preview,ui_text,chat_ui,1200,800,512,341,CAPS,"q=25,tile=64,base=64",3760,0.17228739002932553,7.528834000027018,8.076542000026166,3.8455,4.50488,32.44914762818826,0.9547684443244208,0.9853006111925101,0.9894568349465782,0.9736977419740354,subprocess wall time including PPM I/O; codec_* fields are resident timing
chat_preview,ui_text,chat_ui,1200,800,512,341,CAPS,"q=26,tile=64,base=32",2245,0.1028684017595308,7.05079200002956,8.25641699998414,3.36267,4.56221,30.35111826839627,0.9186628303765492,0.964313825097154,0.9698570025410125,0.9447903333924862,subprocess wall time including PPM I/O; codec_* fields are resident timing
chat_preview,ui_text,chat_ui,1200,800,512,341,CAPS,"q=26,tile=64,base=64",3769,0.17269978005865103,7.868374999986827,7.9984159999639814,3.87037,4.47962,32.480777516493994,0.9551252355918064,0.9853270285312211,0.9894755290181615,0.9738338447360374,subprocess wall time including PPM I/O; codec_* fields are resident timing
chat_preview,ui_text,chat_ui,1200,800,512,341,CAPS,"q=27,tile=64,base=32",2294,0.10511363636363637,7.024791999981517,7.879249999973581,3.3765,4.34846,30.395008840661816,0.9192404414513149,0.9649291258934448,0.9706103576121776,0.9460421686612767,subprocess wall time including PPM I/O; codec_* fields are resident timing
chat_preview,ui_text,chat_ui,1200,800,512,341,CAPS,"q=27,tile=64,base=64",3837,0.17581561583577712,7.360000000005584,7.885124999972959,3.738,4.54125,32.512519156221806,0.9553425240954093,0.9853978967781304,0.9895139977755524,0.9741084315854173,subprocess wall time including PPM I/O; codec_* fields are resident timing
chat_preview,ui_text,chat_ui,1200,800,512,341,CAPS,"q=28,tile=64,base=32",2318,0.1062133431085044,7.596041999988756,9.14862499996616,3.41417,4.49004,30.42215490398288,0.9201435431865469,0.9651714832293349,0.9708613212476875,0.9464645802572748,subprocess wall time including PPM I/O; codec_* fields are resident timing
chat_preview,ui_text,chat_ui,1200,800,512,341,CAPS,"q=28,tile=64,base=64",3864,0.17705278592375367,7.862208000005921,7.992875000013555,3.80246,4.51312,32.546250146977904,0.9559074520247184,0.9857566050876203,0.9898892633764713,0.9745342060701428,subprocess wall time including PPM I/O; codec_* fields are resident timing
chat_preview,ui_text,chat_ui,1200,800,512,341,CAPS,"q=29,tile=64,base=32",2364,0.10832111436950147,7.388250000019525,9.20087499997635,3.43892,4.5765,30.62409946132788,0.9213158002787001,0.9656074820367829,0.9700992842000234,0.94404947269692,subprocess wall time including PPM I/O; codec_* fields are resident timing
chat_preview,ui_text,chat_ui,1200,800,512,341,CAPS,"q=29,tile=64,base=64",4035,0.1848881964809384,7.691084000043702,8.18091599995796,3.78546,4.44792,32.94099628324794,0.9569126035733867,0.9875999264724232,0.9900262134500089,0.9722907691027967,subprocess wall time including PPM I/O; codec_* fields are resident timing
chat_preview,ui_text,chat_ui,1200,800,512,341,CAPS,"q=30,tile=64,base=32",2367,0.10845857771260997,8.140333000028477,9.160334000000603,3.42837,4.67629,30.65385772214735,0.9216508658796889,0.9659549516611659,0.9703019041199676,0.9445629226020811,subprocess wall time including PPM I/O; codec_* fields are resident timing
chat_preview,ui_text,chat_ui,1200,800,512,341,CAPS,"q=30,tile=64,base=64",4049,0.18552969208211142,8.204832999979317,9.268374999976459,4.02904,4.59967,32.96321526973847,0.957068831845215,0.9876686939227727,0.9900746124820505,0.9723805503239399,subprocess wall time including PPM I/O; codec_* fields are resident timing
chat_preview,ui_text,chat_ui,1200,800,512,341,CAPS,"q=31,tile=64,base=32",2388,0.1094208211143695,7.0597499999962565,7.803625000008196,3.387,4.45721,30.70718649930308,0.9226737652949083,0.966770165181939,0.9711519583888352,0.9456001506469638,subprocess wall time including PPM I/O; codec_* fields are resident timing
chat_preview,ui_text,chat_ui,1200,800,512,341,CAPS,"q=31,tile=64,base=64",4112,0.18841642228739003,7.786875000022064,8.040333000053579,3.86075,4.49313,33.0170946832168,0.9574915626133302,0.9877158216487057,0.990096518694706,0.9725891079098342,subprocess wall time including PPM I/O; codec_* fields are resident timing
chat_preview,ui_text,chat_ui,1200,800,512,341,CAPS,"q=32,tile=64,base=32",2410,0.11042888563049853,7.185708999998042,8.020459000022129,3.40204,4.37362,30.88460463290332,0.9236366075761286,0.967390715476029,0.9716530348725927,0.946564844596789,subprocess wall time including PPM I/O; codec_* fields are resident timing
chat_preview,ui_text,chat_ui,1200,800,512,341,CAPS,"q=32,tile=64,base=64",4193,0.19212793255131966,7.779000000027736,7.976499999983844,3.86862,4.62496,33.32753682773326,0.9579695652672786,0.987914441048089,0.9902616422262766,0.9731144210505744,subprocess wall time including PPM I/O; codec_* fields are resident timing
chat_preview,ui_text,chat_ui,1200,800,512,341,CAPS,"q=33,tile=64,base=32",2445,0.11203262463343108,6.913124999982756,7.921499999952175,3.25829,4.42533,30.92917251236119,0.9248799346937245,0.9679558652096762,0.9722690602762613,0.9474539889664051,subprocess wall time including PPM I/O; codec_* fields are resident timing
chat_preview,ui_text,chat_ui,1200,800,512,341,CAPS,"q=33,tile=64,base=64",4282,0.19620601173020527,7.59125000001859,7.748624999976528,3.87925,4.48096,33.38523100623973,0.9587130386234198,0.9880980974347305,0.9904389726568,0.9734591709264634,subprocess wall time including PPM I/O; codec_* fields are resident timing
chat_preview,ui_text,chat_ui,1200,800,512,341,CAPS,"q=34,tile=64,base=32",2449,0.11221590909090909,7.28429199995162,8.102249999978994,3.37508,4.30046,30.94996859056203,0.9251158847349648,0.968078593802293,0.9723693438011579,0.9476355848315634,subprocess wall time including PPM I/O; codec_* fields are resident timing
chat_preview,ui_text,chat_ui,1200,800,512,341,CAPS,"q=34,tile=64,base=64",4282,0.19620601173020527,7.455792000030215,8.151666999992813,3.82675,4.59771,33.410764528076974,0.9588745369101513,0.9881402940738969,0.9904790344062679,0.9735553392311843,subprocess wall time including PPM I/O; codec_* fields are resident timing
chat_preview,ui_text,chat_ui,1200,800,512,341,CAPS,"q=35,tile=64,base=32",2500,0.11455278592375366,6.868708000013157,7.782167000016216,3.32342,4.31462,31.115450126720795,0.9265314579768494,0.9692252894888082,0.9732924187229232,0.949482248911671,subprocess wall time including PPM I/O; codec_* fields are resident timing
chat_preview,ui_text,chat_ui,1200,800,512,341,CAPS,"q=35,tile=64,base=64",4370,0.2002382697947214,7.808209000017996,8.007125000005999,3.89033,4.51725,33.6773625907792,0.9599259059105866,0.9886684498893678,0.990844058913631,0.9750626997714652,subprocess wall time including PPM I/O; codec_* fields are resident timing
chat_preview,ui_text,chat_ui,1200,800,512,341,CAPS,"q=36,tile=64,base=32",2504,0.11473607038123167,7.196000000021741,7.85720900000797,3.32654,4.43779,31.16549803233729,0.9270970667119766,0.969817603613614,0.9738340536211105,0.9500464812069866,subprocess wall time including PPM I/O; codec_* fields are resident timing
chat_preview,ui_text,chat_ui,1200,800,512,341,CAPS,"q=36,tile=64,base=64",4381,0.20074230205278593,7.43491600002244,8.016833999988648,3.84404,4.56637,33.72695757125942,0.9602998413887569,0.9887195375562802,0.9908550554386403,0.975236993820792,subprocess wall time including PPM I/O; codec_* fields are resident timing
chat_preview,ui_text,chat_ui,1200,800,512,341,CAPS,"q=37,tile=64,base=32",2518,0.11537756598240469,6.962250000015047,7.851166999955694,3.38758,4.3945,31.16171642011985,0.9271366209223423,0.969673365734121,0.9738304737537414,0.9499869107777763,subprocess wall time including PPM I/O; codec_* fields are resident timing
chat_preview,ui_text,chat_ui,1200,800,512,341,CAPS,"q=37,tile=64,base=64",4408,0.20197947214076245,7.681457999979102,8.023124999965603,3.90954,4.51783,33.74283937330773,0.960366801262468,0.9888525764379604,0.99096641534731,0.975405272141621,subprocess wall time including PPM I/O; codec_* fields are resident timing
chat_preview,ui_text,chat_ui,1200,800,512,341,CAPS,"q=38,tile=64,base=32",2562,0.11739369501466276,6.923083000003771,7.767166999997244,3.33496,4.37379,31.241677533722303,0.9285810865056937,0.9707217706979568,0.9747787487337622,0.9512833788550296,subprocess wall time including PPM I/O; codec_* fields are resident timing
chat_preview,ui_text,chat_ui,1200,800,512,341,CAPS,"q=38,tile=64,base=64",4502,0.2062866568914956,8.055875000025026,8.913333000009516,3.95375,4.53842,33.816936879097284,0.9610764517464241,0.9890105788639915,0.9911260915020839,0.9757576423808021,subprocess wall time including PPM I/O; codec_* fields are resident timing
chat_preview,ui_text,chat_ui,1200,800,512,341,CAPS,"q=39,tile=64,base=32",2594,0.11885997067448681,9.665541000003941,11.152499999980137,3.96404,4.93758,31.2777556179493,0.9289435062985443,0.9709360761433458,0.9748585695865947,0.9517285085864932,subprocess wall time including PPM I/O; codec_* fields are resident timing
chat_preview,ui_text,chat_ui,1200,800,512,341,CAPS,"q=39,tile=64,base=64",4522,0.20720307917888564,7.933334000028935,8.468291999975008,3.91679,4.66325,33.84358336593857,0.9612420923562198,0.9890164163415927,0.9911733540377659,0.9758109430113251,subprocess wall time including PPM I/O; codec_* fields are resident timing
chat_preview,ui_text,chat_ui,1200,800,512,341,CAPS,"q=40,tile=64,base=32",2623,0.12018878299120235,7.074458999966282,7.820250000008855,3.30558,4.39762,31.32240225137357,0.9300860825723953,0.971995412463468,0.9758552608188954,0.9525718226324025,subprocess wall time including PPM I/O; codec_* fields are resident timing
chat_preview,ui_text,chat_ui,1200,800,512,341,CAPS,"q=40,tile=64,base=64",4575,0.2096315982404692,7.606124999995245,7.9984170000102495,3.84267,4.57167,33.906281396258315,0.9617372540945421,0.9891827952939861,0.9913284471310734,0.9761027593190793,subprocess wall time including PPM I/O; codec_* fields are resident timing
chat_preview,ui_text,chat_ui,1200,800,512,341,CAPS,"q=41,tile=64,base=32",2674,0.12252565982404692,7.200916000044799,7.813666999993529,3.33279,4.426,31.46510764552022,0.9309064270943859,0.9726884914975708,0.976149507599886,0.9572686071094392,subprocess wall time including PPM I/O; codec_* fields are resident timing
chat_preview,ui_text,chat_ui,1200,800,512,341,CAPS,"q=41,tile=64,base=64",4657,0.21338892961876832,7.734166999966874,8.175040999958583,3.886,4.59183,34.157101934571244,0.9626075897076477,0.9895757965971145,0.9913271339787365,0.9809628245375072,subprocess wall time including PPM I/O; codec_* fields are resident timing
chat_preview,ui_text,chat_ui,1200,800,512,341,CAPS,"q=42,tile=64,base=32",2710,0.12417521994134897,7.0197919999941405,7.890832999976283,3.32163,4.37208,31.53358797721344,0.932189093744323,0.973902979303683,0.9772363971127916,0.9584883973165993,subprocess wall time including PPM I/O; codec_* fields are resident timing
chat_preview,ui_text,chat_ui,1200,800,512,341,CAPS,"q=42,tile=64,base=64",4716,0.21609237536656892,7.939958999997998,8.04054200000337,3.90375,4.53208,34.22749734681156,0.9630840825235806,0.9897053074186387,0.9914126635090278,0.9813237943458021,subprocess wall time including PPM I/O; codec_* fields are resident timing
chat_preview,ui_text,chat_ui,1200,800,512,341,CAPS,"q=43,tile=64,base=32",2742,0.12564149560117302,7.188874999997097,7.945875000018532,3.412,4.40717,31.582653494250046,0.932490801251647,0.9740853494491167,0.9775223394978341,0.9590937265510263,subprocess wall time including PPM I/O; codec_* fields are resident timing
chat_preview,ui_text,chat_ui,1200,800,512,341,CAPS,"q=43,tile=64,base=64",4786,0.21929985337243402,7.824249999998756,8.860749999996642,4.04188,4.6515,34.29196824040276,0.9633403190523046,0.9897812796578975,0.991500942940917,0.9816102693954568,subprocess wall time including PPM I/O; codec_* fields are resident timing
chat_preview,ui_text,chat_ui,1200,800,512,341,CAPS,"q=44,tile=64,base=32",2768,0.12683284457478006,7.138250000025437,8.00591600000189,3.40987,4.41337,31.633385415146744,0.9332212445003031,0.9746950075614805,0.9780497187465133,0.9597054951646348,subprocess wall time including PPM I/O; codec_* fields are resident timing
chat_preview,ui_text,chat_ui,1200,800,512,341,CAPS,"q=44,tile=64,base=64",4851,0.22227822580645162,7.833458999982668,7.966124999995827,4.03833,4.58475,34.36547191278612,0.9638877964763158,0.9899724588336584,0.9917010094268407,0.9819457199747347,subprocess wall time including PPM I/O; codec_* fields are resident timing
chat_preview,ui_text,chat_ui,1200,800,512,341,CAPS,"q=45,tile=64,base=32",2788,0.12774926686217009,7.152709000024515,7.994666999991296,3.45337,4.41579,31.68371985023738,0.9339583589097602,0.9748960377605229,0.978057072027596,0.9602358214941817,subprocess wall time including PPM I/O; codec_* fields are resident timing
chat_preview,ui_text,chat_ui,1200,800,512,341,CAPS,"q=45,tile=64,base=64",4863,0.22282807917888564,7.912999999973636,8.548958000005769,3.987,4.63004,34.41458972135729,0.9642313233065668,0.9900266192999029,0.991726140756553,0.9821075020956845,subprocess wall time including PPM I/O; codec_* fields are resident timing
chat_preview,ui_text,chat_ui,1200,800,512,341,CAPS,"q=46,tile=64,base=32",2832,0.12976539589442815,7.136250000030486,8.17716599999585,3.38062,4.43329,31.759447241244064,0.9347019450389485,0.9757975455267602,0.9790163484640365,0.9612714876692524,subprocess wall time including PPM I/O; codec_* fields are resident timing
chat_preview,ui_text,chat_ui,1200,800,512,341,CAPS,"q=46,tile=64,base=64",4942,0.22644794721407624,7.783041000038793,7.982958000013696,3.91775,4.59379,34.497100031529,0.9648124771930465,0.9901721529341789,0.9918863101667519,0.9824296673979068,subprocess wall time including PPM I/O; codec_* fields are resident timing
chat_preview,ui_text,chat_ui,1200,800,512,341,CAPS,"q=47,tile=64,base=32",2870,0.1315065982404692,7.117874999948981,7.854124999994383,3.38358,4.4995,31.967901813799774,0.9359450203590063,0.9772967949700715,0.9805950202810559,0.9632512246720614,subprocess wall time including PPM I/O; codec_* fields are resident timing
chat_preview,ui_text,chat_ui,1200,800,512,341,CAPS,"q=47,tile=64,base=64",5068,0.23222140762463342,7.603041999971083,8.148415999983172,4.03125,4.64229,34.87030662465088,0.9663168192146593,0.991154696621568,0.9928074970771322,0.9841110251951273,subprocess wall time including PPM I/O; codec_* fields are resident timing
chat_preview,ui_text,chat_ui,1200,800,512,341,CAPS,"q=48,tile=64,base=32",2958,0.13553885630498533,7.402208000030441,8.401957999979004,3.57858,4.51579,32.027042334745275,0.9371234817574768,0.9779297459785266,0.9812706656886017,0.964191805567525,subprocess wall time including PPM I/O; codec_* fields are resident timing
chat_preview,ui_text,chat_ui,1200,800,512,341,CAPS,"q=48,tile=64,base=64",5163,0.23657441348973607,7.626707999975224,8.025291999956607,3.97583,4.62125,34.94356941827872,0.9669156063016985,0.991564256066337,0.993290296781857,0.9845096161823214,subprocess wall time including PPM I/O; codec_* fields are resident timing
chat_preview,ui_text,chat_ui,1200,800,512,341,CAPS,"q=49,tile=64,base=32",2989,0.13695931085043989,7.388124999977208,7.84012500002973,3.65637,4.49279,32.08185805364109,0.9377796082593405,0.9782095540991675,0.9813437604279378,0.9646676030392762,subprocess wall time including PPM I/O; codec_* fields are resident timing
chat_preview,ui_text,chat_ui,1200,800,512,341,CAPS,"q=49,tile=64,base=64",5198,0.23817815249266863,7.9551250000236,7.912124999961634,4.06462,4.59142,35.0139538628467,0.9672706852879095,0.9916693298627036,0.9933500333361833,0.9847517888122161,subprocess wall time including PPM I/O; codec_* fields are resident timing
chat_preview,ui_text,chat_ui,1200,800,512,341,CAPS,"q=50,tile=64,base=32",3027,0.13870051319648094,7.458374999998796,9.487166999974761,3.57237,4.87846,32.117364215691794,0.9383641350257838,0.9785062861110192,0.9816512754888768,0.9649871993552187,subprocess wall time including PPM I/O; codec_* fields are resident timing
chat_preview,ui_text,chat_ui,1200,800,512,341,CAPS,"q=50,tile=64,base=64",5275,0.24170637829912023,7.748499999991054,8.221165999998448,3.97104,4.603,35.08783682796753,0.9676934368674218,0.9918833273769003,0.9935550774350616,0.985089706896454,subprocess wall time including PPM I/O; codec_* fields are resident timing
chat_preview,ui_text,chat_ui,1200,800,512,341,CAPS,"q=51,tile=64,base=32",3089,0.14154142228739003,7.609584000022096,8.05462499999976,3.73575,4.53517,32.16672166037651,0.9389308465743609,0.9788264879493115,0.981867446475173,0.9656472657295799,subprocess wall time including PPM I/O; codec_* fields are resident timing
chat_preview,ui_text,chat_ui,1200,800,512,341,CAPS,"q=51,tile=64,base=64",5309,0.24326429618768328,8.173209000005954,8.141916999989007,4.03971,4.60037,35.18478973082204,0.968253865559039,0.9920423458887629,0.9936528000121774,0.9854324868722513,subprocess wall time including PPM I/O; codec_* fields are resident timing
chat_preview,ui_text,chat_ui,1200,800,512,341,CAPS,"q=52,tile=64,base=32",3131,0.1434659090909091,7.636375000004136,8.13962500001253,3.60262,4.54821,32.20025615133318,0.939554149730335,0.9791071691256404,0.9822035373100331,0.9659979491175872,subprocess wall time including PPM I/O; codec_* fields are resident timing
chat_preview,ui_text,chat_ui,1200,800,512,341,CAPS,"q=52,tile=64,base=64",5395,0.2472049120234604,7.886083000016697,8.229749999998148,4.04321,4.60187,35.25710111356644,0.9687621664861764,0.992146577297422,0.9937532865905605,0.9856576255219999,subprocess wall time including PPM I/O; codec_* fields are resident timing
chat_preview,ui_text,chat_ui,1200,800,512,341,CAPS,"q=53,tile=64,base=32",3184,0.14589442815249268,7.42395800000395,7.972540999958255,3.68421,4.49067,32.26965883544991,0.9406535584340522,0.9796148675501786,0.9825780764437572,0.9669846364922374,subprocess wall time including PPM I/O; codec_* fields are resident timing
chat_preview,ui_text,chat_ui,1200,800,512,341,CAPS,"q=53,tile=64,base=64",5482,0.25119134897360706,7.675000000006094,8.612083000002713,4.06604,4.71746,35.33268252603291,0.9697053002711011,0.992488807223566,0.993938970211369,0.9863280136164359,subprocess wall time including PPM I/O; codec_* fields are resident timing
chat_preview,ui_text,chat_ui,1200,800,512,341,CAPS,"q=54,tile=64,base=32",3218,0.14745234604105573,8.105208000017683,9.206167000002097,3.75862,4.56179,32.324434149025045,0.9412864807259916,0.9797617419425942,0.982595571837769,0.9675256727718858,subprocess wall time including PPM I/O; codec_* fields are resident timing
chat_preview,ui_text,chat_ui,1200,800,512,341,CAPS,"q=54,tile=64,base=64",5542,0.25394061583577715,7.78966699999728,8.054458000003706,4.09079,4.6025,35.3811517479132,0.9699291015775896,0.9925841663504705,0.9940148198830204,0.9865257501622751,subprocess wall time including PPM I/O; codec_* fields are resident timing
chat_preview,ui_text,chat_ui,1200,800,512,341,CAPS,"q=55,tile=64,base=32",3265,0.14960593841642228,7.6973339999995005,8.715584000015042,3.79796,4.52937,32.37608590353077,0.9418314246478191,0.9800166218977638,0.9827787380278603,0.9680437272099041,subprocess wall time including PPM I/O; codec_* fields are resident timing
chat_preview,ui_text,chat_ui,1200,800,512,341,CAPS,"q=55,tile=64,base=64",5651,0.25893511730205276,7.944041999962792,8.641000000011445,4.11767,4.72779,35.47009808171846,0.9703513429438267,0.9927408474744319,0.9941330589187638,0.9868775138793291,subprocess wall time including PPM I/O; codec_* fields are resident timing
chat_preview,ui_text,chat_ui,1200,800,512,341,CAPS,"q=56,tile=64,base=32",3326,0.15240102639296188,7.554583999990427,8.296416999996836,3.78796,4.55133,32.431149452465455,0.9426322983037231,0.980304527001128,0.9829721249444981,0.9684886203435842,subprocess wall time including PPM I/O; codec_* fields are resident timing
chat_preview,ui_text,chat_ui,1200,800,512,341,CAPS,"q=56,tile=64,base=64",5702,0.2612719941348974,7.88399999999001,8.059124999988398,4.08783,4.60654,35.574365965612046,0.9710456795108486,0.992978459830233,0.9943581797864156,0.987213034217351,subprocess wall time including PPM I/O; codec_* fields are resident timing
chat_preview,ui_text,chat_ui,1200,800,512,341,CAPS,"q=57,tile=64,base=32",3359,0.1539131231671554,7.565833000001021,8.648375000007036,3.84462,4.50904,32.47670050136928,0.9433976091000761,0.9808240120888159,0.9834636037466272,0.9690867156231431,subprocess wall time including PPM I/O; codec_* fields are resident timing
chat_preview,ui_text,chat_ui,1200,800,512,341,CAPS,"q=57,tile=64,base=64",5780,0.26484604105571846,7.969208000019989,8.479082999997445,4.10442,4.7325,35.6467358025573,0.971507218129107,0.9930874817477844,0.9944637824535206,0.9874621342991905,subprocess wall time including PPM I/O; codec_* fields are resident timing
chat_preview,ui_text,chat_ui,1200,800,512,341,CAPS,"q=58,tile=64,base=32",3378,0.15478372434017595,7.751874999996744,8.655083000007835,3.88204,4.54958,32.50939884264398,0.9437186488212741,0.9808056286456924,0.9834308497286767,0.9692278496696356,subprocess wall time including PPM I/O; codec_* fields are resident timing
chat_preview,ui_text,chat_ui,1200,800,512,341,CAPS,"q=58,tile=64,base=64",5798,0.2656708211143695,8.479834000013398,9.457958000041344,4.14233,4.88825,35.7268150262792,0.9719183645340624,0.9931056685201841,0.9944769216213206,0.9876079366317096,subprocess wall time including PPM I/O; codec_* fields are resident timing
chat_preview,ui_text,chat_ui,1200,800,512,341,CAPS,"q=59,tile=64,base=32",3451,0.15812866568914957,7.868000000030406,8.659000000022843,4.23362,4.58817,32.657267772698695,0.9451107821212666,0.9815679410906767,0.9840569616214526,0.969916639321835,subprocess wall time including PPM I/O; codec_* fields are resident timing
chat_preview,ui_text,chat_ui,1200,800,512,341,CAPS,"q=59,tile=64,base=64",5965,0.27332294721407624,8.424500000046464,8.447165999996287,4.15671,4.69196,36.09939372232377,0.9734305728517952,0.9935211829100526,0.9948510394792179,0.9882877342995946,subprocess wall time including PPM I/O; codec_* fields are resident timing
chat_preview,ui_text,chat_ui,1200,800,512,341,CAPS,"q=60,tile=64,base=32",3478,0.1593658357771261,7.3443329999918205,7.984667000016543,3.75179,4.46408,32.71178050281978,0.9455137933312795,0.981770244678823,0.9842617840640941,0.9702232744414627,subprocess wall time including PPM I/O; codec_* fields are resident timing
chat_preview,ui_text,chat_ui,1200,800,512,341,CAPS,"q=60,tile=64,base=64",6013,0.2755223607038123,7.835209000006671,8.65049999998746,4.07917,4.71904,36.18406224347646,0.9736914997503009,0.99354924504332,0.9948710463498948,0.9884480563284379,subprocess wall time including PPM I/O; codec_* fields are resident timing
chat_preview,ui_text,chat_ui,1200,800,512,341,CAPS,"q=61,tile=64,base=32",3536,0.16202346041055718,7.371875000046657,8.093916999996509,3.86296,4.53871,32.77500136848715,0.9464775115680754,0.9823551832160636,0.9849344371157347,0.9708909954642975,subprocess wall time including PPM I/O; codec_* fields are resident timing
chat_preview,ui_text,chat_ui,1200,800,512,341,CAPS,"q=61,tile=64,base=64",6120,0.28042521994134895,7.962667000015244,8.172416999968846,4.07454,4.65133,36.30084906522506,0.9742674421545857,0.9936824353275724,0.9949974636471699,0.9887295910428583,subprocess wall time including PPM I/O; codec_* fields are resident timing
chat_preview,ui_text,chat_ui,1200,800,512,341,CAPS,"q=62,tile=64,base=32",3594,0.16468108504398826,7.428416999971432,7.984792000002017,3.77012,4.503,32.88841230109434,0.9471338020892949,0.9827346841179349,0.9852073842738153,0.9713683565681799,subprocess wall time including PPM I/O; codec_* fields are resident timing
chat_preview,ui_text,chat_ui,1200,800,512,341,CAPS,"q=62,tile=64,base=64",6236,0.28574046920821117,7.694666000020334,8.127875000013773,4.05596,4.67225,36.48909765587547,0.9747300385514753,0.9938285497395253,0.9951319911130174,0.9889099698477205,subprocess wall time including PPM I/O; codec_* fields are resident timing
chat_preview,ui_text,chat_ui,1200,800,512,341,CAPS,"q=63,tile=64,base=32",3671,0.16820931085043989,7.52312500003427,7.95208299996375,3.84071,4.44637,32.94304284323596,0.9479595350193658,0.982864133428056,0.9851364636495866,0.9717395220421181,subprocess wall time including PPM I/O; codec_* fields are resident timing
chat_preview,ui_text,chat_ui,1200,800,512,341,CAPS,"q=63,tile=64,base=64",6366,0.2916972140762463,10.281541000040306,8.06362500003388,4.08838,4.64363,36.59125056499021,0.9752362227893553,0.9938905302138666,0.9951898891759,0.989151039424963,subprocess wall time including PPM I/O; codec_* fields are resident timing
chat_preview,ui_text,chat_ui,1200,800,512,341,CAPS,"q=64,tile=64,base=32",3721,0.17050036656891496,7.679209000002629,8.216624999988653,3.85583,4.54979,33.04593297561068,0.9490932709068086,0.9835731003511926,0.9858765315269915,0.9727426295837991,subprocess wall time including PPM I/O; codec_* fields are resident timing
chat_preview,ui_text,chat_ui,1200,800,512,341,CAPS,"q=64,tile=64,base=64",6424,0.29435483870967744,8.076165999966634,8.690542000010737,4.11433,4.775,36.73046092922491,0.9757587360994807,0.994028013708601,0.9953352175068185,0.989503080337281,subprocess wall time including PPM I/O; codec_* fields are resident timing
chat_preview,ui_text,chat_ui,1200,800,512,341,CAPS,"q=65,tile=64,base=32",3813,0.1747159090909091,7.6572919999762235,8.238624999989952,3.85025,4.44133,33.05748572179957,0.9492156438926638,0.9831893958267344,0.9854849527795008,0.9731586931926715,subprocess wall time including PPM I/O; codec_* fields are resident timing
chat_preview,ui_text,chat_ui,1200,800,512,341,CAPS,"q=65,tile=64,base=64",6629,0.30374816715542524,7.9622499999914,8.454209000035462,4.149,4.74108,36.71360227550865,0.976710184311373,0.9941150575203185,0.9953849883477454,0.9896467699521336,subprocess wall time including PPM I/O; codec_* fields are resident timing
chat_preview,ui_text,chat_ui,1200,800,512,341,CAPS,"q=66,tile=64,base=32",3864,0.17705278592375367,7.269417000031808,7.889416000011806,3.73704,4.48442,33.145436761819376,0.9502294921140487,0.9837082777144638,0.9860086180157956,0.9739622753215771,subprocess wall time including PPM I/O; codec_* fields are resident timing
chat_preview,ui_text,chat_ui,1200,800,512,341,CAPS,"q=66,tile=64,base=64",6706,0.3072763929618768,7.810792000043421,8.274625000012747,4.04862,4.58504,36.84190193149818,0.9772942244300156,0.9942290651430761,0.9954922078793043,0.9899158927709034,subprocess wall time including PPM I/O; codec_* fields are resident timing
chat_preview,ui_text,chat_ui,1200,800,512,341,CAPS,"q=67,tile=64,base=32",3921,0.17966458944281524,7.660999999984597,8.070916999997735,3.82254,4.49371,33.21109153626833,0.950937936819955,0.9841215698190219,0.986470118639484,0.9744503145841499,subprocess wall time including PPM I/O; codec_* fields are resident timing
chat_preview,ui_text,chat_ui,1200,800,512,341,CAPS,"q=67,tile=64,base=64",6793,0.3112628299120235,8.100042000023677,8.093750000000455,4.17071,4.64258,36.93026612270265,0.9777520916762964,0.9943353906981947,0.9955999569520012,0.9900974719759452,subprocess wall time including PPM I/O; codec_* fields are resident timing
chat_preview,ui_text,chat_ui,1200,800,512,341,CAPS,"q=68,tile=64,base=32",3973,0.18204728739002932,7.624832999965747,8.172709000007217,3.82121,4.55496,33.28909862665054,0.9514660496428955,0.9843780493269764,0.986621006611489,0.9749575931105826,subprocess wall time including PPM I/O; codec_* fields are resident timing
chat_preview,ui_text,chat_ui,1200,800,512,341,CAPS,"q=68,tile=64,base=64",6824,0.312683284457478,8.073374999980842,7.939333000024362,4.05075,4.53858,37.03279866931976,0.9781022871148695,0.9943789408628413,0.995655694517964,0.9902476943894356,subprocess wall time including PPM I/O; codec_* fields are resident timing
chat_preview,ui_text,chat_ui,1200,800,512,341,CAPS,"q=69,tile=64,base=32",4097,0.18772910557184752,8.18691699998908,8.606874999998126,3.98604,4.56971,33.367487977316856,0.9524186701700232,0.984891501213898,0.9871633187701313,0.9756374469903764,subprocess wall time including PPM I/O; codec_* fields are resident timing
chat_preview,ui_text,chat_ui,1200,800,512,341,CAPS,"q=69,tile=64,base=64",7020,0.3216642228739003,8.203958000024159,8.7282090000258,4.16637,4.78392,37.16106938277795,0.9786936193911023,0.9945206512587456,0.9957873219942407,0.9904919580991706,subprocess wall time including PPM I/O; codec_* fields are resident timing
chat_preview,ui_text,chat_ui,1200,800,512,341,CAPS,"q=70,tile=64,base=32",4152,0.19024926686217009,7.342958000037925,7.928624999976819,3.89463,4.44183,33.44007709093376,0.9533297158734908,0.985149047682095,0.9873574510525126,0.9762002266582894,subprocess wall time including PPM I/O; codec_* fields are resident timing
chat_preview,ui_text,chat_ui,1200,800,512,341,CAPS,"q=70,tile=64,base=64",7042,0.32267228739002934,9.098999999991975,9.966709000025276,4.46638,5.18029,37.271468192046584,0.9792634027233467,0.9946283211879229,0.9958971525966281,0.9907234638268346,subprocess wall time including PPM I/O; codec_* fields are resident timing
chat_preview,ui_text,chat_ui,1200,800,512,341,CAPS,"q=71,tile=64,base=32",4273,0.19579362170087977,7.842207999999573,8.309583000027487,3.88487,4.57071,33.568284132027394,0.9546627804863529,0.9863146312923264,0.9884085977233156,0.9772177249135081,subprocess wall time including PPM I/O; codec_* fields are resident timing
chat_preview,ui_text,chat_ui,1200,800,512,341,CAPS,"q=71,tile=64,base=64",7261,0.33270711143695014,11.270082999999431,11.601125000026968,5.76471,4.99658,37.464251309193486,0.980367392818574,0.9952060668345647,0.9964933029488059,0.9913149293335599,subprocess wall time including PPM I/O; codec_* fields are resident timing
chat_preview,ui_text,chat_ui,1200,800,512,341,CAPS,"q=72,tile=64,base=32",4329,0.19835960410557185,8.601124999984222,9.924791999992522,4.38037,5.20179,33.635514314721156,0.9551173709571072,0.9864597316994507,0.988517536373958,0.9775898994289164,subprocess wall time including PPM I/O; codec_* fields are resident timing
chat_preview,ui_text,chat_ui,1200,800,512,341,CAPS,"q=72,tile=64,base=64",7290,0.3340359237536657,8.491292000030626,9.486165999987861,4.32708,4.92804,37.50409568609217,0.9805005407024313,0.9952315583562745,0.9965138935460195,0.9913880323252265,subprocess wall time including PPM I/O; codec_* fields are resident timing
chat_preview,ui_text,chat_ui,1200,800,512,341,CAPS,"q=73,tile=64,base=32",4413,0.20220857771260997,7.709082999951988,8.290332999990824,3.87529,4.61246,33.74205152354723,0.956013126192922,0.9866884927444378,0.9886549487431849,0.9780497147433304,subprocess wall time including PPM I/O; codec_* fields are resident timing
chat_preview,ui_text,chat_ui,1200,800,512,341,CAPS,"q=73,tile=64,base=64",7357,0.3371059384164223,8.056625000051554,8.257791999994879,4.17946,4.68112,37.63187333955376,0.9810672629914859,0.9953188134690086,0.9965664658759751,0.9916008753962002,subprocess wall time including PPM I/O; codec_* fields are resident timing
chat_preview,ui_text,chat_ui,1200,800,512,341,CAPS,"q=74,tile=64,base=32",4562,0.2090359237536657,7.737959000053252,8.086957999978495,3.91396,4.57117,33.86565813927617,0.9568930022362023,0.9870883943672832,0.989109975817633,0.9788973932434331,subprocess wall time including PPM I/O; codec_* fields are resident timing
chat_preview,ui_text,chat_ui,1200,800,512,341,CAPS,"q=74,tile=64,base=64",7554,0.3461326979472141,8.194042000013724,8.332084000016948,4.22654,4.68583,37.770111192382636,0.9814950070673062,0.9953921240554857,0.9966385371489402,0.9918442615160585,subprocess wall time including PPM I/O; codec_* fields are resident timing
chat_preview,ui_text,chat_ui,1200,800,512,341,CAPS,"q=75,tile=64,base=32",4669,0.21393878299120234,8.933832999957758,9.711250000009386,4.322,5.07329,33.96204467456325,0.9577486375014495,0.9874431035321886,0.9892728130552043,0.9794810945072102,subprocess wall time including PPM I/O; codec_* fields are resident timing
chat_preview,ui_text,chat_ui,1200,800,512,341,CAPS,"q=75,tile=64,base=64",7632,0.3497067448680352,8.428250000008575,9.598083000014412,4.30837,4.79662,37.89308614912176,0.9819525307674124,0.995474483139359,0.9966770385478926,0.9920656357534444,subprocess wall time including PPM I/O; codec_* fields are resident timing
chat_preview,ui_text,chat_ui,1200,800,512,341,CAPS,"q=76,tile=64,base=32",4799,0.21989552785923755,8.000584000001254,8.50074999999606,4.02771,4.63504,34.083020905650244,0.9590795905884398,0.9879308555928649,0.9897779966032865,0.980129273351791,subprocess wall time including PPM I/O; codec_* fields are resident timing
chat_preview,ui_text,chat_ui,1200,800,512,341,CAPS,"q=76,tile=64,base=64",7769,0.35598423753665687,8.283500000004551,8.593249999989894,4.2255,4.69337,38.023507520594165,0.9825406969885592,0.9956529639867183,0.9968551084527311,0.9923045979416362,subprocess wall time including PPM I/O; codec_* fields are resident timing
chat_preview,ui_text,chat_ui,1200,800,512,341,CAPS,"q=77,tile=64,base=32",4983,0.2283266129032258,8.145916999978908,8.357208000006722,4.09321,4.5505,34.080508367180045,0.9600590143318156,0.9886368213482308,0.9905185663291513,0.9807259385768291,subprocess wall time including PPM I/O; codec_* fields are resident timing
chat_preview,ui_text,chat_ui,1200,800,512,341,CAPS,"q=77,tile=64,base=64",8182,0.37490835777126097,8.061958999974195,8.160459000009723,4.24996,4.78,37.89352262835529,0.9836260688020859,0.9964535645222576,0.9976356611722293,0.9925428879536757,subprocess wall time including PPM I/O; codec_* fields are resident timing
chat_preview,ui_text,chat_ui,1200,800,512,341,CAPS,"q=78,tile=64,base=32",5152,0.23607038123167157,7.912999999973636,8.162165999976878,3.98417,4.57942,34.250844944799226,0.9614837003719373,0.9890909696226018,0.9910213034233628,0.9814730038635676,subprocess wall time including PPM I/O; codec_* fields are resident timing
chat_preview,ui_text,chat_ui,1200,800,512,341,CAPS,"q=78,tile=64,base=64",8313,0.3809109237536657,9.613249999972595,11.402999999972963,4.8025,5.50687,38.00541317754811,0.9840808543657635,0.9965785011900697,0.9977437164635623,0.9927459395320325,subprocess wall time including PPM I/O; codec_* fields are resident timing
chat_preview,ui_text,chat_ui,1200,800,512,341,CAPS,"q=79,tile=64,base=32",5290,0.24239369501466276,7.943915999987894,8.246166000049016,3.96517,4.68962,34.39403940550454,0.9625864103460104,0.9894028805967471,0.9912918373195775,0.9821759289731826,subprocess wall time including PPM I/O; codec_* fields are resident timing
chat_preview,ui_text,chat_ui,1200,800,512,341,CAPS,"q=79,tile=64,base=64",8519,0.39035007331378296,8.297416999994311,8.443542000009074,4.25625,4.70967,38.161159723121045,0.9845534762188016,0.9966637381865646,0.9978305641231024,0.9929790455259477,subprocess wall time including PPM I/O; codec_* fields are resident timing
chat_preview,ui_text,chat_ui,1200,800,512,341,CAPS,"q=80,tile=64,base=32",5444,0.24945014662756598,7.541875000015352,8.214707999968596,3.95221,4.6335,34.54282800429615,0.9635056329099568,0.9897687570783527,0.9915544226724987,0.9828322586797035,subprocess wall time including PPM I/O; codec_* fields are resident timing
chat_preview,ui_text,chat_ui,1200,800,512,341,CAPS,"q=80,tile=64,base=64",8706,0.39891862170087977,8.247292000021389,8.228583999994044,4.29038,4.71708,38.285601276691665,0.9848208736792787,0.9967243993771658,0.9978594346395622,0.9931683592729555,subprocess wall time including PPM I/O; codec_* fields are resident timing
chat_preview,ui_text,chat_ui,1200,800,512,341,CAPS,"q=81,tile=64,base=32",5599,0.2565524193548387,7.9693750000160435,8.598082999981216,4.08042,4.73054,34.73333580746282,0.9649984378339904,0.9901891052627997,0.9919276962307777,0.9835381201908058,subprocess wall time including PPM I/O; codec_* fields are resident timing
chat_preview,ui_text,chat_ui,1200,800,512,341,CAPS,"q=81,tile=64,base=64",8840,0.40505865102639294,8.208792000004905,8.318791000021974,4.25662,4.69071,38.468386921473424,0.9854568298765911,0.9968569488565704,0.9979745330966644,0.9934074126704284,subprocess wall time including PPM I/O; codec_* fields are resident timing
chat_preview,ui_text,chat_ui,1200,800,512,341,CAPS,"q=82,tile=64,base=32",5728,0.2624633431085044,7.844374999990578,8.06416599999693,4.07833,4.64075,34.908775312088416,0.9661480512203675,0.9907621314819423,0.9925259602397704,0.9843151957592473,subprocess wall time including PPM I/O; codec_* fields are resident timing
chat_preview,ui_text,chat_ui,1200,800,512,341,CAPS,"q=82,tile=64,base=64",8966,0.41083211143695014,8.030791999999565,7.9380000000242035,4.29275,4.67942,38.55282995348933,0.9857668145509256,0.9969202938452296,0.9980472840005036,0.9935338486329941,subprocess wall time including PPM I/O; codec_* fields are resident timing
chat_preview,ui_text,chat_ui,1200,800,512,341,CAPS,"q=83,tile=64,base=32",5911,0.2708486070381232,7.942915999990419,8.157166999978926,4.06958,4.63746,35.1312342144856,0.9676824168179183,0.9916626138818959,0.9932845422306138,0.9854546738957507,subprocess wall time including PPM I/O; codec_* fields are resident timing
chat_preview,ui_text,chat_ui,1200,800,512,341,CAPS,"q=83,tile=64,base=64",9178,0.42054618768328444,8.162707999986196,8.24666599999091,4.37237,4.67087,38.76109634349951,0.9865780929190889,0.9971318730780871,0.9981617355143366,0.994130085708311,subprocess wall time including PPM I/O; codec_* fields are resident timing
chat_preview,ui_text,chat_ui,1200,800,512,341,CAPS,"q=84,tile=64,base=32",6140,0.28134164222873903,7.843916000012996,8.14641700003449,4.13792,4.63454,35.357419530444915,0.9693503009072648,0.9921051468169587,0.9936661555296735,0.9863260653969237,subprocess wall time including PPM I/O; codec_* fields are resident timing
chat_preview,ui_text,chat_ui,1200,800,512,341,CAPS,"q=84,tile=64,base=64",9505,0.43552969208211145,8.396542000014051,8.395500000005995,4.37133,4.79296,38.91040379839056,0.9870275245383905,0.997180036497611,0.9982002968396263,0.9942999037619097,subprocess wall time including PPM I/O; codec_* fields are resident timing
chat_preview,ui_text,chat_ui,1200,800,512,341,CAPS,"q=85,tile=64,base=32",6320,0.2895894428152493,8.277250000048753,8.241166000004796,4.06342,4.64633,35.55808429981869,0.9704573453757267,0.9925094306148624,0.9939607583616995,0.9870933410686501,subprocess wall time including PPM I/O; codec_* fields are resident timing
chat_preview,ui_text,chat_ui,1200,800,512,341,CAPS,"q=85,tile=64,base=64",9662,0.4427236070381232,8.341665999978432,8.456500000022515,4.33763,4.88958,39.07606149150436,0.9875264547466044,0.9973036119812683,0.9982718155314797,0.9945501588776945,subprocess wall time including PPM I/O; codec_* fields are resident timing
chat_preview,ui_text,chat_ui,1200,800,512,341,CAPS,"q=86,tile=64,base=32",6563,0.3007239736070381,8.056040999974812,8.572167000011177,4.28429,4.61208,35.8347468488633,0.9725073972895056,0.9930193315524322,0.994469560668818,0.9879961875585271,subprocess wall time including PPM I/O; codec_* fields are resident timing
chat_preview,ui_text,chat_ui,1200,800,512,341,CAPS,"q=86,tile=64,base=64",9891,0.45321664222873903,8.188791000009132,8.39650000000347,4.43562,4.7905,39.182064368706506,0.9879639030604187,0.9974314091683493,0.9984161747004134,0.9947288995492785,subprocess wall time including PPM I/O; codec_* fields are resident timing
chat_preview,ui_text,chat_ui,1200,800,512,341,CAPS,"q=87,tile=64,base=32",6753,0.3094299853372434,8.60325000002149,9.209458000043469,4.26883,4.88204,36.05205992848025,0.9735982773755217,0.9933078262673791,0.9947251794314508,0.9885142057445835,subprocess wall time including PPM I/O; codec_* fields are resident timing
chat_preview,ui_text,chat_ui,1200,800,512,341,CAPS,"q=87,tile=64,base=64",10053,0.46063966275659823,8.426916000018991,9.137415999987297,4.47108,4.86117,39.30854758335635,0.9882809352690712,0.9974891069368518,0.9984723443486214,0.9948398193946615,subprocess wall time including PPM I/O; codec_* fields are resident timing
chat_preview,ui_text,chat_ui,1200,800,512,341,CAPS,"q=88,tile=64,base=32",6953,0.3185942082111437,8.638292000000547,8.976416999985304,4.40646,4.82212,36.283788935281045,0.9745731715807228,0.9934196129414715,0.994815517971443,0.9890704814095095,subprocess wall time including PPM I/O; codec_* fields are resident timing
chat_preview,ui_text,chat_ui,1200,800,512,341,CAPS,"q=88,tile=64,base=64",10319,0.47282807917888564,8.629499999983636,8.759749999967426,4.44683,4.83104,39.41971896617091,0.9885154901841465,0.9975232389546563,0.9984889083906303,0.9949906294732,subprocess wall time including PPM I/O; codec_* fields are resident timing
chat_preview,ui_text,chat_ui,1200,800,512,341,CAPS,"q=89,tile=64,base=32",7296,0.3343108504398827,7.966457999998511,8.310582999968119,4.29413,4.69842,36.33943903564077,0.9757850986628297,0.9934112846780251,0.9947471578219357,0.989326651903399,subprocess wall time including PPM I/O; codec_* fields are resident timing
chat_preview,ui_text,chat_ui,1200,800,512,341,CAPS,"q=89,tile=64,base=64",10884,0.49871700879765396,7.983541999976751,8.28945900002509,4.37083,4.71429,39.29728415877519,0.9886039549384408,0.9973973430402863,0.9983373173039382,0.9949438627261014,subprocess wall time including PPM I/O; codec_* fields are resident timing
chat_preview,ui_text,chat_ui,1200,800,512,341,CAPS,"q=90,tile=64,base=32",7477,0.34260447214076245,8.199916000023677,7.998500000041986,4.30825,4.65942,36.64523352344486,0.9771519357089701,0.9937343977560235,0.9951099226762973,0.9899433225010977,subprocess wall time including PPM I/O; codec_* fields are resident timing
chat_preview,ui_text,chat_ui,1200,800,512,341,CAPS,"q=90,tile=64,base=64",11061,0.5068273460410557,8.43604200002801,8.217042000012498,4.44079,4.73646,39.42411464273617,0.9890939276161079,0.9975217204303909,0.9984285837279087,0.9950899039897877,subprocess wall time including PPM I/O; codec_* fields are resident timing
chat_preview,ui_text,chat_ui,1200,800,512,341,CAPS,"q=91,tile=64,base=32",7774,0.3562133431085044,8.248917000003075,8.161625000013828,4.32929,4.70258,36.93528516714623,0.9790132742183747,0.9943315481062909,0.9956684860966711,0.9906747829133071,subprocess wall time including PPM I/O; codec_* fields are resident timing
chat_preview,ui_text,chat_ui,1200,800,512,341,CAPS,"q=91,tile=64,base=64",11508,0.5273093841642229,8.164374999978463,8.250916999998026,4.481,4.83617,39.61839016115497,0.9897788086249685,0.9977624047322609,0.9986891987457811,0.9952833756392843,subprocess wall time including PPM I/O; codec_* fields are resident timing
chat_preview,ui_text,chat_ui,1200,800,512,341,CAPS,"q=92,tile=64,base=32",7999,0.3665230938416422,8.0325409999773,8.41491699998187,4.29504,4.76437,37.209522454401714,0.9802983124888848,0.9946022629456569,0.9958610839644488,0.9912634144106253,subprocess wall time including PPM I/O; codec_* fields are resident timing
chat_preview,ui_text,chat_ui,1200,800,512,341,CAPS,"q=92,tile=64,base=64",11696,0.5359237536656891,8.128125000041564,8.223333999978877,4.55387,4.79408,39.75177712103957,0.9901912006594373,0.9977989592131481,0.9987094231578318,0.9954274604260541,subprocess wall time including PPM I/O; codec_* fields are resident timing
chat_preview,ui_text,chat_ui,1200,800,512,341,CAPS,"q=93,tile=64,base=32",8288,0.37976539589442815,8.446541000012076,8.994250000000648,4.36637,4.88892,37.48594466990714,0.981234230641201,0.9947307042528442,0.9959291077468421,0.9917552399756667,subprocess wall time including PPM I/O; codec_* fields are resident timing
chat_preview,ui_text,chat_ui,1200,800,512,341,CAPS,"q=93,tile=64,base=64",12071,0.5531066715542522,8.715624999979354,8.709624999994503,4.51683,4.81004,39.85463116180097,0.9903365745734565,0.997820641370662,0.9987281005156806,0.9955361780359532,subprocess wall time including PPM I/O; codec_* fields are resident timing
chat_preview,ui_text,chat_ui,1200,800,512,341,CAPS,"q=94,tile=64,base=32",8740,0.4004765395894428,7.972332999997889,8.317083000008552,4.32171,4.77912,37.83016909054411,0.9827941965747765,0.9952698578071102,0.9964815630282909,0.9925192315852147,subprocess wall time including PPM I/O; codec_* fields are resident timing
chat_preview,ui_text,chat_ui,1200,800,512,341,CAPS,"q=94,tile=64,base=64",12566,0.5757881231671554,8.527875000027052,8.542417000001024,4.58592,4.86621,40.03168196726715,0.9909321912333425,0.9979628125849404,0.9988751624849734,0.9957194986347221,subprocess wall time including PPM I/O; codec_* fields are resident timing
chat_preview,ui_text,chat_ui,1200,800,512,341,CAPS,"q=95,tile=64,base=32",15468,0.7087609970674487,11.89633300003834,9.771124999986114,7.60942,5.11963,47.01691176087705,0.9959416346781834,0.9986953642819959,0.998831824837067,0.9987688705417564,subprocess wall time including PPM I/O; codec_* fields are resident timing
chat_preview,ui_text,chat_ui,1200,800,512,341,CAPS,"q=95,tile=64,base=64",19034,0.8721590909090909,12.395666000031724,9.590042000013455,7.92667,5.22542,50.90420885860198,0.9980999033521526,0.9994907414209901,0.9995737642508693,0.999503122258724,subprocess wall time including PPM I/O; codec_* fields are resident timing
chat_preview,ui_text,chat_ui,1200,800,512,341,CAPS,"q=96,tile=64,base=32",16372,0.7501832844574781,11.744540999984565,9.095916999967812,7.62933,5.05162,47.36835403234724,0.9959985164489473,0.998713244203539,0.9988718726598848,0.9988320773475448,subprocess wall time including PPM I/O; codec_* fields are resident timing
chat_preview,ui_text,chat_ui,1200,800,512,341,CAPS,"q=96,tile=64,base=64",19925,0.9129857038123167,12.467125000000578,10.060791999990215,8.14146,5.37621,51.47894050551035,0.9984724673656755,0.9996260298675014,0.9996784919337524,0.9995939833845865,subprocess wall time including PPM I/O; codec_* fields are resident timing
chat_preview,ui_text,chat_ui,1200,800,512,341,CAPS,"q=97,tile=64,base=32",17007,0.7792796920821115,13.496791999955349,10.012125000002925,8.42167,5.261,48.22210191680226,0.9966092504716904,0.9988683719945756,0.9990139250833453,0.9990083734064304,subprocess wall time including PPM I/O; codec_* fields are resident timing
chat_preview,ui_text,chat_ui,1200,800,512,341,CAPS,"q=97,tile=64,base=64",20875,0.9565157624633431,12.290041000028396,9.52004099997339,8.11408,5.24808,52.02327959379935,0.9985470273122182,0.9996665161466917,0.9997205473708916,0.9996347132538653,subprocess wall time including PPM I/O; codec_* fields are resident timing
chat_preview,ui_text,chat_ui,1200,800,512,341,CAPS,"q=98,tile=64,base=32",17699,0.8109879032258065,12.892125000007582,9.79179099999783,8.02662,5.239,48.11582993429951,0.9966514915189091,0.9987471707759354,0.9989073148348396,0.998929291424381,subprocess wall time including PPM I/O; codec_* fields are resident timing
chat_preview,ui_text,chat_ui,1200,800,512,341,CAPS,"q=98,tile=64,base=64",21905,1.0037115102639296,12.920707999967362,10.425750000024436,8.34917,5.96812,51.75563472414979,0.998445949992726,0.99957633347885,0.9996767663507122,0.9995771941499004,subprocess wall time including PPM I/O; codec_* fields are resident timing
chat_preview,ui_text,chat_ui,1200,800,512,341,CAPS,"q=99,tile=64,base=32",18669,0.8554343841642229,12.163542000052985,10.261500000012802,7.90254,5.23017,48.526100265216016,0.9970685695715096,0.998839207119174,0.9989941889238321,0.9989750439059802,subprocess wall time including PPM I/O; codec_* fields are resident timing
chat_preview,ui_text,chat_ui,1200,800,512,341,CAPS,"q=99,tile=64,base=64",22608,1.0359237536656891,12.306582999997318,9.95845899996084,8.25479,5.3645,52.337680704600764,0.9987193605788506,0.9995997312783623,0.9997022229038757,0.99959373725411,subprocess wall time including PPM I/O; codec_* fields are resident timing
chat_preview,ui_text,chat_ui,1200,800,512,341,CAPS,"q=100,tile=64,base=32",36224,1.6598240469208212,13.985165999997662,10.324791000016376,9.47075,5.969,99.0,1.0,1.0,0.9999999999975234,1.0,subprocess wall time including PPM I/O; codec_* fields are resident timing
chat_preview,ui_text,chat_ui,1200,800,512,341,CAPS,"q=100,tile=64,base=64",35602,1.6313233137829912,13.326833999997234,10.054792000005364,9.27487,5.988,99.0,1.0,1.0,0.9999999999975234,1.0,subprocess wall time including PPM I/O; codec_* fields are resident timing
chat_preview,ui_text,chat_ui,1200,800,512,341,JPEG,"seq420,q=1",1508,0.0690982404692082,0.6243330000188507,0.3280829999994239,nan,nan,24.440639836755395,0.8377473458402447,0.8611239525669446,0.8627587006435252,0.7077021873850867,Pillow wall time including file I/O
chat_preview,ui_text,chat_ui,1200,800,512,341,JPEG,"prog420,q=1",1845,0.0845399560117302,0.8027499999911925,0.6001250000053915,nan,nan,24.440639836755395,0.8377473458402447,0.8611239525669446,0.8627587006435252,0.7077021873850867,Pillow wall time including file I/O
chat_preview,ui_text,chat_ui,1200,800,512,341,JPEG,"seq444,q=1",2553,0.11698130498533724,0.8392919999664628,0.3550829999880989,nan,nan,24.58228317239859,0.8403593806119023,0.8645215265366831,0.8630183618234382,0.7235950629254371,Pillow wall time including file I/O
chat_preview,ui_text,chat_ui,1200,800,512,341,JPEG,"prog444,q=1",2915,0.13356854838709678,1.1804999999753818,0.7740839999996751,nan,nan,24.58228317239859,0.8403593806119023,0.8645215265366831,0.8630183618234382,0.7235950629254371,Pillow wall time including file I/O
chat_preview,ui_text,chat_ui,1200,800,512,341,JPEG,"seq420,q=2",1508,0.0690982404692082,0.5470420000506238,0.3043330000309652,nan,nan,24.440542987074988,0.8377460209533076,0.8611258571990289,0.8627655848842543,0.707714051437088,Pillow wall time including file I/O
chat_preview,ui_text,chat_ui,1200,800,512,341,JPEG,"prog420,q=2",1845,0.0845399560117302,0.7807089999687378,0.5727500000034524,nan,nan,24.440542987074988,0.8377460209533076,0.8611258571990289,0.8627655848842543,0.707714051437088,Pillow wall time including file I/O
chat_preview,ui_text,chat_ui,1200,800,512,341,JPEG,"seq444,q=2",2553,0.11698130498533724,0.8290000000101827,0.3426250000302389,nan,nan,24.582397153266694,0.8403615348060994,0.8645253617183238,0.8630242152684215,0.7236143943561969,Pillow wall time including file I/O
chat_preview,ui_text,chat_ui,1200,800,512,341,JPEG,"prog444,q=2",2915,0.13356854838709678,1.3333750000015243,0.7780830000001515,nan,nan,24.582397153266694,0.8403615348060994,0.8645253617183238,0.8630242152684215,0.7236143943561969,Pillow wall time including file I/O
chat_preview,ui_text,chat_ui,1200,800,512,341,JPEG,"seq420,q=3",1569,0.0718933284457478,0.5505000000312066,0.30424999999922875,nan,nan,24.601946980519326,0.8482263540978939,0.8766348875280942,0.8788389362531962,0.7185126767316107,Pillow wall time including file I/O
chat_preview,ui_text,chat_ui,1200,800,512,341,JPEG,"prog420,q=3",1930,0.08843475073313783,0.9093329999814159,0.7597910000072261,nan,nan,24.601946980519326,0.8482263540978939,0.8766348875280942,0.8788389362531962,0.7185126767316107,Pillow wall time including file I/O
chat_preview,ui_text,chat_ui,1200,800,512,341,JPEG,"seq444,q=3",2615,0.11982221407624634,1.0528330000170172,0.3564579999988382,nan,nan,24.740538322059237,0.850329520467814,0.8798388381083048,0.8790629983599617,0.734200189096088,Pillow wall time including file I/O
chat_preview,ui_text,chat_ui,1200,800,512,341,JPEG,"prog444,q=3",3000,0.1374633431085044,1.195875000007618,0.7897919999777514,nan,nan,24.740538322059237,0.850329520467814,0.8798388381083048,0.8790629983599617,0.734200189096088,Pillow wall time including file I/O
chat_preview,ui_text,chat_ui,1200,800,512,341,JPEG,"seq420,q=4",1733,0.07940799120234604,0.5671659999961776,0.30962499999986903,nan,nan,28.111512066674518,0.9065883985679407,0.9413341000411255,0.9470961554099414,0.8802458274957841,Pillow wall time including file I/O
chat_preview,ui_text,chat_ui,1200,800,512,341,JPEG,"prog420,q=4",2093,0.09590359237536657,0.790708000010909,0.5757920000064587,nan,nan,28.111512066674518,0.9065883985679407,0.9413341000411255,0.9470961554099414,0.8802458274957841,Pillow wall time including file I/O
chat_preview,ui_text,chat_ui,1200,800,512,341,JPEG,"seq444,q=4",2746,0.12582478005865103,0.8678329999725065,0.36550000004353933,nan,nan,28.45370208581478,0.9083604245866086,0.9451496721619815,0.9477328334775373,0.8974461229005746,Pillow wall time including file I/O
chat_preview,ui_text,chat_ui,1200,800,512,341,JPEG,"prog444,q=4",3131,0.1434659090909091,1.2012499999514148,0.7807089999687378,nan,nan,28.45370208581478,0.9083604245866086,0.9451496721619815,0.9477328334775373,0.8974461229005746,Pillow wall time including file I/O
chat_preview,ui_text,chat_ui,1200,800,512,341,JPEG,"seq420,q=5",1892,0.08669354838709678,0.5862089999482123,0.2987080000025344,nan,nan,28.535465441228865,0.9151545305363257,0.9592470038285263,0.9658684396815697,0.9026653724058241,Pillow wall time including file I/O
chat_preview,ui_text,chat_ui,1200,800,512,341,JPEG,"prog420,q=5",2186,0.1001649560117302,0.8611249999717074,0.5641669999931764,nan,nan,28.535465441228865,0.9151545305363257,0.9592470038285263,0.9658684396815697,0.9026653724058241,Pillow wall time including file I/O
chat_preview,ui_text,chat_ui,1200,800,512,341,JPEG,"seq444,q=5",2905,0.13311033724340177,0.8609170000113409,0.3632079999533744,nan,nan,28.88518304627329,0.9171647599564424,0.9625613683896149,0.9663491008460785,0.9173743566720717,Pillow wall time including file I/O
chat_preview,ui_text,chat_ui,1200,800,512,341,JPEG,"prog444,q=5",3274,0.1500183284457478,1.1925420000125087,0.7956250000233922,nan,nan,28.88518304627329,0.9171647599564424,0.9625613683896149,0.9663491008460785,0.9173743566720717,Pillow wall time including file I/O
chat_preview,ui_text,chat_ui,1200,800,512,341,JPEG,"seq420,q=6",2059,0.09434567448680352,0.5766250000078799,0.3203330000474125,nan,nan,28.199886843791408,0.9075346979980834,0.9511246264191633,0.9561216515551756,0.9094988179064276,Pillow wall time including file I/O
chat_preview,ui_text,chat_ui,1200,800,512,341,JPEG,"prog420,q=6",2409,0.11038306451612903,0.8822500000178479,0.6296669999983351,nan,nan,28.199886843791408,0.9075346979980834,0.9511246264191633,0.9561216515551756,0.9094988179064276,Pillow wall time including file I/O
chat_preview,ui_text,chat_ui,1200,800,512,341,JPEG,"seq444,q=6",3070,0.14067082111436952,0.9070840000049429,0.3558329999577836,nan,nan,28.473769239591626,0.9093790273486161,0.9535849495820298,0.9564414905915775,0.9205565754675085,Pillow wall time including file I/O
chat_preview,ui_text,chat_ui,1200,800,512,341,JPEG,"prog444,q=6",3458,0.15844941348973607,1.2732920000075865,0.7810829999925772,nan,nan,28.473769239591626,0.9093790273486161,0.9535849495820298,0.9564414905915775,0.9205565754675085,Pillow wall time including file I/O
chat_preview,ui_text,chat_ui,1200,800,512,341,JPEG,"seq420,q=7",2184,0.1000733137829912,0.5838339999968412,0.3145000000017717,nan,nan,29.303378485639872,0.9236155347128303,0.9652419120179846,0.969749069867173,0.9225988805254826,Pillow wall time including file I/O
chat_preview,ui_text,chat_ui,1200,800,512,341,JPEG,"prog420,q=7",2530,0.1159274193548387,0.8522499999799038,0.5885000000489526,nan,nan,29.303378485639872,0.9236155347128303,0.9652419120179846,0.969749069867173,0.9225988805254826,Pillow wall time including file I/O
chat_preview,ui_text,chat_ui,1200,800,512,341,JPEG,"seq444,q=7",3232,0.14809384164222875,0.8977499999787142,0.35479100000657127,nan,nan,29.63732753399006,0.9248929387679136,0.967199383762572,0.9698146574821133,0.9326340164368143,Pillow wall time including file I/O
chat_preview,ui_text,chat_ui,1200,800,512,341,JPEG,"prog444,q=7",3617,0.1657349706744868,1.2327910000067277,0.7687500000201908,nan,nan,29.63732753399006,0.9248929387679136,0.967199383762572,0.9698146574821133,0.9326340164368143,Pillow wall time including file I/O
chat_preview,ui_text,chat_ui,1200,800,512,341,JPEG,"seq420,q=8",2331,0.10680901759530792,0.5953749999889624,0.31662499998219573,nan,nan,30.241473694865256,0.9277969179987049,0.9681378468108117,0.9724200540757142,0.9414708097693283,Pillow wall time including file I/O
chat_preview,ui_text,chat_ui,1200,800,512,341,JPEG,"prog420,q=8",2630,0.12050953079178886,0.8292500000379732,0.5659999999920728,nan,nan,30.241473694865256,0.9277969179987049,0.9681378468108117,0.9724200540757142,0.9414708097693283,Pillow wall time including file I/O
chat_preview,ui_text,chat_ui,1200,800,512,341,JPEG,"seq444,q=8",3395,0.15556268328445746,0.8403329999850939,0.3394999999954962,nan,nan,30.603755232645597,0.9291767230817266,0.9697263222696298,0.9724340582425725,0.9488241004679884,Pillow wall time including file I/O
chat_preview,ui_text,chat_ui,1200,800,512,341,JPEG,"prog444,q=8",3789,0.17361620234604105,1.1968339999839372,0.7650000000012369,nan,nan,30.603755232645597,0.9291767230817266,0.9697263222696298,0.9724340582425725,0.9488241004679884,Pillow wall time including file I/O
chat_preview,ui_text,chat_ui,1200,800,512,341,JPEG,"seq420,q=9",2474,0.11336143695014662,0.5647499999668071,0.3301250000049549,nan,nan,30.479522458598854,0.934352350827789,0.9745401135452556,0.9784184471171252,0.9430687834710796,Pillow wall time including file I/O
chat_preview,ui_text,chat_ui,1200,800,512,341,JPEG,"prog420,q=9",2791,0.1278867302052786,0.8921250000071268,0.5801249999990432,nan,nan,30.479522458598854,0.934352350827789,0.9745401135452556,0.9784184471171252,0.9430687834710796,Pillow wall time including file I/O
chat_preview,ui_text,chat_ui,1200,800,512,341,JPEG,"seq444,q=9",3515,0.16106121700879766,0.8605829999623893,0.3652500000157488,nan,nan,30.85865291425812,0.9362934813814886,0.9762054443035826,0.978531608843501,0.9505020425070992,Pillow wall time including file I/O
chat_preview,ui_text,chat_ui,1200,800,512,341,JPEG,"prog444,q=9",3928,0.17998533724340177,1.2354589999858945,0.7829169999808983,nan,nan,30.85865291425812,0.9362934813814886,0.9762054443035826,0.978531608843501,0.9505020425070992,Pillow wall time including file I/O
chat_preview,ui_text,chat_ui,1200,800,512,341,JPEG,"seq420,q=10",2611,0.11963892961876833,0.5990000000224427,0.31883400004062423,nan,nan,30.37115240881201,0.937233717096488,0.9778942581258901,0.9817196778290407,0.9471511294352414,Pillow wall time including file I/O
chat_preview,ui_text,chat_ui,1200,800,512,341,JPEG,"prog420,q=10",2887,0.13228555718475074,0.8527090000143289,0.5696669999792903,nan,nan,30.37115240881201,0.937233717096488,0.9778942581258901,0.9817196778290407,0.9471511294352414,Pillow wall time including file I/O
chat_preview,ui_text,chat_ui,1200,800,512,341,JPEG,"seq444,q=10",3655,0.16747617302052786,0.8342500000253494,0.33808300003101976,nan,nan,30.74207058254098,0.9390633363118788,0.9793748597932294,0.9818441095589252,0.9543141531058253,Pillow wall time including file I/O
chat_preview,ui_text,chat_ui,1200,800,512,341,JPEG,"prog444,q=10",4050,0.18557551319648094,1.2174170000207596,0.7992500000000291,nan,nan,30.74207058254098,0.9390633363118788,0.9793748597932294,0.9818441095589252,0.9543141531058253,Pillow wall time including file I/O
chat_preview,ui_text,chat_ui,1200,800,512,341,JPEG,"seq420,q=11",2722,0.12472507331378299,0.5606249999914326,0.3011669999750666,nan,nan,30.84928289966705,0.9372780192567362,0.9722681097446436,0.9762617760777016,0.9525382612304637,Pillow wall time including file I/O
chat_preview,ui_text,chat_ui,1200,800,512,341,JPEG,"prog420,q=11",2997,0.1373258797653959,0.9488750000059554,0.680083000020204,nan,nan,30.84928289966705,0.9372780192567362,0.9722681097446436,0.9762617760777016,0.9525382612304637,Pillow wall time including file I/O
chat_preview,ui_text,chat_ui,1200,800,512,341,JPEG,"seq444,q=11",3825,0.1752657624633431,0.8958750000260807,0.3904579999698399,nan,nan,31.28795959651854,0.9390826829416251,0.9738512234944551,0.9762968401577288,0.9605121899957947,Pillow wall time including file I/O
chat_preview,ui_text,chat_ui,1200,800,512,341,JPEG,"prog444,q=11",4217,0.1932276392961877,1.3414169999919068,0.8312499999760803,nan,nan,31.28795959651854,0.9390826829416251,0.9738512234944551,0.9762968401577288,0.9605121899957947,Pillow wall time including file I/O
chat_preview,ui_text,chat_ui,1200,800,512,341,JPEG,"seq420,q=12",2858,0.13095674486803519,0.7715410000059819,0.3203750000011496,nan,nan,31.4025169256427,0.9449097611721992,0.9839161224071059,0.9876362618861394,0.9625678792707625,Pillow wall time including file I/O
chat_preview,ui_text,chat_ui,1200,800,512,341,JPEG,"prog420,q=12",3120,0.1429618768328446,0.8747919999905207,0.5961250000154905,nan,nan,31.4025169256427,0.9449097611721992,0.9839161224071059,0.9876362618861394,0.9625678792707625,Pillow wall time including file I/O
chat_preview,ui_text,chat_ui,1200,800,512,341,JPEG,"seq444,q=12",3936,0.18035190615835778,1.6155000000139808,0.3943329999742673,nan,nan,31.905746346416983,0.9466595627994856,0.9854056780517929,0.987657654465977,0.9699773318096087,Pillow wall time including file I/O
chat_preview,ui_text,chat_ui,1200,800,512,341,JPEG,"prog444,q=12",4302,0.1971224340175953,1.2617919999797778,0.821499999972275,nan,nan,31.905746346416983,0.9466595627994856,0.9854056780517929,0.987657654465977,0.9699773318096087,Pillow wall time including file I/O
chat_preview,ui_text,chat_ui,1200,800,512,341,JPEG,"seq420,q=13",2964,0.13581378299120234,0.6222920000027443,0.3189590000260978,nan,nan,31.62747318143268,0.9470786210797995,0.9851284282414724,0.9890173848434549,0.9663045650116301,Pillow wall time including file I/O
chat_preview,ui_text,chat_ui,1200,800,512,341,JPEG,"prog420,q=13",3222,0.14763563049853373,0.8675419999804035,0.5962920000115446,nan,nan,31.62747318143268,0.9470786210797995,0.9851284282414724,0.9890173848434549,0.9663045650116301,Pillow wall time including file I/O
chat_preview,ui_text,chat_ui,1200,800,512,341,JPEG,"seq444,q=13",4048,0.18548387096774194,0.8633749999944484,0.35724999997910345,nan,nan,32.129461507242354,0.9489283072941221,0.986865259016006,0.9890909786101382,0.9734495430677674,Pillow wall time including file I/O
chat_preview,ui_text,chat_ui,1200,800,512,341,JPEG,"prog444,q=13",4439,0.203399926686217,1.221208000004026,0.7794999999646279,nan,nan,32.129461507242354,0.9489283072941221,0.986865259016006,0.9890909786101382,0.9734495430677674,Pillow wall time including file I/O
chat_preview,ui_text,chat_ui,1200,800,512,341,JPEG,"seq420,q=14",3086,0.14140395894428154,0.5872499999668435,0.3140409999673466,nan,nan,31.390033319198125,0.9454665534463796,0.9817263435893745,0.9892347992782415,0.9633162481023422,Pillow wall time including file I/O
chat_preview,ui_text,chat_ui,1200,800,512,341,JPEG,"prog420,q=14",3402,0.155883431085044,0.8974589999866112,0.7179159999850526,nan,nan,31.390033319198125,0.9454665534463796,0.9817263435893745,0.9892347992782415,0.9633162481023422,Pillow wall time including file I/O
chat_preview,ui_text,chat_ui,1200,800,512,341,JPEG,"seq444,q=14",4207,0.19276942815249268,0.854833999994753,0.3609589999769014,nan,nan,31.867680800150055,0.9483209617636478,0.9831497539104977,0.9892940182964044,0.9688896174437355,Pillow wall time including file I/O
chat_preview,ui_text,chat_ui,1200,800,512,341,JPEG,"prog444,q=14",4594,0.21050219941348974,1.2575420000189297,0.9569169999963378,nan,nan,31.867680800150055,0.9483209617636478,0.9831497539104977,0.9892940182964044,0.9688896174437355,Pillow wall time including file I/O
chat_preview,ui_text,chat_ui,1200,800,512,341,JPEG,"seq420,q=15",3176,0.14552785923753667,0.6302079999613852,0.46300000002474917,nan,nan,31.16987885572939,0.9434855590241935,0.9781780572480767,0.9874243966317461,0.9613530070696057,Pillow wall time including file I/O
chat_preview,ui_text,chat_ui,1200,800,512,341,JPEG,"prog420,q=15",3446,0.15789956011730205,0.9004579999896123,0.7185000000049513,nan,nan,31.16987885572939,0.9434855590241935,0.9781780572480767,0.9874243966317461,0.9613530070696057,Pillow wall time including file I/O
chat_preview,ui_text,chat_ui,1200,800,512,341,JPEG,"seq444,q=15",4314,0.19767228739002932,0.9325419999868245,0.5010830000173883,nan,nan,31.685572766742673,0.9473313283192777,0.983005362948043,0.9867807070045752,0.9707033004975607,Pillow wall time including file I/O
chat_preview,ui_text,chat_ui,1200,800,512,341,JPEG,"prog444,q=15",4685,0.21467192082111436,1.2814579999940179,0.9285000000431864,nan,nan,31.685572766742673,0.9473313283192777,0.983005362948043,0.9867807070045752,0.9707033004975607,Pillow wall time including file I/O
chat_preview,ui_text,chat_ui,1200,800,512,341,JPEG,"seq420,q=16",3284,0.15047653958944282,0.6387910000285046,0.45466699998542026,nan,nan,31.79639499862204,0.9485663742738386,0.9813071618673064,0.9891512989732513,0.9635230573358671,Pillow wall time including file I/O
chat_preview,ui_text,chat_ui,1200,800,512,341,JPEG,"prog420,q=16",3517,0.16115285923753667,0.8879580000211718,0.7180420000167942,nan,nan,31.79639499862204,0.9485663742738386,0.9813071618673064,0.9891512989732513,0.9635230573358671,Pillow wall time including file I/O
chat_preview,ui_text,chat_ui,1200,800,512,341,JPEG,"seq444,q=16",4415,0.20230021994134897,0.8993330000066635,0.5517499999996289,nan,nan,32.348003412993464,0.9507711263404163,0.9842442878783886,0.9893298635317921,0.9717838131838957,Pillow wall time including file I/O
chat_preview,ui_text,chat_ui,1200,800,512,341,JPEG,"prog444,q=16",4771,0.21861253665689148,1.4009160000227894,0.9392499999876236,nan,nan,32.348003412993464,0.9507711263404163,0.9842442878783886,0.9893298635317921,0.9717838131838957,Pillow wall time including file I/O
chat_preview,ui_text,chat_ui,1200,800,512,341,JPEG,"seq420,q=17",3400,0.15579178885630499,0.610499999993408,0.4806670000334634,nan,nan,32.07186183283525,0.951192937378424,0.9847533133646739,0.9919897696435899,0.9675302058382274,Pillow wall time including file I/O
chat_preview,ui_text,chat_ui,1200,800,512,341,JPEG,"prog420,q=17",3644,0.16697214076246333,0.928541000007499,0.7457500000214168,nan,nan,32.07186183283525,0.951192937378424,0.9847533133646739,0.9919897696435899,0.9675302058382274,Pillow wall time including file I/O
chat_preview,ui_text,chat_ui,1200,800,512,341,JPEG,"seq444,q=17",4555,0.20871517595307917,0.9049999999888314,0.5000410000093325,nan,nan,32.6405893263875,0.9530251849199664,0.9863706087432069,0.9920943688851442,0.9745211164719527,Pillow wall time including file I/O
chat_preview,ui_text,chat_ui,1200,800,512,341,JPEG,"prog444,q=17",4873,0.22328629032258066,1.2951250000128312,0.9399169999824153,nan,nan,32.6405893263875,0.9530251849199664,0.9863706087432069,0.9920943688851442,0.9745211164719527,Pillow wall time including file I/O
chat_preview,ui_text,chat_ui,1200,800,512,341,JPEG,"seq420,q=18",3523,0.16142778592375367,0.596167000026071,0.46516600002632913,nan,nan,31.809513084032144,0.9529356612407667,0.9865574400946097,0.9923370440115017,0.9611554976093042,Pillow wall time including file I/O
chat_preview,ui_text,chat_ui,1200,800,512,341,JPEG,"prog420,q=18",3707,0.16985887096774194,1.156750000006923,0.608624999983931,nan,nan,31.809513084032144,0.9529356612407667,0.9865574400946097,0.9923370440115017,0.9611554976093042,Pillow wall time including file I/O
chat_preview,ui_text,chat_ui,1200,800,512,341,JPEG,"seq444,q=18",4687,0.21476356304985336,0.8924999999635475,0.5168749999597821,nan,nan,32.31353398460414,0.9547113096586136,0.9889623493527017,0.9924276836942348,0.96893214994998,Pillow wall time including file I/O
chat_preview,ui_text,chat_ui,1200,800,512,341,JPEG,"prog444,q=18",4975,0.2279600439882698,1.2069169999904261,0.8218329999749585,nan,nan,32.31353398460414,0.9547113096586136,0.9889623493527017,0.9924276836942348,0.96893214994998,Pillow wall time including file I/O
chat_preview,ui_text,chat_ui,1200,800,512,341,JPEG,"seq420,q=19",3651,0.16729288856304986,0.6129590000227836,0.32933299996784626,nan,nan,32.022188843902846,0.9533944681103167,0.98701516205558,0.9913887384144081,0.9639221005188803,Pillow wall time including file I/O
chat_preview,ui_text,chat_ui,1200,800,512,341,JPEG,"prog420,q=19",3828,0.17540322580645162,0.9105830000066817,0.736209000024246,nan,nan,32.022188843902846,0.9533944681103167,0.98701516205558,0.9913887384144081,0.9639221005188803,Pillow wall time including file I/O
chat_preview,ui_text,chat_ui,1200,800,512,341,JPEG,"seq444,q=19",4818,0.22076612903225806,0.9248329999991256,0.4982909999853291,nan,nan,32.60354715818699,0.9555940943253002,0.9885842286904953,0.9912645863305684,0.9699229996513788,Pillow wall time including file I/O
chat_preview,ui_text,chat_ui,1200,800,512,341,JPEG,"prog444,q=19",5062,0.2319464809384164,1.2653339999815216,0.9457080000174756,nan,nan,32.60354715818699,0.9555940943253002,0.9885842286904953,0.9912645863305684,0.9699229996513788,Pillow wall time including file I/O
chat_preview,ui_text,chat_ui,1200,800,512,341,JPEG,"seq420,q=20",3713,0.17013379765395895,0.6113750000054097,0.46541700004354425,nan,nan,31.72466965089197,0.9538834143155294,0.9874556697171815,0.9918502631330943,0.9599732790057918,Pillow wall time including file I/O
chat_preview,ui_text,chat_ui,1200,800,512,341,JPEG,"prog420,q=20",3919,0.17957294721407624,0.8960000000115542,0.7339169999909245,nan,nan,31.72466965089197,0.9538834143155294,0.9874556697171815,0.9918502631330943,0.9599732790057918,Pillow wall time including file I/O
chat_preview,ui_text,chat_ui,1200,800,512,341,JPEG,"seq444,q=20",4917,0.22530241935483872,0.8861669999760124,0.49137500002416346,nan,nan,32.21941390870405,0.9559281865430417,0.9888582204056032,0.9919255979593092,0.9656413424642109,Pillow wall time including file I/O
chat_preview,ui_text,chat_ui,1200,800,512,341,JPEG,"prog444,q=20",5177,0.2372159090909091,1.2697920000164231,0.9476669999912701,nan,nan,32.21941390870405,0.9559281865430417,0.9888582204056032,0.9919255979593092,0.9656413424642109,Pillow wall time including file I/O
chat_preview,ui_text,chat_ui,1200,800,512,341,JPEG,"seq420,q=21",3839,0.17590725806451613,1.4694579999741109,0.8103330000039932,nan,nan,32.219694296147935,0.9562043343001673,0.9891058275565158,0.9928798184976628,0.968393501929424,Pillow wall time including file I/O
chat_preview,ui_text,chat_ui,1200,800,512,341,JPEG,"prog420,q=21",3994,0.18300953079178886,1.022457999965809,0.7432919999814658,nan,nan,32.219694296147935,0.9562043343001673,0.9891058275565158,0.9928798184976628,0.968393501929424,Pillow wall time including file I/O
chat_preview,ui_text,chat_ui,1200,800,512,341,JPEG,"seq444,q=21",5034,0.23066348973607037,0.9219170000278609,0.5034170000044469,nan,nan,32.81105133418543,0.9581213714013463,0.9907783808125714,0.9930439292358351,0.9748026304390228,Pillow wall time including file I/O
chat_preview,ui_text,chat_ui,1200,800,512,341,JPEG,"prog444,q=21",5287,0.24225623167155425,1.3303749999522552,0.938834000010047,nan,nan,32.81105133418543,0.9581213714013463,0.9907783808125714,0.9930439292358351,0.9748026304390228,Pillow wall time including file I/O
chat_preview,ui_text,chat_ui,1200,800,512,341,JPEG,"seq420,q=22",3971,0.1819556451612903,0.5965409999930671,0.4603749999887441,nan,nan,32.28271388220344,0.9568390252422514,0.9896023524640656,0.9933866909642852,0.9691711858506317,Pillow wall time including file I/O
chat_preview,ui_text,chat_ui,1200,800,512,341,JPEG,"prog420,q=22",4106,0.18814149560117302,0.9197079999694324,0.7454579999830457,nan,nan,32.28271388220344,0.9568390252422514,0.9896023524640656,0.9933866909642852,0.9691711858506317,Pillow wall time including file I/O
chat_preview,ui_text,chat_ui,1200,800,512,341,JPEG,"seq444,q=22",5153,0.23611620234604105,0.8777499999723659,0.3641250000328,nan,nan,32.88579130265983,0.9587984044792618,0.9912222782775917,0.9935646528720604,0.9750798157957249,Pillow wall time including file I/O
chat_preview,ui_text,chat_ui,1200,800,512,341,JPEG,"prog444,q=22",5372,0.24615102639296188,1.2748749999786924,0.9455000000002656,nan,nan,32.88579130265983,0.9587984044792618,0.9912222782775917,0.9935646528720604,0.9750798157957249,Pillow wall time including file I/O
chat_preview,ui_text,chat_ui,1200,800,512,341,JPEG,"seq420,q=23",4056,0.18585043988269795,0.6179579999638918,0.5168750000166256,nan,nan,32.673232645915114,0.9562766039765531,0.987834086297644,0.9918523824004206,0.9696602271399115,Pillow wall time including file I/O
chat_preview,ui_text,chat_ui,1200,800,512,341,JPEG,"prog420,q=23",4204,0.19263196480938416,0.942833999999948,0.7389999999531938,nan,nan,32.673232645915114,0.9562766039765531,0.987834086297644,0.9918523824004206,0.9696602271399115,Pillow wall time including file I/O
chat_preview,ui_text,chat_ui,1200,800,512,341,JPEG,"seq444,q=23",5272,0.24156891495601174,0.9164580000060596,0.5120000000147229,nan,nan,33.310461967480386,0.9577751730012952,0.9888162510102196,0.9919252069980777,0.9753825553350839,Pillow wall time including file I/O
chat_preview,ui_text,chat_ui,1200,800,512,341,JPEG,"prog444,q=23",5493,0.25169538123167157,1.278291000005538,0.854833999994753,nan,nan,33.310461967480386,0.9577751730012952,0.9888162510102196,0.9919252069980777,0.9753825553350839,Pillow wall time including file I/O
chat_preview,ui_text,chat_ui,1200,800,512,341,JPEG,"seq420,q=24",4169,0.19102822580645162,0.5834160000404154,0.4791249999698266,nan,nan,33.197768407471834,0.958302970547367,0.9896312091001865,0.9930156229910548,0.9744909505499791,Pillow wall time including file I/O
chat_preview,ui_text,chat_ui,1200,800,512,341,JPEG,"prog420,q=24",4287,0.1964351173020528,0.9459169999672667,0.7299170000010236,nan,nan,33.197768407471834,0.958302970547367,0.9896312091001865,0.9930156229910548,0.9744909505499791,Pillow wall time including file I/O
chat_preview,ui_text,chat_ui,1200,800,512,341,JPEG,"seq444,q=24",5380,0.2465175953079179,0.8672079999882953,0.4890829999908419,nan,nan,33.96830993185591,0.9609676615682701,0.9913917294523106,0.9930275495582915,0.9807125050544294,Pillow wall time including file I/O
chat_preview,ui_text,chat_ui,1200,800,512,341,JPEG,"prog444,q=24",5587,0.2560025659824047,1.3063330000022688,0.9328749999895081,nan,nan,33.96830993185591,0.9609676615682701,0.9913917294523106,0.9930275495582915,0.9807125050544294,Pillow wall time including file I/O
chat_preview,ui_text,chat_ui,1200,800,512,341,JPEG,"seq420,q=25",4264,0.19538123167155425,0.612540999952671,0.47608299996682035,nan,nan,32.937785038174574,0.9591793724653473,0.9904824276897496,0.9947133845462296,0.9721674988338287,Pillow wall time including file I/O
chat_preview,ui_text,chat_ui,1200,800,512,341,JPEG,"prog420,q=25",4365,0.2000091642228739,0.8940409999809162,0.6205829999998969,nan,nan,32.937785038174574,0.9591793724653473,0.9904824276897496,0.9947133845462296,0.9721674988338287,Pillow wall time including file I/O
chat_preview,ui_text,chat_ui,1200,800,512,341,JPEG,"seq444,q=25",5480,0.25109970674486803,0.8797920000347403,0.5117499999869324,nan,nan,33.661237141990306,0.9615918257088977,0.9919555805244361,0.9947873748709976,0.9784489841917311,Pillow wall time including file I/O
chat_preview,ui_text,chat_ui,1200,800,512,341,JPEG,"prog444,q=25",5663,0.2594849706744868,1.3003330000174174,0.9740830000168899,nan,nan,33.661237141990306,0.9615918257088977,0.9919555805244361,0.9947873748709976,0.9784489841917311,Pillow wall time including file I/O
chat_preview,ui_text,chat_ui,1200,800,512,341,JPEG,"seq420,q=26",4328,0.19831378299120234,3.0151249999903484,0.36358299996663845,nan,nan,33.223529029251274,0.959625462851306,0.9908436315639295,0.9942389726376425,0.9755176088359835,Pillow wall time including file I/O
chat_preview,ui_text,chat_ui,1200,800,512,341,JPEG,"prog420,q=26",4433,0.203125,0.9257500000217078,0.7389159999888761,nan,nan,33.223529029251274,0.959625462851306,0.9908436315639295,0.9942389726376425,0.9755176088359835,Pillow wall time including file I/O
chat_preview,ui_text,chat_ui,1200,800,512,341,JPEG,"seq444,q=26",5554,0.25449046920821117,0.873999999953412,0.4982919999747537,nan,nan,33.99372719655991,0.96247123384445,0.9925890210256186,0.9943038843257685,0.9818951608683939,Pillow wall time including file I/O
chat_preview,ui_text,chat_ui,1200,800,512,341,JPEG,"prog444,q=26",5722,0.2621884164222874,1.296167000020887,0.9354169999937767,nan,nan,33.99372719655991,0.96247123384445,0.9925890210256186,0.9943038843257685,0.9818951608683939,Pillow wall time including file I/O
chat_preview,ui_text,chat_ui,1200,800,512,341,JPEG,"seq420,q=27",4421,0.20257514662756598,0.6208749999814245,0.4835420000404156,nan,nan,33.250000115815595,0.9579431349276266,0.9889861038575486,0.9929547670109952,0.9743394592124985,Pillow wall time including file I/O
chat_preview,ui_text,chat_ui,1200,800,512,341,JPEG,"prog420,q=27",4530,0.20756964809384165,0.8723330000179885,0.7450420000054692,nan,nan,33.250000115815595,0.9579431349276266,0.9889861038575486,0.9929547670109952,0.9743394592124985,Pillow wall time including file I/O
chat_preview,ui_text,chat_ui,1200,800,512,341,JPEG,"seq444,q=27",5654,0.2590725806451613,0.8355840000149328,0.5314999999654901,nan,nan,34.02892859725516,0.9611610115586139,0.9908726996056441,0.9930427275192681,0.9803655244473014,Pillow wall time including file I/O
chat_preview,ui_text,chat_ui,1200,800,512,341,JPEG,"prog444,q=27",5896,0.2701612903225806,1.3096670000436461,0.987125000051492,nan,nan,34.02892859725516,0.9611610115586139,0.9908726996056441,0.9930427275192681,0.9803655244473014,Pillow wall time including file I/O
chat_preview,ui_text,chat_ui,1200,800,512,341,JPEG,"seq420,q=28",4537,0.20789039589442815,0.6111249999776192,0.46812499999759893,nan,nan,33.461114645408664,0.9600387958026776,0.9913015682656131,0.9952808817953143,0.978763684595503,Pillow wall time including file I/O
chat_preview,ui_text,chat_ui,1200,800,512,341,JPEG,"prog420,q=28",4618,0.21160190615835778,0.9279579999770249,0.7546669999669575,nan,nan,33.461114645408664,0.9600387958026776,0.9913015682656131,0.9952808817953143,0.978763684595503,Pillow wall time including file I/O
chat_preview,ui_text,chat_ui,1200,800,512,341,JPEG,"seq444,q=28",5788,0.2652126099706745,0.8610829999611269,0.349207999988721,nan,nan,34.31473674854674,0.9638879973268232,0.9933348011381438,0.9953461506525466,0.9849218085525205,Pillow wall time including file I/O
chat_preview,ui_text,chat_ui,1200,800,512,341,JPEG,"prog444,q=28",5936,0.2719941348973607,1.302749999979369,0.9244579999858615,nan,nan,34.31473674854674,0.9638879973268232,0.9933348011381438,0.9953461506525466,0.9849218085525205,Pillow wall time including file I/O
chat_preview,ui_text,chat_ui,1200,800,512,341,JPEG,"seq420,q=29",4611,0.21128115835777125,0.6234579999500056,0.43541700000560013,nan,nan,33.53632017755644,0.9607835564080727,0.9915187578851253,0.9953267478293034,0.9792263982677553,Pillow wall time including file I/O
chat_preview,ui_text,chat_ui,1200,800,512,341,JPEG,"prog420,q=29",4668,0.21389296187683285,0.945000000001528,0.7723749999968277,nan,nan,33.53632017755644,0.9607835564080727,0.9915187578851253,0.9953267478293034,0.9792263982677553,Pillow wall time including file I/O
chat_preview,ui_text,chat_ui,1200,800,512,341,JPEG,"seq444,q=29",5871,0.26901576246334313,0.8709999999609863,0.49229199998990225,nan,nan,34.363341486568075,0.9642919838907634,0.9934315744137344,0.9953889162670467,0.9851784134106463,Pillow wall time including file I/O
chat_preview,ui_text,chat_ui,1200,800,512,341,JPEG,"prog444,q=29",6002,0.2750183284457478,1.2893749999989268,0.9466249999832144,nan,nan,34.363341486568075,0.9642919838907634,0.9934315744137344,0.9953889162670467,0.9851784134106463,Pillow wall time including file I/O
chat_preview,ui_text,chat_ui,1200,800,512,341,JPEG,"seq420,q=30",4726,0.21655058651026393,0.5892500000186374,0.4817920000164122,nan,nan,33.6865022990275,0.9614360424648712,0.9919140606471156,0.9953572111888428,0.9798961263007951,Pillow wall time including file I/O
chat_preview,ui_text,chat_ui,1200,800,512,341,JPEG,"prog420,q=30",4796,0.21975806451612903,0.966040999969664,0.7469160000255215,nan,nan,33.6865022990275,0.9614360424648712,0.9919140606471156,0.9953572111888428,0.9798961263007951,Pillow wall time including file I/O
chat_preview,ui_text,chat_ui,1200,800,512,341,JPEG,"seq444,q=30",5999,0.2748808651026393,0.9607499999901847,0.3830839999636737,nan,nan,34.57067441696787,0.9652170952414192,0.994082419856423,0.9952869780291296,0.9859596249730439,Pillow wall time including file I/O
chat_preview,ui_text,chat_ui,1200,800,512,341,JPEG,"prog444,q=30",6179,0.2831286656891496,1.3631659999759904,1.0714169999914702,nan,nan,34.57067441696787,0.9652170952414192,0.994082419856423,0.9952869780291296,0.9859596249730439,Pillow wall time including file I/O
chat_preview,ui_text,chat_ui,1200,800,512,341,JPEG,"seq420,q=31",4842,0.2218658357771261,0.6187079999904199,0.4992499999616484,nan,nan,33.77918225791147,0.9618060030679679,0.9915408693890034,0.9950092319001961,0.9800162777927462,Pillow wall time including file I/O
chat_preview,ui_text,chat_ui,1200,800,512,341,JPEG,"prog420,q=31",4887,0.22392778592375367,0.9730419999982587,0.8249589999991258,nan,nan,33.77918225791147,0.9618060030679679,0.9915408693890034,0.9950092319001961,0.9800162777927462,Pillow wall time including file I/O
chat_preview,ui_text,chat_ui,1200,800,512,341,JPEG,"seq444,q=31",6117,0.28028775659824046,0.9056249999730426,0.5040409999992335,nan,nan,34.70739586233832,0.9650922444193307,0.993487852300739,0.9950442510511566,0.9861420945724352,Pillow wall time including file I/O
chat_preview,ui_text,chat_ui,1200,800,512,341,JPEG,"prog444,q=31",6251,0.2864277859237537,1.3558750000015607,1.0309159999906115,nan,nan,34.70739586233832,0.9650922444193307,0.993487852300739,0.9950442510511566,0.9861420945724352,Pillow wall time including file I/O
chat_preview,ui_text,chat_ui,1200,800,512,341,JPEG,"seq420,q=32",4935,0.22612719941348974,3.1480840000313037,0.38591599997062076,nan,nan,33.85204905485039,0.9621966346310139,0.9917727083672762,0.9952805015196512,0.9805780433316684,Pillow wall time including file I/O
chat_preview,ui_text,chat_ui,1200,800,512,341,JPEG,"prog420,q=32",4962,0.22736436950146627,0.8995839999670352,0.6515000000035798,nan,nan,33.85204905485039,0.9621966346310139,0.9917727083672762,0.9952805015196512,0.9805780433316684,Pillow wall time including file I/O
chat_preview,ui_text,chat_ui,1200,800,512,341,JPEG,"seq444,q=32",6213,0.2846865835777126,0.8955829999877096,0.4863330000262067,nan,nan,34.770768361644635,0.9654157361923007,0.9935783967789442,0.9953974746707694,0.9865569521102764,Pillow wall time including file I/O
chat_preview,ui_text,chat_ui,1200,800,512,341,JPEG,"prog444,q=32",6372,0.29197214076246336,3.866958000003251,0.8876660000396441,nan,nan,34.770768361644635,0.9654157361923007,0.9935783967789442,0.9953974746707694,0.9865569521102764,Pillow wall time including file I/O
chat_preview,ui_text,chat_ui,1200,800,512,341,JPEG,"seq420,q=33",5035,0.23070931085043989,0.6477499999846259,0.48824999998942076,nan,nan,33.91534146161872,0.9625018126308649,0.9919400485662329,0.995382358215173,0.9809888432391374,Pillow wall time including file I/O
chat_preview,ui_text,chat_ui,1200,800,512,341,JPEG,"prog420,q=33",5050,0.2313966275659824,0.9942499999624488,0.7998330000305032,nan,nan,33.91534146161872,0.9625018126308649,0.9919400485662329,0.995382358215173,0.9809888432391374,Pillow wall time including file I/O
chat_preview,ui_text,chat_ui,1200,800,512,341,JPEG,"seq444,q=33",6319,0.28954362170087977,0.9027500000229338,0.5162920000429949,nan,nan,34.83752882374723,0.9657285657426872,0.9937266873063405,0.995506574059868,0.9868437983238125,Pillow wall time including file I/O
chat_preview,ui_text,chat_ui,1200,800,512,341,JPEG,"prog444,q=33",6428,0.29453812316715544,1.3670000000161053,0.8780000000001564,nan,nan,34.83752882374723,0.9657285657426872,0.9937266873063405,0.995506574059868,0.9868437983238125,Pillow wall time including file I/O
chat_preview,ui_text,chat_ui,1200,800,512,341,JPEG,"seq420,q=34",5086,0.23304618768328444,0.6590840000058051,0.35787500002015804,nan,nan,33.96188941301263,0.9630777681272104,0.9920217061580602,0.995250433774896,0.9809347750644415,Pillow wall time including file I/O
chat_preview,ui_text,chat_ui,1200,800,512,341,JPEG,"prog420,q=34",5090,0.23322947214076245,0.9937500000205546,0.6752080000183014,nan,nan,33.96188941301263,0.9630777681272104,0.9920217061580602,0.995250433774896,0.9809347750644415,Pillow wall time including file I/O
chat_preview,ui_text,chat_ui,1200,800,512,341,JPEG,"seq444,q=34",6389,0.29275109970674484,0.8764170000290505,0.5247499999541105,nan,nan,34.89397854055245,0.9660941440344469,0.993840230014632,0.9955804838826682,0.9870295057189273,Pillow wall time including file I/O
chat_preview,ui_text,chat_ui,1200,800,512,341,JPEG,"prog444,q=34",6480,0.2969208211143695,1.3853750000407672,0.9604580000086571,nan,nan,34.89397854055245,0.9660941440344469,0.993840230014632,0.9955804838826682,0.9870295057189273,Pillow wall time including file I/O
chat_preview,ui_text,chat_ui,1200,800,512,341,JPEG,"seq420,q=35",5208,0.23863636363636365,0.5992079999828093,0.48054199999114644,nan,nan,34.00089974297801,0.9632992093193328,0.9920000740677386,0.9952704683814555,0.9806006008151256,Pillow wall time including file I/O
chat_preview,ui_text,chat_ui,1200,800,512,341,JPEG,"prog420,q=35",5210,0.23872800586510265,0.9738749999996799,0.7464170000162085,nan,nan,34.00089974297801,0.9632992093193328,0.9920000740677386,0.9952704683814555,0.9806006008151256,Pillow wall time including file I/O
chat_preview,ui_text,chat_ui,1200,800,512,341,JPEG,"seq444,q=35",6518,0.29866202346041054,0.8764170000290505,0.51050000001851,nan,nan,34.95068564490548,0.9663567306642594,0.9938301561816062,0.9956325337409422,0.9868064646138998,Pillow wall time including file I/O
chat_preview,ui_text,chat_ui,1200,800,512,341,JPEG,"prog444,q=35",6652,0.30480205278592376,1.3690410000322117,0.9922080000137612,nan,nan,34.95068564490548,0.9663567306642594,0.9938301561816062,0.9956325337409422,0.9868064646138998,Pillow wall time including file I/O
chat_preview,ui_text,chat_ui,1200,800,512,341,JPEG,"seq420,q=36",5289,0.24234787390029325,0.6204169999932674,0.4927089999569034,nan,nan,34.04474572385126,0.964118981964493,0.992561259576449,0.996343421946696,0.9810335459517932,Pillow wall time including file I/O
chat_preview,ui_text,chat_ui,1200,800,512,341,JPEG,"prog420,q=36",5252,0.2406524926686217,0.9468340000466924,0.7791250000082073,nan,nan,34.04474572385126,0.964118981964493,0.992561259576449,0.996343421946696,0.9810335459517932,Pillow wall time including file I/O
chat_preview,ui_text,chat_ui,1200,800,512,341,JPEG,"seq444,q=36",6614,0.3030608504398827,0.9875839999722302,0.656417000016063,nan,nan,34.991507003307575,0.9676218857094819,0.99488638938086,0.9963397917060649,0.9871667818056705,Pillow wall time including file I/O
chat_preview,ui_text,chat_ui,1200,800,512,341,JPEG,"prog444,q=36",6658,0.30507697947214074,1.5107090000014978,0.9708750000072541,nan,nan,34.991507003307575,0.9676218857094819,0.99488638938086,0.9963397917060649,0.9871667818056705,Pillow wall time including file I/O
chat_preview,ui_text,chat_ui,1200,800,512,341,JPEG,"seq420,q=37",5357,0.24546370967741934,0.6322920000343402,0.4653330000223832,nan,nan,34.10111730476117,0.9640294941869013,0.9924687384353611,0.9963684318939248,0.9812963711160878,Pillow wall time including file I/O
chat_preview,ui_text,chat_ui,1200,800,512,341,JPEG,"prog420,q=37",5303,0.24298936950146627,1.0017500000003565,0.7696249999753491,nan,nan,34.10111730476117,0.9640294941869013,0.9924687384353611,0.9963684318939248,0.9812963711160878,Pillow wall time including file I/O
chat_preview,ui_text,chat_ui,1200,800,512,341,JPEG,"seq444,q=37",6675,0.3058559384164223,0.9068749999983083,0.5105829999934031,nan,nan,35.03496059832027,0.9679516014425283,0.9949483536862181,0.9963628351174721,0.987312972377136,Pillow wall time including file I/O
chat_preview,ui_text,chat_ui,1200,800,512,341,JPEG,"prog444,q=37",6712,0.30755131964809385,1.3282090000075186,0.9790839999936907,nan,nan,35.03496059832027,0.9679516014425283,0.9949483536862181,0.9963628351174721,0.987312972377136,Pillow wall time including file I/O
chat_preview,ui_text,chat_ui,1200,800,512,341,JPEG,"seq420,q=38",5446,0.24954178885630499,0.6129999999870961,0.47087499996223414,nan,nan,34.095969893417724,0.9641656670429238,0.992129434770658,0.996202098839203,0.9811823291090082,Pillow wall time including file I/O
chat_preview,ui_text,chat_ui,1200,800,512,341,JPEG,"prog420,q=38",5439,0.24922104105571846,0.9739999999851534,0.7772079999881498,nan,nan,34.095969893417724,0.9641656670429238,0.992129434770658,0.996202098839203,0.9811823291090082,Pillow wall time including file I/O
chat_preview,ui_text,chat_ui,1200,800,512,341,JPEG,"seq444,q=38",6761,0.30979655425219943,0.9517920000234881,0.3963749999797983,nan,nan,35.01964613188088,0.968117309625686,0.9945970026201993,0.9962171720666978,0.9871318818346978,Pillow wall time including file I/O
chat_preview,ui_text,chat_ui,1200,800,512,341,JPEG,"prog444,q=38",6858,0.3142412023460411,1.4774590000001808,0.8890419999829646,nan,nan,35.01964613188088,0.968117309625686,0.9945970026201993,0.9962171720666978,0.9871318818346978,Pillow wall time including file I/O
chat_preview,ui_text,chat_ui,1200,800,512,341,JPEG,"seq420,q=39",5516,0.2527492668621701,0.7897500000240143,0.5193340000460012,nan,nan,34.233266131955105,0.9650200354927657,0.993000021511063,0.9963503505347651,0.9820461687578771,Pillow wall time including file I/O
chat_preview,ui_text,chat_ui,1200,800,512,341,JPEG,"prog420,q=39",5476,0.25091642228739003,1.0830410000153279,0.6613330000391215,nan,nan,34.233266131955105,0.9650200354927657,0.993000021511063,0.9963503505347651,0.9820461687578771,Pillow wall time including file I/O
chat_preview,ui_text,chat_ui,1200,800,512,341,JPEG,"seq444,q=39",6834,0.31314149560117305,1.1552089999895543,0.5702090000454518,nan,nan,35.138556295314444,0.9687206035306771,0.9952102353294888,0.996518052079544,0.9877610799390043,Pillow wall time including file I/O
chat_preview,ui_text,chat_ui,1200,800,512,341,JPEG,"prog444,q=39",6860,0.31433284457478006,1.381708999986131,0.9443339999961609,nan,nan,35.138556295314444,0.9687206035306771,0.9952102353294888,0.996518052079544,0.9877610799390043,Pillow wall time including file I/O
chat_preview,ui_text,chat_ui,1200,800,512,341,JPEG,"seq420,q=40",5562,0.2548570381231672,0.6753330000037749,0.47854199999619595,nan,nan,34.23701454335737,0.9648048684894093,0.9927549875501889,0.9964066613913813,0.9820288262445318,Pillow wall time including file I/O
chat_preview,ui_text,chat_ui,1200,800,512,341,JPEG,"prog420,q=40",5519,0.2528867302052786,1.0325000000079854,0.7679169999619262,nan,nan,34.23701454335737,0.9648048684894093,0.9927549875501889,0.9964066613913813,0.9820288262445318,Pillow wall time including file I/O
chat_preview,ui_text,chat_ui,1200,800,512,341,JPEG,"seq444,q=40",6878,0.3151576246334311,0.9441249999895263,0.39350000002968955,nan,nan,35.12100905490077,0.9688313340283393,0.9950029043734588,0.9966458808761733,0.9876597302528979,Pillow wall time including file I/O
chat_preview,ui_text,chat_ui,1200,800,512,341,JPEG,"prog444,q=40",6901,0.31621151026392963,1.3603330000364622,0.8621250000260261,nan,nan,35.12100905490077,0.9688313340283393,0.9950029043734588,0.9966458808761733,0.9876597302528979,Pillow wall time including file I/O
chat_preview,ui_text,chat_ui,1200,800,512,341,JPEG,"seq420,q=41",5692,0.26081378299120234,0.6443749999789361,0.47899999998435305,nan,nan,34.23692355045026,0.9650110575044609,0.9924045553740103,0.9966490403130371,0.9825619930489231,Pillow wall time including file I/O
chat_preview,ui_text,chat_ui,1200,800,512,341,JPEG,"prog420,q=41",5611,0.2571022727272727,0.9749170000077356,0.7664589999762939,nan,nan,34.23692355045026,0.9650110575044609,0.9924045553740103,0.9966490403130371,0.9825619930489231,Pillow wall time including file I/O
chat_preview,ui_text,chat_ui,1200,800,512,341,JPEG,"seq444,q=41",7033,0.3222598973607038,0.9257090000005519,0.5594579999979032,nan,nan,35.13138840703761,0.9693021718199208,0.9950294356635037,0.996668141460242,0.9882844851258502,Pillow wall time including file I/O
chat_preview,ui_text,chat_ui,1200,800,512,341,JPEG,"prog444,q=41",7045,0.32280975073313783,1.4478340000323442,0.9657079999669804,nan,nan,35.13138840703761,0.9693021718199208,0.9950294356635037,0.996668141460242,0.9882844851258502,Pillow wall time including file I/O
chat_preview,ui_text,chat_ui,1200,800,512,341,JPEG,"seq420,q=42",5736,0.2628299120234604,0.6238749999738502,0.47150000000328873,nan,nan,34.28300375671515,0.9653301337329264,0.9930144411436377,0.9967248534262637,0.9831481807728651,Pillow wall time including file I/O
chat_preview,ui_text,chat_ui,1200,800,512,341,JPEG,"prog420,q=42",5648,0.2587976539589443,0.9502910000378506,0.6619170000021768,nan,nan,34.28300375671515,0.9653301337329264,0.9930144411436377,0.9967248534262637,0.9831481807728651,Pillow wall time including file I/O
chat_preview,ui_text,chat_ui,1200,800,512,341,JPEG,"seq444,q=42",7078,0.3243218475073314,0.9351250000122491,0.5510830000048372,nan,nan,35.16237264136239,0.9695249125473454,0.9953930500577775,0.9967688436058576,0.9885937387688807,Pillow wall time including file I/O
chat_preview,ui_text,chat_ui,1200,800,512,341,JPEG,"prog444,q=42",7082,0.3245051319648094,1.3554169999565602,1.0054580000087299,nan,nan,35.16237264136239,0.9695249125473454,0.9953930500577775,0.9967688436058576,0.9885937387688807,Pillow wall time including file I/O
chat_preview,ui_text,chat_ui,1200,800,512,341,JPEG,"seq420,q=43",5829,0.26709127565982405,0.6153749999953106,0.5007500000147047,nan,nan,34.32576075184922,0.965522811817511,0.9930489067164475,0.9967282212696804,0.9833792149837166,Pillow wall time including file I/O
chat_preview,ui_text,chat_ui,1200,800,512,341,JPEG,"prog420,q=43",5731,0.2626008064516129,0.9483750000072177,0.7552919999511687,nan,nan,34.32576075184922,0.965522811817511,0.9930489067164475,0.9967282212696804,0.9833792149837166,Pillow wall time including file I/O
chat_preview,ui_text,chat_ui,1200,800,512,341,JPEG,"seq444,q=43",7174,0.32872067448680353,0.888750000001437,0.5118340000080934,nan,nan,35.21294991675347,0.9697505410303497,0.9953906613958804,0.9967886866964726,0.988724081114564,Pillow wall time including file I/O
chat_preview,ui_text,chat_ui,1200,800,512,341,JPEG,"prog444,q=43",7172,0.3286290322580645,1.336125000023003,0.9604589999980817,nan,nan,35.21294991675347,0.9697505410303497,0.9953906613958804,0.9967886866964726,0.988724081114564,Pillow wall time including file I/O
chat_preview,ui_text,chat_ui,1200,800,512,341,JPEG,"seq420,q=44",5936,0.2719941348973607,0.623458000006849,0.47495799998387156,nan,nan,34.39210595801265,0.9654814917731459,0.9926563851903154,0.9964801755395498,0.9833265722295633,Pillow wall time including file I/O
chat_preview,ui_text,chat_ui,1200,800,512,341,JPEG,"prog420,q=44",5836,0.26741202346041054,0.9844580000049064,0.779917000045316,nan,nan,34.39210595801265,0.9654814917731459,0.9926563851903154,0.9964801755395498,0.9833265722295633,Pillow wall time including file I/O
chat_preview,ui_text,chat_ui,1200,800,512,341,JPEG,"seq444,q=44",7294,0.3342192082111437,0.9122920000095291,0.5111250000027212,nan,nan,35.31536756208191,0.9694125959986727,0.9949663279543142,0.9964854243442087,0.9887043105046376,Pillow wall time including file I/O
chat_preview,ui_text,chat_ui,1200,800,512,341,JPEG,"prog444,q=44",7278,0.3334860703812317,1.375291999977435,0.982915999998113,nan,nan,35.31536756208191,0.9694125959986727,0.9949663279543142,0.9964854243442087,0.9887043105046376,Pillow wall time including file I/O
chat_preview,ui_text,chat_ui,1200,800,512,341,JPEG,"seq420,q=45",5994,0.2746517595307918,0.6410000000300897,0.4857920000063132,nan,nan,34.41848249987618,0.9655715865386097,0.9927470832030786,0.9965535422952608,0.9834494016815913,Pillow wall time including file I/O
chat_preview,ui_text,chat_ui,1200,800,512,341,JPEG,"prog420,q=45",5885,0.2696572580645161,1.0465000000294822,0.901541000018824,nan,nan,34.41848249987618,0.9655715865386097,0.9927470832030786,0.9965535422952608,0.9834494016815913,Pillow wall time including file I/O
chat_preview,ui_text,chat_ui,1200,800,512,341,JPEG,"seq444,q=45",7355,0.3370142961876833,0.9273750000033942,0.5383749999623433,nan,nan,35.34842891732713,0.9694794279871201,0.9950359742938636,0.9965539671828689,0.9888317095181084,Pillow wall time including file I/O
chat_preview,ui_text,chat_ui,1200,800,512,341,JPEG,"prog444,q=45",7337,0.33618951612903225,1.421666999988247,1.01399999999785,nan,nan,35.34842891732713,0.9694794279871201,0.9950359742938636,0.9965539671828689,0.9888317095181084,Pillow wall time including file I/O
chat_preview,ui_text,chat_ui,1200,800,512,341,JPEG,"seq420,q=46",6119,0.2803793988269795,0.632041000017125,0.46770800003059776,nan,nan,34.44553479845424,0.966516665729024,0.993153218383474,0.9969659971229038,0.9835817913377111,Pillow wall time including file I/O
chat_preview,ui_text,chat_ui,1200,800,512,341,JPEG,"prog420,q=46",5996,0.27474340175953077,1.0056670000153645,0.7883749999564316,nan,nan,34.44553479845424,0.966516665729024,0.993153218383474,0.9969659971229038,0.9835817913377111,Pillow wall time including file I/O
chat_preview,ui_text,chat_ui,1200,800,512,341,JPEG,"seq444,q=46",7480,0.34274193548387094,0.9065419999956248,0.3797080000254027,nan,nan,35.38736951564834,0.9700297095251355,0.9950040318203776,0.9970978174231234,0.9888149485618221,Pillow wall time including file I/O
chat_preview,ui_text,chat_ui,1200,800,512,341,JPEG,"prog444,q=46",7438,0.3408174486803519,1.3710410000271622,0.9610420000285558,nan,nan,35.38736951564834,0.9700297095251355,0.9950040318203776,0.9970978174231234,0.9888149485618221,Pillow wall time including file I/O
chat_preview,ui_text,chat_ui,1200,800,512,341,JPEG,"seq420,q=47",6152,0.28189149560117305,0.6224159999987933,0.48979199999621414,nan,nan,34.49405017618951,0.966834227946422,0.9932251560091808,0.9970057896990123,0.9837719082083685,Pillow wall time including file I/O
chat_preview,ui_text,chat_ui,1200,800,512,341,JPEG,"prog420,q=47",6033,0.27643878299120234,1.0075420000248414,0.7712500000138789,nan,nan,34.49405017618951,0.966834227946422,0.9932251560091808,0.9970057896990123,0.9837719082083685,Pillow wall time including file I/O
chat_preview,ui_text,chat_ui,1200,800,512,341,JPEG,"seq444,q=47",7515,0.34434567448680353,0.9497090000536446,0.5114170000410923,nan,nan,35.43342781117859,0.9702898232912903,0.995054307031674,0.9971324021315366,0.9889405565774794,Pillow wall time including file I/O
chat_preview,ui_text,chat_ui,1200,800,512,341,JPEG,"prog444,q=47",7475,0.3425128299120235,1.3802499999542306,0.9937080000099741,nan,nan,35.43342781117859,0.9702898232912903,0.995054307031674,0.9971324021315366,0.9889405565774794,Pillow wall time including file I/O
chat_preview,ui_text,chat_ui,1200,800,512,341,JPEG,"seq420,q=48",6247,0.28624450146627567,0.6207909999602634,0.46858299998575603,nan,nan,34.53993230357754,0.9669764324637624,0.9932091540734858,0.9970034909826662,0.9839526962873298,Pillow wall time including file I/O
chat_preview,ui_text,chat_ui,1200,800,512,341,JPEG,"prog420,q=48",6146,0.281616568914956,0.9640409999747135,0.7622500000366017,nan,nan,34.53993230357754,0.9669764324637624,0.9932091540734858,0.9970034909826662,0.9839526962873298,Pillow wall time including file I/O
chat_preview,ui_text,chat_ui,1200,800,512,341,JPEG,"seq444,q=48",7613,0.34883614369501464,0.9277500000166583,0.38316699999541015,nan,nan,35.460970945202476,0.970511627687253,0.9950298574835635,0.9971427750207955,0.9889976065392526,Pillow wall time including file I/O
chat_preview,ui_text,chat_ui,1200,800,512,341,JPEG,"prog444,q=48",7589,0.3477364369501466,1.3947090000101525,0.9024579999845628,nan,nan,35.460970945202476,0.970511627687253,0.9950298574835635,0.9971427750207955,0.9889976065392526,Pillow wall time including file I/O
chat_preview,ui_text,chat_ui,1200,800,512,341,JPEG,"seq420,q=49",6402,0.2933467741935484,0.6409160000089287,0.3467910000267693,nan,nan,34.63353486469054,0.9673251828446445,0.9936544546082707,0.9967614864742669,0.9847619536131186,Pillow wall time including file I/O
chat_preview,ui_text,chat_ui,1200,800,512,341,JPEG,"prog420,q=49",6285,0.2879857038123167,1.0300829999891903,0.7254589999661221,nan,nan,34.63353486469054,0.9673251828446445,0.9936544546082707,0.9967614864742669,0.9847619536131186,Pillow wall time including file I/O
chat_preview,ui_text,chat_ui,1200,800,512,341,JPEG,"seq444,q=49",7769,0.35598423753665687,0.9072500000115724,0.39379200001121717,nan,nan,35.57618157590405,0.971216577494944,0.9956546146808769,0.9967225323068923,0.9897488116147061,Pillow wall time including file I/O
chat_preview,ui_text,chat_ui,1200,800,512,341,JPEG,"prog444,q=49",7739,0.35460960410557185,1.482500000008713,0.9157920000006925,nan,nan,35.57618157590405,0.971216577494944,0.9956546146808769,0.9967225323068923,0.9897488116147061,Pillow wall time including file I/O
chat_preview,ui_text,chat_ui,1200,800,512,341,JPEG,"seq420,q=50",6445,0.2953170821114369,0.6593339999767522,0.36333300005253477,nan,nan,34.66217721873179,0.9673378006701768,0.9936903091818289,0.9967800856773054,0.9848782036868918,Pillow wall time including file I/O
chat_preview,ui_text,chat_ui,1200,800,512,341,JPEG,"prog420,q=50",6318,0.28949780058651026,1.2742500000513246,0.7957079999982852,nan,nan,34.66217721873179,0.9673378006701768,0.9936903091818289,0.9967800856773054,0.9848782036868918,Pillow wall time including file I/O
chat_preview,ui_text,chat_ui,1200,800,512,341,JPEG,"seq444,q=50",7819,0.35827529325513197,1.1367089999794189,0.9005000000001928,nan,nan,35.607703015855996,0.9712043788446535,0.9956774432538441,0.9967400355163881,0.9898299319082655,Pillow wall time including file I/O
chat_preview,ui_text,chat_ui,1200,800,512,341,JPEG,"prog444,q=50",7783,0.3566257331378299,1.9162919999757833,1.0594579999860798,nan,nan,35.607703015855996,0.9712043788446535,0.9956774432538441,0.9967400355163881,0.9898299319082655,Pillow wall time including file I/O
chat_preview,ui_text,chat_ui,1200,800,512,341,JPEG,"seq420,q=51",6478,0.2968291788856305,0.6367909999767107,0.3672500000106993,nan,nan,34.68691673974273,0.9674371459579607,0.993717644650905,0.9968037530062512,0.984967737929428,Pillow wall time including file I/O
chat_preview,ui_text,chat_ui,1200,800,512,341,JPEG,"prog420,q=51",6332,0.2901392961876833,1.027042000032452,0.6917910000083793,nan,nan,34.68691673974273,0.9674371459579607,0.993717644650905,0.9968037530062512,0.984967737929428,Pillow wall time including file I/O
chat_preview,ui_text,chat_ui,1200,800,512,341,JPEG,"seq444,q=51",7856,0.35997067448680353,0.9148750000349537,0.4292080000141141,nan,nan,35.6392236562592,0.9713474993354138,0.9957074112719311,0.9967647221261373,0.98990951701259,Pillow wall time including file I/O
chat_preview,ui_text,chat_ui,1200,800,512,341,JPEG,"prog444,q=51",7798,0.3573130498533724,1.6715839999505988,1.0920419999820297,nan,nan,35.6392236562592,0.9713474993354138,0.9957074112719311,0.9967647221261373,0.98990951701259,Pillow wall time including file I/O
chat_preview,ui_text,chat_ui,1200,800,512,341,JPEG,"seq420,q=52",6617,0.3031983137829912,0.8362909999846124,0.4601669999715341,nan,nan,34.95631789174123,0.9690909447414637,0.9946695930342617,0.997340391722211,0.9852912617745394,Pillow wall time including file I/O
chat_preview,ui_text,chat_ui,1200,800,512,341,JPEG,"prog420,q=52",6484,0.2971041055718475,1.0069159999943622,0.7055419999915102,nan,nan,34.95631789174123,0.9690909447414637,0.9946695930342617,0.997340391722211,0.9852912617745394,Pillow wall time including file I/O
chat_preview,ui_text,chat_ui,1200,800,512,341,JPEG,"seq444,q=52",8069,0.36973057184750735,0.9123749999844222,0.3871249999747306,nan,nan,35.940538550873185,0.9724027142724161,0.9960629900004965,0.9974227022787863,0.9898964509128554,Pillow wall time including file I/O
chat_preview,ui_text,chat_ui,1200,800,512,341,JPEG,"prog444,q=52",7995,0.3663398093841642,1.5158330000417664,0.913499999967371,nan,nan,35.940538550873185,0.9724027142724161,0.9960629900004965,0.9974227022787863,0.9898964509128554,Pillow wall time including file I/O
chat_preview,ui_text,chat_ui,1200,800,512,341,JPEG,"seq420,q=53",6679,0.3060392228739003,0.650457999995524,0.3442910000330812,nan,nan,35.00150200695783,0.9692678990619488,0.994692913576011,0.9973577578309359,0.9854666539295833,Pillow wall time including file I/O
chat_preview,ui_text,chat_ui,1200,800,512,341,JPEG,"prog420,q=53",6550,0.3001282991202346,1.1393749999797365,0.796624999964024,nan,nan,35.00150200695783,0.9692678990619488,0.994692913576011,0.9973577578309359,0.9854666539295833,Pillow wall time including file I/O
chat_preview,ui_text,chat_ui,1200,800,512,341,JPEG,"seq444,q=53",8138,0.3728922287390029,0.9347920000095655,0.5382909999980257,nan,nan,35.99129810061128,0.9726649204496498,0.9960935584990906,0.9974381854457978,0.9900060612098547,Pillow wall time including file I/O
chat_preview,ui_text,chat_ui,1200,800,512,341,JPEG,"prog444,q=53",8065,0.36954728739002934,1.396915999976045,0.9977919999641927,nan,nan,35.99129810061128,0.9726649204496498,0.9960935584990906,0.9974381854457978,0.9900060612098547,Pillow wall time including file I/O
chat_preview,ui_text,chat_ui,1200,800,512,341,JPEG,"seq420,q=54",6731,0.30842192082111436,0.6597499999543288,0.4787910000345619,nan,nan,35.05384912702985,0.9696669417515488,0.9947582799834946,0.9974148040690295,0.9856354529320337,Pillow wall time including file I/O
chat_preview,ui_text,chat_ui,1200,800,512,341,JPEG,"prog420,q=54",6605,0.3026484604105572,1.0447089999843229,0.8092909999959375,nan,nan,35.05384912702985,0.9696669417515488,0.9947582799834946,0.9974148040690295,0.9856354529320337,Pillow wall time including file I/O
chat_preview,ui_text,chat_ui,1200,800,512,341,JPEG,"seq444,q=54",8186,0.37509164222873903,0.9749590000183161,0.5410420000089289,nan,nan,36.05219505072554,0.9730951032691122,0.996154948402269,0.9974935699680202,0.9901583201914287,Pillow wall time including file I/O
chat_preview,ui_text,chat_ui,1200,800,512,341,JPEG,"prog444,q=54",8121,0.3721132697947214,1.415459000043029,1.0380409999584117,nan,nan,36.05219505072554,0.9730951032691122,0.996154948402269,0.9974935699680202,0.9901583201914287,Pillow wall time including file I/O
chat_preview,ui_text,chat_ui,1200,800,512,341,JPEG,"seq420,q=55",6808,0.311950146627566,0.9519159999626936,0.8589590000269709,nan,nan,35.094596837971295,0.9702985549296098,0.9949702399791119,0.9974536054973911,0.9858301222873583,Pillow wall time including file I/O
chat_preview,ui_text,chat_ui,1200,800,512,341,JPEG,"prog420,q=55",6740,0.3088343108504399,1.0192080000024362,0.7943749999981264,nan,nan,35.094596837971295,0.9702985549296098,0.9949702399791119,0.9974536054973911,0.9858301222873583,Pillow wall time including file I/O
chat_preview,ui_text,chat_ui,1200,800,512,341,JPEG,"seq444,q=55",8243,0.37770344574780057,0.9202089999575946,0.521041000013156,nan,nan,36.098910192537815,0.973837632376558,0.9967010505146842,0.9975458673441595,0.9904575129278957,Pillow wall time including file I/O
chat_preview,ui_text,chat_ui,1200,800,512,341,JPEG,"prog444,q=55",8330,0.38168988269794724,1.48241700003382,1.0426659999893673,nan,nan,36.098910192537815,0.973837632376558,0.9967010505146842,0.9975458673441595,0.9904575129278957,Pillow wall time including file I/O
chat_preview,ui_text,chat_ui,1200,800,512,341,JPEG,"seq420,q=56",6911,0.3166697214076246,0.6592089999912787,0.3505419999783044,nan,nan,35.15455903560314,0.9706844484031119,0.9950317863087793,0.9975037338197017,0.9860274566171507,Pillow wall time including file I/O
chat_preview,ui_text,chat_ui,1200,800,512,341,JPEG,"prog420,q=56",6838,0.31332478005865105,1.0084999999548927,0.6514579999929992,nan,nan,35.15455903560314,0.9706844484031119,0.9950317863087793,0.9975037338197017,0.9860274566171507,Pillow wall time including file I/O
chat_preview,ui_text,chat_ui,1200,800,512,341,JPEG,"seq444,q=56",8339,0.3821022727272727,0.9595419999754995,0.3875840000091557,nan,nan,36.1685720279852,0.9742272672578451,0.9967502966072267,0.9975908154614476,0.9906096186820781,Pillow wall time including file I/O
chat_preview,ui_text,chat_ui,1200,800,512,341,JPEG,"prog444,q=56",8427,0.38613453079178883,1.3866669999629266,0.8612920000246049,nan,nan,36.1685720279852,0.9742272672578451,0.9967502966072267,0.9975908154614476,0.9906096186820781,Pillow wall time including file I/O
chat_preview,ui_text,chat_ui,1200,800,512,341,JPEG,"seq420,q=57",6989,0.32024376832844575,0.6209590000025855,0.479041000005509,nan,nan,35.202221526523,0.9709296350935402,0.9950949026645731,0.997548023727802,0.9862103248468591,Pillow wall time including file I/O
chat_preview,ui_text,chat_ui,1200,800,512,341,JPEG,"prog420,q=57",6909,0.31657807917888564,1.0674170000015692,0.7985840000515054,nan,nan,35.202221526523,0.9709296350935402,0.9950949026645731,0.997548023727802,0.9862103248468591,Pillow wall time including file I/O
chat_preview,ui_text,chat_ui,1200,800,512,341,JPEG,"seq444,q=57",8443,0.38686766862170086,0.8966669999495025,0.5262919999609039,nan,nan,36.226961880189045,0.9744612602017658,0.9968017780839791,0.9976438421346404,0.9907322433433543,Pillow wall time including file I/O
chat_preview,ui_text,chat_ui,1200,800,512,341,JPEG,"prog444,q=57",8515,0.39016678885630496,1.3911669999515652,0.978416999998899,nan,nan,36.226961880189045,0.9744612602017658,0.9968017780839791,0.9976438421346404,0.9907322433433543,Pillow wall time including file I/O
chat_preview,ui_text,chat_ui,1200,800,512,341,JPEG,"seq420,q=58",7080,0.32441348973607037,0.6673749999777101,0.5054589999531345,nan,nan,35.10768634746669,0.970803565674061,0.9948557213828974,0.9973659006036476,0.9861135558051798,Pillow wall time including file I/O
chat_preview,ui_text,chat_ui,1200,800,512,341,JPEG,"prog420,q=58",7014,0.3213892961876833,1.032416999976249,0.6689159999950789,nan,nan,35.10768634746669,0.970803565674061,0.9948557213828974,0.9973659006036476,0.9861135558051798,Pillow wall time including file I/O
chat_preview,ui_text,chat_ui,1200,800,512,341,JPEG,"seq444,q=58",8558,0.39213709677419356,0.9168329999624802,0.5082079999851885,nan,nan,36.101727471393254,0.974388707366978,0.9965454225361721,0.9974706628170604,0.9905776328763034,Pillow wall time including file I/O
chat_preview,ui_text,chat_ui,1200,800,512,341,JPEG,"prog444,q=58",8622,0.39506964809384165,1.4374999999517968,0.9877499999788597,nan,nan,36.101727471393254,0.974388707366978,0.9965454225361721,0.9974706628170604,0.9905776328763034,Pillow wall time including file I/O
chat_preview,ui_text,chat_ui,1200,800,512,341,JPEG,"seq420,q=59",7152,0.3277126099706745,0.6160830000112583,0.5140000000096734,nan,nan,35.16987953811748,0.9711791574066195,0.9949269576432024,0.9973840671091408,0.9863333790483383,Pillow wall time including file I/O
chat_preview,ui_text,chat_ui,1200,800,512,341,JPEG,"prog420,q=59",7075,0.32418438416422285,1.0265409999874464,0.6701670000097693,nan,nan,35.16987953811748,0.9711791574066195,0.9949269576432024,0.9973840671091408,0.9863333790483383,Pillow wall time including file I/O
chat_preview,ui_text,chat_ui,1200,800,512,341,JPEG,"seq444,q=59",8641,0.39594024926686217,0.9160829999927955,0.5297079999877496,nan,nan,36.152560559127906,0.9746322804968526,0.9965728248145956,0.9974831643131431,0.9906789924308788,Pillow wall time including file I/O
chat_preview,ui_text,chat_ui,1200,800,512,341,JPEG,"prog444,q=59",8694,0.39836876832844575,1.4212499999644024,1.0053750000338368,nan,nan,36.152560559127906,0.9746322804968526,0.9965728248145956,0.9974831643131431,0.9906789924308788,Pillow wall time including file I/O
chat_preview,ui_text,chat_ui,1200,800,512,341,JPEG,"seq420,q=60",7224,0.3310117302052786,0.7735000000366199,0.39737500003411697,nan,nan,35.23215143927704,0.9716065943228118,0.9950156130606981,0.9974093564818671,0.9865165149841121,Pillow wall time including file I/O
chat_preview,ui_text,chat_ui,1200,800,512,341,JPEG,"prog420,q=60",7146,0.3274376832844575,1.3828329999796551,0.710792000006677,nan,nan,35.23215143927704,0.9716065943228118,0.9950156130606981,0.9974093564818671,0.9865165149841121,Pillow wall time including file I/O
chat_preview,ui_text,chat_ui,1200,800,512,341,JPEG,"seq444,q=60",8731,0.4000641495601173,1.3431660000264856,0.4202090000262615,nan,nan,36.21722145483353,0.9749822120135514,0.9966130450890729,0.9975102021454872,0.9908155785824118,Pillow wall time including file I/O
chat_preview,ui_text,chat_ui,1200,800,512,341,JPEG,"prog444,q=60",8782,0.4024010263929619,1.4584159999913027,0.9818749999794818,nan,nan,36.21722145483353,0.9749822120135514,0.9966130450890729,0.9975102021454872,0.9908155785824118,Pillow wall time including file I/O
chat_preview,ui_text,chat_ui,1200,800,512,341,JPEG,"seq420,q=61",7373,0.3378390762463343,0.6809590000216303,0.4885840000383723,nan,nan,35.676919718737004,0.9721519398251868,0.9951262495213632,0.9971727618124265,0.9877479350321321,Pillow wall time including file I/O
chat_preview,ui_text,chat_ui,1200,800,512,341,JPEG,"prog420,q=61",7276,0.33339442815249265,1.171457999987524,0.7099590000052558,nan,nan,35.676919718737004,0.9721519398251868,0.9951262495213632,0.9971727618124265,0.9877479350321321,Pillow wall time including file I/O
chat_preview,ui_text,chat_ui,1200,800,512,341,JPEG,"seq444,q=61",8879,0.40684567448680353,0.9305839999456111,0.38654200000109995,nan,nan,36.73073542418405,0.9753416601272433,0.9966287314588743,0.9973132403289109,0.9918830803354092,Pillow wall time including file I/O
chat_preview,ui_text,chat_ui,1200,800,512,341,JPEG,"prog444,q=61",8911,0.4083119501466276,1.4454169999567057,0.9563329999764392,nan,nan,36.73073542418405,0.9753416601272433,0.9966287314588743,0.9973132403289109,0.9918830803354092,Pillow wall time including file I/O
chat_preview,ui_text,chat_ui,1200,800,512,341,JPEG,"seq420,q=62",7453,0.3415047653958944,0.7678339999870332,0.38520800001151656,nan,nan,35.7273642127078,0.97260419141025,0.9952176640662769,0.9972153137374109,0.987886875635806,Pillow wall time including file I/O
chat_preview,ui_text,chat_ui,1200,800,512,341,JPEG,"prog420,q=62",7333,0.33600623167155425,1.0903339999686068,0.8264580000059141,nan,nan,35.7273642127078,0.97260419141025,0.9952176640662769,0.9972153137374109,0.987886875635806,Pillow wall time including file I/O
chat_preview,ui_text,chat_ui,1200,800,512,341,JPEG,"seq444,q=62",8967,0.41087793255131966,0.9142920000044796,0.4020000000082291,nan,nan,36.80419090782338,0.9758003410011281,0.9966794490929365,0.997364914977959,0.9920160869879567,Pillow wall time including file I/O
chat_preview,ui_text,chat_ui,1200,800,512,341,JPEG,"prog444,q=62",8975,0.41124450146627567,1.4601249999941501,0.997208999990562,nan,nan,36.80419090782338,0.9758003410011281,0.9966794490929365,0.997364914977959,0.9920160869879567,Pillow wall time including file I/O
chat_preview,ui_text,chat_ui,1200,800,512,341,JPEG,"seq420,q=63",7589,0.3477364369501466,0.6222920000027443,0.49158299998453003,nan,nan,35.792720256613904,0.9731057879778261,0.9952944431617688,0.9973004439120082,0.988104293187823,Pillow wall time including file I/O
chat_preview,ui_text,chat_ui,1200,800,512,341,JPEG,"prog420,q=63",7450,0.3413673020527859,0.9818340000151693,0.8027499999911925,nan,nan,35.792720256613904,0.9731057879778261,0.9952944431617688,0.9973004439120082,0.988104293187823,Pillow wall time including file I/O
chat_preview,ui_text,chat_ui,1200,800,512,341,JPEG,"seq444,q=63",9112,0.4175219941348974,0.8911250000096516,0.5180419999533115,nan,nan,36.89441847788515,0.9764205796946003,0.9967772518326616,0.9974385234441587,0.9921965679299531,Pillow wall time including file I/O
chat_preview,ui_text,chat_ui,1200,800,512,341,JPEG,"prog444,q=63",9109,0.41738453079178883,1.3523750000103973,0.8435839999947348,nan,nan,36.89441847788515,0.9764205796946003,0.9967772518326616,0.9974385234441587,0.9921965679299531,Pillow wall time including file I/O
chat_preview,ui_text,chat_ui,1200,800,512,341,JPEG,"seq420,q=64",7660,0.35098973607038125,0.6355830000188689,0.5569590000504832,nan,nan,35.57717394539808,0.9728681988305538,0.9950889587690362,0.9974205006681877,0.9879972893375737,Pillow wall time including file I/O
chat_preview,ui_text,chat_ui,1200,800,512,341,JPEG,"prog420,q=64",7534,0.34521627565982405,1.0224580000226524,0.7962919999613405,nan,nan,35.57717394539808,0.9728681988305538,0.9950889587690362,0.9974205006681877,0.9879972893375737,Pillow wall time including file I/O
chat_preview,ui_text,chat_ui,1200,800,512,341,JPEG,"seq444,q=64",9213,0.42214992668621704,0.896916999977293,0.5013329999883354,nan,nan,36.59580226114211,0.9761812562737414,0.9964853920327358,0.9975272574404274,0.991970537977404,Pillow wall time including file I/O
chat_preview,ui_text,chat_ui,1200,800,512,341,JPEG,"prog444,q=64",9261,0.4243493401759531,1.374041000019588,0.9704999999939901,nan,nan,36.59580226114211,0.9761812562737414,0.9964853920327358,0.9975272574404274,0.991970537977404,Pillow wall time including file I/O
chat_preview,ui_text,chat_ui,1200,800,512,341,JPEG,"seq420,q=65",7797,0.3572672287390029,0.6576250000307482,0.49341699997285104,nan,nan,35.91063291082539,0.97385563624038,0.9957539483174362,0.9980244391582059,0.988562859005169,Pillow wall time including file I/O
chat_preview,ui_text,chat_ui,1200,800,512,341,JPEG,"prog420,q=65",7547,0.3458119501466276,1.1062500000207365,0.8271660000218617,nan,nan,35.91063291082539,0.97385563624038,0.9957539483174362,0.9980244391582059,0.988562859005169,Pillow wall time including file I/O
chat_preview,ui_text,chat_ui,1200,800,512,341,JPEG,"seq444,q=65",9363,0.4290230938416422,0.9697500000243053,0.4709160000402335,nan,nan,37.04895137361782,0.9774128799374071,0.9972280694657645,0.9980903406113762,0.9925537957096549,Pillow wall time including file I/O
chat_preview,ui_text,chat_ui,1200,800,512,341,JPEG,"prog444,q=65",9156,0.41953812316715544,1.5088749999563333,1.0353749999580941,nan,nan,37.04895137361782,0.9774128799374071,0.9972280694657645,0.9980903406113762,0.9925537957096549,Pillow wall time including file I/O
chat_preview,ui_text,chat_ui,1200,800,512,341,JPEG,"seq420,q=66",7901,0.3620326246334311,0.702584000009665,0.4964999999970132,nan,nan,35.97081895630244,0.9739263137422208,0.9957047061860247,0.9980032448105196,0.9886872575592978,Pillow wall time including file I/O
chat_preview,ui_text,chat_ui,1200,800,512,341,JPEG,"prog420,q=66",7651,0.3505773460410557,1.1037090000058924,0.8384170000113045,nan,nan,35.97081895630244,0.9739263137422208,0.9957047061860247,0.9980032448105196,0.9886872575592978,Pillow wall time including file I/O
chat_preview,ui_text,chat_ui,1200,800,512,341,JPEG,"seq444,q=66",9479,0.4343383431085044,1.014333999989958,0.5695830000149726,nan,nan,37.1264912016311,0.9775426971287687,0.9972294041249171,0.998071092199986,0.9926841457856238,Pillow wall time including file I/O
chat_preview,ui_text,chat_ui,1200,800,512,341,JPEG,"prog444,q=66",9263,0.4244409824046921,1.5632500000037908,0.9333340000239332,nan,nan,37.1264912016311,0.9775426971287687,0.9972294041249171,0.998071092199986,0.9926841457856238,Pillow wall time including file I/O
chat_preview,ui_text,chat_ui,1200,800,512,341,JPEG,"seq420,q=67",8032,0.3680351906158358,0.7033329999899252,0.489249999986896,nan,nan,36.06687233857746,0.9744311301623126,0.995870559854322,0.998105468740958,0.989006459547083,Pillow wall time including file I/O
chat_preview,ui_text,chat_ui,1200,800,512,341,JPEG,"prog420,q=67",7758,0.35548020527859236,1.135833000034836,0.8550829999762755,nan,nan,36.06687233857746,0.9744311301623126,0.995870559854322,0.998105468740958,0.989006459547083,Pillow wall time including file I/O
chat_preview,ui_text,chat_ui,1200,800,512,341,JPEG,"seq444,q=67",9619,0.4407532991202346,1.0902079999937087,0.4695839999726559,nan,nan,37.266730395515886,0.9779176109923032,0.9975057508445803,0.9981099079493074,0.9931050079213728,Pillow wall time including file I/O
chat_preview,ui_text,chat_ui,1200,800,512,341,JPEG,"prog444,q=67",9376,0.42961876832844575,1.4552500000490909,1.0372090000032586,nan,nan,37.266730395515886,0.9779176109923032,0.9975057508445803,0.9981099079493074,0.9931050079213728,Pillow wall time including file I/O
chat_preview,ui_text,chat_ui,1200,800,512,341,JPEG,"seq420,q=68",8191,0.3753207478005865,0.6656669999642872,0.5019590000188145,nan,nan,36.15636370385228,0.9750820298832373,0.9961547356436622,0.9983273967293654,0.9893039753889667,Pillow wall time including file I/O
chat_preview,ui_text,chat_ui,1200,800,512,341,JPEG,"prog420,q=68",7966,0.36501099706744866,1.0763330000145288,0.7269159999623298,nan,nan,36.15636370385228,0.9750820298832373,0.9961547356436622,0.9983273967293654,0.9893039753889667,Pillow wall time including file I/O
chat_preview,ui_text,chat_ui,1200,800,512,341,JPEG,"seq444,q=68",9800,0.44904692082111436,0.9675420000121449,0.4022499999791762,nan,nan,37.35874654439415,0.9784345399923731,0.9976603961393072,0.998398221230741,0.9932849315055206,Pillow wall time including file I/O
chat_preview,ui_text,chat_ui,1200,800,512,341,JPEG,"prog444,q=68",9614,0.4405241935483871,1.5481670000099257,0.9670829999777197,nan,nan,37.35874654439415,0.9784345399923731,0.9976603961393072,0.998398221230741,0.9932849315055206,Pillow wall time including file I/O
chat_preview,ui_text,chat_ui,1200,800,512,341,JPEG,"seq420,q=69",8320,0.3812316715542522,0.7033340000361932,0.49975000001722947,nan,nan,36.23391068459804,0.9752901181494037,0.9961711237474447,0.9983617243068351,0.9895231794271717,Pillow wall time including file I/O
chat_preview,ui_text,chat_ui,1200,800,512,341,JPEG,"prog420,q=69",8059,0.3692723607038123,1.1074169999574224,0.7980000000316068,nan,nan,36.23391068459804,0.9752901181494037,0.9961711237474447,0.9983617243068351,0.9895231794271717,Pillow wall time including file I/O
chat_preview,ui_text,chat_ui,1200,800,512,341,JPEG,"seq444,q=69",9952,0.4560117302052786,0.9150409999847398,0.5166250000456785,nan,nan,37.45413509388327,0.9788136886620054,0.9977129509089862,0.9984294601309968,0.9934398860708578,Pillow wall time including file I/O
chat_preview,ui_text,chat_ui,1200,800,512,341,JPEG,"prog444,q=69",9721,0.44542705278592376,1.4856250000434557,0.8797500000241598,nan,nan,37.45413509388327,0.9788136886620054,0.9977129509089862,0.9984294601309968,0.9934398860708578,Pillow wall time including file I/O
chat_preview,ui_text,chat_ui,1200,800,512,341,JPEG,"seq420,q=70",8493,0.38915872434017595,0.6352910000373413,0.36104200000863784,nan,nan,36.315541628549596,0.9755757540319401,0.9962248255669067,0.9984022164102722,0.9895911340028042,Pillow wall time including file I/O
chat_preview,ui_text,chat_ui,1200,800,512,341,JPEG,"prog420,q=70",8196,0.375549853372434,1.068459000009625,0.6896250000067994,nan,nan,36.315541628549596,0.9755757540319401,0.9962248255669067,0.9984022164102722,0.9895911340028042,Pillow wall time including file I/O
chat_preview,ui_text,chat_ui,1200,800,512,341,JPEG,"seq444,q=70",10099,0.4627474340175953,0.9475409999595286,0.522584000009374,nan,nan,37.529830315484645,0.9791507877216139,0.9977528798000077,0.9984563059216764,0.9933519600541405,Pillow wall time including file I/O
chat_preview,ui_text,chat_ui,1200,800,512,341,JPEG,"prog444,q=70",9822,0.4500549853372434,1.4545000000225627,1.0459169999990081,nan,nan,37.529830315484645,0.9791507877216139,0.9977528798000077,0.9984563059216764,0.9933519600541405,Pillow wall time including file I/O
chat_preview,ui_text,chat_ui,1200,800,512,341,JPEG,"seq420,q=71",8697,0.39850623167155425,0.6434169999920414,0.5011659999922813,nan,nan,36.30756954025309,0.9756037898977356,0.9959809859484418,0.9978222443836305,0.9899707281329718,Pillow wall time including file I/O
chat_preview,ui_text,chat_ui,1200,800,512,341,JPEG,"prog420,q=71",8321,0.3812774926686217,1.105999999992946,0.8256670000150734,nan,nan,36.30756954025309,0.9756037898977356,0.9959809859484418,0.9978222443836305,0.9899707281329718,Pillow wall time including file I/O
chat_preview,ui_text,chat_ui,1200,800,512,341,JPEG,"seq444,q=71",10329,0.4732862903225806,0.9536669999761216,0.5530409999892072,nan,nan,37.46195051933169,0.9791154235460716,0.997425461773473,0.9978871512724999,0.9935077172635517,Pillow wall time including file I/O
chat_preview,ui_text,chat_ui,1200,800,512,341,JPEG,"prog444,q=71",9972,0.4569281524926686,1.4122909999514377,0.8878329999788548,nan,nan,37.46195051933169,0.9791154235460716,0.997425461773473,0.9978871512724999,0.9935077172635517,Pillow wall time including file I/O
chat_preview,ui_text,chat_ui,1200,800,512,341,JPEG,"seq420,q=72",8842,0.40515029325513197,0.6541660000038974,0.4899580000028436,nan,nan,36.38808937138299,0.9758792361384904,0.9960156420572215,0.9978476597037039,0.9901546941410102,Pillow wall time including file I/O
chat_preview,ui_text,chat_ui,1200,800,512,341,JPEG,"prog420,q=72",8474,0.38828812316715544,1.1393330000259994,0.7200410000223201,nan,nan,36.38808937138299,0.9758792361384904,0.9960156420572215,0.9978476597037039,0.9901546941410102,Pillow wall time including file I/O
chat_preview,ui_text,chat_ui,1200,800,512,341,JPEG,"seq444,q=72",10489,0.48061766862170086,0.989458000049126,0.5387500000324508,nan,nan,37.55634375760305,0.9794717191405004,0.9974480629749244,0.9979175788180409,0.9936395383802736,Pillow wall time including file I/O
chat_preview,ui_text,chat_ui,1200,800,512,341,JPEG,"prog444,q=72",10138,0.46453445747800587,1.4698749999979555,1.02645799995571,nan,nan,37.55634375760305,0.9794717191405004,0.9974480629749244,0.9979175788180409,0.9936395383802736,Pillow wall time including file I/O
chat_preview,ui_text,chat_ui,1200,800,512,341,JPEG,"seq420,q=73",9043,0.41436033724340177,0.6647079999879679,0.4957499999704851,nan,nan,36.47982388413021,0.9760311777692201,0.9959347399262614,0.9980857203805078,0.9902719656264329,Pillow wall time including file I/O
chat_preview,ui_text,chat_ui,1200,800,512,341,JPEG,"prog420,q=73",8654,0.3965359237536657,1.0774579999974776,0.8462079999844718,nan,nan,36.47982388413021,0.9760311777692201,0.9959347399262614,0.9980857203805078,0.9902719656264329,Pillow wall time including file I/O
chat_preview,ui_text,chat_ui,1200,800,512,341,JPEG,"seq444,q=73",10724,0.49138563049853373,0.926375000005919,0.5335419999710211,nan,nan,37.65820470689759,0.9797522437620936,0.9973425594609449,0.9981191818654327,0.9935958327631017,Pillow wall time including file I/O
chat_preview,ui_text,chat_ui,1200,800,512,341,JPEG,"prog444,q=73",10371,0.4752107771260997,1.4423750000105429,1.00329200000715,nan,nan,37.65820470689759,0.9797522437620936,0.9973425594609449,0.9981191818654327,0.9935958327631017,Pillow wall time including file I/O
chat_preview,ui_text,chat_ui,1200,800,512,341,JPEG,"seq420,q=74",9273,0.4248991935483871,0.6304169999680198,0.49770900000112306,nan,nan,36.89738659991682,0.9773024716503261,0.9966423422952486,0.9987447396400172,0.9914197353763051,Pillow wall time including file I/O
chat_preview,ui_text,chat_ui,1200,800,512,341,JPEG,"prog420,q=74",9134,0.4185300586510264,1.0889999999790234,0.8336669999948754,nan,nan,36.89738659991682,0.9773024716503261,0.9966423422952486,0.9987447396400172,0.9914197353763051,Pillow wall time including file I/O
chat_preview,ui_text,chat_ui,1200,800,512,341,JPEG,"seq444,q=74",10969,0.5026118035190615,0.9862089999614909,0.5174579999902562,nan,nan,38.17133580645614,0.9809768029197153,0.9979766393043666,0.998788818710667,0.9945621875978643,Pillow wall time including file I/O
chat_preview,ui_text,chat_ui,1200,800,512,341,JPEG,"prog444,q=74",11155,0.5111345307917888,1.518250000003718,0.930667000034191,nan,nan,38.17133580645614,0.9809768029197153,0.9979766393043666,0.998788818710667,0.9945621875978643,Pillow wall time including file I/O
chat_preview,ui_text,chat_ui,1200,800,512,341,JPEG,"seq420,q=75",9350,0.4284274193548387,0.6766250000396212,0.5086250000090331,nan,nan,36.962928175124745,0.9775175955902826,0.9966746073870064,0.9987580270993592,0.9915362566298431,Pillow wall time including file I/O
chat_preview,ui_text,chat_ui,1200,800,512,341,JPEG,"prog420,q=75",9192,0.4211876832844575,1.1177920000022823,0.8497080000324786,nan,nan,36.962928175124745,0.9775175955902826,0.9966746073870064,0.9987580270993592,0.9915362566298431,Pillow wall time including file I/O
chat_preview,ui_text,chat_ui,1200,800,512,341,JPEG,"seq444,q=75",11077,0.5075604838709677,0.9531249999668034,0.4029159999845433,nan,nan,38.26266931222219,0.9811606257148981,0.9979953699761587,0.9988040562880455,0.9946730435903806,Pillow wall time including file I/O
chat_preview,ui_text,chat_ui,1200,800,512,341,JPEG,"prog444,q=75",11232,0.5146627565982405,1.5134160000229713,1.0504160000550655,nan,nan,38.26266931222219,0.9811606257148981,0.9979953699761587,0.9988040562880455,0.9946730435903806,Pillow wall time including file I/O
chat_preview,ui_text,chat_ui,1200,800,512,341,JPEG,"seq420,q=76",9581,0.43901209677419356,0.6831669999769474,0.5156249999913598,nan,nan,37.121536866832855,0.9781060589910281,0.9968401312734603,0.9987809723261554,0.9918789109336097,Pillow wall time including file I/O
chat_preview,ui_text,chat_ui,1200,800,512,341,JPEG,"prog420,q=76",9390,0.43026026392961875,1.095500000019456,0.8327920000397171,nan,nan,37.121536866832855,0.9781060589910281,0.9968401312734603,0.9987809723261554,0.9918789109336097,Pillow wall time including file I/O
chat_preview,ui_text,chat_ui,1200,800,512,341,JPEG,"seq444,q=76",11319,0.5186491935483871,0.9311250000223481,0.5265419999886944,nan,nan,38.492202763749866,0.9817246430279348,0.9983022352116668,0.9988295060782418,0.995163768327827,Pillow wall time including file I/O
chat_preview,ui_text,chat_ui,1200,800,512,341,JPEG,"prog444,q=76",11454,0.5248350439882697,1.4483329999848138,1.041624999970736,nan,nan,38.492202763749866,0.9817246430279348,0.9983022352116668,0.9988295060782418,0.995163768327827,Pillow wall time including file I/O
chat_preview,ui_text,chat_ui,1200,800,512,341,JPEG,"seq420,q=77",9917,0.45440799120234604,0.64791699998068,0.3627920000326412,nan,nan,37.29259815466375,0.9787853717980814,0.9969753991107929,0.9988580549523183,0.9922369450434004,Pillow wall time including file I/O
chat_preview,ui_text,chat_ui,1200,800,512,341,JPEG,"prog420,q=77",9426,0.4319098240469208,1.119541000036861,0.8146249999754218,nan,nan,37.29259815466375,0.9787853717980814,0.9969753991107929,0.9988580549523183,0.9922369450434004,Pillow wall time including file I/O
chat_preview,ui_text,chat_ui,1200,800,512,341,JPEG,"seq444,q=77",11671,0.5347782258064516,1.0094159999880503,0.4285829999730595,nan,nan,38.68071659964191,0.9823262540048726,0.9983774991961072,0.9988941428019398,0.9953809056328509,Pillow wall time including file I/O
chat_preview,ui_text,chat_ui,1200,800,512,341,JPEG,"prog444,q=77",11222,0.5142045454545454,1.6330409999909534,1.083457999982329,nan,nan,38.68071659964191,0.9823262540048726,0.9983774991961072,0.9988941428019398,0.9953809056328509,Pillow wall time including file I/O
chat_preview,ui_text,chat_ui,1200,800,512,341,JPEG,"seq420,q=78",10156,0.46535923753665687,0.7350829999950292,0.49725000002354136,nan,nan,37.44425121901458,0.9793199012463042,0.9970690523207275,0.9989220741552959,0.9925281602082051,Pillow wall time including file I/O
chat_preview,ui_text,chat_ui,1200,800,512,341,JPEG,"prog420,q=78",9630,0.44125733137829914,1.14987500001007,0.8747499999799402,nan,nan,37.44425121901458,0.9793199012463042,0.9970690523207275,0.9989220741552959,0.9925281602082051,Pillow wall time including file I/O
chat_preview,ui_text,chat_ui,1200,800,512,341,JPEG,"seq444,q=78",11956,0.5478372434017595,10.538791999977093,0.4531659999997828,nan,nan,38.840946681579574,0.9827368243710352,0.9983345378714242,0.9989298107919343,0.9955222589049214,Pillow wall time including file I/O
chat_preview,ui_text,chat_ui,1200,800,512,341,JPEG,"prog444,q=78",11430,0.5237353372434017,3.7629999999921893,0.9456669999963196,nan,nan,38.840946681579574,0.9827368243710352,0.9983345378714242,0.9989298107919343,0.9955222589049214,Pillow wall time including file I/O
chat_preview,ui_text,chat_ui,1200,800,512,341,JPEG,"seq420,q=79",10365,0.4749358504398827,0.6882499999960601,0.35812499999110514,nan,nan,37.620321409364266,0.979823272903071,0.9971652006128916,0.9989688342859002,0.9928583736178713,Pillow wall time including file I/O
chat_preview,ui_text,chat_ui,1200,800,512,341,JPEG,"prog420,q=79",9836,0.4506964809384164,1.1457919999884325,0.6884170000489576,nan,nan,37.620321409364266,0.979823272903071,0.9971652006128916,0.9989688342859002,0.9928583736178713,Pillow wall time including file I/O
chat_preview,ui_text,chat_ui,1200,800,512,341,JPEG,"seq444,q=79",12193,0.5586968475073314,0.9376250000059372,0.5594169999767473,nan,nan,39.01268096914397,0.9832129989775232,0.9983829566269846,0.9989733281479365,0.9957090095280574,Pillow wall time including file I/O
chat_preview,ui_text,chat_ui,1200,800,512,341,JPEG,"prog444,q=79",11651,0.5338618035190615,1.5374999999835381,1.0419590000196877,nan,nan,39.01268096914397,0.9832129989775232,0.9983829566269846,0.9989733281479365,0.9957090095280574,Pillow wall time including file I/O
chat_preview,ui_text,chat_ui,1200,800,512,341,JPEG,"seq420,q=80",10667,0.48877382697947214,0.6876670000224294,0.36487500000248474,nan,nan,37.79595328585427,0.9802155627627841,0.9972603218583451,0.9990180291559222,0.9932057345318981,Pillow wall time including file I/O
chat_preview,ui_text,chat_ui,1200,800,512,341,JPEG,"prog420,q=80",10376,0.47543988269794724,1.1242499999752908,0.8396670000365702,nan,nan,37.79595328585427,0.9802155627627841,0.9972603218583451,0.9990180291559222,0.9932057345318981,Pillow wall time including file I/O
chat_preview,ui_text,chat_ui,1200,800,512,341,JPEG,"seq444,q=80",12545,0.5748258797653959,0.9957499999586616,0.4362919999607584,nan,nan,39.240766164748784,0.9838223451572877,0.9984743228962016,0.998968345034341,0.9959448203275258,Pillow wall time including file I/O
chat_preview,ui_text,chat_ui,1200,800,512,341,JPEG,"prog444,q=80",12515,0.5734512463343109,1.5632919999575279,1.438333999999486,nan,nan,39.240766164748784,0.9838223451572877,0.9984743228962016,0.998968345034341,0.9959448203275258,Pillow wall time including file I/O
chat_preview,ui_text,chat_ui,1200,800,512,341,JPEG,"seq420,q=81",11022,0.5050403225806451,0.8102909999934127,0.5312079999839625,nan,nan,37.97752969543539,0.9807651078124948,0.9973511144731674,0.9990532494738058,0.9935008031820248,Pillow wall time including file I/O
chat_preview,ui_text,chat_ui,1200,800,512,341,JPEG,"prog420,q=81",10523,0.48217558651026393,1.531082999974842,1.4702500000112195,nan,nan,37.97752969543539,0.9807651078124948,0.9973511144731674,0.9990532494738058,0.9935008031820248,Pillow wall time including file I/O
chat_preview,ui_text,chat_ui,1200,800,512,341,JPEG,"seq444,q=81",12932,0.5925586510263929,1.1561670000332924,0.44991600003640997,nan,nan,39.51578743583739,0.9846166051590949,0.9986833193151128,0.9991128088520143,0.9962607723901977,Pillow wall time including file I/O
chat_preview,ui_text,chat_ui,1200,800,512,341,JPEG,"prog444,q=81",12531,0.5741843841642229,1.6282500000102118,1.0694580000176757,nan,nan,39.51578743583739,0.9846166051590949,0.9986833193151128,0.9991128088520143,0.9962607723901977,Pillow wall time including file I/O
chat_preview,ui_text,chat_ui,1200,800,512,341,JPEG,"seq420,q=82",11324,0.5188782991202346,0.7863750000183245,0.5118750000292493,nan,nan,38.179283079604986,0.9814083505618791,0.9974637784994806,0.9990804123442435,0.9938105790668708,Pillow wall time including file I/O
chat_preview,ui_text,chat_ui,1200,800,512,341,JPEG,"prog420,q=82",10794,0.4945931085043988,1.2015840000003664,1.3781659999949625,nan,nan,38.179283079604986,0.9814083505618791,0.9974637784994806,0.9990804123442435,0.9938105790668708,Pillow wall time including file I/O
chat_preview,ui_text,chat_ui,1200,800,512,341,JPEG,"seq444,q=82",13313,0.610016495601173,0.9962500000142427,0.4329160000224874,nan,nan,39.76981163075727,0.9852667095163646,0.9987170147997083,0.9991418468909596,0.9964715081939398,Pillow wall time including file I/O
chat_preview,ui_text,chat_ui,1200,800,512,341,JPEG,"prog444,q=82",12865,0.5894886363636364,1.5905829999951493,0.9670420000134072,nan,nan,39.76981163075727,0.9852667095163646,0.9987170147997083,0.9991418468909596,0.9964715081939398,Pillow wall time including file I/O
chat_preview,ui_text,chat_ui,1200,800,512,341,JPEG,"seq420,q=83",11795,0.5404600439882697,0.7398749999651955,0.5035419999899204,nan,nan,38.41489293898728,0.9822402356821965,0.9976107156183067,0.9991972001091598,0.9941598589884604,Pillow wall time including file I/O
chat_preview,ui_text,chat_ui,1200,800,512,341,JPEG,"prog420,q=83",11225,0.5143420087976539,1.1771669999802725,0.8657920000132435,nan,nan,38.41489293898728,0.9822402356821965,0.9976107156183067,0.9991972001091598,0.9941598589884604,Pillow wall time including file I/O
chat_preview,ui_text,chat_ui,1200,800,512,341,JPEG,"seq444,q=83",13806,0.6326063049853372,1.1420000000157415,0.543958000037037,nan,nan,40.06425226890112,0.9860491824338568,0.9988272443685458,0.9992281922517866,0.9967351763779584,Pillow wall time including file I/O
chat_preview,ui_text,chat_ui,1200,800,512,341,JPEG,"prog444,q=83",13281,0.608550219941349,1.8402090000222415,1.457583999979306,nan,nan,40.06425226890112,0.9860491824338568,0.9988272443685458,0.9992281922517866,0.9967351763779584,Pillow wall time including file I/O
chat_preview,ui_text,chat_ui,1200,800,512,341,JPEG,"seq420,q=84",12177,0.5579637096774194,0.7743749999917782,0.5160000000046239,nan,nan,38.62501661711934,0.983104893134077,0.9977144227716607,0.9992449029219987,0.9944426471285056,Pillow wall time including file I/O
chat_preview,ui_text,chat_ui,1200,800,512,341,JPEG,"prog420,q=84",11460,0.5251099706744868,1.2527920000025006,0.7590000000163855,nan,nan,38.62501661711934,0.983104893134077,0.9977144227716607,0.9992449029219987,0.9944426471285056,Pillow wall time including file I/O
chat_preview,ui_text,chat_ui,1200,800,512,341,JPEG,"seq444,q=84",14244,0.6526759530791789,1.0448749999909523,0.5074580000155038,nan,nan,40.381766071825794,0.9868950047086237,0.9988992075501361,0.9992811839557744,0.996970985768077,Pillow wall time including file I/O
chat_preview,ui_text,chat_ui,1200,800,512,341,JPEG,"prog444,q=84",13438,0.6157441348973607,1.6185000000064065,1.0089579999998932,nan,nan,40.381766071825794,0.9868950047086237,0.9988992075501361,0.9992811839557744,0.996970985768077,Pillow wall time including file I/O
chat_preview,ui_text,chat_ui,1200,800,512,341,JPEG,"seq420,q=85",12502,0.5728555718475073,0.7417909999958283,0.5357919999937621,nan,nan,38.86991593605413,0.9839104425721152,0.9978126261604453,0.9993092183825526,0.9947545860695114,Pillow wall time including file I/O
chat_preview,ui_text,chat_ui,1200,800,512,341,JPEG,"prog420,q=85",11723,0.5371609237536656,1.2466669999753321,0.8937909999531257,nan,nan,38.86991593605413,0.9839104425721152,0.9978126261604453,0.9993092183825526,0.9947545860695114,Pillow wall time including file I/O
chat_preview,ui_text,chat_ui,1200,800,512,341,JPEG,"seq444,q=85",14620,0.6699046920821115,1.049916999988909,0.5442080000079841,nan,nan,40.737760645315724,0.9879186957207241,0.9989850600906184,0.9993408095666144,0.9972134335567044,Pillow wall time including file I/O
chat_preview,ui_text,chat_ui,1200,800,512,341,JPEG,"prog444,q=85",13755,0.6302694281524927,1.5883750000398322,1.0935840000456665,nan,nan,40.737760645315724,0.9879186957207241,0.9989850600906184,0.9993408095666144,0.9972134335567044,Pillow wall time including file I/O
chat_preview,ui_text,chat_ui,1200,800,512,341,JPEG,"seq420,q=86",13015,0.5963618035190615,0.7265000000415966,0.5401669999969272,nan,nan,39.09884979609792,0.9848066424574561,0.9979147785360539,0.9993800222344069,0.9950111845270908,Pillow wall time including file I/O
chat_preview,ui_text,chat_ui,1200,800,512,341,JPEG,"prog420,q=86",12195,0.5587884897360704,1.2242079999964517,0.8801249999805805,nan,nan,39.09884979609792,0.9848066424574561,0.9979147785360539,0.9993800222344069,0.9950111845270908,Pillow wall time including file I/O
chat_preview,ui_text,chat_ui,1200,800,512,341,JPEG,"seq444,q=86",15154,0.6943731671554252,1.0602500000231885,0.43120899999848916,nan,nan,41.10102173600897,0.9888770883213942,0.9990606021466863,0.9993989313250669,0.9974522425656246,Pillow wall time including file I/O
chat_preview,ui_text,chat_ui,1200,800,512,341,JPEG,"prog444,q=86",14245,0.6527217741935484,1.6317500000013752,0.9624589999930322,nan,nan,41.10102173600897,0.9888770883213942,0.9990606021466863,0.9993989313250669,0.9974522425656246,Pillow wall time including file I/O
chat_preview,ui_text,chat_ui,1200,800,512,341,JPEG,"seq420,q=87",13432,0.6154692082111437,0.7800419999739461,0.5172920000404702,nan,nan,39.38463644507111,0.9856432619311682,0.9981396620493793,0.9994290784658545,0.9953969214554907,Pillow wall time including file I/O
chat_preview,ui_text,chat_ui,1200,800,512,341,JPEG,"prog420,q=87",12563,0.575650659824047,1.2600829999769303,0.9123330000306851,nan,nan,39.38463644507111,0.9856432619311682,0.9981396620493793,0.9994290784658545,0.9953969214554907,Pillow wall time including file I/O
chat_preview,ui_text,chat_ui,1200,800,512,341,JPEG,"seq444,q=87",15640,0.716642228739003,1.0764170000356899,0.431291000040801,nan,nan,41.48819233935396,0.9896846170519122,0.9991320968092817,0.9994524129484298,0.9976759767004166,Pillow wall time including file I/O
chat_preview,ui_text,chat_ui,1200,800,512,341,JPEG,"prog444,q=87",14676,0.6724706744868035,1.6055419999929654,0.9684999999990396,nan,nan,41.48819233935396,0.9896846170519122,0.9991320968092817,0.9994524129484298,0.9976759767004166,Pillow wall time including file I/O
chat_preview,ui_text,chat_ui,1200,800,512,341,JPEG,"seq420,q=88",14005,0.641724706744868,0.7076250000181972,0.5056669999703445,nan,nan,39.65732485997313,0.9864625146255458,0.9982358525092848,0.9994750232878769,0.9956817232249937,Pillow wall time including file I/O
chat_preview,ui_text,chat_ui,1200,800,512,341,JPEG,"prog420,q=88",13082,0.5994318181818182,1.2731250000115324,0.76095899999018,nan,nan,39.65732485997313,0.9864625146255458,0.9982358525092848,0.9994750232878769,0.9956817232249937,Pillow wall time including file I/O
chat_preview,ui_text,chat_ui,1200,800,512,341,JPEG,"seq444,q=88",16323,0.7479380498533724,1.022665999983019,0.42645799999263545,nan,nan,41.96652726380779,0.9905743301159159,0.9991947089801565,0.9994979377012497,0.9979135548587676,Pillow wall time including file I/O
chat_preview,ui_text,chat_ui,1200,800,512,341,JPEG,"prog444,q=88",15291,0.700650659824047,1.7167500000141445,1.091333999966082,nan,nan,41.96652726380779,0.9905743301159159,0.9991947089801565,0.9994979377012497,0.9979135548587676,Pillow wall time including file I/O
chat_preview,ui_text,chat_ui,1200,800,512,341,JPEG,"seq420,q=89",14508,0.6647727272727273,0.8292499999811298,0.550000000032469,nan,nan,39.91470655468146,0.9871938784485099,0.9983161807691922,0.999520244548975,0.9959238790876963,Pillow wall time including file I/O
chat_preview,ui_text,chat_ui,1200,800,512,341,JPEG,"prog420,q=89",13472,0.6173020527859238,1.2658750000014152,0.9020829999712987,nan,nan,39.91470655468146,0.9871938784485099,0.9983161807691922,0.999520244548975,0.9959238790876963,Pillow wall time including file I/O
chat_preview,ui_text,chat_ui,1200,800,512,341,JPEG,"seq444,q=89",16887,0.7737811583577713,1.034957999991093,0.558249999983218,nan,nan,42.45724801136814,0.9914087376554086,0.9992654834262367,0.9995467393380049,0.9981405007037062,Pillow wall time including file I/O
chat_preview,ui_text,chat_ui,1200,800,512,341,JPEG,"prog444,q=89",15731,0.7208119501466276,1.7193329999827256,1.1536659999933363,nan,nan,42.45724801136814,0.9914087376554086,0.9992654834262367,0.9995467393380049,0.9981405007037062,Pillow wall time including file I/O
chat_preview,ui_text,chat_ui,1200,800,512,341,JPEG,"seq420,q=90",15238,0.6982221407624634,0.8002079999869238,0.5647499999668071,nan,nan,40.22201606455426,0.9880161254864501,0.9984360522115541,0.9995885420333152,0.9962213722283367,Pillow wall time including file I/O
chat_preview,ui_text,chat_ui,1200,800,512,341,JPEG,"prog420,q=90",14291,0.6548295454545454,1.2763330000211681,0.9290830000168171,nan,nan,40.22201606455426,0.9880161254864501,0.9984360522115541,0.9995885420333152,0.9962213722283367,Pillow wall time including file I/O
chat_preview,ui_text,chat_ui,1200,800,512,341,JPEG,"seq444,q=90",17763,0.8139204545454546,1.0236669999699188,0.5832499999769425,nan,nan,43.01853681143483,0.992375397528486,0.9993614714463107,0.9996184354460785,0.9983818170779423,Pillow wall time including file I/O
chat_preview,ui_text,chat_ui,1200,800,512,341,JPEG,"prog444,q=90",16779,0.7688324780058651,1.7021250000084365,1.1344999999778338,nan,nan,43.01853681143483,0.992375397528486,0.9993614714463107,0.9996184354460785,0.9983818170779423,Pillow wall time including file I/O
chat_preview,ui_text,chat_ui,1200,800,512,341,JPEG,"seq420,q=91",15920,0.7294721407624634,0.7543330000316928,0.5288750000431719,nan,nan,40.53705344660078,0.988813598377381,0.9985297731488195,0.9996283048949851,0.9965129823928254,Pillow wall time including file I/O
chat_preview,ui_text,chat_ui,1200,800,512,341,JPEG,"prog420,q=91",14892,0.6823680351906158,1.2534159999972871,0.9307080000553469,nan,nan,40.53705344660078,0.988813598377381,0.9985297731488195,0.9996283048949851,0.9965129823928254,Pillow wall time including file I/O
chat_preview,ui_text,chat_ui,1200,800,512,341,JPEG,"seq444,q=91",18544,0.8497067448680352,0.987000000009175,0.5778330000225651,nan,nan,43.58866878154834,0.9932335498302983,0.9994164475860722,0.999658713186601,0.9985793102069251,Pillow wall time including file I/O
chat_preview,ui_text,chat_ui,1200,800,512,341,JPEG,"prog444,q=91",17475,0.8007239736070382,1.6185000000064065,1.1479170000257,nan,nan,43.58866878154834,0.9932335498302983,0.9994164475860722,0.999658713186601,0.9985793102069251,Pillow wall time including file I/O
chat_preview,ui_text,chat_ui,1200,800,512,341,JPEG,"seq420,q=92",16616,0.7613636363636364,0.7023329999924499,0.5267500000059044,nan,nan,40.84833158447993,0.9896309216352134,0.9986322501117696,0.9996777800043578,0.996745505748997,Pillow wall time including file I/O
chat_preview,ui_text,chat_ui,1200,800,512,341,JPEG,"prog420,q=92",15512,0.7107771260997068,1.328208000018094,0.932625000018561,nan,nan,40.84833158447993,0.9896309216352134,0.9986322501117696,0.9996777800043578,0.996745505748997,Pillow wall time including file I/O
chat_preview,ui_text,chat_ui,1200,800,512,341,JPEG,"seq444,q=92",19349,0.8865927419354839,1.0169580000365386,0.5844159999810472,nan,nan,44.281422562205336,0.9941274004351062,0.9994806585900601,0.9997067666266659,0.9987918614075011,Pillow wall time including file I/O
chat_preview,ui_text,chat_ui,1200,800,512,341,JPEG,"prog444,q=92",18213,0.8345399560117303,1.6312500000026375,1.118166999958703,nan,nan,44.281422562205336,0.9941274004351062,0.9994806585900601,0.9997067666266659,0.9987918614075011,Pillow wall time including file I/O
chat_preview,ui_text,chat_ui,1200,800,512,341,JPEG,"seq420,q=93",17701,0.8110795454545454,0.7510000000365835,0.5406249999850843,nan,nan,41.2048355348543,0.9906171648716974,0.9987852368808833,0.9997500356198368,0.9970144169013598,Pillow wall time including file I/O
chat_preview,ui_text,chat_ui,1200,800,512,341,JPEG,"prog420,q=93",16393,0.7511455278592375,1.3042079999650014,0.9393329999625166,nan,nan,41.2048355348543,0.9906171648716974,0.9987852368808833,0.9997500356198368,0.9970144169013598,Pillow wall time including file I/O
chat_preview,ui_text,chat_ui,1200,800,512,341,JPEG,"seq444,q=93",20608,0.9442815249266863,1.0572500000307627,0.5989169999907062,nan,nan,45.06571156071783,0.9950937466657485,0.9995684742002972,0.9997707967936509,0.9990024893147191,Pillow wall time including file I/O
chat_preview,ui_text,chat_ui,1200,800,512,341,JPEG,"prog444,q=93",19120,0.876099706744868,1.7480839999848286,1.1427500000422697,nan,nan,45.06571156071783,0.9950937466657485,0.9995684742002972,0.9997707967936509,0.9990024893147191,Pillow wall time including file I/O
chat_preview,ui_text,chat_ui,1200,800,512,341,JPEG,"seq420,q=94",18965,0.8689974340175953,0.7767499999999927,0.5297499999983302,nan,nan,41.53429921880762,0.9915079658150917,0.998881605187418,0.999795722742816,0.9972354044245256,Pillow wall time including file I/O
chat_preview,ui_text,chat_ui,1200,800,512,341,JPEG,"prog420,q=94",17489,0.8013654692082112,1.3747909999892727,0.9663749999617721,nan,nan,41.53429921880762,0.9915079658150917,0.998881605187418,0.999795722742816,0.9972354044245256,Pillow wall time including file I/O
chat_preview,ui_text,chat_ui,1200,800,512,341,JPEG,"seq444,q=94",22151,1.014983504398827,1.0551660000146512,0.6452089999697819,nan,nan,45.99947565864773,0.9960331777034036,0.9996359250876502,0.999817084553279,0.999196526060197,Pillow wall time including file I/O
chat_preview,ui_text,chat_ui,1200,800,512,341,JPEG,"prog444,q=94",20494,0.9390579178885631,1.75624999997126,1.1799999999766442,nan,nan,45.99947565864773,0.9960331777034036,0.9996359250876502,0.999817084553279,0.999196526060197,Pillow wall time including file I/O
chat_preview,ui_text,chat_ui,1200,800,512,341,JPEG,"seq420,q=95",20432,0.9362170087976539,0.7476249999740503,0.587708000011844,nan,nan,41.85178665238908,0.9923138081587535,0.9989723524810806,0.9998378460473174,0.9974252377868859,Pillow wall time including file I/O
chat_preview,ui_text,chat_ui,1200,800,512,341,JPEG,"prog420,q=95",18835,0.8630406891495601,1.390458999992461,0.9799590000056924,nan,nan,41.85178665238908,0.9923138081587535,0.9989723524810806,0.9998378460473174,0.9974252377868859,Pillow wall time including file I/O
chat_preview,ui_text,chat_ui,1200,800,512,341,JPEG,"seq444,q=95",23939,1.0969116568914956,1.0436670000331105,0.4629169999930127,nan,nan,47.03523533749818,0.9969131989556735,0.9996863177308635,0.9998555988172544,0.9993672284205732,Pillow wall time including file I/O
chat_preview,ui_text,chat_ui,1200,800,512,341,JPEG,"prog444,q=95",22106,1.0129215542521994,4.297667000003003,1.0331249999921965,nan,nan,47.03523533749818,0.9969131989556735,0.9996863177308635,0.9998555988172544,0.9993672284205732,Pillow wall time including file I/O
chat_preview,ui_text,chat_ui,1200,800,512,341,JPEG,"seq420,q=96",22221,1.0181909824046922,0.931166000043504,0.42350000001079025,nan,nan,42.18112774916791,0.9932070956532271,0.99907190422905,0.9998815251425424,0.997623586778398,Pillow wall time including file I/O
chat_preview,ui_text,chat_ui,1200,800,512,341,JPEG,"prog420,q=96",20677,0.9474431818181818,1.405583000007482,1.036917000021731,nan,nan,42.18112774916791,0.9932070956532271,0.99907190422905,0.9998815251425424,0.997623586778398,Pillow wall time including file I/O
chat_preview,ui_text,chat_ui,1200,800,512,341,JPEG,"seq444,q=96",26163,1.1988178152492668,1.0667919999605147,0.6097080000131427,nan,nan,48.2837250845852,0.9978895167961269,0.9997780657903355,0.9999044425163239,0.9995364176326276,Pillow wall time including file I/O
chat_preview,ui_text,chat_ui,1200,800,512,341,JPEG,"prog444,q=96",24319,1.114323680351906,1.844249999976455,1.1971659999971962,nan,nan,48.2837250845852,0.9978895167961269,0.9997780657903355,0.9999044425163239,0.9995364176326276,Pillow wall time including file I/O
chat_preview,ui_text,chat_ui,1200,800,512,341,JPEG,"seq420,q=97",24194,1.1085960410557185,0.7574170000452796,0.5589170000348531,nan,nan,42.438816965333814,0.9938663173733411,0.9991577056391986,0.9999234367217071,0.9977624353802941,Pillow wall time including file I/O
chat_preview,ui_text,chat_ui,1200,800,512,341,JPEG,"prog420,q=97",22523,1.0320289589442815,1.4568749999739339,1.0276659999703952,nan,nan,42.438816965333814,0.9938663173733411,0.9991577056391986,0.9999234367217071,0.9977624353802941,Pillow wall time including file I/O
chat_preview,ui_text,chat_ui,1200,800,512,341,JPEG,"seq444,q=97",28588,1.3099340175953078,1.1086249999721076,0.612750000016149,nan,nan,49.54801947714306,0.9985912323349725,0.9998113703208587,0.9999388402363458,0.9996593454545636,Pillow wall time including file I/O
chat_preview,ui_text,chat_ui,1200,800,512,341,JPEG,"prog444,q=97",26527,1.2154967008797655,1.9431250000252476,1.2191250000341824,nan,nan,49.54801947714306,0.9985912323349725,0.9998113703208587,0.9999388402363458,0.9996593454545636,Pillow wall time including file I/O
chat_preview,ui_text,chat_ui,1200,800,512,341,JPEG,"seq420,q=98",26301,1.205141129032258,0.8079159999851981,0.5733749999876636,nan,nan,42.6139648144807,0.9943841341926078,0.9992180660586376,0.9999476355496639,0.9978541718043078,Pillow wall time including file I/O
chat_preview,ui_text,chat_ui,1200,800,512,341,JPEG,"prog420,q=98",24616,1.127932551319648,1.5332919999764272,1.0235409999950207,nan,nan,42.6139648144807,0.9943841341926078,0.9992180660586376,0.9999476355496639,0.9978541718043078,Pillow wall time including file I/O
chat_preview,ui_text,chat_ui,1200,800,512,341,JPEG,"seq444,q=98",31460,1.4415322580645162,1.1420419999694786,0.6762919999800943,nan,nan,50.915151836327475,0.999218993093416,0.9998646042982529,0.9999618331285471,0.9997549027591233,Pillow wall time including file I/O
chat_preview,ui_text,chat_ui,1200,800,512,341,JPEG,"prog444,q=98",29215,1.3386638563049853,2.105834000019513,1.165250000042306,nan,nan,50.915151836327475,0.999218993093416,0.9998646042982529,0.9999618331285471,0.9997549027591233,Pillow wall time including file I/O
chat_preview,ui_text,chat_ui,1200,800,512,341,JPEG,"seq420,q=99",29679,1.359924853372434,0.8632920000195554,0.49454200001264326,nan,nan,42.75550053919702,0.9948065600138971,0.9992660975826513,0.9999667403536603,0.9979250328842579,Pillow wall time including file I/O
chat_preview,ui_text,chat_ui,1200,800,512,341,JPEG,"prog420,q=99",28107,1.2878940615835777,1.6738329999839152,1.0982079999735106,nan,nan,42.75550053919702,0.9948065600138971,0.9992660975826513,0.9999667403536603,0.9979250328842579,Pillow wall time including file I/O
chat_preview,ui_text,chat_ui,1200,800,512,341,JPEG,"seq444,q=99",36089,1.6536381964809383,1.1660829999868838,0.6632909999666481,nan,nan,52.09302021251648,0.9996345908577017,0.9998913785930273,0.9999795922406264,0.9998179637077832,Pillow wall time including file I/O
chat_preview,ui_text,chat_ui,1200,800,512,341,JPEG,"prog444,q=99",33706,1.5444464809384164,2.2267909999982294,1.3621659999785152,nan,nan,52.09302021251648,0.9996345908577017,0.9998913785930273,0.9999795922406264,0.9998179637077832,Pillow wall time including file I/O
chat_preview,ui_text,chat_ui,1200,800,512,341,JPEG,"seq420,q=100",31777,1.456057551319648,0.8705840000402532,0.6045000000085565,nan,nan,42.796503308035795,0.9949379950716734,0.9992862537730524,0.9999734307558215,0.9979491330240093,Pillow wall time including file I/O
chat_preview,ui_text,chat_ui,1200,800,512,341,JPEG,"prog420,q=100",30056,1.377199413489736,1.6970419999893238,1.1031660000071497,nan,nan,42.796503308035795,0.9949379950716734,0.9992862537730524,0.9999734307558215,0.9979491330240093,Pillow wall time including file I/O
chat_preview,ui_text,chat_ui,1200,800,512,341,JPEG,"seq444,q=100",39585,1.8138288123167154,1.222874999996293,0.6909999999606953,nan,nan,52.55116639385872,0.999780452093315,0.9999031016321692,0.999987907336519,0.9998407117516817,Pillow wall time including file I/O
chat_preview,ui_text,chat_ui,1200,800,512,341,JPEG,"prog444,q=100",36896,1.6906158357771262,2.2009580000030837,1.2058340000180578,nan,nan,52.55116639385872,0.999780452093315,0.9999031016321692,0.999987907336519,0.9998407117516817,Pillow wall time including file I/O
chat_preview,ui_text,chat_ui,1200,800,512,341,WebP,"m6,q=1",1158,0.0530608504398827,5.862124999964635,0.7774579999590969,nan,nan,30.833213428096442,0.9298444050671387,0.9639557804779413,0.9754577742308735,0.9425322859313764,Pillow wall time including file I/O
chat_preview,ui_text,chat_ui,1200,800,512,341,WebP,"m6,q=2",1220,0.05590175953079179,5.741875000012442,0.7657919999815022,nan,nan,31.222308187243527,0.9334807709783223,0.9586941602028342,0.9817323891666532,0.9471688865483354,Pillow wall time including file I/O
chat_preview,ui_text,chat_ui,1200,800,512,341,WebP,"m6,q=3",1294,0.0592925219941349,5.867249999994328,0.5807499999832544,nan,nan,31.431108373097647,0.9383693523873552,0.9631922799295531,0.9831914253949826,0.9511787488691148,Pillow wall time including file I/O
chat_preview,ui_text,chat_ui,1200,800,512,341,WebP,"m6,q=4",1346,0.061675219941348974,5.845625000006294,0.7335829999988164,nan,nan,31.707039105780016,0.9412770623072277,0.9657651336289766,0.9855253929888657,0.9543827857038228,Pillow wall time including file I/O
chat_preview,ui_text,chat_ui,1200,800,512,341,WebP,"m6,q=5",1382,0.06332478005865103,6.088542000043162,0.7598330000178066,nan,nan,31.86726405662722,0.9437014377634494,0.968180259876324,0.9865268318782774,0.957101780102216,Pillow wall time including file I/O
chat_preview,ui_text,chat_ui,1200,800,512,341,WebP,"m6,q=6",1394,0.06387463343108504,6.190874999958851,0.7324999999696047,nan,nan,32.0236349745444,0.9437502957927689,0.9677739856717954,0.985509470780477,0.9585789099169877,Pillow wall time including file I/O
chat_preview,ui_text,chat_ui,1200,800,512,341,WebP,"m6,q=7",1464,0.06708211143695014,6.070708999970975,0.5973330000301758,nan,nan,32.29437872772844,0.9469844969518811,0.9685028096487631,0.9869633925250539,0.961342625022172,Pillow wall time including file I/O
chat_preview,ui_text,chat_ui,1200,800,512,341,WebP,"m6,q=8",1496,0.06854838709677419,6.096833000015067,0.7460420000029444,nan,nan,32.38177470212938,0.9490414955898595,0.9714070250306005,0.9874367430625663,0.9631165474842347,Pillow wall time including file I/O
chat_preview,ui_text,chat_ui,1200,800,512,341,WebP,"m6,q=9",1564,0.0716642228739003,6.169375000013133,0.6102920000330414,nan,nan,32.52508764900404,0.9485784238532106,0.9710105953434587,0.988177000420729,0.9653312477230228,Pillow wall time including file I/O
chat_preview,ui_text,chat_ui,1200,800,512,341,WebP,"m6,q=10",1592,0.07294721407624634,6.102584000018396,0.7642080000209717,nan,nan,32.64606125648566,0.9504136652393907,0.9725952259594436,0.9882867061237538,0.966690483444529,Pillow wall time including file I/O
chat_preview,ui_text,chat_ui,1200,800,512,341,WebP,"m6,q=11",1602,0.07340542521994135,6.248749999997472,0.7260830000177521,nan,nan,32.671291407674936,0.9492106289709993,0.9710637227913964,0.9890930416049034,0.9668085527784542,Pillow wall time including file I/O
chat_preview,ui_text,chat_ui,1200,800,512,341,WebP,"m6,q=12",1736,0.07954545454545454,6.257708999953593,0.6161670000324193,nan,nan,32.787972231815175,0.9490188528694038,0.9704259477622226,0.9883414586754508,0.9676533908119963,Pillow wall time including file I/O
chat_preview,ui_text,chat_ui,1200,800,512,341,WebP,"m6,q=13",1704,0.0780791788856305,6.377250000014101,0.700750000021344,nan,nan,33.12312584970079,0.9553867788813742,0.9801236135613083,0.988995267537986,0.9713572695829505,Pillow wall time including file I/O
chat_preview,ui_text,chat_ui,1200,800,512,341,WebP,"m6,q=14",1692,0.07752932551319648,6.4279169999963415,0.7032920000256127,nan,nan,33.16531749857671,0.9559837944726244,0.9812571642204738,0.9897141694347674,0.9719797579676906,Pillow wall time including file I/O
chat_preview,ui_text,chat_ui,1200,800,512,341,WebP,"m6,q=15",1696,0.07771260997067449,6.4215840000088065,0.750750000008793,nan,nan,33.284525695900584,0.9595669811468532,0.9850017445415383,0.9909998196039923,0.9739040424594686,Pillow wall time including file I/O
chat_preview,ui_text,chat_ui,1200,800,512,341,WebP,"m6,q=16",1790,0.08201979472140762,6.313417000001209,0.7286669999757578,nan,nan,33.43332666534436,0.9596575977431446,0.9859651673899718,0.9913519275062265,0.9743353678940174,Pillow wall time including file I/O
chat_preview,ui_text,chat_ui,1200,800,512,341,WebP,"m6,q=17",1812,0.08302785923753665,6.418415999974059,0.7485419999966325,nan,nan,33.49016062888461,0.9605719650629907,0.9857820628370934,0.9912786051786951,0.9751797187908129,Pillow wall time including file I/O
chat_preview,ui_text,chat_ui,1200,800,512,341,WebP,"m6,q=18",1896,0.08687683284457479,6.2964580000084425,0.7446669999922051,nan,nan,33.61456324708543,0.9610428122169968,0.9847250658701734,0.9919873709541261,0.975317426210845,Pillow wall time including file I/O
chat_preview,ui_text,chat_ui,1200,800,512,341,WebP,"m6,q=19",1962,0.08990102639296188,6.603792000021258,0.7330830000000788,nan,nan,33.7036272076069,0.9629664838219895,0.9877050937633234,0.9924933191137525,0.9768326280066479,Pillow wall time including file I/O
chat_preview,ui_text,chat_ui,1200,800,512,341,WebP,"m6,q=20",2020,0.09255865102639296,6.607833000032315,0.7550000000264845,nan,nan,33.75030205200616,0.9625275700726315,0.9865238031886578,0.9920413071089923,0.976774994398213,Pillow wall time including file I/O
chat_preview,ui_text,chat_ui,1200,800,512,341,WebP,"m6,q=21",2036,0.09329178885630499,6.648165999990852,0.7359159999964504,nan,nan,33.869871168713516,0.9644146193757973,0.987515708229061,0.9928833037832842,0.9773334462035583,Pillow wall time including file I/O
chat_preview,ui_text,chat_ui,1200,800,512,341,WebP,"m6,q=22",2078,0.09521627565982405,5.892833000018527,0.7243329999937487,nan,nan,34.30038145244515,0.9652225259374121,0.9883738298025344,0.9936807342687615,0.9797227628161667,Pillow wall time including file I/O
chat_preview,ui_text,chat_ui,1200,800,512,341,WebP,"m6,q=23",2100,0.09622434017595308,5.848374999970929,0.7047089999900891,nan,nan,34.433852508817736,0.9668620852350465,0.9896300591681372,0.994159870703169,0.9807539241149896,Pillow wall time including file I/O
chat_preview,ui_text,chat_ui,1200,800,512,341,WebP,"m6,q=24",2168,0.09934017595307917,5.9285410000029515,0.6875420000369559,nan,nan,34.484064737061104,0.9669101818155089,0.9894622299012271,0.9937486435828072,0.9808502905081872,Pillow wall time including file I/O
chat_preview,ui_text,chat_ui,1200,800,512,341,WebP,"m6,q=25",2278,0.10438049853372434,5.9157499999855645,0.6906669999580117,nan,nan,34.6343628762712,0.9681643953021499,0.9899918674983176,0.9942488612316713,0.9815664350245413,Pillow wall time including file I/O
chat_preview,ui_text,chat_ui,1200,800,512,341,WebP,"m6,q=26",2314,0.1060300586510264,6.224583999994593,0.740415999985089,nan,nan,34.775482977979976,0.9694550602455796,0.9908441693130992,0.9945736854616375,0.9823119395290456,Pillow wall time including file I/O
chat_preview,ui_text,chat_ui,1200,800,512,341,WebP,"m6,q=27",2448,0.11217008797653959,6.235457999991922,0.7112079999842535,nan,nan,34.85197556920323,0.9691096992906253,0.9906940771502771,0.9944866697538258,0.9828571456308955,Pillow wall time including file I/O
chat_preview,ui_text,chat_ui,1200,800,512,341,WebP,"m6,q=28",2496,0.11436950146627566,6.197541000005913,0.7075419999864607,nan,nan,35.03121068220936,0.9704590777337296,0.9918813928780269,0.9950371561506626,0.9838518887690523,Pillow wall time including file I/O
chat_preview,ui_text,chat_ui,1200,800,512,341,WebP,"m6,q=29",2596,0.11895161290322581,6.218250000017633,0.6963330000075985,nan,nan,35.177380531124655,0.9720403768714379,0.9919180571837306,0.9953473904419721,0.984383996076824,Pillow wall time including file I/O
chat_preview,ui_text,chat_ui,1200,800,512,341,WebP,"m6,q=30",2600,0.11913489736070382,6.071417000043766,0.6793329999936759,nan,nan,35.31620189983573,0.9730135563519523,0.9931060581389158,0.9957926631391333,0.9850878989950649,Pillow wall time including file I/O
chat_preview,ui_text,chat_ui,1200,800,512,341,WebP,"m6,q=31",2698,0.12362536656891496,6.215917000019999,0.6816669999807345,nan,nan,35.43244280120477,0.9730935415259409,0.9927929367684997,0.9958810941610394,0.9853787139712634,Pillow wall time including file I/O
chat_preview,ui_text,chat_ui,1200,800,512,341,WebP,"m6,q=32",2846,0.13040689149560117,6.183040999985678,0.7477500000163673,nan,nan,35.51817719242795,0.972971081678402,0.9923202706742562,0.9958282907119961,0.9853936330911645,Pillow wall time including file I/O
chat_preview,ui_text,chat_ui,1200,800,512,341,WebP,"m6,q=33",2982,0.13663856304985336,6.216875000006894,0.7373749999715073,nan,nan,35.71566802622664,0.9738104313102763,0.9923412806514795,0.9960594218120296,0.9860237140447531,Pillow wall time including file I/O
chat_preview,ui_text,chat_ui,1200,800,512,341,WebP,"m6,q=34",2952,0.13526392961876832,6.211584000027415,0.5761670000197228,nan,nan,35.70560064348771,0.973724429037874,0.9924045057557076,0.9959782676096619,0.9860981376554314,Pillow wall time including file I/O
chat_preview,ui_text,chat_ui,1200,800,512,341,WebP,"m6,q=35",3036,0.13911290322580644,6.293249999998807,0.700249999965763,nan,nan,35.81509766662525,0.9738228817807714,0.9923764316542786,0.9958657324618423,0.9864430614534332,Pillow wall time including file I/O
chat_preview,ui_text,chat_ui,1200,800,512,341,WebP,"m6,q=36",3176,0.14552785923753667,6.35095799998453,0.7188750000182154,nan,nan,35.94414337095731,0.974363504584602,0.9924511688677734,0.9961026993036254,0.9866532598420181,Pillow wall time including file I/O
chat_preview,ui_text,chat_ui,1200,800,512,341,WebP,"m6,q=37",3220,0.14754398826979473,6.380957999965631,0.6854579999640009,nan,nan,36.071398900987944,0.974656182113738,0.9925000654295969,0.9962969999696265,0.9872585715638676,Pillow wall time including file I/O
chat_preview,ui_text,chat_ui,1200,800,512,341,WebP,"m6,q=38",3324,0.15230938416422288,6.538583000008202,0.7489170000098966,nan,nan,36.123187863129274,0.9746512058391871,0.9925283931091095,0.9961929543891952,0.9873495791037764,Pillow wall time including file I/O
chat_preview,ui_text,chat_ui,1200,800,512,341,WebP,"m6,q=39",3350,0.15350073313782991,6.479959000046165,0.7288339999718119,nan,nan,36.202867875435444,0.9761269779461547,0.9931317524211541,0.9966947216195982,0.9877455244668306,Pillow wall time including file I/O
chat_preview,ui_text,chat_ui,1200,800,512,341,WebP,"m6,q=40",3386,0.15515029325513197,6.469541999990724,0.7381660000191914,nan,nan,36.32983547828209,0.9765586999220255,0.9930554617425074,0.9966623939488125,0.9879875411543758,Pillow wall time including file I/O
chat_preview,ui_text,chat_ui,1200,800,512,341,WebP,"m6,q=41",3446,0.15789956011730205,6.622417000016867,0.7411660000116171,nan,nan,36.41076693097027,0.9774110251248408,0.9941862680783716,0.9968520918796555,0.9884891928759241,Pillow wall time including file I/O
chat_preview,ui_text,chat_ui,1200,800,512,341,WebP,"m6,q=42",3434,0.15734970674486803,6.54224999999542,0.7436249999841493,nan,nan,36.41095330733408,0.9774676887977832,0.9941238738077498,0.9968140608025188,0.988445211709443,Pillow wall time including file I/O
chat_preview,ui_text,chat_ui,1200,800,512,341,WebP,"m6,q=43",3498,0.16028225806451613,6.674625000016476,0.7649170000263439,nan,nan,36.60739070209944,0.9779603542742272,0.994461552213906,0.9968879058947835,0.9891410189933427,Pillow wall time including file I/O
chat_preview,ui_text,chat_ui,1200,800,512,341,WebP,"m6,q=44",3614,0.1655975073313783,9.177791999945839,0.6267910000019583,nan,nan,36.78742267670476,0.97945386998205,0.9951962026858298,0.9971974939050885,0.9897820435567825,Pillow wall time including file I/O
chat_preview,ui_text,chat_ui,1200,800,512,341,WebP,"m6,q=45",3650,0.16724706744868034,6.715832999987015,0.7303330000354435,nan,nan,36.9248031188494,0.9797348536325123,0.9951986614079393,0.9971411040022774,0.9901010391721311,Pillow wall time including file I/O
chat_preview,ui_text,chat_ui,1200,800,512,341,WebP,"m6,q=46",3676,0.16843841642228738,6.705084000032002,0.7276250000245454,nan,nan,36.90653770453627,0.9797603093301878,0.9951710272383187,0.997109089905076,0.9900679698778847,Pillow wall time including file I/O
chat_preview,ui_text,chat_ui,1200,800,512,341,WebP,"m6,q=47",3766,0.17256231671554254,6.748667000010755,0.7306250000169712,nan,nan,36.963746297595016,0.9788612225147602,0.9943806037515658,0.9970045304691936,0.9899583671993513,Pillow wall time including file I/O
chat_preview,ui_text,chat_ui,1200,800,512,341,WebP,"m6,q=48",3828,0.17540322580645162,6.89645800002836,0.7505410000021584,nan,nan,37.1164069944943,0.9795531084181719,0.9947478639445168,0.9971953924706696,0.9903397005707164,Pillow wall time including file I/O
chat_preview,ui_text,chat_ui,1200,800,512,341,WebP,"m6,q=49",3844,0.17613636363636365,9.617708000007497,0.6275840000284916,nan,nan,37.131018434585506,0.9797579364208256,0.9950209957071007,0.997329993006427,0.9903236230195399,Pillow wall time including file I/O
chat_preview,ui_text,chat_ui,1200,800,512,341,WebP,"m6,q=50",3926,0.17989369501466276,6.744834000016908,0.742375000015727,nan,nan,37.21745301769465,0.9803056294264372,0.9951546880417657,0.9974111034028875,0.9905002706332141,Pillow wall time including file I/O
chat_preview,ui_text,chat_ui,1200,800,512,341,WebP,"m6,q=51",4014,0.1839259530791789,6.905332999963321,0.7363329999634516,nan,nan,37.325791641518535,0.9807860874258759,0.9953756464658068,0.9975761302701771,0.9908466495501411,Pillow wall time including file I/O
chat_preview,ui_text,chat_ui,1200,800,512,341,WebP,"m6,q=52",4002,0.18337609970674487,6.830916000012621,0.7481250000296313,nan,nan,37.34449473333191,0.9808022104489594,0.9954418114217886,0.9976193470913266,0.9909486297345902,Pillow wall time including file I/O
chat_preview,ui_text,chat_ui,1200,800,512,341,WebP,"m6,q=53",4062,0.18612536656891496,6.888208000020768,0.7523339999693235,nan,nan,37.43056890140073,0.9813709601771032,0.9955760630652838,0.9976599074682212,0.9911190914966866,Pillow wall time including file I/O
chat_preview,ui_text,chat_ui,1200,800,512,341,WebP,"m6,q=54",4090,0.187408357771261,6.889666999995825,0.7587090000242824,nan,nan,37.45122556926108,0.981568385236207,0.9956041085378599,0.9976394628182432,0.9911663370939039,Pillow wall time including file I/O
chat_preview,ui_text,chat_ui,1200,800,512,341,WebP,"m6,q=55",4132,0.18933284457478006,6.9488340000134485,0.7592499999873326,nan,nan,37.587254055196134,0.9822578093879479,0.995869002181013,0.997785595568917,0.9914665948328325,Pillow wall time including file I/O
chat_preview,ui_text,chat_ui,1200,800,512,341,WebP,"m6,q=56",4160,0.1906158357771261,6.985458000031031,0.7585830000493843,nan,nan,37.682127328346326,0.9827062585926041,0.9961055834616349,0.997860755695134,0.9917706028107526,Pillow wall time including file I/O
chat_preview,ui_text,chat_ui,1200,800,512,341,WebP,"m6,q=57",4136,0.18951612903225806,6.875208999986171,0.6153329999847301,nan,nan,37.68402634484023,0.9826688696510861,0.9961084721094422,0.9977461235038071,0.9918032476324566,Pillow wall time including file I/O
chat_preview,ui_text,chat_ui,1200,800,512,341,WebP,"m6,q=58",4210,0.19290689149560117,7.002042000010533,0.769832999992559,nan,nan,37.77422842818662,0.982906811792332,0.9961683924203714,0.9977860682253586,0.9919704823432243,Pillow wall time including file I/O
chat_preview,ui_text,chat_ui,1200,800,512,341,WebP,"m6,q=59",4316,0.19776392961876832,7.288915999993151,0.7769579999603593,nan,nan,37.88475592492616,0.9833500949960575,0.9962642088141633,0.9978799711383195,0.9921645473430858,Pillow wall time including file I/O
chat_preview,ui_text,chat_ui,1200,800,512,341,WebP,"m6,q=60",4334,0.19858870967741934,7.093707999956678,0.6701669999529258,nan,nan,37.846744811354924,0.9828308521455957,0.9960862108702077,0.9977929103123956,0.9920787607009905,Pillow wall time including file I/O
chat_preview,ui_text,chat_ui,1200,800,512,341,WebP,"m6,q=61",4432,0.20307917888563048,7.301374999997279,0.804834000007304,nan,nan,37.99754833865963,0.9835503223444536,0.9963163810478655,0.9979717839278964,0.9923566124618056,Pillow wall time including file I/O
chat_preview,ui_text,chat_ui,1200,800,512,341,WebP,"m6,q=62",4432,0.20307917888563048,7.288417000040681,0.8055000000126711,nan,nan,37.99754833865963,0.9835503223444536,0.9963163810478655,0.9979717839278964,0.9923566124618056,Pillow wall time including file I/O
chat_preview,ui_text,chat_ui,1200,800,512,341,WebP,"m6,q=63",4514,0.20683651026392963,7.272083999964707,0.8177500000101645,nan,nan,38.11533087364191,0.9842975354338623,0.9964269979477219,0.99800710869765,0.9925841933672419,Pillow wall time including file I/O
chat_preview,ui_text,chat_ui,1200,800,512,341,WebP,"m6,q=64",4574,0.20958577712609971,7.083290999958081,0.7970830000090245,nan,nan,38.19629618195811,0.984432116224923,0.9965558598729904,0.9981116103477499,0.992779645948531,Pillow wall time including file I/O
chat_preview,ui_text,chat_ui,1200,800,512,341,WebP,"m6,q=65",4566,0.2092192082111437,7.193333000031998,0.8730000000127802,nan,nan,38.32617833642848,0.985250099374641,0.9966711966183137,0.9982183945689078,0.9929480884209787,Pillow wall time including file I/O
chat_preview,ui_text,chat_ui,1200,800,512,341,WebP,"m6,q=66",4562,0.2090359237536657,7.116499999995085,0.7811660000243137,nan,nan,38.26367800225117,0.9850763010419713,0.9966188337761018,0.9981619863002837,0.9928948802001462,Pillow wall time including file I/O
chat_preview,ui_text,chat_ui,1200,800,512,341,WebP,"m6,q=67",4694,0.21508431085043989,7.6517500000363725,0.8435830000053102,nan,nan,38.425780528112526,0.9854838233889979,0.9968255967421622,0.9983548670074943,0.993146408926258,Pillow wall time including file I/O
chat_preview,ui_text,chat_ui,1200,800,512,341,WebP,"m6,q=68",4680,0.21444281524926687,7.238250000000335,0.7102910000185148,nan,nan,38.462486872689794,0.9856576995425593,0.9968211416143576,0.9982787408124119,0.993231299904074,Pillow wall time including file I/O
chat_preview,ui_text,chat_ui,1200,800,512,341,WebP,"m6,q=69",4756,0.21792521994134897,7.296167000049536,0.8162909999782642,nan,nan,38.498671252799305,0.9857253883754318,0.9969098110328963,0.9983769174219497,0.9933358720466919,Pillow wall time including file I/O
chat_preview,ui_text,chat_ui,1200,800,512,341,WebP,"m6,q=70",4824,0.22104105571847507,7.182583000030718,0.8066249999956199,nan,nan,38.546906308360505,0.985931009033353,0.9969649402544234,0.9983851977994045,0.9933792128422536,Pillow wall time including file I/O
chat_preview,ui_text,chat_ui,1200,800,512,341,WebP,"m6,q=71",4846,0.2220491202346041,7.161542000005738,0.8222499999988031,nan,nan,38.66197862064671,0.9861204639699109,0.9970568746826562,0.9983851397004966,0.993623051215175,Pillow wall time including file I/O
chat_preview,ui_text,chat_ui,1200,800,512,341,WebP,"m6,q=72",4954,0.22699780058651026,7.234624999966854,0.8020000000215077,nan,nan,38.738083256749995,0.9864099359205064,0.9970448505286417,0.9983719990922961,0.9936871425939595,Pillow wall time including file I/O
chat_preview,ui_text,chat_ui,1200,800,512,341,WebP,"m6,q=73",4954,0.22699780058651026,7.294375000014952,0.6745840000235148,nan,nan,38.738083256749995,0.9864099359205064,0.9970448505286417,0.9983719990922961,0.9936871425939595,Pillow wall time including file I/O
chat_preview,ui_text,chat_ui,1200,800,512,341,WebP,"m6,q=74",5020,0.23002199413489735,7.236417000001438,0.7896669999922779,nan,nan,38.81596959769939,0.9865759730717776,0.9971160637574461,0.9984800769914007,0.9937386423175975,Pillow wall time including file I/O
chat_preview,ui_text,chat_ui,1200,800,512,341,WebP,"m6,q=75",5020,0.23002199413489735,7.268334000002596,0.807167000004938,nan,nan,38.81596959769939,0.9865759730717776,0.9971160637574461,0.9984800769914007,0.9937386423175975,Pillow wall time including file I/O
chat_preview,ui_text,chat_ui,1200,800,512,341,WebP,"m6,q=76",5274,0.24166055718475074,7.3839170000269405,0.7889170000225931,nan,nan,39.05677525755236,0.9869782350403016,0.9973194646027789,0.9986697125427315,0.9942166396002096,Pillow wall time including file I/O
chat_preview,ui_text,chat_ui,1200,800,512,341,WebP,"m6,q=77",5406,0.24770894428152493,7.4444169999878795,0.8277499999849169,nan,nan,39.27547801802975,0.9873331067828387,0.9972150001498408,0.9985599323306077,0.9944559571860608,Pillow wall time including file I/O
chat_preview,ui_text,chat_ui,1200,800,512,341,WebP,"m6,q=78",5624,0.25769794721407624,7.408790999988923,0.8168749999981628,nan,nan,39.565021570858896,0.9887963276160807,0.9977060372747749,0.9989796856159804,0.9948866613369661,Pillow wall time including file I/O
chat_preview,ui_text,chat_ui,1200,800,512,341,WebP,"m6,q=79",5770,0.2643878299120235,7.564792000039233,0.8366659999978765,nan,nan,39.69123084588369,0.9887223736137577,0.9977279503854248,0.9989206437367539,0.995170246907142,Pillow wall time including file I/O
chat_preview,ui_text,chat_ui,1200,800,512,341,WebP,"m6,q=80",5942,0.2722690615835777,7.506250000005821,0.677832999997463,nan,nan,39.82956677635633,0.9892456125748509,0.9977569597983061,0.9989881154956346,0.9952528165945239,Pillow wall time including file I/O
chat_preview,ui_text,chat_ui,1200,800,512,341,WebP,"m6,q=81",6204,0.2842741935483871,7.6434580000181995,0.8452499999975771,nan,nan,40.0773934863262,0.9899583413310212,0.997975451913168,0.999119973539913,0.9955657921711599,Pillow wall time including file I/O
chat_preview,ui_text,chat_ui,1200,800,512,341,WebP,"m6,q=82",6392,0.2928885630498534,7.673000000011143,0.8406670000340455,nan,nan,40.238270159453876,0.9901938157239952,0.998092318851901,0.9992181399724178,0.9957269315688788,Pillow wall time including file I/O
chat_preview,ui_text,chat_ui,1200,800,512,341,WebP,"m6,q=83",6590,0.30196114369501464,7.785707999971692,0.7201669999972182,nan,nan,40.27498262423058,0.9903466356447543,0.9980314793569586,0.9991517696192637,0.9956984708971798,Pillow wall time including file I/O
chat_preview,ui_text,chat_ui,1200,800,512,341,WebP,"m6,q=84",6922,0.3171737536656892,7.882541000014953,0.8644590000130847,nan,nan,40.546405433955634,0.9909481367252185,0.9982281974057098,0.9993264405875525,0.9960169308483197,Pillow wall time including file I/O
chat_preview,ui_text,chat_ui,1200,800,512,341,WebP,"m6,q=85",7112,0.3258797653958944,7.707917000004727,0.8582080000110182,nan,nan,40.72326333128758,0.9913308544020213,0.9983593308878853,0.9993599131693298,0.9962678559034814,Pillow wall time including file I/O
chat_preview,ui_text,chat_ui,1200,800,512,341,WebP,"m6,q=86",7394,0.33880131964809385,7.846332999974948,0.886583999999857,nan,nan,40.924680193161116,0.9917478698861341,0.9984348000815965,0.9994097631984038,0.9964699328071116,Pillow wall time including file I/O
chat_preview,ui_text,chat_ui,1200,800,512,341,WebP,"m6,q=87",7632,0.3497067448680352,16.87741700004608,1.6852080000262504,nan,nan,41.062641720509205,0.992284014688213,0.9985924202697894,0.999515038057395,0.9965957767498584,Pillow wall time including file I/O
chat_preview,ui_text,chat_ui,1200,800,512,341,WebP,"m6,q=88",8044,0.3685850439882698,8.579666000002817,0.9380420000297818,nan,nan,41.262742594724166,0.9924255920022399,0.9985389942682893,0.9995331331135522,0.9967286931875073,Pillow wall time including file I/O
chat_preview,ui_text,chat_ui,1200,800,512,341,WebP,"m6,q=89",8346,0.38242302052785926,8.788791999961632,1.020458999960283,nan,nan,41.36972446187005,0.9928137837032183,0.9987085822498147,0.9995871122778637,0.9968490067309329,Pillow wall time including file I/O
chat_preview,ui_text,chat_ui,1200,800,512,341,WebP,"m6,q=90",8762,0.40148460410557185,8.527875000027052,0.9478329999978996,nan,nan,41.492106432486,0.993141961806924,0.9988644199106066,0.9997337149159569,0.996984013042294,Pillow wall time including file I/O
chat_preview,ui_text,chat_ui,1200,800,512,341,WebP,"m6,q=91",9200,0.4215542521994135,8.566083000005165,0.9170829999902708,nan,nan,41.68198492609122,0.9932960770842977,0.9988318172027612,0.9997691498083601,0.9971081045501494,Pillow wall time including file I/O
chat_preview,ui_text,chat_ui,1200,800,512,341,WebP,"m6,q=92",9518,0.43612536656891493,8.429457999966417,0.9905000000003383,nan,nan,41.729924544646686,0.993433272361452,0.9988203381745945,0.9997706380511461,0.9971212450534778,Pillow wall time including file I/O
chat_preview,ui_text,chat_ui,1200,800,512,341,WebP,"m6,q=93",10246,0.469483137829912,8.8284999999928,0.9352080000439855,nan,nan,41.93595978030874,0.9930579292641585,0.9981335635871852,0.9997992984465613,0.997215274355198,Pillow wall time including file I/O
chat_preview,ui_text,chat_ui,1200,800,512,341,WebP,"m6,q=94",10650,0.4879948680351906,8.797875000027489,0.9585000000242871,nan,nan,41.98353260745799,0.9932935374592994,0.9982280235934843,0.9997985050971292,0.9972458636103768,Pillow wall time including file I/O
chat_preview,ui_text,chat_ui,1200,800,512,341,WebP,"m6,q=95",11374,0.5211693548387096,8.832292000022335,1.0597909999887634,nan,nan,42.11772031957271,0.9933688785962459,0.998133178656443,0.9998176299615169,0.9973257025240906,Pillow wall time including file I/O
chat_preview,ui_text,chat_ui,1200,800,512,341,WebP,"m6,q=96",11794,0.5404142228739003,8.967542000050344,1.0017910000215124,nan,nan,42.135975703311956,0.9940472067397272,0.9989237951284503,0.9998706326799088,0.9974119257641069,Pillow wall time including file I/O
chat_preview,ui_text,chat_ui,1200,800,512,341,WebP,"m6,q=97",12604,0.5775293255131965,8.965208000006442,1.0275829999955022,nan,nan,42.200748438251594,0.9942219507542557,0.9989548525607724,0.9998499410594954,0.9974601199165444,Pillow wall time including file I/O
chat_preview,ui_text,chat_ui,1200,800,512,341,WebP,"m6,q=98",13156,0.6028225806451613,8.874332999994294,1.0499589999994896,nan,nan,42.242189061782526,0.9945387117496115,0.9991360520957109,0.9998878687077348,0.9975407581526007,Pillow wall time including file I/O
chat_preview,ui_text,chat_ui,1200,800,512,341,WebP,"m6,q=99",13892,0.6365469208211144,9.63358300003847,1.0343330000068818,nan,nan,42.288544872362706,0.9946089722893912,0.9991524059682834,0.9999151763188702,0.9975735488969841,Pillow wall time including file I/O
chat_preview,ui_text,chat_ui,1200,800,512,341,WebP,"m6,q=100",14592,0.6686217008797654,9.490667000022768,1.0214999999789143,nan,nan,42.31208771768112,0.994670255085631,0.9991586452907139,0.999918552016497,0.9975822886771817,Pillow wall time including file I/O
chat_preview,ui_text,chat_ui,1200,800,512,341,WebP,"lossless,m6",19214,0.8804068914956011,225.99587500002372,0.8577909999871736,nan,nan,99.0,1.0,1.0,0.9999999999975234,1.0,Pillow wall time including file I/O
chat_preview,ui_text,chat_ui,1200,800,512,341,AVIF,crf=63,422,0.01933651026392962,33.23837500005311,20.98150000000487,nan,nan,26.776631849461992,0.8519663976875869,0.8658637956089605,0.8933818529335988,0.757907329901217,ffmpeg/libsvtav1 wall time including process and file I/O
chat_preview,ui_text,chat_ui,1200,800,512,341,AVIF,crf=62,471,0.021581744868035192,33.02862499998582,20.54883300002075,nan,nan,27.789436213883704,0.8653248017573084,0.8984404073451753,0.9185644419661709,0.8269034720673695,ffmpeg/libsvtav1 wall time including process and file I/O
chat_preview,ui_text,chat_ui,1200,800,512,341,AVIF,crf=61,500,0.022910557184750734,34.14145900001131,20.554333999996288,nan,nan,28.499209961506416,0.8829510839159216,0.9218475385714878,0.9350919775229537,0.8688208865311501,ffmpeg/libsvtav1 wall time including process and file I/O
chat_preview,ui_text,chat_ui,1200,800,512,341,AVIF,crf=60,531,0.024331011730205278,34.4639169999823,20.92104199999767,nan,nan,29.019939538744133,0.895403556070919,0.9397718871676691,0.9501463007849382,0.8979491161512582,ffmpeg/libsvtav1 wall time including process and file I/O
chat_preview,ui_text,chat_ui,1200,800,512,341,AVIF,crf=59,565,0.02588892961876833,34.56341599996904,19.917500000019572,nan,nan,29.366511820333226,0.9031626063897603,0.9438026734238472,0.9508445537301895,0.9070201425877772,ffmpeg/libsvtav1 wall time including process and file I/O
chat_preview,ui_text,chat_ui,1200,800,512,341,AVIF,crf=58,597,0.027355205278592375,34.620125000003554,20.654249999950025,nan,nan,29.92423623542596,0.9137371078522571,0.955858703575233,0.9605732358789457,0.923269424757342,ffmpeg/libsvtav1 wall time including process and file I/O
chat_preview,ui_text,chat_ui,1200,800,512,341,AVIF,crf=57,622,0.02850073313782991,34.12337499997875,19.235334000029525,nan,nan,30.246549098730227,0.9166197206039753,0.9589178454120107,0.9634061514743716,0.9312125256637835,ffmpeg/libsvtav1 wall time including process and file I/O
chat_preview,ui_text,chat_ui,1200,800,512,341,AVIF,crf=56,648,0.02969208211143695,32.602042000007714,19.68575000000783,nan,nan,30.69220161227813,0.9200442825628855,0.9611407301028385,0.9652322039859771,0.9377659843210542,ffmpeg/libsvtav1 wall time including process and file I/O
chat_preview,ui_text,chat_ui,1200,800,512,341,AVIF,crf=55,705,0.03230388563049853,36.64504099998567,20.002666999971552,nan,nan,30.95524513204048,0.9214469406244082,0.9645622934205721,0.9687099580415113,0.9434455206643801,ffmpeg/libsvtav1 wall time including process and file I/O
chat_preview,ui_text,chat_ui,1200,800,512,341,AVIF,crf=54,737,0.03377016129032258,32.7678750000473,19.15937500001519,nan,nan,31.14578271736378,0.9268649030780534,0.96758743227574,0.97050546022309,0.9475837005463591,ffmpeg/libsvtav1 wall time including process and file I/O
chat_preview,ui_text,chat_ui,1200,800,512,341,AVIF,crf=53,767,0.03514479472140762,34.34812500000817,19.40279199999395,nan,nan,31.507310468624713,0.9311536234161147,0.9699614193580136,0.9735006178712231,0.953641450570035,ffmpeg/libsvtav1 wall time including process and file I/O
chat_preview,ui_text,chat_ui,1200,800,512,341,AVIF,crf=52,812,0.03720674486803519,34.44266700000753,21.154000000024098,nan,nan,31.630522675888418,0.934494879418328,0.9729806425733316,0.9762741918136805,0.9558584452548173,ffmpeg/libsvtav1 wall time including process and file I/O
chat_preview,ui_text,chat_ui,1200,800,512,341,AVIF,crf=51,857,0.039268695014662756,34.5792500000357,18.74808299999131,nan,nan,31.827624693923767,0.9358843714269667,0.9738720563464828,0.9779220414918152,0.959007181870517,ffmpeg/libsvtav1 wall time including process and file I/O
chat_preview,ui_text,chat_ui,1200,800,512,341,AVIF,crf=50,894,0.04096407624633431,34.39650000001393,19.77541700000529,nan,nan,32.14852088089776,0.9406574952440426,0.9776045241314769,0.9801539321510934,0.9631953879980248,ffmpeg/libsvtav1 wall time including process and file I/O
chat_preview,ui_text,chat_ui,1200,800,512,341,AVIF,crf=49,927,0.042476173020527856,34.48687500002734,18.716874999995525,nan,nan,32.31393087459437,0.9436394200701947,0.9783608211901269,0.9802845791477678,0.9653009928863395,ffmpeg/libsvtav1 wall time including process and file I/O
chat_preview,ui_text,chat_ui,1200,800,512,341,AVIF,crf=48,999,0.045775293255131966,34.352374999969015,18.479416999980458,nan,nan,32.52796592679673,0.9467062318386801,0.9813738671178297,0.9840927089582021,0.9676640743541064,ffmpeg/libsvtav1 wall time including process and file I/O
chat_preview,ui_text,chat_ui,1200,800,512,341,AVIF,crf=47,1043,0.04779142228739003,33.69125000000395,19.30749999996806,nan,nan,32.77323602920773,0.9505631728901326,0.982231928786074,0.9843872722077371,0.9702436119479091,ffmpeg/libsvtav1 wall time including process and file I/O
chat_preview,ui_text,chat_ui,1200,800,512,341,AVIF,crf=46,1119,0.051273826979472144,33.9603329999818,20.033041000033336,nan,nan,33.25279572782093,0.9554562415312303,0.98571679832082,0.9877308358230091,0.9746210383584935,ffmpeg/libsvtav1 wall time including process and file I/O
chat_preview,ui_text,chat_ui,1200,800,512,341,AVIF,crf=45,1186,0.05434384164222874,35.37679099997604,18.781208000007155,nan,nan,33.49007148033154,0.9583654938582439,0.9863838732093589,0.9886496843163505,0.9758259704401686,ffmpeg/libsvtav1 wall time including process and file I/O
chat_preview,ui_text,chat_ui,1200,800,512,341,AVIF,crf=44,1285,0.05888013196480939,35.56570899996814,19.11075000003848,nan,nan,33.739289141579796,0.9605218243333394,0.9871685871507231,0.9897091589467071,0.9775487636219006,ffmpeg/libsvtav1 wall time including process and file I/O
chat_preview,ui_text,chat_ui,1200,800,512,341,AVIF,crf=43,1344,0.06158357771260997,35.28891600001316,18.960207999953127,nan,nan,33.965702705449765,0.9621447806513298,0.9877923687091964,0.9898256309433302,0.9787762739449568,ffmpeg/libsvtav1 wall time including process and file I/O
chat_preview,ui_text,chat_ui,1200,800,512,341,AVIF,crf=42,1461,0.06694464809384164,35.67199999997683,18.71916599998258,nan,nan,34.2142642061871,0.96504971830361,0.9898451042961679,0.9916289491525505,0.9807867768018073,ffmpeg/libsvtav1 wall time including process and file I/O
chat_preview,ui_text,chat_ui,1200,800,512,341,AVIF,crf=41,1559,0.07143511730205279,36.0233750000134,18.60233400003608,nan,nan,34.527038859187364,0.9678254773738022,0.9904835983222209,0.992056571372753,0.9822751295827481,ffmpeg/libsvtav1 wall time including process and file I/O
chat_preview,ui_text,chat_ui,1200,800,512,341,AVIF,crf=40,1652,0.07569648093841642,35.5589590000136,18.647166999983256,nan,nan,34.729103871864886,0.9694284134455664,0.9907631124703781,0.9922959983976546,0.9831867932450634,ffmpeg/libsvtav1 wall time including process and file I/O
chat_preview,ui_text,chat_ui,1200,800,512,341,AVIF,crf=39,1818,0.08330278592375366,37.67258300001686,18.630665999978646,nan,nan,35.15497272094998,0.9733261569214546,0.99234358249183,0.9940354214197239,0.9850051396863228,ffmpeg/libsvtav1 wall time including process and file I/O
chat_preview,ui_text,chat_ui,1200,800,512,341,AVIF,crf=38,1980,0.0907258064516129,38.98545900000272,18.5192499999971,nan,nan,35.369755671459046,0.9739121786654197,0.9922127096125831,0.9939955045729715,0.9857667248501736,ffmpeg/libsvtav1 wall time including process and file I/O
chat_preview,ui_text,chat_ui,1200,800,512,341,AVIF,crf=37,2223,0.10186033724340177,38.94579199999271,18.9878330000397,nan,nan,35.69177482674232,0.9760159082710427,0.9928313117379526,0.9943785334370714,0.9869330216078224,ffmpeg/libsvtav1 wall time including process and file I/O
chat_preview,ui_text,chat_ui,1200,800,512,341,AVIF,crf=36,2495,0.11432368035190615,37.09391699999287,19.433583000022736,nan,nan,36.2628901982775,0.9779847350289588,0.9927354390394285,0.9946772584541486,0.9881823466878032,ffmpeg/libsvtav1 wall time including process and file I/O
chat_preview,ui_text,chat_ui,1200,800,512,341,AVIF,crf=35,2761,0.12651209677419356,41.48112500001844,19.540375000019594,nan,nan,36.637391023791736,0.9798272565777028,0.9940131503712704,0.9959001334821124,0.9893546366534954,ffmpeg/libsvtav1 wall time including process and file I/O
chat_preview,ui_text,chat_ui,1200,800,512,341,AVIF,crf=34,2938,0.1346224340175953,38.656458999980714,19.841500000040924,nan,nan,36.9066846943833,0.9820883128136821,0.9948723987445529,0.996604364616291,0.990552907254298,ffmpeg/libsvtav1 wall time including process and file I/O
chat_preview,ui_text,chat_ui,1200,800,512,341,AVIF,crf=33,3120,0.1429618768328446,41.362625000033404,19.83012499999859,nan,nan,37.32500915524765,0.9831441628934998,0.9954648574737869,0.9965827288041019,0.9915510051281435,ffmpeg/libsvtav1 wall time including process and file I/O
chat_preview,ui_text,chat_ui,1200,800,512,341,AVIF,crf=32,3356,0.15377565982404692,39.89341599998397,18.999291000000085,nan,nan,37.49447999294661,0.9840019410725316,0.9953743202629739,0.9967977891737738,0.9917593283501478,ffmpeg/libsvtav1 wall time including process and file I/O
chat_preview,ui_text,chat_ui,1200,800,512,341,AVIF,crf=31,3624,0.1660557184750733,41.027290999977595,19.268209000017578,nan,nan,38.010775899813126,0.9851383084589999,0.9958725079270975,0.9972109832870651,0.9929092229355964,ffmpeg/libsvtav1 wall time including process and file I/O
chat_preview,ui_text,chat_ui,1200,800,512,341,AVIF,crf=30,3841,0.17599890029325513,40.356667000025936,19.270167000001948,nan,nan,38.36811004432282,0.9873344055659269,0.9961960771015796,0.9972176559110973,0.9932771349860994,ffmpeg/libsvtav1 wall time including process and file I/O
chat_preview,ui_text,chat_ui,1200,800,512,341,AVIF,crf=29,4053,0.18571297653958943,40.49633400001085,19.51850000000377,nan,nan,38.574383664752304,0.9872819977110342,0.9967502651107653,0.9976362254166402,0.9939978584551762,ffmpeg/libsvtav1 wall time including process and file I/O
chat_preview,ui_text,chat_ui,1200,800,512,341,AVIF,crf=28,4177,0.19139479472140764,40.774457999987135,19.60870900001055,nan,nan,38.70016530733752,0.9876303367745995,0.9965158701934286,0.9976711205847196,0.994033607425356,ffmpeg/libsvtav1 wall time including process and file I/O
chat_preview,ui_text,chat_ui,1200,800,512,341,AVIF,crf=27,4431,0.203033357771261,40.776125000036245,19.72870900004864,nan,nan,39.026750808068904,0.9887067953936873,0.9963401022483959,0.9974597300785697,0.9944235340033584,ffmpeg/libsvtav1 wall time including process and file I/O
chat_preview,ui_text,chat_ui,1200,800,512,341,AVIF,crf=26,4705,0.2155883431085044,37.8168329999653,19.3819169999756,nan,nan,39.27404290522017,0.9887108737558622,0.9968060258248017,0.9976103168519159,0.9948823886691719,ffmpeg/libsvtav1 wall time including process and file I/O
chat_preview,ui_text,chat_ui,1200,800,512,341,AVIF,crf=25,4858,0.22259897360703812,38.0944999999997,19.701542000007066,nan,nan,39.51704228789051,0.9905225552499252,0.9975974241761035,0.9983747887734452,0.9954046657890889,ffmpeg/libsvtav1 wall time including process and file I/O
chat_preview,ui_text,chat_ui,1200,800,512,341,AVIF,crf=24,5159,0.23639112903225806,36.97412499997199,19.228834000045936,nan,nan,39.61832359263534,0.9902801563577178,0.9976472865805118,0.9983502295568728,0.9955704265380041,ffmpeg/libsvtav1 wall time including process and file I/O
chat_preview,ui_text,chat_ui,1200,800,512,341,AVIF,crf=23,5280,0.24193548387096775,37.76404099994579,19.32533400002967,nan,nan,39.77476054865813,0.990921178432305,0.997771958177068,0.9984921275430528,0.9956664602704641,ffmpeg/libsvtav1 wall time including process and file I/O
chat_preview,ui_text,chat_ui,1200,800,512,341,AVIF,crf=22,5397,0.2472965542521994,38.13612499999408,19.58999999999378,nan,nan,39.89546271913567,0.9911445313746537,0.9978770469248234,0.998584537052202,0.9959268131196827,ffmpeg/libsvtav1 wall time including process and file I/O
chat_preview,ui_text,chat_ui,1200,800,512,341,AVIF,crf=21,5442,0.24935850439882698,37.33187499994983,18.97245799995062,nan,nan,39.98859029468583,0.9914910199576851,0.9978117817967336,0.9984214465672495,0.9959422744474107,ffmpeg/libsvtav1 wall time including process and file I/O
chat_preview,ui_text,chat_ui,1200,800,512,341,AVIF,crf=20,5550,0.25430718475073316,37.475625000013224,19.682665999994242,nan,nan,40.091591580552205,0.9915989178946517,0.9978032952731329,0.9985691810399387,0.995999925556406,ffmpeg/libsvtav1 wall time including process and file I/O
chat_preview,ui_text,chat_ui,1200,800,512,341,AVIF,crf=19,5700,0.26118035190615835,37.39312499999414,19.32924999999841,nan,nan,40.16985345627407,0.9920544793537768,0.9983083142412191,0.9988892428017068,0.9962809597300253,ffmpeg/libsvtav1 wall time including process and file I/O
chat_preview,ui_text,chat_ui,1200,800,512,341,AVIF,crf=18,5833,0.26727456011730205,37.384833999965394,21.527999999989333,nan,nan,40.28519825203337,0.9922457455381976,0.9986742618163618,0.9991827610460362,0.9968002333367258,ffmpeg/libsvtav1 wall time including process and file I/O
chat_preview,ui_text,chat_ui,1200,800,512,341,AVIF,crf=17,5986,0.2742851906158358,37.7475840000443,19.579707999980656,nan,nan,40.45112195512401,0.9926530772988064,0.9985752991068915,0.9990486334224973,0.9967811800509632,ffmpeg/libsvtav1 wall time including process and file I/O
chat_preview,ui_text,chat_ui,1200,800,512,341,AVIF,crf=16,6154,0.281983137829912,37.6828330000194,19.004083000027094,nan,nan,40.485637866823474,0.9928165541277906,0.9986841406125239,0.9992042516900411,0.996877924782656,ffmpeg/libsvtav1 wall time including process and file I/O
chat_preview,ui_text,chat_ui,1200,800,512,341,AVIF,crf=15,6447,0.29540872434017595,37.25245900000118,19.286834000013187,nan,nan,40.60214733643892,0.993291570802748,0.9988601913183618,0.9993738735648123,0.9970669112514345,ffmpeg/libsvtav1 wall time including process and file I/O
chat_preview,ui_text,chat_ui,1200,800,512,341,AVIF,crf=14,6602,0.30251099706744866,36.854957999992166,19.149125000012646,nan,nan,40.64551416136371,0.9933572320010792,0.9989459291168551,0.999437585715208,0.9971480701791882,ffmpeg/libsvtav1 wall time including process and file I/O
chat_preview,ui_text,chat_ui,1200,800,512,341,AVIF,crf=13,6739,0.30878848973607037,36.88425000001416,19.389624999973876,nan,nan,40.74744944760138,0.9935445939794582,0.9990011533801096,0.9995341865509879,0.9972836416737656,ffmpeg/libsvtav1 wall time including process and file I/O
chat_preview,ui_text,chat_ui,1200,800,512,341,AVIF,crf=12,6994,0.3204728739002933,37.31249999998454,19.179957999995167,nan,nan,40.823848444212686,0.9937170980239207,0.9990650492087069,0.9995171772321654,0.9973448949925706,ffmpeg/libsvtav1 wall time including process and file I/O
chat_preview,ui_text,chat_ui,1200,800,512,341,AVIF,crf=11,7335,0.3360978739002933,36.87570900001447,19.275332999995953,nan,nan,40.902725190141716,0.9938248280545761,0.9990746794020889,0.9996071470468939,0.9974466506057355,ffmpeg/libsvtav1 wall time including process and file I/O
chat_preview,ui_text,chat_ui,1200,800,512,341,AVIF,crf=10,7564,0.3465909090909091,36.92304100002275,19.529707999993207,nan,nan,40.95351363087204,0.9939209549545232,0.9991472401725847,0.9996531088576325,0.9975300587345413,ffmpeg/libsvtav1 wall time including process and file I/O
chat_preview,ui_text,chat_ui,1200,800,512,341,AVIF,crf=9,7853,0.35983321114369504,36.38674999996283,19.544749999965916,nan,nan,41.03266137950516,0.9943052290645502,0.9992895040790959,0.9996883043021583,0.99761273678015,ffmpeg/libsvtav1 wall time including process and file I/O
chat_preview,ui_text,chat_ui,1200,800,512,341,AVIF,crf=8,8110,0.37160923753665687,37.130999999988035,20.09370799999033,nan,nan,41.111136847634725,0.9943957938436573,0.9993152875189028,0.999692191815006,0.9976902658656057,ffmpeg/libsvtav1 wall time including process and file I/O
chat_preview,ui_text,chat_ui,1200,800,512,341,AVIF,crf=7,8680,0.3977272727272727,37.54883399994924,19.547416999955658,nan,nan,41.15687627597769,0.9944154585998204,0.9993424275493147,0.999715432291668,0.9977268410146202,ffmpeg/libsvtav1 wall time including process and file I/O
chat_preview,ui_text,chat_ui,1200,800,512,341,AVIF,crf=6,9181,0.42068365102639294,37.07866700000295,19.631333000006634,nan,nan,41.219972070492574,0.9947673290612927,0.9994143256877471,0.9997830736920046,0.9978204009822867,ffmpeg/libsvtav1 wall time including process and file I/O
chat_preview,ui_text,chat_ui,1200,800,512,341,AVIF,crf=5,9706,0.44473973607038125,38.043291999997564,19.320959000026505,nan,nan,41.2670065442132,0.9948568710788922,0.9994353351008115,0.9997977489876754,0.9978579563663421,ffmpeg/libsvtav1 wall time including process and file I/O
chat_preview,ui_text,chat_ui,1200,800,512,341,AVIF,crf=4,10457,0.4791513929618768,38.530583000010665,19.30508399999553,nan,nan,41.314138341562625,0.994966545652623,0.9994084108622494,0.99976360384744,0.9978610072892837,ffmpeg/libsvtav1 wall time including process and file I/O
chat_preview,ui_text,chat_ui,1200,800,512,341,AVIF,crf=3,11391,0.5219483137829912,38.1185410000171,19.13237499996967,nan,nan,41.36037945612688,0.9949876911999619,0.9994124142314309,0.9997598705811163,0.9978858801920468,ffmpeg/libsvtav1 wall time including process and file I/O
chat_preview,ui_text,chat_ui,1200,800,512,341,AVIF,crf=2,12633,0.578858137829912,38.77212499997995,19.56062499999689,nan,nan,41.38948455689399,0.9950429257532262,0.9994123131811575,0.9997557319130105,0.9978993896249623,ffmpeg/libsvtav1 wall time including process and file I/O
chat_preview,ui_text,chat_ui,1200,800,512,341,AVIF,crf=1,14368,0.658357771260997,39.969416000019464,19.86929100002044,nan,nan,41.41926336442477,0.9951064670640357,0.9994303979846744,0.9997704772334941,0.9979277198483594,ffmpeg/libsvtav1 wall time including process and file I/O
chat_preview,ui_text,chat_ui,1200,800,512,341,JPEG2000,"pix=yuv420p,qscale=1",16396,0.7512829912023461,25.872291999974095,21.612582999978258,nan,nan,40.832925018573654,0.9930876816188204,0.9990717823433735,0.999546614112006,0.9973964378612574,native ffmpeg jpeg2000 wall time including process and file I/O
chat_preview,ui_text,chat_ui,1200,800,512,341,JPEG2000,"pix=yuv420p,qscale=10000",937,0.04293438416422287,25.799000000006345,19.23270899999352,nan,nan,27.259199526725677,0.8403120696551708,0.8833168389104097,0.9110332744747817,0.8081086553694112,native ffmpeg jpeg2000 wall time including process and file I/O
chat_preview,ui_text,chat_ui,1200,800,512,341,JPEG2000,"pix=yuv420p,qscale=5000",1043,0.04779142228739003,25.774415999990197,19.31400000000849,nan,nan,28.07949823739655,0.865842940221034,0.9111287740782377,0.9327397917949924,0.8549484587258172,native ffmpeg jpeg2000 wall time including process and file I/O
chat_preview,ui_text,chat_ui,1200,800,512,341,JPEG2000,"pix=yuv420p,qscale=2500",1178,0.05397727272727273,25.845124999989366,19.057041999985813,nan,nan,28.80448673665576,0.8763431228692818,0.9272894160966407,0.9424758036947983,0.8876300148340612,native ffmpeg jpeg2000 wall time including process and file I/O
chat_preview,ui_text,chat_ui,1200,800,512,341,JPEG2000,"pix=yuv420p,qscale=1250",1377,0.06309567448680352,25.504124999997657,19.15420899996434,nan,nan,29.759745235839226,0.9015783870046817,0.9516017567383215,0.9638318895066107,0.919586994731917,native ffmpeg jpeg2000 wall time including process and file I/O
chat_preview,ui_text,chat_ui,1200,800,512,341,JPEG2000,"pix=yuv420p,qscale=625",1626,0.07450513196480939,25.72891699998081,19.333582999990995,nan,nan,30.437700891748673,0.9128098467392892,0.962715592775225,0.972952372121298,0.9365859866438921,native ffmpeg jpeg2000 wall time including process and file I/O
chat_preview,ui_text,chat_ui,1200,800,512,341,JPEG2000,"pix=yuv420p,qscale=313",2102,0.09631598240469208,26.60045900000796,20.102042000019082,nan,nan,31.80457643008807,0.936324760436194,0.9789663671698134,0.9858177507282525,0.9604879330265477,native ffmpeg jpeg2000 wall time including process and file I/O
chat_preview,ui_text,chat_ui,1200,800,512,341,JPEG2000,"pix=yuv420p,qscale=469",1866,0.08550219941348973,26.204000000007,20.001125000021602,nan,nan,31.202557235438793,0.9272762562147653,0.9725036360404546,0.9817332358794848,0.95088821811077,native ffmpeg jpeg2000 wall time including process and file I/O
chat_preview,ui_text,chat_ui,1200,800,512,341,JPEG2000,"pix=yuv420p,qscale=547",1767,0.08096590909090909,26.36158399997157,19.51574999998229,nan,nan,30.94429683269312,0.9225150492990073,0.9692675080716464,0.9787743247447189,0.9464607048441538,native ffmpeg jpeg2000 wall time including process and file I/O
chat_preview,ui_text,chat_ui,1200,800,512,341,JPEG2000,"pix=yuv420p,qscale=508",1837,0.08417338709677419,25.912500000004002,19.24533299995801,nan,nan,31.183548581660997,0.9270361155607715,0.9722274411717032,0.9815169000869457,0.9504831641367606,native ffmpeg jpeg2000 wall time including process and file I/O
chat_preview,ui_text,chat_ui,1200,800,512,341,JPEG2000,"pix=yuv420p,qscale=527",1817,0.08325696480938416,26.371958000027007,19.925249999971584,nan,nan,31.13259195360509,0.9265827300412637,0.9714770467505445,0.9810462007091058,0.9493195091964072,native ffmpeg jpeg2000 wall time including process and file I/O
chat_preview,ui_text,chat_ui,1200,800,512,341,JPEG2000,"pix=yuv420p,qscale=537",1799,0.08243218475073313,26.380125000002863,20.17404200000783,nan,nan,31.08536197363248,0.9255675687489585,0.9707033350341548,0.9802243850697514,0.9485335550542062,native ffmpeg jpeg2000 wall time including process and file I/O
chat_preview,ui_text,chat_ui,1200,800,512,341,JPEG2000,"pix=yuv420p,qscale=542",1799,0.08243218475073313,26.86487500000112,21.114167000007455,nan,nan,31.08536197363248,0.9255675687489585,0.9707033350341548,0.9802243850697514,0.9485335550542062,native ffmpeg jpeg2000 wall time including process and file I/O
chat_preview,ui_text,chat_ui,1200,800,512,341,JPEG2000,"pix=yuv420p,qscale=544",1799,0.08243218475073313,26.415665999991234,20.310709000000315,nan,nan,31.08536197363248,0.9255675687489585,0.9707033350341548,0.9802243850697514,0.9485335550542062,native ffmpeg jpeg2000 wall time including process and file I/O
chat_preview,ui_text,chat_ui,1200,800,512,341,JPEG2000,"pix=yuv420p,qscale=545",1799,0.08243218475073313,26.967458000001443,20.60712500002637,nan,nan,31.08536197363248,0.9255675687489585,0.9707033350341548,0.9802243850697514,0.9485335550542062,native ffmpeg jpeg2000 wall time including process and file I/O
chat_preview,ui_text,chat_ui,1200,800,512,341,JPEG2000,"pix=yuv420p,qscale=546",1773,0.0812408357771261,28.047624999999243,21.686958000032064,nan,nan,30.945776541793087,0.9225485540301342,0.9692710683218214,0.9787784083598351,0.9464719055917576,native ffmpeg jpeg2000 wall time including process and file I/O
chat_preview,ui_text,chat_ui,1200,800,512,341,JPEG2000,"pix=yuv420p,qscale=543",1799,0.08243218475073313,26.226542000017616,20.258874999967702,nan,nan,31.08536197363248,0.9255675687489585,0.9707033350341548,0.9802243850697514,0.9485335550542062,native ffmpeg jpeg2000 wall time including process and file I/O
chat_preview,ui_text,chat_ui,1200,800,512,341,JPEG2000,"pix=yuv420p,qscale=548",1767,0.08096590909090909,26.147041000001536,20.404083000016726,nan,nan,30.94429683269312,0.9225150492990073,0.9692675080716464,0.9787743247447189,0.9464607048441538,native ffmpeg jpeg2000 wall time including process and file I/O
chat_preview,ui_text,chat_ui,1200,800,512,341,JPEG2000,"pix=yuv420p,qscale=157",2603,0.11927236070381232,26.88629099998252,20.56558300000688,nan,nan,32.46297247343444,0.9436155597957842,0.9832537061654641,0.9887720058586033,0.9684979086293033,native ffmpeg jpeg2000 wall time including process and file I/O
chat_preview,ui_text,chat_ui,1200,800,512,341,JPEG2000,"pix=yuv420p,qscale=79",3425,0.15693731671554254,26.792416999967372,20.95745799999804,nan,nan,33.399467430407235,0.955895214483399,0.9886923577073071,0.9924534782031672,0.9771566320049365,native ffmpeg jpeg2000 wall time including process and file I/O
chat_preview,ui_text,chat_ui,1200,800,512,341,JPEG2000,"pix=yuv420p,qscale=118",2830,0.12967375366568915,26.909666999983983,20.188542000028065,nan,nan,32.72869641949587,0.9466338897326204,0.9851141454844127,0.9896972898995335,0.9716475104738697,native ffmpeg jpeg2000 wall time including process and file I/O
chat_preview,ui_text,chat_ui,1200,800,512,341,JPEG2000,"pix=yuv420p,qscale=137",2712,0.12426686217008798,26.695125000003372,20.35579199997528,nan,nan,32.61283641980731,0.9448976485092385,0.98422558120932,0.9891195748218281,0.9703595631371543,native ffmpeg jpeg2000 wall time including process and file I/O
chat_preview,ui_text,chat_ui,1200,800,512,341,JPEG2000,"pix=yuv420p,qscale=127",2778,0.12729105571847507,26.429582999980994,19.806999999957497,nan,nan,32.679511984293306,0.9459828838654736,0.9847347501860044,0.9894819473139056,0.9711278370422414,native ffmpeg jpeg2000 wall time including process and file I/O
chat_preview,ui_text,chat_ui,1200,800,512,341,JPEG2000,"pix=yuv420p,qscale=122",2820,0.12921554252199413,29.143667000028017,19.894416999989062,nan,nan,32.72112381013041,0.9464813038228924,0.9849236545633203,0.9896528284010162,0.9715252246495608,native ffmpeg jpeg2000 wall time including process and file I/O
chat_preview,ui_text,chat_ui,1200,800,512,341,JPEG2000,"pix=yuv420p,qscale=120",2829,0.12962793255131966,28.197291999958907,20.28783299999759,nan,nan,32.72600544881978,0.9466263900395832,0.9851056227024233,0.9896981266305911,0.9716062046605305,native ffmpeg jpeg2000 wall time including process and file I/O
chat_preview,ui_text,chat_ui,1200,800,512,341,JPEG2000,"pix=yuv420p,qscale=121",2824,0.12939882697947214,26.382666000017707,20.57124999998905,nan,nan,32.72344577172959,0.946536235036109,0.9850095517789548,0.989660809263621,0.9715599979326426,native ffmpeg jpeg2000 wall time including process and file I/O
chat_preview,ui_text,chat_ui,1200,800,512,341,JPEG2000,"pix=yuv420p,qscale=119",2830,0.12967375366568915,26.26141700000062,20.25850000001128,nan,nan,32.72869641949587,0.9466338897326204,0.9851141454844127,0.9896972898995335,0.9716475104738697,native ffmpeg jpeg2000 wall time including process and file I/O
chat_preview,ui_text,chat_ui,1200,800,512,341,JPEG2000,"pix=yuv420p,qscale=123",2815,0.12898643695014664,26.780250000001615,19.33737500002053,nan,nan,32.71937403047375,0.9464641606002849,0.9849229549736856,0.9896520564179752,0.9715172053611979,native ffmpeg jpeg2000 wall time including process and file I/O
chat_preview,ui_text,chat_ui,1200,800,512,341,JPEG2000,"pix=yuv420p,qscale=124",2808,0.12866568914956011,26.646999999968557,19.752165999989302,nan,nan,32.70946405416282,0.9462340131217267,0.9848737487336968,0.9896036355757423,0.9714396242765488,native ffmpeg jpeg2000 wall time including process and file I/O
chat_preview,ui_text,chat_ui,1200,800,512,341,JPEG2000,"pix=yuv420p,qscale=40",4548,0.20839442815249268,26.25045899998213,19.597125000018423,nan,nan,34.52129566360033,0.9645620593491212,0.9918630519555642,0.9945716004795616,0.9834861768933804,native ffmpeg jpeg2000 wall time including process and file I/O
chat_preview,ui_text,chat_ui,1200,800,512,341,JPEG2000,"pix=yuv420p,qscale=20",6516,0.29857038123167157,25.946292000014637,20.80150000000458,nan,nan,36.409381077397384,0.9763804808789214,0.9949237888479718,0.9970069639085064,0.9897963811203125,native ffmpeg jpeg2000 wall time including process and file I/O
chat_preview,ui_text,chat_ui,1200,800,512,341,JPEG2000,"pix=yuv420p,qscale=10",8514,0.3901209677419355,26.418250000006083,20.563165999988087,nan,nan,37.98358179193593,0.9834131880557303,0.996861547084006,0.998168579949282,0.9935333277201838,native ffmpeg jpeg2000 wall time including process and file I/O
chat_preview,ui_text,chat_ui,1200,800,512,341,JPEG2000,"pix=yuv420p,qscale=15",7278,0.3334860703812317,25.86870799996177,20.112208000000464,nan,nan,37.10309107094564,0.9792159490929414,0.9958048064858245,0.9975176748195017,0.9916630818311195,native ffmpeg jpeg2000 wall time including process and file I/O
chat_preview,ui_text,chat_ui,1200,800,512,341,JPEG2000,"pix=yuv420p,qscale=17",6973,0.31951063049853373,26.12654099999645,20.319916999994803,nan,nan,36.84451803379846,0.9779849606988783,0.9954349325576723,0.99737351967988,0.9910363186611987,native ffmpeg jpeg2000 wall time including process and file I/O
chat_preview,ui_text,chat_ui,1200,800,512,341,JPEG2000,"pix=yuv420p,qscale=18",6774,0.3103922287390029,26.17695899999717,20.278749999988577,nan,nan,36.65057450046707,0.9773698372143258,0.995278991657676,0.9972625314447428,0.9905217591732568,native ffmpeg jpeg2000 wall time including process and file I/O
chat_preview,ui_text,chat_ui,1200,800,512,341,JPEG2000,"pix=yuv420p,qscale=19",6640,0.30425219941348974,26.571417000013753,20.22250000004533,nan,nan,36.530627283425304,0.9767927087421461,0.9950877566797679,0.9970672973602726,0.9901466546815358,native ffmpeg jpeg2000 wall time including process and file I/O
chat_preview,ui_text,chat_ui,1200,800,512,341,JPEG2000,"pix=yuv420p,qscale=21",6321,0.28963526392961875,26.387042000010297,20.441333000007944,nan,nan,36.241368612392925,0.9755216412425155,0.9947328632436188,0.9968389405283444,0.9893795237431726,native ffmpeg jpeg2000 wall time including process and file I/O
chat_preview,ui_text,chat_ui,1200,800,512,341,JPEG2000,"pix=yuv420p,qscale=22",6254,0.28656524926686217,25.83733299996993,20.706375000031585,nan,nan,36.15907528026709,0.9752409156097643,0.9946921176938378,0.9967955736432814,0.9891901193239229,native ffmpeg jpeg2000 wall time including process and file I/O
chat_preview,ui_text,chat_ui,1200,800,512,341,JPEG2000,"pix=rgb24,qscale=1",44341,2.0317540322580645,36.164499999983946,27.789249999955246,nan,nan,53.23935123287549,0.9988632406019621,0.9998607791778146,0.9998810284581747,0.9998011542441398,native ffmpeg jpeg2000 wall time including process and file I/O
chat_preview,ui_text,chat_ui,1200,800,512,341,JPEG2000,"pix=rgb24,qscale=10000",1792,0.08211143695014662,35.90787499996395,20.985416999963036,nan,nan,29.246630262497536,0.8660683541902792,0.9225046437055151,0.9274198653241802,0.9042589468092499,native ffmpeg jpeg2000 wall time including process and file I/O
chat_preview,ui_text,chat_ui,1200,800,512,341,JPEG2000,"pix=rgb24,qscale=5000",2140,0.09805718475073313,35.669708000000355,21.33166600003733,nan,nan,30.074940050626424,0.8930282735234288,0.9465892709072868,0.9501618212063995,0.9278496412103728,native ffmpeg jpeg2000 wall time including process and file I/O
chat_preview,ui_text,chat_ui,1200,800,512,341,JPEG2000,"pix=rgb24,qscale=2500",2540,0.11638563049853372,35.5090830000222,21.804708999979994,nan,nan,31.030594477161557,0.9087736307449353,0.9612169730935228,0.962936772791281,0.9460612904588442,native ffmpeg jpeg2000 wall time including process and file I/O
chat_preview,ui_text,chat_ui,1200,800,512,341,JPEG2000,"pix=rgb24,qscale=1250",3035,0.13906708211143695,36.221916999977566,21.376250000002983,nan,nan,31.74951394988017,0.9216586834725115,0.9692732625725305,0.970242367815902,0.957432999844201,native ffmpeg jpeg2000 wall time including process and file I/O
chat_preview,ui_text,chat_ui,1200,800,512,341,JPEG2000,"pix=rgb24,qscale=625",3878,0.1776942815249267,36.51516700000457,21.622540999999273,nan,nan,32.90726791729271,0.9399577583181428,0.9811591949550332,0.9823945113546907,0.9717443708267706,native ffmpeg jpeg2000 wall time including process and file I/O
chat_preview,ui_text,chat_ui,1200,800,512,341,JPEG2000,"pix=rgb24,qscale=937",3256,0.14919354838709678,39.31391599996914,21.68941600001517,nan,nan,31.973238660004863,0.925251603400285,0.9720905452476871,0.9730716217986514,0.9609578070826326,native ffmpeg jpeg2000 wall time including process and file I/O
chat_preview,ui_text,chat_ui,1200,800,512,341,JPEG2000,"pix=rgb24,qscale=1093",3098,0.14195381231671556,35.549541000023055,20.957541000029778,nan,nan,31.801450163257936,0.9223712982066642,0.9697859832448087,0.9707982353451292,0.9583944898041029,native ffmpeg jpeg2000 wall time including process and file I/O
chat_preview,ui_text,chat_ui,1200,800,512,341,JPEG2000,"pix=rgb24,qscale=1015",3205,0.1468566715542522,36.123541999984354,21.51600000001963,nan,nan,31.94084100728301,0.9248738977169854,0.9717949519543985,0.9727250280943875,0.960479384653307,native ffmpeg jpeg2000 wall time including process and file I/O
chat_preview,ui_text,chat_ui,1200,800,512,341,JPEG2000,"pix=rgb24,qscale=1054",3181,0.14575696480938416,36.03574999999637,21.615124999982527,nan,nan,31.924553605060524,0.9246544328260585,0.9716576360850531,0.9726663821095118,0.960257888445285,native ffmpeg jpeg2000 wall time including process and file I/O
chat_preview,ui_text,chat_ui,1200,800,512,341,JPEG2000,"pix=rgb24,qscale=1073",3128,0.1433284457478006,35.806499999978314,21.300375000009808,nan,nan,31.848753678550246,0.9231735112182365,0.9703970594825516,0.9711504107846943,0.9591141465646431,native ffmpeg jpeg2000 wall time including process and file I/O
chat_preview,ui_text,chat_ui,1200,800,512,341,JPEG2000,"pix=rgb24,qscale=1083",3116,0.14277859237536658,36.00795899996001,22.121999999967557,nan,nan,31.821134815155084,0.922544405377779,0.969883536340733,0.9709504371098173,0.9587461635597665,native ffmpeg jpeg2000 wall time including process and file I/O
chat_preview,ui_text,chat_ui,1200,800,512,341,JPEG2000,"pix=rgb24,qscale=1078",3128,0.1433284457478006,36.588250000022526,21.02258300004678,nan,nan,31.848753678550246,0.9231735112182365,0.9703970594825516,0.9711504107846943,0.9591141465646431,native ffmpeg jpeg2000 wall time including process and file I/O
chat_preview,ui_text,chat_ui,1200,800,512,341,JPEG2000,"pix=rgb24,qscale=1080",3116,0.14277859237536658,36.58412499999031,20.64741600003117,nan,nan,31.821134815155084,0.922544405377779,0.969883536340733,0.9709504371098173,0.9587461635597665,native ffmpeg jpeg2000 wall time including process and file I/O
chat_preview,ui_text,chat_ui,1200,800,512,341,JPEG2000,"pix=rgb24,qscale=1079",3116,0.14277859237536658,37.05820800001902,21.24058299995113,nan,nan,31.821134815155084,0.922544405377779,0.969883536340733,0.9709504371098173,0.9587461635597665,native ffmpeg jpeg2000 wall time including process and file I/O
chat_preview,ui_text,chat_ui,1200,800,512,341,JPEG2000,"pix=rgb24,qscale=1076",3128,0.1433284457478006,36.68204199999536,20.961584000019684,nan,nan,31.848753678550246,0.9231735112182365,0.9703970594825516,0.9711504107846943,0.9591141465646431,native ffmpeg jpeg2000 wall time including process and file I/O
chat_preview,ui_text,chat_ui,1200,800,512,341,JPEG2000,"pix=rgb24,qscale=1077",3128,0.1433284457478006,35.900624999953834,21.392583999954695,nan,nan,31.848753678550246,0.9231735112182365,0.9703970594825516,0.9711504107846943,0.9591141465646431,native ffmpeg jpeg2000 wall time including process and file I/O
chat_preview,ui_text,chat_ui,1200,800,512,341,JPEG2000,"pix=rgb24,qscale=1081",3116,0.14277859237536658,36.24908299997287,21.661041000015757,nan,nan,31.821134815155084,0.922544405377779,0.969883536340733,0.9709504371098173,0.9587461635597665,native ffmpeg jpeg2000 wall time including process and file I/O
chat_preview,ui_text,chat_ui,1200,800,512,341,JPEG2000,"pix=rgb24,qscale=313",4926,0.22571480938416422,36.3844169999652,21.41900000003716,nan,nan,33.84692740240107,0.9523950230540659,0.9876503846153559,0.9884053863404462,0.9791269793277194,native ffmpeg jpeg2000 wall time including process and file I/O
chat_preview,ui_text,chat_ui,1200,800,512,341,JPEG2000,"pix=rgb24,qscale=469",4365,0.2000091642228739,35.93883299998879,21.239250000007814,nan,nan,33.43875116069909,0.9471235645415156,0.9856197255219777,0.9864549215430612,0.9763847351865645,native ffmpeg jpeg2000 wall time including process and file I/O
chat_preview,ui_text,chat_ui,1200,800,512,341,JPEG2000,"pix=rgb24,qscale=547",4161,0.1906616568914956,36.42162500000268,21.752624999976433,nan,nan,33.21923277197469,0.9445316053851469,0.983923542523489,0.9857622020487334,0.9746673578229978,native ffmpeg jpeg2000 wall time including process and file I/O
chat_preview,ui_text,chat_ui,1200,800,512,341,JPEG2000,"pix=rgb24,qscale=508",4310,0.1974890029325513,37.16149999996787,21.902667000006204,nan,nan,33.39253526122559,0.9468784824953435,0.9855500155261073,0.9864583435154077,0.9760993684720224,native ffmpeg jpeg2000 wall time including process and file I/O
chat_preview,ui_text,chat_ui,1200,800,512,341,JPEG2000,"pix=rgb24,qscale=527",4235,0.19405241935483872,36.4454589999923,20.752167000011923,nan,nan,33.31186574975645,0.9457061866221981,0.9847760623802505,0.9858601436035861,0.975399901349821,native ffmpeg jpeg2000 wall time including process and file I/O
chat_preview,ui_text,chat_ui,1200,800,512,341,JPEG2000,"pix=rgb24,qscale=517",4291,0.1966184017595308,35.81908400002476,21.01229200002308,nan,nan,33.36793130071282,0.9465697490072765,0.985434542373269,0.9864548713526657,0.9759420246361892,native ffmpeg jpeg2000 wall time including process and file I/O
chat_preview,ui_text,chat_ui,1200,800,512,341,JPEG2000,"pix=rgb24,qscale=522",4267,0.19551869501466276,35.57595899997068,21.634207999966293,nan,nan,33.33493835593979,0.9460198630681064,0.9850126151301623,0.9860011377753967,0.9756162126215027,native ffmpeg jpeg2000 wall time including process and file I/O
chat_preview,ui_text,chat_ui,1200,800,512,341,JPEG2000,"pix=rgb24,qscale=524",4257,0.19506048387096775,35.702874999969936,21.81462499999043,nan,nan,33.3212537192202,0.9457989785818343,0.9848447557120362,0.9859416146620028,0.9755008404933639,native ffmpeg jpeg2000 wall time including process and file I/O
chat_preview,ui_text,chat_ui,1200,800,512,341,JPEG2000,"pix=rgb24,qscale=523",4267,0.19551869501466276,36.305040999991434,21.779958000024635,nan,nan,33.33493835593979,0.9460198630681064,0.9850126151301623,0.9860011377753967,0.9756162126215027,native ffmpeg jpeg2000 wall time including process and file I/O
chat_preview,ui_text,chat_ui,1200,800,512,341,JPEG2000,"pix=rgb24,qscale=521",4267,0.19551869501466276,35.643083000024944,21.093791999987843,nan,nan,33.33493835593979,0.9460198630681064,0.9850126151301623,0.9860011377753967,0.9756162126215027,native ffmpeg jpeg2000 wall time including process and file I/O
chat_preview,ui_text,chat_ui,1200,800,512,341,JPEG2000,"pix=rgb24,qscale=525",4257,0.19506048387096775,36.02383300000156,22.464500000012322,nan,nan,33.3212537192202,0.9457989785818343,0.9848447557120362,0.9859416146620028,0.9755008404933639,native ffmpeg jpeg2000 wall time including process and file I/O
chat_preview,ui_text,chat_ui,1200,800,512,341,JPEG2000,"pix=rgb24,qscale=526",4246,0.19455645161290322,37.37162499999158,22.34270799999649,nan,nan,33.31674315491907,0.9457413530019303,0.9848100993668201,0.9859054902334787,0.9754515139307466,native ffmpeg jpeg2000 wall time including process and file I/O
chat_preview,ui_text,chat_ui,1200,800,512,341,JPEG2000,"pix=rgb24,qscale=157",6486,0.2971957478005865,36.54441700001598,21.99999999999136,nan,nan,34.59365753456867,0.9593829241165142,0.9905418361620572,0.990975239013087,0.9833385865143804,native ffmpeg jpeg2000 wall time including process and file I/O
chat_preview,ui_text,chat_ui,1200,800,512,341,JPEG2000,"pix=rgb24,qscale=79",9348,0.4283357771260997,37.670875000003434,25.219916000025933,nan,nan,35.91039421163324,0.969666939031233,0.9939748825445207,0.9943241343341149,0.9885693051576773,native ffmpeg jpeg2000 wall time including process and file I/O
chat_preview,ui_text,chat_ui,1200,800,512,341,JPEG2000,"pix=rgb24,qscale=40",12985,0.5949871700879765,36.69074999999111,23.872374999996282,nan,nan,37.85510275674127,0.9791894729127003,0.9962508203212321,0.9964558632795807,0.9930176975814758,native ffmpeg jpeg2000 wall time including process and file I/O
chat_preview,ui_text,chat_ui,1200,800,512,341,JPEG2000,"pix=rgb24,qscale=59",10837,0.4965634164222874,36.81950000003553,23.163082999985818,nan,nan,36.7410117259108,0.9736634120640595,0.994945211714501,0.995242458109733,0.9907719343508976,native ffmpeg jpeg2000 wall time including process and file I/O
chat_preview,ui_text,chat_ui,1200,800,512,341,JPEG2000,"pix=rgb24,qscale=49",11806,0.5409640762463344,37.287665999997444,23.421959000017978,nan,nan,37.222703717627674,0.9762750193477038,0.9956268308134845,0.9958610527390086,0.9918718006293673,native ffmpeg jpeg2000 wall time including process and file I/O
chat_preview,ui_text,chat_ui,1200,800,512,341,JPEG2000,"pix=rgb24,qscale=54",11286,0.5171370967741935,36.59737499998528,22.42320799996378,nan,nan,36.98197565776557,0.9749487201016082,0.9952761716224564,0.995513778586977,0.9913224787780511,native ffmpeg jpeg2000 wall time including process and file I/O
chat_preview,ui_text,chat_ui,1200,800,512,341,JPEG2000,"pix=rgb24,qscale=56",11054,0.5065065982404692,38.29504199995881,23.862416000042685,nan,nan,36.851868685832066,0.9741491027365429,0.9950658743871833,0.9953139775733293,0.9910225632543272,native ffmpeg jpeg2000 wall time including process and file I/O
chat_preview,ui_text,chat_ui,1200,800,512,341,JPEG2000,"pix=rgb24,qscale=57",11002,0.5041239002932552,37.235291999991205,24.10266600003297,nan,nan,36.81517122774259,0.9740139698768978,0.9950418843132413,0.9953109485093605,0.990948512027269,native ffmpeg jpeg2000 wall time including process and file I/O
chat_preview,ui_text,chat_ui,1200,800,512,341,JPEG2000,"pix=rgb24,qscale=58",10939,0.5012371700879765,37.236124999992626,23.537290999968263,nan,nan,36.79223232364417,0.9738910972418715,0.9950095422522433,0.9952864687172996,0.9908899593705803,native ffmpeg jpeg2000 wall time including process and file I/O
chat_preview,ui_text,chat_ui,1200,800,512,341,JPEG2000,"pix=rgb24,qscale=60",10793,0.49454728739002934,37.120500000014545,23.9437920000114,nan,nan,36.69874800107914,0.9734776247040896,0.9949202263697471,0.9951977389377978,0.9906649877362469,native ffmpeg jpeg2000 wall time including process and file I/O
chat_preview,ui_text,chat_ui,1200,800,512,341,JPEG2000,"pix=rgb24,qscale=61",10655,0.4882239736070381,36.22091699998009,22.75791599998911,nan,nan,36.61792727609733,0.973048706424772,0.9948218894491047,0.995079357155133,0.9904814835159957,native ffmpeg jpeg2000 wall time including process and file I/O
chat_preview,ui_text,meme_card,1200,800,512,341,CAPS,"q=1,tile=64,base=32",1718,0.07872067448680352,8.417208000025767,9.176000000024942,3.22446,4.52617,29.811065497598264,0.9110046172732025,0.9640304729727068,0.9766566085832167,0.9952802717876942,subprocess wall time including PPM I/O; codec_* fields are resident timing
chat_preview,ui_text,meme_card,1200,800,512,341,CAPS,"q=1,tile=64,base=64",2472,0.11326979472140762,7.493957999997747,8.652124999969146,3.43129,4.62596,32.99832484772081,0.9326563864655953,0.9737199778596706,0.9841061749800818,0.997999210572684,subprocess wall time including PPM I/O; codec_* fields are resident timing
chat_preview,ui_text,meme_card,1200,800,512,341,CAPS,"q=2,tile=64,base=32",1743,0.07986620234604105,6.931582999982311,7.921707999969385,3.02233,4.36558,29.824606971302806,0.911563283810317,0.9655351671554467,0.9785617660009022,0.9953489384002108,subprocess wall time including PPM I/O; codec_* fields are resident timing
chat_preview,ui_text,meme_card,1200,800,512,341,CAPS,"q=2,tile=64,base=64",2510,0.11501099706744868,7.460250000008273,9.15404199997738,3.55933,4.61562,32.89762796759586,0.9333916791487331,0.9751487679209312,0.9861946898988136,0.9979686950264158,subprocess wall time including PPM I/O; codec_* fields are resident timing
chat_preview,ui_text,meme_card,1200,800,512,341,CAPS,"q=3,tile=64,base=32",1757,0.08050769794721407,7.4485420000200975,9.013624999965941,3.13062,4.44046,29.906210790075562,0.9116486909542093,0.9651891076773529,0.9777428201358087,0.9953711874895015,subprocess wall time including PPM I/O; codec_* fields are resident timing
chat_preview,ui_text,meme_card,1200,800,512,341,CAPS,"q=3,tile=64,base=64",2521,0.11551502932551319,7.744500000001153,8.329749999973046,3.53137,4.48129,32.973151507952856,0.9334303592425486,0.9751681511038569,0.9862393214951086,0.9979963864604254,subprocess wall time including PPM I/O; codec_* fields are resident timing
chat_preview,ui_text,meme_card,1200,800,512,341,CAPS,"q=4,tile=64,base=32",1785,0.08179068914956011,7.6346669999907135,8.256458000005296,3.17721,4.43846,29.93121954866574,0.911887950456063,0.9652830618453558,0.9777831711238281,0.9953967260470017,subprocess wall time including PPM I/O; codec_* fields are resident timing
chat_preview,ui_text,meme_card,1200,800,512,341,CAPS,"q=4,tile=64,base=64",2524,0.1156524926686217,7.479375000002619,7.947790999992321,3.60921,4.46392,33.00439705590358,0.9334429518261796,0.9751937566713758,0.9862556040492901,0.9980039115727486,subprocess wall time including PPM I/O; codec_* fields are resident timing
chat_preview,ui_text,meme_card,1200,800,512,341,CAPS,"q=5,tile=64,base=32",1799,0.08243218475073313,6.911915999978646,7.989375000022392,3.19258,4.42717,29.96106308884245,0.9131524286335032,0.9662374730266213,0.9798544133931396,0.9954390413527193,subprocess wall time including PPM I/O; codec_* fields are resident timing
chat_preview,ui_text,meme_card,1200,800,512,341,CAPS,"q=5,tile=64,base=64",2555,0.11707294721407624,7.343083000023398,8.287542000005033,3.55575,4.4785,33.04862569738515,0.9351892662398726,0.9762867876112414,0.9868890688760561,0.9980230909407631,subprocess wall time including PPM I/O; codec_* fields are resident timing
chat_preview,ui_text,meme_card,1200,800,512,341,CAPS,"q=6,tile=64,base=32",1803,0.08261546920821114,7.462334000024384,8.093250000001717,3.23446,4.29812,29.990476777516637,0.9135688858211485,0.9664752984516264,0.9798715807435455,0.9954698592059178,subprocess wall time including PPM I/O; codec_* fields are resident timing
chat_preview,ui_text,meme_card,1200,800,512,341,CAPS,"q=6,tile=64,base=64",2559,0.11725623167155426,7.5492080000003625,8.01991700001281,3.54937,4.40958,33.14784311052345,0.935488084505958,0.976388454170689,0.9869426553235353,0.9980665850065139,subprocess wall time including PPM I/O; codec_* fields are resident timing
chat_preview,ui_text,meme_card,1200,800,512,341,CAPS,"q=7,tile=64,base=32",1803,0.08261546920821114,7.06291700004158,8.104124999988471,3.18771,4.365,29.994417882948937,0.9139706139466249,0.9665263405461278,0.9799500681979524,0.9954703491505947,subprocess wall time including PPM I/O; codec_* fields are resident timing
chat_preview,ui_text,meme_card,1200,800,512,341,CAPS,"q=7,tile=64,base=64",2559,0.11725623167155426,7.131334000007428,8.210250000047381,3.4825,4.53875,33.15477301777621,0.9355415166413219,0.9763950063499438,0.986950169868077,0.9980677785407062,subprocess wall time including PPM I/O; codec_* fields are resident timing
chat_preview,ui_text,meme_card,1200,800,512,341,CAPS,"q=8,tile=64,base=32",1817,0.08325696480938416,6.903874999977688,8.080958000050487,3.11346,4.40792,30.059221599235634,0.9141266992682017,0.9668082165972076,0.979992857189797,0.9955438381229356,subprocess wall time including PPM I/O; codec_* fields are resident timing
chat_preview,ui_text,meme_card,1200,800,512,341,CAPS,"q=8,tile=64,base=64",2635,0.12073863636363637,7.763291999992816,8.635791000017434,3.67533,4.53487,33.29475233905906,0.936061629603497,0.9766609303591909,0.9870773879801726,0.9981211632981251,subprocess wall time including PPM I/O; codec_* fields are resident timing
chat_preview,ui_text,meme_card,1200,800,512,341,CAPS,"q=9,tile=64,base=32",1819,0.08334860703812316,7.013083999993341,8.038791999979367,3.15508,4.34217,30.08137947745752,0.9139661561277728,0.9668687783399834,0.9800919980923488,0.9955677406345164,subprocess wall time including PPM I/O; codec_* fields are resident timing
chat_preview,ui_text,meme_card,1200,800,512,341,CAPS,"q=9,tile=64,base=64",2647,0.12128848973607038,7.369124999968335,7.965791000003719,3.53571,4.46621,33.303095726222274,0.9360852413406037,0.9766498716152928,0.9870851291710202,0.9981220373570988,subprocess wall time including PPM I/O; codec_* fields are resident timing
chat_preview,ui_text,meme_card,1200,800,512,341,CAPS,"q=10,tile=64,base=32",1829,0.08380681818181818,7.210708000002342,8.03174999998646,3.11946,4.39737,30.109129858096235,0.9141371293668913,0.9669399622037892,0.9800877073600229,0.995590705880162,subprocess wall time including PPM I/O; codec_* fields are resident timing
chat_preview,ui_text,meme_card,1200,800,512,341,CAPS,"q=10,tile=64,base=64",2663,0.12202162756598241,7.521749999966687,8.117207999987386,3.67762,4.47213,33.44383637493115,0.9364023800235312,0.9767455613216938,0.9871680265748181,0.9981619057846564,subprocess wall time including PPM I/O; codec_* fields are resident timing
chat_preview,ui_text,meme_card,1200,800,512,341,CAPS,"q=11,tile=64,base=32",1849,0.0847232404692082,7.071124999981748,8.67820900003835,3.23113,4.36137,30.21320027753188,0.917208209095826,0.9687733241529383,0.9806360807029904,0.9957143769643811,subprocess wall time including PPM I/O; codec_* fields are resident timing
chat_preview,ui_text,meme_card,1200,800,512,341,CAPS,"q=11,tile=64,base=64",2700,0.12371700879765396,7.6641250000193395,8.351415999982237,3.599,4.46179,33.52125897872144,0.9386696453245262,0.9776202234163124,0.9873219645102078,0.9982181294890154,subprocess wall time including PPM I/O; codec_* fields are resident timing
chat_preview,ui_text,meme_card,1200,800,512,341,CAPS,"q=12,tile=64,base=32",1852,0.08486070381231671,7.159750000027998,8.246332999988226,3.22783,4.37904,30.248625994046016,0.9175282973170829,0.9688995441724271,0.9806283288024064,0.9957391412480239,subprocess wall time including PPM I/O; codec_* fields are resident timing
chat_preview,ui_text,meme_card,1200,800,512,341,CAPS,"q=12,tile=64,base=64",2707,0.12403775659824047,7.887124999967909,8.073792000004687,3.67733,4.43883,33.589449105292665,0.9388813064448033,0.9776989848502785,0.9873564463154599,0.9982348742763594,subprocess wall time including PPM I/O; codec_* fields are resident timing
chat_preview,ui_text,meme_card,1200,800,512,341,CAPS,"q=13,tile=64,base=32",1866,0.08550219941348973,6.8362910000132615,7.99387500001103,3.2035,4.33454,30.25931871021581,0.9176980466673982,0.9688205465113368,0.9806394937834817,0.9957294400602383,subprocess wall time including PPM I/O; codec_* fields are resident timing
chat_preview,ui_text,meme_card,1200,800,512,341,CAPS,"q=13,tile=64,base=64",2725,0.1248625366568915,7.802874999981668,8.024791000025289,3.66579,4.45004,33.653795981342014,0.9394707138588023,0.9779396032745696,0.9874919163046134,0.9982665550834015,subprocess wall time including PPM I/O; codec_* fields are resident timing
chat_preview,ui_text,meme_card,1200,800,512,341,CAPS,"q=14,tile=64,base=32",1867,0.08554802052785923,7.316415999980563,8.297916000003625,3.16358,4.53954,30.291036470504523,0.9179209410882326,0.9689750137585381,0.9807070472027378,0.9957635151523798,subprocess wall time including PPM I/O; codec_* fields are resident timing
chat_preview,ui_text,meme_card,1200,800,512,341,CAPS,"q=14,tile=64,base=64",2729,0.12504582111436952,7.800916000007874,8.360499999980675,3.73721,4.50083,33.73664155970061,0.9398453087388393,0.9780737369796335,0.9875556071903357,0.9982903767369751,subprocess wall time including PPM I/O; codec_* fields are resident timing
chat_preview,ui_text,meme_card,1200,800,512,341,CAPS,"q=15,tile=64,base=32",1876,0.08596041055718476,7.1914999999762586,8.197166999991623,3.23892,4.44767,30.328489956831923,0.9181041486710363,0.9692185783153713,0.9807346333339004,0.9958157795007475,subprocess wall time including PPM I/O; codec_* fields are resident timing
chat_preview,ui_text,meme_card,1200,800,512,341,CAPS,"q=15,tile=64,base=64",2742,0.12564149560117302,7.89120800004639,8.286791000045923,3.59983,4.51979,33.728027590231136,0.9397786417127278,0.9780092357971458,0.9876041295134655,0.9982850231771421,subprocess wall time including PPM I/O; codec_* fields are resident timing
chat_preview,ui_text,meme_card,1200,800,512,341,CAPS,"q=16,tile=64,base=32",1877,0.08600623167155426,6.89404199999899,8.078791999992063,3.18704,4.33296,30.380968492467723,0.9191796931323957,0.9696386058674143,0.9811374520439087,0.9958817189472184,subprocess wall time including PPM I/O; codec_* fields are resident timing
chat_preview,ui_text,meme_card,1200,800,512,341,CAPS,"q=16,tile=64,base=64",2762,0.12655791788856305,7.290916999977526,7.9294159999676594,3.58208,4.3995,33.80412199481658,0.9401069826806814,0.9782148583864613,0.987712778269092,0.998313550264086,subprocess wall time including PPM I/O; codec_* fields are resident timing
chat_preview,ui_text,meme_card,1200,800,512,341,CAPS,"q=17,tile=64,base=32",1930,0.08843475073313783,6.917332999989867,8.313583000017388,3.08317,4.37471,30.55872545948278,0.9211028476452051,0.9721902246176487,0.9824578173526919,0.9961176149707223,subprocess wall time including PPM I/O; codec_* fields are resident timing
chat_preview,ui_text,meme_card,1200,800,512,341,CAPS,"q=17,tile=64,base=64",2850,0.13059017595307917,7.756083000003855,8.302249999985634,3.777,4.54662,34.197268262049874,0.946778809464389,0.9812712193506367,0.9901092003506509,0.9985226822425646,subprocess wall time including PPM I/O; codec_* fields are resident timing
chat_preview,ui_text,meme_card,1200,800,512,341,CAPS,"q=18,tile=64,base=32",1935,0.08866385630498534,7.041249999986121,7.988957999998547,3.28271,4.41562,30.62855516650645,0.9215178885022602,0.9721815253309559,0.9823399635128961,0.9961924997891876,subprocess wall time including PPM I/O; codec_* fields are resident timing
chat_preview,ui_text,meme_card,1200,800,512,341,CAPS,"q=18,tile=64,base=64",2877,0.13182734604105573,7.636541000010766,8.235500000012053,3.62317,4.49021,34.32486526414393,0.9470965547876831,0.9814150322903016,0.9901866327315328,0.9985646577056809,subprocess wall time including PPM I/O; codec_* fields are resident timing
chat_preview,ui_text,meme_card,1200,800,512,341,CAPS,"q=19,tile=64,base=32",1940,0.08889296187683285,7.101250000005166,7.9397089999702075,3.21783,4.44879,30.648181007095936,0.9217669876644613,0.9723223475922421,0.9824086967923182,0.9962123009744,subprocess wall time including PPM I/O; codec_* fields are resident timing
chat_preview,ui_text,meme_card,1200,800,512,341,CAPS,"q=19,tile=64,base=64",2882,0.13205645161290322,7.792999999992389,8.12637500001756,3.61487,4.54758,34.31076068976501,0.9471088903837735,0.9814091834392688,0.9901912346428611,0.9985591027854706,subprocess wall time including PPM I/O; codec_* fields are resident timing
chat_preview,ui_text,meme_card,1200,800,512,341,CAPS,"q=20,tile=64,base=32",1941,0.08893878299120235,7.0032079999577945,7.8751249999982065,3.09471,4.32587,30.670306497517434,0.9226470058978019,0.9725193463875784,0.9824782659684866,0.996231243572789,subprocess wall time including PPM I/O; codec_* fields are resident timing
chat_preview,ui_text,meme_card,1200,800,512,341,CAPS,"q=20,tile=64,base=64",2915,0.13356854838709678,7.751166999980796,8.07766600001969,3.698,4.56558,34.35320042307105,0.9473297745362766,0.9814639124597524,0.9902121258782517,0.9985741939129945,subprocess wall time including PPM I/O; codec_* fields are resident timing
chat_preview,ui_text,meme_card,1200,800,512,341,CAPS,"q=21,tile=64,base=32",1947,0.08921370967741936,6.838958000003004,8.134665999989465,3.18437,4.46783,30.74453599585139,0.9237339620161483,0.972841339025952,0.9826773303557527,0.9962991323401921,subprocess wall time including PPM I/O; codec_* fields are resident timing
chat_preview,ui_text,meme_card,1200,800,512,341,CAPS,"q=21,tile=64,base=64",2935,0.1344849706744868,7.489415999998528,8.271624999963478,3.64796,4.54404,34.412078999840084,0.9475392175354372,0.9815994673201228,0.9902228007631817,0.9985879987470905,subprocess wall time including PPM I/O; codec_* fields are resident timing
chat_preview,ui_text,meme_card,1200,800,512,341,CAPS,"q=22,tile=64,base=32",1948,0.08925953079178886,6.92399999996951,8.164499999963937,3.04904,4.39029,30.769491188719513,0.9239906562754,0.9729891758456929,0.9827877135620878,0.9963286963647446,subprocess wall time including PPM I/O; codec_* fields are resident timing
chat_preview,ui_text,meme_card,1200,800,512,341,CAPS,"q=22,tile=64,base=64",2937,0.1345766129032258,7.751874999996744,8.249083000009705,3.666,4.52025,34.43490280954673,0.9476096779036703,0.9816021295803782,0.99022292366334,0.9985930449969935,subprocess wall time including PPM I/O; codec_* fields are resident timing
chat_preview,ui_text,meme_card,1200,800,512,341,CAPS,"q=23,tile=64,base=32",1974,0.0904508797653959,7.112167000002501,7.984415999999328,3.06483,4.437,30.822457772496065,0.9266995427174867,0.9743891384768482,0.9835803860833277,0.9964292379754354,subprocess wall time including PPM I/O; codec_* fields are resident timing
chat_preview,ui_text,meme_card,1200,800,512,341,CAPS,"q=23,tile=64,base=64",2977,0.13640945747800587,7.63191599997981,8.509375000016917,3.69462,4.43462,34.63240985216546,0.9510565513884194,0.9832075099145433,0.9903574328071152,0.9986630646239556,subprocess wall time including PPM I/O; codec_* fields are resident timing
chat_preview,ui_text,meme_card,1200,800,512,341,CAPS,"q=24,tile=64,base=32",1975,0.0904967008797654,6.866916999967998,8.109583000020848,3.23792,4.33542,30.831686017839424,0.9272176966656712,0.9744384849924609,0.9835820886286629,0.9964337584803641,subprocess wall time including PPM I/O; codec_* fields are resident timing
chat_preview,ui_text,meme_card,1200,800,512,341,CAPS,"q=24,tile=64,base=64",2979,0.13650109970674487,7.839166999985991,8.775415999991765,3.87333,4.58754,34.652621791390494,0.9511280589599388,0.9832106431971561,0.9903563318434178,0.9986672744704593,subprocess wall time including PPM I/O; codec_* fields are resident timing
chat_preview,ui_text,meme_card,1200,800,512,341,CAPS,"q=25,tile=64,base=32",1979,0.0906799853372434,7.0911660000092525,7.863874999998188,3.148,4.39725,30.850716777750677,0.9269436030459336,0.9744216243991771,0.9835898946973745,0.9964711058344087,subprocess wall time including PPM I/O; codec_* fields are resident timing
chat_preview,ui_text,meme_card,1200,800,512,341,CAPS,"q=25,tile=64,base=64",2985,0.13677602639296188,7.897624999998243,7.959959000004346,3.77129,4.47713,34.68741426877709,0.9513976184219657,0.9832775222410858,0.9903316273706425,0.9986775258369154,subprocess wall time including PPM I/O; codec_* fields are resident timing
chat_preview,ui_text,meme_card,1200,800,512,341,CAPS,"q=26,tile=64,base=32",1981,0.09077162756598241,7.3168339999938325,8.311708000007911,3.18308,4.49367,30.883184371345813,0.9279657168492031,0.9748467397861832,0.9840374798383064,0.9965249735002525,subprocess wall time including PPM I/O; codec_* fields are resident timing
chat_preview,ui_text,meme_card,1200,800,512,341,CAPS,"q=26,tile=64,base=64",2992,0.13709677419354838,7.68895800001701,8.103541000025416,3.61596,4.42858,34.72758077803383,0.9515599190996723,0.9833469056811062,0.9903702032191073,0.9986931583383503,subprocess wall time including PPM I/O; codec_* fields are resident timing
chat_preview,ui_text,meme_card,1200,800,512,341,CAPS,"q=27,tile=64,base=32",1999,0.09159640762463343,7.028332999993836,8.019499999988966,3.14479,4.40254,30.923595970433677,0.928348855283622,0.9749919899758618,0.9839579539387072,0.9965938756101093,subprocess wall time including PPM I/O; codec_* fields are resident timing
chat_preview,ui_text,meme_card,1200,800,512,341,CAPS,"q=27,tile=64,base=64",3002,0.1375549853372434,7.472082999981922,8.140624999953161,3.74092,4.56312,34.795968741424716,0.9518842357287722,0.9834341983365107,0.9904252555841313,0.9987068340884869,subprocess wall time including PPM I/O; codec_* fields are resident timing
chat_preview,ui_text,meme_card,1200,800,512,341,CAPS,"q=28,tile=64,base=32",2004,0.09182551319648094,7.09679099998084,7.886083000016697,3.3035,4.39571,30.94252153016711,0.9290555716146341,0.9751437230022572,0.9841414112067872,0.9966120862996181,subprocess wall time including PPM I/O; codec_* fields are resident timing
chat_preview,ui_text,meme_card,1200,800,512,341,CAPS,"q=28,tile=64,base=64",3014,0.1381048387096774,7.4817499999539905,7.99408300002824,3.65417,4.44721,34.843595653398324,0.9521833528790818,0.9834846025403197,0.9904919434977122,0.9987236453091637,subprocess wall time including PPM I/O; codec_* fields are resident timing
chat_preview,ui_text,meme_card,1200,800,512,341,CAPS,"q=29,tile=64,base=32",2038,0.09338343108504399,6.951291999996556,7.810167000002366,3.25779,4.29625,31.03289461863686,0.9304845113330314,0.9769652135014727,0.9852503226995613,0.9967557050329495,subprocess wall time including PPM I/O; codec_* fields are resident timing
chat_preview,ui_text,meme_card,1200,800,512,341,CAPS,"q=29,tile=64,base=64",3104,0.14222873900293256,7.408708999946612,8.052291000012701,3.62158,4.49887,34.918418458873795,0.9536558019851733,0.9845336965413485,0.9908769995223292,0.9987640615670299,subprocess wall time including PPM I/O; codec_* fields are resident timing
chat_preview,ui_text,meme_card,1200,800,512,341,CAPS,"q=30,tile=64,base=32",2043,0.0936125366568915,7.113417000027766,7.923625000046286,3.11696,4.45217,31.04766154856167,0.930734349797719,0.9770949162500863,0.9853602731839852,0.9967707610228403,subprocess wall time including PPM I/O; codec_* fields are resident timing
chat_preview,ui_text,meme_card,1200,800,512,341,CAPS,"q=30,tile=64,base=64",3108,0.14241202346041057,7.638625000026877,7.806791000007252,3.63987,4.47508,34.94998202770332,0.953785811730933,0.984554439205444,0.9908795529274397,0.9987744207795255,subprocess wall time including PPM I/O; codec_* fields are resident timing
chat_preview,ui_text,meme_card,1200,800,512,341,CAPS,"q=31,tile=64,base=32",2053,0.09407074780058651,7.098750000011478,7.9503339999860145,3.17617,4.41833,31.08472516005652,0.931018848064756,0.9771897143344613,0.9853107494475009,0.9968142532448702,subprocess wall time including PPM I/O; codec_* fields are resident timing
chat_preview,ui_text,meme_card,1200,800,512,341,CAPS,"q=31,tile=64,base=64",3122,0.1430535190615836,7.639791000030982,8.859416000007059,3.99212,4.68762,35.05278082617737,0.9539202391517,0.9846283607679549,0.990942133575612,0.998785187325462,subprocess wall time including PPM I/O; codec_* fields are resident timing
chat_preview,ui_text,meme_card,1200,800,512,341,CAPS,"q=32,tile=64,base=32",2110,0.09668255131964809,7.170874999985699,7.876124999995682,3.35871,4.38275,31.087894108436526,0.9335863508831469,0.9785277142153713,0.9864836325818694,0.996839688685388,subprocess wall time including PPM I/O; codec_* fields are resident timing
chat_preview,ui_text,meme_card,1200,800,512,341,CAPS,"q=32,tile=64,base=64",3187,0.14603189149560117,7.437125000024025,8.076915999993162,3.66175,4.40612,35.04929159569914,0.9559314041017385,0.9859043882390394,0.9925606593236419,0.9988007664162938,subprocess wall time including PPM I/O; codec_* fields are resident timing
chat_preview,ui_text,meme_card,1200,800,512,341,CAPS,"q=33,tile=64,base=32",2153,0.09865285923753665,7.07733299998381,7.894041999975343,3.25237,4.33587,31.106208606986932,0.9333537725410621,0.9783056084221137,0.986005485169752,0.99683347571051,subprocess wall time including PPM I/O; codec_* fields are resident timing
chat_preview,ui_text,meme_card,1200,800,512,341,CAPS,"q=33,tile=64,base=64",3195,0.14639846041055718,7.845333000034316,8.212624999998752,3.70762,4.605,35.08729042532232,0.9558101422511217,0.9858909462698108,0.9925755229421398,0.9988064094605975,subprocess wall time including PPM I/O; codec_* fields are resident timing
chat_preview,ui_text,meme_card,1200,800,512,341,CAPS,"q=34,tile=64,base=32",2153,0.09865285923753665,7.351207999988674,8.027916000003188,3.40575,4.44021,31.13102471535168,0.93362421009276,0.9784364872204353,0.9860877673497089,0.9968617332900581,subprocess wall time including PPM I/O; codec_* fields are resident timing
chat_preview,ui_text,meme_card,1200,800,512,341,CAPS,"q=34,tile=64,base=64",3195,0.14639846041055718,7.5964589999557575,8.310417000018333,3.63025,4.46521,35.10278337610534,0.9558506098889777,0.9858850698440277,0.9925680910659733,0.9988090890347233,subprocess wall time including PPM I/O; codec_* fields are resident timing
chat_preview,ui_text,meme_card,1200,800,512,341,CAPS,"q=35,tile=64,base=32",2181,0.09993585043988269,7.44299999996656,7.88374999996222,3.36646,4.42596,31.207182042659248,0.9346531303719238,0.9794816321268515,0.9862406879902745,0.9969534771908263,subprocess wall time including PPM I/O; codec_* fields are resident timing
chat_preview,ui_text,meme_card,1200,800,512,341,CAPS,"q=35,tile=64,base=64",3262,0.1494684750733138,7.572750000008455,7.917749999990065,3.61975,4.44546,35.21601078216047,0.9574083599717449,0.9866400386608882,0.992802952502864,0.9988365268003709,subprocess wall time including PPM I/O; codec_* fields are resident timing
chat_preview,ui_text,meme_card,1200,800,512,341,CAPS,"q=36,tile=64,base=32",2183,0.1000274926686217,7.376084000043193,8.157458999960454,3.34242,4.50367,31.20925253338352,0.9358791520309273,0.9797230776359385,0.9864917962259856,0.9969581181130991,subprocess wall time including PPM I/O; codec_* fields are resident timing
chat_preview,ui_text,meme_card,1200,800,512,341,CAPS,"q=36,tile=64,base=64",3263,0.14951429618768328,7.28637500003515,8.232792000001155,3.62862,4.54942,35.26226934619713,0.9574505415772409,0.9866561483559874,0.9928310858003904,0.9988430830440451,subprocess wall time including PPM I/O; codec_* fields are resident timing
chat_preview,ui_text,meme_card,1200,800,512,341,CAPS,"q=37,tile=64,base=32",2204,0.10098973607038123,7.261374999984582,7.9040419999500955,3.36112,4.40267,31.235872670652874,0.9362470523352652,0.9798112901186888,0.9864572682235871,0.9969854910758714,subprocess wall time including PPM I/O; codec_* fields are resident timing
chat_preview,ui_text,meme_card,1200,800,512,341,CAPS,"q=37,tile=64,base=64",3277,0.1501557917888563,7.715708000034738,8.297041999981047,3.65396,4.61546,35.25488254026821,0.9574217904523549,0.9867073245390242,0.9928323867645761,0.9988381106002998,subprocess wall time including PPM I/O; codec_* fields are resident timing
chat_preview,ui_text,meme_card,1200,800,512,341,CAPS,"q=38,tile=64,base=32",2213,0.10140212609970674,7.257957999968312,8.321249999994507,3.34537,4.51875,31.25382232741377,0.9361502921859574,0.9798902609534222,0.9866718318758204,0.9970194859521948,subprocess wall time including PPM I/O; codec_* fields are resident timing
chat_preview,ui_text,meme_card,1200,800,512,341,CAPS,"q=38,tile=64,base=64",3295,0.15098057184750732,9.892625000020416,8.358041000008143,3.648,4.61379,35.347452075598035,0.9578822944243525,0.9867951820976057,0.9928900044304779,0.9988548031978804,subprocess wall time including PPM I/O; codec_* fields are resident timing
chat_preview,ui_text,meme_card,1200,800,512,341,CAPS,"q=39,tile=64,base=32",2262,0.10364736070381232,7.116083000028084,8.352290999994239,3.39262,4.44712,31.324645189086166,0.9366519719118424,0.9801230748605442,0.9868457115401397,0.9970703236352756,subprocess wall time including PPM I/O; codec_* fields are resident timing
chat_preview,ui_text,meme_card,1200,800,512,341,CAPS,"q=39,tile=64,base=64",3332,0.1526759530791789,7.618375000049582,7.996916999957193,3.62446,4.60621,35.34971321308119,0.9582177525638865,0.9868171337018524,0.9928582751019058,0.9988531380207928,subprocess wall time including PPM I/O; codec_* fields are resident timing
chat_preview,ui_text,meme_card,1200,800,512,341,CAPS,"q=40,tile=64,base=32",2277,0.10433467741935484,6.918709000046874,7.723957999985487,3.29933,4.36167,31.390073008376756,0.9371334843253972,0.9803629450564402,0.98699480996022,0.9971293386447345,subprocess wall time including PPM I/O; codec_* fields are resident timing
chat_preview,ui_text,meme_card,1200,800,512,341,CAPS,"q=40,tile=64,base=64",3344,0.1532258064516129,7.661916000017754,8.060916999966139,3.65342,4.47117,35.45655924033598,0.9587536874983353,0.9868921231563395,0.9929066625746659,0.9988718051708699,subprocess wall time including PPM I/O; codec_* fields are resident timing
chat_preview,ui_text,meme_card,1200,800,512,341,CAPS,"q=41,tile=64,base=32",2326,0.10657991202346041,7.385291999980836,7.977125000024898,3.31087,4.43317,31.52776101944219,0.9394022568867384,0.9819255575894285,0.9879284795342312,0.9972722919893859,subprocess wall time including PPM I/O; codec_* fields are resident timing
chat_preview,ui_text,meme_card,1200,800,512,341,CAPS,"q=41,tile=64,base=64",3460,0.15854105571847507,7.810999999946944,7.901207999964299,3.66742,4.47637,35.590920957974525,0.9609613211063232,0.9881634038332073,0.9929940318189963,0.9989250722883554,subprocess wall time including PPM I/O; codec_* fields are resident timing
chat_preview,ui_text,meme_card,1200,800,512,341,CAPS,"q=42,tile=64,base=32",2344,0.10740469208211144,7.203333999996175,8.084584000016548,3.341,4.37587,31.606332837959016,0.9405007937991865,0.9823448364698059,0.9880780951767243,0.9973299671560771,subprocess wall time including PPM I/O; codec_* fields are resident timing
chat_preview,ui_text,meme_card,1200,800,512,341,CAPS,"q=42,tile=64,base=64",3475,0.1592283724340176,7.772167000041463,7.985874999974385,3.70379,4.46221,35.6634187106841,0.9612697387432468,0.9882185639590979,0.9930601865881967,0.9989457643467002,subprocess wall time including PPM I/O; codec_* fields are resident timing
chat_preview,ui_text,meme_card,1200,800,512,341,CAPS,"q=43,tile=64,base=32",2357,0.10800036656891496,9.424500000022817,11.329499999988002,4.06546,5.54758,31.700468200201513,0.9409572163851375,0.9825285505016018,0.9883323679504861,0.997391247545699,subprocess wall time including PPM I/O; codec_* fields are resident timing
chat_preview,ui_text,meme_card,1200,800,512,341,CAPS,"q=43,tile=64,base=64",3512,0.16092375366568915,7.931374999998297,8.024333000037132,3.76771,4.49275,35.6650487047518,0.9611483105505441,0.9881200342249071,0.9930502727560042,0.9989431174638219,subprocess wall time including PPM I/O; codec_* fields are resident timing
chat_preview,ui_text,meme_card,1200,800,512,341,CAPS,"q=44,tile=64,base=32",2374,0.10877932551319648,7.123250000006465,7.933667000031619,3.40725,4.37933,31.764708228021576,0.941306586875415,0.9826900992954618,0.9884086187428298,0.9974388816403045,subprocess wall time including PPM I/O; codec_* fields are resident timing
chat_preview,ui_text,meme_card,1200,800,512,341,CAPS,"q=44,tile=64,base=64",3516,0.16110703812316715,7.572708999987299,8.136540999998942,3.72933,4.57187,35.76555471556718,0.9615898153788086,0.9882249469004734,0.9931166447066655,0.9989618803995095,subprocess wall time including PPM I/O; codec_* fields are resident timing
chat_preview,ui_text,meme_card,1200,800,512,341,CAPS,"q=45,tile=64,base=32",2386,0.1093291788856305,7.201916999974856,7.864915999959976,3.41829,4.40762,31.834528522801513,0.9418540381703794,0.9828309151817507,0.9884728241521025,0.9974649226800067,subprocess wall time including PPM I/O; codec_* fields are resident timing
chat_preview,ui_text,meme_card,1200,800,512,341,CAPS,"q=45,tile=64,base=64",3519,0.16124450146627567,7.623749999993379,8.451041999990139,3.70446,4.60867,35.77554574995921,0.9616598987410733,0.9882108958176515,0.9930982542821081,0.9989629706690498,subprocess wall time including PPM I/O; codec_* fields are resident timing
chat_preview,ui_text,meme_card,1200,800,512,341,CAPS,"q=46,tile=64,base=32",2399,0.10992485337243402,7.595041999991281,7.807749999983571,3.36387,4.34462,31.93931595615567,0.9426808142527925,0.9832074512450474,0.9890164194926083,0.9975596554725987,subprocess wall time including PPM I/O; codec_* fields are resident timing
chat_preview,ui_text,meme_card,1200,800,512,341,CAPS,"q=46,tile=64,base=64",3534,0.16193181818181818,7.764916999974503,8.056457999998656,3.76696,4.59792,35.86309716566099,0.9619285336719425,0.9882896158341049,0.9931859559132963,0.9989801150225618,subprocess wall time including PPM I/O; codec_* fields are resident timing
chat_preview,ui_text,meme_card,1200,800,512,341,CAPS,"q=47,tile=64,base=32",2491,0.11414039589442815,7.352083000000675,8.046124999964377,3.3965,4.40721,32.192101961936935,0.9442795238745072,0.9845156810176819,0.9900257408800077,0.99771723764671,subprocess wall time including PPM I/O; codec_* fields are resident timing
chat_preview,ui_text,meme_card,1200,800,512,341,CAPS,"q=47,tile=64,base=64",3719,0.17040872434017595,7.515249999983098,8.765917000005174,3.96167,4.61088,36.15871458668036,0.9650868184232829,0.9901531626989778,0.9945627344988512,0.9990668852623869,subprocess wall time including PPM I/O; codec_* fields are resident timing
chat_preview,ui_text,meme_card,1200,800,512,341,CAPS,"q=48,tile=64,base=32",2513,0.11514846041055718,7.9459589999828495,9.440459000018109,3.5545,4.66904,32.29348540834654,0.9453852979768945,0.9847772263109063,0.9900486370432129,0.9977703201183694,subprocess wall time including PPM I/O; codec_* fields are resident timing
chat_preview,ui_text,meme_card,1200,800,512,341,CAPS,"q=48,tile=64,base=64",3744,0.17155425219941348,7.836209000004146,8.064375000003565,3.7045,4.57975,36.25240820953862,0.9652670824891488,0.9901439119828422,0.9944903575525343,0.9990746695422463,subprocess wall time including PPM I/O; codec_* fields are resident timing
chat_preview,ui_text,meme_card,1200,800,512,341,CAPS,"q=49,tile=64,base=32",2521,0.11551502932551319,7.010540999999648,8.146166000017274,3.37729,4.49463,32.362292595330096,0.9459166999375684,0.9849840224147655,0.9902565083936371,0.9978108624960248,subprocess wall time including PPM I/O; codec_* fields are resident timing
chat_preview,ui_text,meme_card,1200,800,512,341,CAPS,"q=49,tile=64,base=64",3756,0.17210410557184752,7.717207999974107,8.278458000006594,3.70312,4.61771,36.29167890381518,0.9654745623027,0.9901221426694867,0.9944816838170296,0.999081637799251,subprocess wall time including PPM I/O; codec_* fields are resident timing
chat_preview,ui_text,meme_card,1200,800,512,341,CAPS,"q=50,tile=64,base=32",2533,0.11606488269794721,7.149249999997664,7.944833000010476,3.40342,4.46079,32.438358643025,0.94622316038209,0.9850111047630709,0.9902753724526154,0.9978373838585246,subprocess wall time including PPM I/O; codec_* fields are resident timing
chat_preview,ui_text,meme_card,1200,800,512,341,CAPS,"q=50,tile=64,base=64",3756,0.17210410557184752,7.471749999979238,8.14224999999169,3.7105,4.52729,36.35032605633964,0.9657476076440851,0.9901762829649576,0.9945188731807353,0.9990964173264077,subprocess wall time including PPM I/O; codec_* fields are resident timing
chat_preview,ui_text,meme_card,1200,800,512,341,CAPS,"q=51,tile=64,base=32",2568,0.11766862170087977,7.23391700000775,8.03204200002483,3.38554,4.45838,32.49923915783826,0.9471497559272551,0.985274334243658,0.9903118757545354,0.9978644409919571,subprocess wall time including PPM I/O; codec_* fields are resident timing
chat_preview,ui_text,meme_card,1200,800,512,341,CAPS,"q=51,tile=64,base=64",3783,0.17334127565982405,7.427333000009639,8.234207999976206,3.79221,4.57454,36.38046296052018,0.9661043886040077,0.9902218902641197,0.9945437662014275,0.9991028705465537,subprocess wall time including PPM I/O; codec_* fields are resident timing
chat_preview,ui_text,meme_card,1200,800,512,341,CAPS,"q=52,tile=64,base=32",2579,0.11817265395894429,7.266833000016959,7.876542000019526,3.45358,4.43421,32.5743516771586,0.9478842366671135,0.98540053348687,0.9904124736197952,0.9979005486285167,subprocess wall time including PPM I/O; codec_* fields are resident timing
chat_preview,ui_text,meme_card,1200,800,512,341,CAPS,"q=52,tile=64,base=64",3804,0.1743035190615836,7.498333000000912,7.921665999958805,3.65975,4.46408,36.460556548405435,0.9663656472806981,0.9902905944199064,0.9945597511665257,0.9991129382623577,subprocess wall time including PPM I/O; codec_* fields are resident timing
chat_preview,ui_text,meme_card,1200,800,512,341,CAPS,"q=53,tile=64,base=32",2634,0.12069281524926687,7.3882080000089445,8.127124999987245,3.41879,4.36604,32.70228548868166,0.9491563137985338,0.9860100153308783,0.990802650502311,0.997970214065116,subprocess wall time including PPM I/O; codec_* fields are resident timing
chat_preview,ui_text,meme_card,1200,800,512,341,CAPS,"q=53,tile=64,base=64",3930,0.18007697947214077,7.805542000028254,8.194624999987354,3.76212,4.53333,36.58058984992101,0.9681711348558674,0.9912822331862717,0.9947441173667666,0.9991645023951943,subprocess wall time including PPM I/O; codec_* fields are resident timing
chat_preview,ui_text,meme_card,1200,800,512,341,CAPS,"q=54,tile=64,base=32",2640,0.12096774193548387,7.544582999969407,7.972333999987313,3.47279,4.41758,32.76970219368826,0.9499021007022086,0.9859999612591714,0.9906865169472694,0.9979932725362384,subprocess wall time including PPM I/O; codec_* fields are resident timing
chat_preview,ui_text,meme_card,1200,800,512,341,CAPS,"q=54,tile=64,base=64",3960,0.1814516129032258,7.642125000018041,8.934917000033238,3.88987,4.77433,36.63703418808354,0.9681434497743312,0.9912096544106767,0.9946726764427483,0.9991723482930914,subprocess wall time including PPM I/O; codec_* fields are resident timing
chat_preview,ui_text,meme_card,1200,800,512,341,CAPS,"q=55,tile=64,base=32",2707,0.12403775659824047,7.813625000039792,8.900541000002704,3.67879,4.64033,32.829595844113776,0.9500390427442441,0.9859905880896817,0.9908655523240966,0.9980362292982572,subprocess wall time including PPM I/O; codec_* fields are resident timing
chat_preview,ui_text,meme_card,1200,800,512,341,CAPS,"q=55,tile=64,base=64",3988,0.18273460410557185,7.7851659999623735,8.132457999977305,3.78592,4.48262,36.687785957001196,0.9682846718584043,0.9912555718083359,0.9947192205385313,0.9991745258569655,subprocess wall time including PPM I/O; codec_* fields are resident timing
chat_preview,ui_text,meme_card,1200,800,512,341,CAPS,"q=56,tile=64,base=32",2733,0.12522910557184752,7.534041999974761,8.16291699999283,3.60025,4.47012,32.90457777405627,0.9509943299701096,0.9863179491000382,0.9911713020030704,0.9981013366559025,subprocess wall time including PPM I/O; codec_* fields are resident timing
chat_preview,ui_text,meme_card,1200,800,512,341,CAPS,"q=56,tile=64,base=64",4016,0.1840175953079179,7.54795800003194,10.009041999978763,3.68867,4.48371,36.79551914680948,0.9688573971620625,0.9914247182041009,0.9948148127399206,0.9991958425542635,subprocess wall time including PPM I/O; codec_* fields are resident timing
chat_preview,ui_text,meme_card,1200,800,512,341,CAPS,"q=57,tile=64,base=32",2742,0.12564149560117302,7.2415420000311315,8.086124999977073,3.45517,4.482,32.969448744402726,0.9513576959199045,0.9864153178782641,0.9912979812797997,0.9981332569560626,subprocess wall time including PPM I/O; codec_* fields are resident timing
chat_preview,ui_text,meme_card,1200,800,512,341,CAPS,"q=57,tile=64,base=64",4037,0.1849798387096774,7.501999999988129,8.001750000005359,3.71933,4.53067,36.880285207383444,0.969102100012301,0.9915025482751227,0.9948404071643786,0.9992098790982578,subprocess wall time including PPM I/O; codec_* fields are resident timing
chat_preview,ui_text,meme_card,1200,800,512,341,CAPS,"q=58,tile=64,base=32",2779,0.1273368768328446,7.4091660000021875,8.165833000020939,3.59908,4.53137,32.99818039292874,0.9516189668452822,0.9864376408997099,0.9914065647960647,0.998145649619866,subprocess wall time including PPM I/O; codec_* fields are resident timing
chat_preview,ui_text,meme_card,1200,800,512,341,CAPS,"q=58,tile=64,base=64",4042,0.18520894428152493,7.7875829999811685,7.921165999960067,3.7765,4.46362,36.93463984217428,0.9693456754368365,0.9915086730885165,0.9948660857298498,0.9992181684810076,subprocess wall time including PPM I/O; codec_* fields are resident timing
chat_preview,ui_text,meme_card,1200,800,512,341,CAPS,"q=59,tile=64,base=32",2853,0.1307276392961877,7.2374580000200694,7.946124999989479,3.52896,4.47717,33.207645227862756,0.9527152747038715,0.9870641570627372,0.9916836708889082,0.9982281968135857,subprocess wall time including PPM I/O; codec_* fields are resident timing
chat_preview,ui_text,meme_card,1200,800,512,341,CAPS,"q=59,tile=64,base=64",4203,0.19258614369501467,7.55233400002453,8.166625000001204,3.78187,4.55146,37.20298094759603,0.9715375096840181,0.9924103478366936,0.9949836360484963,0.9992549478440782,subprocess wall time including PPM I/O; codec_* fields are resident timing
chat_preview,ui_text,meme_card,1200,800,512,341,CAPS,"q=60,tile=64,base=32",2866,0.1313233137829912,7.257166999977471,8.282291999989866,3.562,4.42579,33.2998488072523,0.9533798275945267,0.9872801408251926,0.9918082167992555,0.9982697090621477,subprocess wall time including PPM I/O; codec_* fields are resident timing
chat_preview,ui_text,meme_card,1200,800,512,341,CAPS,"q=60,tile=64,base=64",4216,0.19318181818181818,7.4968750000152795,8.597624999993059,3.72846,4.62392,37.26638926697558,0.9717780503209678,0.9924192495791284,0.9950081354821467,0.9992637473237261,subprocess wall time including PPM I/O; codec_* fields are resident timing
chat_preview,ui_text,meme_card,1200,800,512,341,CAPS,"q=61,tile=64,base=32",2914,0.13352272727272727,7.223124999995889,7.981458999950064,3.5955,4.44437,33.4541758214506,0.9540628663781733,0.9876334381462241,0.9921299117906686,0.9983396363609446,subprocess wall time including PPM I/O; codec_* fields are resident timing
chat_preview,ui_text,meme_card,1200,800,512,341,CAPS,"q=61,tile=64,base=64",4248,0.19464809384164222,7.630124999991494,8.122000000014395,3.78792,4.61946,37.44253839320085,0.9723514143606252,0.9925431769522121,0.9950769251792826,0.9992947159451909,subprocess wall time including PPM I/O; codec_* fields are resident timing
chat_preview,ui_text,meme_card,1200,800,512,341,CAPS,"q=62,tile=64,base=32",2973,0.13622617302052786,7.745874999955049,8.763583000018116,3.69404,4.52704,33.44762288969343,0.9551510565643307,0.9883906401077868,0.9932704029493379,0.9983545965738797,subprocess wall time including PPM I/O; codec_* fields are resident timing
chat_preview,ui_text,meme_card,1200,800,512,341,CAPS,"q=62,tile=64,base=64",4413,0.20220857771260997,8.75662500004637,9.653334000006453,4.35337,4.85367,37.456820082500826,0.9738355521377854,0.9932636368274973,0.9964335660518917,0.9993070611782888,subprocess wall time including PPM I/O; codec_* fields are resident timing
chat_preview,ui_text,meme_card,1200,800,512,341,CAPS,"q=63,tile=64,base=32",2984,0.13673020527859236,7.71104200003947,8.728374999975586,3.60829,4.62042,33.556139134005655,0.9555053802295248,0.9884660745141695,0.993386718106248,0.998386543064314,subprocess wall time including PPM I/O; codec_* fields are resident timing
chat_preview,ui_text,meme_card,1200,800,512,341,CAPS,"q=63,tile=64,base=64",4430,0.20298753665689148,8.0891249999695,8.250166000038917,3.76629,4.58579,37.52636967124699,0.9742051813881433,0.9933081815239883,0.9964940875959362,0.9993124733596103,subprocess wall time including PPM I/O; codec_* fields are resident timing
chat_preview,ui_text,meme_card,1200,800,512,341,CAPS,"q=64,tile=64,base=32",3000,0.1374633431085044,7.388790999982575,8.03200000001425,3.61229,4.49517,33.64969692223568,0.9561333334245341,0.9885126393721028,0.9934811625222124,0.9984133903579258,subprocess wall time including PPM I/O; codec_* fields are resident timing
chat_preview,ui_text,meme_card,1200,800,512,341,CAPS,"q=64,tile=64,base=64",4471,0.20486620234604105,7.8613750000045,8.123875000023872,3.79246,4.64667,37.59801702885532,0.97449152724933,0.9933013561343577,0.9965418422782268,0.9993245463589397,subprocess wall time including PPM I/O; codec_* fields are resident timing
chat_preview,ui_text,meme_card,1200,800,512,341,CAPS,"q=65,tile=64,base=32",3144,0.14406158357771262,7.846792000009373,7.9714159999753065,3.62954,4.51258,33.8932889943474,0.9581431725375243,0.9895352197623798,0.9941253439772355,0.9985152781274163,subprocess wall time including PPM I/O; codec_* fields are resident timing
chat_preview,ui_text,meme_card,1200,800,512,341,CAPS,"q=65,tile=64,base=64",4619,0.21164772727272727,7.633917000021029,8.423999999990883,3.74746,4.62233,37.85465689422768,0.9762320502202423,0.9941197645403476,0.996747395756007,0.9993724982055413,subprocess wall time including PPM I/O; codec_* fields are resident timing
chat_preview,ui_text,meme_card,1200,800,512,341,CAPS,"q=66,tile=64,base=32",3191,0.14621517595307917,7.636583000021346,8.01149999995232,3.60646,4.47492,34.12647600267097,0.959052659488842,0.9897563923794924,0.9941737581290268,0.9985888289937409,subprocess wall time including PPM I/O; codec_* fields are resident timing
chat_preview,ui_text,meme_card,1200,800,512,341,CAPS,"q=66,tile=64,base=64",4662,0.21361803519061584,7.609708000018145,8.231041999977151,3.90117,4.61592,37.97608679984813,0.9771953362362895,0.9943427433587781,0.9969374044886792,0.9993983382724966,subprocess wall time including PPM I/O; codec_* fields are resident timing
chat_preview,ui_text,meme_card,1200,800,512,341,CAPS,"q=67,tile=64,base=32",3216,0.14736070381231672,7.626167000012174,8.151249999968968,3.65871,4.57742,34.27703951859014,0.9596511482700932,0.9900346941861731,0.9943337603731432,0.9986360511561064,subprocess wall time including PPM I/O; codec_* fields are resident timing
chat_preview,ui_text,meme_card,1200,800,512,341,CAPS,"q=67,tile=64,base=64",4674,0.21416788856304986,7.794541000009758,8.353209000006245,3.80425,4.68387,38.02730547324268,0.9773822359762612,0.9942999081104884,0.9969551424359846,0.9993993532839441,subprocess wall time including PPM I/O; codec_* fields are resident timing
chat_preview,ui_text,meme_card,1200,800,512,341,CAPS,"q=68,tile=64,base=32",3248,0.14882697947214077,7.640584000000672,8.580124999980399,3.70017,4.58529,34.414050958217956,0.9604297826015188,0.9903076096557544,0.994441678800613,0.9986784359622048,subprocess wall time including PPM I/O; codec_* fields are resident timing
chat_preview,ui_text,meme_card,1200,800,512,341,CAPS,"q=68,tile=64,base=64",4696,0.2151759530791789,7.784667000009904,7.954374999997071,3.87862,4.54783,38.11757792499872,0.977626132321168,0.9943269230797659,0.9969737988194336,0.9994070433373666,subprocess wall time including PPM I/O; codec_* fields are resident timing
chat_preview,ui_text,meme_card,1200,800,512,341,CAPS,"q=69,tile=64,base=32",3310,0.15166788856304986,7.744374999958836,8.242124999981115,3.68463,4.54425,34.630497703167606,0.9609773831003007,0.99056041254517,0.9946211169774736,0.998742607689562,subprocess wall time including PPM I/O; codec_* fields are resident timing
chat_preview,ui_text,meme_card,1200,800,512,341,CAPS,"q=69,tile=64,base=64",4753,0.21778775659824046,7.559958999991068,8.224000000041087,3.87725,4.55362,38.22031897255077,0.9779564903982161,0.9943763581800099,0.997084792937231,0.9994192870816033,subprocess wall time including PPM I/O; codec_* fields are resident timing
chat_preview,ui_text,meme_card,1200,800,512,341,CAPS,"q=70,tile=64,base=32",3366,0.15423387096774194,7.606207999970138,8.01091699997869,3.72217,4.532,34.71180177030051,0.9611939929214076,0.9907107802919883,0.9946456029267162,0.9987642475252394,subprocess wall time including PPM I/O; codec_* fields are resident timing
chat_preview,ui_text,meme_card,1200,800,512,341,CAPS,"q=70,tile=64,base=64",4761,0.21815432551319647,7.531374999985019,8.218000000056236,3.79433,4.61062,38.2470040337957,0.9780964496935614,0.9943945961895956,0.9971099375464559,0.9994247607040967,subprocess wall time including PPM I/O; codec_* fields are resident timing
chat_preview,ui_text,meme_card,1200,800,512,341,CAPS,"q=71,tile=64,base=32",3484,0.1596407624633431,7.5095409999903495,8.22537499993814,3.71117,4.53804,34.8520496171833,0.963093753902648,0.9916000701914841,0.9948772651802037,0.998796125333213,subprocess wall time including PPM I/O; codec_* fields are resident timing
chat_preview,ui_text,meme_card,1200,800,512,341,CAPS,"q=71,tile=64,base=64",4936,0.22617302052785923,8.332375000009051,8.707833000016763,4.10517,4.74017,38.407307982059145,0.9796974674609285,0.9950069293136123,0.9973748832716653,0.9994499990580534,subprocess wall time including PPM I/O; codec_* fields are resident timing
chat_preview,ui_text,meme_card,1200,800,512,341,CAPS,"q=72,tile=64,base=32",3490,0.15991568914956011,7.581125000001521,8.743666999976085,3.85929,4.65671,34.92518915310951,0.9635174372235368,0.9916526453257362,0.9948833720241699,0.9988141719476992,subprocess wall time including PPM I/O; codec_* fields are resident timing
chat_preview,ui_text,meme_card,1200,800,512,341,CAPS,"q=72,tile=64,base=64",4939,0.22631048387096775,7.685250000008637,8.557250000080785,3.83054,4.67021,38.427629448116484,0.9797463939151717,0.9950116246313673,0.9973584601968061,0.9994519645743137,subprocess wall time including PPM I/O; codec_* fields are resident timing
chat_preview,ui_text,meme_card,1200,800,512,341,CAPS,"q=73,tile=64,base=32",3511,0.16087793255131966,7.649916999980633,8.720709000044735,3.83167,4.67267,35.06735349578621,0.9642660104005426,0.9918395040688693,0.9950031216973518,0.9988491045449037,subprocess wall time including PPM I/O; codec_* fields are resident timing
chat_preview,ui_text,meme_card,1200,800,512,341,CAPS,"q=73,tile=64,base=64",4965,0.2275018328445748,7.919667000010122,9.062874999926862,3.99704,4.73183,38.501337922943875,0.9801356094187605,0.9950466563150436,0.9973938863367097,0.999464957776093,subprocess wall time including PPM I/O; codec_* fields are resident timing
chat_preview,ui_text,meme_card,1200,800,512,341,CAPS,"q=74,tile=64,base=32",3574,0.16376466275659823,7.744208999952207,8.759000000054584,3.746,4.593,35.141226894721996,0.9648220301277317,0.9919382472852366,0.9951882524001734,0.9988744056930856,subprocess wall time including PPM I/O; codec_* fields are resident timing
chat_preview,ui_text,meme_card,1200,800,512,341,CAPS,"q=74,tile=64,base=64",5020,0.23002199413489735,10.125291000008474,8.239000000003216,3.84171,4.58437,38.67750021272249,0.9805794604113461,0.9952088665346714,0.9974248207357933,0.9994815510174176,subprocess wall time including PPM I/O; codec_* fields are resident timing
chat_preview,ui_text,meme_card,1200,800,512,341,CAPS,"q=75,tile=64,base=32",3627,0.16619318181818182,9.3566660000306,16.00279199999477,4.85267,8.11342,35.298634901851685,0.9652224048513379,0.9922247616947674,0.9951899155165032,0.9989051251956572,subprocess wall time including PPM I/O; codec_* fields are resident timing
chat_preview,ui_text,meme_card,1200,800,512,341,CAPS,"q=75,tile=64,base=64",5095,0.23345857771260997,8.071125000014945,8.63858299999265,3.7525,4.58596,38.78680224503259,0.9807830005224397,0.9952462694004915,0.997449652213084,0.9994916555676456,subprocess wall time including PPM I/O; codec_* fields are resident timing
chat_preview,ui_text,meme_card,1200,800,512,341,CAPS,"q=76,tile=64,base=32",3647,0.16710960410557185,26.131915999940247,26.278165999997327,9.34458,13.4687,35.36661701517366,0.965514409838912,0.9922612727586064,0.9952133410493191,0.9989178789906653,subprocess wall time including PPM I/O; codec_* fields are resident timing
chat_preview,ui_text,meme_card,1200,800,512,341,CAPS,"q=76,tile=64,base=64",5144,0.23570381231671556,8.165083999983835,9.317332999899008,3.9355,4.739,38.85000201108585,0.9812665279338514,0.995331050545175,0.9975023155741067,0.99949757622066,subprocess wall time including PPM I/O; codec_* fields are resident timing
chat_preview,ui_text,meme_card,1200,800,512,341,CAPS,"q=77,tile=64,base=32",3881,0.17783174486803519,8.177790999980061,10.508209000022362,3.80158,4.9795,35.69087222402656,0.9669306164943148,0.9928834534447519,0.9955798999300444,0.9990095130449037,subprocess wall time including PPM I/O; codec_* fields are resident timing
chat_preview,ui_text,meme_card,1200,800,512,341,CAPS,"q=77,tile=64,base=64",5783,0.26498350439882695,7.750540999950317,8.356542000001355,3.88142,4.63112,39.189380801912804,0.982588793892942,0.995956322376733,0.9978313437700351,0.9995503724562479,subprocess wall time including PPM I/O; codec_* fields are resident timing
chat_preview,ui_text,meme_card,1200,800,512,341,CAPS,"q=78,tile=64,base=32",3950,0.1809934017595308,8.182541999985915,8.929916999932175,3.95975,4.65262,35.93682965226761,0.9684904031064986,0.9931438242869163,0.9956360847617114,0.9990524068997068,subprocess wall time including PPM I/O; codec_* fields are resident timing
chat_preview,ui_text,meme_card,1200,800,512,341,CAPS,"q=78,tile=64,base=64",5817,0.26654142228739003,7.799583000064558,8.415709000018978,3.85012,4.59596,39.31314997508722,0.9830173238500023,0.9960533691108419,0.9978575501635649,0.9995648365720058,subprocess wall time including PPM I/O; codec_* fields are resident timing
chat_preview,ui_text,meme_card,1200,800,512,341,CAPS,"q=79,tile=64,base=32",4023,0.1843383431085044,8.183124999959546,9.186833999933697,4.03558,4.85567,36.01515419059555,0.9690042984463565,0.9932437858634316,0.9956674828350839,0.9990727433197834,subprocess wall time including PPM I/O; codec_* fields are resident timing
chat_preview,ui_text,meme_card,1200,800,512,341,CAPS,"q=79,tile=64,base=64",5866,0.2687866568914956,7.753915999956007,8.336417000009533,3.85546,4.69446,39.4724242242334,0.9836724219067562,0.996175644465823,0.9979077384413383,0.9995821662931781,subprocess wall time including PPM I/O; codec_* fields are resident timing
chat_preview,ui_text,meme_card,1200,800,512,341,CAPS,"q=80,tile=64,base=32",4097,0.18772910557184752,7.641667000029884,8.808042000055138,3.75212,4.57971,36.124529204213175,0.9691610262007934,0.9932416184170947,0.9957293416084819,0.9990899725081666,subprocess wall time including PPM I/O; codec_* fields are resident timing
chat_preview,ui_text,meme_card,1200,800,512,341,CAPS,"q=80,tile=64,base=64",5934,0.2719024926686217,8.007666000025893,8.324750000042513,3.91679,4.56292,39.47312104451504,0.9836904925773741,0.9961467625446168,0.9979042830019493,0.9995799357764956,subprocess wall time including PPM I/O; codec_* fields are resident timing
chat_preview,ui_text,meme_card,1200,800,512,341,CAPS,"q=81,tile=64,base=32",4138,0.18960777126099707,7.791583999960494,8.302416999981688,3.85717,4.58033,36.26798329564104,0.9701951302157523,0.9934586931539808,0.9958948693316179,0.9991162862282977,subprocess wall time including PPM I/O; codec_* fields are resident timing
chat_preview,ui_text,meme_card,1200,800,512,341,CAPS,"q=81,tile=64,base=64",5966,0.27336876832844575,8.03916699999263,8.12074999998913,3.96367,4.55087,39.61285794585518,0.9840718935621302,0.9962408967921226,0.9979536964702895,0.9995919620455381,subprocess wall time including PPM I/O; codec_* fields are resident timing
chat_preview,ui_text,meme_card,1200,800,512,341,CAPS,"q=82,tile=64,base=32",4178,0.19144061583577712,8.079749999978958,8.233708000034312,3.85812,4.61896,36.42630209165149,0.9705760880804396,0.9934008384969927,0.9958038988730208,0.9991342841810107,subprocess wall time including PPM I/O; codec_* fields are resident timing
chat_preview,ui_text,meme_card,1200,800,512,341,CAPS,"q=82,tile=64,base=64",5992,0.27456011730205276,8.061083000029612,8.130457999982355,3.90987,4.63929,39.56160014623481,0.9839913053261341,0.9962343501907355,0.9979559575926694,0.9995866352514656,subprocess wall time including PPM I/O; codec_* fields are resident timing
chat_preview,ui_text,meme_card,1200,800,512,341,CAPS,"q=83,tile=64,base=32",4318,0.19785557184750732,7.894542000030924,8.161584000049515,3.83454,4.567,36.6161952429872,0.9720436427789062,0.9941160338824169,0.9961014793858896,0.99918351226801,subprocess wall time including PPM I/O; codec_* fields are resident timing
chat_preview,ui_text,meme_card,1200,800,512,341,CAPS,"q=83,tile=64,base=64",6347,0.2908266129032258,8.180625000022701,8.745416000010664,4.08725,4.77067,39.7791539574837,0.9850583850898419,0.996688464632225,0.9981169066550352,0.9996105311522141,subprocess wall time including PPM I/O; codec_* fields are resident timing
chat_preview,ui_text,meme_card,1200,800,512,341,CAPS,"q=84,tile=64,base=32",4418,0.20243768328445746,7.83533300000272,8.123083999976188,3.78946,4.567,36.81172507590796,0.972716312344827,0.9941834944617574,0.9961176699571344,0.999215660383352,subprocess wall time including PPM I/O; codec_* fields are resident timing
chat_preview,ui_text,meme_card,1200,800,512,341,CAPS,"q=84,tile=64,base=64",6424,0.29435483870967744,7.889000000091073,8.45520799998667,4.03867,4.63475,39.78524327195575,0.9853446077251897,0.9967143680092952,0.998148767129098,0.9996080210707637,subprocess wall time including PPM I/O; codec_* fields are resident timing
chat_preview,ui_text,meme_card,1200,800,512,341,CAPS,"q=85,tile=64,base=32",4499,0.2061491935483871,8.095249999996668,9.336041000096884,3.95804,4.74442,36.9836351679635,0.9734845824079102,0.9944054349731771,0.9962529677681439,0.9992435127818128,subprocess wall time including PPM I/O; codec_* fields are resident timing
chat_preview,ui_text,meme_card,1200,800,512,341,CAPS,"q=85,tile=64,base=64",6504,0.29802052785923755,8.0753330000789,8.43433299996832,3.91221,4.61304,39.891278424444046,0.9855034719089723,0.9967666514025844,0.9981552811128181,0.9996179866614797,subprocess wall time including PPM I/O; codec_* fields are resident timing
chat_preview,ui_text,meme_card,1200,800,512,341,CAPS,"q=86,tile=64,base=32",4606,0.21105205278592376,8.351749999974345,9.157458000004226,3.88029,4.66896,37.314528761370006,0.9752202881368044,0.9947745431318834,0.9965240582381265,0.9992909993745861,subprocess wall time including PPM I/O; codec_* fields are resident timing
chat_preview,ui_text,meme_card,1200,800,512,341,CAPS,"q=86,tile=64,base=64",6571,0.30109054252199413,8.073041999978159,8.364165999978468,3.93058,4.68438,40.05825157472067,0.9858552380949669,0.9968501161031561,0.9982357137330058,0.9996306395847571,subprocess wall time including PPM I/O; codec_* fields are resident timing
chat_preview,ui_text,meme_card,1200,800,512,341,CAPS,"q=87,tile=64,base=32",4675,0.21421370967741934,7.947000000058324,8.35795800003325,3.78742,4.61017,37.605049000629705,0.976374933641201,0.994975956471817,0.9966469819710041,0.9993368558856435,subprocess wall time including PPM I/O; codec_* fields are resident timing
chat_preview,ui_text,meme_card,1200,800,512,341,CAPS,"q=87,tile=64,base=64",6650,0.30471041055718473,8.317291000025762,9.106290999966404,4.12721,4.73492,40.11473675734929,0.9860488131738534,0.9968679025131008,0.9982413772620197,0.9996389448249741,subprocess wall time including PPM I/O; codec_* fields are resident timing
chat_preview,ui_text,meme_card,1200,800,512,341,CAPS,"q=88,tile=64,base=32",4741,0.21723790322580644,7.874667000010049,8.84854200000973,3.82825,4.59333,37.769345891626536,0.9770929282871988,0.9950299632712977,0.9967423859414454,0.9993581968324033,subprocess wall time including PPM I/O; codec_* fields are resident timing
chat_preview,ui_text,meme_card,1200,800,512,341,CAPS,"q=88,tile=64,base=64",6707,0.3073222140762463,11.028709000015624,11.043041999982961,6.29108,4.89808,40.08470256834013,0.9860421269988232,0.9968645427199293,0.9982486989903694,0.9996367204738247,subprocess wall time including PPM I/O; codec_* fields are resident timing
chat_preview,ui_text,meme_card,1200,800,512,341,CAPS,"q=89,tile=64,base=32",5119,0.234558284457478,8.89099999994869,9.55795900006251,4.03946,4.98137,37.87937589281987,0.9768417385255169,0.9943672571703038,0.9955193991590308,0.9993789637713452,subprocess wall time including PPM I/O; codec_* fields are resident timing
chat_preview,ui_text,meme_card,1200,800,512,341,CAPS,"q=89,tile=64,base=64",7764,0.3557551319648094,8.689874999959102,9.439499999984946,4.479,4.99079,39.95419001008162,0.9839318691479829,0.9961888127229791,0.9969424104298643,0.9996287055471457,subprocess wall time including PPM I/O; codec_* fields are resident timing
chat_preview,ui_text,meme_card,1200,800,512,341,CAPS,"q=90,tile=64,base=32",5283,0.24207294721407624,8.59091699999226,9.487832999980128,3.93992,4.66708,38.12210448107112,0.9776910101619048,0.9943435408018074,0.9955915899945325,0.9993997956395333,subprocess wall time including PPM I/O; codec_* fields are resident timing
chat_preview,ui_text,meme_card,1200,800,512,341,CAPS,"q=90,tile=64,base=64",7949,0.3642320381231672,9.554750000006607,10.967541000013625,4.26979,4.87992,39.945544197891316,0.9838137466431706,0.9961366844325026,0.9968318654620798,0.999626907500899,subprocess wall time including PPM I/O; codec_* fields are resident timing
chat_preview,ui_text,meme_card,1200,800,512,341,CAPS,"q=91,tile=64,base=32",5373,0.24619684750733137,7.851749999986168,9.274542000071051,3.81008,4.62729,38.28655772492495,0.9783087038422936,0.9944870891830485,0.9958371741748748,0.9994240662364574,subprocess wall time including PPM I/O; codec_* fields are resident timing
chat_preview,ui_text,meme_card,1200,800,512,341,CAPS,"q=91,tile=64,base=64",8072,0.36986803519061584,8.494749999954365,9.009249999962776,4.27529,4.75287,40.11320386280132,0.9841128974587813,0.9962064938630276,0.9968879893846369,0.9996404388056837,subprocess wall time including PPM I/O; codec_* fields are resident timing
chat_preview,ui_text,meme_card,1200,800,512,341,CAPS,"q=92,tile=64,base=32",5465,0.2504123900293255,8.115208000049279,8.648415999914505,3.99221,4.72325,38.51358915464699,0.9795243525593266,0.9946562590665499,0.9959866747145962,0.9994608780087507,subprocess wall time including PPM I/O; codec_* fields are resident timing
chat_preview,ui_text,meme_card,1200,800,512,341,CAPS,"q=92,tile=64,base=64",8164,0.37408357771260997,8.017249999966225,8.584999999925458,4.13413,4.76638,40.03482493660506,0.9841681130233001,0.9961936289458911,0.9968960610658526,0.9996352682498703,subprocess wall time including PPM I/O; codec_* fields are resident timing
chat_preview,ui_text,meme_card,1200,800,512,341,CAPS,"q=93,tile=64,base=32",5601,0.2566440615835777,7.752666999977009,8.188875000087137,3.87321,4.65292,38.82823134101609,0.9804432891484428,0.9949050608220209,0.9961061223317709,0.9994905995178945,subprocess wall time including PPM I/O; codec_* fields are resident timing
chat_preview,ui_text,meme_card,1200,800,512,341,CAPS,"q=93,tile=64,base=64",8273,0.37907807917888564,8.091332999924816,8.323292000000038,4.17087,4.78008,40.07986960923197,0.9843806239710912,0.9962417139653267,0.9969583875573206,0.9996364702212673,subprocess wall time including PPM I/O; codec_* fields are resident timing
chat_preview,ui_text,meme_card,1200,800,512,341,CAPS,"q=94,tile=64,base=32",5842,0.2676869501466276,10.333917000025394,8.62533400004395,4.015,4.66283,39.033124082008186,0.9806324408423532,0.9948314279112497,0.9958822874993557,0.9995129588335606,subprocess wall time including PPM I/O; codec_* fields are resident timing
chat_preview,ui_text,meme_card,1200,800,512,341,CAPS,"q=94,tile=64,base=64",8672,0.3973607038123167,8.372417000032328,8.338083000012375,4.30879,4.71367,40.07414952621797,0.983996406375018,0.9961140707086121,0.9968080064612145,0.9996325464351583,subprocess wall time including PPM I/O; codec_* fields are resident timing
chat_preview,ui_text,meme_card,1200,800,512,341,CAPS,"q=95,tile=64,base=32",8930,0.4091825513196481,10.905792000016845,9.030208000012863,7.00992,4.91179,46.12371536607685,0.9902556783283561,0.9973539214001944,0.9976742987701599,0.9998846046852768,subprocess wall time including PPM I/O; codec_* fields are resident timing
chat_preview,ui_text,meme_card,1200,800,512,341,CAPS,"q=95,tile=64,base=64",13073,0.5990194281524927,11.493791000020792,9.592709000003197,7.42146,5.46742,48.57257402194405,0.9925267356400552,0.9983772718356673,0.9984673260000331,0.9999405106132637,subprocess wall time including PPM I/O; codec_* fields are resident timing
chat_preview,ui_text,meme_card,1200,800,512,341,CAPS,"q=96,tile=64,base=32",10048,0.4604105571847507,11.339249999991807,9.76716699994995,7.03379,5.15383,45.836736270867355,0.9891002488565864,0.9970180921890627,0.997119916866576,0.9998790010089488,subprocess wall time including PPM I/O; codec_* fields are resident timing
chat_preview,ui_text,meme_card,1200,800,512,341,CAPS,"q=96,tile=64,base=64",15679,0.7184292521994134,11.557917000004636,9.226709000017763,7.64433,5.22,47.30401190927155,0.9897553873817929,0.9978320693930591,0.9977658156667998,0.9999237718997713,subprocess wall time including PPM I/O; codec_* fields are resident timing
chat_preview,ui_text,meme_card,1200,800,512,341,CAPS,"q=97,tile=64,base=32",10587,0.485108137829912,11.072207999973216,8.916999999996733,7.02971,5.06654,45.94623820586152,0.9888114629170947,0.9969306319902094,0.9969906028900969,0.9998800445282358,subprocess wall time including PPM I/O; codec_* fields are resident timing
chat_preview,ui_text,meme_card,1200,800,512,341,CAPS,"q=97,tile=64,base=64",16322,0.747892228739003,11.845417000017733,9.308957999905942,7.83437,5.34837,47.294802722302634,0.989460667108854,0.9978120256982578,0.9977316586364635,0.9999238011914271,subprocess wall time including PPM I/O; codec_* fields are resident timing
chat_preview,ui_text,meme_card,1200,800,512,341,CAPS,"q=98,tile=64,base=32",12010,0.5503115835777126,11.325374999955784,8.947874999989835,7.20562,5.11479,45.80027017913356,0.9877041376497128,0.9965481592635861,0.9967356931703769,0.9998733700690505,subprocess wall time including PPM I/O; codec_* fields are resident timing
chat_preview,ui_text,meme_card,1200,800,512,341,CAPS,"q=98,tile=64,base=64",20036,0.9180718475073314,12.348291999956018,9.701790999997684,8.14729,5.64158,46.78674358118887,0.9876252901989213,0.9972966727464087,0.9975791078821946,0.9999104800183561,subprocess wall time including PPM I/O; codec_* fields are resident timing
chat_preview,ui_text,meme_card,1200,800,512,341,CAPS,"q=99,tile=64,base=32",12840,0.5883431085043989,11.22129100008351,9.071583999912036,7.28204,5.19004,45.951355474145224,0.98788872989523,0.9965167003279704,0.9968118650429209,0.999873868927758,subprocess wall time including PPM I/O; codec_* fields are resident timing
chat_preview,ui_text,meme_card,1200,800,512,341,CAPS,"q=99,tile=64,base=64",21759,0.9970216275659824,12.257040999998026,9.834124999997584,8.45704,5.80517,46.81716339418373,0.9875460412502074,0.997232469761472,0.9976055185405345,0.9999093327640798,subprocess wall time including PPM I/O; codec_* fields are resident timing
chat_preview,ui_text,meme_card,1200,800,512,341,CAPS,"q=100,tile=64,base=32",76800,3.5190615835777126,16.880583999977716,12.954625000020314,12.6884,8.62425,99.0,1.0,1.0,0.9999999999999881,1.0,subprocess wall time including PPM I/O; codec_* fields are resident timing
chat_preview,ui_text,meme_card,1200,800,512,341,CAPS,"q=100,tile=64,base=64",76333,3.4976631231671553,17.44645799999489,13.604499999928521,12.8443,8.78146,99.0,1.0,1.0,0.9999999999999881,1.0,subprocess wall time including PPM I/O; codec_* fields are resident timing
chat_preview,ui_text,meme_card,1200,800,512,341,JPEG,"seq420,q=1",1824,0.08357771260997067,0.6208749999814245,0.4802500000096188,nan,nan,22.8977416316117,0.6393094678861467,0.7745677925619106,0.84963434874911,0.9692793471303508,Pillow wall time including file I/O
chat_preview,ui_text,meme_card,1200,800,512,341,JPEG,"prog420,q=1",2073,0.09498717008797654,0.832250000030399,0.5830830000377318,nan,nan,22.8977416316117,0.6393094678861467,0.7745677925619106,0.84963434874911,0.9692793471303508,Pillow wall time including file I/O
chat_preview,ui_text,meme_card,1200,800,512,341,JPEG,"seq444,q=1",2825,0.12944464809384165,0.907165999933568,0.5106669999577207,nan,nan,23.155557962636767,0.6370998424378228,0.776582007081933,0.8483726829106454,0.9708161006129391,Pillow wall time including file I/O
chat_preview,ui_text,meme_card,1200,800,512,341,JPEG,"prog444,q=1",3142,0.14396994134897362,1.1778750000530636,0.9238330000016504,nan,nan,23.155557962636767,0.6370998424378228,0.776582007081933,0.8483726829106454,0.9708161006129391,Pillow wall time including file I/O
chat_preview,ui_text,meme_card,1200,800,512,341,JPEG,"seq420,q=2",1826,0.08366935483870967,0.5387920000430313,0.460125000017797,nan,nan,22.900036173507907,0.6393184443590244,0.7745816709777783,0.8496440919199565,0.9692864192745001,Pillow wall time including file I/O
chat_preview,ui_text,meme_card,1200,800,512,341,JPEG,"prog420,q=2",2076,0.09512463343108504,0.7726669999783553,0.710583999989467,nan,nan,22.900036173507907,0.6393184443590244,0.7745816709777783,0.8496440919199565,0.9692864192745001,Pillow wall time including file I/O
chat_preview,ui_text,meme_card,1200,800,512,341,JPEG,"seq444,q=2",2827,0.12953629032258066,0.8893340000213357,0.47679199997219257,nan,nan,23.15930035197897,0.6370926032348048,0.7766134406567312,0.8483969356929234,0.9708304217921508,Pillow wall time including file I/O
chat_preview,ui_text,meme_card,1200,800,512,341,JPEG,"prog444,q=2",3145,0.1441074046920821,1.2450000000399086,0.9300840000605604,nan,nan,23.15930035197897,0.6370926032348048,0.7766134406567312,0.8483969356929234,0.9708304217921508,Pillow wall time including file I/O
chat_preview,ui_text,meme_card,1200,800,512,341,JPEG,"seq420,q=3",1867,0.08554802052785923,0.6007920000001832,0.46516700001575373,nan,nan,22.98147427261207,0.6425547201273564,0.7757092560819538,0.8500694254902315,0.9696156796854486,Pillow wall time including file I/O
chat_preview,ui_text,meme_card,1200,800,512,341,JPEG,"prog420,q=3",2114,0.0968658357771261,0.832124999988082,0.7200420000117447,nan,nan,22.98147427261207,0.6425547201273564,0.7757092560819538,0.8500694254902315,0.9696156796854486,Pillow wall time including file I/O
chat_preview,ui_text,meme_card,1200,800,512,341,JPEG,"seq444,q=3",2867,0.1313691348973607,0.845500000082211,0.5120839999790405,nan,nan,23.209905818274002,0.6390954659181478,0.7771618129604939,0.8490167204883942,0.9710012416743083,Pillow wall time including file I/O
chat_preview,ui_text,meme_card,1200,800,512,341,JPEG,"prog444,q=3",3183,0.14584860703812316,1.2363750000758955,0.949290999983532,nan,nan,23.209905818274002,0.6390954659181478,0.7771618129604939,0.8490167204883942,0.9710012416743083,Pillow wall time including file I/O
chat_preview,ui_text,meme_card,1200,800,512,341,JPEG,"seq420,q=4",2023,0.09269611436950147,0.5915410000625343,0.4421249999495558,nan,nan,24.54328087473664,0.6903508933829349,0.8099411723506761,0.8719725494233926,0.9789291194568382,Pillow wall time including file I/O
chat_preview,ui_text,meme_card,1200,800,512,341,JPEG,"prog420,q=4",2280,0.10447214076246335,0.8411659999865151,0.5799589999924137,nan,nan,24.54328087473664,0.6903508933829349,0.8099411723506761,0.8719725494233926,0.9789291194568382,Pillow wall time including file I/O
chat_preview,ui_text,meme_card,1200,800,512,341,JPEG,"seq444,q=4",3034,0.13902126099706744,0.8765000000039436,0.48916699995515955,nan,nan,24.867085228944482,0.6847955156056313,0.8107517809164294,0.8728459930832841,0.9803204458670575,Pillow wall time including file I/O
chat_preview,ui_text,meme_card,1200,800,512,341,JPEG,"prog444,q=4",3328,0.15249266862170088,1.231458000006569,1.0106659999564727,nan,nan,24.867085228944482,0.6847955156056313,0.8107517809164294,0.8728459930832841,0.9803204458670575,Pillow wall time including file I/O
chat_preview,ui_text,meme_card,1200,800,512,341,JPEG,"seq420,q=5",2168,0.09934017595307917,0.5790830000478309,0.4724580001038703,nan,nan,26.103542292774176,0.7622195189302129,0.8426991941271305,0.9058608302726419,0.985513298843236,Pillow wall time including file I/O
chat_preview,ui_text,meme_card,1200,800,512,341,JPEG,"prog420,q=5",2390,0.1095124633431085,0.8792919999223159,0.7360420000850354,nan,nan,26.103542292774176,0.7622195189302129,0.8426991941271305,0.9058608302726419,0.985513298843236,Pillow wall time including file I/O
chat_preview,ui_text,meme_card,1200,800,512,341,JPEG,"seq444,q=5",3182,0.14580278592375367,0.8520000000089567,0.5012080000597052,nan,nan,26.73584762323825,0.7661817608739675,0.8473744204989538,0.9052760371272888,0.987559816744537,Pillow wall time including file I/O
chat_preview,ui_text,meme_card,1200,800,512,341,JPEG,"prog444,q=5",3439,0.15757881231671556,1.2714999999161591,0.7953749999387583,nan,nan,26.73584762323825,0.7661817608739675,0.8473744204989538,0.9052760371272888,0.987559816744537,Pillow wall time including file I/O
chat_preview,ui_text,meme_card,1200,800,512,341,JPEG,"seq420,q=6",2322,0.10639662756598241,0.564665999945646,0.33283300001585303,nan,nan,27.24306145318873,0.7875004264326829,0.8627209632764082,0.9184280173663695,0.9891251826534689,Pillow wall time including file I/O
chat_preview,ui_text,meme_card,1200,800,512,341,JPEG,"prog420,q=6",2573,0.11789772727272728,3.4388330000183487,0.6396669999730875,nan,nan,27.24306145318873,0.7875004264326829,0.8627209632764082,0.9184280173663695,0.9891251826534689,Pillow wall time including file I/O
chat_preview,ui_text,meme_card,1200,800,512,341,JPEG,"seq444,q=6",3357,0.1538214809384164,0.830167000003712,0.35070800004177727,nan,nan,27.955339467165704,0.7924360596106704,0.8671724936971232,0.9186381854663379,0.9908826842623271,Pillow wall time including file I/O
chat_preview,ui_text,meme_card,1200,800,512,341,JPEG,"prog444,q=6",3627,0.16619318181818182,1.196625000034146,0.9460420000095837,nan,nan,27.955339467165704,0.7924360596106704,0.8671724936971232,0.9186381854663379,0.9908826842623271,Pillow wall time including file I/O
chat_preview,ui_text,meme_card,1200,800,512,341,JPEG,"seq420,q=7",2462,0.1128115835777126,0.5520839999917371,0.45554199994057853,nan,nan,28.177736800073696,0.8008741791773973,0.8807299323440598,0.9339017036104131,0.9914414162217945,Pillow wall time including file I/O
chat_preview,ui_text,meme_card,1200,800,512,341,JPEG,"prog420,q=7",2676,0.12261730205278593,0.8337499999697684,0.7259999999860156,nan,nan,28.177736800073696,0.8008741791773973,0.8807299323440598,0.9339017036104131,0.9914414162217945,Pillow wall time including file I/O
chat_preview,ui_text,meme_card,1200,800,512,341,JPEG,"seq444,q=7",3521,0.16133614369501467,0.8486670000138474,0.5335829999921771,nan,nan,29.09088448329738,0.80906235037193,0.8868800005904988,0.9332012660747238,0.9931561599311973,Pillow wall time including file I/O
chat_preview,ui_text,meme_card,1200,800,512,341,JPEG,"prog444,q=7",3764,0.17247067448680353,1.1665420000781523,0.9102499999471547,nan,nan,29.09088448329738,0.80906235037193,0.8868800005904988,0.9332012660747238,0.9931561599311973,Pillow wall time including file I/O
chat_preview,ui_text,meme_card,1200,800,512,341,JPEG,"seq420,q=8",2580,0.11821847507331379,0.5965420000393351,0.3234580000253118,nan,nan,28.73416181797812,0.8098206232202907,0.8937144862915823,0.9409425068281513,0.9926336731915472,Pillow wall time including file I/O
chat_preview,ui_text,meme_card,1200,800,512,341,JPEG,"prog420,q=8",2792,0.1279325513196481,0.8202909999681651,0.7423750000725704,nan,nan,28.73416181797812,0.8098206232202907,0.8937144862915823,0.9409425068281513,0.9926336731915472,Pillow wall time including file I/O
chat_preview,ui_text,meme_card,1200,800,512,341,JPEG,"seq444,q=8",3655,0.16747617302052786,0.8503329999030029,0.35879100005331566,nan,nan,29.781042781035175,0.8208369154619962,0.9006959185346312,0.9420350950844625,0.99432555436609,Pillow wall time including file I/O
chat_preview,ui_text,meme_card,1200,800,512,341,JPEG,"prog444,q=8",3873,0.17746517595307917,1.2585829999807174,0.9549159999551193,nan,nan,29.781042781035175,0.8208369154619962,0.9006959185346312,0.9420350950844625,0.99432555436609,Pillow wall time including file I/O
chat_preview,ui_text,meme_card,1200,800,512,341,JPEG,"seq420,q=9",2705,0.12394611436950147,0.5641660000037518,0.468500000010863,nan,nan,29.359725283029686,0.8218260153693918,0.9075888575565427,0.95349203267809,0.9937782137259115,Pillow wall time including file I/O
chat_preview,ui_text,meme_card,1200,800,512,341,JPEG,"prog420,q=9",2865,0.1312774926686217,0.8282080000299175,0.7197920000407976,nan,nan,29.359725283029686,0.8218260153693918,0.9075888575565427,0.95349203267809,0.9937782137259115,Pillow wall time including file I/O
chat_preview,ui_text,meme_card,1200,800,512,341,JPEG,"seq444,q=9",3806,0.1743951612903226,0.8350409999593467,0.5089160000579795,nan,nan,30.586338040767696,0.8356312854918618,0.9150163588564277,0.953766594633415,0.9954671484790995,Pillow wall time including file I/O
chat_preview,ui_text,meme_card,1200,800,512,341,JPEG,"prog444,q=9",3966,0.18172653958944282,1.2124160000439588,0.9277500000735017,nan,nan,30.586338040767696,0.8356312854918618,0.9150163588564277,0.953766594633415,0.9954671484790995,Pillow wall time including file I/O
chat_preview,ui_text,meme_card,1200,800,512,341,JPEG,"seq420,q=10",2793,0.1279783724340176,0.587417000019741,0.4612500000575892,nan,nan,29.66789081774747,0.8257615722213124,0.9157143828671498,0.9578204284282378,0.994249163613117,Pillow wall time including file I/O
chat_preview,ui_text,meme_card,1200,800,512,341,JPEG,"prog420,q=10",2963,0.13576796187683285,0.872208000032515,0.7646249999879728,nan,nan,29.66789081774747,0.8257615722213124,0.9157143828671498,0.9578204284282378,0.994249163613117,Pillow wall time including file I/O
chat_preview,ui_text,meme_card,1200,800,512,341,JPEG,"seq444,q=10",3916,0.17943548387096775,0.82412500000828,0.4770420000568265,nan,nan,30.97053976743704,0.8424331657750997,0.9239476868990595,0.9583692517366285,0.9958888131747532,Pillow wall time including file I/O
chat_preview,ui_text,meme_card,1200,800,512,341,JPEG,"prog444,q=10",4065,0.18626282991202345,1.2112919999935912,0.9182499999269567,nan,nan,30.97053976743704,0.8424331657750997,0.9239476868990595,0.9583692517366285,0.9958888131747532,Pillow wall time including file I/O
chat_preview,ui_text,meme_card,1200,800,512,341,JPEG,"seq420,q=11",2878,0.1318731671554252,0.6125830000200949,0.3174170000193044,nan,nan,29.948960759772596,0.8320977514699143,0.9228390783321004,0.9619539286822153,0.9946815487509153,Pillow wall time including file I/O
chat_preview,ui_text,meme_card,1200,800,512,341,JPEG,"prog420,q=11",3019,0.13833394428152493,0.8349579999276102,0.7266250000839136,nan,nan,29.948960759772596,0.8320977514699143,0.9228390783321004,0.9619539286822153,0.9946815487509153,Pillow wall time including file I/O
chat_preview,ui_text,meme_card,1200,800,512,341,JPEG,"seq444,q=11",4021,0.18424670087976538,0.8892079999895941,0.36308300002474425,nan,nan,31.365576443365363,0.8524225882232397,0.9328582229469041,0.9622340349306086,0.9963364975862586,Pillow wall time including file I/O
chat_preview,ui_text,meme_card,1200,800,512,341,JPEG,"prog444,q=11",4159,0.1905700146627566,1.293707999934668,0.9224589999803356,nan,nan,31.365576443365363,0.8524225882232397,0.9328582229469041,0.9622340349306086,0.9963364975862586,Pillow wall time including file I/O
chat_preview,ui_text,meme_card,1200,800,512,341,JPEG,"seq420,q=12",2951,0.13521810850439883,0.5835839999690506,0.44358399998145615,nan,nan,30.29217993383446,0.83817171892718,0.9292071633118205,0.9635938010005837,0.9951809236080345,Pillow wall time including file I/O
chat_preview,ui_text,meme_card,1200,800,512,341,JPEG,"prog420,q=12",3102,0.14213709677419356,0.8331249999855572,0.7125829999949929,nan,nan,30.29217993383446,0.83817171892718,0.9292071633118205,0.9635938010005837,0.9951809236080345,Pillow wall time including file I/O
chat_preview,ui_text,meme_card,1200,800,512,341,JPEG,"seq444,q=12",4119,0.18873717008797655,0.8396670000365702,0.36379200003011647,nan,nan,31.737877711314955,0.8584968421078667,0.9384893803973999,0.9648525312836793,0.9967032001365614,Pillow wall time including file I/O
chat_preview,ui_text,meme_card,1200,800,512,341,JPEG,"prog444,q=12",4246,0.19455645161290322,1.2367909999966287,0.9410839999191012,nan,nan,31.737877711314955,0.8584968421078667,0.9384893803973999,0.9648525312836793,0.9967032001365614,Pillow wall time including file I/O
chat_preview,ui_text,meme_card,1200,800,512,341,JPEG,"seq420,q=13",3035,0.13906708211143695,0.7415830000354617,0.46770799997375434,nan,nan,30.7258362431337,0.8513434310482803,0.9365912372063985,0.9703923124231405,0.9958711544015972,Pillow wall time including file I/O
chat_preview,ui_text,meme_card,1200,800,512,341,JPEG,"prog420,q=13",3199,0.14658174486803519,0.8156669999834776,0.6203329999152629,nan,nan,30.7258362431337,0.8513434310482803,0.9365912372063985,0.9703923124231405,0.9958711544015972,Pillow wall time including file I/O
chat_preview,ui_text,meme_card,1200,800,512,341,JPEG,"seq444,q=13",4214,0.19309017595307917,0.8777499999723659,0.3795840000293538,nan,nan,32.35315217066422,0.8752806460725671,0.9469621184220453,0.9709484361143161,0.997368751631851,Pillow wall time including file I/O
chat_preview,ui_text,meme_card,1200,800,512,341,JPEG,"prog444,q=13",4344,0.19904692082111436,1.3002090000782118,0.9779580000213173,nan,nan,32.35315217066422,0.8752806460725671,0.9469621184220453,0.9709484361143161,0.997368751631851,Pillow wall time including file I/O
chat_preview,ui_text,meme_card,1200,800,512,341,JPEG,"seq420,q=14",3097,0.14190799120234604,0.6055000000060318,0.46000000008916686,nan,nan,30.864718609419818,0.8595905087283926,0.9411579007366765,0.9735038495311292,0.9960781314537059,Pillow wall time including file I/O
chat_preview,ui_text,meme_card,1200,800,512,341,JPEG,"prog420,q=14",3289,0.1507056451612903,0.871666999955778,0.6297919999269652,nan,nan,30.864718609419818,0.8595905087283926,0.9411579007366765,0.9735038495311292,0.9960781314537059,Pillow wall time including file I/O
chat_preview,ui_text,meme_card,1200,800,512,341,JPEG,"seq444,q=14",4283,0.1962518328445748,0.9017500000254586,0.3719170000522354,nan,nan,32.56393898149211,0.8817874414290814,0.951284932880669,0.973887405948456,0.9975598670650877,Pillow wall time including file I/O
chat_preview,ui_text,meme_card,1200,800,512,341,JPEG,"prog444,q=14",4399,0.20156708211143695,1.289416999952664,0.9565000000293367,nan,nan,32.56393898149211,0.8817874414290814,0.951284932880669,0.973887405948456,0.9975598670650877,Pillow wall time including file I/O
chat_preview,ui_text,meme_card,1200,800,512,341,JPEG,"seq420,q=15",3206,0.1469024926686217,0.6189580000182104,0.45691599996189325,nan,nan,31.116637083454187,0.864885435422874,0.9449174310094683,0.9764589419089731,0.9963453165308126,Pillow wall time including file I/O
chat_preview,ui_text,meme_card,1200,800,512,341,JPEG,"prog420,q=15",3410,0.15625,0.8920829999397029,0.6290000000035434,nan,nan,31.116637083454187,0.864885435422874,0.9449174310094683,0.9764589419089731,0.9963453165308126,Pillow wall time including file I/O
chat_preview,ui_text,meme_card,1200,800,512,341,JPEG,"seq444,q=15",4383,0.20083394428152493,1.5148749999980282,0.7843330000696369,nan,nan,32.8989762731035,0.8883871936021926,0.95580895209178,0.9762732619243483,0.9977987255531336,Pillow wall time including file I/O
chat_preview,ui_text,meme_card,1200,800,512,341,JPEG,"prog444,q=15",4494,0.2059200879765396,1.2644170000157828,0.9537079999972775,nan,nan,32.8989762731035,0.8883871936021926,0.95580895209178,0.9762732619243483,0.9977987255531336,Pillow wall time including file I/O
chat_preview,ui_text,meme_card,1200,800,512,341,JPEG,"seq420,q=16",3323,0.15226356304985336,0.5802919999950973,0.32045900002231065,nan,nan,31.389032253283236,0.8696611164462068,0.9480059174879143,0.9782195735864544,0.9965818424239996,Pillow wall time including file I/O
chat_preview,ui_text,meme_card,1200,800,512,341,JPEG,"prog420,q=16",3511,0.16087793255131966,0.9040830000230926,0.7540000000290092,nan,nan,31.389032253283236,0.8696611164462068,0.9480059174879143,0.9782195735864544,0.9965818424239996,Pillow wall time including file I/O
chat_preview,ui_text,meme_card,1200,800,512,341,JPEG,"seq444,q=16",4489,0.20569098240469208,0.8806250000361615,0.5171249999875727,nan,nan,33.13839827114764,0.8928969386475148,0.9592663318307545,0.9787171021435364,0.9979514730893833,Pillow wall time including file I/O
chat_preview,ui_text,meme_card,1200,800,512,341,JPEG,"prog444,q=16",4579,0.2098148826979472,1.3077080000130081,0.9687079999594062,nan,nan,33.13839827114764,0.8928969386475148,0.9592663318307545,0.9787171021435364,0.9979514730893833,Pillow wall time including file I/O
chat_preview,ui_text,meme_card,1200,800,512,341,JPEG,"seq420,q=17",3423,0.15684567448680353,0.6075829999190319,0.4863330000262067,nan,nan,31.618803986352738,0.874262680451086,0.9515908936358629,0.9797740596940899,0.9968041942016407,Pillow wall time including file I/O
chat_preview,ui_text,meme_card,1200,800,512,341,JPEG,"prog420,q=17",3610,0.16541422287390029,0.8921250000639702,0.7705839999516684,nan,nan,31.618803986352738,0.874262680451086,0.9515908936358629,0.9797740596940899,0.9968041942016407,Pillow wall time including file I/O
chat_preview,ui_text,meme_card,1200,800,512,341,JPEG,"seq444,q=17",4600,0.21077712609970675,0.8772090000093158,0.5184160000908378,nan,nan,33.39657331465591,0.8982442047307441,0.9624998187957562,0.9803834171261101,0.9981101012973416,Pillow wall time including file I/O
chat_preview,ui_text,meme_card,1200,800,512,341,JPEG,"prog444,q=17",4668,0.21389296187683285,1.2372500000310538,0.9692500000255677,nan,nan,33.39657331465591,0.8982442047307441,0.9624998187957562,0.9803834171261101,0.9981101012973416,Pillow wall time including file I/O
chat_preview,ui_text,meme_card,1200,800,512,341,JPEG,"seq420,q=18",3566,0.16339809384164222,0.6269579999980124,0.46412500000769796,nan,nan,31.8228719129918,0.8784745564665227,0.955182832302368,0.9812089808202414,0.996984201658009,Pillow wall time including file I/O
chat_preview,ui_text,meme_card,1200,800,512,341,JPEG,"prog420,q=18",3766,0.17256231671554254,0.9025420000625672,0.7484590000785829,nan,nan,31.8228719129918,0.8784745564665227,0.955182832302368,0.9812089808202414,0.996984201658009,Pillow wall time including file I/O
chat_preview,ui_text,meme_card,1200,800,512,341,JPEG,"seq444,q=18",4740,0.21719208211143695,0.9086249999654683,0.5411670000512459,nan,nan,33.56547414396629,0.9006900647908402,0.9655089318371212,0.9817221283529218,0.9981913899135139,Pillow wall time including file I/O
chat_preview,ui_text,meme_card,1200,800,512,341,JPEG,"prog444,q=18",4780,0.219024926686217,1.2711670000271624,0.9574580000162314,nan,nan,33.56547414396629,0.9006900647908402,0.9655089318371212,0.9817221283529218,0.9981913899135139,Pillow wall time including file I/O
chat_preview,ui_text,meme_card,1200,800,512,341,JPEG,"seq420,q=19",3643,0.16692631964809385,0.5947500000047512,0.46904200007702457,nan,nan,32.11842576139961,0.8833864389975244,0.957168742006648,0.9823090004140014,0.9972113373610126,Pillow wall time including file I/O
chat_preview,ui_text,meme_card,1200,800,512,341,JPEG,"prog420,q=19",3838,0.17586143695014664,0.8844169999520091,0.7639589999826057,nan,nan,32.11842576139961,0.8833864389975244,0.957168742006648,0.9823090004140014,0.9972113373610126,Pillow wall time including file I/O
chat_preview,ui_text,meme_card,1200,800,512,341,JPEG,"seq444,q=19",4835,0.2215450879765396,0.8686250000664586,0.5342089999658128,nan,nan,33.81106885453217,0.9041711922679156,0.9673715035907091,0.9828722809728707,0.9983064116458656,Pillow wall time including file I/O
chat_preview,ui_text,meme_card,1200,800,512,341,JPEG,"prog444,q=19",4876,0.22342375366568915,1.3229160000491902,0.9660419999590886,nan,nan,33.81106885453217,0.9041711922679156,0.9673715035907091,0.9828722809728707,0.9983064116458656,Pillow wall time including file I/O
chat_preview,ui_text,meme_card,1200,800,512,341,JPEG,"seq420,q=20",3728,0.17082111436950145,0.6383749999940846,0.4773749999458232,nan,nan,32.34730455870175,0.8886443184480665,0.9589839102034489,0.9834813682652878,0.9973759571577439,Pillow wall time including file I/O
chat_preview,ui_text,meme_card,1200,800,512,341,JPEG,"prog420,q=20",3908,0.17906891495601174,0.8860000000368018,0.5975830000579663,nan,nan,32.34730455870175,0.8886443184480665,0.9589839102034489,0.9834813682652878,0.9973759571577439,Pillow wall time including file I/O
chat_preview,ui_text,meme_card,1200,800,512,341,JPEG,"seq444,q=20",4924,0.2256231671554252,0.8883330000344358,0.5040839999992386,nan,nan,34.03877712974467,0.9081861879056468,0.9693130043916686,0.9840786891433346,0.9984147008402005,Pillow wall time including file I/O
chat_preview,ui_text,meme_card,1200,800,512,341,JPEG,"prog444,q=20",4931,0.22594391495601174,1.2889170000107697,0.9519579999732741,nan,nan,34.03877712974467,0.9081861879056468,0.9693130043916686,0.9840786891433346,0.9984147008402005,Pillow wall time including file I/O
chat_preview,ui_text,meme_card,1200,800,512,341,JPEG,"seq420,q=21",3828,0.17540322580645162,0.5843750000167347,0.47395800004323974,nan,nan,32.684144532348355,0.8933411543765782,0.9611600643864598,0.984553969280069,0.9976135271561872,Pillow wall time including file I/O
chat_preview,ui_text,meme_card,1200,800,512,341,JPEG,"prog420,q=21",3980,0.18236803519061584,0.9367500000507789,0.7788750000372602,nan,nan,32.684144532348355,0.8933411543765782,0.9611600643864598,0.984553969280069,0.9976135271561872,Pillow wall time including file I/O
chat_preview,ui_text,meme_card,1200,800,512,341,JPEG,"seq444,q=21",5014,0.22974706744868034,0.8713749999742504,0.38949999998294516,nan,nan,34.41731063280137,0.9146488363656013,0.9724693568362265,0.9849794735374063,0.9985958579601163,Pillow wall time including file I/O
chat_preview,ui_text,meme_card,1200,800,512,341,JPEG,"prog444,q=21",5015,0.22979288856304986,1.2857909999866024,0.9667079999644557,nan,nan,34.41731063280137,0.9146488363656013,0.9724693568362265,0.9849794735374063,0.9985958579601163,Pillow wall time including file I/O
chat_preview,ui_text,meme_card,1200,800,512,341,JPEG,"seq420,q=22",3892,0.17833577712609971,0.62920799996391,0.4828749999887805,nan,nan,32.90803032380421,0.8987273021546014,0.9637201227859586,0.9851146689984184,0.9977550082353708,Pillow wall time including file I/O
chat_preview,ui_text,meme_card,1200,800,512,341,JPEG,"prog420,q=22",4035,0.1848881964809384,0.8903750000399668,0.7394579999981943,nan,nan,32.90803032380421,0.8987273021546014,0.9637201227859586,0.9851146689984184,0.9977550082353708,Pillow wall time including file I/O
chat_preview,ui_text,meme_card,1200,800,512,341,JPEG,"seq444,q=22",5074,0.23249633431085043,0.8873340000263852,0.39016699997773685,nan,nan,34.52648741125504,0.9158903131918006,0.9730509655594416,0.9859805444800395,0.998623931843846,Pillow wall time including file I/O
chat_preview,ui_text,meme_card,1200,800,512,341,JPEG,"prog444,q=22",5057,0.23171737536656892,1.2898749999976644,0.8324589999801901,nan,nan,34.52648741125504,0.9158903131918006,0.9730509655594416,0.9859805444800395,0.998623931843846,Pillow wall time including file I/O
chat_preview,ui_text,meme_card,1200,800,512,341,JPEG,"seq420,q=23",3957,0.1813141495601173,0.5906670000968006,0.3332080000291171,nan,nan,33.1786682810674,0.9039714314816815,0.9658207491466314,0.9858577056956128,0.9979043996566567,Pillow wall time including file I/O
chat_preview,ui_text,meme_card,1200,800,512,341,JPEG,"prog420,q=23",4098,0.187774926686217,0.9383750000324653,0.7751250000183063,nan,nan,33.1786682810674,0.9039714314816815,0.9658207491466314,0.9858577056956128,0.9979043996566567,Pillow wall time including file I/O
chat_preview,ui_text,meme_card,1200,800,512,341,JPEG,"seq444,q=23",5176,0.2371700879765396,0.8897079999314883,0.4996249999749125,nan,nan,34.763264777702084,0.918643708594165,0.974355280648528,0.9865229250766243,0.9987023655138456,Pillow wall time including file I/O
chat_preview,ui_text,meme_card,1200,800,512,341,JPEG,"prog444,q=23",5138,0.23542888563049855,1.302957999996579,0.9685840000202006,nan,nan,34.763264777702084,0.918643708594165,0.974355280648528,0.9865229250766243,0.9987023655138456,Pillow wall time including file I/O
chat_preview,ui_text,meme_card,1200,800,512,341,JPEG,"seq420,q=24",4050,0.18557551319648094,0.591666999980589,0.4741249999824504,nan,nan,33.40191634498864,0.9064116585500619,0.9675229393956615,0.9864634149512471,0.9979966251560801,Pillow wall time including file I/O
chat_preview,ui_text,meme_card,1200,800,512,341,JPEG,"prog420,q=24",4196,0.19226539589442815,0.9264999999913925,0.7384169999795631,nan,nan,33.40191634498864,0.9064116585500619,0.9675229393956615,0.9864634149512471,0.9979966251560801,Pillow wall time including file I/O
chat_preview,ui_text,meme_card,1200,800,512,341,JPEG,"seq444,q=24",5272,0.24156891495601174,0.9125829999447888,0.5448750000596192,nan,nan,34.928522137619545,0.9198892482095177,0.9756670841872205,0.9872811602415368,0.9987213225770079,Pillow wall time including file I/O
chat_preview,ui_text,meme_card,1200,800,512,341,JPEG,"prog444,q=24",5225,0.23941532258064516,1.2824159999809126,0.9814160000587435,nan,nan,34.928522137619545,0.9198892482095177,0.9756670841872205,0.9872811602415368,0.9987213225770079,Pillow wall time including file I/O
chat_preview,ui_text,meme_card,1200,800,512,341,JPEG,"seq420,q=25",4096,0.187683284457478,0.6267500000376458,0.48937500002921297,nan,nan,33.661342021482504,0.9101675253144309,0.9691425100000678,0.9877617526567649,0.9981536887724263,Pillow wall time including file I/O
chat_preview,ui_text,meme_card,1200,800,512,341,JPEG,"prog420,q=25",4247,0.19460227272727273,1.2893329999315029,0.7582089999687014,nan,nan,33.661342021482504,0.9101675253144309,0.9691425100000678,0.9877617526567649,0.9981536887724263,Pillow wall time including file I/O
chat_preview,ui_text,meme_card,1200,800,512,341,JPEG,"seq444,q=25",5343,0.24482221407624633,0.9214579999934358,0.5162080000218339,nan,nan,35.167126312605795,0.9234189011910129,0.9770123970175163,0.9883740879258608,0.9988228087066645,Pillow wall time including file I/O
chat_preview,ui_text,meme_card,1200,800,512,341,JPEG,"prog444,q=25",5290,0.24239369501466276,1.325749999978143,0.841000000036729,nan,nan,35.167126312605795,0.9234189011910129,0.9770123970175163,0.9883740879258608,0.9988228087066645,Pillow wall time including file I/O
chat_preview,ui_text,meme_card,1200,800,512,341,JPEG,"seq420,q=26",4146,0.18997434017595308,0.6171249999624706,0.3334580000000642,nan,nan,33.83563003393783,0.9140835668504829,0.9705030411486342,0.9879613032366367,0.9982421199128378,Pillow wall time including file I/O
chat_preview,ui_text,meme_card,1200,800,512,341,JPEG,"prog420,q=26",4307,0.19735153958944282,0.8869999999205902,0.6166250000205764,nan,nan,33.83563003393783,0.9140835668504829,0.9705030411486342,0.9879613032366367,0.9982421199128378,Pillow wall time including file I/O
chat_preview,ui_text,meme_card,1200,800,512,341,JPEG,"seq444,q=26",5412,0.24798387096774194,0.8382910000364063,0.36941700000170385,nan,nan,35.330596016811626,0.9254375929984008,0.9777990817841244,0.9887474622560135,0.9988679514077461,Pillow wall time including file I/O
chat_preview,ui_text,meme_card,1200,800,512,341,JPEG,"prog444,q=26",5358,0.24550953079178886,1.3240419999647202,0.8558329999459602,nan,nan,35.330596016811626,0.9254375929984008,0.9777990817841244,0.9887474622560135,0.9988679514077461,Pillow wall time including file I/O
chat_preview,ui_text,meme_card,1200,800,512,341,JPEG,"seq420,q=27",4224,0.1935483870967742,0.7352079999236594,0.4430000000184009,nan,nan,34.09524692676558,0.9185719914336529,0.9723674725275826,0.9884939099391061,0.9983621198944649,Pillow wall time including file I/O
chat_preview,ui_text,meme_card,1200,800,512,341,JPEG,"prog420,q=27",4352,0.19941348973607037,0.9252920000335507,0.6202079999866328,nan,nan,34.09524692676558,0.9185719914336529,0.9723674725275826,0.9884939099391061,0.9983621198944649,Pillow wall time including file I/O
chat_preview,ui_text,meme_card,1200,800,512,341,JPEG,"seq444,q=27",5571,0.25526942815249265,0.9044170000152008,0.3805830000374044,nan,nan,35.489102797413146,0.9279240168330647,0.9788230337869083,0.9893069881797049,0.9989160130448336,Pillow wall time including file I/O
chat_preview,ui_text,meme_card,1200,800,512,341,JPEG,"prog444,q=27",5548,0.25421554252199413,1.3763749999498032,0.8760839999695236,nan,nan,35.489102797413146,0.9279240168330647,0.9788230337869083,0.9893069881797049,0.9989160130448336,Pillow wall time including file I/O
chat_preview,ui_text,meme_card,1200,800,512,341,JPEG,"seq420,q=28",4272,0.19574780058651026,0.6050829999821872,0.3453340000305616,nan,nan,34.24018018590517,0.9204191504268578,0.9732729367030143,0.9893484623577437,0.9984383202211226,Pillow wall time including file I/O
chat_preview,ui_text,meme_card,1200,800,512,341,JPEG,"prog420,q=28",4379,0.20065065982404692,0.9376250000059372,0.6265419999635924,nan,nan,34.24018018590517,0.9204191504268578,0.9732729367030143,0.9893484623577437,0.9984383202211226,Pillow wall time including file I/O
chat_preview,ui_text,meme_card,1200,800,512,341,JPEG,"seq444,q=28",5688,0.26063049853372433,0.9013750000121945,0.3949590000047465,nan,nan,35.59212096116288,0.9304692071350558,0.9797375315081247,0.990164419224617,0.998949701443884,Pillow wall time including file I/O
chat_preview,ui_text,meme_card,1200,800,512,341,JPEG,"prog444,q=28",5641,0.2584769061583578,1.2955830000009882,0.8288749999110223,nan,nan,35.59212096116288,0.9304692071350558,0.9797375315081247,0.990164419224617,0.998949701443884,Pillow wall time including file I/O
chat_preview,ui_text,meme_card,1200,800,512,341,JPEG,"seq420,q=29",4339,0.19881781524926687,0.5952079999360649,0.3331670000079612,nan,nan,34.41539006127537,0.9221670092776367,0.9744730122080331,0.989390856731734,0.9985049865139185,Pillow wall time including file I/O
chat_preview,ui_text,meme_card,1200,800,512,341,JPEG,"prog420,q=29",4429,0.202941715542522,0.9098750000475775,0.6038340000031894,nan,nan,34.41539006127537,0.9221670092776367,0.9744730122080331,0.989390856731734,0.9985049865139185,Pillow wall time including file I/O
chat_preview,ui_text,meme_card,1200,800,512,341,JPEG,"seq444,q=29",5814,0.26640395894428154,0.845125000068947,0.382416999968882,nan,nan,35.78730592390857,0.931005420969839,0.9803693100372689,0.9901581110263293,0.9989916286459913,Pillow wall time including file I/O
chat_preview,ui_text,meme_card,1200,800,512,341,JPEG,"prog444,q=29",5758,0.26383797653958946,1.2676669999791557,0.8411659999865151,nan,nan,35.78730592390857,0.931005420969839,0.9803693100372689,0.9901581110263293,0.9989916286459913,Pillow wall time including file I/O
chat_preview,ui_text,meme_card,1200,800,512,341,JPEG,"seq420,q=30",4388,0.20106304985337242,0.7125829999949929,0.32754199992268695,nan,nan,34.44634867134592,0.9231296208207955,0.9750688820183449,0.9895284799956572,0.9984956812364026,Pillow wall time including file I/O
chat_preview,ui_text,meme_card,1200,800,512,341,JPEG,"prog420,q=30",4469,0.20477456011730205,0.9230420000676531,0.622958999997536,nan,nan,34.44634867134592,0.9231296208207955,0.9750688820183449,0.9895284799956572,0.9984956812364026,Pillow wall time including file I/O
chat_preview,ui_text,meme_card,1200,800,512,341,JPEG,"seq444,q=30",5945,0.2724065249266862,0.8576249999805441,0.37091600006533554,nan,nan,35.830103360736125,0.9314427557438227,0.9808401236831296,0.9902595611488563,0.9989826554426829,Pillow wall time including file I/O
chat_preview,ui_text,meme_card,1200,800,512,341,JPEG,"prog444,q=30",5870,0.2689699413489736,1.2703749999900538,0.8327079999617126,nan,nan,35.830103360736125,0.9314427557438227,0.9808401236831296,0.9902595611488563,0.9989826554426829,Pillow wall time including file I/O
chat_preview,ui_text,meme_card,1200,800,512,341,JPEG,"seq420,q=31",4441,0.203491568914956,0.5820000000085201,0.3327090000766475,nan,nan,34.69810238294065,0.9269567852212847,0.9762210979648619,0.9903958392906583,0.9986150578827312,Pillow wall time including file I/O
chat_preview,ui_text,meme_card,1200,800,512,341,JPEG,"prog420,q=31",4512,0.20674486803519063,0.9126250000690561,0.6307920000381273,nan,nan,34.69810238294065,0.9269567852212847,0.9762210979648619,0.9903958392906583,0.9986150578827312,Pillow wall time including file I/O
chat_preview,ui_text,meme_card,1200,800,512,341,JPEG,"seq444,q=31",6072,0.2782258064516129,0.8635000000367654,0.3792909999447147,nan,nan,36.0980549285018,0.9351612268108774,0.9815572782385197,0.9910205984339464,0.9990674644604957,Pillow wall time including file I/O
chat_preview,ui_text,meme_card,1200,800,512,341,JPEG,"prog444,q=31",6010,0.2753848973607038,1.288083999952505,1.065749999952459,nan,nan,36.0980549285018,0.9351612268108774,0.9815572782385197,0.9910205984339464,0.9990674644604957,Pillow wall time including file I/O
chat_preview,ui_text,meme_card,1200,800,512,341,JPEG,"seq420,q=32",4487,0.20559934017595308,0.6011669998997604,0.3568340000583703,nan,nan,34.7862705500722,0.9291289743256788,0.9769680615924345,0.9909317389473806,0.9986383730819948,Pillow wall time including file I/O
chat_preview,ui_text,meme_card,1200,800,512,341,JPEG,"prog420,q=32",4556,0.2087609970674487,0.9074579999150956,0.6288749999612264,nan,nan,34.7862705500722,0.9291289743256788,0.9769680615924345,0.9909317389473806,0.9986383730819948,Pillow wall time including file I/O
chat_preview,ui_text,meme_card,1200,800,512,341,JPEG,"seq444,q=32",6155,0.28202895894428154,0.9276250000311848,0.3887079999458365,nan,nan,36.259427519922845,0.936962019966948,0.9821606201963013,0.9914942997208155,0.9990922917110325,Pillow wall time including file I/O
chat_preview,ui_text,meme_card,1200,800,512,341,JPEG,"prog444,q=32",6068,0.2780425219941349,1.346415999933015,0.8397919999652004,nan,nan,36.259427519922845,0.936962019966948,0.9821606201963013,0.9914942997208155,0.9990922917110325,Pillow wall time including file I/O
chat_preview,ui_text,meme_card,1200,800,512,341,JPEG,"seq420,q=33",4551,0.20853189149560117,0.5609169999161168,0.3271250000125292,nan,nan,34.97075456406159,0.9314540866597799,0.9781636266866683,0.9913862168642125,0.9987296061998876,Pillow wall time including file I/O
chat_preview,ui_text,meme_card,1200,800,512,341,JPEG,"prog420,q=33",4601,0.21082294721407624,0.9384170000430458,0.67108299992924,nan,nan,34.97075456406159,0.9314540866597799,0.9781636266866683,0.9913862168642125,0.9987296061998876,Pillow wall time including file I/O
chat_preview,ui_text,meme_card,1200,800,512,341,JPEG,"seq444,q=33",6269,0.2872525659824047,0.8711670000138838,0.3970829999389025,nan,nan,36.43093464724749,0.9395591423851554,0.9831950907465021,0.9920268214391159,0.9991535354947271,Pillow wall time including file I/O
chat_preview,ui_text,meme_card,1200,800,512,341,JPEG,"prog444,q=33",6159,0.28221224340175954,1.3098340000397002,0.878666000062367,nan,nan,36.43093464724749,0.9395591423851554,0.9831950907465021,0.9920268214391159,0.9991535354947271,Pillow wall time including file I/O
chat_preview,ui_text,meme_card,1200,800,512,341,JPEG,"seq420,q=34",4598,0.21068548387096775,0.5869169999641599,0.3402500000220243,nan,nan,35.057799672534394,0.9329923800426202,0.9789185532069117,0.9914994457041777,0.9987593078881122,Pillow wall time including file I/O
chat_preview,ui_text,meme_card,1200,800,512,341,JPEG,"prog420,q=34",4652,0.21315982404692083,0.9103329999788912,0.6499999999505235,nan,nan,35.057799672534394,0.9329923800426202,0.9789185532069117,0.9914994457041777,0.9987593078881122,Pillow wall time including file I/O
chat_preview,ui_text,meme_card,1200,800,512,341,JPEG,"seq444,q=34",6403,0.2933925953079179,0.8820420000574813,0.3886670000383674,nan,nan,36.573230358418655,0.941486753399334,0.9839346502809084,0.9920208401082975,0.9991872452457605,Pillow wall time including file I/O
chat_preview,ui_text,meme_card,1200,800,512,341,JPEG,"prog444,q=34",6317,0.28945197947214074,1.3102919999710139,0.8504590000484313,nan,nan,36.573230358418655,0.941486753399334,0.9839346502809084,0.9920208401082975,0.9991872452457605,Pillow wall time including file I/O
chat_preview,ui_text,meme_card,1200,800,512,341,JPEG,"seq420,q=35",4664,0.21370967741935484,0.6386669999756123,0.38787500000125874,nan,nan,35.118533184108195,0.9340581077461537,0.9794380902801016,0.9915381937751634,0.9987726711696066,Pillow wall time including file I/O
chat_preview,ui_text,meme_card,1200,800,512,341,JPEG,"prog420,q=35",4730,0.21673387096774194,0.899375000017244,0.6257499999264837,nan,nan,35.118533184108195,0.9340581077461537,0.9794380902801016,0.9915381937751634,0.9987726711696066,Pillow wall time including file I/O
chat_preview,ui_text,meme_card,1200,800,512,341,JPEG,"seq444,q=35",6497,0.29769978005865105,0.8638750000500295,0.3789170000345621,nan,nan,36.646320869469314,0.9425645560873428,0.9845351586760765,0.9922512503467131,0.9992006462113565,Pillow wall time including file I/O
chat_preview,ui_text,meme_card,1200,800,512,341,JPEG,"prog444,q=35",6411,0.2937591642228739,1.3348330001008435,0.8730409999770927,nan,nan,36.646320869469314,0.9425645560873428,0.9845351586760765,0.9922512503467131,0.9992006462113565,Pillow wall time including file I/O
chat_preview,ui_text,meme_card,1200,800,512,341,JPEG,"seq420,q=36",4751,0.21769611436950145,0.5802499999845168,0.32966700007364125,nan,nan,35.20204367658762,0.93534666089584,0.9798780527465882,0.9918325296980997,0.9988235162183418,Pillow wall time including file I/O
chat_preview,ui_text,meme_card,1200,800,512,341,JPEG,"prog420,q=36",4796,0.21975806451612903,0.8960419999084479,0.6386669999756123,nan,nan,35.20204367658762,0.93534666089584,0.9798780527465882,0.9918325296980997,0.9988235162183418,Pillow wall time including file I/O
chat_preview,ui_text,meme_card,1200,800,512,341,JPEG,"seq444,q=36",6677,0.3059475806451613,0.9008340000491444,0.3963749999229549,nan,nan,36.83010591380689,0.9451248681426067,0.985166731486629,0.992425654695908,0.9992511518728063,Pillow wall time including file I/O
chat_preview,ui_text,meme_card,1200,800,512,341,JPEG,"prog444,q=36",6568,0.30095307917888564,1.3457080000307542,0.8705420000296726,nan,nan,36.83010591380689,0.9451248681426067,0.985166731486629,0.992425654695908,0.9992511518728063,Pillow wall time including file I/O
chat_preview,ui_text,meme_card,1200,800,512,341,JPEG,"seq420,q=37",4823,0.22099523460410558,0.5874999999377906,0.3372910000507545,nan,nan,35.181860106313835,0.9361147694903317,0.9800550726508047,0.991992408061863,0.9988257239341114,Pillow wall time including file I/O
chat_preview,ui_text,meme_card,1200,800,512,341,JPEG,"prog420,q=37",4886,0.22388196480938416,0.9326670000291415,0.6267500000376458,nan,nan,35.181860106313835,0.9361147694903317,0.9800550726508047,0.991992408061863,0.9988257239341114,Pillow wall time including file I/O
chat_preview,ui_text,meme_card,1200,800,512,341,JPEG,"seq444,q=37",6835,0.3131873167155425,0.8789579999302077,0.3852500000220971,nan,nan,36.93504843192286,0.9463402020201284,0.9853015239884332,0.9924080549243568,0.999274767180386,Pillow wall time including file I/O
chat_preview,ui_text,meme_card,1200,800,512,341,JPEG,"prog444,q=37",6737,0.3086968475073314,1.3366250000217406,0.8461669999633159,nan,nan,36.93504843192286,0.9463402020201284,0.9853015239884332,0.9924080549243568,0.999274767180386,Pillow wall time including file I/O
chat_preview,ui_text,meme_card,1200,800,512,341,JPEG,"seq420,q=38",4890,0.22406524926686217,0.6006250000609725,0.331916999925852,nan,nan,35.294749194799664,0.9376703084718189,0.980517393744554,0.9924508994737283,0.9988574853006754,Pillow wall time including file I/O
chat_preview,ui_text,meme_card,1200,800,512,341,JPEG,"prog420,q=38",4939,0.22631048387096775,0.9300000000393993,0.6251250000559594,nan,nan,35.294749194799664,0.9376703084718189,0.980517393744554,0.9924508994737283,0.9988574853006754,Pillow wall time including file I/O
chat_preview,ui_text,meme_card,1200,800,512,341,JPEG,"seq444,q=38",6926,0.3173570381231672,0.9026669999911974,0.38504199994804367,nan,nan,37.04886282747797,0.947807389048806,0.9858471012095572,0.9928293049997661,0.9992995170147732,Pillow wall time including file I/O
chat_preview,ui_text,meme_card,1200,800,512,341,JPEG,"prog444,q=38",6809,0.3119959677419355,1.3450409999222757,0.8413330000394126,nan,nan,37.04886282747797,0.947807389048806,0.9858471012095572,0.9928293049997661,0.9992995170147732,Pillow wall time including file I/O
chat_preview,ui_text,meme_card,1200,800,512,341,JPEG,"seq420,q=39",5039,0.2308925953079179,0.5934170000045924,0.3337499999815918,nan,nan,35.2697627042829,0.9384606500447238,0.9807411564876202,0.9928707034696078,0.9988493324904762,Pillow wall time including file I/O
chat_preview,ui_text,meme_card,1200,800,512,341,JPEG,"prog420,q=39",5140,0.23552052785923755,0.9263749999490756,0.631624999982705,nan,nan,35.2697627042829,0.9384606500447238,0.9807411564876202,0.9928707034696078,0.9988493324904762,Pillow wall time including file I/O
chat_preview,ui_text,meme_card,1200,800,512,341,JPEG,"seq444,q=39",7131,0.32675036656891493,0.8961659999613403,0.382542000011199,nan,nan,37.10274357910683,0.9488891375496383,0.9860871128196501,0.9930249155157941,0.9993064603976756,Pillow wall time including file I/O
chat_preview,ui_text,meme_card,1200,800,512,341,JPEG,"prog444,q=39",7047,0.3229013929618768,1.3278339999942546,0.8355829999118214,nan,nan,37.10274357910683,0.9488891375496383,0.9860871128196501,0.9930249155157941,0.9993064603976756,Pillow wall time including file I/O
chat_preview,ui_text,meme_card,1200,800,512,341,JPEG,"seq420,q=40",5068,0.23222140762463342,0.5847500000299988,0.3389579999293346,nan,nan,35.325283297537375,0.9390462927150184,0.981085766608692,0.9927885033258105,0.9988661940373454,Pillow wall time including file I/O
chat_preview,ui_text,meme_card,1200,800,512,341,JPEG,"prog420,q=40",5170,0.2368951612903226,0.93058300001303,0.6312090000619719,nan,nan,35.325283297537375,0.9390462927150184,0.981085766608692,0.9927885033258105,0.9988661940373454,Pillow wall time including file I/O
chat_preview,ui_text,meme_card,1200,800,512,341,JPEG,"seq444,q=40",7197,0.32977456011730205,0.8945829999902344,0.3929580000203714,nan,nan,37.17251126132055,0.9494946040988067,0.9863707217510095,0.9930368773079143,0.9993197208020276,Pillow wall time including file I/O
chat_preview,ui_text,meme_card,1200,800,512,341,JPEG,"prog444,q=40",7092,0.3249633431085044,1.3392500000009022,0.8665420000397717,nan,nan,37.17251126132055,0.9494946040988067,0.9863707217510095,0.9930368773079143,0.9993197208020276,Pillow wall time including file I/O
chat_preview,ui_text,meme_card,1200,800,512,341,JPEG,"seq420,q=41",5198,0.23817815249266863,0.6056250000483487,0.34866700002567086,nan,nan,35.363545953051535,0.9403356438550644,0.9812701863892282,0.9928896164628387,0.9988832071273299,Pillow wall time including file I/O
chat_preview,ui_text,meme_card,1200,800,512,341,JPEG,"prog420,q=41",5339,0.24463892961876832,0.9205420000171216,0.6243750000294312,nan,nan,35.363545953051535,0.9403356438550644,0.9812701863892282,0.9928896164628387,0.9988832071273299,Pillow wall time including file I/O
chat_preview,ui_text,meme_card,1200,800,512,341,JPEG,"seq444,q=41",7351,0.3368310117302053,0.8927080000376009,0.3875419999985752,nan,nan,37.330726756488545,0.950736437000546,0.9868041076520336,0.9934075275549091,0.999349654704295,Pillow wall time including file I/O
chat_preview,ui_text,meme_card,1200,800,512,341,JPEG,"prog444,q=41",7244,0.3319281524926686,1.350874999957341,0.853249999977379,nan,nan,37.330726756488545,0.950736437000546,0.9868041076520336,0.9934075275549091,0.999349654704295,Pillow wall time including file I/O
chat_preview,ui_text,meme_card,1200,800,512,341,JPEG,"seq420,q=42",5401,0.2474798387096774,0.6142920000229424,0.35041600006024964,nan,nan,35.434848026551094,0.9410062091457249,0.9816561387497007,0.9931018531801432,0.9989065307903353,Pillow wall time including file I/O
chat_preview,ui_text,meme_card,1200,800,512,341,JPEG,"prog420,q=42",5574,0.2554068914956012,0.9376660000270931,0.6165000000919463,nan,nan,35.434848026551094,0.9410062091457249,0.9816561387497007,0.9931018531801432,0.9989065307903353,Pillow wall time including file I/O
chat_preview,ui_text,meme_card,1200,800,512,341,JPEG,"seq444,q=42",7596,0.34805718475073316,0.9141660000295815,0.3931250000732689,nan,nan,37.416680529651465,0.9520100112032325,0.987430875523749,0.9937368912393145,0.9993747357381846,Pillow wall time including file I/O
chat_preview,ui_text,meme_card,1200,800,512,341,JPEG,"prog444,q=42",7488,0.34310850439882695,1.3545409999551339,0.848874999974214,nan,nan,37.416680529651465,0.9520100112032325,0.987430875523749,0.9937368912393145,0.9993747357381846,Pillow wall time including file I/O
chat_preview,ui_text,meme_card,1200,800,512,341,JPEG,"seq420,q=43",5458,0.25009164222873903,0.642208000044775,0.35020799998619623,nan,nan,35.47869468297349,0.9414157992748983,0.9817301254912879,0.9931614363883665,0.9989183359408969,Pillow wall time including file I/O
chat_preview,ui_text,meme_card,1200,800,512,341,JPEG,"prog420,q=43",5622,0.25760630498533726,0.9103749999894717,0.6138329999885173,nan,nan,35.47869468297349,0.9414157992748983,0.9817301254912879,0.9931614363883665,0.9989183359408969,Pillow wall time including file I/O
chat_preview,ui_text,meme_card,1200,800,512,341,JPEG,"seq444,q=43",7669,0.3514021260997067,0.885999999923115,0.3875000001016815,nan,nan,37.48402599597304,0.9523814157470643,0.98748224271807,0.9937825346464849,0.9993800727162387,Pillow wall time including file I/O
chat_preview,ui_text,meme_card,1200,800,512,341,JPEG,"prog444,q=43",7539,0.34544538123167157,4.30579100009254,0.8596659999966505,nan,nan,37.48402599597304,0.9523814157470643,0.98748224271807,0.9937825346464849,0.9993800727162387,Pillow wall time including file I/O
chat_preview,ui_text,meme_card,1200,800,512,341,JPEG,"seq420,q=44",5597,0.2564607771260997,0.6174159999545736,0.3337089999604359,nan,nan,35.66395476978536,0.9428226905386493,0.9827817881614928,0.9937005636093101,0.9989636150165166,Pillow wall time including file I/O
chat_preview,ui_text,meme_card,1200,800,512,341,JPEG,"prog420,q=44",5746,0.26328812316715544,0.9243329999435446,0.6237919999421138,nan,nan,35.66395476978536,0.9428226905386493,0.9827817881614928,0.9937005636093101,0.9989636150165166,Pillow wall time including file I/O
chat_preview,ui_text,meme_card,1200,800,512,341,JPEG,"seq444,q=44",7838,0.3591458944281525,0.894749999929445,0.37295900006029115,nan,nan,37.70306983445403,0.9538788119393057,0.9879774721708107,0.9940203776347007,0.9994084099332013,Pillow wall time including file I/O
chat_preview,ui_text,meme_card,1200,800,512,341,JPEG,"prog444,q=44",7677,0.35176869501466274,1.406957999961378,0.8914589999449163,nan,nan,37.70306983445403,0.9538788119393057,0.9879774721708107,0.9940203776347007,0.9994084099332013,Pillow wall time including file I/O
chat_preview,ui_text,meme_card,1200,800,512,341,JPEG,"seq420,q=45",5683,0.2604013929618768,0.6230000000186919,0.35320799997862196,nan,nan,35.702022037967495,0.9435507494841217,0.9829844963488737,0.9939398987981447,0.9989718080647109,Pillow wall time including file I/O
chat_preview,ui_text,meme_card,1200,800,512,341,JPEG,"prog420,q=45",5840,0.26759530791788855,0.9815419999767983,0.6595830000151182,nan,nan,35.702022037967495,0.9435507494841217,0.9829844963488737,0.9939398987981447,0.9989718080647109,Pillow wall time including file I/O
chat_preview,ui_text,meme_card,1200,800,512,341,JPEG,"seq444,q=45",7917,0.36276576246334313,0.9238330000016504,0.3859999999349384,nan,nan,37.77886948101188,0.954530326816364,0.9881191138310048,0.9942472248871977,0.9994198463587156,Pillow wall time including file I/O
chat_preview,ui_text,meme_card,1200,800,512,341,JPEG,"prog444,q=45",7769,0.35598423753665687,1.4041250000218497,0.8519579999983762,nan,nan,37.77886948101188,0.954530326816364,0.9881191138310048,0.9942472248871977,0.9994198463587156,Pillow wall time including file I/O
chat_preview,ui_text,meme_card,1200,800,512,341,JPEG,"seq420,q=46",5850,0.2680535190615836,0.6221669999604273,0.3664170000092781,nan,nan,35.86540080591377,0.9451912687200904,0.9839506414401358,0.9942787857336624,0.9990284475881821,Pillow wall time including file I/O
chat_preview,ui_text,meme_card,1200,800,512,341,JPEG,"prog420,q=46",5999,0.2748808651026393,0.9747079999442576,0.6639169999971273,nan,nan,35.86540080591377,0.9451912687200904,0.9839506414401358,0.9942787857336624,0.9990284475881821,Pillow wall time including file I/O
chat_preview,ui_text,meme_card,1200,800,512,341,JPEG,"seq444,q=46",8115,0.3718383431085044,0.9259999999358115,0.4030830000374408,nan,nan,38.04917360503857,0.9573818407007662,0.9889588107172038,0.9946473829126891,0.9994725577622481,Pillow wall time including file I/O
chat_preview,ui_text,meme_card,1200,800,512,341,JPEG,"prog444,q=46",7947,0.36414039589442815,1.3879580000093483,0.874415999987832,nan,nan,38.04917360503857,0.9573818407007662,0.9889588107172038,0.9946473829126891,0.9994725577622481,Pillow wall time including file I/O
chat_preview,ui_text,meme_card,1200,800,512,341,JPEG,"seq420,q=47",5862,0.2686033724340176,0.6043330000693459,0.35249999996267434,nan,nan,35.886426112757285,0.9454693176993239,0.9839839401829423,0.9943271383781875,0.9990327951783804,Pillow wall time including file I/O
chat_preview,ui_text,meme_card,1200,800,512,341,JPEG,"prog420,q=47",6024,0.2760263929618768,0.9885409999697004,0.654542000006586,nan,nan,35.886426112757285,0.9454693176993239,0.9839839401829423,0.9943271383781875,0.9990327951783804,Pillow wall time including file I/O
chat_preview,ui_text,meme_card,1200,800,512,341,JPEG,"seq444,q=47",8136,0.37280058651026393,0.9301249999680294,0.4182499999387801,nan,nan,38.109418396708065,0.9577840095486416,0.9889791013333826,0.9946835837769978,0.9994785701128771,Pillow wall time including file I/O
chat_preview,ui_text,meme_card,1200,800,512,341,JPEG,"prog444,q=47",7967,0.3650568181818182,1.377958000034596,0.8715000000165674,nan,nan,38.109418396708065,0.9577840095486416,0.9889791013333826,0.9946835837769978,0.9994785701128771,Pillow wall time including file I/O
chat_preview,ui_text,meme_card,1200,800,512,341,JPEG,"seq420,q=48",6027,0.27616385630498536,0.6614999999783322,0.3595839999661621,nan,nan,35.95508835962796,0.9462990589077022,0.9842070127449162,0.9945366131011127,0.999048736862985,Pillow wall time including file I/O
chat_preview,ui_text,meme_card,1200,800,512,341,JPEG,"prog420,q=48",6157,0.2821206011730205,0.9899169999698643,0.7665419999511869,nan,nan,35.95508835962796,0.9462990589077022,0.9842070127449162,0.9945366131011127,0.999048736862985,Pillow wall time including file I/O
chat_preview,ui_text,meme_card,1200,800,512,341,JPEG,"seq444,q=48",8288,0.37976539589442815,0.9154170001011153,0.5269999999200081,nan,nan,38.19411320680593,0.9583743977801488,0.9891618233939475,0.9949032764070951,0.9994880830988913,Pillow wall time including file I/O
chat_preview,ui_text,meme_card,1200,800,512,341,JPEG,"prog444,q=48",8098,0.37105938416422285,1.3873329999114503,0.9895000000597065,nan,nan,38.19411320680593,0.9583743977801488,0.9891618233939475,0.9949032764070951,0.9994880830988913,Pillow wall time including file I/O
chat_preview,ui_text,meme_card,1200,800,512,341,JPEG,"seq420,q=49",6146,0.281616568914956,0.6339999999909196,0.35479199993915245,nan,nan,36.06379989490211,0.9482968193185842,0.9854327515668334,0.9951452764915737,0.9990858320048799,Pillow wall time including file I/O
chat_preview,ui_text,meme_card,1200,800,512,341,JPEG,"prog420,q=49",6260,0.2868401759530792,1.0086670000646336,0.7507499999519496,nan,nan,36.06379989490211,0.9482968193185842,0.9854327515668334,0.9951452764915737,0.9990858320048799,Pillow wall time including file I/O
chat_preview,ui_text,meme_card,1200,800,512,341,JPEG,"seq444,q=49",8459,0.3876008064516129,0.905417000012676,0.5042499999490246,nan,nan,38.34906623745465,0.9604525390873916,0.9900389606339018,0.9955155453436855,0.9995117229293723,Pillow wall time including file I/O
chat_preview,ui_text,meme_card,1200,800,512,341,JPEG,"prog444,q=49",8237,0.3774285190615836,1.401165999936893,0.9948330000497663,nan,nan,38.34906623745465,0.9604525390873916,0.9900389606339018,0.9955155453436855,0.9995117229293723,Pillow wall time including file I/O
chat_preview,ui_text,meme_card,1200,800,512,341,JPEG,"seq420,q=50",6168,0.28262463343108507,0.6127919999698861,0.35341700004209997,nan,nan,36.08530049781206,0.9485474637601511,0.9854597465965789,0.9951450061773492,0.999089321413399,Pillow wall time including file I/O
chat_preview,ui_text,meme_card,1200,800,512,341,JPEG,"prog420,q=50",6275,0.2875274926686217,0.9828339999558011,0.6419169999389851,nan,nan,36.08530049781206,0.9485474637601511,0.9854597465965789,0.9951450061773492,0.999089321413399,Pillow wall time including file I/O
chat_preview,ui_text,meme_card,1200,800,512,341,JPEG,"seq444,q=50",8472,0.3881964809384164,0.896832999956132,0.3870830000778369,nan,nan,38.38648573864633,0.9606340347590326,0.9900434771174659,0.9955169830126318,0.9995140613239666,Pillow wall time including file I/O
chat_preview,ui_text,meme_card,1200,800,512,341,JPEG,"prog444,q=50",8249,0.3779783724340176,1.386292000006506,0.8532500000910659,nan,nan,38.38648573864633,0.9606340347590326,0.9900434771174659,0.9955169830126318,0.9995140613239666,Pillow wall time including file I/O
chat_preview,ui_text,meme_card,1200,800,512,341,JPEG,"seq420,q=51",6180,0.2831744868035191,0.6220829999392663,0.3503330000285132,nan,nan,36.106255153090125,0.9483233379274338,0.9854197722766699,0.9951360600374773,0.9990950152038988,Pillow wall time including file I/O
chat_preview,ui_text,meme_card,1200,800,512,341,JPEG,"prog420,q=51",6288,0.28812316715542524,1.4562920000571467,0.6822079999437847,nan,nan,36.106255153090125,0.9483233379274338,0.9854197722766699,0.9951360600374773,0.9990950152038988,Pillow wall time including file I/O
chat_preview,ui_text,meme_card,1200,800,512,341,JPEG,"seq444,q=51",8490,0.38902126099706746,0.9397090000220487,0.4049589999794989,nan,nan,38.423822401221244,0.9605755374341665,0.9900444035541717,0.9955096368580579,0.9995170024378669,Pillow wall time including file I/O
chat_preview,ui_text,meme_card,1200,800,512,341,JPEG,"prog444,q=51",8265,0.37871151026392963,1.4442090000557073,0.889167000082125,nan,nan,38.423822401221244,0.9605755374341665,0.9900444035541717,0.9955096368580579,0.9995170024378669,Pillow wall time including file I/O
chat_preview,ui_text,meme_card,1200,800,512,341,JPEG,"seq420,q=52",6318,0.28949780058651026,0.606083999969087,0.34395800003039767,nan,nan,36.175995150202105,0.949496730240187,0.9859908012239798,0.9951540410884412,0.9991116288494369,Pillow wall time including file I/O
chat_preview,ui_text,meme_card,1200,800,512,341,JPEG,"prog420,q=52",6433,0.2947672287390029,0.9874159999299081,0.6455420000293088,nan,nan,36.175995150202105,0.949496730240187,0.9859908012239798,0.9951540410884412,0.9991116288494369,Pillow wall time including file I/O
chat_preview,ui_text,meme_card,1200,800,512,341,JPEG,"seq444,q=52",8669,0.3972232404692082,0.9373750000349901,0.41516600003888016,nan,nan,38.61654781889983,0.9625781326825392,0.9908078067856202,0.9954680485406129,0.9995448903185009,Pillow wall time including file I/O
chat_preview,ui_text,meme_card,1200,800,512,341,JPEG,"prog444,q=52",8419,0.3857679618768328,1.4011670000400045,0.8576250000942309,nan,nan,38.61654781889983,0.9625781326825392,0.9908078067856202,0.9954680485406129,0.9995448903185009,Pillow wall time including file I/O
chat_preview,ui_text,meme_card,1200,800,512,341,JPEG,"seq420,q=53",6472,0.2965542521994135,0.6346249999751308,0.35770800002410397,nan,nan,36.23604021458087,0.9504919399376681,0.9861943180019778,0.9954393344712448,0.9991269059123445,Pillow wall time including file I/O
chat_preview,ui_text,meme_card,1200,800,512,341,JPEG,"prog420,q=53",6588,0.30186950146627567,1.0096659999589974,0.6626250000181244,nan,nan,36.23604021458087,0.9504919399376681,0.9861943180019778,0.9954393344712448,0.9991269059123445,Pillow wall time including file I/O
chat_preview,ui_text,meme_card,1200,800,512,341,JPEG,"seq444,q=53",8830,0.40460043988269795,0.9254999999939173,0.4049589999794989,nan,nan,38.697125304854104,0.9635632150358363,0.9910315574559215,0.995773782217413,0.9995536214957614,Pillow wall time including file I/O
chat_preview,ui_text,meme_card,1200,800,512,341,JPEG,"prog444,q=53",8578,0.3930535190615836,1.3780830000769129,0.8604580000337592,nan,nan,38.697125304854104,0.9635632150358363,0.9910315574559215,0.995773782217413,0.9995536214957614,Pillow wall time including file I/O
chat_preview,ui_text,meme_card,1200,800,512,341,JPEG,"seq420,q=54",6522,0.29884530791788855,0.6578750000016953,0.35287500008962525,nan,nan,36.365236946190045,0.9510470822154876,0.9862904472150893,0.9954360054410145,0.9991517340075445,Pillow wall time including file I/O
chat_preview,ui_text,meme_card,1200,800,512,341,JPEG,"prog420,q=54",6623,0.3034732404692082,0.9735829999044654,0.6549170000198501,nan,nan,36.365236946190045,0.9510470822154876,0.9862904472150893,0.9954360054410145,0.9991517340075445,Pillow wall time including file I/O
chat_preview,ui_text,meme_card,1200,800,512,341,JPEG,"seq444,q=54",8862,0.406066715542522,1.1800419999872247,0.9597089999715536,nan,nan,38.785212308689495,0.9636512462960822,0.9910451031508426,0.9957688501181101,0.9995597419880896,Pillow wall time including file I/O
chat_preview,ui_text,meme_card,1200,800,512,341,JPEG,"prog444,q=54",8614,0.39470307917888564,1.4085830000567512,0.8708750000323562,nan,nan,38.785212308689495,0.9636512462960822,0.9910451031508426,0.9957688501181101,0.9995597419880896,Pillow wall time including file I/O
chat_preview,ui_text,meme_card,1200,800,512,341,JPEG,"seq420,q=55",6616,0.3031524926686217,0.6101660000012998,0.34441699995113595,nan,nan,36.53938891859123,0.9533768984319683,0.9874239733089695,0.9955971587322099,0.9992009138521003,Pillow wall time including file I/O
chat_preview,ui_text,meme_card,1200,800,512,341,JPEG,"prog420,q=55",6729,0.3083302785923754,1.0083749999694192,0.6556249999221109,nan,nan,36.53938891859123,0.9533768984319683,0.9874239733089695,0.9955971587322099,0.9992009138521003,Pillow wall time including file I/O
chat_preview,ui_text,meme_card,1200,800,512,341,JPEG,"seq444,q=55",9054,0.41486436950146627,0.9057079998910922,0.39154099999905156,nan,nan,38.93991559463812,0.9647883423967522,0.9913003173904761,0.995962015036745,0.9995788378414868,Pillow wall time including file I/O
chat_preview,ui_text,meme_card,1200,800,512,341,JPEG,"prog444,q=55",8766,0.40166788856304986,1.427041000056306,0.8792919999223159,nan,nan,38.93991559463812,0.9647883423967522,0.9913003173904761,0.995962015036745,0.9995788378414868,Pillow wall time including file I/O
chat_preview,ui_text,meme_card,1200,800,512,341,JPEG,"seq420,q=56",6660,0.30516862170087977,0.6377919999067672,0.3663749999986976,nan,nan,36.645069797193784,0.9542171395738414,0.9875665663181463,0.9956343388290915,0.9992207281751154,Pillow wall time including file I/O
chat_preview,ui_text,meme_card,1200,800,512,341,JPEG,"prog420,q=56",6778,0.3105755131964809,1.3765829999101697,0.7329579999577618,nan,nan,36.645069797193784,0.9542171395738414,0.9875665663181463,0.9956343388290915,0.9992207281751154,Pillow wall time including file I/O
chat_preview,ui_text,meme_card,1200,800,512,341,JPEG,"seq444,q=56",9108,0.4173387096774194,0.9674579999909838,0.5533329999707348,nan,nan,39.01808861745512,0.9650097658524305,0.9913157854171725,0.9960009307658262,0.9995852447818506,Pillow wall time including file I/O
chat_preview,ui_text,meme_card,1200,800,512,341,JPEG,"prog444,q=56",8826,0.40441715542521994,1.4858330000606657,0.9814999999662177,nan,nan,39.01808861745512,0.9650097658524305,0.9913157854171725,0.9960009307658262,0.9995852447818506,Pillow wall time including file I/O
chat_preview,ui_text,meme_card,1200,800,512,341,JPEG,"seq420,q=57",6868,0.31469941348973607,0.6558750000067448,0.4632500000525397,nan,nan,36.76926849707137,0.9571381435384927,0.9886549868355518,0.9960885208490841,0.9992516157524319,Pillow wall time including file I/O
chat_preview,ui_text,meme_card,1200,800,512,341,JPEG,"prog420,q=57",6937,0.3178610703812317,0.9926249999807624,0.6540840000752723,nan,nan,36.76926849707137,0.9571381435384927,0.9886549868355518,0.9960885208490841,0.9992516157524319,Pillow wall time including file I/O
chat_preview,ui_text,meme_card,1200,800,512,341,JPEG,"seq444,q=57",9316,0.42686950146627567,0.9182090000194876,0.3934999999728461,nan,nan,39.20658023218756,0.9669937428634662,0.9918734667740479,0.9963665281441737,0.9996055231857258,Pillow wall time including file I/O
chat_preview,ui_text,meme_card,1200,800,512,341,JPEG,"prog444,q=57",9010,0.4128482404692082,1.45487499992214,0.8782080000173664,nan,nan,39.20658023218756,0.9669937428634662,0.9918734667740479,0.9963665281441737,0.9996055231857258,Pillow wall time including file I/O
chat_preview,ui_text,meme_card,1200,800,512,341,JPEG,"seq420,q=58",6951,0.3185025659824047,0.6552500000225336,0.3616660000034244,nan,nan,36.89770867922243,0.9579452119321283,0.9891002236847627,0.9962503409428113,0.9992812600327317,Pillow wall time including file I/O
chat_preview,ui_text,meme_card,1200,800,512,341,JPEG,"prog420,q=58",7007,0.32106854838709675,1.0109160000411066,0.6718340000588796,nan,nan,36.89770867922243,0.9579452119321283,0.9891002236847627,0.9962503409428113,0.9992812600327317,Pillow wall time including file I/O
chat_preview,ui_text,meme_card,1200,800,512,341,JPEG,"seq444,q=58",9476,0.4342008797653959,0.9766250000211585,0.4182919999493606,nan,nan,39.34164186825525,0.9676137599531364,0.9922019426490194,0.9966069624641068,0.9996220106884373,Pillow wall time including file I/O
chat_preview,ui_text,meme_card,1200,800,512,341,JPEG,"prog444,q=58",9128,0.4182551319648094,1.4448749999473876,0.9032090000573589,nan,nan,39.34164186825525,0.9676137599531364,0.9922019426490194,0.9966069624641068,0.9996220106884373,Pillow wall time including file I/O
chat_preview,ui_text,meme_card,1200,800,512,341,JPEG,"seq420,q=59",6986,0.32010630498533726,0.6408329999203488,0.4971250000380678,nan,nan,36.944435799685984,0.958179578599288,0.9891625659246236,0.9962548707335622,0.9992890091664938,Pillow wall time including file I/O
chat_preview,ui_text,meme_card,1200,800,512,341,JPEG,"prog420,q=59",7033,0.3222598973607038,0.9986669999761943,0.7790000000795771,nan,nan,36.944435799685984,0.958179578599288,0.9891625659246236,0.9962548707335622,0.9992890091664938,Pillow wall time including file I/O
chat_preview,ui_text,meme_card,1200,800,512,341,JPEG,"seq444,q=59",9503,0.4354380498533724,0.9064590000207318,0.38225000002967136,nan,nan,39.387634368580386,0.9675853543710934,0.9922016847653147,0.9966077530312917,0.9996237277341699,Pillow wall time including file I/O
chat_preview,ui_text,meme_card,1200,800,512,341,JPEG,"prog444,q=59",9153,0.4194006598240469,1.394666999999572,1.00558299993736,nan,nan,39.387634368580386,0.9675853543710934,0.9922016847653147,0.9966077530312917,0.9996237277341699,Pillow wall time including file I/O
chat_preview,ui_text,meme_card,1200,800,512,341,JPEG,"seq420,q=60",7067,0.32381781524926684,0.6023330000743954,0.3530420000288359,nan,nan,37.04346879704079,0.9593637601952242,0.9895358433959457,0.9962618261040138,0.9993097251543074,Pillow wall time including file I/O
chat_preview,ui_text,meme_card,1200,800,512,341,JPEG,"prog420,q=60",7087,0.32473423753665687,0.9694170000784652,0.7646669999985534,nan,nan,37.04346879704079,0.9593637601952242,0.9895358433959457,0.9962618261040138,0.9993097251543074,Pillow wall time including file I/O
chat_preview,ui_text,meme_card,1200,800,512,341,JPEG,"seq444,q=60",9612,0.4404325513196481,0.932625000018561,0.40054199996575335,nan,nan,39.50653213147536,0.9682163847728971,0.9923448921409651,0.9966137772320512,0.9996347512525721,Pillow wall time including file I/O
chat_preview,ui_text,meme_card,1200,800,512,341,JPEG,"prog444,q=60",9263,0.4244409824046921,1.4504170000009253,1.0151669999913793,nan,nan,39.50653213147536,0.9682163847728971,0.9923448921409651,0.9966137772320512,0.9996347512525721,Pillow wall time including file I/O
chat_preview,ui_text,meme_card,1200,800,512,341,JPEG,"seq420,q=61",7214,0.3305535190615836,0.644125000007989,0.35837500001889566,nan,nan,37.13969240007871,0.9599578083757354,0.9899089999711616,0.9967149956476619,0.9993274910116114,Pillow wall time including file I/O
chat_preview,ui_text,meme_card,1200,800,512,341,JPEG,"prog420,q=61",7243,0.33188233137829914,1.00362499995299,0.7825000000138971,nan,nan,37.13969240007871,0.9599578083757354,0.9899089999711616,0.9967149956476619,0.9993274910116114,Pillow wall time including file I/O
chat_preview,ui_text,meme_card,1200,800,512,341,JPEG,"seq444,q=61",9820,0.4499633431085044,0.9396250000008877,0.40799999999308056,nan,nan,39.69252318042079,0.9691945858873369,0.9927634195074527,0.9969636527160932,0.999653736833063,Pillow wall time including file I/O
chat_preview,ui_text,meme_card,1200,800,512,341,JPEG,"prog444,q=61",9449,0.4329637096774194,1.4292089999798918,1.0181659999943804,nan,nan,39.69252318042079,0.9691945858873369,0.9927634195074527,0.9969636527160932,0.999653736833063,Pillow wall time including file I/O
chat_preview,ui_text,meme_card,1200,800,512,341,JPEG,"seq420,q=62",7319,0.33536473607038125,0.6117919999724108,0.35033299991482636,nan,nan,37.22647994202465,0.9606732829460322,0.9900797519152169,0.9967958768455958,0.9993430794152076,Pillow wall time including file I/O
chat_preview,ui_text,meme_card,1200,800,512,341,JPEG,"prog420,q=62",7306,0.3347690615835777,0.9804999999687425,0.6402090000392491,nan,nan,37.22647994202465,0.9606732829460322,0.9900797519152169,0.9967958768455958,0.9993430794152076,Pillow wall time including file I/O
chat_preview,ui_text,meme_card,1200,800,512,341,JPEG,"seq444,q=62",9937,0.45532441348973607,0.920625000048858,0.40820799995344714,nan,nan,39.783920627709556,0.9694572028389693,0.9928595086900137,0.997089283197747,0.9996592998870046,Pillow wall time including file I/O
chat_preview,ui_text,meme_card,1200,800,512,341,JPEG,"prog444,q=62",9528,0.43658357771260997,1.471874999992906,0.8925829999952839,nan,nan,39.783920627709556,0.9694572028389693,0.9928595086900137,0.997089283197747,0.9996592998870046,Pillow wall time including file I/O
chat_preview,ui_text,meme_card,1200,800,512,341,JPEG,"seq420,q=63",7418,0.3399010263929619,0.6517090000670578,0.3594169999132646,nan,nan,37.33725578519866,0.9619839310855799,0.9905880464031936,0.9968218280265918,0.9993639663690175,Pillow wall time including file I/O
chat_preview,ui_text,meme_card,1200,800,512,341,JPEG,"prog420,q=63",7373,0.3378390762463343,1.0026659999766707,0.7954170000630256,nan,nan,37.33725578519866,0.9619839310855799,0.9905880464031936,0.9968218280265918,0.9993639663690175,Pillow wall time including file I/O
chat_preview,ui_text,meme_card,1200,800,512,341,JPEG,"seq444,q=63",10055,0.46073130498533726,0.9409580000010465,0.5328750000899163,nan,nan,39.939852330952434,0.9702028808773289,0.9930112482804229,0.9971272850559895,0.9996716394896435,Pillow wall time including file I/O
chat_preview,ui_text,meme_card,1200,800,512,341,JPEG,"prog444,q=63",9671,0.44313599706744866,1.3947500000313084,0.8725409999215117,nan,nan,39.939852330952434,0.9702028808773289,0.9930112482804229,0.9971272850559895,0.9996716394896435,Pillow wall time including file I/O
chat_preview,ui_text,meme_card,1200,800,512,341,JPEG,"seq420,q=64",7488,0.34310850439882695,0.6043749999662396,0.3518340000709941,nan,nan,37.461330737411544,0.9628955165487926,0.9911691378561196,0.9968696390299145,0.9993865472402902,Pillow wall time including file I/O
chat_preview,ui_text,meme_card,1200,800,512,341,JPEG,"prog420,q=64",7439,0.3408632697947214,0.9640419999641381,0.6209590000025855,nan,nan,37.461330737411544,0.9628955165487926,0.9911691378561196,0.9968696390299145,0.9993865472402902,Pillow wall time including file I/O
chat_preview,ui_text,meme_card,1200,800,512,341,JPEG,"seq444,q=64",10187,0.46677969208211145,0.9459590000915341,0.5277090000390672,nan,nan,40.11198029180768,0.9710508590348379,0.9933324745330615,0.9971650378795658,0.9996834752010643,Pillow wall time including file I/O
chat_preview,ui_text,meme_card,1200,800,512,341,JPEG,"prog444,q=64",9801,0.4490927419354839,1.4442079999525959,1.0142090000044846,nan,nan,40.11198029180768,0.9710508590348379,0.9933324745330615,0.9971650378795658,0.9996834752010643,Pillow wall time including file I/O
chat_preview,ui_text,meme_card,1200,800,512,341,JPEG,"seq420,q=65",7604,0.3484237536656892,0.6250000000136424,0.35316700007115287,nan,nan,37.62017175856109,0.9641596101741975,0.9915080465225579,0.9972419299390761,0.9994191641862208,Pillow wall time including file I/O
chat_preview,ui_text,meme_card,1200,800,512,341,JPEG,"prog420,q=65",7559,0.3463618035190616,1.0324160000436677,0.6508339999982127,nan,nan,37.62017175856109,0.9641596101741975,0.9915080465225579,0.9972419299390761,0.9994191641862208,Pillow wall time including file I/O
chat_preview,ui_text,meme_card,1200,800,512,341,JPEG,"seq444,q=65",10316,0.47269061583577715,1.0496670000748054,0.4331659999934345,nan,nan,40.3962576834647,0.9723830786155235,0.9936526482123341,0.9975268136751727,0.9997116830558392,Pillow wall time including file I/O
chat_preview,ui_text,meme_card,1200,800,512,341,JPEG,"prog444,q=65",9921,0.45459127565982405,1.4621249999891006,0.9131250000109503,nan,nan,40.3962576834647,0.9723830786155235,0.9936526482123341,0.9975268136751727,0.9997116830558392,Pillow wall time including file I/O
chat_preview,ui_text,meme_card,1200,800,512,341,JPEG,"seq420,q=66",7768,0.3559384164222874,0.6332909999855474,0.3697920000149679,nan,nan,37.784533650378826,0.9652780810768066,0.9918146926449408,0.9973889339283982,0.9994414461994579,Pillow wall time including file I/O
chat_preview,ui_text,meme_card,1200,800,512,341,JPEG,"prog420,q=66",7678,0.35181451612903225,0.9910420000096565,0.6507499999770516,nan,nan,37.784533650378826,0.9652780810768066,0.9918146926449408,0.9973889339283982,0.9994414461994579,Pillow wall time including file I/O
chat_preview,ui_text,meme_card,1200,800,512,341,JPEG,"seq444,q=66",10565,0.48410007331378296,0.9070410000049378,0.41291700006240717,nan,nan,40.622290792440324,0.9735410299920577,0.993872672535062,0.9976531620310732,0.9997255274965358,Pillow wall time including file I/O
chat_preview,ui_text,meme_card,1200,800,512,341,JPEG,"prog444,q=66",10223,0.4684292521994135,1.4382079999677444,0.8955409999771291,nan,nan,40.622290792440324,0.9735410299920577,0.993872672535062,0.9976531620310732,0.9997255274965358,Pillow wall time including file I/O
chat_preview,ui_text,meme_card,1200,800,512,341,JPEG,"seq420,q=67",7848,0.3596041055718475,0.5982920000633385,0.35049999996772385,nan,nan,37.87843383983827,0.9659960730579642,0.9920858636798929,0.9974029954278385,0.9994593318071567,Pillow wall time including file I/O
chat_preview,ui_text,meme_card,1200,800,512,341,JPEG,"prog420,q=67",7753,0.35525109970674484,0.9848749999719075,0.6493330000694186,nan,nan,37.87843383983827,0.9659960730579642,0.9920858636798929,0.9974029954278385,0.9994593318071567,Pillow wall time including file I/O
chat_preview,ui_text,meme_card,1200,800,512,341,JPEG,"seq444,q=67",10702,0.4903775659824047,0.9102500000608416,0.40320799996607093,nan,nan,40.78360046366371,0.9742089279557584,0.9940417633774231,0.997660975617051,0.999737060873368,Pillow wall time including file I/O
chat_preview,ui_text,meme_card,1200,800,512,341,JPEG,"prog444,q=67",10355,0.4744776392961877,1.4621669999996811,0.9187079999719572,nan,nan,40.78360046366371,0.9742089279557584,0.9940417633774231,0.997660975617051,0.999737060873368,Pillow wall time including file I/O
chat_preview,ui_text,meme_card,1200,800,512,341,JPEG,"seq420,q=68",7973,0.3653317448680352,0.6344580000359201,0.3845419998924626,nan,nan,37.94466634119584,0.9660912428178525,0.9921775091296848,0.9975105756032135,0.9994581028388828,Pillow wall time including file I/O
chat_preview,ui_text,meme_card,1200,800,512,341,JPEG,"prog420,q=68",7864,0.36033724340175954,1.0642500000130894,0.6844170000022132,nan,nan,37.94466634119584,0.9660912428178525,0.9921775091296848,0.9975105756032135,0.9994581028388828,Pillow wall time including file I/O
chat_preview,ui_text,meme_card,1200,800,512,341,JPEG,"seq444,q=68",10855,0.4973881964809384,0.9561670000266531,0.43275000007270137,nan,nan,40.83542201003719,0.9744093749554502,0.9940954128407765,0.9977448614707196,0.9997305718575147,Pillow wall time including file I/O
chat_preview,ui_text,meme_card,1200,800,512,341,JPEG,"prog444,q=68",10476,0.4800219941348974,1.4534999999114007,0.8913330000268616,nan,nan,40.83542201003719,0.9744093749554502,0.9940954128407765,0.9977448614707196,0.9997305718575147,Pillow wall time including file I/O
chat_preview,ui_text,meme_card,1200,800,512,341,JPEG,"seq420,q=69",8068,0.36968475073313783,0.641792000010355,0.355750000039734,nan,nan,38.063001191247444,0.9677536490862831,0.9927721025261754,0.9976862495492892,0.9994813687327764,Pillow wall time including file I/O
chat_preview,ui_text,meme_card,1200,800,512,341,JPEG,"prog420,q=69",7971,0.3652401026392962,1.0310419999086662,0.6403749999890351,nan,nan,38.063001191247444,0.9677536490862831,0.9927721025261754,0.9976862495492892,0.9994813687327764,Pillow wall time including file I/O
chat_preview,ui_text,meme_card,1200,800,512,341,JPEG,"seq444,q=69",11211,0.5137005131964809,0.9364170000480954,0.4162499999438296,nan,nan,41.002716309107036,0.9753576120472963,0.9943983548896455,0.997873227909834,0.9997410877340047,Pillow wall time including file I/O
chat_preview,ui_text,meme_card,1200,800,512,341,JPEG,"prog444,q=69",11039,0.5058192815249267,1.5301250000447908,0.914208000040162,nan,nan,41.002716309107036,0.9753576120472963,0.9943983548896455,0.997873227909834,0.9997410877340047,Pillow wall time including file I/O
chat_preview,ui_text,meme_card,1200,800,512,341,JPEG,"seq420,q=70",8165,0.3741293988269795,0.6266670000059094,0.3489580000177739,nan,nan,38.178768290561365,0.968906345729359,0.9929719876305191,0.9977230528811238,0.9994960546167249,Pillow wall time including file I/O
chat_preview,ui_text,meme_card,1200,800,512,341,JPEG,"prog420,q=70",8049,0.3688141495601173,1.0114169999724254,0.658457999975326,nan,nan,38.178768290561365,0.968906345729359,0.9929719876305191,0.9977230528811238,0.9994960546167249,Pillow wall time including file I/O
chat_preview,ui_text,meme_card,1200,800,512,341,JPEG,"seq444,q=70",11384,0.5216275659824047,0.9278329999915513,0.41745799990167143,nan,nan,41.20003705434869,0.9760345872644086,0.9944629380298959,0.997911658694786,0.9997520515195794,Pillow wall time including file I/O
chat_preview,ui_text,meme_card,1200,800,512,341,JPEG,"prog444,q=70",11197,0.5130590175953079,1.491958000087834,0.9333340000239332,nan,nan,41.20003705434869,0.9760345872644086,0.9944629380298959,0.997911658694786,0.9997520515195794,Pillow wall time including file I/O
chat_preview,ui_text,meme_card,1200,800,512,341,JPEG,"seq420,q=71",8330,0.38168988269794724,0.6426669999655132,0.3962920000049053,nan,nan,38.337782002105484,0.9708044012705414,0.9936725797727338,0.9981512569987218,0.9995183779876006,Pillow wall time including file I/O
chat_preview,ui_text,meme_card,1200,800,512,341,JPEG,"prog420,q=71",8167,0.37422104105571846,1.041208999936316,0.6905420000293816,nan,nan,38.337782002105484,0.9708044012705414,0.9936725797727338,0.9981512569987218,0.9995183779876006,Pillow wall time including file I/O
chat_preview,ui_text,meme_card,1200,800,512,341,JPEG,"seq444,q=71",11902,0.5453629032258065,0.9504999999307984,0.42687500001648004,nan,nan,41.449464967557645,0.9779270842462857,0.9952176850701497,0.9983461309751529,0.9997691685831036,Pillow wall time including file I/O
chat_preview,ui_text,meme_card,1200,800,512,341,JPEG,"prog444,q=71",11754,0.5385813782991202,1.5023749999727443,0.9182090000194876,nan,nan,41.449464967557645,0.9779270842462857,0.9952176850701497,0.9983461309751529,0.9997691685831036,Pillow wall time including file I/O
chat_preview,ui_text,meme_card,1200,800,512,341,JPEG,"seq420,q=72",8345,0.38237719941348974,0.628166000069541,0.3707079999912821,nan,nan,38.43979619007711,0.9714978507556323,0.9937740922339717,0.9981979250960193,0.9995289618012231,Pillow wall time including file I/O
chat_preview,ui_text,meme_card,1200,800,512,341,JPEG,"prog420,q=72",8198,0.37564149560117305,0.9988330000396672,0.6443749999789361,nan,nan,38.43979619007711,0.9714978507556323,0.9937740922339717,0.9981979250960193,0.9995289618012231,Pillow wall time including file I/O
chat_preview,ui_text,meme_card,1200,800,512,341,JPEG,"seq444,q=72",11968,0.5483870967741935,0.9312079999972411,0.4139579999673515,nan,nan,41.603739298821374,0.9784443430553954,0.9952715247769527,0.9983908103677503,0.9997758492280395,Pillow wall time including file I/O
chat_preview,ui_text,meme_card,1200,800,512,341,JPEG,"prog444,q=72",11811,0.5411931818181818,1.4989170000490049,0.8939589999954478,nan,nan,41.603739298821374,0.9784443430553954,0.9952715247769527,0.9983908103677503,0.9997758492280395,Pillow wall time including file I/O
chat_preview,ui_text,meme_card,1200,800,512,341,JPEG,"seq420,q=73",8494,0.38920454545454547,0.6419160000632473,0.36483400003817223,nan,nan,38.552742231555314,0.9715902597218816,0.9939425883924469,0.9982519822250117,0.9995435800874369,Pillow wall time including file I/O
chat_preview,ui_text,meme_card,1200,800,512,341,JPEG,"prog420,q=73",8383,0.38411840175953077,1.008415999990575,0.6587080000599599,nan,nan,38.552742231555314,0.9715902597218816,0.9939425883924469,0.9982519822250117,0.9995435800874369,Pillow wall time including file I/O
chat_preview,ui_text,meme_card,1200,800,512,341,JPEG,"seq444,q=73",12196,0.5588343108504399,0.9858749999693828,0.4469159999871408,nan,nan,41.81829449406763,0.9790590468953373,0.9955327760761533,0.9984348446966581,0.9997878189900219,Pillow wall time including file I/O
chat_preview,ui_text,meme_card,1200,800,512,341,JPEG,"prog444,q=73",12070,0.5530608504398827,1.5242910000097254,1.0900409999976546,nan,nan,41.81829449406763,0.9790590468953373,0.9955327760761533,0.9984348446966581,0.9997878189900219,Pillow wall time including file I/O
chat_preview,ui_text,meme_card,1200,800,512,341,JPEG,"seq420,q=74",8694,0.39836876832844575,0.6385830000681381,0.5108330000211936,nan,nan,38.777498441987476,0.9732771727643185,0.994416776249991,0.9984759097754907,0.9995820758729858,Pillow wall time including file I/O
chat_preview,ui_text,meme_card,1200,800,512,341,JPEG,"prog420,q=74",8556,0.39204545454545453,1.0227090000398675,0.7960410000578122,nan,nan,38.777498441987476,0.9732771727643185,0.994416776249991,0.9984759097754907,0.9995820758729858,Pillow wall time including file I/O
chat_preview,ui_text,meme_card,1200,800,512,341,JPEG,"seq444,q=74",12698,0.5818365102639296,0.982874999976957,0.4260829999793714,nan,nan,42.233763031440446,0.9806308067841433,0.9959739566075707,0.9987202859245836,0.9998209502586223,Pillow wall time including file I/O
chat_preview,ui_text,meme_card,1200,800,512,341,JPEG,"prog444,q=74",12479,0.5718016862170088,1.6043329999320122,1.05412499999602,nan,nan,42.233763031440446,0.9806308067841433,0.9959739566075707,0.9987202859245836,0.9998209502586223,Pillow wall time including file I/O
chat_preview,ui_text,meme_card,1200,800,512,341,JPEG,"seq420,q=75",8710,0.3991019061583578,0.7181250000485306,0.5129590000478856,nan,nan,38.841241581538306,0.9735578089489785,0.9944513401626698,0.9984877976072998,0.9995879743972059,Pillow wall time including file I/O
chat_preview,ui_text,meme_card,1200,800,512,341,JPEG,"prog420,q=75",8567,0.3925494868035191,1.0410830000182614,0.6421250000130385,nan,nan,38.841241581538306,0.9735578089489785,0.9944513401626698,0.9984877976072998,0.9995879743972059,Pillow wall time including file I/O
chat_preview,ui_text,meme_card,1200,800,512,341,JPEG,"seq444,q=75",12719,0.5827987536656891,0.9763750000502114,0.5395419999558726,nan,nan,42.305742782198564,0.9808412185653944,0.9959843535285556,0.9987284163472824,0.9998230981398626,Pillow wall time including file I/O
chat_preview,ui_text,meme_card,1200,800,512,341,JPEG,"prog444,q=75",12492,0.5723973607038123,1.5233329999091438,0.8985409999695548,nan,nan,42.305742782198564,0.9808412185653944,0.9959843535285556,0.9987284163472824,0.9998230981398626,Pillow wall time including file I/O
chat_preview,ui_text,meme_card,1200,800,512,341,JPEG,"seq420,q=76",8782,0.4024010263929619,0.6594579999728012,0.501915999961966,nan,nan,38.92156249952541,0.9744373812160703,0.994694666763665,0.9985773288953347,0.9995999927540967,Pillow wall time including file I/O
chat_preview,ui_text,meme_card,1200,800,512,341,JPEG,"prog420,q=76",8636,0.39571114369501464,1.0972500000434593,0.809458000048835,nan,nan,38.92156249952541,0.9744373812160703,0.994694666763665,0.9985773288953347,0.9995999927540967,Pillow wall time including file I/O
chat_preview,ui_text,meme_card,1200,800,512,341,JPEG,"seq444,q=76",12839,0.5882972873900293,0.9718339999835734,0.6040829999847119,nan,nan,42.55041388570007,0.981536164483041,0.996440428323457,0.9987916729716193,0.999837714208012,Pillow wall time including file I/O
chat_preview,ui_text,meme_card,1200,800,512,341,JPEG,"prog444,q=76",12653,0.5797745601173021,1.5169160000141346,1.0990829999855123,nan,nan,42.55041388570007,0.981536164483041,0.996440428323457,0.9987916729716193,0.999837714208012,Pillow wall time including file I/O
chat_preview,ui_text,meme_card,1200,800,512,341,JPEG,"seq420,q=77",9016,0.41312316715542524,0.6470420000823651,0.4948749999584834,nan,nan,39.02608536126263,0.9751421407434768,0.9947716615876513,0.9985945512727676,0.999612833138588,Pillow wall time including file I/O
chat_preview,ui_text,meme_card,1200,800,512,341,JPEG,"prog420,q=77",8830,0.40460043988269795,1.0568339999963428,0.6587080000599599,nan,nan,39.02608536126263,0.9751421407434768,0.9947716615876513,0.9985945512727676,0.999612833138588,Pillow wall time including file I/O
chat_preview,ui_text,meme_card,1200,800,512,341,JPEG,"seq444,q=77",13411,0.6145069648093842,0.9714590000839962,0.5679999999301799,nan,nan,42.95116980766522,0.9842309225946643,0.997232705421006,0.9988051452193977,0.9998558232495242,Pillow wall time including file I/O
chat_preview,ui_text,meme_card,1200,800,512,341,JPEG,"prog444,q=77",13167,0.6033266129032258,1.5458749999197607,1.0585839999066593,nan,nan,42.95116980766522,0.9842309225946643,0.997232705421006,0.9988051452193977,0.9998558232495242,Pillow wall time including file I/O
chat_preview,ui_text,meme_card,1200,800,512,341,JPEG,"seq420,q=78",9255,0.42407441348973607,0.6386669999756123,0.5308329999706984,nan,nan,39.118323164219234,0.9757011260496596,0.9950344200048361,0.9986463715956213,0.9996260553415774,Pillow wall time including file I/O
chat_preview,ui_text,meme_card,1200,800,512,341,JPEG,"prog420,q=78",9222,0.4225623167155425,1.1205829999880734,0.7997080000450296,nan,nan,39.118323164219234,0.9757011260496596,0.9950344200048361,0.9986463715956213,0.9996260553415774,Pillow wall time including file I/O
chat_preview,ui_text,meme_card,1200,800,512,341,JPEG,"seq444,q=78",13763,0.6306359970674487,0.999374999992142,0.5492909999702533,nan,nan,43.04898025586023,0.9833994440058637,0.9967887124098044,0.9988009236919455,0.9998551243719601,Pillow wall time including file I/O
chat_preview,ui_text,meme_card,1200,800,512,341,JPEG,"prog444,q=78",13699,0.6277034457478006,1.5695409999807453,0.9228750000147556,nan,nan,43.04898025586023,0.9833994440058637,0.9967887124098044,0.9988009236919455,0.9998551243719601,Pillow wall time including file I/O
chat_preview,ui_text,meme_card,1200,800,512,341,JPEG,"seq420,q=79",9309,0.4265487536656892,0.6658340000740282,0.36237500000879663,nan,nan,39.247765085037116,0.9760808235276427,0.9951221327343608,0.9986623323100693,0.9996370908058474,Pillow wall time including file I/O
chat_preview,ui_text,meme_card,1200,800,512,341,JPEG,"prog420,q=79",9293,0.42581561583577715,1.093833000027189,0.8076249999930951,nan,nan,39.247765085037116,0.9760808235276427,0.9951221327343608,0.9986623323100693,0.9996370908058474,Pillow wall time including file I/O
chat_preview,ui_text,meme_card,1200,800,512,341,JPEG,"seq444,q=79",13852,0.6347140762463344,0.9781669999711085,0.5716250000205036,nan,nan,43.220179634228074,0.9838356647423195,0.9968177400558217,0.9988207705174814,0.9998593630215574,Pillow wall time including file I/O
chat_preview,ui_text,meme_card,1200,800,512,341,JPEG,"prog444,q=79",13795,0.6321022727272727,1.632582999945953,1.0724580000669448,nan,nan,43.220179634228074,0.9838356647423195,0.9968177400558217,0.9988207705174814,0.9998593630215574,Pillow wall time including file I/O
chat_preview,ui_text,meme_card,1200,800,512,341,JPEG,"seq420,q=80",9633,0.44139479472140764,0.6526670000539525,0.36358299996663845,nan,nan,39.338272562703814,0.9764866988176601,0.9951782455948986,0.998798995782416,0.9996471751735074,Pillow wall time including file I/O
chat_preview,ui_text,meme_card,1200,800,512,341,JPEG,"prog420,q=80",9665,0.4428610703812317,1.1090829999602647,0.8119169999645237,nan,nan,39.338272562703814,0.9764866988176601,0.9951782455948986,0.998798995782416,0.9996471751735074,Pillow wall time including file I/O
chat_preview,ui_text,meme_card,1200,800,512,341,JPEG,"seq444,q=80",14367,0.6583119501466276,0.9840000000167493,0.5481659999304611,nan,nan,43.57896579141952,0.9853005975812534,0.9973284786313391,0.998921973196824,0.9998736564288482,Pillow wall time including file I/O
chat_preview,ui_text,meme_card,1200,800,512,341,JPEG,"prog444,q=80",14174,0.6494684750733137,1.626459000021896,1.0447500000054788,nan,nan,43.57896579141952,0.9853005975812534,0.9973284786313391,0.998921973196824,0.9998736564288482,Pillow wall time including file I/O
chat_preview,ui_text,meme_card,1200,800,512,341,JPEG,"seq420,q=81",9794,0.4487719941348974,0.6891250000080618,0.5446669999855658,nan,nan,39.49688651790753,0.9773138611533844,0.9953963743175477,0.9988146443110795,0.9996627521460553,Pillow wall time including file I/O
chat_preview,ui_text,meme_card,1200,800,512,341,JPEG,"prog420,q=81",9860,0.45179618768328444,1.106958000036684,0.8182919999626392,nan,nan,39.49688651790753,0.9773138611533844,0.9953963743175477,0.9988146443110795,0.9996627521460553,Pillow wall time including file I/O
chat_preview,ui_text,meme_card,1200,800,512,341,JPEG,"seq444,q=81",14730,0.6749450146627566,0.9861250000540167,0.566832999993494,nan,nan,43.89529963203579,0.9860830266264067,0.9974972737039286,0.9989212867913206,0.9998832343476349,Pillow wall time including file I/O
chat_preview,ui_text,meme_card,1200,800,512,341,JPEG,"prog444,q=81",14511,0.6649101906158358,1.5892919999487276,0.9233749999566498,nan,nan,43.89529963203579,0.9860830266264067,0.9974972737039286,0.9989212867913206,0.9998832343476349,Pillow wall time including file I/O
chat_preview,ui_text,meme_card,1200,800,512,341,JPEG,"seq420,q=82",10196,0.4671920821114369,0.6620420000444938,0.5235830000174246,nan,nan,39.69593878987403,0.9784888435883431,0.9958459043430676,0.9989820395129974,0.9996857708542661,Pillow wall time including file I/O
chat_preview,ui_text,meme_card,1200,800,512,341,JPEG,"prog420,q=82",10351,0.4742943548387097,1.1099999999260035,0.8330420000675076,nan,nan,39.69593878987403,0.9784888435883431,0.9958459043430676,0.9989820395129974,0.9996857708542661,Pillow wall time including file I/O
chat_preview,ui_text,meme_card,1200,800,512,341,JPEG,"seq444,q=82",15306,0.7013379765395894,0.9615000000167129,0.5706249999093416,nan,nan,44.32512519201797,0.9873224742770877,0.9979189005679879,0.9990799850179762,0.9998959188747673,Pillow wall time including file I/O
chat_preview,ui_text,meme_card,1200,800,512,341,JPEG,"prog444,q=82",15054,0.6897910557184751,1.6066670000327576,0.9195840000302269,nan,nan,44.32512519201797,0.9873224742770877,0.9979189005679879,0.9990799850179762,0.9998959188747673,Pillow wall time including file I/O
chat_preview,ui_text,meme_card,1200,800,512,341,JPEG,"seq420,q=83",10441,0.4784182551319648,0.6875830000581118,0.37187500004165486,nan,nan,39.809636230994144,0.9794125028661994,0.9959889101243696,0.9990551113100083,0.9996930692573018,Pillow wall time including file I/O
chat_preview,ui_text,meme_card,1200,800,512,341,JPEG,"prog420,q=83",10529,0.4824505131964809,1.1250420000123995,0.862041000004865,nan,nan,39.809636230994144,0.9794125028661994,0.9959889101243696,0.9990551113100083,0.9996930692573018,Pillow wall time including file I/O
chat_preview,ui_text,meme_card,1200,800,512,341,JPEG,"seq444,q=83",15557,0.7128390762463344,0.9860420000222803,0.6051670000033482,nan,nan,44.58303882761234,0.9877926467324779,0.9979942900067583,0.9991639471760904,0.9999019458226865,Pillow wall time including file I/O
chat_preview,ui_text,meme_card,1200,800,512,341,JPEG,"prog444,q=83",15231,0.6979013929618768,1.638834000004863,1.0882079999419147,nan,nan,44.58303882761234,0.9877926467324779,0.9979942900067583,0.9991639471760904,0.9999019458226865,Pillow wall time including file I/O
chat_preview,ui_text,meme_card,1200,800,512,341,JPEG,"seq420,q=84",10640,0.4875366568914956,0.6613749999360152,0.5109579999498237,nan,nan,39.90060061680331,0.9798409094226321,0.9960801587628011,0.9990758528011682,0.9997017695398125,Pillow wall time including file I/O
chat_preview,ui_text,meme_card,1200,800,512,341,JPEG,"prog420,q=84",10724,0.49138563049853373,1.1067499999626307,0.8150410000098418,nan,nan,39.90060061680331,0.9798409094226321,0.9960801587628011,0.9990758528011682,0.9997017695398125,Pillow wall time including file I/O
chat_preview,ui_text,meme_card,1200,800,512,341,JPEG,"seq444,q=84",15964,0.7314882697947214,0.9684999999990396,0.5594579999979032,nan,nan,44.87475370502824,0.9881886263806186,0.9981059767383248,0.9991669631431068,0.9999088124924046,Pillow wall time including file I/O
chat_preview,ui_text,meme_card,1200,800,512,341,JPEG,"prog444,q=84",15534,0.7117851906158358,1.7156249999743522,1.0693750000427826,nan,nan,44.87475370502824,0.9881886263806186,0.9981059767383248,0.9991669631431068,0.9999088124924046,Pillow wall time including file I/O
chat_preview,ui_text,meme_card,1200,800,512,341,JPEG,"seq420,q=85",11051,0.5063691348973607,0.6852500000604778,0.5150839999714663,nan,nan,40.16660199439693,0.9813943990498207,0.9965560837470974,0.9990895316712313,0.9997256432469025,Pillow wall time including file I/O
chat_preview,ui_text,meme_card,1200,800,512,341,JPEG,"prog420,q=85",11114,0.5092558651026393,1.162625000006301,0.8164580000311616,nan,nan,40.16660199439693,0.9813943990498207,0.9965560837470974,0.9990895316712313,0.9997256432469025,Pillow wall time including file I/O
chat_preview,ui_text,meme_card,1200,800,512,341,JPEG,"seq444,q=85",16522,0.7570564516129032,1.056208000022707,0.43954199998097465,nan,nan,45.28757668257032,0.9892150668820604,0.9982796223316047,0.9991861752550019,0.9999170715611317,Pillow wall time including file I/O
chat_preview,ui_text,meme_card,1200,800,512,341,JPEG,"prog444,q=85",16039,0.7349248533724341,1.7185829999561975,1.121165999961704,nan,nan,45.28757668257032,0.9892150668820604,0.9982796223316047,0.9991861752550019,0.9999170715611317,Pillow wall time including file I/O
chat_preview,ui_text,meme_card,1200,800,512,341,JPEG,"seq420,q=86",11439,0.5241477272727273,0.694500000008702,0.5425420000619852,nan,nan,40.29472554453659,0.9821017423619794,0.9967319664244081,0.9992011624929722,0.9997381587762779,Pillow wall time including file I/O
chat_preview,ui_text,meme_card,1200,800,512,341,JPEG,"prog420,q=86",11572,0.530241935483871,1.1353749999898355,0.8659999999736101,nan,nan,40.29472554453659,0.9821017423619794,0.9967319664244081,0.9992011624929722,0.9997381587762779,Pillow wall time including file I/O
chat_preview,ui_text,meme_card,1200,800,512,341,JPEG,"seq444,q=86",16976,0.7778592375366569,1.0116669999433725,0.5881250000356886,nan,nan,45.59256602160172,0.9896800282687975,0.9983743116359034,0.9992815029554492,0.9999226551628622,Pillow wall time including file I/O
chat_preview,ui_text,meme_card,1200,800,512,341,JPEG,"prog444,q=86",16536,0.7576979472140762,1.6734579999138077,1.1025840000229437,nan,nan,45.59256602160172,0.9896800282687975,0.9983743116359034,0.9992815029554492,0.9999226551628622,Pillow wall time including file I/O
chat_preview,ui_text,meme_card,1200,800,512,341,JPEG,"seq420,q=87",11649,0.5337701612903226,0.636166000049343,0.3677500000094369,nan,nan,40.42752216805852,0.9828439744992444,0.99692173677661,0.999208908666982,0.9997496020363171,Pillow wall time including file I/O
chat_preview,ui_text,meme_card,1200,800,512,341,JPEG,"prog420,q=87",11761,0.5389021260997068,1.1645839999800955,0.8625830000710266,nan,nan,40.42752216805852,0.9828439744992444,0.99692173677661,0.999208908666982,0.9997496020363171,Pillow wall time including file I/O
chat_preview,ui_text,meme_card,1200,800,512,341,JPEG,"seq444,q=87",17304,0.7928885630498533,0.9952089999387681,0.5779589999974633,nan,nan,46.045851410565945,0.9903116426486127,0.9984486092986948,0.9992797217579166,0.999930211653514,Pillow wall time including file I/O
chat_preview,ui_text,meme_card,1200,800,512,341,JPEG,"prog444,q=87",16842,0.7717192082111437,1.6570420000334707,1.1120829999526904,nan,nan,46.045851410565945,0.9903116426486127,0.9984486092986948,0.9992797217579166,0.999930211653514,Pillow wall time including file I/O
chat_preview,ui_text,meme_card,1200,800,512,341,JPEG,"seq420,q=88",12081,0.5535648826979472,0.6910419999712758,0.5230419999406877,nan,nan,40.4810756104792,0.9833831443371371,0.9970739194648547,0.9992404902288388,0.9997560768873595,Pillow wall time including file I/O
chat_preview,ui_text,meme_card,1200,800,512,341,JPEG,"prog420,q=88",12135,0.5560392228739003,1.1786250000795917,0.8631250000235013,nan,nan,40.4810756104792,0.9833831443371371,0.9970739194648547,0.9992404902288388,0.9997560768873595,Pillow wall time including file I/O
chat_preview,ui_text,meme_card,1200,800,512,341,JPEG,"seq444,q=88",18208,0.8343108504398827,0.9759160000157863,0.4421249999495558,nan,nan,46.55486927931972,0.9910155635684325,0.998597267733271,0.9992964276841299,0.99993786623011,Pillow wall time including file I/O
chat_preview,ui_text,meme_card,1200,800,512,341,JPEG,"prog444,q=88",17852,0.8179985337243402,1.7539579999947819,1.1119170000029044,nan,nan,46.55486927931972,0.9910155635684325,0.998597267733271,0.9992964276841299,0.99993786623011,Pillow wall time including file I/O
chat_preview,ui_text,meme_card,1200,800,512,341,JPEG,"seq420,q=89",12322,0.564607771260997,0.6833749999941574,0.5440840000119351,nan,nan,40.67390928241106,0.98410350332452,0.9971822270583873,0.9992684516239424,0.9997674227039118,Pillow wall time including file I/O
chat_preview,ui_text,meme_card,1200,800,512,341,JPEG,"prog420,q=89",12243,0.5609879032258065,1.249333999908231,0.8484999999609499,nan,nan,40.67390928241106,0.98410350332452,0.9971822270583873,0.9992684516239424,0.9997674227039118,Pillow wall time including file I/O
chat_preview,ui_text,meme_card,1200,800,512,341,JPEG,"seq444,q=89",18505,0.8479197214076246,1.0366249999833599,0.5965829999468042,nan,nan,46.9106177378357,0.991423850958496,0.9986319540367027,0.9993265896289827,0.9999419212628089,Pillow wall time including file I/O
chat_preview,ui_text,meme_card,1200,800,512,341,JPEG,"prog444,q=89",18017,0.8255590175953079,1.76345800002764,0.995875000057822,nan,nan,46.9106177378357,0.991423850958496,0.9986319540367027,0.9993265896289827,0.9999419212628089,Pillow wall time including file I/O
chat_preview,ui_text,meme_card,1200,800,512,341,JPEG,"seq420,q=90",13011,0.5961785190615836,0.7279579999703856,0.5240000000412692,nan,nan,40.76311610904484,0.9851261643100454,0.997414300523609,0.999372957970612,0.9997752093101919,Pillow wall time including file I/O
chat_preview,ui_text,meme_card,1200,800,512,341,JPEG,"prog420,q=90",13200,0.6048387096774194,1.2589579999939815,0.8628750000525542,nan,nan,40.76311610904484,0.9851261643100454,0.997414300523609,0.999372957970612,0.9997752093101919,Pillow wall time including file I/O
chat_preview,ui_text,meme_card,1200,800,512,341,JPEG,"seq444,q=90",19426,0.8901209677419355,1.0380830000258356,0.5675410000094416,nan,nan,47.41870409141515,0.9920278451288556,0.9987554117632308,0.9994489077807848,0.9999490112909206,Pillow wall time including file I/O
chat_preview,ui_text,meme_card,1200,800,512,341,JPEG,"prog444,q=90",19241,0.8816440615835777,1.8036249999795473,1.1204170000382874,nan,nan,47.41870409141515,0.9920278451288556,0.9987554117632308,0.9994489077807848,0.9999490112909206,Pillow wall time including file I/O
chat_preview,ui_text,meme_card,1200,800,512,341,JPEG,"seq420,q=91",13493,0.6182642961876833,0.7337499999948704,0.5364170000348167,nan,nan,40.90386340903723,0.9858188460208189,0.9976096657395658,0.999385219644029,0.9997855488011448,Pillow wall time including file I/O
chat_preview,ui_text,meme_card,1200,800,512,341,JPEG,"prog420,q=91",13657,0.6257789589442815,1.2347499999805223,0.8762079999087291,nan,nan,40.90386340903723,0.9858188460208189,0.9976096657395658,0.999385219644029,0.9997855488011448,Pillow wall time including file I/O
chat_preview,ui_text,meme_card,1200,800,512,341,JPEG,"seq444,q=91",20542,0.9412573313782991,1.0057499999902575,0.4583749999937936,nan,nan,47.9785663472811,0.9927530152957785,0.9988974335291753,0.9994608493528067,0.9999550845121232,Pillow wall time including file I/O
chat_preview,ui_text,meme_card,1200,800,512,341,JPEG,"prog444,q=91",20494,0.9390579178885631,1.77558300003966,1.1807500000031723,nan,nan,47.9785663472811,0.9927530152957785,0.9988974335291753,0.9994608493528067,0.9999550845121232,Pillow wall time including file I/O
chat_preview,ui_text,meme_card,1200,800,512,341,JPEG,"seq420,q=92",14250,0.6529508797653959,0.7077500000605141,0.5277919999571168,nan,nan,41.00150692434522,0.9863536522051994,0.9977234228479374,0.9994150994663602,0.9997924007111253,Pillow wall time including file I/O
chat_preview,ui_text,meme_card,1200,800,512,341,JPEG,"prog420,q=92",14386,0.6591825513196481,1.2526669999033402,0.848709000024428,nan,nan,41.00150692434522,0.9863536522051994,0.9977234228479374,0.9994150994663602,0.9997924007111253,Pillow wall time including file I/O
chat_preview,ui_text,meme_card,1200,800,512,341,JPEG,"seq444,q=92",21424,0.9816715542521994,1.0762919999933729,0.6183329999203124,nan,nan,48.43714478611443,0.9930754859222661,0.998923952238114,0.999486953212086,0.9999586377215264,Pillow wall time including file I/O
chat_preview,ui_text,meme_card,1200,800,512,341,JPEG,"prog444,q=92",21358,0.9786473607038123,1.8097500000067157,1.1812499999450665,nan,nan,48.43714478611443,0.9930754859222661,0.998923952238114,0.999486953212086,0.9999586377215264,Pillow wall time including file I/O
chat_preview,ui_text,meme_card,1200,800,512,341,JPEG,"seq420,q=93",15633,0.7163214809384164,0.777624999955151,0.5417500000248765,nan,nan,41.10630747564325,0.9869813943641198,0.9978423023745447,0.9994465435459033,0.9997991368492566,Pillow wall time including file I/O
chat_preview,ui_text,meme_card,1200,800,512,341,JPEG,"prog420,q=93",15613,0.7154050586510264,1.3127920000215454,0.892958000008548,nan,nan,41.10630747564325,0.9869813943641198,0.9978423023745447,0.9994465435459033,0.9997991368492566,Pillow wall time including file I/O
chat_preview,ui_text,meme_card,1200,800,512,341,JPEG,"seq444,q=93",23097,1.0583302785923754,1.0484579999001653,0.6115420000014637,nan,nan,49.023537632495,0.993569085779069,0.999013409079181,0.9995189210835823,0.9999639512954158,Pillow wall time including file I/O
chat_preview,ui_text,meme_card,1200,800,512,341,JPEG,"prog444,q=93",22881,1.048432917888563,1.8539169999485239,1.1594579999609778,nan,nan,49.023537632495,0.993569085779069,0.999013409079181,0.9995189210835823,0.9999639512954158,Pillow wall time including file I/O
chat_preview,ui_text,meme_card,1200,800,512,341,JPEG,"seq420,q=94",17352,0.7950879765395894,0.7602079999742273,0.5508330000338901,nan,nan,41.20959720575475,0.9877037157773617,0.9980244604352383,0.9994965239152942,0.9998065123839742,Pillow wall time including file I/O
chat_preview,ui_text,meme_card,1200,800,512,341,JPEG,"prog420,q=94",17297,0.7925678152492669,1.3737500000843283,0.7731250000233558,nan,nan,41.20959720575475,0.9877037157773617,0.9980244604352383,0.9994965239152942,0.9998065123839742,Pillow wall time including file I/O
chat_preview,ui_text,meme_card,1200,800,512,341,JPEG,"seq444,q=94",25278,1.158266129032258,1.0523749999720167,0.6275419999610676,nan,nan,49.6481254542592,0.9941644874254806,0.9991383234528805,0.999569997030187,0.9999688818037874,Pillow wall time including file I/O
chat_preview,ui_text,meme_card,1200,800,512,341,JPEG,"prog444,q=94",25203,1.1548295454545454,1.9477079999887792,1.2088339999536402,nan,nan,49.6481254542592,0.9941644874254806,0.9991383234528805,0.999569997030187,0.9999688818037874,Pillow wall time including file I/O
chat_preview,ui_text,meme_card,1200,800,512,341,JPEG,"seq420,q=95",19851,0.9095949413489736,0.7589589999952295,0.5997499999921274,nan,nan,41.33712882703726,0.9883046118328499,0.9981253575516343,0.9995296036790089,0.9998143516472783,Pillow wall time including file I/O
chat_preview,ui_text,meme_card,1200,800,512,341,JPEG,"prog420,q=95",19320,0.8852639296187683,1.413749999983338,0.9675000000015643,nan,nan,41.33712882703726,0.9883046118328499,0.9981253575516343,0.9995296036790089,0.9998143516472783,Pillow wall time including file I/O
chat_preview,ui_text,meme_card,1200,800,512,341,JPEG,"seq444,q=95",28086,1.2869318181818181,1.1476670000547529,0.6166659999280455,nan,nan,50.16103258269236,0.9945064315093202,0.9991751268736664,0.9996040771161819,0.99997175877838,Pillow wall time including file I/O
chat_preview,ui_text,meme_card,1200,800,512,341,JPEG,"prog444,q=95",27577,1.263608870967742,2.071666999995614,1.256957999999031,nan,nan,50.16103258269236,0.9945064315093202,0.9991751268736664,0.9996040771161819,0.99997175877838,Pillow wall time including file I/O
chat_preview,ui_text,meme_card,1200,800,512,341,JPEG,"seq420,q=96",22258,1.0198863636363635,0.780082999995102,0.6026249999422362,nan,nan,41.39480476555111,0.9889358290771232,0.9982791668064844,0.9995710444929018,0.9998205849965532,Pillow wall time including file I/O
chat_preview,ui_text,meme_card,1200,800,512,341,JPEG,"prog420,q=96",21446,0.9826796187683284,1.407291999953486,0.9643749999668216,nan,nan,41.39480476555111,0.9889358290771232,0.9982791668064844,0.9995710444929018,0.9998205849965532,Pillow wall time including file I/O
chat_preview,ui_text,meme_card,1200,800,512,341,JPEG,"seq444,q=96",32139,1.4726447947214076,1.1594590000640892,0.6592080000018541,nan,nan,50.82911122566172,0.9950045253678891,0.9992658305529507,0.999640109644207,0.9999760328070973,Pillow wall time including file I/O
chat_preview,ui_text,meme_card,1200,800,512,341,JPEG,"prog444,q=96",31435,1.4403867302052786,2.0967089999430755,1.2452080000002752,nan,nan,50.82911122566172,0.9950045253678891,0.9992658305529507,0.999640109644207,0.9999760328070973,Pillow wall time including file I/O
chat_preview,ui_text,meme_card,1200,800,512,341,JPEG,"seq420,q=97",25294,1.15899926686217,0.8557500000279106,0.6123749999460415,nan,nan,41.48299338297637,0.9895265037698536,0.9983853492671161,0.9996013116198161,0.9998267260895061,Pillow wall time including file I/O
chat_preview,ui_text,meme_card,1200,800,512,341,JPEG,"prog420,q=97",24287,1.112857404692082,1.4626249999309948,1.0128339999937452,nan,nan,41.48299338297637,0.9895265037698536,0.9983853492671161,0.9996013116198161,0.9998267260895061,Pillow wall time including file I/O
chat_preview,ui_text,meme_card,1200,800,512,341,JPEG,"seq444,q=97",37375,1.7125641495601174,1.2052499999981592,0.7140000000163127,nan,nan,51.454221099551,0.9953860418125423,0.9992914802588082,0.9996629150273533,0.9999784742067533,Pillow wall time including file I/O
chat_preview,ui_text,meme_card,1200,800,512,341,JPEG,"prog444,q=97",35955,1.6474981671554252,2.2009580000030837,1.3564170000108788,nan,nan,51.454221099551,0.9953860418125423,0.9992914802588082,0.9996629150273533,0.9999784742067533,Pillow wall time including file I/O
chat_preview,ui_text,meme_card,1200,800,512,341,JPEG,"seq420,q=98",27536,1.2617302052785924,0.8371249999754582,0.6270829999266425,nan,nan,41.53157687223931,0.9898417954694138,0.9984405107483753,0.9996185052792045,0.9998291509811416,Pillow wall time including file I/O
chat_preview,ui_text,meme_card,1200,800,512,341,JPEG,"prog420,q=98",26208,1.2008797653958945,1.5628329999799462,0.9216659999538024,nan,nan,41.53157687223931,0.9898417954694138,0.9984405107483753,0.9996185052792045,0.9998291509811416,Pillow wall time including file I/O
chat_preview,ui_text,meme_card,1200,800,512,341,JPEG,"seq444,q=98",41893,1.919583944281525,1.2931670000853046,0.6297909999375406,nan,nan,51.95930364001262,0.9956061401371304,0.9993130183790342,0.9996805843366379,0.9999805412527681,Pillow wall time including file I/O
chat_preview,ui_text,meme_card,1200,800,512,341,JPEG,"prog444,q=98",39622,1.815524193548387,2.3231249999753345,1.4249580000296191,nan,nan,51.95930364001262,0.9956061401371304,0.9993130183790342,0.9996805843366379,0.9999805412527681,Pillow wall time including file I/O
chat_preview,ui_text,meme_card,1200,800,512,341,JPEG,"seq420,q=99",34835,1.5961785190615836,0.9605839999267118,0.6814170000097874,nan,nan,41.583309105406826,0.9901901290577397,0.9985252190568158,0.9996402555647349,0.9998330336650424,Pillow wall time including file I/O
chat_preview,ui_text,meme_card,1200,800,512,341,JPEG,"prog420,q=99",32738,1.500091642228739,1.6932500000166328,1.158290999910605,nan,nan,41.583309105406826,0.9901901290577397,0.9985252190568158,0.9996402555647349,0.9998330336650424,Pillow wall time including file I/O
chat_preview,ui_text,meme_card,1200,800,512,341,JPEG,"seq444,q=99",54309,2.488498900293255,1.427917000000889,0.8849160000181655,nan,nan,52.41612670580915,0.9958523595765625,0.9993750969728588,0.9997083563875856,0.9999825989439014,Pillow wall time including file I/O
chat_preview,ui_text,meme_card,1200,800,512,341,JPEG,"prog444,q=99",50673,2.3218933284457477,2.4735409999721014,1.5427910000198608,nan,nan,52.41612670580915,0.9958523595765625,0.9993750969728588,0.9997083563875856,0.9999825989439014,Pillow wall time including file I/O
chat_preview,ui_text,meme_card,1200,800,512,341,JPEG,"seq420,q=100",44409,2.0348698680351904,0.9847500000432774,0.721207999959006,nan,nan,41.58094489070742,0.9901295172715135,0.9985605263756169,0.9996432525533451,0.9998337876379717,Pillow wall time including file I/O
chat_preview,ui_text,meme_card,1200,800,512,341,JPEG,"prog420,q=100",41345,1.8944739736070382,1.7464169999357182,1.1918330000071364,nan,nan,41.58094489070742,0.9901295172715135,0.9985605263756169,0.9996432525533451,0.9998337876379717,Pillow wall time including file I/O
chat_preview,ui_text,meme_card,1200,800,512,341,JPEG,"seq444,q=100",79077,3.6233962609970676,1.7004169999381702,0.8340829999724519,nan,nan,52.30985378130147,0.995689228609303,0.9994163503083495,0.9997173294480929,0.9999830644169825,Pillow wall time including file I/O
chat_preview,ui_text,meme_card,1200,800,512,341,JPEG,"prog444,q=100",73549,3.3700971407624634,2.783999999905973,1.8093749999934516,nan,nan,52.30985378130147,0.995689228609303,0.9994163503083495,0.9997173294480929,0.9999830644169825,Pillow wall time including file I/O
chat_preview,ui_text,meme_card,1200,800,512,341,WebP,"m6,q=1",1454,0.06662390029325513,4.883875000018634,0.7405420000168306,nan,nan,30.60830143675725,0.9138967816927904,0.9698354318905977,0.9879204851206486,0.9964735591765727,Pillow wall time including file I/O
chat_preview,ui_text,meme_card,1200,800,512,341,WebP,"m6,q=2",1524,0.06983137829912023,4.959084000006442,0.6990840000753451,nan,nan,31.132972471905372,0.9202623007644402,0.9734592573602194,0.9887402272205431,0.9968987981587673,Pillow wall time including file I/O
chat_preview,ui_text,meme_card,1200,800,512,341,WebP,"m6,q=3",1556,0.07129765395894429,5.230374999996457,0.619000000028791,nan,nan,31.453780181260534,0.9230669187108095,0.974486668134006,0.9895926681274752,0.9971490102424727,Pillow wall time including file I/O
chat_preview,ui_text,meme_card,1200,800,512,341,WebP,"m6,q=4",1608,0.07368035190615836,5.347832999973434,0.7277079999994385,nan,nan,31.64432698452972,0.9291661383401891,0.9765770415429408,0.9898366802572115,0.9973290723851788,Pillow wall time including file I/O
chat_preview,ui_text,meme_card,1200,800,512,341,WebP,"m6,q=5",1642,0.07523826979472141,5.153790999997909,0.7149999999001011,nan,nan,32.251060768296576,0.930269470153584,0.9775216630579332,0.990554945063577,0.9976678657095034,Pillow wall time including file I/O
chat_preview,ui_text,meme_card,1200,800,512,341,WebP,"m6,q=6",1686,0.07725439882697947,5.376499999897533,0.7645420000699232,nan,nan,32.596716229030406,0.9324421622077156,0.9778587278015337,0.9912437317684286,0.9977930914971648,Pillow wall time including file I/O
chat_preview,ui_text,meme_card,1200,800,512,341,WebP,"m6,q=7",1710,0.07835410557184751,5.245665999950688,0.7353749999765569,nan,nan,32.78173164633253,0.9343853321994312,0.979253353293822,0.9915629650699513,0.9978995715637436,Pillow wall time including file I/O
chat_preview,ui_text,meme_card,1200,800,512,341,WebP,"m6,q=8",1716,0.07862903225806452,5.283875000031912,0.727459000017916,nan,nan,32.98328287179824,0.9355337696360916,0.9793836592816656,0.9920728282802083,0.9980017875830897,Pillow wall time including file I/O
chat_preview,ui_text,meme_card,1200,800,512,341,WebP,"m6,q=9",1722,0.07890395894428152,5.359874999953718,0.7400419999612495,nan,nan,33.03254331340251,0.938583530656428,0.9804370418263401,0.9925454662347323,0.9980819048599904,Pillow wall time including file I/O
chat_preview,ui_text,meme_card,1200,800,512,341,WebP,"m6,q=10",1742,0.07982038123167155,5.3743329999633715,0.721207999959006,nan,nan,33.441676628244814,0.9410284722207133,0.9816560488750196,0.9930624853530878,0.998205812385705,Pillow wall time including file I/O
chat_preview,ui_text,meme_card,1200,800,512,341,WebP,"m6,q=11",1810,0.08293621700879765,5.5478750000474975,0.7376670000667218,nan,nan,33.20595911389744,0.9403704052423892,0.9809681012006779,0.9929675423051104,0.9981285594232964,Pillow wall time including file I/O
chat_preview,ui_text,meme_card,1200,800,512,341,WebP,"m6,q=12",1798,0.08238636363636363,5.353832999958286,0.6052080000245041,nan,nan,33.551059431210824,0.942699723225589,0.9821131947464856,0.9929331838654792,0.9982720816552648,Pillow wall time including file I/O
chat_preview,ui_text,meme_card,1200,800,512,341,WebP,"m6,q=13",1838,0.08421920821114369,5.373874999918371,0.7704170000124577,nan,nan,33.79897670150853,0.9447734193234195,0.9828899155726672,0.9933107362898433,0.9983599016740645,Pillow wall time including file I/O
chat_preview,ui_text,meme_card,1200,800,512,341,WebP,"m6,q=14",1832,0.08394428152492668,5.415249999941807,0.7704589999093514,nan,nan,33.76607718382575,0.9432028298319454,0.982398605781651,0.9938107750772468,0.9983703129685596,Pillow wall time including file I/O
chat_preview,ui_text,meme_card,1200,800,512,341,WebP,"m6,q=15",1882,0.08623533724340177,5.464999999958309,0.7489170000098966,nan,nan,34.15878102335614,0.9463829177305857,0.9839344569598666,0.9940932658517595,0.9985334172394706,Pillow wall time including file I/O
chat_preview,ui_text,meme_card,1200,800,512,341,WebP,"m6,q=16",1968,0.09017595307917889,5.446000000006279,0.5954580000206988,nan,nan,34.38046282831068,0.9469255998421184,0.9838630666190739,0.9942728522802086,0.9985568131581259,Pillow wall time including file I/O
chat_preview,ui_text,meme_card,1200,800,512,341,WebP,"m6,q=17",1954,0.08953445747800587,5.546166999920388,0.7721670000364611,nan,nan,34.401501097187015,0.948655006688614,0.9843040302682856,0.9941469750166443,0.9985773964814124,Pillow wall time including file I/O
chat_preview,ui_text,meme_card,1200,800,512,341,WebP,"m6,q=18",2004,0.09182551319648094,5.587957999978244,0.7544159999497424,nan,nan,34.460337165679334,0.9489707756532022,0.984454014445426,0.9947580721474406,0.9985843894860367,Pillow wall time including file I/O
chat_preview,ui_text,meme_card,1200,800,512,341,WebP,"m6,q=19",1992,0.09127565982404692,5.391874999986612,0.765375000014501,nan,nan,34.53897342174146,0.949682305852722,0.9847685664907697,0.9949436267334808,0.9986346741494176,Pillow wall time including file I/O
chat_preview,ui_text,meme_card,1200,800,512,341,WebP,"m6,q=20",2000,0.09164222873900293,5.5262920000132,0.7373339999503514,nan,nan,34.63364419468464,0.9505816841061647,0.9848701347971773,0.995175362383756,0.9986532866561334,Pillow wall time including file I/O
chat_preview,ui_text,meme_card,1200,800,512,341,WebP,"m6,q=21",2016,0.09237536656891496,5.39454099998693,0.7713339999781965,nan,nan,35.14338147811309,0.9531965905090192,0.9860093939412836,0.9956255808049507,0.9987867671664487,Pillow wall time including file I/O
chat_preview,ui_text,meme_card,1200,800,512,341,WebP,"m6,q=22",2030,0.09301686217008798,5.391916000007768,0.7369159999370822,nan,nan,35.057017202027104,0.9528894362446033,0.9859314119794957,0.9955666571312757,0.998792425065935,Pillow wall time including file I/O
chat_preview,ui_text,meme_card,1200,800,512,341,WebP,"m6,q=23",2064,0.09457478005865103,5.336875000011787,0.7425000000012005,nan,nan,35.17530684125613,0.9545294341528624,0.9864354996428663,0.9958128947880118,0.9988236389586106,Pillow wall time including file I/O
chat_preview,ui_text,meme_card,1200,800,512,341,WebP,"m6,q=24",2108,0.09659090909090909,5.392999999912718,0.7382910000615084,nan,nan,35.27607213382573,0.9545564038237041,0.9863944984627118,0.9957439817146599,0.998830687169397,Pillow wall time including file I/O
chat_preview,ui_text,meme_card,1200,800,512,341,WebP,"m6,q=25",2132,0.09769061583577712,5.3990829999293055,0.7631250000486034,nan,nan,35.27356255040518,0.9554340051797657,0.9867777209217733,0.9958796373289363,0.9988592620494288,Pillow wall time including file I/O
chat_preview,ui_text,meme_card,1200,800,512,341,WebP,"m6,q=26",2170,0.09943181818181818,5.477999999925487,0.7540420000395898,nan,nan,35.41978365485896,0.956978403236501,0.98745485682194,0.9958338914090404,0.9988784630234779,Pillow wall time including file I/O
chat_preview,ui_text,meme_card,1200,800,512,341,WebP,"m6,q=27",2190,0.1003482404692082,5.52145799997561,0.746207999895887,nan,nan,35.754727263895006,0.9590189511381965,0.9880580337817347,0.9961217736349236,0.9989735079653453,Pillow wall time including file I/O
chat_preview,ui_text,meme_card,1200,800,512,341,WebP,"m6,q=28",2226,0.10199780058651027,5.448916999966968,0.7593329999053822,nan,nan,35.576869072726836,0.9565784298298631,0.9870873473921447,0.9959866516851275,0.9989257229417497,Pillow wall time including file I/O
chat_preview,ui_text,meme_card,1200,800,512,341,WebP,"m6,q=29",2242,0.1027309384164223,5.482375000042339,0.7902499999090651,nan,nan,35.95744384230169,0.9596957244112027,0.988317900625206,0.9961766469989173,0.9990211570283677,Pillow wall time including file I/O
chat_preview,ui_text,meme_card,1200,800,512,341,WebP,"m6,q=30",2284,0.10465542521994135,5.475290999925164,0.6039170000349259,nan,nan,36.0149865955048,0.9583845871993617,0.9880611630719992,0.9962471737445937,0.9990251493901989,Pillow wall time including file I/O
chat_preview,ui_text,meme_card,1200,800,512,341,WebP,"m6,q=31",2306,0.10566348973607038,5.5437500000152795,0.7425420000117811,nan,nan,36.06755287840603,0.9589956317477727,0.9880803550700246,0.9962544538938114,0.9990263238991133,Pillow wall time including file I/O
chat_preview,ui_text,meme_card,1200,800,512,341,WebP,"m6,q=32",2326,0.10657991202346041,5.593249999947147,0.7594159999371186,nan,nan,36.13509367534012,0.9601189623858696,0.988646966720632,0.9965107883214567,0.9990554997986432,Pillow wall time including file I/O
chat_preview,ui_text,meme_card,1200,800,512,341,WebP,"m6,q=33",2354,0.10786290322580645,5.495750000022781,0.7326249999550782,nan,nan,36.15117321425734,0.960534743241071,0.9886838774741683,0.9965665219863724,0.9990735586177601,Pillow wall time including file I/O
chat_preview,ui_text,meme_card,1200,800,512,341,WebP,"m6,q=34",2374,0.10877932551319648,5.7233339999811506,1.0352500000863074,nan,nan,36.32587304150888,0.9604592009681441,0.9885849714152634,0.996581590142058,0.9990957892376184,Pillow wall time including file I/O
chat_preview,ui_text,meme_card,1200,800,512,341,WebP,"m6,q=35",2384,0.1092375366568915,5.821250000053624,0.7699159999674521,nan,nan,36.33556654591262,0.9604005329560951,0.9886103745043195,0.9967492748262301,0.9990988843058921,Pillow wall time including file I/O
chat_preview,ui_text,meme_card,1200,800,512,341,WebP,"m6,q=36",2398,0.10987903225806452,5.556749999982458,0.6299589999798627,nan,nan,36.47817325471317,0.9606279311915539,0.9887327908967086,0.9968413479443257,0.9991279812881952,Pillow wall time including file I/O
chat_preview,ui_text,meme_card,1200,800,512,341,WebP,"m6,q=37",2430,0.11134530791788856,5.745959000023504,0.7059170000047743,nan,nan,36.52355462697585,0.9616857730409144,0.989230442947648,0.9969575790586679,0.9991313986372047,Pillow wall time including file I/O
chat_preview,ui_text,meme_card,1200,800,512,341,WebP,"m6,q=38",2472,0.11326979472140762,5.575083000053382,0.7684579999249763,nan,nan,36.73024230670231,0.96348799847752,0.9899835154856319,0.9971191395333662,0.9991815459064419,Pillow wall time including file I/O
chat_preview,ui_text,meme_card,1200,800,512,341,WebP,"m6,q=39",2466,0.11299486803519061,5.647250000038184,0.792667000041547,nan,nan,36.85084782384236,0.9640296631160051,0.9898810258944324,0.9972119782269163,0.9991847379129529,Pillow wall time including file I/O
chat_preview,ui_text,meme_card,1200,800,512,341,WebP,"m6,q=40",2510,0.11501099706744868,5.665375000035056,0.7772080000449932,nan,nan,36.76976909642268,0.9614178495284823,0.9891274840284744,0.9971097504700723,0.9991516083969093,Pillow wall time including file I/O
chat_preview,ui_text,meme_card,1200,800,512,341,WebP,"m6,q=41",2510,0.11501099706744868,5.6272909999961485,0.7771670000238373,nan,nan,36.76976909642268,0.9614178495284823,0.9891274840284744,0.9971097504700723,0.9991516083969093,Pillow wall time including file I/O
chat_preview,ui_text,meme_card,1200,800,512,341,WebP,"m6,q=42",2526,0.1157441348973607,5.596625000066524,0.6243749999157444,nan,nan,36.92191663694449,0.963205997328581,0.9897372323274626,0.9972526989386195,0.9991986615704739,Pillow wall time including file I/O
chat_preview,ui_text,meme_card,1200,800,512,341,WebP,"m6,q=43",2530,0.1159274193548387,5.813457999920502,0.8111669999379956,nan,nan,37.01975616628752,0.9635541734613319,0.9898004867573159,0.9973911622815143,0.9992172889249891,Pillow wall time including file I/O
chat_preview,ui_text,meme_card,1200,800,512,341,WebP,"m6,q=44",2572,0.11785190615835778,5.644624999945336,0.7722499999545107,nan,nan,37.08237659149556,0.9624834547262441,0.9893502994012282,0.9973804046204617,0.9992243466891988,Pillow wall time including file I/O
chat_preview,ui_text,meme_card,1200,800,512,341,WebP,"m6,q=45",2616,0.11986803519061584,5.610541000010016,0.7694999999330321,nan,nan,37.34751083412818,0.9641320585167453,0.9898958111093997,0.9974572962573794,0.9992674516201491,Pillow wall time including file I/O
chat_preview,ui_text,meme_card,1200,800,512,341,WebP,"m6,q=46",2602,0.11922653958944282,5.636917000060748,0.7551249999551146,nan,nan,37.433961782538645,0.9653787443687869,0.9901558267764798,0.9974456176357359,0.9992911556297118,Pillow wall time including file I/O
chat_preview,ui_text,meme_card,1200,800,512,341,WebP,"m6,q=47",2650,0.12142595307917889,5.816624999965825,0.7836250000536893,nan,nan,37.32438657323044,0.9646976226633299,0.9900033322430756,0.9974539713556773,0.9992727096379206,Pillow wall time including file I/O
chat_preview,ui_text,meme_card,1200,800,512,341,WebP,"m6,q=48",2676,0.12261730205278593,5.716750000033244,0.7769580000740461,nan,nan,37.55414105937592,0.9658056205680511,0.9903658193944148,0.9975860672852724,0.9993109416785155,Pillow wall time including file I/O
chat_preview,ui_text,meme_card,1200,800,512,341,WebP,"m6,q=49",2676,0.12261730205278593,5.696875000012369,0.8100830000330461,nan,nan,37.582408333996035,0.9659152153274343,0.9903970275774622,0.997602501180659,0.9993131808397582,Pillow wall time including file I/O
chat_preview,ui_text,meme_card,1200,800,512,341,WebP,"m6,q=50",2732,0.125183284457478,5.637166000042271,0.6230829999367415,nan,nan,37.627461982870486,0.9667537637949852,0.9909358463194695,0.9975879138033102,0.9993214435820277,Pillow wall time including file I/O
chat_preview,ui_text,meme_card,1200,800,512,341,WebP,"m6,q=51",2752,0.12609970674486803,5.6375829999524285,0.7748749999336724,nan,nan,37.71065346736564,0.9679836179651374,0.9912080268481658,0.9976295066033467,0.9993426028050049,Pillow wall time including file I/O
chat_preview,ui_text,meme_card,1200,800,512,341,WebP,"m6,q=52",2774,0.12710777126099707,5.693124999993415,0.7648749999589199,nan,nan,37.74216425822257,0.9693104413928406,0.9918377190324211,0.9975950431788535,0.9993555885099361,Pillow wall time including file I/O
chat_preview,ui_text,meme_card,1200,800,512,341,WebP,"m6,q=53",2766,0.12674120234604105,5.710333000024548,0.786500000003798,nan,nan,37.70704274659819,0.9685662079290097,0.991493347004123,0.9976144749956369,0.9993446481820002,Pillow wall time including file I/O
chat_preview,ui_text,meme_card,1200,800,512,341,WebP,"m6,q=54",2832,0.12976539589442815,5.826124999998683,0.794709000047078,nan,nan,37.682157987239925,0.9676898308676324,0.9913776615230122,0.9976174765464788,0.999346875001755,Pillow wall time including file I/O
chat_preview,ui_text,meme_card,1200,800,512,341,WebP,"m6,q=55",2832,0.12976539589442815,5.71637500001998,0.7618339999453383,nan,nan,37.72946505989963,0.967788746172971,0.9914309419028355,0.9976203483807917,0.9993530718467988,Pillow wall time including file I/O
chat_preview,ui_text,meme_card,1200,800,512,341,WebP,"m6,q=56",2866,0.1313233137829912,5.8431670000800295,0.8122089999460513,nan,nan,37.67319611717856,0.9677343581860535,0.9913896790990065,0.9975216252706456,0.999344493330024,Pillow wall time including file I/O
chat_preview,ui_text,meme_card,1200,800,512,341,WebP,"m6,q=57",2906,0.13315615835777125,5.92170899994926,0.6352919999699225,nan,nan,37.796558990594455,0.9678199841280701,0.991391317137052,0.9975393236874512,0.9993579956207624,Pillow wall time including file I/O
chat_preview,ui_text,meme_card,1200,800,512,341,WebP,"m6,q=58",2944,0.1348973607038123,5.881417000068723,0.6591249999701176,nan,nan,37.930855889464624,0.9688905273649978,0.9917056635240088,0.9975423504427575,0.999385874660042,Pillow wall time including file I/O
chat_preview,ui_text,meme_card,1200,800,512,341,WebP,"m6,q=59",2930,0.1342558651026393,5.837417000066125,0.7487080000601054,nan,nan,37.94010347195202,0.9691551659823302,0.9918082288696101,0.9975458832685806,0.9993881376302677,Pillow wall time including file I/O
chat_preview,ui_text,meme_card,1200,800,512,341,WebP,"m6,q=60",2926,0.13407258064516128,5.814500000042244,0.7644160000381817,nan,nan,37.99928314128995,0.9690170020049923,0.9917018648634358,0.9976043169409148,0.9993956540683901,Pillow wall time including file I/O
chat_preview,ui_text,meme_card,1200,800,512,341,WebP,"m6,q=61",2974,0.13627199413489735,5.9153339999511445,0.7494999999835272,nan,nan,38.046899849155714,0.9689493501659282,0.9919432104419775,0.9976018048755726,0.9994096098775634,Pillow wall time including file I/O
chat_preview,ui_text,meme_card,1200,800,512,341,WebP,"m6,q=62",3016,0.1381964809384164,5.905875000053129,0.7637920000433951,nan,nan,38.06104818550821,0.9686697029218495,0.9918018557291148,0.9976071293321581,0.9994065292955838,Pillow wall time including file I/O
chat_preview,ui_text,meme_card,1200,800,512,341,WebP,"m6,q=63",3046,0.13957111436950145,5.968458999973336,0.8003749999261345,nan,nan,38.02019784552777,0.9694922888396446,0.9919977222955835,0.997649633282894,0.9994104392245634,Pillow wall time including file I/O
chat_preview,ui_text,meme_card,1200,800,512,341,WebP,"m6,q=64",3040,0.13929618768328444,5.931832999976905,0.7666670001071907,nan,nan,38.055469045536746,0.9698910464768485,0.9920743179270163,0.9976947441757531,0.9994150685982209,Pillow wall time including file I/O
chat_preview,ui_text,meme_card,1200,800,512,341,WebP,"m6,q=65",3062,0.14030425219941348,5.906583000069077,0.6399169999440346,nan,nan,38.055001317109365,0.9699890140240335,0.9921760321387914,0.9977555433774128,0.9994209093018073,Pillow wall time including file I/O
chat_preview,ui_text,meme_card,1200,800,512,341,WebP,"m6,q=66",3060,0.14021260997067447,5.987915999980942,0.780208000037419,nan,nan,38.103692762559355,0.9698616411113314,0.9922448370057896,0.9976847178505039,0.9994244071914161,Pillow wall time including file I/O
chat_preview,ui_text,meme_card,1200,800,512,341,WebP,"m6,q=67",3168,0.14516129032258066,6.008333000067978,0.7717500000126165,nan,nan,38.20725370754168,0.9705568525583047,0.992390183846751,0.9977510416992706,0.9994472391783269,Pillow wall time including file I/O
chat_preview,ui_text,meme_card,1200,800,512,341,WebP,"m6,q=68",3168,0.14516129032258066,6.025083999929848,0.7642499999747088,nan,nan,38.20725370754168,0.9705568525583047,0.992390183846751,0.9977510416992706,0.9994472391783269,Pillow wall time including file I/O
chat_preview,ui_text,meme_card,1200,800,512,341,WebP,"m6,q=69",3174,0.14543621700879766,6.004624999945918,0.8271250000007058,nan,nan,38.266472784237976,0.9716388254019,0.9927049772619402,0.9978175006197336,0.9994620162661556,Pillow wall time including file I/O
chat_preview,ui_text,meme_card,1200,800,512,341,WebP,"m6,q=70",3236,0.14827712609970675,6.040541999936977,0.8141249999198408,nan,nan,38.23538356431468,0.9714835567419309,0.9925997240055916,0.9978192100387807,0.9994571099906914,Pillow wall time including file I/O
chat_preview,ui_text,meme_card,1200,800,512,341,WebP,"m6,q=71",3230,0.14800219941348974,5.978416999937508,0.7681250000359796,nan,nan,38.252947473213446,0.9719562047858642,0.9928360789712012,0.9979030370412167,0.9994663257811089,Pillow wall time including file I/O
chat_preview,ui_text,meme_card,1200,800,512,341,WebP,"m6,q=72",3322,0.15221774193548387,6.024582999998529,0.647999999955573,nan,nan,38.19564050088554,0.9699425864148598,0.9922652002988408,0.9977911931250123,0.9994474042101816,Pillow wall time including file I/O
chat_preview,ui_text,meme_card,1200,800,512,341,WebP,"m6,q=73",3322,0.15221774193548387,6.132624999963809,0.8034999999608772,nan,nan,38.19564050088554,0.9699425864148598,0.9922652002988408,0.9977911931250123,0.9994474042101816,Pillow wall time including file I/O
chat_preview,ui_text,meme_card,1200,800,512,341,WebP,"m6,q=74",3362,0.15405058651026393,6.151208000005681,0.6602079999993293,nan,nan,38.28418460797527,0.9698857556330727,0.9921783389567468,0.9978227837262323,0.9994584390280103,Pillow wall time including file I/O
chat_preview,ui_text,meme_card,1200,800,512,341,WebP,"m6,q=75",3486,0.1597324046920821,6.063584000003175,0.8058750000827786,nan,nan,38.37206312875532,0.9706589848112527,0.9924476963268131,0.9978982103900629,0.9994773027106914,Pillow wall time including file I/O
chat_preview,ui_text,meme_card,1200,800,512,341,WebP,"m6,q=76",3522,0.16138196480938416,6.718833000036284,0.8237079999844354,nan,nan,38.71886975618433,0.972921590161937,0.9931614382716704,0.9980136645326797,0.9995190018069559,Pillow wall time including file I/O
chat_preview,ui_text,meme_card,1200,800,512,341,WebP,"m6,q=77",3564,0.16330645161290322,6.211542000073678,0.6599580000283822,nan,nan,38.74408268797049,0.9741487727141543,0.9934172464273797,0.998015979469391,0.9995381146000636,Pillow wall time including file I/O
chat_preview,ui_text,meme_card,1200,800,512,341,WebP,"m6,q=78",3640,0.16678885630498533,6.153665999931945,0.8025829999951384,nan,nan,38.75445881142771,0.9727622206043711,0.9930559535838356,0.9981182823130793,0.9995326764409093,Pillow wall time including file I/O
chat_preview,ui_text,meme_card,1200,800,512,341,WebP,"m6,q=79",3734,0.17109604105571846,6.325999999944543,0.683457999912207,nan,nan,38.946601811332464,0.9739664511098112,0.993381826646678,0.9981412766262735,0.9995522546244927,Pillow wall time including file I/O
chat_preview,ui_text,meme_card,1200,800,512,341,WebP,"m6,q=80",3862,0.17696114369501467,6.342084000038994,0.8209159999523763,nan,nan,39.14376737992056,0.9753022840271596,0.9938372162832702,0.9982229408562352,0.999575222034376,Pillow wall time including file I/O
chat_preview,ui_text,meme_card,1200,800,512,341,WebP,"m6,q=81",3992,0.18291788856304986,6.345916999975998,0.8017499999368738,nan,nan,39.31526348631796,0.9764743265574279,0.9941565540202363,0.998224600207782,0.9996018006146395,Pillow wall time including file I/O
chat_preview,ui_text,meme_card,1200,800,512,341,WebP,"m6,q=82",4164,0.1907991202346041,6.4820419999023215,0.8224159998917457,nan,nan,39.55711152594534,0.9782614899457842,0.9945628792209691,0.9982448204602142,0.9996332732703096,Pillow wall time including file I/O
chat_preview,ui_text,meme_card,1200,800,512,341,WebP,"m6,q=83",4252,0.19483137829912023,6.494000000088818,0.6635409999944386,nan,nan,39.5835500102992,0.9782690864641541,0.9946616969993162,0.9983539293797422,0.9996409688210286,Pillow wall time including file I/O
chat_preview,ui_text,meme_card,1200,800,512,341,WebP,"m6,q=84",4462,0.20445381231671556,6.6102499999942665,0.7083750000447253,nan,nan,39.695035305486954,0.9791824184163912,0.9948898046016454,0.9983831353612521,0.9996565120842115,Pillow wall time including file I/O
chat_preview,ui_text,meme_card,1200,800,512,341,WebP,"m6,q=85",4552,0.20857771260997068,6.6772500000524815,0.6935000000112268,nan,nan,39.8597444097871,0.98041432820576,0.995197157231137,0.9984934358754006,0.9996722253625443,Pillow wall time including file I/O
chat_preview,ui_text,meme_card,1200,800,512,341,WebP,"m6,q=86",4786,0.21929985337243402,6.79479200005062,0.781499999902735,nan,nan,39.93547933224169,0.9791800777132461,0.9945807252271298,0.9980987303602629,0.999673656226947,Pillow wall time including file I/O
chat_preview,ui_text,meme_card,1200,800,512,341,WebP,"m6,q=87",4812,0.22049120234604105,6.957333000059407,0.7682919999751903,nan,nan,39.988516531156066,0.9801658718689161,0.9948983064137514,0.9982088472829483,0.999681367841688,Pillow wall time including file I/O
chat_preview,ui_text,meme_card,1200,800,512,341,WebP,"m6,q=88",5126,0.23487903225806453,7.237084000053073,0.7829169999240548,nan,nan,40.27155378954003,0.9816078837192889,0.995539519983558,0.9983492949404819,0.9997163657902409,Pillow wall time including file I/O
chat_preview,ui_text,meme_card,1200,800,512,341,WebP,"m6,q=89",5230,0.23964442815249268,7.467416000054072,0.7935419999967053,nan,nan,40.24395171160311,0.9819270241212336,0.995658945093039,0.9984786901228178,0.9997152441507786,Pillow wall time including file I/O
chat_preview,ui_text,meme_card,1200,800,512,341,WebP,"m6,q=90",5646,0.2587060117302053,7.527374999995118,0.8478330000798451,nan,nan,40.42961355285727,0.982600960503489,0.9957646197803514,0.9986057027259635,0.9997289192259096,Pillow wall time including file I/O
chat_preview,ui_text,meme_card,1200,800,512,341,WebP,"m6,q=91",6078,0.2785007331378299,7.77945799995905,0.8361669999885635,nan,nan,40.56098634521408,0.9837365574524549,0.9962327665862301,0.9986327753107225,0.9997458803552762,Pillow wall time including file I/O
chat_preview,ui_text,meme_card,1200,800,512,341,WebP,"m6,q=92",6168,0.28262463343108507,7.702499999936663,0.8342080000147689,nan,nan,40.62311496218942,0.9837737959506234,0.9962385013981173,0.9986573240718207,0.9997480093644348,Pillow wall time including file I/O
chat_preview,ui_text,meme_card,1200,800,512,341,WebP,"m6,q=93",6534,0.29939516129032256,8.049958000015067,0.8426669999153091,nan,nan,40.66630024883583,0.9838316728425337,0.9962096520505731,0.998655922590027,0.9997528863180837,Pillow wall time including file I/O
chat_preview,ui_text,meme_card,1200,800,512,341,WebP,"m6,q=94",7282,0.3336693548387097,8.217750000085289,0.9327920000714585,nan,nan,40.80815508600733,0.9842241232529619,0.9963714215392261,0.9987555831550112,0.9997619964618025,Pillow wall time including file I/O
chat_preview,ui_text,meme_card,1200,800,512,341,WebP,"m6,q=95",7970,0.36519428152492667,8.466792000035639,0.9139169999343721,nan,nan,40.90384770743715,0.9850522289055209,0.9966633486135544,0.9987652952125725,0.9997714534126714,Pillow wall time including file I/O
chat_preview,ui_text,meme_card,1200,800,512,341,WebP,"m6,q=96",9216,0.4222873900293255,8.798416999979963,1.0302499999852444,nan,nan,41.08897655432351,0.9873019268734957,0.9974581630084977,0.9990042206139965,0.9997884976797731,Pillow wall time including file I/O
chat_preview,ui_text,meme_card,1200,800,512,341,WebP,"m6,q=97",9598,0.4397910557184751,8.824624999988373,0.9992079999392445,nan,nan,41.12310996334046,0.987403653460709,0.9974878064945235,0.9990115338115074,0.9997920411951206,Pillow wall time including file I/O
chat_preview,ui_text,meme_card,1200,800,512,341,WebP,"m6,q=98",10668,0.48881964809384165,9.853582999994615,1.0180420000551749,nan,nan,41.1820776874695,0.9876316660835386,0.9975936374603643,0.9990780060305826,0.9997975060966552,Pillow wall time including file I/O
chat_preview,ui_text,meme_card,1200,800,512,341,WebP,"m6,q=99",11120,0.5095307917888563,10.306958000001032,1.0430840000026365,nan,nan,41.20917100198458,0.9879487241972423,0.9976408167209788,0.9991019658482672,0.999800621882385,Pillow wall time including file I/O
chat_preview,ui_text,meme_card,1200,800,512,341,WebP,"m6,q=100",11048,0.5062316715542522,10.252207999997154,1.053374999969492,nan,nan,41.19637406722043,0.9879751123773564,0.9976314877589695,0.9990911589271192,0.999799293297552,Pillow wall time including file I/O
chat_preview,ui_text,meme_card,1200,800,512,341,WebP,"lossless,m6",21498,0.9850623167155426,216.0071659999403,1.1873750000859218,nan,nan,99.0,1.0,1.0,0.9999999999999881,1.0,Pillow wall time including file I/O
chat_preview,ui_text,meme_card,1200,800,512,341,AVIF,crf=63,482,0.022085777126099708,45.34075000003668,18.59529199998633,nan,nan,24.86627349856667,0.7884900477344422,0.8690605258350805,0.943626636098872,0.9807845184203573,ffmpeg/libsvtav1 wall time including process and file I/O
chat_preview,ui_text,meme_card,1200,800,512,341,AVIF,crf=62,540,0.02474340175953079,40.09354099991924,18.400000000042382,nan,nan,26.120237169844973,0.8006569200399841,0.9057885234997864,0.959676524558878,0.9863842060047695,ffmpeg/libsvtav1 wall time including process and file I/O
chat_preview,ui_text,meme_card,1200,800,512,341,AVIF,crf=61,577,0.026438782991202347,41.24208300004284,18.46154099996511,nan,nan,26.712461049658337,0.8200716074887652,0.9227460506871226,0.9655110434178424,0.9888414201055558,ffmpeg/libsvtav1 wall time including process and file I/O
chat_preview,ui_text,meme_card,1200,800,512,341,AVIF,crf=60,593,0.02717192082111437,40.83983299994998,19.249082999976963,nan,nan,27.654855033074423,0.8351746334629205,0.929563547818771,0.9750378420680076,0.9910744000548549,ffmpeg/libsvtav1 wall time including process and file I/O
chat_preview,ui_text,meme_card,1200,800,512,341,AVIF,crf=59,608,0.02785923753665689,41.16041600002518,18.525292000049376,nan,nan,28.308554769305573,0.8481765550108684,0.9407088105686213,0.9756043555397854,0.9924344474330905,ffmpeg/libsvtav1 wall time including process and file I/O
chat_preview,ui_text,meme_card,1200,800,512,341,AVIF,crf=58,627,0.028729838709677418,41.461166999965826,19.66824999999517,nan,nan,28.66069366605562,0.851629333725756,0.9421892374188209,0.9760004382568529,0.9930510384533584,ffmpeg/libsvtav1 wall time including process and file I/O
chat_preview,ui_text,meme_card,1200,800,512,341,AVIF,crf=57,650,0.029783724340175954,43.251333999933195,18.52529100005995,nan,nan,28.901857870205244,0.8628851372037495,0.9478991436104884,0.9787432449240178,0.9936164311772963,ffmpeg/libsvtav1 wall time including process and file I/O
chat_preview,ui_text,meme_card,1200,800,512,341,AVIF,crf=56,686,0.031433284457478006,41.617416000008234,18.954916999973648,nan,nan,29.552480645843882,0.8846248459248157,0.9543273316001128,0.9832873639515713,0.9943955247403874,ffmpeg/libsvtav1 wall time including process and file I/O
chat_preview,ui_text,meme_card,1200,800,512,341,AVIF,crf=55,712,0.03262463343108504,40.57000000000244,19.276416000025165,nan,nan,30.346423708344368,0.8861747735577384,0.955254815301242,0.9831132126734825,0.9952968725177955,ffmpeg/libsvtav1 wall time including process and file I/O
chat_preview,ui_text,meme_card,1200,800,512,341,AVIF,crf=54,761,0.03486986803519061,42.41245799994431,19.141916999956265,nan,nan,30.60911884775596,0.8897920443804573,0.9556684228741568,0.9834558361929021,0.9956091693297097,ffmpeg/libsvtav1 wall time including process and file I/O
chat_preview,ui_text,meme_card,1200,800,512,341,AVIF,crf=53,778,0.035648826979472144,42.737167000041154,19.234125000025415,nan,nan,30.920406710224093,0.899752754578573,0.95991537471741,0.985753136719505,0.9960435170016041,ffmpeg/libsvtav1 wall time including process and file I/O
chat_preview,ui_text,meme_card,1200,800,512,341,AVIF,crf=52,801,0.03670271260997068,43.21545799996329,18.683750000036525,nan,nan,31.376827498077123,0.9072979956257238,0.9645939169324391,0.9867132820160225,0.9964733477790575,ffmpeg/libsvtav1 wall time including process and file I/O
chat_preview,ui_text,meme_card,1200,800,512,341,AVIF,crf=51,829,0.037985703812316716,42.80966699991495,19.09899999998288,nan,nan,31.798922906656138,0.9093454566628937,0.9647171118512969,0.987796406286881,0.9967808538267681,ffmpeg/libsvtav1 wall time including process and file I/O
chat_preview,ui_text,meme_card,1200,800,512,341,AVIF,crf=50,857,0.039268695014662756,42.70845799999279,18.858084000044073,nan,nan,32.09271196131923,0.9190895245342962,0.967704584888216,0.9891243709283284,0.9970508701953795,ffmpeg/libsvtav1 wall time including process and file I/O
chat_preview,ui_text,meme_card,1200,800,512,341,AVIF,crf=49,878,0.040230938416422286,42.64416600005916,19.160415999976976,nan,nan,32.80880185512943,0.9272995714184082,0.9707717941666046,0.9898199675256146,0.9974356602416877,ffmpeg/libsvtav1 wall time including process and file I/O
chat_preview,ui_text,meme_card,1200,800,512,341,AVIF,crf=48,933,0.042751099706744865,42.2560000000658,19.678709000004346,nan,nan,32.77317396917804,0.9236257674744577,0.9736284103007103,0.9902920544974387,0.9975713307629565,ffmpeg/libsvtav1 wall time including process and file I/O
chat_preview,ui_text,meme_card,1200,800,512,341,AVIF,crf=47,946,0.04334677419354839,42.22441600006732,19.185624999977335,nan,nan,33.41328865951724,0.93153448948684,0.9778469566820688,0.9910908875119864,0.9979187032975032,ffmpeg/libsvtav1 wall time including process and file I/O
chat_preview,ui_text,meme_card,1200,800,512,341,AVIF,crf=46,967,0.04430901759530792,42.62120800001412,19.49483299995336,nan,nan,33.508155351587455,0.933672129161151,0.9775145955540182,0.9909941749176497,0.9979718423333169,ffmpeg/libsvtav1 wall time including process and file I/O
chat_preview,ui_text,meme_card,1200,800,512,341,AVIF,crf=45,979,0.04485887096774194,43.70033299994702,19.152500000018335,nan,nan,34.03780513190464,0.9404053247102272,0.9797290609783276,0.9919072971909343,0.998231852830549,ffmpeg/libsvtav1 wall time including process and file I/O
chat_preview,ui_text,meme_card,1200,800,512,341,AVIF,crf=44,1050,0.04811217008797654,44.85362499997336,19.466916999931527,nan,nan,34.07339511151277,0.9420785152046104,0.9804075064911016,0.9924118550854673,0.9982750661790132,ffmpeg/libsvtav1 wall time including process and file I/O
chat_preview,ui_text,meme_card,1200,800,512,341,AVIF,crf=43,1072,0.04912023460410557,45.53674999999657,19.055124999908912,nan,nan,34.68073540071407,0.9491506780056365,0.9834594932417259,0.9931328090638526,0.9985109946011554,ffmpeg/libsvtav1 wall time including process and file I/O
chat_preview,ui_text,meme_card,1200,800,512,341,AVIF,crf=42,1086,0.04976173020527859,46.707332999972095,19.193542000039088,nan,nan,35.077388101086484,0.9500898351880811,0.9836966399380606,0.9933592654857263,0.9986143824405689,ffmpeg/libsvtav1 wall time including process and file I/O
chat_preview,ui_text,meme_card,1200,800,512,341,AVIF,crf=41,1135,0.05200696480938417,45.01508400005605,18.62004200006595,nan,nan,35.3513061100571,0.9526434483700875,0.9845970096727751,0.9942875051996508,0.998722383892715,ffmpeg/libsvtav1 wall time including process and file I/O
chat_preview,ui_text,meme_card,1200,800,512,341,AVIF,crf=40,1173,0.05374816715542522,45.07570800001304,19.066082999984246,nan,nan,35.59593757610497,0.9543848289120772,0.9852784581030608,0.9949402627813868,0.9988234418506223,ffmpeg/libsvtav1 wall time including process and file I/O
chat_preview,ui_text,meme_card,1200,800,512,341,AVIF,crf=39,1222,0.05599340175953079,46.963500000060776,19.632624999985637,nan,nan,35.82873914739735,0.9563651878656563,0.9858712268547145,0.9948340746111948,0.9988914647670967,ffmpeg/libsvtav1 wall time including process and file I/O
chat_preview,ui_text,meme_card,1200,800,512,341,AVIF,crf=38,1268,0.058101173020527856,45.198707999929866,19.508832999918013,nan,nan,36.25818447578848,0.9601359226765883,0.9875887925798127,0.9955626113431425,0.9990179461820061,ffmpeg/libsvtav1 wall time including process and file I/O
chat_preview,ui_text,meme_card,1200,800,512,341,AVIF,crf=37,1293,0.0592467008797654,42.99037499993119,18.968374999985826,nan,nan,36.4749888369641,0.9621430333337333,0.9886336857680607,0.9956745005936816,0.999072488051035,ffmpeg/libsvtav1 wall time including process and file I/O
chat_preview,ui_text,meme_card,1200,800,512,341,AVIF,crf=36,1328,0.06085043988269795,42.607458000020415,18.683792000047106,nan,nan,36.52998144009038,0.9627146671488845,0.9887254253411714,0.9960316677063894,0.9991082163936988,ffmpeg/libsvtav1 wall time including process and file I/O
chat_preview,ui_text,meme_card,1200,800,512,341,AVIF,crf=35,1352,0.06195014662756598,42.257457999994585,18.7012499999355,nan,nan,36.90832756623231,0.9662150965846571,0.9899857372314432,0.9964674703644307,0.999170768930457,ffmpeg/libsvtav1 wall time including process and file I/O
chat_preview,ui_text,meme_card,1200,800,512,341,AVIF,crf=34,1426,0.06534090909090909,43.07558299990433,19.205834000104005,nan,nan,37.128008750390784,0.967432863305847,0.9906742294279076,0.9970042848831424,0.9992450091248164,ffmpeg/libsvtav1 wall time including process and file I/O
chat_preview,ui_text,meme_card,1200,800,512,341,AVIF,crf=33,1428,0.06543255131964809,42.51016599994273,19.17387499997858,nan,nan,37.184114047227695,0.967848233826272,0.9908960780884343,0.9969552898685607,0.9992620277133698,ffmpeg/libsvtav1 wall time including process and file I/O
chat_preview,ui_text,meme_card,1200,800,512,341,AVIF,crf=32,1470,0.06735703812316715,42.4239999999827,19.223499999952764,nan,nan,37.30212740115761,0.9679999048720375,0.9910075503504339,0.9970881606708571,0.9993046383340215,ffmpeg/libsvtav1 wall time including process and file I/O
chat_preview,ui_text,meme_card,1200,800,512,341,AVIF,crf=31,1554,0.07120601173020528,41.910292000011395,18.47974999998314,nan,nan,37.53800679440623,0.9697261687847795,0.9918978286553287,0.9973515377578984,0.99934400754131,ffmpeg/libsvtav1 wall time including process and file I/O
chat_preview,ui_text,meme_card,1200,800,512,341,AVIF,crf=30,1572,0.07203079178885631,42.86537500001941,19.591291999972782,nan,nan,37.607293847429965,0.9698030338068574,0.9918749253509579,0.9972116111092356,0.9993630077453487,ffmpeg/libsvtav1 wall time including process and file I/O
chat_preview,ui_text,meme_card,1200,800,512,341,AVIF,crf=29,1625,0.07445931085043989,41.56599999998889,19.16187499989519,nan,nan,37.798226842423844,0.9704724723605125,0.9923744788551557,0.9973892164041693,0.9994008771396393,ffmpeg/libsvtav1 wall time including process and file I/O
chat_preview,ui_text,meme_card,1200,800,512,341,AVIF,crf=28,1660,0.07606304985337244,41.71350000001439,19.098332999988088,nan,nan,37.79784821764917,0.9710328145413318,0.9925844524887187,0.9974560108952122,0.9994085081981969,ffmpeg/libsvtav1 wall time including process and file I/O
chat_preview,ui_text,meme_card,1200,800,512,341,AVIF,crf=27,1751,0.08023277126099707,40.378667000027235,19.879166000009718,nan,nan,38.0092590279503,0.9730157778450609,0.9932999271477468,0.9975111089242478,0.9994527152929575,ffmpeg/libsvtav1 wall time including process and file I/O
chat_preview,ui_text,meme_card,1200,800,512,341,AVIF,crf=26,1777,0.0814241202346041,42.21091700003399,18.732249999970918,nan,nan,38.088526348753206,0.9731600500874645,0.9934457083864757,0.997427848815128,0.9994642664535363,ffmpeg/libsvtav1 wall time including process and file I/O
chat_preview,ui_text,meme_card,1200,800,512,341,AVIF,crf=25,1846,0.0845857771260997,42.39333300006365,18.93991700001152,nan,nan,38.255951261427285,0.9751080186352401,0.9941555973402556,0.9976092229584165,0.9994970646326391,ffmpeg/libsvtav1 wall time including process and file I/O
chat_preview,ui_text,meme_card,1200,800,512,341,AVIF,crf=24,1919,0.08793071847507332,42.43912499998714,19.52695800002857,nan,nan,38.40594204607898,0.9759567885008219,0.9944983273435429,0.9976107995111004,0.9995156406334725,ffmpeg/libsvtav1 wall time including process and file I/O
chat_preview,ui_text,meme_card,1200,800,512,341,AVIF,crf=23,1970,0.09026759530791789,42.97920800001975,19.633375000012165,nan,nan,38.50895516016982,0.9761774202213419,0.9946322195611788,0.9977602758486616,0.9995370863252494,ffmpeg/libsvtav1 wall time including process and file I/O
chat_preview,ui_text,meme_card,1200,800,512,341,AVIF,crf=22,1993,0.09132148093841642,42.81099999991511,18.637249999983396,nan,nan,38.513157223966495,0.9764684642832765,0.9947029977433309,0.9978140632872161,0.9995380981838725,ffmpeg/libsvtav1 wall time including process and file I/O
chat_preview,ui_text,meme_card,1200,800,512,341,AVIF,crf=21,2057,0.09425403225806452,43.69858400002613,19.338916999913636,nan,nan,38.62059823251237,0.9762366344802248,0.9947949389717574,0.9977482582931041,0.9995574250039717,ffmpeg/libsvtav1 wall time including process and file I/O
chat_preview,ui_text,meme_card,1200,800,512,341,AVIF,crf=20,2122,0.09723240469208211,43.25641699995231,22.32262500001525,nan,nan,38.65715369301914,0.9775778126710984,0.9951914745729539,0.9979137816895687,0.9995692602505204,ffmpeg/libsvtav1 wall time including process and file I/O
chat_preview,ui_text,meme_card,1200,800,512,341,AVIF,crf=19,2196,0.10062316715542521,40.97829200009073,19.286082999997234,nan,nan,38.72495106682984,0.9777415103719164,0.9953224563579575,0.9979396213921312,0.9995808390838005,ffmpeg/libsvtav1 wall time including process and file I/O
chat_preview,ui_text,meme_card,1200,800,512,341,AVIF,crf=18,2257,0.10341825513196481,41.488749999984975,19.34383400009665,nan,nan,38.768053210362545,0.9778710126422873,0.9954268935009422,0.9979545557637266,0.9995893015178511,ffmpeg/libsvtav1 wall time including process and file I/O
chat_preview,ui_text,meme_card,1200,800,512,341,AVIF,crf=17,2324,0.10648826979472141,43.136915999980374,19.203667000056157,nan,nan,38.8445737797929,0.9783404210278307,0.9955967560664841,0.9980755741414911,0.999598826206587,ffmpeg/libsvtav1 wall time including process and file I/O
chat_preview,ui_text,meme_card,1200,800,512,341,AVIF,crf=16,2364,0.10832111436950147,42.524041999968176,18.572083999970346,nan,nan,38.989664155634344,0.9790872998810164,0.9957957523971458,0.9981119805742409,0.9996142170693428,ffmpeg/libsvtav1 wall time including process and file I/O
chat_preview,ui_text,meme_card,1200,800,512,341,AVIF,crf=15,2488,0.11400293255131964,44.10054200002378,18.96533400008593,nan,nan,39.0226547821863,0.9797287174475029,0.9960975432586591,0.9982608460172442,0.9996241922862725,ffmpeg/libsvtav1 wall time including process and file I/O
chat_preview,ui_text,meme_card,1200,800,512,341,AVIF,crf=14,2574,0.11794354838709678,44.79370799992921,18.522041999972316,nan,nan,39.11943494077691,0.9805401947548393,0.996285756478232,0.9982676231318498,0.999635186137423,ffmpeg/libsvtav1 wall time including process and file I/O
chat_preview,ui_text,meme_card,1200,800,512,341,AVIF,crf=13,2655,0.1216550586510264,43.975208000006205,19.20133299995541,nan,nan,39.16360142063781,0.9806694907408479,0.9963442711633892,0.9983110988961349,0.9996430458941041,ffmpeg/libsvtav1 wall time including process and file I/O
chat_preview,ui_text,meme_card,1200,800,512,341,AVIF,crf=12,2782,0.12747434017595308,45.78737499991803,19.94508300003872,nan,nan,39.260183429908835,0.981064424727497,0.9964664722436963,0.998313124129145,0.9996531866850763,ffmpeg/libsvtav1 wall time including process and file I/O
chat_preview,ui_text,meme_card,1200,800,512,341,AVIF,crf=11,2942,0.1348057184750733,46.85075000008965,19.42104099998687,nan,nan,39.25232494775258,0.9810844721412183,0.9965303298856734,0.9983199924096209,0.9996546979594726,ffmpeg/libsvtav1 wall time including process and file I/O
chat_preview,ui_text,meme_card,1200,800,512,341,AVIF,crf=10,3072,0.14076246334310852,45.75554099994861,19.61745799997061,nan,nan,39.30516690029211,0.9816543709366375,0.9966761265389522,0.9983985270704075,0.999663742084716,ffmpeg/libsvtav1 wall time including process and file I/O
chat_preview,ui_text,meme_card,1200,800,512,341,AVIF,crf=9,3276,0.1501099706744868,46.72591700000339,19.61779199996272,nan,nan,39.38244687770561,0.981739373282641,0.9967551901073795,0.9984430307800494,0.9996726695187002,ffmpeg/libsvtav1 wall time including process and file I/O
chat_preview,ui_text,meme_card,1200,800,512,341,AVIF,crf=8,3553,0.16280241935483872,48.03220799999508,19.18383299994275,nan,nan,39.465897388541535,0.9822794393036687,0.9969190124076754,0.998491036559833,0.9996815661644433,ffmpeg/libsvtav1 wall time including process and file I/O
chat_preview,ui_text,meme_card,1200,800,512,341,AVIF,crf=7,3691,0.16912573313782991,48.470374999965316,18.8829580000629,nan,nan,39.508885390338996,0.9828455959558311,0.9971031062974981,0.9985963582810714,0.9996872586958743,ffmpeg/libsvtav1 wall time including process and file I/O
chat_preview,ui_text,meme_card,1200,800,512,341,AVIF,crf=6,4200,0.19244868035190615,49.36533399995824,19.591209000054732,nan,nan,39.545569124245816,0.9830573043038715,0.997127248532645,0.9985764672194672,0.9996923047076473,ffmpeg/libsvtav1 wall time including process and file I/O
chat_preview,ui_text,meme_card,1200,800,512,341,AVIF,crf=5,4631,0.21219758064516128,49.144124999997985,19.092000000000553,nan,nan,39.598795400450854,0.9834899070251005,0.9972925481605768,0.9986627766768016,0.9996992106917166,ffmpeg/libsvtav1 wall time including process and file I/O
chat_preview,ui_text,meme_card,1200,800,512,341,AVIF,crf=4,5536,0.2536656891495601,49.476333000029626,19.473625000046013,nan,nan,39.65417850728724,0.9839950850795174,0.997452841002742,0.9987511342864471,0.9997061347545934,ffmpeg/libsvtav1 wall time including process and file I/O
chat_preview,ui_text,meme_card,1200,800,512,341,AVIF,crf=3,6569,0.30099890029325516,53.03670900002544,19.855542000073,nan,nan,39.673664544223406,0.9843887278320796,0.9975902940526714,0.9988419955198111,0.9997100516196018,ffmpeg/libsvtav1 wall time including process and file I/O
chat_preview,ui_text,meme_card,1200,800,512,341,AVIF,crf=2,8804,0.4034090909090909,112.56508300004953,21.243249999997715,nan,nan,39.71896607667971,0.9847834345297316,0.9977143115846321,0.9989312121461994,0.9997146815389695,ffmpeg/libsvtav1 wall time including process and file I/O
chat_preview,ui_text,meme_card,1200,800,512,341,AVIF,crf=1,12641,0.579224706744868,54.653417000054105,20.98545799992735,nan,nan,39.76570673682679,0.9854494382583727,0.9978921343276709,0.9990176966271763,0.9997202639846581,ffmpeg/libsvtav1 wall time including process and file I/O
chat_preview,ui_text,meme_card,1200,800,512,341,JPEG2000,"pix=yuv420p,qscale=1",7935,0.36359054252199413,26.922958999989532,21.48216600005526,nan,nan,39.54697966019734,0.9845502853256498,0.9977767446133031,0.9989021624913694,0.999703035122497,native ffmpeg jpeg2000 wall time including process and file I/O
chat_preview,ui_text,meme_card,1200,800,512,341,JPEG2000,"pix=yuv420p,qscale=10000",1252,0.05736803519061583,25.509833999990406,20.398541999952613,nan,nan,27.2226066464709,0.8522108545103734,0.9503735374323389,0.9734497504383219,0.9902180348394153,native ffmpeg jpeg2000 wall time including process and file I/O
chat_preview,ui_text,meme_card,1200,800,512,341,JPEG2000,"pix=yuv420p,qscale=5000",1376,0.06304985337243402,25.622125000040796,19.72058299998025,nan,nan,28.372604154133153,0.872284358149679,0.9611313391452853,0.9783808883844918,0.9929821810570028,native ffmpeg jpeg2000 wall time including process and file I/O
chat_preview,ui_text,meme_card,1200,800,512,341,JPEG2000,"pix=yuv420p,qscale=2500",1550,0.07102272727272728,25.21329199998945,21.387375000017528,nan,nan,29.83518813996362,0.894124254448856,0.9711791186305191,0.9850551984631127,0.9955129244397376,native ffmpeg jpeg2000 wall time including process and file I/O
chat_preview,ui_text,meme_card,1200,800,512,341,JPEG2000,"pix=yuv420p,qscale=3750",1443,0.06611986803519061,25.83162500002345,20.20091700001103,nan,nan,29.03058895056354,0.882905760949707,0.96636042828285,0.9818573665703829,0.9942710779883859,native ffmpeg jpeg2000 wall time including process and file I/O
chat_preview,ui_text,meme_card,1200,800,512,341,JPEG2000,"pix=yuv420p,qscale=3125",1475,0.06758614369501466,26.587500000005093,21.197541999981695,nan,nan,29.346392032480093,0.887622863731575,0.9680909460978718,0.9828704865309771,0.9948016242451891,native ffmpeg jpeg2000 wall time including process and file I/O
chat_preview,ui_text,meme_card,1200,800,512,341,JPEG2000,"pix=yuv420p,qscale=2812",1510,0.06918988269794721,25.730374999966443,20.297666000033132,nan,nan,29.602206356092506,0.8916492979961936,0.9703886466375554,0.9843975617321595,0.995213361470226,native ffmpeg jpeg2000 wall time including process and file I/O
chat_preview,ui_text,meme_card,1200,800,512,341,JPEG2000,"pix=yuv420p,qscale=2968",1491,0.06831928152492668,27.217957999937425,23.03591600002619,nan,nan,29.40483198488223,0.8899434157623395,0.9689042864774496,0.9839790915514703,0.9948739291214094,native ffmpeg jpeg2000 wall time including process and file I/O
chat_preview,ui_text,meme_card,1200,800,512,341,JPEG2000,"pix=yuv420p,qscale=2890",1504,0.0689149560117302,26.297709000004943,19.756041000050573,nan,nan,29.564761784759224,0.891048323939931,0.9699123060620519,0.984346857219197,0.9951549415949563,native ffmpeg jpeg2000 wall time including process and file I/O
chat_preview,ui_text,meme_card,1200,800,512,341,JPEG2000,"pix=yuv420p,qscale=2851",1504,0.0689149560117302,26.26516600003015,19.616707999944083,nan,nan,29.564761784759224,0.891048323939931,0.9699123060620519,0.984346857219197,0.9951549415949563,native ffmpeg jpeg2000 wall time including process and file I/O
chat_preview,ui_text,meme_card,1200,800,512,341,JPEG2000,"pix=yuv420p,qscale=2831",1504,0.0689149560117302,25.246958000025188,19.86158300007901,nan,nan,29.564761784759224,0.891048323939931,0.9699123060620519,0.984346857219197,0.9951549415949563,native ffmpeg jpeg2000 wall time including process and file I/O
chat_preview,ui_text,meme_card,1200,800,512,341,JPEG2000,"pix=yuv420p,qscale=2821",1505,0.0689607771260997,25.817167000013796,19.9259590000338,nan,nan,29.566658742290016,0.8911185792722488,0.9699418277208275,0.9843574403165527,0.995159356370693,native ffmpeg jpeg2000 wall time including process and file I/O
chat_preview,ui_text,meme_card,1200,800,512,341,JPEG2000,"pix=yuv420p,qscale=2816",1510,0.06918988269794721,25.284290999934456,19.518915999924502,nan,nan,29.602206356092506,0.8916492979961936,0.9703886466375554,0.9843975617321595,0.995213361470226,native ffmpeg jpeg2000 wall time including process and file I/O
chat_preview,ui_text,meme_card,1200,800,512,341,JPEG2000,"pix=yuv420p,qscale=2818",1510,0.06918988269794721,24.914583999930073,19.44808300004297,nan,nan,29.602206356092506,0.8916492979961936,0.9703886466375554,0.9843975617321595,0.995213361470226,native ffmpeg jpeg2000 wall time including process and file I/O
chat_preview,ui_text,meme_card,1200,800,512,341,JPEG2000,"pix=yuv420p,qscale=2819",1505,0.0689607771260997,25.58783399990716,20.025082999950428,nan,nan,29.566658742290016,0.8911185792722488,0.9699418277208275,0.9843574403165527,0.995159356370693,native ffmpeg jpeg2000 wall time including process and file I/O
chat_preview,ui_text,meme_card,1200,800,512,341,JPEG2000,"pix=yuv420p,qscale=2817",1510,0.06918988269794721,26.399292000064634,20.09891600005176,nan,nan,29.602206356092506,0.8916492979961936,0.9703886466375554,0.9843975617321595,0.995213361470226,native ffmpeg jpeg2000 wall time including process and file I/O
chat_preview,ui_text,meme_card,1200,800,512,341,JPEG2000,"pix=yuv420p,qscale=2820",1505,0.0689607771260997,26.02862499998082,21.017249999999876,nan,nan,29.566658742290016,0.8911185792722488,0.9699418277208275,0.9843574403165527,0.995159356370693,native ffmpeg jpeg2000 wall time including process and file I/O
chat_preview,ui_text,meme_card,1200,800,512,341,JPEG2000,"pix=yuv420p,qscale=1250",1728,0.07917888563049853,25.07454199997028,20.026541999982328,nan,nan,30.87477969084805,0.9056413550026283,0.9755795545778395,0.9872976649727333,0.996662665225992,native ffmpeg jpeg2000 wall time including process and file I/O
chat_preview,ui_text,meme_card,1200,800,512,341,JPEG2000,"pix=yuv420p,qscale=625",1994,0.09136730205278593,26.76866699994207,20.078042000022833,nan,nan,32.09785785191363,0.917445421664335,0.9805725155604087,0.9896210491197366,0.9975488020109787,native ffmpeg jpeg2000 wall time including process and file I/O
chat_preview,ui_text,meme_card,1200,800,512,341,JPEG2000,"pix=yuv420p,qscale=313",2371,0.10864186217008798,26.232457999981307,19.986792000054265,nan,nan,33.40166935411213,0.9364528933892619,0.9856335523060406,0.9933045373514203,0.9982262865499786,native ffmpeg jpeg2000 wall time including process and file I/O
chat_preview,ui_text,meme_card,1200,800,512,341,JPEG2000,"pix=yuv420p,qscale=469",2147,0.09837793255131964,26.58333300007598,20.097875000033127,nan,nan,32.58847393403494,0.9256619052459376,0.9827177776465188,0.991596142828092,0.9978243954065349,native ffmpeg jpeg2000 wall time including process and file I/O
chat_preview,ui_text,meme_card,1200,800,512,341,JPEG2000,"pix=yuv420p,qscale=391",2249,0.1030516862170088,26.49050000002262,19.834790999993857,nan,nan,33.08226001197645,0.9313697015537618,0.9842083983606577,0.9926786310330534,0.9980631257306348,native ffmpeg jpeg2000 wall time including process and file I/O
chat_preview,ui_text,meme_card,1200,800,512,341,JPEG2000,"pix=yuv420p,qscale=352",2317,0.1061675219941349,25.099624999938897,20.597250000037093,nan,nan,33.24848390542075,0.935338495227108,0.9853956629222028,0.9930626936306192,0.9981700190036964,native ffmpeg jpeg2000 wall time including process and file I/O
chat_preview,ui_text,meme_card,1200,800,512,341,JPEG2000,"pix=yuv420p,qscale=371",2279,0.10442631964809385,25.476082999944083,19.467041999973844,nan,nan,33.1319095769075,0.9327600390011231,0.984693695005106,0.9929135044731533,0.9980951961115332,native ffmpeg jpeg2000 wall time including process and file I/O
chat_preview,ui_text,meme_card,1200,800,512,341,JPEG2000,"pix=yuv420p,qscale=361",2295,0.10515945747800587,25.424082999961684,19.469250000042848,nan,nan,33.15038222208476,0.9330797047466644,0.9847476488586596,0.9929973221482498,0.9981077135043954,native ffmpeg jpeg2000 wall time including process and file I/O
chat_preview,ui_text,meme_card,1200,800,512,341,JPEG2000,"pix=yuv420p,qscale=356",2306,0.10566348973607038,24.984958000004553,20.605374999945525,nan,nan,33.20252193908406,0.9336646826841624,0.9848331045117394,0.9930662526279919,0.9981327104855496,native ffmpeg jpeg2000 wall time including process and file I/O
chat_preview,ui_text,meme_card,1200,800,512,341,JPEG2000,"pix=yuv420p,qscale=354",2317,0.1061675219941349,25.09495800006789,20.24954199998774,nan,nan,33.24848390542075,0.935338495227108,0.9853956629222028,0.9930626936306192,0.9981700190036964,native ffmpeg jpeg2000 wall time including process and file I/O
chat_preview,ui_text,meme_card,1200,800,512,341,JPEG2000,"pix=yuv420p,qscale=355",2306,0.10566348973607038,25.77312500000062,20.38362500002222,nan,nan,33.20252193908406,0.9336646826841624,0.9848331045117394,0.9930662526279919,0.9981327104855496,native ffmpeg jpeg2000 wall time including process and file I/O
chat_preview,ui_text,meme_card,1200,800,512,341,JPEG2000,"pix=yuv420p,qscale=353",2317,0.1061675219941349,25.665042000014182,19.78212500000609,nan,nan,33.24848390542075,0.935338495227108,0.9853956629222028,0.9930626936306192,0.9981700190036964,native ffmpeg jpeg2000 wall time including process and file I/O
chat_preview,ui_text,meme_card,1200,800,512,341,JPEG2000,"pix=yuv420p,qscale=357",2305,0.10561766862170088,25.079125000047497,20.02025000001595,nan,nan,33.18950754007468,0.9335103604647017,0.9848228503854389,0.9930504680570118,0.9981265580782737,native ffmpeg jpeg2000 wall time including process and file I/O
chat_preview,ui_text,meme_card,1200,800,512,341,JPEG2000,"pix=yuv420p,qscale=157",2778,0.12729105571847507,25.38325000000441,20.609792000072957,nan,nan,34.846926916777875,0.9511676204714602,0.9898421195902611,0.9955502513138044,0.998807677089741,native ffmpeg jpeg2000 wall time including process and file I/O
chat_preview,ui_text,meme_card,1200,800,512,341,JPEG2000,"pix=yuv420p,qscale=79",3220,0.14754398826979473,25.364416000002166,20.533666999995148,nan,nan,35.836579821382074,0.9586885716753843,0.991861590018313,0.9966244041590949,0.9990868363071468,native ffmpeg jpeg2000 wall time including process and file I/O
chat_preview,ui_text,meme_card,1200,800,512,341,JPEG2000,"pix=yuv420p,qscale=40",3813,0.1747159090909091,25.647291999916888,20.79020799999398,nan,nan,37.19853398263974,0.968081263740867,0.9940729294295498,0.9975599557986622,0.9993677588527858,native ffmpeg jpeg2000 wall time including process and file I/O
chat_preview,ui_text,meme_card,1200,800,512,341,JPEG2000,"pix=yuv420p,qscale=20",4350,0.19932184750733137,26.266416999987996,20.909374999973807,nan,nan,37.89151958138932,0.9729445836161882,0.9953698497631605,0.9981816762400681,0.9994853449925892,native ffmpeg jpeg2000 wall time including process and file I/O
chat_preview,ui_text,meme_card,1200,800,512,341,JPEG2000,"pix=yuv420p,qscale=30",4051,0.18562133431085043,25.9269169999925,20.856999999978143,nan,nan,37.57376863330198,0.9702828471466205,0.9945564926499734,0.9979096796414378,0.9994268383674147,native ffmpeg jpeg2000 wall time including process and file I/O
chat_preview,ui_text,meme_card,1200,800,512,341,JPEG2000,"pix=yuv420p,qscale=25",4246,0.19455645161290322,25.359166000043842,21.014375000049768,nan,nan,37.74422852637234,0.9718417647948533,0.9950559382464194,0.9980694244078719,0.9994582807638581,native ffmpeg jpeg2000 wall time including process and file I/O
chat_preview,ui_text,meme_card,1200,800,512,341,JPEG2000,"pix=yuv420p,qscale=27",4112,0.18841642228739003,26.677457999994658,21.763750000104665,nan,nan,37.64860045679571,0.9709467517359487,0.9947072486809926,0.9979542076581419,0.9994373048100419,native ffmpeg jpeg2000 wall time including process and file I/O
chat_preview,ui_text,meme_card,1200,800,512,341,JPEG2000,"pix=yuv420p,qscale=26",4182,0.19162390029325513,26.58483300001535,20.51291600002969,nan,nan,37.68954485966163,0.9713703128098646,0.99484508483918,0.9980463358301597,0.9994459619886654,native ffmpeg jpeg2000 wall time including process and file I/O
chat_preview,ui_text,meme_card,1200,800,512,341,JPEG2000,"pix=yuv420p,qscale=23",4281,0.19616019061583578,26.58066600008624,20.749792000060552,nan,nan,37.785628621097636,0.9720393337110682,0.9950968144517883,0.9981015700047968,0.9994642501580311,native ffmpeg jpeg2000 wall time including process and file I/O
chat_preview,ui_text,meme_card,1200,800,512,341,JPEG2000,"pix=yuv420p,qscale=24",4266,0.19547287390029325,25.072082999940903,20.26695799997924,nan,nan,37.771668152500496,0.9719020474468761,0.9950674717252764,0.9980861874878874,0.9994616494367563,native ffmpeg jpeg2000 wall time including process and file I/O
chat_preview,ui_text,meme_card,1200,800,512,341,JPEG2000,"pix=yuv420p,qscale=28",4096,0.187683284457478,24.945041000023593,19.879457999991246,nan,nan,37.62451667853837,0.9704705126219588,0.9945789415396594,0.9979347989484645,0.9994323494745321,native ffmpeg jpeg2000 wall time including process and file I/O
chat_preview,ui_text,meme_card,1200,800,512,341,JPEG2000,"pix=rgb24,qscale=1",17125,0.7846865835777126,30.354708000004393,23.988000000031207,nan,nan,56.18401510753021,0.9988694552725405,0.9998479494514082,0.9999018120594758,0.9999926571015954,native ffmpeg jpeg2000 wall time including process and file I/O
chat_preview,ui_text,meme_card,1200,800,512,341,JPEG2000,"pix=rgb24,qscale=10000",2259,0.10350989736070382,29.747874999998203,20.720500000038555,nan,nan,31.08290789005234,0.9095632007141784,0.9777205870881893,0.981095160007473,0.9969267820605604,native ffmpeg jpeg2000 wall time including process and file I/O
chat_preview,ui_text,meme_card,1200,800,512,341,JPEG2000,"pix=rgb24,qscale=5000",2486,0.11391129032258064,30.01054200001363,20.90395899995201,nan,nan,31.635372505624744,0.9220061543058152,0.9828255884255653,0.9861819110579978,0.9974600018013628,native ffmpeg jpeg2000 wall time including process and file I/O
chat_preview,ui_text,meme_card,1200,800,512,341,JPEG2000,"pix=rgb24,qscale=2500",2916,0.13361436950146627,32.43670799997744,21.831375000033404,nan,nan,33.29569947108749,0.938175573819883,0.9875110654836039,0.990374382877457,0.9983133857367233,native ffmpeg jpeg2000 wall time including process and file I/O
chat_preview,ui_text,meme_card,1200,800,512,341,JPEG2000,"pix=rgb24,qscale=3750",2719,0.12458760997067449,31.359833999999864,21.72320799991212,nan,nan,32.67311418381861,0.929122197411974,0.9854455084785553,0.9882843677333674,0.9980026006723496,native ffmpeg jpeg2000 wall time including process and file I/O
chat_preview,ui_text,meme_card,1200,800,512,341,JPEG2000,"pix=rgb24,qscale=4375",2595,0.11890579178885631,32.08212499998808,21.63166600007571,nan,nan,31.991438030874804,0.9257152916632588,0.9842866406095189,0.9870239539783854,0.9976499305079273,native ffmpeg jpeg2000 wall time including process and file I/O
chat_preview,ui_text,meme_card,1200,800,512,341,JPEG2000,"pix=rgb24,qscale=4062",2618,0.11995967741935484,30.51287499999944,21.47170799992182,nan,nan,32.07256931734497,0.9262456339214719,0.9845211781615717,0.9871863346062048,0.9976976696096841,native ffmpeg jpeg2000 wall time including process and file I/O
chat_preview,ui_text,meme_card,1200,800,512,341,JPEG2000,"pix=rgb24,qscale=3906",2633,0.12064699413489736,31.406040999968354,21.75024999996822,nan,nan,32.12222469827754,0.9268079352063444,0.9847379525506407,0.9872289392291128,0.9977257486173327,native ffmpeg jpeg2000 wall time including process and file I/O
chat_preview,ui_text,meme_card,1200,800,512,341,JPEG2000,"pix=rgb24,qscale=3828",2704,0.12390029325513197,31.40554100002646,21.22658300004332,nan,nan,32.568294093175496,0.9287630090416436,0.9853410268267798,0.988208601371271,0.9979582627001111,native ffmpeg jpeg2000 wall time including process and file I/O
chat_preview,ui_text,meme_card,1200,800,512,341,JPEG2000,"pix=rgb24,qscale=3867",2647,0.12128848973607038,31.79491599996709,21.745042000020476,nan,nan,32.152840039943015,0.9277348160010247,0.9850483239621933,0.9875138768819962,0.9977550209224068,native ffmpeg jpeg2000 wall time including process and file I/O
chat_preview,ui_text,meme_card,1200,800,512,341,JPEG2000,"pix=rgb24,qscale=3886",2647,0.12128848973607038,29.819250000059583,20.750083999928393,nan,nan,32.152840039943015,0.9277348160010247,0.9850483239621933,0.9875138768819962,0.9977550209224068,native ffmpeg jpeg2000 wall time including process and file I/O
chat_preview,ui_text,meme_card,1200,800,512,341,JPEG2000,"pix=rgb24,qscale=3896",2640,0.12096774193548387,30.288458000086393,20.583792000024914,nan,nan,32.14600539152703,0.9273460405506025,0.9849198780230078,0.987489257466606,0.9977483554630081,native ffmpeg jpeg2000 wall time including process and file I/O
chat_preview,ui_text,meme_card,1200,800,512,341,JPEG2000,"pix=rgb24,qscale=3891",2640,0.12096774193548387,29.99087499995312,21.002916000043115,nan,nan,32.14600539152703,0.9273460405506025,0.9849198780230078,0.987489257466606,0.9977483554630081,native ffmpeg jpeg2000 wall time including process and file I/O
chat_preview,ui_text,meme_card,1200,800,512,341,JPEG2000,"pix=rgb24,qscale=3888",2640,0.12096774193548387,30.09420799992313,20.70679200005543,nan,nan,32.14600539152703,0.9273460405506025,0.9849198780230078,0.987489257466606,0.9977483554630081,native ffmpeg jpeg2000 wall time including process and file I/O
chat_preview,ui_text,meme_card,1200,800,512,341,JPEG2000,"pix=rgb24,qscale=3887",2647,0.12128848973607038,29.930417000059606,20.99412500001563,nan,nan,32.152840039943015,0.9277348160010247,0.9850483239621933,0.9875138768819962,0.9977550209224068,native ffmpeg jpeg2000 wall time including process and file I/O
chat_preview,ui_text,meme_card,1200,800,512,341,JPEG2000,"pix=rgb24,qscale=3885",2647,0.12128848973607038,30.144666999945002,22.08987500000603,nan,nan,32.152840039943015,0.9277348160010247,0.9850483239621933,0.9875138768819962,0.9977550209224068,native ffmpeg jpeg2000 wall time including process and file I/O
chat_preview,ui_text,meme_card,1200,800,512,341,JPEG2000,"pix=rgb24,qscale=3889",2640,0.12096774193548387,29.87983399998484,21.381415999940145,nan,nan,32.14600539152703,0.9273460405506025,0.9849198780230078,0.987489257466606,0.9977483554630081,native ffmpeg jpeg2000 wall time including process and file I/O
chat_preview,ui_text,meme_card,1200,800,512,341,JPEG2000,"pix=rgb24,qscale=3890",2640,0.12096774193548387,30.510499999991225,20.86799999995037,nan,nan,32.14600539152703,0.9273460405506025,0.9849198780230078,0.987489257466606,0.9977483554630081,native ffmpeg jpeg2000 wall time including process and file I/O
chat_preview,ui_text,meme_card,1200,800,512,341,JPEG2000,"pix=rgb24,qscale=1250",3467,0.1588618035190616,30.50808299997243,21.255958000097053,nan,nan,34.729373622343566,0.9512028409278779,0.9907640043385614,0.9928937326633731,0.9988379324712383,native ffmpeg jpeg2000 wall time including process and file I/O
chat_preview,ui_text,meme_card,1200,800,512,341,JPEG2000,"pix=rgb24,qscale=625",4119,0.18873717008797655,30.36504099998183,21.433417000025656,nan,nan,36.069459473277206,0.9615072569055054,0.9934392068020905,0.9946923558436036,0.9991712733505341,native ffmpeg jpeg2000 wall time including process and file I/O
chat_preview,ui_text,meme_card,1200,800,512,341,JPEG2000,"pix=rgb24,qscale=313",5054,0.2315799120234604,30.376292000028116,22.011915999996745,nan,nan,38.27518594319686,0.9745647716957234,0.9960651408210638,0.997100973521432,0.9995332654546243,native ffmpeg jpeg2000 wall time including process and file I/O
chat_preview,ui_text,meme_card,1200,800,512,341,JPEG2000,"pix=rgb24,qscale=469",4457,0.20422470674486803,30.288583000015024,21.68662500002938,nan,nan,36.74665092342916,0.9662960693274377,0.994500630834855,0.995575839587846,0.9993011113866628,native ffmpeg jpeg2000 wall time including process and file I/O
chat_preview,ui_text,meme_card,1200,800,512,341,JPEG2000,"pix=rgb24,qscale=391",4830,0.22131598240469208,30.52141600005598,21.412707999957092,nan,nan,37.75248174496826,0.9716286283000642,0.995552197744594,0.9967991692390573,0.9994595077877135,native ffmpeg jpeg2000 wall time including process and file I/O
chat_preview,ui_text,meme_card,1200,800,512,341,JPEG2000,"pix=rgb24,qscale=430",4643,0.2127474340175953,30.56666599991331,21.97691600008511,nan,nan,37.31377371926349,0.968962267340557,0.9949211360445412,0.9961019018128019,0.9993802461096354,native ffmpeg jpeg2000 wall time including process and file I/O
chat_preview,ui_text,meme_card,1200,800,512,341,JPEG2000,"pix=rgb24,qscale=410",4727,0.21659640762463342,30.41891600003055,22.066582999968887,nan,nan,37.4752837221952,0.9698742341454415,0.9951704658616757,0.9964890674604203,0.9994134084099783,native ffmpeg jpeg2000 wall time including process and file I/O
chat_preview,ui_text,meme_card,1200,800,512,341,JPEG2000,"pix=rgb24,qscale=420",4647,0.2129307184750733,30.67883400001392,21.90637500007142,nan,nan,37.32305217928007,0.968971445483982,0.9949228151487436,0.9961042275206348,0.9993815195019928,native ffmpeg jpeg2000 wall time including process and file I/O
chat_preview,ui_text,meme_card,1200,800,512,341,JPEG2000,"pix=rgb24,qscale=415",4727,0.21659640762463342,30.577583000081177,21.210333999988507,nan,nan,37.4752837221952,0.9698742341454415,0.9951704658616757,0.9964890674604203,0.9994134084099783,native ffmpeg jpeg2000 wall time including process and file I/O
chat_preview,ui_text,meme_card,1200,800,512,341,JPEG2000,"pix=rgb24,qscale=417",4663,0.21366385630498533,30.68883299999925,21.480084000017996,nan,nan,37.351068759947275,0.9693620967918766,0.9949653088130962,0.996158472643039,0.9993853131334619,native ffmpeg jpeg2000 wall time including process and file I/O
chat_preview,ui_text,meme_card,1200,800,512,341,JPEG2000,"pix=rgb24,qscale=416",4727,0.21659640762463342,30.270041999983732,21.68083399999432,nan,nan,37.4752837221952,0.9698742341454415,0.9951704658616757,0.9964890674604203,0.9994134084099783,native ffmpeg jpeg2000 wall time including process and file I/O
chat_preview,ui_text,meme_card,1200,800,512,341,JPEG2000,"pix=rgb24,qscale=414",4727,0.21659640762463342,30.104791999974623,21.683042000063324,nan,nan,37.4752837221952,0.9698742341454415,0.9951704658616757,0.9964890674604203,0.9994134084099783,native ffmpeg jpeg2000 wall time including process and file I/O
chat_preview,ui_text,meme_card,1200,800,512,341,JPEG2000,"pix=rgb24,qscale=418",4655,0.21329728739002932,30.445916000076068,21.250334000001203,nan,nan,37.34808134664377,0.969092016901736,0.9949522854227416,0.9961627239074392,0.9993869671044652,native ffmpeg jpeg2000 wall time including process and file I/O
chat_preview,ui_text,meme_card,1200,800,512,341,JPEG2000,"pix=rgb24,qscale=419",4647,0.2129307184750733,30.217750000019805,21.338375000027554,nan,nan,37.32305217928007,0.968971445483982,0.9949228151487436,0.9961042275206348,0.9993815195019928,native ffmpeg jpeg2000 wall time including process and file I/O
