profile,category,sample,source_width,source_height,width,height,codec,setting,bytes,bpp,encode_ms,decode_ms,codec_encode_ms,codec_decode_ms,psnr,ssim_windowed,ms_ssim_windowed,ms_ssim_luma,legacy_ms_ssim_proxy,notes
chat_preview,photo,kodak_01,768,512,512,341,CAPS,"q=1,tile=64",11378,0.5213526392961877,184.153167,11.406167000000023,4.80604,5.25429,25.077460429124802,0.7836554263060166,0.9478588664763196,0.9571717061896217,0.9677089864693353,subprocess wall time including PPM I/O; codec_* fields are resident timing
chat_preview,photo,kodak_01,768,512,512,341,CAPS,"q=2,tile=64",11395,0.5221315982404692,10.229833999999993,13.666291999999913,4.75367,5.57333,25.08526966204696,0.7838483628980245,0.9479795719370934,0.9572062370598712,0.9677722619687642,subprocess wall time including PPM I/O; codec_* fields are resident timing
chat_preview,photo,kodak_01,768,512,512,341,CAPS,"q=3,tile=64",11621,0.5324871700879765,11.875292000000037,14.930792000000137,5.08704,6.59704,25.13645882145537,0.7875555275383412,0.9487278908985642,0.9580513593823015,0.9681799757486511,subprocess wall time including PPM I/O; codec_* fields are resident timing
chat_preview,photo,kodak_01,768,512,512,341,CAPS,"q=4,tile=64",11829,0.5420179618768328,11.765540999999935,12.169541000000006,4.79242,5.40954,25.1712279893075,0.7900245735241338,0.9492972061050433,0.9586221123327732,0.9684875221587543,subprocess wall time including PPM I/O; codec_* fields are resident timing
chat_preview,photo,kodak_01,768,512,512,341,CAPS,"q=5,tile=64",11887,0.5446755865102639,12.008042000000163,11.63291700000002,5.50921,4.3795,25.209913425245297,0.7916093313633973,0.9507243096316994,0.9593499899418939,0.9694502461817656,subprocess wall time including PPM I/O; codec_* fields are resident timing
chat_preview,photo,kodak_01,768,512,512,341,CAPS,"q=6,tile=64",12000,0.5498533724340176,11.516625000000058,13.18783400000001,4.96654,5.56921,25.278594561911284,0.7942424549443577,0.9515646067334198,0.9601339394371732,0.9699209631776136,subprocess wall time including PPM I/O; codec_* fields are resident timing
chat_preview,photo,kodak_01,768,512,512,341,CAPS,"q=7,tile=64",12074,0.5532441348973607,12.439833000000178,13.051125000000052,5.75617,6.03225,25.30557140880671,0.7948746533969873,0.9518286172702228,0.96039552937194,0.9700872254570884,subprocess wall time including PPM I/O; codec_* fields are resident timing
chat_preview,photo,kodak_01,768,512,512,341,CAPS,"q=8,tile=64",12338,0.5653409090909091,12.286999999999715,13.25312500000031,5.71367,5.11437,25.35696202767912,0.7989058962963315,0.9527681570034364,0.9613197884730378,0.9703991333202676,subprocess wall time including PPM I/O; codec_* fields are resident timing
chat_preview,photo,kodak_01,768,512,512,341,CAPS,"q=9,tile=64",12343,0.5655700146627566,12.458332999999655,14.11024999999988,5.67779,5.546,25.38493073198753,0.7992455879124222,0.9528573031873527,0.9613906800432256,0.9705138299108756,subprocess wall time including PPM I/O; codec_* fields are resident timing
chat_preview,photo,kodak_01,768,512,512,341,CAPS,"q=10,tile=64",12457,0.5707936217008798,14.813375000000129,13.553207999999373,5.18704,6.1325,25.416717520985003,0.8013386356079004,0.9532105471066878,0.9618094122182438,0.9707183356431343,subprocess wall time including PPM I/O; codec_* fields are resident timing
chat_preview,photo,kodak_01,768,512,512,341,CAPS,"q=11,tile=64",12654,0.5798203812316716,11.292124999999764,13.03125000000005,4.96496,5.19908,25.539936414728874,0.8032633494275713,0.954902239389242,0.9626889580288591,0.9718607783929805,subprocess wall time including PPM I/O; codec_* fields are resident timing
chat_preview,photo,kodak_01,768,512,512,341,CAPS,"q=12,tile=64",12793,0.5861895161290323,15.272500000000022,12.341207999999604,6.54787,5.60742,25.585641326344415,0.80564150927019,0.9553614463878418,0.9631272542062774,0.9721965147547642,subprocess wall time including PPM I/O; codec_* fields are resident timing
chat_preview,photo,kodak_01,768,512,512,341,CAPS,"q=13,tile=64",12935,0.5926961143695014,10.734666999999476,11.444041999999932,4.69287,5.07875,25.631600988477352,0.8079360794040372,0.9558522632208337,0.9636218875888313,0.9723700245839023,subprocess wall time including PPM I/O; codec_* fields are resident timing
chat_preview,photo,kodak_01,768,512,512,341,CAPS,"q=14,tile=64",13160,0.6030058651026393,10.843833000000025,13.234082999999508,5.088,5.73058,25.680931569228463,0.8106404312150578,0.9563060129436574,0.9641043768907406,0.9729170933267185,subprocess wall time including PPM I/O; codec_* fields are resident timing
chat_preview,photo,kodak_01,768,512,512,341,CAPS,"q=15,tile=64",13192,0.6044721407624634,12.170040999999188,14.538875000001283,5.40442,6.57729,25.709090809371574,0.8112454509167812,0.9564877803590704,0.9642841581119004,0.9730595024304068,subprocess wall time including PPM I/O; codec_* fields are resident timing
chat_preview,photo,kodak_01,768,512,512,341,CAPS,"q=16,tile=64",13366,0.6124450146627566,10.864833000001184,14.203000000000188,4.31379,5.92404,25.79881677033173,0.8145153985968815,0.957485260730495,0.9651433237959729,0.9739831960448292,subprocess wall time including PPM I/O; codec_* fields are resident timing
chat_preview,photo,kodak_01,768,512,512,341,CAPS,"q=17,tile=64",13559,0.6212884897360704,11.989541000000159,15.855750000000057,4.77371,7.04142,25.865922172839024,0.8161812145540642,0.9583174525633358,0.9657908096929584,0.9746984945898134,subprocess wall time including PPM I/O; codec_* fields are resident timing
chat_preview,photo,kodak_01,768,512,512,341,CAPS,"q=18,tile=64",13841,0.6342100439882697,12.71333300000066,15.425749999998573,4.87646,7.82404,25.91980147312872,0.8205449568468053,0.9591992050064296,0.966813727612966,0.9750605524510289,subprocess wall time including PPM I/O; codec_* fields are resident timing
chat_preview,photo,kodak_01,768,512,512,341,CAPS,"q=19,tile=64",13851,0.6346682551319648,16.295041999999427,18.72395799999893,5.36046,8.34217,25.93011360024008,0.8207282156747436,0.9593039342654687,0.9669006026513275,0.9751302837527258,subprocess wall time including PPM I/O; codec_* fields are resident timing
chat_preview,photo,kodak_01,768,512,512,341,CAPS,"q=20,tile=64",13897,0.6367760263929618,11.695417000000319,13.149542000000736,5.8025,5.60262,25.96576332994903,0.8211010997248809,0.9594117506649708,0.9669220827665551,0.9753060934620411,subprocess wall time including PPM I/O; codec_* fields are resident timing
chat_preview,photo,kodak_01,768,512,512,341,CAPS,"q=21,tile=64",14149,0.6483229472140762,12.004333000000145,14.233084000000673,5.06767,5.33417,26.037695623615,0.8242264724453364,0.9602716602555924,0.9676755913720784,0.975597499793077,subprocess wall time including PPM I/O; codec_* fields are resident timing
chat_preview,photo,kodak_01,768,512,512,341,CAPS,"q=22,tile=64",14157,0.6486895161290323,12.616124999999201,13.230290999999283,5.50933,5.85304,26.079484221860014,0.8247575435138189,0.9604261138377717,0.9677896487735606,0.9757670588529986,subprocess wall time including PPM I/O; codec_* fields are resident timing
chat_preview,photo,kodak_01,768,512,512,341,CAPS,"q=23,tile=64",14667,0.6720582844574781,13.33424999999977,13.706541999999544,4.48296,6.19262,26.18882974674664,0.8302083884871664,0.9622957797399945,0.9692517408287602,0.9768502655205467,subprocess wall time including PPM I/O; codec_* fields are resident timing
chat_preview,photo,kodak_01,768,512,512,341,CAPS,"q=24,tile=64",14726,0.6747617302052786,12.31274999999954,14.10991599999889,4.88621,5.27696,26.2308457056163,0.8309605687102083,0.9624595386294955,0.9693855373165295,0.977019935704485,subprocess wall time including PPM I/O; codec_* fields are resident timing
chat_preview,photo,kodak_01,768,512,512,341,CAPS,"q=25,tile=64",14897,0.6825971407624634,11.425208000000353,13.442833000000931,5.13204,6.12629,26.274622673731383,0.8334126689659529,0.9628824783242903,0.9698146807723166,0.9773001838928566,subprocess wall time including PPM I/O; codec_* fields are resident timing
chat_preview,photo,kodak_01,768,512,512,341,CAPS,"q=26,tile=64",14963,0.6856213343108505,9.721958000000086,12.215458000000012,4.72775,5.12758,26.365809541193883,0.8345708178008686,0.9636273381959034,0.9703597981319981,0.9777529680124301,subprocess wall time including PPM I/O; codec_* fields are resident timing
chat_preview,photo,kodak_01,768,512,512,341,CAPS,"q=27,tile=64",15218,0.6973057184750733,11.63562500000026,16.689500000000024,5.03879,7.77854,26.421226860013913,0.8373523267817043,0.9640562726277665,0.9708345870233626,0.9780513982136597,subprocess wall time including PPM I/O; codec_* fields are resident timing
chat_preview,photo,kodak_01,768,512,512,341,CAPS,"q=28,tile=64",15376,0.7045454545454546,13.195416000000293,17.79637500000142,6.37146,9.68854,26.49526260923878,0.8394380948067776,0.9647271154532846,0.9714914213567841,0.9784538277347399,subprocess wall time including PPM I/O; codec_* fields are resident timing
chat_preview,photo,kodak_01,768,512,512,341,CAPS,"q=29,tile=64",15844,0.7259897360703812,12.16129199999827,13.91108299999999,4.98529,6.17608,26.56343979847954,0.8428544624545271,0.9654477020397487,0.9724514160110782,0.9787586634904638,subprocess wall time including PPM I/O; codec_* fields are resident timing
chat_preview,photo,kodak_01,768,512,512,341,CAPS,"q=30,tile=64",15846,0.7260813782991202,12.257707999999923,20.03270800000223,5.42017,8.99937,26.605981062442048,0.8433318911540866,0.9655608610686587,0.9725347389818766,0.9788927916224544,subprocess wall time including PPM I/O; codec_* fields are resident timing
chat_preview,photo,kodak_01,768,512,512,341,CAPS,"q=31,tile=64",16164,0.7406524926686217,12.21395900000033,12.865582999999958,4.89733,5.65283,26.695955318030933,0.8467448970956056,0.9665012386572179,0.9734037547747965,0.9794304827125814,subprocess wall time including PPM I/O; codec_* fields are resident timing
chat_preview,photo,kodak_01,768,512,512,341,CAPS,"q=32,tile=64",16217,0.7430810117302052,11.43412500000096,11.20091599999995,5.336,4.97292,26.74619566010406,0.8473444334370909,0.9666950233976869,0.9734742309822242,0.9796206307328189,subprocess wall time including PPM I/O; codec_* fields are resident timing
chat_preview,photo,kodak_01,768,512,512,341,CAPS,"q=33,tile=64",16612,0.7611803519061584,11.50291700000139,10.076749999999635,4.75208,4.57325,26.827080104748553,0.8512600051293416,0.9675568855355685,0.974364630402853,0.9801652385446188,subprocess wall time including PPM I/O; codec_* fields are resident timing
chat_preview,photo,kodak_01,768,512,512,341,CAPS,"q=34,tile=64",16683,0.7644336510263929,10.045665999999898,11.456041999998945,4.62908,5.00479,26.880040944942852,0.8522172153633777,0.9677417203761346,0.9745169001153845,0.9803366997593195,subprocess wall time including PPM I/O; codec_* fields are resident timing
chat_preview,photo,kodak_01,768,512,512,341,CAPS,"q=35,tile=64",17180,0.7872067448680352,10.317416999999551,11.949750000002979,4.21433,4.92879,27.004690933291343,0.8555345348533422,0.9689865848320013,0.9756622045578028,0.9811678982820695,subprocess wall time including PPM I/O; codec_* fields are resident timing
chat_preview,photo,kodak_01,768,512,512,341,CAPS,"q=36,tile=64",17219,0.7889937683284457,12.20679100000055,12.547584,3.92212,4.12167,27.098197728066804,0.8566768131322062,0.9695107900415144,0.9760585176944033,0.9815394148762611,subprocess wall time including PPM I/O; codec_* fields are resident timing
chat_preview,photo,kodak_01,768,512,512,341,CAPS,"q=37,tile=64",17258,0.7907807917888563,8.497750000000082,8.970458000000292,3.92663,4.04658,27.100976578146415,0.8567714904110227,0.9695380048703374,0.9760685481198107,0.9815577383461098,subprocess wall time including PPM I/O; codec_* fields are resident timing
chat_preview,photo,kodak_01,768,512,512,341,CAPS,"q=38,tile=64",17771,0.8142870234604106,7.982750000000038,8.000166999998726,3.83292,4.00087,27.207271857810568,0.8608486369336087,0.9705153621502434,0.9769721352827935,0.9821505589402917,subprocess wall time including PPM I/O; codec_* fields are resident timing
chat_preview,photo,kodak_01,768,512,512,341,CAPS,"q=39,tile=64",17828,0.8168988269794721,8.602332999998907,8.421416000000903,3.86546,4.10846,27.271409209798257,0.8618144175172339,0.970755878912637,0.9771907672157466,0.9823497754438112,subprocess wall time including PPM I/O; codec_* fields are resident timing
chat_preview,photo,kodak_01,768,512,512,341,CAPS,"q=40,tile=64",18089,0.828858137829912,10.393915999998171,8.034165999998066,3.81092,3.99296,27.32569451187921,0.8640541217465358,0.9711022121785405,0.9775551228404384,0.9825974338612643,subprocess wall time including PPM I/O; codec_* fields are resident timing
chat_preview,photo,kodak_01,768,512,512,341,CAPS,"q=41,tile=64",18397,0.8429710410557185,8.791915999999844,9.821375000001353,3.96117,4.40663,27.421071081757905,0.8667671000094649,0.9722028569914262,0.9783499007234799,0.9830234741529832,subprocess wall time including PPM I/O; codec_* fields are resident timing
chat_preview,photo,kodak_01,768,512,512,341,CAPS,"q=42,tile=64",18664,0.8552052785923754,8.71695800000083,8.877791999999829,4.06729,4.22667,27.48598869859434,0.8688717316704176,0.9725560942093363,0.9786625561092601,0.983325409541222,subprocess wall time including PPM I/O; codec_* fields are resident timing
chat_preview,photo,kodak_01,768,512,512,341,CAPS,"q=43,tile=64",18895,0.8657899560117303,8.089707999999973,8.80629199999916,3.85496,4.12058,27.578161314475533,0.8712116541641027,0.9731631327390652,0.9793120064409706,0.9836458154087705,subprocess wall time including PPM I/O; codec_* fields are resident timing
chat_preview,photo,kodak_01,768,512,512,341,CAPS,"q=44,tile=64",19328,0.8856304985337243,8.475667000002574,9.124207999999356,4.08671,4.39663,27.655237743438565,0.873729223864768,0.9736412422662558,0.9797110862183654,0.9840271493186867,subprocess wall time including PPM I/O; codec_* fields are resident timing
chat_preview,photo,kodak_01,768,512,512,341,CAPS,"q=45,tile=64",19368,0.8874633431085044,8.68224999999967,9.299333000001297,4.11329,4.26288,27.711989043270854,0.8744486064524836,0.973749495334125,0.9797817045772473,0.9841834291066218,subprocess wall time including PPM I/O; codec_* fields are resident timing
chat_preview,photo,kodak_01,768,512,512,341,CAPS,"q=46,tile=64",19729,0.9040047653958945,9.242083000000179,9.135457999999375,3.88967,4.17146,27.827146117854266,0.8773556955180194,0.9745249984718903,0.9804504854691564,0.9846248307125498,subprocess wall time including PPM I/O; codec_* fields are resident timing
chat_preview,photo,kodak_01,768,512,512,341,CAPS,"q=47,tile=64",20010,0.9168804985337243,9.274333000000468,8.971875000000296,4.28062,4.19183,27.94348860321999,0.8791394224388204,0.9757429763971085,0.9810481309079557,0.9853276679336237,subprocess wall time including PPM I/O; codec_* fields are resident timing
chat_preview,photo,kodak_01,768,512,512,341,CAPS,"q=48,tile=64",20622,0.9449230205278593,9.528499999998274,10.035416999997437,4.37733,4.44383,28.04222494141053,0.8829862706908784,0.9763397574451811,0.981688665495439,0.9856204935229206,subprocess wall time including PPM I/O; codec_* fields are resident timing
chat_preview,photo,kodak_01,768,512,512,341,CAPS,"q=49,tile=64",20743,0.9504673753665689,9.945542000000529,10.70316699999907,4.36417,4.86225,28.116053208147637,0.8839066028595499,0.9765323814169311,0.9818358390951224,0.9858201773188132,subprocess wall time including PPM I/O; codec_* fields are resident timing
chat_preview,photo,kodak_01,768,512,512,341,CAPS,"q=50,tile=64",21174,0.970216275659824,11.058083000001773,9.553084000000212,4.03437,4.32133,28.18620503432822,0.8863087766464023,0.9768915053003568,0.9821197076474844,0.9860710425603535,subprocess wall time including PPM I/O; codec_* fields are resident timing
chat_preview,photo,kodak_01,768,512,512,341,CAPS,"q=51,tile=64",21342,0.9779142228739003,11.456000000002575,10.570165999997272,5.27783,4.81346,28.305536487458482,0.8882009400782657,0.9775726470835352,0.9826601036823998,0.9864515605569002,subprocess wall time including PPM I/O; codec_* fields are resident timing
chat_preview,photo,kodak_01,768,512,512,341,CAPS,"q=52,tile=64",21752,0.9967008797653959,8.466332999997661,7.821667000001753,4.26129,4.12321,28.37881244716825,0.890549067948689,0.9779240419371223,0.9829941051231524,0.9866789517751884,subprocess wall time including PPM I/O; codec_* fields are resident timing
chat_preview,photo,kodak_01,768,512,512,341,CAPS,"q=53,tile=64",22100,1.0126466275659824,8.748833000002065,7.765624999997556,3.91387,4.216,28.458806180439986,0.8921343684750588,0.9786233857911957,0.9835116565412072,0.9870852616122506,subprocess wall time including PPM I/O; codec_* fields are resident timing
chat_preview,photo,kodak_01,768,512,512,341,CAPS,"q=54,tile=64",22404,1.0265762463343109,10.480208000000601,7.735166999999876,3.94008,4.041,28.490893105262266,0.8933694160650947,0.9789898415656989,0.9839235682286998,0.9871724557967978,subprocess wall time including PPM I/O; codec_* fields are resident timing
chat_preview,photo,kodak_01,768,512,512,341,CAPS,"q=55,tile=64",22941,1.0511821847507332,10.77875000000006,8.606958000001441,4.06013,4.20046,28.563023510981083,0.8956832549518396,0.9793472456201971,0.9842080654893113,0.98741618167177,subprocess wall time including PPM I/O; codec_* fields are resident timing
chat_preview,photo,kodak_01,768,512,512,341,CAPS,"q=56,tile=64",23194,1.062774926686217,8.488957999997382,9.977750000000896,4.25413,4.89529,28.708483311240343,0.8975382840121032,0.9799758068680825,0.9846003798127333,0.9878337645766538,subprocess wall time including PPM I/O; codec_* fields are resident timing
chat_preview,photo,kodak_01,768,512,512,341,CAPS,"q=57,tile=64",23717,1.0867393695014662,8.33579100000037,8.134583000000362,4.0775,4.2085,28.782053832522465,0.8997190408684391,0.9802286682696785,0.984853633209087,0.9880223060463708,subprocess wall time including PPM I/O; codec_* fields are resident timing
chat_preview,photo,kodak_01,768,512,512,341,CAPS,"q=58,tile=64",23881,1.0942540322580645,9.341374999998209,9.202124999998063,4.32587,4.36304,28.868409369079544,0.900974140944566,0.9804087841626323,0.9849896628598049,0.9882232905834882,subprocess wall time including PPM I/O; codec_* fields are resident timing
chat_preview,photo,kodak_01,768,512,512,341,CAPS,"q=59,tile=64",25101,1.1501557917888563,8.408332999998436,7.851375000001326,4.37304,4.23746,29.112666466364022,0.9055437430842922,0.9817567592149588,0.9860932388353715,0.9890237958819966,subprocess wall time including PPM I/O; codec_* fields are resident timing
chat_preview,photo,kodak_01,768,512,512,341,CAPS,"q=60,tile=64",25209,1.1551044721407624,8.215541999998521,8.121332999998288,4.14558,4.29304,29.205156871972186,0.90655609150547,0.9819744135024621,0.9862246271836432,0.9892134112948886,subprocess wall time including PPM I/O; codec_* fields are resident timing
chat_preview,photo,kodak_01,768,512,512,341,CAPS,"q=61,tile=64",25949,1.1890120967741935,9.461084000001563,10.412041999998678,4.53062,4.8235,29.351772746047907,0.9098408200336312,0.9827468247566253,0.9869217649733323,0.9896168802556556,subprocess wall time including PPM I/O; codec_* fields are resident timing
chat_preview,photo,kodak_01,768,512,512,341,CAPS,"q=62,tile=64",26259,1.203216642228739,8.394458000001492,8.249458999998183,4.36333,4.34321,29.462740855589878,0.9111145822696693,0.9830802082903686,0.9870739056295846,0.9898861804557941,subprocess wall time including PPM I/O; codec_* fields are resident timing
chat_preview,photo,kodak_01,768,512,512,341,CAPS,"q=63,tile=64",26882,1.2317631964809383,8.633709000001488,7.995750000002744,4.19771,4.272,29.57002918030603,0.9134499995193602,0.9834467617851805,0.9874263037002802,0.9901249705420809,subprocess wall time including PPM I/O; codec_* fields are resident timing
chat_preview,photo,kodak_01,768,512,512,341,CAPS,"q=64,tile=64",27315,1.2516037390029326,7.744541000000993,7.859541999998498,4.1055,4.32825,29.708890668091943,0.9157099279520664,0.9839921156726236,0.9879653099781303,0.9904151312124246,subprocess wall time including PPM I/O; codec_* fields are resident timing
chat_preview,photo,kodak_01,768,512,512,341,CAPS,"q=65,tile=64",28314,1.2973790322580645,8.562459000000189,8.124416000001133,4.11771,4.35446,29.803599661309125,0.9187452638376935,0.9847152345338986,0.9885690688096244,0.9907208391118227,subprocess wall time including PPM I/O; codec_* fields are resident timing
chat_preview,photo,kodak_01,768,512,512,341,CAPS,"q=66,tile=64",28598,1.3103922287390029,8.545916999999292,9.175499999997783,4.45933,4.48733,29.98447264637875,0.9207886944805286,0.9852680175742439,0.9889502455505855,0.9910897186790167,subprocess wall time including PPM I/O; codec_* fields are resident timing
chat_preview,photo,kodak_01,768,512,512,341,CAPS,"q=67,tile=64",29271,1.3412298387096775,8.744290999999293,8.711667000000034,4.53596,4.34537,30.088910802207668,0.9229923659000248,0.9856599020951125,0.9892977943200144,0.9912949706543493,subprocess wall time including PPM I/O; codec_* fields are resident timing
chat_preview,photo,kodak_01,768,512,512,341,CAPS,"q=68,tile=64",29700,1.3608870967741935,8.683875000002672,9.524333000001661,4.43712,4.76992,30.237182817973597,0.9246235002544873,0.9860365716720034,0.9895251401946048,0.9915425938644752,subprocess wall time including PPM I/O; codec_* fields are resident timing
chat_preview,photo,kodak_01,768,512,512,341,CAPS,"q=69,tile=64",30873,1.4146352639296187,14.753040999998746,8.031000000002564,4.321,4.35971,30.359893385474237,0.9276450990140545,0.9864612912281884,0.9900736505275731,0.9917207403392541,subprocess wall time including PPM I/O; codec_* fields are resident timing
chat_preview,photo,kodak_01,768,512,512,341,CAPS,"q=70,tile=64",31179,1.4286565249266863,8.04033300000384,8.237542000003373,4.23175,4.52354,30.529786132970568,0.9293513395862133,0.9867849103911402,0.9902871498226913,0.9920003512509864,subprocess wall time including PPM I/O; codec_* fields are resident timing
chat_preview,photo,kodak_01,768,512,512,341,CAPS,"q=71,tile=64",32698,1.498258797653959,8.292874999995092,8.893915999998114,4.40917,4.714,30.7791600323841,0.9331763083463773,0.988132452194344,0.9911795371484828,0.9926589454100854,subprocess wall time including PPM I/O; codec_* fields are resident timing
chat_preview,photo,kodak_01,768,512,512,341,CAPS,"q=72,tile=64",32964,1.5104472140762464,8.1404169999999,8.25987500000025,4.32987,4.46275,30.807213504109406,0.9336473595219071,0.9882159013479787,0.991208653853309,0.992707871473113,subprocess wall time including PPM I/O; codec_* fields are resident timing
chat_preview,photo,kodak_01,768,512,512,341,CAPS,"q=73,tile=64",33312,1.5263929618768328,8.24979199999376,8.109292000000323,4.40529,4.42946,30.990893252800653,0.9353228087175589,0.9885258585257012,0.9914480461772612,0.992953445281425,subprocess wall time including PPM I/O; codec_* fields are resident timing
chat_preview,photo,kodak_01,768,512,512,341,CAPS,"q=74,tile=64",34673,1.5887554985337244,9.71445900000134,8.46958400000375,4.49371,4.54417,31.158548609021555,0.9381904727677405,0.9889291256220217,0.9919212934290041,0.993224936491669,subprocess wall time including PPM I/O; codec_* fields are resident timing
chat_preview,photo,kodak_01,768,512,512,341,CAPS,"q=75,tile=64",35293,1.6171645894428153,8.878875000000619,8.36391700000405,4.461,4.66754,31.346953668126844,0.9402432814533449,0.9893120170723493,0.9921966301806097,0.9935069348209062,subprocess wall time including PPM I/O; codec_* fields are resident timing
chat_preview,photo,kodak_01,768,512,512,341,CAPS,"q=76,tile=64",36553,1.674899193548387,8.490082999998094,8.665875000005485,4.38658,4.56592,31.582977523799002,0.9433072407351158,0.9899577718643172,0.992746565098739,0.9938868984864886,subprocess wall time including PPM I/O; codec_* fields are resident timing
chat_preview,photo,kodak_01,768,512,512,341,CAPS,"q=77,tile=64",37265,1.7075238269794721,10.371166999995296,9.159542000006127,5.65529,4.58446,31.753278707351097,0.9451896228091049,0.990417043958835,0.9930394727966216,0.9941882007680821,subprocess wall time including PPM I/O; codec_* fields are resident timing
chat_preview,photo,kodak_01,768,512,512,341,CAPS,"q=78,tile=64",38425,1.760676319648094,9.309708000003525,8.35004199999645,4.68312,4.61492,31.9537063356932,0.9476981804730223,0.9907036600483589,0.9933610296311411,0.9943794268211265,subprocess wall time including PPM I/O; codec_* fields are resident timing
chat_preview,photo,kodak_01,768,512,512,341,CAPS,"q=79,tile=64",39519,1.8108046187683284,8.39029200000141,8.319417000002716,4.68021,4.69,32.19261381765423,0.9499822878560747,0.9911440093408906,0.9938309940904478,0.994690692620798,subprocess wall time including PPM I/O; codec_* fields are resident timing
chat_preview,photo,kodak_01,768,512,512,341,CAPS,"q=80,tile=64",41198,1.8877382697947214,11.407458000000759,8.388625000002037,4.64067,4.68646,32.43771841420239,0.9528283893221698,0.9916860144176408,0.9941415883720564,0.9950200888188879,subprocess wall time including PPM I/O; codec_* fields are resident timing
chat_preview,photo,kodak_01,768,512,512,341,CAPS,"q=81,tile=64",41867,1.918392595307918,10.781375000000537,10.089749999998787,5.76358,5.12242,32.72289171992915,0.9550441041967653,0.9921425501017622,0.9944860558457388,0.9953200453058384,subprocess wall time including PPM I/O; codec_* fields are resident timing
chat_preview,photo,kodak_01,768,512,512,341,CAPS,"q=82,tile=64",43108,1.9752565982404693,13.962707999993995,10.166666000003488,4.99779,5.04675,32.95366720104306,0.9573440690915035,0.9924003874462567,0.9947556783438996,0.9955090748079545,subprocess wall time including PPM I/O; codec_* fields are resident timing
chat_preview,photo,kodak_01,768,512,512,341,CAPS,"q=83,tile=64",44848,2.054985337243402,8.761667000001694,8.610374999996395,4.7275,4.9435,33.3929622096193,0.959947995679877,0.9931511358332273,0.9952266423807501,0.9959602039340096,subprocess wall time including PPM I/O; codec_* fields are resident timing
chat_preview,photo,kodak_01,768,512,512,341,CAPS,"q=84,tile=64",46513,2.1312774926686218,9.047333000005153,8.582500000002824,4.85008,4.89462,33.635146773549565,0.9623538127318887,0.9935497113801531,0.9956844899283787,0.9961752463587552,subprocess wall time including PPM I/O; codec_* fields are resident timing
chat_preview,photo,kodak_01,768,512,512,341,CAPS,"q=85,tile=64",47662,2.183925953079179,8.64512500000103,8.746958000003247,4.87246,4.912,33.966444470839775,0.9644227604248256,0.993860884757615,0.995883677536665,0.9964059081471676,subprocess wall time including PPM I/O; codec_* fields are resident timing
chat_preview,photo,kodak_01,768,512,512,341,CAPS,"q=86,tile=64",50164,2.2985703812316713,9.395582999999874,9.978541999998924,5.07737,5.08029,34.29919194933241,0.966969944935577,0.9943128352829481,0.9962225002019636,0.9966464987761302,subprocess wall time including PPM I/O; codec_* fields are resident timing
chat_preview,photo,kodak_01,768,512,512,341,CAPS,"q=87,tile=64",51029,2.3382056451612905,8.975749999997618,9.126874999999757,5.02837,5.11112,34.64601847539808,0.9689175947281864,0.9945610604635416,0.9964399016641838,0.9968515080709311,subprocess wall time including PPM I/O; codec_* fields are resident timing
chat_preview,photo,kodak_01,768,512,512,341,CAPS,"q=88,tile=64",52742,2.416697214076246,11.906625000001725,9.12200000000496,5.11596,5.14829,34.92759724168606,0.9708142785335968,0.9948226819459888,0.9966829485638321,0.997030354428371,subprocess wall time including PPM I/O; codec_* fields are resident timing
chat_preview,photo,kodak_01,768,512,512,341,CAPS,"q=89,tile=64",55279,2.5329453812316713,8.952874999998528,8.990750000002379,5.15308,5.31175,34.97176681844435,0.9718186970443018,0.9951415990761064,0.996957450140308,0.9971217537387682,subprocess wall time including PPM I/O; codec_* fields are resident timing
chat_preview,photo,kodak_01,768,512,512,341,CAPS,"q=90,tile=64",56597,2.5933376099706744,8.965125000003127,9.028333000003386,5.21937,5.20517,35.40150380365695,0.9739530501237453,0.9954269306466569,0.9971551838256875,0.9973500683601131,subprocess wall time including PPM I/O; codec_* fields are resident timing
chat_preview,photo,kodak_01,768,512,512,341,CAPS,"q=91,tile=64",59117,2.7088068181818183,9.516208000000859,9.027332999998805,5.36912,5.32529,35.801881067865715,0.976257107030086,0.9958402864330376,0.9975107003420752,0.9975793394244057,subprocess wall time including PPM I/O; codec_* fields are resident timing
chat_preview,photo,kodak_01,768,512,512,341,CAPS,"q=92,tile=64",60795,2.7856946480938416,9.970332999998277,9.723999999998512,5.65433,5.52787,36.32914324198873,0.9783145282046722,0.9961678643188678,0.9976834335671304,0.9978189802492204,subprocess wall time including PPM I/O; codec_* fields are resident timing
chat_preview,photo,kodak_01,768,512,512,341,CAPS,"q=93,tile=64",64136,2.938782991202346,12.584709000002192,9.460666999999034,5.88596,5.53296,36.675417845006976,0.9800188621883598,0.99639326306822,0.9978592191203958,0.9979535729505896,subprocess wall time including PPM I/O; codec_* fields are resident timing
chat_preview,photo,kodak_01,768,512,512,341,CAPS,"q=94,tile=64",66742,3.058192815249267,9.514250000002278,10.438958000001719,5.7205,5.80817,37.17846226513782,0.981916790171561,0.9966177517833735,0.9980958903703611,0.9981258440064564,subprocess wall time including PPM I/O; codec_* fields are resident timing
chat_preview,photo,kodak_01,768,512,512,341,CAPS,"q=95,tile=64",76829,3.5203903958944283,12.058250000002602,11.625750000000323,8.03133,7.68612,38.38918470348132,0.9852655548963029,0.9976292332146995,0.9984506085234924,0.9987302432933071,subprocess wall time including PPM I/O; codec_* fields are resident timing
chat_preview,photo,kodak_01,768,512,512,341,CAPS,"q=96,tile=64",80215,3.6755406891495603,12.133249999997986,11.458125000004316,8.00979,7.64054,39.19455657509688,0.9874667941879117,0.9980226918599345,0.9987178544055593,0.9989409292021719,subprocess wall time including PPM I/O; codec_* fields are resident timing
chat_preview,photo,kodak_01,768,512,512,341,CAPS,"q=97,tile=64",85070,3.8980021994134897,12.563582999995049,11.995124999998552,8.382,7.95042,39.76074036311313,0.988787333657107,0.9981681729934061,0.9988654644413472,0.999050662724477,subprocess wall time including PPM I/O; codec_* fields are resident timing
chat_preview,photo,kodak_01,768,512,512,341,CAPS,"q=98,tile=64",90968,4.168255131964809,12.485832999999502,12.00212499999509,8.48692,8.26854,40.51628084043784,0.9902045707041154,0.9983521419189222,0.998986164692959,0.9991766676738818,subprocess wall time including PPM I/O; codec_* fields are resident timing
chat_preview,photo,kodak_01,768,512,512,341,CAPS,"q=99,tile=64",100271,4.594528958944282,12.69691699999953,12.476417000002016,8.88533,8.41421,41.24196232868619,0.9916524337491365,0.9986143017136078,0.9991983727679434,0.9993103070419409,subprocess wall time including PPM I/O; codec_* fields are resident timing
chat_preview,photo,kodak_01,768,512,512,341,CAPS,"q=100,tile=64",259751,11.902080278592376,17.147708999999622,17.26233299999791,13.0659,12.8555,99.0,1.0,1.0,1.0,1.0,subprocess wall time including PPM I/O; codec_* fields are resident timing
chat_preview,photo,kodak_01,768,512,512,341,JPEG,"seq420,q=1",2524,0.1156524926686217,2.451458999999545,0.4425829999945563,nan,nan,19.812665628168318,0.43345379531368183,0.7416871575701404,0.7947173235420376,0.8558108864609066,Pillow wall time including file I/O
chat_preview,photo,kodak_01,768,512,512,341,JPEG,"prog420,q=1",2916,0.13361436950146627,0.8600000000029695,0.7004169999973442,nan,nan,19.812665628168318,0.43345379531368183,0.7416871575701404,0.7947173235420376,0.8558108864609066,Pillow wall time including file I/O
chat_preview,photo,kodak_01,768,512,512,341,JPEG,"seq444,q=1",3532,0.16184017595307917,0.8832089999941672,0.5399169999975584,nan,nan,19.987800187115642,0.44006726873041285,0.7525357477642057,0.7955888270470506,0.8645967240277361,Pillow wall time including file I/O
chat_preview,photo,kodak_01,768,512,512,341,JPEG,"prog444,q=1",3931,0.18012280058651026,1.367792000003476,0.8370420000005652,nan,nan,19.987800187115642,0.44006726873041285,0.7525357477642057,0.7955888270470506,0.8645967240277361,Pillow wall time including file I/O
chat_preview,photo,kodak_01,768,512,512,341,JPEG,"seq420,q=2",2524,0.1156524926686217,0.5913749999990614,0.3311660000022698,nan,nan,19.81557613557988,0.4337601905627415,0.7417740683608756,0.7948573776359941,0.8558488435095153,Pillow wall time including file I/O
chat_preview,photo,kodak_01,768,512,512,341,JPEG,"prog420,q=2",2917,0.13366019061583578,0.8703749999980914,0.7200419999975338,nan,nan,19.81557613557988,0.4337601905627415,0.7417740683608756,0.7948573776359941,0.8558488435095153,Pillow wall time including file I/O
chat_preview,photo,kodak_01,768,512,512,341,JPEG,"seq444,q=2",3535,0.1619776392961877,0.8905000000041241,0.5008750000001783,nan,nan,19.990656500440792,0.44035693357411815,0.7526341334071279,0.7957227844645485,0.8646376603555891,Pillow wall time including file I/O
chat_preview,photo,kodak_01,768,512,512,341,JPEG,"prog444,q=2",3932,0.18016862170087977,1.218999999998971,0.9613329999993425,nan,nan,19.990656500440792,0.44035693357411815,0.7526341334071279,0.7957227844645485,0.8646376603555891,Pillow wall time including file I/O
chat_preview,photo,kodak_01,768,512,512,341,JPEG,"seq420,q=3",2819,0.12916972140762464,0.5929169999987494,0.35029200000025185,nan,nan,20.032668031402068,0.47457661012522173,0.7667056213341058,0.8209609240565884,0.8635106850528134,Pillow wall time including file I/O
chat_preview,photo,kodak_01,768,512,512,341,JPEG,"prog420,q=3",3290,0.15075146627565983,0.8612920000032886,0.7457500000001005,nan,nan,20.032668031402068,0.47457661012522173,0.7667056213341058,0.8209609240565884,0.8635106850528134,Pillow wall time including file I/O
chat_preview,photo,kodak_01,768,512,512,341,JPEG,"seq444,q=3",3832,0.17558651026392963,0.8530420000028016,0.4862079999981006,nan,nan,20.213851360835335,0.47995424465714737,0.7772276716026433,0.8217579492880539,0.8721365877749857,Pillow wall time including file I/O
chat_preview,photo,kodak_01,768,512,512,341,JPEG,"prog444,q=3",4305,0.19725989736070382,1.2130420000033837,0.9642089999957193,nan,nan,20.213851360835335,0.47995424465714737,0.7772276716026433,0.8217579492880539,0.8721365877749857,Pillow wall time including file I/O
chat_preview,photo,kodak_01,768,512,512,341,JPEG,"seq420,q=4",3634,0.16651392961876832,0.6406670000060899,0.49641599999716846,nan,nan,20.66539526843268,0.5423042842687262,0.8037653085654607,0.8710051306536643,0.8772007364834914,Pillow wall time including file I/O
chat_preview,photo,kodak_01,768,512,512,341,JPEG,"prog420,q=4",4185,0.19176136363636365,0.917833000002588,0.7441249999970978,nan,nan,20.66539526843268,0.5423042842687262,0.8037653085654607,0.8710051306536643,0.8772007364834914,Pillow wall time including file I/O
chat_preview,photo,kodak_01,768,512,512,341,JPEG,"seq444,q=4",4660,0.21352639296187684,0.9067499999986239,0.5046249999978158,nan,nan,20.85068513613736,0.5419352669236202,0.8106312179837242,0.8722389314835581,0.8859204608461277,Pillow wall time including file I/O
chat_preview,photo,kodak_01,768,512,512,341,JPEG,"prog444,q=4",5242,0.2401942815249267,1.2898749999976644,0.8452499999975771,nan,nan,20.85068513613736,0.5419352669236202,0.8106312179837242,0.8722389314835581,0.8859204608461277,Pillow wall time including file I/O
chat_preview,photo,kodak_01,768,512,512,341,JPEG,"seq420,q=5",4460,0.20436217008797655,0.6780840000004673,0.5073330000016085,nan,nan,21.70304291852893,0.6051373551470368,0.8522791809100029,0.899922086286904,0.9030029683518238,Pillow wall time including file I/O
chat_preview,photo,kodak_01,768,512,512,341,JPEG,"prog420,q=5",4976,0.2280058651026393,0.9946249999970291,0.8095419999989417,nan,nan,21.70304291852893,0.6051373551470368,0.8522791809100029,0.899922086286904,0.9030029683518238,Pillow wall time including file I/O
chat_preview,photo,kodak_01,768,512,512,341,JPEG,"seq444,q=5",5488,0.25146627565982405,0.8954589999987661,0.5150000000000432,nan,nan,21.83549306705337,0.6068177406307346,0.8581533508971008,0.9012675665942067,0.9077140216047559,Pillow wall time including file I/O
chat_preview,photo,kodak_01,768,512,512,341,JPEG,"prog444,q=5",6045,0.27698863636363635,1.2998330000044689,0.967707999997458,nan,nan,21.83549306705337,0.6068177406307346,0.8581533508971008,0.9012675665942067,0.9077140216047559,Pillow wall time including file I/O
chat_preview,photo,kodak_01,768,512,512,341,JPEG,"seq420,q=6",5286,0.24221041055718476,0.6075410000008219,0.5001250000020718,nan,nan,22.5430708626186,0.6567835815540869,0.8849111986503663,0.921603986751572,0.9256645994663905,Pillow wall time including file I/O
chat_preview,photo,kodak_01,768,512,512,341,JPEG,"prog420,q=6",5743,0.2631506598240469,0.9926250000020787,0.6948340000008102,nan,nan,22.5430708626186,0.6567835815540869,0.8849111986503663,0.921603986751572,0.9256645994663905,Pillow wall time including file I/O
chat_preview,photo,kodak_01,768,512,512,341,JPEG,"seq444,q=6",6303,0.28881048387096775,0.939249999994729,0.41695799999530436,nan,nan,22.66527448424734,0.6594632333105881,0.8890480232435158,0.9225051582343334,0.929380455777651,Pillow wall time including file I/O
chat_preview,photo,kodak_01,768,512,512,341,JPEG,"prog444,q=6",6836,0.313233137829912,1.3599589999984119,0.8529579999958514,nan,nan,22.66527448424734,0.6594632333105881,0.8890480232435158,0.9225051582343334,0.929380455777651,Pillow wall time including file I/O
chat_preview,photo,kodak_01,768,512,512,341,JPEG,"seq420,q=7",6014,0.2755681818181818,0.651875000002633,0.49833300000301506,nan,nan,23.226651307232572,0.6894912663234584,0.9090023136662907,0.9342999060241376,0.9415413701504983,Pillow wall time including file I/O
chat_preview,photo,kodak_01,768,512,512,341,JPEG,"prog420,q=7",6511,0.29834127565982405,0.993208000004131,0.6720829999977695,nan,nan,23.226651307232572,0.6894912663234584,0.9090023136662907,0.9342999060241376,0.9415413701504983,Pillow wall time including file I/O
chat_preview,photo,kodak_01,768,512,512,341,JPEG,"seq444,q=7",7041,0.32262646627565983,0.9037089999992531,0.4183340000025737,nan,nan,23.339703889832492,0.6912049327902346,0.9130965713592376,0.9345617757895045,0.9448490432577529,Pillow wall time including file I/O
chat_preview,photo,kodak_01,768,512,512,341,JPEG,"prog444,q=7",7607,0.34856121700879766,1.384874999999397,1.0001249999973538,nan,nan,23.339703889832492,0.6912049327902346,0.9130965713592376,0.9345617757895045,0.9448490432577529,Pillow wall time including file I/O
chat_preview,photo,kodak_01,768,512,512,341,JPEG,"seq420,q=8",6745,0.3090634164222874,0.6874999999979536,0.5181249999992588,nan,nan,23.676442809203017,0.7114708838202836,0.9222413121094379,0.9425101733969202,0.9509041638578741,Pillow wall time including file I/O
chat_preview,photo,kodak_01,768,512,512,341,JPEG,"prog420,q=8",7227,0.3311491935483871,1.081916999993382,0.6685410000031311,nan,nan,23.676442809203017,0.7114708838202836,0.9222413121094379,0.9425101733969202,0.9509041638578741,Pillow wall time including file I/O
chat_preview,photo,kodak_01,768,512,512,341,JPEG,"seq444,q=8",7792,0.35703812316715544,1.1315830000029337,0.39025000000236787,nan,nan,23.783458026104856,0.7116795344739585,0.9248547516830569,0.9428280534092316,0.9534431697906499,Pillow wall time including file I/O
chat_preview,photo,kodak_01,768,512,512,341,JPEG,"prog444,q=8",8353,0.38274376832844575,1.4316249999950514,0.9109589999951595,nan,nan,23.783458026104856,0.7116795344739585,0.9248547516830569,0.9428280534092316,0.9534431697906499,Pillow wall time including file I/O
chat_preview,photo,kodak_01,768,512,512,341,JPEG,"seq420,q=9",7557,0.34627016129032256,0.6822920000004729,0.4044999999948118,nan,nan,24.002277765698867,0.72695452473962,0.9280889093884023,0.9493527231605453,0.9549617324838814,Pillow wall time including file I/O
chat_preview,photo,kodak_01,768,512,512,341,JPEG,"prog420,q=9",8010,0.3670271260997067,1.09979100000146,0.7210830000019541,nan,nan,24.002277765698867,0.72695452473962,0.9280889093884023,0.9493527231605453,0.9549617324838814,Pillow wall time including file I/O
chat_preview,photo,kodak_01,768,512,512,341,JPEG,"seq444,q=9",8622,0.39506964809384165,1.0032500000036748,0.5766670000042495,nan,nan,24.13770853079979,0.730255714185508,0.9329657862085362,0.9497117103124938,0.9582564829553964,Pillow wall time including file I/O
chat_preview,photo,kodak_01,768,512,512,341,JPEG,"prog444,q=9",9139,0.4187591642228739,1.525707999995518,1.0520829999975945,nan,nan,24.13770853079979,0.730255714185508,0.9329657862085362,0.9497117103124938,0.9582564829553964,Pillow wall time including file I/O
chat_preview,photo,kodak_01,768,512,512,341,JPEG,"seq420,q=10",8410,0.38535557184750735,0.7120830000033607,0.41062500000066393,nan,nan,24.33984506931963,0.7468182925965063,0.9369977724280029,0.9560670755278735,0.9606800568732506,Pillow wall time including file I/O
chat_preview,photo,kodak_01,768,512,512,341,JPEG,"prog420,q=10",8842,0.40515029325513197,1.0982089999984623,0.8485419999999522,nan,nan,24.33984506931963,0.7468182925965063,0.9369977724280029,0.9560670755278735,0.9606800568732506,Pillow wall time including file I/O
chat_preview,photo,kodak_01,768,512,512,341,JPEG,"seq444,q=10",9495,0.4350714809384164,0.9282500000011851,0.41133400000603615,nan,nan,24.49743835815515,0.7525753812734873,0.9425716572057458,0.9565032797110672,0.9642283840999712,Pillow wall time including file I/O
chat_preview,photo,kodak_01,768,512,512,341,JPEG,"prog444,q=10",9986,0.45756964809384165,1.5518750000040882,1.0578340000009234,nan,nan,24.49743835815515,0.7525753812734873,0.9425716572057458,0.9565032797110672,0.9642283840999712,Pillow wall time including file I/O
chat_preview,photo,kodak_01,768,512,512,341,JPEG,"seq420,q=11",9140,0.4188049853372434,0.6895419999963792,0.5172500000014679,nan,nan,24.631010552105536,0.7616807459261526,0.942603261539359,0.960067905614973,0.9640612371621758,Pillow wall time including file I/O
chat_preview,photo,kodak_01,768,512,512,341,JPEG,"prog420,q=11",9575,0.4387371700879765,1.1001660000005131,0.8659580000056621,nan,nan,24.631010552105536,0.7616807459261526,0.942603261539359,0.960067905614973,0.9640612371621758,Pillow wall time including file I/O
chat_preview,photo,kodak_01,768,512,512,341,JPEG,"seq444,q=11",10262,0.47021627565982405,0.9767080000031569,0.455707999996946,nan,nan,24.782709955015683,0.764972501000722,0.9467948490253577,0.9603533050916379,0.9670748698405968,Pillow wall time including file I/O
chat_preview,photo,kodak_01,768,512,512,341,JPEG,"prog444,q=11",10761,0.4930810117302053,1.498458999996899,0.9272499999966044,nan,nan,24.782709955015683,0.764972501000722,0.9467948490253577,0.9603533050916379,0.9670748698405968,Pillow wall time including file I/O
chat_preview,photo,kodak_01,768,512,512,341,JPEG,"seq420,q=12",9844,0.4510630498533724,0.6711250000037694,0.416250000000673,nan,nan,24.837187136519145,0.7720201888530883,0.9445001726197176,0.9636066652990276,0.9655689717704604,Pillow wall time including file I/O
chat_preview,photo,kodak_01,768,512,512,341,JPEG,"prog420,q=12",10318,0.4727822580645161,1.1606249999971396,0.8464160000016818,nan,nan,24.837187136519145,0.7720201888530883,0.9445001726197176,0.9636066652990276,0.9655689717704604,Pillow wall time including file I/O
chat_preview,photo,kodak_01,768,512,512,341,JPEG,"seq444,q=12",11030,0.5054068914956011,0.9867080000063311,0.5537090000018452,nan,nan,25.011899039229387,0.7752697740599741,0.9482528528177081,0.9640234101129176,0.968565208031756,Pillow wall time including file I/O
chat_preview,photo,kodak_01,768,512,512,341,JPEG,"prog444,q=12",11573,0.5302877565982405,1.5641249999944762,1.069790999999043,nan,nan,25.011899039229387,0.7752697740599741,0.9482528528177081,0.9640234101129176,0.968565208031756,Pillow wall time including file I/O
chat_preview,photo,kodak_01,768,512,512,341,JPEG,"seq420,q=13",10569,0.48428335777126097,0.7502499999958445,0.5222910000028946,nan,nan,25.090569543458756,0.7833533893149521,0.9491619647967754,0.9671763633578973,0.9677515758534199,Pillow wall time including file I/O
chat_preview,photo,kodak_01,768,512,512,341,JPEG,"prog420,q=13",11026,0.5052236070381232,1.2703749999971592,0.9119589999997402,nan,nan,25.090569543458756,0.7833533893149521,0.9491619647967754,0.9671763633578973,0.9677515758534199,Pillow wall time including file I/O
chat_preview,photo,kodak_01,768,512,512,341,JPEG,"seq444,q=13",11822,0.5416972140762464,0.9744170000018926,0.5444170000004078,nan,nan,25.270902266151737,0.7858478321536863,0.9528721198093306,0.9674533158222189,0.9706668696585811,Pillow wall time including file I/O
chat_preview,photo,kodak_01,768,512,512,341,JPEG,"prog444,q=13",12306,0.563874633431085,1.5529999999941424,1.0838749999990682,nan,nan,25.270902266151737,0.7858478321536863,0.9528721198093306,0.9674533158222189,0.9706668696585811,Pillow wall time including file I/O
chat_preview,photo,kodak_01,768,512,512,341,JPEG,"seq420,q=14",11174,0.5120051319648093,0.6947919999973351,0.5225840000022686,nan,nan,25.31248447681761,0.7919981245313089,0.9535331356762958,0.969575370821423,0.9697264810802558,Pillow wall time including file I/O
chat_preview,photo,kodak_01,768,512,512,341,JPEG,"prog420,q=14",11617,0.5323038856304986,1.1847919999965484,0.8981249999990837,nan,nan,25.31248447681761,0.7919981245313089,0.9535331356762958,0.969575370821423,0.9697264810802558,Pillow wall time including file I/O
chat_preview,photo,kodak_01,768,512,512,341,JPEG,"seq444,q=14",12459,0.5708852639296188,0.9737080000036258,0.5726670000001377,nan,nan,25.478465120255642,0.7932870477457664,0.9563645175849197,0.9699222391547767,0.9722104386511556,Pillow wall time including file I/O
chat_preview,photo,kodak_01,768,512,512,341,JPEG,"prog444,q=14",12948,0.593291788856305,1.6192920000008826,0.9540000000001214,nan,nan,25.478465120255642,0.7932870477457664,0.9563645175849197,0.9699222391547767,0.9722104386511556,Pillow wall time including file I/O
chat_preview,photo,kodak_01,768,512,512,341,JPEG,"seq420,q=15",11764,0.5390395894428153,0.7119590000002063,0.5446669999997766,nan,nan,25.538853271836235,0.7992832290433048,0.9567368363398994,0.971734631215794,0.9719524959293315,Pillow wall time including file I/O
chat_preview,photo,kodak_01,768,512,512,341,JPEG,"prog420,q=15",12218,0.5598423753665689,1.2237090000013495,0.7703329999984021,nan,nan,25.538853271836235,0.7992832290433048,0.9567368363398994,0.971734631215794,0.9719524959293315,Pillow wall time including file I/O
chat_preview,photo,kodak_01,768,512,512,341,JPEG,"seq444,q=15",13077,0.5992027126099707,0.969707999999514,0.4447920000032468,nan,nan,25.70891762304243,0.8024683703610705,0.960387004940257,0.9719809579286731,0.9743574824055727,Pillow wall time including file I/O
chat_preview,photo,kodak_01,768,512,512,341,JPEG,"prog444,q=15",13597,0.6230296920821115,1.6117090000022927,1.1148330000025908,nan,nan,25.70891762304243,0.8024683703610705,0.960387004940257,0.9719809579286731,0.9743574824055727,Pillow wall time including file I/O
chat_preview,photo,kodak_01,768,512,512,341,JPEG,"seq420,q=16",12387,0.5675861436950147,0.7258340000007024,0.5649579999982279,nan,nan,25.746737081550627,0.8074128246613644,0.9599874646266456,0.9737251652880825,0.9739735467571236,Pillow wall time including file I/O
chat_preview,photo,kodak_01,768,512,512,341,JPEG,"prog420,q=16",12825,0.5876557917888563,1.3052079999980037,0.9280419999981859,nan,nan,25.746737081550627,0.8074128246613644,0.9599874646266456,0.9737251652880825,0.9739735467571236,Pillow wall time including file I/O
chat_preview,photo,kodak_01,768,512,512,341,JPEG,"seq444,q=16",13733,0.6292613636363636,1.1518330000015453,0.5732090000023504,nan,nan,25.92827193937954,0.8118789286031748,0.9639991561433819,0.9740427139463659,0.9764460563486423,Pillow wall time including file I/O
chat_preview,photo,kodak_01,768,512,512,341,JPEG,"prog444,q=16",14248,0.6528592375366569,1.660790999999051,1.1817500000006476,nan,nan,25.92827193937954,0.8118789286031748,0.9639991561433819,0.9740427139463659,0.9764460563486423,Pillow wall time including file I/O
chat_preview,photo,kodak_01,768,512,512,341,JPEG,"seq420,q=17",12978,0.5946664222873901,0.7789590000015778,0.5560840000029543,nan,nan,25.913715397369394,0.8142475915979815,0.9624825364149396,0.9753114258803668,0.9752997837077969,Pillow wall time including file I/O
chat_preview,photo,kodak_01,768,512,512,341,JPEG,"prog420,q=17",13401,0.6140487536656891,1.2937080000057222,0.936291999998673,nan,nan,25.913715397369394,0.8142475915979815,0.9624825364149396,0.9753114258803668,0.9752997837077969,Pillow wall time including file I/O
chat_preview,photo,kodak_01,768,512,512,341,JPEG,"seq444,q=17",14355,0.6577620967741935,1.0554589999998143,0.6103329999973539,nan,nan,26.09753660726482,0.8192078737881578,0.9665569408756625,0.9755621724661029,0.9777673897435585,Pillow wall time including file I/O
chat_preview,photo,kodak_01,768,512,512,341,JPEG,"prog444,q=17",14842,0.6800769794721407,1.6824589999941963,1.147707999997749,nan,nan,26.09753660726482,0.8192078737881578,0.9665569408756625,0.9755621724661029,0.9777673897435585,Pillow wall time including file I/O
chat_preview,photo,kodak_01,768,512,512,341,JPEG,"seq420,q=18",13636,0.6248167155425219,5.418167000001972,0.458209000001375,nan,nan,26.088763768092544,0.8211572929539829,0.9647605760967264,0.9769570605396874,0.9764802528583982,Pillow wall time including file I/O
chat_preview,photo,kodak_01,768,512,512,341,JPEG,"prog420,q=18",14051,0.6438324780058651,1.306040999999425,0.9659170000020367,nan,nan,26.088763768092544,0.8211572929539829,0.9647605760967264,0.9769570605396874,0.9764802528583982,Pillow wall time including file I/O
chat_preview,photo,kodak_01,768,512,512,341,JPEG,"seq444,q=18",15023,0.6883706011730205,1.0030839999970453,0.6041250000023979,nan,nan,26.282603587215657,0.8262262744992319,0.9685684992381685,0.9771109889453206,0.9789271462670192,Pillow wall time including file I/O
chat_preview,photo,kodak_01,768,512,512,341,JPEG,"prog444,q=18",15535,0.7118310117302052,1.6653750000017453,1.1439999999964812,nan,nan,26.282603587215657,0.8262262744992319,0.9685684992381685,0.9771109889453206,0.9789271462670192,Pillow wall time including file I/O
chat_preview,photo,kodak_01,768,512,512,341,JPEG,"seq420,q=19",14199,0.6506140029325513,0.741707999999619,0.5762079999982461,nan,nan,26.2011133241935,0.8259450560744405,0.9657301952993076,0.9781573878766039,0.9771025560405578,Pillow wall time including file I/O
chat_preview,photo,kodak_01,768,512,512,341,JPEG,"prog420,q=19",14608,0.6693548387096774,1.357083000002035,1.0439590000004273,nan,nan,26.2011133241935,0.8259450560744405,0.9657301952993076,0.9781573878766039,0.9771025560405578,Pillow wall time including file I/O
chat_preview,photo,kodak_01,768,512,512,341,JPEG,"seq444,q=19",15655,0.7173295454545454,1.008625000004315,0.6183329999984721,nan,nan,26.396062353840094,0.8304007297988248,0.9692200897908831,0.9782975835539822,0.979432553219727,Pillow wall time including file I/O
chat_preview,photo,kodak_01,768,512,512,341,JPEG,"prog444,q=19",16143,0.7396902492668622,1.7162080000048263,1.1713330000020505,nan,nan,26.396062353840094,0.8304007297988248,0.9692200897908831,0.9782975835539822,0.979432553219727,Pillow wall time including file I/O
chat_preview,photo,kodak_01,768,512,512,341,JPEG,"seq420,q=20",14717,0.674349340175953,0.7381250000051409,0.5472920000002546,nan,nan,26.34660269050162,0.8304529005622842,0.9669129303158192,0.9791958764692155,0.9781885968215883,Pillow wall time including file I/O
chat_preview,photo,kodak_01,768,512,512,341,JPEG,"prog420,q=20",15107,0.6922195747800587,1.319750000000397,0.958250000003602,nan,nan,26.34660269050162,0.8304529005622842,0.9669129303158192,0.9791958764692155,0.9781885968215883,Pillow wall time including file I/O
chat_preview,photo,kodak_01,768,512,512,341,JPEG,"seq444,q=20",16197,0.7421645894428153,1.0510830000001192,0.6014579999984448,nan,nan,26.5480587812835,0.8349014031371224,0.9704798089622318,0.979338280701885,0.9804930286736212,Pillow wall time including file I/O
chat_preview,photo,kodak_01,768,512,512,341,JPEG,"prog444,q=20",16681,0.7643420087976539,1.8062500000013415,1.2239160000007132,nan,nan,26.5480587812835,0.8349014031371224,0.9704798089622318,0.979338280701885,0.9804930286736212,Pillow wall time including file I/O
chat_preview,photo,kodak_01,768,512,512,341,JPEG,"seq420,q=21",15317,0.7018420087976539,0.7525000000043747,0.5532499999958418,nan,nan,26.500699216439227,0.8364507489201118,0.9681896957176216,0.9804263579907846,0.9790235284997707,Pillow wall time including file I/O
chat_preview,photo,kodak_01,768,512,512,341,JPEG,"prog420,q=21",15685,0.7187041788856305,2.4411249999971574,1.1607080000004544,nan,nan,26.500699216439227,0.8364507489201118,0.9681896957176216,0.9804263579907846,0.9790235284997707,Pillow wall time including file I/O
chat_preview,photo,kodak_01,768,512,512,341,JPEG,"seq444,q=21",16871,0.7730480205278593,1.0473330000024816,0.6039169999993987,nan,nan,26.713031056787777,0.8410162523754788,0.9717587548926154,0.9805440666090547,0.9813931185264256,Pillow wall time including file I/O
chat_preview,photo,kodak_01,768,512,512,341,JPEG,"prog444,q=21",17310,0.7931634897360704,1.7994159999972226,1.1708340000069484,nan,nan,26.713031056787777,0.8410162523754788,0.9717587548926154,0.9805440666090547,0.9813931185264256,Pillow wall time including file I/O
chat_preview,photo,kodak_01,768,512,512,341,JPEG,"seq420,q=22",15848,0.7261730205278593,0.7899170000058575,0.551291999997261,nan,nan,26.61817859530934,0.841309475425212,0.9696411531536069,0.9813467878142853,0.979501875301987,Pillow wall time including file I/O
chat_preview,photo,kodak_01,768,512,512,341,JPEG,"prog420,q=22",16167,0.7407899560117303,1.4180829999972389,1.0165420000021186,nan,nan,26.61817859530934,0.841309475425212,0.9696411531536069,0.9813467878142853,0.979501875301987,Pillow wall time including file I/O
chat_preview,photo,kodak_01,768,512,512,341,JPEG,"seq444,q=22",17409,0.797699780058651,1.0752080000031583,0.6197090000057415,nan,nan,26.83523091890061,0.8459831601064164,0.9730923171755667,0.9814488121679724,0.9819031442065431,Pillow wall time including file I/O
chat_preview,photo,kodak_01,768,512,512,341,JPEG,"prog444,q=22",17831,0.8170362903225806,1.8005829999978573,1.1972909999968806,nan,nan,26.83523091890061,0.8459831601064164,0.9730923171755667,0.9814488121679724,0.9819031442065431,Pillow wall time including file I/O
chat_preview,photo,kodak_01,768,512,512,341,JPEG,"seq420,q=23",16405,0.7516953812316716,0.8351669999981937,0.5720830000015553,nan,nan,26.76799586487973,0.8455554431234913,0.9712712458426632,0.982237178770794,0.9804687443904371,Pillow wall time including file I/O
chat_preview,photo,kodak_01,768,512,512,341,JPEG,"prog420,q=23",16676,0.7641129032258065,1.4168749999967645,1.0444159999991598,nan,nan,26.76799586487973,0.8455554431234913,0.9712712458426632,0.982237178770794,0.9804687443904371,Pillow wall time including file I/O
chat_preview,photo,kodak_01,768,512,512,341,JPEG,"seq444,q=23",17977,0.8237261730205279,1.080708000003483,0.6121659999962503,nan,nan,26.973726100123628,0.8502133807906215,0.9744789850033085,0.9823858261970062,0.9826376233960977,Pillow wall time including file I/O
chat_preview,photo,kodak_01,768,512,512,341,JPEG,"prog444,q=23",18379,0.8421462609970675,1.9178750000037326,1.1281660000008742,nan,nan,26.973726100123628,0.8502133807906215,0.9744789850033085,0.9823858261970062,0.9826376233960977,Pillow wall time including file I/O
chat_preview,photo,kodak_01,768,512,512,341,JPEG,"seq420,q=24",16878,0.7733687683284457,0.8138749999986317,0.5724580000006085,nan,nan,26.919645658311396,0.8498640414835498,0.9731986393253936,0.9830288418296187,0.98151665540581,Pillow wall time including file I/O
chat_preview,photo,kodak_01,768,512,512,341,JPEG,"prog420,q=24",17162,0.7863819648093842,1.4788750000036543,0.9994580000025621,nan,nan,26.919645658311396,0.8498640414835498,0.9731986393253936,0.9830288418296187,0.98151665540581,Pillow wall time including file I/O
chat_preview,photo,kodak_01,768,512,512,341,JPEG,"seq444,q=24",18500,0.8476906158357771,1.082250000003171,0.6500410000001011,nan,nan,27.132836778093328,0.8546582489586902,0.9766114173346622,0.983119819430767,0.9837112115054644,Pillow wall time including file I/O
chat_preview,photo,kodak_01,768,512,512,341,JPEG,"prog444,q=24",18914,0.8666605571847508,1.9058339999986629,1.235334000000421,nan,nan,27.132836778093328,0.8546582489586902,0.9766114173346622,0.983119819430767,0.9837112115054644,Pillow wall time including file I/O
chat_preview,photo,kodak_01,768,512,512,341,JPEG,"seq420,q=25",17353,0.795133797653959,0.7890839999973309,0.6017500000012888,nan,nan,27.029442840508718,0.8536869374757959,0.9740812591424088,0.9837231834219472,0.9820484541810852,Pillow wall time including file I/O
chat_preview,photo,kodak_01,768,512,512,341,JPEG,"prog420,q=25",17582,0.8056268328445748,1.4887500000000387,1.0110830000016335,nan,nan,27.029442840508718,0.8536869374757959,0.9740812591424088,0.9837231834219472,0.9820484541810852,Pillow wall time including file I/O
chat_preview,photo,kodak_01,768,512,512,341,JPEG,"seq444,q=25",18962,0.8688599706744868,1.0812499999985903,0.6477919999952064,nan,nan,27.249088193792126,0.8586198186687354,0.9774526522420564,0.9838434562026348,0.9842033204748049,Pillow wall time including file I/O
chat_preview,photo,kodak_01,768,512,512,341,JPEG,"prog444,q=25",19362,0.8871884164222874,1.9243750000015325,1.2226250000040295,nan,nan,27.249088193792126,0.8586198186687354,0.9774526522420564,0.9838434562026348,0.9842033204748049,Pillow wall time including file I/O
chat_preview,photo,kodak_01,768,512,512,341,JPEG,"seq420,q=26",17850,0.8179068914956011,0.81320900000037,0.5924170000000117,nan,nan,27.137539764669146,0.8566769098965367,0.9748180029833842,0.9843401102843959,0.9826103192014998,Pillow wall time including file I/O
chat_preview,photo,kodak_01,768,512,512,341,JPEG,"prog420,q=26",18021,0.8257423020527859,1.5422499999999673,1.009709000001635,nan,nan,27.137539764669146,0.8566769098965367,0.9748180029833842,0.9843401102843959,0.9826103192014998,Pillow wall time including file I/O
chat_preview,photo,kodak_01,768,512,512,341,JPEG,"seq444,q=26",19450,0.8912206744868035,1.154499999998393,0.6550410000016882,nan,nan,27.35253696802127,0.861532960015741,0.9780942371477638,0.9844262827460873,0.9846603571907523,Pillow wall time including file I/O
chat_preview,photo,kodak_01,768,512,512,341,JPEG,"prog444,q=26",19832,0.908724340175953,1.9721670000052427,1.2732080000006363,nan,nan,27.35253696802127,0.861532960015741,0.9780942371477638,0.9844262827460873,0.9846603571907523,Pillow wall time including file I/O
chat_preview,photo,kodak_01,768,512,512,341,JPEG,"seq420,q=27",18340,0.8403592375366569,0.9737499999999955,0.4454580000015085,nan,nan,27.25163652420976,0.8607674356299718,0.9758117239936146,0.9849906644267166,0.9831661856679924,Pillow wall time including file I/O
chat_preview,photo,kodak_01,768,512,512,341,JPEG,"prog420,q=27",18526,0.8488819648093842,1.5058329999959597,1.0214169999969158,nan,nan,27.25163652420976,0.8607674356299718,0.9758117239936146,0.9849906644267166,0.9831661856679924,Pillow wall time including file I/O
chat_preview,photo,kodak_01,768,512,512,341,JPEG,"seq444,q=27",20012,0.9169721407624634,1.1033330000032038,0.5168750000024147,nan,nan,27.473409376617344,0.8657828590895181,0.9790820547489201,0.985111977712948,0.9852063469772752,Pillow wall time including file I/O
chat_preview,photo,kodak_01,768,512,512,341,JPEG,"prog444,q=27",20383,0.9339717741935484,1.9866250000006858,1.2893749999989268,nan,nan,27.473409376617344,0.8657828590895181,0.9790820547489201,0.985111977712948,0.9852063469772752,Pillow wall time including file I/O
chat_preview,photo,kodak_01,768,512,512,341,JPEG,"seq420,q=28",18888,0.8654692082111437,0.8404589999955192,0.5896669999998494,nan,nan,27.344430530734982,0.8636207198894924,0.97613890960367,0.9856338352361741,0.9836262020225138,Pillow wall time including file I/O
chat_preview,photo,kodak_01,768,512,512,341,JPEG,"prog420,q=28",19044,0.8726173020527859,1.556124999993358,1.0469159999999533,nan,nan,27.344430530734982,0.8636207198894924,0.97613890960367,0.9856338352361741,0.9836262020225138,Pillow wall time including file I/O
chat_preview,photo,kodak_01,768,512,512,341,JPEG,"seq444,q=28",20599,0.9438691348973607,1.1627919999952496,0.648000000005311,nan,nan,27.56996922200177,0.8683908743224306,0.9792124763757754,0.9857131787095573,0.985581355080618,Pillow wall time including file I/O
chat_preview,photo,kodak_01,768,512,512,341,JPEG,"prog444,q=28",20917,0.9584402492668622,2.0668330000006563,1.267832999999996,nan,nan,27.56996922200177,0.8683908743224306,0.9792124763757754,0.9857131787095573,0.985581355080618,Pillow wall time including file I/O
chat_preview,photo,kodak_01,768,512,512,341,JPEG,"seq420,q=29",19331,0.8857679618768328,0.8449999999982083,0.5919579999940083,nan,nan,27.460382116420142,0.8664079644001784,0.9771233380380897,0.9861406288147612,0.9842819759968391,Pillow wall time including file I/O
chat_preview,photo,kodak_01,768,512,512,341,JPEG,"prog420,q=29",19480,0.8925953079178885,1.5579999999957295,1.0574170000055005,nan,nan,27.460382116420142,0.8664079644001784,0.9771233380380897,0.9861406288147612,0.9842819759968391,Pillow wall time including file I/O
chat_preview,photo,kodak_01,768,512,512,341,JPEG,"seq444,q=29",21069,0.9654050586510264,1.1307080000051428,0.6175420000005261,nan,nan,27.685573172160133,0.8713305775145258,0.9802376726355658,0.9862613692806144,0.9861687198715003,Pillow wall time including file I/O
chat_preview,photo,kodak_01,768,512,512,341,JPEG,"prog444,q=29",21367,0.9790597507331378,2.0165000000034183,1.2675420000007875,nan,nan,27.685573172160133,0.8713305775145258,0.9802376726355658,0.9862613692806144,0.9861687198715003,Pillow wall time including file I/O
chat_preview,photo,kodak_01,768,512,512,341,JPEG,"seq420,q=30",19820,0.9081744868035191,0.8739169999998353,0.5976249999974925,nan,nan,27.55494321184144,0.8691842275227852,0.9775368556261247,0.9866425589578596,0.9845136193140615,Pillow wall time including file I/O
chat_preview,photo,kodak_01,768,512,512,341,JPEG,"prog420,q=30",19912,0.9123900293255132,1.6022080000013261,1.0815830000012738,nan,nan,27.55494321184144,0.8691842275227852,0.9775368556261247,0.9866425589578596,0.9845136193140615,Pillow wall time including file I/O
chat_preview,photo,kodak_01,768,512,512,341,JPEG,"seq444,q=30",21594,0.9894611436950147,1.1277079999985062,0.6488329999996267,nan,nan,27.777393328340963,0.8740481777415869,0.9806174084296492,0.9867524704244859,0.9863451948308279,Pillow wall time including file I/O
chat_preview,photo,kodak_01,768,512,512,341,JPEG,"prog444,q=30",21823,0.9999541788856305,1.9757080000033511,1.249166000000912,nan,nan,27.777393328340963,0.8740481777415869,0.9806174084296492,0.9867524704244859,0.9863451948308279,Pillow wall time including file I/O
chat_preview,photo,kodak_01,768,512,512,341,JPEG,"seq420,q=31",20275,0.9290230938416423,0.8819170000009535,0.6247500000000628,nan,nan,27.6867245404921,0.8727924910631982,0.9792889645113231,0.9869894779260371,0.9851505521097911,Pillow wall time including file I/O
chat_preview,photo,kodak_01,768,512,512,341,JPEG,"prog420,q=31",20399,0.9347049120234604,1.6173750000021414,0.9749580000004698,nan,nan,27.6867245404921,0.8727924910631982,0.9792889645113231,0.9869894779260371,0.9851505521097911,Pillow wall time including file I/O
chat_preview,photo,kodak_01,768,512,512,341,JPEG,"seq444,q=31",22101,1.012692448680352,1.230207999995514,0.56124999999696,nan,nan,27.908175289503273,0.878054423589326,0.9824160229198059,0.9871302246941848,0.9868731977668614,Pillow wall time including file I/O
chat_preview,photo,kodak_01,768,512,512,341,JPEG,"prog444,q=31",22376,1.025293255131965,2.0492499999988922,1.1700000000018917,nan,nan,27.908175289503273,0.878054423589326,0.9824160229198059,0.9871302246941848,0.9868731977668614,Pillow wall time including file I/O
chat_preview,photo,kodak_01,768,512,512,341,JPEG,"seq420,q=32",20744,0.9505131964809385,0.8879579999998555,0.4817080000023566,nan,nan,27.796697800232387,0.8754031387953999,0.9799253110868574,0.9874812119799288,0.9856474111184833,Pillow wall time including file I/O
chat_preview,photo,kodak_01,768,512,512,341,JPEG,"prog420,q=32",20857,0.9556909824046921,1.6145419999986643,0.9297080000010283,nan,nan,27.796697800232387,0.8754031387953999,0.9799253110868574,0.9874812119799288,0.9856474111184833,Pillow wall time including file I/O
chat_preview,photo,kodak_01,768,512,512,341,JPEG,"seq444,q=32",22598,1.035465542521994,1.1303330000060896,0.6576250000023265,nan,nan,28.01936092080595,0.8806516259824587,0.982989743685561,0.9876111772259865,0.9873470024204112,Pillow wall time including file I/O
chat_preview,photo,kodak_01,768,512,512,341,JPEG,"prog444,q=32",22873,1.048066348973607,2.041542000000618,1.2981249999981515,nan,nan,28.01936092080595,0.8806516259824587,0.982989743685561,0.9876111772259865,0.9873470024204112,Pillow wall time including file I/O
chat_preview,photo,kodak_01,768,512,512,341,JPEG,"seq420,q=33",21249,0.9736528592375366,0.9107079999992607,0.5173750000011523,nan,nan,27.90109734398567,0.8781600217264106,0.9803726057400715,0.9879257639511646,0.9860245611617183,Pillow wall time including file I/O
chat_preview,photo,kodak_01,768,512,512,341,JPEG,"prog420,q=33",21362,0.9788306451612904,1.6476670000002969,0.9306669999986639,nan,nan,27.90109734398567,0.8781600217264106,0.9803726057400715,0.9879257639511646,0.9860245611617183,Pillow wall time including file I/O
chat_preview,photo,kodak_01,768,512,512,341,JPEG,"seq444,q=33",23114,1.0591092375366569,1.1685830000018882,0.6709170000007703,nan,nan,28.12190605073819,0.8830866538372671,0.9833791837452082,0.9880382921935873,0.9876714024422206,Pillow wall time including file I/O
chat_preview,photo,kodak_01,768,512,512,341,JPEG,"prog444,q=33",23425,1.0733596041055717,2.094750000004808,1.2966669999983083,nan,nan,28.12190605073819,0.8830866538372671,0.9833791837452082,0.9880382921935873,0.9876714024422206,Pillow wall time including file I/O
chat_preview,photo,kodak_01,768,512,512,341,JPEG,"seq420,q=34",21542,0.9870784457478006,0.8407499999947277,0.6077500000003511,nan,nan,27.973600510488055,0.880202955940593,0.9808000705005172,0.9881312565643394,0.9863283452323848,Pillow wall time including file I/O
chat_preview,photo,kodak_01,768,512,512,341,JPEG,"prog420,q=34",21654,0.9922104105571847,1.6902079999994157,1.108250000001476,nan,nan,27.973600510488055,0.880202955940593,0.9808000705005172,0.9881312565643394,0.9863283452323848,Pillow wall time including file I/O
chat_preview,photo,kodak_01,768,512,512,341,JPEG,"seq444,q=34",23416,1.0729472140762464,1.131207999996775,0.6664579999977605,nan,nan,28.191621630855607,0.8849008939025182,0.9836478800737919,0.9882112286512581,0.9879249103720887,Pillow wall time including file I/O
chat_preview,photo,kodak_01,768,512,512,341,JPEG,"prog444,q=34",23753,1.0883889296187683,2.1872499999986417,1.2622909999961962,nan,nan,28.191621630855607,0.8849008939025182,0.9836478800737919,0.9882112286512581,0.9879249103720887,Pillow wall time including file I/O
chat_preview,photo,kodak_01,768,512,512,341,JPEG,"seq420,q=35",22104,1.0128299120234605,0.8542919999996457,0.505916999998135,nan,nan,28.089895960266556,0.882987499633551,0.9815252214432011,0.9886038287664244,0.9867796365757935,Pillow wall time including file I/O
chat_preview,photo,kodak_01,768,512,512,341,JPEG,"prog420,q=35",22190,1.0167705278592376,1.706750000003865,1.1204999999989695,nan,nan,28.089895960266556,0.882987499633551,0.9815252214432011,0.9886038287664244,0.9867796365757935,Pillow wall time including file I/O
chat_preview,photo,kodak_01,768,512,512,341,JPEG,"seq444,q=35",24014,1.1003482404692082,1.138165999996943,0.5312500000016485,nan,nan,28.31087167028887,0.887566879415517,0.9842328646602624,0.9887029459834146,0.9883454664956473,Pillow wall time including file I/O
chat_preview,photo,kodak_01,768,512,512,341,JPEG,"prog444,q=35",24341,1.115331744868035,2.092291000003854,1.3595419999958835,nan,nan,28.31087167028887,0.887566879415517,0.9842328646602624,0.9887029459834146,0.9883454664956473,Pillow wall time including file I/O
chat_preview,photo,kodak_01,768,512,512,341,JPEG,"seq420,q=36",22584,1.0348240469208212,0.8839579999957436,0.5973749999981237,nan,nan,28.16925191888744,0.8851549728051747,0.9817580646802666,0.9890087817842462,0.9870141267674684,Pillow wall time including file I/O
chat_preview,photo,kodak_01,768,512,512,341,JPEG,"prog420,q=36",22678,1.0391312316715542,1.71749999999804,0.9838749999957486,nan,nan,28.16925191888744,0.8851549728051747,0.9817580646802666,0.9890087817842462,0.9870141267674684,Pillow wall time including file I/O
chat_preview,photo,kodak_01,768,512,512,341,JPEG,"seq444,q=36",24575,1.1260538856304985,1.1546670000015524,0.5665830000012306,nan,nan,28.399731485679798,0.8901526415527208,0.9846414620332276,0.9891062224500022,0.9886216369317002,Pillow wall time including file I/O
chat_preview,photo,kodak_01,768,512,512,341,JPEG,"prog444,q=36",24898,1.1408541055718475,2.0876669999978503,1.36029099999746,nan,nan,28.399731485679798,0.8901526415527208,0.9846414620332276,0.9891062224500022,0.9886216369317002,Pillow wall time including file I/O
chat_preview,photo,kodak_01,768,512,512,341,JPEG,"seq420,q=37",22881,1.048432917888563,1.710333999994873,0.658082999997589,nan,nan,28.236945581065044,0.8869073588360258,0.9821497277493384,0.9892455024587046,0.9872842521968507,Pillow wall time including file I/O
chat_preview,photo,kodak_01,768,512,512,341,JPEG,"prog420,q=37",22972,1.0526026392961876,1.7305000000007453,0.973625000000311,nan,nan,28.236945581065044,0.8869073588360258,0.9821497277493384,0.9892455024587046,0.9872842521968507,Pillow wall time including file I/O
chat_preview,photo,kodak_01,768,512,512,341,JPEG,"seq444,q=37",24909,1.141358137829912,1.194916000002877,0.5760840000021972,nan,nan,28.463244886426565,0.8916331595108583,0.9849248682058492,0.9893366763213023,0.9888243857552504,Pillow wall time including file I/O
chat_preview,photo,kodak_01,768,512,512,341,JPEG,"prog444,q=37",25237,1.1563874633431086,2.1441250000009404,1.226834000000565,nan,nan,28.463244886426565,0.8916331595108583,0.9849248682058492,0.9893366763213023,0.9888243857552504,Pillow wall time including file I/O
chat_preview,photo,kodak_01,768,512,512,341,JPEG,"seq420,q=38",23428,1.0734970674486803,0.894042000005868,0.6311249999981783,nan,nan,28.33885830765051,0.888985054764547,0.9825484136806418,0.9896509006647602,0.9876098434258159,Pillow wall time including file I/O
chat_preview,photo,kodak_01,768,512,512,341,JPEG,"prog420,q=38",23528,1.0780791788856305,1.8021250000046507,1.1599999999987176,nan,nan,28.33885830765051,0.888985054764547,0.9825484136806418,0.9896509006647602,0.9876098434258159,Pillow wall time including file I/O
chat_preview,photo,kodak_01,768,512,512,341,JPEG,"seq444,q=38",25476,1.1673387096774193,1.1723329999995258,0.5574999999993224,nan,nan,28.569827119979724,0.8935778751778202,0.9853338330789985,0.9897389947241094,0.9891657026682806,Pillow wall time including file I/O
chat_preview,photo,kodak_01,768,512,512,341,JPEG,"prog444,q=38",25810,1.1826429618768328,2.2470420000004765,1.2774169999971718,nan,nan,28.569827119979724,0.8935778751778202,0.9853338330789985,0.9897389947241094,0.9891657026682806,Pillow wall time including file I/O
chat_preview,photo,kodak_01,768,512,512,341,JPEG,"seq420,q=39",23782,1.0897177419354838,0.9100409999973635,0.6104160000006686,nan,nan,28.40882082012738,0.890551205137785,0.9829268379877724,0.9899278780068751,0.9878411868123963,Pillow wall time including file I/O
chat_preview,photo,kodak_01,768,512,512,341,JPEG,"prog420,q=39",23841,1.0924211876832846,1.858624999997005,1.1744170000014265,nan,nan,28.40882082012738,0.890551205137785,0.9829268379877724,0.9899278780068751,0.9878411868123963,Pillow wall time including file I/O
chat_preview,photo,kodak_01,768,512,512,341,JPEG,"seq444,q=39",25861,1.1849798387096775,1.2290829999983544,0.7020420000003469,nan,nan,28.640119920080068,0.8951112957622939,0.9857272444837064,0.9900069585669441,0.9893815576970955,Pillow wall time including file I/O
chat_preview,photo,kodak_01,768,512,512,341,JPEG,"prog444,q=39",26161,1.1987261730205279,2.24508299999826,1.2108749999981683,nan,nan,28.640119920080068,0.8951112957622939,0.9857272444837064,0.9900069585669441,0.9893815576970955,Pillow wall time including file I/O
chat_preview,photo,kodak_01,768,512,512,341,JPEG,"seq420,q=40",24001,1.0997525659824048,0.8876249999971719,0.6444579999964617,nan,nan,28.479057346248076,0.8919814823244862,0.9834157148268887,0.990019981938106,0.9881227122179012,Pillow wall time including file I/O
chat_preview,photo,kodak_01,768,512,512,341,JPEG,"prog420,q=40",24064,1.1026392961876832,1.773916999994185,1.1337079999975685,nan,nan,28.479057346248076,0.8919814823244862,0.9834157148268887,0.990019981938106,0.9881227122179012,Pillow wall time including file I/O
chat_preview,photo,kodak_01,768,512,512,341,JPEG,"seq444,q=40",26094,1.1956561583577712,1.1796659999987469,0.6752080000040905,nan,nan,28.711089156494253,0.896722679257314,0.9861893993634419,0.9901408785101325,0.9896662239664502,Pillow wall time including file I/O
chat_preview,photo,kodak_01,768,512,512,341,JPEG,"prog444,q=40",26415,1.2103647360703813,2.2241659999977514,1.1958750000005125,nan,nan,28.711089156494253,0.896722679257314,0.9861893993634419,0.9901408785101325,0.9896662239664502,Pillow wall time including file I/O
chat_preview,photo,kodak_01,768,512,512,341,JPEG,"seq420,q=41",24611,1.1277034457478006,0.8898749999985966,0.5298330000016449,nan,nan,28.586509067163025,0.8945287287134983,0.9838827466558048,0.9904184808672747,0.9884966631057778,Pillow wall time including file I/O
chat_preview,photo,kodak_01,768,512,512,341,JPEG,"prog420,q=41",24654,1.1296737536656891,1.7804169999990904,1.168667000001733,nan,nan,28.586509067163025,0.8945287287134983,0.9838827466558048,0.9904184808672747,0.9884966631057778,Pillow wall time including file I/O
chat_preview,photo,kodak_01,768,512,512,341,JPEG,"seq444,q=41",26750,1.2257148093841643,1.1872089999940272,0.7055840000020908,nan,nan,28.82284219628407,0.8992412763779081,0.9866031541436119,0.9904753865994602,0.9900065176133838,Pillow wall time including file I/O
chat_preview,photo,kodak_01,768,512,512,341,JPEG,"prog444,q=41",27062,1.2400109970674487,2.1950419999967608,1.4423750000034374,nan,nan,28.82284219628407,0.8992412763779081,0.9866031541436119,0.9904753865994602,0.9900065176133838,Pillow wall time including file I/O
chat_preview,photo,kodak_01,768,512,512,341,JPEG,"seq420,q=42",24865,1.139342008797654,0.8679999999969823,0.645375000004833,nan,nan,28.625291359134287,0.8954537967742828,0.9841013633820297,0.9905453062447984,0.9885931484390768,Pillow wall time including file I/O
chat_preview,photo,kodak_01,768,512,512,341,JPEG,"prog420,q=42",24913,1.14154142228739,1.9488750000036248,1.1168329999975413,nan,nan,28.625291359134287,0.8954537967742828,0.9841013633820297,0.9905453062447984,0.9885931484390768,Pillow wall time including file I/O
chat_preview,photo,kodak_01,768,512,512,341,JPEG,"seq444,q=42",27069,1.240331744868035,1.186084000003973,0.69583299999465,nan,nan,28.864272119620715,0.9000823585270407,0.9867323312101055,0.9906497389808632,0.9901139651211383,Pillow wall time including file I/O
chat_preview,photo,kodak_01,768,512,512,341,JPEG,"prog444,q=42",27369,1.2540780791788857,2.189624999999751,1.2312910000034094,nan,nan,28.864272119620715,0.9000823585270407,0.9867323312101055,0.9906497389808632,0.9901139651211383,Pillow wall time including file I/O
chat_preview,photo,kodak_01,768,512,512,341,JPEG,"seq420,q=43",25205,1.1549211876832846,0.8880410000031702,0.501417000002391,nan,nan,28.706324311316642,0.8972176572749507,0.9844134792830594,0.9907571837194259,0.9888274996502763,Pillow wall time including file I/O
chat_preview,photo,kodak_01,768,512,512,341,JPEG,"prog420,q=43",25234,1.15625,1.8510419999984151,1.1498329999994894,nan,nan,28.706324311316642,0.8972176572749507,0.9844134792830594,0.9907571837194259,0.9888274996502763,Pillow wall time including file I/O
chat_preview,photo,kodak_01,768,512,512,341,JPEG,"seq444,q=43",27421,1.2564607771260996,1.2119160000025886,0.7141250000017862,nan,nan,28.94272938930357,0.9017174313037734,0.986964563445733,0.9908658606158498,0.9902990622383039,Pillow wall time including file I/O
chat_preview,photo,kodak_01,768,512,512,341,JPEG,"prog444,q=43",27718,1.2700696480938416,2.2387919999999895,1.4656250000015802,nan,nan,28.94272938930357,0.9017174313037734,0.986964563445733,0.9908658606158498,0.9902990622383039,Pillow wall time including file I/O
chat_preview,photo,kodak_01,768,512,512,341,JPEG,"seq420,q=44",25733,1.1791147360703813,0.9384999999966226,0.6385829999970838,nan,nan,28.81969695800295,0.8994914535195898,0.985092938467934,0.9910603104400969,0.9892847751820839,Pillow wall time including file I/O
chat_preview,photo,kodak_01,768,512,512,341,JPEG,"prog420,q=44",25743,1.1795729472140764,1.8416250000043988,1.0485829999993257,nan,nan,28.81969695800295,0.8994914535195898,0.985092938467934,0.9910603104400969,0.9892847751820839,Pillow wall time including file I/O
chat_preview,photo,kodak_01,768,512,512,341,JPEG,"seq444,q=44",28043,1.2849615102639296,1.2485000000026503,0.6841659999992089,nan,nan,29.060647844528262,0.9041649790740732,0.9877485170998331,0.9911412912609013,0.990716992799793,Pillow wall time including file I/O
chat_preview,photo,kodak_01,768,512,512,341,JPEG,"prog444,q=44",28315,1.297424853372434,2.2536659999943254,1.4061670000060644,nan,nan,29.060647844528262,0.9041649790740732,0.9877485170998331,0.9911412912609013,0.990716992799793,Pillow wall time including file I/O
chat_preview,photo,kodak_01,768,512,512,341,JPEG,"seq420,q=45",26010,1.1918071847507332,0.9334579999986659,0.6485829999931525,nan,nan,28.866238351404824,0.900471747835676,0.9852779964651509,0.9911961987695725,0.9894136532687113,Pillow wall time including file I/O
chat_preview,photo,kodak_01,768,512,512,341,JPEG,"prog420,q=45",25981,1.1904783724340176,1.782790999996564,1.1793330000031688,nan,nan,28.866238351404824,0.900471747835676,0.9852779964651509,0.9911961987695725,0.9894136532687113,Pillow wall time including file I/O
chat_preview,photo,kodak_01,768,512,512,341,JPEG,"seq444,q=45",28309,1.297149926686217,1.2397919999997953,0.6877080000009528,nan,nan,29.10838479317298,0.9051365531745037,0.9879077352071555,0.9912735196010976,0.990833788426899,Pillow wall time including file I/O
chat_preview,photo,kodak_01,768,512,512,341,JPEG,"prog444,q=45",28549,1.3081469941348973,2.283832999999902,1.413167000002602,nan,nan,29.10838479317298,0.9051365531745037,0.9879077352071555,0.9912735196010976,0.990833788426899,Pillow wall time including file I/O
chat_preview,photo,kodak_01,768,512,512,341,JPEG,"seq420,q=46",26536,1.2159090909090908,0.9887910000045963,0.7630409999990206,nan,nan,28.950670762881224,0.9024459276294886,0.985660412470588,0.9914490517092321,0.989642419148365,Pillow wall time including file I/O
chat_preview,photo,kodak_01,768,512,512,341,JPEG,"prog420,q=46",26486,1.2136180351906158,1.9125000000030923,1.1072080000005258,nan,nan,28.950670762881224,0.9024459276294886,0.985660412470588,0.9914490517092321,0.989642419148365,Pillow wall time including file I/O
chat_preview,photo,kodak_01,768,512,512,341,JPEG,"seq444,q=46",28932,1.3256964809384164,1.2310420000005706,0.6981670000030249,nan,nan,29.19360257926916,0.9071194692686867,0.9882178923381076,0.9915462921109207,0.9910223035523784,Pillow wall time including file I/O
chat_preview,photo,kodak_01,768,512,512,341,JPEG,"prog444,q=46",29141,1.3352730938416422,2.3568749999967054,1.3417499999945903,nan,nan,29.19360257926916,0.9071194692686867,0.9882178923381076,0.9915462921109207,0.9910223035523784,Pillow wall time including file I/O
chat_preview,photo,kodak_01,768,512,512,341,JPEG,"seq420,q=47",26770,1.2266312316715542,0.9518749999983811,0.644416999996622,nan,nan,29.01087030233124,0.9038147269221528,0.9858306831722031,0.9915826209638458,0.9897600259654646,Pillow wall time including file I/O
chat_preview,photo,kodak_01,768,512,512,341,JPEG,"prog420,q=47",26733,1.2249358504398826,1.8832499999987817,1.239832999999635,nan,nan,29.01087030233124,0.9038147269221528,0.9858306831722031,0.9915826209638458,0.9897600259654646,Pillow wall time including file I/O
chat_preview,photo,kodak_01,768,512,512,341,JPEG,"seq444,q=47",29186,1.3373350439882699,1.2429169999990108,0.6998330000058672,nan,nan,29.256087487406806,0.9084225643120982,0.9883703149342832,0.9916797812179704,0.9911324854727841,Pillow wall time including file I/O
chat_preview,photo,kodak_01,768,512,512,341,JPEG,"prog444,q=47",29402,1.347232404692082,2.314292000001217,1.421583999999143,nan,nan,29.256087487406806,0.9084225643120982,0.9883703149342832,0.9916797812179704,0.9911324854727841,Pillow wall time including file I/O
chat_preview,photo,kodak_01,768,512,512,341,JPEG,"seq420,q=48",27145,1.2438141495601174,0.9749170000006302,0.6281249999986471,nan,nan,29.0580813050555,0.9048483629574777,0.9860465176975071,0.9917328317139731,0.9898890658409937,Pillow wall time including file I/O
chat_preview,photo,kodak_01,768,512,512,341,JPEG,"prog420,q=48",27018,1.2379948680351907,1.8688339999997083,1.2331669999952055,nan,nan,29.0580813050555,0.9048483629574777,0.9860465176975071,0.9917328317139731,0.9898890658409937,Pillow wall time including file I/O
chat_preview,photo,kodak_01,768,512,512,341,JPEG,"seq444,q=48",29535,1.3533266129032258,1.2326250000000982,0.6963339999970231,nan,nan,29.30272368552375,0.9093698383843337,0.9885397007816284,0.9918354339704667,0.9912414398403311,Pillow wall time including file I/O
chat_preview,photo,kodak_01,768,512,512,341,JPEG,"prog444,q=48",29688,1.3603372434017595,2.3314580000004526,1.409625000000858,nan,nan,29.30272368552375,0.9093698383843337,0.9885397007816284,0.9918354339704667,0.9912414398403311,Pillow wall time including file I/O
chat_preview,photo,kodak_01,768,512,512,341,JPEG,"seq420,q=49",27711,1.2697489002932552,0.9593340000009221,0.6385830000041892,nan,nan,29.145181964836375,0.906809231737749,0.9865040323390287,0.991941781307942,0.9901587014963825,Pillow wall time including file I/O
chat_preview,photo,kodak_01,768,512,512,341,JPEG,"prog420,q=49",27629,1.2659915689149561,1.918625000001839,1.058290999999656,nan,nan,29.145181964836375,0.906809231737749,0.9865040323390287,0.991941781307942,0.9901587014963825,Pillow wall time including file I/O
chat_preview,photo,kodak_01,768,512,512,341,JPEG,"seq444,q=49",30213,1.3843933284457477,1.241583999998852,0.7031250000011369,nan,nan,29.399372179365816,0.9111654091415212,0.9889368123285914,0.9920315999863636,0.991520780441667,Pillow wall time including file I/O
chat_preview,photo,kodak_01,768,512,512,341,JPEG,"prog444,q=49",30405,1.3931909824046922,2.348083999997641,1.3394580000039014,nan,nan,29.399372179365816,0.9111654091415212,0.9889368123285914,0.9920315999863636,0.991520780441667,Pillow wall time including file I/O
chat_preview,photo,kodak_01,768,512,512,341,JPEG,"seq420,q=50",27853,1.2762554985337244,0.950582999998062,0.670499999998242,nan,nan,29.19406318681824,0.9077477765803801,0.9866292101775751,0.9920264153053906,0.9902690363821782,Pillow wall time including file I/O
chat_preview,photo,kodak_01,768,512,512,341,JPEG,"prog420,q=50",27768,1.2723607038123168,1.9317499999971233,1.2336670000010486,nan,nan,29.19406318681824,0.9077477765803801,0.9866292101775751,0.9920264153053906,0.9902690363821782,Pillow wall time including file I/O
chat_preview,photo,kodak_01,768,512,512,341,JPEG,"seq444,q=50",30350,1.3906708211143695,1.2869590000050835,0.6959159999979647,nan,nan,29.44918432078829,0.9120425037319876,0.9890269305878219,0.9921145217096108,0.9916146709553995,Pillow wall time including file I/O
chat_preview,photo,kodak_01,768,512,512,341,JPEG,"prog444,q=50",30547,1.3996975806451613,3.259624999998323,1.347750000000758,nan,nan,29.44918432078829,0.9120425037319876,0.9890269305878219,0.9921145217096108,0.9916146709553995,Pillow wall time including file I/O
chat_preview,photo,kodak_01,768,512,512,341,JPEG,"seq420,q=51",28011,1.2834952346041055,0.9530419999990158,0.6327079999977059,nan,nan,29.24473880019041,0.9086574653073627,0.9867358820845119,0.9921156180558142,0.9903730219965529,Pillow wall time including file I/O
chat_preview,photo,kodak_01,768,512,512,341,JPEG,"prog420,q=51",27903,1.2785465542521994,1.9662079999989146,1.2025419999943665,nan,nan,29.24473880019041,0.9086574653073627,0.9867358820845119,0.9921156180558142,0.9903730219965529,Pillow wall time including file I/O
chat_preview,photo,kodak_01,768,512,512,341,JPEG,"seq444,q=51",30510,1.3980021994134897,1.277458000004117,0.5936660000003258,nan,nan,29.501338073775322,0.9129016955357455,0.9891203897767239,0.992200115314881,0.9917087165283879,Pillow wall time including file I/O
chat_preview,photo,kodak_01,768,512,512,341,JPEG,"prog444,q=51",30692,1.406341642228739,4.850124999997263,1.3179590000049757,nan,nan,29.501338073775322,0.9129016955357455,0.9891203897767239,0.992200115314881,0.9917087165283879,Pillow wall time including file I/O
chat_preview,photo,kodak_01,768,512,512,341,JPEG,"seq420,q=52",28629,1.3118126832844574,0.9543749999991746,0.6338340000056064,nan,nan,29.333586718777273,0.9102708568463557,0.9871006595979505,0.9923831867514226,0.9906327279112086,Pillow wall time including file I/O
chat_preview,photo,kodak_01,768,512,512,341,JPEG,"prog420,q=52",28529,1.3072305718475072,6.634374999997306,1.121125000004497,nan,nan,29.333586718777273,0.9102708568463557,0.9871006595979505,0.9923831867514226,0.9906327279112086,Pillow wall time including file I/O
chat_preview,photo,kodak_01,768,512,512,341,JPEG,"seq444,q=52",31214,1.4302602639296187,1.2567499999960319,0.7312499999940769,nan,nan,29.59309428263325,0.914556783804168,0.9894851919093436,0.9924662387714177,0.9919393719382743,Pillow wall time including file I/O
chat_preview,photo,kodak_01,768,512,512,341,JPEG,"prog444,q=52",31451,1.4411198680351907,5.021833999997227,1.3386250000024802,nan,nan,29.59309428263325,0.914556783804168,0.9894851919093436,0.9924662387714177,0.9919393719382743,Pillow wall time including file I/O
chat_preview,photo,kodak_01,768,512,512,341,JPEG,"seq420,q=53",29079,1.3324321847507332,0.9665839999968284,0.6525840000008998,nan,nan,29.389750545174525,0.9113598347915856,0.9872778111957525,0.992558656525644,0.9907630314052173,Pillow wall time including file I/O
chat_preview,photo,kodak_01,768,512,512,341,JPEG,"prog420,q=53",28858,1.3223057184750733,1.9310409999988565,1.197125000004462,nan,nan,29.389750545174525,0.9113598347915856,0.9872778111957525,0.992558656525644,0.9907630314052173,Pillow wall time including file I/O
chat_preview,photo,kodak_01,768,512,512,341,JPEG,"seq444,q=53",31689,1.4520252932551319,1.3179580000013402,0.6090000000043005,nan,nan,29.650935709294505,0.9156064122969124,0.9896616990680364,0.9926451158392849,0.9920645991176451,Pillow wall time including file I/O
chat_preview,photo,kodak_01,768,512,512,341,JPEG,"prog444,q=53",31782,1.4562866568914956,2.4327919999933556,1.3403330000016922,nan,nan,29.650935709294505,0.9156064122969124,0.9896616990680364,0.9926451158392849,0.9920645991176451,Pillow wall time including file I/O
chat_preview,photo,kodak_01,768,512,512,341,JPEG,"seq420,q=54",29383,1.3463618035190617,3.7333750000030363,0.5280000000027485,nan,nan,29.46549643892795,0.9127979957481555,0.9875230765625259,0.9927273880102515,0.9909328840990256,Pillow wall time including file I/O
chat_preview,photo,kodak_01,768,512,512,341,JPEG,"prog420,q=54",29182,1.3371517595307918,2.024290999997902,1.2482500000032815,nan,nan,29.46549643892795,0.9127979957481555,0.9875230765625259,0.9927273880102515,0.9909328840990256,Pillow wall time including file I/O
chat_preview,photo,kodak_01,768,512,512,341,JPEG,"seq444,q=54",32015,1.4669629765395895,1.2915410000005068,0.7563329999982216,nan,nan,29.732004896890935,0.9169968274441107,0.9898599058903154,0.9928104799261913,0.9922217520890874,Pillow wall time including file I/O
chat_preview,photo,kodak_01,768,512,512,341,JPEG,"prog444,q=54",32145,1.4729197214076246,2.7148330000059673,1.3743330000011156,nan,nan,29.732004896890935,0.9169968274441107,0.9898599058903154,0.9928104799261913,0.9922217520890874,Pillow wall time including file I/O
chat_preview,photo,kodak_01,768,512,512,341,JPEG,"seq420,q=55",29780,1.3645527859237536,0.9592089999941322,0.6433750000027771,nan,nan,29.53458218025231,0.9140662025641335,0.9877567027866894,0.9929060670220475,0.9911202471093853,Pillow wall time including file I/O
chat_preview,photo,kodak_01,768,512,512,341,JPEG,"prog420,q=55",29589,1.3558009530791788,1.966332999998599,1.209709000001169,nan,nan,29.53458218025231,0.9140662025641335,0.9877567027866894,0.9929060670220475,0.9911202471093853,Pillow wall time including file I/O
chat_preview,photo,kodak_01,768,512,512,341,JPEG,"seq444,q=55",32509,1.489598607038123,1.250584000004551,0.7049170000001936,nan,nan,29.800544572638724,0.9183362920372696,0.9900842845395369,0.9930048378421664,0.9923644207091159,Pillow wall time including file I/O
chat_preview,photo,kodak_01,768,512,512,341,JPEG,"prog444,q=55",32683,1.4975714809384164,2.443916000004265,1.4663749999996867,nan,nan,29.800544572638724,0.9183362920372696,0.9900842845395369,0.9930048378421664,0.9923644207091159,Pillow wall time including file I/O
chat_preview,photo,kodak_01,768,512,512,341,JPEG,"seq420,q=56",30266,1.3868218475073313,0.9557910000026482,0.6784159999995154,nan,nan,29.6166279576722,0.9155776230275191,0.9879720715914977,0.9930970254093159,0.9912847800452967,Pillow wall time including file I/O
chat_preview,photo,kodak_01,768,512,512,341,JPEG,"prog420,q=56",30062,1.377474340175953,2.0910419999964347,1.1610000000032983,nan,nan,29.6166279576722,0.9155776230275191,0.9879720715914977,0.9930970254093159,0.9912847800452967,Pillow wall time including file I/O
chat_preview,photo,kodak_01,768,512,512,341,JPEG,"seq444,q=56",33044,1.5141129032258065,1.2721249999998463,0.5756670000067743,nan,nan,29.887174194036128,0.9199391751744201,0.9902999578247478,0.9931934099783445,0.9925295488927067,Pillow wall time including file I/O
chat_preview,photo,kodak_01,768,512,512,341,JPEG,"prog444,q=56",33177,1.5202071114369502,2.4865840000032335,1.505332999997222,nan,nan,29.887174194036128,0.9199391751744201,0.9902999578247478,0.9931934099783445,0.9925295488927067,Pillow wall time including file I/O
chat_preview,photo,kodak_01,768,512,512,341,JPEG,"seq420,q=57",30774,1.4100989736070382,1.0137920000019562,0.6732499999984043,nan,nan,29.693092143334038,0.9169930668427771,0.9881765595969835,0.9932443248001189,0.9914472739048561,Pillow wall time including file I/O
chat_preview,photo,kodak_01,768,512,512,341,JPEG,"prog420,q=57",30495,1.3973148826979471,2.066415999998128,1.257416000001399,nan,nan,29.693092143334038,0.9169930668427771,0.9881765595969835,0.9932443248001189,0.9914472739048561,Pillow wall time including file I/O
chat_preview,photo,kodak_01,768,512,512,341,JPEG,"seq444,q=57",33633,1.5411015395894427,1.3278750000011996,0.7153329999951552,nan,nan,29.96863936409931,0.9214538819177237,0.9905239558071436,0.9933327900698957,0.9926825152049551,Pillow wall time including file I/O
chat_preview,photo,kodak_01,768,512,512,341,JPEG,"prog444,q=57",33700,1.5441715542521994,2.481166999999118,1.4405830000043807,nan,nan,29.96863936409931,0.9214538819177237,0.9905239558071436,0.9933327900698957,0.9926825152049551,Pillow wall time including file I/O
chat_preview,photo,kodak_01,768,512,512,341,JPEG,"seq420,q=58",31318,1.435025659824047,0.9707079999969892,0.7117500000006771,nan,nan,29.779657660411566,0.9183404154175449,0.9883941533042909,0.9934091764028117,0.9916447922417501,Pillow wall time including file I/O
chat_preview,photo,kodak_01,768,512,512,341,JPEG,"prog420,q=58",31011,1.42095857771261,2.019625000002634,1.2622919999998317,nan,nan,29.779657660411566,0.9183404154175449,0.9883941533042909,0.9934091764028117,0.9916447922417501,Pillow wall time including file I/O
chat_preview,photo,kodak_01,768,512,512,341,JPEG,"seq444,q=58",34199,1.5670362903225807,1.280416999996703,0.7325830000013411,nan,nan,30.0560622226101,0.9228509828635317,0.990720701392222,0.9935083421085992,0.9928400436115687,Pillow wall time including file I/O
chat_preview,photo,kodak_01,768,512,512,341,JPEG,"prog444,q=58",34268,1.5701979472140764,2.452249999997491,1.5078750000014907,nan,nan,30.0560622226101,0.9228509828635317,0.990720701392222,0.9935083421085992,0.9928400436115687,Pillow wall time including file I/O
chat_preview,photo,kodak_01,768,512,512,341,JPEG,"seq420,q=59",31686,1.4518878299120235,0.9738329999962048,0.6536249999982147,nan,nan,29.846431818373027,0.9195194742407432,0.9885449308395825,0.9935432637411835,0.9917640732633732,Pillow wall time including file I/O
chat_preview,photo,kodak_01,768,512,512,341,JPEG,"prog420,q=59",31338,1.435942082111437,4.519832999996254,1.147082999999327,nan,nan,29.846431818373027,0.9195194742407432,0.9885449308395825,0.9935432637411835,0.9917640732633732,Pillow wall time including file I/O
chat_preview,photo,kodak_01,768,512,512,341,JPEG,"seq444,q=59",34603,1.5855480205278591,1.3321250000046803,0.5845829999984176,nan,nan,30.12674988291954,0.9240141741394994,0.9908666126953859,0.9936407097671793,0.9929553219166987,Pillow wall time including file I/O
chat_preview,photo,kodak_01,768,512,512,341,JPEG,"prog444,q=59",34593,1.5850898093841643,2.565042000000517,1.5122500000046557,nan,nan,30.12674988291954,0.9240141741394994,0.9908666126953859,0.9936407097671793,0.9929553219166987,Pillow wall time including file I/O
chat_preview,photo,kodak_01,768,512,512,341,JPEG,"seq420,q=60",32166,1.4738819648093842,1.0249169999951846,0.6921669999968572,nan,nan,29.93418700462087,0.9211488933570365,0.9888004324682488,0.9937121265809972,0.991940728985258,Pillow wall time including file I/O
chat_preview,photo,kodak_01,768,512,512,341,JPEG,"prog420,q=60",31841,1.4589901026392962,2.1225409999985345,1.3089580000027468,nan,nan,29.93418700462087,0.9211488933570365,0.9888004324682488,0.9937121265809972,0.991940728985258,Pillow wall time including file I/O
chat_preview,photo,kodak_01,768,512,512,341,JPEG,"seq444,q=60",35181,1.612032624633431,1.3785000000012815,0.9239170000014951,nan,nan,30.21936490225348,0.9255838298247592,0.9910957122688036,0.993801716243387,0.9931174377007882,Pillow wall time including file I/O
chat_preview,photo,kodak_01,768,512,512,341,JPEG,"prog444,q=60",35217,1.6136821847507332,2.6541249999993966,1.58833300000083,nan,nan,30.21936490225348,0.9255838298247592,0.9910957122688036,0.993801716243387,0.9931174377007882,Pillow wall time including file I/O
chat_preview,photo,kodak_01,768,512,512,341,JPEG,"seq420,q=61",32717,1.4991293988269794,0.9926250000020787,0.6726249999999823,nan,nan,30.028011839109567,0.9226421042714422,0.9891836625283276,0.9939509679772319,0.9921418158238324,Pillow wall time including file I/O
chat_preview,photo,kodak_01,768,512,512,341,JPEG,"prog420,q=61",32362,1.4828629032258065,8.47804200000013,1.2047920000028967,nan,nan,30.028011839109567,0.9226421042714422,0.9891836625283276,0.9939509679772319,0.9921418158238324,Pillow wall time including file I/O
chat_preview,photo,kodak_01,768,512,512,341,JPEG,"seq444,q=61",35809,1.640808284457478,1.3116670000030695,0.617665999996575,nan,nan,30.322542284828685,0.9272320973916827,0.9914830495103043,0.9940398451128346,0.993336152957125,Pillow wall time including file I/O
chat_preview,photo,kodak_01,768,512,512,341,JPEG,"prog444,q=61",35771,1.639067082111437,2.6241670000004547,1.4272080000026222,nan,nan,30.322542284828685,0.9272320973916827,0.9914830495103043,0.9940398451128346,0.993336152957125,Pillow wall time including file I/O
chat_preview,photo,kodak_01,768,512,512,341,JPEG,"seq420,q=62",33157,1.5192906891495601,1.1663330000004635,0.5812079999998332,nan,nan,30.105912419259212,0.9239005247338605,0.9893633146529158,0.9940759529068438,0.9922713299745837,Pillow wall time including file I/O
chat_preview,photo,kodak_01,768,512,512,341,JPEG,"prog420,q=62",32700,1.498350439882698,2.153417000002378,1.2951250000057257,nan,nan,30.105912419259212,0.9239005247338605,0.9893633146529158,0.9940759529068438,0.9922713299745837,Pillow wall time including file I/O
chat_preview,photo,kodak_01,768,512,512,341,JPEG,"seq444,q=62",36266,1.6617485337243403,1.3366670000038994,0.6284169999943856,nan,nan,30.409136199927893,0.9284436838668689,0.9916390004199104,0.9941605857841598,0.9934671179641842,Pillow wall time including file I/O
chat_preview,photo,kodak_01,768,512,512,341,JPEG,"prog444,q=62",36153,1.6565707478005864,2.6467499999967004,1.4419580000009091,nan,nan,30.409136199927893,0.9284436838668689,0.9916390004199104,0.9941605857841598,0.9934671179641842,Pillow wall time including file I/O
chat_preview,photo,kodak_01,768,512,512,341,JPEG,"seq420,q=63",33839,1.5505406891495601,1.0559159999985468,0.5820840000012595,nan,nan,30.210133422500842,0.9255559943488648,0.9896369713351804,0.9942565425208565,0.9924669285619138,Pillow wall time including file I/O
chat_preview,photo,kodak_01,768,512,512,341,JPEG,"prog420,q=63",33364,1.528775659824047,2.1756249999995703,1.2224170000010304,nan,nan,30.210133422500842,0.9255559943488648,0.9896369713351804,0.9942565425208565,0.9924669285619138,Pillow wall time including file I/O
chat_preview,photo,kodak_01,768,512,512,341,JPEG,"seq444,q=63",37033,1.6968933284457477,1.401833000002739,0.7459999999994693,nan,nan,30.5179421581334,0.9300744090993608,0.9918676947128796,0.9943389164654096,0.993636080781385,Pillow wall time including file I/O
chat_preview,photo,kodak_01,768,512,512,341,JPEG,"prog444,q=63",36932,1.6922653958944283,2.7132499999993342,1.627208000002156,nan,nan,30.5179421581334,0.9300744090993608,0.9918676947128796,0.9943389164654096,0.993636080781385,Pillow wall time including file I/O
chat_preview,photo,kodak_01,768,512,512,341,JPEG,"seq420,q=64",34267,1.5701521260997067,1.0520000000013852,0.7332079999997632,nan,nan,30.303466377887524,0.9269294979937505,0.9899270781851629,0.9943851165359031,0.9926697109130537,Pillow wall time including file I/O
chat_preview,photo,kodak_01,768,512,512,341,JPEG,"prog420,q=64",33776,1.5476539589442815,2.250250000003007,1.333000000002471,nan,nan,30.303466377887524,0.9269294979937505,0.9899270781851629,0.9943851165359031,0.9926697109130537,Pillow wall time including file I/O
chat_preview,photo,kodak_01,768,512,512,341,JPEG,"seq444,q=64",37588,1.7223240469208212,1.3505840000007652,0.6397089999978789,nan,nan,30.617387273789774,0.9314916709112282,0.992192552713528,0.9944670955648502,0.993837116023345,Pillow wall time including file I/O
chat_preview,photo,kodak_01,768,512,512,341,JPEG,"prog444,q=64",37456,1.716275659824047,2.8532500000011396,1.8427079999980833,nan,nan,30.617387273789774,0.9314916709112282,0.992192552713528,0.9944670955648502,0.993837116023345,Pillow wall time including file I/O
chat_preview,photo,kodak_01,768,512,512,341,JPEG,"seq420,q=65",34922,1.6001649560117301,1.0397090000111575,0.5574590000065882,nan,nan,30.399464332548135,0.9284483706916037,0.9901609567645956,0.9945917052913406,0.9928279581908702,Pillow wall time including file I/O
chat_preview,photo,kodak_01,768,512,512,341,JPEG,"prog420,q=65",34405,1.576475439882698,2.240666000005831,1.3442910000094344,nan,nan,30.399464332548135,0.9284483706916037,0.9901609567645956,0.9945917052913406,0.9928279581908702,Pillow wall time including file I/O
chat_preview,photo,kodak_01,768,512,512,341,JPEG,"seq444,q=65",38263,1.7532532991202345,1.3849169999957667,0.7785840000025246,nan,nan,30.71948725534895,0.9329786726051997,0.9924202088451847,0.994673348096323,0.993993090166008,Pillow wall time including file I/O
chat_preview,photo,kodak_01,768,512,512,341,JPEG,"prog444,q=65",38095,1.7455553519061584,2.7669580000093674,1.6007919999907472,nan,nan,30.71948725534895,0.9329786726051997,0.9924202088451847,0.994673348096323,0.993993090166008,Pillow wall time including file I/O
chat_preview,photo,kodak_01,768,512,512,341,JPEG,"seq420,q=66",35570,1.6298570381231672,1.0339999999899874,0.6950420000038093,nan,nan,30.511224240957514,0.9302034867268018,0.9904398017220495,0.9947376409416375,0.9930346057590785,Pillow wall time including file I/O
chat_preview,photo,kodak_01,768,512,512,341,JPEG,"prog420,q=66",35000,1.6037390029325513,2.207291999994254,1.2344999999953643,nan,nan,30.511224240957514,0.9302034867268018,0.9904398017220495,0.9947376409416375,0.9930346057590785,Pillow wall time including file I/O
chat_preview,photo,kodak_01,768,512,512,341,JPEG,"seq444,q=66",39056,1.7895894428152492,1.4144999999956553,0.7705000000015616,nan,nan,30.838140356089383,0.9346774595836606,0.992628000579376,0.9948197244825459,0.9941635881498919,Pillow wall time including file I/O
chat_preview,photo,kodak_01,768,512,512,341,JPEG,"prog444,q=66",38889,1.7819373167155426,2.8221250000086684,1.609625000000392,nan,nan,30.838140356089383,0.9346774595836606,0.992628000579376,0.9948197244825459,0.9941635881498919,Pillow wall time including file I/O
chat_preview,photo,kodak_01,768,512,512,341,JPEG,"seq420,q=67",36133,1.6556543255131966,3.5808330000008937,0.5733750000018745,nan,nan,30.614194433675138,0.9317967084930135,0.9905392922001055,0.9948954127479147,0.9931687003172712,Pillow wall time including file I/O
chat_preview,photo,kodak_01,768,512,512,341,JPEG,"prog420,q=67",35510,1.6271077712609971,2.306666999999152,1.3507910000072343,nan,nan,30.614194433675138,0.9317967084930135,0.9905392922001055,0.9948954127479147,0.9931687003172712,Pillow wall time including file I/O
chat_preview,photo,kodak_01,768,512,512,341,JPEG,"seq444,q=67",39687,1.8185025659824048,1.4158750000063947,0.7716669999950909,nan,nan,30.95095957687798,0.9362870378741369,0.9927709509592936,0.994981288707848,0.9943071901162054,Pillow wall time including file I/O
chat_preview,photo,kodak_01,768,512,512,341,JPEG,"prog444,q=67",39431,1.8067723607038124,2.811041000001069,1.6349590000004355,nan,nan,30.95095957687798,0.9362870378741369,0.9927709509592936,0.994981288707848,0.9943071901162054,Pillow wall time including file I/O
chat_preview,photo,kodak_01,768,512,512,341,JPEG,"seq420,q=68",36973,1.6941440615835777,1.1034589999923128,0.6856250000026876,nan,nan,30.72835292440514,0.9334556821515948,0.990774218370294,0.9951013063756361,0.9933357620384453,Pillow wall time including file I/O
chat_preview,photo,kodak_01,768,512,512,341,JPEG,"prog420,q=68",36293,1.6629857038123168,2.308709000004683,1.2530830000088145,nan,nan,30.72835292440514,0.9334556821515948,0.990774218370294,0.9951013063756361,0.9933357620384453,Pillow wall time including file I/O
chat_preview,photo,kodak_01,768,512,512,341,JPEG,"seq444,q=68",40579,1.859375,1.4331250000054752,0.7611249999968095,nan,nan,31.06849831371225,0.9379443418810675,0.9930123898842846,0.9951732019355516,0.9944670990501778,Pillow wall time including file I/O
chat_preview,photo,kodak_01,768,512,512,341,JPEG,"prog444,q=68",40269,1.8451704545454546,2.823540999997931,1.6492080000034548,nan,nan,31.06849831371225,0.9379443418810675,0.9930123898842846,0.9951732019355516,0.9944670990501778,Pillow wall time including file I/O
chat_preview,photo,kodak_01,768,512,512,341,JPEG,"seq420,q=69",37593,1.7225531524926687,1.0818330000006426,0.5778749999905131,nan,nan,30.837095612309827,0.9349335878858707,0.9910070929096718,0.9952363256004149,0.9935032338792943,Pillow wall time including file I/O
chat_preview,photo,kodak_01,768,512,512,341,JPEG,"prog420,q=69",36858,1.6888746334310851,2.3259170000073937,1.4132080000024416,nan,nan,30.837095612309827,0.9349335878858707,0.9910070929096718,0.9952363256004149,0.9935032338792943,Pillow wall time including file I/O
chat_preview,photo,kodak_01,768,512,512,341,JPEG,"seq444,q=69",41351,1.8947489002932552,1.420583999987457,0.7930419999979677,nan,nan,31.182707674838056,0.9393461774920707,0.9932114374318961,0.9953066093815274,0.9946180511564225,Pillow wall time including file I/O
chat_preview,photo,kodak_01,768,512,512,341,JPEG,"prog444,q=69",40983,1.8778867302052786,2.8666249999957927,1.659375000002683,nan,nan,31.182707674838056,0.9393461774920707,0.9932114374318961,0.9953066093815274,0.9946180511564225,Pillow wall time including file I/O
chat_preview,photo,kodak_01,768,512,512,341,JPEG,"seq420,q=70",38488,1.7635630498533725,5.785750000001144,0.5740829999894004,nan,nan,30.96922597561139,0.936725278288366,0.9912729555452785,0.9954354202642488,0.9937054615212664,Pillow wall time including file I/O
chat_preview,photo,kodak_01,768,512,512,341,JPEG,"prog420,q=70",37721,1.728418255131965,4.806250000001455,1.2834579999889684,nan,nan,30.96922597561139,0.936725278288366,0.9912729555452785,0.9954354202642488,0.9937054615212664,Pillow wall time including file I/O
chat_preview,photo,kodak_01,768,512,512,341,JPEG,"seq444,q=70",42341,1.9401118035190617,1.4298749999994698,0.7765829999897278,nan,nan,31.325448286384688,0.9411756025213743,0.9934660725522763,0.9955070463260473,0.9948080297126897,Pillow wall time including file I/O
chat_preview,photo,kodak_01,768,512,512,341,JPEG,"prog444,q=70",41973,1.9232496334310851,2.925540999996201,1.6989580000057458,nan,nan,31.325448286384688,0.9411756025213743,0.9934660725522763,0.9955070463260473,0.9948080297126897,Pillow wall time including file I/O
chat_preview,photo,kodak_01,768,512,512,341,JPEG,"seq420,q=71",39284,1.8000366568914956,1.080874999999537,0.5829169999884698,nan,nan,31.102241406345307,0.9384127432408466,0.9915651970434003,0.9956090087611928,0.9939158828503657,Pillow wall time including file I/O
chat_preview,photo,kodak_01,768,512,512,341,JPEG,"prog420,q=71",38446,1.7616385630498534,2.392999999997869,1.4098329999967518,nan,nan,31.102241406345307,0.9384127432408466,0.9915651970434003,0.9956090087611928,0.9939158828503657,Pillow wall time including file I/O
chat_preview,photo,kodak_01,768,512,512,341,JPEG,"seq444,q=71",43341,1.985932917888563,1.4509589999960326,0.7950410000034935,nan,nan,31.464341545292545,0.9429172616201762,0.9937672850207017,0.9956830630805708,0.9949985088406976,Pillow wall time including file I/O
chat_preview,photo,kodak_01,768,512,512,341,JPEG,"prog444,q=71",42893,1.9654050586510263,2.946792000003029,1.6769590000080825,nan,nan,31.464341545292545,0.9429172616201762,0.9937672850207017,0.9956830630805708,0.9949985088406976,Pillow wall time including file I/O
chat_preview,photo,kodak_01,768,512,512,341,JPEG,"seq420,q=72",39925,1.829407991202346,3.5820829999977377,0.5818749999946249,nan,nan,31.223842633715726,0.93995032493968,0.9917348176104501,0.9957653178426492,0.9940575791113243,Pillow wall time including file I/O
chat_preview,photo,kodak_01,768,512,512,341,JPEG,"prog420,q=72",39116,1.7923387096774193,2.391750000001025,1.420041000002925,nan,nan,31.223842633715726,0.93995032493968,0.9917348176104501,0.9957653178426492,0.9940575791113243,Pillow wall time including file I/O
chat_preview,photo,kodak_01,768,512,512,341,JPEG,"seq444,q=72",44037,2.0178244134897363,1.462625000002049,0.7788340000018934,nan,nan,31.59203497574854,0.9445576670488428,0.9939456368405345,0.995837916851916,0.9951264131261909,Pillow wall time including file I/O
chat_preview,photo,kodak_01,768,512,512,341,JPEG,"prog444,q=72",43631,1.9992210410557185,5.420499999999606,1.5682089999984328,nan,nan,31.59203497574854,0.9445576670488428,0.9939456368405345,0.995837916851916,0.9951264131261909,Pillow wall time including file I/O
chat_preview,photo,kodak_01,768,512,512,341,JPEG,"seq420,q=73",40843,1.8714717741935485,3.519957999998269,0.6033330000008164,nan,nan,31.362323627793852,0.941704902324004,0.9921111208409185,0.9959276614680219,0.9942671463648636,Pillow wall time including file I/O
chat_preview,photo,kodak_01,768,512,512,341,JPEG,"prog420,q=73",39849,1.825925586510264,2.421707999999967,1.4987090000033731,nan,nan,31.362323627793852,0.941704902324004,0.9921111208409185,0.9959276614680219,0.9942671463648636,Pillow wall time including file I/O
chat_preview,photo,kodak_01,768,512,512,341,JPEG,"seq444,q=73",45078,2.065524193548387,1.4708749999954307,0.6970409999951244,nan,nan,31.73214536539899,0.9462922880933964,0.9942502600271008,0.9960040849644437,0.9952909598917454,Pillow wall time including file I/O
chat_preview,photo,kodak_01,768,512,512,341,JPEG,"prog444,q=73",44441,2.0363361436950145,2.981790999996292,1.6241250000064156,nan,nan,31.73214536539899,0.9462922880933964,0.9942502600271008,0.9960040849644437,0.9952909598917454,Pillow wall time including file I/O
chat_preview,photo,kodak_01,768,512,512,341,JPEG,"seq420,q=74",42150,1.9313599706744868,1.1204169999956548,0.7442080000004125,nan,nan,31.546497570633242,0.9438801702556804,0.9924409989301705,0.9961654914281616,0.9945056987971156,Pillow wall time including file I/O
chat_preview,photo,kodak_01,768,512,512,341,JPEG,"prog420,q=74",41109,1.8836601906158357,2.495707999997876,1.3374580000089509,nan,nan,31.546497570633242,0.9438801702556804,0.9924409989301705,0.9961654914281616,0.9945056987971156,Pillow wall time including file I/O
chat_preview,photo,kodak_01,768,512,512,341,JPEG,"seq444,q=74",46667,2.138333944281525,1.5110420000041813,0.8157919999973728,nan,nan,31.924520039126037,0.9483724267261527,0.9945421831879723,0.9962329461845336,0.9955348960431469,Pillow wall time including file I/O
chat_preview,photo,kodak_01,768,512,512,341,JPEG,"prog444,q=74",46002,2.1078629032258065,3.092582999997262,1.7387499999870215,nan,nan,31.924520039126037,0.9483724267261527,0.9945421831879723,0.9962329461845336,0.9955348960431469,Pillow wall time including file I/O
chat_preview,photo,kodak_01,768,512,512,341,JPEG,"seq420,q=75",42556,1.9499633431085044,3.6390409999995654,0.6129169999979922,nan,nan,31.655191465777058,0.9451023968177413,0.9925625210695509,0.9962675477693151,0.9946277343113152,Pillow wall time including file I/O
chat_preview,photo,kodak_01,768,512,512,341,JPEG,"prog420,q=75",41499,1.9015304252199414,2.5603749999874026,1.489167000002567,nan,nan,31.655191465777058,0.9451023968177413,0.9925625210695509,0.9962675477693151,0.9946277343113152,Pillow wall time including file I/O
chat_preview,photo,kodak_01,768,512,512,341,JPEG,"seq444,q=75",47104,2.158357771260997,1.5105840000018134,0.8822909999963713,nan,nan,32.04130449142886,0.9495643251735114,0.9946518609672638,0.9963332339009908,0.9956508284706037,Pillow wall time including file I/O
chat_preview,photo,kodak_01,768,512,512,341,JPEG,"prog444,q=75",46406,2.126374633431085,3.1268339999996897,1.7597500000050559,nan,nan,32.04130449142886,0.9495643251735114,0.9946518609672638,0.9963332339009908,0.9956508284706037,Pillow wall time including file I/O
chat_preview,photo,kodak_01,768,512,512,341,JPEG,"seq420,q=76",43626,1.998991935483871,5.759457999999995,0.6193330000030528,nan,nan,31.849793913532253,0.9471644795409371,0.9929458846222968,0.996460529368259,0.9948997370463172,Pillow wall time including file I/O
chat_preview,photo,kodak_01,768,512,512,341,JPEG,"prog420,q=76",42403,1.9429527126099706,2.495624999994561,1.4759169999933874,nan,nan,31.849793913532253,0.9471644795409371,0.9929458846222968,0.996460529368259,0.9948997370463172,Pillow wall time including file I/O
chat_preview,photo,kodak_01,768,512,512,341,JPEG,"seq444,q=76",48300,2.213159824046921,1.511750000005918,0.7226250000087475,nan,nan,32.245502039820025,0.9515283273690899,0.9949961197073477,0.9965257487896768,0.9958930097337247,Pillow wall time including file I/O
chat_preview,photo,kodak_01,768,512,512,341,JPEG,"prog444,q=76",47402,2.1720124633431084,3.101499999999646,1.7606660000097918,nan,nan,32.245502039820025,0.9515283273690899,0.9949961197073477,0.9965257487896768,0.9958930097337247,Pillow wall time including file I/O
chat_preview,photo,kodak_01,768,512,512,341,JPEG,"seq420,q=77",45172,2.0698313782991202,1.154499999998393,0.6083749999987731,nan,nan,32.065333881173636,0.9495527411096859,0.9933506385513629,0.9966826018760375,0.9951687399072512,Pillow wall time including file I/O
chat_preview,photo,kodak_01,768,512,512,341,JPEG,"prog420,q=77",43938,2.0132881231671553,2.575833999998167,1.543124999997758,nan,nan,32.065333881173636,0.9495527411096859,0.9933506385513629,0.9966826018760375,0.9951687399072512,Pillow wall time including file I/O
chat_preview,photo,kodak_01,768,512,512,341,JPEG,"seq444,q=77",50206,2.3004948680351904,1.5589170000112063,1.009374999995316,nan,nan,32.47355419563414,0.9539489559543887,0.9953333801536578,0.9967413511460869,0.996134795427907,Pillow wall time including file I/O
chat_preview,photo,kodak_01,768,512,512,341,JPEG,"prog444,q=77",49257,2.2570106304985336,3.22762499999385,1.808416999992346,nan,nan,32.47355419563414,0.9539489559543887,0.9953333801536578,0.9967413511460869,0.996134795427907,Pillow wall time including file I/O
chat_preview,photo,kodak_01,768,512,512,341,JPEG,"seq420,q=78",46418,2.126924486803519,1.173749999992424,0.7447090000027856,nan,nan,32.2329942524815,0.9513049165167929,0.9935525630308598,0.9968557513198192,0.9953294438367654,Pillow wall time including file I/O
chat_preview,photo,kodak_01,768,512,512,341,JPEG,"prog420,q=78",44894,2.057093108504399,2.566416000007621,1.514333000002921,nan,nan,32.2329942524815,0.9513049165167929,0.9935525630308598,0.9968557513198192,0.9953294438367654,Pillow wall time including file I/O
chat_preview,photo,kodak_01,768,512,512,341,JPEG,"seq444,q=78",51562,2.3626282991202348,1.5347920000010618,0.8782499999995252,nan,nan,32.645914923661486,0.9555887917930047,0.9954838108123333,0.9969142147749637,0.9962784045969114,Pillow wall time including file I/O
chat_preview,photo,kodak_01,768,512,512,341,JPEG,"prog444,q=78",50358,2.307459677419355,3.227542000004746,1.7955409999927952,nan,nan,32.645914923661486,0.9555887917930047,0.9954838108123333,0.9969142147749637,0.9962784045969114,Pillow wall time including file I/O
chat_preview,photo,kodak_01,768,512,512,341,JPEG,"seq420,q=79",47375,2.170775293255132,1.143208000002005,0.7524160000116353,nan,nan,32.41457561336831,0.9531668681793537,0.9937957055971309,0.9969969905826496,0.9955236318327169,Pillow wall time including file I/O
chat_preview,photo,kodak_01,768,512,512,341,JPEG,"prog420,q=79",45838,2.1003482404692084,2.621083000008184,1.5475000000009231,nan,nan,32.41457561336831,0.9531668681793537,0.9937957055971309,0.9969969905826496,0.9955236318327169,Pillow wall time including file I/O
chat_preview,photo,kodak_01,768,512,512,341,JPEG,"seq444,q=79",52686,2.414131231671554,1.7343329999874868,0.7604169999950727,nan,nan,32.83866584151547,0.957258315063234,0.9956528967986545,0.9970629092731776,0.9964424765267542,Pillow wall time including file I/O
chat_preview,photo,kodak_01,768,512,512,341,JPEG,"prog444,q=79",51438,2.3569464809384164,3.288250000011317,1.82504100000358,nan,nan,32.83866584151547,0.957258315063234,0.9956528967986545,0.9970629092731776,0.9964424765267542,Pillow wall time including file I/O
chat_preview,photo,kodak_01,768,512,512,341,JPEG,"seq420,q=80",48812,2.2366202346041058,1.1835420000068098,0.7588750000024902,nan,nan,32.642458306869585,0.9552138687432717,0.9941018330366659,0.9971828888125582,0.995766606594095,Pillow wall time including file I/O
chat_preview,photo,kodak_01,768,512,512,341,JPEG,"prog420,q=80",47090,2.157716275659824,5.073124999995571,1.4187080000027663,nan,nan,32.642458306869585,0.9552138687432717,0.9941018330366659,0.9971828888125582,0.995766606594095,Pillow wall time including file I/O
chat_preview,photo,kodak_01,768,512,512,341,JPEG,"seq444,q=80",54498,2.497159090909091,3.945459000007645,0.7550830000013775,nan,nan,33.08011881145815,0.9593737743216731,0.9959498374421804,0.997245302420576,0.996655859201882,Pillow wall time including file I/O
chat_preview,photo,kodak_01,768,512,512,341,JPEG,"prog444,q=80",53046,2.430626832844575,3.2778340000021444,1.8426249999947686,nan,nan,33.08011881145815,0.9593737743216731,0.9959498374421804,0.997245302420576,0.996655859201882,Pillow wall time including file I/O
chat_preview,photo,kodak_01,768,512,512,341,JPEG,"seq420,q=81",50565,2.3169446480938416,1.196667000002094,0.7707910000078755,nan,nan,32.888409077482244,0.9574582442813854,0.9943604094642625,0.9973711004649302,0.9959900521159661,Pillow wall time including file I/O
chat_preview,photo,kodak_01,768,512,512,341,JPEG,"prog420,q=81",48764,2.2344208211143695,2.9053330000010646,1.7154580000067199,nan,nan,32.888409077482244,0.9574582442813854,0.9943604094642625,0.9973711004649302,0.9959900521159661,Pillow wall time including file I/O
chat_preview,photo,kodak_01,768,512,512,341,JPEG,"seq444,q=81",56498,2.588801319648094,4.177124999998227,0.7293330000095466,nan,nan,33.34790568028679,0.961609367572871,0.9961816058444387,0.9974358834573014,0.996858888471422,Pillow wall time including file I/O
chat_preview,photo,kodak_01,768,512,512,341,JPEG,"prog444,q=81",54945,2.517641129032258,3.280666999998516,1.8908329999902662,nan,nan,33.34790568028679,0.961609367572871,0.9961816058444387,0.9974358834573014,0.996858888471422,Pillow wall time including file I/O
chat_preview,photo,kodak_01,768,512,512,341,JPEG,"seq420,q=82",52070,2.385905425219941,1.2210419999973965,0.7739589999999907,nan,nan,33.13160640288309,0.9594657429153317,0.9946274822802259,0.9975277518851916,0.9962041678838841,Pillow wall time including file I/O
chat_preview,photo,kodak_01,768,512,512,341,JPEG,"prog420,q=82",50027,2.29229288856305,2.705040999998687,1.5114170000032345,nan,nan,33.13160640288309,0.9594657429153317,0.9946274822802259,0.9975277518851916,0.9962041678838841,Pillow wall time including file I/O
chat_preview,photo,kodak_01,768,512,512,341,JPEG,"seq444,q=82",58392,2.67558651026393,1.924083000005794,0.8084159999981466,nan,nan,33.60133591175446,0.9635373818036833,0.996401725714709,0.997590570964036,0.9970397698587925,Pillow wall time including file I/O
chat_preview,photo,kodak_01,768,512,512,341,JPEG,"prog444,q=82",56600,2.593475073313783,3.442125000006513,1.9617920000030153,nan,nan,33.60133591175446,0.9635373818036833,0.996401725714709,0.997590570964036,0.9970397698587925,Pillow wall time including file I/O
chat_preview,photo,kodak_01,768,512,512,341,JPEG,"seq420,q=83",54044,2.4763563049853374,1.2432910000086395,0.7750420000007807,nan,nan,33.39960411136484,0.9617111783630463,0.9949359154840596,0.9977242860335122,0.9964241730104116,Pillow wall time including file I/O
chat_preview,photo,kodak_01,768,512,512,341,JPEG,"prog420,q=83",51900,2.378115835777126,2.9229160000028287,1.5946669999920005,nan,nan,33.39960411136484,0.9617111783630463,0.9949359154840596,0.9977242860335122,0.9964241730104116,Pillow wall time including file I/O
chat_preview,photo,kodak_01,768,512,512,341,JPEG,"seq444,q=83",60635,2.7783632697947214,4.276957999991282,0.7879580000036412,nan,nan,33.8822714106525,0.9656349988243319,0.9966417683386362,0.9977829387923606,0.9972277460053818,Pillow wall time including file I/O
chat_preview,photo,kodak_01,768,512,512,341,JPEG,"prog444,q=83",58696,2.689516129032258,3.555457999993905,1.8944579999953248,nan,nan,33.8822714106525,0.9656349988243319,0.9966417683386362,0.9977829387923606,0.9972277460053818,Pillow wall time including file I/O
chat_preview,photo,kodak_01,768,512,512,341,JPEG,"seq420,q=84",55857,2.5594299853372435,1.3250000000084583,0.8862079999971684,nan,nan,33.693366964204195,0.9638794144209178,0.995215778936605,0.997896170919869,0.9966354216546914,Pillow wall time including file I/O
chat_preview,photo,kodak_01,768,512,512,341,JPEG,"prog420,q=84",53408,2.4472140762463344,2.8333749999944757,1.6158330000024534,nan,nan,33.693366964204195,0.9638794144209178,0.995215778936605,0.997896170919869,0.9966354216546914,Pillow wall time including file I/O
chat_preview,photo,kodak_01,768,512,512,341,JPEG,"seq444,q=84",62626,2.869593108504399,1.6138750000038726,0.7571670000032782,nan,nan,34.19693543563338,0.9677081904062946,0.9968747482313839,0.997951043016299,0.9974230170799067,Pillow wall time including file I/O
chat_preview,photo,kodak_01,768,512,512,341,JPEG,"prog444,q=84",60424,2.7686950146627565,3.470207999995978,1.9722500000085574,nan,nan,34.19693543563338,0.9677081904062946,0.9968747482313839,0.997951043016299,0.9974230170799067,Pillow wall time including file I/O
chat_preview,photo,kodak_01,768,512,512,341,JPEG,"seq420,q=85",57718,2.6447030791788855,1.3102080000066962,0.8116249999972069,nan,nan,34.01802538631245,0.9662002927639083,0.9955417135944779,0.9980576943836383,0.9968816627035473,Pillow wall time including file I/O
chat_preview,photo,kodak_01,768,512,512,341,JPEG,"prog420,q=85",55150,2.5270344574780057,2.824583000005987,1.6626249999944775,nan,nan,34.01802538631245,0.9662002927639083,0.9955417135944779,0.9980576943836383,0.9968816627035473,Pillow wall time including file I/O
chat_preview,photo,kodak_01,768,512,512,341,JPEG,"seq444,q=85",65084,2.9822214076246336,1.6609169999952655,0.8912920000057056,nan,nan,34.54420596317035,0.9699323124316276,0.9971425628898068,0.9981151789801554,0.9976314852721391,Pillow wall time including file I/O
chat_preview,photo,kodak_01,768,512,512,341,JPEG,"prog444,q=85",62842,2.879490469208211,3.596625000000131,1.9638750000012806,nan,nan,34.54420596317035,0.9699323124316276,0.9971425628898068,0.9981151789801554,0.9976314852721391,Pillow wall time including file I/O
chat_preview,photo,kodak_01,768,512,512,341,JPEG,"seq420,q=86",60256,2.7609970674486806,1.2656250000020464,0.8075000000076216,nan,nan,34.396959441362064,0.9687986526555773,0.9958489922272616,0.998257813154235,0.9971346611629567,Pillow wall time including file I/O
chat_preview,photo,kodak_01,768,512,512,341,JPEG,"prog420,q=86",57377,2.6290780791788855,2.922917000006464,1.6997919999965916,nan,nan,34.396959441362064,0.9687986526555773,0.9958489922272616,0.998257813154235,0.9971346611629567,Pillow wall time including file I/O
chat_preview,photo,kodak_01,768,512,512,341,JPEG,"seq444,q=86",67768,3.105205278592375,4.2597080000064125,0.7669169999928727,nan,nan,34.9443512186466,0.972279021578831,0.9973728724493641,0.9983120367889541,0.9978439347037824,Pillow wall time including file I/O
chat_preview,photo,kodak_01,768,512,512,341,JPEG,"prog444,q=86",65205,2.987765762463343,3.6095410000029915,2.0251250000029586,nan,nan,34.9443512186466,0.972279021578831,0.9973728724493641,0.9983120367889541,0.9978439347037824,Pillow wall time including file I/O
chat_preview,photo,kodak_01,768,512,512,341,JPEG,"seq420,q=87",62247,2.8522269061583576,1.27449999999385,0.8319580000062388,nan,nan,34.76633320623734,0.9710300540941997,0.9961122173724789,0.9984040877699446,0.9973541087915725,Pillow wall time including file I/O
chat_preview,photo,kodak_01,768,512,512,341,JPEG,"prog420,q=87",59143,2.709998167155425,2.9292910000009442,1.7242079999988391,nan,nan,34.76633320623734,0.9710300540941997,0.9961122173724789,0.9984040877699446,0.9973541087915725,Pillow wall time including file I/O
chat_preview,photo,kodak_01,768,512,512,341,JPEG,"seq444,q=87",70247,3.2187958211143695,1.6889589999919963,0.9621669999972937,nan,nan,35.35155488903089,0.974472152785096,0.9975866635902725,0.9984562805854268,0.9980358406592926,Pillow wall time including file I/O
chat_preview,photo,kodak_01,768,512,512,341,JPEG,"prog444,q=87",67516,3.093658357771261,3.7892500000111795,2.0627919999895994,nan,nan,35.35155488903089,0.974472152785096,0.9975866635902725,0.9984562805854268,0.9980358406592926,Pillow wall time including file I/O
chat_preview,photo,kodak_01,768,512,512,341,JPEG,"seq420,q=88",65395,2.9964717741935485,1.357499999997458,0.6963750000039681,nan,nan,35.20383053338393,0.9734651110123185,0.9963994616065381,0.9985723181004214,0.9975910284530988,Pillow wall time including file I/O
chat_preview,photo,kodak_01,768,512,512,341,JPEG,"prog420,q=88",61934,2.837884897360704,3.081957999995666,1.7890419999986307,nan,nan,35.20383053338393,0.9734651110123185,0.9963994616065381,0.9985723181004214,0.9975910284530988,Pillow wall time including file I/O
chat_preview,photo,kodak_01,768,512,512,341,JPEG,"seq444,q=88",74024,3.3918621700879767,4.2504169999944,0.8389159999921958,nan,nan,35.83570331960365,0.9767942326573505,0.9978178789527926,0.9986242240904724,0.998240561569709,Pillow wall time including file I/O
chat_preview,photo,kodak_01,768,512,512,341,JPEG,"prog444,q=88",70959,3.2514204545454546,3.8383750000008376,2.1409589999876744,nan,nan,35.83570331960365,0.9767942326573505,0.9978178789527926,0.9986242240904724,0.998240561569709,Pillow wall time including file I/O
chat_preview,photo,kodak_01,768,512,512,341,JPEG,"seq420,q=89",67863,3.109558284457478,1.361875000000623,0.8465830000119468,nan,nan,35.64654299701592,0.9758003951428075,0.9966641533882278,0.998734525626699,0.9977909430715087,Pillow wall time including file I/O
chat_preview,photo,kodak_01,768,512,512,341,JPEG,"prog420,q=89",64079,2.9361711876832843,3.252458999995156,1.7500410000081956,nan,nan,35.64654299701592,0.9758003951428075,0.9966641533882278,0.998734525626699,0.9977909430715087,Pillow wall time including file I/O
chat_preview,photo,kodak_01,768,512,512,341,JPEG,"seq444,q=89",76924,3.524743401759531,6.42383299999949,0.8640829999961852,nan,nan,36.33726040388348,0.9790654135413637,0.998015881105279,0.9987809572509884,0.9984236195167188,Pillow wall time including file I/O
chat_preview,photo,kodak_01,768,512,512,341,JPEG,"prog444,q=89",73486,3.3672104105571847,3.939666999997371,2.165042000001449,nan,nan,36.33726040388348,0.9790654135413637,0.998015881105279,0.9987809572509884,0.9984236195167188,Pillow wall time including file I/O
chat_preview,photo,kodak_01,768,512,512,341,JPEG,"seq420,q=90",71626,3.2819831378299122,1.4308330000005753,0.8728330000025153,nan,nan,36.182998896207195,0.9782715688510795,0.9969629068212259,0.99890427687906,0.9980313914084311,Pillow wall time including file I/O
chat_preview,photo,kodak_01,768,512,512,341,JPEG,"prog420,q=90",67404,3.0885263929618767,3.3181670000033137,1.7323330000067472,nan,nan,36.182998896207195,0.9782715688510795,0.9969629068212259,0.99890427687906,0.9980313914084311,Pillow wall time including file I/O
chat_preview,photo,kodak_01,768,512,512,341,JPEG,"seq444,q=90",81439,3.7316257331378297,1.856125000003317,0.9963330000033466,nan,nan,36.9466882805123,0.981436180416719,0.9982617979942275,0.9989473961769353,0.9986372611289304,Pillow wall time including file I/O
chat_preview,photo,kodak_01,768,512,512,341,JPEG,"prog444,q=90",77560,3.5538856304985336,4.123875000004773,2.1095839999958343,nan,nan,36.9466882805123,0.981436180416719,0.9982617979942275,0.9989473961769353,0.9986372611289304,Pillow wall time including file I/O
chat_preview,photo,kodak_01,768,512,512,341,JPEG,"seq420,q=91",74977,3.4355296920821115,1.4845829999927673,0.8874159999976428,nan,nan,36.71399118754604,0.98052184071982,0.997236889760318,0.9990444419633266,0.9982311874967518,Pillow wall time including file I/O
chat_preview,photo,kodak_01,768,512,512,341,JPEG,"prog420,q=91",70592,3.2346041055718473,3.3301670000014383,1.919332999989365,nan,nan,36.71399118754604,0.98052184071982,0.997236889760318,0.9990444419633266,0.9982311874967518,Pillow wall time including file I/O
chat_preview,photo,kodak_01,768,512,512,341,JPEG,"seq444,q=91",85917,3.9368126832844577,1.9435419999922487,1.0160829999961152,nan,nan,37.564782878051,0.9836130695440323,0.9984800271975555,0.9990865729515249,0.998815489452914,Pillow wall time including file I/O
chat_preview,photo,kodak_01,768,512,512,341,JPEG,"prog444,q=91",81797,3.7480296920821115,4.160042000009412,2.1501670000105833,nan,nan,37.564782878051,0.9836130695440323,0.9984800271975555,0.9990865729515249,0.998815489452914,Pillow wall time including file I/O
chat_preview,photo,kodak_01,768,512,512,341,JPEG,"seq420,q=92",78394,3.592100439882698,1.655166999995572,0.9566659999933336,nan,nan,37.367947788970206,0.9828666231965321,0.9974668806941844,0.9991843980240919,0.9984366908776655,Pillow wall time including file I/O
chat_preview,photo,kodak_01,768,512,512,341,JPEG,"prog420,q=92",73912,3.3867302052785924,3.679208000008316,2.0402499999931933,nan,nan,37.367947788970206,0.9828666231965321,0.9974668806941844,0.9991843980240919,0.9984366908776655,Pillow wall time including file I/O
chat_preview,photo,kodak_01,768,512,512,341,JPEG,"seq444,q=92",89962,4.122159090909091,2.3385830000108854,0.9684589999920945,nan,nan,38.33472457547523,0.9858915753384521,0.9986613484570231,0.999228675828369,0.9989956619882112,Pillow wall time including file I/O
chat_preview,photo,kodak_01,768,512,512,341,JPEG,"prog444,q=92",85750,3.9291605571847508,4.362666000005788,2.3474999999990587,nan,nan,38.33472457547523,0.9858915753384521,0.9986613484570231,0.999228675828369,0.9989956619882112,Pillow wall time including file I/O
chat_preview,photo,kodak_01,768,512,512,341,JPEG,"seq420,q=93",83688,3.8346774193548385,1.5753339999946547,0.9421670000051563,nan,nan,38.03852042219673,0.9849893025936051,0.9977240458006978,0.999331049688304,0.9986333456914891,Pillow wall time including file I/O
chat_preview,photo,kodak_01,768,512,512,341,JPEG,"prog420,q=93",78891,3.61487353372434,3.600542000000928,2.0082500000029313,nan,nan,38.03852042219673,0.9849893025936051,0.9977240458006978,0.999331049688304,0.9986333456914891,Pillow wall time including file I/O
chat_preview,photo,kodak_01,768,512,512,341,JPEG,"seq444,q=93",96320,4.413489736070381,6.638541999990366,0.9320000000059281,nan,nan,39.14022168635982,0.9879607246946284,0.9988622886827194,0.9993715503989877,0.9991648656426553,Pillow wall time including file I/O
chat_preview,photo,kodak_01,768,512,512,341,JPEG,"prog444,q=93",91708,4.2021627565982405,4.522832999995785,2.2918340000046555,nan,nan,39.14022168635982,0.9879607246946284,0.9988622886827194,0.9993715503989877,0.9991648656426553,Pillow wall time including file I/O
chat_preview,photo,kodak_01,768,512,512,341,JPEG,"seq420,q=94",90020,4.124816715542522,1.6659580000037977,0.8277499999991278,nan,nan,38.846993203336886,0.9872895474177089,0.9980035888915039,0.9994646285933952,0.998830791842153,Pillow wall time including file I/O
chat_preview,photo,kodak_01,768,512,512,341,JPEG,"prog420,q=94",84351,3.8650568181818183,3.8762089999977434,2.067209000003345,nan,nan,38.846993203336886,0.9872895474177089,0.9980035888915039,0.9994646285933952,0.998830791842153,Pillow wall time including file I/O
chat_preview,photo,kodak_01,768,512,512,341,JPEG,"seq444,q=94",104319,4.780012829912024,4.6700420000007625,1.0091249999959473,nan,nan,40.14456217736803,0.9901204099422486,0.9990575787843957,0.9995023462980657,0.9993292370076363,Pillow wall time including file I/O
chat_preview,photo,kodak_01,768,512,512,341,JPEG,"prog444,q=94",98644,4.519978005865102,4.906624999989617,2.4550830000009682,nan,nan,40.14456217736803,0.9901204099422486,0.9990575787843957,0.9995023462980657,0.9993292370076363,Pillow wall time including file I/O
chat_preview,photo,kodak_01,768,512,512,341,JPEG,"seq420,q=95",97145,4.45129215542522,1.8988749999948595,0.8822500000036371,nan,nan,39.67681676503619,0.9892666880594887,0.9982534685758478,0.9995801892690569,0.9990058672138256,Pillow wall time including file I/O
chat_preview,photo,kodak_01,768,512,512,341,JPEG,"prog420,q=95",91419,4.188920454545454,4.059499999996774,2.1976249999937636,nan,nan,39.67681676503619,0.9892666880594887,0.9982534685758478,0.9995801892690569,0.9990058672138256,Pillow wall time including file I/O
chat_preview,photo,kodak_01,768,512,512,341,JPEG,"seq444,q=95",112908,5.173570381231672,5.094166999995764,1.0312910000038755,nan,nan,41.20867915080802,0.9919599019246581,0.9992189138773067,0.9996131692447757,0.9994657195785454,Pillow wall time including file I/O
chat_preview,photo,kodak_01,768,512,512,341,JPEG,"prog444,q=95",107101,4.907487170087976,5.159583000008183,2.541874999991478,nan,nan,41.20867915080802,0.9919599019246581,0.9992189138773067,0.9996131692447757,0.9994657195785454,Pillow wall time including file I/O
chat_preview,photo,kodak_01,768,512,512,341,JPEG,"seq420,q=96",106063,4.859924853372434,1.7733339999921327,0.9057089999942036,nan,nan,40.647664381342246,0.9912176508828746,0.998510853576081,0.9996884166608435,0.9991792173188169,Pillow wall time including file I/O
chat_preview,photo,kodak_01,768,512,512,341,JPEG,"prog420,q=96",100148,4.588892961876833,6.808292000002325,2.2396250000014106,nan,nan,40.647664381342246,0.9912176508828746,0.998510853576081,0.9996884166608435,0.9991792173188169,Pillow wall time including file I/O
chat_preview,photo,kodak_01,768,512,512,341,JPEG,"seq444,q=96",125676,5.758614369501466,2.3347089999958826,1.2092919999986407,nan,nan,42.55125128863418,0.9938318759961482,0.9993951063889707,0.9997208775086345,0.9996037053541681,Pillow wall time including file I/O
chat_preview,photo,kodak_01,768,512,512,341,JPEG,"prog444,q=96",119355,5.468979105571847,5.5172499999969205,2.8119579999952293,nan,nan,42.55125128863418,0.9938318759961482,0.9993951063889707,0.9997208775086345,0.9996037053541681,Pillow wall time including file I/O
chat_preview,photo,kodak_01,768,512,512,341,JPEG,"seq420,q=97",116081,5.3189607771261,6.477291999999579,0.9840419999989081,nan,nan,41.610167395761664,0.9929121308073249,0.9987391927947562,0.9997743811358507,0.9993155100937059,Pillow wall time including file I/O
chat_preview,photo,kodak_01,768,512,512,341,JPEG,"prog420,q=97",110251,5.051823680351906,4.547583000004352,2.3514169999998558,nan,nan,41.610167395761664,0.9929121308073249,0.9987391927947562,0.9997743811358507,0.9993155100937059,Pillow wall time including file I/O
chat_preview,photo,kodak_01,768,512,512,341,JPEG,"seq444,q=97",139189,6.37779508797654,2.4480419999974856,1.2641670000022032,nan,nan,44.01201083063608,0.9953613736232406,0.9995292011677192,0.9998043563273767,0.9997094592849208,Pillow wall time including file I/O
chat_preview,photo,kodak_01,768,512,512,341,JPEG,"prog444,q=97",132830,6.086418621700879,5.608958000010489,2.9059579999994867,nan,nan,44.01201083063608,0.9953613736232406,0.9995292011677192,0.9998043563273767,0.9997094592849208,Pillow wall time including file I/O
chat_preview,photo,kodak_01,768,512,512,341,JPEG,"seq420,q=98",128273,5.877611803519062,1.925459000005958,1.0988330000003543,nan,nan,42.69663102775249,0.9944602292606551,0.9989791755848416,0.9998455511544863,0.999456096021472,Pillow wall time including file I/O
chat_preview,photo,kodak_01,768,512,512,341,JPEG,"prog420,q=98",122857,5.629444648093842,4.934832999992977,2.65120800000318,nan,nan,42.69663102775249,0.9944602292606551,0.9989791755848416,0.9998455511544863,0.999456096021472,Pillow wall time including file I/O
chat_preview,photo,kodak_01,768,512,512,341,JPEG,"seq444,q=98",156108,7.153042521994135,5.06237499999429,1.2340420000072072,nan,nan,45.80799060963139,0.996783903963601,0.9996468629031776,0.9998693901822958,0.9997983976887262,Pillow wall time including file I/O
chat_preview,photo,kodak_01,768,512,512,341,JPEG,"prog444,q=98",150092,6.877382697947214,6.43808399999557,3.2286670000019058,nan,nan,45.80799060963139,0.996783903963601,0.9996468629031776,0.9998693901822958,0.9997983976887262,Pillow wall time including file I/O
chat_preview,photo,kodak_01,768,512,512,341,JPEG,"seq420,q=99",150175,6.881185850439882,2.179667000007157,1.1970420000011472,nan,nan,43.86933188415246,0.9958734223103528,0.9992540700420885,0.9998990229834603,0.9995821576313074,Pillow wall time including file I/O
chat_preview,photo,kodak_01,768,512,512,341,JPEG,"prog420,q=99",145651,6.673891129032258,10.005167000002757,2.677750000003698,nan,nan,43.86933188415246,0.9958734223103528,0.9992540700420885,0.9998990229834603,0.9995821576313074,Pillow wall time including file I/O
chat_preview,photo,kodak_01,768,512,512,341,JPEG,"seq444,q=99",197357,9.0431176686217,3.0291249999976344,1.715583999995829,nan,nan,48.01379912704888,0.9979330838016498,0.999756001896999,0.9999188641808873,0.9998713695610908,Pillow wall time including file I/O
chat_preview,photo,kodak_01,768,512,512,341,JPEG,"prog444,q=99",190694,8.737811583577713,7.245083000000818,3.6457079999934194,nan,nan,48.01379912704888,0.9979330838016498,0.999756001896999,0.9999188641808873,0.9998713695610908,Pillow wall time including file I/O
chat_preview,photo,kodak_01,768,512,512,341,JPEG,"seq420,q=100",164460,7.5357404692082115,2.319624999998382,1.1752919999992173,nan,nan,44.40721493174286,0.9964926407148117,0.9993807903158206,0.9999238914145335,0.9996323401923394,Pillow wall time including file I/O
chat_preview,photo,kodak_01,768,512,512,341,JPEG,"prog420,q=100",161230,7.387738269794721,6.8519579999986036,3.1791669999989836,nan,nan,44.40721493174286,0.9964926407148117,0.9993807903158206,0.9999238914145335,0.9996323401923394,Pillow wall time including file I/O
chat_preview,photo,kodak_01,768,512,512,341,JPEG,"seq444,q=100",239261,10.96320564516129,3.941832999998951,1.8047500000051286,nan,nan,50.24927471270465,0.9987296489390158,0.9998358818639774,0.9999452085072151,0.9999180247448789,Pillow wall time including file I/O
chat_preview,photo,kodak_01,768,512,512,341,JPEG,"prog444,q=100",231923,10.626970307917889,8.79508300000964,4.41537499999356,nan,nan,50.24927471270465,0.9987296489390158,0.9998358818639774,0.9999452085072151,0.9999180247448789,Pillow wall time including file I/O
chat_preview,photo,kodak_01,768,512,512,341,WebP,"m6,q=1",5008,0.22947214076246333,40.4754160000067,0.9554579999928592,nan,nan,24.376961609416764,0.6844310563622887,0.9187384288919098,0.9305831346084621,0.9588879116255711,Pillow wall time including file I/O
chat_preview,photo,kodak_01,768,512,512,341,WebP,"m6,q=2",5834,0.26732038123167157,10.510749999994573,0.9922079999995503,nan,nan,24.788005802102425,0.7163246415633635,0.9290218024604133,0.9404855804063648,0.9631575833775845,Pillow wall time including file I/O
chat_preview,photo,kodak_01,768,512,512,341,WebP,"m6,q=3",6520,0.2987536656891496,10.995708999999465,0.961209000010399,nan,nan,25.17038065527252,0.7427742720026451,0.938720880318941,0.9493972962966463,0.9679871303707233,Pillow wall time including file I/O
chat_preview,photo,kodak_01,768,512,512,341,WebP,"m6,q=4",7064,0.32368035190615835,11.384540999998194,1.0604160000013962,nan,nan,25.454411210165798,0.7615112832687662,0.9443232631775645,0.9546407285036541,0.9703500948799963,Pillow wall time including file I/O
chat_preview,photo,kodak_01,768,512,512,341,WebP,"m6,q=5",7468,0.3421920821114369,11.705208999998717,1.0251249999981837,nan,nan,25.584055573985324,0.7670035459337027,0.9452074842570029,0.9550330281333838,0.9704371111561737,Pillow wall time including file I/O
chat_preview,photo,kodak_01,768,512,512,341,WebP,"m6,q=6",8032,0.3680351906158358,12.194332999996504,1.0167079999945372,nan,nan,25.90688729377916,0.7823399156203178,0.9496667490343924,0.959145100669944,0.9732869975017557,Pillow wall time including file I/O
chat_preview,photo,kodak_01,768,512,512,341,WebP,"m6,q=7",8488,0.38892961876832843,12.57650000000865,1.0432910000020001,nan,nan,26.082322602954115,0.795178122261034,0.9546204727676623,0.9633170299811803,0.9753512325602854,Pillow wall time including file I/O
chat_preview,photo,kodak_01,768,512,512,341,WebP,"m6,q=8",8876,0.40670821114369504,12.863541000001533,1.059665999989079,nan,nan,26.27359817870947,0.8054817339713471,0.9576180247977021,0.965971139649002,0.9765867281531164,Pillow wall time including file I/O
chat_preview,photo,kodak_01,768,512,512,341,WebP,"m6,q=9",9186,0.42091275659824046,13.173459000000776,1.068750000001728,nan,nan,26.32290642813878,0.8107114287732978,0.9594434515890787,0.9676093061364582,0.9763349686997967,Pillow wall time including file I/O
chat_preview,photo,kodak_01,768,512,512,341,WebP,"m6,q=10",9658,0.4425403225806452,13.480375000000322,1.0819999999966967,nan,nan,26.477811299780505,0.8178710191563342,0.9613187835295234,0.9694792750489053,0.9773685629336838,Pillow wall time including file I/O
chat_preview,photo,kodak_01,768,512,512,341,WebP,"m6,q=11",9962,0.4564699413489736,13.690792000005558,1.0275000000063983,nan,nan,26.6775633024031,0.8256499131971329,0.9636481339514401,0.9714090049424378,0.9792495118874027,Pillow wall time including file I/O
chat_preview,photo,kodak_01,768,512,512,341,WebP,"m6,q=12",10448,0.47873900293255134,14.091457999995782,1.0966249999881938,nan,nan,26.814183569688947,0.8330821789860269,0.9651670344226574,0.9729065085995857,0.9799381388353129,Pillow wall time including file I/O
chat_preview,photo,kodak_01,768,512,512,341,WebP,"m6,q=13",10816,0.49560117302052786,14.042582999991282,0.9819580000112182,nan,nan,26.89297502046471,0.8354725131186957,0.9656661744168386,0.9734330491285471,0.9796230420243266,Pillow wall time including file I/O
chat_preview,photo,kodak_01,768,512,512,341,WebP,"m6,q=14",11156,0.5111803519061584,14.508624999990616,0.9877500000072814,nan,nan,27.111427555782246,0.8428445918601822,0.9681008923343987,0.9751912557443787,0.9815367825350569,Pillow wall time including file I/O
chat_preview,photo,kodak_01,768,512,512,341,WebP,"m6,q=15",11766,0.5391312316715543,15.854708000006212,1.037457999998992,nan,nan,27.22658376558431,0.8484824113460739,0.9693937362303507,0.9765423696669844,0.9814670976998204,Pillow wall time including file I/O
chat_preview,photo,kodak_01,768,512,512,341,WebP,"m6,q=16",12086,0.5537939882697948,15.124208000003136,1.142375000000584,nan,nan,27.329531406426252,0.8505887104885447,0.9696422619373194,0.9769140241423782,0.9817519503771901,Pillow wall time including file I/O
chat_preview,photo,kodak_01,768,512,512,341,WebP,"m6,q=17",12430,0.5695564516129032,15.39075000000878,1.0364999999978863,nan,nan,27.41760698720906,0.8558198347176754,0.971041284011556,0.9779074818577809,0.9823013283645493,Pillow wall time including file I/O
chat_preview,photo,kodak_01,768,512,512,341,WebP,"m6,q=18",12762,0.5847690615835777,15.535833000001276,1.033290999998826,nan,nan,27.610522655861697,0.8605233429670965,0.9723938533411197,0.9791957360834834,0.9838044136522814,Pillow wall time including file I/O
chat_preview,photo,kodak_01,768,512,512,341,WebP,"m6,q=19",13180,0.6039222873900293,15.87591700000246,1.1931250000003502,nan,nan,27.703331326002996,0.8629917078693615,0.972900106008069,0.9797611815018569,0.9835916229498476,Pillow wall time including file I/O
chat_preview,photo,kodak_01,768,512,512,341,WebP,"m6,q=20",13498,0.6184934017595308,16.11695899998722,1.2314169999996238,nan,nan,27.79143857318178,0.8673604399535467,0.9741229185979238,0.980643599035337,0.9840450731851296,Pillow wall time including file I/O
chat_preview,photo,kodak_01,768,512,512,341,WebP,"m6,q=21",13786,0.6316898826979472,16.299208000006615,1.1901660000006586,nan,nan,27.856722797891873,0.8687038843511462,0.9743065681636499,0.9807287018046548,0.984062045455884,Pillow wall time including file I/O
chat_preview,photo,kodak_01,768,512,512,341,WebP,"m6,q=22",14258,0.6533174486803519,16.629582999996728,1.2327499999997826,nan,nan,28.005446689110766,0.8739927633241503,0.9756359558280495,0.9818434893467533,0.9849093188822919,Pillow wall time including file I/O
chat_preview,photo,kodak_01,768,512,512,341,WebP,"m6,q=23",14626,0.6701796187683284,17.495041000003653,1.1675420000045733,nan,nan,28.113255594793152,0.8773718710831232,0.9764462017984519,0.9825685484013975,0.9853696434534526,Pillow wall time including file I/O
chat_preview,photo,kodak_01,768,512,512,341,WebP,"m6,q=24",14908,0.6831011730205279,17.000999999993383,1.2388330000021597,nan,nan,28.205046578597155,0.8792496266529547,0.9767881661543517,0.982843652209335,0.9856045146602423,Pillow wall time including file I/O
chat_preview,photo,kodak_01,768,512,512,341,WebP,"m6,q=25",15348,0.7032624633431085,17.258707999999956,1.1299579999928255,nan,nan,28.300930817508387,0.8832083326827777,0.9775689563701945,0.9834213524656981,0.9857877261721522,Pillow wall time including file I/O
chat_preview,photo,kodak_01,768,512,512,341,WebP,"m6,q=26",15762,0.7222324046920822,17.607666999992944,1.3062919999953237,nan,nan,28.463136040801675,0.8872757854530832,0.9784755536712905,0.9843329048244776,0.9865777709930635,Pillow wall time including file I/O
chat_preview,photo,kodak_01,768,512,512,341,WebP,"m6,q=27",15956,0.7311217008797654,17.6580830000006,1.2972499999932552,nan,nan,28.559580350797308,0.8885390163359245,0.9788335716836243,0.9846748869574018,0.9868480380615898,Pillow wall time including file I/O
chat_preview,photo,kodak_01,768,512,512,341,WebP,"m6,q=28",16418,0.7522910557184751,18.012542000008125,1.2918339999998807,nan,nan,28.63449684820903,0.8915413092855534,0.9795510928383478,0.9852238474106125,0.9869622264500747,Pillow wall time including file I/O
chat_preview,photo,kodak_01,768,512,512,341,WebP,"m6,q=29",16784,0.7690615835777126,18.17379199999891,1.1798339999984364,nan,nan,28.75558577748896,0.894577156178123,0.9799369763605111,0.9857010149131034,0.9872828088251853,Pillow wall time including file I/O
chat_preview,photo,kodak_01,768,512,512,341,WebP,"m6,q=30",17548,0.8040689149560117,18.645540999997934,1.3402919999947471,nan,nan,28.90928434545582,0.8987264016099097,0.9809525062741883,0.986363853899772,0.9876987789665782,Pillow wall time including file I/O
chat_preview,photo,kodak_01,768,512,512,341,WebP,"m6,q=31",17964,0.8231304985337243,19.04337499999542,1.3907920000093554,nan,nan,29.06353707981477,0.901944843015416,0.981441666399777,0.9869339213197242,0.9881840166000738,Pillow wall time including file I/O
chat_preview,photo,kodak_01,768,512,512,341,WebP,"m6,q=32",18384,0.842375366568915,19.234249999996678,1.3897919999976693,nan,nan,29.170887000530797,0.9042642582886634,0.9819136740007671,0.9872788031372141,0.9882886802619516,Pillow wall time including file I/O
chat_preview,photo,kodak_01,768,512,512,341,WebP,"m6,q=33",18646,0.8543804985337243,19.405917000000272,1.3998330000077885,nan,nan,29.281327391119525,0.9062689316867569,0.9823997161569972,0.9877127337924977,0.9887812484384462,Pillow wall time including file I/O
chat_preview,photo,kodak_01,768,512,512,341,WebP,"m6,q=34",18942,0.8679435483870968,19.612041999991447,1.4247499999981983,nan,nan,29.404938055532774,0.9086891003368821,0.9829738814250691,0.9882263306318346,0.9891145557329868,Pillow wall time including file I/O
chat_preview,photo,kodak_01,768,512,512,341,WebP,"m6,q=35",19450,0.8912206744868035,19.742374999992762,1.4615000000048894,nan,nan,29.497508902287883,0.9111705318843369,0.9834227638903729,0.9885392128578102,0.9892206067801913,Pillow wall time including file I/O
chat_preview,photo,kodak_01,768,512,512,341,WebP,"m6,q=36",19816,0.907991202346041,20.140500000010775,1.2931250000036698,nan,nan,29.635405677440744,0.9135316607596565,0.9838837383837258,0.9890463937676786,0.9896777558389712,Pillow wall time including file I/O
chat_preview,photo,kodak_01,768,512,512,341,WebP,"m6,q=37",20082,0.9201796187683284,20.349624999994376,1.4592079999999896,nan,nan,29.66379812695846,0.9144651795607786,0.9841338673799968,0.9891375005953646,0.9895778557839937,Pillow wall time including file I/O
chat_preview,photo,kodak_01,768,512,512,341,WebP,"m6,q=38",20376,0.9336510263929618,20.273083999995833,1.3248329999981934,nan,nan,29.74289207093569,0.915975441721219,0.9844223844089321,0.9893354099650484,0.9897496025621967,Pillow wall time including file I/O
chat_preview,photo,kodak_01,768,512,512,341,WebP,"m6,q=39",20734,0.9500549853372434,20.355750000007333,1.4223750000041946,nan,nan,29.857438014104858,0.917906633690558,0.9848800756602683,0.9897385339682974,0.990088862249004,Pillow wall time including file I/O
chat_preview,photo,kodak_01,768,512,512,341,WebP,"m6,q=40",21108,0.9671920821114369,20.780125000001703,1.5116250000062337,nan,nan,30.1508443362297,0.9223662752364287,0.9857181865108209,0.9904828490021144,0.9913140631095775,Pillow wall time including file I/O
chat_preview,photo,kodak_01,768,512,512,341,WebP,"m6,q=41",21382,0.9797470674486803,21.311042000007774,1.5389579999975922,nan,nan,30.128660711474605,0.9220927043619872,0.9856611631466085,0.9904248541668093,0.990814586702187,Pillow wall time including file I/O
chat_preview,photo,kodak_01,768,512,512,341,WebP,"m6,q=42",21868,1.002016129032258,21.14112499999976,1.4959999999888396,nan,nan,30.341452112325797,0.9254657724477057,0.9862342058749597,0.9909357463188148,0.9916860700941762,Pillow wall time including file I/O
chat_preview,photo,kodak_01,768,512,512,341,WebP,"m6,q=43",22346,1.0239186217008798,21.224291999999423,1.5136250000011842,nan,nan,30.479065093237928,0.9275686609251745,0.9867547709889304,0.9912796253412327,0.9919786333275709,Pillow wall time including file I/O
chat_preview,photo,kodak_01,768,512,512,341,WebP,"m6,q=44",22936,1.0509530791788857,21.824541000000863,1.556582999995726,nan,nan,30.616772591957524,0.9299190380533582,0.9871100054887997,0.9916527095341445,0.992186312295645,Pillow wall time including file I/O
chat_preview,photo,kodak_01,768,512,512,341,WebP,"m6,q=45",23138,1.060208944281525,21.81212499999674,1.5596249999987322,nan,nan,30.71295158762496,0.9310559164676664,0.9873578198643602,0.991913797962464,0.9923441032528094,Pillow wall time including file I/O
chat_preview,photo,kodak_01,768,512,512,341,WebP,"m6,q=46",23586,1.0807368035190617,21.956915999993498,1.4426660000026459,nan,nan,30.812712609728692,0.9325970976331327,0.9877078112394818,0.9920894789147658,0.9925461613311041,Pillow wall time including file I/O
chat_preview,photo,kodak_01,768,512,512,341,WebP,"m6,q=47",23858,1.093200146627566,23.483625000011443,1.6372500000016998,nan,nan,30.902960345265402,0.9338819167867882,0.9878983928701026,0.992332380284802,0.9926848167776087,Pillow wall time including file I/O
chat_preview,photo,kodak_01,768,512,512,341,WebP,"m6,q=48",24042,1.1016312316715542,22.47220900000002,1.5555840000018861,nan,nan,30.964631548048427,0.9349515517237026,0.9881247343882783,0.9924427879599985,0.9927943874916426,Pillow wall time including file I/O
chat_preview,photo,kodak_01,768,512,512,341,WebP,"m6,q=49",24624,1.1282991202346042,22.523208999999156,1.4900410000109332,nan,nan,31.087667069865397,0.9366722018778321,0.9883765301082374,0.9927156946644211,0.992986563094166,Pillow wall time including file I/O
chat_preview,photo,kodak_01,768,512,512,341,WebP,"m6,q=50",24712,1.1323313782991202,22.558541999998738,1.6024170000008553,nan,nan,31.117538028519892,0.9369979116369134,0.9884920403285732,0.9927407848295219,0.9930505409033865,Pillow wall time including file I/O
chat_preview,photo,kodak_01,768,512,512,341,WebP,"m6,q=51",25004,1.1457111436950147,22.97725000001094,1.5598340000053668,nan,nan,31.20421478085479,0.9382186726306273,0.9888132525829126,0.9928982284367416,0.9932084840342204,Pillow wall time including file I/O
chat_preview,photo,kodak_01,768,512,512,341,WebP,"m6,q=52",25418,1.1646810850439884,22.971166999994352,1.5006250000055843,nan,nan,31.329125364655578,0.9394724925206757,0.9890822465381567,0.9931045982389021,0.9934270419877599,Pillow wall time including file I/O
chat_preview,photo,kodak_01,768,512,512,341,WebP,"m6,q=53",25418,1.1646810850439884,22.929417000000285,1.6356670000021722,nan,nan,31.329125364655578,0.9394724925206757,0.9890822465381567,0.9931045982389021,0.9934270419877599,Pillow wall time including file I/O
chat_preview,photo,kodak_01,768,512,512,341,WebP,"m6,q=54",26222,1.2015212609970674,23.44483299999922,1.57004200001154,nan,nan,31.48920646611068,0.9419705442202858,0.9894577556263595,0.993408720223458,0.9936489954653809,Pillow wall time including file I/O
chat_preview,photo,kodak_01,768,512,512,341,WebP,"m6,q=55",26130,1.1973057184750733,23.390333000008923,1.6729160000039656,nan,nan,31.523162369572493,0.9419536334027132,0.9895515186391725,0.9934697105962297,0.9937169752995624,Pillow wall time including file I/O
chat_preview,photo,kodak_01,768,512,512,341,WebP,"m6,q=56",26600,1.218841642228739,23.457791999987876,1.6706250000027012,nan,nan,31.62795917583233,0.9435220780462096,0.9897661699857431,0.9936805771572429,0.9938351434832924,Pillow wall time including file I/O
chat_preview,photo,kodak_01,768,512,512,341,WebP,"m6,q=57",27222,1.247342375366569,24.16620900000055,1.654375000001096,nan,nan,31.749261759453567,0.9450122769668,0.9899065896035353,0.9938784562612317,0.9939629729080189,Pillow wall time including file I/O
chat_preview,photo,kodak_01,768,512,512,341,WebP,"m6,q=58",27436,1.2571480938416422,24.018875000010098,1.5843750000072987,nan,nan,31.830426423175574,0.9458696129620708,0.990175545692851,0.9939979870833514,0.9941173436669661,Pillow wall time including file I/O
chat_preview,photo,kodak_01,768,512,512,341,WebP,"m6,q=59",27776,1.2727272727272727,23.957957999996893,1.789166999998315,nan,nan,31.905058995699758,0.9468314957172764,0.9903335809203604,0.9941334593179377,0.9942116862783825,Pillow wall time including file I/O
chat_preview,photo,kodak_01,768,512,512,341,WebP,"m6,q=60",28344,1.2987536656891496,24.11958400000458,1.71100000000024,nan,nan,32.02143244813173,0.9483104088235992,0.9906173117664668,0.9943498403068327,0.9943606900639984,Pillow wall time including file I/O
chat_preview,photo,kodak_01,768,512,512,341,WebP,"m6,q=61",28710,1.315524193548387,24.53679099998851,1.7644169999897485,nan,nan,32.14979716235535,0.9495125581596834,0.990818666423436,0.9945048986939795,0.9945123188854127,Pillow wall time including file I/O
chat_preview,photo,kodak_01,768,512,512,341,WebP,"m6,q=62",28940,1.3260630498533725,27.015500000004522,1.6268330000031028,nan,nan,32.1758267433451,0.9499002824291244,0.9908689495059871,0.9945233077962417,0.9945468831520506,Pillow wall time including file I/O
chat_preview,photo,kodak_01,768,512,512,341,WebP,"m6,q=63",29430,1.3485153958944283,24.464624999993134,1.7789169999957721,nan,nan,32.29864674947913,0.9511343281989392,0.9910990087079692,0.994762553275234,0.9946865133350031,Pillow wall time including file I/O
chat_preview,photo,kodak_01,768,512,512,341,WebP,"m6,q=64",29514,1.3523643695014662,24.533832999992455,1.7890829999913649,nan,nan,32.34202584420652,0.951491718018148,0.9911453943279936,0.9948080372262139,0.994733711475002,Pillow wall time including file I/O
chat_preview,photo,kodak_01,768,512,512,341,WebP,"m6,q=65",30122,1.380223607038123,25.010124999994332,1.680500000006191,nan,nan,32.46563888452754,0.9528471665158982,0.9914228935714222,0.9949830382030792,0.994895812705538,Pillow wall time including file I/O
chat_preview,photo,kodak_01,768,512,512,341,WebP,"m6,q=66",30660,1.4048753665689149,25.144667000006393,1.7977089999874352,nan,nan,32.61318016741177,0.9543920422726382,0.9917517268087277,0.9951750151234995,0.9950717432866351,Pillow wall time including file I/O
chat_preview,photo,kodak_01,768,512,512,341,WebP,"m6,q=67",31048,1.4226539589442815,25.13016700000037,1.7942500000032169,nan,nan,32.69368077376995,0.9550997214725551,0.9917875217237601,0.9952981936134311,0.9951410376709865,Pillow wall time including file I/O
chat_preview,photo,kodak_01,768,512,512,341,WebP,"m6,q=68",31470,1.441990469208211,25.682832999990524,1.7812920000039867,nan,nan,32.79508644609423,0.955995436908319,0.9919442109695273,0.9953656175371174,0.9952382122224209,Pillow wall time including file I/O
chat_preview,photo,kodak_01,768,512,512,341,WebP,"m6,q=69",31792,1.4567448680351907,26.96737499999813,1.9347500000037599,nan,nan,32.87182381625291,0.9569428249394635,0.9921142964501195,0.9955118405375432,0.9953225929490268,Pillow wall time including file I/O
chat_preview,photo,kodak_01,768,512,512,341,WebP,"m6,q=70",32312,1.4805718475073313,28.037707999999384,1.7305419999900096,nan,nan,32.998585031060124,0.9579843703623068,0.9923745627631521,0.995617411759166,0.9954742721621814,Pillow wall time including file I/O
chat_preview,photo,kodak_01,768,512,512,341,WebP,"m6,q=71",32488,1.4886363636363635,25.791999999995596,1.8755840000039825,nan,nan,33.05933773861804,0.9584083599274157,0.9923972891394786,0.9956796342012386,0.995517752087183,Pillow wall time including file I/O
chat_preview,photo,kodak_01,768,512,512,341,WebP,"m6,q=72",33052,1.5144794721407624,26.125583000009556,1.951540999996837,nan,nan,33.17793001404483,0.9596110818665299,0.9925572206824752,0.9958140373250938,0.9956247568918872,Pillow wall time including file I/O
chat_preview,photo,kodak_01,768,512,512,341,WebP,"m6,q=73",33376,1.529325513196481,26.278749999988804,1.925749999998061,nan,nan,33.2523904277834,0.960239647744762,0.9926481464963147,0.995933415109986,0.9956776525299925,Pillow wall time including file I/O
chat_preview,photo,kodak_01,768,512,512,341,WebP,"m6,q=74",34014,1.558559384164223,26.613249999996924,1.972292000004927,nan,nan,33.41153338935803,0.9614984203557433,0.9929023014236971,0.9961322749575516,0.9958279668848464,Pillow wall time including file I/O
chat_preview,photo,kodak_01,768,512,512,341,WebP,"m6,q=75",34366,1.5746884164222874,27.130540999991126,1.9961659999978565,nan,nan,33.462579024068305,0.9620195673067498,0.9930014780877962,0.9961718600000343,0.9958798936141107,Pillow wall time including file I/O
chat_preview,photo,kodak_01,768,512,512,341,WebP,"m6,q=76",35470,1.625274926686217,27.174875000000043,2.000958999985869,nan,nan,33.73116486366322,0.9641199466584242,0.9933499062870109,0.9964493442973782,0.9960989268935163,Pillow wall time including file I/O
chat_preview,photo,kodak_01,768,512,512,341,WebP,"m6,q=77",37372,1.7124266862170088,27.835083999988797,2.0753750000039872,nan,nan,34.153110270033544,0.967122021612182,0.9938248985848656,0.9968242228299441,0.9964261823422779,Pillow wall time including file I/O
chat_preview,photo,kodak_01,768,512,512,341,WebP,"m6,q=78",38088,1.7452346041055717,27.857457999999724,2.0717919999952983,nan,nan,34.34073935551868,0.9685639375088905,0.9940592790990324,0.9969575069507888,0.99656916431804,Pillow wall time including file I/O
chat_preview,photo,kodak_01,768,512,512,341,WebP,"m6,q=79",40126,1.8386180351906158,28.684334000004696,2.1609590000082335,nan,nan,34.8159779821396,0.9711746066254398,0.9944999111225482,0.9972724399924656,0.9969056824031103,Pillow wall time including file I/O
chat_preview,photo,kodak_01,768,512,512,341,WebP,"m6,q=80",41460,1.8997434017595307,29.231749999993895,2.1863329999973757,nan,nan,35.066941111074385,0.972786391195492,0.9947636338742597,0.9974718021845222,0.9970506624131875,Pillow wall time including file I/O
chat_preview,photo,kodak_01,768,512,512,341,WebP,"m6,q=81",43186,1.9788306451612903,29.469167000002017,2.2973330000013448,nan,nan,35.429112084560934,0.9749074490691872,0.9950670581578823,0.9977148500910192,0.9972379657225856,Pillow wall time including file I/O
chat_preview,photo,kodak_01,768,512,512,341,WebP,"m6,q=82",44892,2.05700146627566,30.11116700000116,2.2954169999991336,nan,nan,35.79723768551848,0.9766251572448352,0.9953820936926313,0.9979228124345366,0.997454848645684,Pillow wall time including file I/O
chat_preview,photo,kodak_01,768,512,512,341,WebP,"m6,q=83",46860,2.1471774193548385,30.720333000004985,2.3529999999993834,nan,nan,36.21373792531981,0.9785647570982258,0.995693047233991,0.9981286879622948,0.9976617882599643,Pillow wall time including file I/O
chat_preview,photo,kodak_01,768,512,512,341,WebP,"m6,q=84",48702,2.2315799120234603,31.127542000007224,2.447375000002694,nan,nan,36.57454781928335,0.9802215139210664,0.9960423463448632,0.9982862899162094,0.9978541574464586,Pillow wall time including file I/O
chat_preview,photo,kodak_01,768,512,512,341,WebP,"m6,q=85",50604,2.3187316715542523,31.7297080000003,2.47858299999848,nan,nan,36.95128206313156,0.981706511712015,0.9962807169292808,0.9984682984873116,0.9979987929834012,Pillow wall time including file I/O
chat_preview,photo,kodak_01,768,512,512,341,WebP,"m6,q=86",52726,2.4159640762463344,31.511042000005318,2.543667000011851,nan,nan,37.304690532423514,0.9832582428358104,0.9965426781065977,0.9986150911580588,0.9981470492350368,Pillow wall time including file I/O
chat_preview,photo,kodak_01,768,512,512,341,WebP,"m6,q=87",55210,2.529783724340176,32.618791999993846,3.3307500000034906,nan,nan,37.751964984117386,0.9846919594888804,0.9968053960438225,0.9988027837985026,0.9983165580863063,Pillow wall time including file I/O
chat_preview,photo,kodak_01,768,512,512,341,WebP,"m6,q=88",56378,2.583302785923754,32.97324999999773,2.7393750000044292,nan,nan,38.011682566354914,0.985379585014312,0.9969333558663029,0.998867171708947,0.9984025919118263,Pillow wall time including file I/O
chat_preview,photo,kodak_01,768,512,512,341,WebP,"m6,q=89",59762,2.7383614369501466,33.35674999999583,2.773666999999591,nan,nan,38.50696189171052,0.9869796441653147,0.9972421109920736,0.9990406462844245,0.9985593712471926,Pillow wall time including file I/O
chat_preview,photo,kodak_01,768,512,512,341,WebP,"m6,q=90",63924,2.929068914956012,36.785833999999795,3.2418329999899242,nan,nan,39.105437765106885,0.9883699156928469,0.9975013277168632,0.9991940673958368,0.9987219054437021,Pillow wall time including file I/O
chat_preview,photo,kodak_01,768,512,512,341,WebP,"m6,q=91",66394,3.0422470674486806,36.11312499999997,3.204833000012286,nan,nan,39.47115735937238,0.9892632995654282,0.9976957554972984,0.9992749113616508,0.998825200613534,Pillow wall time including file I/O
chat_preview,photo,kodak_01,768,512,512,341,WebP,"m6,q=92",71818,3.2907807917888565,35.571333000007144,3.301208000010547,nan,nan,40.16108154544057,0.9905568441949028,0.9979924867370622,0.999417880732292,0.9989893438567209,Pillow wall time including file I/O
chat_preview,photo,kodak_01,768,512,512,341,WebP,"m6,q=93",74068,3.3938782991202348,35.02108399999315,3.317541000001256,nan,nan,40.42401158209182,0.9911290044472231,0.9981203746819444,0.9994686972591675,0.999046260794437,Pillow wall time including file I/O
chat_preview,photo,kodak_01,768,512,512,341,WebP,"m6,q=94",79174,3.627840909090909,36.272083000000066,3.546166999996103,nan,nan,40.96734198946215,0.9920537694609792,0.9983387006250933,0.9995628788251518,0.9991591474219768,Pillow wall time including file I/O
chat_preview,photo,kodak_01,768,512,512,341,WebP,"m6,q=95",82910,3.7990285923753664,36.38999999999726,3.619999999997958,nan,nan,41.31592138392095,0.9926251856277881,0.9984692789912234,0.9996057593687875,0.9992270084139727,Pillow wall time including file I/O
chat_preview,photo,kodak_01,768,512,512,341,WebP,"m6,q=96",90172,4.131781524926686,37.01787500000364,3.734457999996721,nan,nan,41.92177843938229,0.9934407024158026,0.9986742831118544,0.9996943166617345,0.9993287566279406,Pillow wall time including file I/O
chat_preview,photo,kodak_01,768,512,512,341,WebP,"m6,q=97",93596,4.28867302052786,36.49350000000595,3.9958339999941472,nan,nan,42.227923295601535,0.9937086504203904,0.998784347543142,0.9997175694252437,0.9993805624612384,Pillow wall time including file I/O
chat_preview,photo,kodak_01,768,512,512,341,WebP,"m6,q=98",99210,4.5459127565982405,37.83858399999929,4.218334000000823,nan,nan,42.51307657481802,0.9941518261888348,0.9988420583279619,0.9997669721069271,0.9994111885604754,Pillow wall time including file I/O
chat_preview,photo,kodak_01,768,512,512,341,WebP,"m6,q=99",104562,4.791147360703812,39.87958300000116,4.339916999995808,nan,nan,42.70980934848586,0.9944118407052552,0.9988861284279675,0.999795835308263,0.9994334086969446,Pillow wall time including file I/O
chat_preview,photo,kodak_01,768,512,512,341,WebP,"m6,q=100",106182,4.865377565982405,40.47595800000181,4.481832999999824,nan,nan,42.77238006540537,0.9944640192124784,0.998894171081297,0.9997994622897309,0.9994391986847945,Pillow wall time including file I/O
chat_preview,photo,kodak_01,768,512,512,341,WebP,"lossless,m6",239288,10.964442815249267,256.0173330000026,2.5348340000022063,nan,nan,99.0,1.0,1.0,1.0,1.0,Pillow wall time including file I/O
chat_preview,photo,kodak_01,768,512,512,341,AVIF,crf=63,693,0.031754032258064516,87.35824999999409,21.070917000002964,nan,nan,20.275534070548858,0.3557410889233985,0.6951644509115527,0.7284643704873675,0.838480301311786,ffmpeg/libsvtav1 wall time including process and file I/O
chat_preview,photo,kodak_01,768,512,512,341,AVIF,crf=62,884,0.040505865102639295,43.810250000007045,19.28683299999534,nan,nan,21.019665624092255,0.41163101794688767,0.7500195194937472,0.7772472256333425,0.8756922237769967,ffmpeg/libsvtav1 wall time including process and file I/O
chat_preview,photo,kodak_01,768,512,512,341,AVIF,crf=61,1021,0.046783357771261,48.23700000000031,20.955833000002144,nan,nan,21.484793068592776,0.4488825769118556,0.7779992377491642,0.8030975405836491,0.8929019618398176,ffmpeg/libsvtav1 wall time including process and file I/O
chat_preview,photo,kodak_01,768,512,512,341,AVIF,crf=60,1176,0.053885630498533725,48.48900000000356,19.408249999997906,nan,nan,21.862279584245343,0.48785832534441886,0.8099135688583186,0.8318188207281754,0.9056446064553669,ffmpeg/libsvtav1 wall time including process and file I/O
chat_preview,photo,kodak_01,768,512,512,341,AVIF,crf=59,1305,0.059796554252199416,51.855125000003,21.154791999990152,nan,nan,22.15452673031953,0.5123748388226871,0.8247586215045551,0.8463582968284242,0.9137114164777373,ffmpeg/libsvtav1 wall time including process and file I/O
chat_preview,photo,kodak_01,768,512,512,341,AVIF,crf=58,1499,0.06868585043988269,47.835749999990185,19.937041000005706,nan,nan,22.45848829271641,0.5422149176629733,0.8403310497416588,0.8609180311491781,0.9223055300992121,ffmpeg/libsvtav1 wall time including process and file I/O
chat_preview,photo,kodak_01,768,512,512,341,AVIF,crf=57,1718,0.07872067448680352,48.67658300000244,19.403124999996635,nan,nan,22.717663148654196,0.5724961261834735,0.8563876813868497,0.8765817772493204,0.9277978564667584,ffmpeg/libsvtav1 wall time including process and file I/O
chat_preview,photo,kodak_01,768,512,512,341,AVIF,crf=56,1960,0.08980938416422288,49.380124999999,19.587708999992515,nan,nan,23.027827797334936,0.595269420804006,0.8704015540577767,0.8882970820413099,0.9346631017174855,ffmpeg/libsvtav1 wall time including process and file I/O
chat_preview,photo,kodak_01,768,512,512,341,AVIF,crf=55,2367,0.10845857771260997,50.66541599998686,20.061333000001014,nan,nan,23.48688130927556,0.6310795003848217,0.8860588463131694,0.9021366016524804,0.9426600477639092,ffmpeg/libsvtav1 wall time including process and file I/O
chat_preview,photo,kodak_01,768,512,512,341,AVIF,crf=54,2647,0.12128848973607038,50.98870900000918,20.033499999996707,nan,nan,23.759009143797606,0.6557011769134591,0.8974038414235395,0.9136381947083901,0.9468591242340905,ffmpeg/libsvtav1 wall time including process and file I/O
chat_preview,photo,kodak_01,768,512,512,341,AVIF,crf=53,2947,0.13503482404692083,52.45258299999023,19.421916999988298,nan,nan,24.037217062513385,0.6742964654253764,0.9057634689372615,0.9212973641313377,0.9515290327670839,ffmpeg/libsvtav1 wall time including process and file I/O
chat_preview,photo,kodak_01,768,512,512,341,AVIF,crf=52,3265,0.14960593841642228,54.76291700000502,19.26537500000336,nan,nan,24.297562556948037,0.6923337743659107,0.9138108471709631,0.9290446926002351,0.9549993817734914,ffmpeg/libsvtav1 wall time including process and file I/O
chat_preview,photo,kodak_01,768,512,512,341,AVIF,crf=51,3566,0.16339809384164222,57.72791699999402,20.085374999993633,nan,nan,24.56534803138343,0.7114797540274048,0.9212244249331937,0.9355373380837271,0.9580315534959494,ffmpeg/libsvtav1 wall time including process and file I/O
chat_preview,photo,kodak_01,768,512,512,341,AVIF,crf=50,3948,0.1809017595307918,59.02804200000844,19.702500000008172,nan,nan,24.818201540083436,0.7264674806318645,0.9282224094706532,0.9411073116685784,0.9612957652393201,ffmpeg/libsvtav1 wall time including process and file I/O
chat_preview,photo,kodak_01,768,512,512,341,AVIF,crf=49,4323,0.19808467741935484,61.10870800000612,20.199417000000608,nan,nan,25.046975653614176,0.7394459400669485,0.9328644364780535,0.945311576988262,0.9636655579507571,ffmpeg/libsvtav1 wall time including process and file I/O
chat_preview,photo,kodak_01,768,512,512,341,AVIF,crf=48,4798,0.21984970674486803,65.9970839999886,20.380625000001373,nan,nan,25.33868863911747,0.7584236357171927,0.9392580165362506,0.9517308797478788,0.9663960883934516,ffmpeg/libsvtav1 wall time including process and file I/O
chat_preview,photo,kodak_01,768,512,512,341,AVIF,crf=47,5346,0.24495967741935484,66.13258299999814,20.422124999996072,nan,nan,25.616034502614305,0.7748035801471888,0.9441870212990792,0.9561500957900854,0.9687110898517766,ffmpeg/libsvtav1 wall time including process and file I/O
chat_preview,photo,kodak_01,768,512,512,341,AVIF,crf=46,5879,0.26938233137829914,69.14645800000585,20.225374999995438,nan,nan,25.884979875066463,0.7883996459743071,0.9489838710539624,0.9603374899499221,0.9709720368775552,ffmpeg/libsvtav1 wall time including process and file I/O
chat_preview,photo,kodak_01,768,512,512,341,AVIF,crf=45,6403,0.2933925953079179,71.58462499999985,20.505332999988468,nan,nan,26.19353969792835,0.7990419468527671,0.9534619585825262,0.9637016295611954,0.9737475638422685,ffmpeg/libsvtav1 wall time including process and file I/O
chat_preview,photo,kodak_01,768,512,512,341,AVIF,crf=44,7143,0.32730021994134895,68.82037499998717,20.880082999994443,nan,nan,26.554700157051943,0.8149254071911579,0.9581148312456778,0.967774545349471,0.9762105965871383,ffmpeg/libsvtav1 wall time including process and file I/O
chat_preview,photo,kodak_01,768,512,512,341,AVIF,crf=43,7767,0.3558925953079179,70.59266599999603,21.08174999999335,nan,nan,26.79043321242236,0.8246783425870564,0.9604224655188168,0.9703460349055391,0.9773961311531004,ffmpeg/libsvtav1 wall time including process and file I/O
chat_preview,photo,kodak_01,768,512,512,341,AVIF,crf=42,8726,0.3998350439882698,75.03808299999548,21.147083000002453,nan,nan,27.183905422927765,0.8401293973337464,0.9648509630693237,0.9740841615501803,0.9796483614308791,ffmpeg/libsvtav1 wall time including process and file I/O
chat_preview,photo,kodak_01,768,512,512,341,AVIF,crf=41,9456,0.43328445747800587,75.96508299999982,21.336083000008443,nan,nan,27.474494222854673,0.8486164973921136,0.9674726235765219,0.9762170714878651,0.9810795628615852,ffmpeg/libsvtav1 wall time including process and file I/O
chat_preview,photo,kodak_01,768,512,512,341,AVIF,crf=40,10432,0.4780058651026393,77.34895900000538,21.4315000000056,nan,nan,27.857010989585635,0.8611777726025266,0.9702243189613228,0.9788580696981781,0.9829734161558508,ffmpeg/libsvtav1 wall time including process and file I/O
chat_preview,photo,kodak_01,768,512,512,341,AVIF,crf=39,11321,0.5187408357771262,78.63283300000035,20.91987499998993,nan,nan,28.136737735486072,0.8705589550400751,0.9725056457128612,0.980770917374874,0.9839659395891908,ffmpeg/libsvtav1 wall time including process and file I/O
chat_preview,photo,kodak_01,768,512,512,341,AVIF,crf=38,12467,0.5712518328445748,84.57995800000617,21.32995899999912,nan,nan,28.536586869958306,0.8816017527379767,0.9750150369160259,0.9829834956947261,0.9854529448746575,ffmpeg/libsvtav1 wall time including process and file I/O
chat_preview,photo,kodak_01,768,512,512,341,AVIF,crf=37,13662,0.626008064516129,83.03058299999577,22.42749999999205,nan,nan,28.913701432396852,0.891145122666483,0.9772589288796477,0.9848692275597587,0.9868297552197356,ffmpeg/libsvtav1 wall time including process and file I/O
chat_preview,photo,kodak_01,768,512,512,341,AVIF,crf=36,14824,0.6792521994134897,74.10737499999698,21.18462500000362,nan,nan,29.305583093155768,0.9001057884578394,0.9795645318281122,0.986480307246455,0.9880703015764416,ffmpeg/libsvtav1 wall time including process and file I/O
chat_preview,photo,kodak_01,768,512,512,341,AVIF,crf=35,16139,0.7395069648093842,77.84312500000112,22.804082999996922,nan,nan,29.71168397294722,0.9085664931572817,0.9812333445556957,0.9880855437978581,0.9892039803722166,ffmpeg/libsvtav1 wall time including process and file I/O
chat_preview,photo,kodak_01,768,512,512,341,AVIF,crf=34,17635,0.8080553519061584,82.41654099998641,22.619417000001363,nan,nan,30.095970101153846,0.917097174122616,0.9830497665040633,0.9895406075266729,0.9900715309573603,ffmpeg/libsvtav1 wall time including process and file I/O
chat_preview,photo,kodak_01,768,512,512,341,AVIF,crf=33,18928,0.8673020527859238,80.02012500000433,24.534333000005404,nan,nan,30.478275781392416,0.9235603941571359,0.9844381716224261,0.9905632662783427,0.9910001994440419,ffmpeg/libsvtav1 wall time including process and file I/O
chat_preview,photo,kodak_01,768,512,512,341,AVIF,crf=32,20355,0.9326887829912024,77.65612499999008,21.64879200000769,nan,nan,30.86906035784855,0.9296876838608807,0.9857124436439865,0.9915030565409464,0.9917096598350993,ffmpeg/libsvtav1 wall time including process and file I/O
chat_preview,photo,kodak_01,768,512,512,341,AVIF,crf=31,21956,1.0060483870967742,80.39133299999435,23.738041999990855,nan,nan,31.265763441073133,0.9355999451199924,0.9869984280938066,0.9923679384046797,0.9925538865215849,ffmpeg/libsvtav1 wall time including process and file I/O
chat_preview,photo,kodak_01,768,512,512,341,AVIF,crf=30,23833,1.0920546187683284,82.42904099999748,24.24570800000936,nan,nan,31.750531063073947,0.9428199430375832,0.9881788120347705,0.9933862864343376,0.9932604467957501,ffmpeg/libsvtav1 wall time including process and file I/O
chat_preview,photo,kodak_01,768,512,512,341,AVIF,crf=29,25166,1.1531341642228738,89.79333300000292,24.281208000004995,nan,nan,32.03983818899264,0.9464276676076304,0.9889461949684674,0.9939910104920544,0.9936730486386074,ffmpeg/libsvtav1 wall time including process and file I/O
chat_preview,photo,kodak_01,768,512,512,341,AVIF,crf=28,26544,1.216275659824047,77.89020899998889,22.17804200000728,nan,nan,32.40257854851107,0.9506290608402143,0.989864263095471,0.9945353987266308,0.9942579920069166,ffmpeg/libsvtav1 wall time including process and file I/O
chat_preview,photo,kodak_01,768,512,512,341,AVIF,crf=27,27957,1.2810208944281525,77.50291699998968,22.934915999996974,nan,nan,32.74816702762359,0.9535602975144705,0.9906228864511254,0.995034883110019,0.9946601656829162,ffmpeg/libsvtav1 wall time including process and file I/O
chat_preview,photo,kodak_01,768,512,512,341,AVIF,crf=26,29800,1.3654692082111437,73.6776659999947,22.120749999999134,nan,nan,33.131722582123096,0.9575077647300373,0.991180404303084,0.9955231733610475,0.9950982569577597,ffmpeg/libsvtav1 wall time including process and file I/O
chat_preview,photo,kodak_01,768,512,512,341,AVIF,crf=25,31739,1.454316348973607,69.27395799999658,22.691500000007636,nan,nan,33.555987315755445,0.9617537358861162,0.9920818690743239,0.9960702331363116,0.9955889537885699,ffmpeg/libsvtav1 wall time including process and file I/O
chat_preview,photo,kodak_01,768,512,512,341,AVIF,crf=24,33599,1.5395436217008798,77.26633299999719,24.196875000001228,nan,nan,33.96159160577723,0.9646422173322836,0.9926457959123748,0.9964441498448504,0.9959810970904026,ffmpeg/libsvtav1 wall time including process and file I/O
chat_preview,photo,kodak_01,768,512,512,341,AVIF,crf=23,35044,1.6057551319648093,73.95345800000541,24.09012500000074,nan,nan,34.23319819945006,0.9667374376475991,0.993088083426161,0.9967734266559145,0.9962121452225724,ffmpeg/libsvtav1 wall time including process and file I/O
chat_preview,photo,kodak_01,768,512,512,341,AVIF,crf=22,36190,1.658266129032258,70.70025000000157,23.503082999994263,nan,nan,34.47202888033553,0.9685494188247086,0.993398814710655,0.9969378693479809,0.9963907002705639,ffmpeg/libsvtav1 wall time including process and file I/O
chat_preview,photo,kodak_01,768,512,512,341,AVIF,crf=21,37417,1.7144886363636365,74.11254199999462,24.96574999999268,nan,nan,34.713064927499246,0.9702912034971285,0.9937767234374494,0.9972100792043266,0.9965966771789698,ffmpeg/libsvtav1 wall time including process and file I/O
chat_preview,photo,kodak_01,768,512,512,341,AVIF,crf=20,38679,1.7723148826979471,80.89312499998869,24.574208000004205,nan,nan,34.942880483803044,0.9720332895797087,0.9941486630805673,0.9974287693599532,0.9967975445056912,ffmpeg/libsvtav1 wall time including process and file I/O
chat_preview,photo,kodak_01,768,512,512,341,AVIF,crf=19,40199,1.8419629765395895,72.28575000000603,25.4024160000057,nan,nan,35.21107040730375,0.9734031122278209,0.9944180744341056,0.9975898869448732,0.9969964882312625,ffmpeg/libsvtav1 wall time including process and file I/O
chat_preview,photo,kodak_01,768,512,512,341,AVIF,crf=18,41510,1.902034457478006,67.40937499999688,26.238458999998215,nan,nan,35.42030512673548,0.9748011961396504,0.9947047847164495,0.9977933877421894,0.9971548521146688,ffmpeg/libsvtav1 wall time including process and file I/O
chat_preview,photo,kodak_01,768,512,512,341,AVIF,crf=17,43069,1.9734695747800586,73.34679199999528,25.660000000002015,nan,nan,35.70173244548086,0.9764527248005077,0.9950418081574744,0.9979684751581419,0.9973507483616151,ffmpeg/libsvtav1 wall time including process and file I/O
chat_preview,photo,kodak_01,768,512,512,341,AVIF,crf=16,44576,2.0425219941348973,72.63620800000581,25.831790999987447,nan,nan,36.00418704832866,0.9778529846994785,0.99532561969738,0.9981341812951666,0.9975521091369188,ffmpeg/libsvtav1 wall time including process and file I/O
chat_preview,photo,kodak_01,768,512,512,341,AVIF,crf=15,47369,2.170500366568915,73.1274590000055,27.343666999996685,nan,nan,36.39617797168271,0.9801954396510033,0.9958347869561702,0.9983850893310952,0.9977962363643462,ffmpeg/libsvtav1 wall time including process and file I/O
chat_preview,photo,kodak_01,768,512,512,341,AVIF,crf=14,49150,2.252107771260997,67.86025000000961,24.8492500000026,nan,nan,36.61847394616196,0.9813361158147834,0.9960117519733221,0.9985236317850034,0.9979178811282201,ffmpeg/libsvtav1 wall time including process and file I/O
chat_preview,photo,kodak_01,768,512,512,341,AVIF,crf=13,51152,2.343841642228739,72.00070800000447,24.699333000000934,nan,nan,36.89016357064594,0.9825114691060349,0.9963036801391257,0.9986551677800851,0.9980504161516618,ffmpeg/libsvtav1 wall time including process and file I/O
chat_preview,photo,kodak_01,768,512,512,341,AVIF,crf=12,53232,2.439149560117302,70.35108299999138,23.8270410000041,nan,nan,37.199969846493765,0.9837538064765351,0.9965563802353131,0.9987813197798817,0.9981869289976053,ffmpeg/libsvtav1 wall time including process and file I/O
chat_preview,photo,kodak_01,768,512,512,341,AVIF,crf=11,55939,2.5631873167155423,68.32058400000562,24.488082999994276,nan,nan,37.50769880608027,0.9850705936019732,0.9968881789845021,0.9989220462970287,0.9983529786834069,ffmpeg/libsvtav1 wall time including process and file I/O
chat_preview,photo,kodak_01,768,512,512,341,AVIF,crf=10,58703,2.6898368768328447,67.13874999999803,24.065083000010645,nan,nan,37.755629234079315,0.986163935852231,0.9970781748087737,0.9990435359054558,0.9984521244479637,ffmpeg/libsvtav1 wall time including process and file I/O
chat_preview,photo,kodak_01,768,512,512,341,AVIF,crf=9,61477,2.8169446480938416,74.20375000000945,27.70087500000784,nan,nan,38.02962650528255,0.9869733813486192,0.9972853535303905,0.9991397331396726,0.9985702001176222,ffmpeg/libsvtav1 wall time including process and file I/O
chat_preview,photo,kodak_01,768,512,512,341,AVIF,crf=8,65132,2.9844208211143695,69.64937499999735,26.450042000007556,nan,nan,38.40836144213495,0.9883143230856165,0.9976304656729648,0.999271556528686,0.9987395039508274,ffmpeg/libsvtav1 wall time including process and file I/O
chat_preview,photo,kodak_01,768,512,512,341,AVIF,crf=7,68926,3.158266129032258,69.3266250000022,30.70725000000607,nan,nan,38.71452751225312,0.9893411862506162,0.997882450960089,0.9993626432031144,0.9988586648806757,ffmpeg/libsvtav1 wall time including process and file I/O
chat_preview,photo,kodak_01,768,512,512,341,AVIF,crf=6,73673,3.3757789589442817,68.32729200000642,27.38587500000733,nan,nan,39.01866840791146,0.9903604162287863,0.9981209393573566,0.9994516468523269,0.9989748317673519,ffmpeg/libsvtav1 wall time including process and file I/O
chat_preview,photo,kodak_01,768,512,512,341,AVIF,crf=5,78858,3.6133614369501466,71.36962500000266,25.767125000001556,nan,nan,39.34093295780699,0.9912902954014745,0.9983404237493994,0.9995319484097395,0.9990779942413529,ffmpeg/libsvtav1 wall time including process and file I/O
chat_preview,photo,kodak_01,768,512,512,341,AVIF,crf=4,85703,3.9270069648093844,73.69629099999031,28.40574999999035,nan,nan,39.6603402406134,0.9922494818757345,0.9985963438150355,0.99962887795177,0.9991812336413589,ffmpeg/libsvtav1 wall time including process and file I/O
chat_preview,photo,kodak_01,768,512,512,341,AVIF,crf=3,93754,4.2959127565982405,71.35054200000468,28.229833000011695,nan,nan,40.01493644539691,0.9930573683171823,0.9988051014998424,0.9996901759812514,0.9992726480994247,ffmpeg/libsvtav1 wall time including process and file I/O
chat_preview,photo,kodak_01,768,512,512,341,AVIF,crf=2,105703,4.843429252199414,74.63450000000194,29.655833000006737,nan,nan,40.288440283528146,0.9938602497772567,0.9990114308590562,0.9997494456707998,0.9993562915152252,ffmpeg/libsvtav1 wall time including process and file I/O
chat_preview,photo,kodak_01,768,512,512,341,AVIF,crf=1,122338,5.60566348973607,80.43741699999885,35.725999999996816,nan,nan,40.555006683306864,0.9946710127887847,0.9992261877881573,0.9998065588081235,0.9994374032630057,ffmpeg/libsvtav1 wall time including process and file I/O
chat_preview,photo,kodak_01,768,512,512,341,JPEG2000,"pix=yuv420p,qscale=1",83812,3.840359237536657,49.165667000011126,32.72054199999275,nan,nan,38.321838733072084,0.9882361192812873,0.9977977173222558,0.9993200472627245,0.9987800901951396,native ffmpeg jpeg2000 wall time including process and file I/O
chat_preview,photo,kodak_01,768,512,512,341,JPEG2000,"pix=yuv420p,qscale=10000",1903,0.0871975806451613,42.42762500000197,19.952832999990733,nan,nan,20.597027820903165,0.37283307168672364,0.7336466520576307,0.755496791476366,0.8587316787179617,native ffmpeg jpeg2000 wall time including process and file I/O
chat_preview,photo,kodak_01,768,512,512,341,JPEG2000,"pix=yuv420p,qscale=5000",2269,0.10396810850439883,42.569124999999985,20.89474999999652,nan,nan,21.053911287343944,0.4148602172118993,0.7728350932324869,0.7923679235197658,0.8796686912654264,native ffmpeg jpeg2000 wall time including process and file I/O
chat_preview,photo,kodak_01,768,512,512,341,JPEG2000,"pix=yuv420p,qscale=2500",2873,0.13164406158357772,43.54675000000441,20.916540999991184,nan,nan,21.631367431463183,0.47828992212297966,0.817136849079814,0.8363881353255451,0.9043882957441282,native ffmpeg jpeg2000 wall time including process and file I/O
chat_preview,photo,kodak_01,768,512,512,341,JPEG2000,"pix=yuv420p,qscale=1250",3704,0.16972140762463342,45.46754199999725,25.150832999997874,nan,nan,22.269896829472135,0.5403773955976305,0.8557230032825484,0.8743146716733262,0.923776610131153,native ffmpeg jpeg2000 wall time including process and file I/O
chat_preview,photo,kodak_01,768,512,512,341,JPEG2000,"pix=yuv420p,qscale=625",5167,0.23675769794721407,43.34024999999997,22.294750000000363,nan,nan,23.086746605013,0.6198286146510571,0.8972565574873955,0.9112742759192213,0.943370339150976,native ffmpeg jpeg2000 wall time including process and file I/O
chat_preview,photo,kodak_01,768,512,512,341,JPEG2000,"pix=yuv420p,qscale=313",7179,0.32894978005865105,42.29999999999734,21.842208000009578,nan,nan,24.02940428931636,0.6876640720918167,0.9251826382976583,0.9367662712210899,0.9582298365387373,native ffmpeg jpeg2000 wall time including process and file I/O
chat_preview,photo,kodak_01,768,512,512,341,JPEG2000,"pix=yuv420p,qscale=157",10613,0.4862994868035191,40.9999169999935,21.266917000005492,nan,nan,25.333653743167023,0.7644582777341844,0.9499770923998959,0.96024132694772,0.971274783002514,native ffmpeg jpeg2000 wall time including process and file I/O
chat_preview,photo,kodak_01,768,512,512,341,JPEG2000,"pix=yuv420p,qscale=79",15215,0.6971682551319648,41.37183299999947,22.923750000003906,nan,nan,26.758263416955334,0.8284910548344668,0.9675090631721787,0.9747900834459624,0.9805338117542294,native ffmpeg jpeg2000 wall time including process and file I/O
chat_preview,photo,kodak_01,768,512,512,341,JPEG2000,"pix=yuv420p,qscale=40",20636,0.9455645161290323,41.23445800000525,25.509541999994667,nan,nan,28.209674393614414,0.8760945609528076,0.9784001728680956,0.9843472599161582,0.9866842134749859,native ffmpeg jpeg2000 wall time including process and file I/O
chat_preview,photo,kodak_01,768,512,512,341,JPEG2000,"pix=yuv420p,qscale=59",17394,0.7970124633431085,44.07512500000621,24.056709000007004,nan,nan,27.379540712424117,0.8526184646849378,0.9732270999628744,0.9799027857201152,0.9835176185680949,native ffmpeg jpeg2000 wall time including process and file I/O
chat_preview,photo,kodak_01,768,512,512,341,JPEG2000,"pix=yuv420p,qscale=69",16233,0.7438141495601173,41.82225000000983,22.471959000000652,nan,nan,27.06609549438503,0.8409553005547035,0.9703220626847969,0.9774395633504428,0.9820243451877052,native ffmpeg jpeg2000 wall time including process and file I/O
chat_preview,photo,kodak_01,768,512,512,341,JPEG2000,"pix=yuv420p,qscale=74",15872,0.7272727272727273,41.38991700000361,22.193208999993885,nan,nan,26.952949924576824,0.8360328535925049,0.9693200273635734,0.9764908654663366,0.981520639694433,native ffmpeg jpeg2000 wall time including process and file I/O
chat_preview,photo,kodak_01,768,512,512,341,JPEG2000,"pix=yuv420p,qscale=71",16088,0.7371700879765396,41.46504099999504,22.081000000000017,nan,nan,27.023455909551274,0.8395697874734096,0.9700147284652213,0.9771602072157984,0.9818257373240131,native ffmpeg jpeg2000 wall time including process and file I/O
chat_preview,photo,kodak_01,768,512,512,341,JPEG2000,"pix=yuv420p,qscale=72",16020,0.7340542521994134,41.53458299998647,22.327249999989363,nan,nan,27.009610903844337,0.8387292388307218,0.9698207140257464,0.9769729485875037,0.9817537882201525,native ffmpeg jpeg2000 wall time including process and file I/O
chat_preview,photo,kodak_01,768,512,512,341,JPEG2000,"pix=yuv420p,qscale=70",16202,0.7423936950146628,42.5952079999945,24.391749999992385,nan,nan,27.05393354717153,0.8405934033705186,0.970227732668965,0.9773792358894436,0.9819677101766424,native ffmpeg jpeg2000 wall time including process and file I/O
chat_preview,photo,kodak_01,768,512,512,341,JPEG2000,"pix=yuv420p,qscale=73",15923,0.7296096041055719,44.42733300000157,26.21033399999817,nan,nan,26.97064562887065,0.8371435301974438,0.969550972638737,0.976719851406683,0.9815989783820475,native ffmpeg jpeg2000 wall time including process and file I/O
chat_preview,photo,kodak_01,768,512,512,341,JPEG2000,"pix=yuv420p,qscale=20",29912,1.3706011730205279,42.69587499999261,24.432999999987715,nan,nan,30.394050767323513,0.9217582488670614,0.9870690478776138,0.9917200427173745,0.992065254008245,native ffmpeg jpeg2000 wall time including process and file I/O
chat_preview,photo,kodak_01,768,512,512,341,JPEG2000,"pix=yuv420p,qscale=30",23916,1.0958577712609971,41.66649999999095,23.695458999995367,nan,nan,29.079233008505017,0.895325080821181,0.9818903408773426,0.9871355706621728,0.9890857238830998,native ffmpeg jpeg2000 wall time including process and file I/O
chat_preview,photo,kodak_01,768,512,512,341,JPEG2000,"pix=yuv420p,qscale=25",26448,1.2118768328445748,44.2632500000002,27.301874999992037,nan,nan,29.63966485899718,0.906880311474703,0.9842602758507207,0.9890824569344255,0.9905058298684386,native ffmpeg jpeg2000 wall time including process and file I/O
chat_preview,photo,kodak_01,768,512,512,341,JPEG2000,"pix=yuv420p,qscale=22",28794,1.3193731671554252,47.9079169999892,26.494249999998942,nan,nan,30.120882274165464,0.9167283015458253,0.9862200682476628,0.9909523005298781,0.9915565877209075,native ffmpeg jpeg2000 wall time including process and file I/O
chat_preview,photo,kodak_01,768,512,512,341,JPEG2000,"pix=yuv420p,qscale=23",27966,1.281433284457478,46.91358399999501,25.71616699999879,nan,nan,29.94093928753638,0.9132334788354197,0.9855739896287247,0.9903223925681033,0.9911908549641101,native ffmpeg jpeg2000 wall time including process and file I/O
chat_preview,photo,kodak_01,768,512,512,341,JPEG2000,"pix=yuv420p,qscale=24",27168,1.2448680351906158,41.446832999994854,24.39970800000424,nan,nan,29.789216295688302,0.9100006746031152,0.9849513955679171,0.989727219460748,0.9908599240628313,native ffmpeg jpeg2000 wall time including process and file I/O
chat_preview,photo,kodak_01,768,512,512,341,JPEG2000,"pix=yuv420p,qscale=21",29392,1.346774193548387,43.53770800000234,24.34591699999089,nan,nan,30.271038815528932,0.9194088774186726,0.9866746861762676,0.9914027193711307,0.9918325048743426,native ffmpeg jpeg2000 wall time including process and file I/O
chat_preview,photo,kodak_01,768,512,512,341,JPEG2000,"pix=yuv420p,qscale=26",25676,1.1765029325513197,41.51758300000097,23.808875000000285,nan,nan,29.472181887985766,0.9034358231828362,0.9834263643146457,0.9884972712631955,0.9900494690640975,native ffmpeg jpeg2000 wall time including process and file I/O
chat_preview,photo,kodak_01,768,512,512,341,JPEG2000,"pix=yuv420p,qscale=10",39415,1.8060392228739004,42.0475840000023,26.04391699999553,nan,nan,32.14610425252237,0.9463321943108386,0.9910283789111861,0.9947595004828035,0.9947114463471888,native ffmpeg jpeg2000 wall time including process and file I/O
chat_preview,photo,kodak_01,768,512,512,341,JPEG2000,"pix=yuv420p,qscale=5",52929,2.425265762463343,41.746333000006075,28.105542000005812,nan,nan,34.79556171692965,0.9702857439768193,0.9947010904711305,0.9976324740470719,0.9970300995596599,native ffmpeg jpeg2000 wall time including process and file I/O
chat_preview,photo,kodak_01,768,512,512,341,JPEG2000,"pix=yuv420p,qscale=3",59561,2.7291513929618767,41.38483299999507,28.435874999999555,nan,nan,35.67497201269734,0.9759923025462651,0.995734301508969,0.998109492331265,0.9976217551722492,native ffmpeg jpeg2000 wall time including process and file I/O
chat_preview,photo,kodak_01,768,512,512,341,JPEG2000,"pix=yuv420p,qscale=4",56896,2.6070381231671553,42.90641699999753,28.83154200000604,nan,nan,35.36495445973176,0.9738496780952491,0.9952621228272148,0.9979198409856891,0.9973844481913123,native ffmpeg jpeg2000 wall time including process and file I/O
chat_preview,photo,kodak_01,768,512,512,341,JPEG2000,"pix=yuv420p,qscale=2",69810,3.1987719941348973,43.9826659999909,30.88770800000873,nan,nan,36.993969963585215,0.9828833565947069,0.9967737718581794,0.9988589441083008,0.9982323376995405,native ffmpeg jpeg2000 wall time including process and file I/O
chat_preview,photo,kodak_01,768,512,512,341,JPEG2000,"pix=yuv420p,qscale=6",49730,2.278684017595308,41.47116699999742,28.079042000001664,nan,nan,34.27527450281389,0.9668691849114391,0.9941740108349716,0.997276448048121,0.996681909610352,native ffmpeg jpeg2000 wall time including process and file I/O
chat_preview,photo,kodak_01,768,512,512,341,JPEG2000,"pix=yuv420p,qscale=7",47414,2.1725623167155423,41.428041999992615,27.719374999989554,nan,nan,33.86455367210816,0.9635561022448185,0.9934998033146486,0.9968358996126648,0.9963096588075804,native ffmpeg jpeg2000 wall time including process and file I/O
chat_preview,photo,kodak_01,768,512,512,341,JPEG2000,"pix=rgb24,qscale=1",247399,11.336097873900293,77.24437499999226,58.634917000006226,nan,nan,45.68977554704502,0.9961596632765364,0.9995848686773533,0.999725257655152,0.9997928379228376,native ffmpeg jpeg2000 wall time including process and file I/O
chat_preview,photo,kodak_01,768,512,512,341,JPEG2000,"pix=rgb24,qscale=10000",4259,0.19515212609970675,76.9827499999991,22.109583999991855,nan,nan,21.013815641628728,0.38515759746731476,0.7567756446325458,0.7753786758137685,0.8772516577036035,native ffmpeg jpeg2000 wall time including process and file I/O
chat_preview,photo,kodak_01,768,512,512,341,JPEG2000,"pix=rgb24,qscale=5000",5599,0.2565524193548387,81.1920830000048,22.864957999999547,nan,nan,21.563919743184385,0.44563614684487646,0.8065631735102917,0.8239297634646119,0.900593024527846,native ffmpeg jpeg2000 wall time including process and file I/O
chat_preview,photo,kodak_01,768,512,512,341,JPEG2000,"pix=rgb24,qscale=2500",7626,0.3494318181818182,76.26900000001058,22.278458000002388,nan,nan,22.25916542933053,0.51288786050996,0.8473207983296093,0.8658318180532558,0.9237336186571615,native ffmpeg jpeg2000 wall time including process and file I/O
chat_preview,photo,kodak_01,768,512,512,341,JPEG2000,"pix=rgb24,qscale=1250",10077,0.46173936950146627,78.53808400000162,30.272375000009788,nan,nan,22.899569560719783,0.571903531357888,0.8818656226091299,0.8958582332195015,0.9390277192596527,native ffmpeg jpeg2000 wall time including process and file I/O
chat_preview,photo,kodak_01,768,512,512,341,JPEG2000,"pix=rgb24,qscale=625",15347,0.703216642228739,78.79320900001119,24.692083000005027,nan,nan,23.839915090303847,0.6623360090973586,0.9205613438431067,0.93313519917823,0.9562258817473128,native ffmpeg jpeg2000 wall time including process and file I/O
chat_preview,photo,kodak_01,768,512,512,341,JPEG2000,"pix=rgb24,qscale=313",21969,1.0066440615835777,77.72329200000172,24.608917000009,nan,nan,24.913888197448777,0.7273784897154695,0.9433929952112298,0.9530770782884571,0.969013859650358,native ffmpeg jpeg2000 wall time including process and file I/O
chat_preview,photo,kodak_01,768,512,512,341,JPEG2000,"pix=rgb24,qscale=157",32949,1.5097598973607038,76.40854100000638,26.13295899999457,nan,nan,26.35595376635642,0.8016676456385351,0.9650371825300912,0.9704613599626012,0.9797659678501184,native ffmpeg jpeg2000 wall time including process and file I/O
chat_preview,photo,kodak_01,768,512,512,341,JPEG2000,"pix=rgb24,qscale=79",48555,2.2248442082111435,76.26037499998972,29.369041999999013,nan,nan,27.992919558948778,0.8621794273174026,0.9786046761236573,0.98275223611427,0.9869359605768442,native ffmpeg jpeg2000 wall time including process and file I/O
chat_preview,photo,kodak_01,768,512,512,341,JPEG2000,"pix=rgb24,qscale=118",36799,1.6861711876832846,76.14395800000295,26.931417000000124,nan,nan,26.810502713420995,0.8181271071077448,0.9685618895963523,0.9735711941860774,0.9819426274463467,native ffmpeg jpeg2000 wall time including process and file I/O
chat_preview,photo,kodak_01,768,512,512,341,JPEG2000,"pix=rgb24,qscale=98",41365,1.8953903958944283,75.23679199999833,27.64324999999701,nan,nan,27.271771687767988,0.8357049238653717,0.9724529971455761,0.9770044656155082,0.9840017965619778,native ffmpeg jpeg2000 wall time including process and file I/O
chat_preview,photo,kodak_01,768,512,512,341,JPEG2000,"pix=rgb24,qscale=108",38657,1.7713068181818181,75.67300000000898,26.99979099999439,nan,nan,26.99691777864419,0.8250797728172703,0.9700538480392923,0.9749816619945965,0.9827806019195334,native ffmpeg jpeg2000 wall time including process and file I/O
chat_preview,photo,kodak_01,768,512,512,341,JPEG2000,"pix=rgb24,qscale=113",37723,1.7285098973607038,80.54204100000106,27.84887500000366,nan,nan,26.91414818133566,0.8219054260016364,0.9693341362782625,0.9744826592005563,0.9823904576053254,native ffmpeg jpeg2000 wall time including process and file I/O
chat_preview,photo,kodak_01,768,512,512,341,JPEG2000,"pix=rgb24,qscale=110",38270,1.7535740469208212,77.71199999999112,28.336417000005554,nan,nan,26.957206768139148,0.8236113456479403,0.9697378439475579,0.9747122267695717,0.9826199080801232,native ffmpeg jpeg2000 wall time including process and file I/O
chat_preview,photo,kodak_01,768,512,512,341,JPEG2000,"pix=rgb24,qscale=109",38372,1.7582478005865103,81.19562499999233,28.743250000005105,nan,nan,26.966736321717537,0.8239659099370105,0.9698216526652184,0.9747892526602449,0.9826583186097808,native ffmpeg jpeg2000 wall time including process and file I/O
chat_preview,photo,kodak_01,768,512,512,341,JPEG2000,"pix=rgb24,qscale=106",39003,1.7871609237536656,77.3294999999905,27.245415999999523,nan,nan,27.03422688186742,0.8265375237637668,0.9703779022628766,0.9754388143677891,0.9829361651698054,native ffmpeg jpeg2000 wall time including process and file I/O
chat_preview,photo,kodak_01,768,512,512,341,JPEG2000,"pix=rgb24,qscale=107",38818,1.7786840175953078,76.10616700000605,28.122874999993996,nan,nan,27.01754369712273,0.8258499092600186,0.9702302015171647,0.9751729918500947,0.9828665020216166,native ffmpeg jpeg2000 wall time including process and file I/O
chat_preview,photo,kodak_01,768,512,512,341,JPEG2000,"pix=rgb24,qscale=111",38079,1.7448222140762464,75.77454100000125,27.17091700000651,nan,nan,26.938896159964983,0.8229077297460287,0.9695801290200666,0.974629726572239,0.9825210591776048,native ffmpeg jpeg2000 wall time including process and file I/O
chat_preview,photo,kodak_01,768,512,512,341,JPEG2000,"pix=rgb24,qscale=40",64609,2.9604563782991202,76.37966699999765,31.208083999999303,nan,nan,29.545350463271394,0.9019954632615281,0.9866259619987922,0.9890922564806046,0.9913657039282803,native ffmpeg jpeg2000 wall time including process and file I/O
chat_preview,photo,kodak_01,768,512,512,341,JPEG2000,"pix=rgb24,qscale=59",54782,2.5101722873900294,78.39999999998781,29.1708329999949,nan,nan,28.697139852487044,0.8833032161201388,0.982901149273851,0.9859744237508462,0.9892024884926136,native ffmpeg jpeg2000 wall time including process and file I/O
chat_preview,photo,kodak_01,768,512,512,341,JPEG2000,"pix=rgb24,qscale=49",58581,2.6842467008797652,77.0650829999937,29.969167000004404,nan,nan,29.013302201368397,0.8911262022176208,0.9847223386219454,0.9872990613319703,0.9901539782873335,native ffmpeg jpeg2000 wall time including process and file I/O
chat_preview,photo,kodak_01,768,512,512,341,JPEG2000,"pix=rgb24,qscale=44",61152,2.802052785923754,78.00887500000897,30.931916000000115,nan,nan,29.241769664862836,0.8958338749039307,0.9856265779582785,0.9880855951124475,0.9907198798273129,native ffmpeg jpeg2000 wall time including process and file I/O
chat_preview,photo,kodak_01,768,512,512,341,JPEG2000,"pix=rgb24,qscale=46",59903,2.744822214076246,76.9216249999971,33.18824999999492,nan,nan,29.130085972796206,0.8935885086501464,0.9851977548059153,0.9877112393105321,0.9904540004840088,native ffmpeg jpeg2000 wall time including process and file I/O
chat_preview,photo,kodak_01,768,512,512,341,JPEG2000,"pix=rgb24,qscale=47",59274,2.7160007331378297,76.37408299999038,30.10795799998789,nan,nan,29.076533509709478,0.8923706243630048,0.9849810454943153,0.9874965907909262,0.9903238439749975,native ffmpeg jpeg2000 wall time including process and file I/O
chat_preview,photo,kodak_01,768,512,512,341,JPEG2000,"pix=rgb24,qscale=45",60527,2.7734145894428153,77.342625,31.141916999999353,nan,nan,29.186168341447726,0.8946688661290643,0.985401846144159,0.9878986558997942,0.9905933171689638,native ffmpeg jpeg2000 wall time including process and file I/O
chat_preview,photo,kodak_01,768,512,512,341,JPEG2000,"pix=rgb24,qscale=48",58902,2.698955278592375,82.61724999999842,33.08479199999681,nan,nan,29.043497137419976,0.8916807479743875,0.984839602443814,0.987394044986166,0.9902304897257177,native ffmpeg jpeg2000 wall time including process and file I/O
chat_preview,photo,kodak_01,768,512,512,341,JPEG2000,"pix=rgb24,qscale=20",95579,4.379536290322581,80.88229100000888,36.94383399999879,nan,nan,32.42637225957141,0.945582766979482,0.9933758593554387,0.9947752340674957,0.9957219348064259,native ffmpeg jpeg2000 wall time including process and file I/O
chat_preview,photo,kodak_01,768,512,512,341,JPEG2000,"pix=rgb24,qscale=10",124704,5.714076246334311,76.94395800000109,41.4756250000039,nan,nan,34.63065954755953,0.9656455365039976,0.9959097480582267,0.9968369702431396,0.9974210728274163,native ffmpeg jpeg2000 wall time including process and file I/O
chat_preview,photo,kodak_01,768,512,512,341,JPEG2000,"pix=rgb24,qscale=15",105198,4.820289589442815,76.21145800000306,36.37650000000292,nan,nan,33.28982530296608,0.9547325390079316,0.9944983855259881,0.9956941715092249,0.996473824020352,native ffmpeg jpeg2000 wall time including process and file I/O
chat_preview,photo,kodak_01,768,512,512,341,JPEG2000,"pix=rgb24,qscale=12",113275,5.190386730205279,78.00691700001039,41.21624999999085,nan,nan,33.82809237672005,0.959737239775218,0.9951044840847221,0.99613050807394,0.9968843668568463,native ffmpeg jpeg2000 wall time including process and file I/O
chat_preview,photo,kodak_01,768,512,512,341,JPEG2000,"pix=rgb24,qscale=13",110078,5.0438966275659824,77.03820900000835,40.391624999998044,nan,nan,33.63843071360434,0.957967120548831,0.9948579106896535,0.9959622166023169,0.9967399869212394,native ffmpeg jpeg2000 wall time including process and file I/O
chat_preview,photo,kodak_01,768,512,512,341,JPEG2000,"pix=rgb24,qscale=11",118180,5.415139296187683,77.69170800000325,39.26429199999859,nan,nan,34.1320202694595,0.9621116483912724,0.9954519051758176,0.9964122906450072,0.9971069845740113,native ffmpeg jpeg2000 wall time including process and file I/O
chat_preview,photo,kodak_01,768,512,512,341,JPEG2000,"pix=rgb24,qscale=14",107884,4.943365102639296,77.02458299999648,38.92312499999662,nan,nan,33.488565630531596,0.9566554302977037,0.9947065959114708,0.9958520163396696,0.9966253078210379,native ffmpeg jpeg2000 wall time including process and file I/O
chat_preview,photo,kodak_02,768,512,512,341,CAPS,"q=1,tile=64",6070,0.2781341642228739,9.20545900000036,7.991999999987343,3.66033,3.74517,29.1547602486255,0.7505455582626558,0.9102353119943247,0.9331876842985588,0.960274073499056,subprocess wall time including PPM I/O; codec_* fields are resident timing
chat_preview,photo,kodak_02,768,512,512,341,CAPS,"q=2,tile=64",6128,0.28079178885630496,7.897333000002504,8.602791000001275,3.43046,3.80587,29.185760158758868,0.7510406880635564,0.9104437191170535,0.933108946116493,0.96056642101216,subprocess wall time including PPM I/O; codec_* fields are resident timing
chat_preview,photo,kodak_02,768,512,512,341,CAPS,"q=3,tile=64",6190,0.2836326979472141,8.193042000002038,8.918541999989316,3.58387,4.13554,29.20831689179653,0.7523848290740758,0.9109287791856097,0.9337486065618312,0.9607832168130761,subprocess wall time including PPM I/O; codec_* fields are resident timing
chat_preview,photo,kodak_02,768,512,512,341,CAPS,"q=4,tile=64",6235,0.28569464809384165,7.723500000011541,7.924750000000813,3.40992,3.68721,29.218242213347672,0.7530753618823783,0.9110577296288925,0.933922815370256,0.9608827798942112,subprocess wall time including PPM I/O; codec_* fields are resident timing
chat_preview,photo,kodak_02,768,512,512,341,CAPS,"q=5,tile=64",6362,0.2915139296187683,11.345916999999872,8.083708000000911,3.76554,3.72383,29.20580147889295,0.7540895617707175,0.9120808083489735,0.9347631215804668,0.9611054438533742,subprocess wall time including PPM I/O; codec_* fields are resident timing
chat_preview,photo,kodak_02,768,512,512,341,CAPS,"q=6,tile=64",6381,0.29238453079178883,7.709125000005201,7.833833000006507,3.3545,3.80412,29.23733286917681,0.7547444519695207,0.9124137446225077,0.9350789276825736,0.9613395453365434,subprocess wall time including PPM I/O; codec_* fields are resident timing
chat_preview,photo,kodak_02,768,512,512,341,CAPS,"q=7,tile=64",6416,0.2939882697947214,7.427874999990536,7.41529200000457,3.3615,3.69858,29.23946684171465,0.7548615987007744,0.9124430283537639,0.9351482501335988,0.9613633378064877,subprocess wall time including PPM I/O; codec_* fields are resident timing
chat_preview,photo,kodak_02,768,512,512,341,CAPS,"q=8,tile=64",6536,0.2994868035190616,8.135959000000526,11.836958000003506,3.57233,4.35721,29.309030115966923,0.7576880743563735,0.9138766140646609,0.9360751606373128,0.9622624319920886,subprocess wall time including PPM I/O; codec_* fields are resident timing
chat_preview,photo,kodak_02,768,512,512,341,CAPS,"q=9,tile=64",6547,0.2999908357771261,7.334791000005225,7.376624999992032,3.4035,3.75567,29.31555680229749,0.7578293076460207,0.913946486017469,0.936132689113554,0.9623144762794306,subprocess wall time including PPM I/O; codec_* fields are resident timing
chat_preview,photo,kodak_02,768,512,512,341,CAPS,"q=10,tile=64",6563,0.3007239736070381,7.439875000002871,7.625207999993222,3.43775,3.73438,29.322336034249478,0.7580705336184811,0.914053333254178,0.9362460001773929,0.9624018721921409,subprocess wall time including PPM I/O; codec_* fields are resident timing
chat_preview,photo,kodak_02,768,512,512,341,CAPS,"q=11,tile=64",6799,0.31153775659824046,7.586125000003108,7.750250000000847,3.51462,3.72287,29.423914742707705,0.7565768367937774,0.9130230101318947,0.9371771352967065,0.9626332580834835,subprocess wall time including PPM I/O; codec_* fields are resident timing
chat_preview,photo,kodak_02,768,512,512,341,CAPS,"q=12,tile=64",6818,0.31240835777126097,7.822499999988963,8.087041999999656,3.32929,3.97204,29.4383949805558,0.7570245305018924,0.9132223802393398,0.9374371956615495,0.9628775593557138,subprocess wall time including PPM I/O; codec_* fields are resident timing
chat_preview,photo,kodak_02,768,512,512,341,CAPS,"q=13,tile=64",6902,0.31625733137829914,7.898208000000295,7.917292000001908,3.64992,3.85925,29.466252704131712,0.7588408940683954,0.9139831775204365,0.938365189183375,0.9632301054159864,subprocess wall time including PPM I/O; codec_* fields are resident timing
chat_preview,photo,kodak_02,768,512,512,341,CAPS,"q=14,tile=64",7008,0.32111436950146627,12.223333999997976,9.040209000005461,5.48508,4.02825,29.513566894147232,0.760394696412995,0.9147529393767284,0.93871960504114,0.9638496108709548,subprocess wall time including PPM I/O; codec_* fields are resident timing
chat_preview,photo,kodak_02,768,512,512,341,CAPS,"q=15,tile=64",7038,0.32248900293255134,7.66387500000576,7.766458000006082,3.44508,3.72,29.519116897095454,0.7606336144412277,0.9147325747949454,0.9387089685978816,0.963860042256457,subprocess wall time including PPM I/O; codec_* fields are resident timing
chat_preview,photo,kodak_02,768,512,512,341,CAPS,"q=16,tile=64",7088,0.3247800586510264,7.534375000005866,7.993542000008347,3.41683,3.798,29.57518167299987,0.7620553839808282,0.915462780671612,0.939670069351351,0.964834558222638,subprocess wall time including PPM I/O; codec_* fields are resident timing
chat_preview,photo,kodak_02,768,512,512,341,CAPS,"q=17,tile=64",7334,0.33605205278592376,7.704916000008666,7.981958999991434,3.49638,3.68063,29.641476121213582,0.7649193210990597,0.9166929911689587,0.939457565461704,0.9654053197216853,subprocess wall time including PPM I/O; codec_* fields are resident timing
chat_preview,photo,kodak_02,768,512,512,341,CAPS,"q=18,tile=64",7461,0.3418713343108504,8.151624999996443,8.36408400000721,3.72921,4.12958,29.697964585637152,0.767158622183465,0.9173815032210557,0.940592144683231,0.9665992144906049,subprocess wall time including PPM I/O; codec_* fields are resident timing
chat_preview,photo,kodak_02,768,512,512,341,CAPS,"q=19,tile=64",7467,0.34214626099706746,8.11762499999702,8.054833000002759,3.52742,3.84333,29.700717543103305,0.7672730882552904,0.9174798373108706,0.9407061822884341,0.9666014847560939,subprocess wall time including PPM I/O; codec_* fields are resident timing
chat_preview,photo,kodak_02,768,512,512,341,CAPS,"q=20,tile=64",7514,0.344299853372434,7.725041999989912,7.492416999994589,3.6055,3.83613,29.710541956546585,0.768052259553262,0.917849273706905,0.9406832535617221,0.9665509600940362,subprocess wall time including PPM I/O; codec_* fields are resident timing
chat_preview,photo,kodak_02,768,512,512,341,CAPS,"q=21,tile=64",7584,0.34750733137829914,7.637958000003664,7.72345800000096,3.34329,3.74808,29.754626113441212,0.7695938919302305,0.9185134659173387,0.9415467380906007,0.9675407508468882,subprocess wall time including PPM I/O; codec_* fields are resident timing
chat_preview,photo,kodak_02,768,512,512,341,CAPS,"q=22,tile=64",7595,0.34801136363636365,8.922416999993743,8.59512499999937,4.11346,3.84125,29.77277473806298,0.7698136021316028,0.918589723870339,0.9416041180389678,0.9676041848805214,subprocess wall time including PPM I/O; codec_* fields are resident timing
chat_preview,photo,kodak_02,768,512,512,341,CAPS,"q=23,tile=64",7845,0.35946664222873903,10.966791999990733,8.554875000001516,4.8445,4.12054,29.875931745638034,0.7781468799354885,0.9266546235585235,0.9478033362355126,0.9696281740713588,subprocess wall time including PPM I/O; codec_* fields are resident timing
chat_preview,photo,kodak_02,768,512,512,341,CAPS,"q=24,tile=64",7880,0.36107038123167157,7.239874999996232,7.480458000003409,3.41017,3.73279,29.888877044737768,0.7783524044067844,0.9266862194877286,0.9478456048731153,0.9696836277973178,subprocess wall time including PPM I/O; codec_* fields are resident timing
chat_preview,photo,kodak_02,768,512,512,341,CAPS,"q=25,tile=64",7924,0.36308651026392963,8.39874999999779,8.469708000006904,3.95125,3.86671,29.91039026718545,0.7793064035226932,0.9268446977173701,0.9480141757882594,0.9698054927943922,subprocess wall time including PPM I/O; codec_* fields are resident timing
chat_preview,photo,kodak_02,768,512,512,341,CAPS,"q=26,tile=64",7988,0.3660190615835777,8.168500000010681,7.652292000003058,3.60246,3.79962,29.961084067311994,0.7805612819350666,0.9274929125799384,0.9483759694140289,0.9700112135726279,subprocess wall time including PPM I/O; codec_* fields are resident timing
chat_preview,photo,kodak_02,768,512,512,341,CAPS,"q=27,tile=64",8069,0.36973057184750735,8.043999999998164,8.229416999995465,3.71612,3.92354,29.99244681953064,0.7814466347385715,0.927732424424479,0.9486633070444797,0.9703461450544629,subprocess wall time including PPM I/O; codec_* fields are resident timing
chat_preview,photo,kodak_02,768,512,512,341,CAPS,"q=28,tile=64",8186,0.37509164222873903,8.278041000011171,10.387042000004953,3.80521,5.44129,30.045475762081647,0.783420315382345,0.9280306769902285,0.9490362371249068,0.970300860329669,subprocess wall time including PPM I/O; codec_* fields are resident timing
chat_preview,photo,kodak_02,768,512,512,341,CAPS,"q=29,tile=64",8350,0.38260630498533726,7.757832999999437,7.724041000003012,3.51342,3.74879,30.165425811431117,0.7891686113850348,0.9326298271056911,0.9507744818393545,0.9719273962264128,subprocess wall time including PPM I/O; codec_* fields are resident timing
chat_preview,photo,kodak_02,768,512,512,341,CAPS,"q=30,tile=64",8372,0.38361436950146627,7.396291999995697,7.606542000004879,3.49829,3.78429,30.188488814634525,0.7893431100766796,0.9327006867746124,0.9507879187765611,0.9720293571997001,subprocess wall time including PPM I/O; codec_* fields are resident timing
chat_preview,photo,kodak_02,768,512,512,341,CAPS,"q=31,tile=64",8483,0.3887005131964809,7.338041999986444,7.772750000000883,3.47133,3.804,30.241631015049826,0.7912274997436187,0.933356503964359,0.9514998360449136,0.9725211835142297,subprocess wall time including PPM I/O; codec_* fields are resident timing
chat_preview,photo,kodak_02,768,512,512,341,CAPS,"q=32,tile=64",8557,0.39209127565982405,7.56699999999455,7.5623749999920165,3.53121,3.86042,30.278992021484488,0.7921491269203216,0.9336732941308168,0.9515914102935192,0.9725931702716119,subprocess wall time including PPM I/O; codec_* fields are resident timing
chat_preview,photo,kodak_02,768,512,512,341,CAPS,"q=33,tile=64",8728,0.3999266862170088,7.59012500000722,7.798750000006294,3.48483,3.83412,30.33734469639495,0.7945467276479219,0.9340413303259357,0.9520106310193748,0.9725217870614731,subprocess wall time including PPM I/O; codec_* fields are resident timing
chat_preview,photo,kodak_02,768,512,512,341,CAPS,"q=34,tile=64",8774,0.40203445747800587,7.994792000005191,7.491833000003112,3.59746,3.73792,30.355805867687224,0.794771781343316,0.9340437030714583,0.9520349931551658,0.9725817422236022,subprocess wall time including PPM I/O; codec_* fields are resident timing
chat_preview,photo,kodak_02,768,512,512,341,CAPS,"q=35,tile=64",9134,0.4185300586510264,8.350499999991712,7.61270799999636,3.54517,3.80112,30.505741994038633,0.7970887361405877,0.9363903009776404,0.9541478137125099,0.973948243043116,subprocess wall time including PPM I/O; codec_* fields are resident timing
chat_preview,photo,kodak_02,768,512,512,341,CAPS,"q=36,tile=64",9139,0.4187591642228739,7.6017079999957105,8.139332999988369,3.66337,3.85987,30.554756018944257,0.7976974130919171,0.9367235309148949,0.9545816212407866,0.9741666572085429,subprocess wall time including PPM I/O; codec_* fields are resident timing
chat_preview,photo,kodak_02,768,512,512,341,CAPS,"q=37,tile=64",9203,0.421691715542522,8.022874999994656,8.202582999999208,3.62742,3.82333,30.57574434716347,0.7979062059010199,0.9368093585140193,0.9545869233737431,0.9742996193821873,subprocess wall time including PPM I/O; codec_* fields are resident timing
chat_preview,photo,kodak_02,768,512,512,341,CAPS,"q=38,tile=64",9522,0.43630865102639294,8.049417000009385,7.718582999999057,3.62308,3.82146,30.6642244382655,0.8018939652384738,0.9378780226834343,0.9554541130340518,0.9744673431618103,subprocess wall time including PPM I/O; codec_* fields are resident timing
chat_preview,photo,kodak_02,768,512,512,341,CAPS,"q=39,tile=64",9557,0.4379123900293255,7.451250000002574,8.097833000007881,3.47612,3.98546,30.691376040221478,0.8023497987934781,0.9381772430859799,0.9556669205562931,0.9746010572225544,subprocess wall time including PPM I/O; codec_* fields are resident timing
chat_preview,photo,kodak_02,768,512,512,341,CAPS,"q=40,tile=64",9652,0.44226539589442815,7.707917000004727,7.7497080000057394,3.56346,3.85279,30.752608272266748,0.8034066187006547,0.9386248029122882,0.9559065745593333,0.9750984639201775,subprocess wall time including PPM I/O; codec_* fields are resident timing
chat_preview,photo,kodak_02,768,512,512,341,CAPS,"q=41,tile=64",9996,0.45802785923753664,7.269875000005754,7.726916999999389,3.53204,3.951,30.8907735519856,0.8068477860290236,0.9409149152788655,0.9572861611986171,0.9761176074680838,subprocess wall time including PPM I/O; codec_* fields are resident timing
chat_preview,photo,kodak_02,768,512,512,341,CAPS,"q=42,tile=64",10098,0.4627016129032258,7.827040999998758,7.754042000001959,3.63867,3.93388,30.956046304050552,0.8084877398972568,0.9412912433128607,0.9575372926981418,0.9765896875187873,subprocess wall time including PPM I/O; codec_* fields are resident timing
chat_preview,photo,kodak_02,768,512,512,341,CAPS,"q=43,tile=64",10253,0.4698038856304985,8.093916999996509,7.7029159999995045,3.55917,3.90762,31.002527732136453,0.8104315799382102,0.9417144980820941,0.9579602029159853,0.976786949141809,subprocess wall time including PPM I/O; codec_* fields are resident timing
chat_preview,photo,kodak_02,768,512,512,341,CAPS,"q=44,tile=64",10494,0.4808467741935484,7.875292000008471,7.928832999994029,3.67604,4.08571,31.063026908671798,0.81268537775953,0.9423748592435292,0.9582221552982041,0.9771702384883897,subprocess wall time including PPM I/O; codec_* fields are resident timing
chat_preview,photo,kodak_02,768,512,512,341,CAPS,"q=45,tile=64",10514,0.4817631964809384,7.3833339999964664,7.926333999989765,3.51875,3.98637,31.10977440121195,0.8131066056927222,0.942579371297597,0.9582770499822028,0.9774004681406421,subprocess wall time including PPM I/O; codec_* fields are resident timing
chat_preview,photo,kodak_02,768,512,512,341,CAPS,"q=46,tile=64",10592,0.48533724340175954,7.709833000006938,7.739291999996567,3.61062,3.92167,31.177463301697404,0.8146983647068442,0.9432318304171088,0.9590157187261483,0.9778156064765139,subprocess wall time including PPM I/O; codec_* fields are resident timing
chat_preview,photo,kodak_02,768,512,512,341,CAPS,"q=47,tile=64",10798,0.4947763929618768,7.840415999993411,8.048000000002276,3.66375,4.05821,31.262816440252806,0.818227486564342,0.9475204210625946,0.9615808735126868,0.979261850469959,subprocess wall time including PPM I/O; codec_* fields are resident timing
chat_preview,photo,kodak_02,768,512,512,341,CAPS,"q=48,tile=64",11141,0.5104930351906158,7.89179100000581,7.9340420000022505,3.73525,3.99796,31.33969287960239,0.8217887224902912,0.9482568977036893,0.9623770776848026,0.979698178490071,subprocess wall time including PPM I/O; codec_* fields are resident timing
chat_preview,photo,kodak_02,768,512,512,341,CAPS,"q=49,tile=64",11166,0.5116385630498533,7.820417000004909,7.807749999997782,3.81596,4.00667,31.370262166799634,0.8223237856708643,0.9484488009225992,0.9626108536382565,0.979809794898631,subprocess wall time including PPM I/O; codec_* fields are resident timing
chat_preview,photo,kodak_02,768,512,512,341,CAPS,"q=50,tile=64",11422,0.5233687683284457,8.829583999997226,9.11945800000069,4.06067,4.27537,31.44237127115174,0.824765414548534,0.949208764659566,0.9628069807699546,0.980134364392944,subprocess wall time including PPM I/O; codec_* fields are resident timing
chat_preview,photo,kodak_02,768,512,512,341,CAPS,"q=51,tile=64",11506,0.5272177419354839,7.8533749999962765,7.895374999989713,3.60858,3.90046,31.4920907906593,0.8261724000749474,0.9499108465052055,0.9636355639966826,0.980471400647668,subprocess wall time including PPM I/O; codec_* fields are resident timing
chat_preview,photo,kodak_02,768,512,512,341,CAPS,"q=52,tile=64",11667,0.5345949413489736,7.592541000008168,7.940707999992469,3.62812,3.97325,31.54344554227173,0.8278331903616878,0.9502886570142381,0.9638744026193441,0.9807292398981073,subprocess wall time including PPM I/O; codec_* fields are resident timing
chat_preview,photo,kodak_02,768,512,512,341,CAPS,"q=53,tile=64",12026,0.5510447214076246,7.506708999997613,7.649416999996106,3.60262,3.98225,31.55919239275414,0.8293659941063805,0.9512921861757194,0.9642965943873197,0.9810207778587845,subprocess wall time including PPM I/O; codec_* fields are resident timing
chat_preview,photo,kodak_02,768,512,512,341,CAPS,"q=54,tile=64",12306,0.563874633431085,8.070541000009257,7.9570830000079695,3.87796,4.15533,31.593885803585174,0.8312269860808934,0.9516167903286096,0.9646175549495298,0.9812039901217623,subprocess wall time including PPM I/O; codec_* fields are resident timing
chat_preview,photo,kodak_02,768,512,512,341,CAPS,"q=55,tile=64",12524,0.5738636363636364,7.549667000006366,7.602417000001083,3.71425,3.91325,31.65896909487551,0.8332509823756397,0.9522126115344277,0.9651291829252544,0.9815408704509374,subprocess wall time including PPM I/O; codec_* fields are resident timing
chat_preview,photo,kodak_02,768,512,512,341,CAPS,"q=56,tile=64",12700,0.5819281524926686,7.54212500000051,7.682625000001053,3.64421,3.9945,31.746415617502915,0.8353003524416401,0.9534395476976522,0.9658750830447588,0.9819362853878262,subprocess wall time including PPM I/O; codec_* fields are resident timing
chat_preview,photo,kodak_02,768,512,512,341,CAPS,"q=57,tile=64",13086,0.5996151026392962,7.718667000006008,7.95029100000022,3.72046,4.07379,31.820739773298172,0.8376175143552741,0.9539944783437212,0.96620730014125,0.9822509238276561,subprocess wall time including PPM I/O; codec_* fields are resident timing
chat_preview,photo,kodak_02,768,512,512,341,CAPS,"q=58,tile=64",13190,0.6043804985337243,7.962082999995346,7.773459000020466,3.79058,4.02171,31.852095066735373,0.8383142450257792,0.954146539064606,0.9663568654213245,0.9823582898373794,subprocess wall time including PPM I/O; codec_* fields are resident timing
chat_preview,photo,kodak_02,768,512,512,341,CAPS,"q=59,tile=64",13885,0.6362261730205279,8.849207999986675,8.358415999992985,4.10446,4.43125,32.15174535457498,0.8445270343254846,0.9580049099350241,0.969448363177273,0.983640826157724,subprocess wall time including PPM I/O; codec_* fields are resident timing
chat_preview,photo,kodak_02,768,512,512,341,CAPS,"q=60,tile=64",13925,0.6380590175953079,7.670165999996925,7.948333999991064,3.71237,4.06117,32.20337928823681,0.8452347769026168,0.958292534741012,0.9695252633650561,0.9838436987507957,subprocess wall time including PPM I/O; codec_* fields are resident timing
chat_preview,photo,kodak_02,768,512,512,341,CAPS,"q=61,tile=64",14229,0.6519886363636364,7.559208999992961,8.553374999991092,3.67846,4.12737,32.303027969042176,0.8486637008422049,0.9593128623892092,0.970595868627381,0.9843147375276782,subprocess wall time including PPM I/O; codec_* fields are resident timing
chat_preview,photo,kodak_02,768,512,512,341,CAPS,"q=62,tile=64",14475,0.6632606304985337,7.9079580000041005,8.025709000008874,3.79208,4.13746,32.36807442706112,0.8499122526936179,0.9598289189530439,0.9707649047287663,0.9845848726169297,subprocess wall time including PPM I/O; codec_* fields are resident timing
chat_preview,photo,kodak_02,768,512,512,341,CAPS,"q=63,tile=64",14730,0.6749450146627566,7.650541999993266,8.030375000004142,3.77142,4.14008,32.43103562743221,0.8519750562608642,0.9602747664308287,0.9711857545815399,0.9848011845156959,subprocess wall time including PPM I/O; codec_* fields are resident timing
chat_preview,photo,kodak_02,768,512,512,341,CAPS,"q=64,tile=64",15074,0.6907074780058651,7.527124999995749,8.122249999985343,3.82692,4.21567,32.50180225885699,0.8540071528249316,0.9607768693454238,0.9717446034936648,0.9850847341566834,subprocess wall time including PPM I/O; codec_* fields are resident timing
chat_preview,photo,kodak_02,768,512,512,341,CAPS,"q=65,tile=64",15836,0.7256231671554252,8.301541999998108,7.954415999989806,3.84762,4.11783,32.61272285176451,0.8574999653961579,0.9622630081754605,0.9726095869722177,0.9855263568044789,subprocess wall time including PPM I/O; codec_* fields are resident timing
chat_preview,photo,kodak_02,768,512,512,341,CAPS,"q=66,tile=64",15895,0.7283266129032258,8.03508300000999,7.931916999979194,3.8635,4.18904,32.70727394268337,0.8593309863074583,0.9630654759921037,0.9735025520288096,0.9858275605413185,subprocess wall time including PPM I/O; codec_* fields are resident timing
chat_preview,photo,kodak_02,768,512,512,341,CAPS,"q=67,tile=64",16241,0.7441807184750733,7.984582999995382,8.03070899999625,3.83733,4.0715,32.7765813384336,0.8618964712448904,0.9636819060505544,0.9740460756180894,0.9860006265704353,subprocess wall time including PPM I/O; codec_* fields are resident timing
chat_preview,photo,kodak_02,768,512,512,341,CAPS,"q=68,tile=64",16554,0.7585227272727273,8.109500000017533,7.959333999991713,3.86983,4.02612,32.847821886352634,0.8635101585873729,0.9643806634289095,0.9743097414889246,0.9862585285582893,subprocess wall time including PPM I/O; codec_* fields are resident timing
chat_preview,photo,kodak_02,768,512,512,341,CAPS,"q=69,tile=64",17204,0.7883064516129032,8.04924999999912,8.167750000012575,3.89746,4.17854,32.93894240843062,0.8670196111682045,0.9650219469536291,0.9747686619845483,0.9864347535901182,subprocess wall time including PPM I/O; codec_* fields are resident timing
chat_preview,photo,kodak_02,768,512,512,341,CAPS,"q=70,tile=64",17382,0.7964626099706745,8.062624999979562,8.3607910000012,4.10037,4.48158,32.99856799022755,0.868289637526801,0.9654053536390452,0.9750442503167343,0.9865918015615266,subprocess wall time including PPM I/O; codec_* fields are resident timing
chat_preview,photo,kodak_02,768,512,512,341,CAPS,"q=71,tile=64",18380,0.8421920821114369,8.210125000005064,7.806334000008519,3.97267,4.1525,33.11375309718661,0.874433336962228,0.9688280493839656,0.9777793748715139,0.9874306023352443,subprocess wall time including PPM I/O; codec_* fields are resident timing
chat_preview,photo,kodak_02,768,512,512,341,CAPS,"q=72,tile=64",18562,0.8505315249266863,7.951875000003383,7.890333999995391,3.86958,4.16688,33.121158791842156,0.8748526966380067,0.9689792216796965,0.9777594971540083,0.9874556739495093,subprocess wall time including PPM I/O; codec_* fields are resident timing
chat_preview,photo,kodak_02,768,512,512,341,CAPS,"q=73,tile=64",18686,0.8562133431085044,8.126833000005718,7.897457999973767,3.84683,4.18329,33.17920622142536,0.8757095233020801,0.9691697829289696,0.9779732742915461,0.9875842738821142,subprocess wall time including PPM I/O; codec_* fields are resident timing
chat_preview,photo,kodak_02,768,512,512,341,CAPS,"q=74,tile=64",19705,0.9029050586510264,7.826750000020866,7.873667000012574,3.85104,4.20792,33.311315224978514,0.8800093560124624,0.9701460092342759,0.9788218963818545,0.9879001608589822,subprocess wall time including PPM I/O; codec_* fields are resident timing
chat_preview,photo,kodak_02,768,512,512,341,CAPS,"q=75,tile=64",20065,0.919400659824047,8.487999999999829,8.560750000015105,4.15454,4.40225,33.395197341333066,0.8818929974834008,0.9707564069892464,0.9791737937151537,0.9881712273643478,subprocess wall time including PPM I/O; codec_* fields are resident timing
chat_preview,photo,kodak_02,768,512,512,341,CAPS,"q=76,tile=64",20592,0.9435483870967742,7.8562090000104945,8.313166999982968,4.01167,4.33871,33.527254095671225,0.8857270689467683,0.9716930605777473,0.9802174006775779,0.9884828400269148,subprocess wall time including PPM I/O; codec_* fields are resident timing
chat_preview,photo,kodak_02,768,512,512,341,CAPS,"q=77,tile=64",21470,0.9837793255131965,8.199915999995255,8.457625000005464,4.03637,4.33517,33.62548788800224,0.8882636262039297,0.9731493583676657,0.9809673877257258,0.9891109068585385,subprocess wall time including PPM I/O; codec_* fields are resident timing
chat_preview,photo,kodak_02,768,512,512,341,CAPS,"q=78,tile=64",22168,1.0157624633431086,8.317415999982813,8.176958999996486,4.08462,4.30258,33.71374651682578,0.8909697602403138,0.9734525548346237,0.9812403208899956,0.9893380604183404,subprocess wall time including PPM I/O; codec_* fields are resident timing
chat_preview,photo,kodak_02,768,512,512,341,CAPS,"q=79,tile=64",22907,1.04962426686217,8.581249999991769,8.28262499999255,4.14025,4.28083,33.84299234602912,0.8937635939408833,0.9742168977223346,0.9820519851167079,0.9896500986332996,subprocess wall time including PPM I/O; codec_* fields are resident timing
chat_preview,photo,kodak_02,768,512,512,341,CAPS,"q=80,tile=64",24179,1.107908724340176,8.250625000016498,8.434167000018533,4.20808,4.49875,34.006284611731125,0.898199885937801,0.9756372137872561,0.9826270963043054,0.9901185836840672,subprocess wall time including PPM I/O; codec_* fields are resident timing
chat_preview,photo,kodak_02,768,512,512,341,CAPS,"q=81,tile=64",24575,1.1260538856304985,8.05154200000402,8.543916999997236,4.17229,4.41113,34.132982211628644,0.9008204068656614,0.9765046633886607,0.9836052723127313,0.9904815225028932,subprocess wall time including PPM I/O; codec_* fields are resident timing
chat_preview,photo,kodak_02,768,512,512,341,CAPS,"q=82,tile=64",25312,1.1598240469208212,11.886959000008801,8.55904199997326,4.2225,4.37796,34.249019646463665,0.9032514815089385,0.9767907225770728,0.9839088377417387,0.9906569405757665,subprocess wall time including PPM I/O; codec_* fields are resident timing
chat_preview,photo,kodak_02,768,512,512,341,CAPS,"q=83,tile=64",26682,1.2225989736070382,8.046374999992167,8.739000000019814,4.28412,4.66512,34.58934119507389,0.9077257758934102,0.9791620935732944,0.9857907073307545,0.9913183002157864,subprocess wall time including PPM I/O; codec_* fields are resident timing
chat_preview,photo,kodak_02,768,512,512,341,CAPS,"q=84,tile=64",28169,1.2907349706744868,8.207209000005378,8.844915999986824,4.24267,4.56879,34.73240226665454,0.9112525559782703,0.9799001530698496,0.9865592138161318,0.9915814810756153,subprocess wall time including PPM I/O; codec_* fields are resident timing
chat_preview,photo,kodak_02,768,512,512,341,CAPS,"q=85,tile=64",29050,1.3311033724340176,8.940499999994245,9.431374999991249,4.66704,4.79883,34.93853209279048,0.9139884871213878,0.9806283304067511,0.9869350117547858,0.9919347022239766,subprocess wall time including PPM I/O; codec_* fields are resident timing
chat_preview,photo,kodak_02,768,512,512,341,CAPS,"q=86,tile=64",30717,1.4074871700879765,8.668625000012753,8.445709000000079,4.37162,4.51608,35.150260294625646,0.9185396699994671,0.98163684330212,0.9878427389597834,0.9922077023877879,subprocess wall time including PPM I/O; codec_* fields are resident timing
chat_preview,photo,kodak_02,768,512,512,341,CAPS,"q=87,tile=64",31196,1.4294354838709677,9.143874999978152,8.794333999986748,4.38971,4.55187,35.28065128404912,0.9206384002925608,0.9820827483234399,0.988294074126888,0.9924166392533401,subprocess wall time including PPM I/O; codec_* fields are resident timing
chat_preview,photo,kodak_02,768,512,512,341,CAPS,"q=88,tile=64",32933,1.5090267595307918,8.586041999990357,8.545542000007345,4.46,4.55521,35.4486384793059,0.9240379876043265,0.9827607282529836,0.9885901335336111,0.9927602106609551,subprocess wall time including PPM I/O; codec_* fields are resident timing
chat_preview,photo,kodak_02,768,512,512,341,CAPS,"q=89,tile=64",35538,1.6283907624633431,8.639084000009234,8.821000000011736,4.54271,4.66033,35.516355691615104,0.9259035793071572,0.9835256232138883,0.9889664527266766,0.9929292338131808,subprocess wall time including PPM I/O; codec_* fields are resident timing
chat_preview,photo,kodak_02,768,512,512,341,CAPS,"q=90,tile=64",36471,1.671141862170088,10.336458000011817,9.822166999981619,5.48438,5.03883,35.73134455223841,0.9291734146429204,0.9842580908291388,0.9894777183436715,0.9932033758061881,subprocess wall time including PPM I/O; codec_* fields are resident timing
chat_preview,photo,kodak_02,768,512,512,341,CAPS,"q=91,tile=64",38609,1.769107404692082,8.76008299999853,8.50658300001328,4.75696,4.78592,35.93399480665095,0.933520437333486,0.985287467343364,0.9906232707011279,0.9935547714665234,subprocess wall time including PPM I/O; codec_* fields are resident timing
chat_preview,photo,kodak_02,768,512,512,341,CAPS,"q=92,tile=64",39870,1.8268878299120235,9.198083000001134,8.443875000011758,4.69025,4.74271,36.15345134302191,0.9363273309873087,0.9859564807801409,0.9910698661518005,0.993875687294673,subprocess wall time including PPM I/O; codec_* fields are resident timing
chat_preview,photo,kodak_02,768,512,512,341,CAPS,"q=93,tile=64",42811,1.9616477272727273,9.086541999977271,9.338666000019202,5.03704,5.30725,36.390415286941774,0.9401776560505667,0.9866981828950153,0.9915705481231428,0.9941572504960143,subprocess wall time including PPM I/O; codec_* fields are resident timing
chat_preview,photo,kodak_02,768,512,512,341,CAPS,"q=94,tile=64",45082,2.0657074780058653,8.800375000021177,8.633040999995956,4.86904,4.94108,36.58826641365425,0.9433318562454893,0.9872878809961229,0.9922432641516156,0.9943865935905499,subprocess wall time including PPM I/O; codec_* fields are resident timing
chat_preview,photo,kodak_02,768,512,512,341,CAPS,"q=95,tile=64",56398,2.5842192082111435,12.345500000009224,11.808334000022569,8.31075,7.22325,39.20921960009776,0.9563371548192546,0.9913701564227666,0.9935103902245865,0.9972004469373409,subprocess wall time including PPM I/O; codec_* fields are resident timing
chat_preview,photo,kodak_02,768,512,512,341,CAPS,"q=96,tile=64",59218,2.713434750733138,12.140999999985524,12.085124999998698,7.88012,8.10771,39.88015237885191,0.9617617496445577,0.9926026238078202,0.9946678411111902,0.9976057531301391,subprocess wall time including PPM I/O; codec_* fields are resident timing
chat_preview,photo,kodak_02,768,512,512,341,CAPS,"q=97,tile=64",64135,2.9387371700879767,11.826208000002225,11.58337500001494,7.77904,7.37875,40.30595225585523,0.964889086253543,0.9931260237933704,0.9950962632723148,0.9978248895093351,subprocess wall time including PPM I/O; codec_* fields are resident timing
chat_preview,photo,kodak_02,768,512,512,341,CAPS,"q=98,tile=64",68668,3.1464442815249267,12.200500000005832,11.496833999984801,7.85637,7.41471,40.8769636400433,0.968320687464006,0.9936443271230404,0.9955200370004826,0.9980471623073527,subprocess wall time including PPM I/O; codec_* fields are resident timing
chat_preview,photo,kodak_02,768,512,512,341,CAPS,"q=99,tile=64",78896,3.615102639296188,12.263084000011304,11.908333000008042,8.26983,7.79529,41.48146683336008,0.9721611748532416,0.9945743219169664,0.9961726284796052,0.9983151639841548,subprocess wall time including PPM I/O; codec_* fields are resident timing
chat_preview,photo,kodak_02,768,512,512,341,CAPS,"q=100,tile=64",241350,11.058925953079179,17.126165999997056,18.204624999981434,12.7709,13.4787,99.0,1.0,1.0,1.0,1.0,subprocess wall time including PPM I/O; codec_* fields are resident timing
chat_preview,photo,kodak_02,768,512,512,341,JPEG,"seq420,q=1",1679,0.07693365102639296,0.6605419999914375,0.3769999999860829,nan,nan,21.657882176256024,0.4270720863558924,0.573805478973599,0.6298042180312177,0.7170793821957131,Pillow wall time including file I/O
chat_preview,photo,kodak_02,768,512,512,341,JPEG,"prog420,q=1",1917,0.08783907624633432,0.8822910000105821,0.7258750000005421,nan,nan,21.657882176256024,0.4270720863558924,0.573805478973599,0.6298042180312177,0.7170793821957131,Pillow wall time including file I/O
chat_preview,photo,kodak_02,768,512,512,341,JPEG,"seq444,q=1",2808,0.12866568914956011,0.8447909999915737,0.5047079999940252,nan,nan,21.76451537720483,0.43275150611204877,0.5817420759142973,0.6314089921839279,0.7315948495012646,Pillow wall time including file I/O
chat_preview,photo,kodak_02,768,512,512,341,JPEG,"prog444,q=1",3154,0.14451979472140764,1.2678329999857851,0.968457999988459,nan,nan,21.76451537720483,0.43275150611204877,0.5817420759142973,0.6314089921839279,0.7315948495012646,Pillow wall time including file I/O
chat_preview,photo,kodak_02,768,512,512,341,JPEG,"seq420,q=2",1679,0.07693365102639296,0.6283330000087517,0.46541700001512254,nan,nan,21.658264602053464,0.42707518638804776,0.573802642152743,0.6298088412603544,0.717077692855136,Pillow wall time including file I/O
chat_preview,photo,kodak_02,768,512,512,341,JPEG,"prog420,q=2",1917,0.08783907624633432,0.8012920000055601,0.5829169999742589,nan,nan,21.658264602053464,0.42707518638804776,0.573802642152743,0.6298088412603544,0.717077692855136,Pillow wall time including file I/O
chat_preview,photo,kodak_02,768,512,512,341,JPEG,"seq444,q=2",2808,0.12866568914956011,0.8563330000015412,0.49225000000774344,nan,nan,21.76492400366339,0.43275596005108796,0.5817404512777085,0.6314134204283828,0.731593864573647,Pillow wall time including file I/O
chat_preview,photo,kodak_02,768,512,512,341,JPEG,"prog444,q=2",3154,0.14451979472140764,1.811833000004981,1.122332999983655,nan,nan,21.76492400366339,0.43275596005108796,0.5817404512777085,0.6314134204283828,0.731593864573647,Pillow wall time including file I/O
chat_preview,photo,kodak_02,768,512,512,341,JPEG,"seq420,q=3",1737,0.07959127565982405,0.6427499999972497,0.45579199999679076,nan,nan,21.75243781423831,0.4365616505912961,0.5806238379078547,0.6386494718893161,0.7238524803332356,Pillow wall time including file I/O
chat_preview,photo,kodak_02,768,512,512,341,JPEG,"prog420,q=3",2021,0.09260447214076246,0.8317909999959738,0.5971669999951246,nan,nan,21.75243781423831,0.4365616505912961,0.5806238379078547,0.6386494718893161,0.7238524803332356,Pillow wall time including file I/O
chat_preview,photo,kodak_02,768,512,512,341,JPEG,"seq444,q=3",2867,0.1313691348973607,0.8648330000085025,0.4888330000198948,nan,nan,21.885569006044157,0.44289467196900495,0.589028165729592,0.6399992753427722,0.7385220075171889,Pillow wall time including file I/O
chat_preview,photo,kodak_02,768,512,512,341,JPEG,"prog444,q=3",3258,0.14928519061583578,1.218458000010969,0.9392080000054648,nan,nan,21.885569006044157,0.44289467196900495,0.589028165729592,0.6399992753427722,0.7385220075171889,Pillow wall time including file I/O
chat_preview,photo,kodak_02,768,512,512,341,JPEG,"seq420,q=4",1829,0.08380681818181818,0.5956250000167529,0.44466600002124324,nan,nan,24.651716528838854,0.600698103266744,0.7444307727970673,0.825240726949641,0.8409983913075411,Pillow wall time including file I/O
chat_preview,photo,kodak_02,768,512,512,341,JPEG,"prog420,q=4",2238,0.10254765395894429,3.2474579999757225,0.6085830000017722,nan,nan,24.651716528838854,0.600698103266744,0.7444307727970673,0.825240726949641,0.8409983913075411,Pillow wall time including file I/O
chat_preview,photo,kodak_02,768,512,512,341,JPEG,"seq444,q=4",2945,0.13494318181818182,0.846916999989844,0.49025000001279295,nan,nan,24.989905437523557,0.6083682724632159,0.7606884792702983,0.8257109384591974,0.8571955492891056,Pillow wall time including file I/O
chat_preview,photo,kodak_02,768,512,512,341,JPEG,"prog444,q=4",3486,0.1597324046920821,1.2214169999822388,0.7809580000071037,nan,nan,24.989905437523557,0.6083682724632159,0.7606884792702983,0.8257109384591974,0.8571955492891056,Pillow wall time including file I/O
chat_preview,photo,kodak_02,768,512,512,341,JPEG,"seq420,q=5",2122,0.09723240469208211,0.5988340000158132,0.4694170000050235,nan,nan,23.456977975273325,0.5430756424030772,0.67752218867763,0.7917320885320718,0.8120734213663846,Pillow wall time including file I/O
chat_preview,photo,kodak_02,768,512,512,341,JPEG,"prog420,q=5",2570,0.11776026392961877,0.8276249999994434,0.6281659999842759,nan,nan,23.456977975273325,0.5430756424030772,0.67752218867763,0.7917320885320718,0.8120734213663846,Pillow wall time including file I/O
chat_preview,photo,kodak_02,768,512,512,341,JPEG,"seq444,q=5",3342,0.1531341642228739,0.848791999999321,0.3632080000102178,nan,nan,23.745644161405266,0.5378601125184631,0.6789200791321793,0.7965643820888514,0.822856620860538,Pillow wall time including file I/O
chat_preview,photo,kodak_02,768,512,512,341,JPEG,"prog444,q=5",3825,0.1752657624633431,1.2137919999872793,0.9110830000054193,nan,nan,23.745644161405266,0.5378601125184631,0.6789200791321793,0.7965643820888514,0.822856620860538,Pillow wall time including file I/O
chat_preview,photo,kodak_02,768,512,512,341,JPEG,"seq420,q=6",2414,0.11061217008797654,0.6006250000041291,0.4676659999915955,nan,nan,25.061404534569668,0.6110850379726324,0.7597453568906521,0.8822708737441546,0.8651683520521091,Pillow wall time including file I/O
chat_preview,photo,kodak_02,768,512,512,341,JPEG,"prog420,q=6",2855,0.1308192815249267,3.3320000000003347,0.6051670000033482,nan,nan,25.061404534569668,0.6110850379726324,0.7597453568906521,0.8822708737441546,0.8651683520521091,Pillow wall time including file I/O
chat_preview,photo,kodak_02,768,512,512,341,JPEG,"seq444,q=6",3635,0.16655975073313783,0.8968749999951342,0.49633300000095915,nan,nan,25.979414571372395,0.6328887422052004,0.7911360490749169,0.8834000954826502,0.8976975432841902,Pillow wall time including file I/O
chat_preview,photo,kodak_02,768,512,512,341,JPEG,"prog444,q=6",4129,0.18919538123167157,1.2235830000122405,0.9539169999754904,nan,nan,25.979414571372395,0.6328887422052004,0.7911360490749169,0.8834000954826502,0.8976975432841902,Pillow wall time including file I/O
chat_preview,photo,kodak_02,768,512,512,341,JPEG,"seq420,q=7",2705,0.12394611436950147,0.6193749999852116,0.3688749999923857,nan,nan,25.75940804908109,0.6089857193290561,0.7567571165485808,0.8608195553458851,0.8819542133840718,Pillow wall time including file I/O
chat_preview,photo,kodak_02,768,512,512,341,JPEG,"prog420,q=7",3107,0.14236620234604105,0.9107920000133163,0.7587080000064361,nan,nan,25.75940804908109,0.6089857193290561,0.7567571165485808,0.8608195553458851,0.8819542133840718,Pillow wall time including file I/O
chat_preview,photo,kodak_02,768,512,512,341,JPEG,"seq444,q=7",4027,0.1845216275659824,0.8869580000236965,0.5127080000022488,nan,nan,26.39636455723254,0.6176494794380063,0.7737235267999932,0.8655681649464989,0.907260601025973,Pillow wall time including file I/O
chat_preview,photo,kodak_02,768,512,512,341,JPEG,"prog444,q=7",4553,0.20862353372434017,1.291874999992615,0.8218339999928048,nan,nan,26.39636455723254,0.6176494794380063,0.7737235267999932,0.8655681649464989,0.907260601025973,Pillow wall time including file I/O
chat_preview,photo,kodak_02,768,512,512,341,JPEG,"seq420,q=8",2940,0.1347140762463343,0.6099170000197773,0.46970799999712654,nan,nan,26.623000312884994,0.6601971343455163,0.8249580908962537,0.9045690148040114,0.9088405232697183,Pillow wall time including file I/O
chat_preview,photo,kodak_02,768,512,512,341,JPEG,"prog420,q=8",3413,0.15638746334310852,0.8834999999862703,0.7457920000035756,nan,nan,26.623000312884994,0.6601971343455163,0.8249580908962537,0.9045690148040114,0.9088405232697183,Pillow wall time including file I/O
chat_preview,photo,kodak_02,768,512,512,341,JPEG,"seq444,q=8",4261,0.19524376832844575,0.8920829999965463,0.5105420000006688,nan,nan,27.302368229982527,0.6727254272115101,0.8426595927871827,0.9058718506022175,0.9287723728799474,Pillow wall time including file I/O
chat_preview,photo,kodak_02,768,512,512,341,JPEG,"prog444,q=8",4833,0.2214534457478006,1.2693339999998443,0.9780409999962103,nan,nan,27.302368229982527,0.6727254272115101,0.8426595927871827,0.9058718506022175,0.9287723728799474,Pillow wall time including file I/O
chat_preview,photo,kodak_02,768,512,512,341,JPEG,"seq420,q=9",3289,0.1507056451612903,0.6148329999859925,0.3422500000169748,nan,nan,26.54845895084555,0.63658891141507,0.7905282193782538,0.8890279744224243,0.908175478054916,Pillow wall time including file I/O
chat_preview,photo,kodak_02,768,512,512,341,JPEG,"prog420,q=9",3815,0.1748075513196481,0.9309589999872969,0.7457920000035756,nan,nan,26.54845895084555,0.63658891141507,0.7905282193782538,0.8890279744224243,0.908175478054916,Pillow wall time including file I/O
chat_preview,photo,kodak_02,768,512,512,341,JPEG,"seq444,q=9",4750,0.21765029325513197,0.8819999999900574,0.5219999999894753,nan,nan,27.217873780903787,0.6464391105842648,0.810380490390728,0.8917454034204306,0.9240005264500407,Pillow wall time including file I/O
chat_preview,photo,kodak_02,768,512,512,341,JPEG,"prog444,q=9",5334,0.24440982404692083,1.3605000000040945,0.8468329999971047,nan,nan,27.217873780903787,0.6464391105842648,0.810380490390728,0.8917454034204306,0.9240005264500407,Pillow wall time including file I/O
chat_preview,photo,kodak_02,768,512,512,341,JPEG,"seq420,q=10",3534,0.16193181818181818,0.640040999996927,0.501917000008234,nan,nan,27.23266749873378,0.6787091290009778,0.8402966290557209,0.9228416867551473,0.9259518561789362,Pillow wall time including file I/O
chat_preview,photo,kodak_02,768,512,512,341,JPEG,"prog420,q=10",4220,0.19336510263929618,0.9460420000095837,0.7521670000016911,nan,nan,27.23266749873378,0.6787091290009778,0.8402966290557209,0.9228416867551473,0.9259518561789362,Pillow wall time including file I/O
chat_preview,photo,kodak_02,768,512,512,341,JPEG,"seq444,q=10",4986,0.2284640762463343,0.8982500000058735,0.5194999999957872,nan,nan,28.130502467948762,0.6997610616520773,0.8658077507016794,0.9238940296111708,0.9450444960592058,Pillow wall time including file I/O
chat_preview,photo,kodak_02,768,512,512,341,JPEG,"prog444,q=10",5922,0.2713526392961877,1.2977920000025733,0.9520829999871694,nan,nan,28.130502467948762,0.6997610616520773,0.8658077507016794,0.9238940296111708,0.9450444960592058,Pillow wall time including file I/O
chat_preview,photo,kodak_02,768,512,512,341,JPEG,"seq420,q=11",3840,0.17595307917888564,0.6379590000165081,0.4969159999745898,nan,nan,27.49831382411207,0.6800725350779374,0.8403595153318033,0.9202204603797208,0.9289219812437374,Pillow wall time including file I/O
chat_preview,photo,kodak_02,768,512,512,341,JPEG,"prog420,q=11",4426,0.20280425219941348,0.9164999999882184,0.7679579999830821,nan,nan,27.49831382411207,0.6800725350779374,0.8403595153318033,0.9202204603797208,0.9289219812437374,Pillow wall time including file I/O
chat_preview,photo,kodak_02,768,512,512,341,JPEG,"seq444,q=11",5349,0.24509714076246333,0.8952080000028673,0.514791000000514,nan,nan,28.37312727369996,0.7002313716183046,0.86564460889938,0.9226877808872096,0.9482366571606137,Pillow wall time including file I/O
chat_preview,photo,kodak_02,768,512,512,341,JPEG,"prog444,q=11",6160,0.28225806451612906,1.3361249999945812,0.9867500000098062,nan,nan,28.37312727369996,0.7002313716183046,0.86564460889938,0.9226877808872096,0.9482366571606137,Pillow wall time including file I/O
chat_preview,photo,kodak_02,768,512,512,341,JPEG,"seq420,q=12",4179,0.19148643695014664,0.6282909999981712,0.4870420000031572,nan,nan,27.867105942402297,0.6921461431355044,0.8517442843593089,0.9325268299541771,0.9356800750630251,Pillow wall time including file I/O
chat_preview,photo,kodak_02,768,512,512,341,JPEG,"prog420,q=12",4709,0.2157716275659824,0.9294170000089252,0.7670000000246091,nan,nan,27.867105942402297,0.6921461431355044,0.8517442843593089,0.9325268299541771,0.9356800750630251,Pillow wall time including file I/O
chat_preview,photo,kodak_02,768,512,512,341,JPEG,"seq444,q=12",5759,0.2638837976539589,0.9259159999999156,0.535167000009551,nan,nan,28.721771591107593,0.7128484447462416,0.8746939550289454,0.9328787180832784,0.9524301589800389,Pillow wall time including file I/O
chat_preview,photo,kodak_02,768,512,512,341,JPEG,"prog444,q=12",6425,0.2944006598240469,1.3871249999795054,0.9865840000031767,nan,nan,28.721771591107593,0.7128484447462416,0.8746939550289454,0.9328787180832784,0.9524301589800389,Pillow wall time including file I/O
chat_preview,photo,kodak_02,768,512,512,341,JPEG,"seq420,q=13",4567,0.2092650293255132,0.6156660000158354,0.494916000008061,nan,nan,28.088057345625433,0.7025900717432109,0.8611040095394701,0.9345261820294845,0.9412484708895459,Pillow wall time including file I/O
chat_preview,photo,kodak_02,768,512,512,341,JPEG,"prog420,q=13",5117,0.234466642228739,0.9604170000159229,0.7929170000124941,nan,nan,28.088057345625433,0.7025900717432109,0.8611040095394701,0.9345261820294845,0.9412484708895459,Pillow wall time including file I/O
chat_preview,photo,kodak_02,768,512,512,341,JPEG,"seq444,q=13",6256,0.2866568914956012,0.9036670000170943,0.5319579999820689,nan,nan,29.000083304639258,0.7212259398772218,0.8838683528301924,0.9351190870339903,0.9571300784640495,Pillow wall time including file I/O
chat_preview,photo,kodak_02,768,512,512,341,JPEG,"prog444,q=13",6840,0.31341642228739003,1.3917079999998805,1.0105830000100013,nan,nan,29.000083304639258,0.7212259398772218,0.8838683528301924,0.9351190870339903,0.9571300784640495,Pillow wall time including file I/O
chat_preview,photo,kodak_02,768,512,512,341,JPEG,"seq420,q=14",4815,0.22062866568914957,0.6601249999960146,0.4942090000099597,nan,nan,28.443459462999613,0.7201119433753181,0.8795002950730764,0.9423478979520655,0.94842191271797,Pillow wall time including file I/O
chat_preview,photo,kodak_02,768,512,512,341,JPEG,"prog420,q=14",5341,0.24473057184750732,0.9782080000206861,0.7724159999895619,nan,nan,28.443459462999613,0.7201119433753181,0.8795002950730764,0.9423478979520655,0.94842191271797,Pillow wall time including file I/O
chat_preview,photo,kodak_02,768,512,512,341,JPEG,"seq444,q=14",6491,0.297424853372434,0.9859589999905438,0.4169169999954647,nan,nan,29.39509708672441,0.742385330396691,0.9026060497810532,0.9434847671869458,0.962810894691353,Pillow wall time including file I/O
chat_preview,photo,kodak_02,768,512,512,341,JPEG,"prog444,q=14",7135,0.32693365102639294,1.4729159999831154,1.0415000000136843,nan,nan,29.39509708672441,0.742385330396691,0.9026060497810532,0.9434847671869458,0.962810894691353,Pillow wall time including file I/O
chat_preview,photo,kodak_02,768,512,512,341,JPEG,"seq420,q=15",5132,0.23515395894428154,0.6559170000173253,0.5225419999987935,nan,nan,28.456126884253038,0.7190652671163521,0.8753277667278416,0.9416819606306202,0.9481191747710361,Pillow wall time including file I/O
chat_preview,photo,kodak_02,768,512,512,341,JPEG,"prog420,q=15",5615,0.2572855571847507,0.953750000007858,0.8194170000024315,nan,nan,28.456126884253038,0.7190652671163521,0.8753277667278416,0.9416819606306202,0.9481191747710361,Pillow wall time including file I/O
chat_preview,photo,kodak_02,768,512,512,341,JPEG,"seq444,q=15",6859,0.31428702346041054,0.9643329999846628,0.5666659999974399,nan,nan,29.359903433363428,0.7366289345867106,0.8937843404782976,0.9432866788121186,0.9612534775939169,Pillow wall time including file I/O
chat_preview,photo,kodak_02,768,512,512,341,JPEG,"prog444,q=15",7543,0.3456286656891496,1.4477500000111831,0.9841670000128033,nan,nan,29.359903433363428,0.7366289345867106,0.8937843404782976,0.9432866788121186,0.9612534775939169,Pillow wall time including file I/O
chat_preview,photo,kodak_02,768,512,512,341,JPEG,"seq420,q=16",5410,0.24789222873900293,0.8402919999923597,0.5557080000073711,nan,nan,28.638833679596033,0.7274496986183755,0.8816664015624097,0.9484545155754799,0.9517041833289931,Pillow wall time including file I/O
chat_preview,photo,kodak_02,768,512,512,341,JPEG,"prog420,q=16",5900,0.27034457478005863,1.064290999977402,0.8338330000015048,nan,nan,28.638833679596033,0.7274496986183755,0.8816664015624097,0.9484545155754799,0.9517041833289931,Pillow wall time including file I/O
chat_preview,photo,kodak_02,768,512,512,341,JPEG,"seq444,q=16",7264,0.33284457478005863,0.911750000000211,0.5643329999998059,nan,nan,29.622031728724387,0.7465581813549688,0.9017230448684059,0.9497148125298228,0.9645993276236031,Pillow wall time including file I/O
chat_preview,photo,kodak_02,768,512,512,341,JPEG,"prog444,q=16",7981,0.3656983137829912,1.4733750000175405,1.0269999999934498,nan,nan,29.622031728724387,0.7465581813549688,0.9017230448684059,0.9497148125298228,0.9645993276236031,Pillow wall time including file I/O
chat_preview,photo,kodak_02,768,512,512,341,JPEG,"seq420,q=17",5690,0.26072214076246336,0.6508330000087881,0.48616699999115554,nan,nan,28.893256975054168,0.7380374285281941,0.8938036053755765,0.9502219801745355,0.9562738178797952,Pillow wall time including file I/O
chat_preview,photo,kodak_02,768,512,512,341,JPEG,"prog420,q=17",6190,0.2836326979472141,1.0587920000091344,0.8219169999961196,nan,nan,28.893256975054168,0.7380374285281941,0.8938036053755765,0.9502219801745355,0.9562738178797952,Pillow wall time including file I/O
chat_preview,photo,kodak_02,768,512,512,341,JPEG,"seq444,q=17",7573,0.3470032991202346,0.9362079999846173,0.5495829999802027,nan,nan,29.918649924277187,0.7588328495481965,0.9140362096941037,0.9508592346619106,0.9687067924378678,Pillow wall time including file I/O
chat_preview,photo,kodak_02,768,512,512,341,JPEG,"prog444,q=17",8282,0.37949046920821117,1.4650420000066333,1.0294579999765574,nan,nan,29.918649924277187,0.7588328495481965,0.9140362096941037,0.9508592346619106,0.9687067924378678,Pillow wall time including file I/O
chat_preview,photo,kodak_02,768,512,512,341,JPEG,"seq420,q=18",5979,0.2739644428152493,0.6803750000017317,0.4822090000118351,nan,nan,29.022673516707304,0.7469355192821264,0.9001241344012127,0.9556076244929428,0.9577525881986197,Pillow wall time including file I/O
chat_preview,photo,kodak_02,768,512,512,341,JPEG,"prog420,q=18",6557,0.30044904692082114,1.0477090000051703,0.7962919999897622,nan,nan,29.022673516707304,0.7469355192821264,0.9001241344012127,0.9556076244929428,0.9577525881986197,Pillow wall time including file I/O
chat_preview,photo,kodak_02,768,512,512,341,JPEG,"seq444,q=18",7885,0.3612994868035191,0.9467080000149508,0.5526249999832089,nan,nan,30.069525623648126,0.7670752622615452,0.9196230535953319,0.9559745002571046,0.9700517812197899,Pillow wall time including file I/O
chat_preview,photo,kodak_02,768,512,512,341,JPEG,"prog444,q=18",8731,0.4000641495601173,1.480458000003182,1.0306249999985084,nan,nan,30.069525623648126,0.7670752622615452,0.9196230535953319,0.9559745002571046,0.9700517812197899,Pillow wall time including file I/O
chat_preview,photo,kodak_02,768,512,512,341,JPEG,"seq420,q=19",6255,0.2866110703812317,0.6517909999956828,0.5701670000064496,nan,nan,29.1258297443335,0.748510942267634,0.8996299261571691,0.9565293484937996,0.9583409787168733,Pillow wall time including file I/O
chat_preview,photo,kodak_02,768,512,512,341,JPEG,"prog420,q=19",6769,0.31016312316715544,1.034250000003567,0.6744590000096196,nan,nan,29.1258297443335,0.748510942267634,0.8996299261571691,0.9565293484937996,0.9583409787168733,Pillow wall time including file I/O
chat_preview,photo,kodak_02,768,512,512,341,JPEG,"seq444,q=19",8244,0.3777492668621701,0.9411659999898347,0.565749999992704,nan,nan,30.167135873000976,0.769209872888513,0.9194015777230226,0.9570108492462834,0.9706597879286166,Pillow wall time including file I/O
chat_preview,photo,kodak_02,768,512,512,341,JPEG,"prog444,q=19",8991,0.4119776392961877,1.5838330000121914,1.1003340000002026,nan,nan,30.167135873000976,0.769209872888513,0.9194015777230226,0.9570108492462834,0.9706597879286166,Pillow wall time including file I/O
chat_preview,photo,kodak_02,768,512,512,341,JPEG,"seq420,q=20",6545,0.2998991935483871,0.6957920000161266,0.5312920000051236,nan,nan,29.284778352663203,0.7560992379992443,0.9048727204115744,0.9581711509336512,0.9598693926680638,Pillow wall time including file I/O
chat_preview,photo,kodak_02,768,512,512,341,JPEG,"prog420,q=20",7002,0.3208394428152493,1.089707999994971,0.8860830000116948,nan,nan,29.284778352663203,0.7560992379992443,0.9048727204115744,0.9581711509336512,0.9598693926680638,Pillow wall time including file I/O
chat_preview,photo,kodak_02,768,512,512,341,JPEG,"seq444,q=20",8599,0.39401576246334313,1.0410839999792643,0.5809169999793085,nan,nan,30.335068883826363,0.7769884449040294,0.9253863168436599,0.9588344374884783,0.9724723580978156,Pillow wall time including file I/O
chat_preview,photo,kodak_02,768,512,512,341,JPEG,"prog444,q=20",9273,0.4248991935483871,1.5240419999997812,1.0891670000034992,nan,nan,30.335068883826363,0.7769884449040294,0.9253863168436599,0.9588344374884783,0.9724723580978156,Pillow wall time including file I/O
chat_preview,photo,kodak_02,768,512,512,341,JPEG,"seq420,q=21",6830,0.31295821114369504,0.6810410000070988,0.5221250000033706,nan,nan,29.49417235210827,0.7625346756465831,0.9113953764491672,0.95997787285769,0.9626012441893859,Pillow wall time including file I/O
chat_preview,photo,kodak_02,768,512,512,341,JPEG,"prog420,q=21",7320,0.3354105571847507,1.7781250000155069,0.919250000009697,nan,nan,29.49417235210827,0.7625346756465831,0.9113953764491672,0.95997787285769,0.9626012441893859,Pillow wall time including file I/O
chat_preview,photo,kodak_02,768,512,512,341,JPEG,"seq444,q=21",8927,0.4090450879765396,1.204167000025791,0.5681250000009186,nan,nan,30.53679270590754,0.7839512850088107,0.9306230312007813,0.9606640321745541,0.9743736357965137,Pillow wall time including file I/O
chat_preview,photo,kodak_02,768,512,512,341,JPEG,"prog444,q=21",9623,0.4409365835777126,1.5533340000217777,1.0339579999936177,nan,nan,30.53679270590754,0.7839512850088107,0.9306230312007813,0.9606640321745541,0.9743736357965137,Pillow wall time including file I/O
chat_preview,photo,kodak_02,768,512,512,341,JPEG,"seq420,q=22",7126,0.32652126099706746,0.8977920000177164,0.5612909999967997,nan,nan,29.604569787085417,0.7649158766676298,0.912788930807528,0.9621919537868018,0.9641431592616121,Pillow wall time including file I/O
chat_preview,photo,kodak_02,768,512,512,341,JPEG,"prog420,q=22",7627,0.3494776392961877,1.2449169999797505,0.9244999999964421,nan,nan,29.604569787085417,0.7649158766676298,0.912788930807528,0.9621919537868018,0.9641431592616121,Pillow wall time including file I/O
chat_preview,photo,kodak_02,768,512,512,341,JPEG,"seq444,q=22",9261,0.4243493401759531,1.0652919999927235,0.4885000000172113,nan,nan,30.601915467587467,0.7870659466463467,0.9316397219593417,0.9631727935861282,0.974835062536568,Pillow wall time including file I/O
chat_preview,photo,kodak_02,768,512,512,341,JPEG,"prog444,q=22",10004,0.45839442815249265,1.6610409999771036,1.1572079999950802,nan,nan,30.601915467587467,0.7870659466463467,0.9316397219593417,0.9631727935861282,0.974835062536568,Pillow wall time including file I/O
chat_preview,photo,kodak_02,768,512,512,341,JPEG,"seq420,q=23",7425,0.3402217741935484,0.7584170000143331,0.5540410000151041,nan,nan,29.78798521921449,0.7695255928479776,0.9169463991292396,0.9636273221188191,0.966536585167233,Pillow wall time including file I/O
chat_preview,photo,kodak_02,768,512,512,341,JPEG,"prog420,q=23",7932,0.36345307917888564,1.1601669999947717,0.9122089999777927,nan,nan,29.78798521921449,0.7695255928479776,0.9169463991292396,0.9636273221188191,0.966536585167233,Pillow wall time including file I/O
chat_preview,photo,kodak_02,768,512,512,341,JPEG,"seq444,q=23",9646,0.44199046920821117,1.0082080000017868,0.45820799999773953,nan,nan,30.787210160190824,0.792808388262818,0.9364928093997564,0.9645258668701807,0.976326332760355,Pillow wall time including file I/O
chat_preview,photo,kodak_02,768,512,512,341,JPEG,"prog444,q=23",10455,0.47905975073313783,1.5967919999866353,1.081749999997328,nan,nan,30.787210160190824,0.792808388262818,0.9364928093997564,0.9645258668701807,0.976326332760355,Pillow wall time including file I/O
chat_preview,photo,kodak_02,768,512,512,341,JPEG,"seq420,q=24",7692,0.3524560117302053,0.671415999988767,0.3833339999914642,nan,nan,29.91741726788275,0.7728859407935605,0.9191113197068596,0.9642939560894346,0.9678205459901749,Pillow wall time including file I/O
chat_preview,photo,kodak_02,768,512,512,341,JPEG,"prog420,q=24",8208,0.37609970674486803,1.0951249999777701,0.8462920000056329,nan,nan,29.91741726788275,0.7728859407935605,0.9191113197068596,0.9642939560894346,0.9678205459901749,Pillow wall time including file I/O
chat_preview,photo,kodak_02,768,512,512,341,JPEG,"seq444,q=24",9964,0.4565615835777126,1.0228339999969194,0.576375000008511,nan,nan,30.899364240484964,0.7975470318773726,0.9386534623310926,0.9655008806269564,0.9770078035460116,Pillow wall time including file I/O
chat_preview,photo,kodak_02,768,512,512,341,JPEG,"prog444,q=24",10811,0.49537206744868034,1.5406249999898591,1.090500000003658,nan,nan,30.899364240484964,0.7975470318773726,0.9386534623310926,0.9655008806269564,0.9770078035460116,Pillow wall time including file I/O
chat_preview,photo,kodak_02,768,512,512,341,JPEG,"seq420,q=25",7936,0.36363636363636365,0.7241250000049604,0.38658299999383416,nan,nan,30.049013021323482,0.7781066843209535,0.9227036669394867,0.9660330247441653,0.9689356819598138,Pillow wall time including file I/O
chat_preview,photo,kodak_02,768,512,512,341,JPEG,"prog420,q=25",8456,0.3874633431085044,1.1037080000164678,0.8284170000081303,nan,nan,30.049013021323482,0.7781066843209535,0.9227036669394867,0.9660330247441653,0.9689356819598138,Pillow wall time including file I/O
chat_preview,photo,kodak_02,768,512,512,341,JPEG,"seq444,q=25",10249,0.4696206011730205,0.9834999999895899,0.5752499999971405,nan,nan,31.005310153502208,0.8009293958305922,0.9405795726577665,0.9671561771459846,0.9774558663280029,Pillow wall time including file I/O
chat_preview,photo,kodak_02,768,512,512,341,JPEG,"prog444,q=25",11040,0.5058651026392962,1.604624999998805,1.0695839999925738,nan,nan,31.005310153502208,0.8009293958305922,0.9405795726577665,0.9671561771459846,0.9774558663280029,Pillow wall time including file I/O
chat_preview,photo,kodak_02,768,512,512,341,JPEG,"seq420,q=26",8219,0.37660373900293254,0.7001660000014454,0.5519999999989977,nan,nan,30.127516424576616,0.7795480809005003,0.9228169007044444,0.9663790093641915,0.9695335409643279,Pillow wall time including file I/O
chat_preview,photo,kodak_02,768,512,512,341,JPEG,"prog420,q=26",8755,0.40116385630498536,1.1767499999848496,0.9537089999867021,nan,nan,30.127516424576616,0.7795480809005003,0.9228169007044444,0.9663790093641915,0.9695335409643279,Pillow wall time including file I/O
chat_preview,photo,kodak_02,768,512,512,341,JPEG,"seq444,q=26",10583,0.484924853372434,0.9908750000136024,0.58320900001263,nan,nan,31.088110510503313,0.803268497498169,0.9410046601757162,0.967421571825567,0.9780387735204343,Pillow wall time including file I/O
chat_preview,photo,kodak_02,768,512,512,341,JPEG,"prog444,q=26",11397,0.5222232404692082,1.5637500000025284,1.0910000000023956,nan,nan,31.088110510503313,0.803268497498169,0.9410046601757162,0.967421571825567,0.9780387735204343,Pillow wall time including file I/O
chat_preview,photo,kodak_02,768,512,512,341,JPEG,"seq420,q=27",8506,0.3897543988269795,0.6967500000030213,0.5330829999934394,nan,nan,30.24696021410644,0.7862623507704702,0.9282963551664322,0.9688585747792356,0.9707936180055081,Pillow wall time including file I/O
chat_preview,photo,kodak_02,768,512,512,341,JPEG,"prog420,q=27",9034,0.41394794721407624,1.1284590000002481,0.8358750000070359,nan,nan,30.24696021410644,0.7862623507704702,0.9282963551664322,0.9688585747792356,0.9707936180055081,Pillow wall time including file I/O
chat_preview,photo,kodak_02,768,512,512,341,JPEG,"seq444,q=27",10970,0.5026576246334311,1.0080000000129985,0.5864160000044194,nan,nan,31.271150799518452,0.8106124482529914,0.9467071949290823,0.9693476681325196,0.9793010922983855,Pillow wall time including file I/O
chat_preview,photo,kodak_02,768,512,512,341,JPEG,"prog444,q=27",11749,0.5383522727272727,1.635999999990645,1.1014579999937268,nan,nan,31.271150799518452,0.8106124482529914,0.9467071949290823,0.9693476681325196,0.9793010922983855,Pillow wall time including file I/O
chat_preview,photo,kodak_02,768,512,512,341,JPEG,"seq420,q=28",8819,0.40409640762463345,0.7096669999953065,0.4275000000006912,nan,nan,30.34143900764288,0.7896822189497468,0.9294933154229307,0.9696697611719777,0.9714613128191453,Pillow wall time including file I/O
chat_preview,photo,kodak_02,768,512,512,341,JPEG,"prog420,q=28",9317,0.4269153225806452,1.13579200001368,0.8765419999861024,nan,nan,30.34143900764288,0.7896822189497468,0.9294933154229307,0.9696697611719777,0.9714613128191453,Pillow wall time including file I/O
chat_preview,photo,kodak_02,768,512,512,341,JPEG,"seq444,q=28",11339,0.5195656158357771,3.4495419999984733,0.4525410000155716,nan,nan,31.368721599809454,0.8129945773022671,0.947382869070775,0.9703386495520531,0.9800224687713404,Pillow wall time including file I/O
chat_preview,photo,kodak_02,768,512,512,341,JPEG,"prog444,q=28",12111,0.5549395161290323,1.6530419999867263,1.0877910000033353,nan,nan,31.368721599809454,0.8129945773022671,0.947382869070775,0.9703386495520531,0.9800224687713404,Pillow wall time including file I/O
chat_preview,photo,kodak_02,768,512,512,341,JPEG,"seq420,q=29",9057,0.41500183284457476,0.7225410000160082,0.5422909999879266,nan,nan,30.392470219819575,0.7920361713117515,0.9303233551785736,0.9702838039921627,0.9717379305978109,Pillow wall time including file I/O
chat_preview,photo,kodak_02,768,512,512,341,JPEG,"prog420,q=29",9586,0.4392412023460411,1.2227080000002388,0.7970000000057098,nan,nan,30.392470219819575,0.7920361713117515,0.9303233551785736,0.9702838039921627,0.9717379305978109,Pillow wall time including file I/O
chat_preview,photo,kodak_02,768,512,512,341,JPEG,"seq444,q=29",11698,0.5360153958944281,1.1225840000008702,0.5112499999881948,nan,nan,31.43380019881719,0.8157672303025226,0.9477202214877845,0.9708453960202246,0.9802472842531861,Pillow wall time including file I/O
chat_preview,photo,kodak_02,768,512,512,341,JPEG,"prog444,q=29",12502,0.5728555718475073,1.7971249999959582,1.201415999986466,nan,nan,31.43380019881719,0.8157672303025226,0.9477202214877845,0.9708453960202246,0.9802472842531861,Pillow wall time including file I/O
chat_preview,photo,kodak_02,768,512,512,341,JPEG,"seq420,q=30",9321,0.4270986070381232,0.7917909999832773,0.6061660000113989,nan,nan,30.497703957847946,0.7967911153738608,0.9341815938631676,0.9706982509124807,0.9727949838281932,Pillow wall time including file I/O
chat_preview,photo,kodak_02,768,512,512,341,JPEG,"prog420,q=30",9861,0.45184200879765396,1.2367500000038945,0.9268750000046566,nan,nan,30.497703957847946,0.7967911153738608,0.9341815938631676,0.9706982509124807,0.9727949838281932,Pillow wall time including file I/O
chat_preview,photo,kodak_02,768,512,512,341,JPEG,"seq444,q=30",12004,0.5500366568914956,1.0888749999935499,0.4939170000000104,nan,nan,31.56517341875068,0.8205416502118084,0.9518008401034818,0.9714464719105477,0.9812606177939934,Pillow wall time including file I/O
chat_preview,photo,kodak_02,768,512,512,341,JPEG,"prog444,q=30",12886,0.5904508797653959,1.778374999986454,1.153625000000602,nan,nan,31.56517341875068,0.8205416502118084,0.9518008401034818,0.9714464719105477,0.9812606177939934,Pillow wall time including file I/O
chat_preview,photo,kodak_02,768,512,512,341,JPEG,"seq420,q=31",9576,0.43878299120234604,0.7160000000112632,0.4029170000023896,nan,nan,30.58666613974114,0.7997846308811781,0.9357184452671655,0.9723287004043827,0.9733319341169561,Pillow wall time including file I/O
chat_preview,photo,kodak_02,768,512,512,341,JPEG,"prog420,q=31",10083,0.4620142961876833,1.197832999991988,0.8754590000137341,nan,nan,30.58666613974114,0.7997846308811781,0.9357184452671655,0.9723287004043827,0.9733319341169561,Pillow wall time including file I/O
chat_preview,photo,kodak_02,768,512,512,341,JPEG,"seq444,q=31",12312,0.5641495601173021,1.0492080000119586,0.6004999999902338,nan,nan,31.665010078781535,0.823322027535315,0.9531535270198376,0.9730459411732639,0.9818343810005162,Pillow wall time including file I/O
chat_preview,photo,kodak_02,768,512,512,341,JPEG,"prog444,q=31",13145,0.6023185483870968,1.6528749999906722,1.1216659999888634,nan,nan,31.665010078781535,0.823322027535315,0.9531535270198376,0.9730459411732639,0.9818343810005162,Pillow wall time including file I/O
chat_preview,photo,kodak_02,768,512,512,341,JPEG,"seq420,q=32",9896,0.4534457478005865,0.7881670000244867,0.5548329999953694,nan,nan,30.691619912319418,0.8036700810548849,0.9371104572792325,0.9739902104844484,0.9732786942268198,Pillow wall time including file I/O
chat_preview,photo,kodak_02,768,512,512,341,JPEG,"prog420,q=32",10385,0.4758522727272727,1.202541999987261,0.8660000000020318,nan,nan,30.691619912319418,0.8036700810548849,0.9371104572792325,0.9739902104844484,0.9732786942268198,Pillow wall time including file I/O
chat_preview,photo,kodak_02,768,512,512,341,JPEG,"seq444,q=32",12702,0.5820197947214076,1.0559579999949165,0.5955000000028576,nan,nan,31.792513700708493,0.8268202742044152,0.9546287908749037,0.9748679110877722,0.9826336652003671,Pillow wall time including file I/O
chat_preview,photo,kodak_02,768,512,512,341,JPEG,"prog444,q=32",13530,0.6199596774193549,1.7105830000048172,1.006499999988364,nan,nan,31.792513700708493,0.8268202742044152,0.9546287908749037,0.9748679110877722,0.9826336652003671,Pillow wall time including file I/O
chat_preview,photo,kodak_02,768,512,512,341,JPEG,"seq420,q=33",10221,0.4683376099706745,0.7333750000100281,0.5238330000167934,nan,nan,30.76487673278779,0.8064946636501165,0.937830794483253,0.9748902411670645,0.9732725051930557,Pillow wall time including file I/O
chat_preview,photo,kodak_02,768,512,512,341,JPEG,"prog420,q=33",10717,0.49106488269794724,1.242708000006587,0.7753750000176751,nan,nan,30.76487673278779,0.8064946636501165,0.937830794483253,0.9748902411670645,0.9732725051930557,Pillow wall time including file I/O
chat_preview,photo,kodak_02,768,512,512,341,JPEG,"seq444,q=33",13127,0.6014937683284457,1.0382920000040485,0.4897080000034748,nan,nan,31.898301820844395,0.8292989516697826,0.9556951662472546,0.9755168553060567,0.98306823608146,Pillow wall time including file I/O
chat_preview,photo,kodak_02,768,512,512,341,JPEG,"prog444,q=33",13903,0.6370509530791789,1.682084000009354,1.0035840000170992,nan,nan,31.898301820844395,0.8292989516697826,0.9556951662472546,0.9755168553060567,0.98306823608146,Pillow wall time including file I/O
chat_preview,photo,kodak_02,768,512,512,341,JPEG,"seq420,q=34",10364,0.4748900293255132,0.707584000025463,0.4051249999861284,nan,nan,30.829051652067314,0.8093484422632286,0.9394686554069014,0.9752660554509762,0.9733627905676859,Pillow wall time including file I/O
chat_preview,photo,kodak_02,768,512,512,341,JPEG,"prog420,q=34",10886,0.49880865102639294,1.2074999999924785,0.7646249999879728,nan,nan,30.829051652067314,0.8093484422632286,0.9394686554069014,0.9752660554509762,0.9733627905676859,Pillow wall time including file I/O
chat_preview,photo,kodak_02,768,512,512,341,JPEG,"seq444,q=34",13345,0.611482771260997,1.0062919999995756,0.45641700000942365,nan,nan,31.964981339728922,0.8324838348609589,0.9574960052893062,0.975811947430956,0.9833571606117882,Pillow wall time including file I/O
chat_preview,photo,kodak_02,768,512,512,341,JPEG,"prog444,q=34",14135,0.6476814516129032,1.6631659999859494,0.992540999988023,nan,nan,31.964981339728922,0.8324838348609589,0.9574960052893062,0.975811947430956,0.9833571606117882,Pillow wall time including file I/O
chat_preview,photo,kodak_02,768,512,512,341,JPEG,"seq420,q=35",10724,0.49138563049853373,0.7202909999932672,0.532124999978123,nan,nan,30.922342345079564,0.8123107185479551,0.9408117051491879,0.9761235917732629,0.9743067068136547,Pillow wall time including file I/O
chat_preview,photo,kodak_02,768,512,512,341,JPEG,"prog420,q=35",11199,0.513150659824047,1.2179579999838097,0.8879160000105912,nan,nan,30.922342345079564,0.8123107185479551,0.9408117051491879,0.9761235917732629,0.9743067068136547,Pillow wall time including file I/O
chat_preview,photo,kodak_02,768,512,512,341,JPEG,"seq444,q=35",13765,0.6307276392961877,1.007958000002418,0.4729579999889211,nan,nan,32.0450369425538,0.8348171217821477,0.9584721435770116,0.9767524989466363,0.9837612305775527,Pillow wall time including file I/O
chat_preview,photo,kodak_02,768,512,512,341,JPEG,"prog444,q=35",14541,0.6662848240469208,1.7412919999912901,1.1233329999811303,nan,nan,32.0450369425538,0.8348171217821477,0.9584721435770116,0.9767524989466363,0.9837612305775527,Pillow wall time including file I/O
chat_preview,photo,kodak_02,768,512,512,341,JPEG,"seq420,q=36",11004,0.5042155425219942,0.722083999988854,0.5462909999778276,nan,nan,30.99672263740392,0.8145553118426793,0.9417235578341298,0.9772133258239568,0.9748601397215676,Pillow wall time including file I/O
chat_preview,photo,kodak_02,768,512,512,341,JPEG,"prog420,q=36",11457,0.5249725073313783,1.2243749999925058,0.763500000005024,nan,nan,30.99672263740392,0.8145553118426793,0.9417235578341298,0.9772133258239568,0.9748601397215676,Pillow wall time including file I/O
chat_preview,photo,kodak_02,768,512,512,341,JPEG,"seq444,q=36",14133,0.6475898093841642,1.0393340000121043,0.5092920000038248,nan,nan,32.13034128951764,0.8380581313980344,0.9593501510591474,0.9776820608888624,0.9841307320578352,Pillow wall time including file I/O
chat_preview,photo,kodak_02,768,512,512,341,JPEG,"prog444,q=36",14910,0.6831928152492669,3.059458000024051,1.122582999983024,nan,nan,32.13034128951764,0.8380581313980344,0.9593501510591474,0.9776820608888624,0.9841307320578352,Pillow wall time including file I/O
chat_preview,photo,kodak_02,768,512,512,341,JPEG,"seq420,q=37",11151,0.5109512463343109,0.803000000018983,0.46524999999064676,nan,nan,31.07711403875999,0.8165850443405199,0.9429988232024747,0.9774441678829392,0.9757578550122727,Pillow wall time including file I/O
chat_preview,photo,kodak_02,768,512,512,341,JPEG,"prog420,q=37",11629,0.5328537390029325,1.357957999999826,0.9591670000190788,nan,nan,31.07711403875999,0.8165850443405199,0.9429988232024747,0.9774441678829392,0.9757578550122727,Pillow wall time including file I/O
chat_preview,photo,kodak_02,768,512,512,341,JPEG,"seq444,q=37",14382,0.6589992668621701,1.1337920000187296,0.6473749999997835,nan,nan,32.18658438520209,0.839522470090289,0.9599673327472313,0.977932799740668,0.984400221280738,Pillow wall time including file I/O
chat_preview,photo,kodak_02,768,512,512,341,JPEG,"prog444,q=37",15176,0.6953812316715543,1.830542000021751,1.1620829999969828,nan,nan,32.18658438520209,0.839522470090289,0.9599673327472313,0.977932799740668,0.984400221280738,Pillow wall time including file I/O
chat_preview,photo,kodak_02,768,512,512,341,JPEG,"seq420,q=38",11477,0.5258889296187683,0.742166999998517,0.5765420000045651,nan,nan,31.175541125898665,0.8193688559695534,0.9450823060495188,0.9782204132531299,0.9767235078976274,Pillow wall time including file I/O
chat_preview,photo,kodak_02,768,512,512,341,JPEG,"prog420,q=38",11997,0.5497159090909091,1.249040999994122,0.9116669999968963,nan,nan,31.175541125898665,0.8193688559695534,0.9450823060495188,0.9782204132531299,0.9767235078976274,Pillow wall time including file I/O
chat_preview,photo,kodak_02,768,512,512,341,JPEG,"seq444,q=38",14770,0.6767778592375366,1.0642500000130894,0.6149159999893072,nan,nan,32.29662981638562,0.8424450272190905,0.9618511902135158,0.9786533081784311,0.9850047692164036,Pillow wall time including file I/O
chat_preview,photo,kodak_02,768,512,512,341,JPEG,"prog444,q=38",15572,0.7135263929618768,1.7736669999806054,1.188374999998132,nan,nan,32.29662981638562,0.8424450272190905,0.9618511902135158,0.9786533081784311,0.9850047692164036,Pillow wall time including file I/O
chat_preview,photo,kodak_02,768,512,512,341,JPEG,"seq420,q=39",11711,0.5366110703812317,0.7217920000073264,0.4272079999907419,nan,nan,31.247698523147402,0.8214154112056783,0.9460291913423419,0.9785944287764446,0.9774848436945054,Pillow wall time including file I/O
chat_preview,photo,kodak_02,768,512,512,341,JPEG,"prog420,q=39",12166,0.5574596774193549,2.3505409999984295,1.2187909999852309,nan,nan,31.247698523147402,0.8214154112056783,0.9460291913423419,0.9785944287764446,0.9774848436945054,Pillow wall time including file I/O
chat_preview,photo,kodak_02,768,512,512,341,JPEG,"seq444,q=39",15041,0.6891953812316716,1.1334170000054655,0.6695829999898706,nan,nan,32.363776118121976,0.8443780117518629,0.9624624755308527,0.9789995029747015,0.9852300290219405,Pillow wall time including file I/O
chat_preview,photo,kodak_02,768,512,512,341,JPEG,"prog444,q=39",15812,0.7245234604105572,1.894375000006221,1.206958000011582,nan,nan,32.363776118121976,0.8443780117518629,0.9624624755308527,0.9789995029747015,0.9852300290219405,Pillow wall time including file I/O
chat_preview,photo,kodak_02,768,512,512,341,JPEG,"seq420,q=40",11829,0.5420179618768328,0.772667000006777,0.5588749999958509,nan,nan,31.297712733819893,0.8226796750653165,0.9472739589684093,0.9787326487817328,0.9781337770809242,Pillow wall time including file I/O
chat_preview,photo,kodak_02,768,512,512,341,JPEG,"prog420,q=40",12277,0.5625458211143695,1.2684170000056838,0.9589590000018688,nan,nan,31.297712733819893,0.8226796750653165,0.9472739589684093,0.9787326487817328,0.9781337770809242,Pillow wall time including file I/O
chat_preview,photo,kodak_02,768,512,512,341,JPEG,"seq444,q=40",15214,0.6971224340175953,1.0652500000105647,0.6341250000048149,nan,nan,32.427456125076986,0.8464052873450995,0.9637539578176074,0.9792236664865633,0.9856129190337667,Pillow wall time including file I/O
chat_preview,photo,kodak_02,768,512,512,341,JPEG,"prog444,q=40",15915,0.7292430351906158,4.217665999988185,1.0446249999915835,nan,nan,32.427456125076986,0.8464052873450995,0.9637539578176074,0.9792236664865633,0.9856129190337667,Pillow wall time including file I/O
chat_preview,photo,kodak_02,768,512,512,341,JPEG,"seq420,q=41",12237,0.5607129765395894,0.766332999972974,0.5542080000111582,nan,nan,31.399414437634142,0.8261643798653481,0.9491463149644955,0.9794490680722812,0.9790136843632969,Pillow wall time including file I/O
chat_preview,photo,kodak_02,768,512,512,341,JPEG,"prog420,q=41",12662,0.5801869501466276,1.3463329999865437,0.9294999999838183,nan,nan,31.399414437634142,0.8261643798653481,0.9491463149644955,0.9794490680722812,0.9790136843632969,Pillow wall time including file I/O
chat_preview,photo,kodak_02,768,512,512,341,JPEG,"seq444,q=41",15748,0.7215909090909091,1.1819169999967016,0.6627909999963322,nan,nan,32.533381097857045,0.8496652616090835,0.9649106346433277,0.9799995595794887,0.9860175844930745,Pillow wall time including file I/O
chat_preview,photo,kodak_02,768,512,512,341,JPEG,"prog444,q=41",16415,0.7521535923753666,1.8411670000091362,1.2081250000051114,nan,nan,32.533381097857045,0.8496652616090835,0.9649106346433277,0.9799995595794887,0.9860175844930745,Pillow wall time including file I/O
chat_preview,photo,kodak_02,768,512,512,341,JPEG,"seq420,q=42",12430,0.5695564516129032,0.7664170000225567,0.5737909999936619,nan,nan,31.438308517279832,0.8269077838739713,0.9495970686033229,0.9796146359840986,0.979394231863145,Pillow wall time including file I/O
chat_preview,photo,kodak_02,768,512,512,341,JPEG,"prog420,q=42",12852,0.5888929618768328,1.2647499999900447,0.792832999991333,nan,nan,31.438308517279832,0.8269077838739713,0.9495970686033229,0.9796146359840986,0.979394231863145,Pillow wall time including file I/O
chat_preview,photo,kodak_02,768,512,512,341,JPEG,"seq444,q=42",16034,0.7346957478005866,1.0996669999769892,0.6341250000048149,nan,nan,32.582682743875104,0.8509427885855421,0.9654903909711791,0.980112004284494,0.9862782307676928,Pillow wall time including file I/O
chat_preview,photo,kodak_02,768,512,512,341,JPEG,"prog444,q=42",16737,0.7669079912023461,1.9019579999906,1.1826660000053835,nan,nan,32.582682743875104,0.8509427885855421,0.9654903909711791,0.980112004284494,0.9862782307676928,Pillow wall time including file I/O
chat_preview,photo,kodak_02,768,512,512,341,JPEG,"seq420,q=43",12634,0.5789039589442815,0.8549579999908019,0.6118749999757256,nan,nan,31.49670703435115,0.8288318877648594,0.9502675249141066,0.9799521963821569,0.9797738584638227,Pillow wall time including file I/O
chat_preview,photo,kodak_02,768,512,512,341,JPEG,"prog420,q=43",13035,0.5972782258064516,1.3258749999920383,0.9465830000010556,nan,nan,31.49670703435115,0.8288318877648594,0.9502675249141066,0.9799521963821569,0.9797738584638227,Pillow wall time including file I/O
chat_preview,photo,kodak_02,768,512,512,341,JPEG,"seq444,q=43",16245,0.7443640029325513,1.0809999999992215,0.6266249999953288,nan,nan,32.643286697204914,0.852491075279671,0.9659222927774426,0.980435407040118,0.9865368926329385,Pillow wall time including file I/O
chat_preview,photo,kodak_02,768,512,512,341,JPEG,"prog444,q=43",16948,0.7765762463343109,1.8789169999990918,1.213583999998491,nan,nan,32.643286697204914,0.852491075279671,0.9659222927774426,0.980435407040118,0.9865368926329385,Pillow wall time including file I/O
chat_preview,photo,kodak_02,768,512,512,341,JPEG,"seq420,q=44",12959,0.5937958211143695,0.7679579999830821,0.5610000000046966,nan,nan,31.586546201526513,0.831775411584589,0.9516856350805184,0.9807780389177049,0.9803090874198406,Pillow wall time including file I/O
chat_preview,photo,kodak_02,768,512,512,341,JPEG,"prog420,q=44",13398,0.6139112903225806,1.4613330000088354,0.99224999999592,nan,nan,31.586546201526513,0.831775411584589,0.9516856350805184,0.9807780389177049,0.9803090874198406,Pillow wall time including file I/O
chat_preview,photo,kodak_02,768,512,512,341,JPEG,"seq444,q=44",16686,0.7645711143695014,1.3605830000074093,0.5196669999918413,nan,nan,32.75475145780987,0.855383572678008,0.967171416736023,0.9810406527073988,0.9870308594947308,Pillow wall time including file I/O
chat_preview,photo,kodak_02,768,512,512,341,JPEG,"prog444,q=44",17407,0.797608137829912,1.992290999993429,1.302957999996579,nan,nan,32.75475145780987,0.855383572678008,0.967171416736023,0.9810406527073988,0.9870308594947308,Pillow wall time including file I/O
chat_preview,photo,kodak_02,768,512,512,341,JPEG,"seq420,q=45",13137,0.6019519794721407,0.8018750000076125,0.5469589999904656,nan,nan,31.61607793097472,0.832911804178221,0.9520552360589557,0.9810701088084947,0.9804588979746973,Pillow wall time including file I/O
chat_preview,photo,kodak_02,768,512,512,341,JPEG,"prog420,q=45",13566,0.6216092375366569,1.3253749999933007,0.8099169999979949,nan,nan,31.61607793097472,0.832911804178221,0.9520552360589557,0.9810701088084947,0.9804588979746973,Pillow wall time including file I/O
chat_preview,photo,kodak_02,768,512,512,341,JPEG,"seq444,q=45",16869,0.7729563782991202,3.5514579999755824,0.5020000000115488,nan,nan,32.78555861339686,0.8563107731192837,0.9675020366750727,0.9813673831444258,0.9871416991548687,Pillow wall time including file I/O
chat_preview,photo,kodak_02,768,512,512,341,JPEG,"prog444,q=45",17580,0.8055351906158358,1.913166999997884,1.2237919999904534,nan,nan,32.78555861339686,0.8563107731192837,0.9675020366750727,0.9813673831444258,0.9871416991548687,Pillow wall time including file I/O
chat_preview,photo,kodak_02,768,512,512,341,JPEG,"seq420,q=46",13453,0.6164314516129032,0.8042499999874053,0.5839170000001559,nan,nan,31.704123642864374,0.8358946483193113,0.9540217958243251,0.9823237490387515,0.9810133258302852,Pillow wall time including file I/O
chat_preview,photo,kodak_02,768,512,512,341,JPEG,"prog420,q=46",13848,0.6345307917888563,1.3592919999894093,0.9523329999865382,nan,nan,31.704123642864374,0.8358946483193113,0.9540217958243251,0.9823237490387515,0.9810133258302852,Pillow wall time including file I/O
chat_preview,photo,kodak_02,768,512,512,341,JPEG,"seq444,q=46",17321,0.7936675219941349,1.1027919999833102,0.6433750000098826,nan,nan,32.89687608075982,0.8596764888352025,0.9695235892319962,0.9828187734760152,0.9876646297316597,Pillow wall time including file I/O
chat_preview,photo,kodak_02,768,512,512,341,JPEG,"prog444,q=46",17971,0.8234512463343109,1.9858750000025793,1.2500420000094437,nan,nan,32.89687608075982,0.8596764888352025,0.9695235892319962,0.9828187734760152,0.9876646297316597,Pillow wall time including file I/O
chat_preview,photo,kodak_02,768,512,512,341,JPEG,"seq420,q=47",13593,0.6228464076246334,0.7533339999952204,0.5636669999944388,nan,nan,31.73568666605751,0.837116417497579,0.9544874836655772,0.982527721935104,0.9812205302033323,Pillow wall time including file I/O
chat_preview,photo,kodak_02,768,512,512,341,JPEG,"prog420,q=47",13996,0.6413123167155426,1.308416000000534,0.9511659999930089,nan,nan,31.73568666605751,0.837116417497579,0.9544874836655772,0.982527721935104,0.9812205302033323,Pillow wall time including file I/O
chat_preview,photo,kodak_02,768,512,512,341,JPEG,"seq444,q=47",17500,0.8018695014662757,1.1138330000051155,0.6488749999959964,nan,nan,32.93891130038506,0.8607329176438766,0.9698110164976264,0.9829815886900325,0.9878378226988416,Pillow wall time including file I/O
chat_preview,photo,kodak_02,768,512,512,341,JPEG,"prog444,q=47",18158,0.8320197947214076,1.9785000000069886,1.2076660000275297,nan,nan,32.93891130038506,0.8607329176438766,0.9698110164976264,0.9829815886900325,0.9878378226988416,Pillow wall time including file I/O
chat_preview,photo,kodak_02,768,512,512,341,JPEG,"seq420,q=48",13813,0.6329270527859238,0.752499999975953,0.6467919999977312,nan,nan,31.766260879957887,0.8382544248847973,0.9548969044160008,0.9827929183201197,0.9813844780658205,Pillow wall time including file I/O
chat_preview,photo,kodak_02,768,512,512,341,JPEG,"prog420,q=48",14199,0.6506140029325513,1.3918749999959346,0.9533329999840134,nan,nan,31.766260879957887,0.8382544248847973,0.9548969044160008,0.9827929183201197,0.9813844780658205,Pillow wall time including file I/O
chat_preview,photo,kodak_02,768,512,512,341,JPEG,"seq444,q=48",17743,0.8130040322580645,1.1166670000193335,0.6421660000057727,nan,nan,32.97986370141672,0.8615472449026381,0.9700680889161285,0.9832421861798716,0.9880004049194331,Pillow wall time including file I/O
chat_preview,photo,kodak_02,768,512,512,341,JPEG,"prog444,q=48",18384,0.842375366568915,1.9399170000156118,1.1931669999967198,nan,nan,32.97986370141672,0.8615472449026381,0.9700680889161285,0.9832421861798716,0.9880004049194331,Pillow wall time including file I/O
chat_preview,photo,kodak_02,768,512,512,341,JPEG,"seq420,q=49",14203,0.6507972873900293,0.7876250000151686,0.5601670000032755,nan,nan,31.84673540824328,0.8412162214957379,0.9560945423179406,0.9831948568614925,0.9817667960568179,Pillow wall time including file I/O
chat_preview,photo,kodak_02,768,512,512,341,JPEG,"prog420,q=49",14614,0.6696297653958945,1.3674999999864212,0.9710420000033082,nan,nan,31.84673540824328,0.8412162214957379,0.9560945423179406,0.9831948568614925,0.9817667960568179,Pillow wall time including file I/O
chat_preview,photo,kodak_02,768,512,512,341,JPEG,"seq444,q=49",18283,0.8377474340175953,1.1427080000032674,0.6547920000059548,nan,nan,33.083663511656496,0.8645332957943158,0.9711029217447953,0.9835781761038916,0.9884466432536493,Pillow wall time including file I/O
chat_preview,photo,kodak_02,768,512,512,341,JPEG,"prog444,q=49",18965,0.8689974340175953,1.8888329999811049,1.2075829999957932,nan,nan,33.083663511656496,0.8645332957943158,0.9711029217447953,0.9835781761038916,0.9884466432536493,Pillow wall time including file I/O
chat_preview,photo,kodak_02,768,512,512,341,JPEG,"seq420,q=50",14263,0.6535465542521994,0.774833000008357,0.568000000015445,nan,nan,31.86943838443133,0.8419345791957534,0.9562818810143278,0.9832641893158951,0.9818703698896915,Pillow wall time including file I/O
chat_preview,photo,kodak_02,768,512,512,341,JPEG,"prog420,q=50",14662,0.6718291788856305,1.3272500000027776,0.9419170000057875,nan,nan,31.86943838443133,0.8419345791957534,0.9562818810143278,0.9832641893158951,0.9818703698896915,Pillow wall time including file I/O
chat_preview,photo,kodak_02,768,512,512,341,JPEG,"seq444,q=50",18346,0.8406341642228738,1.1194589999945492,0.6465829999910966,nan,nan,33.115297184401065,0.8651493748090607,0.9712147672511798,0.9836432324557979,0.9885501226258849,Pillow wall time including file I/O
chat_preview,photo,kodak_02,768,512,512,341,JPEG,"prog444,q=50",19023,0.8716550586510264,1.8714580000107617,1.213000000007014,nan,nan,33.115297184401065,0.8651493748090607,0.9712147672511798,0.9836432324557979,0.9885501226258849,Pillow wall time including file I/O
chat_preview,photo,kodak_02,768,512,512,341,JPEG,"seq420,q=51",14322,0.65625,0.76183399997376,0.579999999985148,nan,nan,31.890800859609534,0.8427719894814417,0.9565242746173087,0.9833366804319448,0.9819706375379508,Pillow wall time including file I/O
chat_preview,photo,kodak_02,768,512,512,341,JPEG,"prog420,q=51",14715,0.6742576979472141,1.3423750000072232,0.9363749999806714,nan,nan,31.890800859609534,0.8427719894814417,0.9565242746173087,0.9833366804319448,0.9819706375379508,Pillow wall time including file I/O
chat_preview,photo,kodak_02,768,512,512,341,JPEG,"seq444,q=51",18415,0.8437958211143695,2.111791999993784,0.6718330000126116,nan,nan,33.14681951252255,0.8657819893201312,0.9712935508996324,0.9836996819453879,0.9886365667320822,Pillow wall time including file I/O
chat_preview,photo,kodak_02,768,512,512,341,JPEG,"prog444,q=51",19093,0.8748625366568915,2.143166999985624,1.3183330000003934,nan,nan,33.14681951252255,0.8657819893201312,0.9712935508996324,0.9836996819453879,0.9886365667320822,Pillow wall time including file I/O
chat_preview,photo,kodak_02,768,512,512,341,JPEG,"seq420,q=52",14775,0.6770069648093842,0.8603750000020227,0.6331250000073396,nan,nan,31.963577652237603,0.8451364383404735,0.9579455607016673,0.984007967053316,0.9823093315873397,Pillow wall time including file I/O
chat_preview,photo,kodak_02,768,512,512,341,JPEG,"prog420,q=52",15177,0.6954270527859238,1.5044159999888507,1.021124999994072,nan,nan,31.963577652237603,0.8451364383404735,0.9579455607016673,0.984007967053316,0.9823093315873397,Pillow wall time including file I/O
chat_preview,photo,kodak_02,768,512,512,341,JPEG,"seq444,q=52",18982,0.8697763929618768,1.1907500000063465,0.6471250000004147,nan,nan,33.264863638934656,0.8689700585490456,0.9730417718567392,0.9844356613328324,0.98921468454574,Pillow wall time including file I/O
chat_preview,photo,kodak_02,768,512,512,341,JPEG,"prog444,q=52",19643,0.9000641495601173,2.0128330000090955,1.2670419999949445,nan,nan,33.264863638934656,0.8689700585490456,0.9730417718567392,0.9844356613328324,0.98921468454574,Pillow wall time including file I/O
chat_preview,photo,kodak_02,768,512,512,341,JPEG,"seq420,q=53",15018,0.688141495601173,0.7601249999993342,0.46345799998448456,nan,nan,31.993140697941982,0.8461066374259479,0.9583112180488608,0.9843609745863398,0.9824552634920575,Pillow wall time including file I/O
chat_preview,photo,kodak_02,768,512,512,341,JPEG,"prog420,q=53",15426,0.7068365102639296,1.4298339999925247,0.8610419999968144,nan,nan,31.993140697941982,0.8461066374259479,0.9583112180488608,0.9843609745863398,0.9824552634920575,Pillow wall time including file I/O
chat_preview,photo,kodak_02,768,512,512,341,JPEG,"seq444,q=53",19257,0.8823771994134897,1.1337920000187296,0.6703330000163987,nan,nan,33.30798868681212,0.8699068470366886,0.973377193912382,0.9847957479465653,0.9893533896902285,Pillow wall time including file I/O
chat_preview,photo,kodak_02,768,512,512,341,JPEG,"prog444,q=53",19904,0.9120234604105572,1.9875419999948463,1.2562910000042393,nan,nan,33.30798868681212,0.8699068470366886,0.973377193912382,0.9847957479465653,0.9893533896902285,Pillow wall time including file I/O
chat_preview,photo,kodak_02,768,512,512,341,JPEG,"seq420,q=54",15184,0.6957478005865103,0.8114999999975225,0.6046659999867643,nan,nan,32.03079897596707,0.8479243200466468,0.9588825777448026,0.9845351088715157,0.98267281447142,Pillow wall time including file I/O
chat_preview,photo,kodak_02,768,512,512,341,JPEG,"prog420,q=54",15563,0.7131140029325513,1.3837919999843962,0.9876249999933862,nan,nan,32.03079897596707,0.8479243200466468,0.9588825777448026,0.9845351088715157,0.98267281447142,Pillow wall time including file I/O
chat_preview,photo,kodak_02,768,512,512,341,JPEG,"seq444,q=54",19503,0.8936491935483871,1.1724999999955799,0.6607499999802258,nan,nan,33.36209418973716,0.871429707790429,0.9736940436317963,0.9849570418189051,0.9894399134177838,Pillow wall time including file I/O
chat_preview,photo,kodak_02,768,512,512,341,JPEG,"prog444,q=54",20102,0.9210960410557185,1.993875000010803,1.152750000017022,nan,nan,33.36209418973716,0.871429707790429,0.9736940436317963,0.9849570418189051,0.9894399134177838,Pillow wall time including file I/O
chat_preview,photo,kodak_02,768,512,512,341,JPEG,"seq420,q=55",15442,0.7075696480938416,0.7901250000088567,0.5971669999951246,nan,nan,32.07916187904847,0.849719076202169,0.9599401332662199,0.9848665786916849,0.9829044352842429,Pillow wall time including file I/O
chat_preview,photo,kodak_02,768,512,512,341,JPEG,"prog420,q=55",15809,0.7243859970674487,1.440790999993169,0.9920420000071317,nan,nan,32.07916187904847,0.849719076202169,0.9599401332662199,0.9848665786916849,0.9829044352842429,Pillow wall time including file I/O
chat_preview,photo,kodak_02,768,512,512,341,JPEG,"seq444,q=55",19885,0.9111528592375366,1.1393750000081582,0.5139170000063586,nan,nan,33.42464930863065,0.8731567945745754,0.9744457035667772,0.9853457278928649,0.9896854200349199,Pillow wall time including file I/O
chat_preview,photo,kodak_02,768,512,512,341,JPEG,"prog444,q=55",20462,0.937591642228739,2.022834000001694,1.2937079999915113,nan,nan,33.42464930863065,0.8731567945745754,0.9744457035667772,0.9853457278928649,0.9896854200349199,Pillow wall time including file I/O
chat_preview,photo,kodak_02,768,512,512,341,JPEG,"seq420,q=56",15778,0.7229655425219942,0.8120410000174161,0.6017500000154996,nan,nan,32.134263850649,0.8515758694302932,0.9606414906812644,0.9851513432871379,0.9831853070542326,Pillow wall time including file I/O
chat_preview,photo,kodak_02,768,512,512,341,JPEG,"prog420,q=56",16118,0.7385447214076246,1.4259170000059385,1.002708000015673,nan,nan,32.134263850649,0.8515758694302932,0.9606414906812644,0.9851513432871379,0.9831853070542326,Pillow wall time including file I/O
chat_preview,photo,kodak_02,768,512,512,341,JPEG,"seq444,q=56",20268,0.9287023460410557,1.1363329999767302,0.5199590000017906,nan,nan,33.48843124571647,0.874826755728278,0.9748523516196345,0.985628891257267,0.9898366539615167,Pillow wall time including file I/O
chat_preview,photo,kodak_02,768,512,512,341,JPEG,"prog444,q=56",20833,0.954591275659824,2.0116249999944102,1.2911669999766673,nan,nan,33.48843124571647,0.874826755728278,0.9748523516196345,0.985628891257267,0.9898366539615167,Pillow wall time including file I/O
chat_preview,photo,kodak_02,768,512,512,341,JPEG,"seq420,q=57",16099,0.7376741202346041,0.8072920000188333,0.5939579999960642,nan,nan,32.17922804326206,0.8532191376667632,0.9613430211673091,0.9854741576389507,0.9833266952437952,Pillow wall time including file I/O
chat_preview,photo,kodak_02,768,512,512,341,JPEG,"prog420,q=57",16431,0.7528867302052786,1.4644579999867346,0.8822920000000067,nan,nan,32.17922804326206,0.8532191376667632,0.9613430211673091,0.9854741576389507,0.9833266952437952,Pillow wall time including file I/O
chat_preview,photo,kodak_02,768,512,512,341,JPEG,"seq444,q=57",20697,0.9483596041055719,1.1834169999929145,0.6671669999889218,nan,nan,33.55994036821998,0.8764574042876491,0.9754063987325227,0.9859800774046347,0.9900341567942017,Pillow wall time including file I/O
chat_preview,photo,kodak_02,768,512,512,341,JPEG,"prog444,q=57",21263,0.9742943548387096,2.2426249999796255,1.2659589999941545,nan,nan,33.55994036821998,0.8764574042876491,0.9754063987325227,0.9859800774046347,0.9900341567942017,Pillow wall time including file I/O
chat_preview,photo,kodak_02,768,512,512,341,JPEG,"seq420,q=58",16492,0.7556818181818182,0.8208749999880638,0.5884170000172162,nan,nan,32.24528498784132,0.8550396575904236,0.9622644772421182,0.9859057644853333,0.9837425320634038,Pillow wall time including file I/O
chat_preview,photo,kodak_02,768,512,512,341,JPEG,"prog420,q=58",16817,0.7705736803519062,1.4837080000233982,0.9831250000047476,nan,nan,32.24528498784132,0.8550396575904236,0.9622644772421182,0.9859057644853333,0.9837425320634038,Pillow wall time including file I/O
chat_preview,photo,kodak_02,768,512,512,341,JPEG,"seq444,q=58",21189,0.9709035923753666,1.182875000012018,0.6540830000005826,nan,nan,33.636700495068865,0.8786067949604265,0.9765009241011494,0.9864367743996705,0.9902385827564716,Pillow wall time including file I/O
chat_preview,photo,kodak_02,768,512,512,341,JPEG,"prog444,q=58",21719,0.9951887829912024,2.157832999984066,1.295709000004308,nan,nan,33.636700495068865,0.8786067949604265,0.9765009241011494,0.9864367743996705,0.9902385827564716,Pillow wall time including file I/O
chat_preview,photo,kodak_02,768,512,512,341,JPEG,"seq420,q=59",16710,0.7656708211143695,0.9177500000134842,0.5065419999823462,nan,nan,32.28680939067959,0.8560459277437776,0.9625508770467137,0.9861267353276131,0.9838980068202711,Pillow wall time including file I/O
chat_preview,photo,kodak_02,768,512,512,341,JPEG,"prog420,q=59",17024,0.7800586510263929,1.6137089999972432,0.9342909999929816,nan,nan,32.28680939067959,0.8560459277437776,0.9625508770467137,0.9861267353276131,0.9838980068202711,Pillow wall time including file I/O
chat_preview,photo,kodak_02,768,512,512,341,JPEG,"seq444,q=59",21450,0.9828629032258065,1.1795409999990625,0.6762079999873549,nan,nan,33.68156554530128,0.8796218157391906,0.976742291576257,0.9866449427518917,0.9903513104226049,Pillow wall time including file I/O
chat_preview,photo,kodak_02,768,512,512,341,JPEG,"prog444,q=59",21953,1.0059109237536656,2.093166999998175,1.1831250000113869,nan,nan,33.68156554530128,0.8796218157391906,0.976742291576257,0.9866449427518917,0.9903513104226049,Pillow wall time including file I/O
chat_preview,photo,kodak_02,768,512,512,341,JPEG,"seq420,q=60",16965,0.7773552052785924,0.8876250000184882,0.6135829999891484,nan,nan,32.35793175017334,0.8579345384389915,0.9632340828638138,0.9863348057941512,0.9841375081861535,Pillow wall time including file I/O
chat_preview,photo,kodak_02,768,512,512,341,JPEG,"prog420,q=60",17288,0.7921554252199413,1.5127910000103384,1.0280420000015056,nan,nan,32.35793175017334,0.8579345384389915,0.9632340828638138,0.9863348057941512,0.9841375081861535,Pillow wall time including file I/O
chat_preview,photo,kodak_02,768,512,512,341,JPEG,"seq444,q=60",21872,1.002199413489736,1.1691670000004706,0.6713749999960328,nan,nan,33.75941095578091,0.8816128860499601,0.9773374797756533,0.9868337424587297,0.9905633043047972,Pillow wall time including file I/O
chat_preview,photo,kodak_02,768,512,512,341,JPEG,"prog444,q=60",22423,1.0274468475073313,2.1348749999958727,1.1846670000181803,nan,nan,33.75941095578091,0.8816128860499601,0.9773374797756533,0.9868337424587297,0.9905633043047972,Pillow wall time including file I/O
chat_preview,photo,kodak_02,768,512,512,341,JPEG,"seq420,q=61",17379,0.7963251466275659,0.8596660000250722,0.46383400001559494,nan,nan,32.45018047813261,0.8593686599585765,0.9640428503824534,0.986940035015009,0.9846894386975374,Pillow wall time including file I/O
chat_preview,photo,kodak_02,768,512,512,341,JPEG,"prog420,q=61",17659,0.8091550586510264,1.5452500000208147,0.9072499999831507,nan,nan,32.45018047813261,0.8593686599585765,0.9640428503824534,0.986940035015009,0.9846894386975374,Pillow wall time including file I/O
chat_preview,photo,kodak_02,768,512,512,341,JPEG,"seq444,q=61",22385,1.0257056451612903,1.2095830000191654,0.6795000000181517,nan,nan,33.82581904283634,0.8829292868983482,0.9776376786919698,0.987414635275602,0.9907605634283257,Pillow wall time including file I/O
chat_preview,photo,kodak_02,768,512,512,341,JPEG,"prog444,q=61",22901,1.049349340175953,2.133291999996345,1.283790999991652,nan,nan,33.82581904283634,0.8829292868983482,0.9776376786919698,0.987414635275602,0.9907605634283257,Pillow wall time including file I/O
chat_preview,photo,kodak_02,768,512,512,341,JPEG,"seq420,q=62",17644,0.8084677419354839,0.8447499999988395,0.5927919999919595,nan,nan,32.515262136548124,0.8606641408492793,0.9644605254884923,0.9871915873593455,0.9849238230815363,Pillow wall time including file I/O
chat_preview,photo,kodak_02,768,512,512,341,JPEG,"prog420,q=62",17900,0.8201979472140762,1.5538749999848278,1.0648340000045664,nan,nan,32.515262136548124,0.8606641408492793,0.9644605254884923,0.9871915873593455,0.9849238230815363,Pillow wall time including file I/O
chat_preview,photo,kodak_02,768,512,512,341,JPEG,"seq444,q=62",22718,1.0409640762463344,1.1918330000071364,0.5490419999887308,nan,nan,33.88714063358721,0.8844331575706968,0.9779994120228696,0.9876598474466403,0.9909087096961438,Pillow wall time including file I/O
chat_preview,photo,kodak_02,768,512,512,341,JPEG,"prog444,q=62",23208,1.06341642228739,2.3893329999964408,1.3775840000107564,nan,nan,33.88714063358721,0.8844331575706968,0.9779994120228696,0.9876598474466403,0.9909087096961438,Pillow wall time including file I/O
chat_preview,photo,kodak_02,768,512,512,341,JPEG,"seq420,q=63",18086,0.8287206744868035,0.8423330000084661,0.6091250000110904,nan,nan,32.60449010294715,0.8621636906653093,0.9650481308610871,0.9874444894383417,0.9853008710307727,Pillow wall time including file I/O
chat_preview,photo,kodak_02,768,512,512,341,JPEG,"prog420,q=63",18330,0.8399010263929618,1.5593340000066291,1.0290410000095562,nan,nan,32.60449010294715,0.8621636906653093,0.9650481308610871,0.9874444894383417,0.9853008710307727,Pillow wall time including file I/O
chat_preview,photo,kodak_02,768,512,512,341,JPEG,"seq444,q=63",23300,1.0676319648093842,1.2157079999894904,0.6774580000126207,nan,nan,33.96922006406517,0.8863166969856767,0.9785968234956354,0.9878736839007719,0.9911327052406425,Pillow wall time including file I/O
chat_preview,photo,kodak_02,768,512,512,341,JPEG,"prog444,q=63",23787,1.0899468475073313,2.1245840000005956,1.1846670000181803,nan,nan,33.96922006406517,0.8863166969856767,0.9785968234956354,0.9878736839007719,0.9911327052406425,Pillow wall time including file I/O
chat_preview,photo,kodak_02,768,512,512,341,JPEG,"seq420,q=64",18398,0.843016862170088,3.479499999997415,0.46520899999791254,nan,nan,32.68941251413961,0.8641649545718866,0.9661690355353637,0.9875867178366234,0.9856961744948107,Pillow wall time including file I/O
chat_preview,photo,kodak_02,768,512,512,341,JPEG,"prog420,q=64",18630,0.8536473607038123,1.5593749999993634,0.9123750000128439,nan,nan,32.68941251413961,0.8641649545718866,0.9661690355353637,0.9875867178366234,0.9856961744948107,Pillow wall time including file I/O
chat_preview,photo,kodak_02,768,512,512,341,JPEG,"seq444,q=64",23736,1.0876099706744868,1.214875000016491,0.6778749999796219,nan,nan,34.0605229028101,0.8881991384448814,0.9795429490610497,0.9880403211977894,0.9914609814402172,Pillow wall time including file I/O
chat_preview,photo,kodak_02,768,512,512,341,JPEG,"prog444,q=64",24205,1.109100073313783,2.1924160000139636,1.3272500000027776,nan,nan,34.0605229028101,0.8881991384448814,0.9795429490610497,0.9880403211977894,0.9914609814402172,Pillow wall time including file I/O
chat_preview,photo,kodak_02,768,512,512,341,JPEG,"seq420,q=65",18844,0.8634530791788856,0.8575840000162316,0.607083999994984,nan,nan,32.77125175484326,0.8660204360369632,0.9668211617895462,0.9881122876713857,0.9860088256749959,Pillow wall time including file I/O
chat_preview,photo,kodak_02,768,512,512,341,JPEG,"prog420,q=65",19066,0.873625366568915,1.5782919999765,0.9091250000210493,nan,nan,32.77125175484326,0.8660204360369632,0.9668211617895462,0.9881122876713857,0.9860088256749959,Pillow wall time including file I/O
chat_preview,photo,kodak_02,768,512,512,341,JPEG,"seq444,q=65",24195,1.108641862170088,1.228499999996302,0.6972079999911784,nan,nan,34.13716036426387,0.8899085352270081,0.9800242765514952,0.9885543000397856,0.9916459897134337,Pillow wall time including file I/O
chat_preview,photo,kodak_02,768,512,512,341,JPEG,"prog444,q=65",24673,1.1305443548387097,2.215957999993634,1.2530000000197106,nan,nan,34.13716036426387,0.8899085352270081,0.9800242765514952,0.9885543000397856,0.9916459897134337,Pillow wall time including file I/O
chat_preview,photo,kodak_02,768,512,512,341,JPEG,"seq420,q=66",19208,0.8801319648093842,0.8873339999979635,0.5920000000116943,nan,nan,32.85794345966107,0.8677969341930104,0.967472555422685,0.9883527213244375,0.9862988257019151,Pillow wall time including file I/O
chat_preview,photo,kodak_02,768,512,512,341,JPEG,"prog420,q=66",19398,0.8888379765395894,1.5483330000165552,0.9282499999869742,nan,nan,32.85794345966107,0.8677969341930104,0.967472555422685,0.9883527213244375,0.9862988257019151,Pillow wall time including file I/O
chat_preview,photo,kodak_02,768,512,512,341,JPEG,"seq444,q=66",24830,1.1377382697947214,1.3328329999922062,0.6514579999929992,nan,nan,34.2350378218582,0.89182874949024,0.980606608906216,0.9887553243263373,0.9919073819080466,Pillow wall time including file I/O
chat_preview,photo,kodak_02,768,512,512,341,JPEG,"prog444,q=66",25264,1.1576246334310851,2.418459000011808,1.3777090000246517,nan,nan,34.2350378218582,0.89182874949024,0.980606608906216,0.9887553243263373,0.9919073819080466,Pillow wall time including file I/O
chat_preview,photo,kodak_02,768,512,512,341,JPEG,"seq420,q=67",19556,0.8960777126099707,1.0242920000109734,0.5285839999942255,nan,nan,32.922935937588605,0.8694237670652543,0.9678250197606498,0.9886874815702185,0.986513305818303,Pillow wall time including file I/O
chat_preview,photo,kodak_02,768,512,512,341,JPEG,"prog420,q=67",19736,0.9043255131964809,1.6915839999853688,1.1036250000131531,nan,nan,32.922935937588605,0.8694237670652543,0.9678250197606498,0.9886874815702185,0.986513305818303,Pillow wall time including file I/O
chat_preview,photo,kodak_02,768,512,512,341,JPEG,"seq444,q=67",25291,1.1588618035190617,1.3194999999939228,0.713999999987891,nan,nan,34.31449741428819,0.8934044762110736,0.9808384990204235,0.9890456357171291,0.9920742497905082,Pillow wall time including file I/O
chat_preview,photo,kodak_02,768,512,512,341,JPEG,"prog444,q=67",25679,1.1766403958944283,2.21612500001811,1.3675419999970018,nan,nan,34.31449741428819,0.8934044762110736,0.9808384990204235,0.9890456357171291,0.9920742497905082,Pillow wall time including file I/O
chat_preview,photo,kodak_02,768,512,512,341,JPEG,"seq420,q=68",20170,0.9242118768328446,0.8443340000212629,0.5982090000031803,nan,nan,33.00198690603739,0.8721678094619012,0.9687572402398866,0.9890846657764731,0.9867420805682245,Pillow wall time including file I/O
chat_preview,photo,kodak_02,768,512,512,341,JPEG,"prog420,q=68",20290,0.9297104105571847,1.5835840000022472,1.0645410000051925,nan,nan,33.00198690603739,0.8721678094619012,0.9687572402398866,0.9890846657764731,0.9867420805682245,Pillow wall time including file I/O
chat_preview,photo,kodak_02,768,512,512,341,JPEG,"seq444,q=68",26001,1.1913947947214076,1.2420829999939542,0.6753330000037749,nan,nan,34.41900311765367,0.8954281219335867,0.9814352108379728,0.9894493050247246,0.9923011630716715,Pillow wall time including file I/O
chat_preview,photo,kodak_02,768,512,512,341,JPEG,"prog444,q=68",26330,1.2064699413489737,2.203374999993457,1.3889580000068236,nan,nan,34.41900311765367,0.8954281219335867,0.9814352108379728,0.9894493050247246,0.9923011630716715,Pillow wall time including file I/O
chat_preview,photo,kodak_02,768,512,512,341,JPEG,"seq420,q=69",20561,0.9421279325513197,0.8512499999824286,0.505333000006658,nan,nan,33.06933322104272,0.8737323094588744,0.969440363291162,0.9893031785898322,0.9869979577026043,Pillow wall time including file I/O
chat_preview,photo,kodak_02,768,512,512,341,JPEG,"prog420,q=69",20668,0.9470307917888563,1.6687499999932243,1.0996249999948304,nan,nan,33.06933322104272,0.8737323094588744,0.969440363291162,0.9893031785898322,0.9869979577026043,Pillow wall time including file I/O
chat_preview,photo,kodak_02,768,512,512,341,JPEG,"seq444,q=69",26572,1.217558651026393,1.2482500000032815,0.7237909999844305,nan,nan,34.4940702741693,0.8969753276870692,0.9819451610112395,0.989653776095046,0.9924488704231127,Pillow wall time including file I/O
chat_preview,photo,kodak_02,768,512,512,341,JPEG,"prog444,q=69",26893,1.2322672287390029,2.25591599999575,1.3628749999838874,nan,nan,34.4940702741693,0.8969753276870692,0.9819451610112395,0.989653776095046,0.9924488704231127,Pillow wall time including file I/O
chat_preview,photo,kodak_02,768,512,512,341,JPEG,"seq420,q=70",21211,0.9719116568914956,0.8684579999851394,0.6185409999943658,nan,nan,33.17181398621686,0.8765332284149908,0.9704534143617601,0.9896195477500446,0.987308877335542,Pillow wall time including file I/O
chat_preview,photo,kodak_02,768,512,512,341,JPEG,"prog420,q=70",21322,0.9769978005865103,1.6648750000172186,1.085208999995757,nan,nan,33.17181398621686,0.8765332284149908,0.9704534143617601,0.9896195477500446,0.987308877335542,Pillow wall time including file I/O
chat_preview,photo,kodak_02,768,512,512,341,JPEG,"seq444,q=70",27423,1.2565524193548387,1.2803750000216496,0.6915419999984351,nan,nan,34.622521844548515,0.8997924807780066,0.9830373111952982,0.9899494035830809,0.9927845211279543,Pillow wall time including file I/O
chat_preview,photo,kodak_02,768,512,512,341,JPEG,"prog444,q=70",27716,1.2699780058651027,2.3201669999934893,1.4048330000093756,nan,nan,34.622521844548515,0.8997924807780066,0.9830373111952982,0.9899494035830809,0.9927845211279543,Pillow wall time including file I/O
chat_preview,photo,kodak_02,768,512,512,341,JPEG,"seq420,q=71",21722,0.9953262463343109,0.8932089999973414,0.6026249999990796,nan,nan,33.259569537551016,0.8789593044348868,0.9716186579777601,0.9900540736288712,0.9875792481382287,Pillow wall time including file I/O
chat_preview,photo,kodak_02,768,512,512,341,JPEG,"prog420,q=71",21809,0.9993126832844574,1.71100000000024,1.0859170000117047,nan,nan,33.259569537551016,0.8789593044348868,0.9716186579777601,0.9900540736288712,0.9875792481382287,Pillow wall time including file I/O
chat_preview,photo,kodak_02,768,512,512,341,JPEG,"seq444,q=71",28129,1.2889021260997067,1.2954999999976735,0.7106250000106229,nan,nan,34.73931568089544,0.9018873289125766,0.9837905870124467,0.9903636405002816,0.9930188173253636,Pillow wall time including file I/O
chat_preview,photo,kodak_02,768,512,512,341,JPEG,"prog444,q=71",28451,1.3036565249266863,2.3867090000067037,1.366042000000789,nan,nan,34.73931568089544,0.9018873289125766,0.9837905870124467,0.9903636405002816,0.9930188173253636,Pillow wall time including file I/O
chat_preview,photo,kodak_02,768,512,512,341,JPEG,"seq420,q=72",22183,1.016449780058651,0.8501249999994798,0.4810829999826183,nan,nan,33.348673693047395,0.8809717996469884,0.9721568537888979,0.9902682926510764,0.9878391759527556,Pillow wall time including file I/O
chat_preview,photo,kodak_02,768,512,512,341,JPEG,"prog420,q=72",22257,1.019840542521994,1.7518749999965166,1.0141250000117452,nan,nan,33.348673693047395,0.8809717996469884,0.9721568537888979,0.9902682926510764,0.9878391759527556,Pillow wall time including file I/O
chat_preview,photo,kodak_02,768,512,512,341,JPEG,"seq444,q=72",28683,1.3142870234604105,1.294459000007464,0.715458000001945,nan,nan,34.8268775875502,0.9038180743305197,0.9840681926366557,0.9905616140612311,0.9931287232446716,Pillow wall time including file I/O
chat_preview,photo,kodak_02,768,512,512,341,JPEG,"prog444,q=72",29006,1.3290872434017595,2.3121670000136874,1.2680410000029951,nan,nan,34.8268775875502,0.9038180743305197,0.9840681926366557,0.9905616140612311,0.9931287232446716,Pillow wall time including file I/O
chat_preview,photo,kodak_02,768,512,512,341,JPEG,"seq420,q=73",22864,1.0476539589442815,0.8672910000200318,0.623458000006849,nan,nan,33.41916561081386,0.8828902209734891,0.9725348488081762,0.990587402705504,0.9878818288653791,Pillow wall time including file I/O
chat_preview,photo,kodak_02,768,512,512,341,JPEG,"prog420,q=73",22857,1.047333211143695,1.724666000001207,1.1296669999865117,nan,nan,33.41916561081386,0.8828902209734891,0.9725348488081762,0.990587402705504,0.9878818288653791,Pillow wall time including file I/O
chat_preview,photo,kodak_02,768,512,512,341,JPEG,"seq444,q=73",29504,1.3519061583577712,1.2803750000216496,0.704750000011245,nan,nan,34.91870537341132,0.9053921894563698,0.9844373043929374,0.9908795530273958,0.9932696288541354,Pillow wall time including file I/O
chat_preview,photo,kodak_02,768,512,512,341,JPEG,"prog444,q=73",29757,1.3634989002932552,2.4565840000150274,1.3567499999851407,nan,nan,34.91870537341132,0.9053921894563698,0.9844373043929374,0.9908795530273958,0.9932696288541354,Pillow wall time including file I/O
chat_preview,photo,kodak_02,768,512,512,341,JPEG,"seq420,q=74",23846,1.0926502932551319,1.0172909999823787,0.671500000009928,nan,nan,33.5251989087202,0.8856572043607537,0.9731487844903204,0.9911066898239433,0.9880108116691951,Pillow wall time including file I/O
chat_preview,photo,kodak_02,768,512,512,341,JPEG,"prog420,q=74",23853,1.0929710410557185,1.9474169999966762,1.2457499999811716,nan,nan,33.5251989087202,0.8856572043607537,0.9731487844903204,0.9911066898239433,0.9880108116691951,Pillow wall time including file I/O
chat_preview,photo,kodak_02,768,512,512,341,JPEG,"seq444,q=74",30726,1.407899560117302,1.4518329999759771,0.7877090000079079,nan,nan,35.06642599233203,0.9083576725610225,0.9852583041594114,0.9914712790354147,0.993493036136447,Pillow wall time including file I/O
chat_preview,photo,kodak_02,768,512,512,341,JPEG,"prog444,q=74",31033,1.421966642228739,2.7215420000175072,1.5882920000080958,nan,nan,35.06642599233203,0.9083576725610225,0.9852583041594114,0.9914712790354147,0.993493036136447,Pillow wall time including file I/O
chat_preview,photo,kodak_02,768,512,512,341,JPEG,"seq420,q=75",24020,1.1006231671554252,0.9780000000034761,0.6967919999851802,nan,nan,33.58299161793147,0.8867790010631422,0.9733799722556364,0.991199549123545,0.9881509812499983,Pillow wall time including file I/O
chat_preview,photo,kodak_02,768,512,512,341,JPEG,"prog420,q=75",23984,1.098973607038123,1.856958000018949,1.0621670000148242,nan,nan,33.58299161793147,0.8867790010631422,0.9733799722556364,0.991199549123545,0.9881509812499983,Pillow wall time including file I/O
chat_preview,photo,kodak_02,768,512,512,341,JPEG,"seq444,q=75",30924,1.4169721407624634,1.3427919999742244,0.639750000004824,nan,nan,35.13132190823059,0.9092154796487856,0.9853703995884601,0.9915517945961075,0.9935870254887033,Pillow wall time including file I/O
chat_preview,photo,kodak_02,768,512,512,341,JPEG,"prog444,q=75",31212,1.4301686217008798,2.6755830000126934,1.4171669999996084,nan,nan,35.13132190823059,0.9092154796487856,0.9853703995884601,0.9915517945961075,0.9935870254887033,Pillow wall time including file I/O
chat_preview,photo,kodak_02,768,512,512,341,JPEG,"seq420,q=76",24730,1.1331561583577712,0.9239169999943897,0.49904200000128185,nan,nan,33.71914032788594,0.8895909551158474,0.974467289758907,0.9916085140533442,0.9885566189794714,Pillow wall time including file I/O
chat_preview,photo,kodak_02,768,512,512,341,JPEG,"prog420,q=76",24646,1.1293071847507332,1.7998749999890151,1.1468330000070637,nan,nan,33.71914032788594,0.8895909551158474,0.974467289758907,0.9916085140533442,0.9885566189794714,Pillow wall time including file I/O
chat_preview,photo,kodak_02,768,512,512,341,JPEG,"seq444,q=76",31843,1.459081744868035,1.325209000015093,0.7416669999997794,nan,nan,35.27529487569733,0.9116967399690235,0.9862423179259784,0.9919639362423197,0.9939157607054392,Pillow wall time including file I/O
chat_preview,photo,kodak_02,768,512,512,341,JPEG,"prog444,q=76",32048,1.468475073313783,2.4760839999942164,1.3629999999977827,nan,nan,35.27529487569733,0.9116967399690235,0.9862423179259784,0.9919639362423197,0.9939157607054392,Pillow wall time including file I/O
chat_preview,photo,kodak_02,768,512,512,341,JPEG,"seq420,q=77",25865,1.1851631231671553,0.9518749999983811,0.6791670000154681,nan,nan,33.8942860692644,0.8928367468080821,0.9755135070758049,0.9920989842414922,0.9890799392096898,Pillow wall time including file I/O
chat_preview,photo,kodak_02,768,512,512,341,JPEG,"prog420,q=77",25764,1.1805351906158357,1.8231669999977385,1.2059169999929509,nan,nan,33.8942860692644,0.8928367468080821,0.9755135070758049,0.9920989842414922,0.9890799392096898,Pillow wall time including file I/O
chat_preview,photo,kodak_02,768,512,512,341,JPEG,"seq444,q=77",33321,1.5268053519061584,1.3750839999886466,0.7472499999892079,nan,nan,35.47381790359474,0.9152345533581959,0.98706098623485,0.9924659882633002,0.9941999869871019,Pillow wall time including file I/O
chat_preview,photo,kodak_02,768,512,512,341,JPEG,"prog444,q=77",33518,1.5358321114369502,2.5724159999924723,1.499625000008109,nan,nan,35.47381790359474,0.9152345533581959,0.98706098623485,0.9924659882633002,0.9941999869871019,Pillow wall time including file I/O
chat_preview,photo,kodak_02,768,512,512,341,JPEG,"seq420,q=78",26769,1.2265854105571847,0.9854170000096474,0.6393749999915599,nan,nan,34.029286844770226,0.8950119077639521,0.9761609097099316,0.992415152214508,0.9894652727784776,Pillow wall time including file I/O
chat_preview,photo,kodak_02,768,512,512,341,JPEG,"prog420,q=78",26507,1.2145802785923754,1.8901660000096854,1.1880419999954484,nan,nan,34.029286844770226,0.8950119077639521,0.9761609097099316,0.992415152214508,0.9894652727784776,Pillow wall time including file I/O
chat_preview,photo,kodak_02,768,512,512,341,JPEG,"seq444,q=78",34412,1.5767961876832846,1.3195420000045033,0.7367499999872962,nan,nan,35.59399348052753,0.9169423279469021,0.9874320855954023,0.9927886860711099,0.9943814121798239,Pillow wall time including file I/O
chat_preview,photo,kodak_02,768,512,512,341,JPEG,"prog444,q=78",34506,1.5811033724340176,2.601334000019051,1.4927499999828342,nan,nan,35.59399348052753,0.9169423279469021,0.9874320855954023,0.9927886860711099,0.9943814121798239,Pillow wall time including file I/O
chat_preview,photo,kodak_02,768,512,512,341,JPEG,"seq420,q=79",27445,1.2575604838709677,0.9607500000186064,0.6353750000016589,nan,nan,34.1953752119807,0.8974751496622008,0.9768997439692143,0.9926538517979179,0.9900756850406188,Pillow wall time including file I/O
chat_preview,photo,kodak_02,768,512,512,341,JPEG,"prog420,q=79",27194,1.246059384164223,1.898750000009386,1.195458000012195,nan,nan,34.1953752119807,0.8974751496622008,0.9768997439692143,0.9926538517979179,0.9900756850406188,Pillow wall time including file I/O
chat_preview,photo,kodak_02,768,512,512,341,JPEG,"seq444,q=79",35261,1.6156983137829912,1.3473340000018652,0.7447919999776786,nan,nan,35.72910853082327,0.9191405205738284,0.9877996408329585,0.9930267397195309,0.9945966001370586,Pillow wall time including file I/O
chat_preview,photo,kodak_02,768,512,512,341,JPEG,"prog444,q=79",35303,1.6176228005865103,2.5949579999746675,1.5133750000018154,nan,nan,35.72910853082327,0.9191405205738284,0.9877996408329585,0.9930267397195309,0.9945966001370586,Pillow wall time including file I/O
chat_preview,photo,kodak_02,768,512,512,341,JPEG,"seq420,q=80",28445,1.3033815982404693,0.9724589999962063,0.6662920000053418,nan,nan,34.380905478318844,0.9005417331562598,0.9779713096265015,0.9930404522813121,0.9906484703963526,Pillow wall time including file I/O
chat_preview,photo,kodak_02,768,512,512,341,JPEG,"prog420,q=80",28122,1.2885813782991202,1.9289169999865408,1.2149590000092303,nan,nan,34.380905478318844,0.9005417331562598,0.9779713096265015,0.9930404522813121,0.9906484703963526,Pillow wall time including file I/O
chat_preview,photo,kodak_02,768,512,512,341,JPEG,"seq444,q=80",36608,1.6774193548387097,1.3897089999943546,0.6789999999909924,nan,nan,35.9101590063042,0.9218847833259844,0.9885283222344069,0.9933935699878415,0.9948708546696677,Pillow wall time including file I/O
chat_preview,photo,kodak_02,768,512,512,341,JPEG,"prog444,q=80",36671,1.6803060850439884,2.8739589999986492,1.6216250000127275,nan,nan,35.9101590063042,0.9218847833259844,0.9885283222344069,0.9933935699878415,0.9948708546696677,Pillow wall time including file I/O
chat_preview,photo,kodak_02,768,512,512,341,JPEG,"seq420,q=81",29763,1.3637738269794721,0.9837089999962245,0.6657919999781825,nan,nan,34.58494631543089,0.9042527495495408,0.9789744529407631,0.9934112332163134,0.9911101962430482,Pillow wall time including file I/O
chat_preview,photo,kodak_02,768,512,512,341,JPEG,"prog420,q=81",29391,1.3467283724340176,2.066458000001603,1.1612090000028275,nan,nan,34.58494631543089,0.9042527495495408,0.9789744529407631,0.9934112332163134,0.9911101962430482,Pillow wall time including file I/O
chat_preview,photo,kodak_02,768,512,512,341,JPEG,"seq444,q=81",38197,1.7502291055718475,1.54691699998466,0.8121660000028896,nan,nan,36.124252335869706,0.9250075730080396,0.9891552374487528,0.9937542822632782,0.9951612862677945,Pillow wall time including file I/O
chat_preview,photo,kodak_02,768,512,512,341,JPEG,"prog444,q=81",38196,1.750183284457478,2.818708000006609,1.5949159999877338,nan,nan,36.124252335869706,0.9250075730080396,0.9891552374487528,0.9937542822632782,0.9951612862677945,Pillow wall time including file I/O
chat_preview,photo,kodak_02,768,512,512,341,JPEG,"seq420,q=82",30715,1.4073955278592376,0.976374999993368,0.6887079999842172,nan,nan,34.72590300081945,0.9067526050827937,0.9797027139062594,0.9936919595673014,0.9914183325188568,Pillow wall time including file I/O
chat_preview,photo,kodak_02,768,512,512,341,JPEG,"prog420,q=82",30294,1.3881048387096775,1.9652500000120199,1.2691249999932097,nan,nan,34.72590300081945,0.9067526050827937,0.9797027139062594,0.9936919595673014,0.9914183325188568,Pillow wall time including file I/O
chat_preview,photo,kodak_02,768,512,512,341,JPEG,"seq444,q=82",39546,1.812041788856305,1.3764999999921201,0.7793750000075761,nan,nan,36.30089041364534,0.927400623450198,0.9897108202786852,0.9940103784426765,0.9953691832094257,Pillow wall time including file I/O
chat_preview,photo,kodak_02,768,512,512,341,JPEG,"prog444,q=82",39534,1.811491935483871,2.7326249999930496,1.4793340000096578,nan,nan,36.30089041364534,0.927400623450198,0.9897108202786852,0.9940103784426765,0.9953691832094257,Pillow wall time including file I/O
chat_preview,photo,kodak_02,768,512,512,341,JPEG,"seq420,q=83",32184,1.474706744868035,1.0356249999858846,0.6682500000181335,nan,nan,34.8946211905743,0.9099282334286382,0.980599475070744,0.994113380290286,0.9918206374101988,Pillow wall time including file I/O
chat_preview,photo,kodak_02,768,512,512,341,JPEG,"prog420,q=83",31725,1.453674853372434,2.078124999997044,1.2752910000131124,nan,nan,34.8946211905743,0.9099282334286382,0.980599475070744,0.994113380290286,0.9918206374101988,Pillow wall time including file I/O
chat_preview,photo,kodak_02,768,512,512,341,JPEG,"seq444,q=83",41292,1.8920454545454546,1.4711659999875337,0.809415999981411,nan,nan,36.502031666201006,0.9300808300752658,0.9903098419247658,0.9944169633760055,0.9956028323897895,Pillow wall time including file I/O
chat_preview,photo,kodak_02,768,512,512,341,JPEG,"prog444,q=83",41235,1.889433651026393,2.80895900002065,1.5930840000066837,nan,nan,36.502031666201006,0.9300808300752658,0.9903098419247658,0.9944169633760055,0.9956028323897895,Pillow wall time including file I/O
chat_preview,photo,kodak_02,768,512,512,341,JPEG,"seq420,q=84",33443,1.5323955278592376,1.0448749999909523,0.672207999997454,nan,nan,35.10024359309844,0.9132837086812214,0.9814413510807439,0.9944269427470229,0.9922137896826969,Pillow wall time including file I/O
chat_preview,photo,kodak_02,768,512,512,341,JPEG,"prog420,q=84",32877,1.5064607771260996,2.119832999994742,1.285709000001134,nan,nan,35.10024359309844,0.9132837086812214,0.9814413510807439,0.9944269427470229,0.9922137896826969,Pillow wall time including file I/O
chat_preview,photo,kodak_02,768,512,512,341,JPEG,"seq444,q=84",42869,1.9643053519061584,1.4464589999931832,0.7924170000137565,nan,nan,36.71252068484745,0.9327809631339229,0.9908221534989133,0.9947342393358101,0.9958222363526666,Pillow wall time including file I/O
chat_preview,photo,kodak_02,768,512,512,341,JPEG,"prog444,q=84",42629,1.953308284457478,2.9184170000178256,1.6452920000062932,nan,nan,36.71252068484745,0.9327809631339229,0.9908221534989133,0.9947342393358101,0.9958222363526666,Pillow wall time including file I/O
chat_preview,photo,kodak_02,768,512,512,341,JPEG,"seq420,q=85",34796,1.594391495601173,1.0804590000077496,0.6906250000042746,nan,nan,35.29823580907964,0.9166439319549435,0.9822648266077151,0.9947379008869107,0.9924979411990574,Pillow wall time including file I/O
chat_preview,photo,kodak_02,768,512,512,341,JPEG,"prog420,q=85",34119,1.5633706011730206,2.181250000006685,1.3284999999996217,nan,nan,35.29823580907964,0.9166439319549435,0.9822648266077151,0.9947379008869107,0.9924979411990574,Pillow wall time including file I/O
chat_preview,photo,kodak_02,768,512,512,341,JPEG,"seq444,q=85",44894,2.057093108504399,1.4621250000175223,0.7882079999887992,nan,nan,36.95982058789213,0.9359323831863562,0.9914612822421743,0.995031381098853,0.9961131487254568,Pillow wall time including file I/O
chat_preview,photo,kodak_02,768,512,512,341,JPEG,"prog444,q=85",44570,2.0422470674486806,2.9744999999934407,1.7415410000012344,nan,nan,36.95982058789213,0.9359323831863562,0.9914612822421743,0.995031381098853,0.9961131487254568,Pillow wall time including file I/O
chat_preview,photo,kodak_02,768,512,512,341,JPEG,"seq420,q=86",36698,1.681543255131965,1.0648749999973006,0.5675419999988662,nan,nan,35.505849518136834,0.9202340266297799,0.9830988888723305,0.9951758070090484,0.9928865475258193,Pillow wall time including file I/O
chat_preview,photo,kodak_02,768,512,512,341,JPEG,"prog420,q=86",35864,1.6433284457478006,2.251874999984693,1.2090840000098524,nan,nan,35.505849518136834,0.9202340266297799,0.9830988888723305,0.9951758070090484,0.9928865475258193,Pillow wall time including file I/O
chat_preview,photo,kodak_02,768,512,512,341,JPEG,"seq444,q=86",47006,2.153867302052786,1.500666999987743,0.8649170000012418,nan,nan,37.227838193417185,0.9390728777260035,0.9919848230859399,0.9954685378509566,0.9963657892101231,Pillow wall time including file I/O
chat_preview,photo,kodak_02,768,512,512,341,JPEG,"prog444,q=86",46556,2.1332478005865103,5.647333000013077,1.6185410000275624,nan,nan,37.227838193417185,0.9390728777260035,0.9919848230859399,0.9954685378509566,0.9963657892101231,Pillow wall time including file I/O
chat_preview,photo,kodak_02,768,512,512,341,JPEG,"seq420,q=87",38141,1.7476631231671553,1.0855830000195965,0.7032089999938762,nan,nan,35.73728726601788,0.9238979459927296,0.9841920793308926,0.9954753848906307,0.9933600357184577,Pillow wall time including file I/O
chat_preview,photo,kodak_02,768,512,512,341,JPEG,"prog420,q=87",37277,1.708073680351906,2.2647500000232412,1.3404999999977463,nan,nan,35.73728726601788,0.9238979459927296,0.9841920793308926,0.9954753848906307,0.9933600357184577,Pillow wall time including file I/O
chat_preview,photo,kodak_02,768,512,512,341,JPEG,"seq444,q=87",49097,2.2496792521994133,1.544874999979129,0.8455000000253676,nan,nan,37.49118478702632,0.9420678260090752,0.9925132538106355,0.995719061247984,0.9965965530840827,Pillow wall time including file I/O
chat_preview,photo,kodak_02,768,512,512,341,JPEG,"prog444,q=87",48586,2.226264662756598,3.086916999990308,1.7687920000071244,nan,nan,37.49118478702632,0.9420678260090752,0.9925132538106355,0.995719061247984,0.9965965530840827,Pillow wall time including file I/O
chat_preview,photo,kodak_02,768,512,512,341,JPEG,"seq420,q=88",40648,1.8625366568914956,1.1084590000223216,0.7649579999906564,nan,nan,36.00676506190291,0.9281952509080096,0.9852489933510123,0.9958016678788452,0.9937960720002607,Pillow wall time including file I/O
chat_preview,photo,kodak_02,768,512,512,341,JPEG,"prog420,q=88",39529,1.8112628299120235,2.286874999981592,1.418749999999136,nan,nan,36.00676506190291,0.9281952509080096,0.9852489933510123,0.9958016678788452,0.9937960720002607,Pillow wall time including file I/O
chat_preview,photo,kodak_02,768,512,512,341,JPEG,"seq444,q=88",52449,2.4032716275659824,1.574666999999863,0.7354589999977179,nan,nan,37.80967950788633,0.9455760559564457,0.9930866693648756,0.9960359024901139,0.9968438976487649,Pillow wall time including file I/O
chat_preview,photo,kodak_02,768,512,512,341,JPEG,"prog444,q=88",51620,2.3652859237536656,3.516958000005843,1.9492499999955726,nan,nan,37.80967950788633,0.9455760559564457,0.9930866693648756,0.9960359024901139,0.9968438976487649,Pillow wall time including file I/O
chat_preview,photo,kodak_02,768,512,512,341,JPEG,"seq420,q=89",42561,1.950192448680352,1.2457500000095934,0.7961249999937081,nan,nan,36.24595084305301,0.9319046760524253,0.9859193352065824,0.9961407664692302,0.9940174216393749,Pillow wall time including file I/O
chat_preview,photo,kodak_02,768,512,512,341,JPEG,"prog420,q=89",41248,1.8900293255131966,2.578708000015695,1.484709000010298,nan,nan,36.24595084305301,0.9319046760524253,0.9859193352065824,0.9961407664692302,0.9940174216393749,Pillow wall time including file I/O
chat_preview,photo,kodak_02,768,512,512,341,JPEG,"seq444,q=89",54851,2.513333944281525,1.7442919999837159,0.9091659999853619,nan,nan,38.13340878369915,0.9488472252158514,0.9935355656056001,0.9963597831579197,0.997066050767074,Pillow wall time including file I/O
chat_preview,photo,kodak_02,768,512,512,341,JPEG,"prog444,q=89",53804,2.465359237536657,3.363750000005439,1.7245409999873118,nan,nan,38.13340878369915,0.9488472252158514,0.9935355656056001,0.9963597831579197,0.997066050767074,Pillow wall time including file I/O
chat_preview,photo,kodak_02,768,512,512,341,JPEG,"seq420,q=90",45602,2.0895344574780057,1.1532919999979185,0.739041999992196,nan,nan,36.53734320440964,0.9359763874121286,0.9870339713950039,0.9965400269634573,0.9945428702065631,Pillow wall time including file I/O
chat_preview,photo,kodak_02,768,512,512,341,JPEG,"prog420,q=90",43983,2.015350073313783,2.508959000010691,1.4655829999981052,nan,nan,36.53734320440964,0.9359763874121286,0.9870339713950039,0.9965400269634573,0.9945428702065631,Pillow wall time including file I/O
chat_preview,photo,kodak_02,768,512,512,341,JPEG,"seq444,q=90",58791,2.6938691348973607,1.6450829999996586,0.8974170000044523,nan,nan,38.54889882677795,0.9526836412075195,0.9942215676598053,0.9967726908399427,0.9973601908633638,Pillow wall time including file I/O
chat_preview,photo,kodak_02,768,512,512,341,JPEG,"prog444,q=90",57335,2.6271535923753664,3.37562500001809,1.7851249999978336,nan,nan,38.54889882677795,0.9526836412075195,0.9942215676598053,0.9967726908399427,0.9973601908633638,Pillow wall time including file I/O
chat_preview,photo,kodak_02,768,512,512,341,JPEG,"seq420,q=91",48382,2.21691715542522,3.637666000003037,0.6370829999866601,nan,nan,36.85767480645163,0.9401098873009458,0.9881083357310257,0.9968754940731545,0.995032454918118,Pillow wall time including file I/O
chat_preview,photo,kodak_02,768,512,512,341,JPEG,"prog420,q=91",46678,2.1388379765395893,2.6052919999983715,1.556166000000303,nan,nan,36.85767480645163,0.9401098873009458,0.9881083357310257,0.9968754940731545,0.995032454918118,Pillow wall time including file I/O
chat_preview,photo,kodak_02,768,512,512,341,JPEG,"seq444,q=91",62743,2.8749541788856305,1.6839169999798287,0.8848749999970096,nan,nan,38.97413772997947,0.9564106068867734,0.994789912253058,0.9970918195321963,0.99761211088547,Pillow wall time including file I/O
chat_preview,photo,kodak_02,768,512,512,341,JPEG,"prog444,q=91",61117,2.800449046920821,3.543500000006361,1.9462920000137274,nan,nan,38.97413772997947,0.9564106068867734,0.994789912253058,0.9970918195321963,0.99761211088547,Pillow wall time including file I/O
chat_preview,photo,kodak_02,768,512,512,341,JPEG,"seq420,q=92",51299,2.3505773460410557,1.257541999990508,0.9244590000037078,nan,nan,37.20066586931637,0.9443868113783802,0.9888919258526636,0.9971538129386335,0.9953400330752531,Pillow wall time including file I/O
chat_preview,photo,kodak_02,768,512,512,341,JPEG,"prog420,q=92",49320,2.259897360703812,2.6798330000019632,1.5608749999955762,nan,nan,37.20066586931637,0.9443868113783802,0.9888919258526636,0.9971538129386335,0.9953400330752531,Pillow wall time including file I/O
chat_preview,photo,kodak_02,768,512,512,341,JPEG,"seq444,q=92",66493,3.046783357771261,1.7410840000025019,0.9940410000126576,nan,nan,39.455420142375004,0.9600806400737399,0.9952125704402973,0.9973860437687112,0.9978629518838149,Pillow wall time including file I/O
chat_preview,photo,kodak_02,768,512,512,341,JPEG,"prog444,q=92",64394,2.9506048387096775,3.6939999999958673,2.075334000011253,nan,nan,39.455420142375004,0.9600806400737399,0.9952125704402973,0.9973860437687112,0.9978629518838149,Pillow wall time including file I/O
chat_preview,photo,kodak_02,768,512,512,341,JPEG,"seq420,q=93",56026,2.5671737536656893,1.262333999989096,0.8344999999962965,nan,nan,37.611427252612366,0.9496092537822296,0.9900483764362926,0.9975712290611176,0.9957158381090913,Pillow wall time including file I/O
chat_preview,photo,kodak_02,768,512,512,341,JPEG,"prog420,q=93",53821,2.4661381964809386,2.864250000016,1.6639170000019021,nan,nan,37.611427252612366,0.9496092537822296,0.9900483764362926,0.9975712290611176,0.9957158381090913,Pillow wall time including file I/O
chat_preview,photo,kodak_02,768,512,512,341,JPEG,"seq444,q=93",72392,3.31708211143695,1.8565839999951095,0.8284590000187109,nan,nan,40.0476000924321,0.9644237481912664,0.9958063309807862,0.997796340791472,0.9981368879664129,Pillow wall time including file I/O
chat_preview,photo,kodak_02,768,512,512,341,JPEG,"prog444,q=93",70088,3.2115102639296187,5.644540999981018,2.095332999999755,nan,nan,40.0476000924321,0.9644237481912664,0.9958063309807862,0.997796340791472,0.9981368879664129,Pillow wall time including file I/O
chat_preview,photo,kodak_02,768,512,512,341,JPEG,"seq420,q=94",61811,2.832248900293255,4.06024999998067,0.7687500000201908,nan,nan,38.05298349164286,0.9547067046953619,0.9911199681049161,0.997964367698143,0.9961397620255384,Pillow wall time including file I/O
chat_preview,photo,kodak_02,768,512,512,341,JPEG,"prog420,q=94",58857,2.6968933284457477,2.995916999992687,1.7450839999924028,nan,nan,38.05298349164286,0.9547067046953619,0.9911199681049161,0.997964367698143,0.9961397620255384,Pillow wall time including file I/O
chat_preview,photo,kodak_02,768,512,512,341,JPEG,"seq444,q=94",80096,3.6700879765395893,6.532207999981665,0.8896669999955975,nan,nan,40.74716925218983,0.9689170161948667,0.9964124444105824,0.9981560259094361,0.998412560257087,Pillow wall time including file I/O
chat_preview,photo,kodak_02,768,512,512,341,JPEG,"prog444,q=94",76892,3.523277126099707,4.239832999985538,2.3308749999841893,nan,nan,40.74716925218983,0.9689170161948667,0.9964124444105824,0.9981560259094361,0.998412560257087,Pillow wall time including file I/O
chat_preview,photo,kodak_02,768,512,512,341,JPEG,"seq420,q=95",68506,3.1390212609970676,1.4862499999992451,0.8963749999963966,nan,nan,38.545640808297506,0.9596152574643207,0.9920227470814164,0.9983042838703264,0.9964918249058131,Pillow wall time including file I/O
chat_preview,photo,kodak_02,768,512,512,341,JPEG,"prog420,q=95",65265,2.9905150293255134,3.2181249999894135,1.795083000018849,nan,nan,38.545640808297506,0.9596152574643207,0.9920227470814164,0.9983042838703264,0.9964918249058131,Pillow wall time including file I/O
chat_preview,photo,kodak_02,768,512,512,341,JPEG,"seq444,q=95",88687,4.063737170087976,1.9305830000178048,1.0484579999854304,nan,nan,41.55099179513798,0.9734277171344909,0.9969298815347383,0.9984817283367468,0.9986742848740662,Pillow wall time including file I/O
chat_preview,photo,kodak_02,768,512,512,341,JPEG,"prog444,q=95",85068,3.8979105571847508,5.351791999999023,2.6517500000124983,nan,nan,41.55099179513798,0.9734277171344909,0.9969298815347383,0.9984817283367468,0.9986742848740662,Pillow wall time including file I/O
chat_preview,photo,kodak_02,768,512,512,341,JPEG,"seq420,q=96",77532,3.552602639296188,1.723292000008314,1.0398330000214173,nan,nan,39.111366452832925,0.9654913885116158,0.9931801706717781,0.9986824668234872,0.9968627384490344,Pillow wall time including file I/O
chat_preview,photo,kodak_02,768,512,512,341,JPEG,"prog420,q=96",73702,3.377107771260997,3.894834000021774,2.164291000013918,nan,nan,39.111366452832925,0.9654913885116158,0.9931801706717781,0.9986824668234872,0.9968627384490344,Pillow wall time including file I/O
chat_preview,photo,kodak_02,768,512,512,341,JPEG,"seq444,q=96",102053,4.676182184750733,2.2837500000036925,1.1811669999985952,nan,nan,42.67215339154277,0.9787377972884886,0.9975704212432722,0.9988413132238103,0.9989664751521986,Pillow wall time including file I/O
chat_preview,photo,kodak_02,768,512,512,341,JPEG,"prog444,q=96",97635,4.473744501466276,5.04616599999963,2.699124999992364,nan,nan,42.67215339154277,0.9787377972884886,0.9975704212432722,0.9988413132238103,0.9989664751521986,Pillow wall time including file I/O
chat_preview,photo,kodak_02,768,512,512,341,JPEG,"seq420,q=97",88132,4.038306451612903,1.7407500000103937,1.0419580000018414,nan,nan,39.737413083491575,0.9709421189370272,0.9942650148432014,0.9989991957462523,0.9972754257765185,Pillow wall time including file I/O
chat_preview,photo,kodak_02,768,512,512,341,JPEG,"prog420,q=97",83813,3.8404050586510263,3.9725839999960044,2.0412919999728274,nan,nan,39.737413083491575,0.9709421189370272,0.9942650148432014,0.9989991957462523,0.9972754257765185,Pillow wall time including file I/O
chat_preview,photo,kodak_02,768,512,512,341,JPEG,"seq444,q=97",116657,5.345353739002933,2.3374589999889395,1.2357079999958387,nan,nan,43.953706829021435,0.9835925544972804,0.9981152540435078,0.9991527255941094,0.9992301564883703,Pillow wall time including file I/O
chat_preview,photo,kodak_02,768,512,512,341,JPEG,"prog444,q=97",111492,5.108687683284457,5.036415999995825,2.6997500000049968,nan,nan,43.953706829021435,0.9835925544972804,0.9981152540435078,0.9991527255941094,0.9992301564883703,Pillow wall time including file I/O
chat_preview,photo,kodak_02,768,512,512,341,JPEG,"seq420,q=98",101241,4.638975439882698,1.7908340000190037,1.046333999994431,nan,nan,40.40021148391534,0.9764472310729881,0.9953170709415153,0.9992752585231369,0.9976257690949253,Pillow wall time including file I/O
chat_preview,photo,kodak_02,768,512,512,341,JPEG,"prog420,q=98",96446,4.419263196480938,4.183959000016557,2.310875000006263,nan,nan,40.40021148391534,0.9764472310729881,0.9953170709415153,0.9992752585231369,0.9976257690949253,Pillow wall time including file I/O
chat_preview,photo,kodak_02,768,512,512,341,JPEG,"seq444,q=98",135676,6.216825513196481,2.5004590000037297,1.3061660000062147,nan,nan,45.6537584445211,0.9884220706648583,0.9985690245754867,0.9994073989846368,0.9994585311453641,Pillow wall time including file I/O
chat_preview,photo,kodak_02,768,512,512,341,JPEG,"prog444,q=98",129757,5.9456103372434015,5.6901250000009895,2.94962499998519,nan,nan,45.6537584445211,0.9884220706648583,0.9985690245754867,0.9994073989846368,0.9994585311453641,Pillow wall time including file I/O
chat_preview,photo,kodak_02,768,512,512,341,JPEG,"seq420,q=99",124481,5.703858137829912,2.0322500000133914,1.1646669999834103,nan,nan,41.01974443225403,0.9814573228261428,0.9963948148978168,0.9994982653508409,0.9979247763407442,Pillow wall time including file I/O
chat_preview,photo,kodak_02,768,512,512,341,JPEG,"prog420,q=99",120086,5.5024743401759535,5.1076250000221535,2.637167000017371,nan,nan,41.01974443225403,0.9814573228261428,0.9963948148978168,0.9994982653508409,0.9979247763407442,Pillow wall time including file I/O
chat_preview,photo,kodak_02,768,512,512,341,JPEG,"seq444,q=99",179469,8.223469574780058,2.983082999975295,1.5637909999952626,nan,nan,47.92094688224486,0.9927514687529149,0.9990299032656983,0.9996235482723447,0.9996612180279807,Pillow wall time including file I/O
chat_preview,photo,kodak_02,768,512,512,341,JPEG,"prog444,q=99",172395,7.899331011730205,6.936125000009952,3.5839999999893735,nan,nan,47.92094688224486,0.9927514687529149,0.9990299032656983,0.9996235482723447,0.9996612180279807,Pillow wall time including file I/O
chat_preview,photo,kodak_02,768,512,512,341,JPEG,"seq420,q=100",140117,6.420317082111437,2.1822920000147406,1.2525420000031318,nan,nan,41.276167964514954,0.9835651175294964,0.9969028234420586,0.9996090705410693,0.9980501995162195,Pillow wall time including file I/O
chat_preview,photo,kodak_02,768,512,512,341,JPEG,"prog420,q=100",136496,6.254398826979473,5.740084000024126,2.919584000011355,nan,nan,41.276167964514954,0.9835651175294964,0.9969028234420586,0.9996090705410693,0.9980501995162195,Pillow wall time including file I/O
chat_preview,photo,kodak_02,768,512,512,341,JPEG,"seq444,q=100",223974,10.262738269794722,3.6555000000078053,1.8557500000042637,nan,nan,50.19801733765981,0.9956391080107956,0.9993495121351902,0.9997424599979187,0.9997858106968043,Pillow wall time including file I/O
chat_preview,photo,kodak_02,768,512,512,341,JPEG,"prog444,q=100",214699,9.837747434017595,8.362292000015259,4.260125000001835,nan,nan,50.19801733765981,0.9956391080107956,0.9993495121351902,0.9997424599979187,0.9997858106968043,Pillow wall time including file I/O
chat_preview,photo,kodak_02,768,512,512,341,WebP,"m6,q=1",1950,0.08935117302052786,6.157583000003797,0.7918750000044383,nan,nan,27.750279707137583,0.6750690164260975,0.8639160057665398,0.9153850630707286,0.9379892585543189,Pillow wall time including file I/O
chat_preview,photo,kodak_02,768,512,512,341,WebP,"m6,q=2",2126,0.09741568914956011,6.457208000000492,0.7379159999914009,nan,nan,28.086414263670836,0.6882582091957916,0.87347841204173,0.9211299208791776,0.9443295529509071,Pillow wall time including file I/O
chat_preview,photo,kodak_02,768,512,512,341,WebP,"m6,q=3",2374,0.10877932551319648,6.543957999980421,0.771790999976929,nan,nan,28.43641871374831,0.7012766899113373,0.8826414884680327,0.9278738009229132,0.9496174259975763,Pillow wall time including file I/O
chat_preview,photo,kodak_02,768,512,512,341,WebP,"m6,q=4",2490,0.11409457478005865,6.771041999996896,0.7927909999807525,nan,nan,28.665777807202105,0.7074645442385182,0.8867070258947288,0.9312303213012463,0.9530485559052783,Pillow wall time including file I/O
chat_preview,photo,kodak_02,768,512,512,341,WebP,"m6,q=5",2620,0.12005131964809385,6.741709000010587,0.7678329999976086,nan,nan,28.846158227712312,0.7138892422819291,0.8914773723591537,0.9348523216310105,0.9554560614504871,Pillow wall time including file I/O
chat_preview,photo,kodak_02,768,512,512,341,WebP,"m6,q=6",2700,0.12371700879765396,7.005292000002328,0.7661249999841857,nan,nan,28.927384801610565,0.719737665316083,0.894768771223227,0.9366325244325278,0.9562673960095793,Pillow wall time including file I/O
chat_preview,photo,kodak_02,768,512,512,341,WebP,"m6,q=7",2880,0.13196480938416422,7.052874999999403,0.6574999999884312,nan,nan,29.050970384482838,0.7255204553751037,0.8978527396724724,0.9397104151240248,0.9578306059398377,Pillow wall time including file I/O
chat_preview,photo,kodak_02,768,512,512,341,WebP,"m6,q=8",3094,0.14177052785923755,8.167792000023155,0.8568330000002788,nan,nan,29.13079938599858,0.7326791761603051,0.9017880689907684,0.9418947441698915,0.9584283600584388,Pillow wall time including file I/O
chat_preview,photo,kodak_02,768,512,512,341,WebP,"m6,q=9",3176,0.14552785923753667,7.994249999995873,0.8524579999971138,nan,nan,29.233928581353766,0.7367103468628105,0.9036266939303995,0.942954253378787,0.9592192424440659,Pillow wall time including file I/O
chat_preview,photo,kodak_02,768,512,512,341,WebP,"m6,q=10",3274,0.1500183284457478,8.144916999981433,0.7352499999910833,nan,nan,29.33087157418222,0.7383845596912098,0.9049877118710065,0.9446569878964738,0.9606158023915098,Pillow wall time including file I/O
chat_preview,photo,kodak_02,768,512,512,341,WebP,"m6,q=11",3420,0.15670821114369501,8.473000000009279,0.7243749999759075,nan,nan,29.502308800193408,0.7448657710653003,0.9093808899992174,0.9477226987832814,0.962434597868223,Pillow wall time including file I/O
chat_preview,photo,kodak_02,768,512,512,341,WebP,"m6,q=12",3496,0.16019061583577712,8.03704099999436,0.7032920000256127,nan,nan,29.60728034820179,0.7489452896644159,0.9116189280748043,0.9487003139701076,0.9636591069584002,Pillow wall time including file I/O
chat_preview,photo,kodak_02,768,512,512,341,WebP,"m6,q=13",3704,0.16972140762463342,8.16533299999378,0.717415999986315,nan,nan,29.815039985353575,0.7538655123228457,0.914147176509433,0.9509338302596526,0.9658280962148366,Pillow wall time including file I/O
chat_preview,photo,kodak_02,768,512,512,341,WebP,"m6,q=14",3770,0.17274560117302054,7.805083999983253,0.8207920000131708,nan,nan,29.840649491476103,0.7562200462527816,0.9150983123538223,0.9512291723121306,0.9660413059503494,Pillow wall time including file I/O
chat_preview,photo,kodak_02,768,512,512,341,WebP,"m6,q=15",3926,0.17989369501466276,8.16654199999789,0.8611670000107097,nan,nan,29.893953643807208,0.7583378270896137,0.9160611352278272,0.9511387715778992,0.9663091672281455,Pillow wall time including file I/O
chat_preview,photo,kodak_02,768,512,512,341,WebP,"m6,q=16",4104,0.18804985337243402,8.160500000002457,0.8339590000048247,nan,nan,30.024739137930556,0.7632425553615269,0.918412822449727,0.9532790923362593,0.9674788353710073,Pillow wall time including file I/O
chat_preview,photo,kodak_02,768,512,512,341,WebP,"m6,q=17",4198,0.19235703812316715,8.186375000008184,0.8367089999978816,nan,nan,30.131603121644584,0.7675757868659545,0.920892775207968,0.9547057164831901,0.968318193760709,Pillow wall time including file I/O
chat_preview,photo,kodak_02,768,512,512,341,WebP,"m6,q=18",4408,0.20197947214076245,8.286875000010241,0.7134169999858386,nan,nan,30.248962629664312,0.7722285283260321,0.9232754458209556,0.9567493916509026,0.9694987423907507,Pillow wall time including file I/O
chat_preview,photo,kodak_02,768,512,512,341,WebP,"m6,q=19",4572,0.2094941348973607,8.454374999985248,0.7265000000131749,nan,nan,30.307504223017297,0.775645005542318,0.9246835518027025,0.9578698475971633,0.9698606855820872,Pillow wall time including file I/O
chat_preview,photo,kodak_02,768,512,512,341,WebP,"m6,q=20",4698,0.2152675953079179,8.692125000010265,0.8468750000076852,nan,nan,30.38300066655399,0.7780713166642869,0.9258994518237705,0.9591449327639934,0.9705995826728885,Pillow wall time including file I/O
chat_preview,photo,kodak_02,768,512,512,341,WebP,"m6,q=21",4814,0.22058284457478006,8.837874999983342,0.8519169999772203,nan,nan,30.435791549807895,0.7804289302708476,0.9265463177281811,0.9594638538977025,0.9707543286386459,Pillow wall time including file I/O
chat_preview,photo,kodak_02,768,512,512,341,WebP,"m6,q=22",4976,0.2280058651026393,8.840708000008135,0.8753750000209948,nan,nan,30.656497363357957,0.78629713283198,0.9290031246642769,0.9625919040221406,0.9726425938798607,Pillow wall time including file I/O
chat_preview,photo,kodak_02,768,512,512,341,WebP,"m6,q=23",5128,0.23497067448680353,8.918749999992315,0.8456250000108412,nan,nan,30.770727645118402,0.7890097318586848,0.9310365536738908,0.963656632314718,0.9735137156263635,Pillow wall time including file I/O
chat_preview,photo,kodak_02,768,512,512,341,WebP,"m6,q=24",5272,0.24156891495601174,9.05025000000137,0.883667000010746,nan,nan,30.83510563472949,0.7920948388904399,0.9319476420969904,0.9639415221729515,0.9738536929685206,Pillow wall time including file I/O
chat_preview,photo,kodak_02,768,512,512,341,WebP,"m6,q=25",5482,0.25119134897360706,9.213415999994368,0.8785830000022088,nan,nan,30.877507028809426,0.794736107083723,0.9330661650517399,0.965189275235987,0.974082605150981,Pillow wall time including file I/O
chat_preview,photo,kodak_02,768,512,512,341,WebP,"m6,q=26",5550,0.25430718475073316,9.380415999999059,0.8875839999973323,nan,nan,30.983299786049642,0.7967621704179745,0.934253000565756,0.9653001744952731,0.9749330191031927,Pillow wall time including file I/O
chat_preview,photo,kodak_02,768,512,512,341,WebP,"m6,q=27",5648,0.2587976539589443,9.370832999991308,0.906582999988359,nan,nan,31.05767853788008,0.7986378017584993,0.9361022397922723,0.9667719952957153,0.9756568915124452,Pillow wall time including file I/O
chat_preview,photo,kodak_02,768,512,512,341,WebP,"m6,q=28",5850,0.2680535190615836,9.816208999978926,0.932417000001351,nan,nan,31.153582268898205,0.8021842369658305,0.9367465511484344,0.9672090617083466,0.9761984205463828,Pillow wall time including file I/O
chat_preview,photo,kodak_02,768,512,512,341,WebP,"m6,q=29",6088,0.2789589442815249,9.762999999992417,0.9075420000215217,nan,nan,31.14347063494958,0.8044371279701,0.9379893304476564,0.967168759757196,0.9760429933782144,Pillow wall time including file I/O
chat_preview,photo,kodak_02,768,512,512,341,WebP,"m6,q=30",6322,0.28968108504398826,9.92095800000925,0.8089170000005197,nan,nan,31.40203966516023,0.8102211041839938,0.9402040720080067,0.9691024949450131,0.9775103531683204,Pillow wall time including file I/O
chat_preview,photo,kodak_02,768,512,512,341,WebP,"m6,q=31",6428,0.29453812316715544,10.441624999998567,0.9152920000019549,nan,nan,31.553839407946114,0.8139111637544533,0.9418955811394086,0.9702987381938005,0.9787821745440272,Pillow wall time including file I/O
chat_preview,photo,kodak_02,768,512,512,341,WebP,"m6,q=32",6586,0.30177785923753664,10.043082999999342,0.952791000003117,nan,nan,31.632591279142428,0.8148884586148037,0.9422779056742915,0.9705161995122474,0.9792503418626551,Pillow wall time including file I/O
chat_preview,photo,kodak_02,768,512,512,341,WebP,"m6,q=33",6756,0.3095674486803519,10.262457999999697,0.9732089999943128,nan,nan,31.668544595736048,0.8166906778283781,0.9423585844035633,0.9705540796882639,0.9792636864687387,Pillow wall time including file I/O
chat_preview,photo,kodak_02,768,512,512,341,WebP,"m6,q=34",6938,0.3179068914956012,10.333750000000919,0.93933300001936,nan,nan,31.819042103589254,0.8218441206081447,0.9445770530208192,0.9725072547568883,0.980175136436003,Pillow wall time including file I/O
chat_preview,photo,kodak_02,768,512,512,341,WebP,"m6,q=35",7000,0.32074780058651026,11.387916999979097,1.0063339999817345,nan,nan,31.764223724321212,0.8194073426988742,0.9431972389610749,0.9712987116208714,0.9798850102916835,Pillow wall time including file I/O
chat_preview,photo,kodak_02,768,512,512,341,WebP,"m6,q=36",7188,0.3293621700879765,11.611458999993829,1.0228749999896536,nan,nan,31.892312514871143,0.8225981564991699,0.9447680446597371,0.972399764420701,0.98049351287748,Pillow wall time including file I/O
chat_preview,photo,kodak_02,768,512,512,341,WebP,"m6,q=37",7326,0.33568548387096775,11.163167000006524,1.0166670000160138,nan,nan,31.9555024893644,0.8249545896828617,0.9457750325104491,0.9729940270707221,0.9808509463512315,Pillow wall time including file I/O
chat_preview,photo,kodak_02,768,512,512,341,WebP,"m6,q=38",7428,0.34035923753665687,11.540916999990714,0.9486669999887454,nan,nan,31.964953073088843,0.824746229888417,0.9455953149027785,0.972910251486201,0.9808455223756236,Pillow wall time including file I/O
chat_preview,photo,kodak_02,768,512,512,341,WebP,"m6,q=39",7652,0.35062316715542524,11.452166999987412,0.9056659999941985,nan,nan,31.943912268327956,0.8257195359732706,0.9467472107628501,0.9725685949574994,0.9808260363197877,Pillow wall time including file I/O
chat_preview,photo,kodak_02,768,512,512,341,WebP,"m6,q=40",7706,0.3530975073313783,11.017665999986548,0.8573749999811753,nan,nan,32.08425587611869,0.8283372116785745,0.9475365935357023,0.9737727537437733,0.9816497664687833,Pillow wall time including file I/O
chat_preview,photo,kodak_02,768,512,512,341,WebP,"m6,q=41",7922,0.3629948680351906,11.097833000007995,1.0047909999855165,nan,nan,32.17795192778217,0.8311163628323763,0.9486965516464978,0.9743865400512128,0.9821219769282162,Pillow wall time including file I/O
chat_preview,photo,kodak_02,768,512,512,341,WebP,"m6,q=42",8110,0.37160923753665687,11.321000000009462,1.0088749999965785,nan,nan,32.30520267575827,0.833653459559664,0.9496435341943834,0.9749789756782504,0.9826349474432086,Pillow wall time including file I/O
chat_preview,photo,kodak_02,768,512,512,341,WebP,"m6,q=43",8312,0.3808651026392962,11.307666000021754,1.1172079999823836,nan,nan,32.13417922411715,0.8319581566170485,0.948351293502231,0.9731343881570335,0.9815081116780169,Pillow wall time including file I/O
chat_preview,photo,kodak_02,768,512,512,341,WebP,"m6,q=44",8492,0.38911290322580644,11.513207999996666,1.0101249999934225,nan,nan,32.26751711054911,0.8352470497351893,0.9503319252463228,0.9749048042713313,0.9823694548805388,Pillow wall time including file I/O
chat_preview,photo,kodak_02,768,512,512,341,WebP,"m6,q=45",8616,0.3947947214076246,11.527459000006957,0.907374999997046,nan,nan,32.50230453356709,0.8409896081549567,0.9523522112275874,0.9772308820288745,0.9833234764689991,Pillow wall time including file I/O
chat_preview,photo,kodak_02,768,512,512,341,WebP,"m6,q=46",8810,0.4036840175953079,11.597667000017964,1.012124999988373,nan,nan,32.52711155270723,0.8405277518798352,0.95207358514693,0.9767187475022355,0.9834405789409562,Pillow wall time including file I/O
chat_preview,photo,kodak_02,768,512,512,341,WebP,"m6,q=47",8898,0.40771627565982405,11.870832999989034,0.94020800000294,nan,nan,32.617838220020914,0.8445852415121196,0.9542503680665181,0.977929989009586,0.9839346442019099,Pillow wall time including file I/O
chat_preview,photo,kodak_02,768,512,512,341,WebP,"m6,q=48",9150,0.4192631964809384,11.841750000002094,1.061915999997609,nan,nan,32.66187075713993,0.845895910955874,0.9544867628575155,0.9779929304745176,0.983997841655406,Pillow wall time including file I/O
chat_preview,photo,kodak_02,768,512,512,341,WebP,"m6,q=49",9438,0.4324596774193548,11.996167000006608,1.055125000021917,nan,nan,32.7304219838104,0.8491675430711592,0.9554124350185339,0.9788771738209321,0.9841230083949108,Pillow wall time including file I/O
chat_preview,photo,kodak_02,768,512,512,341,WebP,"m6,q=50",9424,0.4318181818181818,12.157374999986814,1.0221250000199689,nan,nan,32.71247577366828,0.8464850244032361,0.9545515138159857,0.9777579122167279,0.984137562226096,Pillow wall time including file I/O
chat_preview,photo,kodak_02,768,512,512,341,WebP,"m6,q=51",9724,0.44556451612903225,12.199250000008988,0.9655000000066138,nan,nan,32.80340926477835,0.8496961215931108,0.9558621780943349,0.9784178471820302,0.9844773416798556,Pillow wall time including file I/O
chat_preview,photo,kodak_02,768,512,512,341,WebP,"m6,q=52",9714,0.44510630498533726,14.713708000016368,0.933500000002141,nan,nan,32.80414660062022,0.849109655183788,0.9553795798738376,0.9783823612471437,0.9844412125948304,Pillow wall time including file I/O
chat_preview,photo,kodak_02,768,512,512,341,WebP,"m6,q=53",10036,0.4598607038123167,12.61887500001535,1.2008749999949941,nan,nan,32.89047193439008,0.8526734086470872,0.9568321260385192,0.9788555317544153,0.9847747010271735,Pillow wall time including file I/O
chat_preview,photo,kodak_02,768,512,512,341,WebP,"m6,q=54",10090,0.4623350439882698,12.60899999999765,1.0550420000186023,nan,nan,32.89874485672486,0.8531439335057134,0.9571212106670877,0.9790809473236536,0.9846575429401904,Pillow wall time including file I/O
chat_preview,photo,kodak_02,768,512,512,341,WebP,"m6,q=55",10220,0.46829178885630496,12.754999999998518,1.078207999995584,nan,nan,32.9443133905584,0.8539096345073363,0.9570632486828435,0.9792877095513766,0.9848509901666951,Pillow wall time including file I/O
chat_preview,photo,kodak_02,768,512,512,341,WebP,"m6,q=56",10368,0.4750733137829912,12.70983300000239,1.113584000023593,nan,nan,32.99444378663277,0.8554354743576086,0.9577811371700679,0.9796688012946437,0.985209159263262,Pillow wall time including file I/O
chat_preview,photo,kodak_02,768,512,512,341,WebP,"m6,q=57",10628,0.4869868035190616,13.04779200000894,1.0919169999965561,nan,nan,33.04800053053624,0.8574676297277336,0.9587272087956663,0.9801714486935612,0.9854162461746846,Pillow wall time including file I/O
chat_preview,photo,kodak_02,768,512,512,341,WebP,"m6,q=58",10724,0.49138563049853373,13.019832999987102,0.9699170000203594,nan,nan,33.07541265964243,0.8582075546029886,0.9592227680726421,0.9802513276947021,0.9854228803018,Pillow wall time including file I/O
chat_preview,photo,kodak_02,768,512,512,341,WebP,"m6,q=59",10910,0.49990835777126097,13.147166000010202,1.1143750000144337,nan,nan,33.17841378346694,0.8601593032112081,0.9599360726820011,0.9806618180649707,0.9858121220540793,Pillow wall time including file I/O
chat_preview,photo,kodak_02,768,512,512,341,WebP,"m6,q=60",11150,0.5109054252199413,18.286458000005723,1.4046249999921656,nan,nan,33.199151941748916,0.8616585966353609,0.9605127603470135,0.98126345379095,0.9858424688376385,Pillow wall time including file I/O
chat_preview,photo,kodak_02,768,512,512,341,WebP,"m6,q=61",11340,0.5196114369501467,15.282665999990286,1.2441670000100657,nan,nan,33.23977144973015,0.861662822121139,0.9602037190616982,0.9809312803221386,0.9861448168318001,Pillow wall time including file I/O
chat_preview,photo,kodak_02,768,512,512,341,WebP,"m6,q=62",11626,0.532716275659824,14.940458000012313,1.2061250000101609,nan,nan,33.336002323924355,0.8648504119983919,0.9614077302557097,0.9818561959716893,0.9865385124707832,Pillow wall time including file I/O
chat_preview,photo,kodak_02,768,512,512,341,WebP,"m6,q=63",11732,0.5375733137829912,14.950958000014225,1.206541999977162,nan,nan,33.39023914923898,0.8657749737591566,0.9618936873693821,0.9821050232901175,0.98671288628763,Pillow wall time including file I/O
chat_preview,photo,kodak_02,768,512,512,341,WebP,"m6,q=64",12114,0.5550769794721407,14.603415999999925,1.0730829999943126,nan,nan,33.1352401143746,0.8652295277340415,0.9610152207501338,0.9806011649422285,0.9854158309199826,Pillow wall time including file I/O
chat_preview,photo,kodak_02,768,512,512,341,WebP,"m6,q=65",12294,0.563324780058651,14.56120800000349,1.2003750000246782,nan,nan,33.48832191876496,0.868133710626199,0.9628634800321177,0.9819698870045074,0.9871032571441255,Pillow wall time including file I/O
chat_preview,photo,kodak_02,768,512,512,341,WebP,"m6,q=66",12620,0.5782624633431085,14.443374999984826,1.1583750000170312,nan,nan,33.64313602008201,0.8733941013119612,0.9647396803815017,0.9836207882958556,0.9876586304141094,Pillow wall time including file I/O
chat_preview,photo,kodak_02,768,512,512,341,WebP,"m6,q=67",12814,0.5871517595307918,14.246499999984508,1.2007500000095206,nan,nan,33.763206973700825,0.8756244565015564,0.9653428374661025,0.984123751776412,0.9880973053048496,Pillow wall time including file I/O
chat_preview,photo,kodak_02,768,512,512,341,WebP,"m6,q=68",12814,0.5871517595307918,14.32541700000911,1.161999999993668,nan,nan,33.763206973700825,0.8756244565015564,0.9653428374661025,0.984123751776412,0.9880973053048496,Pillow wall time including file I/O
chat_preview,photo,kodak_02,768,512,512,341,WebP,"m6,q=69",13214,0.6054802052785924,14.325874999997268,1.087541999993391,nan,nan,33.90378036713612,0.8790006983368709,0.9665829071685413,0.9848325909239733,0.9885510497574286,Pillow wall time including file I/O
chat_preview,photo,kodak_02,768,512,512,341,WebP,"m6,q=70",13214,0.6054802052785924,14.585291999992478,1.081708000015169,nan,nan,33.90378036713612,0.8790006983368709,0.9665829071685413,0.9848325909239733,0.9885510497574286,Pillow wall time including file I/O
chat_preview,photo,kodak_02,768,512,512,341,WebP,"m6,q=71",13640,0.625,14.663874999996551,1.2275419999809856,nan,nan,34.043454355656536,0.8825046185563856,0.9673794797324867,0.9856239961509532,0.9888729126738446,Pillow wall time including file I/O
chat_preview,photo,kodak_02,768,512,512,341,WebP,"m6,q=72",13744,0.6297653958944281,14.889041999992969,1.20179099999973,nan,nan,34.078471464696285,0.8832706850724588,0.9676901361895197,0.9858151613839098,0.9889147407570799,Pillow wall time including file I/O
chat_preview,photo,kodak_02,768,512,512,341,WebP,"m6,q=73",13998,0.6414039589442815,14.883916999991698,1.200250000010783,nan,nan,34.12555110736351,0.8844258218605624,0.9679933680327063,0.9861382458182036,0.9889959741395744,Pillow wall time including file I/O
chat_preview,photo,kodak_02,768,512,512,341,WebP,"m6,q=74",14334,0.6567998533724341,15.12012500000992,1.2195420000011836,nan,nan,34.205661702527074,0.886250114781529,0.9687386237206675,0.9862851688122183,0.9892481182505163,Pillow wall time including file I/O
chat_preview,photo,kodak_02,768,512,512,341,WebP,"m6,q=75",14470,0.6630315249266863,15.152999999997974,1.2521250000077089,nan,nan,34.25847437357306,0.8873506263936449,0.9690881631007712,0.9865841674750676,0.9894233250697937,Pillow wall time including file I/O
chat_preview,photo,kodak_02,768,512,512,341,WebP,"m6,q=76",15184,0.6957478005865103,15.680457999991404,1.2452919999930145,nan,nan,34.49341031948735,0.892141490966509,0.9706818771923519,0.9875178184205751,0.9901599758955988,Pillow wall time including file I/O
chat_preview,photo,kodak_02,768,512,512,341,WebP,"m6,q=77",16100,0.7377199413489736,16.313084000017852,1.1749580000071091,nan,nan,34.699976046527084,0.896897384837967,0.9721414112681094,0.988380225531449,0.9906079094873419,Pillow wall time including file I/O
chat_preview,photo,kodak_02,768,512,512,341,WebP,"m6,q=78",17070,0.7821664222873901,16.58654199999887,1.3776659999962249,nan,nan,34.87966617278289,0.9014868246637434,0.9737619597290131,0.9891317197459925,0.9909864140186044,Pillow wall time including file I/O
chat_preview,photo,kodak_02,768,512,512,341,WebP,"m6,q=79",17898,0.8201063049853372,18.683916000014733,1.3781659999949625,nan,nan,35.05661110841737,0.9065333964889487,0.9751401524732848,0.9901197147665383,0.9913287567222967,Pillow wall time including file I/O
chat_preview,photo,kodak_02,768,512,512,341,WebP,"m6,q=80",19200,0.8797653958944281,17.66112500001782,1.2892499999850315,nan,nan,35.34850450502701,0.9117960756417859,0.9769190289770902,0.9908399438362535,0.9919235831793622,Pillow wall time including file I/O
chat_preview,photo,kodak_02,768,512,512,341,WebP,"m6,q=81",20406,0.935025659824047,18.33833300000265,1.453249999997297,nan,nan,35.52927030377962,0.914830513545636,0.9777402119443256,0.9912109358500676,0.9921799038254926,Pillow wall time including file I/O
chat_preview,photo,kodak_02,768,512,512,341,WebP,"m6,q=82",21406,0.9808467741935484,18.92995800000108,1.484791999985191,nan,nan,35.702846842516266,0.9193869613498031,0.9788774224971194,0.9920308064756217,0.9924306778787071,Pillow wall time including file I/O
chat_preview,photo,kodak_02,768,512,512,341,WebP,"m6,q=83",22666,1.0385813782991202,19.51712500002145,1.4812909999761814,nan,nan,35.99648297337137,0.9245266485622793,0.9805959170565792,0.9927116536699138,0.9930652383237042,Pillow wall time including file I/O
chat_preview,photo,kodak_02,768,512,512,341,WebP,"m6,q=84",24208,1.1092375366568914,20.027083999991646,1.4453340000102344,nan,nan,36.22708383403152,0.927721222308993,0.9815333410045323,0.9932638334480773,0.9933705461519553,Pillow wall time including file I/O
chat_preview,photo,kodak_02,768,512,512,341,WebP,"m6,q=85",26248,1.2027126099706744,22.982750000011265,1.7839159999937237,nan,nan,36.54761482512837,0.9332352100086648,0.983106899484901,0.9939383580169294,0.9939306683069414,Pillow wall time including file I/O
chat_preview,photo,kodak_02,768,512,512,341,WebP,"m6,q=86",26832,1.2294721407624634,22.218750000007503,1.763791000001902,nan,nan,36.66423051040703,0.9342532205507611,0.9833877026084705,0.9940616876048428,0.9940611007651377,Pillow wall time including file I/O
chat_preview,photo,kodak_02,768,512,512,341,WebP,"m6,q=87",28490,1.3054435483870968,22.925957999973434,1.7988329999809594,nan,nan,36.899409978793386,0.9378379193209242,0.9842635828532388,0.9946239685043127,0.9942669365014292,Pillow wall time including file I/O
chat_preview,photo,kodak_02,768,512,512,341,WebP,"m6,q=88",30784,1.4105571847507332,23.17187500000273,1.8158749999770407,nan,nan,37.25324363268493,0.9434603418296931,0.9860386586198361,0.9953060543423176,0.9947669909687923,Pillow wall time including file I/O
chat_preview,photo,kodak_02,768,512,512,341,WebP,"m6,q=89",32730,1.499725073313783,23.57362500001159,1.882875000006834,nan,nan,37.50713063868056,0.9466705554676983,0.9869668951616778,0.9957174453304141,0.9951041413904708,Pillow wall time including file I/O
chat_preview,photo,kodak_02,768,512,512,341,WebP,"m6,q=90",35812,1.6409457478005864,24.707374999991316,1.9971250000025975,nan,nan,37.7959909000383,0.9509005252656503,0.9878762502663955,0.9963296531743184,0.9953765208029758,Pillow wall time including file I/O
chat_preview,photo,kodak_02,768,512,512,341,WebP,"m6,q=91",39742,1.8210227272727273,25.250916999993933,2.054541999996218,nan,nan,38.256972049765636,0.9562123319565593,0.9895978204077761,0.9968057016521525,0.9958963505056484,Pillow wall time including file I/O
chat_preview,photo,kodak_02,768,512,512,341,WebP,"m6,q=92",41686,1.9100989736070382,26.17008300001089,1.9638329999907,nan,nan,38.463830426024494,0.9578964675249422,0.9901050308335425,0.9969745168348794,0.9960841911980046,Pillow wall time including file I/O
chat_preview,photo,kodak_02,768,512,512,341,WebP,"m6,q=93",46382,2.125274926686217,29.13749999999027,2.2728339999957825,nan,nan,38.836658248501685,0.9620898313094935,0.9911391743316003,0.9975271228341325,0.9964297533308839,Pillow wall time including file I/O
chat_preview,photo,kodak_02,768,512,512,341,WebP,"m6,q=94",51386,2.3545637829912023,30.055374999989226,2.5051660000201537,nan,nan,39.174959540028375,0.9656740261079587,0.9921566424804406,0.9978991105863073,0.9967056947280062,Pillow wall time including file I/O
chat_preview,photo,kodak_02,768,512,512,341,WebP,"m6,q=95",56546,2.5910007331378297,31.539749999978994,2.6157920000002832,nan,nan,39.50140992146933,0.9686434078772063,0.9929401403383205,0.9982462719134455,0.9969350211532283,Pillow wall time including file I/O
chat_preview,photo,kodak_02,768,512,512,341,WebP,"m6,q=96",62342,2.8565799120234603,32.844083000014734,2.7795829999774924,nan,nan,39.80342245716744,0.9715931360150041,0.9938624181104091,0.998505730045643,0.9971686519130332,Pillow wall time including file I/O
chat_preview,photo,kodak_02,768,512,512,341,WebP,"m6,q=97",65590,3.005406891495601,31.42058299999917,2.8709999999989577,nan,nan,39.96673361619143,0.9725484131422112,0.9941723234136978,0.9985905850347412,0.997284977947053,Pillow wall time including file I/O
chat_preview,photo,kodak_02,768,512,512,341,WebP,"m6,q=98",72838,3.3375183284457477,40.85120799999231,3.4327919999839196,nan,nan,40.176188400925184,0.9745023851359439,0.994499786163915,0.9988610824893934,0.9974087381816694,Pillow wall time including file I/O
chat_preview,photo,kodak_02,768,512,512,341,WebP,"m6,q=99",78606,3.6018145161290325,40.41745799997898,3.5539579999976922,nan,nan,40.27266429976768,0.9758272382428365,0.9947133856705445,0.9990375117257988,0.9974592843232134,Pillow wall time including file I/O
chat_preview,photo,kodak_02,768,512,512,341,WebP,"m6,q=100",79474,3.6415872434017595,39.427999999986696,3.4117079999873567,nan,nan,40.2897554946003,0.9759244520434106,0.9947228436928146,0.9990460231919238,0.9974666864727438,Pillow wall time including file I/O
chat_preview,photo,kodak_02,768,512,512,341,WebP,"lossless,m6",210638,9.65166788856305,230.15616699998986,2.5927920000015092,nan,nan,99.0,1.0,1.0,1.0,1.0,Pillow wall time including file I/O
chat_preview,photo,kodak_02,768,512,512,341,AVIF,crf=63,449,0.020573680351906157,64.1757909999967,21.218000000004622,nan,nan,23.876241750135193,0.5612357363580507,0.6783868537272215,0.7738765303320163,0.7722058092629721,ffmpeg/libsvtav1 wall time including process and file I/O
chat_preview,photo,kodak_02,768,512,512,341,AVIF,crf=62,490,0.02245234604105572,39.969084000006205,22.336916999989853,nan,nan,24.55724497435827,0.5790237046926374,0.7245794214307191,0.8031634410460785,0.8205059413997741,ffmpeg/libsvtav1 wall time including process and file I/O
chat_preview,photo,kodak_02,768,512,512,341,AVIF,crf=61,520,0.023826979472140762,40.02816700000267,21.407208000027822,nan,nan,24.899336970442008,0.5853306251130942,0.7413130138898006,0.818114829511754,0.8411625217374656,ffmpeg/libsvtav1 wall time including process and file I/O
chat_preview,photo,kodak_02,768,512,512,341,AVIF,crf=60,584,0.026759530791788857,42.392500000005384,20.164749999992182,nan,nan,25.170449474286087,0.595718379843878,0.7596007479310766,0.8379083734080931,0.8538363106294333,ffmpeg/libsvtav1 wall time including process and file I/O
chat_preview,photo,kodak_02,768,512,512,341,AVIF,crf=59,620,0.028409090909090908,41.079332999999,20.20741699999462,nan,nan,25.42307246268582,0.6030779793930715,0.773126327400064,0.8433056865201947,0.8667596474848257,ffmpeg/libsvtav1 wall time including process and file I/O
chat_preview,photo,kodak_02,768,512,512,341,AVIF,crf=58,671,0.030745967741935484,40.831832999998596,19.73570800001312,nan,nan,25.625576991693002,0.611526539572299,0.782758753982471,0.8526622148772757,0.8748266056173121,ffmpeg/libsvtav1 wall time including process and file I/O
chat_preview,photo,kodak_02,768,512,512,341,AVIF,crf=57,729,0.03340359237536657,41.86574999999948,20.326500000010128,nan,nan,26.01627148666276,0.6159326289366939,0.7896792982741848,0.859689575180576,0.8889701458340628,ffmpeg/libsvtav1 wall time including process and file I/O
chat_preview,photo,kodak_02,768,512,512,341,AVIF,crf=56,791,0.03624450146627566,41.154541999986805,19.718041000004405,nan,nan,26.346925335444297,0.6286209646883423,0.8074676060584093,0.8734373013931016,0.9006054998079581,ffmpeg/libsvtav1 wall time including process and file I/O
chat_preview,photo,kodak_02,768,512,512,341,AVIF,crf=55,898,0.041147360703812315,42.090500000000475,19.926999999995587,nan,nan,26.6966131523279,0.6393185166597836,0.8203495013320161,0.8835822543481961,0.9101741821441989,ffmpeg/libsvtav1 wall time including process and file I/O
chat_preview,photo,kodak_02,768,512,512,341,AVIF,crf=54,964,0.044171554252199416,41.951666000016985,19.757958000013787,nan,nan,26.924959082425765,0.6468641153496266,0.8217849191589514,0.8868073465768898,0.9159255062092448,ffmpeg/libsvtav1 wall time including process and file I/O
chat_preview,photo,kodak_02,768,512,512,341,AVIF,crf=53,1028,0.04710410557184751,45.59845800000062,21.068250000013222,nan,nan,27.157269202652685,0.6557672436621723,0.8350400265203436,0.8954202504276368,0.924662216405396,ffmpeg/libsvtav1 wall time including process and file I/O
chat_preview,photo,kodak_02,768,512,512,341,AVIF,crf=52,1128,0.05168621700879766,44.109083000023475,19.72695800000679,nan,nan,27.501178043227974,0.6607327538756337,0.8414706688757739,0.9049594236299777,0.931803439013037,ffmpeg/libsvtav1 wall time including process and file I/O
chat_preview,photo,kodak_02,768,512,512,341,AVIF,crf=51,1257,0.05759714076246334,42.64687500000264,20.045374999995147,nan,nan,27.785615449180007,0.6762890166042194,0.8530250820302752,0.9129379395759264,0.9369417442863623,ffmpeg/libsvtav1 wall time including process and file I/O
chat_preview,photo,kodak_02,768,512,512,341,AVIF,crf=50,1353,0.061995967741935484,43.83358299998008,21.363084000000754,nan,nan,27.954182237400758,0.6785296772371643,0.8591254475321323,0.9183410743438974,0.9401052135605952,ffmpeg/libsvtav1 wall time including process and file I/O
chat_preview,photo,kodak_02,768,512,512,341,AVIF,crf=49,1424,0.06524926686217009,44.72800000002053,20.099249999987023,nan,nan,28.260867673901416,0.6912810876173147,0.8647895570066232,0.9216304136950372,0.944181592999048,ffmpeg/libsvtav1 wall time including process and file I/O
chat_preview,photo,kodak_02,768,512,512,341,AVIF,crf=48,1576,0.07221407624633432,48.13229199999114,20.879667000002655,nan,nan,28.410889728115663,0.6965367493962907,0.8690951152787867,0.9256817013374887,0.9456848615891863,ffmpeg/libsvtav1 wall time including process and file I/O
chat_preview,photo,kodak_02,768,512,512,341,AVIF,crf=47,1657,0.07592558651026393,46.22550000001979,20.589832999974078,nan,nan,28.818262590729717,0.7100825112023729,0.880798810387509,0.9305910042169502,0.95284761003257,ffmpeg/libsvtav1 wall time including process and file I/O
chat_preview,photo,kodak_02,768,512,512,341,AVIF,crf=46,1783,0.08169904692082111,47.429750000020476,21.05345800001146,nan,nan,28.809830452156817,0.7133559385599727,0.88474480440422,0.9325353402306109,0.952932383104592,ffmpeg/libsvtav1 wall time including process and file I/O
chat_preview,photo,kodak_02,768,512,512,341,AVIF,crf=45,1920,0.08797653958944282,46.322666000008894,20.999375000002374,nan,nan,29.10062008904731,0.7232305539408967,0.8908782184041555,0.9373791122209019,0.9572395985522787,ffmpeg/libsvtav1 wall time including process and file I/O
chat_preview,photo,kodak_02,768,512,512,341,AVIF,crf=44,2104,0.09640762463343108,47.50737500000923,20.936417000001484,nan,nan,29.384088119824625,0.7314641860036982,0.8978493335504673,0.9403276918163092,0.9605685595194998,ffmpeg/libsvtav1 wall time including process and file I/O
chat_preview,photo,kodak_02,768,512,512,341,AVIF,crf=43,2210,0.10126466275659823,46.89308400000414,20.39608299998008,nan,nan,29.57674760710086,0.7372327871309975,0.9001024550173052,0.9432267570827021,0.9627208751705592,ffmpeg/libsvtav1 wall time including process and file I/O
chat_preview,photo,kodak_02,768,512,512,341,AVIF,crf=42,2476,0.11345307917888563,48.05341700000554,20.932707999975264,nan,nan,29.828531239049425,0.7450179144325997,0.9054658165576486,0.9464622879615959,0.9661023771600382,ffmpeg/libsvtav1 wall time including process and file I/O
chat_preview,photo,kodak_02,768,512,512,341,AVIF,crf=41,2705,0.12394611436950147,52.10274999998887,21.124917000008736,nan,nan,29.966654528703657,0.7521896940667302,0.9102849075200052,0.9505238991782069,0.9663511164521752,ffmpeg/libsvtav1 wall time including process and file I/O
chat_preview,photo,kodak_02,768,512,512,341,AVIF,crf=40,2949,0.13512646627565983,51.39429199999768,21.04562499999929,nan,nan,30.22994768045892,0.761739254167198,0.9142552220460157,0.9524872726838118,0.9686019102087213,ffmpeg/libsvtav1 wall time including process and file I/O
chat_preview,photo,kodak_02,768,512,512,341,AVIF,crf=39,3195,0.14639846041055718,52.418332999991435,21.241458000019975,nan,nan,30.49676456521361,0.7690279428265772,0.9189861276593522,0.9555602131167007,0.9705517412842373,ffmpeg/libsvtav1 wall time including process and file I/O
chat_preview,photo,kodak_02,768,512,512,341,AVIF,crf=38,3428,0.15707478005865103,55.342249999995374,20.077832999987777,nan,nan,30.658367820715853,0.7759016762661229,0.9236184338051991,0.9576422172655367,0.9722229377341249,ffmpeg/libsvtav1 wall time including process and file I/O
chat_preview,photo,kodak_02,768,512,512,341,AVIF,crf=37,3794,0.17384530791788858,57.4978749999957,20.81870799997887,nan,nan,30.856089577069294,0.7847851599325549,0.9270753396323356,0.9606048495515002,0.9739574206563081,ffmpeg/libsvtav1 wall time including process and file I/O
chat_preview,photo,kodak_02,768,512,512,341,AVIF,crf=36,4155,0.1903867302052786,52.706582999974216,20.12816600000633,nan,nan,31.100551674290617,0.7927044429483256,0.932051190292754,0.9630444542924397,0.9752819462561519,ffmpeg/libsvtav1 wall time including process and file I/O
chat_preview,photo,kodak_02,768,512,512,341,AVIF,crf=35,4671,0.21403042521994134,56.13233299999365,21.313666999986935,nan,nan,31.35325466483499,0.8033811880502725,0.935915140533175,0.9663047608555868,0.9763819328035855,ffmpeg/libsvtav1 wall time including process and file I/O
chat_preview,photo,kodak_02,768,512,512,341,AVIF,crf=34,5253,0.2406983137829912,56.52195900000834,20.131958000007444,nan,nan,31.701750868463424,0.8126137912438124,0.9400178662521053,0.9690219665201936,0.9794603642286757,ffmpeg/libsvtav1 wall time including process and file I/O
chat_preview,photo,kodak_02,768,512,512,341,AVIF,crf=33,5589,0.2560942082111437,60.11004200001935,22.171582999988004,nan,nan,31.9099127219662,0.818457101067024,0.9434538432098036,0.9705289313729156,0.9808793459068066,ffmpeg/libsvtav1 wall time including process and file I/O
chat_preview,photo,kodak_02,768,512,512,341,AVIF,crf=32,6132,0.28097507331378296,59.57862500000033,22.308624999993754,nan,nan,32.11989141987888,0.8264223736526898,0.9461309214453606,0.9727556611089325,0.9818267788441404,ffmpeg/libsvtav1 wall time including process and file I/O
chat_preview,photo,kodak_02,768,512,512,341,AVIF,crf=31,6735,0.30860520527859236,61.11995899999556,21.606499999990092,nan,nan,32.33856393565089,0.8352278692030213,0.9489465612150121,0.97479323747203,0.9825197980953785,ffmpeg/libsvtav1 wall time including process and file I/O
chat_preview,photo,kodak_02,768,512,512,341,AVIF,crf=30,7482,0.34283357771260997,61.57899999999472,22.17037500000174,nan,nan,32.646116132565915,0.8437934485611255,0.9527811585072796,0.9767292887254968,0.9838460289335976,ffmpeg/libsvtav1 wall time including process and file I/O
chat_preview,photo,kodak_02,768,512,512,341,AVIF,crf=29,8095,0.37092192082111436,62.32904200001599,21.4570839999908,nan,nan,32.871320161681496,0.8518782080574107,0.9550367257331995,0.9782147223274009,0.984659627715172,ffmpeg/libsvtav1 wall time including process and file I/O
chat_preview,photo,kodak_02,768,512,512,341,AVIF,crf=28,8690,0.39818548387096775,65.35045799998329,22.16420900001026,nan,nan,33.04469224661158,0.8571071685342785,0.9574593384805397,0.9795587758804036,0.9855592868249402,ffmpeg/libsvtav1 wall time including process and file I/O
chat_preview,photo,kodak_02,768,512,512,341,AVIF,crf=27,9479,0.4343383431085044,64.09912500001269,21.826124999989815,nan,nan,33.31662492959673,0.8647223186010589,0.9604733847248571,0.9811770112957195,0.9864203167517356,ffmpeg/libsvtav1 wall time including process and file I/O
chat_preview,photo,kodak_02,768,512,512,341,AVIF,crf=26,10299,0.4719116568914956,58.39004200001341,22.312540999990915,nan,nan,33.5444161779163,0.870606424140946,0.9624144306920165,0.9824090986411804,0.9874381202676451,ffmpeg/libsvtav1 wall time including process and file I/O
chat_preview,photo,kodak_02,768,512,512,341,AVIF,crf=25,11214,0.5138379765395894,60.73787500000094,22.468000000003485,nan,nan,33.80358315921677,0.8779170085295296,0.9646890150280952,0.9837816424203186,0.9882761764754943,ffmpeg/libsvtav1 wall time including process and file I/O
chat_preview,photo,kodak_02,768,512,512,341,AVIF,crf=24,12331,0.5650201612903226,61.24029100001849,21.490167000024485,nan,nan,34.05352821084852,0.8851096223097059,0.9674197264379387,0.9855295967277348,0.9889644611129786,ffmpeg/libsvtav1 wall time including process and file I/O
chat_preview,photo,kodak_02,768,512,512,341,AVIF,crf=23,13089,0.5997525659824047,59.77191700000617,21.943625000005795,nan,nan,34.25256203607386,0.8901466817424449,0.9691446841786507,0.9864105988206305,0.9894816452310322,ffmpeg/libsvtav1 wall time including process and file I/O
chat_preview,photo,kodak_02,768,512,512,341,AVIF,crf=22,13742,0.6296737536656891,59.741500000001224,21.549249999992526,nan,nan,34.40627787214004,0.8935861642690233,0.9703784232973899,0.9869330379080753,0.9899371035906207,ffmpeg/libsvtav1 wall time including process and file I/O
chat_preview,photo,kodak_02,768,512,512,341,AVIF,crf=21,14491,0.6639937683284457,63.59708299999056,22.713083000013512,nan,nan,34.53190584568007,0.8975124986756492,0.9716228871509257,0.9878064423360889,0.9902258921213669,ffmpeg/libsvtav1 wall time including process and file I/O
chat_preview,photo,kodak_02,768,512,512,341,AVIF,crf=20,15226,0.6976722873900293,63.13016699999707,22.56787499999291,nan,nan,34.7310182503299,0.9012965675468508,0.9730791586362121,0.9884811421376679,0.9907342487993442,ffmpeg/libsvtav1 wall time including process and file I/O
chat_preview,photo,kodak_02,768,512,512,341,AVIF,crf=19,16251,0.7446389296187683,65.95799999999485,24.438333000006196,nan,nan,34.94298714010733,0.9062635338739499,0.9743012527650379,0.9892859677023974,0.9912738547465121,ffmpeg/libsvtav1 wall time including process and file I/O
chat_preview,photo,kodak_02,768,512,512,341,AVIF,crf=18,17173,0.7868859970674487,64.91654200002017,23.745208000008233,nan,nan,35.08285098437753,0.9096825421929907,0.9756335605982973,0.9899103784621686,0.9915200378824475,ffmpeg/libsvtav1 wall time including process and file I/O
chat_preview,photo,kodak_02,768,512,512,341,AVIF,crf=17,18047,0.8269336510263929,62.945583000015404,22.73608400000171,nan,nan,35.220143512039634,0.9135891337883373,0.9769235771807385,0.9905099572651058,0.9918938235863011,ffmpeg/libsvtav1 wall time including process and file I/O
chat_preview,photo,kodak_02,768,512,512,341,AVIF,crf=16,19308,0.8847140762463344,62.95379200000184,22.526125000013053,nan,nan,35.43440591412163,0.9181926824685722,0.9782017937170312,0.9913897796769318,0.9922868472764078,ffmpeg/libsvtav1 wall time including process and file I/O
chat_preview,photo,kodak_02,768,512,512,341,AVIF,crf=15,21871,1.0021535923753666,63.71425000000386,21.503749999993715,nan,nan,35.8345616394781,0.9266960664181297,0.98097063519684,0.9924752580320042,0.9930926513270857,ffmpeg/libsvtav1 wall time including process and file I/O
chat_preview,photo,kodak_02,768,512,512,341,AVIF,crf=14,23361,1.0704270527859236,62.03441699997825,23.28983399999629,nan,nan,36.016565506084056,0.9304544903055015,0.9820473133590709,0.9929747919435858,0.993420342767084,ffmpeg/libsvtav1 wall time including process and file I/O
chat_preview,photo,kodak_02,768,512,512,341,AVIF,crf=13,24911,1.141449780058651,64.70495799999298,24.284915999999157,nan,nan,36.24552968176567,0.9339848333973079,0.9831196228331218,0.9935421070476927,0.9939371442676768,ffmpeg/libsvtav1 wall time including process and file I/O
chat_preview,photo,kodak_02,768,512,512,341,AVIF,crf=12,26585,1.2181543255131966,63.54366599998684,22.413749999998345,nan,nan,36.51688856851378,0.9379657379335806,0.9844472522430827,0.9940176886107278,0.9943324313433438,ffmpeg/libsvtav1 wall time including process and file I/O
chat_preview,photo,kodak_02,768,512,512,341,AVIF,crf=11,29145,1.3354563782991202,66.01733299999069,24.929915999990726,nan,nan,36.736257838371785,0.9429313574143062,0.9858263897888412,0.9946694809765696,0.9946113103414582,ffmpeg/libsvtav1 wall time including process and file I/O
chat_preview,photo,kodak_02,768,512,512,341,AVIF,crf=10,31371,1.4374541788856305,63.74458400000549,24.31587500001342,nan,nan,36.97210491477988,0.9465804937883435,0.9869385361636874,0.9952353953080405,0.9949518881320303,ffmpeg/libsvtav1 wall time including process and file I/O
chat_preview,photo,kodak_02,768,512,512,341,AVIF,crf=9,34068,1.561033724340176,63.25241700000106,23.327749999992875,nan,nan,37.19008031450764,0.9501991408403958,0.987989346559443,0.9957755413455829,0.9953190891157698,ffmpeg/libsvtav1 wall time including process and file I/O
chat_preview,photo,kodak_02,768,512,512,341,AVIF,crf=8,37412,1.714259530791789,64.42775000002143,24.3610409999917,nan,nan,37.500930882722294,0.9545304652124637,0.9893741922901853,0.9962601417439304,0.9956550848648172,ffmpeg/libsvtav1 wall time including process and file I/O
chat_preview,photo,kodak_02,768,512,512,341,AVIF,crf=7,40929,1.8754123900293256,65.3552500000103,23.601541000005,nan,nan,37.72283044115597,0.9581820350964053,0.99033241257353,0.9967227863638279,0.995868304610457,ffmpeg/libsvtav1 wall time including process and file I/O
chat_preview,photo,kodak_02,768,512,512,341,AVIF,crf=6,45669,2.0926044721407626,68.06954200001769,26.38112500000034,nan,nan,38.01052829337041,0.9621793118114428,0.9915961478796476,0.9972787784526559,0.9962258842675397,ffmpeg/libsvtav1 wall time including process and file I/O
chat_preview,photo,kodak_02,768,512,512,341,AVIF,crf=5,50906,2.3325696480938416,69.41675000001624,25.784416999982795,nan,nan,38.257657546484516,0.96561637723691,0.9925370220982378,0.9976773688740442,0.9964852319556595,ffmpeg/libsvtav1 wall time including process and file I/O
chat_preview,photo,kodak_02,768,512,512,341,AVIF,crf=4,58450,2.6782441348973607,71.57762500000331,25.180583999997452,nan,nan,38.539799836903974,0.9696363480061484,0.9937008218480625,0.9981722568019188,0.9967776131945506,ffmpeg/libsvtav1 wall time including process and file I/O
chat_preview,photo,kodak_02,768,512,512,341,AVIF,crf=3,66648,3.0538856304985336,69.9377919999904,26.719291999995676,nan,nan,38.79587572374807,0.9723950414543364,0.9944612215595244,0.998444842500668,0.997008031395079,ffmpeg/libsvtav1 wall time including process and file I/O
chat_preview,photo,kodak_02,768,512,512,341,AVIF,crf=2,78927,3.6165230938416424,72.84287499999209,27.919083000000455,nan,nan,39.04099009628772,0.9756213402035407,0.9954011981433647,0.9987662556707018,0.9972278816159907,ffmpeg/libsvtav1 wall time including process and file I/O
chat_preview,photo,kodak_02,768,512,512,341,AVIF,crf=1,95728,4.386363636363637,82.72775000000365,36.83762499997556,nan,nan,39.2550212735851,0.9787246321966587,0.9962795569243071,0.9990543443620306,0.9974158657196961,ffmpeg/libsvtav1 wall time including process and file I/O
chat_preview,photo,kodak_02,768,512,512,341,JPEG2000,"pix=yuv420p,qscale=1",51390,2.3547470674486806,46.25570799998968,30.851541999993515,nan,nan,37.211353776816786,0.9513179595343605,0.9893824458164423,0.9964798507150858,0.9955050976681693,native ffmpeg jpeg2000 wall time including process and file I/O
chat_preview,photo,kodak_02,768,512,512,341,JPEG2000,"pix=yuv420p,qscale=10000",2008,0.09200879765395895,39.51116700000057,20.594917000011037,nan,nan,25.159874966353932,0.5997503545676043,0.7519951590068693,0.8341437472268904,0.8515163654482324,native ffmpeg jpeg2000 wall time including process and file I/O
chat_preview,photo,kodak_02,768,512,512,341,JPEG2000,"pix=yuv420p,qscale=5000",2154,0.09869868035190615,38.10562499998582,20.40337500000078,nan,nan,25.645856360591615,0.6134917132116516,0.7839375481803831,0.850800404341832,0.8733297199374116,native ffmpeg jpeg2000 wall time including process and file I/O
chat_preview,photo,kodak_02,768,512,512,341,JPEG2000,"pix=yuv420p,qscale=2500",2415,0.11065799120234604,40.72395800000095,20.75066699998729,nan,nan,26.20297080289626,0.6337014058017001,0.8098730624470507,0.8791952986218342,0.8960069367234071,native ffmpeg jpeg2000 wall time including process and file I/O
chat_preview,photo,kodak_02,768,512,512,341,JPEG2000,"pix=yuv420p,qscale=1250",2839,0.13008614369501467,38.83991700001843,20.11949999999274,nan,nan,27.01677773727973,0.656142044964923,0.843217750583379,0.8973139072284668,0.9203044928423167,native ffmpeg jpeg2000 wall time including process and file I/O
chat_preview,photo,kodak_02,768,512,512,341,JPEG2000,"pix=yuv420p,qscale=625",3250,0.14891862170087977,38.02433300000985,20.480999999989535,nan,nan,27.602647087434114,0.6726648436728749,0.8596128702076765,0.9108592289053762,0.9344011196232127,native ffmpeg jpeg2000 wall time including process and file I/O
chat_preview,photo,kodak_02,768,512,512,341,JPEG2000,"pix=yuv420p,qscale=313",4081,0.18699596774193547,36.856124999985695,20.90125000000853,nan,nan,28.374372072933582,0.703542632932222,0.8868980420601495,0.930296270030527,0.9508598381150959,native ffmpeg jpeg2000 wall time including process and file I/O
chat_preview,photo,kodak_02,768,512,512,341,JPEG2000,"pix=yuv420p,qscale=157",5344,0.24486803519061584,37.30666700002416,20.440583999999262,nan,nan,29.462265049789323,0.7386253003158562,0.9113363555789115,0.9468090564698877,0.9655042205249302,native ffmpeg jpeg2000 wall time including process and file I/O
chat_preview,photo,kodak_02,768,512,512,341,JPEG2000,"pix=yuv420p,qscale=79",6572,0.30113636363636365,38.050875000010365,22.482708000012508,nan,nan,30.121748888094224,0.7611023110863382,0.9259038314698874,0.9559937812989295,0.9718255132708293,native ffmpeg jpeg2000 wall time including process and file I/O
chat_preview,photo,kodak_02,768,512,512,341,JPEG2000,"pix=yuv420p,qscale=40",9105,0.4172012463343108,40.12900000000741,22.13612500000295,nan,nan,31.088390325678496,0.7990979351609443,0.9422198150524573,0.9686301617899773,0.9785988980701619,native ffmpeg jpeg2000 wall time including process and file I/O
chat_preview,photo,kodak_02,768,512,512,341,JPEG2000,"pix=yuv420p,qscale=20",12685,0.5812408357771262,38.235999999983505,22.333708999980217,nan,nan,32.188035244185755,0.8346427178182726,0.9560117031110323,0.9773873240736414,0.9841392621005585,native ffmpeg jpeg2000 wall time including process and file I/O
chat_preview,photo,kodak_02,768,512,512,341,JPEG2000,"pix=yuv420p,qscale=10",17627,0.8076887829912024,38.23545800000261,23.341791000007106,nan,nan,33.31431525547879,0.8680897213598047,0.9668114316867186,0.9842900795880987,0.9881855524879773,native ffmpeg jpeg2000 wall time including process and file I/O
chat_preview,photo,kodak_02,768,512,512,341,JPEG2000,"pix=yuv420p,qscale=5",24891,1.140533357771261,38.72366600000987,23.818750000003774,nan,nan,34.62075334865987,0.8994065778593803,0.9759847823020227,0.9895699928532404,0.9913944333318118,native ffmpeg jpeg2000 wall time including process and file I/O
chat_preview,photo,kodak_02,768,512,512,341,JPEG2000,"pix=yuv420p,qscale=7",20786,0.9524376832844574,38.32891599998334,22.98204200002374,nan,nan,33.98344664343406,0.8833383618675126,0.9712455851992354,0.9864781557210374,0.989873975630169,native ffmpeg jpeg2000 wall time including process and file I/O
chat_preview,photo,kodak_02,768,512,512,341,JPEG2000,"pix=yuv420p,qscale=8",19379,0.8879673753665689,38.69149999999877,23.051209000016115,nan,nan,33.70017404068176,0.8770892888934418,0.9694433636750025,0.9854533486321272,0.9891619191007607,native ffmpeg jpeg2000 wall time including process and file I/O
chat_preview,photo,kodak_02,768,512,512,341,JPEG2000,"pix=yuv420p,qscale=6",22795,1.0444923020527859,38.44299999997247,25.149957999985872,nan,nan,34.276859605017734,0.8907683383583264,0.9737853408244749,0.9880728288104379,0.990653763960493,native ffmpeg jpeg2000 wall time including process and file I/O
chat_preview,photo,kodak_02,768,512,512,341,JPEG2000,"pix=yuv420p,qscale=9",18372,0.8418255131964809,37.07724999998163,23.015665999992052,nan,nan,33.49370697827601,0.872341710102501,0.968216248627896,0.9847796395289203,0.9886696813420857,native ffmpeg jpeg2000 wall time including process and file I/O
chat_preview,photo,kodak_02,768,512,512,341,JPEG2000,"pix=yuv420p,qscale=3",30888,1.4153225806451613,37.51600000001076,23.84437500001013,nan,nan,35.36631955085569,0.9180212642679156,0.9811047513727286,0.9923743458927003,0.9928658928417046,native ffmpeg jpeg2000 wall time including process and file I/O
chat_preview,photo,kodak_02,768,512,512,341,JPEG2000,"pix=yuv420p,qscale=2",36738,1.6833760997067448,38.469958999996834,27.687291999995978,nan,nan,35.99119171028495,0.9303986543560495,0.984128781124873,0.9939144121734742,0.9938762079602556,native ffmpeg jpeg2000 wall time including process and file I/O
chat_preview,photo,kodak_02,768,512,512,341,JPEG2000,"pix=yuv420p,qscale=4",27851,1.2761638563049853,36.798833999995395,24.059792000002744,nan,nan,35.03364578844164,0.9105664063530575,0.9789837085445142,0.9912101647609827,0.9922114216858412,native ffmpeg jpeg2000 wall time including process and file I/O
chat_preview,photo,kodak_02,768,512,512,341,JPEG2000,"pix=rgb24,qscale=1",147069,6.7388654692082115,64.00012500000685,42.256790999999794,nan,nan,44.94664409046636,0.9844750143687498,0.9980882455737891,0.9985227082678821,0.9993546401667112,native ffmpeg jpeg2000 wall time including process and file I/O
chat_preview,photo,kodak_02,768,512,512,341,JPEG2000,"pix=rgb24,qscale=10000",4179,0.19148643695014664,64.13045799999395,21.539165999996612,nan,nan,27.02394022316554,0.6381049151836051,0.8323169677097003,0.8638446992711852,0.9228029232433127,native ffmpeg jpeg2000 wall time including process and file I/O
chat_preview,photo,kodak_02,768,512,512,341,JPEG2000,"pix=rgb24,qscale=5000",4737,0.21705461876832843,63.10799999999972,21.386791999987054,nan,nan,27.76243796688217,0.6619222515907278,0.8574214438564075,0.884687600007861,0.9399365837155664,native ffmpeg jpeg2000 wall time including process and file I/O
chat_preview,photo,kodak_02,768,512,512,341,JPEG2000,"pix=rgb24,qscale=2500",5378,0.2464259530791789,63.368709000002355,21.834624999996777,nan,nan,28.428797789065147,0.6822774462285398,0.8788447605363778,0.8992824089566704,0.9522816369532736,native ffmpeg jpeg2000 wall time including process and file I/O
chat_preview,photo,kodak_02,768,512,512,341,JPEG2000,"pix=rgb24,qscale=1250",6544,0.2998533724340176,63.024541999993744,21.77620800000568,nan,nan,29.22887396586151,0.7110610439629953,0.9029713258553472,0.9188908538028169,0.9635100042100996,native ffmpeg jpeg2000 wall time including process and file I/O
chat_preview,photo,kodak_02,768,512,512,341,JPEG2000,"pix=rgb24,qscale=625",7994,0.3662939882697947,63.6966249999773,21.971041999989893,nan,nan,29.914367475018878,0.736113699100296,0.9202937609273931,0.9338154483988332,0.9709129602389512,native ffmpeg jpeg2000 wall time including process and file I/O
chat_preview,photo,kodak_02,768,512,512,341,JPEG2000,"pix=rgb24,qscale=313",9879,0.45266678885630496,63.08933299999353,21.9770829999959,nan,nan,30.519167223188113,0.7596930605781599,0.9343582028902783,0.944271972108416,0.9759030478858094,native ffmpeg jpeg2000 wall time including process and file I/O
chat_preview,photo,kodak_02,768,512,512,341,JPEG2000,"pix=rgb24,qscale=157",13431,0.6154233870967742,62.79524999999353,22.5545410000052,nan,nan,31.349658543629868,0.7927387399978175,0.9499325696891224,0.9570802123164088,0.9814410402299174,native ffmpeg jpeg2000 wall time including process and file I/O
chat_preview,photo,kodak_02,768,512,512,341,JPEG2000,"pix=rgb24,qscale=79",18516,0.8484237536656891,65.06829200000652,25.78500000001327,nan,nan,32.41734906780739,0.8257508840700275,0.9625933424191336,0.9683695399394807,0.9862064710214218,native ffmpeg jpeg2000 wall time including process and file I/O
chat_preview,photo,kodak_02,768,512,512,341,JPEG2000,"pix=rgb24,qscale=40",26438,1.2114186217008798,67.50958399999263,26.317417000001342,nan,nan,33.652144777081006,0.8622998786542772,0.9741554083573707,0.9782055539006923,0.9902068865227838,native ffmpeg jpeg2000 wall time including process and file I/O
chat_preview,photo,kodak_02,768,512,512,341,JPEG2000,"pix=rgb24,qscale=59",21697,0.9941807184750733,68.18629100001772,26.25995799999714,nan,nan,32.91586088954224,0.841136315033174,0.967383149082576,0.9726992914501048,0.9879823079715732,native ffmpeg jpeg2000 wall time including process and file I/O
chat_preview,photo,kodak_02,768,512,512,341,JPEG2000,"pix=rgb24,qscale=49",23932,1.0965909090909092,66.79683299998374,26.20062500000131,nan,nan,33.26129659332838,0.851302901542939,0.9707393360796378,0.9753024589053865,0.9890934668733071,native ffmpeg jpeg2000 wall time including process and file I/O
chat_preview,photo,kodak_02,768,512,512,341,JPEG2000,"pix=rgb24,qscale=54",22610,1.0360153958944283,68.34924999998293,26.2914589999923,nan,nan,33.06372234166377,0.8450198088042336,0.9686374832910126,0.9736638195404829,0.9884702695067742,native ffmpeg jpeg2000 wall time including process and file I/O
chat_preview,photo,kodak_02,768,512,512,341,JPEG2000,"pix=rgb24,qscale=51",23393,1.0718933284457477,67.93662499998732,25.681042000002208,nan,nan,33.19540130918981,0.8488042748759157,0.9698657936603118,0.9746095701159837,0.9888594842180887,native ffmpeg jpeg2000 wall time including process and file I/O
chat_preview,photo,kodak_02,768,512,512,341,JPEG2000,"pix=rgb24,qscale=50",23712,1.0865102639296187,65.87395899998683,27.80495899997959,nan,nan,33.23448876305043,0.8503374686891768,0.9703868671377652,0.9750215827857625,0.9889913514140491,native ffmpeg jpeg2000 wall time including process and file I/O
chat_preview,photo,kodak_02,768,512,512,341,JPEG2000,"pix=rgb24,qscale=48",24213,1.109466642228739,68.35049999997977,25.678416999994624,nan,nan,33.305930378451734,0.8525030209153908,0.9710920309779653,0.9755411791769195,0.9892096463236715,native ffmpeg jpeg2000 wall time including process and file I/O
chat_preview,photo,kodak_02,768,512,512,341,JPEG2000,"pix=rgb24,qscale=52",23144,1.060483870967742,70.51945800000681,27.43075000000772,nan,nan,33.1463508278057,0.8475244262355556,0.9695011867358422,0.9742665731995147,0.9887304009579997,native ffmpeg jpeg2000 wall time including process and file I/O
chat_preview,photo,kodak_02,768,512,512,341,JPEG2000,"pix=rgb24,qscale=53",22875,1.048157991202346,69.92629199999101,26.397040999995625,nan,nan,33.1053534397624,0.8462233196051838,0.9690217739575401,0.9738881865063088,0.9886029361052515,native ffmpeg jpeg2000 wall time including process and file I/O
chat_preview,photo,kodak_02,768,512,512,341,JPEG2000,"pix=rgb24,qscale=20",37818,1.7328629032258065,67.53312499998287,27.40004199998225,nan,nan,35.16399165586919,0.8949774857503282,0.9821284653671576,0.9846890752766828,0.9933409964662046,native ffmpeg jpeg2000 wall time including process and file I/O
chat_preview,photo,kodak_02,768,512,512,341,JPEG2000,"pix=rgb24,qscale=10",51841,2.3754123900293256,63.2196249999879,28.698833000021295,nan,nan,36.677526099197124,0.9222062232464915,0.9880995850497444,0.9898604702897146,0.9955002148823704,native ffmpeg jpeg2000 wall time including process and file I/O
chat_preview,photo,kodak_02,768,512,512,341,JPEG2000,"pix=rgb24,qscale=15",43231,1.980892595307918,63.10979100001646,27.77579199999991,nan,nan,35.79627414777892,0.907831253304468,0.9851057293497741,0.9872423573898615,0.9943650754974159,native ffmpeg jpeg2000 wall time including process and file I/O
chat_preview,photo,kodak_02,768,512,512,341,JPEG2000,"pix=rgb24,qscale=17",40824,1.8706011730205279,64.92458299999271,27.753458000006503,nan,nan,35.550342065321665,0.9025709691855109,0.983774578968878,0.9860901564704367,0.9939632382231969,native ffmpeg jpeg2000 wall time including process and file I/O
chat_preview,photo,kodak_02,768,512,512,341,JPEG2000,"pix=rgb24,qscale=16",41913,1.9205003665689149,64.09224999998742,27.78737499997419,nan,nan,35.664543994330906,0.9050213087637015,0.9844103084823471,0.9865761195182088,0.9941563470640437,native ffmpeg jpeg2000 wall time including process and file I/O
chat_preview,photo,kodak_02,768,512,512,341,JPEG2000,"pix=rgb24,qscale=13",46339,2.1233046187683287,63.260124999999334,28.45720799999185,nan,nan,36.10707040838788,0.9135524946887613,0.9864391479005922,0.9884414012318742,0.9948193811094235,native ffmpeg jpeg2000 wall time including process and file I/O
chat_preview,photo,kodak_02,768,512,512,341,JPEG2000,"pix=rgb24,qscale=14",44725,2.049349340175953,62.520833999997194,27.363167000004296,nan,nan,35.945194421679076,0.9107526859767306,0.9857881947321291,0.9878058025277597,0.9945873038035892,native ffmpeg jpeg2000 wall time including process and file I/O
chat_preview,photo,kodak_02,768,512,512,341,JPEG2000,"pix=rgb24,qscale=18",39702,1.8191898826979471,64.88062500000069,26.628083999980845,nan,nan,35.415861297648796,0.8999010066480037,0.9831702010225123,0.9856097127611614,0.993741526055299,native ffmpeg jpeg2000 wall time including process and file I/O
chat_preview,photo,kodak_02,768,512,512,341,JPEG2000,"pix=rgb24,qscale=5",74869,3.4305810117302054,63.96437499998342,31.782999999990125,nan,nan,39.0367273998802,0.9497530776342802,0.993013988648103,0.994127867881296,0.9974546495786674,native ffmpeg jpeg2000 wall time including process and file I/O
chat_preview,photo,kodak_02,768,512,512,341,JPEG2000,"pix=rgb24,qscale=3",90605,4.15162206744868,63.204291999994666,33.769125000020495,nan,nan,40.34174539167982,0.9616018040022783,0.9948756342592713,0.9957828180977878,0.9981268829271831,native ffmpeg jpeg2000 wall time including process and file I/O
chat_preview,photo,kodak_02,768,512,512,341,JPEG2000,"pix=rgb24,qscale=2",109726,5.0277675953079175,66.34508299998743,36.7465409999852,nan,nan,41.89087476453863,0.9716396451145507,0.9963162576345358,0.9970237523483647,0.9986929388839294,native ffmpeg jpeg2000 wall time including process and file I/O
chat_preview,photo,kodak_02,768,512,512,341,JPEG2000,"pix=rgb24,qscale=4",81626,3.7401942815249267,63.410125000018525,33.23458399998458,nan,nan,39.69846597770916,0.9560358287735816,0.9939675260241717,0.9950139203989334,0.9978135235049758,native ffmpeg jpeg2000 wall time including process and file I/O
chat_preview,ui_text,chat_ui,1200,800,512,341,CAPS,"q=1,tile=64",4392,0.20124633431085043,9.048207999995839,7.245167000007768,3.48129,3.66762,31.243150590225206,0.9448048616217721,0.9792836757183236,0.9813018662364853,0.9569471538505062,subprocess wall time including PPM I/O; codec_* fields are resident timing
chat_preview,ui_text,chat_ui,1200,800,512,341,CAPS,"q=2,tile=64",4404,0.20179618768328444,7.41183299999193,7.291457999997419,3.32158,3.72121,31.25594412579829,0.9450187391978117,0.9793912892588462,0.9813221731618285,0.9571321708562234,subprocess wall time including PPM I/O; codec_* fields are resident timing
chat_preview,ui_text,chat_ui,1200,800,512,341,CAPS,"q=3,tile=64",4433,0.203125,7.600833999987344,7.603416999984347,3.37721,3.77583,31.270918760188007,0.9455893971963487,0.9795076011207567,0.9814483062369848,0.9572341449634494,subprocess wall time including PPM I/O; codec_* fields are resident timing
chat_preview,ui_text,chat_ui,1200,800,512,341,CAPS,"q=4,tile=64",4460,0.20436217008797655,7.479000000017777,7.555875000008427,3.40112,3.68467,31.283437356767973,0.9456754504500804,0.9795544281815052,0.9814949371799238,0.9573516970396578,subprocess wall time including PPM I/O; codec_* fields are resident timing
chat_preview,ui_text,chat_ui,1200,800,512,341,CAPS,"q=5,tile=64",4510,0.20665322580645162,7.278832999986662,7.254917000011574,3.34854,3.62158,31.36263756123349,0.9453244369497128,0.977864220397589,0.9817458282533682,0.9561557433414666,subprocess wall time including PPM I/O; codec_* fields are resident timing
chat_preview,ui_text,chat_ui,1200,800,512,341,CAPS,"q=6,tile=64",4533,0.20770711143695014,7.19916700001022,7.307083000000603,3.32012,3.74146,31.392652353265113,0.9456664307463546,0.9779723746156387,0.9818642409076673,0.9563841693929896,subprocess wall time including PPM I/O; codec_* fields are resident timing
chat_preview,ui_text,chat_ui,1200,800,512,341,CAPS,"q=7,tile=64",4564,0.2091275659824047,7.2899580000012065,7.2951250000130585,3.38475,3.67912,31.401601195300294,0.9457154581045932,0.9780184785060534,0.9819061134262621,0.9565766346658059,subprocess wall time including PPM I/O; codec_* fields are resident timing
chat_preview,ui_text,chat_ui,1200,800,512,341,CAPS,"q=8,tile=64",4600,0.21077712609970675,7.751624999997375,8.140666999992163,3.45775,3.79038,31.42282895887055,0.9461798141029113,0.9784850759194089,0.9823985735357218,0.9572168464117521,subprocess wall time including PPM I/O; codec_* fields are resident timing
chat_preview,ui_text,chat_ui,1200,800,512,341,CAPS,"q=9,tile=64",4611,0.21128115835777125,7.456165999997211,7.714208999999528,3.40142,3.72925,31.434782184371798,0.9463004870082868,0.9785389451634415,0.982452411061204,0.957315144749471,subprocess wall time including PPM I/O; codec_* fields are resident timing
chat_preview,ui_text,chat_ui,1200,800,512,341,CAPS,"q=10,tile=64",4635,0.2123808651026393,7.687208999982431,7.708291000000145,3.30817,3.75854,31.447415024874893,0.9464580681795548,0.9785975378777113,0.9825114013782821,0.957459728281919,subprocess wall time including PPM I/O; codec_* fields are resident timing
chat_preview,ui_text,chat_ui,1200,800,512,341,CAPS,"q=11,tile=64",4676,0.21425953079178886,7.825666999991654,7.507709000009299,3.39875,3.70212,31.662321625001223,0.9490769711418147,0.9818697886388813,0.9856611190072226,0.9695795549127515,subprocess wall time including PPM I/O; codec_* fields are resident timing
chat_preview,ui_text,chat_ui,1200,800,512,341,CAPS,"q=12,tile=64",4697,0.21522177419354838,7.354165999998941,7.351041000021041,3.32267,3.69879,31.67824015383151,0.9492132607756663,0.9819076714759506,0.9856957233290959,0.9696950815474621,subprocess wall time including PPM I/O; codec_* fields are resident timing
chat_preview,ui_text,chat_ui,1200,800,512,341,CAPS,"q=13,tile=64",4717,0.2161381964809384,7.665250000002288,7.478291000012405,3.25542,3.75513,31.704471401348172,0.9495987175516235,0.9822091878004503,0.9860161368692021,0.969972881932428,subprocess wall time including PPM I/O; codec_* fields are resident timing
chat_preview,ui_text,chat_ui,1200,800,512,341,CAPS,"q=14,tile=64",4772,0.218658357771261,7.767957999988084,7.248583000006192,3.35837,3.69921,31.71990537552022,0.9499479756640549,0.9822755723616826,0.9860258726000104,0.9701629435655175,subprocess wall time including PPM I/O; codec_* fields are resident timing
chat_preview,ui_text,chat_ui,1200,800,512,341,CAPS,"q=15,tile=64",4785,0.21925403225806453,7.648999999986472,7.412332999990667,3.28696,3.70421,31.72900015481527,0.9500306518411389,0.9823428923718917,0.9860801327991174,0.9702213709658722,subprocess wall time including PPM I/O; codec_* fields are resident timing
chat_preview,ui_text,chat_ui,1200,800,512,341,CAPS,"q=16,tile=64",4817,0.22072030791788858,7.106250000020964,7.226707999990367,3.32479,3.71287,31.76003944873324,0.9505295933511274,0.9825456738602018,0.9863043973995723,0.9705127115175746,subprocess wall time including PPM I/O; codec_* fields are resident timing
chat_preview,ui_text,chat_ui,1200,800,512,341,CAPS,"q=17,tile=64",4960,0.22727272727272727,7.392542000019375,7.51933399999416,3.44358,3.78837,31.786753087218884,0.9510037676620581,0.9826148823398784,0.9870470636621911,0.9706695040499285,subprocess wall time including PPM I/O; codec_* fields are resident timing
chat_preview,ui_text,chat_ui,1200,800,512,341,CAPS,"q=18,tile=64",5017,0.22988453079178886,8.324957999974458,8.178624999999329,3.69325,3.73517,31.802261884039456,0.9514303028081752,0.9830537840332935,0.9875316975902111,0.9712092286961775,subprocess wall time including PPM I/O; codec_* fields are resident timing
chat_preview,ui_text,chat_ui,1200,800,512,341,CAPS,"q=19,tile=64",5026,0.23029692082111436,7.553583999992952,8.427791999991996,3.46212,3.91671,31.810065537227207,0.951592991301745,0.9830898933769094,0.9875644236510056,0.9712448492337006,subprocess wall time including PPM I/O; codec_* fields are resident timing
chat_preview,ui_text,chat_ui,1200,800,512,341,CAPS,"q=20,tile=64",5040,0.23093841642228738,7.733500000000504,7.834959000007302,3.35583,3.70075,31.821152463911623,0.9516415856140691,0.9831143815834951,0.9875564975953308,0.9713561713328467,subprocess wall time including PPM I/O; codec_* fields are resident timing
chat_preview,ui_text,chat_ui,1200,800,512,341,CAPS,"q=21,tile=64",5092,0.23332111436950145,7.649334000007002,7.6960840000026565,3.28454,3.75737,31.856294336783787,0.9521366548557352,0.9831495842363847,0.9875727711565944,0.9714650337688008,subprocess wall time including PPM I/O; codec_* fields are resident timing
chat_preview,ui_text,chat_ui,1200,800,512,341,CAPS,"q=22,tile=64",5106,0.23396260997067447,7.49333400000296,7.518832999977576,3.47767,3.82492,31.867044919679582,0.9522246435254645,0.9831638504189896,0.9876055746512398,0.9715399310506514,subprocess wall time including PPM I/O; codec_* fields are resident timing
chat_preview,ui_text,chat_ui,1200,800,512,341,CAPS,"q=23,tile=64",5241,0.24014846041055718,7.2605409999937365,7.493499999981168,3.30975,3.81196,32.38865124764905,0.9522813398967935,0.9812300423304253,0.9847309598247544,0.9708247163468202,subprocess wall time including PPM I/O; codec_* fields are resident timing
chat_preview,ui_text,chat_ui,1200,800,512,341,CAPS,"q=24,tile=64",5271,0.24152309384164222,7.457459000022482,7.587166999996953,3.40233,3.78992,32.40213578467949,0.9523364429789763,0.9812663217614604,0.9847701988402611,0.9709397427127368,subprocess wall time including PPM I/O; codec_* fields are resident timing
chat_preview,ui_text,chat_ui,1200,800,512,341,CAPS,"q=25,tile=64",5326,0.24404325513196481,8.120375000004287,7.976916999979267,3.58246,3.88212,32.43047993628156,0.9525840877697442,0.9813207818271829,0.9848148760602308,0.9711373171582762,subprocess wall time including PPM I/O; codec_* fields are resident timing
chat_preview,ui_text,chat_ui,1200,800,512,341,CAPS,"q=26,tile=64",5342,0.24477639296187684,7.451208000020415,7.731249999977763,3.43883,3.89225,32.47160487797206,0.9530108684325956,0.9813392342062982,0.9847895738174556,0.9713043514606924,subprocess wall time including PPM I/O; codec_* fields are resident timing
chat_preview,ui_text,chat_ui,1200,800,512,341,CAPS,"q=27,tile=64",5410,0.24789222873900293,7.756624999984751,7.917832999993379,3.41533,3.8225,32.513409786561056,0.953406742011624,0.9814953428819634,0.9849609279498999,0.971596109909321,subprocess wall time including PPM I/O; codec_* fields are resident timing
chat_preview,ui_text,chat_ui,1200,800,512,341,CAPS,"q=28,tile=64",5438,0.24917521994134897,7.487582999999631,7.525250000014694,3.40196,3.70983,32.54623387497903,0.9539055688779773,0.9816173641341223,0.985081689220525,0.9716933536479458,subprocess wall time including PPM I/O; codec_* fields are resident timing
chat_preview,ui_text,chat_ui,1200,800,512,341,CAPS,"q=29,tile=64",5619,0.2574688416422287,7.329084000019748,7.4844160000111515,3.38967,3.83679,32.95583105832627,0.9552273120541525,0.9836328872034189,0.9856480928848609,0.969933742703293,subprocess wall time including PPM I/O; codec_* fields are resident timing
chat_preview,ui_text,chat_ui,1200,800,512,341,CAPS,"q=30,tile=64",5636,0.25824780058651026,7.608250000004091,7.382499999977199,3.40683,3.74937,32.97537771819522,0.9553237551304324,0.9836570782149007,0.9856686128135644,0.9700326528025733,subprocess wall time including PPM I/O; codec_* fields are resident timing
chat_preview,ui_text,chat_ui,1200,800,512,341,CAPS,"q=31,tile=64",5742,0.26310483870967744,7.410292000002983,7.17112500001349,3.35896,3.74642,33.022900088755236,0.9556679423535259,0.9837494996214727,0.9857420094752013,0.9703719300466733,subprocess wall time including PPM I/O; codec_* fields are resident timing
chat_preview,ui_text,chat_ui,1200,800,512,341,CAPS,"q=32,tile=64",5759,0.2638837976539589,7.372625000016342,7.280166999976245,3.39392,3.79308,33.04887270168224,0.9558641962654413,0.9838193336290559,0.9857870559253666,0.9705713168090448,subprocess wall time including PPM I/O; codec_* fields are resident timing
chat_preview,ui_text,chat_ui,1200,800,512,341,CAPS,"q=33,tile=64",5845,0.26782441348973607,7.364750000022013,7.202624999990803,3.41512,3.71175,33.10867331834964,0.9565293217130485,0.9839993491387795,0.9859423120929213,0.9710104636841651,subprocess wall time including PPM I/O; codec_* fields are resident timing
chat_preview,ui_text,chat_ui,1200,800,512,341,CAPS,"q=34,tile=64",5863,0.2686491935483871,7.746083000000681,8.321584000015037,3.70633,3.90675,33.13592626941464,0.9567466766332998,0.9840506707660426,0.9859875018559182,0.9711400881815663,subprocess wall time including PPM I/O; codec_* fields are resident timing
chat_preview,ui_text,chat_ui,1200,800,512,341,CAPS,"q=35,tile=64",5961,0.27313966275659823,7.676416000009567,7.330292000006011,3.49304,3.75954,33.59802412168509,0.96107235986134,0.9891760393650549,0.9911227434976759,0.9762049716588762,subprocess wall time including PPM I/O; codec_* fields are resident timing
chat_preview,ui_text,chat_ui,1200,800,512,341,CAPS,"q=36,tile=64",5964,0.2732771260997067,7.886832999986382,7.390374999999949,3.39308,3.77658,33.645484239751376,0.9614718514068473,0.989171276386711,0.991111595168636,0.9763310714845576,subprocess wall time including PPM I/O; codec_* fields are resident timing
chat_preview,ui_text,chat_ui,1200,800,512,341,CAPS,"q=37,tile=64",5978,0.27391862170087977,7.3687089999907585,7.771208000008301,3.47771,3.81462,33.65770412398496,0.9615649875428264,0.9892057341208655,0.9911129285286409,0.976420471867271,subprocess wall time including PPM I/O; codec_* fields are resident timing
chat_preview,ui_text,chat_ui,1200,800,512,341,CAPS,"q=38,tile=64",6098,0.27941715542521994,7.420666999990999,7.309040999984973,3.52117,3.78579,33.7315345996267,0.96238635590076,0.9895250628807211,0.9914135033132027,0.9769270173508579,subprocess wall time including PPM I/O; codec_* fields are resident timing
chat_preview,ui_text,chat_ui,1200,800,512,341,CAPS,"q=39,tile=64",6122,0.280516862170088,7.438499999977921,7.3639169999921705,3.45079,3.838,33.76400231128673,0.9626626818777358,0.9896108822941551,0.9914987574965943,0.9770328444006127,subprocess wall time including PPM I/O; codec_* fields are resident timing
chat_preview,ui_text,chat_ui,1200,800,512,341,CAPS,"q=40,tile=64",6208,0.2844574780058651,7.338541999985182,7.483250000007047,3.41812,3.814,33.83008290551207,0.9631445418164604,0.989815196859598,0.9916989359505195,0.9774315347915116,subprocess wall time including PPM I/O; codec_* fields are resident timing
chat_preview,ui_text,chat_ui,1200,800,512,341,CAPS,"q=41,tile=64",6283,0.2878940615835777,7.342167000018662,7.4235829999906855,3.38583,3.72242,33.957077470243135,0.9639345861822024,0.9903229069922763,0.9919521472253904,0.9814685383795724,subprocess wall time including PPM I/O; codec_* fields are resident timing
chat_preview,ui_text,chat_ui,1200,800,512,341,CAPS,"q=42,tile=64",6358,0.2913306451612903,7.67466700000341,7.4315840000167555,3.42033,3.77704,34.01609698011144,0.964327145473689,0.9904431368002159,0.9920598229624086,0.9817679345774377,subprocess wall time including PPM I/O; codec_* fields are resident timing
chat_preview,ui_text,chat_ui,1200,800,512,341,CAPS,"q=43,tile=64",6393,0.29293438416422285,7.4080000000265045,7.318292000007887,3.35146,3.74367,34.07739337611568,0.9646272954337264,0.9904883574053233,0.992090873502158,0.9819441356195656,subprocess wall time including PPM I/O; codec_* fields are resident timing
chat_preview,ui_text,chat_ui,1200,800,512,341,CAPS,"q=44,tile=64",6530,0.29921187683284456,7.65308300000811,7.969291999984307,3.55742,3.85479,34.153371068461155,0.9652541964101307,0.9907407509815663,0.9923025958867848,0.9823738829840059,subprocess wall time including PPM I/O; codec_* fields are resident timing
chat_preview,ui_text,chat_ui,1200,800,512,341,CAPS,"q=45,tile=64",6549,0.3000824780058651,7.304833000006283,7.655749999997852,3.46483,3.84142,34.20052950008585,0.9655481599221845,0.990746001648983,0.9922919159701477,0.9824990771306416,subprocess wall time including PPM I/O; codec_* fields are resident timing
chat_preview,ui_text,chat_ui,1200,800,512,341,CAPS,"q=46,tile=64",6636,0.30406891495601174,7.494707999995853,7.635832999994818,3.51608,3.84833,34.27401202311111,0.9661283309961645,0.9909284253984394,0.9924970050365578,0.9828343436583247,subprocess wall time including PPM I/O; codec_* fields are resident timing
chat_preview,ui_text,chat_ui,1200,800,512,341,CAPS,"q=47,tile=64",6746,0.30910923753665687,7.451916999997366,8.19141700000614,3.59033,3.9505,35.02415155752243,0.9674909400105672,0.9911706893293775,0.9925675994501217,0.9840255515107645,subprocess wall time including PPM I/O; codec_* fields are resident timing
chat_preview,ui_text,chat_ui,1200,800,512,341,CAPS,"q=48,tile=64",6888,0.3156158357771261,7.493415999988429,7.3882080000089445,3.58129,3.76,35.11289944696324,0.9679285857546936,0.991497676413935,0.9929584616707268,0.9844330774633657,subprocess wall time including PPM I/O; codec_* fields are resident timing
chat_preview,ui_text,chat_ui,1200,800,512,341,CAPS,"q=49,tile=64",6906,0.31644061583577715,7.351625000012518,7.478166999987934,3.47896,3.77008,35.183594508212146,0.9684374761443447,0.9915862933877779,0.9930392867252448,0.9846406543538057,subprocess wall time including PPM I/O; codec_* fields are resident timing
chat_preview,ui_text,chat_ui,1200,800,512,341,CAPS,"q=50,tile=64",7025,0.3218933284457478,7.822457999992594,8.188708000005818,3.582,3.92588,35.25940257834646,0.9689473602952893,0.9917496801536866,0.9932051915852764,0.9849125469177389,subprocess wall time including PPM I/O; codec_* fields are resident timing
chat_preview,ui_text,chat_ui,1200,800,512,341,CAPS,"q=51,tile=64",7073,0.3240927419354839,7.738291000009667,7.591167000015275,3.57554,3.86133,35.340542697428916,0.9693393642276833,0.9917843346475047,0.9932363420791647,0.9851041873570398,subprocess wall time including PPM I/O; codec_* fields are resident timing
chat_preview,ui_text,chat_ui,1200,800,512,341,CAPS,"q=52,tile=64",7179,0.32894978005865105,7.329999999996062,7.550833000010471,3.50021,3.78608,35.40957250191258,0.969673534515412,0.9919172628254974,0.9933796204816123,0.9853640097128703,subprocess wall time including PPM I/O; codec_* fields are resident timing
chat_preview,ui_text,chat_ui,1200,800,512,341,CAPS,"q=53,tile=64",7260,0.3326612903225806,7.424917000008691,7.610125000013568,3.46067,3.87004,35.531452226249264,0.9705062455888208,0.9922468264090796,0.9935540165490658,0.9860312024711373,subprocess wall time including PPM I/O; codec_* fields are resident timing
chat_preview,ui_text,chat_ui,1200,800,512,341,CAPS,"q=54,tile=64",7331,0.33591458944281527,7.692083000023331,7.541250000002719,3.55875,3.83779,35.572620123424514,0.9707348009619526,0.992309638926408,0.9936116386169154,0.9861708785440781,subprocess wall time including PPM I/O; codec_* fields are resident timing
chat_preview,ui_text,chat_ui,1200,800,512,341,CAPS,"q=55,tile=64",7463,0.34196297653958946,7.595417000004545,7.597416999999496,3.56725,3.90854,35.6346365405086,0.9710468944624946,0.9923607742812095,0.9936569549515434,0.9863963008121138,subprocess wall time including PPM I/O; codec_* fields are resident timing
chat_preview,ui_text,chat_ui,1200,800,512,341,CAPS,"q=56,tile=64",7502,0.34375,7.847040999990895,7.461250000005748,3.46279,3.86625,35.74096010208382,0.971635241453107,0.9925295280078626,0.993816280532671,0.9866801024367053,subprocess wall time including PPM I/O; codec_* fields are resident timing
chat_preview,ui_text,chat_ui,1200,800,512,341,CAPS,"q=57,tile=64",7586,0.3475989736070381,7.716916999982004,7.6127499999927295,3.48546,3.89679,35.808398606756086,0.9720308815289322,0.992637120446119,0.9939352952760958,0.9869068157333563,subprocess wall time including PPM I/O; codec_* fields are resident timing
chat_preview,ui_text,chat_ui,1200,800,512,341,CAPS,"q=58,tile=64",7630,0.3496151026392962,7.645709000001943,7.677791999981309,3.45529,3.90796,35.87985173820262,0.9722854200488443,0.9926109695752795,0.9939162234208787,0.9870161367995589,subprocess wall time including PPM I/O; codec_* fields are resident timing
chat_preview,ui_text,chat_ui,1200,800,512,341,CAPS,"q=59,tile=64",7876,0.36088709677419356,7.596957999993492,7.582332999987784,3.54896,3.83746,36.19240276259041,0.9738480795609766,0.9935036676242809,0.9948914591612116,0.9883680332363539,subprocess wall time including PPM I/O; codec_* fields are resident timing
chat_preview,ui_text,chat_ui,1200,800,512,341,CAPS,"q=60,tile=64",7903,0.3621242668621701,8.063915999997562,8.02354200001787,3.56929,3.89138,36.28220464265612,0.9742363807433744,0.9935663509857098,0.994942388594687,0.9885463196494462,subprocess wall time including PPM I/O; codec_* fields are resident timing
chat_preview,ui_text,chat_ui,1200,800,512,341,CAPS,"q=61,tile=64",8040,0.3684017595307918,7.611749999995254,7.595166000015752,3.60779,3.80671,36.39551956393231,0.9748164806195939,0.9937194853499903,0.9950835177102143,0.9888572213847378,subprocess wall time including PPM I/O; codec_* fields are resident timing
chat_preview,ui_text,chat_ui,1200,800,512,341,CAPS,"q=62,tile=64",8107,0.3714717741935484,7.445707999977458,7.743957999991835,3.53108,3.90375,36.522453498370226,0.9753284027456598,0.9938342100934294,0.9951202424851892,0.9891615224085512,subprocess wall time including PPM I/O; codec_* fields are resident timing
chat_preview,ui_text,chat_ui,1200,800,512,341,CAPS,"q=63,tile=64",8213,0.37632881231671556,8.038166999995155,7.597750000002179,3.60642,3.9205,36.623799090789575,0.9758682618351364,0.9938910129385495,0.9951766156585561,0.9893685566365155,subprocess wall time including PPM I/O; codec_* fields are resident timing
chat_preview,ui_text,chat_ui,1200,800,512,341,CAPS,"q=64,tile=64",8300,0.38031524926686217,7.464583000000857,7.646416999989469,3.52167,3.91267,36.78164037631618,0.9764349722300958,0.9940846681931962,0.9953666476781967,0.9897657426473248,subprocess wall time including PPM I/O; codec_* fields are resident timing
chat_preview,ui_text,chat_ui,1200,800,512,341,CAPS,"q=65,tile=64",8564,0.39241202346041054,8.155458999993925,7.602749999989555,3.50592,3.8315,36.61943693177989,0.9773870780557427,0.9946064071066223,0.9959083856660809,0.9900947310349959,subprocess wall time including PPM I/O; codec_* fields are resident timing
chat_preview,ui_text,chat_ui,1200,800,512,341,CAPS,"q=66,tile=64",8611,0.39456561583577715,7.568042000002606,7.6887499999998,3.60821,3.89058,36.73495173168308,0.9779794960136657,0.9947416765351984,0.9960317167970288,0.9903218404677615,subprocess wall time including PPM I/O; codec_* fields are resident timing
chat_preview,ui_text,chat_ui,1200,800,512,341,CAPS,"q=67,tile=64",8713,0.39923936950146627,7.541291999984878,7.47945900002378,3.532,3.88712,36.822471721157086,0.9784848388058877,0.9948913888673726,0.9961529789984528,0.9905317437628819,subprocess wall time including PPM I/O; codec_* fields are resident timing
chat_preview,ui_text,chat_ui,1200,800,512,341,CAPS,"q=68,tile=64",8790,0.4027675953079179,9.314458000005743,8.129791999976987,3.60962,3.81375,36.94818911017584,0.9790024429077032,0.99499586976447,0.9962312132344401,0.9907934724641243,subprocess wall time including PPM I/O; codec_* fields are resident timing
chat_preview,ui_text,chat_ui,1200,800,512,341,CAPS,"q=69,tile=64",8983,0.4116110703812317,7.612458000011202,7.772541999997884,3.53879,3.92596,37.02198383010349,0.9794773092865915,0.9951272788262752,0.9963634230158405,0.9910376379300845,subprocess wall time including PPM I/O; codec_* fields are resident timing
chat_preview,ui_text,chat_ui,1200,800,512,341,CAPS,"q=70,tile=64",9046,0.41449780058651026,7.57466700000009,7.73245800002087,3.52508,3.89367,37.1421112225591,0.9799684664348766,0.9951795669083964,0.9964051389751601,0.9912101498559439,subprocess wall time including PPM I/O; codec_* fields are resident timing
chat_preview,ui_text,chat_ui,1200,800,512,341,CAPS,"q=71,tile=64",9380,0.42980205278592376,7.858041000019966,7.729415999989442,3.582,3.9255,37.58576912666891,0.9809381378728594,0.99526015203684,0.996543530894148,0.9914996842833252,subprocess wall time including PPM I/O; codec_* fields are resident timing
chat_preview,ui_text,chat_ui,1200,800,512,341,CAPS,"q=72,tile=64",9457,0.4333302785923754,7.751791999993429,8.111834000004592,3.59679,3.9095,37.621664074073394,0.9810229680373322,0.9952748208908142,0.9965537341279038,0.9915573902897306,subprocess wall time including PPM I/O; codec_* fields are resident timing
chat_preview,ui_text,chat_ui,1200,800,512,341,CAPS,"q=73,tile=64",9508,0.43566715542521994,8.323292000000038,9.172250000005988,3.69271,4.17371,37.75243842588872,0.9814600434000819,0.9953594985932771,0.9966308359564465,0.9917556821148961,subprocess wall time including PPM I/O; codec_* fields are resident timing
chat_preview,ui_text,chat_ui,1200,800,512,341,CAPS,"q=74,tile=64",9702,0.44455645161290325,7.8926669999930255,7.819874999995591,3.66579,3.97417,37.88418636440235,0.9818841486492218,0.9954477767511714,0.9966929358405339,0.9920359678630434,subprocess wall time including PPM I/O; codec_* fields are resident timing
chat_preview,ui_text,chat_ui,1200,800,512,341,CAPS,"q=75,tile=64",9814,0.4496884164222874,7.907625000001417,8.539584000004652,3.58671,4.11325,38.04258989601311,0.9824491421830265,0.9955522446357349,0.9967535327238539,0.9923142817054497,subprocess wall time including PPM I/O; codec_* fields are resident timing
chat_preview,ui_text,chat_ui,1200,800,512,341,CAPS,"q=76,tile=64",9949,0.4558742668621701,7.604540999977871,7.462207999992643,3.56792,3.84471,38.170071381153704,0.9830498423339805,0.9957498046744196,0.996958240317459,0.9925361639545193,subprocess wall time including PPM I/O; codec_* fields are resident timing
chat_preview,ui_text,chat_ui,1200,800,512,341,CAPS,"q=77,tile=64",10169,0.4659549120234604,7.559417000010171,8.009375000000318,3.68296,4.05387,38.330830495796214,0.9839447717829936,0.9961735573393903,0.9973234111305215,0.9926071265140339,subprocess wall time including PPM I/O; codec_* fields are resident timing
chat_preview,ui_text,chat_ui,1200,800,512,341,CAPS,"q=78,tile=64",10312,0.47250733137829914,7.668332999998029,7.823292000011861,3.60204,3.98008,38.452431039254144,0.9843182737336301,0.9962426679571633,0.9973927188605097,0.9927497478639332,subprocess wall time including PPM I/O; codec_* fields are resident timing
chat_preview,ui_text,chat_ui,1200,800,512,341,CAPS,"q=79,tile=64",10562,0.4839626099706745,7.614500000016733,7.504875000023503,3.62417,3.86517,38.56942111423661,0.9847593918133343,0.9963127595781528,0.997502616688589,0.9928917889195786,subprocess wall time including PPM I/O; codec_* fields are resident timing
chat_preview,ui_text,chat_ui,1200,800,512,341,CAPS,"q=80,tile=64",10783,0.4940890762463343,8.339000000006536,7.676375000016833,3.73171,3.90046,38.71325488860221,0.9850605916324774,0.9963857810775315,0.9975385328775638,0.993108003122849,subprocess wall time including PPM I/O; codec_* fields are resident timing
chat_preview,ui_text,chat_ui,1200,800,512,341,CAPS,"q=81,tile=64",10871,0.4981213343108504,7.710916000007728,7.640332999983457,3.77717,3.94404,38.87555016693629,0.9855813087881309,0.9965209597353146,0.9976639759213343,0.9933346834777989,subprocess wall time including PPM I/O; codec_* fields are resident timing
chat_preview,ui_text,chat_ui,1200,800,512,341,CAPS,"q=82,tile=64",11006,0.5043071847507331,7.65179199999011,7.700915999976132,3.66571,3.88929,39.008132376787906,0.9859613264042834,0.9965832379516709,0.9977209417065876,0.9934776095851345,subprocess wall time including PPM I/O; codec_* fields are resident timing
chat_preview,ui_text,chat_ui,1200,800,512,341,CAPS,"q=83,tile=64",11398,0.5222690615835777,7.932083000014245,7.489915999997265,3.61787,3.94579,38.86530225749658,0.9869797085615741,0.9971937895806118,0.998253161789268,0.9942192313758466,subprocess wall time including PPM I/O; codec_* fields are resident timing
chat_preview,ui_text,chat_ui,1200,800,512,341,CAPS,"q=84,tile=64",11686,0.5354655425219942,7.763750000009395,7.576749999998356,3.65971,3.93942,38.990420055318026,0.9872888755877655,0.9972413793620185,0.9982976837302535,0.9943765134820588,subprocess wall time including PPM I/O; codec_* fields are resident timing
chat_preview,ui_text,chat_ui,1200,800,512,341,CAPS,"q=85,tile=64",11858,0.5433467741935484,8.522083000002567,7.9872080000029655,3.66612,4.03767,39.1267080628652,0.9876872038364555,0.9973153668975584,0.9983530553063455,0.9945612032124147,subprocess wall time including PPM I/O; codec_* fields are resident timing
chat_preview,ui_text,chat_ui,1200,800,512,341,CAPS,"q=86,tile=64",12129,0.5557642961876833,8.036332999978413,8.495207999999366,3.87479,4.08787,39.194534330107864,0.9880914116285671,0.9974460390551293,0.9984804610365948,0.9946946920620547,subprocess wall time including PPM I/O; codec_* fields are resident timing
chat_preview,ui_text,chat_ui,1200,800,512,341,CAPS,"q=87,tile=64",12299,0.5635538856304986,7.787416000013536,7.858207999987599,3.76358,3.97596,39.28659298835407,0.9883403559404856,0.997444402005324,0.9984916681906856,0.9947724897600562,subprocess wall time including PPM I/O; codec_* fields are resident timing
chat_preview,ui_text,chat_ui,1200,800,512,341,CAPS,"q=88,tile=64",12555,0.5752840909090909,7.742707999994991,7.576749999998356,3.76367,3.9285,39.35935943203427,0.9885146254640192,0.9974512842638666,0.9985161242151316,0.9948361227666683,subprocess wall time including PPM I/O; codec_* fields are resident timing
chat_preview,ui_text,chat_ui,1200,800,512,341,CAPS,"q=89,tile=64",13158,0.6029142228739003,8.051375000007965,7.734999999996717,3.70779,4.0705,39.23385974249858,0.9885650610745035,0.9973562823504513,0.9984014225034729,0.9948085094341096,subprocess wall time including PPM I/O; codec_* fields are resident timing
chat_preview,ui_text,chat_ui,1200,800,512,341,CAPS,"q=90,tile=64",13339,0.6112078445747801,8.249583000008442,7.950417000017751,3.85408,3.95479,39.35037522720759,0.9889471996917628,0.9974132961991797,0.9984482445921934,0.994940257574093,subprocess wall time including PPM I/O; codec_* fields are resident timing
chat_preview,ui_text,chat_ui,1200,800,512,341,CAPS,"q=91,tile=64",13753,0.6301777859237536,8.199875000002521,7.97637499999837,3.785,4.05625,39.51893209467545,0.9895958253688134,0.9976505932221297,0.9987015097571511,0.9951265710132762,subprocess wall time including PPM I/O; codec_* fields are resident timing
chat_preview,ui_text,chat_ui,1200,800,512,341,CAPS,"q=92,tile=64",13968,0.6400293255131965,7.976416999980529,7.696791999990182,3.84308,4.00908,39.661282534281796,0.9899968413924055,0.997707394793892,0.9987209440897653,0.995278444425065,subprocess wall time including PPM I/O; codec_* fields are resident timing
chat_preview,ui_text,chat_ui,1200,800,512,341,CAPS,"q=93,tile=64",14425,0.6609695747800587,7.880125000014004,7.889125000019703,3.74092,4.03075,39.77868254640791,0.9901556714034913,0.9977463878650509,0.9987374339649521,0.9954152374640088,subprocess wall time including PPM I/O; codec_* fields are resident timing
chat_preview,ui_text,chat_ui,1200,800,512,341,CAPS,"q=94,tile=64",14923,0.6837884897360704,7.833000000005086,7.762084000006553,3.78908,3.98154,39.926937106337306,0.9907227662677718,0.9978836958276419,0.9988859414181973,0.9955759978874571,subprocess wall time including PPM I/O; codec_* fields are resident timing
chat_preview,ui_text,chat_ui,1200,800,512,341,CAPS,"q=95,tile=64",18481,0.8468200146627566,11.168708000013794,10.633915999989085,6.34287,6.19104,47.283142977866945,0.9967781261940142,0.9993408049833282,0.9994431065691878,0.999102361668422,subprocess wall time including PPM I/O; codec_* fields are resident timing
chat_preview,ui_text,chat_ui,1200,800,512,341,CAPS,"q=96,tile=64",19033,0.8721132697947214,13.030750000012858,10.525542000010546,6.32817,6.28796,48.06989146599701,0.9972122756078248,0.9994065260150053,0.999504502107838,0.99923302493764,subprocess wall time including PPM I/O; codec_* fields are resident timing
chat_preview,ui_text,chat_ui,1200,800,512,341,CAPS,"q=97,tile=64",19760,0.905425219941349,12.73904199999265,10.025875000025053,6.10487,6.21012,48.62087761465495,0.997385837264204,0.9994139339147466,0.9995079606685984,0.999300199191524,subprocess wall time including PPM I/O; codec_* fields are resident timing
chat_preview,ui_text,chat_ui,1200,800,512,341,CAPS,"q=98,tile=64",20428,0.936033724340176,10.500165999985711,10.431874999994761,6.19196,6.24579,49.14615513249999,0.9976077170008159,0.9993784786414558,0.9995089495361615,0.9993172690681126,subprocess wall time including PPM I/O; codec_* fields are resident timing
chat_preview,ui_text,chat_ui,1200,800,512,341,CAPS,"q=99,tile=64",22087,1.0120509530791788,10.487082999986796,11.313166999997293,6.36525,6.56067,50.0052866884493,0.9981181072702202,0.9995112452537042,0.9996212672932371,0.9994329017691969,subprocess wall time including PPM I/O; codec_* fields are resident timing
chat_preview,ui_text,chat_ui,1200,800,512,341,CAPS,"q=100,tile=64",40443,1.8531433284457477,11.139749999983906,11.065083000005416,6.85525,6.82633,99.0,1.0,1.0,0.9999999999975234,1.0,subprocess wall time including PPM I/O; codec_* fields are resident timing
chat_preview,ui_text,chat_ui,1200,800,512,341,JPEG,"seq420,q=1",1508,0.0690982404692082,0.6177910000246811,0.45829199999047887,nan,nan,24.440639836755395,0.8377473458402447,0.8611239525669446,0.8627587006435252,0.7077021873850867,Pillow wall time including file I/O
chat_preview,ui_text,chat_ui,1200,800,512,341,JPEG,"prog420,q=1",1845,0.0845399560117302,0.8355420000043523,0.7388749999961419,nan,nan,24.440639836755395,0.8377473458402447,0.8611239525669446,0.8627587006435252,0.7077021873850867,Pillow wall time including file I/O
chat_preview,ui_text,chat_ui,1200,800,512,341,JPEG,"seq444,q=1",2553,0.11698130498533724,0.8254159999978583,0.48591700002020843,nan,nan,24.58228317239859,0.8403593806119023,0.8645215265366831,0.8630183618234382,0.7235950629254371,Pillow wall time including file I/O
chat_preview,ui_text,chat_ui,1200,800,512,341,JPEG,"prog444,q=1",2915,0.13356854838709678,1.2615830000015649,0.8855840000023818,nan,nan,24.58228317239859,0.8403593806119023,0.8645215265366831,0.8630183618234382,0.7235950629254371,Pillow wall time including file I/O
chat_preview,ui_text,chat_ui,1200,800,512,341,JPEG,"seq420,q=2",1508,0.0690982404692082,0.5886250000060045,0.4432919999999285,nan,nan,24.440542987074988,0.8377460209533076,0.8611258571990289,0.8627655848842543,0.707714051437088,Pillow wall time including file I/O
chat_preview,ui_text,chat_ui,1200,800,512,341,JPEG,"prog420,q=2",1845,0.0845399560117302,0.806416000017407,0.7395840000015141,nan,nan,24.440542987074988,0.8377460209533076,0.8611258571990289,0.8627655848842543,0.707714051437088,Pillow wall time including file I/O
chat_preview,ui_text,chat_ui,1200,800,512,341,JPEG,"seq444,q=2",2553,0.11698130498533724,0.841500000007045,0.3365830000063852,nan,nan,24.582397153266694,0.8403615348060994,0.8645253617183238,0.8630242152684215,0.7236143943561969,Pillow wall time including file I/O
chat_preview,ui_text,chat_ui,1200,800,512,341,JPEG,"prog444,q=2",2915,0.13356854838709678,1.1666659999889362,0.7547079999881134,nan,nan,24.582397153266694,0.8403615348060994,0.8645253617183238,0.8630242152684215,0.7236143943561969,Pillow wall time including file I/O
chat_preview,ui_text,chat_ui,1200,800,512,341,JPEG,"seq420,q=3",1569,0.0718933284457478,0.5637920000083341,0.3129579999949783,nan,nan,24.601946980519326,0.8482263540978939,0.8766348875280942,0.8788389362531962,0.7185126767316107,Pillow wall time including file I/O
chat_preview,ui_text,chat_ui,1200,800,512,341,JPEG,"prog420,q=3",1930,0.08843475073313783,0.768374999978505,0.698708000015813,nan,nan,24.601946980519326,0.8482263540978939,0.8766348875280942,0.8788389362531962,0.7185126767316107,Pillow wall time including file I/O
chat_preview,ui_text,chat_ui,1200,800,512,341,JPEG,"seq444,q=3",2615,0.11982221407624634,0.8290420000207632,0.4755409999859239,nan,nan,24.740538322059237,0.850329520467814,0.8798388381083048,0.8790629983599617,0.734200189096088,Pillow wall time including file I/O
chat_preview,ui_text,chat_ui,1200,800,512,341,JPEG,"prog444,q=3",3000,0.1374633431085044,1.1328330000139886,0.935750000024882,nan,nan,24.740538322059237,0.850329520467814,0.8798388381083048,0.8790629983599617,0.734200189096088,Pillow wall time including file I/O
chat_preview,ui_text,chat_ui,1200,800,512,341,JPEG,"seq420,q=4",1733,0.07940799120234604,0.5828750000205218,0.4806660000156171,nan,nan,28.111512066674518,0.9065883985679407,0.9413341000411255,0.9470961554099414,0.8802458274957841,Pillow wall time including file I/O
chat_preview,ui_text,chat_ui,1200,800,512,341,JPEG,"prog420,q=4",2093,0.09590359237536657,0.7652079999900252,0.6897080000101141,nan,nan,28.111512066674518,0.9065883985679407,0.9413341000411255,0.9470961554099414,0.8802458274957841,Pillow wall time including file I/O
chat_preview,ui_text,chat_ui,1200,800,512,341,JPEG,"seq444,q=4",2746,0.12582478005865103,0.8333750000133477,0.45029200001067693,nan,nan,28.45370208581478,0.9083604245866086,0.9451496721619815,0.9477328334775373,0.8974461229005746,Pillow wall time including file I/O
chat_preview,ui_text,chat_ui,1200,800,512,341,JPEG,"prog444,q=4",3131,0.1434659090909091,1.1505829999975958,0.7740419999890946,nan,nan,28.45370208581478,0.9083604245866086,0.9451496721619815,0.9477328334775373,0.8974461229005746,Pillow wall time including file I/O
chat_preview,ui_text,chat_ui,1200,800,512,341,JPEG,"seq420,q=5",1892,0.08669354838709678,0.551124999986996,0.44654100000229846,nan,nan,28.535465441228865,0.9151545305363257,0.9592470038285263,0.9658684396815697,0.9026653724058241,Pillow wall time including file I/O
chat_preview,ui_text,chat_ui,1200,800,512,341,JPEG,"prog420,q=5",2186,0.1001649560117302,0.7958340000016051,0.6039579999992384,nan,nan,28.535465441228865,0.9151545305363257,0.9592470038285263,0.9658684396815697,0.9026653724058241,Pillow wall time including file I/O
chat_preview,ui_text,chat_ui,1200,800,512,341,JPEG,"seq444,q=5",2905,0.13311033724340177,0.8096250000164673,0.4690000000096006,nan,nan,28.88518304627329,0.9171647599564424,0.9625613683896149,0.9663491008460785,0.9173743566720717,Pillow wall time including file I/O
chat_preview,ui_text,chat_ui,1200,800,512,341,JPEG,"prog444,q=5",3274,0.1500183284457478,1.2171250000108103,0.9330409999961375,nan,nan,28.88518304627329,0.9171647599564424,0.9625613683896149,0.9663491008460785,0.9173743566720717,Pillow wall time including file I/O
chat_preview,ui_text,chat_ui,1200,800,512,341,JPEG,"seq420,q=6",2059,0.09434567448680352,0.5691249999983938,0.45691599999031496,nan,nan,28.199886843791408,0.9075346979980834,0.9511246264191633,0.9561216515551756,0.9094988179064276,Pillow wall time including file I/O
chat_preview,ui_text,chat_ui,1200,800,512,341,JPEG,"prog420,q=6",2409,0.11038306451612903,0.8269169999834958,0.7079160000103002,nan,nan,28.199886843791408,0.9075346979980834,0.9511246264191633,0.9561216515551756,0.9094988179064276,Pillow wall time including file I/O
chat_preview,ui_text,chat_ui,1200,800,512,341,JPEG,"seq444,q=6",3070,0.14067082111436952,0.7893330000001697,0.33083399998190544,nan,nan,28.473769239591626,0.9093790273486161,0.9535849495820298,0.9564414905915775,0.9205565754675085,Pillow wall time including file I/O
chat_preview,ui_text,chat_ui,1200,800,512,341,JPEG,"prog444,q=6",3458,0.15844941348973607,1.1939590000054068,0.8088330000077804,nan,nan,28.473769239591626,0.9093790273486161,0.9535849495820298,0.9564414905915775,0.9205565754675085,Pillow wall time including file I/O
chat_preview,ui_text,chat_ui,1200,800,512,341,JPEG,"seq420,q=7",2184,0.1000733137829912,0.5820000000085201,0.47650000001908666,nan,nan,29.303378485639872,0.9236155347128303,0.9652419120179846,0.969749069867173,0.9225988805254826,Pillow wall time including file I/O
chat_preview,ui_text,chat_ui,1200,800,512,341,JPEG,"prog420,q=7",2530,0.1159274193548387,0.8167920000232698,0.7064159999856656,nan,nan,29.303378485639872,0.9236155347128303,0.9652419120179846,0.969749069867173,0.9225988805254826,Pillow wall time including file I/O
chat_preview,ui_text,chat_ui,1200,800,512,341,JPEG,"seq444,q=7",3232,0.14809384164222875,0.8410410000010415,0.34104200000228957,nan,nan,29.63732753399006,0.9248929387679136,0.967199383762572,0.9698146574821133,0.9326340164368143,Pillow wall time including file I/O
chat_preview,ui_text,chat_ui,1200,800,512,341,JPEG,"prog444,q=7",3617,0.1657349706744868,1.2048330000027363,0.9293340000056105,nan,nan,29.63732753399006,0.9248929387679136,0.967199383762572,0.9698146574821133,0.9326340164368143,Pillow wall time including file I/O
chat_preview,ui_text,chat_ui,1200,800,512,341,JPEG,"seq420,q=8",2331,0.10680901759530792,0.5730420000134018,0.4651250000051732,nan,nan,30.241473694865256,0.9277969179987049,0.9681378468108117,0.9724200540757142,0.9414708097693283,Pillow wall time including file I/O
chat_preview,ui_text,chat_ui,1200,800,512,341,JPEG,"prog420,q=8",2630,0.12050953079178886,0.8346249999817701,0.6958749999910196,nan,nan,30.241473694865256,0.9277969179987049,0.9681378468108117,0.9724200540757142,0.9414708097693283,Pillow wall time including file I/O
chat_preview,ui_text,chat_ui,1200,800,512,341,JPEG,"seq444,q=8",3395,0.15556268328445746,0.9004159999790318,0.5072920000088743,nan,nan,30.603755232645597,0.9291767230817266,0.9697263222696298,0.9724340582425725,0.9488241004679884,Pillow wall time including file I/O
chat_preview,ui_text,chat_ui,1200,800,512,341,JPEG,"prog444,q=8",3789,0.17361620234604105,1.1831669999935457,0.9214590000112821,nan,nan,30.603755232645597,0.9291767230817266,0.9697263222696298,0.9724340582425725,0.9488241004679884,Pillow wall time including file I/O
chat_preview,ui_text,chat_ui,1200,800,512,341,JPEG,"seq420,q=9",2474,0.11336143695014662,0.6017919999976584,0.47424999999634565,nan,nan,30.479522458598854,0.934352350827789,0.9745401135452556,0.9784184471171252,0.9430687834710796,Pillow wall time including file I/O
chat_preview,ui_text,chat_ui,1200,800,512,341,JPEG,"prog420,q=9",2791,0.1278867302052786,0.8015829999976631,0.7057920000193008,nan,nan,30.479522458598854,0.934352350827789,0.9745401135452556,0.9784184471171252,0.9430687834710796,Pillow wall time including file I/O
chat_preview,ui_text,chat_ui,1200,800,512,341,JPEG,"seq444,q=9",3515,0.16106121700879766,0.8234999999956472,0.33854200000860146,nan,nan,30.85865291425812,0.9362934813814886,0.9762054443035826,0.978531608843501,0.9505020425070992,Pillow wall time including file I/O
chat_preview,ui_text,chat_ui,1200,800,512,341,JPEG,"prog444,q=9",3928,0.17998533724340177,1.250625000011496,0.9169580000047972,nan,nan,30.85865291425812,0.9362934813814886,0.9762054443035826,0.978531608843501,0.9505020425070992,Pillow wall time including file I/O
chat_preview,ui_text,chat_ui,1200,800,512,341,JPEG,"seq420,q=10",2611,0.11963892961876833,0.5601249999926949,0.544791999999461,nan,nan,30.37115240881201,0.937233717096488,0.9778942581258901,0.9817196778290407,0.9471511294352414,Pillow wall time including file I/O
chat_preview,ui_text,chat_ui,1200,800,512,341,JPEG,"prog420,q=10",2887,0.13228555718475074,0.84783299999458,0.7066249999923002,nan,nan,30.37115240881201,0.937233717096488,0.9778942581258901,0.9817196778290407,0.9471511294352414,Pillow wall time including file I/O
chat_preview,ui_text,chat_ui,1200,800,512,341,JPEG,"seq444,q=10",3655,0.16747617302052786,0.8439169999974183,0.49504099999353457,nan,nan,30.74207058254098,0.9390633363118788,0.9793748597932294,0.9818441095589252,0.9543141531058253,Pillow wall time including file I/O
chat_preview,ui_text,chat_ui,1200,800,512,341,JPEG,"prog444,q=10",4050,0.18557551319648094,3.938082999979997,0.7951249999962329,nan,nan,30.74207058254098,0.9390633363118788,0.9793748597932294,0.9818441095589252,0.9543141531058253,Pillow wall time including file I/O
chat_preview,ui_text,chat_ui,1200,800,512,341,JPEG,"seq420,q=11",2722,0.12472507331378299,0.5507079999915732,0.4474999999786178,nan,nan,30.84928289966705,0.9372780192567362,0.9722681097446436,0.9762617760777016,0.9525382612304637,Pillow wall time including file I/O
chat_preview,ui_text,chat_ui,1200,800,512,341,JPEG,"prog420,q=11",2997,0.1373258797653959,0.8263749999741776,0.717042000019319,nan,nan,30.84928289966705,0.9372780192567362,0.9722681097446436,0.9762617760777016,0.9525382612304637,Pillow wall time including file I/O
chat_preview,ui_text,chat_ui,1200,800,512,341,JPEG,"seq444,q=11",3825,0.1752657624633431,0.8270829999901252,0.4840419999823098,nan,nan,31.28795959651854,0.9390826829416251,0.9738512234944551,0.9762968401577288,0.9605121899957947,Pillow wall time including file I/O
chat_preview,ui_text,chat_ui,1200,800,512,341,JPEG,"prog444,q=11",4217,0.1932276392961877,1.1832500000252821,0.9079579999990983,nan,nan,31.28795959651854,0.9390826829416251,0.9738512234944551,0.9762968401577288,0.9605121899957947,Pillow wall time including file I/O
chat_preview,ui_text,chat_ui,1200,800,512,341,JPEG,"seq420,q=12",2858,0.13095674486803519,0.5602920000171707,0.4429999999899792,nan,nan,31.4025169256427,0.9449097611721992,0.9839161224071059,0.9876362618861394,0.9625678792707625,Pillow wall time including file I/O
chat_preview,ui_text,chat_ui,1200,800,512,341,JPEG,"prog420,q=12",3120,0.1429618768328446,0.8769169999993665,0.7587499999885949,nan,nan,31.4025169256427,0.9449097611721992,0.9839161224071059,0.9876362618861394,0.9625678792707625,Pillow wall time including file I/O
chat_preview,ui_text,chat_ui,1200,800,512,341,JPEG,"seq444,q=12",3936,0.18035190615835778,0.8292919999917103,0.4888330000198948,nan,nan,31.905746346416983,0.9466595627994856,0.9854056780517929,0.987657654465977,0.9699773318096087,Pillow wall time including file I/O
chat_preview,ui_text,chat_ui,1200,800,512,341,JPEG,"prog444,q=12",4302,0.1971224340175953,1.243291999998064,0.9121250000134751,nan,nan,31.905746346416983,0.9466595627994856,0.9854056780517929,0.987657654465977,0.9699773318096087,Pillow wall time including file I/O
chat_preview,ui_text,chat_ui,1200,800,512,341,JPEG,"seq420,q=13",2964,0.13581378299120234,0.5608330000086426,0.5340419999981805,nan,nan,31.62747318143268,0.9470786210797995,0.9851284282414724,0.9890173848434549,0.9663045650116301,Pillow wall time including file I/O
chat_preview,ui_text,chat_ui,1200,800,512,341,JPEG,"prog420,q=13",3222,0.14763563049853373,0.8346250000101918,0.6955000000061773,nan,nan,31.62747318143268,0.9470786210797995,0.9851284282414724,0.9890173848434549,0.9663045650116301,Pillow wall time including file I/O
chat_preview,ui_text,chat_ui,1200,800,512,341,JPEG,"seq444,q=13",4048,0.18548387096774194,0.8360420000030899,0.5001670000126524,nan,nan,32.129461507242354,0.9489283072941221,0.986865259016006,0.9890909786101382,0.9734495430677674,Pillow wall time including file I/O
chat_preview,ui_text,chat_ui,1200,800,512,341,JPEG,"prog444,q=13",4439,0.203399926686217,1.231833000019833,0.9152499999913744,nan,nan,32.129461507242354,0.9489283072941221,0.986865259016006,0.9890909786101382,0.9734495430677674,Pillow wall time including file I/O
chat_preview,ui_text,chat_ui,1200,800,512,341,JPEG,"seq420,q=14",3086,0.14140395894428154,0.5511670000259983,0.3065829999968628,nan,nan,31.390033319198125,0.9454665534463796,0.9817263435893745,0.9892347992782415,0.9633162481023422,Pillow wall time including file I/O
chat_preview,ui_text,chat_ui,1200,800,512,341,JPEG,"prog420,q=14",3402,0.155883431085044,0.8521249999944303,0.5695829999865509,nan,nan,31.390033319198125,0.9454665534463796,0.9817263435893745,0.9892347992782415,0.9633162481023422,Pillow wall time including file I/O
chat_preview,ui_text,chat_ui,1200,800,512,341,JPEG,"seq444,q=14",4207,0.19276942815249268,0.851999999980535,0.5153330000098322,nan,nan,31.867680800150055,0.9483209617636478,0.9831497539104977,0.9892940182964044,0.9688896174437355,Pillow wall time including file I/O
chat_preview,ui_text,chat_ui,1200,800,512,341,JPEG,"prog444,q=14",4594,0.21050219941348974,1.2566249999963475,0.9433749999914198,nan,nan,31.867680800150055,0.9483209617636478,0.9831497539104977,0.9892940182964044,0.9688896174437355,Pillow wall time including file I/O
chat_preview,ui_text,chat_ui,1200,800,512,341,JPEG,"seq420,q=15",3176,0.14552785923753667,0.5959579999910147,0.45391599999788923,nan,nan,31.16987885572939,0.9434855590241935,0.9781780572480767,0.9874243966317461,0.9613530070696057,Pillow wall time including file I/O
chat_preview,ui_text,chat_ui,1200,800,512,341,JPEG,"prog420,q=15",3446,0.15789956011730205,0.8571660000029624,0.7635409999977583,nan,nan,31.16987885572939,0.9434855590241935,0.9781780572480767,0.9874243966317461,0.9613530070696057,Pillow wall time including file I/O
chat_preview,ui_text,chat_ui,1200,800,512,341,JPEG,"seq444,q=15",4314,0.19767228739002932,0.8595000000184427,0.48754100001247025,nan,nan,31.685572766742673,0.9473313283192777,0.983005362948043,0.9867807070045752,0.9707033004975607,Pillow wall time including file I/O
chat_preview,ui_text,chat_ui,1200,800,512,341,JPEG,"prog444,q=15",4685,0.21467192082111436,1.2235419999910846,0.9143750000077944,nan,nan,31.685572766742673,0.9473313283192777,0.983005362948043,0.9867807070045752,0.9707033004975607,Pillow wall time including file I/O
chat_preview,ui_text,chat_ui,1200,800,512,341,JPEG,"seq420,q=16",3284,0.15047653958944282,0.5956250000167529,0.4563329999882626,nan,nan,31.79639499862204,0.9485663742738386,0.9813071618673064,0.9891512989732513,0.9635230573358671,Pillow wall time including file I/O
chat_preview,ui_text,chat_ui,1200,800,512,341,JPEG,"prog420,q=16",3517,0.16115285923753667,0.8757909999985714,0.7200000000011642,nan,nan,31.79639499862204,0.9485663742738386,0.9813071618673064,0.9891512989732513,0.9635230573358671,Pillow wall time including file I/O
chat_preview,ui_text,chat_ui,1200,800,512,341,JPEG,"seq444,q=16",4415,0.20230021994134897,0.8674999999982447,0.5021670000076028,nan,nan,32.348003412993464,0.9507711263404163,0.9842442878783886,0.9893298635317921,0.9717838131838957,Pillow wall time including file I/O
chat_preview,ui_text,chat_ui,1200,800,512,341,JPEG,"prog444,q=16",4771,0.21861253665689148,1.2812080000230708,0.9536670000045433,nan,nan,32.348003412993464,0.9507711263404163,0.9842442878783886,0.9893298635317921,0.9717838131838957,Pillow wall time including file I/O
chat_preview,ui_text,chat_ui,1200,800,512,341,JPEG,"seq420,q=17",3400,0.15579178885630499,0.6166249999921547,0.4740830000002916,nan,nan,32.07186183283525,0.951192937378424,0.9847533133646739,0.9919897696435899,0.9675302058382274,Pillow wall time including file I/O
chat_preview,ui_text,chat_ui,1200,800,512,341,JPEG,"prog420,q=17",3644,0.16697214076246333,0.8934159999967051,0.7771659999775693,nan,nan,32.07186183283525,0.951192937378424,0.9847533133646739,0.9919897696435899,0.9675302058382274,Pillow wall time including file I/O
chat_preview,ui_text,chat_ui,1200,800,512,341,JPEG,"seq444,q=17",4555,0.20871517595307917,0.8697500000209857,0.4973330000268561,nan,nan,32.6405893263875,0.9530251849199664,0.9863706087432069,0.9920943688851442,0.9745211164719527,Pillow wall time including file I/O
chat_preview,ui_text,chat_ui,1200,800,512,341,JPEG,"prog444,q=17",4873,0.22328629032258066,1.2765410000099564,0.9414170000070499,nan,nan,32.6405893263875,0.9530251849199664,0.9863706087432069,0.9920943688851442,0.9745211164719527,Pillow wall time including file I/O
chat_preview,ui_text,chat_ui,1200,800,512,341,JPEG,"seq420,q=18",3523,0.16142778592375367,0.6224589999987984,0.48712500000647196,nan,nan,31.809513084032144,0.9529356612407667,0.9865574400946097,0.9923370440115017,0.9611554976093042,Pillow wall time including file I/O
chat_preview,ui_text,chat_ui,1200,800,512,341,JPEG,"prog420,q=18",3707,0.16985887096774194,0.9042909999834592,0.7365829999912421,nan,nan,31.809513084032144,0.9529356612407667,0.9865574400946097,0.9923370440115017,0.9611554976093042,Pillow wall time including file I/O
chat_preview,ui_text,chat_ui,1200,800,512,341,JPEG,"seq444,q=18",4687,0.21476356304985336,0.8687499999950887,0.48524999999699503,nan,nan,32.31353398460414,0.9547113096586136,0.9889623493527017,0.9924276836942348,0.96893214994998,Pillow wall time including file I/O
chat_preview,ui_text,chat_ui,1200,800,512,341,JPEG,"prog444,q=18",4975,0.2279600439882698,1.2392080000154237,0.9443329999783145,nan,nan,32.31353398460414,0.9547113096586136,0.9889623493527017,0.9924276836942348,0.96893214994998,Pillow wall time including file I/O
chat_preview,ui_text,chat_ui,1200,800,512,341,JPEG,"seq420,q=19",3651,0.16729288856304986,0.5796659999930398,0.5079999999964002,nan,nan,32.022188843902846,0.9533944681103167,0.98701516205558,0.9913887384144081,0.9639221005188803,Pillow wall time including file I/O
chat_preview,ui_text,chat_ui,1200,800,512,341,JPEG,"prog420,q=19",3828,0.17540322580645162,0.9264159999986532,0.7716670000093018,nan,nan,32.022188843902846,0.9533944681103167,0.98701516205558,0.9913887384144081,0.9639221005188803,Pillow wall time including file I/O
chat_preview,ui_text,chat_ui,1200,800,512,341,JPEG,"seq444,q=19",4818,0.22076612903225806,0.8723750000001473,0.5272499999762204,nan,nan,32.60354715818699,0.9555940943253002,0.9885842286904953,0.9912645863305684,0.9699229996513788,Pillow wall time including file I/O
chat_preview,ui_text,chat_ui,1200,800,512,341,JPEG,"prog444,q=19",5062,0.2319464809384164,1.2660419999974692,1.0634590000222488,nan,nan,32.60354715818699,0.9555940943253002,0.9885842286904953,0.9912645863305684,0.9699229996513788,Pillow wall time including file I/O
chat_preview,ui_text,chat_ui,1200,800,512,341,JPEG,"seq420,q=20",3713,0.17013379765395895,0.5869170000210033,0.45395799998004804,nan,nan,31.72466965089197,0.9538834143155294,0.9874556697171815,0.9918502631330943,0.9599732790057918,Pillow wall time including file I/O
chat_preview,ui_text,chat_ui,1200,800,512,341,JPEG,"prog420,q=20",3919,0.17957294721407624,0.8667919999822971,0.8036249999747724,nan,nan,31.72466965089197,0.9538834143155294,0.9874556697171815,0.9918502631330943,0.9599732790057918,Pillow wall time including file I/O
chat_preview,ui_text,chat_ui,1200,800,512,341,JPEG,"seq444,q=20",4917,0.22530241935483872,0.8562499999982265,0.5119580000041424,nan,nan,32.21941390870405,0.9559281865430417,0.9888582204056032,0.9919255979593092,0.9656413424642109,Pillow wall time including file I/O
chat_preview,ui_text,chat_ui,1200,800,512,341,JPEG,"prog444,q=20",5177,0.2372159090909091,1.2940420000120412,0.9719169999868882,nan,nan,32.21941390870405,0.9559281865430417,0.9888582204056032,0.9919255979593092,0.9656413424642109,Pillow wall time including file I/O
chat_preview,ui_text,chat_ui,1200,800,512,341,JPEG,"seq420,q=21",3839,0.17590725806451613,0.592667000006486,0.5050000000039745,nan,nan,32.219694296147935,0.9562043343001673,0.9891058275565158,0.9928798184976628,0.968393501929424,Pillow wall time including file I/O
chat_preview,ui_text,chat_ui,1200,800,512,341,JPEG,"prog420,q=21",3994,0.18300953079178886,0.8714159999954063,0.7636669999726564,nan,nan,32.219694296147935,0.9562043343001673,0.9891058275565158,0.9928798184976628,0.968393501929424,Pillow wall time including file I/O
chat_preview,ui_text,chat_ui,1200,800,512,341,JPEG,"seq444,q=21",5034,0.23066348973607037,0.8659160000092925,0.47424999999634565,nan,nan,32.81105133418543,0.9581213714013463,0.9907783808125714,0.9930439292358351,0.9748026304390228,Pillow wall time including file I/O
chat_preview,ui_text,chat_ui,1200,800,512,341,JPEG,"prog444,q=21",5287,0.24225623167155425,1.287666999985504,0.9367090000012013,nan,nan,32.81105133418543,0.9581213714013463,0.9907783808125714,0.9930439292358351,0.9748026304390228,Pillow wall time including file I/O
chat_preview,ui_text,chat_ui,1200,800,512,341,JPEG,"seq420,q=22",3971,0.1819556451612903,0.6082499999990887,0.4671250000001237,nan,nan,32.28271388220344,0.9568390252422514,0.9896023524640656,0.9933866909642852,0.9691711858506317,Pillow wall time including file I/O
chat_preview,ui_text,chat_ui,1200,800,512,341,JPEG,"prog420,q=22",4106,0.18814149560117302,0.9332090000100379,0.7774580000159403,nan,nan,32.28271388220344,0.9568390252422514,0.9896023524640656,0.9933866909642852,0.9691711858506317,Pillow wall time including file I/O
chat_preview,ui_text,chat_ui,1200,800,512,341,JPEG,"seq444,q=22",5153,0.23611620234604105,0.8857079999984308,0.3754579999792895,nan,nan,32.88579130265983,0.9587984044792618,0.9912222782775917,0.9935646528720604,0.9750798157957249,Pillow wall time including file I/O
chat_preview,ui_text,chat_ui,1200,800,512,341,JPEG,"prog444,q=22",5372,0.24615102639296188,1.2810830000091755,0.8337909999909243,nan,nan,32.88579130265983,0.9587984044792618,0.9912222782775917,0.9935646528720604,0.9750798157957249,Pillow wall time including file I/O
chat_preview,ui_text,chat_ui,1200,800,512,341,JPEG,"seq420,q=23",4056,0.18585043988269795,0.6172500000047876,0.46029099999600476,nan,nan,32.673232645915114,0.9562766039765531,0.987834086297644,0.9918523824004206,0.9696602271399115,Pillow wall time including file I/O
chat_preview,ui_text,chat_ui,1200,800,512,341,JPEG,"prog420,q=23",4204,0.19263196480938416,0.8942919999981314,0.7450420000054692,nan,nan,32.673232645915114,0.9562766039765531,0.987834086297644,0.9918523824004206,0.9696602271399115,Pillow wall time including file I/O
chat_preview,ui_text,chat_ui,1200,800,512,341,JPEG,"seq444,q=23",5272,0.24156891495601174,0.8789589999764758,0.5455419999975675,nan,nan,33.310461967480386,0.9577751730012952,0.9888162510102196,0.9919252069980777,0.9753825553350839,Pillow wall time including file I/O
chat_preview,ui_text,chat_ui,1200,800,512,341,JPEG,"prog444,q=23",5493,0.25169538123167157,1.3143749999926513,0.9532910000018546,nan,nan,33.310461967480386,0.9577751730012952,0.9888162510102196,0.9919252069980777,0.9753825553350839,Pillow wall time including file I/O
chat_preview,ui_text,chat_ui,1200,800,512,341,JPEG,"seq420,q=24",4169,0.19102822580645162,0.702417000013611,0.5359159999898111,nan,nan,33.197768407471834,0.958302970547367,0.9896312091001865,0.9930156229910548,0.9744909505499791,Pillow wall time including file I/O
chat_preview,ui_text,chat_ui,1200,800,512,341,JPEG,"prog420,q=24",4287,0.1964351173020528,0.8995409999954518,0.7599580000032802,nan,nan,33.197768407471834,0.958302970547367,0.9896312091001865,0.9930156229910548,0.9744909505499791,Pillow wall time including file I/O
chat_preview,ui_text,chat_ui,1200,800,512,341,JPEG,"seq444,q=24",5380,0.2465175953079179,0.8838340000068001,0.5060000000014497,nan,nan,33.96830993185591,0.9609676615682701,0.9913917294523106,0.9930275495582915,0.9807125050544294,Pillow wall time including file I/O
chat_preview,ui_text,chat_ui,1200,800,512,341,JPEG,"prog444,q=24",5587,0.2560025659824047,1.2370000000032633,0.8117920000074719,nan,nan,33.96830993185591,0.9609676615682701,0.9913917294523106,0.9930275495582915,0.9807125050544294,Pillow wall time including file I/O
chat_preview,ui_text,chat_ui,1200,800,512,341,JPEG,"seq420,q=25",4264,0.19538123167155425,0.5961669999976493,0.4627089999758027,nan,nan,32.937785038174574,0.9591793724653473,0.9904824276897496,0.9947133845462296,0.9721674988338287,Pillow wall time including file I/O
chat_preview,ui_text,chat_ui,1200,800,512,341,JPEG,"prog420,q=25",4365,0.2000091642228739,0.8959170000082395,0.7612919999928636,nan,nan,32.937785038174574,0.9591793724653473,0.9904824276897496,0.9947133845462296,0.9721674988338287,Pillow wall time including file I/O
chat_preview,ui_text,chat_ui,1200,800,512,341,JPEG,"seq444,q=25",5480,0.25109970674486803,0.8562919999803853,0.5479579999985162,nan,nan,33.661237141990306,0.9615918257088977,0.9919555805244361,0.9947873748709976,0.9784489841917311,Pillow wall time including file I/O
chat_preview,ui_text,chat_ui,1200,800,512,341,JPEG,"prog444,q=25",5663,0.2594849706744868,1.2629590000017288,0.957749999997759,nan,nan,33.661237141990306,0.9615918257088977,0.9919555805244361,0.9947873748709976,0.9784489841917311,Pillow wall time including file I/O
chat_preview,ui_text,chat_ui,1200,800,512,341,JPEG,"seq420,q=26",4328,0.19831378299120234,0.5659999999920728,0.4545829999926809,nan,nan,33.223529029251274,0.959625462851306,0.9908436315639295,0.9942389726376425,0.9755176088359835,Pillow wall time including file I/O
chat_preview,ui_text,chat_ui,1200,800,512,341,JPEG,"prog420,q=26",4433,0.203125,0.8747079999977814,0.6024160000208667,nan,nan,33.223529029251274,0.959625462851306,0.9908436315639295,0.9942389726376425,0.9755176088359835,Pillow wall time including file I/O
chat_preview,ui_text,chat_ui,1200,800,512,341,JPEG,"seq444,q=26",5554,0.25449046920821117,0.8337089999770342,0.34887499998603744,nan,nan,33.99372719655991,0.96247123384445,0.9925890210256186,0.9943038843257685,0.9818951608683939,Pillow wall time including file I/O
chat_preview,ui_text,chat_ui,1200,800,512,341,JPEG,"prog444,q=26",5722,0.2621884164222874,1.3067920000082722,0.8132079999825237,nan,nan,33.99372719655991,0.96247123384445,0.9925890210256186,0.9943038843257685,0.9818951608683939,Pillow wall time including file I/O
chat_preview,ui_text,chat_ui,1200,800,512,341,JPEG,"seq420,q=27",4421,0.20257514662756598,0.5719999999769243,0.34816600000908693,nan,nan,33.250000115815595,0.9579431349276266,0.9889861038575486,0.9929547670109952,0.9743394592124985,Pillow wall time including file I/O
chat_preview,ui_text,chat_ui,1200,800,512,341,JPEG,"prog420,q=27",4530,0.20756964809384165,0.9325000000046657,0.7587089999958607,nan,nan,33.250000115815595,0.9579431349276266,0.9889861038575486,0.9929547670109952,0.9743394592124985,Pillow wall time including file I/O
chat_preview,ui_text,chat_ui,1200,800,512,341,JPEG,"seq444,q=27",5654,0.2590725806451613,0.85658300000091,0.371124999986705,nan,nan,34.02892859725516,0.9611610115586139,0.9908726996056441,0.9930427275192681,0.9803655244473014,Pillow wall time including file I/O
chat_preview,ui_text,chat_ui,1200,800,512,341,JPEG,"prog444,q=27",5896,0.2701612903225806,1.3109580000048027,0.9633330000156093,nan,nan,34.02892859725516,0.9611610115586139,0.9908726996056441,0.9930427275192681,0.9803655244473014,Pillow wall time including file I/O
chat_preview,ui_text,chat_ui,1200,800,512,341,JPEG,"seq420,q=28",4537,0.20789039589442815,0.5974580000156493,0.48666600000046856,nan,nan,33.461114645408664,0.9600387958026776,0.9913015682656131,0.9952808817953143,0.978763684595503,Pillow wall time including file I/O
chat_preview,ui_text,chat_ui,1200,800,512,341,JPEG,"prog420,q=28",4618,0.21160190615835778,0.8945000000153414,0.7601249999993342,nan,nan,33.461114645408664,0.9600387958026776,0.9913015682656131,0.9952808817953143,0.978763684595503,Pillow wall time including file I/O
chat_preview,ui_text,chat_ui,1200,800,512,341,JPEG,"seq444,q=28",5788,0.2652126099706745,0.8559999999988577,0.3997089999927539,nan,nan,34.31473674854674,0.9638879973268232,0.9933348011381438,0.9953461506525466,0.9849218085525205,Pillow wall time including file I/O
chat_preview,ui_text,chat_ui,1200,800,512,341,JPEG,"prog444,q=28",5936,0.2719941348973607,1.2749589999998534,0.9483329999966372,nan,nan,34.31473674854674,0.9638879973268232,0.9933348011381438,0.9953461506525466,0.9849218085525205,Pillow wall time including file I/O
chat_preview,ui_text,chat_ui,1200,800,512,341,JPEG,"seq420,q=29",4611,0.21128115835777125,0.6286669999724381,0.47262500001465924,nan,nan,33.53632017755644,0.9607835564080727,0.9915187578851253,0.9953267478293034,0.9792263982677553,Pillow wall time including file I/O
chat_preview,ui_text,chat_ui,1200,800,512,341,JPEG,"prog420,q=29",4668,0.21389296187683285,0.9598750000066048,0.7764580000184651,nan,nan,33.53632017755644,0.9607835564080727,0.9915187578851253,0.9953267478293034,0.9792263982677553,Pillow wall time including file I/O
chat_preview,ui_text,chat_ui,1200,800,512,341,JPEG,"seq444,q=29",5871,0.26901576246334313,0.8916250000083892,0.37729100000660765,nan,nan,34.363341486568075,0.9642919838907634,0.9934315744137344,0.9953889162670467,0.9851784134106463,Pillow wall time including file I/O
chat_preview,ui_text,chat_ui,1200,800,512,341,JPEG,"prog444,q=29",6002,0.2750183284457478,1.3111250000008567,0.9479579999833732,nan,nan,34.363341486568075,0.9642919838907634,0.9934315744137344,0.9953889162670467,0.9851784134106463,Pillow wall time including file I/O
chat_preview,ui_text,chat_ui,1200,800,512,341,JPEG,"seq420,q=30",4726,0.21655058651026393,0.6094170000210397,0.4734999999982392,nan,nan,33.6865022990275,0.9614360424648712,0.9919140606471156,0.9953572111888428,0.9798961263007951,Pillow wall time including file I/O
chat_preview,ui_text,chat_ui,1200,800,512,341,JPEG,"prog420,q=30",4796,0.21975806451612903,0.9352499999977226,0.754749999998694,nan,nan,33.6865022990275,0.9614360424648712,0.9919140606471156,0.9953572111888428,0.9798961263007951,Pillow wall time including file I/O
chat_preview,ui_text,chat_ui,1200,800,512,341,JPEG,"seq444,q=30",5999,0.2748808651026393,0.861665999991601,0.5025420000208669,nan,nan,34.57067441696787,0.9652170952414192,0.994082419856423,0.9952869780291296,0.9859596249730439,Pillow wall time including file I/O
chat_preview,ui_text,chat_ui,1200,800,512,341,JPEG,"prog444,q=30",6179,0.2831286656891496,1.2912079999978232,0.9524999999825923,nan,nan,34.57067441696787,0.9652170952414192,0.994082419856423,0.9952869780291296,0.9859596249730439,Pillow wall time including file I/O
chat_preview,ui_text,chat_ui,1200,800,512,341,JPEG,"seq420,q=31",4842,0.2218658357771261,0.6112909999842486,0.48729200000252604,nan,nan,33.77918225791147,0.9618060030679679,0.9915408693890034,0.9950092319001961,0.9800162777927462,Pillow wall time including file I/O
chat_preview,ui_text,chat_ui,1200,800,512,341,JPEG,"prog420,q=31",4887,0.22392778592375367,0.951417000010224,0.7794999999930496,nan,nan,33.77918225791147,0.9618060030679679,0.9915408693890034,0.9950092319001961,0.9800162777927462,Pillow wall time including file I/O
chat_preview,ui_text,chat_ui,1200,800,512,341,JPEG,"seq444,q=31",6117,0.28028775659824046,0.8492079999768976,0.5027920000202357,nan,nan,34.70739586233832,0.9650922444193307,0.993487852300739,0.9950442510511566,0.9861420945724352,Pillow wall time including file I/O
chat_preview,ui_text,chat_ui,1200,800,512,341,JPEG,"prog444,q=31",6251,0.2864277859237537,1.2707079999927373,0.9571249999851261,nan,nan,34.70739586233832,0.9650922444193307,0.993487852300739,0.9950442510511566,0.9861420945724352,Pillow wall time including file I/O
chat_preview,ui_text,chat_ui,1200,800,512,341,JPEG,"seq420,q=32",4935,0.22612719941348974,0.6092090000038297,0.47195799999144583,nan,nan,33.85204905485039,0.9621966346310139,0.9917727083672762,0.9952805015196512,0.9805780433316684,Pillow wall time including file I/O
chat_preview,ui_text,chat_ui,1200,800,512,341,JPEG,"prog420,q=32",4962,0.22736436950146627,0.9415830000136793,0.8712910000099328,nan,nan,33.85204905485039,0.9621966346310139,0.9917727083672762,0.9952805015196512,0.9805780433316684,Pillow wall time including file I/O
chat_preview,ui_text,chat_ui,1200,800,512,341,JPEG,"seq444,q=32",6213,0.2846865835777126,0.8984999999768206,0.5247919999931128,nan,nan,34.770768361644635,0.9654157361923007,0.9935783967789442,0.9953974746707694,0.9865569521102764,Pillow wall time including file I/O
chat_preview,ui_text,chat_ui,1200,800,512,341,JPEG,"prog444,q=32",6372,0.29197214076246336,1.2922919999880378,0.9448749999876327,nan,nan,34.770768361644635,0.9654157361923007,0.9935783967789442,0.9953974746707694,0.9865569521102764,Pillow wall time including file I/O
chat_preview,ui_text,chat_ui,1200,800,512,341,JPEG,"seq420,q=33",5035,0.23070931085043989,0.6014589999949749,0.327166999994688,nan,nan,33.91534146161872,0.9625018126308649,0.9919400485662329,0.995382358215173,0.9809888432391374,Pillow wall time including file I/O
chat_preview,ui_text,chat_ui,1200,800,512,341,JPEG,"prog420,q=33",5050,0.2313966275659824,1.1035420000098384,0.6494169999768928,nan,nan,33.91534146161872,0.9625018126308649,0.9919400485662329,0.995382358215173,0.9809888432391374,Pillow wall time including file I/O
chat_preview,ui_text,chat_ui,1200,800,512,341,JPEG,"seq444,q=33",6319,0.28954362170087977,0.8917920000044433,0.4055839999921318,nan,nan,34.83752882374723,0.9657285657426872,0.9937266873063405,0.995506574059868,0.9868437983238125,Pillow wall time including file I/O
chat_preview,ui_text,chat_ui,1200,800,512,341,JPEG,"prog444,q=33",6428,0.29453812316715544,1.335917000005793,0.8656249999887677,nan,nan,34.83752882374723,0.9657285657426872,0.9937266873063405,0.995506574059868,0.9868437983238125,Pillow wall time including file I/O
chat_preview,ui_text,chat_ui,1200,800,512,341,JPEG,"seq420,q=34",5086,0.23304618768328444,0.650666000012734,0.34549999998034764,nan,nan,33.96188941301263,0.9630777681272104,0.9920217061580602,0.995250433774896,0.9809347750644415,Pillow wall time including file I/O
chat_preview,ui_text,chat_ui,1200,800,512,341,JPEG,"prog420,q=34",5090,0.23322947214076245,0.9416249999958382,0.6304999999997563,nan,nan,33.96188941301263,0.9630777681272104,0.9920217061580602,0.995250433774896,0.9809347750644415,Pillow wall time including file I/O
chat_preview,ui_text,chat_ui,1200,800,512,341,JPEG,"seq444,q=34",6389,0.29275109970674484,0.8945419999975002,0.37233399999081485,nan,nan,34.89397854055245,0.9660941440344469,0.993840230014632,0.9955804838826682,0.9870295057189273,Pillow wall time including file I/O
chat_preview,ui_text,chat_ui,1200,800,512,341,JPEG,"prog444,q=34",6480,0.2969208211143695,1.3412079999852722,0.8205409999959556,nan,nan,34.89397854055245,0.9660941440344469,0.993840230014632,0.9955804838826682,0.9870295057189273,Pillow wall time including file I/O
chat_preview,ui_text,chat_ui,1200,800,512,341,JPEG,"seq420,q=35",5208,0.23863636363636365,0.5977909999899111,0.4702919999886035,nan,nan,34.00089974297801,0.9632992093193328,0.9920000740677386,0.9952704683814555,0.9806006008151256,Pillow wall time including file I/O
chat_preview,ui_text,chat_ui,1200,800,512,341,JPEG,"prog420,q=35",5210,0.23872800586510265,0.9469169999931637,0.6455410000114625,nan,nan,34.00089974297801,0.9632992093193328,0.9920000740677386,0.9952704683814555,0.9806006008151256,Pillow wall time including file I/O
chat_preview,ui_text,chat_ui,1200,800,512,341,JPEG,"seq444,q=35",6518,0.29866202346041054,0.8839999999850079,0.5238330000167934,nan,nan,34.95068564490548,0.9663567306642594,0.9938301561816062,0.9956325337409422,0.9868064646138998,Pillow wall time including file I/O
chat_preview,ui_text,chat_ui,1200,800,512,341,JPEG,"prog444,q=35",6652,0.30480205278592376,1.3346669999805272,0.8943750000014461,nan,nan,34.95068564490548,0.9663567306642594,0.9938301561816062,0.9956325337409422,0.9868064646138998,Pillow wall time including file I/O
chat_preview,ui_text,chat_ui,1200,800,512,341,JPEG,"seq420,q=36",5289,0.24234787390029325,0.6539999999972679,0.3598749999866868,nan,nan,34.04474572385126,0.964118981964493,0.992561259576449,0.996343421946696,0.9810335459517932,Pillow wall time including file I/O
chat_preview,ui_text,chat_ui,1200,800,512,341,JPEG,"prog420,q=36",5252,0.2406524926686217,0.9558749999882821,0.6652920000078666,nan,nan,34.04474572385126,0.964118981964493,0.992561259576449,0.996343421946696,0.9810335459517932,Pillow wall time including file I/O
chat_preview,ui_text,chat_ui,1200,800,512,341,JPEG,"seq444,q=36",6614,0.3030608504398827,0.895874999997659,0.4168330000027254,nan,nan,34.991507003307575,0.9676218857094819,0.99488638938086,0.9963397917060649,0.9871667818056705,Pillow wall time including file I/O
chat_preview,ui_text,chat_ui,1200,800,512,341,JPEG,"prog444,q=36",6658,0.30507697947214074,1.3435829999934867,0.8589580000091246,nan,nan,34.991507003307575,0.9676218857094819,0.99488638938086,0.9963397917060649,0.9871667818056705,Pillow wall time including file I/O
chat_preview,ui_text,chat_ui,1200,800,512,341,JPEG,"seq420,q=37",5357,0.24546370967741934,3.3390410000038173,0.36466699998527474,nan,nan,34.10111730476117,0.9640294941869013,0.9924687384353611,0.9963684318939248,0.9812963711160878,Pillow wall time including file I/O
chat_preview,ui_text,chat_ui,1200,800,512,341,JPEG,"prog420,q=37",5303,0.24298936950146627,0.9392080000054648,0.6274170000040158,nan,nan,34.10111730476117,0.9640294941869013,0.9924687384353611,0.9963684318939248,0.9812963711160878,Pillow wall time including file I/O
chat_preview,ui_text,chat_ui,1200,800,512,341,JPEG,"seq444,q=37",6675,0.3058559384164223,0.8746659999872008,0.37550000001829176,nan,nan,35.03496059832027,0.9679516014425283,0.9949483536862181,0.9963628351174721,0.987312972377136,Pillow wall time including file I/O
chat_preview,ui_text,chat_ui,1200,800,512,341,JPEG,"prog444,q=37",6712,0.30755131964809385,1.3538329999960297,0.862624999996342,nan,nan,35.03496059832027,0.9679516014425283,0.9949483536862181,0.9963628351174721,0.987312972377136,Pillow wall time including file I/O
chat_preview,ui_text,chat_ui,1200,800,512,341,JPEG,"seq420,q=38",5446,0.24954178885630499,0.6286249999902793,0.37524999999050124,nan,nan,34.095969893417724,0.9641656670429238,0.992129434770658,0.996202098839203,0.9811823291090082,Pillow wall time including file I/O
chat_preview,ui_text,chat_ui,1200,800,512,341,JPEG,"prog420,q=38",5439,0.24922104105571846,0.9983340000019325,0.7857080000235328,nan,nan,34.095969893417724,0.9641656670429238,0.992129434770658,0.996202098839203,0.9811823291090082,Pillow wall time including file I/O
chat_preview,ui_text,chat_ui,1200,800,512,341,JPEG,"seq444,q=38",6761,0.30979655425219943,0.9117079999896305,0.3916249999917909,nan,nan,35.01964613188088,0.968117309625686,0.9945970026201993,0.9962171720666978,0.9871318818346978,Pillow wall time including file I/O
chat_preview,ui_text,chat_ui,1200,800,512,341,JPEG,"prog444,q=38",6858,0.3142412023460411,1.3557909999803996,0.9813329999985854,nan,nan,35.01964613188088,0.968117309625686,0.9945970026201993,0.9962171720666978,0.9871318818346978,Pillow wall time including file I/O
chat_preview,ui_text,chat_ui,1200,800,512,341,JPEG,"seq420,q=39",5516,0.2527492668621701,0.626958999987437,0.4923340000004828,nan,nan,34.233266131955105,0.9650200354927657,0.993000021511063,0.9963503505347651,0.9820461687578771,Pillow wall time including file I/O
chat_preview,ui_text,chat_ui,1200,800,512,341,JPEG,"prog420,q=39",5476,0.25091642228739003,1.0103340000000571,0.7747500000050422,nan,nan,34.233266131955105,0.9650200354927657,0.993000021511063,0.9963503505347651,0.9820461687578771,Pillow wall time including file I/O
chat_preview,ui_text,chat_ui,1200,800,512,341,JPEG,"seq444,q=39",6834,0.31314149560117305,0.9280829999909201,0.5079999999964002,nan,nan,35.138556295314444,0.9687206035306771,0.9952102353294888,0.996518052079544,0.9877610799390043,Pillow wall time including file I/O
chat_preview,ui_text,chat_ui,1200,800,512,341,JPEG,"prog444,q=39",6860,0.31433284457478006,1.3590420000184622,0.842750000003889,nan,nan,35.138556295314444,0.9687206035306771,0.9952102353294888,0.996518052079544,0.9877610799390043,Pillow wall time including file I/O
chat_preview,ui_text,chat_ui,1200,800,512,341,JPEG,"seq420,q=40",5562,0.2548570381231672,0.6274170000040158,0.4890419999981077,nan,nan,34.23701454335737,0.9648048684894093,0.9927549875501889,0.9964066613913813,0.9820288262445318,Pillow wall time including file I/O
chat_preview,ui_text,chat_ui,1200,800,512,341,JPEG,"prog420,q=40",5519,0.2528867302052786,0.9927499999946576,0.8017920000042977,nan,nan,34.23701454335737,0.9648048684894093,0.9927549875501889,0.9964066613913813,0.9820288262445318,Pillow wall time including file I/O
chat_preview,ui_text,chat_ui,1200,800,512,341,JPEG,"seq444,q=40",6878,0.3151576246334311,0.9182920000228023,0.49766699999054254,nan,nan,35.12100905490077,0.9688313340283393,0.9950029043734588,0.9966458808761733,0.9876597302528979,Pillow wall time including file I/O
chat_preview,ui_text,chat_ui,1200,800,512,341,JPEG,"prog444,q=40",6901,0.31621151026392963,1.3385000000027958,1.0102500000073178,nan,nan,35.12100905490077,0.9688313340283393,0.9950029043734588,0.9966458808761733,0.9876597302528979,Pillow wall time including file I/O
chat_preview,ui_text,chat_ui,1200,800,512,341,JPEG,"seq420,q=41",5692,0.26081378299120234,0.6024170000102913,0.4916670000056911,nan,nan,34.23692355045026,0.9650110575044609,0.9924045553740103,0.9966490403130371,0.9825619930489231,Pillow wall time including file I/O
chat_preview,ui_text,chat_ui,1200,800,512,341,JPEG,"prog420,q=41",5611,0.2571022727272727,0.9940420000020822,0.7600420000244412,nan,nan,34.23692355045026,0.9650110575044609,0.9924045553740103,0.9966490403130371,0.9825619930489231,Pillow wall time including file I/O
chat_preview,ui_text,chat_ui,1200,800,512,341,JPEG,"seq444,q=41",7033,0.3222598973607038,1.0378340000158914,0.3770000000145046,nan,nan,35.13138840703761,0.9693021718199208,0.9950294356635037,0.996668141460242,0.9882844851258502,Pillow wall time including file I/O
chat_preview,ui_text,chat_ui,1200,800,512,341,JPEG,"prog444,q=41",7045,0.32280975073313783,1.3982080000118913,0.9793750000142154,nan,nan,35.13138840703761,0.9693021718199208,0.9950294356635037,0.996668141460242,0.9882844851258502,Pillow wall time including file I/O
chat_preview,ui_text,chat_ui,1200,800,512,341,JPEG,"seq420,q=42",5736,0.2628299120234604,0.6789580000088336,0.5997080000099686,nan,nan,34.28300375671515,0.9653301337329264,0.9930144411436377,0.9967248534262637,0.9831481807728651,Pillow wall time including file I/O
chat_preview,ui_text,chat_ui,1200,800,512,341,JPEG,"prog420,q=42",5648,0.2587976539589443,1.0361659999773565,0.7879579999894304,nan,nan,34.28300375671515,0.9653301337329264,0.9930144411436377,0.9967248534262637,0.9831481807728651,Pillow wall time including file I/O
chat_preview,ui_text,chat_ui,1200,800,512,341,JPEG,"seq444,q=42",7078,0.3243218475073314,0.9309169999767164,0.5131670000082522,nan,nan,35.16237264136239,0.9695249125473454,0.9953930500577775,0.9967688436058576,0.9885937387688807,Pillow wall time including file I/O
chat_preview,ui_text,chat_ui,1200,800,512,341,JPEG,"prog444,q=42",7082,0.3245051319648094,1.3799999999832835,1.006875000001628,nan,nan,35.16237264136239,0.9695249125473454,0.9953930500577775,0.9967688436058576,0.9885937387688807,Pillow wall time including file I/O
chat_preview,ui_text,chat_ui,1200,800,512,341,JPEG,"seq420,q=43",5829,0.26709127565982405,0.6347080000068672,0.3609590000053231,nan,nan,34.32576075184922,0.965522811817511,0.9930489067164475,0.9967282212696804,0.9833792149837166,Pillow wall time including file I/O
chat_preview,ui_text,chat_ui,1200,800,512,341,JPEG,"prog420,q=43",5731,0.2626008064516129,0.9471669999925325,0.6310839999912332,nan,nan,34.32576075184922,0.965522811817511,0.9930489067164475,0.9967282212696804,0.9833792149837166,Pillow wall time including file I/O
chat_preview,ui_text,chat_ui,1200,800,512,341,JPEG,"seq444,q=43",7174,0.32872067448680353,0.9034580000104597,0.5345419999969181,nan,nan,35.21294991675347,0.9697505410303497,0.9953906613958804,0.9967886866964726,0.988724081114564,Pillow wall time including file I/O
chat_preview,ui_text,chat_ui,1200,800,512,341,JPEG,"prog444,q=43",7172,0.3286290322580645,1.4029999999820575,1.2337080000008882,nan,nan,35.21294991675347,0.9697505410303497,0.9953906613958804,0.9967886866964726,0.988724081114564,Pillow wall time including file I/O
chat_preview,ui_text,chat_ui,1200,800,512,341,JPEG,"seq420,q=44",5936,0.2719941348973607,0.6342499999902884,0.4783750000001419,nan,nan,34.39210595801265,0.9654814917731459,0.9926563851903154,0.9964801755395498,0.9833265722295633,Pillow wall time including file I/O
chat_preview,ui_text,chat_ui,1200,800,512,341,JPEG,"prog420,q=44",5836,0.26741202346041054,0.9902500000009695,0.6861669999977948,nan,nan,34.39210595801265,0.9654814917731459,0.9926563851903154,0.9964801755395498,0.9833265722295633,Pillow wall time including file I/O
chat_preview,ui_text,chat_ui,1200,800,512,341,JPEG,"seq444,q=44",7294,0.3342192082111437,0.9162909999815838,0.5403749999857155,nan,nan,35.31536756208191,0.9694125959986727,0.9949663279543142,0.9964854243442087,0.9887043105046376,Pillow wall time including file I/O
chat_preview,ui_text,chat_ui,1200,800,512,341,JPEG,"prog444,q=44",7278,0.3334860703812317,1.3560839999797736,0.9998749999908796,nan,nan,35.31536756208191,0.9694125959986727,0.9949663279543142,0.9964854243442087,0.9887043105046376,Pillow wall time including file I/O
chat_preview,ui_text,chat_ui,1200,800,512,341,JPEG,"seq420,q=45",5994,0.2746517595307918,0.6331250000073396,0.47270900000739857,nan,nan,34.41848249987618,0.9655715865386097,0.9927470832030786,0.9965535422952608,0.9834494016815913,Pillow wall time including file I/O
chat_preview,ui_text,chat_ui,1200,800,512,341,JPEG,"prog420,q=45",5885,0.2696572580645161,0.9863330000143833,0.7922500000177024,nan,nan,34.41848249987618,0.9655715865386097,0.9927470832030786,0.9965535422952608,0.9834494016815913,Pillow wall time including file I/O
chat_preview,ui_text,chat_ui,1200,800,512,341,JPEG,"seq444,q=45",7355,0.3370142961876833,0.9165410000093743,0.5315829999972266,nan,nan,35.34842891732713,0.9694794279871201,0.9950359742938636,0.9965539671828689,0.9888317095181084,Pillow wall time including file I/O
chat_preview,ui_text,chat_ui,1200,800,512,341,JPEG,"prog444,q=45",7337,0.33618951612903225,1.4026249999972151,0.9797089999779018,nan,nan,35.34842891732713,0.9694794279871201,0.9950359742938636,0.9965539671828689,0.9888317095181084,Pillow wall time including file I/O
chat_preview,ui_text,chat_ui,1200,800,512,341,JPEG,"seq420,q=46",6119,0.2803793988269795,0.6262919999926453,0.5082080000136102,nan,nan,34.44553479845424,0.966516665729024,0.993153218383474,0.9969659971229038,0.9835817913377111,Pillow wall time including file I/O
chat_preview,ui_text,chat_ui,1200,800,512,341,JPEG,"prog420,q=46",5996,0.27474340175953077,0.9619579999764483,0.6527919999825826,nan,nan,34.44553479845424,0.966516665729024,0.993153218383474,0.9969659971229038,0.9835817913377111,Pillow wall time including file I/O
chat_preview,ui_text,chat_ui,1200,800,512,341,JPEG,"seq444,q=46",7480,0.34274193548387094,0.9196659999872736,0.5409580000161895,nan,nan,35.38736951564834,0.9700297095251355,0.9950040318203776,0.9970978174231234,0.9888149485618221,Pillow wall time including file I/O
chat_preview,ui_text,chat_ui,1200,800,512,341,JPEG,"prog444,q=46",7438,0.3408174486803519,1.363749999995889,0.860582999990811,nan,nan,35.38736951564834,0.9700297095251355,0.9950040318203776,0.9970978174231234,0.9888149485618221,Pillow wall time including file I/O
chat_preview,ui_text,chat_ui,1200,800,512,341,JPEG,"seq420,q=47",6152,0.28189149560117305,0.6290000000035434,0.5350000000134969,nan,nan,34.49405017618951,0.966834227946422,0.9932251560091808,0.9970057896990123,0.9837719082083685,Pillow wall time including file I/O
chat_preview,ui_text,chat_ui,1200,800,512,341,JPEG,"prog420,q=47",6033,0.27643878299120234,0.9872500000085438,0.7729590000167263,nan,nan,34.49405017618951,0.966834227946422,0.9932251560091808,0.9970057896990123,0.9837719082083685,Pillow wall time including file I/O
chat_preview,ui_text,chat_ui,1200,800,512,341,JPEG,"seq444,q=47",7515,0.34434567448680353,0.8725829999889356,0.3815000000031432,nan,nan,35.43342781117859,0.9702898232912903,0.995054307031674,0.9971324021315366,0.9889405565774794,Pillow wall time including file I/O
chat_preview,ui_text,chat_ui,1200,800,512,341,JPEG,"prog444,q=47",7475,0.3425128299120235,1.4274579999948855,0.9877089999861255,nan,nan,35.43342781117859,0.9702898232912903,0.995054307031674,0.9971324021315366,0.9889405565774794,Pillow wall time including file I/O
chat_preview,ui_text,chat_ui,1200,800,512,341,JPEG,"seq420,q=48",6247,0.28624450146627567,0.6198330000017904,0.5010419999962323,nan,nan,34.53993230357754,0.9669764324637624,0.9932091540734858,0.9970034909826662,0.9839526962873298,Pillow wall time including file I/O
chat_preview,ui_text,chat_ui,1200,800,512,341,JPEG,"prog420,q=48",6146,0.281616568914956,0.9567079999897032,0.642875000011145,nan,nan,34.53993230357754,0.9669764324637624,0.9932091540734858,0.9970034909826662,0.9839526962873298,Pillow wall time including file I/O
chat_preview,ui_text,chat_ui,1200,800,512,341,JPEG,"seq444,q=48",7613,0.34883614369501464,0.9241660000043339,0.5215420000013182,nan,nan,35.460970945202476,0.970511627687253,0.9950298574835635,0.9971427750207955,0.9889976065392526,Pillow wall time including file I/O
chat_preview,ui_text,chat_ui,1200,800,512,341,JPEG,"prog444,q=48",7589,0.3477364369501466,1.4468340000064472,0.9913330000017595,nan,nan,35.460970945202476,0.970511627687253,0.9950298574835635,0.9971427750207955,0.9889976065392526,Pillow wall time including file I/O
chat_preview,ui_text,chat_ui,1200,800,512,341,JPEG,"seq420,q=49",6402,0.2933467741935484,0.6258330000150636,0.48595800001294265,nan,nan,34.63353486469054,0.9673251828446445,0.9936544546082707,0.9967614864742669,0.9847619536131186,Pillow wall time including file I/O
chat_preview,ui_text,chat_ui,1200,800,512,341,JPEG,"prog420,q=49",6285,0.2879857038123167,0.995084000010138,0.7877079999900616,nan,nan,34.63353486469054,0.9673251828446445,0.9936544546082707,0.9967614864742669,0.9847619536131186,Pillow wall time including file I/O
chat_preview,ui_text,chat_ui,1200,800,512,341,JPEG,"seq444,q=49",7769,0.35598423753665687,0.9247909999885451,0.5094159999998737,nan,nan,35.57618157590405,0.971216577494944,0.9956546146808769,0.9967225323068923,0.9897488116147061,Pillow wall time including file I/O
chat_preview,ui_text,chat_ui,1200,800,512,341,JPEG,"prog444,q=49",7739,0.35460960410557185,1.4013330000182123,1.0062080000068363,nan,nan,35.57618157590405,0.971216577494944,0.9956546146808769,0.9967225323068923,0.9897488116147061,Pillow wall time including file I/O
chat_preview,ui_text,chat_ui,1200,800,512,341,JPEG,"seq420,q=50",6445,0.2953170821114369,0.6177500000035252,0.4924170000037975,nan,nan,34.66217721873179,0.9673378006701768,0.9936903091818289,0.9967800856773054,0.9848782036868918,Pillow wall time including file I/O
chat_preview,ui_text,chat_ui,1200,800,512,341,JPEG,"prog420,q=50",6318,0.28949780058651026,1.006417000013471,0.787583000004588,nan,nan,34.66217721873179,0.9673378006701768,0.9936903091818289,0.9967800856773054,0.9848782036868918,Pillow wall time including file I/O
chat_preview,ui_text,chat_ui,1200,800,512,341,JPEG,"seq444,q=50",7819,0.35827529325513197,0.93912500000215,0.5475420000209397,nan,nan,35.607703015855996,0.9712043788446535,0.9956774432538441,0.9967400355163881,0.9898299319082655,Pillow wall time including file I/O
chat_preview,ui_text,chat_ui,1200,800,512,341,JPEG,"prog444,q=50",7783,0.3566257331378299,1.425249999982725,0.9995840000271983,nan,nan,35.607703015855996,0.9712043788446535,0.9956774432538441,0.9967400355163881,0.9898299319082655,Pillow wall time including file I/O
chat_preview,ui_text,chat_ui,1200,800,512,341,JPEG,"seq420,q=51",6478,0.2968291788856305,0.6035000000110813,0.3397920000054455,nan,nan,34.68691673974273,0.9674371459579607,0.993717644650905,0.9968037530062512,0.984967737929428,Pillow wall time including file I/O
chat_preview,ui_text,chat_ui,1200,800,512,341,JPEG,"prog420,q=51",6332,0.2901392961876833,1.0224579999942307,0.8007500000246637,nan,nan,34.68691673974273,0.9674371459579607,0.993717644650905,0.9968037530062512,0.984967737929428,Pillow wall time including file I/O
chat_preview,ui_text,chat_ui,1200,800,512,341,JPEG,"seq444,q=51",7856,0.35997067448680353,0.9742080000023634,0.5101669999874048,nan,nan,35.6392236562592,0.9713474993354138,0.9957074112719311,0.9967647221261373,0.98990951701259,Pillow wall time including file I/O
chat_preview,ui_text,chat_ui,1200,800,512,341,JPEG,"prog444,q=51",7798,0.3573130498533724,1.4096250000079635,0.8822920000000067,nan,nan,35.6392236562592,0.9713474993354138,0.9957074112719311,0.9967647221261373,0.98990951701259,Pillow wall time including file I/O
chat_preview,ui_text,chat_ui,1200,800,512,341,JPEG,"seq420,q=52",6617,0.3031983137829912,0.617125000019314,0.36037499998542444,nan,nan,34.95631789174123,0.9690909447414637,0.9946695930342617,0.997340391722211,0.9852912617745394,Pillow wall time including file I/O
chat_preview,ui_text,chat_ui,1200,800,512,341,JPEG,"prog420,q=52",6484,0.2971041055718475,0.9898750000161272,0.6905840000115404,nan,nan,34.95631789174123,0.9690909447414637,0.9946695930342617,0.997340391722211,0.9852912617745394,Pillow wall time including file I/O
chat_preview,ui_text,chat_ui,1200,800,512,341,JPEG,"seq444,q=52",8069,0.36973057184750735,0.9305840000024546,0.39637500000822,nan,nan,35.940538550873185,0.9724027142724161,0.9960629900004965,0.9974227022787863,0.9898964509128554,Pillow wall time including file I/O
chat_preview,ui_text,chat_ui,1200,800,512,341,JPEG,"prog444,q=52",7995,0.3663398093841642,1.4267089999862037,0.8764160000112042,nan,nan,35.940538550873185,0.9724027142724161,0.9960629900004965,0.9974227022787863,0.9898964509128554,Pillow wall time including file I/O
chat_preview,ui_text,chat_ui,1200,800,512,341,JPEG,"seq420,q=53",6679,0.3060392228739003,0.6493330000125752,0.35299999998983367,nan,nan,35.00150200695783,0.9692678990619488,0.994692913576011,0.9973577578309359,0.9854666539295833,Pillow wall time including file I/O
chat_preview,ui_text,chat_ui,1200,800,512,341,JPEG,"prog420,q=53",6550,0.3001282991202346,1.0348340000234657,0.6805830000189417,nan,nan,35.00150200695783,0.9692678990619488,0.994692913576011,0.9973577578309359,0.9854666539295833,Pillow wall time including file I/O
chat_preview,ui_text,chat_ui,1200,800,512,341,JPEG,"seq444,q=53",8138,0.3728922287390029,0.8912500000235468,0.5075420000082431,nan,nan,35.99129810061128,0.9726649204496498,0.9960935584990906,0.9974381854457978,0.9900060612098547,Pillow wall time including file I/O
chat_preview,ui_text,chat_ui,1200,800,512,341,JPEG,"prog444,q=53",8065,0.36954728739002934,1.3853750000123455,0.8628329999851303,nan,nan,35.99129810061128,0.9726649204496498,0.9960935584990906,0.9974381854457978,0.9900060612098547,Pillow wall time including file I/O
chat_preview,ui_text,chat_ui,1200,800,512,341,JPEG,"seq420,q=54",6731,0.30842192082111436,0.6351659999950243,0.4060409999908643,nan,nan,35.05384912702985,0.9696669417515488,0.9947582799834946,0.9974148040690295,0.9856354529320337,Pillow wall time including file I/O
chat_preview,ui_text,chat_ui,1200,800,512,341,JPEG,"prog420,q=54",6605,0.3026484604105572,1.0185840000076496,0.7087919999833048,nan,nan,35.05384912702985,0.9696669417515488,0.9947582799834946,0.9974148040690295,0.9856354529320337,Pillow wall time including file I/O
chat_preview,ui_text,chat_ui,1200,800,512,341,JPEG,"seq444,q=54",8186,0.37509164222873903,0.9363750000090931,0.3978750000044329,nan,nan,36.05219505072554,0.9730951032691122,0.996154948402269,0.9974935699680202,0.9901583201914287,Pillow wall time including file I/O
chat_preview,ui_text,chat_ui,1200,800,512,341,JPEG,"prog444,q=54",8121,0.3721132697947214,1.4541660000020329,0.8831669999835867,nan,nan,36.05219505072554,0.9730951032691122,0.996154948402269,0.9974935699680202,0.9901583201914287,Pillow wall time including file I/O
chat_preview,ui_text,chat_ui,1200,800,512,341,JPEG,"seq420,q=55",6808,0.311950146627566,0.6310420000090744,0.34499999998161,nan,nan,35.094596837971295,0.9702985549296098,0.9949702399791119,0.9974536054973911,0.9858301222873583,Pillow wall time including file I/O
chat_preview,ui_text,chat_ui,1200,800,512,341,JPEG,"prog420,q=55",6740,0.3088343108504399,0.9898329999771249,0.6884999999954289,nan,nan,35.094596837971295,0.9702985549296098,0.9949702399791119,0.9974536054973911,0.9858301222873583,Pillow wall time including file I/O
chat_preview,ui_text,chat_ui,1200,800,512,341,JPEG,"seq444,q=55",8243,0.37770344574780057,0.9075000000109412,0.3927500000031614,nan,nan,36.098910192537815,0.973837632376558,0.9967010505146842,0.9975458673441595,0.9904575129278957,Pillow wall time including file I/O
chat_preview,ui_text,chat_ui,1200,800,512,341,JPEG,"prog444,q=55",8330,0.38168988269794724,1.485874999985981,0.9254999999939173,nan,nan,36.098910192537815,0.973837632376558,0.9967010505146842,0.9975458673441595,0.9904575129278957,Pillow wall time including file I/O
chat_preview,ui_text,chat_ui,1200,800,512,341,JPEG,"seq420,q=56",6911,0.3166697214076246,0.65883299998859,0.3647910000097454,nan,nan,35.15455903560314,0.9706844484031119,0.9950317863087793,0.9975037338197017,0.9860274566171507,Pillow wall time including file I/O
chat_preview,ui_text,chat_ui,1200,800,512,341,JPEG,"prog420,q=56",6838,0.31332478005865105,1.0442079999961607,0.671291999992718,nan,nan,35.15455903560314,0.9706844484031119,0.9950317863087793,0.9975037338197017,0.9860274566171507,Pillow wall time including file I/O
chat_preview,ui_text,chat_ui,1200,800,512,341,JPEG,"seq444,q=56",8339,0.3821022727272727,0.9254580000117585,0.40525000000002365,nan,nan,36.1685720279852,0.9742272672578451,0.9967502966072267,0.9975908154614476,0.9906096186820781,Pillow wall time including file I/O
chat_preview,ui_text,chat_ui,1200,800,512,341,JPEG,"prog444,q=56",8427,0.38613453079178883,1.424583000016355,0.899167000000034,nan,nan,36.1685720279852,0.9742272672578451,0.9967502966072267,0.9975908154614476,0.9906096186820781,Pillow wall time including file I/O
chat_preview,ui_text,chat_ui,1200,800,512,341,JPEG,"seq420,q=57",6989,0.32024376832844575,0.6534999999985303,0.35183300002472606,nan,nan,35.202221526523,0.9709296350935402,0.9950949026645731,0.997548023727802,0.9862103248468591,Pillow wall time including file I/O
chat_preview,ui_text,chat_ui,1200,800,512,341,JPEG,"prog420,q=57",6909,0.31657807917888564,1.0170420000008562,0.6736250000187738,nan,nan,35.202221526523,0.9709296350935402,0.9950949026645731,0.997548023727802,0.9862103248468591,Pillow wall time including file I/O
chat_preview,ui_text,chat_ui,1200,800,512,341,JPEG,"seq444,q=57",8443,0.38686766862170086,0.9250409999879139,0.38108300000772033,nan,nan,36.226961880189045,0.9744612602017658,0.9968017780839791,0.9976438421346404,0.9907322433433543,Pillow wall time including file I/O
chat_preview,ui_text,chat_ui,1200,800,512,341,JPEG,"prog444,q=57",8515,0.39016678885630496,1.459791000002042,0.9260829999959697,nan,nan,36.226961880189045,0.9744612602017658,0.9968017780839791,0.9976438421346404,0.9907322433433543,Pillow wall time including file I/O
chat_preview,ui_text,chat_ui,1200,800,512,341,JPEG,"seq420,q=58",7080,0.32441348973607037,0.6454580000081478,0.37079200001244317,nan,nan,35.10768634746669,0.970803565674061,0.9948557213828974,0.9973659006036476,0.9861135558051798,Pillow wall time including file I/O
chat_preview,ui_text,chat_ui,1200,800,512,341,JPEG,"prog420,q=58",7014,0.3213892961876833,1.076541000003317,0.7035840000071403,nan,nan,35.10768634746669,0.970803565674061,0.9948557213828974,0.9973659006036476,0.9861135558051798,Pillow wall time including file I/O
chat_preview,ui_text,chat_ui,1200,800,512,341,JPEG,"seq444,q=58",8558,0.39213709677419356,0.9363750000090931,0.38537500000757063,nan,nan,36.101727471393254,0.974388707366978,0.9965454225361721,0.9974706628170604,0.9905776328763034,Pillow wall time including file I/O
chat_preview,ui_text,chat_ui,1200,800,512,341,JPEG,"prog444,q=58",8622,0.39506964809384165,1.461375000019416,0.9316670000032445,nan,nan,36.101727471393254,0.974388707366978,0.9965454225361721,0.9974706628170604,0.9905776328763034,Pillow wall time including file I/O
chat_preview,ui_text,chat_ui,1200,800,512,341,JPEG,"seq420,q=59",7152,0.3277126099706745,0.6279160000133288,0.34974999999803913,nan,nan,35.16987953811748,0.9711791574066195,0.9949269576432024,0.9973840671091408,0.9863333790483383,Pillow wall time including file I/O
chat_preview,ui_text,chat_ui,1200,800,512,341,JPEG,"prog420,q=59",7075,0.32418438416422285,1.013583000002427,0.6739999999751944,nan,nan,35.16987953811748,0.9711791574066195,0.9949269576432024,0.9973840671091408,0.9863333790483383,Pillow wall time including file I/O
chat_preview,ui_text,chat_ui,1200,800,512,341,JPEG,"seq444,q=59",8641,0.39594024926686217,0.9397499999863612,0.3986669999846981,nan,nan,36.152560559127906,0.9746322804968526,0.9965728248145956,0.9974831643131431,0.9906789924308788,Pillow wall time including file I/O
chat_preview,ui_text,chat_ui,1200,800,512,341,JPEG,"prog444,q=59",8694,0.39836876832844575,1.4679999999884785,0.9041250000052514,nan,nan,36.152560559127906,0.9746322804968526,0.9965728248145956,0.9974831643131431,0.9906789924308788,Pillow wall time including file I/O
chat_preview,ui_text,chat_ui,1200,800,512,341,JPEG,"seq420,q=60",7224,0.3310117302052786,0.6503749999922093,0.3605420000099002,nan,nan,35.23215143927704,0.9716065943228118,0.9950156130606981,0.9974093564818671,0.9865165149841121,Pillow wall time including file I/O
chat_preview,ui_text,chat_ui,1200,800,512,341,JPEG,"prog420,q=60",7146,0.3274376832844575,1.0139169999945352,0.6609590000152821,nan,nan,35.23215143927704,0.9716065943228118,0.9950156130606981,0.9974093564818671,0.9865165149841121,Pillow wall time including file I/O
chat_preview,ui_text,chat_ui,1200,800,512,341,JPEG,"seq444,q=60",8731,0.4000641495601173,0.9751249999965239,0.40841699998850345,nan,nan,36.21722145483353,0.9749822120135514,0.9966130450890729,0.9975102021454872,0.9908155785824118,Pillow wall time including file I/O
chat_preview,ui_text,chat_ui,1200,800,512,341,JPEG,"prog444,q=60",8782,0.4024010263929619,1.4633750000143664,0.9146659999998974,nan,nan,36.21722145483353,0.9749822120135514,0.9966130450890729,0.9975102021454872,0.9908155785824118,Pillow wall time including file I/O
chat_preview,ui_text,chat_ui,1200,800,512,341,JPEG,"seq420,q=61",7373,0.3378390762463343,0.6298329999765429,0.34483400000340225,nan,nan,35.676919718737004,0.9721519398251868,0.9951262495213632,0.9971727618124265,0.9877479350321321,Pillow wall time including file I/O
chat_preview,ui_text,chat_ui,1200,800,512,341,JPEG,"prog420,q=61",7276,0.33339442815249265,1.0314589999893542,0.6825830000138922,nan,nan,35.676919718737004,0.9721519398251868,0.9951262495213632,0.9971727618124265,0.9877479350321321,Pillow wall time including file I/O
chat_preview,ui_text,chat_ui,1200,800,512,341,JPEG,"seq444,q=61",8879,0.40684567448680353,0.9507500000154323,0.4062499999974989,nan,nan,36.73073542418405,0.9753416601272433,0.9966287314588743,0.9973132403289109,0.9918830803354092,Pillow wall time including file I/O
chat_preview,ui_text,chat_ui,1200,800,512,341,JPEG,"prog444,q=61",8911,0.4083119501466276,1.4467919999958667,0.9156249999762167,nan,nan,36.73073542418405,0.9753416601272433,0.9966287314588743,0.9973132403289109,0.9918830803354092,Pillow wall time including file I/O
chat_preview,ui_text,chat_ui,1200,800,512,341,JPEG,"seq420,q=62",7453,0.3415047653958944,0.6510839999975815,0.3634170000168524,nan,nan,35.7273642127078,0.97260419141025,0.9952176640662769,0.9972153137374109,0.987886875635806,Pillow wall time including file I/O
chat_preview,ui_text,chat_ui,1200,800,512,341,JPEG,"prog420,q=62",7333,0.33600623167155425,1.0537090000184435,0.6839170000034756,nan,nan,35.7273642127078,0.97260419141025,0.9952176640662769,0.9972153137374109,0.987886875635806,Pillow wall time including file I/O
chat_preview,ui_text,chat_ui,1200,800,512,341,JPEG,"seq444,q=62",8967,0.41087793255131966,0.9227909999935946,0.39487500004042886,nan,nan,36.80419090782338,0.9758003410011281,0.9966794490929365,0.997364914977959,0.9920160869879567,Pillow wall time including file I/O
chat_preview,ui_text,chat_ui,1200,800,512,341,JPEG,"prog444,q=62",8975,0.41124450146627567,1.4741670000262275,0.9287920000247141,nan,nan,36.80419090782338,0.9758003410011281,0.9966794490929365,0.997364914977959,0.9920160869879567,Pillow wall time including file I/O
chat_preview,ui_text,chat_ui,1200,800,512,341,JPEG,"seq420,q=63",7589,0.3477364369501466,0.6258340000044882,0.3614579999862144,nan,nan,35.792720256613904,0.9731057879778261,0.9952944431617688,0.9973004439120082,0.988104293187823,Pillow wall time including file I/O
chat_preview,ui_text,chat_ui,1200,800,512,341,JPEG,"prog420,q=63",7450,0.3413673020527859,1.056292000043868,0.7222919999776423,nan,nan,35.792720256613904,0.9731057879778261,0.9952944431617688,0.9973004439120082,0.988104293187823,Pillow wall time including file I/O
chat_preview,ui_text,chat_ui,1200,800,512,341,JPEG,"seq444,q=63",9112,0.4175219941348974,0.9423749999655229,0.39741599999842947,nan,nan,36.89441847788515,0.9764205796946003,0.9967772518326616,0.9974385234441587,0.9921965679299531,Pillow wall time including file I/O
chat_preview,ui_text,chat_ui,1200,800,512,341,JPEG,"prog444,q=63",9109,0.41738453079178883,1.4413749999562242,0.9353749999831962,nan,nan,36.89441847788515,0.9764205796946003,0.9967772518326616,0.9974385234441587,0.9921965679299531,Pillow wall time including file I/O
chat_preview,ui_text,chat_ui,1200,800,512,341,JPEG,"seq420,q=64",7660,0.35098973607038125,0.6792500000187829,0.36329199997453543,nan,nan,35.57717394539808,0.9728681988305538,0.9950889587690362,0.9974205006681877,0.9879972893375737,Pillow wall time including file I/O
chat_preview,ui_text,chat_ui,1200,800,512,341,JPEG,"prog420,q=64",7534,0.34521627565982405,1.0693749999859392,0.7028329999911875,nan,nan,35.57717394539808,0.9728681988305538,0.9950889587690362,0.9974205006681877,0.9879972893375737,Pillow wall time including file I/O
chat_preview,ui_text,chat_ui,1200,800,512,341,JPEG,"seq444,q=64",9213,0.42214992668621704,1.0045000000218351,0.47645800003692784,nan,nan,36.59580226114211,0.9761812562737414,0.9964853920327358,0.9975272574404274,0.991970537977404,Pillow wall time including file I/O
chat_preview,ui_text,chat_ui,1200,800,512,341,JPEG,"prog444,q=64",9261,0.4243493401759531,1.4301250000130494,0.8645839999985583,nan,nan,36.59580226114211,0.9761812562737414,0.9964853920327358,0.9975272574404274,0.991970537977404,Pillow wall time including file I/O
chat_preview,ui_text,chat_ui,1200,800,512,341,JPEG,"seq420,q=65",7797,0.3572672287390029,0.6326250000370237,0.3504169999928308,nan,nan,35.91063291082539,0.97385563624038,0.9957539483174362,0.9980244391582059,0.988562859005169,Pillow wall time including file I/O
chat_preview,ui_text,chat_ui,1200,800,512,341,JPEG,"prog420,q=65",7547,0.3458119501466276,1.043334000030427,0.671708000027138,nan,nan,35.91063291082539,0.97385563624038,0.9957539483174362,0.9980244391582059,0.988562859005169,Pillow wall time including file I/O
chat_preview,ui_text,chat_ui,1200,800,512,341,JPEG,"seq444,q=65",9363,0.4290230938416422,0.9168330000193237,0.40091700003586084,nan,nan,37.04895137361782,0.9774128799374071,0.9972280694657645,0.9980903406113762,0.9925537957096549,Pillow wall time including file I/O
chat_preview,ui_text,chat_ui,1200,800,512,341,JPEG,"prog444,q=65",9156,0.41953812316715544,1.4217500000199834,0.8875409999973272,nan,nan,37.04895137361782,0.9774128799374071,0.9972280694657645,0.9980903406113762,0.9925537957096549,Pillow wall time including file I/O
chat_preview,ui_text,chat_ui,1200,800,512,341,JPEG,"seq420,q=66",7901,0.3620326246334311,0.6165409999994154,0.3613750000113214,nan,nan,35.97081895630244,0.9739263137422208,0.9957047061860247,0.9980032448105196,0.9886872575592978,Pillow wall time including file I/O
chat_preview,ui_text,chat_ui,1200,800,512,341,JPEG,"prog420,q=66",7651,0.3505773460410557,1.034833999995044,0.6971249999878637,nan,nan,35.97081895630244,0.9739263137422208,0.9957047061860247,0.9980032448105196,0.9886872575592978,Pillow wall time including file I/O
chat_preview,ui_text,chat_ui,1200,800,512,341,JPEG,"seq444,q=66",9479,0.4343383431085044,0.956000000030599,0.414125000020249,nan,nan,37.1264912016311,0.9775426971287687,0.9972294041249171,0.998071092199986,0.9926841457856238,Pillow wall time including file I/O
chat_preview,ui_text,chat_ui,1200,800,512,341,JPEG,"prog444,q=66",9263,0.4244409824046921,1.4739160000090124,0.915749999990112,nan,nan,37.1264912016311,0.9775426971287687,0.9972294041249171,0.998071092199986,0.9926841457856238,Pillow wall time including file I/O
chat_preview,ui_text,chat_ui,1200,800,512,341,JPEG,"seq420,q=67",8032,0.3680351906158358,0.6236670000134836,0.3485830000045098,nan,nan,36.06687233857746,0.9744311301623126,0.995870559854322,0.998105468740958,0.989006459547083,Pillow wall time including file I/O
chat_preview,ui_text,chat_ui,1200,800,512,341,JPEG,"prog420,q=67",7758,0.35548020527859236,1.0405410000089432,0.6932910000045922,nan,nan,36.06687233857746,0.9744311301623126,0.995870559854322,0.998105468740958,0.989006459547083,Pillow wall time including file I/O
chat_preview,ui_text,chat_ui,1200,800,512,341,JPEG,"seq444,q=67",9619,0.4407532991202346,0.9135829999991074,0.3965409999864278,nan,nan,37.266730395515886,0.9779176109923032,0.9975057508445803,0.9981099079493074,0.9931050079213728,Pillow wall time including file I/O
chat_preview,ui_text,chat_ui,1200,800,512,341,JPEG,"prog444,q=67",9376,0.42961876832844575,1.5815419999967162,0.8954999999559732,nan,nan,37.266730395515886,0.9779176109923032,0.9975057508445803,0.9981099079493074,0.9931050079213728,Pillow wall time including file I/O
chat_preview,ui_text,chat_ui,1200,800,512,341,JPEG,"seq420,q=68",8191,0.3753207478005865,0.6576670000413287,0.35479199999599587,nan,nan,36.15636370385228,0.9750820298832373,0.9961547356436622,0.9983273967293654,0.9893039753889667,Pillow wall time including file I/O
chat_preview,ui_text,chat_ui,1200,800,512,341,JPEG,"prog420,q=68",7966,0.36501099706744866,1.0736670000142112,0.6846250000194232,nan,nan,36.15636370385228,0.9750820298832373,0.9961547356436622,0.9983273967293654,0.9893039753889667,Pillow wall time including file I/O
chat_preview,ui_text,chat_ui,1200,800,512,341,JPEG,"seq444,q=68",9800,0.44904692082111436,0.9063749999995707,0.39691699998911645,nan,nan,37.35874654439415,0.9784345399923731,0.9976603961393072,0.998398221230741,0.9932849315055206,Pillow wall time including file I/O
chat_preview,ui_text,chat_ui,1200,800,512,341,JPEG,"prog444,q=68",9614,0.4405241935483871,1.595165999958681,0.9038750000058826,nan,nan,37.35874654439415,0.9784345399923731,0.9976603961393072,0.998398221230741,0.9932849315055206,Pillow wall time including file I/O
chat_preview,ui_text,chat_ui,1200,800,512,341,JPEG,"seq420,q=69",8320,0.3812316715542522,0.6367500000123982,0.35900000000310683,nan,nan,36.23391068459804,0.9752901181494037,0.9961711237474447,0.9983617243068351,0.9895231794271717,Pillow wall time including file I/O
chat_preview,ui_text,chat_ui,1200,800,512,341,JPEG,"prog420,q=69",8059,0.3692723607038123,1.075167000010424,0.7019590000254539,nan,nan,36.23391068459804,0.9752901181494037,0.9961711237474447,0.9983617243068351,0.9895231794271717,Pillow wall time including file I/O
chat_preview,ui_text,chat_ui,1200,800,512,341,JPEG,"seq444,q=69",9952,0.4560117302052786,0.9255840000150783,0.39958299998943403,nan,nan,37.45413509388327,0.9788136886620054,0.9977129509089862,0.9984294601309968,0.9934398860708578,Pillow wall time including file I/O
chat_preview,ui_text,chat_ui,1200,800,512,341,JPEG,"prog444,q=69",9721,0.44542705278592376,1.4558340000121461,0.9437090000119497,nan,nan,37.45413509388327,0.9788136886620054,0.9977129509089862,0.9984294601309968,0.9934398860708578,Pillow wall time including file I/O
chat_preview,ui_text,chat_ui,1200,800,512,341,JPEG,"seq420,q=70",8493,0.38915872434017595,0.6588330000454334,0.3767089999655582,nan,nan,36.315541628549596,0.9755757540319401,0.9962248255669067,0.9984022164102722,0.9895911340028042,Pillow wall time including file I/O
chat_preview,ui_text,chat_ui,1200,800,512,341,JPEG,"prog420,q=70",8196,0.375549853372434,1.0274999999637657,0.6855830000063179,nan,nan,36.315541628549596,0.9755757540319401,0.9962248255669067,0.9984022164102722,0.9895911340028042,Pillow wall time including file I/O
chat_preview,ui_text,chat_ui,1200,800,512,341,JPEG,"seq444,q=70",10099,0.4627474340175953,0.9184580000010101,0.3850420000048871,nan,nan,37.529830315484645,0.9791507877216139,0.9977528798000077,0.9984563059216764,0.9933519600541405,Pillow wall time including file I/O
chat_preview,ui_text,chat_ui,1200,800,512,341,JPEG,"prog444,q=70",9822,0.4500549853372434,1.4619579999930465,0.9512080000035894,nan,nan,37.529830315484645,0.9791507877216139,0.9977528798000077,0.9984563059216764,0.9933519600541405,Pillow wall time including file I/O
chat_preview,ui_text,chat_ui,1200,800,512,341,JPEG,"seq420,q=71",8697,0.39850623167155425,0.6367500000123982,0.3613750000113214,nan,nan,36.30756954025309,0.9756037898977356,0.9959809859484418,0.9978222443836305,0.9899707281329718,Pillow wall time including file I/O
chat_preview,ui_text,chat_ui,1200,800,512,341,JPEG,"prog420,q=71",8321,0.3812774926686217,1.0509169999863843,0.6899159999989024,nan,nan,36.30756954025309,0.9756037898977356,0.9959809859484418,0.9978222443836305,0.9899707281329718,Pillow wall time including file I/O
chat_preview,ui_text,chat_ui,1200,800,512,341,JPEG,"seq444,q=71",10329,0.4732862903225806,0.9294580000300812,0.42370800002800024,nan,nan,37.46195051933169,0.9791154235460716,0.997425461773473,0.9978871512724999,0.9935077172635517,Pillow wall time including file I/O
chat_preview,ui_text,chat_ui,1200,800,512,341,JPEG,"prog444,q=71",9972,0.4569281524926686,1.4258340000310454,0.9095419999880505,nan,nan,37.46195051933169,0.9791154235460716,0.997425461773473,0.9978871512724999,0.9935077172635517,Pillow wall time including file I/O
chat_preview,ui_text,chat_ui,1200,800,512,341,JPEG,"seq420,q=72",8842,0.40515029325513197,0.6666250000080254,0.3933749999873726,nan,nan,36.38808937138299,0.9758792361384904,0.9960156420572215,0.9978476597037039,0.9901546941410102,Pillow wall time including file I/O
chat_preview,ui_text,chat_ui,1200,800,512,341,JPEG,"prog420,q=72",8474,0.38828812316715544,1.139249999994263,0.7474579999779962,nan,nan,36.38808937138299,0.9758792361384904,0.9960156420572215,0.9978476597037039,0.9901546941410102,Pillow wall time including file I/O
chat_preview,ui_text,chat_ui,1200,800,512,341,JPEG,"seq444,q=72",10489,0.48061766862170086,0.9575830000017049,0.4227079999736816,nan,nan,37.55634375760305,0.9794717191405004,0.9974480629749244,0.9979175788180409,0.9936395383802736,Pillow wall time including file I/O
chat_preview,ui_text,chat_ui,1200,800,512,341,JPEG,"prog444,q=72",10138,0.46453445747800587,1.5099589999749696,0.9505419999982223,nan,nan,37.55634375760305,0.9794717191405004,0.9974480629749244,0.9979175788180409,0.9936395383802736,Pillow wall time including file I/O
chat_preview,ui_text,chat_ui,1200,800,512,341,JPEG,"seq420,q=73",9043,0.41436033724340177,0.6892079999829548,0.36691700000801575,nan,nan,36.47982388413021,0.9760311777692201,0.9959347399262614,0.9980857203805078,0.9902719656264329,Pillow wall time including file I/O
chat_preview,ui_text,chat_ui,1200,800,512,341,JPEG,"prog420,q=73",8654,0.3965359237536657,1.0997079999697235,0.7004999999935535,nan,nan,36.47982388413021,0.9760311777692201,0.9959347399262614,0.9980857203805078,0.9902719656264329,Pillow wall time including file I/O
chat_preview,ui_text,chat_ui,1200,800,512,341,JPEG,"seq444,q=73",10724,0.49138563049853373,0.9283339999797136,0.3900410000028387,nan,nan,37.65820470689759,0.9797522437620936,0.9973425594609449,0.9981191818654327,0.9935958327631017,Pillow wall time including file I/O
chat_preview,ui_text,chat_ui,1200,800,512,341,JPEG,"prog444,q=73",10371,0.4752107771260997,1.4682499999594256,0.9310830000117676,nan,nan,37.65820470689759,0.9797522437620936,0.9973425594609449,0.9981191818654327,0.9935958327631017,Pillow wall time including file I/O
chat_preview,ui_text,chat_ui,1200,800,512,341,JPEG,"seq420,q=74",9273,0.4248991935483871,0.6677089999698183,0.3757919999998194,nan,nan,36.89738659991682,0.9773024716503261,0.9966423422952486,0.9987447396400172,0.9914197353763051,Pillow wall time including file I/O
chat_preview,ui_text,chat_ui,1200,800,512,341,JPEG,"prog420,q=74",9134,0.4185300586510264,1.1152499999980137,0.7036250000282962,nan,nan,36.89738659991682,0.9773024716503261,0.9966423422952486,0.9987447396400172,0.9914197353763051,Pillow wall time including file I/O
chat_preview,ui_text,chat_ui,1200,800,512,341,JPEG,"seq444,q=74",10969,0.5026118035190615,0.9804169999938495,0.40820800001029056,nan,nan,38.17133580645614,0.9809768029197153,0.9979766393043666,0.998788818710667,0.9945621875978643,Pillow wall time including file I/O
chat_preview,ui_text,chat_ui,1200,800,512,341,JPEG,"prog444,q=74",11155,0.5111345307917888,1.5195830000038768,0.9831250000047476,nan,nan,38.17133580645614,0.9809768029197153,0.9979766393043666,0.998788818710667,0.9945621875978643,Pillow wall time including file I/O
chat_preview,ui_text,chat_ui,1200,800,512,341,JPEG,"seq420,q=75",9350,0.4284274193548387,0.7042080000019268,0.38116700000045967,nan,nan,36.962928175124745,0.9775175955902826,0.9966746073870064,0.9987580270993592,0.9915362566298431,Pillow wall time including file I/O
chat_preview,ui_text,chat_ui,1200,800,512,341,JPEG,"prog420,q=75",9192,0.4211876832844575,1.0717079999835732,0.7248330000493297,nan,nan,36.962928175124745,0.9775175955902826,0.9966746073870064,0.9987580270993592,0.9915362566298431,Pillow wall time including file I/O
chat_preview,ui_text,chat_ui,1200,800,512,341,JPEG,"seq444,q=75",11077,0.5075604838709677,0.9588330000269707,0.4420829999958187,nan,nan,38.26266931222219,0.9811606257148981,0.9979953699761587,0.9988040562880455,0.9946730435903806,Pillow wall time including file I/O
chat_preview,ui_text,chat_ui,1200,800,512,341,JPEG,"prog444,q=75",11232,0.5146627565982405,1.572666000015488,0.9355830000004062,nan,nan,38.26266931222219,0.9811606257148981,0.9979953699761587,0.9988040562880455,0.9946730435903806,Pillow wall time including file I/O
chat_preview,ui_text,chat_ui,1200,800,512,341,JPEG,"seq420,q=76",9581,0.43901209677419356,0.6744579999917732,0.38158299997803624,nan,nan,37.121536866832855,0.9781060589910281,0.9968401312734603,0.9987809723261554,0.9918789109336097,Pillow wall time including file I/O
chat_preview,ui_text,chat_ui,1200,800,512,341,JPEG,"prog420,q=76",9390,0.43026026392961875,1.1003340000002026,0.7408750000195141,nan,nan,37.121536866832855,0.9781060589910281,0.9968401312734603,0.9987809723261554,0.9918789109336097,Pillow wall time including file I/O
chat_preview,ui_text,chat_ui,1200,800,512,341,JPEG,"seq444,q=76",11319,0.5186491935483871,0.9356250000109867,0.4214169999841033,nan,nan,38.492202763749866,0.9817246430279348,0.9983022352116668,0.9988295060782418,0.995163768327827,Pillow wall time including file I/O
chat_preview,ui_text,chat_ui,1200,800,512,341,JPEG,"prog444,q=76",11454,0.5248350439882697,1.5275829999836787,0.9165839999809577,nan,nan,38.492202763749866,0.9817246430279348,0.9983022352116668,0.9988295060782418,0.995163768327827,Pillow wall time including file I/O
chat_preview,ui_text,chat_ui,1200,800,512,341,JPEG,"seq420,q=77",9917,0.45440799120234604,0.669249999987187,0.36870899998575624,nan,nan,37.29259815466375,0.9787853717980814,0.9969753991107929,0.9988580549523183,0.9922369450434004,Pillow wall time including file I/O
chat_preview,ui_text,chat_ui,1200,800,512,341,JPEG,"prog420,q=77",9426,0.4319098240469208,1.1192079999773341,0.7021669999858204,nan,nan,37.29259815466375,0.9787853717980814,0.9969753991107929,0.9988580549523183,0.9922369450434004,Pillow wall time including file I/O
chat_preview,ui_text,chat_ui,1200,800,512,341,JPEG,"seq444,q=77",11671,0.5347782258064516,1.0052499999915199,0.5227500000160035,nan,nan,38.68071659964191,0.9823262540048726,0.9983774991961072,0.9988941428019398,0.9953809056328509,Pillow wall time including file I/O
chat_preview,ui_text,chat_ui,1200,800,512,341,JPEG,"prog444,q=77",11222,0.5142045454545454,1.530583000032948,1.0334169999737242,nan,nan,38.68071659964191,0.9823262540048726,0.9983774991961072,0.9988941428019398,0.9953809056328509,Pillow wall time including file I/O
chat_preview,ui_text,chat_ui,1200,800,512,341,JPEG,"seq420,q=78",10156,0.46535923753665687,0.6771660000026714,0.5093329999681373,nan,nan,37.44425121901458,0.9793199012463042,0.9970690523207275,0.9989220741552959,0.9925281602082051,Pillow wall time including file I/O
chat_preview,ui_text,chat_ui,1200,800,512,341,JPEG,"prog420,q=78",9630,0.44125733137829914,1.1274579999849266,0.7254580000335409,nan,nan,37.44425121901458,0.9793199012463042,0.9970690523207275,0.9989220741552959,0.9925281602082051,Pillow wall time including file I/O
chat_preview,ui_text,chat_ui,1200,800,512,341,JPEG,"seq444,q=78",11956,0.5478372434017595,0.9479170000190607,0.545584000008148,nan,nan,38.840946681579574,0.9827368243710352,0.9983345378714242,0.9989298107919343,0.9955222589049214,Pillow wall time including file I/O
chat_preview,ui_text,chat_ui,1200,800,512,341,JPEG,"prog444,q=78",11430,0.5237353372434017,1.5510000000062973,1.0841249999771208,nan,nan,38.840946681579574,0.9827368243710352,0.9983345378714242,0.9989298107919343,0.9955222589049214,Pillow wall time including file I/O
chat_preview,ui_text,chat_ui,1200,800,512,341,JPEG,"seq420,q=79",10365,0.4749358504398827,0.6982080000170754,0.35974999997279156,nan,nan,37.620321409364266,0.979823272903071,0.9971652006128916,0.9989688342859002,0.9928583736178713,Pillow wall time including file I/O
chat_preview,ui_text,chat_ui,1200,800,512,341,JPEG,"prog420,q=79",9836,0.4506964809384164,1.1112089999869568,0.7198330000051101,nan,nan,37.620321409364266,0.979823272903071,0.9971652006128916,0.9989688342859002,0.9928583736178713,Pillow wall time including file I/O
chat_preview,ui_text,chat_ui,1200,800,512,341,JPEG,"seq444,q=79",12193,0.5586968475073314,0.9486249999781649,0.5664159999696494,nan,nan,39.01268096914397,0.9832129989775232,0.9983829566269846,0.9989733281479365,0.9957090095280574,Pillow wall time including file I/O
chat_preview,ui_text,chat_ui,1200,800,512,341,JPEG,"prog444,q=79",11651,0.5338618035190615,1.5342909999844778,1.0466669999686928,nan,nan,39.01268096914397,0.9832129989775232,0.9983829566269846,0.9989733281479365,0.9957090095280574,Pillow wall time including file I/O
chat_preview,ui_text,chat_ui,1200,800,512,341,JPEG,"seq420,q=80",10667,0.48877382697947214,0.7220420000066952,0.5047079999940252,nan,nan,37.79595328585427,0.9802155627627841,0.9972603218583451,0.9990180291559222,0.9932057345318981,Pillow wall time including file I/O
chat_preview,ui_text,chat_ui,1200,800,512,341,JPEG,"prog420,q=80",10376,0.47543988269794724,1.146124999991116,0.8704580000085116,nan,nan,37.79595328585427,0.9802155627627841,0.9972603218583451,0.9990180291559222,0.9932057345318981,Pillow wall time including file I/O
chat_preview,ui_text,chat_ui,1200,800,512,341,JPEG,"seq444,q=80",12545,0.5748258797653959,1.0210419999907572,0.560291999988749,nan,nan,39.240766164748784,0.9838223451572877,0.9984743228962016,0.998968345034341,0.9959448203275258,Pillow wall time including file I/O
chat_preview,ui_text,chat_ui,1200,800,512,341,JPEG,"prog444,q=80",12515,0.5734512463343109,1.5252080000323076,0.9401660000207812,nan,nan,39.240766164748784,0.9838223451572877,0.9984743228962016,0.998968345034341,0.9959448203275258,Pillow wall time including file I/O
chat_preview,ui_text,chat_ui,1200,800,512,341,JPEG,"seq420,q=81",11022,0.5050403225806451,0.6936670000072809,0.380582999980561,nan,nan,37.97752969543539,0.9807651078124948,0.9973511144731674,0.9990532494738058,0.9935008031820248,Pillow wall time including file I/O
chat_preview,ui_text,chat_ui,1200,800,512,341,JPEG,"prog420,q=81",10523,0.48217558651026393,1.1556669999777114,0.742292000040834,nan,nan,37.97752969543539,0.9807651078124948,0.9973511144731674,0.9990532494738058,0.9935008031820248,Pillow wall time including file I/O
chat_preview,ui_text,chat_ui,1200,800,512,341,JPEG,"seq444,q=81",12932,0.5925586510263929,0.9979170000065096,0.5320420000316517,nan,nan,39.51578743583739,0.9846166051590949,0.9986833193151128,0.9991128088520143,0.9962607723901977,Pillow wall time including file I/O
chat_preview,ui_text,chat_ui,1200,800,512,341,JPEG,"prog444,q=81",12531,0.5741843841642229,1.556042000004254,1.0939590000020871,nan,nan,39.51578743583739,0.9846166051590949,0.9986833193151128,0.9991128088520143,0.9962607723901977,Pillow wall time including file I/O
chat_preview,ui_text,chat_ui,1200,800,512,341,JPEG,"seq420,q=82",11324,0.5188782991202346,0.6808750000004693,0.3743339999573436,nan,nan,38.179283079604986,0.9814083505618791,0.9974637784994806,0.9990804123442435,0.9938105790668708,Pillow wall time including file I/O
chat_preview,ui_text,chat_ui,1200,800,512,341,JPEG,"prog420,q=82",10794,0.4945931085043988,1.1460829999805355,0.876082999980099,nan,nan,38.179283079604986,0.9814083505618791,0.9974637784994806,0.9990804123442435,0.9938105790668708,Pillow wall time including file I/O
chat_preview,ui_text,chat_ui,1200,800,512,341,JPEG,"seq444,q=82",13313,0.610016495601173,0.9926249999807624,0.5602499999781685,nan,nan,39.76981163075727,0.9852667095163646,0.9987170147997083,0.9991418468909596,0.9964715081939398,Pillow wall time including file I/O
chat_preview,ui_text,chat_ui,1200,800,512,341,JPEG,"prog444,q=82",12865,0.5894886363636364,1.5403749999904903,0.9360829999991438,nan,nan,39.76981163075727,0.9852667095163646,0.9987170147997083,0.9991418468909596,0.9964715081939398,Pillow wall time including file I/O
chat_preview,ui_text,chat_ui,1200,800,512,341,JPEG,"seq420,q=83",11795,0.5404600439882697,0.6955409999704898,0.5090000000222972,nan,nan,38.41489293898728,0.9822402356821965,0.9976107156183067,0.9991972001091598,0.9941598589884604,Pillow wall time including file I/O
chat_preview,ui_text,chat_ui,1200,800,512,341,JPEG,"prog420,q=83",11225,0.5143420087976539,1.1675420000187842,0.8816249999767933,nan,nan,38.41489293898728,0.9822402356821965,0.9976107156183067,0.9991972001091598,0.9941598589884604,Pillow wall time including file I/O
chat_preview,ui_text,chat_ui,1200,800,512,341,JPEG,"seq444,q=83",13806,0.6326063049853372,0.9758340000303178,0.41966700001694335,nan,nan,40.06425226890112,0.9860491824338568,0.9988272443685458,0.9992281922517866,0.9967351763779584,Pillow wall time including file I/O
chat_preview,ui_text,chat_ui,1200,800,512,341,JPEG,"prog444,q=83",13281,0.608550219941349,1.558125000030941,1.0810410000203774,nan,nan,40.06425226890112,0.9860491824338568,0.9988272443685458,0.9992281922517866,0.9967351763779584,Pillow wall time including file I/O
chat_preview,ui_text,chat_ui,1200,800,512,341,JPEG,"seq420,q=84",12177,0.5579637096774194,0.6902910000121665,0.5078330000287679,nan,nan,38.62501661711934,0.983104893134077,0.9977144227716607,0.9992449029219987,0.9944426471285056,Pillow wall time including file I/O
chat_preview,ui_text,chat_ui,1200,800,512,341,JPEG,"prog420,q=84",11460,0.5251099706744868,1.1374580000165224,0.7345420000319791,nan,nan,38.62501661711934,0.983104893134077,0.9977144227716607,0.9992449029219987,0.9944426471285056,Pillow wall time including file I/O
chat_preview,ui_text,chat_ui,1200,800,512,341,JPEG,"seq444,q=84",14244,0.6526759530791789,0.9561670000266531,0.4057919999809201,nan,nan,40.381766071825794,0.9868950047086237,0.9988992075501361,0.9992811839557744,0.996970985768077,Pillow wall time including file I/O
chat_preview,ui_text,chat_ui,1200,800,512,341,JPEG,"prog444,q=84",13438,0.6157441348973607,1.561708999986422,0.9417919999918922,nan,nan,40.381766071825794,0.9868950047086237,0.9988992075501361,0.9992811839557744,0.996970985768077,Pillow wall time including file I/O
chat_preview,ui_text,chat_ui,1200,800,512,341,JPEG,"seq420,q=85",12502,0.5728555718475073,0.690250000047854,0.5485000000362561,nan,nan,38.86991593605413,0.9839104425721152,0.9978126261604453,0.9993092183825526,0.9947545860695114,Pillow wall time including file I/O
chat_preview,ui_text,chat_ui,1200,800,512,341,JPEG,"prog420,q=85",11723,0.5371609237536656,1.1282080000114547,0.8517919999917467,nan,nan,38.86991593605413,0.9839104425721152,0.9978126261604453,0.9993092183825526,0.9947545860695114,Pillow wall time including file I/O
chat_preview,ui_text,chat_ui,1200,800,512,341,JPEG,"seq444,q=85",14620,0.6699046920821115,0.9460420000095837,0.42712499998742715,nan,nan,40.737760645315724,0.9879186957207241,0.9989850600906184,0.9993408095666144,0.9972134335567044,Pillow wall time including file I/O
chat_preview,ui_text,chat_ui,1200,800,512,341,JPEG,"prog444,q=85",13755,0.6302694281524927,1.5829999999823485,1.0868749999985994,nan,nan,40.737760645315724,0.9879186957207241,0.9989850600906184,0.9993408095666144,0.9972134335567044,Pillow wall time including file I/O
chat_preview,ui_text,chat_ui,1200,800,512,341,JPEG,"seq420,q=86",13015,0.5963618035190615,0.7134999999607317,0.5213329999946836,nan,nan,39.09884979609792,0.9848066424574561,0.9979147785360539,0.9993800222344069,0.9950111845270908,Pillow wall time including file I/O
chat_preview,ui_text,chat_ui,1200,800,512,341,JPEG,"prog420,q=86",12195,0.5587884897360704,1.1713330000020505,0.8693750000361433,nan,nan,39.09884979609792,0.9848066424574561,0.9979147785360539,0.9993800222344069,0.9950111845270908,Pillow wall time including file I/O
chat_preview,ui_text,chat_ui,1200,800,512,341,JPEG,"seq444,q=86",15154,0.6943731671554252,0.9788749999870561,0.5720409999980802,nan,nan,41.10102173600897,0.9888770883213942,0.9990606021466863,0.9993989313250669,0.9974522425656246,Pillow wall time including file I/O
chat_preview,ui_text,chat_ui,1200,800,512,341,JPEG,"prog444,q=86",14245,0.6527217741935484,1.620333000005303,1.0780829999816888,nan,nan,41.10102173600897,0.9888770883213942,0.9990606021466863,0.9993989313250669,0.9974522425656246,Pillow wall time including file I/O
chat_preview,ui_text,chat_ui,1200,800,512,341,JPEG,"seq420,q=87",13432,0.6154692082111437,0.6964169999719161,0.4995840000106,nan,nan,39.38463644507111,0.9856432619311682,0.9981396620493793,0.9994290784658545,0.9953969214554907,Pillow wall time including file I/O
chat_preview,ui_text,chat_ui,1200,800,512,341,JPEG,"prog420,q=87",12563,0.575650659824047,1.220832999990762,0.8772909999947842,nan,nan,39.38463644507111,0.9856432619311682,0.9981396620493793,0.9994290784658545,0.9953969214554907,Pillow wall time including file I/O
chat_preview,ui_text,chat_ui,1200,800,512,341,JPEG,"seq444,q=87",15640,0.716642228739003,1.0587909999912881,0.5509579999625203,nan,nan,41.48819233935396,0.9896846170519122,0.9991320968092817,0.9994524129484298,0.9976759767004166,Pillow wall time including file I/O
chat_preview,ui_text,chat_ui,1200,800,512,341,JPEG,"prog444,q=87",14676,0.6724706744868035,1.597708000019793,1.116332999970382,nan,nan,41.48819233935396,0.9896846170519122,0.9991320968092817,0.9994524129484298,0.9976759767004166,Pillow wall time including file I/O
chat_preview,ui_text,chat_ui,1200,800,512,341,JPEG,"seq420,q=88",14005,0.641724706744868,0.7017500000188193,0.37950000000819273,nan,nan,39.65732485997313,0.9864625146255458,0.9982358525092848,0.9994750232878769,0.9956817232249937,Pillow wall time including file I/O
chat_preview,ui_text,chat_ui,1200,800,512,341,JPEG,"prog420,q=88",13082,0.5994318181818182,1.24595799996996,0.8880000000317523,nan,nan,39.65732485997313,0.9864625146255458,0.9982358525092848,0.9994750232878769,0.9956817232249937,Pillow wall time including file I/O
chat_preview,ui_text,chat_ui,1200,800,512,341,JPEG,"seq444,q=88",16323,0.7479380498533724,0.9959170000115591,0.5467080000016722,nan,nan,41.96652726380779,0.9905743301159159,0.9991947089801565,0.9994979377012497,0.9979135548587676,Pillow wall time including file I/O
chat_preview,ui_text,chat_ui,1200,800,512,341,JPEG,"prog444,q=88",15291,0.700650659824047,1.5943330000141032,1.097542000024987,nan,nan,41.96652726380779,0.9905743301159159,0.9991947089801565,0.9994979377012497,0.9979135548587676,Pillow wall time including file I/O
chat_preview,ui_text,chat_ui,1200,800,512,341,JPEG,"seq420,q=89",14508,0.6647727272727273,3.3202079999909984,0.42379199999231787,nan,nan,39.91470655468146,0.9871938784485099,0.9983161807691922,0.999520244548975,0.9959238790876963,Pillow wall time including file I/O
chat_preview,ui_text,chat_ui,1200,800,512,341,JPEG,"prog420,q=89",13472,0.6173020527859238,1.2215840000067146,0.9332920000133527,nan,nan,39.91470655468146,0.9871938784485099,0.9983161807691922,0.999520244548975,0.9959238790876963,Pillow wall time including file I/O
chat_preview,ui_text,chat_ui,1200,800,512,341,JPEG,"seq444,q=89",16887,0.7737811583577713,1.0236250000161817,0.6114580000371461,nan,nan,42.45724801136814,0.9914087376554086,0.9992654834262367,0.9995467393380049,0.9981405007037062,Pillow wall time including file I/O
chat_preview,ui_text,chat_ui,1200,800,512,341,JPEG,"prog444,q=89",15731,0.7208119501466276,1.64804199999935,1.0294579999481357,nan,nan,42.45724801136814,0.9914087376554086,0.9992654834262367,0.9995467393380049,0.9981405007037062,Pillow wall time including file I/O
chat_preview,ui_text,chat_ui,1200,800,512,341,JPEG,"seq420,q=90",15238,0.6982221407624634,0.7519580000234782,0.5295000000273831,nan,nan,40.22201606455426,0.9880161254864501,0.9984360522115541,0.9995885420333152,0.9962213722283367,Pillow wall time including file I/O
chat_preview,ui_text,chat_ui,1200,800,512,341,JPEG,"prog420,q=90",14291,0.6548295454545454,1.2476249999622269,0.9495420000007471,nan,nan,40.22201606455426,0.9880161254864501,0.9984360522115541,0.9995885420333152,0.9962213722283367,Pillow wall time including file I/O
chat_preview,ui_text,chat_ui,1200,800,512,341,JPEG,"seq444,q=90",17763,0.8139204545454546,1.0003329999790367,0.4256250000480577,nan,nan,43.01853681143483,0.992375397528486,0.9993614714463107,0.9996184354460785,0.9983818170779423,Pillow wall time including file I/O
chat_preview,ui_text,chat_ui,1200,800,512,341,JPEG,"prog444,q=90",16779,0.7688324780058651,1.696500000036849,1.0084580000011556,nan,nan,43.01853681143483,0.992375397528486,0.9993614714463107,0.9996184354460785,0.9983818170779423,Pillow wall time including file I/O
chat_preview,ui_text,chat_ui,1200,800,512,341,JPEG,"seq420,q=91",15920,0.7294721407624634,0.7227500000226428,0.391333000038685,nan,nan,40.53705344660078,0.988813598377381,0.9985297731488195,0.9996283048949851,0.9965129823928254,Pillow wall time including file I/O
chat_preview,ui_text,chat_ui,1200,800,512,341,JPEG,"prog420,q=91",14892,0.6823680351906158,1.282000000003336,0.9317090000422468,nan,nan,40.53705344660078,0.988813598377381,0.9985297731488195,0.9996283048949851,0.9965129823928254,Pillow wall time including file I/O
chat_preview,ui_text,chat_ui,1200,800,512,341,JPEG,"seq444,q=91",18544,0.8497067448680352,1.0069170000406302,0.4290420000074846,nan,nan,43.58866878154834,0.9932335498302983,0.9994164475860722,0.999658713186601,0.9985793102069251,Pillow wall time including file I/O
chat_preview,ui_text,chat_ui,1200,800,512,341,JPEG,"prog444,q=91",17475,0.8007239736070382,1.762499999983902,1.1652080000317255,nan,nan,43.58866878154834,0.9932335498302983,0.9994164475860722,0.999658713186601,0.9985793102069251,Pillow wall time including file I/O
chat_preview,ui_text,chat_ui,1200,800,512,341,JPEG,"seq420,q=92",16616,0.7613636363636364,0.7720830000153001,0.5466249999699357,nan,nan,40.84833158447993,0.9896309216352134,0.9986322501117696,0.9996777800043578,0.996745505748997,Pillow wall time including file I/O
chat_preview,ui_text,chat_ui,1200,800,512,341,JPEG,"prog420,q=92",15512,0.7107771260997068,1.2839999999982865,0.9400410000353077,nan,nan,40.84833158447993,0.9896309216352134,0.9986322501117696,0.9996777800043578,0.996745505748997,Pillow wall time including file I/O
chat_preview,ui_text,chat_ui,1200,800,512,341,JPEG,"seq444,q=92",19349,0.8865927419354839,3.806250000025102,0.4540410000117845,nan,nan,44.281422562205336,0.9941274004351062,0.9994806585900601,0.9997067666266659,0.9987918614075011,Pillow wall time including file I/O
chat_preview,ui_text,chat_ui,1200,800,512,341,JPEG,"prog444,q=92",18213,0.8345399560117303,1.6971669999747974,1.1918330000071364,nan,nan,44.281422562205336,0.9941274004351062,0.9994806585900601,0.9997067666266659,0.9987918614075011,Pillow wall time including file I/O
chat_preview,ui_text,chat_ui,1200,800,512,341,JPEG,"seq420,q=93",17701,0.8110795454545454,0.7665420000080303,0.537083999972765,nan,nan,41.2048355348543,0.9906171648716974,0.9987852368808833,0.9997500356198368,0.9970144169013598,Pillow wall time including file I/O
chat_preview,ui_text,chat_ui,1200,800,512,341,JPEG,"prog420,q=93",16393,0.7511455278592375,1.3058750000141117,0.9215000000040163,nan,nan,41.2048355348543,0.9906171648716974,0.9987852368808833,0.9997500356198368,0.9970144169013598,Pillow wall time including file I/O
chat_preview,ui_text,chat_ui,1200,800,512,341,JPEG,"seq444,q=93",20608,0.9442815249266863,1.0445419999882688,0.5930829999556408,nan,nan,45.06571156071783,0.9950937466657485,0.9995684742002972,0.9997707967936509,0.9990024893147191,Pillow wall time including file I/O
chat_preview,ui_text,chat_ui,1200,800,512,341,JPEG,"prog444,q=93",19120,0.876099706744868,4.4918329999745765,1.0535420000223894,nan,nan,45.06571156071783,0.9950937466657485,0.9995684742002972,0.9997707967936509,0.9990024893147191,Pillow wall time including file I/O
chat_preview,ui_text,chat_ui,1200,800,512,341,JPEG,"seq420,q=94",18965,0.8689974340175953,0.7445419999498881,0.5422080000130336,nan,nan,41.53429921880762,0.9915079658150917,0.998881605187418,0.999795722742816,0.9972354044245256,Pillow wall time including file I/O
chat_preview,ui_text,chat_ui,1200,800,512,341,JPEG,"prog420,q=94",17489,0.8013654692082112,1.3406660000327975,0.851415999989058,nan,nan,41.53429921880762,0.9915079658150917,0.998881605187418,0.999795722742816,0.9972354044245256,Pillow wall time including file I/O
chat_preview,ui_text,chat_ui,1200,800,512,341,JPEG,"seq444,q=94",22151,1.014983504398827,1.0909160000096563,0.6472500000427317,nan,nan,45.99947565864773,0.9960331777034036,0.9996359250876502,0.999817084553279,0.999196526060197,Pillow wall time including file I/O
chat_preview,ui_text,chat_ui,1200,800,512,341,JPEG,"prog444,q=94",20494,0.9390579178885631,1.8358329999728085,1.2220419999948717,nan,nan,45.99947565864773,0.9960331777034036,0.9996359250876502,0.999817084553279,0.999196526060197,Pillow wall time including file I/O
chat_preview,ui_text,chat_ui,1200,800,512,341,JPEG,"seq420,q=95",20432,0.9362170087976539,0.8043750000297223,0.5727919999571895,nan,nan,41.85178665238908,0.9923138081587535,0.9989723524810806,0.9998378460473174,0.9974252377868859,Pillow wall time including file I/O
chat_preview,ui_text,chat_ui,1200,800,512,341,JPEG,"prog420,q=95",18835,0.8630406891495601,1.497459000006529,0.9710410000138836,nan,nan,41.85178665238908,0.9923138081587535,0.9989723524810806,0.9998378460473174,0.9974252377868859,Pillow wall time including file I/O
chat_preview,ui_text,chat_ui,1200,800,512,341,JPEG,"seq444,q=95",23939,1.0969116568914956,1.114749999999276,0.6075840000221433,nan,nan,47.03523533749818,0.9969131989556735,0.9996863177308635,0.9998555988172544,0.9993672284205732,Pillow wall time including file I/O
chat_preview,ui_text,chat_ui,1200,800,512,341,JPEG,"prog444,q=95",22106,1.0129215542521994,1.9592500000271684,1.2727079999876878,nan,nan,47.03523533749818,0.9969131989556735,0.9996863177308635,0.9998555988172544,0.9993672284205732,Pillow wall time including file I/O
chat_preview,ui_text,chat_ui,1200,800,512,341,JPEG,"seq420,q=96",22221,1.0181909824046922,0.8288329999572852,0.5784170000424638,nan,nan,42.18112774916791,0.9932070956532271,0.99907190422905,0.9998815251425424,0.997623586778398,Pillow wall time including file I/O
chat_preview,ui_text,chat_ui,1200,800,512,341,JPEG,"prog420,q=96",20677,0.9474431818181818,1.561999999978525,1.0043749999795182,nan,nan,42.18112774916791,0.9932070956532271,0.99907190422905,0.9998815251425424,0.997623586778398,Pillow wall time including file I/O
chat_preview,ui_text,chat_ui,1200,800,512,341,JPEG,"seq444,q=96",26163,1.1988178152492668,1.1019160000387274,0.6024169999818696,nan,nan,48.2837250845852,0.9978895167961269,0.9997780657903355,0.9999044425163239,0.9995364176326276,Pillow wall time including file I/O
chat_preview,ui_text,chat_ui,1200,800,512,341,JPEG,"prog444,q=96",24319,1.114323680351906,1.8903330000057394,1.1092089999920063,nan,nan,48.2837250845852,0.9978895167961269,0.9997780657903355,0.9999044425163239,0.9995364176326276,Pillow wall time including file I/O
chat_preview,ui_text,chat_ui,1200,800,512,341,JPEG,"seq420,q=97",24194,1.1085960410557185,0.8339580000438218,0.5712919999609767,nan,nan,42.438816965333814,0.9938663173733411,0.9991577056391986,0.9999234367217071,0.9977624353802941,Pillow wall time including file I/O
chat_preview,ui_text,chat_ui,1200,800,512,341,JPEG,"prog420,q=97",22523,1.0320289589442815,1.5124999999898137,1.0306249999985084,nan,nan,42.438816965333814,0.9938663173733411,0.9991577056391986,0.9999234367217071,0.9977624353802941,Pillow wall time including file I/O
chat_preview,ui_text,chat_ui,1200,800,512,341,JPEG,"seq444,q=97",28588,1.3099340175953078,1.1246669999991354,0.617333000036524,nan,nan,49.54801947714306,0.9985912323349725,0.9998113703208587,0.9999388402363458,0.9996593454545636,Pillow wall time including file I/O
chat_preview,ui_text,chat_ui,1200,800,512,341,JPEG,"prog444,q=97",26527,1.2154967008797655,2.0065410000142947,1.2419170000157465,nan,nan,49.54801947714306,0.9985912323349725,0.9998113703208587,0.9999388402363458,0.9996593454545636,Pillow wall time including file I/O
chat_preview,ui_text,chat_ui,1200,800,512,341,JPEG,"seq420,q=98",26301,1.205141129032258,3.481542000031368,0.5118330000186688,nan,nan,42.6139648144807,0.9943841341926078,0.9992180660586376,0.9999476355496639,0.9978541718043078,Pillow wall time including file I/O
chat_preview,ui_text,chat_ui,1200,800,512,341,JPEG,"prog420,q=98",24616,1.127932551319648,1.593582999987575,1.0525829999892267,nan,nan,42.6139648144807,0.9943841341926078,0.9992180660586376,0.9999476355496639,0.9978541718043078,Pillow wall time including file I/O
chat_preview,ui_text,chat_ui,1200,800,512,341,JPEG,"seq444,q=98",31460,1.4415322580645162,1.1433750000264808,0.6643749999852844,nan,nan,50.915151836327475,0.999218993093416,0.9998646042982529,0.9999618331285471,0.9997549027591233,Pillow wall time including file I/O
chat_preview,ui_text,chat_ui,1200,800,512,341,JPEG,"prog444,q=98",29215,1.3386638563049853,2.0168749999811553,1.142250000043532,nan,nan,50.915151836327475,0.999218993093416,0.9998646042982529,0.9999618331285471,0.9997549027591233,Pillow wall time including file I/O
chat_preview,ui_text,chat_ui,1200,800,512,341,JPEG,"seq420,q=99",29679,1.359924853372434,3.5391669999853548,0.48008400000298934,nan,nan,42.75550053919702,0.9948065600138971,0.9992660975826513,0.9999667403536603,0.9979250328842579,Pillow wall time including file I/O
chat_preview,ui_text,chat_ui,1200,800,512,341,JPEG,"prog420,q=99",28107,1.2878940615835777,1.6660420000107479,1.0739169999851583,nan,nan,42.75550053919702,0.9948065600138971,0.9992660975826513,0.9999667403536603,0.9979250328842579,Pillow wall time including file I/O
chat_preview,ui_text,chat_ui,1200,800,512,341,JPEG,"seq444,q=99",36089,1.6536381964809383,1.1651670000105696,0.6609170000047015,nan,nan,52.09302021251648,0.9996345908577017,0.9998913785930273,0.9999795922406264,0.9998179637077832,Pillow wall time including file I/O
chat_preview,ui_text,chat_ui,1200,800,512,341,JPEG,"prog444,q=99",33706,1.5444464809384164,2.1674169999528203,1.1733750000075815,nan,nan,52.09302021251648,0.9996345908577017,0.9998913785930273,0.9999795922406264,0.9998179637077832,Pillow wall time including file I/O
chat_preview,ui_text,chat_ui,1200,800,512,341,JPEG,"seq420,q=100",31777,1.456057551319648,0.8289159999890217,0.6044170000336635,nan,nan,42.796503308035795,0.9949379950716734,0.9992862537730524,0.9999734307558215,0.9979491330240093,Pillow wall time including file I/O
chat_preview,ui_text,chat_ui,1200,800,512,341,JPEG,"prog420,q=100",30056,1.377199413489736,4.305624999972224,1.0072499999864704,nan,nan,42.796503308035795,0.9949379950716734,0.9992862537730524,0.9999734307558215,0.9979491330240093,Pillow wall time including file I/O
chat_preview,ui_text,chat_ui,1200,800,512,341,JPEG,"seq444,q=100",39585,1.8138288123167154,1.1622090000287244,0.6801249999739412,nan,nan,52.55116639385872,0.999780452093315,0.9999031016321692,0.999987907336519,0.9998407117516817,Pillow wall time including file I/O
chat_preview,ui_text,chat_ui,1200,800,512,341,JPEG,"prog444,q=100",36896,1.6906158357771262,2.197374999980184,1.3384590000100616,nan,nan,52.55116639385872,0.999780452093315,0.9999031016321692,0.999987907336519,0.9998407117516817,Pillow wall time including file I/O
chat_preview,ui_text,chat_ui,1200,800,512,341,WebP,"m6,q=1",1158,0.0530608504398827,5.831791999980851,0.8056249999981446,nan,nan,30.833213428096442,0.9298444050671387,0.9639557804779413,0.9754577742308735,0.9425322859313764,Pillow wall time including file I/O
chat_preview,ui_text,chat_ui,1200,800,512,341,WebP,"m6,q=2",1220,0.05590175953079179,5.74491599996918,0.6402500000035616,nan,nan,31.222308187243527,0.9334807709783223,0.9586941602028342,0.9817323891666532,0.9471688865483354,Pillow wall time including file I/O
chat_preview,ui_text,chat_ui,1200,800,512,341,WebP,"m6,q=3",1294,0.0592925219941349,6.011583000031351,0.7082500000024083,nan,nan,31.431108373097647,0.9383693523873552,0.9631922799295531,0.9831914253949826,0.9511787488691148,Pillow wall time including file I/O
chat_preview,ui_text,chat_ui,1200,800,512,341,WebP,"m6,q=4",1346,0.061675219941348974,5.947166999987985,0.8006250000107684,nan,nan,31.707039105780016,0.9412770623072277,0.9657651336289766,0.9855253929888657,0.9543827857038228,Pillow wall time including file I/O
chat_preview,ui_text,chat_ui,1200,800,512,341,WebP,"m6,q=5",1382,0.06332478005865103,6.1752080000019305,0.8017080000399801,nan,nan,31.86726405662722,0.9437014377634494,0.968180259876324,0.9865268318782774,0.957101780102216,Pillow wall time including file I/O
chat_preview,ui_text,chat_ui,1200,800,512,341,WebP,"m6,q=6",1394,0.06387463343108504,6.2172080000095775,0.6415830000037204,nan,nan,32.0236349745444,0.9437502957927689,0.9677739856717954,0.985509470780477,0.9585789099169877,Pillow wall time including file I/O
chat_preview,ui_text,chat_ui,1200,800,512,341,WebP,"m6,q=7",1464,0.06708211143695014,6.090291999953479,0.7596670000111772,nan,nan,32.29437872772844,0.9469844969518811,0.9685028096487631,0.9869633925250539,0.961342625022172,Pillow wall time including file I/O
chat_preview,ui_text,chat_ui,1200,800,512,341,WebP,"m6,q=8",1496,0.06854838709677419,6.086833999972896,0.6057920000444028,nan,nan,32.38177470212938,0.9490414955898595,0.9714070250306005,0.9874367430625663,0.9631165474842347,Pillow wall time including file I/O
chat_preview,ui_text,chat_ui,1200,800,512,341,WebP,"m6,q=9",1564,0.0716642228739003,6.160749999992277,0.7409999999481443,nan,nan,32.52508764900404,0.9485784238532106,0.9710105953434587,0.988177000420729,0.9653312477230228,Pillow wall time including file I/O
chat_preview,ui_text,chat_ui,1200,800,512,341,WebP,"m6,q=10",1592,0.07294721407624634,6.390917000032914,0.685708999981216,nan,nan,32.64606125648566,0.9504136652393907,0.9725952259594436,0.9882867061237538,0.966690483444529,Pillow wall time including file I/O
chat_preview,ui_text,chat_ui,1200,800,512,341,WebP,"m6,q=11",1602,0.07340542521994135,6.358832999978858,0.7684580000386632,nan,nan,32.671291407674936,0.9492106289709993,0.9710637227913964,0.9890930416049034,0.9668085527784542,Pillow wall time including file I/O
chat_preview,ui_text,chat_ui,1200,800,512,341,WebP,"m6,q=12",1736,0.07954545454545454,6.271541999979036,0.6097499999668798,nan,nan,32.787972231815175,0.9490188528694038,0.9704259477622226,0.9883414586754508,0.9676533908119963,Pillow wall time including file I/O
chat_preview,ui_text,chat_ui,1200,800,512,341,WebP,"m6,q=13",1704,0.0780791788856305,6.294416999992336,0.7542089999788004,nan,nan,33.12312584970079,0.9553867788813742,0.9801236135613083,0.988995267537986,0.9713572695829505,Pillow wall time including file I/O
chat_preview,ui_text,chat_ui,1200,800,512,341,WebP,"m6,q=14",1692,0.07752932551319648,9.066458000006605,0.8562909999909607,nan,nan,33.16531749857671,0.9559837944726244,0.9812571642204738,0.9897141694347674,0.9719797579676906,Pillow wall time including file I/O
chat_preview,ui_text,chat_ui,1200,800,512,341,WebP,"m6,q=15",1696,0.07771260997067449,6.551166999997804,0.7537910000223746,nan,nan,33.284525695900584,0.9595669811468532,0.9850017445415383,0.9909998196039923,0.9739040424594686,Pillow wall time including file I/O
chat_preview,ui_text,chat_ui,1200,800,512,341,WebP,"m6,q=16",1790,0.08201979472140762,6.449625000016113,0.7597919999966507,nan,nan,33.43332666534436,0.9596575977431446,0.9859651673899718,0.9913519275062265,0.9743353678940174,Pillow wall time including file I/O
chat_preview,ui_text,chat_ui,1200,800,512,341,WebP,"m6,q=17",1812,0.08302785923753665,6.665249999969092,0.7940410000060183,nan,nan,33.49016062888461,0.9605719650629907,0.9857820628370934,0.9912786051786951,0.9751797187908129,Pillow wall time including file I/O
chat_preview,ui_text,chat_ui,1200,800,512,341,WebP,"m6,q=18",1896,0.08687683284457479,6.443541999999525,0.7261670000389131,nan,nan,33.61456324708543,0.9610428122169968,0.9847250658701734,0.9919873709541261,0.975317426210845,Pillow wall time including file I/O
chat_preview,ui_text,chat_ui,1200,800,512,341,WebP,"m6,q=19",1962,0.08990102639296188,6.694750000008298,0.7701250000309301,nan,nan,33.7036272076069,0.9629664838219895,0.9877050937633234,0.9924933191137525,0.9768326280066479,Pillow wall time including file I/O
chat_preview,ui_text,chat_ui,1200,800,512,341,WebP,"m6,q=20",2020,0.09255865102639296,6.563166000034926,0.742375000015727,nan,nan,33.75030205200616,0.9625275700726315,0.9865238031886578,0.9920413071089923,0.976774994398213,Pillow wall time including file I/O
chat_preview,ui_text,chat_ui,1200,800,512,341,WebP,"m6,q=21",2036,0.09329178885630499,6.818124999995234,0.7795000000214714,nan,nan,33.869871168713516,0.9644146193757973,0.987515708229061,0.9928833037832842,0.9773334462035583,Pillow wall time including file I/O
chat_preview,ui_text,chat_ui,1200,800,512,341,WebP,"m6,q=22",2078,0.09521627565982405,5.983041999968464,0.7246250000321197,nan,nan,34.30038145244515,0.9652225259374121,0.9883738298025344,0.9936807342687615,0.9797227628161667,Pillow wall time including file I/O
chat_preview,ui_text,chat_ui,1200,800,512,341,WebP,"m6,q=23",2100,0.09622434017595308,5.892625000001317,0.7394170000338818,nan,nan,34.433852508817736,0.9668620852350465,0.9896300591681372,0.994159870703169,0.9807539241149896,Pillow wall time including file I/O
chat_preview,ui_text,chat_ui,1200,800,512,341,WebP,"m6,q=24",2168,0.09934017595307917,6.034207999960017,0.6964169999719161,nan,nan,34.484064737061104,0.9669101818155089,0.9894622299012271,0.9937486435828072,0.9808502905081872,Pillow wall time including file I/O
chat_preview,ui_text,chat_ui,1200,800,512,341,WebP,"m6,q=25",2278,0.10438049853372434,6.089999999971951,0.6820830000151545,nan,nan,34.6343628762712,0.9681643953021499,0.9899918674983176,0.9942488612316713,0.9815664350245413,Pillow wall time including file I/O
chat_preview,ui_text,chat_ui,1200,800,512,341,WebP,"m6,q=26",2314,0.1060300586510264,6.100624999987758,0.7182080000234237,nan,nan,34.775482977979976,0.9694550602455796,0.9908441693130992,0.9945736854616375,0.9823119395290456,Pillow wall time including file I/O
chat_preview,ui_text,chat_ui,1200,800,512,341,WebP,"m6,q=27",2448,0.11217008797653959,6.227291000016066,0.7400000000075124,nan,nan,34.85197556920323,0.9691096992906253,0.9906940771502771,0.9944866697538258,0.9828571456308955,Pillow wall time including file I/O
chat_preview,ui_text,chat_ui,1200,800,512,341,WebP,"m6,q=28",2496,0.11436950146627566,6.27583299996104,0.7328750000397122,nan,nan,35.03121068220936,0.9704590777337296,0.9918813928780269,0.9950371561506626,0.9838518887690523,Pillow wall time including file I/O
chat_preview,ui_text,chat_ui,1200,800,512,341,WebP,"m6,q=29",2596,0.11895161290322581,6.206790999954137,0.725708000004488,nan,nan,35.177380531124655,0.9720403768714379,0.9919180571837306,0.9953473904419721,0.984383996076824,Pillow wall time including file I/O
chat_preview,ui_text,chat_ui,1200,800,512,341,WebP,"m6,q=30",2600,0.11913489736070382,6.267666999974608,0.7230420000041704,nan,nan,35.31620189983573,0.9730135563519523,0.9931060581389158,0.9957926631391333,0.9850878989950649,Pillow wall time including file I/O
chat_preview,ui_text,chat_ui,1200,800,512,341,WebP,"m6,q=31",2698,0.12362536656891496,6.239250000021457,0.6463749999738866,nan,nan,35.43244280120477,0.9730935415259409,0.9927929367684997,0.9958810941610394,0.9853787139712634,Pillow wall time including file I/O
chat_preview,ui_text,chat_ui,1200,800,512,341,WebP,"m6,q=32",2846,0.13040689149560117,6.397542000001977,0.7592919999979131,nan,nan,35.51817719242795,0.972971081678402,0.9923202706742562,0.9958282907119961,0.9853936330911645,Pillow wall time including file I/O
chat_preview,ui_text,chat_ui,1200,800,512,341,WebP,"m6,q=33",2982,0.13663856304985336,6.309375000000728,0.7056670000338272,nan,nan,35.71566802622664,0.9738104313102763,0.9923412806514795,0.9960594218120296,0.9860237140447531,Pillow wall time including file I/O
chat_preview,ui_text,chat_ui,1200,800,512,341,WebP,"m6,q=34",2952,0.13526392961876832,6.286916999954428,0.610584000014569,nan,nan,35.70560064348771,0.973724429037874,0.9924045057557076,0.9959782676096619,0.9860981376554314,Pillow wall time including file I/O
chat_preview,ui_text,chat_ui,1200,800,512,341,WebP,"m6,q=35",3036,0.13911290322580644,6.42945800001371,0.6282499999770152,nan,nan,35.81509766662525,0.9738228817807714,0.9923764316542786,0.9958657324618423,0.9864430614534332,Pillow wall time including file I/O
chat_preview,ui_text,chat_ui,1200,800,512,341,WebP,"m6,q=36",3176,0.14552785923753667,6.422250000014174,0.7578749999765932,nan,nan,35.94414337095731,0.974363504584602,0.9924511688677734,0.9961026993036254,0.9866532598420181,Pillow wall time including file I/O
chat_preview,ui_text,chat_ui,1200,800,512,341,WebP,"m6,q=37",3220,0.14754398826979473,6.663083999967512,0.7770839999921009,nan,nan,36.071398900987944,0.974656182113738,0.9925000654295969,0.9962969999696265,0.9872585715638676,Pillow wall time including file I/O
chat_preview,ui_text,chat_ui,1200,800,512,341,WebP,"m6,q=38",3324,0.15230938416422288,6.408874999976888,0.6215829999973721,nan,nan,36.123187863129274,0.9746512058391871,0.9925283931091095,0.9961929543891952,0.9873495791037764,Pillow wall time including file I/O
chat_preview,ui_text,chat_ui,1200,800,512,341,WebP,"m6,q=39",3350,0.15350073313782991,6.4571670000077575,0.6160419999901023,nan,nan,36.202867875435444,0.9761269779461547,0.9931317524211541,0.9966947216195982,0.9877455244668306,Pillow wall time including file I/O
chat_preview,ui_text,chat_ui,1200,800,512,341,WebP,"m6,q=40",3386,0.15515029325513197,6.590500000015709,0.643832999969618,nan,nan,36.32983547828209,0.9765586999220255,0.9930554617425074,0.9966623939488125,0.9879875411543758,Pillow wall time including file I/O
chat_preview,ui_text,chat_ui,1200,800,512,341,WebP,"m6,q=41",3446,0.15789956011730205,6.5892920000010236,0.7453339999869968,nan,nan,36.41076693097027,0.9774110251248408,0.9941862680783716,0.9968520918796555,0.9884891928759241,Pillow wall time including file I/O
chat_preview,ui_text,chat_ui,1200,800,512,341,WebP,"m6,q=42",3434,0.15734970674486803,6.51145799997721,0.7546250000132204,nan,nan,36.41095330733408,0.9774676887977832,0.9941238738077498,0.9968140608025188,0.988445211709443,Pillow wall time including file I/O
chat_preview,ui_text,chat_ui,1200,800,512,341,WebP,"m6,q=43",3498,0.16028225806451613,6.704874999968524,0.7636670000010781,nan,nan,36.60739070209944,0.9779603542742272,0.994461552213906,0.9968879058947835,0.9891410189933427,Pillow wall time including file I/O
chat_preview,ui_text,chat_ui,1200,800,512,341,WebP,"m6,q=44",3614,0.1655975073313783,6.731833999992887,0.7602079999742273,nan,nan,36.78742267670476,0.97945386998205,0.9951962026858298,0.9971974939050885,0.9897820435567825,Pillow wall time including file I/O
chat_preview,ui_text,chat_ui,1200,800,512,341,WebP,"m6,q=45",3650,0.16724706744868034,6.774041000028319,0.6303750000142827,nan,nan,36.9248031188494,0.9797348536325123,0.9951986614079393,0.9971411040022774,0.9901010391721311,Pillow wall time including file I/O
chat_preview,ui_text,chat_ui,1200,800,512,341,WebP,"m6,q=46",3676,0.16843841642228738,6.740750000005846,0.7555419999789592,nan,nan,36.90653770453627,0.9797603093301878,0.9951710272383187,0.997109089905076,0.9900679698778847,Pillow wall time including file I/O
chat_preview,ui_text,chat_ui,1200,800,512,341,WebP,"m6,q=47",3766,0.17256231671554254,6.68350000000828,0.738167000008616,nan,nan,36.963746297595016,0.9788612225147602,0.9943806037515658,0.9970045304691936,0.9899583671993513,Pillow wall time including file I/O
chat_preview,ui_text,chat_ui,1200,800,512,341,WebP,"m6,q=48",3828,0.17540322580645162,6.789208000043345,0.7518329999811613,nan,nan,37.1164069944943,0.9795531084181719,0.9947478639445168,0.9971953924706696,0.9903397005707164,Pillow wall time including file I/O
chat_preview,ui_text,chat_ui,1200,800,512,341,WebP,"m6,q=49",3844,0.17613636363636365,6.821374999958607,0.7854579999957423,nan,nan,37.131018434585506,0.9797579364208256,0.9950209957071007,0.997329993006427,0.9903236230195399,Pillow wall time including file I/O
chat_preview,ui_text,chat_ui,1200,800,512,341,WebP,"m6,q=50",3926,0.17989369501466276,6.886249999979555,0.6599170000072263,nan,nan,37.21745301769465,0.9803056294264372,0.9951546880417657,0.9974111034028875,0.9905002706332141,Pillow wall time including file I/O
chat_preview,ui_text,chat_ui,1200,800,512,341,WebP,"m6,q=51",4014,0.1839259530791789,7.072082999968643,0.7783749999816791,nan,nan,37.325791641518535,0.9807860874258759,0.9953756464658068,0.9975761302701771,0.9908466495501411,Pillow wall time including file I/O
chat_preview,ui_text,chat_ui,1200,800,512,341,WebP,"m6,q=52",4002,0.18337609970674487,7.006665999995221,0.6340420000015001,nan,nan,37.34449473333191,0.9808022104489594,0.9954418114217886,0.9976193470913266,0.9909486297345902,Pillow wall time including file I/O
chat_preview,ui_text,chat_ui,1200,800,512,341,WebP,"m6,q=53",4062,0.18612536656891496,6.880749999993441,0.7743330000380411,nan,nan,37.43056890140073,0.9813709601771032,0.9955760630652838,0.9976599074682212,0.9911190914966866,Pillow wall time including file I/O
chat_preview,ui_text,chat_ui,1200,800,512,341,WebP,"m6,q=54",4090,0.187408357771261,6.8609169999831465,0.7671660000028169,nan,nan,37.45122556926108,0.981568385236207,0.9956041085378599,0.9976394628182432,0.9911663370939039,Pillow wall time including file I/O
chat_preview,ui_text,chat_ui,1200,800,512,341,WebP,"m6,q=55",4132,0.18933284457478006,6.941083000015169,0.7546659999775329,nan,nan,37.587254055196134,0.9822578093879479,0.995869002181013,0.997785595568917,0.9914665948328325,Pillow wall time including file I/O
chat_preview,ui_text,chat_ui,1200,800,512,341,WebP,"m6,q=56",4160,0.1906158357771261,6.969165999976212,0.7818330000191054,nan,nan,37.682127328346326,0.9827062585926041,0.9961055834616349,0.997860755695134,0.9917706028107526,Pillow wall time including file I/O
chat_preview,ui_text,chat_ui,1200,800,512,341,WebP,"m6,q=57",4136,0.18951612903225806,7.101125000019692,0.7727909999744043,nan,nan,37.68402634484023,0.9826688696510861,0.9961084721094422,0.9977461235038071,0.9918032476324566,Pillow wall time including file I/O
chat_preview,ui_text,chat_ui,1200,800,512,341,WebP,"m6,q=58",4210,0.19290689149560117,6.977459000040653,0.8055409999769836,nan,nan,37.77422842818662,0.982906811792332,0.9961683924203714,0.9977860682253586,0.9919704823432243,Pillow wall time including file I/O
chat_preview,ui_text,chat_ui,1200,800,512,341,WebP,"m6,q=59",4316,0.19776392961876832,7.039707999979328,0.7928750000019136,nan,nan,37.88475592492616,0.9833500949960575,0.9962642088141633,0.9978799711383195,0.9921645473430858,Pillow wall time including file I/O
chat_preview,ui_text,chat_ui,1200,800,512,341,WebP,"m6,q=60",4334,0.19858870967741934,7.094208000012259,0.6649160000051779,nan,nan,37.846744811354924,0.9828308521455957,0.9960862108702077,0.9977929103123956,0.9920787607009905,Pillow wall time including file I/O
chat_preview,ui_text,chat_ui,1200,800,512,341,WebP,"m6,q=61",4432,0.20307917888563048,7.226124999988315,0.8227920000081212,nan,nan,37.99754833865963,0.9835503223444536,0.9963163810478655,0.9979717839278964,0.9923566124618056,Pillow wall time including file I/O
chat_preview,ui_text,chat_ui,1200,800,512,341,WebP,"m6,q=62",4432,0.20307917888563048,7.283791999952882,0.7044159999622934,nan,nan,37.99754833865963,0.9835503223444536,0.9963163810478655,0.9979717839278964,0.9923566124618056,Pillow wall time including file I/O
chat_preview,ui_text,chat_ui,1200,800,512,341,WebP,"m6,q=63",4514,0.20683651026392963,7.396916999994119,0.861249999957181,nan,nan,38.11533087364191,0.9842975354338623,0.9964269979477219,0.99800710869765,0.9925841933672419,Pillow wall time including file I/O
chat_preview,ui_text,chat_ui,1200,800,512,341,WebP,"m6,q=64",4574,0.20958577712609971,7.394040999997742,0.8207079999920097,nan,nan,38.19629618195811,0.984432116224923,0.9965558598729904,0.9981116103477499,0.992779645948531,Pillow wall time including file I/O
chat_preview,ui_text,chat_ui,1200,800,512,341,WebP,"m6,q=65",4566,0.2092192082111437,7.345458999964194,0.8357910000427182,nan,nan,38.32617833642848,0.985250099374641,0.9966711966183137,0.9982183945689078,0.9929480884209787,Pillow wall time including file I/O
chat_preview,ui_text,chat_ui,1200,800,512,341,WebP,"m6,q=66",4562,0.2090359237536657,7.410083999957351,0.7188750000182154,nan,nan,38.26367800225117,0.9850763010419713,0.9966188337761018,0.9981619863002837,0.9928948802001462,Pillow wall time including file I/O
chat_preview,ui_text,chat_ui,1200,800,512,341,WebP,"m6,q=67",4694,0.21508431085043989,7.465999999965334,0.819459000013012,nan,nan,38.425780528112526,0.9854838233889979,0.9968255967421622,0.9983548670074943,0.993146408926258,Pillow wall time including file I/O
chat_preview,ui_text,chat_ui,1200,800,512,341,WebP,"m6,q=68",4680,0.21444281524926687,7.632666000006338,0.7034999999859792,nan,nan,38.462486872689794,0.9856576995425593,0.9968211416143576,0.9982787408124119,0.993231299904074,Pillow wall time including file I/O
chat_preview,ui_text,chat_ui,1200,800,512,341,WebP,"m6,q=69",4756,0.21792521994134897,8.879207999996197,0.982874999976957,nan,nan,38.498671252799305,0.9857253883754318,0.9969098110328963,0.9983769174219497,0.9933358720466919,Pillow wall time including file I/O
chat_preview,ui_text,chat_ui,1200,800,512,341,WebP,"m6,q=70",4824,0.22104105571847507,11.041500000033011,0.8183750000512191,nan,nan,38.546906308360505,0.985931009033353,0.9969649402544234,0.9983851977994045,0.9933792128422536,Pillow wall time including file I/O
chat_preview,ui_text,chat_ui,1200,800,512,341,WebP,"m6,q=71",4846,0.2220491202346041,11.123791999978039,1.1863749999747597,nan,nan,38.66197862064671,0.9861204639699109,0.9970568746826562,0.9983851397004966,0.993623051215175,Pillow wall time including file I/O
chat_preview,ui_text,chat_ui,1200,800,512,341,WebP,"m6,q=72",4954,0.22699780058651026,7.329959000003328,1.2597919999848273,nan,nan,38.738083256749995,0.9864099359205064,0.9970448505286417,0.9983719990922961,0.9936871425939595,Pillow wall time including file I/O
chat_preview,ui_text,chat_ui,1200,800,512,341,WebP,"m6,q=73",4954,0.22699780058651026,9.371541000007255,0.8607919999690239,nan,nan,38.738083256749995,0.9864099359205064,0.9970448505286417,0.9983719990922961,0.9936871425939595,Pillow wall time including file I/O
chat_preview,ui_text,chat_ui,1200,800,512,341,WebP,"m6,q=74",5020,0.23002199413489735,7.361541999955534,0.8453330000293136,nan,nan,38.81596959769939,0.9865759730717776,0.9971160637574461,0.9984800769914007,0.9937386423175975,Pillow wall time including file I/O
chat_preview,ui_text,chat_ui,1200,800,512,341,WebP,"m6,q=75",5020,0.23002199413489735,14.533583999991606,0.8646660000408701,nan,nan,38.81596959769939,0.9865759730717776,0.9971160637574461,0.9984800769914007,0.9937386423175975,Pillow wall time including file I/O
chat_preview,ui_text,chat_ui,1200,800,512,341,WebP,"m6,q=76",5274,0.24166055718475074,9.790667000004305,1.4042079999967427,nan,nan,39.05677525755236,0.9869782350403016,0.9973194646027789,0.9986697125427315,0.9942166396002096,Pillow wall time including file I/O
chat_preview,ui_text,chat_ui,1200,800,512,341,WebP,"m6,q=77",5406,0.24770894428152493,12.953750000008313,0.8656250000171894,nan,nan,39.27547801802975,0.9873331067828387,0.9972150001498408,0.9985599323306077,0.9944559571860608,Pillow wall time including file I/O
chat_preview,ui_text,chat_ui,1200,800,512,341,WebP,"m6,q=78",5624,0.25769794721407624,7.813375000012002,0.8883330000344358,nan,nan,39.565021570858896,0.9887963276160807,0.9977060372747749,0.9989796856159804,0.9948866613369661,Pillow wall time including file I/O
chat_preview,ui_text,chat_ui,1200,800,512,341,WebP,"m6,q=79",5770,0.2643878299120235,7.812833999992108,0.8692910000149823,nan,nan,39.69123084588369,0.9887223736137577,0.9977279503854248,0.9989206437367539,0.995170246907142,Pillow wall time including file I/O
chat_preview,ui_text,chat_ui,1200,800,512,341,WebP,"m6,q=80",5942,0.2722690615835777,14.403541999968184,1.2725839999916388,nan,nan,39.82956677635633,0.9892456125748509,0.9977569597983061,0.9989881154956346,0.9952528165945239,Pillow wall time including file I/O
chat_preview,ui_text,chat_ui,1200,800,512,341,WebP,"m6,q=81",6204,0.2842741935483871,7.770291999975143,0.895375000027343,nan,nan,40.0773934863262,0.9899583413310212,0.997975451913168,0.999119973539913,0.9955657921711599,Pillow wall time including file I/O
chat_preview,ui_text,chat_ui,1200,800,512,341,WebP,"m6,q=82",6392,0.2928885630498534,7.896041000037712,0.9037500000204091,nan,nan,40.238270159453876,0.9901938157239952,0.998092318851901,0.9992181399724178,0.9957269315688788,Pillow wall time including file I/O
chat_preview,ui_text,chat_ui,1200,800,512,341,WebP,"m6,q=83",6590,0.30196114369501464,10.685958000010487,0.9133329999713169,nan,nan,40.27498262423058,0.9903466356447543,0.9980314793569586,0.9991517696192637,0.9956984708971798,Pillow wall time including file I/O
chat_preview,ui_text,chat_ui,1200,800,512,341,WebP,"m6,q=84",6922,0.3171737536656892,12.872624999999971,0.9440830000357892,nan,nan,40.546405433955634,0.9909481367252185,0.9982281974057098,0.9993264405875525,0.9960169308483197,Pillow wall time including file I/O
chat_preview,ui_text,chat_ui,1200,800,512,341,WebP,"m6,q=85",7112,0.3258797653958944,12.525499999981093,0.9500830000206406,nan,nan,40.72326333128758,0.9913308544020213,0.9983593308878853,0.9993599131693298,0.9962678559034814,Pillow wall time including file I/O
chat_preview,ui_text,chat_ui,1200,800,512,341,WebP,"m6,q=86",7394,0.33880131964809385,8.603083000025435,0.9465839999620584,nan,nan,40.924680193161116,0.9917478698861341,0.9984348000815965,0.9994097631984038,0.9964699328071116,Pillow wall time including file I/O
chat_preview,ui_text,chat_ui,1200,800,512,341,WebP,"m6,q=87",7632,0.3497067448680352,8.046499999977641,0.9158330000218484,nan,nan,41.062641720509205,0.992284014688213,0.9985924202697894,0.999515038057395,0.9965957767498584,Pillow wall time including file I/O
chat_preview,ui_text,chat_ui,1200,800,512,341,WebP,"m6,q=88",8044,0.3685850439882698,11.235166999995272,0.9215829999789094,nan,nan,41.262742594724166,0.9924255920022399,0.9985389942682893,0.9995331331135522,0.9967286931875073,Pillow wall time including file I/O
chat_preview,ui_text,chat_ui,1200,800,512,341,WebP,"m6,q=89",8346,0.38242302052785926,12.965375000021595,0.8667089999789823,nan,nan,41.36972446187005,0.9928137837032183,0.9987085822498147,0.9995871122778637,0.9968490067309329,Pillow wall time including file I/O
chat_preview,ui_text,chat_ui,1200,800,512,341,WebP,"m6,q=90",8762,0.40148460410557185,9.386749999976018,0.9488329999953748,nan,nan,41.492106432486,0.993141961806924,0.9988644199106066,0.9997337149159569,0.996984013042294,Pillow wall time including file I/O
chat_preview,ui_text,chat_ui,1200,800,512,341,WebP,"m6,q=91",9200,0.4215542521994135,10.735000000011041,1.542916999994759,nan,nan,41.68198492609122,0.9932960770842977,0.9988318172027612,0.9997691498083601,0.9971081045501494,Pillow wall time including file I/O
chat_preview,ui_text,chat_ui,1200,800,512,341,WebP,"m6,q=92",9518,0.43612536656891493,11.686375000010685,1.0234590000095523,nan,nan,41.729924544646686,0.993433272361452,0.9988203381745945,0.9997706380511461,0.9971212450534778,Pillow wall time including file I/O
chat_preview,ui_text,chat_ui,1200,800,512,341,WebP,"m6,q=93",10246,0.469483137829912,9.877791999997498,0.9923750000098153,nan,nan,41.93595978030874,0.9930579292641585,0.9981335635871852,0.9997992984465613,0.997215274355198,Pillow wall time including file I/O
chat_preview,ui_text,chat_ui,1200,800,512,341,WebP,"m6,q=94",10650,0.4879948680351906,13.144624999995358,1.8354160000058073,nan,nan,41.98353260745799,0.9932935374592994,0.9982280235934843,0.9997985050971292,0.9972458636103768,Pillow wall time including file I/O
chat_preview,ui_text,chat_ui,1200,800,512,341,WebP,"m6,q=95",11374,0.5211693548387096,8.68229100001372,1.3492499999756546,nan,nan,42.11772031957271,0.9933688785962459,0.998133178656443,0.9998176299615169,0.9973257025240906,Pillow wall time including file I/O
chat_preview,ui_text,chat_ui,1200,800,512,341,WebP,"m6,q=96",11794,0.5404142228739003,16.1347079999814,1.0573330000056558,nan,nan,42.135975703311956,0.9940472067397272,0.9989237951284503,0.9998706326799088,0.9974119257641069,Pillow wall time including file I/O
chat_preview,ui_text,chat_ui,1200,800,512,341,WebP,"m6,q=97",12604,0.5775293255131965,17.18958300000395,1.0379999999940992,nan,nan,42.200748438251594,0.9942219507542557,0.9989548525607724,0.9998499410594954,0.9974601199165444,Pillow wall time including file I/O
chat_preview,ui_text,chat_ui,1200,800,512,341,WebP,"m6,q=98",13156,0.6028225806451613,8.87225000002445,0.9800419999805854,nan,nan,42.242189061782526,0.9945387117496115,0.9991360520957109,0.9998878687077348,0.9975407581526007,Pillow wall time including file I/O
chat_preview,ui_text,chat_ui,1200,800,512,341,WebP,"m6,q=99",13892,0.6365469208211144,12.793290999979945,1.1143340000216995,nan,nan,42.288544872362706,0.9946089722893912,0.9991524059682834,0.9999151763188702,0.9975735488969841,Pillow wall time including file I/O
chat_preview,ui_text,chat_ui,1200,800,512,341,WebP,"m6,q=100",14592,0.6686217008797654,15.001583000014307,1.1576249999620813,nan,nan,42.31208771768112,0.994670255085631,0.9991586452907139,0.999918552016497,0.9975822886771817,Pillow wall time including file I/O
chat_preview,ui_text,chat_ui,1200,800,512,341,WebP,"lossless,m6",19214,0.8804068914956011,278.8360829999874,0.9620829999903435,nan,nan,99.0,1.0,1.0,0.9999999999975234,1.0,Pillow wall time including file I/O
chat_preview,ui_text,chat_ui,1200,800,512,341,AVIF,crf=63,422,0.01933651026392962,105.50833299998885,31.68475000001081,nan,nan,26.776631849461992,0.8519663976875869,0.8658637956089605,0.8933818529335988,0.757907329901217,ffmpeg/libsvtav1 wall time including process and file I/O
chat_preview,ui_text,chat_ui,1200,800,512,341,AVIF,crf=62,471,0.021581744868035192,52.67954099997496,31.488625000008597,nan,nan,27.789436213883704,0.8653248017573084,0.8984404073451753,0.9185644419661709,0.8269034720673695,ffmpeg/libsvtav1 wall time including process and file I/O
chat_preview,ui_text,chat_ui,1200,800,512,341,AVIF,crf=61,500,0.022910557184750734,57.726750000028915,31.43174999996745,nan,nan,28.499209961506416,0.8829510839159216,0.9218475385714878,0.9350919775229537,0.8688208865311501,ffmpeg/libsvtav1 wall time including process and file I/O
chat_preview,ui_text,chat_ui,1200,800,512,341,AVIF,crf=60,531,0.024331011730205278,47.44662499996366,31.0509169999591,nan,nan,29.019939538744133,0.895403556070919,0.9397718871676691,0.9501463007849382,0.8979491161512582,ffmpeg/libsvtav1 wall time including process and file I/O
chat_preview,ui_text,chat_ui,1200,800,512,341,AVIF,crf=59,565,0.02588892961876833,53.14620899997635,26.471125000000484,nan,nan,29.366511820333226,0.9031626063897603,0.9438026734238472,0.9508445537301895,0.9070201425877772,ffmpeg/libsvtav1 wall time including process and file I/O
chat_preview,ui_text,chat_ui,1200,800,512,341,AVIF,crf=58,597,0.027355205278592375,45.42924999998377,23.81550000001198,nan,nan,29.92423623542596,0.9137371078522571,0.955858703575233,0.9605732358789457,0.923269424757342,ffmpeg/libsvtav1 wall time including process and file I/O
chat_preview,ui_text,chat_ui,1200,800,512,341,AVIF,crf=57,622,0.02850073313782991,49.03679199998123,25.293792000013582,nan,nan,30.246549098730227,0.9166197206039753,0.9589178454120107,0.9634061514743716,0.9312125256637835,ffmpeg/libsvtav1 wall time including process and file I/O
chat_preview,ui_text,chat_ui,1200,800,512,341,AVIF,crf=56,648,0.02969208211143695,57.54366600001504,25.056291999987934,nan,nan,30.69220161227813,0.9200442825628855,0.9611407301028385,0.9652322039859771,0.9377659843210542,ffmpeg/libsvtav1 wall time including process and file I/O
chat_preview,ui_text,chat_ui,1200,800,512,341,AVIF,crf=55,705,0.03230388563049853,53.25262499997052,29.603874999963864,nan,nan,30.95524513204048,0.9214469406244082,0.9645622934205721,0.9687099580415113,0.9434455206643801,ffmpeg/libsvtav1 wall time including process and file I/O
chat_preview,ui_text,chat_ui,1200,800,512,341,AVIF,crf=54,737,0.03377016129032258,54.89437500000349,37.16329200000246,nan,nan,31.14578271736378,0.9268649030780534,0.96758743227574,0.97050546022309,0.9475837005463591,ffmpeg/libsvtav1 wall time including process and file I/O
chat_preview,ui_text,chat_ui,1200,800,512,341,AVIF,crf=53,767,0.03514479472140762,51.02154100001144,24.789709000003768,nan,nan,31.507310468624713,0.9311536234161147,0.9699614193580136,0.9735006178712231,0.953641450570035,ffmpeg/libsvtav1 wall time including process and file I/O
chat_preview,ui_text,chat_ui,1200,800,512,341,AVIF,crf=52,812,0.03720674486803519,54.190124999990985,33.55487500004983,nan,nan,31.630522675888418,0.934494879418328,0.9729806425733316,0.9762741918136805,0.9558584452548173,ffmpeg/libsvtav1 wall time including process and file I/O
chat_preview,ui_text,chat_ui,1200,800,512,341,AVIF,crf=51,857,0.039268695014662756,54.812542000036046,24.342792000027202,nan,nan,31.827624693923767,0.9358843714269667,0.9738720563464828,0.9779220414918152,0.959007181870517,ffmpeg/libsvtav1 wall time including process and file I/O
chat_preview,ui_text,chat_ui,1200,800,512,341,AVIF,crf=50,894,0.04096407624633431,53.8374170000111,26.814500000000407,nan,nan,32.14852088089776,0.9406574952440426,0.9776045241314769,0.9801539321510934,0.9631953879980248,ffmpeg/libsvtav1 wall time including process and file I/O
chat_preview,ui_text,chat_ui,1200,800,512,341,AVIF,crf=49,927,0.042476173020527856,56.73962499997742,32.364707999988696,nan,nan,32.31393087459437,0.9436394200701947,0.9783608211901269,0.9802845791477678,0.9653009928863395,ffmpeg/libsvtav1 wall time including process and file I/O
chat_preview,ui_text,chat_ui,1200,800,512,341,AVIF,crf=48,999,0.045775293255131966,59.064334000026975,34.52016700003924,nan,nan,32.52796592679673,0.9467062318386801,0.9813738671178297,0.9840927089582021,0.9676640743541064,ffmpeg/libsvtav1 wall time including process and file I/O
chat_preview,ui_text,chat_ui,1200,800,512,341,AVIF,crf=47,1043,0.04779142228739003,59.55941700000267,31.816582999965703,nan,nan,32.77323602920773,0.9505631728901326,0.982231928786074,0.9843872722077371,0.9702436119479091,ffmpeg/libsvtav1 wall time including process and file I/O
chat_preview,ui_text,chat_ui,1200,800,512,341,AVIF,crf=46,1119,0.051273826979472144,58.8179580000201,35.47370899997304,nan,nan,33.25279572782093,0.9554562415312303,0.98571679832082,0.9877308358230091,0.9746210383584935,ffmpeg/libsvtav1 wall time including process and file I/O
chat_preview,ui_text,chat_ui,1200,800,512,341,AVIF,crf=45,1186,0.05434384164222874,51.55904099996178,31.48812500000986,nan,nan,33.49007148033154,0.9583654938582439,0.9863838732093589,0.9886496843163505,0.9758259704401686,ffmpeg/libsvtav1 wall time including process and file I/O
chat_preview,ui_text,chat_ui,1200,800,512,341,AVIF,crf=44,1285,0.05888013196480939,56.73570800001926,35.699375000035616,nan,nan,33.739289141579796,0.9605218243333394,0.9871685871507231,0.9897091589467071,0.9775487636219006,ffmpeg/libsvtav1 wall time including process and file I/O
chat_preview,ui_text,chat_ui,1200,800,512,341,AVIF,crf=43,1344,0.06158357771260997,54.378458999963186,33.58800000000883,nan,nan,33.965702705449765,0.9621447806513298,0.9877923687091964,0.9898256309433302,0.9787762739449568,ffmpeg/libsvtav1 wall time including process and file I/O
chat_preview,ui_text,chat_ui,1200,800,512,341,AVIF,crf=42,1461,0.06694464809384164,57.90179199999557,30.119040999977642,nan,nan,34.2142642061871,0.96504971830361,0.9898451042961679,0.9916289491525505,0.9807867768018073,ffmpeg/libsvtav1 wall time including process and file I/O
chat_preview,ui_text,chat_ui,1200,800,512,341,AVIF,crf=41,1559,0.07143511730205279,63.31587500000069,33.63787500001081,nan,nan,34.527038859187364,0.9678254773738022,0.9904835983222209,0.992056571372753,0.9822751295827481,ffmpeg/libsvtav1 wall time including process and file I/O
chat_preview,ui_text,chat_ui,1200,800,512,341,AVIF,crf=40,1652,0.07569648093841642,54.47450000002618,28.13308300000017,nan,nan,34.729103871864886,0.9694284134455664,0.9907631124703781,0.9922959983976546,0.9831867932450634,ffmpeg/libsvtav1 wall time including process and file I/O
chat_preview,ui_text,chat_ui,1200,800,512,341,AVIF,crf=39,1818,0.08330278592375366,58.5904579999692,30.150042000002486,nan,nan,35.15497272094998,0.9733261569214546,0.99234358249183,0.9940354214197239,0.9850051396863228,ffmpeg/libsvtav1 wall time including process and file I/O
chat_preview,ui_text,chat_ui,1200,800,512,341,AVIF,crf=38,1980,0.0907258064516129,56.162958000015806,28.883208999957333,nan,nan,35.369755671459046,0.9739121786654197,0.9922127096125831,0.9939955045729715,0.9857667248501736,ffmpeg/libsvtav1 wall time including process and file I/O
chat_preview,ui_text,chat_ui,1200,800,512,341,AVIF,crf=37,2223,0.10186033724340177,60.530416999995396,23.127957999975024,nan,nan,35.69177482674232,0.9760159082710427,0.9928313117379526,0.9943785334370714,0.9869330216078224,ffmpeg/libsvtav1 wall time including process and file I/O
chat_preview,ui_text,chat_ui,1200,800,512,341,AVIF,crf=36,2495,0.11432368035190615,55.02424999997402,27.019750000022213,nan,nan,36.2628901982775,0.9779847350289588,0.9927354390394285,0.9946772584541486,0.9881823466878032,ffmpeg/libsvtav1 wall time including process and file I/O
chat_preview,ui_text,chat_ui,1200,800,512,341,AVIF,crf=35,2761,0.12651209677419356,66.27741700003753,31.073042000002715,nan,nan,36.637391023791736,0.9798272565777028,0.9940131503712704,0.9959001334821124,0.9893546366534954,ffmpeg/libsvtav1 wall time including process and file I/O
chat_preview,ui_text,chat_ui,1200,800,512,341,AVIF,crf=34,2938,0.1346224340175953,58.1207500000005,29.935207999983504,nan,nan,36.9066846943833,0.9820883128136821,0.9948723987445529,0.996604364616291,0.990552907254298,ffmpeg/libsvtav1 wall time including process and file I/O
chat_preview,ui_text,chat_ui,1200,800,512,341,AVIF,crf=33,3120,0.1429618768328446,68.09366699997099,28.78237499999159,nan,nan,37.32500915524765,0.9831441628934998,0.9954648574737869,0.9965827288041019,0.9915510051281435,ffmpeg/libsvtav1 wall time including process and file I/O
chat_preview,ui_text,chat_ui,1200,800,512,341,AVIF,crf=32,3356,0.15377565982404692,56.64133400000537,35.79754100002219,nan,nan,37.49447999294661,0.9840019410725316,0.9953743202629739,0.9967977891737738,0.9917593283501478,ffmpeg/libsvtav1 wall time including process and file I/O
chat_preview,ui_text,chat_ui,1200,800,512,341,AVIF,crf=31,3624,0.1660557184750733,56.66795799999136,31.123332999982267,nan,nan,38.010775899813126,0.9851383084589999,0.9958725079270975,0.9972109832870651,0.9929092229355964,ffmpeg/libsvtav1 wall time including process and file I/O
chat_preview,ui_text,chat_ui,1200,800,512,341,AVIF,crf=30,3841,0.17599890029325513,66.56391699999631,32.53349999999955,nan,nan,38.36811004432282,0.9873344055659269,0.9961960771015796,0.9972176559110973,0.9932771349860994,ffmpeg/libsvtav1 wall time including process and file I/O
chat_preview,ui_text,chat_ui,1200,800,512,341,AVIF,crf=29,4053,0.18571297653958943,60.71991600003912,26.32954199998494,nan,nan,38.574383664752304,0.9872819977110342,0.9967502651107653,0.9976362254166402,0.9939978584551762,ffmpeg/libsvtav1 wall time including process and file I/O
chat_preview,ui_text,chat_ui,1200,800,512,341,AVIF,crf=28,4177,0.19139479472140764,66.81337500003792,37.116208000043116,nan,nan,38.70016530733752,0.9876303367745995,0.9965158701934286,0.9976711205847196,0.994033607425356,ffmpeg/libsvtav1 wall time including process and file I/O
chat_preview,ui_text,chat_ui,1200,800,512,341,AVIF,crf=27,4431,0.203033357771261,70.99099999999225,35.74250000002621,nan,nan,39.026750808068904,0.9887067953936873,0.9963401022483959,0.9974597300785697,0.9944235340033584,ffmpeg/libsvtav1 wall time including process and file I/O
chat_preview,ui_text,chat_ui,1200,800,512,341,AVIF,crf=26,4705,0.2155883431085044,63.07354099999429,29.519875000005413,nan,nan,39.27404290522017,0.9887108737558622,0.9968060258248017,0.9976103168519159,0.9948823886691719,ffmpeg/libsvtav1 wall time including process and file I/O
chat_preview,ui_text,chat_ui,1200,800,512,341,AVIF,crf=25,4858,0.22259897360703812,68.3156659999895,33.742458999995506,nan,nan,39.51704228789051,0.9905225552499252,0.9975974241761035,0.9983747887734452,0.9954046657890889,ffmpeg/libsvtav1 wall time including process and file I/O
chat_preview,ui_text,chat_ui,1200,800,512,341,AVIF,crf=24,5159,0.23639112903225806,78.21166700000504,33.48087500000929,nan,nan,39.61832359263534,0.9902801563577178,0.9976472865805118,0.9983502295568728,0.9955704265380041,ffmpeg/libsvtav1 wall time including process and file I/O
chat_preview,ui_text,chat_ui,1200,800,512,341,AVIF,crf=23,5280,0.24193548387096775,67.0111670000324,28.696042000035504,nan,nan,39.77476054865813,0.990921178432305,0.997771958177068,0.9984921275430528,0.9956664602704641,ffmpeg/libsvtav1 wall time including process and file I/O
chat_preview,ui_text,chat_ui,1200,800,512,341,AVIF,crf=22,5397,0.2472965542521994,71.36508300004607,29.838915999960136,nan,nan,39.89546271913567,0.9911445313746537,0.9978770469248234,0.998584537052202,0.9959268131196827,ffmpeg/libsvtav1 wall time including process and file I/O
chat_preview,ui_text,chat_ui,1200,800,512,341,AVIF,crf=21,5442,0.24935850439882698,59.606750000000375,28.74766700000464,nan,nan,39.98859029468583,0.9914910199576851,0.9978117817967336,0.9984214465672495,0.9959422744474107,ffmpeg/libsvtav1 wall time including process and file I/O
chat_preview,ui_text,chat_ui,1200,800,512,341,AVIF,crf=20,5550,0.25430718475073316,70.52358400000003,32.57258400003593,nan,nan,40.091591580552205,0.9915989178946517,0.9978032952731329,0.9985691810399387,0.995999925556406,ffmpeg/libsvtav1 wall time including process and file I/O
chat_preview,ui_text,chat_ui,1200,800,512,341,AVIF,crf=19,5700,0.26118035190615835,61.44779100003461,29.29691700001058,nan,nan,40.16985345627407,0.9920544793537768,0.9983083142412191,0.9988892428017068,0.9962809597300253,ffmpeg/libsvtav1 wall time including process and file I/O
chat_preview,ui_text,chat_ui,1200,800,512,341,AVIF,crf=18,5833,0.26727456011730205,60.20116600001302,29.41245900001377,nan,nan,40.28519825203337,0.9922457455381976,0.9986742618163618,0.9991827610460362,0.9968002333367258,ffmpeg/libsvtav1 wall time including process and file I/O
chat_preview,ui_text,chat_ui,1200,800,512,341,AVIF,crf=17,5986,0.2742851906158358,60.582667000005586,28.723458000001756,nan,nan,40.45112195512401,0.9926530772988064,0.9985752991068915,0.9990486334224973,0.9967811800509632,ffmpeg/libsvtav1 wall time including process and file I/O
chat_preview,ui_text,chat_ui,1200,800,512,341,AVIF,crf=16,6154,0.281983137829912,56.213582999987466,29.426333000003524,nan,nan,40.485637866823474,0.9928165541277906,0.9986841406125239,0.9992042516900411,0.996877924782656,ffmpeg/libsvtav1 wall time including process and file I/O
chat_preview,ui_text,chat_ui,1200,800,512,341,AVIF,crf=15,6447,0.29540872434017595,55.340833000002476,22.55262500000299,nan,nan,40.60214733643892,0.993291570802748,0.9988601913183618,0.9993738735648123,0.9970669112514345,ffmpeg/libsvtav1 wall time including process and file I/O
chat_preview,ui_text,chat_ui,1200,800,512,341,AVIF,crf=14,6602,0.30251099706744866,66.27329200000531,35.36991699996861,nan,nan,40.64551416136371,0.9933572320010792,0.9989459291168551,0.999437585715208,0.9971480701791882,ffmpeg/libsvtav1 wall time including process and file I/O
chat_preview,ui_text,chat_ui,1200,800,512,341,AVIF,crf=13,6739,0.30878848973607037,56.464041000026555,36.58404199995857,nan,nan,40.74744944760138,0.9935445939794582,0.9990011533801096,0.9995341865509879,0.9972836416737656,ffmpeg/libsvtav1 wall time including process and file I/O
chat_preview,ui_text,chat_ui,1200,800,512,341,AVIF,crf=12,6994,0.3204728739002933,60.30887500003246,32.32279200000221,nan,nan,40.823848444212686,0.9937170980239207,0.9990650492087069,0.9995171772321654,0.9973448949925706,ffmpeg/libsvtav1 wall time including process and file I/O
chat_preview,ui_text,chat_ui,1200,800,512,341,AVIF,crf=11,7335,0.3360978739002933,62.19037500000013,35.26162499997554,nan,nan,40.902725190141716,0.9938248280545761,0.9990746794020889,0.9996071470468939,0.9974466506057355,ffmpeg/libsvtav1 wall time including process and file I/O
chat_preview,ui_text,chat_ui,1200,800,512,341,AVIF,crf=10,7564,0.3465909090909091,62.39762500001689,34.70837500003654,nan,nan,40.95351363087204,0.9939209549545232,0.9991472401725847,0.9996531088576325,0.9975300587345413,ffmpeg/libsvtav1 wall time including process and file I/O
chat_preview,ui_text,chat_ui,1200,800,512,341,AVIF,crf=9,7853,0.35983321114369504,62.24329100001569,33.15858400003435,nan,nan,41.03266137950516,0.9943052290645502,0.9992895040790959,0.9996883043021583,0.99761273678015,ffmpeg/libsvtav1 wall time including process and file I/O
chat_preview,ui_text,chat_ui,1200,800,512,341,AVIF,crf=8,8110,0.37160923753665687,80.81120800000008,35.14100000001008,nan,nan,41.111136847634725,0.9943957938436573,0.9993152875189028,0.999692191815006,0.9976902658656057,ffmpeg/libsvtav1 wall time including process and file I/O
chat_preview,ui_text,chat_ui,1200,800,512,341,AVIF,crf=7,8680,0.3977272727272727,63.85333399998672,31.735000000026048,nan,nan,41.15687627597769,0.9944154585998204,0.9993424275493147,0.999715432291668,0.9977268410146202,ffmpeg/libsvtav1 wall time including process and file I/O
chat_preview,ui_text,chat_ui,1200,800,512,341,AVIF,crf=6,9181,0.42068365102639294,62.14054100001931,28.72104200002923,nan,nan,41.219972070492574,0.9947673290612927,0.9994143256877471,0.9997830736920046,0.9978204009822867,ffmpeg/libsvtav1 wall time including process and file I/O
chat_preview,ui_text,chat_ui,1200,800,512,341,AVIF,crf=5,9706,0.44473973607038125,63.0612909999968,37.174165999999786,nan,nan,41.2670065442132,0.9948568710788922,0.9994353351008115,0.9997977489876754,0.9978579563663421,ffmpeg/libsvtav1 wall time including process and file I/O
chat_preview,ui_text,chat_ui,1200,800,512,341,AVIF,crf=4,10457,0.4791513929618768,61.78245799998194,32.741666999982044,nan,nan,41.314138341562625,0.994966545652623,0.9994084108622494,0.99976360384744,0.9978610072892837,ffmpeg/libsvtav1 wall time including process and file I/O
chat_preview,ui_text,chat_ui,1200,800,512,341,AVIF,crf=3,11391,0.5219483137829912,71.3810839999951,33.439083000018854,nan,nan,41.36037945612688,0.9949876911999619,0.9994124142314309,0.9997598705811163,0.9978858801920468,ffmpeg/libsvtav1 wall time including process and file I/O
chat_preview,ui_text,chat_ui,1200,800,512,341,AVIF,crf=2,12633,0.578858137829912,60.889125000016975,30.889749999971627,nan,nan,41.38948455689399,0.9950429257532262,0.9994123131811575,0.9997557319130105,0.9978993896249623,ffmpeg/libsvtav1 wall time including process and file I/O
chat_preview,ui_text,chat_ui,1200,800,512,341,AVIF,crf=1,14368,0.658357771260997,64.161624999997,36.04500000000144,nan,nan,41.41926336442477,0.9951064670640357,0.9994303979846744,0.9997704772334941,0.9979277198483594,ffmpeg/libsvtav1 wall time including process and file I/O
chat_preview,ui_text,chat_ui,1200,800,512,341,JPEG2000,"pix=yuv420p,qscale=1",16396,0.7512829912023461,48.83037500002274,37.60320800000727,nan,nan,40.832925018573654,0.9930876816188204,0.9990717823433735,0.999546614112006,0.9973964378612574,native ffmpeg jpeg2000 wall time including process and file I/O
chat_preview,ui_text,chat_ui,1200,800,512,341,JPEG2000,"pix=yuv420p,qscale=10000",937,0.04293438416422287,34.941957999990336,31.227499999999964,nan,nan,27.259199526725677,0.8403120696551708,0.8833168389104097,0.9110332744747817,0.8081086553694112,native ffmpeg jpeg2000 wall time including process and file I/O
chat_preview,ui_text,chat_ui,1200,800,512,341,JPEG2000,"pix=yuv420p,qscale=5000",1043,0.04779142228739003,41.18400000004385,29.337124999983644,nan,nan,28.07949823739655,0.865842940221034,0.9111287740782377,0.9327397917949924,0.8549484587258172,native ffmpeg jpeg2000 wall time including process and file I/O
chat_preview,ui_text,chat_ui,1200,800,512,341,JPEG2000,"pix=yuv420p,qscale=2500",1178,0.05397727272727273,37.36608299999489,29.63966699996945,nan,nan,28.80448673665576,0.8763431228692818,0.9272894160966407,0.9424758036947983,0.8876300148340612,native ffmpeg jpeg2000 wall time including process and file I/O
chat_preview,ui_text,chat_ui,1200,800,512,341,JPEG2000,"pix=yuv420p,qscale=1250",1377,0.06309567448680352,42.458084000031704,27.004874999988715,nan,nan,29.759745235839226,0.9015783870046817,0.9516017567383215,0.9638318895066107,0.919586994731917,native ffmpeg jpeg2000 wall time including process and file I/O
chat_preview,ui_text,chat_ui,1200,800,512,341,JPEG2000,"pix=yuv420p,qscale=625",1626,0.07450513196480939,41.15524999997433,33.81595799999104,nan,nan,30.437700891748673,0.9128098467392892,0.962715592775225,0.972952372121298,0.9365859866438921,native ffmpeg jpeg2000 wall time including process and file I/O
chat_preview,ui_text,chat_ui,1200,800,512,341,JPEG2000,"pix=yuv420p,qscale=313",2102,0.09631598240469208,35.20016699997086,31.886374999999134,nan,nan,31.80457643008807,0.936324760436194,0.9789663671698134,0.9858177507282525,0.9604879330265477,native ffmpeg jpeg2000 wall time including process and file I/O
chat_preview,ui_text,chat_ui,1200,800,512,341,JPEG2000,"pix=yuv420p,qscale=469",1866,0.08550219941348973,38.57900000002701,39.163666000035846,nan,nan,31.202557235438793,0.9272762562147653,0.9725036360404546,0.9817332358794848,0.95088821811077,native ffmpeg jpeg2000 wall time including process and file I/O
chat_preview,ui_text,chat_ui,1200,800,512,341,JPEG2000,"pix=yuv420p,qscale=547",1767,0.08096590909090909,43.11000000001286,37.09020799999507,nan,nan,30.94429683269312,0.9225150492990073,0.9692675080716464,0.9787743247447189,0.9464607048441538,native ffmpeg jpeg2000 wall time including process and file I/O
chat_preview,ui_text,chat_ui,1200,800,512,341,JPEG2000,"pix=yuv420p,qscale=508",1837,0.08417338709677419,37.5747919999867,31.375249999996413,nan,nan,31.183548581660997,0.9270361155607715,0.9722274411717032,0.9815169000869457,0.9504831641367606,native ffmpeg jpeg2000 wall time including process and file I/O
chat_preview,ui_text,chat_ui,1200,800,512,341,JPEG2000,"pix=yuv420p,qscale=527",1817,0.08325696480938416,34.50950000001285,27.45854199997666,nan,nan,31.13259195360509,0.9265827300412637,0.9714770467505445,0.9810462007091058,0.9493195091964072,native ffmpeg jpeg2000 wall time including process and file I/O
chat_preview,ui_text,chat_ui,1200,800,512,341,JPEG2000,"pix=yuv420p,qscale=537",1799,0.08243218475073313,41.28737500002444,27.691957999991246,nan,nan,31.08536197363248,0.9255675687489585,0.9707033350341548,0.9802243850697514,0.9485335550542062,native ffmpeg jpeg2000 wall time including process and file I/O
chat_preview,ui_text,chat_ui,1200,800,512,341,JPEG2000,"pix=yuv420p,qscale=542",1799,0.08243218475073313,39.3699999999626,27.121000000022377,nan,nan,31.08536197363248,0.9255675687489585,0.9707033350341548,0.9802243850697514,0.9485335550542062,native ffmpeg jpeg2000 wall time including process and file I/O
chat_preview,ui_text,chat_ui,1200,800,512,341,JPEG2000,"pix=yuv420p,qscale=544",1799,0.08243218475073313,39.36275000000933,27.928707999990365,nan,nan,31.08536197363248,0.9255675687489585,0.9707033350341548,0.9802243850697514,0.9485335550542062,native ffmpeg jpeg2000 wall time including process and file I/O
chat_preview,ui_text,chat_ui,1200,800,512,341,JPEG2000,"pix=yuv420p,qscale=545",1799,0.08243218475073313,46.57466700001578,35.390374999963115,nan,nan,31.08536197363248,0.9255675687489585,0.9707033350341548,0.9802243850697514,0.9485335550542062,native ffmpeg jpeg2000 wall time including process and file I/O
chat_preview,ui_text,chat_ui,1200,800,512,341,JPEG2000,"pix=yuv420p,qscale=546",1773,0.0812408357771261,47.8632499999776,30.343334000008326,nan,nan,30.945776541793087,0.9225485540301342,0.9692710683218214,0.9787784083598351,0.9464719055917576,native ffmpeg jpeg2000 wall time including process and file I/O
chat_preview,ui_text,chat_ui,1200,800,512,341,JPEG2000,"pix=yuv420p,qscale=543",1799,0.08243218475073313,44.92091600002368,33.36304099997278,nan,nan,31.08536197363248,0.9255675687489585,0.9707033350341548,0.9802243850697514,0.9485335550542062,native ffmpeg jpeg2000 wall time including process and file I/O
chat_preview,ui_text,chat_ui,1200,800,512,341,JPEG2000,"pix=yuv420p,qscale=548",1767,0.08096590909090909,44.52262500001325,27.826207999964936,nan,nan,30.94429683269312,0.9225150492990073,0.9692675080716464,0.9787743247447189,0.9464607048441538,native ffmpeg jpeg2000 wall time including process and file I/O
chat_preview,ui_text,chat_ui,1200,800,512,341,JPEG2000,"pix=yuv420p,qscale=157",2603,0.11927236070381232,41.600791999997,29.05654199997798,nan,nan,32.46297247343444,0.9436155597957842,0.9832537061654641,0.9887720058586033,0.9684979086293033,native ffmpeg jpeg2000 wall time including process and file I/O
chat_preview,ui_text,chat_ui,1200,800,512,341,JPEG2000,"pix=yuv420p,qscale=79",3425,0.15693731671554254,42.39350000000286,36.94470799996452,nan,nan,33.399467430407235,0.955895214483399,0.9886923577073071,0.9924534782031672,0.9771566320049365,native ffmpeg jpeg2000 wall time including process and file I/O
chat_preview,ui_text,chat_ui,1200,800,512,341,JPEG2000,"pix=yuv420p,qscale=118",2830,0.12967375366568915,35.39883300004476,23.497708000036255,nan,nan,32.72869641949587,0.9466338897326204,0.9851141454844127,0.9896972898995335,0.9716475104738697,native ffmpeg jpeg2000 wall time including process and file I/O
chat_preview,ui_text,chat_ui,1200,800,512,341,JPEG2000,"pix=yuv420p,qscale=137",2712,0.12426686217008798,35.353666999981215,25.68224999998847,nan,nan,32.61283641980731,0.9448976485092385,0.98422558120932,0.9891195748218281,0.9703595631371543,native ffmpeg jpeg2000 wall time including process and file I/O
chat_preview,ui_text,chat_ui,1200,800,512,341,JPEG2000,"pix=yuv420p,qscale=127",2778,0.12729105571847507,38.88333300000113,36.277167000037025,nan,nan,32.679511984293306,0.9459828838654736,0.9847347501860044,0.9894819473139056,0.9711278370422414,native ffmpeg jpeg2000 wall time including process and file I/O
chat_preview,ui_text,chat_ui,1200,800,512,341,JPEG2000,"pix=yuv420p,qscale=122",2820,0.12921554252199413,36.31591600003503,31.83995900002401,nan,nan,32.72112381013041,0.9464813038228924,0.9849236545633203,0.9896528284010162,0.9715252246495608,native ffmpeg jpeg2000 wall time including process and file I/O
chat_preview,ui_text,chat_ui,1200,800,512,341,JPEG2000,"pix=yuv420p,qscale=120",2829,0.12962793255131966,37.92745800001285,34.265000000004875,nan,nan,32.72600544881978,0.9466263900395832,0.9851056227024233,0.9896981266305911,0.9716062046605305,native ffmpeg jpeg2000 wall time including process and file I/O
chat_preview,ui_text,chat_ui,1200,800,512,341,JPEG2000,"pix=yuv420p,qscale=121",2824,0.12939882697947214,34.62091700004066,32.387874999983524,nan,nan,32.72344577172959,0.946536235036109,0.9850095517789548,0.989660809263621,0.9715599979326426,native ffmpeg jpeg2000 wall time including process and file I/O
chat_preview,ui_text,chat_ui,1200,800,512,341,JPEG2000,"pix=yuv420p,qscale=119",2830,0.12967375366568915,35.86579199998141,29.571292000014182,nan,nan,32.72869641949587,0.9466338897326204,0.9851141454844127,0.9896972898995335,0.9716475104738697,native ffmpeg jpeg2000 wall time including process and file I/O
chat_preview,ui_text,chat_ui,1200,800,512,341,JPEG2000,"pix=yuv420p,qscale=123",2815,0.12898643695014664,41.24991699995917,36.254874999997355,nan,nan,32.71937403047375,0.9464641606002849,0.9849229549736856,0.9896520564179752,0.9715172053611979,native ffmpeg jpeg2000 wall time including process and file I/O
chat_preview,ui_text,chat_ui,1200,800,512,341,JPEG2000,"pix=yuv420p,qscale=124",2808,0.12866568914956011,37.72924999998395,31.928542000002835,nan,nan,32.70946405416282,0.9462340131217267,0.9848737487336968,0.9896036355757423,0.9714396242765488,native ffmpeg jpeg2000 wall time including process and file I/O
chat_preview,ui_text,chat_ui,1200,800,512,341,JPEG2000,"pix=yuv420p,qscale=40",4548,0.20839442815249268,41.802875000030326,32.04887500004361,nan,nan,34.52129566360033,0.9645620593491212,0.9918630519555642,0.9945716004795616,0.9834861768933804,native ffmpeg jpeg2000 wall time including process and file I/O
chat_preview,ui_text,chat_ui,1200,800,512,341,JPEG2000,"pix=yuv420p,qscale=20",6516,0.29857038123167157,41.73979199998712,33.99691699996765,nan,nan,36.409381077397384,0.9763804808789214,0.9949237888479718,0.9970069639085064,0.9897963811203125,native ffmpeg jpeg2000 wall time including process and file I/O
chat_preview,ui_text,chat_ui,1200,800,512,341,JPEG2000,"pix=yuv420p,qscale=10",8514,0.3901209677419355,36.66291600001159,35.18283299996483,nan,nan,37.98358179193593,0.9834131880557303,0.996861547084006,0.998168579949282,0.9935333277201838,native ffmpeg jpeg2000 wall time including process and file I/O
chat_preview,ui_text,chat_ui,1200,800,512,341,JPEG2000,"pix=yuv420p,qscale=15",7278,0.3334860703812317,41.8558750000102,26.351083000008657,nan,nan,37.10309107094564,0.9792159490929414,0.9958048064858245,0.9975176748195017,0.9916630818311195,native ffmpeg jpeg2000 wall time including process and file I/O
chat_preview,ui_text,chat_ui,1200,800,512,341,JPEG2000,"pix=yuv420p,qscale=17",6973,0.31951063049853373,36.85379199998806,25.907749999987573,nan,nan,36.84451803379846,0.9779849606988783,0.9954349325576723,0.99737351967988,0.9910363186611987,native ffmpeg jpeg2000 wall time including process and file I/O
chat_preview,ui_text,chat_ui,1200,800,512,341,JPEG2000,"pix=yuv420p,qscale=18",6774,0.3103922287390029,32.30300000001307,25.515667000036046,nan,nan,36.65057450046707,0.9773698372143258,0.995278991657676,0.9972625314447428,0.9905217591732568,native ffmpeg jpeg2000 wall time including process and file I/O
chat_preview,ui_text,chat_ui,1200,800,512,341,JPEG2000,"pix=yuv420p,qscale=19",6640,0.30425219941348974,35.4803750000201,28.489958000022853,nan,nan,36.530627283425304,0.9767927087421461,0.9950877566797679,0.9970672973602726,0.9901466546815358,native ffmpeg jpeg2000 wall time including process and file I/O
chat_preview,ui_text,chat_ui,1200,800,512,341,JPEG2000,"pix=yuv420p,qscale=21",6321,0.28963526392961875,32.99624999999651,29.1404170000078,nan,nan,36.241368612392925,0.9755216412425155,0.9947328632436188,0.9968389405283444,0.9893795237431726,native ffmpeg jpeg2000 wall time including process and file I/O
chat_preview,ui_text,chat_ui,1200,800,512,341,JPEG2000,"pix=yuv420p,qscale=22",6254,0.28656524926686217,39.72649999997202,32.12995899997395,nan,nan,36.15907528026709,0.9752409156097643,0.9946921176938378,0.9967955736432814,0.9891901193239229,native ffmpeg jpeg2000 wall time including process and file I/O
chat_preview,ui_text,chat_ui,1200,800,512,341,JPEG2000,"pix=rgb24,qscale=1",44341,2.0317540322580645,56.50087499998335,50.78262500001074,nan,nan,53.23935123287549,0.9988632406019621,0.9998607791778146,0.9998810284581747,0.9998011542441398,native ffmpeg jpeg2000 wall time including process and file I/O
chat_preview,ui_text,chat_ui,1200,800,512,341,JPEG2000,"pix=rgb24,qscale=10000",1792,0.08211143695014662,50.09825000001911,30.571500000007745,nan,nan,29.246630262497536,0.8660683541902792,0.9225046437055151,0.9274198653241802,0.9042589468092499,native ffmpeg jpeg2000 wall time including process and file I/O
chat_preview,ui_text,chat_ui,1200,800,512,341,JPEG2000,"pix=rgb24,qscale=5000",2140,0.09805718475073313,49.2660829999636,28.99512499999446,nan,nan,30.074940050626424,0.8930282735234288,0.9465892709072868,0.9501618212063995,0.9278496412103728,native ffmpeg jpeg2000 wall time including process and file I/O
chat_preview,ui_text,chat_ui,1200,800,512,341,JPEG2000,"pix=rgb24,qscale=2500",2540,0.11638563049853372,58.704459000011866,39.3122499999663,nan,nan,31.030594477161557,0.9087736307449353,0.9612169730935228,0.962936772791281,0.9460612904588442,native ffmpeg jpeg2000 wall time including process and file I/O
chat_preview,ui_text,chat_ui,1200,800,512,341,JPEG2000,"pix=rgb24,qscale=1250",3035,0.13906708211143695,48.806249999984175,38.58724999997776,nan,nan,31.74951394988017,0.9216586834725115,0.9692732625725305,0.970242367815902,0.957432999844201,native ffmpeg jpeg2000 wall time including process and file I/O
chat_preview,ui_text,chat_ui,1200,800,512,341,JPEG2000,"pix=rgb24,qscale=625",3878,0.1776942815249267,53.272291999974186,34.084291999988636,nan,nan,32.90726791729271,0.9399577583181428,0.9811591949550332,0.9823945113546907,0.9717443708267706,native ffmpeg jpeg2000 wall time including process and file I/O
chat_preview,ui_text,chat_ui,1200,800,512,341,JPEG2000,"pix=rgb24,qscale=937",3256,0.14919354838709678,61.65104199999405,39.950374999989435,nan,nan,31.973238660004863,0.925251603400285,0.9720905452476871,0.9730716217986514,0.9609578070826326,native ffmpeg jpeg2000 wall time including process and file I/O
chat_preview,ui_text,chat_ui,1200,800,512,341,JPEG2000,"pix=rgb24,qscale=1093",3098,0.14195381231671556,54.518667000024834,32.411000000024615,nan,nan,31.801450163257936,0.9223712982066642,0.9697859832448087,0.9707982353451292,0.9583944898041029,native ffmpeg jpeg2000 wall time including process and file I/O
chat_preview,ui_text,chat_ui,1200,800,512,341,JPEG2000,"pix=rgb24,qscale=1015",3205,0.1468566715542522,51.86483400001407,35.625999999979285,nan,nan,31.94084100728301,0.9248738977169854,0.9717949519543985,0.9727250280943875,0.960479384653307,native ffmpeg jpeg2000 wall time including process and file I/O
chat_preview,ui_text,chat_ui,1200,800,512,341,JPEG2000,"pix=rgb24,qscale=1054",3181,0.14575696480938416,57.556040999998004,36.948125000037635,nan,nan,31.924553605060524,0.9246544328260585,0.9716576360850531,0.9726663821095118,0.960257888445285,native ffmpeg jpeg2000 wall time including process and file I/O
chat_preview,ui_text,chat_ui,1200,800,512,341,JPEG2000,"pix=rgb24,qscale=1073",3128,0.1433284457478006,59.794292000049154,27.401666999992358,nan,nan,31.848753678550246,0.9231735112182365,0.9703970594825516,0.9711504107846943,0.9591141465646431,native ffmpeg jpeg2000 wall time including process and file I/O
chat_preview,ui_text,chat_ui,1200,800,512,341,JPEG2000,"pix=rgb24,qscale=1083",3116,0.14277859237536658,53.987291999987974,36.313040999971236,nan,nan,31.821134815155084,0.922544405377779,0.969883536340733,0.9709504371098173,0.9587461635597665,native ffmpeg jpeg2000 wall time including process and file I/O
chat_preview,ui_text,chat_ui,1200,800,512,341,JPEG2000,"pix=rgb24,qscale=1078",3128,0.1433284457478006,59.54970800002002,32.92554199998676,nan,nan,31.848753678550246,0.9231735112182365,0.9703970594825516,0.9711504107846943,0.9591141465646431,native ffmpeg jpeg2000 wall time including process and file I/O
chat_preview,ui_text,chat_ui,1200,800,512,341,JPEG2000,"pix=rgb24,qscale=1080",3116,0.14277859237536658,50.507332999984555,26.095457999986138,nan,nan,31.821134815155084,0.922544405377779,0.969883536340733,0.9709504371098173,0.9587461635597665,native ffmpeg jpeg2000 wall time including process and file I/O
chat_preview,ui_text,chat_ui,1200,800,512,341,JPEG2000,"pix=rgb24,qscale=1079",3116,0.14277859237536658,45.227583000041705,34.170082999992246,nan,nan,31.821134815155084,0.922544405377779,0.969883536340733,0.9709504371098173,0.9587461635597665,native ffmpeg jpeg2000 wall time including process and file I/O
chat_preview,ui_text,chat_ui,1200,800,512,341,JPEG2000,"pix=rgb24,qscale=1076",3128,0.1433284457478006,49.87833399997044,35.25233400000616,nan,nan,31.848753678550246,0.9231735112182365,0.9703970594825516,0.9711504107846943,0.9591141465646431,native ffmpeg jpeg2000 wall time including process and file I/O
chat_preview,ui_text,chat_ui,1200,800,512,341,JPEG2000,"pix=rgb24,qscale=1077",3128,0.1433284457478006,48.984500000017306,27.720499999986714,nan,nan,31.848753678550246,0.9231735112182365,0.9703970594825516,0.9711504107846943,0.9591141465646431,native ffmpeg jpeg2000 wall time including process and file I/O
chat_preview,ui_text,chat_ui,1200,800,512,341,JPEG2000,"pix=rgb24,qscale=1081",3116,0.14277859237536658,51.99199999998427,34.679165999989436,nan,nan,31.821134815155084,0.922544405377779,0.969883536340733,0.9709504371098173,0.9587461635597665,native ffmpeg jpeg2000 wall time including process and file I/O
chat_preview,ui_text,chat_ui,1200,800,512,341,JPEG2000,"pix=rgb24,qscale=313",4926,0.22571480938416422,54.70120899997255,37.653208999984145,nan,nan,33.84692740240107,0.9523950230540659,0.9876503846153559,0.9884053863404462,0.9791269793277194,native ffmpeg jpeg2000 wall time including process and file I/O
chat_preview,ui_text,chat_ui,1200,800,512,341,JPEG2000,"pix=rgb24,qscale=469",4365,0.2000091642228739,48.83575000002338,37.94329100003324,nan,nan,33.43875116069909,0.9471235645415156,0.9856197255219777,0.9864549215430612,0.9763847351865645,native ffmpeg jpeg2000 wall time including process and file I/O
chat_preview,ui_text,chat_ui,1200,800,512,341,JPEG2000,"pix=rgb24,qscale=547",4161,0.1906616568914956,59.821457999987615,35.112916999992194,nan,nan,33.21923277197469,0.9445316053851469,0.983923542523489,0.9857622020487334,0.9746673578229978,native ffmpeg jpeg2000 wall time including process and file I/O
chat_preview,ui_text,chat_ui,1200,800,512,341,JPEG2000,"pix=rgb24,qscale=508",4310,0.1974890029325513,59.97979099998929,30.267666999975518,nan,nan,33.39253526122559,0.9468784824953435,0.9855500155261073,0.9864583435154077,0.9760993684720224,native ffmpeg jpeg2000 wall time including process and file I/O
chat_preview,ui_text,chat_ui,1200,800,512,341,JPEG2000,"pix=rgb24,qscale=527",4235,0.19405241935483872,54.35641700000815,34.95574999999462,nan,nan,33.31186574975645,0.9457061866221981,0.9847760623802505,0.9858601436035861,0.975399901349821,native ffmpeg jpeg2000 wall time including process and file I/O
chat_preview,ui_text,chat_ui,1200,800,512,341,JPEG2000,"pix=rgb24,qscale=517",4291,0.1966184017595308,62.21504199999117,28.938457999970524,nan,nan,33.36793130071282,0.9465697490072765,0.985434542373269,0.9864548713526657,0.9759420246361892,native ffmpeg jpeg2000 wall time including process and file I/O
chat_preview,ui_text,chat_ui,1200,800,512,341,JPEG2000,"pix=rgb24,qscale=522",4267,0.19551869501466276,52.88050000001476,27.12679199999002,nan,nan,33.33493835593979,0.9460198630681064,0.9850126151301623,0.9860011377753967,0.9756162126215027,native ffmpeg jpeg2000 wall time including process and file I/O
chat_preview,ui_text,chat_ui,1200,800,512,341,JPEG2000,"pix=rgb24,qscale=524",4257,0.19506048387096775,53.61341700000821,32.63075000000981,nan,nan,33.3212537192202,0.9457989785818343,0.9848447557120362,0.9859416146620028,0.9755008404933639,native ffmpeg jpeg2000 wall time including process and file I/O
chat_preview,ui_text,chat_ui,1200,800,512,341,JPEG2000,"pix=rgb24,qscale=523",4267,0.19551869501466276,49.40395900001704,29.721250000022792,nan,nan,33.33493835593979,0.9460198630681064,0.9850126151301623,0.9860011377753967,0.9756162126215027,native ffmpeg jpeg2000 wall time including process and file I/O
chat_preview,ui_text,chat_ui,1200,800,512,341,JPEG2000,"pix=rgb24,qscale=521",4267,0.19551869501466276,51.400957999987895,33.88862499997458,nan,nan,33.33493835593979,0.9460198630681064,0.9850126151301623,0.9860011377753967,0.9756162126215027,native ffmpeg jpeg2000 wall time including process and file I/O
chat_preview,ui_text,chat_ui,1200,800,512,341,JPEG2000,"pix=rgb24,qscale=525",4257,0.19506048387096775,58.93962499999361,36.15874999997004,nan,nan,33.3212537192202,0.9457989785818343,0.9848447557120362,0.9859416146620028,0.9755008404933639,native ffmpeg jpeg2000 wall time including process and file I/O
chat_preview,ui_text,chat_ui,1200,800,512,341,JPEG2000,"pix=rgb24,qscale=526",4246,0.19455645161290322,51.318665999986024,25.44595799997751,nan,nan,33.31674315491907,0.9457413530019303,0.9848100993668201,0.9859054902334787,0.9754515139307466,native ffmpeg jpeg2000 wall time including process and file I/O
chat_preview,ui_text,chat_ui,1200,800,512,341,JPEG2000,"pix=rgb24,qscale=157",6486,0.2971957478005865,56.45795800000997,37.0085000000131,nan,nan,34.59365753456867,0.9593829241165142,0.9905418361620572,0.990975239013087,0.9833385865143804,native ffmpeg jpeg2000 wall time including process and file I/O
chat_preview,ui_text,chat_ui,1200,800,512,341,JPEG2000,"pix=rgb24,qscale=79",9348,0.4283357771260997,60.09070900000779,32.98133300000927,nan,nan,35.91039421163324,0.969666939031233,0.9939748825445207,0.9943241343341149,0.9885693051576773,native ffmpeg jpeg2000 wall time including process and file I/O
chat_preview,ui_text,chat_ui,1200,800,512,341,JPEG2000,"pix=rgb24,qscale=40",12985,0.5949871700879765,57.60662500000535,40.60458300000391,nan,nan,37.85510275674127,0.9791894729127003,0.9962508203212321,0.9964558632795807,0.9930176975814758,native ffmpeg jpeg2000 wall time including process and file I/O
chat_preview,ui_text,chat_ui,1200,800,512,341,JPEG2000,"pix=rgb24,qscale=59",10837,0.4965634164222874,52.26533299997982,33.73037500000464,nan,nan,36.7410117259108,0.9736634120640595,0.994945211714501,0.995242458109733,0.9907719343508976,native ffmpeg jpeg2000 wall time including process and file I/O
chat_preview,ui_text,chat_ui,1200,800,512,341,JPEG2000,"pix=rgb24,qscale=49",11806,0.5409640762463344,55.35012499996128,34.00291700000935,nan,nan,37.222703717627674,0.9762750193477038,0.9956268308134845,0.9958610527390086,0.9918718006293673,native ffmpeg jpeg2000 wall time including process and file I/O
chat_preview,ui_text,chat_ui,1200,800,512,341,JPEG2000,"pix=rgb24,qscale=54",11286,0.5171370967741935,58.290207999959875,39.075791000016125,nan,nan,36.98197565776557,0.9749487201016082,0.9952761716224564,0.995513778586977,0.9913224787780511,native ffmpeg jpeg2000 wall time including process and file I/O
chat_preview,ui_text,chat_ui,1200,800,512,341,JPEG2000,"pix=rgb24,qscale=56",11054,0.5065065982404692,59.11670900002264,37.7125420000084,nan,nan,36.851868685832066,0.9741491027365429,0.9950658743871833,0.9953139775733293,0.9910225632543272,native ffmpeg jpeg2000 wall time including process and file I/O
chat_preview,ui_text,chat_ui,1200,800,512,341,JPEG2000,"pix=rgb24,qscale=57",11002,0.5041239002932552,60.45499999999038,34.803207999971164,nan,nan,36.81517122774259,0.9740139698768978,0.9950418843132413,0.9953109485093605,0.990948512027269,native ffmpeg jpeg2000 wall time including process and file I/O
chat_preview,ui_text,chat_ui,1200,800,512,341,JPEG2000,"pix=rgb24,qscale=58",10939,0.5012371700879765,54.79233400001249,36.5507920000141,nan,nan,36.79223232364417,0.9738910972418715,0.9950095422522433,0.9952864687172996,0.9908899593705803,native ffmpeg jpeg2000 wall time including process and file I/O
chat_preview,ui_text,chat_ui,1200,800,512,341,JPEG2000,"pix=rgb24,qscale=60",10793,0.49454728739002934,52.00487500002282,50.263041999983216,nan,nan,36.69874800107914,0.9734776247040896,0.9949202263697471,0.9951977389377978,0.9906649877362469,native ffmpeg jpeg2000 wall time including process and file I/O
chat_preview,ui_text,chat_ui,1200,800,512,341,JPEG2000,"pix=rgb24,qscale=61",10655,0.4882239736070381,50.48320800000283,33.171791000029316,nan,nan,36.61792727609733,0.973048706424772,0.9948218894491047,0.995079357155133,0.9904814835159957,native ffmpeg jpeg2000 wall time including process and file I/O
chat_preview,ui_text,meme_card,1200,800,512,341,CAPS,"q=1,tile=64",3518,0.16119868035190615,23.548833000006653,14.948125000046275,13.1354,6.00729,32.89976333021224,0.9354503076887282,0.9735040010504301,0.9819334221272078,0.9979899714778993,subprocess wall time including PPM I/O; codec_* fields are resident timing
chat_preview,ui_text,meme_card,1200,800,512,341,CAPS,"q=2,tile=64",3525,0.16151942815249268,12.197458000002825,11.789125000007061,5.54846,5.26692,32.907114754736774,0.9355198243646279,0.9735348656669215,0.9819598417432892,0.9979960086644004,subprocess wall time including PPM I/O; codec_* fields are resident timing
chat_preview,ui_text,meme_card,1200,800,512,341,CAPS,"q=3,tile=64",3533,0.1618859970674487,16.250833000015064,13.243125000030886,6.16392,5.03417,32.985855610810475,0.9355595115521904,0.9735127653991688,0.9820119418148436,0.9980240910694075,subprocess wall time including PPM I/O; codec_* fields are resident timing
chat_preview,ui_text,meme_card,1200,800,512,341,CAPS,"q=4,tile=64",3538,0.16211510263929618,13.181250000002365,12.39170799999556,5.13546,5.72292,33.01667758997405,0.9355558904798706,0.9735291189045552,0.9820280458003185,0.9980319262559786,subprocess wall time including PPM I/O; codec_* fields are resident timing
chat_preview,ui_text,meme_card,1200,800,512,341,CAPS,"q=5,tile=64",3572,0.16367302052785923,11.87329200001841,12.951708000002782,4.26012,5.82658,33.06239908823679,0.9370456247449694,0.9743793988804931,0.9823668017419891,0.9980598523318254,subprocess wall time including PPM I/O; codec_* fields are resident timing
chat_preview,ui_text,meme_card,1200,800,512,341,CAPS,"q=6,tile=64",3578,0.16394794721407624,10.214125000004515,14.914500000031694,4.29179,6.00017,33.15176206949429,0.9371527256544635,0.9744769427498506,0.9824290994158816,0.9980950969692648,subprocess wall time including PPM I/O; codec_* fields are resident timing
chat_preview,ui_text,meme_card,1200,800,512,341,CAPS,"q=7,tile=64",3581,0.16408541055718476,15.203416999952424,15.146791999995912,7.65592,5.72675,33.154512007382635,0.9372520855795315,0.9744814066085192,0.9824378675311487,0.9980940840621263,subprocess wall time including PPM I/O; codec_* fields are resident timing
chat_preview,ui_text,meme_card,1200,800,512,341,CAPS,"q=8,tile=64",3597,0.16481854838709678,12.16679099997009,12.981874999979937,4.98121,4.76837,33.2730099454979,0.9377184315266157,0.9746806173136923,0.9824961494723161,0.9981389756591882,subprocess wall time including PPM I/O; codec_* fields are resident timing
chat_preview,ui_text,meme_card,1200,800,512,341,CAPS,"q=9,tile=64",3597,0.16481854838709678,14.800707999995666,14.80087499999172,6.44717,7.08512,33.27511667714346,0.9377381417888996,0.9746646476593527,0.9824893215089205,0.9981386639035335,subprocess wall time including PPM I/O; codec_* fields are resident timing
chat_preview,ui_text,meme_card,1200,800,512,341,CAPS,"q=10,tile=64",3608,0.16532258064516128,13.722041999983503,14.528125000026648,4.61367,5.57196,33.43185694002561,0.9380877877060856,0.9747833616396854,0.9825944654301063,0.9981856593645876,subprocess wall time including PPM I/O; codec_* fields are resident timing
chat_preview,ui_text,meme_card,1200,800,512,341,CAPS,"q=11,tile=64",3668,0.16807184750733137,15.533291999986432,17.585583000027327,4.41346,7.58879,33.69621556354988,0.9411422336308202,0.9772405035206361,0.9848618281533081,0.9983161375487546,subprocess wall time including PPM I/O; codec_* fields are resident timing
chat_preview,ui_text,meme_card,1200,800,512,341,CAPS,"q=12,tile=64",3669,0.16811766862170088,10.613917000000583,12.7949170000079,3.92079,4.76404,33.754848969495775,0.9412862881733379,0.9772855911318833,0.9848840152658365,0.9983278861895196,subprocess wall time including PPM I/O; codec_* fields are resident timing
chat_preview,ui_text,meme_card,1200,800,512,341,CAPS,"q=13,tile=64",3672,0.16825513196480937,12.336916999970526,11.083582999958708,5.00087,4.55867,33.79698539765093,0.9415608785807867,0.9774243476497579,0.9849797423142271,0.9983460947664561,subprocess wall time including PPM I/O; codec_* fields are resident timing
chat_preview,ui_text,meme_card,1200,800,512,341,CAPS,"q=14,tile=64",3688,0.1689882697947214,11.53712499996118,13.629332999983035,4.30575,4.97929,33.91418252170601,0.9422946846493753,0.9777502179449412,0.9850811940326181,0.9983885805791021,subprocess wall time including PPM I/O; codec_* fields are resident timing
chat_preview,ui_text,meme_card,1200,800,512,341,CAPS,"q=15,tile=64",3689,0.1690340909090909,14.420624999956999,15.262209000013627,5.92825,6.50483,33.92674759352642,0.9423423008347337,0.9777513691859312,0.9850838196394287,0.9983915976562171,subprocess wall time including PPM I/O; codec_* fields are resident timing
chat_preview,ui_text,meme_card,1200,800,512,341,CAPS,"q=16,tile=64",3704,0.16972140762463342,10.834499999987202,12.353125000004184,3.99908,4.92846,34.00449222671693,0.9426266100175787,0.977946190765195,0.985195691494994,0.9984199893632185,subprocess wall time including PPM I/O; codec_* fields are resident timing
chat_preview,ui_text,meme_card,1200,800,512,341,CAPS,"q=17,tile=64",3742,0.17146260997067447,14.616999999987002,13.718374999996286,7.41504,5.86079,34.111260570246756,0.9447770391915266,0.9794450991907908,0.9858515204061847,0.9984877087475579,subprocess wall time including PPM I/O; codec_* fields are resident timing
chat_preview,ui_text,meme_card,1200,800,512,341,CAPS,"q=18,tile=64",3764,0.17247067448680353,10.635041000000456,11.83316700002024,4.38183,4.61925,34.23195363421699,0.9450700974413548,0.9796166983926441,0.9859638126698392,0.9985277744455654,subprocess wall time including PPM I/O; codec_* fields are resident timing
chat_preview,ui_text,meme_card,1200,800,512,341,CAPS,"q=19,tile=64",3762,0.17237903225806453,10.373000000015509,13.13095899996597,4.44783,5.06729,34.22725399690289,0.9450676026443597,0.9796109478388059,0.9859760065099746,0.998526935470837,subprocess wall time including PPM I/O; codec_* fields are resident timing
chat_preview,ui_text,meme_card,1200,800,512,341,CAPS,"q=20,tile=64",3772,0.17283724340175954,10.778958999992483,11.540000000024975,4.40787,5.47479,34.240027518866036,0.9452312642621165,0.979655292022446,0.9859864955406813,0.9985290964240922,subprocess wall time including PPM I/O; codec_* fields are resident timing
chat_preview,ui_text,meme_card,1200,800,512,341,CAPS,"q=21,tile=64",3782,0.17329545454545456,11.584999999968204,10.14104099999713,3.55683,3.95308,34.31907011824355,0.9454991116815431,0.9797707432394178,0.9859833148189621,0.9985497710777238,subprocess wall time including PPM I/O; codec_* fields are resident timing
chat_preview,ui_text,meme_card,1200,800,512,341,CAPS,"q=22,tile=64",3841,0.17599890029325513,8.661874999972952,14.177875000029871,3.71521,3.67208,34.3326729877703,0.9456047582771685,0.9797789925664505,0.9860008752610356,0.9985523810558856,subprocess wall time including PPM I/O; codec_* fields are resident timing
chat_preview,ui_text,meme_card,1200,800,512,341,CAPS,"q=23,tile=64",3926,0.17989369501466276,7.711749999998574,7.507874999987507,3.20975,3.57554,34.384580235821296,0.9491655610592646,0.9827901287346474,0.9886333084254308,0.998578556197718,subprocess wall time including PPM I/O; codec_* fields are resident timing
chat_preview,ui_text,meme_card,1200,800,512,341,CAPS,"q=24,tile=64",3932,0.18016862170087977,8.212333000017225,7.887292000020807,3.17008,3.62217,34.39604318847044,0.9491877450414803,0.9827834692335969,0.9886368827722465,0.9985807472824068,subprocess wall time including PPM I/O; codec_* fields are resident timing
chat_preview,ui_text,meme_card,1200,800,512,341,CAPS,"q=25,tile=64",3946,0.1808101173020528,12.802540999985013,47.96724999999924,6.74862,15.5532,34.4217596222442,0.9492913438065279,0.9828096851597111,0.9886472678801873,0.9985869192026543,subprocess wall time including PPM I/O; codec_* fields are resident timing
chat_preview,ui_text,meme_card,1200,800,512,341,CAPS,"q=26,tile=64",3957,0.1813141495601173,7.821541999987858,8.523959000001469,3.35317,3.70833,34.48357636053571,0.9495465090340667,0.9828571197420716,0.9886459671178118,0.9986099294590678,subprocess wall time including PPM I/O; codec_* fields are resident timing
chat_preview,ui_text,meme_card,1200,800,512,341,CAPS,"q=27,tile=64",3989,0.18278042521994134,8.757749999972475,9.165375000009135,3.40379,3.90992,34.54692286811992,0.9499147469745152,0.9829120192282618,0.9886789944043797,0.9986221403257578,subprocess wall time including PPM I/O; codec_* fields are resident timing
chat_preview,ui_text,meme_card,1200,800,512,341,CAPS,"q=28,tile=64",3997,0.18314699413489735,7.808541000031255,8.42129099999056,3.29304,3.70342,34.5977443913267,0.9501687248314857,0.9829471443203953,0.9887280300588723,0.9986415178426902,subprocess wall time including PPM I/O; codec_* fields are resident timing
chat_preview,ui_text,meme_card,1200,800,512,341,CAPS,"q=29,tile=64",4077,0.18681268328445746,7.902208000018618,8.00600000002305,3.25242,3.76958,34.67234224548734,0.9511873225922393,0.9838587040211735,0.9888403834071668,0.998673860071562,subprocess wall time including PPM I/O; codec_* fields are resident timing
chat_preview,ui_text,meme_card,1200,800,512,341,CAPS,"q=30,tile=64",4081,0.18699596774193547,7.838624999976673,8.230375000039203,3.32779,3.83079,34.680827941562335,0.951205817420533,0.9838579207187838,0.9888415303094555,0.9986757918249684,subprocess wall time including PPM I/O; codec_* fields are resident timing
chat_preview,ui_text,meme_card,1200,800,512,341,CAPS,"q=31,tile=64",4102,0.18795821114369501,9.825583000008464,8.922917000006692,3.56283,3.75212,34.796150337437325,0.9513628082313367,0.9839776522301881,0.9889166690378353,0.9986948232770541,subprocess wall time including PPM I/O; codec_* fields are resident timing
chat_preview,ui_text,meme_card,1200,800,512,341,CAPS,"q=32,tile=64",4113,0.18846224340175954,7.942875000026106,8.99175000000696,3.35125,3.58917,34.83760417955608,0.9518876892292264,0.9840896932374136,0.9889307167488319,0.9987091402109317,subprocess wall time including PPM I/O; codec_* fields are resident timing
chat_preview,ui_text,meme_card,1200,800,512,341,CAPS,"q=33,tile=64",4119,0.18873717008797655,8.459291999997731,9.40312500000573,3.50208,3.95617,34.899339886015,0.9519280454649227,0.9841005214581958,0.9889585121364513,0.9987210447103946,subprocess wall time including PPM I/O; codec_* fields are resident timing
chat_preview,ui_text,meme_card,1200,800,512,341,CAPS,"q=34,tile=64",4123,0.18892045454545456,9.195166999973026,9.850374999984979,3.76421,4.04383,34.90722144710056,0.9519530748187259,0.9840885969177728,0.9889562125167797,0.9987213704509267,subprocess wall time including PPM I/O; codec_* fields are resident timing
chat_preview,ui_text,meme_card,1200,800,512,341,CAPS,"q=35,tile=64",4238,0.1941898826979472,7.994333999988612,8.68008300000156,3.70412,4.02904,35.39569465147212,0.9578891143905844,0.9863537475692548,0.9910533592094565,0.998882610620425,subprocess wall time including PPM I/O; codec_* fields are resident timing
chat_preview,ui_text,meme_card,1200,800,512,341,CAPS,"q=36,tile=64",4236,0.1940982404692082,8.287584000015613,7.891459000006762,3.47279,3.60967,35.436589727753955,0.9579166694313471,0.9863703519355012,0.9910906098512295,0.9988890575313919,subprocess wall time including PPM I/O; codec_* fields are resident timing
chat_preview,ui_text,meme_card,1200,800,512,341,CAPS,"q=37,tile=64",4242,0.1943731671554252,7.936374999985674,7.2564170000077866,3.29292,3.59029,35.429858156801956,0.9579067328796307,0.986357076828993,0.9910833742566372,0.9988875699406926,subprocess wall time including PPM I/O; codec_* fields are resident timing
chat_preview,ui_text,meme_card,1200,800,512,341,CAPS,"q=38,tile=64",4274,0.19583944281524926,7.229709000000639,7.155583000042043,3.39171,3.56887,35.55275258931389,0.958713663869497,0.9865353576975652,0.9911527233094768,0.9989163659677959,subprocess wall time including PPM I/O; codec_* fields are resident timing
chat_preview,ui_text,meme_card,1200,800,512,341,CAPS,"q=39,tile=64",4276,0.19593108504398826,7.396833000029801,7.121790999974564,3.22537,3.56983,35.569447745423645,0.9588065612084558,0.9865325318276407,0.9911627953224503,0.9989194550556203,subprocess wall time including PPM I/O; codec_* fields are resident timing
chat_preview,ui_text,meme_card,1200,800,512,341,CAPS,"q=40,tile=64",4287,0.1964351173020528,7.607165999957033,9.083499999974265,3.40475,4.10421,35.66598074043852,0.9592693197544157,0.986608344621915,0.9912134563707251,0.9989367478781699,subprocess wall time including PPM I/O; codec_* fields are resident timing
chat_preview,ui_text,meme_card,1200,800,512,341,CAPS,"q=41,tile=64",4394,0.20133797653958943,7.748042000002897,8.765292000020963,3.70629,4.14775,35.79635407113477,0.9610390952602342,0.9876554639856662,0.9913802498116275,0.9989844251649911,subprocess wall time including PPM I/O; codec_* fields are resident timing
chat_preview,ui_text,meme_card,1200,800,512,341,CAPS,"q=42,tile=64",4406,0.20188782991202345,7.620499999973163,7.696249999980864,3.36704,3.67442,35.844515001190175,0.9613162423816556,0.9876614902852919,0.9914231184043723,0.9989962382425466,subprocess wall time including PPM I/O; codec_* fields are resident timing
chat_preview,ui_text,meme_card,1200,800,512,341,CAPS,"q=43,tile=64",4422,0.20262096774193547,7.355249999989155,7.894916999987345,3.36096,3.87179,35.844510103293594,0.9611180042717962,0.987555635691454,0.9914041931275566,0.998994483136194,subprocess wall time including PPM I/O; codec_* fields are resident timing
chat_preview,ui_text,meme_card,1200,800,512,341,CAPS,"q=44,tile=64",4444,0.20362903225806453,7.189041999993151,7.625208000035855,3.37762,3.89996,35.950423381241855,0.9615021299990653,0.9877216115721087,0.9914817878087592,0.9990155596547116,subprocess wall time including PPM I/O; codec_* fields are resident timing
chat_preview,ui_text,meme_card,1200,800,512,341,CAPS,"q=45,tile=64",4451,0.20394978005865103,8.531000000004951,7.199209000020801,3.61587,3.564,35.98533362778892,0.9616204839979804,0.9877136619123222,0.991472064607213,0.9990229984515875,subprocess wall time including PPM I/O; codec_* fields are resident timing
chat_preview,ui_text,meme_card,1200,800,512,341,CAPS,"q=46,tile=64",4469,0.20477456011730205,7.785374999969008,7.275166999988869,3.54038,3.57825,36.06997533118892,0.9618504524153207,0.9877660674625707,0.9915519900478716,0.9990375440355073,subprocess wall time including PPM I/O; codec_* fields are resident timing
chat_preview,ui_text,meme_card,1200,800,512,341,CAPS,"q=47,tile=64",4616,0.21151026392961877,7.312124999998559,7.281792000014775,3.31083,3.62529,36.102117244485704,0.9661471525493651,0.9900342394475629,0.9938638769111474,0.9990668792752321,subprocess wall time including PPM I/O; codec_* fields are resident timing
chat_preview,ui_text,meme_card,1200,800,512,341,CAPS,"q=48,tile=64",4634,0.2123350439882698,8.981167000001733,7.629500000007283,3.53321,3.78812,36.19227594187701,0.9663515392131861,0.9900363980248286,0.9937984032394626,0.9990735106154386,subprocess wall time including PPM I/O; codec_* fields are resident timing
chat_preview,ui_text,meme_card,1200,800,512,341,CAPS,"q=49,tile=64",4635,0.2123808651026393,7.388790999982575,11.597291999976278,3.16646,6.94987,36.201469686638255,0.9664366998429594,0.9900109446851193,0.9937906683246415,0.9990741983868385,subprocess wall time including PPM I/O; codec_* fields are resident timing
chat_preview,ui_text,meme_card,1200,800,512,341,CAPS,"q=50,tile=64",4659,0.21348057184750732,7.525082999961796,7.196542000031059,3.27067,3.62225,36.28592680405817,0.9667746075166805,0.9901362576890653,0.993823197964112,0.9990992490701139,subprocess wall time including PPM I/O; codec_* fields are resident timing
chat_preview,ui_text,meme_card,1200,800,512,341,CAPS,"q=51,tile=64",4683,0.21458027859237536,7.122666999975991,7.07537499999944,3.18983,3.55883,36.32004490203681,0.9670674291535323,0.9901691839698087,0.9938730056975146,0.9991038479573069,subprocess wall time including PPM I/O; codec_* fields are resident timing
chat_preview,ui_text,meme_card,1200,800,512,341,CAPS,"q=52,tile=64",4701,0.21540505865102638,7.5949999999807005,7.2034999999459615,3.40733,3.572,36.382717710172614,0.9672358788024042,0.9902059376259423,0.9938785969033229,0.9991091637768861,subprocess wall time including PPM I/O; codec_* fields are resident timing
chat_preview,ui_text,meme_card,1200,800,512,341,CAPS,"q=53,tile=64",4842,0.2218658357771261,7.0195839999769305,7.21299999997882,3.22837,3.60846,36.501135382641934,0.9688921155125209,0.9911291744094624,0.9938880542390184,0.9991591664264646,subprocess wall time including PPM I/O; codec_* fields are resident timing
chat_preview,ui_text,meme_card,1200,800,512,341,CAPS,"q=54,tile=64",4852,0.2223240469208211,7.336416000043755,7.136666999997487,3.22687,3.60933,36.54667396547192,0.9688073229842304,0.9910561805589365,0.9938280379743909,0.9991644508637857,subprocess wall time including PPM I/O; codec_* fields are resident timing
chat_preview,ui_text,meme_card,1200,800,512,341,CAPS,"q=55,tile=64",4873,0.22328629032258066,7.149249999997664,7.24145800000997,3.19654,3.60646,36.62892599334535,0.9689233584281071,0.9911155994809319,0.993869199023415,0.9991749794572663,subprocess wall time including PPM I/O; codec_* fields are resident timing
chat_preview,ui_text,meme_card,1200,800,512,341,CAPS,"q=56,tile=64",4906,0.2247983870967742,7.52491700001201,7.256416000018362,3.19029,3.61358,36.75643807805217,0.9696481288712788,0.9912656694199576,0.993971805336519,0.9992048902605943,subprocess wall time including PPM I/O; codec_* fields are resident timing
chat_preview,ui_text,meme_card,1200,800,512,341,CAPS,"q=57,tile=64",4919,0.22539406158357772,7.347084000002724,7.255834000034156,3.37408,3.65246,36.839533142113446,0.9698075345429681,0.9912711633150831,0.9939700243138339,0.9992132287012552,subprocess wall time including PPM I/O; codec_* fields are resident timing
chat_preview,ui_text,meme_card,1200,800,512,341,CAPS,"q=58,tile=64",4925,0.22566898826979473,7.365582999966591,7.324250000010579,3.27262,3.62325,36.86519213284221,0.9700021113770642,0.9912626418178562,0.9939864975495761,0.999215853682209,subprocess wall time including PPM I/O; codec_* fields are resident timing
chat_preview,ui_text,meme_card,1200,800,512,341,CAPS,"q=59,tile=64",5180,0.2373533724340176,7.121166999979778,7.187832999989041,3.28208,3.64142,37.34957999132578,0.9725289910163508,0.9927729321575142,0.9950299213787657,0.9992981552011317,subprocess wall time including PPM I/O; codec_* fields are resident timing
chat_preview,ui_text,meme_card,1200,800,512,341,CAPS,"q=60,tile=64",5190,0.23781158357771262,7.623042000034275,7.1045839999897,3.26571,3.60633,37.41779703076185,0.9727477534665704,0.9927852624753525,0.995068278235126,0.9993093858291169,subprocess wall time including PPM I/O; codec_* fields are resident timing
chat_preview,ui_text,meme_card,1200,800,512,341,CAPS,"q=61,tile=64",5206,0.23854472140762464,7.145207999997183,8.207707999986269,3.27567,3.79975,37.56314845427364,0.9732461125136641,0.9928324185105221,0.9951290908962731,0.9993297140574319,subprocess wall time including PPM I/O; codec_* fields are resident timing
chat_preview,ui_text,meme_card,1200,800,512,341,CAPS,"q=62,tile=64",5228,0.23955278592375367,7.3425000000497676,7.183708000013667,3.26804,3.60012,37.67707530720864,0.9737864025698127,0.9929014503796906,0.9952103284789668,0.9993483573425017,subprocess wall time including PPM I/O; codec_* fields are resident timing
chat_preview,ui_text,meme_card,1200,800,512,341,CAPS,"q=63,tile=64",5228,0.23955278592375367,7.7432499999758875,7.406582999976763,3.43287,3.59296,37.7558148094703,0.9739676045968374,0.9929131034753889,0.9952463696168449,0.9993549823354203,subprocess wall time including PPM I/O; codec_* fields are resident timing
chat_preview,ui_text,meme_card,1200,800,512,341,CAPS,"q=64,tile=64",5265,0.2412481671554252,7.84941599999911,7.288167000012891,3.32296,3.57817,37.83686447392443,0.9741673214056714,0.9928786648517041,0.9952491457163828,0.9993670368485581,subprocess wall time including PPM I/O; codec_* fields are resident timing
chat_preview,ui_text,meme_card,1200,800,512,341,CAPS,"q=65,tile=64",5410,0.24789222873900293,7.289084000035473,7.294583000032162,3.291,3.65971,38.07853158966073,0.9759671386006566,0.9936447228697113,0.9957665195231261,0.9994135360967277,subprocess wall time including PPM I/O; codec_* fields are resident timing
chat_preview,ui_text,meme_card,1200,800,512,341,CAPS,"q=66,tile=64",5432,0.24890029325513197,7.183375000010983,7.038708000038696,3.26658,3.63392,38.13779075951628,0.976606819030501,0.9937946415309401,0.9959298521572667,0.9994260747908097,subprocess wall time including PPM I/O; codec_* fields are resident timing
chat_preview,ui_text,meme_card,1200,800,512,341,CAPS,"q=67,tile=64",5448,0.249633431085044,7.043833000011546,7.365917000015543,3.22725,3.57746,38.257346797329426,0.9769533734251076,0.9938173579995159,0.995960713024517,0.9994382253568892,subprocess wall time including PPM I/O; codec_* fields are resident timing
chat_preview,ui_text,meme_card,1200,800,512,341,CAPS,"q=68,tile=64",5494,0.2517412023460411,7.611415999974724,7.290083999976105,3.27596,3.70779,38.35563309348264,0.97748333647746,0.9939117748912277,0.9960236510125366,0.9994476319010227,subprocess wall time including PPM I/O; codec_* fields are resident timing
chat_preview,ui_text,meme_card,1200,800,512,341,CAPS,"q=69,tile=64",5522,0.2530241935483871,7.257541999990735,7.1411249999755455,3.35967,3.57654,38.456076482269516,0.9779401874116647,0.9940158284858261,0.9961032134409304,0.999455725049827,subprocess wall time including PPM I/O; codec_* fields are resident timing
chat_preview,ui_text,meme_card,1200,800,512,341,CAPS,"q=70,tile=64",5536,0.2536656891495601,7.29566600000453,7.317333000003146,3.20662,3.60629,38.53139541355348,0.9781751228246515,0.9940683153916238,0.9961416360004786,0.9994664015580726,subprocess wall time including PPM I/O; codec_* fields are resident timing
chat_preview,ui_text,meme_card,1200,800,512,341,CAPS,"q=71,tile=64",5864,0.2686950146627566,7.47145799999771,7.23224999995864,3.36225,3.60033,38.60123754697079,0.9808093546311754,0.9953156345259276,0.997382104959533,0.9994855375522819,subprocess wall time including PPM I/O; codec_* fields are resident timing
chat_preview,ui_text,meme_card,1200,800,512,341,CAPS,"q=72,tile=64",5878,0.26933651026392963,7.292999999947369,7.355707999977312,3.30233,3.65012,38.649538562563535,0.9809419489972653,0.9953486199046341,0.9973787988987247,0.9994912168140043,subprocess wall time including PPM I/O; codec_* fields are resident timing
chat_preview,ui_text,meme_card,1200,800,512,341,CAPS,"q=73,tile=64",5888,0.2697947214076246,7.231250000018008,7.048624999981712,3.19475,3.54429,38.61679541099707,0.9809682973610795,0.9953336500224493,0.9973920780448127,0.9994886522518036,subprocess wall time including PPM I/O; codec_* fields are resident timing
chat_preview,ui_text,meme_card,1200,800,512,341,CAPS,"q=74,tile=64",5985,0.27423936950146627,7.295124999984637,7.494333000011011,3.24388,3.66225,38.83155454241353,0.9814353164938572,0.9954925803113396,0.9974307580649645,0.9995095958198122,subprocess wall time including PPM I/O; codec_* fields are resident timing
chat_preview,ui_text,meme_card,1200,800,512,341,CAPS,"q=75,tile=64",6022,0.27593475073313783,7.201415999986693,7.166417000007641,3.235,3.584,38.988409329300275,0.981740943599026,0.9955675095291002,0.9974588939585785,0.9995276380549104,subprocess wall time including PPM I/O; codec_* fields are resident timing
chat_preview,ui_text,meme_card,1200,800,512,341,CAPS,"q=76,tile=64",6059,0.2776301319648094,7.606667000004563,7.140917000015179,3.3225,3.61458,39.02427806171764,0.9821444385725537,0.995624943886194,0.9975278375826669,0.9995308418485114,subprocess wall time including PPM I/O; codec_* fields are resident timing
chat_preview,ui_text,meme_card,1200,800,512,341,CAPS,"q=77,tile=64",6480,0.2969208211143695,7.614833999980419,7.455499999991844,3.30471,3.68837,39.185102136134645,0.9825062858888803,0.9957951514497637,0.997294928796811,0.9995568059615242,subprocess wall time including PPM I/O; codec_* fields are resident timing
chat_preview,ui_text,meme_card,1200,800,512,341,CAPS,"q=78,tile=64",6478,0.2968291788856305,9.340833999999631,8.193583000036142,3.56508,3.79562,39.29693708692079,0.9827612913595204,0.9958509519871894,0.9973014274510885,0.9995673873690907,subprocess wall time including PPM I/O; codec_* fields are resident timing
chat_preview,ui_text,meme_card,1200,800,512,341,CAPS,"q=79,tile=64",6553,0.30026576246334313,7.324416000017209,7.261209000034796,3.32187,3.71029,39.37988143246058,0.9833650363556131,0.9959413487313963,0.9973649734592354,0.9995748672427756,subprocess wall time including PPM I/O; codec_* fields are resident timing
chat_preview,ui_text,meme_card,1200,800,512,341,CAPS,"q=80,tile=64",6620,0.3033357771260997,7.126374999984364,7.3880829999666275,3.25804,3.59029,39.43737099731353,0.9835528101057808,0.9959802912738148,0.9973586690925901,0.9995843798255092,subprocess wall time including PPM I/O; codec_* fields are resident timing
chat_preview,ui_text,meme_card,1200,800,512,341,CAPS,"q=81,tile=64",6646,0.3045271260997067,7.8190000000404325,7.484250000004522,3.35158,3.76571,39.42090730222986,0.9838396323066388,0.9960336500124445,0.9974483533130019,0.999580700636046,subprocess wall time including PPM I/O; codec_* fields are resident timing
chat_preview,ui_text,meme_card,1200,800,512,341,CAPS,"q=82,tile=64",6667,0.30548936950146627,7.226624999987052,7.439499999975396,3.27758,3.75908,39.37951111619339,0.9837594894899868,0.9960379318080865,0.997450649419604,0.9995771371687583,subprocess wall time including PPM I/O; codec_* fields are resident timing
chat_preview,ui_text,meme_card,1200,800,512,341,CAPS,"q=83,tile=64",7350,0.3367851906158358,8.435374999976375,8.383332999983395,3.73267,3.80796,39.74847136117726,0.9855778598265372,0.996854046249683,0.998150221523854,0.9996208264205101,subprocess wall time including PPM I/O; codec_* fields are resident timing
chat_preview,ui_text,meme_card,1200,800,512,341,CAPS,"q=84,tile=64",7411,0.3395802785923754,7.643374999986463,7.879584000022533,3.34533,3.64075,39.758614516138195,0.9858685272374311,0.996882163439908,0.9981797662192026,0.9996187230027817,subprocess wall time including PPM I/O; codec_* fields are resident timing
chat_preview,ui_text,meme_card,1200,800,512,341,CAPS,"q=85,tile=64",7515,0.34434567448680353,7.129958999996688,7.326333000037266,3.33779,3.76396,39.81257241900281,0.9859302798150713,0.9968916932882707,0.9981895235396064,0.9996226042026024,subprocess wall time including PPM I/O; codec_* fields are resident timing
chat_preview,ui_text,meme_card,1200,800,512,341,CAPS,"q=86,tile=64",7631,0.3496609237536657,7.412834000035673,7.190041999990626,3.32312,3.65912,39.9907325270667,0.986265131855664,0.9969869960048187,0.998261282034264,0.9996370884299318,subprocess wall time including PPM I/O; codec_* fields are resident timing
chat_preview,ui_text,meme_card,1200,800,512,341,CAPS,"q=87,tile=64",7751,0.35515945747800587,7.209665999994286,8.262333000004674,3.41896,3.71408,39.97438977219468,0.9859609968787627,0.9968827885024659,0.9981066943549973,0.9996356802989285,subprocess wall time including PPM I/O; codec_* fields are resident timing
chat_preview,ui_text,meme_card,1200,800,512,341,CAPS,"q=88,tile=64",7798,0.3573130498533724,7.479916999955094,7.6888749999852735,3.41279,3.78862,40.03443804616343,0.9860573759842106,0.9969132871975255,0.9981198249108486,0.9996444138326703,subprocess wall time including PPM I/O; codec_* fields are resident timing
chat_preview,ui_text,meme_card,1200,800,512,341,CAPS,"q=89,tile=64",9136,0.4186217008797654,7.616915999960838,7.574625000017932,3.42104,3.82967,39.82759447869903,0.9839899010409862,0.9962274771755034,0.9968572056138986,0.9996302864973277,subprocess wall time including PPM I/O; codec_* fields are resident timing
chat_preview,ui_text,meme_card,1200,800,512,341,CAPS,"q=90,tile=64",9178,0.42054618768328444,7.585249999976895,7.79325000002018,3.475,3.75617,39.79444618639988,0.9840091191102524,0.996225017220139,0.9968503926805315,0.9996282645246135,subprocess wall time including PPM I/O; codec_* fields are resident timing
chat_preview,ui_text,meme_card,1200,800,512,341,CAPS,"q=91,tile=64",9341,0.4280150293255132,7.311249999986558,7.455542000002424,3.39667,3.82742,39.881317302417344,0.9843287954873329,0.9962872407409229,0.9969382254444145,0.9996305814382636,subprocess wall time including PPM I/O; codec_* fields are resident timing
chat_preview,ui_text,meme_card,1200,800,512,341,CAPS,"q=92,tile=64",9730,0.4458394428152493,9.125625000024229,21.145333999982086,3.77604,16.1716,39.89168137462557,0.9841092069928662,0.9962031757012267,0.9969105939411309,0.9996332058025515,subprocess wall time including PPM I/O; codec_* fields are resident timing
chat_preview,ui_text,meme_card,1200,800,512,341,CAPS,"q=93,tile=64",9819,0.4499175219941349,9.052583000027425,8.541250000007494,5.15904,3.98804,40.03301931438975,0.9843194132794527,0.9962389887200453,0.9969318313910018,0.9996455455839409,subprocess wall time including PPM I/O; codec_* fields are resident timing
chat_preview,ui_text,meme_card,1200,800,512,341,CAPS,"q=94,tile=64",10287,0.4713618035190616,7.367874999999913,7.815957999980583,3.47467,3.77612,40.02917282290682,0.9839328940958817,0.9961337474969861,0.9967896750685171,0.9996447420498511,subprocess wall time including PPM I/O; codec_* fields are resident timing
chat_preview,ui_text,meme_card,1200,800,512,341,CAPS,"q=95,tile=64",13392,0.6136363636363636,11.47958399997151,9.690374999991036,5.56442,5.77904,47.11460476756956,0.9916572204387238,0.9982779432260568,0.9983473711128692,0.9999249545427705,subprocess wall time including PPM I/O; codec_* fields are resident timing
chat_preview,ui_text,meme_card,1200,800,512,341,CAPS,"q=96,tile=64",13571,0.6218383431085044,10.904832999983682,10.574542000028941,5.98379,5.76442,47.73627412960571,0.9923189258679073,0.9983999774029106,0.9984685446424696,0.9999342388475368,subprocess wall time including PPM I/O; codec_* fields are resident timing
chat_preview,ui_text,meme_card,1200,800,512,341,CAPS,"q=97,tile=64",14034,0.6430535190615836,11.013332999993963,9.57529199996543,6.99983,5.71146,47.957967828131636,0.9923239425019886,0.9983778617454354,0.9984713789297106,0.9999360078289071,subprocess wall time including PPM I/O; codec_* fields are resident timing
chat_preview,ui_text,meme_card,1200,800,512,341,CAPS,"q=98,tile=64",16070,0.7363453079178885,9.992875000023105,10.387125000022479,5.78817,6.00462,47.4304023612621,0.9909394333110457,0.9979135303301788,0.998368318460597,0.9999233369387456,subprocess wall time including PPM I/O; codec_* fields are resident timing
chat_preview,ui_text,meme_card,1200,800,512,341,CAPS,"q=99,tile=64",19083,0.8744043255131965,15.37949999999455,11.38916699994752,5.96896,6.31029,46.655110321930835,0.9883618536324277,0.9974196525531954,0.9976716883834977,0.9999088575360681,subprocess wall time including PPM I/O; codec_* fields are resident timing
chat_preview,ui_text,meme_card,1200,800,512,341,CAPS,"q=100,tile=64",86392,3.9585777126099706,13.455166000028385,15.01125000004322,8.06671,8.5455,99.0,1.0,1.0,0.9999999999999881,1.0,subprocess wall time including PPM I/O; codec_* fields are resident timing
chat_preview,ui_text,meme_card,1200,800,512,341,JPEG,"seq420,q=1",1824,0.08357771260997067,0.7294170000022859,0.5172499999730462,nan,nan,22.8977416316117,0.6393094678861467,0.7745677925619106,0.84963434874911,0.9692793471303508,Pillow wall time including file I/O
chat_preview,ui_text,meme_card,1200,800,512,341,JPEG,"prog420,q=1",2073,0.09498717008797654,0.8037079999780872,0.5867080000143687,nan,nan,22.8977416316117,0.6393094678861467,0.7745677925619106,0.84963434874911,0.9692793471303508,Pillow wall time including file I/O
chat_preview,ui_text,meme_card,1200,800,512,341,JPEG,"seq444,q=1",2825,0.12944464809384165,0.9208330000092246,0.5156249999913598,nan,nan,23.155557962636767,0.6370998424378228,0.776582007081933,0.8483726829106454,0.9708161006129391,Pillow wall time including file I/O
chat_preview,ui_text,meme_card,1200,800,512,341,JPEG,"prog444,q=1",3142,0.14396994134897362,1.1822499999993852,0.9138329999700545,nan,nan,23.155557962636767,0.6370998424378228,0.776582007081933,0.8483726829106454,0.9708161006129391,Pillow wall time including file I/O
chat_preview,ui_text,meme_card,1200,800,512,341,JPEG,"seq420,q=2",1826,0.08366935483870967,0.5570420000253762,0.43837499998744534,nan,nan,22.900036173507907,0.6393184443590244,0.7745816709777783,0.8496440919199565,0.9692864192745001,Pillow wall time including file I/O
chat_preview,ui_text,meme_card,1200,800,512,341,JPEG,"prog420,q=2",2076,0.09512463343108504,0.8173329999863199,0.5654999999933352,nan,nan,22.900036173507907,0.6393184443590244,0.7745816709777783,0.8496440919199565,0.9692864192745001,Pillow wall time including file I/O
chat_preview,ui_text,meme_card,1200,800,512,341,JPEG,"seq444,q=2",2827,0.12953629032258066,1.3576659999898766,0.38679099998262245,nan,nan,23.15930035197897,0.6370926032348048,0.7766134406567312,0.8483969356929234,0.9708304217921508,Pillow wall time including file I/O
chat_preview,ui_text,meme_card,1200,800,512,341,JPEG,"prog444,q=2",3145,0.1441074046920821,1.2124159999871154,0.9109580000199458,nan,nan,23.15930035197897,0.6370926032348048,0.7766134406567312,0.8483969356929234,0.9708304217921508,Pillow wall time including file I/O
chat_preview,ui_text,meme_card,1200,800,512,341,JPEG,"seq420,q=3",1867,0.08554802052785923,0.5839579999928901,0.4605830000059541,nan,nan,22.98147427261207,0.6425547201273564,0.7757092560819538,0.8500694254902315,0.9696156796854486,Pillow wall time including file I/O
chat_preview,ui_text,meme_card,1200,800,512,341,JPEG,"prog420,q=3",2114,0.0968658357771261,0.7986249999589745,0.70037500000808,nan,nan,22.98147427261207,0.6425547201273564,0.7757092560819538,0.8500694254902315,0.9696156796854486,Pillow wall time including file I/O
chat_preview,ui_text,meme_card,1200,800,512,341,JPEG,"seq444,q=3",2867,0.1313691348973607,0.873999999953412,0.4935000000045875,nan,nan,23.209905818274002,0.6390954659181478,0.7771618129604939,0.8490167204883942,0.9710012416743083,Pillow wall time including file I/O
chat_preview,ui_text,meme_card,1200,800,512,341,JPEG,"prog444,q=3",3183,0.14584860703812316,1.1613750000378786,0.769542000000456,nan,nan,23.209905818274002,0.6390954659181478,0.7771618129604939,0.8490167204883942,0.9710012416743083,Pillow wall time including file I/O
chat_preview,ui_text,meme_card,1200,800,512,341,JPEG,"seq420,q=4",2023,0.09269611436950147,0.5692500000122891,0.4561669999816331,nan,nan,24.54328087473664,0.6903508933829349,0.8099411723506761,0.8719725494233926,0.9789291194568382,Pillow wall time including file I/O
chat_preview,ui_text,meme_card,1200,800,512,341,JPEG,"prog420,q=4",2280,0.10447214076246335,0.8667910000212942,0.6007090000252902,nan,nan,24.54328087473664,0.6903508933829349,0.8099411723506761,0.8719725494233926,0.9789291194568382,Pillow wall time including file I/O
chat_preview,ui_text,meme_card,1200,800,512,341,JPEG,"seq444,q=4",3034,0.13902126099706744,0.9199579999972229,0.37279100001796905,nan,nan,24.867085228944482,0.6847955156056313,0.8107517809164294,0.8728459930832841,0.9803204458670575,Pillow wall time including file I/O
chat_preview,ui_text,meme_card,1200,800,512,341,JPEG,"prog444,q=4",3328,0.15249266862170088,1.2163750000127038,0.7810410000388401,nan,nan,24.867085228944482,0.6847955156056313,0.8107517809164294,0.8728459930832841,0.9803204458670575,Pillow wall time including file I/O
chat_preview,ui_text,meme_card,1200,800,512,341,JPEG,"seq420,q=5",2168,0.09934017595307917,0.5918329999872185,0.4532080000103633,nan,nan,26.103542292774176,0.7622195189302129,0.8426991941271305,0.9058608302726419,0.985513298843236,Pillow wall time including file I/O
chat_preview,ui_text,meme_card,1200,800,512,341,JPEG,"prog420,q=5",2390,0.1095124633431085,0.836499999991247,0.742166999998517,nan,nan,26.103542292774176,0.7622195189302129,0.8426991941271305,0.9058608302726419,0.985513298843236,Pillow wall time including file I/O
chat_preview,ui_text,meme_card,1200,800,512,341,JPEG,"seq444,q=5",3182,0.14580278592375367,0.8327090000079806,0.5110840000384087,nan,nan,26.73584762323825,0.7661817608739675,0.8473744204989538,0.9052760371272888,0.987559816744537,Pillow wall time including file I/O
chat_preview,ui_text,meme_card,1200,800,512,341,JPEG,"prog444,q=5",3439,0.15757881231671556,1.1652079999748821,0.8862079999971684,nan,nan,26.73584762323825,0.7661817608739675,0.8473744204989538,0.9052760371272888,0.987559816744537,Pillow wall time including file I/O
chat_preview,ui_text,meme_card,1200,800,512,341,JPEG,"seq420,q=6",2322,0.10639662756598241,0.5846669999982623,0.49975000001722947,nan,nan,27.24306145318873,0.7875004264326829,0.8627209632764082,0.9184280173663695,0.9891251826534689,Pillow wall time including file I/O
chat_preview,ui_text,meme_card,1200,800,512,341,JPEG,"prog420,q=6",2573,0.11789772727272728,0.8819160000257398,0.7343330000253445,nan,nan,27.24306145318873,0.7875004264326829,0.8627209632764082,0.9184280173663695,0.9891251826534689,Pillow wall time including file I/O
chat_preview,ui_text,meme_card,1200,800,512,341,JPEG,"seq444,q=6",3357,0.1538214809384164,0.855417000025227,0.4935829999794805,nan,nan,27.955339467165704,0.7924360596106704,0.8671724936971232,0.9186381854663379,0.9908826842623271,Pillow wall time including file I/O
chat_preview,ui_text,meme_card,1200,800,512,341,JPEG,"prog444,q=6",3627,0.16619318181818182,1.158582999948976,0.7892499999684333,nan,nan,27.955339467165704,0.7924360596106704,0.8671724936971232,0.9186381854663379,0.9908826842623271,Pillow wall time including file I/O
chat_preview,ui_text,meme_card,1200,800,512,341,JPEG,"seq420,q=7",2462,0.1128115835777126,0.5767499999933534,0.31054100003302665,nan,nan,28.177736800073696,0.8008741791773973,0.8807299323440598,0.9339017036104131,0.9914414162217945,Pillow wall time including file I/O
chat_preview,ui_text,meme_card,1200,800,512,341,JPEG,"prog420,q=7",2676,0.12261730205278593,0.8497089999650598,0.6186670000261074,nan,nan,28.177736800073696,0.8008741791773973,0.8807299323440598,0.9339017036104131,0.9914414162217945,Pillow wall time including file I/O
chat_preview,ui_text,meme_card,1200,800,512,341,JPEG,"seq444,q=7",3521,0.16133614369501467,0.8830839999518503,0.3940839999927448,nan,nan,29.09088448329738,0.80906235037193,0.8868800005904988,0.9332012660747238,0.9931561599311973,Pillow wall time including file I/O
chat_preview,ui_text,meme_card,1200,800,512,341,JPEG,"prog444,q=7",3764,0.17247067448680353,1.217666000002282,0.7918329999938578,nan,nan,29.09088448329738,0.80906235037193,0.8868800005904988,0.9332012660747238,0.9931561599311973,Pillow wall time including file I/O
chat_preview,ui_text,meme_card,1200,800,512,341,JPEG,"seq420,q=8",2580,0.11821847507331379,0.5984580000131245,0.491500000009637,nan,nan,28.73416181797812,0.8098206232202907,0.8937144862915823,0.9409425068281513,0.9926336731915472,Pillow wall time including file I/O
chat_preview,ui_text,meme_card,1200,800,512,341,JPEG,"prog420,q=8",2792,0.1279325513196481,0.8399999999824104,0.7378750000270884,nan,nan,28.73416181797812,0.8098206232202907,0.8937144862915823,0.9409425068281513,0.9926336731915472,Pillow wall time including file I/O
chat_preview,ui_text,meme_card,1200,800,512,341,JPEG,"seq444,q=8",3655,0.16747617302052786,0.8561660000054871,0.5367499999806569,nan,nan,29.781042781035175,0.8208369154619962,0.9006959185346312,0.9420350950844625,0.99432555436609,Pillow wall time including file I/O
chat_preview,ui_text,meme_card,1200,800,512,341,JPEG,"prog444,q=8",3873,0.17746517595307917,1.2241670000321392,0.9393329999625166,nan,nan,29.781042781035175,0.8208369154619962,0.9006959185346312,0.9420350950844625,0.99432555436609,Pillow wall time including file I/O
chat_preview,ui_text,meme_card,1200,800,512,341,JPEG,"seq420,q=9",2705,0.12394611436950147,0.5912080000030073,0.47066700000186756,nan,nan,29.359725283029686,0.8218260153693918,0.9075888575565427,0.95349203267809,0.9937782137259115,Pillow wall time including file I/O
chat_preview,ui_text,meme_card,1200,800,512,341,JPEG,"prog420,q=9",2865,0.1312774926686217,0.8515000000102191,0.7326250000119217,nan,nan,29.359725283029686,0.8218260153693918,0.9075888575565427,0.95349203267809,0.9937782137259115,Pillow wall time including file I/O
chat_preview,ui_text,meme_card,1200,800,512,341,JPEG,"seq444,q=9",3806,0.1743951612903226,0.8951249999995525,0.5323330000237547,nan,nan,30.586338040767696,0.8356312854918618,0.9150163588564277,0.953766594633415,0.9954671484790995,Pillow wall time including file I/O
chat_preview,ui_text,meme_card,1200,800,512,341,JPEG,"prog444,q=9",3966,0.18172653958944282,1.2424589999682212,0.9392499999876236,nan,nan,30.586338040767696,0.8356312854918618,0.9150163588564277,0.953766594633415,0.9954671484790995,Pillow wall time including file I/O
chat_preview,ui_text,meme_card,1200,800,512,341,JPEG,"seq420,q=10",2793,0.1279783724340176,0.600167000015972,0.5037500000071304,nan,nan,29.66789081774747,0.8257615722213124,0.9157143828671498,0.9578204284282378,0.994249163613117,Pillow wall time including file I/O
chat_preview,ui_text,meme_card,1200,800,512,341,JPEG,"prog420,q=10",2963,0.13576796187683285,3.5139590000312637,0.6341249999763932,nan,nan,29.66789081774747,0.8257615722213124,0.9157143828671498,0.9578204284282378,0.994249163613117,Pillow wall time including file I/O
chat_preview,ui_text,meme_card,1200,800,512,341,JPEG,"seq444,q=10",3916,0.17943548387096775,0.8996669999987716,0.3687920000174927,nan,nan,30.97053976743704,0.8424331657750997,0.9239476868990595,0.9583692517366285,0.9958888131747532,Pillow wall time including file I/O
chat_preview,ui_text,meme_card,1200,800,512,341,JPEG,"prog444,q=10",4065,0.18626282991202345,1.1978750000025684,0.7995000000278196,nan,nan,30.97053976743704,0.8424331657750997,0.9239476868990595,0.9583692517366285,0.9958888131747532,Pillow wall time including file I/O
chat_preview,ui_text,meme_card,1200,800,512,341,JPEG,"seq420,q=11",2878,0.1318731671554252,0.6098749999523534,0.3268749999847387,nan,nan,29.948960759772596,0.8320977514699143,0.9228390783321004,0.9619539286822153,0.9946815487509153,Pillow wall time including file I/O
chat_preview,ui_text,meme_card,1200,800,512,341,JPEG,"prog420,q=11",3019,0.13833394428152493,0.9267080000086025,0.6201660000328957,nan,nan,29.948960759772596,0.8320977514699143,0.9228390783321004,0.9619539286822153,0.9946815487509153,Pillow wall time including file I/O
chat_preview,ui_text,meme_card,1200,800,512,341,JPEG,"seq444,q=11",4021,0.18424670087976538,0.8852089999891177,0.5017080000015994,nan,nan,31.365576443365363,0.8524225882232397,0.9328582229469041,0.9622340349306086,0.9963364975862586,Pillow wall time including file I/O
chat_preview,ui_text,meme_card,1200,800,512,341,JPEG,"prog444,q=11",4159,0.1905700146627566,1.250833000028706,0.924333000000388,nan,nan,31.365576443365363,0.8524225882232397,0.9328582229469041,0.9622340349306086,0.9963364975862586,Pillow wall time including file I/O
chat_preview,ui_text,meme_card,1200,800,512,341,JPEG,"seq420,q=12",2951,0.13521810850439883,0.5734580000194001,0.4761669999879814,nan,nan,30.29217993383446,0.83817171892718,0.9292071633118205,0.9635938010005837,0.9951809236080345,Pillow wall time including file I/O
chat_preview,ui_text,meme_card,1200,800,512,341,JPEG,"prog420,q=12",3102,0.14213709677419356,0.8705000000190921,0.7128749999765205,nan,nan,30.29217993383446,0.83817171892718,0.9292071633118205,0.9635938010005837,0.9951809236080345,Pillow wall time including file I/O
chat_preview,ui_text,meme_card,1200,800,512,341,JPEG,"seq444,q=12",4119,0.18873717008797655,0.9312500000078217,1.1553339999750278,nan,nan,31.737877711314955,0.8584968421078667,0.9384893803973999,0.9648525312836793,0.9967032001365614,Pillow wall time including file I/O
chat_preview,ui_text,meme_card,1200,800,512,341,JPEG,"prog444,q=12",4246,0.19455645161290322,1.227375000041775,0.8267079999768612,nan,nan,31.737877711314955,0.8584968421078667,0.9384893803973999,0.9648525312836793,0.9967032001365614,Pillow wall time including file I/O
chat_preview,ui_text,meme_card,1200,800,512,341,JPEG,"seq420,q=13",3035,0.13906708211143695,0.6247500000426953,0.34783399996740627,nan,nan,30.7258362431337,0.8513434310482803,0.9365912372063985,0.9703923124231405,0.9958711544015972,Pillow wall time including file I/O
chat_preview,ui_text,meme_card,1200,800,512,341,JPEG,"prog420,q=13",3199,0.14658174486803519,4.178541999976915,3.1085420000067643,nan,nan,30.7258362431337,0.8513434310482803,0.9365912372063985,0.9703923124231405,0.9958711544015972,Pillow wall time including file I/O
chat_preview,ui_text,meme_card,1200,800,512,341,JPEG,"seq444,q=13",4214,0.19309017595307917,0.8778340000503704,0.5178749999572574,nan,nan,32.35315217066422,0.8752806460725671,0.9469621184220453,0.9709484361143161,0.997368751631851,Pillow wall time including file I/O
chat_preview,ui_text,meme_card,1200,800,512,341,JPEG,"prog444,q=13",4344,0.19904692082111436,1.310749999959171,0.9844159999943258,nan,nan,32.35315217066422,0.8752806460725671,0.9469621184220453,0.9709484361143161,0.997368751631851,Pillow wall time including file I/O
chat_preview,ui_text,meme_card,1200,800,512,341,JPEG,"seq420,q=14",3097,0.14190799120234604,0.6509170000299491,0.5108749999749307,nan,nan,30.864718609419818,0.8595905087283926,0.9411579007366765,0.9735038495311292,0.9960781314537059,Pillow wall time including file I/O
chat_preview,ui_text,meme_card,1200,800,512,341,JPEG,"prog420,q=14",3289,0.1507056451612903,0.8358329999964553,0.6351249999738684,nan,nan,30.864718609419818,0.8595905087283926,0.9411579007366765,0.9735038495311292,0.9960781314537059,Pillow wall time including file I/O
chat_preview,ui_text,meme_card,1200,800,512,341,JPEG,"seq444,q=14",4283,0.1962518328445748,0.8712079999781963,0.3814589999819873,nan,nan,32.56393898149211,0.8817874414290814,0.951284932880669,0.973887405948456,0.9975598670650877,Pillow wall time including file I/O
chat_preview,ui_text,meme_card,1200,800,512,341,JPEG,"prog444,q=14",4399,0.20156708211143695,1.2789999999540669,0.9765000000356849,nan,nan,32.56393898149211,0.8817874414290814,0.951284932880669,0.973887405948456,0.9975598670650877,Pillow wall time including file I/O
chat_preview,ui_text,meme_card,1200,800,512,341,JPEG,"seq420,q=15",3206,0.1469024926686217,0.6106249999788815,0.4608340000231692,nan,nan,31.116637083454187,0.864885435422874,0.9449174310094683,0.9764589419089731,0.9963453165308126,Pillow wall time including file I/O
chat_preview,ui_text,meme_card,1200,800,512,341,JPEG,"prog420,q=15",3410,0.15625,0.913458999946215,0.7473329999925227,nan,nan,31.116637083454187,0.864885435422874,0.9449174310094683,0.9764589419089731,0.9963453165308126,Pillow wall time including file I/O
chat_preview,ui_text,meme_card,1200,800,512,341,JPEG,"seq444,q=15",4383,0.20083394428152493,0.9147079999820562,0.5273749999901156,nan,nan,32.8989762731035,0.8883871936021926,0.95580895209178,0.9762732619243483,0.9977987255531336,Pillow wall time including file I/O
chat_preview,ui_text,meme_card,1200,800,512,341,JPEG,"prog444,q=15",4494,0.2059200879765396,1.2695830000097885,0.8298330000116039,nan,nan,32.8989762731035,0.8883871936021926,0.95580895209178,0.9762732619243483,0.9977987255531336,Pillow wall time including file I/O
chat_preview,ui_text,meme_card,1200,800,512,341,JPEG,"seq420,q=16",3323,0.15226356304985336,0.6161670000324193,0.34212500003150126,nan,nan,31.389032253283236,0.8696611164462068,0.9480059174879143,0.9782195735864544,0.9965818424239996,Pillow wall time including file I/O
chat_preview,ui_text,meme_card,1200,800,512,341,JPEG,"prog420,q=16",3511,0.16087793255131966,0.9131250000109503,0.7467089999977361,nan,nan,31.389032253283236,0.8696611164462068,0.9480059174879143,0.9782195735864544,0.9965818424239996,Pillow wall time including file I/O
chat_preview,ui_text,meme_card,1200,800,512,341,JPEG,"seq444,q=16",4489,0.20569098240469208,0.909582999952363,0.5146670000044651,nan,nan,33.13839827114764,0.8928969386475148,0.9592663318307545,0.9787171021435364,0.9979514730893833,Pillow wall time including file I/O
chat_preview,ui_text,meme_card,1200,800,512,341,JPEG,"prog444,q=16",4579,0.2098148826979472,1.2830830000325477,0.9425839999721575,nan,nan,33.13839827114764,0.8928969386475148,0.9592663318307545,0.9787171021435364,0.9979514730893833,Pillow wall time including file I/O
chat_preview,ui_text,meme_card,1200,800,512,341,JPEG,"seq420,q=17",3423,0.15684567448680353,0.6064169999717706,0.4804170000056729,nan,nan,31.618803986352738,0.874262680451086,0.9515908936358629,0.9797740596940899,0.9968041942016407,Pillow wall time including file I/O
chat_preview,ui_text,meme_card,1200,800,512,341,JPEG,"prog420,q=17",3610,0.16541422287390029,1.0238749999871288,0.748708000003262,nan,nan,31.618803986352738,0.874262680451086,0.9515908936358629,0.9797740596940899,0.9968041942016407,Pillow wall time including file I/O
chat_preview,ui_text,meme_card,1200,800,512,341,JPEG,"seq444,q=17",4600,0.21077712609970675,0.9119999999711581,0.5134580000003552,nan,nan,33.39657331465591,0.8982442047307441,0.9624998187957562,0.9803834171261101,0.9981101012973416,Pillow wall time including file I/O
chat_preview,ui_text,meme_card,1200,800,512,341,JPEG,"prog444,q=17",4668,0.21389296187683285,1.2827090000087082,0.9561250000160726,nan,nan,33.39657331465591,0.8982442047307441,0.9624998187957562,0.9803834171261101,0.9981101012973416,Pillow wall time including file I/O
chat_preview,ui_text,meme_card,1200,800,512,341,JPEG,"seq420,q=18",3566,0.16339809384164222,0.6223329999670568,0.4867500000500513,nan,nan,31.8228719129918,0.8784745564665227,0.955182832302368,0.9812089808202414,0.996984201658009,Pillow wall time including file I/O
chat_preview,ui_text,meme_card,1200,800,512,341,JPEG,"prog420,q=18",3766,0.17256231671554254,0.8936250000033397,0.7719580000298265,nan,nan,31.8228719129918,0.8784745564665227,0.955182832302368,0.9812089808202414,0.996984201658009,Pillow wall time including file I/O
chat_preview,ui_text,meme_card,1200,800,512,341,JPEG,"seq444,q=18",4740,0.21719208211143695,0.9258340000428689,0.5167919999848891,nan,nan,33.56547414396629,0.9006900647908402,0.9655089318371212,0.9817221283529218,0.9981913899135139,Pillow wall time including file I/O
chat_preview,ui_text,meme_card,1200,800,512,341,JPEG,"prog444,q=18",4780,0.219024926686217,1.2727920000088488,0.8309169999733967,nan,nan,33.56547414396629,0.9006900647908402,0.9655089318371212,0.9817221283529218,0.9981913899135139,Pillow wall time including file I/O
chat_preview,ui_text,meme_card,1200,800,512,341,JPEG,"seq420,q=19",3643,0.16692631964809385,0.5925000000388536,0.3555000000119435,nan,nan,32.11842576139961,0.8833864389975244,0.957168742006648,0.9823090004140014,0.9972113373610126,Pillow wall time including file I/O
chat_preview,ui_text,meme_card,1200,800,512,341,JPEG,"prog420,q=19",3838,0.17586143695014664,0.9103329999788912,0.7434159999775147,nan,nan,32.11842576139961,0.8833864389975244,0.957168742006648,0.9823090004140014,0.9972113373610126,Pillow wall time including file I/O
chat_preview,ui_text,meme_card,1200,800,512,341,JPEG,"seq444,q=19",4835,0.2215450879765396,0.9043750000046202,0.3832080000165661,nan,nan,33.81106885453217,0.9041711922679156,0.9673715035907091,0.9828722809728707,0.9983064116458656,Pillow wall time including file I/O
chat_preview,ui_text,meme_card,1200,800,512,341,JPEG,"prog444,q=19",4876,0.22342375366568915,1.2967499999945176,0.9528750000526998,nan,nan,33.81106885453217,0.9041711922679156,0.9673715035907091,0.9828722809728707,0.9983064116458656,Pillow wall time including file I/O
chat_preview,ui_text,meme_card,1200,800,512,341,JPEG,"seq420,q=20",3728,0.17082111436950145,0.61675000000605,0.48574999999573265,nan,nan,32.34730455870175,0.8886443184480665,0.9589839102034489,0.9834813682652878,0.9973759571577439,Pillow wall time including file I/O
chat_preview,ui_text,meme_card,1200,800,512,341,JPEG,"prog420,q=20",3908,0.17906891495601174,0.9135420000347949,0.7830000000126347,nan,nan,32.34730455870175,0.8886443184480665,0.9589839102034489,0.9834813682652878,0.9973759571577439,Pillow wall time including file I/O
chat_preview,ui_text,meme_card,1200,800,512,341,JPEG,"seq444,q=20",4924,0.2256231671554252,0.8487080000350034,0.3758330000209753,nan,nan,34.03877712974467,0.9081861879056468,0.9693130043916686,0.9840786891433346,0.9984147008402005,Pillow wall time including file I/O
chat_preview,ui_text,meme_card,1200,800,512,341,JPEG,"prog444,q=20",4931,0.22594391495601174,1.2902500000109285,0.978707999991002,nan,nan,34.03877712974467,0.9081861879056468,0.9693130043916686,0.9840786891433346,0.9984147008402005,Pillow wall time including file I/O
chat_preview,ui_text,meme_card,1200,800,512,341,JPEG,"seq420,q=21",3828,0.17540322580645162,0.667125000006763,0.47270799996113055,nan,nan,32.684144532348355,0.8933411543765782,0.9611600643864598,0.984553969280069,0.9976135271561872,Pillow wall time including file I/O
chat_preview,ui_text,meme_card,1200,800,512,341,JPEG,"prog420,q=21",3980,0.18236803519061584,0.9596250000072359,0.7537079999906382,nan,nan,32.684144532348355,0.8933411543765782,0.9611600643864598,0.984553969280069,0.9976135271561872,Pillow wall time including file I/O
chat_preview,ui_text,meme_card,1200,800,512,341,JPEG,"seq444,q=21",5014,0.22974706744868034,0.890707999985807,0.3900830000134192,nan,nan,34.41731063280137,0.9146488363656013,0.9724693568362265,0.9849794735374063,0.9985958579601163,Pillow wall time including file I/O
chat_preview,ui_text,meme_card,1200,800,512,341,JPEG,"prog444,q=21",5015,0.22979288856304986,1.2927920000151971,0.9749999999826287,nan,nan,34.41731063280137,0.9146488363656013,0.9724693568362265,0.9849794735374063,0.9985958579601163,Pillow wall time including file I/O
chat_preview,ui_text,meme_card,1200,800,512,341,JPEG,"seq420,q=22",3892,0.17833577712609971,0.6552920000331142,0.47104200001513163,nan,nan,32.90803032380421,0.8987273021546014,0.9637201227859586,0.9851146689984184,0.9977550082353708,Pillow wall time including file I/O
chat_preview,ui_text,meme_card,1200,800,512,341,JPEG,"prog420,q=22",4035,0.1848881964809384,3.3595829999626403,0.6635000000301261,nan,nan,32.90803032380421,0.8987273021546014,0.9637201227859586,0.9851146689984184,0.9977550082353708,Pillow wall time including file I/O
chat_preview,ui_text,meme_card,1200,800,512,341,JPEG,"seq444,q=22",5074,0.23249633431085043,0.9091669999747864,0.3922910000255797,nan,nan,34.52648741125504,0.9158903131918006,0.9730509655594416,0.9859805444800395,0.998623931843846,Pillow wall time including file I/O
chat_preview,ui_text,meme_card,1200,800,512,341,JPEG,"prog444,q=22",5057,0.23171737536656892,1.3256249999926695,0.9062919999678343,nan,nan,34.52648741125504,0.9158903131918006,0.9730509655594416,0.9859805444800395,0.998623931843846,Pillow wall time including file I/O
chat_preview,ui_text,meme_card,1200,800,512,341,JPEG,"seq420,q=23",3957,0.1813141495601173,0.6321660000025986,0.4822500000045693,nan,nan,33.1786682810674,0.9039714314816815,0.9658207491466314,0.9858577056956128,0.9979043996566567,Pillow wall time including file I/O
chat_preview,ui_text,meme_card,1200,800,512,341,JPEG,"prog420,q=23",4098,0.187774926686217,0.8941250000020773,0.7491669999808437,nan,nan,33.1786682810674,0.9039714314816815,0.9658207491466314,0.9858577056956128,0.9979043996566567,Pillow wall time including file I/O
chat_preview,ui_text,meme_card,1200,800,512,341,JPEG,"seq444,q=23",5176,0.2371700879765396,0.8998330000054011,0.5094170000461418,nan,nan,34.763264777702084,0.918643708594165,0.974355280648528,0.9865229250766243,0.9987023655138456,Pillow wall time including file I/O
chat_preview,ui_text,meme_card,1200,800,512,341,JPEG,"prog444,q=23",5138,0.23542888563049855,1.286665999998604,0.9780419999856349,nan,nan,34.763264777702084,0.918643708594165,0.974355280648528,0.9865229250766243,0.9987023655138456,Pillow wall time including file I/O
chat_preview,ui_text,meme_card,1200,800,512,341,JPEG,"seq420,q=24",4050,0.18557551319648094,0.5977910000183329,0.4782089999935124,nan,nan,33.40191634498864,0.9064116585500619,0.9675229393956615,0.9864634149512471,0.9979966251560801,Pillow wall time including file I/O
chat_preview,ui_text,meme_card,1200,800,512,341,JPEG,"prog420,q=24",4196,0.19226539589442815,0.9152500000482178,0.7492080000019996,nan,nan,33.40191634498864,0.9064116585500619,0.9675229393956615,0.9864634149512471,0.9979966251560801,Pillow wall time including file I/O
chat_preview,ui_text,meme_card,1200,800,512,341,JPEG,"seq444,q=24",5272,0.24156891495601174,0.9085419999905753,0.5138329999567759,nan,nan,34.928522137619545,0.9198892482095177,0.9756670841872205,0.9872811602415368,0.9987213225770079,Pillow wall time including file I/O
chat_preview,ui_text,meme_card,1200,800,512,341,JPEG,"prog444,q=24",5225,0.23941532258064516,1.334708000001683,0.9699160000309348,nan,nan,34.928522137619545,0.9198892482095177,0.9756670841872205,0.9872811602415368,0.9987213225770079,Pillow wall time including file I/O
chat_preview,ui_text,meme_card,1200,800,512,341,JPEG,"seq420,q=25",4096,0.187683284457478,0.6154170000058912,0.46370799998385337,nan,nan,33.661342021482504,0.9101675253144309,0.9691425100000678,0.9877617526567649,0.9981536887724263,Pillow wall time including file I/O
chat_preview,ui_text,meme_card,1200,800,512,341,JPEG,"prog420,q=25",4247,0.19460227272727273,0.9474169999634796,0.7645000000024993,nan,nan,33.661342021482504,0.9101675253144309,0.9691425100000678,0.9877617526567649,0.9981536887724263,Pillow wall time including file I/O
chat_preview,ui_text,meme_card,1200,800,512,341,JPEG,"seq444,q=25",5343,0.24482221407624633,0.9192080000275382,0.5287910000220108,nan,nan,35.167126312605795,0.9234189011910129,0.9770123970175163,0.9883740879258608,0.9988228087066645,Pillow wall time including file I/O
chat_preview,ui_text,meme_card,1200,800,512,341,JPEG,"prog444,q=25",5290,0.24239369501466276,1.2958330000287788,1.0608329999968191,nan,nan,35.167126312605795,0.9234189011910129,0.9770123970175163,0.9883740879258608,0.9988228087066645,Pillow wall time including file I/O
chat_preview,ui_text,meme_card,1200,800,512,341,JPEG,"seq420,q=26",4146,0.18997434017595308,0.6357920000255035,0.42883300000085,nan,nan,33.83563003393783,0.9140835668504829,0.9705030411486342,0.9879613032366367,0.9982421199128378,Pillow wall time including file I/O
chat_preview,ui_text,meme_card,1200,800,512,341,JPEG,"prog420,q=26",4307,0.19735153958944282,1.0151669999913793,0.8136659999991025,nan,nan,33.83563003393783,0.9140835668504829,0.9705030411486342,0.9879613032366367,0.9982421199128378,Pillow wall time including file I/O
chat_preview,ui_text,meme_card,1200,800,512,341,JPEG,"seq444,q=26",5412,0.24798387096774194,0.9604169999875012,0.5528750000394211,nan,nan,35.330596016811626,0.9254375929984008,0.9777990817841244,0.9887474622560135,0.9988679514077461,Pillow wall time including file I/O
chat_preview,ui_text,meme_card,1200,800,512,341,JPEG,"prog444,q=26",5358,0.24550953079178886,1.3647079999827838,1.0253329999727612,nan,nan,35.330596016811626,0.9254375929984008,0.9777990817841244,0.9887474622560135,0.9988679514077461,Pillow wall time including file I/O
chat_preview,ui_text,meme_card,1200,800,512,341,JPEG,"seq420,q=27",4224,0.1935483870967742,0.6649580000157584,0.4856249999534157,nan,nan,34.09524692676558,0.9185719914336529,0.9723674725275826,0.9884939099391061,0.9983621198944649,Pillow wall time including file I/O
chat_preview,ui_text,meme_card,1200,800,512,341,JPEG,"prog420,q=27",4352,0.19941348973607037,0.9202090000144381,0.740415999985089,nan,nan,34.09524692676558,0.9185719914336529,0.9723674725275826,0.9884939099391061,0.9983621198944649,Pillow wall time including file I/O
chat_preview,ui_text,meme_card,1200,800,512,341,JPEG,"seq444,q=27",5571,0.25526942815249265,0.9018750000109321,0.38924999995515464,nan,nan,35.489102797413146,0.9279240168330647,0.9788230337869083,0.9893069881797049,0.9989160130448336,Pillow wall time including file I/O
chat_preview,ui_text,meme_card,1200,800,512,341,JPEG,"prog444,q=27",5548,0.25421554252199413,1.309292000030382,1.0130829999752677,nan,nan,35.489102797413146,0.9279240168330647,0.9788230337869083,0.9893069881797049,0.9989160130448336,Pillow wall time including file I/O
chat_preview,ui_text,meme_card,1200,800,512,341,JPEG,"seq420,q=28",4272,0.19574780058651026,0.6390839999994569,0.3600829999754751,nan,nan,34.24018018590517,0.9204191504268578,0.9732729367030143,0.9893484623577437,0.9984383202211226,Pillow wall time including file I/O
chat_preview,ui_text,meme_card,1200,800,512,341,JPEG,"prog420,q=28",4379,0.20065065982404692,0.936707999983355,0.7852499999785323,nan,nan,34.24018018590517,0.9204191504268578,0.9732729367030143,0.9893484623577437,0.9984383202211226,Pillow wall time including file I/O
chat_preview,ui_text,meme_card,1200,800,512,341,JPEG,"seq444,q=28",5688,0.26063049853372433,0.9333330000345086,0.5221249999749489,nan,nan,35.59212096116288,0.9304692071350558,0.9797375315081247,0.990164419224617,0.998949701443884,Pillow wall time including file I/O
chat_preview,ui_text,meme_card,1200,800,512,341,JPEG,"prog444,q=28",5641,0.2584769061583578,1.325832999953036,0.974499999983891,nan,nan,35.59212096116288,0.9304692071350558,0.9797375315081247,0.990164419224617,0.998949701443884,Pillow wall time including file I/O
chat_preview,ui_text,meme_card,1200,800,512,341,JPEG,"seq420,q=29",4339,0.19881781524926687,0.6186670000261074,0.4883330000211572,nan,nan,34.41539006127537,0.9221670092776367,0.9744730122080331,0.989390856731734,0.9985049865139185,Pillow wall time including file I/O
chat_preview,ui_text,meme_card,1200,800,512,341,JPEG,"prog420,q=29",4429,0.202941715542522,0.9424579999972593,0.7655839999642922,nan,nan,34.41539006127537,0.9221670092776367,0.9744730122080331,0.989390856731734,0.9985049865139185,Pillow wall time including file I/O
chat_preview,ui_text,meme_card,1200,800,512,341,JPEG,"seq444,q=29",5814,0.26640395894428154,0.8964589999891359,0.49816699998928016,nan,nan,35.78730592390857,0.931005420969839,0.9803693100372689,0.9901581110263293,0.9989916286459913,Pillow wall time including file I/O
chat_preview,ui_text,meme_card,1200,800,512,341,JPEG,"prog444,q=29",5758,0.26383797653958946,1.3287079999599882,0.9852079999745911,nan,nan,35.78730592390857,0.931005420969839,0.9803693100372689,0.9901581110263293,0.9989916286459913,Pillow wall time including file I/O
chat_preview,ui_text,meme_card,1200,800,512,341,JPEG,"seq420,q=30",4388,0.20106304985337242,0.6007499999896027,0.3485000000296168,nan,nan,34.44634867134592,0.9231296208207955,0.9750688820183449,0.9895284799956572,0.9984956812364026,Pillow wall time including file I/O
chat_preview,ui_text,meme_card,1200,800,512,341,JPEG,"prog420,q=30",4469,0.20477456011730205,0.9840420000273298,0.7759169999985716,nan,nan,34.44634867134592,0.9231296208207955,0.9750688820183449,0.9895284799956572,0.9984956812364026,Pillow wall time including file I/O
chat_preview,ui_text,meme_card,1200,800,512,341,JPEG,"seq444,q=30",5945,0.2724065249266862,0.9594590000006065,0.5404999999996107,nan,nan,35.830103360736125,0.9314427557438227,0.9808401236831296,0.9902595611488563,0.9989826554426829,Pillow wall time including file I/O
chat_preview,ui_text,meme_card,1200,800,512,341,JPEG,"prog444,q=30",5870,0.2689699413489736,1.3987919999749465,1.04754099999127,nan,nan,35.830103360736125,0.9314427557438227,0.9808401236831296,0.9902595611488563,0.9989826554426829,Pillow wall time including file I/O
chat_preview,ui_text,meme_card,1200,800,512,341,JPEG,"seq420,q=31",4441,0.203491568914956,0.6407500000022992,0.48095800002556643,nan,nan,34.69810238294065,0.9269567852212847,0.9762210979648619,0.9903958392906583,0.9986150578827312,Pillow wall time including file I/O
chat_preview,ui_text,meme_card,1200,800,512,341,JPEG,"prog420,q=31",4512,0.20674486803519063,0.9342500000002474,0.7946660000470729,nan,nan,34.69810238294065,0.9269567852212847,0.9762210979648619,0.9903958392906583,0.9986150578827312,Pillow wall time including file I/O
chat_preview,ui_text,meme_card,1200,800,512,341,JPEG,"seq444,q=31",6072,0.2782258064516129,0.9077499999534666,0.5377500000349755,nan,nan,36.0980549285018,0.9351612268108774,0.9815572782385197,0.9910205984339464,0.9990674644604957,Pillow wall time including file I/O
chat_preview,ui_text,meme_card,1200,800,512,341,JPEG,"prog444,q=31",6010,0.2753848973607038,1.309457999980168,0.9882909999987533,nan,nan,36.0980549285018,0.9351612268108774,0.9815572782385197,0.9910205984339464,0.9990674644604957,Pillow wall time including file I/O
chat_preview,ui_text,meme_card,1200,800,512,341,JPEG,"seq420,q=32",4487,0.20559934017595308,0.599666999960391,0.4819580000230417,nan,nan,34.7862705500722,0.9291289743256788,0.9769680615924345,0.9909317389473806,0.9986383730819948,Pillow wall time including file I/O
chat_preview,ui_text,meme_card,1200,800,512,341,JPEG,"prog420,q=32",4556,0.2087609970674487,0.9551249999617539,0.7515419999890582,nan,nan,34.7862705500722,0.9291289743256788,0.9769680615924345,0.9909317389473806,0.9986383730819948,Pillow wall time including file I/O
chat_preview,ui_text,meme_card,1200,800,512,341,JPEG,"seq444,q=32",6155,0.28202895894428154,0.9296249999692918,0.5301659999759067,nan,nan,36.259427519922845,0.936962019966948,0.9821606201963013,0.9914942997208155,0.9990922917110325,Pillow wall time including file I/O
chat_preview,ui_text,meme_card,1200,800,512,341,JPEG,"prog444,q=32",6068,0.2780425219941349,1.353250000022399,0.9941669999875558,nan,nan,36.259427519922845,0.936962019966948,0.9821606201963013,0.9914942997208155,0.9990922917110325,Pillow wall time including file I/O
chat_preview,ui_text,meme_card,1200,800,512,341,JPEG,"seq420,q=33",4551,0.20853189149560117,0.6417499999997744,0.49470800001927273,nan,nan,34.97075456406159,0.9314540866597799,0.9781636266866683,0.9913862168642125,0.9987296061998876,Pillow wall time including file I/O
chat_preview,ui_text,meme_card,1200,800,512,341,JPEG,"prog420,q=33",4601,0.21082294721407624,0.9317079999959788,0.8149999999886859,nan,nan,34.97075456406159,0.9314540866597799,0.9781636266866683,0.9913862168642125,0.9987296061998876,Pillow wall time including file I/O
chat_preview,ui_text,meme_card,1200,800,512,341,JPEG,"seq444,q=33",6269,0.2872525659824047,0.8835410000074262,0.5170420000126796,nan,nan,36.43093464724749,0.9395591423851554,0.9831950907465021,0.9920268214391159,0.9991535354947271,Pillow wall time including file I/O
chat_preview,ui_text,meme_card,1200,800,512,341,JPEG,"prog444,q=33",6159,0.28221224340175954,1.3287080000168316,0.9731249999731517,nan,nan,36.43093464724749,0.9395591423851554,0.9831950907465021,0.9920268214391159,0.9991535354947271,Pillow wall time including file I/O
chat_preview,ui_text,meme_card,1200,800,512,341,JPEG,"seq420,q=34",4598,0.21068548387096775,0.6164999999782594,0.4853330000287315,nan,nan,35.057799672534394,0.9329923800426202,0.9789185532069117,0.9914994457041777,0.9987593078881122,Pillow wall time including file I/O
chat_preview,ui_text,meme_card,1200,800,512,341,JPEG,"prog420,q=34",4652,0.21315982404692083,0.9469579999858979,0.7641249999892352,nan,nan,35.057799672534394,0.9329923800426202,0.9789185532069117,0.9914994457041777,0.9987593078881122,Pillow wall time including file I/O
chat_preview,ui_text,meme_card,1200,800,512,341,JPEG,"seq444,q=34",6403,0.2933925953079179,0.8944169999836049,0.5250830000136375,nan,nan,36.573230358418655,0.941486753399334,0.9839346502809084,0.9920208401082975,0.9991872452457605,Pillow wall time including file I/O
chat_preview,ui_text,meme_card,1200,800,512,341,JPEG,"prog444,q=34",6317,0.28945197947214074,1.3683340000056887,0.9931669999900805,nan,nan,36.573230358418655,0.941486753399334,0.9839346502809084,0.9920208401082975,0.9991872452457605,Pillow wall time including file I/O
chat_preview,ui_text,meme_card,1200,800,512,341,JPEG,"seq420,q=35",4664,0.21370967741935484,0.6497079999689959,0.4910420000214799,nan,nan,35.118533184108195,0.9340581077461537,0.9794380902801016,0.9915381937751634,0.9987726711696066,Pillow wall time including file I/O
chat_preview,ui_text,meme_card,1200,800,512,341,JPEG,"prog420,q=35",4730,0.21673387096774194,0.9061249999717802,0.6272090000152275,nan,nan,35.118533184108195,0.9340581077461537,0.9794380902801016,0.9915381937751634,0.9987726711696066,Pillow wall time including file I/O
chat_preview,ui_text,meme_card,1200,800,512,341,JPEG,"seq444,q=35",6497,0.29769978005865105,0.9167499999875872,0.39574999999558713,nan,nan,36.646320869469314,0.9425645560873428,0.9845351586760765,0.9922512503467131,0.9992006462113565,Pillow wall time including file I/O
chat_preview,ui_text,meme_card,1200,800,512,341,JPEG,"prog444,q=35",6411,0.2937591642228739,1.344291999998859,0.8412499999508327,nan,nan,36.646320869469314,0.9425645560873428,0.9845351586760765,0.9922512503467131,0.9992006462113565,Pillow wall time including file I/O
chat_preview,ui_text,meme_card,1200,800,512,341,JPEG,"seq420,q=36",4751,0.21769611436950145,0.6004159999974945,0.5016250000267064,nan,nan,35.20204367658762,0.93534666089584,0.9798780527465882,0.9918325296980997,0.9988235162183418,Pillow wall time including file I/O
chat_preview,ui_text,meme_card,1200,800,512,341,JPEG,"prog420,q=36",4796,0.21975806451612903,0.9018339999897762,0.767708000012135,nan,nan,35.20204367658762,0.93534666089584,0.9798780527465882,0.9918325296980997,0.9988235162183418,Pillow wall time including file I/O
chat_preview,ui_text,meme_card,1200,800,512,341,JPEG,"seq444,q=36",6677,0.3059475806451613,0.9286669999823971,0.5330000000185464,nan,nan,36.83010591380689,0.9451248681426067,0.985166731486629,0.992425654695908,0.9992511518728063,Pillow wall time including file I/O
chat_preview,ui_text,meme_card,1200,800,512,341,JPEG,"prog444,q=36",6568,0.30095307917888564,1.3117919999672267,0.8482499999900028,nan,nan,36.83010591380689,0.9451248681426067,0.985166731486629,0.992425654695908,0.9992511518728063,Pillow wall time including file I/O
chat_preview,ui_text,meme_card,1200,800,512,341,JPEG,"seq420,q=37",4823,0.22099523460410558,0.5982080000421774,0.491291999992427,nan,nan,35.181860106313835,0.9361147694903317,0.9800550726508047,0.991992408061863,0.9988257239341114,Pillow wall time including file I/O
chat_preview,ui_text,meme_card,1200,800,512,341,JPEG,"prog420,q=37",4886,0.22388196480938416,0.9132499999964239,0.6167499999492065,nan,nan,35.181860106313835,0.9361147694903317,0.9800550726508047,0.991992408061863,0.9988257239341114,Pillow wall time including file I/O
chat_preview,ui_text,meme_card,1200,800,512,341,JPEG,"seq444,q=37",6835,0.3131873167155425,0.9126250000122127,0.5069579999599227,nan,nan,36.93504843192286,0.9463402020201284,0.9853015239884332,0.9924080549243568,0.999274767180386,Pillow wall time including file I/O
chat_preview,ui_text,meme_card,1200,800,512,341,JPEG,"prog444,q=37",6737,0.3086968475073314,1.378082999963226,1.006375000031312,nan,nan,36.93504843192286,0.9463402020201284,0.9853015239884332,0.9924080549243568,0.999274767180386,Pillow wall time including file I/O
chat_preview,ui_text,meme_card,1200,800,512,341,JPEG,"seq420,q=38",4890,0.22406524926686217,0.5994580000105998,0.46724999998559724,nan,nan,35.294749194799664,0.9376703084718189,0.980517393744554,0.9924508994737283,0.9988574853006754,Pillow wall time including file I/O
chat_preview,ui_text,meme_card,1200,800,512,341,JPEG,"prog420,q=38",4939,0.22631048387096775,0.9327919999577716,0.744333000000097,nan,nan,35.294749194799664,0.9376703084718189,0.980517393744554,0.9924508994737283,0.9988574853006754,Pillow wall time including file I/O
chat_preview,ui_text,meme_card,1200,800,512,341,JPEG,"seq444,q=38",6926,0.3173570381231672,0.9138750000374785,0.4214159999946787,nan,nan,37.04886282747797,0.947807389048806,0.9858471012095572,0.9928293049997661,0.9992995170147732,Pillow wall time including file I/O
chat_preview,ui_text,meme_card,1200,800,512,341,JPEG,"prog444,q=38",6809,0.3119959677419355,1.3704159999861076,1.0305000000130349,nan,nan,37.04886282747797,0.947807389048806,0.9858471012095572,0.9928293049997661,0.9992995170147732,Pillow wall time including file I/O
chat_preview,ui_text,meme_card,1200,800,512,341,JPEG,"seq420,q=39",5039,0.2308925953079179,0.6260829999860107,0.47762500003045716,nan,nan,35.2697627042829,0.9384606500447238,0.9807411564876202,0.9928707034696078,0.9988493324904762,Pillow wall time including file I/O
chat_preview,ui_text,meme_card,1200,800,512,341,JPEG,"prog420,q=39",5140,0.23552052785923755,0.9479999999939537,0.6436250000092514,nan,nan,35.2697627042829,0.9384606500447238,0.9807411564876202,0.9928707034696078,0.9988493324904762,Pillow wall time including file I/O
chat_preview,ui_text,meme_card,1200,800,512,341,JPEG,"seq444,q=39",7131,0.32675036656891493,0.9165829999915331,0.5341670000120757,nan,nan,37.10274357910683,0.9488891375496383,0.9860871128196501,0.9930249155157941,0.9993064603976756,Pillow wall time including file I/O
chat_preview,ui_text,meme_card,1200,800,512,341,JPEG,"prog444,q=39",7047,0.3229013929618768,1.3665420000279482,1.0272910000139746,nan,nan,37.10274357910683,0.9488891375496383,0.9860871128196501,0.9930249155157941,0.9993064603976756,Pillow wall time including file I/O
chat_preview,ui_text,meme_card,1200,800,512,341,JPEG,"seq420,q=40",5068,0.23222140762463342,0.6415830000037204,0.5132499999831452,nan,nan,35.325283297537375,0.9390462927150184,0.981085766608692,0.9927885033258105,0.9988661940373454,Pillow wall time including file I/O
chat_preview,ui_text,meme_card,1200,800,512,341,JPEG,"prog420,q=40",5170,0.2368951612903226,0.985333000016908,0.6683330000214482,nan,nan,35.325283297537375,0.9390462927150184,0.981085766608692,0.9927885033258105,0.9988661940373454,Pillow wall time including file I/O
chat_preview,ui_text,meme_card,1200,800,512,341,JPEG,"seq444,q=40",7197,0.32977456011730205,0.9491249999769025,0.5499580000218884,nan,nan,37.17251126132055,0.9494946040988067,0.9863707217510095,0.9930368773079143,0.9993197208020276,Pillow wall time including file I/O
chat_preview,ui_text,meme_card,1200,800,512,341,JPEG,"prog444,q=40",7092,0.3249633431085044,1.4025420000507438,1.0227079999935995,nan,nan,37.17251126132055,0.9494946040988067,0.9863707217510095,0.9930368773079143,0.9993197208020276,Pillow wall time including file I/O
chat_preview,ui_text,meme_card,1200,800,512,341,JPEG,"seq420,q=41",5198,0.23817815249266863,0.7012920000306622,0.4509170000233098,nan,nan,35.363545953051535,0.9403356438550644,0.9812701863892282,0.9928896164628387,0.9988832071273299,Pillow wall time including file I/O
chat_preview,ui_text,meme_card,1200,800,512,341,JPEG,"prog420,q=41",5339,0.24463892961876832,1.024208999979237,0.8262919999992846,nan,nan,35.363545953051535,0.9403356438550644,0.9812701863892282,0.9928896164628387,0.9988832071273299,Pillow wall time including file I/O
chat_preview,ui_text,meme_card,1200,800,512,341,JPEG,"seq444,q=41",7351,0.3368310117302053,0.9277079999492344,0.4506660000060947,nan,nan,37.330726756488545,0.950736437000546,0.9868041076520336,0.9934075275549091,0.999349654704295,Pillow wall time including file I/O
chat_preview,ui_text,meme_card,1200,800,512,341,JPEG,"prog444,q=41",7244,0.3319281524926686,1.3592500000072505,0.8620830000154456,nan,nan,37.330726756488545,0.950736437000546,0.9868041076520336,0.9934075275549091,0.999349654704295,Pillow wall time including file I/O
chat_preview,ui_text,meme_card,1200,800,512,341,JPEG,"seq420,q=42",5401,0.2474798387096774,0.6975839999654454,0.3916249999633692,nan,nan,35.434848026551094,0.9410062091457249,0.9816561387497007,0.9931018531801432,0.9989065307903353,Pillow wall time including file I/O
chat_preview,ui_text,meme_card,1200,800,512,341,JPEG,"prog420,q=42",5574,0.2554068914956012,1.0464169999977457,0.8106659999498333,nan,nan,35.434848026551094,0.9410062091457249,0.9816561387497007,0.9931018531801432,0.9989065307903353,Pillow wall time including file I/O
chat_preview,ui_text,meme_card,1200,800,512,341,JPEG,"seq444,q=42",7596,0.34805718475073316,0.9948329999929229,0.5535409999879448,nan,nan,37.416680529651465,0.9520100112032325,0.987430875523749,0.9937368912393145,0.9993747357381846,Pillow wall time including file I/O
chat_preview,ui_text,meme_card,1200,800,512,341,JPEG,"prog444,q=42",7488,0.34310850439882695,1.423834000036095,1.1452090000148019,nan,nan,37.416680529651465,0.9520100112032325,0.987430875523749,0.9937368912393145,0.9993747357381846,Pillow wall time including file I/O
chat_preview,ui_text,meme_card,1200,800,512,341,JPEG,"seq420,q=43",5458,0.25009164222873903,0.73154199998271,0.4998330000489659,nan,nan,35.47869468297349,0.9414157992748983,0.9817301254912879,0.9931614363883665,0.9989183359408969,Pillow wall time including file I/O
chat_preview,ui_text,meme_card,1200,800,512,341,JPEG,"prog420,q=43",5622,0.25760630498533726,1.0129590000360622,0.6622920000154409,nan,nan,35.47869468297349,0.9414157992748983,0.9817301254912879,0.9931614363883665,0.9989183359408969,Pillow wall time including file I/O
chat_preview,ui_text,meme_card,1200,800,512,341,JPEG,"seq444,q=43",7669,0.3514021260997067,1.0405840000089484,0.5788749999737774,nan,nan,37.48402599597304,0.9523814157470643,0.98748224271807,0.9937825346464849,0.9993800727162387,Pillow wall time including file I/O
chat_preview,ui_text,meme_card,1200,800,512,341,JPEG,"prog444,q=43",7539,0.34544538123167157,1.6182080000248789,1.0737080000353671,nan,nan,37.48402599597304,0.9523814157470643,0.98748224271807,0.9937825346464849,0.9993800727162387,Pillow wall time including file I/O
chat_preview,ui_text,meme_card,1200,800,512,341,JPEG,"seq420,q=44",5597,0.2564607771260997,0.6666250000080254,0.39175000000568616,nan,nan,35.66395476978536,0.9428226905386493,0.9827817881614928,0.9937005636093101,0.9989636150165166,Pillow wall time including file I/O
chat_preview,ui_text,meme_card,1200,800,512,341,JPEG,"prog420,q=44",5746,0.26328812316715544,1.0758750000263717,0.8869999999774336,nan,nan,35.66395476978536,0.9428226905386493,0.9827817881614928,0.9937005636093101,0.9989636150165166,Pillow wall time including file I/O
chat_preview,ui_text,meme_card,1200,800,512,341,JPEG,"seq444,q=44",7838,0.3591458944281525,0.9977089999892996,0.5609589999835407,nan,nan,37.70306983445403,0.9538788119393057,0.9879774721708107,0.9940203776347007,0.9994084099332013,Pillow wall time including file I/O
chat_preview,ui_text,meme_card,1200,800,512,341,JPEG,"prog444,q=44",7677,0.35176869501466274,1.468332999991162,1.0452919999579535,nan,nan,37.70306983445403,0.9538788119393057,0.9879774721708107,0.9940203776347007,0.9994084099332013,Pillow wall time including file I/O
chat_preview,ui_text,meme_card,1200,800,512,341,JPEG,"seq420,q=45",5683,0.2604013929618768,0.6275000000073305,0.3672909999750118,nan,nan,35.702022037967495,0.9435507494841217,0.9829844963488737,0.9939398987981447,0.9989718080647109,Pillow wall time including file I/O
chat_preview,ui_text,meme_card,1200,800,512,341,JPEG,"prog420,q=45",5840,0.26759530791788855,1.0259580000138158,0.7956659999877047,nan,nan,35.702022037967495,0.9435507494841217,0.9829844963488737,0.9939398987981447,0.9989718080647109,Pillow wall time including file I/O
chat_preview,ui_text,meme_card,1200,800,512,341,JPEG,"seq444,q=45",7917,0.36276576246334313,1.6859589999853597,0.4087089999984528,nan,nan,37.77886948101188,0.954530326816364,0.9881191138310048,0.9942472248871977,0.9994198463587156,Pillow wall time including file I/O
chat_preview,ui_text,meme_card,1200,800,512,341,JPEG,"prog444,q=45",7769,0.35598423753665687,1.3762920000317536,0.8664169999974547,nan,nan,37.77886948101188,0.954530326816364,0.9881191138310048,0.9942472248871977,0.9994198463587156,Pillow wall time including file I/O
chat_preview,ui_text,meme_card,1200,800,512,341,JPEG,"seq420,q=46",5850,0.2680535190615836,0.6445000000212531,0.5005000000437576,nan,nan,35.86540080591377,0.9451912687200904,0.9839506414401358,0.9942787857336624,0.9990284475881821,Pillow wall time including file I/O
chat_preview,ui_text,meme_card,1200,800,512,341,JPEG,"prog420,q=46",5999,0.2748808651026393,0.9770409999987351,0.6575419999990118,nan,nan,35.86540080591377,0.9451912687200904,0.9839506414401358,0.9942787857336624,0.9990284475881821,Pillow wall time including file I/O
chat_preview,ui_text,meme_card,1200,800,512,341,JPEG,"seq444,q=46",8115,0.3718383431085044,0.9279159999664444,0.537500000007185,nan,nan,38.04917360503857,0.9573818407007662,0.9889588107172038,0.9946473829126891,0.9994725577622481,Pillow wall time including file I/O
chat_preview,ui_text,meme_card,1200,800,512,341,JPEG,"prog444,q=46",7947,0.36414039589442815,1.4215420000027734,0.9170829999902708,nan,nan,38.04917360503857,0.9573818407007662,0.9889588107172038,0.9946473829126891,0.9994725577622481,Pillow wall time including file I/O
chat_preview,ui_text,meme_card,1200,800,512,341,JPEG,"seq420,q=47",5862,0.2686033724340176,0.6806249999726788,0.5050830000072892,nan,nan,35.886426112757285,0.9454693176993239,0.9839839401829423,0.9943271383781875,0.9990327951783804,Pillow wall time including file I/O
chat_preview,ui_text,meme_card,1200,800,512,341,JPEG,"prog420,q=47",6024,0.2760263929618768,1.027415999999448,0.7038329999886628,nan,nan,35.886426112757285,0.9454693176993239,0.9839839401829423,0.9943271383781875,0.9990327951783804,Pillow wall time including file I/O
chat_preview,ui_text,meme_card,1200,800,512,341,JPEG,"seq444,q=47",8136,0.37280058651026393,0.9632079999732923,0.4339999999842803,nan,nan,38.109418396708065,0.9577840095486416,0.9889791013333826,0.9946835837769978,0.9994785701128771,Pillow wall time including file I/O
chat_preview,ui_text,meme_card,1200,800,512,341,JPEG,"prog444,q=47",7967,0.3650568181818182,1.4086670000210688,1.024666999967394,nan,nan,38.109418396708065,0.9577840095486416,0.9889791013333826,0.9946835837769978,0.9994785701128771,Pillow wall time including file I/O
chat_preview,ui_text,meme_card,1200,800,512,341,JPEG,"seq420,q=48",6027,0.27616385630498536,0.6217079999828456,0.5096250000065083,nan,nan,35.95508835962796,0.9462990589077022,0.9842070127449162,0.9945366131011127,0.999048736862985,Pillow wall time including file I/O
chat_preview,ui_text,meme_card,1200,800,512,341,JPEG,"prog420,q=48",6157,0.2821206011730205,0.9732919999692058,0.7869579999919551,nan,nan,35.95508835962796,0.9462990589077022,0.9842070127449162,0.9945366131011127,0.999048736862985,Pillow wall time including file I/O
chat_preview,ui_text,meme_card,1200,800,512,341,JPEG,"seq444,q=48",8288,0.37976539589442815,0.9771249999630527,0.5438339999841446,nan,nan,38.19411320680593,0.9583743977801488,0.9891618233939475,0.9949032764070951,0.9994880830988913,Pillow wall time including file I/O
chat_preview,ui_text,meme_card,1200,800,512,341,JPEG,"prog444,q=48",8098,0.37105938416422285,1.4310419999787882,1.0254170000507656,nan,nan,38.19411320680593,0.9583743977801488,0.9891618233939475,0.9949032764070951,0.9994880830988913,Pillow wall time including file I/O
chat_preview,ui_text,meme_card,1200,800,512,341,JPEG,"seq420,q=49",6146,0.281616568914956,0.6383750000509281,0.48750000001973604,nan,nan,36.06379989490211,0.9482968193185842,0.9854327515668334,0.9951452764915737,0.9990858320048799,Pillow wall time including file I/O
chat_preview,ui_text,meme_card,1200,800,512,341,JPEG,"prog420,q=49",6260,0.2868401759530792,1.0402080000062597,0.8002090000331918,nan,nan,36.06379989490211,0.9482968193185842,0.9854327515668334,0.9951452764915737,0.9990858320048799,Pillow wall time including file I/O
chat_preview,ui_text,meme_card,1200,800,512,341,JPEG,"seq444,q=49",8459,0.3876008064516129,0.9664579999935086,0.5910410000069533,nan,nan,38.34906623745465,0.9604525390873916,0.9900389606339018,0.9955155453436855,0.9995117229293723,Pillow wall time including file I/O
chat_preview,ui_text,meme_card,1200,800,512,341,JPEG,"prog444,q=49",8237,0.3774285190615836,1.4204999999947177,1.0415840000064236,nan,nan,38.34906623745465,0.9604525390873916,0.9900389606339018,0.9955155453436855,0.9995117229293723,Pillow wall time including file I/O
chat_preview,ui_text,meme_card,1200,800,512,341,JPEG,"seq420,q=50",6168,0.28262463343108507,0.637790999974186,0.5186660000049415,nan,nan,36.08530049781206,0.9485474637601511,0.9854597465965789,0.9951450061773492,0.999089321413399,Pillow wall time including file I/O
chat_preview,ui_text,meme_card,1200,800,512,341,JPEG,"prog420,q=50",6275,0.2875274926686217,1.016541000012694,0.7945419999941805,nan,nan,36.08530049781206,0.9485474637601511,0.9854597465965789,0.9951450061773492,0.999089321413399,Pillow wall time including file I/O
chat_preview,ui_text,meme_card,1200,800,512,341,JPEG,"seq444,q=50",8472,0.3881964809384164,0.9483330000534806,0.5301250000115942,nan,nan,38.38648573864633,0.9606340347590326,0.9900434771174659,0.9955169830126318,0.9995140613239666,Pillow wall time including file I/O
chat_preview,ui_text,meme_card,1200,800,512,341,JPEG,"prog444,q=50",8249,0.3779783724340176,1.3955000000009932,0.9924999999952888,nan,nan,38.38648573864633,0.9606340347590326,0.9900434771174659,0.9955169830126318,0.9995140613239666,Pillow wall time including file I/O
chat_preview,ui_text,meme_card,1200,800,512,341,JPEG,"seq420,q=51",6180,0.2831744868035191,0.62745799999675,0.4809589999581476,nan,nan,36.106255153090125,0.9483233379274338,0.9854197722766699,0.9951360600374773,0.9990950152038988,Pillow wall time including file I/O
chat_preview,ui_text,meme_card,1200,800,512,341,JPEG,"prog420,q=51",6288,0.28812316715542524,1.0292090000234566,0.8306249999918691,nan,nan,36.106255153090125,0.9483233379274338,0.9854197722766699,0.9951360600374773,0.9990950152038988,Pillow wall time including file I/O
chat_preview,ui_text,meme_card,1200,800,512,341,JPEG,"seq444,q=51",8490,0.38902126099706746,0.9514580000313799,0.5765829999972993,nan,nan,38.423822401221244,0.9605755374341665,0.9900444035541717,0.9955096368580579,0.9995170024378669,Pillow wall time including file I/O
chat_preview,ui_text,meme_card,1200,800,512,341,JPEG,"prog444,q=51",8265,0.37871151026392963,1.4437080000107017,1.0148749999530082,nan,nan,38.423822401221244,0.9605755374341665,0.9900444035541717,0.9955096368580579,0.9995170024378669,Pillow wall time including file I/O
chat_preview,ui_text,meme_card,1200,800,512,341,JPEG,"seq420,q=52",6318,0.28949780058651026,0.6428749999827232,0.3662920000238046,nan,nan,36.175995150202105,0.949496730240187,0.9859908012239798,0.9951540410884412,0.9991116288494369,Pillow wall time including file I/O
chat_preview,ui_text,meme_card,1200,800,512,341,JPEG,"prog420,q=52",6433,0.2947672287390029,1.0148329999992711,0.802583999984563,nan,nan,36.175995150202105,0.949496730240187,0.9859908012239798,0.9951540410884412,0.9991116288494369,Pillow wall time including file I/O
chat_preview,ui_text,meme_card,1200,800,512,341,JPEG,"seq444,q=52",8669,0.3972232404692082,0.9527499999535394,0.5969169999957558,nan,nan,38.61654781889983,0.9625781326825392,0.9908078067856202,0.9954680485406129,0.9995448903185009,Pillow wall time including file I/O
chat_preview,ui_text,meme_card,1200,800,512,341,JPEG,"prog444,q=52",8419,0.3857679618768328,1.4522920000104023,1.041292000024896,nan,nan,38.61654781889983,0.9625781326825392,0.9908078067856202,0.9954680485406129,0.9995448903185009,Pillow wall time including file I/O
chat_preview,ui_text,meme_card,1200,800,512,341,JPEG,"seq420,q=53",6472,0.2965542521994135,0.6415000000288273,0.4843329999744128,nan,nan,36.23604021458087,0.9504919399376681,0.9861943180019778,0.9954393344712448,0.9991269059123445,Pillow wall time including file I/O
chat_preview,ui_text,meme_card,1200,800,512,341,JPEG,"prog420,q=53",6588,0.30186950146627567,1.0159170000179074,0.8081249999918327,nan,nan,36.23604021458087,0.9504919399376681,0.9861943180019778,0.9954393344712448,0.9991269059123445,Pillow wall time including file I/O
chat_preview,ui_text,meme_card,1200,800,512,341,JPEG,"seq444,q=53",8830,0.40460043988269795,1.0319169999775113,0.46658399998023015,nan,nan,38.697125304854104,0.9635632150358363,0.9910315574559215,0.995773782217413,0.9995536214957614,Pillow wall time including file I/O
chat_preview,ui_text,meme_card,1200,800,512,341,JPEG,"prog444,q=53",8578,0.3930535190615836,1.5834170000061931,0.9873340000012831,nan,nan,38.697125304854104,0.9635632150358363,0.9910315574559215,0.995773782217413,0.9995536214957614,Pillow wall time including file I/O
chat_preview,ui_text,meme_card,1200,800,512,341,JPEG,"seq420,q=54",6522,0.29884530791788855,0.7012500000200816,0.5018749999976535,nan,nan,36.365236946190045,0.9510470822154876,0.9862904472150893,0.9954360054410145,0.9991517340075445,Pillow wall time including file I/O
chat_preview,ui_text,meme_card,1200,800,512,341,JPEG,"prog420,q=54",6623,0.3034732404692082,1.0910840000519784,0.8166249999703723,nan,nan,36.365236946190045,0.9510470822154876,0.9862904472150893,0.9954360054410145,0.9991517340075445,Pillow wall time including file I/O
chat_preview,ui_text,meme_card,1200,800,512,341,JPEG,"seq444,q=54",8862,0.406066715542522,1.0085829999866291,0.5640420000077029,nan,nan,38.785212308689495,0.9636512462960822,0.9910451031508426,0.9957688501181101,0.9995597419880896,Pillow wall time including file I/O
chat_preview,ui_text,meme_card,1200,800,512,341,JPEG,"prog444,q=54",8614,0.39470307917888564,1.4257079999993039,1.041166999982579,nan,nan,38.785212308689495,0.9636512462960822,0.9910451031508426,0.9957688501181101,0.9995597419880896,Pillow wall time including file I/O
chat_preview,ui_text,meme_card,1200,800,512,341,JPEG,"seq420,q=55",6616,0.3031524926686217,0.6632500000023356,0.48166599998467063,nan,nan,36.53938891859123,0.9533768984319683,0.9874239733089695,0.9955971587322099,0.9992009138521003,Pillow wall time including file I/O
chat_preview,ui_text,meme_card,1200,800,512,341,JPEG,"prog420,q=55",6729,0.3083302785923754,1.0544579999987036,0.7770409999920957,nan,nan,36.53938891859123,0.9533768984319683,0.9874239733089695,0.9955971587322099,0.9992009138521003,Pillow wall time including file I/O
chat_preview,ui_text,meme_card,1200,800,512,341,JPEG,"seq444,q=55",9054,0.41486436950146627,0.9230420000108097,0.4165839999927812,nan,nan,38.93991559463812,0.9647883423967522,0.9913003173904761,0.995962015036745,0.9995788378414868,Pillow wall time including file I/O
chat_preview,ui_text,meme_card,1200,800,512,341,JPEG,"prog444,q=55",8766,0.40166788856304986,1.5576250000322034,1.2179160000300726,nan,nan,38.93991559463812,0.9647883423967522,0.9913003173904761,0.995962015036745,0.9995788378414868,Pillow wall time including file I/O
chat_preview,ui_text,meme_card,1200,800,512,341,JPEG,"seq420,q=56",6660,0.30516862170087977,0.6618750000484397,0.35741700003200094,nan,nan,36.645069797193784,0.9542171395738414,0.9875665663181463,0.9956343388290915,0.9992207281751154,Pillow wall time including file I/O
chat_preview,ui_text,meme_card,1200,800,512,341,JPEG,"prog420,q=56",6778,0.3105755131964809,1.053832999957649,0.8001249999551874,nan,nan,36.645069797193784,0.9542171395738414,0.9875665663181463,0.9956343388290915,0.9992207281751154,Pillow wall time including file I/O
chat_preview,ui_text,meme_card,1200,800,512,341,JPEG,"seq444,q=56",9108,0.4173387096774194,0.9623329999612906,0.5465410000056181,nan,nan,39.01808861745512,0.9650097658524305,0.9913157854171725,0.9960009307658262,0.9995852447818506,Pillow wall time including file I/O
chat_preview,ui_text,meme_card,1200,800,512,341,JPEG,"prog444,q=56",8826,0.40441715542521994,1.4591659999609874,1.0723750000352084,nan,nan,39.01808861745512,0.9650097658524305,0.9913157854171725,0.9960009307658262,0.9995852447818506,Pillow wall time including file I/O
chat_preview,ui_text,meme_card,1200,800,512,341,JPEG,"seq420,q=57",6868,0.31469941348973607,0.6679159999976036,0.37304099998891616,nan,nan,36.76926849707137,0.9571381435384927,0.9886549868355518,0.9960885208490841,0.9992516157524319,Pillow wall time including file I/O
chat_preview,ui_text,meme_card,1200,800,512,341,JPEG,"prog420,q=57",6937,0.3178610703812317,1.07654199996432,0.6951670000034937,nan,nan,36.76926849707137,0.9571381435384927,0.9886549868355518,0.9960885208490841,0.9992516157524319,Pillow wall time including file I/O
chat_preview,ui_text,meme_card,1200,800,512,341,JPEG,"seq444,q=57",9316,0.42686950146627567,0.9487080000099013,0.42358399997510787,nan,nan,39.20658023218756,0.9669937428634662,0.9918734667740479,0.9963665281441737,0.9996055231857258,Pillow wall time including file I/O
chat_preview,ui_text,meme_card,1200,800,512,341,JPEG,"prog444,q=57",9010,0.4128482404692082,1.4694170000097984,1.0446250000200052,nan,nan,39.20658023218756,0.9669937428634662,0.9918734667740479,0.9963665281441737,0.9996055231857258,Pillow wall time including file I/O
chat_preview,ui_text,meme_card,1200,800,512,341,JPEG,"seq420,q=58",6951,0.3185025659824047,0.6884169999921141,0.516750000031152,nan,nan,36.89770867922243,0.9579452119321283,0.9891002236847627,0.9962503409428113,0.9992812600327317,Pillow wall time including file I/O
chat_preview,ui_text,meme_card,1200,800,512,341,JPEG,"prog420,q=58",7007,0.32106854838709675,1.0384999999928368,0.8179999999811116,nan,nan,36.89770867922243,0.9579452119321283,0.9891002236847627,0.9962503409428113,0.9992812600327317,Pillow wall time including file I/O
chat_preview,ui_text,meme_card,1200,800,512,341,JPEG,"seq444,q=58",9476,0.4342008797653959,0.9636249999971369,0.5546250000065811,nan,nan,39.34164186825525,0.9676137599531364,0.9922019426490194,0.9966069624641068,0.9996220106884373,Pillow wall time including file I/O
chat_preview,ui_text,meme_card,1200,800,512,341,JPEG,"prog444,q=58",9128,0.4182551319648094,1.434167000013531,1.0276250000060827,nan,nan,39.34164186825525,0.9676137599531364,0.9922019426490194,0.9966069624641068,0.9996220106884373,Pillow wall time including file I/O
chat_preview,ui_text,meme_card,1200,800,512,341,JPEG,"seq420,q=59",6986,0.32010630498533726,0.6217090000291137,0.4791669999804071,nan,nan,36.944435799685984,0.958179578599288,0.9891625659246236,0.9962548707335622,0.9992890091664938,Pillow wall time including file I/O
chat_preview,ui_text,meme_card,1200,800,512,341,JPEG,"prog420,q=59",7033,0.3222598973607038,3.6447500000349464,0.6375419999926635,nan,nan,36.944435799685984,0.958179578599288,0.9891625659246236,0.9962548707335622,0.9992890091664938,Pillow wall time including file I/O
chat_preview,ui_text,meme_card,1200,800,512,341,JPEG,"seq444,q=59",9503,0.4354380498533724,0.9757920000197373,0.5420409999601361,nan,nan,39.387634368580386,0.9675853543710934,0.9922016847653147,0.9966077530312917,0.9996237277341699,Pillow wall time including file I/O
chat_preview,ui_text,meme_card,1200,800,512,341,JPEG,"prog444,q=59",9153,0.4194006598240469,3.9329169999859914,0.8949999999572356,nan,nan,39.387634368580386,0.9675853543710934,0.9922016847653147,0.9966077530312917,0.9996237277341699,Pillow wall time including file I/O
chat_preview,ui_text,meme_card,1200,800,512,341,JPEG,"seq420,q=60",7067,0.32381781524926684,0.6498750000218934,0.4975830000262249,nan,nan,37.04346879704079,0.9593637601952242,0.9895358433959457,0.9962618261040138,0.9993097251543074,Pillow wall time including file I/O
chat_preview,ui_text,meme_card,1200,800,512,341,JPEG,"prog420,q=60",7087,0.32473423753665687,1.018208000004961,0.7827919999954247,nan,nan,37.04346879704079,0.9593637601952242,0.9895358433959457,0.9962618261040138,0.9993097251543074,Pillow wall time including file I/O
chat_preview,ui_text,meme_card,1200,800,512,341,JPEG,"seq444,q=60",9612,0.4404325513196481,0.9437499999762622,0.5273749999901156,nan,nan,39.50653213147536,0.9682163847728971,0.9923448921409651,0.9966137772320512,0.9996347512525721,Pillow wall time including file I/O
chat_preview,ui_text,meme_card,1200,800,512,341,JPEG,"prog444,q=60",9263,0.4244409824046921,1.5818339999782438,1.0261250000098698,nan,nan,39.50653213147536,0.9682163847728971,0.9923448921409651,0.9966137772320512,0.9996347512525721,Pillow wall time including file I/O
chat_preview,ui_text,meme_card,1200,800,512,341,JPEG,"seq420,q=61",7214,0.3305535190615836,0.6950840000286007,0.3907500000082109,nan,nan,37.13969240007871,0.9599578083757354,0.9899089999711616,0.9967149956476619,0.9993274910116114,Pillow wall time including file I/O
chat_preview,ui_text,meme_card,1200,800,512,341,JPEG,"prog420,q=61",7243,0.33188233137829914,1.0921250000137661,0.8312909999972362,nan,nan,37.13969240007871,0.9599578083757354,0.9899089999711616,0.9967149956476619,0.9993274910116114,Pillow wall time including file I/O
chat_preview,ui_text,meme_card,1200,800,512,341,JPEG,"seq444,q=61",9820,0.4499633431085044,1.0148340000455391,0.44895799999267183,nan,nan,39.69252318042079,0.9691945858873369,0.9927634195074527,0.9969636527160932,0.999653736833063,Pillow wall time including file I/O
chat_preview,ui_text,meme_card,1200,800,512,341,JPEG,"prog444,q=61",9449,0.4329637096774194,1.440957999989223,0.9125830000016322,nan,nan,39.69252318042079,0.9691945858873369,0.9927634195074527,0.9969636527160932,0.999653736833063,Pillow wall time including file I/O
chat_preview,ui_text,meme_card,1200,800,512,341,JPEG,"seq420,q=62",7319,0.33536473607038125,0.631624999982705,0.4256660000123702,nan,nan,37.22647994202465,0.9606732829460322,0.9900797519152169,0.9967958768455958,0.9993430794152076,Pillow wall time including file I/O
chat_preview,ui_text,meme_card,1200,800,512,341,JPEG,"prog420,q=62",7306,0.3347690615835777,1.1753329999919515,0.9022920000347767,nan,nan,37.22647994202465,0.9606732829460322,0.9900797519152169,0.9967958768455958,0.9993430794152076,Pillow wall time including file I/O
chat_preview,ui_text,meme_card,1200,800,512,341,JPEG,"seq444,q=62",9937,0.45532441348973607,0.9420420000196827,0.5382080000231326,nan,nan,39.783920627709556,0.9694572028389693,0.9928595086900137,0.997089283197747,0.9996592998870046,Pillow wall time including file I/O
chat_preview,ui_text,meme_card,1200,800,512,341,JPEG,"prog444,q=62",9528,0.43658357771260997,1.5145840000059252,0.945082999976421,nan,nan,39.783920627709556,0.9694572028389693,0.9928595086900137,0.997089283197747,0.9996592998870046,Pillow wall time including file I/O
chat_preview,ui_text,meme_card,1200,800,512,341,JPEG,"seq420,q=63",7418,0.3399010263929619,0.6707499999833999,0.48304200004167797,nan,nan,37.33725578519866,0.9619839310855799,0.9905880464031936,0.9968218280265918,0.9993639663690175,Pillow wall time including file I/O
chat_preview,ui_text,meme_card,1200,800,512,341,JPEG,"prog420,q=63",7373,0.3378390762463343,1.1218330000133392,0.8419580000236238,nan,nan,37.33725578519866,0.9619839310855799,0.9905880464031936,0.9968218280265918,0.9993639663690175,Pillow wall time including file I/O
chat_preview,ui_text,meme_card,1200,800,512,341,JPEG,"seq444,q=63",10055,0.46073130498533726,0.9402910000062548,0.558249999983218,nan,nan,39.939852330952434,0.9702028808773289,0.9930112482804229,0.9971272850559895,0.9996716394896435,Pillow wall time including file I/O
chat_preview,ui_text,meme_card,1200,800,512,341,JPEG,"prog444,q=63",9671,0.44313599706744866,1.4598330000126225,1.0576249999871834,nan,nan,39.939852330952434,0.9702028808773289,0.9930112482804229,0.9971272850559895,0.9996716394896435,Pillow wall time including file I/O
chat_preview,ui_text,meme_card,1200,800,512,341,JPEG,"seq420,q=64",7488,0.34310850439882695,0.6614170000034392,0.39283399996747903,nan,nan,37.461330737411544,0.9628955165487926,0.9911691378561196,0.9968696390299145,0.9993865472402902,Pillow wall time including file I/O
chat_preview,ui_text,meme_card,1200,800,512,341,JPEG,"prog420,q=64",7439,0.3408632697947214,1.0500000000206455,0.8289160000458651,nan,nan,37.461330737411544,0.9628955165487926,0.9911691378561196,0.9968696390299145,0.9993865472402902,Pillow wall time including file I/O
chat_preview,ui_text,meme_card,1200,800,512,341,JPEG,"seq444,q=64",10187,0.46677969208211145,0.970042000005833,0.5555839999829004,nan,nan,40.11198029180768,0.9710508590348379,0.9933324745330615,0.9971650378795658,0.9996834752010643,Pillow wall time including file I/O
chat_preview,ui_text,meme_card,1200,800,512,341,JPEG,"prog444,q=64",9801,0.4490927419354839,1.8144999999663014,0.9465420000083213,nan,nan,40.11198029180768,0.9710508590348379,0.9933324745330615,0.9971650378795658,0.9996834752010643,Pillow wall time including file I/O
chat_preview,ui_text,meme_card,1200,800,512,341,JPEG,"seq420,q=65",7604,0.3484237536656892,0.6966669999997066,0.3928750000454784,nan,nan,37.62017175856109,0.9641596101741975,0.9915080465225579,0.9972419299390761,0.9994191641862208,Pillow wall time including file I/O
chat_preview,ui_text,meme_card,1200,800,512,341,JPEG,"prog420,q=65",7559,0.3463618035190616,1.0764159999894218,0.704750000011245,nan,nan,37.62017175856109,0.9641596101741975,0.9915080465225579,0.9972419299390761,0.9994191641862208,Pillow wall time including file I/O
chat_preview,ui_text,meme_card,1200,800,512,341,JPEG,"seq444,q=65",10316,0.47269061583577715,1.018333999979859,0.5722920000152953,nan,nan,40.3962576834647,0.9723830786155235,0.9936526482123341,0.9975268136751727,0.9997116830558392,Pillow wall time including file I/O
chat_preview,ui_text,meme_card,1200,800,512,341,JPEG,"prog444,q=65",9921,0.45459127565982405,1.4714160000153242,1.0297499999865067,nan,nan,40.3962576834647,0.9723830786155235,0.9936526482123341,0.9975268136751727,0.9997116830558392,Pillow wall time including file I/O
chat_preview,ui_text,meme_card,1200,800,512,341,JPEG,"seq420,q=66",7768,0.3559384164222874,0.6547080000132155,0.3828749999570391,nan,nan,37.784533650378826,0.9652780810768066,0.9918146926449408,0.9973889339283982,0.9994414461994579,Pillow wall time including file I/O
chat_preview,ui_text,meme_card,1200,800,512,341,JPEG,"prog420,q=66",7678,0.35181451612903225,1.0187080000036985,0.6677079999803937,nan,nan,37.784533650378826,0.9652780810768066,0.9918146926449408,0.9973889339283982,0.9994414461994579,Pillow wall time including file I/O
chat_preview,ui_text,meme_card,1200,800,512,341,JPEG,"seq444,q=66",10565,0.48410007331378296,0.9909159999779149,0.43233299999201336,nan,nan,40.622290792440324,0.9735410299920577,0.993872672535062,0.9976531620310732,0.9997255274965358,Pillow wall time including file I/O
chat_preview,ui_text,meme_card,1200,800,512,341,JPEG,"prog444,q=66",10223,0.4684292521994135,1.4882909999869298,1.0463749999871652,nan,nan,40.622290792440324,0.9735410299920577,0.993872672535062,0.9976531620310732,0.9997255274965358,Pillow wall time including file I/O
chat_preview,ui_text,meme_card,1200,800,512,341,JPEG,"seq420,q=67",7848,0.3596041055718475,0.6382090000442986,0.49429199998485274,nan,nan,37.87843383983827,0.9659960730579642,0.9920858636798929,0.9974029954278385,0.9994593318071567,Pillow wall time including file I/O
chat_preview,ui_text,meme_card,1200,800,512,341,JPEG,"prog420,q=67",7753,0.35525109970674484,1.0281250000048203,0.8255840000401804,nan,nan,37.87843383983827,0.9659960730579642,0.9920858636798929,0.9974029954278385,0.9994593318071567,Pillow wall time including file I/O
chat_preview,ui_text,meme_card,1200,800,512,341,JPEG,"seq444,q=67",10702,0.4903775659824047,0.9479579999833732,0.4267919999847436,nan,nan,40.78360046366371,0.9742089279557584,0.9940417633774231,0.997660975617051,0.999737060873368,Pillow wall time including file I/O
chat_preview,ui_text,meme_card,1200,800,512,341,JPEG,"prog444,q=67",10355,0.4744776392961877,1.4583750000269902,0.891000000024178,nan,nan,40.78360046366371,0.9742089279557584,0.9940417633774231,0.997660975617051,0.999737060873368,Pillow wall time including file I/O
chat_preview,ui_text,meme_card,1200,800,512,341,JPEG,"seq420,q=68",7973,0.3653317448680352,0.7079169999997248,0.40704200000618584,nan,nan,37.94466634119584,0.9660912428178525,0.9921775091296848,0.9975105756032135,0.9994581028388828,Pillow wall time including file I/O
chat_preview,ui_text,meme_card,1200,800,512,341,JPEG,"prog420,q=68",7864,0.36033724340175954,1.1352079999937814,0.8657079999920825,nan,nan,37.94466634119584,0.9660912428178525,0.9921775091296848,0.9975105756032135,0.9994581028388828,Pillow wall time including file I/O
chat_preview,ui_text,meme_card,1200,800,512,341,JPEG,"seq444,q=68",10855,0.4973881964809384,1.023833999965973,0.5940830000099595,nan,nan,40.83542201003719,0.9744093749554502,0.9940954128407765,0.9977448614707196,0.9997305718575147,Pillow wall time including file I/O
chat_preview,ui_text,meme_card,1200,800,512,341,JPEG,"prog444,q=68",10476,0.4800219941348974,1.514334000034978,0.9239999999977044,nan,nan,40.83542201003719,0.9744093749554502,0.9940954128407765,0.9977448614707196,0.9997305718575147,Pillow wall time including file I/O
chat_preview,ui_text,meme_card,1200,800,512,341,JPEG,"seq420,q=69",8068,0.36968475073313783,0.6570410000108495,0.5159169999728874,nan,nan,38.063001191247444,0.9677536490862831,0.9927721025261754,0.9976862495492892,0.9994813687327764,Pillow wall time including file I/O
chat_preview,ui_text,meme_card,1200,800,512,341,JPEG,"prog420,q=69",7971,0.3652401026392962,1.041583000016999,0.8037919999992482,nan,nan,38.063001191247444,0.9677536490862831,0.9927721025261754,0.9976862495492892,0.9994813687327764,Pillow wall time including file I/O
chat_preview,ui_text,meme_card,1200,800,512,341,JPEG,"seq444,q=69",11211,0.5137005131964809,0.9881660000132797,0.5619159999810108,nan,nan,41.002716309107036,0.9753576120472963,0.9943983548896455,0.997873227909834,0.9997410877340047,Pillow wall time including file I/O
chat_preview,ui_text,meme_card,1200,800,512,341,JPEG,"prog444,q=69",11039,0.5058192815249267,1.4772080000398091,1.0189999999852262,nan,nan,41.002716309107036,0.9753576120472963,0.9943983548896455,0.997873227909834,0.9997410877340047,Pillow wall time including file I/O
chat_preview,ui_text,meme_card,1200,800,512,341,JPEG,"seq420,q=70",8165,0.3741293988269795,0.6676669999592377,0.5205829999681555,nan,nan,38.178768290561365,0.968906345729359,0.9929719876305191,0.9977230528811238,0.9994960546167249,Pillow wall time including file I/O
chat_preview,ui_text,meme_card,1200,800,512,341,JPEG,"prog420,q=70",8049,0.3688141495601173,3.523874999984855,0.6944169999769656,nan,nan,38.178768290561365,0.968906345729359,0.9929719876305191,0.9977230528811238,0.9994960546167249,Pillow wall time including file I/O
chat_preview,ui_text,meme_card,1200,800,512,341,JPEG,"seq444,q=70",11384,0.5216275659824047,0.9923749999529718,0.6699589999925593,nan,nan,41.20003705434869,0.9760345872644086,0.9944629380298959,0.997911658694786,0.9997520515195794,Pillow wall time including file I/O
chat_preview,ui_text,meme_card,1200,800,512,341,JPEG,"prog444,q=70",11197,0.5130590175953079,1.557917000013731,1.0378339999874697,nan,nan,41.20003705434869,0.9760345872644086,0.9944629380298959,0.997911658694786,0.9997520515195794,Pillow wall time including file I/O
chat_preview,ui_text,meme_card,1200,800,512,341,JPEG,"seq420,q=71",8330,0.38168988269794724,0.6515419999573169,0.5075410000472402,nan,nan,38.337782002105484,0.9708044012705414,0.9936725797727338,0.9981512569987218,0.9995183779876006,Pillow wall time including file I/O
chat_preview,ui_text,meme_card,1200,800,512,341,JPEG,"prog420,q=71",8167,0.37422104105571846,1.039040999955887,0.7948749999968641,nan,nan,38.337782002105484,0.9708044012705414,0.9936725797727338,0.9981512569987218,0.9995183779876006,Pillow wall time including file I/O
chat_preview,ui_text,meme_card,1200,800,512,341,JPEG,"seq444,q=71",11902,0.5453629032258065,0.9738749999996799,0.5670840000107091,nan,nan,41.449464967557645,0.9779270842462857,0.9952176850701497,0.9983461309751529,0.9997691685831036,Pillow wall time including file I/O
chat_preview,ui_text,meme_card,1200,800,512,341,JPEG,"prog444,q=71",11754,0.5385813782991202,1.536291999968853,1.1135420000414342,nan,nan,41.449464967557645,0.9779270842462857,0.9952176850701497,0.9983461309751529,0.9997691685831036,Pillow wall time including file I/O
chat_preview,ui_text,meme_card,1200,800,512,341,JPEG,"seq420,q=72",8345,0.38237719941348974,0.6396669999730875,0.5107910000106131,nan,nan,38.43979619007711,0.9714978507556323,0.9937740922339717,0.9981979250960193,0.9995289618012231,Pillow wall time including file I/O
chat_preview,ui_text,meme_card,1200,800,512,341,JPEG,"prog420,q=72",8198,0.37564149560117305,1.1320420000515696,0.8172080000008464,nan,nan,38.43979619007711,0.9714978507556323,0.9937740922339717,0.9981979250960193,0.9995289618012231,Pillow wall time including file I/O
chat_preview,ui_text,meme_card,1200,800,512,341,JPEG,"seq444,q=72",11968,0.5483870967741935,1.012333000005583,0.5815410000309384,nan,nan,41.603739298821374,0.9784443430553954,0.9952715247769527,0.9983908103677503,0.9997758492280395,Pillow wall time including file I/O
chat_preview,ui_text,meme_card,1200,800,512,341,JPEG,"prog444,q=72",11811,0.5411931818181818,1.5634580000210008,1.0826250000377513,nan,nan,41.603739298821374,0.9784443430553954,0.9952715247769527,0.9983908103677503,0.9997758492280395,Pillow wall time including file I/O
chat_preview,ui_text,meme_card,1200,800,512,341,JPEG,"seq420,q=73",8494,0.38920454545454547,0.6824170000072627,0.37395800001149837,nan,nan,38.552742231555314,0.9715902597218816,0.9939425883924469,0.9982519822250117,0.9995435800874369,Pillow wall time including file I/O
chat_preview,ui_text,meme_card,1200,800,512,341,JPEG,"prog420,q=73",8383,0.38411840175953077,1.0702920000085214,0.6831669999769474,nan,nan,38.552742231555314,0.9715902597218816,0.9939425883924469,0.9982519822250117,0.9995435800874369,Pillow wall time including file I/O
chat_preview,ui_text,meme_card,1200,800,512,341,JPEG,"seq444,q=73",12196,0.5588343108504399,0.9734999999864158,0.5704589999595555,nan,nan,41.81829449406763,0.9790590468953373,0.9955327760761533,0.9984348446966581,0.9997878189900219,Pillow wall time including file I/O
chat_preview,ui_text,meme_card,1200,800,512,341,JPEG,"prog444,q=73",12070,0.5530608504398827,1.535290999981953,0.9095830000092064,nan,nan,41.81829449406763,0.9790590468953373,0.9955327760761533,0.9984348446966581,0.9997878189900219,Pillow wall time including file I/O
chat_preview,ui_text,meme_card,1200,800,512,341,JPEG,"seq420,q=74",8694,0.39836876832844575,0.6481660000190459,0.4979999999932261,nan,nan,38.777498441987476,0.9732771727643185,0.994416776249991,0.9984759097754907,0.9995820758729858,Pillow wall time including file I/O
chat_preview,ui_text,meme_card,1200,800,512,341,JPEG,"prog420,q=74",8556,0.39204545454545453,1.0847919999719124,0.8439589999511554,nan,nan,38.777498441987476,0.9732771727643185,0.994416776249991,0.9984759097754907,0.9995820758729858,Pillow wall time including file I/O
chat_preview,ui_text,meme_card,1200,800,512,341,JPEG,"seq444,q=74",12698,0.5818365102639296,0.9591250000084983,0.585833000002367,nan,nan,42.233763031440446,0.9806308067841433,0.9959739566075707,0.9987202859245836,0.9998209502586223,Pillow wall time including file I/O
chat_preview,ui_text,meme_card,1200,800,512,341,JPEG,"prog444,q=74",12479,0.5718016862170088,1.6086250000171276,1.0635410000077172,nan,nan,42.233763031440446,0.9806308067841433,0.9959739566075707,0.9987202859245836,0.9998209502586223,Pillow wall time including file I/O
chat_preview,ui_text,meme_card,1200,800,512,341,JPEG,"seq420,q=75",8710,0.3991019061583578,0.6713340000032986,0.3837499999690408,nan,nan,38.841241581538306,0.9735578089489785,0.9944513401626698,0.9984877976072998,0.9995879743972059,Pillow wall time including file I/O
chat_preview,ui_text,meme_card,1200,800,512,341,JPEG,"prog420,q=75",8567,0.3925494868035191,1.0563339999976051,0.6822089999900527,nan,nan,38.841241581538306,0.9735578089489785,0.9944513401626698,0.9984877976072998,0.9995879743972059,Pillow wall time including file I/O
chat_preview,ui_text,meme_card,1200,800,512,341,JPEG,"seq444,q=75",12719,0.5827987536656891,1.041750000013053,0.600291000012021,nan,nan,42.305742782198564,0.9808412185653944,0.9959843535285556,0.9987284163472824,0.9998230981398626,Pillow wall time including file I/O
chat_preview,ui_text,meme_card,1200,800,512,341,JPEG,"prog444,q=75",12492,0.5723973607038123,1.6452090000029784,1.087541999993391,nan,nan,42.305742782198564,0.9808412185653944,0.9959843535285556,0.9987284163472824,0.9998230981398626,Pillow wall time including file I/O
chat_preview,ui_text,meme_card,1200,800,512,341,JPEG,"seq420,q=76",8782,0.4024010263929619,0.7104590000039934,0.39241700000047786,nan,nan,38.92156249952541,0.9744373812160703,0.994694666763665,0.9985773288953347,0.9995999927540967,Pillow wall time including file I/O
chat_preview,ui_text,meme_card,1200,800,512,341,JPEG,"prog420,q=76",8636,0.39571114369501464,1.1397499999930005,0.8458749999817883,nan,nan,38.92156249952541,0.9744373812160703,0.994694666763665,0.9985773288953347,0.9995999927540967,Pillow wall time including file I/O
chat_preview,ui_text,meme_card,1200,800,512,341,JPEG,"seq444,q=76",12839,0.5882972873900293,0.9651669999470869,0.6175419999863152,nan,nan,42.55041388570007,0.981536164483041,0.996440428323457,0.9987916729716193,0.999837714208012,Pillow wall time including file I/O
chat_preview,ui_text,meme_card,1200,800,512,341,JPEG,"prog444,q=76",12653,0.5797745601173021,1.595249999979842,1.0568750000174987,nan,nan,42.55041388570007,0.981536164483041,0.996440428323457,0.9987916729716193,0.999837714208012,Pillow wall time including file I/O
chat_preview,ui_text,meme_card,1200,800,512,341,JPEG,"seq420,q=77",9016,0.41312316715542524,0.6655409999893891,0.5117919999975129,nan,nan,39.02608536126263,0.9751421407434768,0.9947716615876513,0.9985945512727676,0.999612833138588,Pillow wall time including file I/O
chat_preview,ui_text,meme_card,1200,800,512,341,JPEG,"prog420,q=77",8830,0.40460043988269795,1.08691700000918,0.8031250000044565,nan,nan,39.02608536126263,0.9751421407434768,0.9947716615876513,0.9985945512727676,0.999612833138588,Pillow wall time including file I/O
chat_preview,ui_text,meme_card,1200,800,512,341,JPEG,"seq444,q=77",13411,0.6145069648093842,0.9760000000369473,0.5530829999997877,nan,nan,42.95116980766522,0.9842309225946643,0.997232705421006,0.9988051452193977,0.9998558232495242,Pillow wall time including file I/O
chat_preview,ui_text,meme_card,1200,800,512,341,JPEG,"prog444,q=77",13167,0.6033266129032258,1.5993749999552165,1.047416999995221,nan,nan,42.95116980766522,0.9842309225946643,0.997232705421006,0.9988051452193977,0.9998558232495242,Pillow wall time including file I/O
chat_preview,ui_text,meme_card,1200,800,512,341,JPEG,"seq420,q=78",9255,0.42407441348973607,0.6746249999878273,0.5139579999990929,nan,nan,39.118323164219234,0.9757011260496596,0.9950344200048361,0.9986463715956213,0.9996260553415774,Pillow wall time including file I/O
chat_preview,ui_text,meme_card,1200,800,512,341,JPEG,"prog420,q=78",9222,0.4225623167155425,1.0971660000222982,0.6968330000063361,nan,nan,39.118323164219234,0.9757011260496596,0.9950344200048361,0.9986463715956213,0.9996260553415774,Pillow wall time including file I/O
chat_preview,ui_text,meme_card,1200,800,512,341,JPEG,"seq444,q=78",13763,0.6306359970674487,0.9902080000188107,0.5611660000113261,nan,nan,43.04898025586023,0.9833994440058637,0.9967887124098044,0.9988009236919455,0.9998551243719601,Pillow wall time including file I/O
chat_preview,ui_text,meme_card,1200,800,512,341,JPEG,"prog444,q=78",13699,0.6277034457478006,1.633000000026641,1.0819999999966967,nan,nan,43.04898025586023,0.9833994440058637,0.9967887124098044,0.9988009236919455,0.9998551243719601,Pillow wall time including file I/O
chat_preview,ui_text,meme_card,1200,800,512,341,JPEG,"seq420,q=79",9309,0.4265487536656892,0.6890420000331687,0.5108749999749307,nan,nan,39.247765085037116,0.9760808235276427,0.9951221327343608,0.9986623323100693,0.9996370908058474,Pillow wall time including file I/O
chat_preview,ui_text,meme_card,1200,800,512,341,JPEG,"prog420,q=79",9293,0.42581561583577715,1.16879200004405,0.8884169999987535,nan,nan,39.247765085037116,0.9760808235276427,0.9951221327343608,0.9986623323100693,0.9996370908058474,Pillow wall time including file I/O
chat_preview,ui_text,meme_card,1200,800,512,341,JPEG,"seq444,q=79",13852,0.6347140762463344,0.9773329999802627,0.5838750000179971,nan,nan,43.220179634228074,0.9838356647423195,0.9968177400558217,0.9988207705174814,0.9998593630215574,Pillow wall time including file I/O
chat_preview,ui_text,meme_card,1200,800,512,341,JPEG,"prog444,q=79",13795,0.6321022727272727,1.5747919999853366,0.9611250000034488,nan,nan,43.220179634228074,0.9838356647423195,0.9968177400558217,0.9988207705174814,0.9998593630215574,Pillow wall time including file I/O
chat_preview,ui_text,meme_card,1200,800,512,341,JPEG,"seq420,q=80",9633,0.44139479472140764,0.7135830000493115,0.40549999999939246,nan,nan,39.338272562703814,0.9764866988176601,0.9951782455948986,0.998798995782416,0.9996471751735074,Pillow wall time including file I/O
chat_preview,ui_text,meme_card,1200,800,512,341,JPEG,"prog420,q=80",9665,0.4428610703812317,1.125041000022975,0.7194589999812706,nan,nan,39.338272562703814,0.9764866988176601,0.9951782455948986,0.998798995782416,0.9996471751735074,Pillow wall time including file I/O
chat_preview,ui_text,meme_card,1200,800,512,341,JPEG,"seq444,q=80",14367,0.6583119501466276,0.9692080000149872,0.45041699996772877,nan,nan,43.57896579141952,0.9853005975812534,0.9973284786313391,0.998921973196824,0.9998736564288482,Pillow wall time including file I/O
chat_preview,ui_text,meme_card,1200,800,512,341,JPEG,"prog444,q=80",14174,0.6494684750733137,1.6006660000016382,1.0414999999852625,nan,nan,43.57896579141952,0.9853005975812534,0.9973284786313391,0.998921973196824,0.9998736564288482,Pillow wall time including file I/O
chat_preview,ui_text,meme_card,1200,800,512,341,JPEG,"seq420,q=81",9794,0.4487719941348974,0.6891659999723743,0.5151669999463593,nan,nan,39.49688651790753,0.9773138611533844,0.9953963743175477,0.9988146443110795,0.9996627521460553,Pillow wall time including file I/O
chat_preview,ui_text,meme_card,1200,800,512,341,JPEG,"prog420,q=81",9860,0.45179618768328444,1.1288750000062464,0.8604170000126032,nan,nan,39.49688651790753,0.9773138611533844,0.9953963743175477,0.9988146443110795,0.9996627521460553,Pillow wall time including file I/O
chat_preview,ui_text,meme_card,1200,800,512,341,JPEG,"seq444,q=81",14730,0.6749450146627566,1.0003329999790367,0.5738329999758207,nan,nan,43.89529963203579,0.9860830266264067,0.9974972737039286,0.9989212867913206,0.9998832343476349,Pillow wall time including file I/O
chat_preview,ui_text,meme_card,1200,800,512,341,JPEG,"prog444,q=81",14511,0.6649101906158358,1.6300839999985328,1.098167000009198,nan,nan,43.89529963203579,0.9860830266264067,0.9974972737039286,0.9989212867913206,0.9998832343476349,Pillow wall time including file I/O
chat_preview,ui_text,meme_card,1200,800,512,341,JPEG,"seq420,q=82",10196,0.4671920821114369,0.6637500000010732,0.508082999999715,nan,nan,39.69593878987403,0.9784888435883431,0.9958459043430676,0.9989820395129974,0.9996857708542661,Pillow wall time including file I/O
chat_preview,ui_text,meme_card,1200,800,512,341,JPEG,"prog420,q=82",10351,0.4742943548387097,1.1506660000009106,0.8291670000062368,nan,nan,39.69593878987403,0.9784888435883431,0.9958459043430676,0.9989820395129974,0.9996857708542661,Pillow wall time including file I/O
chat_preview,ui_text,meme_card,1200,800,512,341,JPEG,"seq444,q=82",15306,0.7013379765395894,0.997707999999875,0.4680409999764379,nan,nan,44.32512519201797,0.9873224742770877,0.9979189005679879,0.9990799850179762,0.9998959188747673,Pillow wall time including file I/O
chat_preview,ui_text,meme_card,1200,800,512,341,JPEG,"prog444,q=82",15054,0.6897910557184751,1.7339579999884336,1.0263330000270798,nan,nan,44.32512519201797,0.9873224742770877,0.9979189005679879,0.9990799850179762,0.9998959188747673,Pillow wall time including file I/O
chat_preview,ui_text,meme_card,1200,800,512,341,JPEG,"seq420,q=83",10441,0.4784182551319648,0.7100409999907242,0.5259579999687958,nan,nan,39.809636230994144,0.9794125028661994,0.9959889101243696,0.9990551113100083,0.9996930692573018,Pillow wall time including file I/O
chat_preview,ui_text,meme_card,1200,800,512,341,JPEG,"prog420,q=83",10529,0.4824505131964809,1.1879159999921285,0.8389579999743546,nan,nan,39.809636230994144,0.9794125028661994,0.9959889101243696,0.9990551113100083,0.9996930692573018,Pillow wall time including file I/O
chat_preview,ui_text,meme_card,1200,800,512,341,JPEG,"seq444,q=83",15557,0.7128390762463344,1.0095000000092114,0.5935410000006414,nan,nan,44.58303882761234,0.9877926467324779,0.9979942900067583,0.9991639471760904,0.9999019458226865,Pillow wall time including file I/O
chat_preview,ui_text,meme_card,1200,800,512,341,JPEG,"prog444,q=83",15231,0.6979013929618768,1.725334000013845,1.0151669999913793,nan,nan,44.58303882761234,0.9877926467324779,0.9979942900067583,0.9991639471760904,0.9999019458226865,Pillow wall time including file I/O
chat_preview,ui_text,meme_card,1200,800,512,341,JPEG,"seq420,q=84",10640,0.4875366568914956,0.736541000037505,0.5477080000559909,nan,nan,39.90060061680331,0.9798409094226321,0.9960801587628011,0.9990758528011682,0.9997017695398125,Pillow wall time including file I/O
chat_preview,ui_text,meme_card,1200,800,512,341,JPEG,"prog420,q=84",10724,0.49138563049853373,1.1647079999761445,0.8305000000063956,nan,nan,39.90060061680331,0.9798409094226321,0.9960801587628011,0.9990758528011682,0.9997017695398125,Pillow wall time including file I/O
chat_preview,ui_text,meme_card,1200,800,512,341,JPEG,"seq444,q=84",15964,0.7314882697947214,1.0063329999638881,0.5712500000072396,nan,nan,44.87475370502824,0.9881886263806186,0.9981059767383248,0.9991669631431068,0.9999088124924046,Pillow wall time including file I/O
chat_preview,ui_text,meme_card,1200,800,512,341,JPEG,"prog444,q=84",15534,0.7117851906158358,1.7329169999698024,1.1109999999803222,nan,nan,44.87475370502824,0.9881886263806186,0.9981059767383248,0.9991669631431068,0.9999088124924046,Pillow wall time including file I/O
chat_preview,ui_text,meme_card,1200,800,512,341,JPEG,"seq420,q=85",11051,0.5063691348973607,0.6866250000143737,0.4042919999847072,nan,nan,40.16660199439693,0.9813943990498207,0.9965560837470974,0.9990895316712313,0.9997256432469025,Pillow wall time including file I/O
chat_preview,ui_text,meme_card,1200,800,512,341,JPEG,"prog420,q=85",11114,0.5092558651026393,1.1556670000345548,0.8570410000174888,nan,nan,40.16660199439693,0.9813943990498207,0.9965560837470974,0.9990895316712313,0.9997256432469025,Pillow wall time including file I/O
chat_preview,ui_text,meme_card,1200,800,512,341,JPEG,"seq444,q=85",16522,0.7570564516129032,1.231499999960306,0.46045800002048054,nan,nan,45.28757668257032,0.9892150668820604,0.9982796223316047,0.9991861752550019,0.9999170715611317,Pillow wall time including file I/O
chat_preview,ui_text,meme_card,1200,800,512,341,JPEG,"prog444,q=85",16039,0.7349248533724341,1.6804169999886653,0.9815000000230611,nan,nan,45.28757668257032,0.9892150668820604,0.9982796223316047,0.9991861752550019,0.9999170715611317,Pillow wall time including file I/O
chat_preview,ui_text,meme_card,1200,800,512,341,JPEG,"seq420,q=86",11439,0.5241477272727273,0.6943750000232285,0.518417000023419,nan,nan,40.29472554453659,0.9821017423619794,0.9967319664244081,0.9992011624929722,0.9997381587762779,Pillow wall time including file I/O
chat_preview,ui_text,meme_card,1200,800,512,341,JPEG,"prog420,q=86",11572,0.530241935483871,1.1846669999613368,0.8292079999705493,nan,nan,40.29472554453659,0.9821017423619794,0.9967319664244081,0.9992011624929722,0.9997381587762779,Pillow wall time including file I/O
chat_preview,ui_text,meme_card,1200,800,512,341,JPEG,"seq444,q=86",16976,0.7778592375366569,0.9959169999547157,0.5978339999614946,nan,nan,45.59256602160172,0.9896800282687975,0.9983743116359034,0.9992815029554492,0.9999226551628622,Pillow wall time including file I/O
chat_preview,ui_text,meme_card,1200,800,512,341,JPEG,"prog444,q=86",16536,0.7576979472140762,1.871375000007447,1.210291999996116,nan,nan,45.59256602160172,0.9896800282687975,0.9983743116359034,0.9992815029554492,0.9999226551628622,Pillow wall time including file I/O
chat_preview,ui_text,meme_card,1200,800,512,341,JPEG,"seq420,q=87",11649,0.5337701612903226,0.7475830000203132,0.5487079999966227,nan,nan,40.42752216805852,0.9828439744992444,0.99692173677661,0.999208908666982,0.9997496020363171,Pillow wall time including file I/O
chat_preview,ui_text,meme_card,1200,800,512,341,JPEG,"prog420,q=87",11761,0.5389021260997068,1.254334000009294,0.8841249999704814,nan,nan,40.42752216805852,0.9828439744992444,0.99692173677661,0.999208908666982,0.9997496020363171,Pillow wall time including file I/O
chat_preview,ui_text,meme_card,1200,800,512,341,JPEG,"seq444,q=87",17304,0.7928885630498533,1.0535420000223894,0.6011250000028667,nan,nan,46.045851410565945,0.9903116426486127,0.9984486092986948,0.9992797217579166,0.999930211653514,Pillow wall time including file I/O
chat_preview,ui_text,meme_card,1200,800,512,341,JPEG,"prog444,q=87",16842,0.7717192082111437,1.7319159999829026,1.1025420000123631,nan,nan,46.045851410565945,0.9903116426486127,0.9984486092986948,0.9992797217579166,0.999930211653514,Pillow wall time including file I/O
chat_preview,ui_text,meme_card,1200,800,512,341,JPEG,"seq420,q=88",12081,0.5535648826979472,0.7315409999932854,0.54208300002756,nan,nan,40.4810756104792,0.9833831443371371,0.9970739194648547,0.9992404902288388,0.9997560768873595,Pillow wall time including file I/O
chat_preview,ui_text,meme_card,1200,800,512,341,JPEG,"prog420,q=88",12135,0.5560392228739003,1.2162909999915428,0.8819999999900574,nan,nan,40.4810756104792,0.9833831443371371,0.9970739194648547,0.9992404902288388,0.9997560768873595,Pillow wall time including file I/O
chat_preview,ui_text,meme_card,1200,800,512,341,JPEG,"seq444,q=88",18208,0.8343108504398827,1.0092910000025768,0.4657499999893844,nan,nan,46.55486927931972,0.9910155635684325,0.998597267733271,0.9992964276841299,0.99993786623011,Pillow wall time including file I/O
chat_preview,ui_text,meme_card,1200,800,512,341,JPEG,"prog444,q=88",17852,0.8179985337243402,1.7592500000205291,1.1070420000010017,nan,nan,46.55486927931972,0.9910155635684325,0.998597267733271,0.9992964276841299,0.99993786623011,Pillow wall time including file I/O
chat_preview,ui_text,meme_card,1200,800,512,341,JPEG,"seq420,q=89",12322,0.564607771260997,0.6987500000263935,0.5132919999937258,nan,nan,40.67390928241106,0.98410350332452,0.9971822270583873,0.9992684516239424,0.9997674227039118,Pillow wall time including file I/O
chat_preview,ui_text,meme_card,1200,800,512,341,JPEG,"prog420,q=89",12243,0.5609879032258065,1.1724159999744188,0.7406670000023041,nan,nan,40.67390928241106,0.98410350332452,0.9971822270583873,0.9992684516239424,0.9997674227039118,Pillow wall time including file I/O
chat_preview,ui_text,meme_card,1200,800,512,341,JPEG,"seq444,q=89",18505,0.8479197214076246,3.6497919999760597,0.7091669999681471,nan,nan,46.9106177378357,0.991423850958496,0.9986319540367027,0.9993265896289827,0.9999419212628089,Pillow wall time including file I/O
chat_preview,ui_text,meme_card,1200,800,512,341,JPEG,"prog444,q=89",18017,0.8255590175953079,1.762959000018327,1.1096669999801634,nan,nan,46.9106177378357,0.991423850958496,0.9986319540367027,0.9993265896289827,0.9999419212628089,Pillow wall time including file I/O
chat_preview,ui_text,meme_card,1200,800,512,341,JPEG,"seq420,q=90",13011,0.5961785190615836,0.7503749999955289,0.4232499999829997,nan,nan,40.76311610904484,0.9851261643100454,0.997414300523609,0.999372957970612,0.9997752093101919,Pillow wall time including file I/O
chat_preview,ui_text,meme_card,1200,800,512,341,JPEG,"prog420,q=90",13200,0.6048387096774194,1.3047499999743195,0.9089170000038393,nan,nan,40.76311610904484,0.9851261643100454,0.997414300523609,0.999372957970612,0.9997752093101919,Pillow wall time including file I/O
chat_preview,ui_text,meme_card,1200,800,512,341,JPEG,"seq444,q=90",19426,0.8901209677419355,0.9728750000022046,0.45783299998447546,nan,nan,47.41870409141515,0.9920278451288556,0.9987554117632308,0.9994489077807848,0.9999490112909206,Pillow wall time including file I/O
chat_preview,ui_text,meme_card,1200,800,512,341,JPEG,"prog444,q=90",19241,0.8816440615835777,1.7682920000083868,1.1517499999627034,nan,nan,47.41870409141515,0.9920278451288556,0.9987554117632308,0.9994489077807848,0.9999490112909206,Pillow wall time including file I/O
chat_preview,ui_text,meme_card,1200,800,512,341,JPEG,"seq420,q=91",13493,0.6182642961876833,0.7109589999458876,0.5176669999968908,nan,nan,40.90386340903723,0.9858188460208189,0.9976096657395658,0.999385219644029,0.9997855488011448,Pillow wall time including file I/O
chat_preview,ui_text,meme_card,1200,800,512,341,JPEG,"prog420,q=91",13657,0.6257789589442815,1.2617090000048847,0.8642500000064501,nan,nan,40.90386340903723,0.9858188460208189,0.9976096657395658,0.999385219644029,0.9997855488011448,Pillow wall time including file I/O
chat_preview,ui_text,meme_card,1200,800,512,341,JPEG,"seq444,q=91",20542,0.9412573313782991,5.71833300000435,0.48416700002462676,nan,nan,47.9785663472811,0.9927530152957785,0.9988974335291753,0.9994608493528067,0.9999550845121232,Pillow wall time including file I/O
chat_preview,ui_text,meme_card,1200,800,512,341,JPEG,"prog444,q=91",20494,0.9390579178885631,1.8431249999935062,1.0455829999500565,nan,nan,47.9785663472811,0.9927530152957785,0.9988974335291753,0.9994608493528067,0.9999550845121232,Pillow wall time including file I/O
chat_preview,ui_text,meme_card,1200,800,512,341,JPEG,"seq420,q=92",14250,0.6529508797653959,0.7167079999703674,0.5283340000232783,nan,nan,41.00150692434522,0.9863536522051994,0.9977234228479374,0.9994150994663602,0.9997924007111253,Pillow wall time including file I/O
chat_preview,ui_text,meme_card,1200,800,512,341,JPEG,"prog420,q=92",14386,0.6591825513196481,1.2842909999903895,0.8957090000194512,nan,nan,41.00150692434522,0.9863536522051994,0.9977234228479374,0.9994150994663602,0.9997924007111253,Pillow wall time including file I/O
chat_preview,ui_text,meme_card,1200,800,512,341,JPEG,"seq444,q=92",21424,0.9816715542521994,1.0527499999852807,0.610916000027828,nan,nan,48.43714478611443,0.9930754859222661,0.998923952238114,0.999486953212086,0.9999586377215264,Pillow wall time including file I/O
chat_preview,ui_text,meme_card,1200,800,512,341,JPEG,"prog444,q=92",21358,0.9786473607038123,2.0605839999916498,1.093332999971608,nan,nan,48.43714478611443,0.9930754859222661,0.998923952238114,0.999486953212086,0.9999586377215264,Pillow wall time including file I/O
chat_preview,ui_text,meme_card,1200,800,512,341,JPEG,"seq420,q=93",15633,0.7163214809384164,0.7511670000326376,0.5531670000209488,nan,nan,41.10630747564325,0.9869813943641198,0.9978423023745447,0.9994465435459033,0.9997991368492566,Pillow wall time including file I/O
chat_preview,ui_text,meme_card,1200,800,512,341,JPEG,"prog420,q=93",15613,0.7154050586510264,1.3075829999706912,0.9130830000003698,nan,nan,41.10630747564325,0.9869813943641198,0.9978423023745447,0.9994465435459033,0.9997991368492566,Pillow wall time including file I/O
chat_preview,ui_text,meme_card,1200,800,512,341,JPEG,"seq444,q=93",23097,1.0583302785923754,1.080541999954221,0.6289589999823875,nan,nan,49.023537632495,0.993569085779069,0.999013409079181,0.9995189210835823,0.9999639512954158,Pillow wall time including file I/O
chat_preview,ui_text,meme_card,1200,800,512,341,JPEG,"prog444,q=93",22881,1.048432917888563,1.8809999999689353,1.1524999999892316,nan,nan,49.023537632495,0.993569085779069,0.999013409079181,0.9995189210835823,0.9999639512954158,Pillow wall time including file I/O
chat_preview,ui_text,meme_card,1200,800,512,341,JPEG,"seq420,q=94",17352,0.7950879765395894,0.8039580000058777,0.5578340000056414,nan,nan,41.20959720575475,0.9877037157773617,0.9980244604352383,0.9994965239152942,0.9998065123839742,Pillow wall time including file I/O
chat_preview,ui_text,meme_card,1200,800,512,341,JPEG,"prog420,q=94",17297,0.7925678152492669,1.3707079999676353,0.9371659999715121,nan,nan,41.20959720575475,0.9877037157773617,0.9980244604352383,0.9994965239152942,0.9998065123839742,Pillow wall time including file I/O
chat_preview,ui_text,meme_card,1200,800,512,341,JPEG,"seq444,q=94",25278,1.158266129032258,1.225500000032298,0.7259170000111226,nan,nan,49.6481254542592,0.9941644874254806,0.9991383234528805,0.999569997030187,0.9999688818037874,Pillow wall time including file I/O
chat_preview,ui_text,meme_card,1200,800,512,341,JPEG,"prog444,q=94",25203,1.1548295454545454,1.974750000044878,1.0647919999655642,nan,nan,49.6481254542592,0.9941644874254806,0.9991383234528805,0.999569997030187,0.9999688818037874,Pillow wall time including file I/O
chat_preview,ui_text,meme_card,1200,800,512,341,JPEG,"seq420,q=95",19851,0.9095949413489736,0.7339170000477679,0.424334000001636,nan,nan,41.33712882703726,0.9883046118328499,0.9981253575516343,0.9995296036790089,0.9998143516472783,Pillow wall time including file I/O
chat_preview,ui_text,meme_card,1200,800,512,341,JPEG,"prog420,q=95",19320,0.8852639296187683,3.81212500002448,0.8662079999908201,nan,nan,41.33712882703726,0.9883046118328499,0.9981253575516343,0.9995296036790089,0.9998143516472783,Pillow wall time including file I/O
chat_preview,ui_text,meme_card,1200,800,512,341,JPEG,"seq444,q=95",28086,1.2869318181818181,1.1217079999710222,0.6408749999877728,nan,nan,50.16103258269236,0.9945064315093202,0.9991751268736664,0.9996040771161819,0.99997175877838,Pillow wall time including file I/O
chat_preview,ui_text,meme_card,1200,800,512,341,JPEG,"prog444,q=95",27577,1.263608870967742,2.187124999977641,1.298582999993414,nan,nan,50.16103258269236,0.9945064315093202,0.9991751268736664,0.9996040771161819,0.99997175877838,Pillow wall time including file I/O
chat_preview,ui_text,meme_card,1200,800,512,341,JPEG,"seq420,q=96",22258,1.0198863636363635,0.81537500000195,0.5955000000312793,nan,nan,41.39480476555111,0.9889358290771232,0.9982791668064844,0.9995710444929018,0.9998205849965532,Pillow wall time including file I/O
chat_preview,ui_text,meme_card,1200,800,512,341,JPEG,"prog420,q=96",21446,0.9826796187683284,1.4669590000266908,0.9612079999783418,nan,nan,41.39480476555111,0.9889358290771232,0.9982791668064844,0.9995710444929018,0.9998205849965532,Pillow wall time including file I/O
chat_preview,ui_text,meme_card,1200,800,512,341,JPEG,"seq444,q=96",32139,1.4726447947214076,1.1556670000345548,0.5389579999928173,nan,nan,50.82911122566172,0.9950045253678891,0.9992658305529507,0.999640109644207,0.9999760328070973,Pillow wall time including file I/O
chat_preview,ui_text,meme_card,1200,800,512,341,JPEG,"prog444,q=96",31435,1.4403867302052786,2.1073749999800384,1.2658329999908347,nan,nan,50.82911122566172,0.9950045253678891,0.9992658305529507,0.999640109644207,0.9999760328070973,Pillow wall time including file I/O
chat_preview,ui_text,meme_card,1200,800,512,341,JPEG,"seq420,q=97",25294,1.15899926686217,0.8369169999582482,0.5915830000162714,nan,nan,41.48299338297637,0.9895265037698536,0.9983853492671161,0.9996013116198161,0.9998267260895061,Pillow wall time including file I/O
chat_preview,ui_text,meme_card,1200,800,512,341,JPEG,"prog420,q=97",24287,1.112857404692082,1.618709000013041,0.9584169999925507,nan,nan,41.48299338297637,0.9895265037698536,0.9983853492671161,0.9996013116198161,0.9998267260895061,Pillow wall time including file I/O
chat_preview,ui_text,meme_card,1200,800,512,341,JPEG,"seq444,q=97",37375,1.7125641495601174,1.3514999999983957,0.7702080000058231,nan,nan,51.454221099551,0.9953860418125423,0.9992914802588082,0.9996629150273533,0.9999784742067533,Pillow wall time including file I/O
chat_preview,ui_text,meme_card,1200,800,512,341,JPEG,"prog444,q=97",35955,1.6474981671554252,2.4520000000052278,1.4695830000164278,nan,nan,51.454221099551,0.9953860418125423,0.9992914802588082,0.9996629150273533,0.9999784742067533,Pillow wall time including file I/O
chat_preview,ui_text,meme_card,1200,800,512,341,JPEG,"seq420,q=98",27536,1.2617302052785924,1.1157499999967513,0.5463749999989886,nan,nan,41.53157687223931,0.9898417954694138,0.9984405107483753,0.9996185052792045,0.9998291509811416,Pillow wall time including file I/O
chat_preview,ui_text,meme_card,1200,800,512,341,JPEG,"prog420,q=98",26208,1.2008797653958945,1.6249589999688396,0.9862499999826468,nan,nan,41.53157687223931,0.9898417954694138,0.9984405107483753,0.9996185052792045,0.9998291509811416,Pillow wall time including file I/O
chat_preview,ui_text,meme_card,1200,800,512,341,JPEG,"seq444,q=98",41893,1.919583944281525,1.3516249999838692,0.7726249999677748,nan,nan,51.95930364001262,0.9956061401371304,0.9993130183790342,0.9996805843366379,0.9999805412527681,Pillow wall time including file I/O
chat_preview,ui_text,meme_card,1200,800,512,341,JPEG,"prog444,q=98",39622,1.815524193548387,2.3202500000252257,1.2863329999959205,nan,nan,51.95930364001262,0.9956061401371304,0.9993130183790342,0.9996805843366379,0.9999805412527681,Pillow wall time including file I/O
chat_preview,ui_text,meme_card,1200,800,512,341,JPEG,"seq420,q=99",34835,1.5961785190615836,0.9904170000254453,0.6666250000080254,nan,nan,41.583309105406826,0.9901901290577397,0.9985252190568158,0.9996402555647349,0.9998330336650424,Pillow wall time including file I/O
chat_preview,ui_text,meme_card,1200,800,512,341,JPEG,"prog420,q=99",32738,1.500091642228739,1.7315409999696385,1.1499999999955435,nan,nan,41.583309105406826,0.9901901290577397,0.9985252190568158,0.9996402555647349,0.9998330336650424,Pillow wall time including file I/O
chat_preview,ui_text,meme_card,1200,800,512,341,JPEG,"seq444,q=99",54309,2.488498900293255,1.4558749999764586,0.8502919999955338,nan,nan,52.41612670580915,0.9958523595765625,0.9993750969728588,0.9997083563875856,0.9999825989439014,Pillow wall time including file I/O
chat_preview,ui_text,meme_card,1200,800,512,341,JPEG,"prog444,q=99",50673,2.3218933284457477,2.535250000050837,1.57808399995929,nan,nan,52.41612670580915,0.9958523595765625,0.9993750969728588,0.9997083563875856,0.9999825989439014,Pillow wall time including file I/O
chat_preview,ui_text,meme_card,1200,800,512,341,JPEG,"seq420,q=100",44409,2.0348698680351904,1.0634169999548249,0.7325839999907657,nan,nan,41.58094489070742,0.9901295172715135,0.9985605263756169,0.9996432525533451,0.9998337876379717,Pillow wall time including file I/O
chat_preview,ui_text,meme_card,1200,800,512,341,JPEG,"prog420,q=100",41345,1.8944739736070382,1.8640839999761738,1.2415410000130578,nan,nan,41.58094489070742,0.9901295172715135,0.9985605263756169,0.9996432525533451,0.9998337876379717,Pillow wall time including file I/O
chat_preview,ui_text,meme_card,1200,800,512,341,JPEG,"seq444,q=100",79077,3.6233962609970676,4.119290999994973,0.8495829999901616,nan,nan,52.30985378130147,0.995689228609303,0.9994163503083495,0.9997173294480929,0.9999830644169825,Pillow wall time including file I/O
chat_preview,ui_text,meme_card,1200,800,512,341,JPEG,"prog444,q=100",73549,3.3700971407624634,3.0731670000250233,1.948459000004732,nan,nan,52.30985378130147,0.995689228609303,0.9994163503083495,0.9997173294480929,0.9999830644169825,Pillow wall time including file I/O
chat_preview,ui_text,meme_card,1200,800,512,341,WebP,"m6,q=1",1454,0.06662390029325513,5.093290999980127,0.840625000023465,nan,nan,30.60830143675725,0.9138967816927904,0.9698354318905977,0.9879204851206486,0.9964735591765727,Pillow wall time including file I/O
chat_preview,ui_text,meme_card,1200,800,512,341,WebP,"m6,q=2",1524,0.06983137829912023,5.0648750000164,0.6142080000017813,nan,nan,31.132972471905372,0.9202623007644402,0.9734592573602194,0.9887402272205431,0.9968987981587673,Pillow wall time including file I/O
chat_preview,ui_text,meme_card,1200,800,512,341,WebP,"m6,q=3",1556,0.07129765395894429,5.271082999968257,0.627292000046964,nan,nan,31.453780181260534,0.9230669187108095,0.974486668134006,0.9895926681274752,0.9971490102424727,Pillow wall time including file I/O
chat_preview,ui_text,meme_card,1200,800,512,341,WebP,"m6,q=4",1608,0.07368035190615836,5.352541999968707,0.6452920000015183,nan,nan,31.64432698452972,0.9291661383401891,0.9765770415429408,0.9898366802572115,0.9973290723851788,Pillow wall time including file I/O
chat_preview,ui_text,meme_card,1200,800,512,341,WebP,"m6,q=5",1642,0.07523826979472141,5.228959000021405,0.6166250000205764,nan,nan,32.251060768296576,0.930269470153584,0.9775216630579332,0.990554945063577,0.9976678657095034,Pillow wall time including file I/O
chat_preview,ui_text,meme_card,1200,800,512,341,WebP,"m6,q=6",1686,0.07725439882697947,5.545374999996966,0.7855829999812158,nan,nan,32.596716229030406,0.9324421622077156,0.9778587278015337,0.9912437317684286,0.9977930914971648,Pillow wall time including file I/O
chat_preview,ui_text,meme_card,1200,800,512,341,WebP,"m6,q=7",1710,0.07835410557184751,5.369624999957523,1.1350839999977325,nan,nan,32.78173164633253,0.9343853321994312,0.979253353293822,0.9915629650699513,0.9978995715637436,Pillow wall time including file I/O
chat_preview,ui_text,meme_card,1200,800,512,341,WebP,"m6,q=8",1716,0.07862903225806452,5.514042000015706,0.8823750000033215,nan,nan,32.98328287179824,0.9355337696360916,0.9793836592816656,0.9920728282802083,0.9980017875830897,Pillow wall time including file I/O
chat_preview,ui_text,meme_card,1200,800,512,341,WebP,"m6,q=9",1722,0.07890395894428152,5.640959000004386,0.6652499999972861,nan,nan,33.03254331340251,0.938583530656428,0.9804370418263401,0.9925454662347323,0.9980819048599904,Pillow wall time including file I/O
chat_preview,ui_text,meme_card,1200,800,512,341,WebP,"m6,q=10",1742,0.07982038123167155,5.464291999999205,0.6246670000109589,nan,nan,33.441676628244814,0.9410284722207133,0.9816560488750196,0.9930624853530878,0.998205812385705,Pillow wall time including file I/O
chat_preview,ui_text,meme_card,1200,800,512,341,WebP,"m6,q=11",1810,0.08293621700879765,5.726375000051576,0.6659999999669708,nan,nan,33.20595911389744,0.9403704052423892,0.9809681012006779,0.9929675423051104,0.9981285594232964,Pillow wall time including file I/O
chat_preview,ui_text,meme_card,1200,800,512,341,WebP,"m6,q=12",1798,0.08238636363636363,5.571874999986903,0.6203330000289498,nan,nan,33.551059431210824,0.942699723225589,0.9821131947464856,0.9929331838654792,0.9982720816552648,Pillow wall time including file I/O
chat_preview,ui_text,meme_card,1200,800,512,341,WebP,"m6,q=13",1838,0.08421920821114369,5.460083999992094,0.6063329999506095,nan,nan,33.79897670150853,0.9447734193234195,0.9828899155726672,0.9933107362898433,0.9983599016740645,Pillow wall time including file I/O
chat_preview,ui_text,meme_card,1200,800,512,341,WebP,"m6,q=14",1832,0.08394428152492668,5.813208000006398,0.6945829999835951,nan,nan,33.76607718382575,0.9432028298319454,0.982398605781651,0.9938107750772468,0.9983703129685596,Pillow wall time including file I/O
chat_preview,ui_text,meme_card,1200,800,512,341,WebP,"m6,q=15",1882,0.08623533724340177,6.0947079999778,0.7269999999834909,nan,nan,34.15878102335614,0.9463829177305857,0.9839344569598666,0.9940932658517595,0.9985334172394706,Pillow wall time including file I/O
chat_preview,ui_text,meme_card,1200,800,512,341,WebP,"m6,q=16",1968,0.09017595307917889,5.8379590000186,0.6932910000045922,nan,nan,34.38046282831068,0.9469255998421184,0.9838630666190739,0.9942728522802086,0.9985568131581259,Pillow wall time including file I/O
chat_preview,ui_text,meme_card,1200,800,512,341,WebP,"m6,q=17",1954,0.08953445747800587,5.825958000002629,0.7830419999663718,nan,nan,34.401501097187015,0.948655006688614,0.9843040302682856,0.9941469750166443,0.9985773964814124,Pillow wall time including file I/O
chat_preview,ui_text,meme_card,1200,800,512,341,WebP,"m6,q=18",2004,0.09182551319648094,6.116208000037204,0.794415999962439,nan,nan,34.460337165679334,0.9489707756532022,0.984454014445426,0.9947580721474406,0.9985843894860367,Pillow wall time including file I/O
chat_preview,ui_text,meme_card,1200,800,512,341,WebP,"m6,q=19",1992,0.09127565982404692,6.010625000044456,0.6977909999932308,nan,nan,34.53897342174146,0.949682305852722,0.9847685664907697,0.9949436267334808,0.9986346741494176,Pillow wall time including file I/O
chat_preview,ui_text,meme_card,1200,800,512,341,WebP,"m6,q=20",2000,0.09164222873900293,5.868167000016911,0.7383340000046701,nan,nan,34.63364419468464,0.9505816841061647,0.9848701347971773,0.995175362383756,0.9986532866561334,Pillow wall time including file I/O
chat_preview,ui_text,meme_card,1200,800,512,341,WebP,"m6,q=21",2016,0.09237536656891496,5.48670799997808,0.6130830000188325,nan,nan,35.14338147811309,0.9531965905090192,0.9860093939412836,0.9956255808049507,0.9987867671664487,Pillow wall time including file I/O
chat_preview,ui_text,meme_card,1200,800,512,341,WebP,"m6,q=22",2030,0.09301686217008798,5.47120799996037,0.748499999986052,nan,nan,35.057017202027104,0.9528894362446033,0.9859314119794957,0.9955666571312757,0.998792425065935,Pillow wall time including file I/O
chat_preview,ui_text,meme_card,1200,800,512,341,WebP,"m6,q=23",2064,0.09457478005865103,5.4830420000371305,0.7905840000148601,nan,nan,35.17530684125613,0.9545294341528624,0.9864354996428663,0.9958128947880118,0.9988236389586106,Pillow wall time including file I/O
chat_preview,ui_text,meme_card,1200,800,512,341,WebP,"m6,q=24",2108,0.09659090909090909,5.6271670000000995,0.7889589999763302,nan,nan,35.27607213382573,0.9545564038237041,0.9863944984627118,0.9957439817146599,0.998830687169397,Pillow wall time including file I/O
chat_preview,ui_text,meme_card,1200,800,512,341,WebP,"m6,q=25",2132,0.09769061583577712,5.506416999992325,0.6942910000020674,nan,nan,35.27356255040518,0.9554340051797657,0.9867777209217733,0.9958796373289363,0.9988592620494288,Pillow wall time including file I/O
chat_preview,ui_text,meme_card,1200,800,512,341,WebP,"m6,q=26",2170,0.09943181818181818,5.471292000038375,0.6279169999743317,nan,nan,35.41978365485896,0.956978403236501,0.98745485682194,0.9958338914090404,0.9988784630234779,Pillow wall time including file I/O
chat_preview,ui_text,meme_card,1200,800,512,341,WebP,"m6,q=27",2190,0.1003482404692082,5.503833999966901,0.620999999966898,nan,nan,35.754727263895006,0.9590189511381965,0.9880580337817347,0.9961217736349236,0.9989735079653453,Pillow wall time including file I/O
chat_preview,ui_text,meme_card,1200,800,512,341,WebP,"m6,q=28",2226,0.10199780058651027,5.547250000006443,0.6259159999899566,nan,nan,35.576869072726836,0.9565784298298631,0.9870873473921447,0.9959866516851275,0.9989257229417497,Pillow wall time including file I/O
chat_preview,ui_text,meme_card,1200,800,512,341,WebP,"m6,q=29",2242,0.1027309384164223,5.477499999983593,0.7480829999622074,nan,nan,35.95744384230169,0.9596957244112027,0.988317900625206,0.9961766469989173,0.9990211570283677,Pillow wall time including file I/O
chat_preview,ui_text,meme_card,1200,800,512,341,WebP,"m6,q=30",2284,0.10465542521994135,5.618083999991086,0.7517079999956877,nan,nan,36.0149865955048,0.9583845871993617,0.9880611630719992,0.9962471737445937,0.9990251493901989,Pillow wall time including file I/O
chat_preview,ui_text,meme_card,1200,800,512,341,WebP,"m6,q=31",2306,0.10566348973607038,5.564958999968894,0.6328329999973903,nan,nan,36.06755287840603,0.9589956317477727,0.9880803550700246,0.9962544538938114,0.9990263238991133,Pillow wall time including file I/O
chat_preview,ui_text,meme_card,1200,800,512,341,WebP,"m6,q=32",2326,0.10657991202346041,5.496583999956783,0.6642499999998108,nan,nan,36.13509367534012,0.9601189623858696,0.988646966720632,0.9965107883214567,0.9990554997986432,Pillow wall time including file I/O
chat_preview,ui_text,meme_card,1200,800,512,341,WebP,"m6,q=33",2354,0.10786290322580645,5.613290999974652,0.740250000035303,nan,nan,36.15117321425734,0.960534743241071,0.9886838774741683,0.9965665219863724,0.9990735586177601,Pillow wall time including file I/O
chat_preview,ui_text,meme_card,1200,800,512,341,WebP,"m6,q=34",2374,0.10877932551319648,5.624541000031513,0.7539580000184287,nan,nan,36.32587304150888,0.9604592009681441,0.9885849714152634,0.996581590142058,0.9990957892376184,Pillow wall time including file I/O
chat_preview,ui_text,meme_card,1200,800,512,341,WebP,"m6,q=35",2384,0.1092375366568915,5.6647909999583135,0.7766659999788317,nan,nan,36.33556654591262,0.9604005329560951,0.9886103745043195,0.9967492748262301,0.9990988843058921,Pillow wall time including file I/O
chat_preview,ui_text,meme_card,1200,800,512,341,WebP,"m6,q=36",2398,0.10987903225806452,5.7997920000048,0.7784169999922597,nan,nan,36.47817325471317,0.9606279311915539,0.9887327908967086,0.9968413479443257,0.9991279812881952,Pillow wall time including file I/O
chat_preview,ui_text,meme_card,1200,800,512,341,WebP,"m6,q=37",2430,0.11134530791788856,6.1900000000036925,0.684083000010105,nan,nan,36.52355462697585,0.9616857730409144,0.989230442947648,0.9969575790586679,0.9991313986372047,Pillow wall time including file I/O
chat_preview,ui_text,meme_card,1200,800,512,341,WebP,"m6,q=38",2472,0.11326979472140762,5.843125000012606,0.7204159999787407,nan,nan,36.73024230670231,0.96348799847752,0.9899835154856319,0.9971191395333662,0.9991815459064419,Pillow wall time including file I/O
chat_preview,ui_text,meme_card,1200,800,512,341,WebP,"m6,q=39",2466,0.11299486803519061,5.664540999987366,0.8178749999956381,nan,nan,36.85084782384236,0.9640296631160051,0.9898810258944324,0.9972119782269163,0.9991847379129529,Pillow wall time including file I/O
chat_preview,ui_text,meme_card,1200,800,512,341,WebP,"m6,q=40",2510,0.11501099706744868,5.8613749999949505,0.7745409999984076,nan,nan,36.76976909642268,0.9614178495284823,0.9891274840284744,0.9971097504700723,0.9991516083969093,Pillow wall time including file I/O
chat_preview,ui_text,meme_card,1200,800,512,341,WebP,"m6,q=41",2510,0.11501099706744868,5.89791600003764,0.6791659999976218,nan,nan,36.76976909642268,0.9614178495284823,0.9891274840284744,0.9971097504700723,0.9991516083969093,Pillow wall time including file I/O
chat_preview,ui_text,meme_card,1200,800,512,341,WebP,"m6,q=42",2526,0.1157441348973607,6.1588749999828,0.8058749999690917,nan,nan,36.92191663694449,0.963205997328581,0.9897372323274626,0.9972526989386195,0.9991986615704739,Pillow wall time including file I/O
chat_preview,ui_text,meme_card,1200,800,512,341,WebP,"m6,q=43",2530,0.1159274193548387,6.132290999971701,0.7132920000003651,nan,nan,37.01975616628752,0.9635541734613319,0.9898004867573159,0.9973911622815143,0.9992172889249891,Pillow wall time including file I/O
chat_preview,ui_text,meme_card,1200,800,512,341,WebP,"m6,q=44",2572,0.11785190615835778,5.96204199996464,0.8171660000471093,nan,nan,37.08237659149556,0.9624834547262441,0.9893502994012282,0.9973804046204617,0.9992243466891988,Pillow wall time including file I/O
chat_preview,ui_text,meme_card,1200,800,512,341,WebP,"m6,q=45",2616,0.11986803519061584,6.102458999976079,0.8020000000215077,nan,nan,37.34751083412818,0.9641320585167453,0.9898958111093997,0.9974572962573794,0.9992674516201491,Pillow wall time including file I/O
chat_preview,ui_text,meme_card,1200,800,512,341,WebP,"m6,q=46",2602,0.11922653958944282,5.774792000011075,0.7812499999886313,nan,nan,37.433961782538645,0.9653787443687869,0.9901558267764798,0.9974456176357359,0.9992911556297118,Pillow wall time including file I/O
chat_preview,ui_text,meme_card,1200,800,512,341,WebP,"m6,q=47",2650,0.12142595307917889,5.74800000003961,0.6877499999973224,nan,nan,37.32438657323044,0.9646976226633299,0.9900033322430756,0.9974539713556773,0.9992727096379206,Pillow wall time including file I/O
chat_preview,ui_text,meme_card,1200,800,512,341,WebP,"m6,q=48",2676,0.12261730205278593,5.660334000026523,0.6568329999936395,nan,nan,37.55414105937592,0.9658056205680511,0.9903658193944148,0.9975860672852724,0.9993109416785155,Pillow wall time including file I/O
chat_preview,ui_text,meme_card,1200,800,512,341,WebP,"m6,q=49",2676,0.12261730205278593,5.73104099999,0.6621250000193868,nan,nan,37.582408333996035,0.9659152153274343,0.9903970275774622,0.997602501180659,0.9993131808397582,Pillow wall time including file I/O
chat_preview,ui_text,meme_card,1200,800,512,341,WebP,"m6,q=50",2732,0.125183284457478,5.6607500000041,0.6437499999947249,nan,nan,37.627461982870486,0.9667537637949852,0.9909358463194695,0.9975879138033102,0.9993214435820277,Pillow wall time including file I/O
chat_preview,ui_text,meme_card,1200,800,512,341,WebP,"m6,q=51",2752,0.12609970674486803,6.065874999990228,0.8219580000172755,nan,nan,37.71065346736564,0.9679836179651374,0.9912080268481658,0.9976295066033467,0.9993426028050049,Pillow wall time including file I/O
chat_preview,ui_text,meme_card,1200,800,512,341,WebP,"m6,q=52",2774,0.12710777126099707,6.314625000015894,0.8342500000253494,nan,nan,37.74216425822257,0.9693104413928406,0.9918377190324211,0.9975950431788535,0.9993555885099361,Pillow wall time including file I/O
chat_preview,ui_text,meme_card,1200,800,512,341,WebP,"m6,q=53",2766,0.12674120234604105,6.036542000003919,0.8011659999738185,nan,nan,37.70704274659819,0.9685662079290097,0.991493347004123,0.9976144749956369,0.9993446481820002,Pillow wall time including file I/O
chat_preview,ui_text,meme_card,1200,800,512,341,WebP,"m6,q=54",2832,0.12976539589442815,5.877749999967818,0.8309169999733967,nan,nan,37.682157987239925,0.9676898308676324,0.9913776615230122,0.9976174765464788,0.999346875001755,Pillow wall time including file I/O
chat_preview,ui_text,meme_card,1200,800,512,341,WebP,"m6,q=55",2832,0.12976539589442815,5.859167000039633,0.6453749999764113,nan,nan,37.72946505989963,0.967788746172971,0.9914309419028355,0.9976203483807917,0.9993530718467988,Pillow wall time including file I/O
chat_preview,ui_text,meme_card,1200,800,512,341,WebP,"m6,q=56",2866,0.1313233137829912,5.9617499999831125,0.683792000018002,nan,nan,37.67319611717856,0.9677343581860535,0.9913896790990065,0.9975216252706456,0.999344493330024,Pillow wall time including file I/O
chat_preview,ui_text,meme_card,1200,800,512,341,WebP,"m6,q=57",2906,0.13315615835777125,6.22866700001623,0.6696250000004511,nan,nan,37.796558990594455,0.9678199841280701,0.991391317137052,0.9975393236874512,0.9993579956207624,Pillow wall time including file I/O
chat_preview,ui_text,meme_card,1200,800,512,341,WebP,"m6,q=58",2944,0.1348973607038123,6.05941700001722,0.6829999999808933,nan,nan,37.930855889464624,0.9688905273649978,0.9917056635240088,0.9975423504427575,0.999385874660042,Pillow wall time including file I/O
chat_preview,ui_text,meme_card,1200,800,512,341,WebP,"m6,q=59",2930,0.1342558651026393,5.894458999989638,0.6689170000413469,nan,nan,37.94010347195202,0.9691551659823302,0.9918082288696101,0.9975458832685806,0.9993881376302677,Pillow wall time including file I/O
chat_preview,ui_text,meme_card,1200,800,512,341,WebP,"m6,q=60",2926,0.13407258064516128,5.922499999996944,0.6537919999800579,nan,nan,37.99928314128995,0.9690170020049923,0.9917018648634358,0.9976043169409148,0.9993956540683901,Pillow wall time including file I/O
chat_preview,ui_text,meme_card,1200,800,512,341,WebP,"m6,q=61",2974,0.13627199413489735,6.355500000040593,0.6648750000408654,nan,nan,38.046899849155714,0.9689493501659282,0.9919432104419775,0.9976018048755726,0.9994096098775634,Pillow wall time including file I/O
chat_preview,ui_text,meme_card,1200,800,512,341,WebP,"m6,q=62",3016,0.1381964809384164,5.992417000015848,0.6904589999976452,nan,nan,38.06104818550821,0.9686697029218495,0.9918018557291148,0.9976071293321581,0.9994065292955838,Pillow wall time including file I/O
chat_preview,ui_text,meme_card,1200,800,512,341,WebP,"m6,q=63",3046,0.13957111436950145,6.086041000003206,0.6879580000145324,nan,nan,38.02019784552777,0.9694922888396446,0.9919977222955835,0.997649633282894,0.9994104392245634,Pillow wall time including file I/O
chat_preview,ui_text,meme_card,1200,800,512,341,WebP,"m6,q=64",3040,0.13929618768328444,6.031291999988753,0.6929169999807527,nan,nan,38.055469045536746,0.9698910464768485,0.9920743179270163,0.9976947441757531,0.9994150685982209,Pillow wall time including file I/O
chat_preview,ui_text,meme_card,1200,800,512,341,WebP,"m6,q=65",3062,0.14030425219941348,6.128541999999015,0.6782499999644642,nan,nan,38.055001317109365,0.9699890140240335,0.9921760321387914,0.9977555433774128,0.9994209093018073,Pillow wall time including file I/O
chat_preview,ui_text,meme_card,1200,800,512,341,WebP,"m6,q=66",3060,0.14021260997067447,5.950874999996358,0.6750829999759844,nan,nan,38.103692762559355,0.9698616411113314,0.9922448370057896,0.9976847178505039,0.9994244071914161,Pillow wall time including file I/O
chat_preview,ui_text,meme_card,1200,800,512,341,WebP,"m6,q=67",3168,0.14516129032258066,6.160207999982958,0.7130000000188375,nan,nan,38.20725370754168,0.9705568525583047,0.992390183846751,0.9977510416992706,0.9994472391783269,Pillow wall time including file I/O
chat_preview,ui_text,meme_card,1200,800,512,341,WebP,"m6,q=68",3168,0.14516129032258066,6.133250000004864,0.685958000019582,nan,nan,38.20725370754168,0.9705568525583047,0.992390183846751,0.9977510416992706,0.9994472391783269,Pillow wall time including file I/O
chat_preview,ui_text,meme_card,1200,800,512,341,WebP,"m6,q=69",3174,0.14543621700879766,6.438292000041201,0.7238339999844356,nan,nan,38.266472784237976,0.9716388254019,0.9927049772619402,0.9978175006197336,0.9994620162661556,Pillow wall time including file I/O
chat_preview,ui_text,meme_card,1200,800,512,341,WebP,"m6,q=70",3236,0.14827712609970675,6.646582999962902,0.8543339999960153,nan,nan,38.23538356431468,0.9714835567419309,0.9925997240055916,0.9978192100387807,0.9994571099906914,Pillow wall time including file I/O
chat_preview,ui_text,meme_card,1200,800,512,341,WebP,"m6,q=71",3230,0.14800219941348974,6.418250000024273,0.7405419999599872,nan,nan,38.252947473213446,0.9719562047858642,0.9928360789712012,0.9979030370412167,0.9994663257811089,Pillow wall time including file I/O
chat_preview,ui_text,meme_card,1200,800,512,341,WebP,"m6,q=72",3322,0.15221774193548387,6.514833000039744,0.7150000000137879,nan,nan,38.19564050088554,0.9699425864148598,0.9922652002988408,0.9977911931250123,0.9994474042101816,Pillow wall time including file I/O
chat_preview,ui_text,meme_card,1200,800,512,341,WebP,"m6,q=73",3322,0.15221774193548387,6.184999999959473,0.6677499999909742,nan,nan,38.19564050088554,0.9699425864148598,0.9922652002988408,0.9977911931250123,0.9994474042101816,Pillow wall time including file I/O
chat_preview,ui_text,meme_card,1200,800,512,341,WebP,"m6,q=74",3362,0.15405058651026393,6.224416999998539,0.8015419999765072,nan,nan,38.28418460797527,0.9698857556330727,0.9921783389567468,0.9978227837262323,0.9994584390280103,Pillow wall time including file I/O
chat_preview,ui_text,meme_card,1200,800,512,341,WebP,"m6,q=75",3486,0.1597324046920821,6.1542500000086875,0.6759999999985666,nan,nan,38.37206312875532,0.9706589848112527,0.9924476963268131,0.9978982103900629,0.9994773027106914,Pillow wall time including file I/O
chat_preview,ui_text,meme_card,1200,800,512,341,WebP,"m6,q=76",3522,0.16138196480938416,6.230125000001863,0.8619999999837091,nan,nan,38.71886975618433,0.972921590161937,0.9931614382716704,0.9980136645326797,0.9995190018069559,Pillow wall time including file I/O
chat_preview,ui_text,meme_card,1200,800,512,341,WebP,"m6,q=77",3564,0.16330645161290322,6.426000000033127,0.7158330000152091,nan,nan,38.74408268797049,0.9741487727141543,0.9934172464273797,0.998015979469391,0.9995381146000636,Pillow wall time including file I/O
chat_preview,ui_text,meme_card,1200,800,512,341,WebP,"m6,q=78",3640,0.16678885630498533,6.269665999980134,0.7353749999765569,nan,nan,38.75445881142771,0.9727622206043711,0.9930559535838356,0.9981182823130793,0.9995326764409093,Pillow wall time including file I/O
chat_preview,ui_text,meme_card,1200,800,512,341,WebP,"m6,q=79",3734,0.17109604105571846,6.304749999969772,0.8273749999716529,nan,nan,38.946601811332464,0.9739664511098112,0.993381826646678,0.9981412766262735,0.9995522546244927,Pillow wall time including file I/O
chat_preview,ui_text,meme_card,1200,800,512,341,WebP,"m6,q=80",3862,0.17696114369501467,6.404707999990933,0.6889169999908518,nan,nan,39.14376737992056,0.9753022840271596,0.9938372162832702,0.9982229408562352,0.999575222034376,Pillow wall time including file I/O
chat_preview,ui_text,meme_card,1200,800,512,341,WebP,"m6,q=81",3992,0.18291788856304986,6.450082999947426,0.8461670000201593,nan,nan,39.31526348631796,0.9764743265574279,0.9941565540202363,0.998224600207782,0.9996018006146395,Pillow wall time including file I/O
chat_preview,ui_text,meme_card,1200,800,512,341,WebP,"m6,q=82",4164,0.1907991202346041,6.549874999961958,0.687874999982796,nan,nan,39.55711152594534,0.9782614899457842,0.9945628792209691,0.9982448204602142,0.9996332732703096,Pillow wall time including file I/O
chat_preview,ui_text,meme_card,1200,800,512,341,WebP,"m6,q=83",4252,0.19483137829912023,6.556167000042024,0.7167919999915284,nan,nan,39.5835500102992,0.9782690864641541,0.9946616969993162,0.9983539293797422,0.9996409688210286,Pillow wall time including file I/O
chat_preview,ui_text,meme_card,1200,800,512,341,WebP,"m6,q=84",4462,0.20445381231671556,6.778666999991856,0.7491670000376871,nan,nan,39.695035305486954,0.9791824184163912,0.9948898046016454,0.9983831353612521,0.9996565120842115,Pillow wall time including file I/O
chat_preview,ui_text,meme_card,1200,800,512,341,WebP,"m6,q=85",4552,0.20857771260997068,6.723458999999821,0.8698330000243004,nan,nan,39.8597444097871,0.98041432820576,0.995197157231137,0.9984934358754006,0.9996722253625443,Pillow wall time including file I/O
chat_preview,ui_text,meme_card,1200,800,512,341,WebP,"m6,q=86",4786,0.21929985337243402,6.959999999992306,0.8275000000139698,nan,nan,39.93547933224169,0.9791800777132461,0.9945807252271298,0.9980987303602629,0.999673656226947,Pillow wall time including file I/O
chat_preview,ui_text,meme_card,1200,800,512,341,WebP,"m6,q=87",4812,0.22049120234604105,7.1308330000192655,0.8035409999820331,nan,nan,39.988516531156066,0.9801658718689161,0.9948983064137514,0.9982088472829483,0.999681367841688,Pillow wall time including file I/O
chat_preview,ui_text,meme_card,1200,800,512,341,WebP,"m6,q=88",5126,0.23487903225806453,7.3818750000214095,0.70016699999087,nan,nan,40.27155378954003,0.9816078837192889,0.995539519983558,0.9983492949404819,0.9997163657902409,Pillow wall time including file I/O
chat_preview,ui_text,meme_card,1200,800,512,341,WebP,"m6,q=89",5230,0.23964442815249268,7.557332999965638,0.6852920000142149,nan,nan,40.24395171160311,0.9819270241212336,0.995658945093039,0.9984786901228178,0.9997152441507786,Pillow wall time including file I/O
chat_preview,ui_text,meme_card,1200,800,512,341,WebP,"m6,q=90",5646,0.2587060117302053,7.972042000005786,0.7282920000193371,nan,nan,40.42961355285727,0.982600960503489,0.9957646197803514,0.9986057027259635,0.9997289192259096,Pillow wall time including file I/O
chat_preview,ui_text,meme_card,1200,800,512,341,WebP,"m6,q=91",6078,0.2785007331378299,11.220333999972354,1.0144999999965876,nan,nan,40.56098634521408,0.9837365574524549,0.9962327665862301,0.9986327753107225,0.9997458803552762,Pillow wall time including file I/O
chat_preview,ui_text,meme_card,1200,800,512,341,WebP,"m6,q=92",6168,0.28262463343108507,9.926791999987472,0.7860000000050604,nan,nan,40.62311496218942,0.9837737959506234,0.9962385013981173,0.9986573240718207,0.9997480093644348,Pillow wall time including file I/O
chat_preview,ui_text,meme_card,1200,800,512,341,WebP,"m6,q=93",6534,0.29939516129032256,8.397500000000946,0.7668750000107138,nan,nan,40.66630024883583,0.9838316728425337,0.9962096520505731,0.998655922590027,0.9997528863180837,Pillow wall time including file I/O
chat_preview,ui_text,meme_card,1200,800,512,341,WebP,"m6,q=94",7282,0.3336693548387097,8.372999999949116,0.8257499999899665,nan,nan,40.80815508600733,0.9842241232529619,0.9963714215392261,0.9987555831550112,0.9997619964618025,Pillow wall time including file I/O
chat_preview,ui_text,meme_card,1200,800,512,341,WebP,"m6,q=95",7970,0.36519428152492667,8.538625000028333,0.7930000000442305,nan,nan,40.90384770743715,0.9850522289055209,0.9966633486135544,0.9987652952125725,0.9997714534126714,Pillow wall time including file I/O
chat_preview,ui_text,meme_card,1200,800,512,341,WebP,"m6,q=96",9216,0.4222873900293255,11.087292000013349,0.9083749999945212,nan,nan,41.08897655432351,0.9873019268734957,0.9974581630084977,0.9990042206139965,0.9997884976797731,Pillow wall time including file I/O
chat_preview,ui_text,meme_card,1200,800,512,341,WebP,"m6,q=97",9598,0.4397910557184751,10.268666000001758,0.9905829999752314,nan,nan,41.12310996334046,0.987403653460709,0.9974878064945235,0.9990115338115074,0.9997920411951206,Pillow wall time including file I/O
chat_preview,ui_text,meme_card,1200,800,512,341,WebP,"m6,q=98",10668,0.48881964809384165,10.742542000002686,0.999459000013303,nan,nan,41.1820776874695,0.9876316660835386,0.9975936374603643,0.9990780060305826,0.9997975060966552,Pillow wall time including file I/O
chat_preview,ui_text,meme_card,1200,800,512,341,WebP,"m6,q=99",11120,0.5095307917888563,12.975624999967295,1.0988340000039898,nan,nan,41.20917100198458,0.9879487241972423,0.9976408167209788,0.9991019658482672,0.999800621882385,Pillow wall time including file I/O
chat_preview,ui_text,meme_card,1200,800,512,341,WebP,"m6,q=100",11048,0.5062316715542522,11.358332999975573,1.062916000023506,nan,nan,41.19637406722043,0.9879751123773564,0.9976314877589695,0.9990911589271192,0.999799293297552,Pillow wall time including file I/O
chat_preview,ui_text,meme_card,1200,800,512,341,WebP,"lossless,m6",21498,0.9850623167155426,223.7825839999914,1.246083999944858,nan,nan,99.0,1.0,1.0,0.9999999999999881,1.0,Pillow wall time including file I/O
chat_preview,ui_text,meme_card,1200,800,512,341,AVIF,crf=63,482,0.022085777126099708,92.46295799999871,21.2301669999988,nan,nan,24.86627349856667,0.7884900477344422,0.8690605258350805,0.943626636098872,0.9807845184203573,ffmpeg/libsvtav1 wall time including process and file I/O
chat_preview,ui_text,meme_card,1200,800,512,341,AVIF,crf=62,540,0.02474340175953079,46.34249999998019,19.48541600000908,nan,nan,26.120237169844973,0.8006569200399841,0.9057885234997864,0.959676524558878,0.9863842060047695,ffmpeg/libsvtav1 wall time including process and file I/O
chat_preview,ui_text,meme_card,1200,800,512,341,AVIF,crf=61,577,0.026438782991202347,45.1920829999608,20.343999999965945,nan,nan,26.712461049658337,0.8200716074887652,0.9227460506871226,0.9655110434178424,0.9888414201055558,ffmpeg/libsvtav1 wall time including process and file I/O
chat_preview,ui_text,meme_card,1200,800,512,341,AVIF,crf=60,593,0.02717192082111437,49.841125000000375,20.848125000043183,nan,nan,27.654855033074423,0.8351746334629205,0.929563547818771,0.9750378420680076,0.9910744000548549,ffmpeg/libsvtav1 wall time including process and file I/O
chat_preview,ui_text,meme_card,1200,800,512,341,AVIF,crf=59,608,0.02785923753665689,45.45470800002249,20.26379200003703,nan,nan,28.308554769305573,0.8481765550108684,0.9407088105686213,0.9756043555397854,0.9924344474330905,ffmpeg/libsvtav1 wall time including process and file I/O
chat_preview,ui_text,meme_card,1200,800,512,341,AVIF,crf=58,627,0.028729838709677418,43.16479200002732,19.201707999968676,nan,nan,28.66069366605562,0.851629333725756,0.9421892374188209,0.9760004382568529,0.9930510384533584,ffmpeg/libsvtav1 wall time including process and file I/O
chat_preview,ui_text,meme_card,1200,800,512,341,AVIF,crf=57,650,0.029783724340175954,47.89395800003149,18.937291000042933,nan,nan,28.901857870205244,0.8628851372037495,0.9478991436104884,0.9787432449240178,0.9936164311772963,ffmpeg/libsvtav1 wall time including process and file I/O
chat_preview,ui_text,meme_card,1200,800,512,341,AVIF,crf=56,686,0.031433284457478006,44.205624999960946,20.225666999976966,nan,nan,29.552480645843882,0.8846248459248157,0.9543273316001128,0.9832873639515713,0.9943955247403874,ffmpeg/libsvtav1 wall time including process and file I/O
chat_preview,ui_text,meme_card,1200,800,512,341,AVIF,crf=55,712,0.03262463343108504,42.39520900000571,18.902958000012404,nan,nan,30.346423708344368,0.8861747735577384,0.955254815301242,0.9831132126734825,0.9952968725177955,ffmpeg/libsvtav1 wall time including process and file I/O
chat_preview,ui_text,meme_card,1200,800,512,341,AVIF,crf=54,761,0.03486986803519061,44.826457999988634,19.711083000004237,nan,nan,30.60911884775596,0.8897920443804573,0.9556684228741568,0.9834558361929021,0.9956091693297097,ffmpeg/libsvtav1 wall time including process and file I/O
chat_preview,ui_text,meme_card,1200,800,512,341,AVIF,crf=53,778,0.035648826979472144,55.09408299997176,21.20437500002481,nan,nan,30.920406710224093,0.899752754578573,0.95991537471741,0.985753136719505,0.9960435170016041,ffmpeg/libsvtav1 wall time including process and file I/O
chat_preview,ui_text,meme_card,1200,800,512,341,AVIF,crf=52,801,0.03670271260997068,48.952874999997675,22.102833000019473,nan,nan,31.376827498077123,0.9072979956257238,0.9645939169324391,0.9867132820160225,0.9964733477790575,ffmpeg/libsvtav1 wall time including process and file I/O
chat_preview,ui_text,meme_card,1200,800,512,341,AVIF,crf=51,829,0.037985703812316716,51.918292000038946,28.6638339999854,nan,nan,31.798922906656138,0.9093454566628937,0.9647171118512969,0.987796406286881,0.9967808538267681,ffmpeg/libsvtav1 wall time including process and file I/O
chat_preview,ui_text,meme_card,1200,800,512,341,AVIF,crf=50,857,0.039268695014662756,48.426708000022245,21.539625000002616,nan,nan,32.09271196131923,0.9190895245342962,0.967704584888216,0.9891243709283284,0.9970508701953795,ffmpeg/libsvtav1 wall time including process and file I/O
chat_preview,ui_text,meme_card,1200,800,512,341,AVIF,crf=49,878,0.040230938416422286,48.03404099999398,21.13008300000274,nan,nan,32.80880185512943,0.9272995714184082,0.9707717941666046,0.9898199675256146,0.9974356602416877,ffmpeg/libsvtav1 wall time including process and file I/O
chat_preview,ui_text,meme_card,1200,800,512,341,AVIF,crf=48,933,0.042751099706744865,45.60637500003395,20.933709000019007,nan,nan,32.77317396917804,0.9236257674744577,0.9736284103007103,0.9902920544974387,0.9975713307629565,ffmpeg/libsvtav1 wall time including process and file I/O
chat_preview,ui_text,meme_card,1200,800,512,341,AVIF,crf=47,946,0.04334677419354839,50.33162500001254,21.57537499999762,nan,nan,33.41328865951724,0.93153448948684,0.9778469566820688,0.9910908875119864,0.9979187032975032,ffmpeg/libsvtav1 wall time including process and file I/O
chat_preview,ui_text,meme_card,1200,800,512,341,AVIF,crf=46,967,0.04430901759530792,50.07083300000659,22.73137500003486,nan,nan,33.508155351587455,0.933672129161151,0.9775145955540182,0.9909941749176497,0.9979718423333169,ffmpeg/libsvtav1 wall time including process and file I/O
chat_preview,ui_text,meme_card,1200,800,512,341,AVIF,crf=45,979,0.04485887096774194,49.92254200004709,21.82700000003024,nan,nan,34.03780513190464,0.9404053247102272,0.9797290609783276,0.9919072971909343,0.998231852830549,ffmpeg/libsvtav1 wall time including process and file I/O
chat_preview,ui_text,meme_card,1200,800,512,341,AVIF,crf=44,1050,0.04811217008797654,51.05866600001718,21.042333000025337,nan,nan,34.07339511151277,0.9420785152046104,0.9804075064911016,0.9924118550854673,0.9982750661790132,ffmpeg/libsvtav1 wall time including process and file I/O
chat_preview,ui_text,meme_card,1200,800,512,341,AVIF,crf=43,1072,0.04912023460410557,54.48279199998751,22.070790999975998,nan,nan,34.68073540071407,0.9491506780056365,0.9834594932417259,0.9931328090638526,0.9985109946011554,ffmpeg/libsvtav1 wall time including process and file I/O
chat_preview,ui_text,meme_card,1200,800,512,341,AVIF,crf=42,1086,0.04976173020527859,54.4508750000432,21.38054199997441,nan,nan,35.077388101086484,0.9500898351880811,0.9836966399380606,0.9933592654857263,0.9986143824405689,ffmpeg/libsvtav1 wall time including process and file I/O
chat_preview,ui_text,meme_card,1200,800,512,341,AVIF,crf=41,1135,0.05200696480938417,53.33237500002497,22.22324999996772,nan,nan,35.3513061100571,0.9526434483700875,0.9845970096727751,0.9942875051996508,0.998722383892715,ffmpeg/libsvtav1 wall time including process and file I/O
chat_preview,ui_text,meme_card,1200,800,512,341,AVIF,crf=40,1173,0.05374816715542522,51.911834000009094,21.437875000003714,nan,nan,35.59593757610497,0.9543848289120772,0.9852784581030608,0.9949402627813868,0.9988234418506223,ffmpeg/libsvtav1 wall time including process and file I/O
chat_preview,ui_text,meme_card,1200,800,512,341,AVIF,crf=39,1222,0.05599340175953079,55.38716600000271,24.116250000020045,nan,nan,35.82873914739735,0.9563651878656563,0.9858712268547145,0.9948340746111948,0.9988914647670967,ffmpeg/libsvtav1 wall time including process and file I/O
chat_preview,ui_text,meme_card,1200,800,512,341,AVIF,crf=38,1268,0.058101173020527856,48.6706660000209,20.562874999995984,nan,nan,36.25818447578848,0.9601359226765883,0.9875887925798127,0.9955626113431425,0.9990179461820061,ffmpeg/libsvtav1 wall time including process and file I/O
chat_preview,ui_text,meme_card,1200,800,512,341,AVIF,crf=37,1293,0.0592467008797654,45.867000000043845,18.87670899998284,nan,nan,36.4749888369641,0.9621430333337333,0.9886336857680607,0.9956745005936816,0.999072488051035,ffmpeg/libsvtav1 wall time including process and file I/O
chat_preview,ui_text,meme_card,1200,800,512,341,AVIF,crf=36,1328,0.06085043988269795,44.52054099999714,18.872790999978406,nan,nan,36.52998144009038,0.9627146671488845,0.9887254253411714,0.9960316677063894,0.9991082163936988,ffmpeg/libsvtav1 wall time including process and file I/O
chat_preview,ui_text,meme_card,1200,800,512,341,AVIF,crf=35,1352,0.06195014662756598,43.278790999977446,19.42258399998309,nan,nan,36.90832756623231,0.9662150965846571,0.9899857372314432,0.9964674703644307,0.999170768930457,ffmpeg/libsvtav1 wall time including process and file I/O
chat_preview,ui_text,meme_card,1200,800,512,341,AVIF,crf=34,1426,0.06534090909090909,44.296750000000884,18.9989579999974,nan,nan,37.128008750390784,0.967432863305847,0.9906742294279076,0.9970042848831424,0.9992450091248164,ffmpeg/libsvtav1 wall time including process and file I/O
chat_preview,ui_text,meme_card,1200,800,512,341,AVIF,crf=33,1428,0.06543255131964809,45.535040999993726,19.05099999999038,nan,nan,37.184114047227695,0.967848233826272,0.9908960780884343,0.9969552898685607,0.9992620277133698,ffmpeg/libsvtav1 wall time including process and file I/O
chat_preview,ui_text,meme_card,1200,800,512,341,AVIF,crf=32,1470,0.06735703812316715,43.99554200000466,19.308874999978798,nan,nan,37.30212740115761,0.9679999048720375,0.9910075503504339,0.9970881606708571,0.9993046383340215,ffmpeg/libsvtav1 wall time including process and file I/O
chat_preview,ui_text,meme_card,1200,800,512,341,AVIF,crf=31,1554,0.07120601173020528,43.85829099999228,19.504874999995536,nan,nan,37.53800679440623,0.9697261687847795,0.9918978286553287,0.9973515377578984,0.99934400754131,ffmpeg/libsvtav1 wall time including process and file I/O
chat_preview,ui_text,meme_card,1200,800,512,341,AVIF,crf=30,1572,0.07203079178885631,45.07870800000546,19.520666999994774,nan,nan,37.607293847429965,0.9698030338068574,0.9918749253509579,0.9972116111092356,0.9993630077453487,ffmpeg/libsvtav1 wall time including process and file I/O
chat_preview,ui_text,meme_card,1200,800,512,341,AVIF,crf=29,1625,0.07445931085043989,44.40433400003485,20.90458300000364,nan,nan,37.798226842423844,0.9704724723605125,0.9923744788551557,0.9973892164041693,0.9994008771396393,ffmpeg/libsvtav1 wall time including process and file I/O
chat_preview,ui_text,meme_card,1200,800,512,341,AVIF,crf=28,1660,0.07606304985337244,42.406083000003036,18.88254200002848,nan,nan,37.79784821764917,0.9710328145413318,0.9925844524887187,0.9974560108952122,0.9994085081981969,ffmpeg/libsvtav1 wall time including process and file I/O
chat_preview,ui_text,meme_card,1200,800,512,341,AVIF,crf=27,1751,0.08023277126099707,40.47758399997292,18.945416999997633,nan,nan,38.0092590279503,0.9730157778450609,0.9932999271477468,0.9975111089242478,0.9994527152929575,ffmpeg/libsvtav1 wall time including process and file I/O
chat_preview,ui_text,meme_card,1200,800,512,341,AVIF,crf=26,1777,0.0814241202346041,42.89375000001883,19.040915999994468,nan,nan,38.088526348753206,0.9731600500874645,0.9934457083864757,0.997427848815128,0.9994642664535363,ffmpeg/libsvtav1 wall time including process and file I/O
chat_preview,ui_text,meme_card,1200,800,512,341,AVIF,crf=25,1846,0.0845857771260997,43.57649999997193,18.829165999989073,nan,nan,38.255951261427285,0.9751080186352401,0.9941555973402556,0.9976092229584165,0.9994970646326391,ffmpeg/libsvtav1 wall time including process and file I/O
chat_preview,ui_text,meme_card,1200,800,512,341,AVIF,crf=24,1919,0.08793071847507332,46.98633300000665,23.12329099999033,nan,nan,38.40594204607898,0.9759567885008219,0.9944983273435429,0.9976107995111004,0.9995156406334725,ffmpeg/libsvtav1 wall time including process and file I/O
chat_preview,ui_text,meme_card,1200,800,512,341,AVIF,crf=23,1970,0.09026759530791789,46.361584000010225,20.411916000000474,nan,nan,38.50895516016982,0.9761774202213419,0.9946322195611788,0.9977602758486616,0.9995370863252494,ffmpeg/libsvtav1 wall time including process and file I/O
chat_preview,ui_text,meme_card,1200,800,512,341,AVIF,crf=22,1993,0.09132148093841642,46.02800000003526,18.979290999993736,nan,nan,38.513157223966495,0.9764684642832765,0.9947029977433309,0.9978140632872161,0.9995380981838725,ffmpeg/libsvtav1 wall time including process and file I/O
chat_preview,ui_text,meme_card,1200,800,512,341,AVIF,crf=21,2057,0.09425403225806452,44.351000000006024,19.282083999996757,nan,nan,38.62059823251237,0.9762366344802248,0.9947949389717574,0.9977482582931041,0.9995574250039717,ffmpeg/libsvtav1 wall time including process and file I/O
chat_preview,ui_text,meme_card,1200,800,512,341,AVIF,crf=20,2122,0.09723240469208211,44.17004200001884,19.46937500002832,nan,nan,38.65715369301914,0.9775778126710984,0.9951914745729539,0.9979137816895687,0.9995692602505204,ffmpeg/libsvtav1 wall time including process and file I/O
chat_preview,ui_text,meme_card,1200,800,512,341,AVIF,crf=19,2196,0.10062316715542521,41.659583000011935,18.909833000009257,nan,nan,38.72495106682984,0.9777415103719164,0.9953224563579575,0.9979396213921312,0.9995808390838005,ffmpeg/libsvtav1 wall time including process and file I/O
chat_preview,ui_text,meme_card,1200,800,512,341,AVIF,crf=18,2257,0.10341825513196481,43.25275000002193,19.559791000006044,nan,nan,38.768053210362545,0.9778710126422873,0.9954268935009422,0.9979545557637266,0.9995893015178511,ffmpeg/libsvtav1 wall time including process and file I/O
chat_preview,ui_text,meme_card,1200,800,512,341,AVIF,crf=17,2324,0.10648826979472141,43.66666699996813,19.013250000000426,nan,nan,38.8445737797929,0.9783404210278307,0.9955967560664841,0.9980755741414911,0.999598826206587,ffmpeg/libsvtav1 wall time including process and file I/O
chat_preview,ui_text,meme_card,1200,800,512,341,AVIF,crf=16,2364,0.10832111436950147,49.906167000017376,19.799416000012116,nan,nan,38.989664155634344,0.9790872998810164,0.9957957523971458,0.9981119805742409,0.9996142170693428,ffmpeg/libsvtav1 wall time including process and file I/O
chat_preview,ui_text,meme_card,1200,800,512,341,AVIF,crf=15,2488,0.11400293255131964,44.67779200001587,19.139833999986422,nan,nan,39.0226547821863,0.9797287174475029,0.9960975432586591,0.9982608460172442,0.9996241922862725,ffmpeg/libsvtav1 wall time including process and file I/O
chat_preview,ui_text,meme_card,1200,800,512,341,AVIF,crf=14,2574,0.11794354838709678,46.088500000053045,22.110333000000537,nan,nan,39.11943494077691,0.9805401947548393,0.996285756478232,0.9982676231318498,0.999635186137423,ffmpeg/libsvtav1 wall time including process and file I/O
chat_preview,ui_text,meme_card,1200,800,512,341,AVIF,crf=13,2655,0.1216550586510264,45.0913750000268,19.869249999999283,nan,nan,39.16360142063781,0.9806694907408479,0.9963442711633892,0.9983110988961349,0.9996430458941041,ffmpeg/libsvtav1 wall time including process and file I/O
chat_preview,ui_text,meme_card,1200,800,512,341,AVIF,crf=12,2782,0.12747434017595308,46.257750000052056,19.6675839999898,nan,nan,39.260183429908835,0.981064424727497,0.9964664722436963,0.998313124129145,0.9996531866850763,ffmpeg/libsvtav1 wall time including process and file I/O
chat_preview,ui_text,meme_card,1200,800,512,341,AVIF,crf=11,2942,0.1348057184750733,46.49183300000459,19.49091699998462,nan,nan,39.25232494775258,0.9810844721412183,0.9965303298856734,0.9983199924096209,0.9996546979594726,ffmpeg/libsvtav1 wall time including process and file I/O
chat_preview,ui_text,meme_card,1200,800,512,341,AVIF,crf=10,3072,0.14076246334310852,46.53645800004824,20.064917000013338,nan,nan,39.30516690029211,0.9816543709366375,0.9966761265389522,0.9983985270704075,0.999663742084716,ffmpeg/libsvtav1 wall time including process and file I/O
chat_preview,ui_text,meme_card,1200,800,512,341,AVIF,crf=9,3276,0.1501099706744868,52.682166000010966,21.798167000042667,nan,nan,39.38244687770561,0.981739373282641,0.9967551901073795,0.9984430307800494,0.9996726695187002,ffmpeg/libsvtav1 wall time including process and file I/O
chat_preview,ui_text,meme_card,1200,800,512,341,AVIF,crf=8,3553,0.16280241935483872,65.21225000000186,29.280374999984815,nan,nan,39.465897388541535,0.9822794393036687,0.9969190124076754,0.998491036559833,0.9996815661644433,ffmpeg/libsvtav1 wall time including process and file I/O
chat_preview,ui_text,meme_card,1200,800,512,341,AVIF,crf=7,3691,0.16912573313782991,103.5580829999958,34.41170899998269,nan,nan,39.508885390338996,0.9828455959558311,0.9971031062974981,0.9985963582810714,0.9996872586958743,ffmpeg/libsvtav1 wall time including process and file I/O
chat_preview,ui_text,meme_card,1200,800,512,341,AVIF,crf=6,4200,0.19244868035190615,69.27112500000021,22.83329199997297,nan,nan,39.545569124245816,0.9830573043038715,0.997127248532645,0.9985764672194672,0.9996923047076473,ffmpeg/libsvtav1 wall time including process and file I/O
chat_preview,ui_text,meme_card,1200,800,512,341,AVIF,crf=5,4631,0.21219758064516128,60.791749999964395,21.17387499998813,nan,nan,39.598795400450854,0.9834899070251005,0.9972925481605768,0.9986627766768016,0.9996992106917166,ffmpeg/libsvtav1 wall time including process and file I/O
chat_preview,ui_text,meme_card,1200,800,512,341,AVIF,crf=4,5536,0.2536656891495601,64.67362500001173,23.730417000024318,nan,nan,39.65417850728724,0.9839950850795174,0.997452841002742,0.9987511342864471,0.9997061347545934,ffmpeg/libsvtav1 wall time including process and file I/O
chat_preview,ui_text,meme_card,1200,800,512,341,AVIF,crf=3,6569,0.30099890029325516,64.2765000000054,23.295000000018717,nan,nan,39.673664544223406,0.9843887278320796,0.9975902940526714,0.9988419955198111,0.9997100516196018,ffmpeg/libsvtav1 wall time including process and file I/O
chat_preview,ui_text,meme_card,1200,800,512,341,AVIF,crf=2,8804,0.4034090909090909,64.87958299999264,24.105792000000292,nan,nan,39.71896607667971,0.9847834345297316,0.9977143115846321,0.9989312121461994,0.9997146815389695,ffmpeg/libsvtav1 wall time including process and file I/O
chat_preview,ui_text,meme_card,1200,800,512,341,AVIF,crf=1,12641,0.579224706744868,80.12854100002187,24.151040999981888,nan,nan,39.76570673682679,0.9854494382583727,0.9978921343276709,0.9990176966271763,0.9997202639846581,ffmpeg/libsvtav1 wall time including process and file I/O
chat_preview,ui_text,meme_card,1200,800,512,341,JPEG2000,"pix=yuv420p,qscale=1",7935,0.36359054252199413,35.67279200001394,24.516875000017535,nan,nan,39.54697966019734,0.9845502853256498,0.9977767446133031,0.9989021624913694,0.999703035122497,native ffmpeg jpeg2000 wall time including process and file I/O
chat_preview,ui_text,meme_card,1200,800,512,341,JPEG2000,"pix=yuv420p,qscale=10000",1252,0.05736803519061583,29.61808300000257,23.345624999990378,nan,nan,27.2226066464709,0.8522108545103734,0.9503735374323389,0.9734497504383219,0.9902180348394153,native ffmpeg jpeg2000 wall time including process and file I/O
chat_preview,ui_text,meme_card,1200,800,512,341,JPEG2000,"pix=yuv420p,qscale=5000",1376,0.06304985337243402,31.050166999989415,23.343833000012637,nan,nan,28.372604154133153,0.872284358149679,0.9611313391452853,0.9783808883844918,0.9929821810570028,native ffmpeg jpeg2000 wall time including process and file I/O
chat_preview,ui_text,meme_card,1200,800,512,341,JPEG2000,"pix=yuv420p,qscale=2500",1550,0.07102272727272728,30.070374999979776,23.185707999971328,nan,nan,29.83518813996362,0.894124254448856,0.9711791186305191,0.9850551984631127,0.9955129244397376,native ffmpeg jpeg2000 wall time including process and file I/O
chat_preview,ui_text,meme_card,1200,800,512,341,JPEG2000,"pix=yuv420p,qscale=3750",1443,0.06611986803519061,32.22858300000553,23.295750000045246,nan,nan,29.03058895056354,0.882905760949707,0.96636042828285,0.9818573665703829,0.9942710779883859,native ffmpeg jpeg2000 wall time including process and file I/O
chat_preview,ui_text,meme_card,1200,800,512,341,JPEG2000,"pix=yuv420p,qscale=3125",1475,0.06758614369501466,30.516583000007813,23.783625000021402,nan,nan,29.346392032480093,0.887622863731575,0.9680909460978718,0.9828704865309771,0.9948016242451891,native ffmpeg jpeg2000 wall time including process and file I/O
chat_preview,ui_text,meme_card,1200,800,512,341,JPEG2000,"pix=yuv420p,qscale=2812",1510,0.06918988269794721,29.909207999992304,24.096750000012435,nan,nan,29.602206356092506,0.8916492979961936,0.9703886466375554,0.9843975617321595,0.995213361470226,native ffmpeg jpeg2000 wall time including process and file I/O
chat_preview,ui_text,meme_card,1200,800,512,341,JPEG2000,"pix=yuv420p,qscale=2968",1491,0.06831928152492668,30.044583000005787,23.562375000039992,nan,nan,29.40483198488223,0.8899434157623395,0.9689042864774496,0.9839790915514703,0.9948739291214094,native ffmpeg jpeg2000 wall time including process and file I/O
chat_preview,ui_text,meme_card,1200,800,512,341,JPEG2000,"pix=yuv420p,qscale=2890",1504,0.0689149560117302,29.284832999962873,24.8216250000155,nan,nan,29.564761784759224,0.891048323939931,0.9699123060620519,0.984346857219197,0.9951549415949563,native ffmpeg jpeg2000 wall time including process and file I/O
chat_preview,ui_text,meme_card,1200,800,512,341,JPEG2000,"pix=yuv420p,qscale=2851",1504,0.0689149560117302,31.707500000038635,23.731542000007266,nan,nan,29.564761784759224,0.891048323939931,0.9699123060620519,0.984346857219197,0.9951549415949563,native ffmpeg jpeg2000 wall time including process and file I/O
chat_preview,ui_text,meme_card,1200,800,512,341,JPEG2000,"pix=yuv420p,qscale=2831",1504,0.0689149560117302,38.07279199997993,24.228792000030808,nan,nan,29.564761784759224,0.891048323939931,0.9699123060620519,0.984346857219197,0.9951549415949563,native ffmpeg jpeg2000 wall time including process and file I/O
chat_preview,ui_text,meme_card,1200,800,512,341,JPEG2000,"pix=yuv420p,qscale=2821",1505,0.0689607771260997,31.807708000030743,34.20454199999767,nan,nan,29.566658742290016,0.8911185792722488,0.9699418277208275,0.9843574403165527,0.995159356370693,native ffmpeg jpeg2000 wall time including process and file I/O
chat_preview,ui_text,meme_card,1200,800,512,341,JPEG2000,"pix=yuv420p,qscale=2816",1510,0.06918988269794721,33.66750000003549,24.303708999980245,nan,nan,29.602206356092506,0.8916492979961936,0.9703886466375554,0.9843975617321595,0.995213361470226,native ffmpeg jpeg2000 wall time including process and file I/O
chat_preview,ui_text,meme_card,1200,800,512,341,JPEG2000,"pix=yuv420p,qscale=2818",1510,0.06918988269794721,30.875917000003028,23.733124999978372,nan,nan,29.602206356092506,0.8916492979961936,0.9703886466375554,0.9843975617321595,0.995213361470226,native ffmpeg jpeg2000 wall time including process and file I/O
chat_preview,ui_text,meme_card,1200,800,512,341,JPEG2000,"pix=yuv420p,qscale=2819",1505,0.0689607771260997,34.049167000034686,31.178791999991518,nan,nan,29.566658742290016,0.8911185792722488,0.9699418277208275,0.9843574403165527,0.995159356370693,native ffmpeg jpeg2000 wall time including process and file I/O
chat_preview,ui_text,meme_card,1200,800,512,341,JPEG2000,"pix=yuv420p,qscale=2817",1510,0.06918988269794721,30.347708000022067,24.04595800004472,nan,nan,29.602206356092506,0.8916492979961936,0.9703886466375554,0.9843975617321595,0.995213361470226,native ffmpeg jpeg2000 wall time including process and file I/O
chat_preview,ui_text,meme_card,1200,800,512,341,JPEG2000,"pix=yuv420p,qscale=2820",1505,0.0689607771260997,30.892625000035423,23.896207999996477,nan,nan,29.566658742290016,0.8911185792722488,0.9699418277208275,0.9843574403165527,0.995159356370693,native ffmpeg jpeg2000 wall time including process and file I/O
chat_preview,ui_text,meme_card,1200,800,512,341,JPEG2000,"pix=yuv420p,qscale=1250",1728,0.07917888563049853,30.25054100004354,26.192416000014873,nan,nan,30.87477969084805,0.9056413550026283,0.9755795545778395,0.9872976649727333,0.996662665225992,native ffmpeg jpeg2000 wall time including process and file I/O
chat_preview,ui_text,meme_card,1200,800,512,341,JPEG2000,"pix=yuv420p,qscale=625",1994,0.09136730205278593,30.192290999991656,24.437583999997514,nan,nan,32.09785785191363,0.917445421664335,0.9805725155604087,0.9896210491197366,0.9975488020109787,native ffmpeg jpeg2000 wall time including process and file I/O
chat_preview,ui_text,meme_card,1200,800,512,341,JPEG2000,"pix=yuv420p,qscale=313",2371,0.10864186217008798,30.718290999971032,28.4077499999853,nan,nan,33.40166935411213,0.9364528933892619,0.9856335523060406,0.9933045373514203,0.9982262865499786,native ffmpeg jpeg2000 wall time including process and file I/O
chat_preview,ui_text,meme_card,1200,800,512,341,JPEG2000,"pix=yuv420p,qscale=469",2147,0.09837793255131964,36.69733300000644,30.4586249999943,nan,nan,32.58847393403494,0.9256619052459376,0.9827177776465188,0.991596142828092,0.9978243954065349,native ffmpeg jpeg2000 wall time including process and file I/O
chat_preview,ui_text,meme_card,1200,800,512,341,JPEG2000,"pix=yuv420p,qscale=391",2249,0.1030516862170088,30.063457999972343,23.886750000031043,nan,nan,33.08226001197645,0.9313697015537618,0.9842083983606577,0.9926786310330534,0.9980631257306348,native ffmpeg jpeg2000 wall time including process and file I/O
chat_preview,ui_text,meme_card,1200,800,512,341,JPEG2000,"pix=yuv420p,qscale=352",2317,0.1061675219941349,30.1824169999918,23.824583000020993,nan,nan,33.24848390542075,0.935338495227108,0.9853956629222028,0.9930626936306192,0.9981700190036964,native ffmpeg jpeg2000 wall time including process and file I/O
chat_preview,ui_text,meme_card,1200,800,512,341,JPEG2000,"pix=yuv420p,qscale=371",2279,0.10442631964809385,30.38516700001992,24.360624999985703,nan,nan,33.1319095769075,0.9327600390011231,0.984693695005106,0.9929135044731533,0.9980951961115332,native ffmpeg jpeg2000 wall time including process and file I/O
chat_preview,ui_text,meme_card,1200,800,512,341,JPEG2000,"pix=yuv420p,qscale=361",2295,0.10515945747800587,30.149458999972012,24.085749999983364,nan,nan,33.15038222208476,0.9330797047466644,0.9847476488586596,0.9929973221482498,0.9981077135043954,native ffmpeg jpeg2000 wall time including process and file I/O
chat_preview,ui_text,meme_card,1200,800,512,341,JPEG2000,"pix=yuv420p,qscale=356",2306,0.10566348973607038,30.037208000010196,23.54712499999323,nan,nan,33.20252193908406,0.9336646826841624,0.9848331045117394,0.9930662526279919,0.9981327104855496,native ffmpeg jpeg2000 wall time including process and file I/O
chat_preview,ui_text,meme_card,1200,800,512,341,JPEG2000,"pix=yuv420p,qscale=354",2317,0.1061675219941349,30.16966699999557,23.823624999977255,nan,nan,33.24848390542075,0.935338495227108,0.9853956629222028,0.9930626936306192,0.9981700190036964,native ffmpeg jpeg2000 wall time including process and file I/O
chat_preview,ui_text,meme_card,1200,800,512,341,JPEG2000,"pix=yuv420p,qscale=355",2306,0.10566348973607038,30.484750000027816,23.3370419999801,nan,nan,33.20252193908406,0.9336646826841624,0.9848331045117394,0.9930662526279919,0.9981327104855496,native ffmpeg jpeg2000 wall time including process and file I/O
chat_preview,ui_text,meme_card,1200,800,512,341,JPEG2000,"pix=yuv420p,qscale=353",2317,0.1061675219941349,30.05641699996886,23.253500000009808,nan,nan,33.24848390542075,0.935338495227108,0.9853956629222028,0.9930626936306192,0.9981700190036964,native ffmpeg jpeg2000 wall time including process and file I/O
chat_preview,ui_text,meme_card,1200,800,512,341,JPEG2000,"pix=yuv420p,qscale=357",2305,0.10561766862170088,30.85424999994757,23.53145899996889,nan,nan,33.18950754007468,0.9335103604647017,0.9848228503854389,0.9930504680570118,0.9981265580782737,native ffmpeg jpeg2000 wall time including process and file I/O
chat_preview,ui_text,meme_card,1200,800,512,341,JPEG2000,"pix=yuv420p,qscale=157",2778,0.12729105571847507,30.120500000009542,23.634875000027478,nan,nan,34.846926916777875,0.9511676204714602,0.9898421195902611,0.9955502513138044,0.998807677089741,native ffmpeg jpeg2000 wall time including process and file I/O
chat_preview,ui_text,meme_card,1200,800,512,341,JPEG2000,"pix=yuv420p,qscale=79",3220,0.14754398826979473,30.38716700001487,23.6889999999903,nan,nan,35.836579821382074,0.9586885716753843,0.991861590018313,0.9966244041590949,0.9990868363071468,native ffmpeg jpeg2000 wall time including process and file I/O
chat_preview,ui_text,meme_card,1200,800,512,341,JPEG2000,"pix=yuv420p,qscale=40",3813,0.1747159090909091,30.013458000041737,24.526750000006814,nan,nan,37.19853398263974,0.968081263740867,0.9940729294295498,0.9975599557986622,0.9993677588527858,native ffmpeg jpeg2000 wall time including process and file I/O
chat_preview,ui_text,meme_card,1200,800,512,341,JPEG2000,"pix=yuv420p,qscale=20",4350,0.19932184750733137,30.43283300002031,24.36075000002802,nan,nan,37.89151958138932,0.9729445836161882,0.9953698497631605,0.9981816762400681,0.9994853449925892,native ffmpeg jpeg2000 wall time including process and file I/O
chat_preview,ui_text,meme_card,1200,800,512,341,JPEG2000,"pix=yuv420p,qscale=30",4051,0.18562133431085043,31.336750000036773,25.29783300002464,nan,nan,37.57376863330198,0.9702828471466205,0.9945564926499734,0.9979096796414378,0.9994268383674147,native ffmpeg jpeg2000 wall time including process and file I/O
chat_preview,ui_text,meme_card,1200,800,512,341,JPEG2000,"pix=yuv420p,qscale=25",4246,0.19455645161290322,30.51087500000449,24.06716600000891,nan,nan,37.74422852637234,0.9718417647948533,0.9950559382464194,0.9980694244078719,0.9994582807638581,native ffmpeg jpeg2000 wall time including process and file I/O
chat_preview,ui_text,meme_card,1200,800,512,341,JPEG2000,"pix=yuv420p,qscale=27",4112,0.18841642228739003,30.11166599998205,25.44287500001019,nan,nan,37.64860045679571,0.9709467517359487,0.9947072486809926,0.9979542076581419,0.9994373048100419,native ffmpeg jpeg2000 wall time including process and file I/O
chat_preview,ui_text,meme_card,1200,800,512,341,JPEG2000,"pix=yuv420p,qscale=26",4182,0.19162390029325513,31.557541999973182,24.213790999965568,nan,nan,37.68954485966163,0.9713703128098646,0.99484508483918,0.9980463358301597,0.9994459619886654,native ffmpeg jpeg2000 wall time including process and file I/O
chat_preview,ui_text,meme_card,1200,800,512,341,JPEG2000,"pix=yuv420p,qscale=23",4281,0.19616019061583578,31.04712499998641,25.70645800000193,nan,nan,37.785628621097636,0.9720393337110682,0.9950968144517883,0.9981015700047968,0.9994642501580311,native ffmpeg jpeg2000 wall time including process and file I/O
chat_preview,ui_text,meme_card,1200,800,512,341,JPEG2000,"pix=yuv420p,qscale=24",4266,0.19547287390029325,30.222000000037497,29.24783399998887,nan,nan,37.771668152500496,0.9719020474468761,0.9950674717252764,0.9980861874878874,0.9994616494367563,native ffmpeg jpeg2000 wall time including process and file I/O
chat_preview,ui_text,meme_card,1200,800,512,341,JPEG2000,"pix=yuv420p,qscale=28",4096,0.187683284457478,30.041541999992205,24.924915999974928,nan,nan,37.62451667853837,0.9704705126219588,0.9945789415396594,0.9979347989484645,0.9994323494745321,native ffmpeg jpeg2000 wall time including process and file I/O
chat_preview,ui_text,meme_card,1200,800,512,341,JPEG2000,"pix=rgb24,qscale=1",17125,0.7846865835777126,37.55595799998446,28.99416699995072,nan,nan,56.18401510753021,0.9988694552725405,0.9998479494514082,0.9999018120594758,0.9999926571015954,native ffmpeg jpeg2000 wall time including process and file I/O
chat_preview,ui_text,meme_card,1200,800,512,341,JPEG2000,"pix=rgb24,qscale=10000",2259,0.10350989736070382,39.59758299998839,25.536875000000236,nan,nan,31.08290789005234,0.9095632007141784,0.9777205870881893,0.981095160007473,0.9969267820605604,native ffmpeg jpeg2000 wall time including process and file I/O
chat_preview,ui_text,meme_card,1200,800,512,341,JPEG2000,"pix=rgb24,qscale=5000",2486,0.11391129032258064,40.863874999956806,34.68416700002308,nan,nan,31.635372505624744,0.9220061543058152,0.9828255884255653,0.9861819110579978,0.9974600018013628,native ffmpeg jpeg2000 wall time including process and file I/O
chat_preview,ui_text,meme_card,1200,800,512,341,JPEG2000,"pix=rgb24,qscale=2500",2916,0.13361436950146627,39.66741699997556,24.324416000013116,nan,nan,33.29569947108749,0.938175573819883,0.9875110654836039,0.990374382877457,0.9983133857367233,native ffmpeg jpeg2000 wall time including process and file I/O
chat_preview,ui_text,meme_card,1200,800,512,341,JPEG2000,"pix=rgb24,qscale=3750",2719,0.12458760997067449,43.049999999993815,23.599874999945314,nan,nan,32.67311418381861,0.929122197411974,0.9854455084785553,0.9882843677333674,0.9980026006723496,native ffmpeg jpeg2000 wall time including process and file I/O
chat_preview,ui_text,meme_card,1200,800,512,341,JPEG2000,"pix=rgb24,qscale=4375",2595,0.11890579178885631,35.7295409999665,21.945667000011326,nan,nan,31.991438030874804,0.9257152916632588,0.9842866406095189,0.9870239539783854,0.9976499305079273,native ffmpeg jpeg2000 wall time including process and file I/O
chat_preview,ui_text,meme_card,1200,800,512,341,JPEG2000,"pix=rgb24,qscale=4062",2618,0.11995967741935484,33.89608300000191,21.833333000017774,nan,nan,32.07256931734497,0.9262456339214719,0.9845211781615717,0.9871863346062048,0.9976976696096841,native ffmpeg jpeg2000 wall time including process and file I/O
chat_preview,ui_text,meme_card,1200,800,512,341,JPEG2000,"pix=rgb24,qscale=3906",2633,0.12064699413489736,32.47387499999377,21.449958000005154,nan,nan,32.12222469827754,0.9268079352063444,0.9847379525506407,0.9872289392291128,0.9977257486173327,native ffmpeg jpeg2000 wall time including process and file I/O
chat_preview,ui_text,meme_card,1200,800,512,341,JPEG2000,"pix=rgb24,qscale=3828",2704,0.12390029325513197,34.675750000019434,21.625457999959963,nan,nan,32.568294093175496,0.9287630090416436,0.9853410268267798,0.988208601371271,0.9979582627001111,native ffmpeg jpeg2000 wall time including process and file I/O
chat_preview,ui_text,meme_card,1200,800,512,341,JPEG2000,"pix=rgb24,qscale=3867",2647,0.12128848973607038,31.548083000018323,21.38108399998373,nan,nan,32.152840039943015,0.9277348160010247,0.9850483239621933,0.9875138768819962,0.9977550209224068,native ffmpeg jpeg2000 wall time including process and file I/O
chat_preview,ui_text,meme_card,1200,800,512,341,JPEG2000,"pix=rgb24,qscale=3886",2647,0.12128848973607038,34.71266700000797,22.125416999983827,nan,nan,32.152840039943015,0.9277348160010247,0.9850483239621933,0.9875138768819962,0.9977550209224068,native ffmpeg jpeg2000 wall time including process and file I/O
chat_preview,ui_text,meme_card,1200,800,512,341,JPEG2000,"pix=rgb24,qscale=3896",2640,0.12096774193548387,34.93191699999443,25.073958000007224,nan,nan,32.14600539152703,0.9273460405506025,0.9849198780230078,0.987489257466606,0.9977483554630081,native ffmpeg jpeg2000 wall time including process and file I/O
chat_preview,ui_text,meme_card,1200,800,512,341,JPEG2000,"pix=rgb24,qscale=3891",2640,0.12096774193548387,34.98516700000209,23.866666999992958,nan,nan,32.14600539152703,0.9273460405506025,0.9849198780230078,0.987489257466606,0.9977483554630081,native ffmpeg jpeg2000 wall time including process and file I/O
chat_preview,ui_text,meme_card,1200,800,512,341,JPEG2000,"pix=rgb24,qscale=3888",2640,0.12096774193548387,34.07104100000424,23.56695899999295,nan,nan,32.14600539152703,0.9273460405506025,0.9849198780230078,0.987489257466606,0.9977483554630081,native ffmpeg jpeg2000 wall time including process and file I/O
chat_preview,ui_text,meme_card,1200,800,512,341,JPEG2000,"pix=rgb24,qscale=3887",2647,0.12128848973607038,33.49995799999306,22.91254200002868,nan,nan,32.152840039943015,0.9277348160010247,0.9850483239621933,0.9875138768819962,0.9977550209224068,native ffmpeg jpeg2000 wall time including process and file I/O
chat_preview,ui_text,meme_card,1200,800,512,341,JPEG2000,"pix=rgb24,qscale=3885",2647,0.12128848973607038,33.64183299999013,22.219833000008293,nan,nan,32.152840039943015,0.9277348160010247,0.9850483239621933,0.9875138768819962,0.9977550209224068,native ffmpeg jpeg2000 wall time including process and file I/O
chat_preview,ui_text,meme_card,1200,800,512,341,JPEG2000,"pix=rgb24,qscale=3889",2640,0.12096774193548387,31.84354100000064,21.722917000033704,nan,nan,32.14600539152703,0.9273460405506025,0.9849198780230078,0.987489257466606,0.9977483554630081,native ffmpeg jpeg2000 wall time including process and file I/O
chat_preview,ui_text,meme_card,1200,800,512,341,JPEG2000,"pix=rgb24,qscale=3890",2640,0.12096774193548387,32.58466700003737,21.710499999983313,nan,nan,32.14600539152703,0.9273460405506025,0.9849198780230078,0.987489257466606,0.9977483554630081,native ffmpeg jpeg2000 wall time including process and file I/O
chat_preview,ui_text,meme_card,1200,800,512,341,JPEG2000,"pix=rgb24,qscale=1250",3467,0.1588618035190616,34.60058400003163,23.721374999979616,nan,nan,34.729373622343566,0.9512028409278779,0.9907640043385614,0.9928937326633731,0.9988379324712383,native ffmpeg jpeg2000 wall time including process and file I/O
chat_preview,ui_text,meme_card,1200,800,512,341,JPEG2000,"pix=rgb24,qscale=625",4119,0.18873717008797655,35.45487500002764,23.730875000012475,nan,nan,36.069459473277206,0.9615072569055054,0.9934392068020905,0.9946923558436036,0.9991712733505341,native ffmpeg jpeg2000 wall time including process and file I/O
chat_preview,ui_text,meme_card,1200,800,512,341,JPEG2000,"pix=rgb24,qscale=313",5054,0.2315799120234604,36.3184580000393,23.357707999991817,nan,nan,38.27518594319686,0.9745647716957234,0.9960651408210638,0.997100973521432,0.9995332654546243,native ffmpeg jpeg2000 wall time including process and file I/O
chat_preview,ui_text,meme_card,1200,800,512,341,JPEG2000,"pix=rgb24,qscale=469",4457,0.20422470674486803,35.581290999971316,21.92041699998981,nan,nan,36.74665092342916,0.9662960693274377,0.994500630834855,0.995575839587846,0.9993011113866628,native ffmpeg jpeg2000 wall time including process and file I/O
chat_preview,ui_text,meme_card,1200,800,512,341,JPEG2000,"pix=rgb24,qscale=391",4830,0.22131598240469208,31.606082999985574,21.528332999992017,nan,nan,37.75248174496826,0.9716286283000642,0.995552197744594,0.9967991692390573,0.9994595077877135,native ffmpeg jpeg2000 wall time including process and file I/O
chat_preview,ui_text,meme_card,1200,800,512,341,JPEG2000,"pix=rgb24,qscale=430",4643,0.2127474340175953,34.40104200001315,21.83775000003152,nan,nan,37.31377371926349,0.968962267340557,0.9949211360445412,0.9961019018128019,0.9993802461096354,native ffmpeg jpeg2000 wall time including process and file I/O
chat_preview,ui_text,meme_card,1200,800,512,341,JPEG2000,"pix=rgb24,qscale=410",4727,0.21659640762463342,32.1425409999847,22.51075000003766,nan,nan,37.4752837221952,0.9698742341454415,0.9951704658616757,0.9964890674604203,0.9994134084099783,native ffmpeg jpeg2000 wall time including process and file I/O
chat_preview,ui_text,meme_card,1200,800,512,341,JPEG2000,"pix=rgb24,qscale=420",4647,0.2129307184750733,31.905541999947218,21.652000000017324,nan,nan,37.32305217928007,0.968971445483982,0.9949228151487436,0.9961042275206348,0.9993815195019928,native ffmpeg jpeg2000 wall time including process and file I/O
chat_preview,ui_text,meme_card,1200,800,512,341,JPEG2000,"pix=rgb24,qscale=415",4727,0.21659640762463342,31.681790999982695,21.91462500002217,nan,nan,37.4752837221952,0.9698742341454415,0.9951704658616757,0.9964890674604203,0.9994134084099783,native ffmpeg jpeg2000 wall time including process and file I/O
chat_preview,ui_text,meme_card,1200,800,512,341,JPEG2000,"pix=rgb24,qscale=417",4663,0.21366385630498533,32.263084000021536,24.66545900000483,nan,nan,37.351068759947275,0.9693620967918766,0.9949653088130962,0.996158472643039,0.9993853131334619,native ffmpeg jpeg2000 wall time including process and file I/O
chat_preview,ui_text,meme_card,1200,800,512,341,JPEG2000,"pix=rgb24,qscale=416",4727,0.21659640762463342,34.29449999998724,23.71612499996445,nan,nan,37.4752837221952,0.9698742341454415,0.9951704658616757,0.9964890674604203,0.9994134084099783,native ffmpeg jpeg2000 wall time including process and file I/O
chat_preview,ui_text,meme_card,1200,800,512,341,JPEG2000,"pix=rgb24,qscale=414",4727,0.21659640762463342,33.388624999986405,23.26450000003888,nan,nan,37.4752837221952,0.9698742341454415,0.9951704658616757,0.9964890674604203,0.9994134084099783,native ffmpeg jpeg2000 wall time including process and file I/O
chat_preview,ui_text,meme_card,1200,800,512,341,JPEG2000,"pix=rgb24,qscale=418",4655,0.21329728739002932,32.13450000004059,22.62120800003231,nan,nan,37.34808134664377,0.969092016901736,0.9949522854227416,0.9961627239074392,0.9993869671044652,native ffmpeg jpeg2000 wall time including process and file I/O
chat_preview,ui_text,meme_card,1200,800,512,341,JPEG2000,"pix=rgb24,qscale=419",4647,0.2129307184750733,31.78595800000039,22.18162500003018,nan,nan,37.32305217928007,0.968971445483982,0.9949228151487436,0.9961042275206348,0.9993815195019928,native ffmpeg jpeg2000 wall time including process and file I/O
