profile,category,sample,source_width,source_height,width,height,quality,tile,base_target,layer,prefix_bytes,full_bytes,fraction_of_full,decode_ms,psnr,ssim_windowed,ms_ssim_windowed,ms_ssim_luma,legacy_ms_ssim_proxy
chat_preview,photo,kodak_01,768,512,512,341,1,64,32,0,1455,4698,0.30970625798212004,3.1305,19.42487100699782,0.24662811275490193,0.6104270756420361,0.6178544932570897,0.7695750718003527
chat_preview,photo,kodak_01,768,512,512,341,1,64,32,1,2246,4698,0.4780757769263516,3.27404,20.223405199989145,0.35358427565783285,0.7295853195838102,0.7420872711941581,0.8357651155499723
chat_preview,photo,kodak_01,768,512,512,341,1,64,32,2,3356,4698,0.7143465304384845,3.11025,21.266624802176096,0.5094516116520563,0.8308911501725337,0.8481403033249801,0.8949751932572336
chat_preview,photo,kodak_01,768,512,512,341,1,64,32,3,4439,4698,0.9448701575138356,3.41812,22.227867664062302,0.5997077083921115,0.8728990357797581,0.8920523462137006,0.9227262161678882
chat_preview,photo,kodak_01,768,512,512,341,1,64,32,4,4698,4698,1.0,3.52042,22.281385759251904,0.6005821699503073,0.8731593521760651,0.8922954252515983,0.9236736342324849
chat_preview,photo,kodak_01,768,512,512,341,1,64,64,0,2561,10829,0.23649459783913565,3.04287,20.315351861456662,0.35883451515425496,0.737107902487788,0.7504653217870019,0.839669740886149
chat_preview,photo,kodak_01,768,512,512,341,1,64,64,1,4937,10829,0.4559054390987164,3.26221,21.700662981400804,0.5505183187183387,0.8614565955443183,0.8734396199420237,0.9079245774457348
chat_preview,photo,kodak_01,768,512,512,341,1,64,64,2,8860,10829,0.8181734232154401,3.30687,23.82891754712855,0.7294541188296692,0.9338502937815755,0.9459450623062992,0.9545322389433217
chat_preview,photo,kodak_01,768,512,512,341,1,64,64,3,10829,10829,1.0,3.9255,24.915849776087676,0.7787855241567895,0.9446159094629442,0.9564221120482537,0.9645790560774039
chat_preview,photo,kodak_01,768,512,512,341,2,64,32,0,1455,4706,0.30917977050573736,2.97146,19.42487100699782,0.24662811275490193,0.6104270756420361,0.6178544932570897,0.7695750718003527
chat_preview,photo,kodak_01,768,512,512,341,2,64,32,1,2246,4706,0.4772630684232894,3.34733,20.223405199989145,0.35358427565783285,0.7295853195838102,0.7420872711941581,0.8357651155499723
chat_preview,photo,kodak_01,768,512,512,341,2,64,32,2,3356,4706,0.7131321716957076,3.16825,21.26659126073534,0.5094524427240206,0.8308911328446835,0.8481404422415132,0.8949734733264386
chat_preview,photo,kodak_01,768,512,512,341,2,64,32,3,4444,4706,0.944326391840204,3.28908,22.22746246134017,0.5997838694804445,0.872863250864392,0.8920190955181049,0.9227167744949942
chat_preview,photo,kodak_01,768,512,512,341,2,64,32,4,4706,4706,1.0,3.51492,22.288541222308073,0.6007179248463866,0.8731556460455289,0.8922882051262742,0.9238077843321884
chat_preview,photo,kodak_01,768,512,512,341,2,64,64,0,2561,10829,0.23649459783913565,3.11413,20.315351861456662,0.35883451515425496,0.737107902487788,0.7504653217870019,0.839669740886149
chat_preview,photo,kodak_01,768,512,512,341,2,64,64,1,4937,10829,0.4559054390987164,3.22004,21.700662981400804,0.5505183187183387,0.8614565955443183,0.8734396199420237,0.9079245774457348
chat_preview,photo,kodak_01,768,512,512,341,2,64,64,2,8860,10829,0.8181734232154401,3.37171,23.82891754712855,0.7294541188296692,0.9338502937815755,0.9459450623062992,0.9545322389433217
chat_preview,photo,kodak_01,768,512,512,341,2,64,64,3,10829,10829,1.0,3.73987,24.9159144798997,0.7787862910765485,0.9446158421553298,0.9564220604369453,0.9645791645694773
chat_preview,photo,kodak_01,768,512,512,341,3,64,32,0,1455,4796,0.30337781484570475,3.11054,19.42487100699782,0.24662811275490193,0.6104270756420361,0.6178544932570897,0.7695750718003527
chat_preview,photo,kodak_01,768,512,512,341,3,64,32,1,2260,4796,0.47122602168473726,3.09967,20.225293877217613,0.35383876444974033,0.7297953176890876,0.7426517720199796,0.8358021315071241
chat_preview,photo,kodak_01,768,512,512,341,3,64,32,2,3401,4796,0.7091326105087573,3.09746,21.27237443962762,0.5122074882819384,0.8316597812497206,0.8491490261260691,0.8949044340800444
chat_preview,photo,kodak_01,768,512,512,341,3,64,32,3,4531,4796,0.9447456213511259,3.27783,22.245983912601254,0.6043831508970429,0.8743036770039453,0.8935806840860526,0.923187099953076
chat_preview,photo,kodak_01,768,512,512,341,3,64,32,4,4796,4796,1.0,3.69067,22.311280437171597,0.6054174508129709,0.8746108531411965,0.8938654393824557,0.9243510076107565
chat_preview,photo,kodak_01,768,512,512,341,3,64,64,0,2561,11080,0.23113718411552348,3.06325,20.315351861456662,0.35883451515425496,0.737107902487788,0.7504653217870019,0.839669740886149
chat_preview,photo,kodak_01,768,512,512,341,3,64,64,1,4968,11080,0.4483754512635379,3.2745,21.702499401845667,0.5505759732311039,0.8613781479246004,0.8733774972830379,0.9079679907493263
chat_preview,photo,kodak_01,768,512,512,341,3,64,64,2,9007,11080,0.8129061371841155,3.43912,23.851981073122644,0.731763580209531,0.9346158994219165,0.9466501295372106,0.954874011752319
chat_preview,photo,kodak_01,768,512,512,341,3,64,64,3,11080,11080,1.0,3.71417,24.97592594598611,0.7827486890640726,0.9455376409598624,0.9573292482066551,0.9651307344573122
chat_preview,photo,kodak_01,768,512,512,341,4,64,32,0,1455,4867,0.2989521265666735,3.10558,19.42487100699782,0.24662811275490193,0.6104270756420361,0.6178544932570897,0.7695750718003527
chat_preview,photo,kodak_01,768,512,512,341,4,64,32,1,2260,4867,0.46435175672899115,3.16229,20.225293877217613,0.35383876444974033,0.7297953176890876,0.7426517720199796,0.8358021315071241
chat_preview,photo,kodak_01,768,512,512,341,4,64,32,2,3416,4867,0.701869734949661,3.31817,21.27200656453098,0.5126514043627884,0.8317557480745168,0.849275213242563,0.8948980267029868
chat_preview,photo,kodak_01,768,512,512,341,4,64,32,3,4599,4867,0.9449352784055887,5.49717,22.252455686025606,0.6071478541341526,0.8749503847222716,0.8942883408340185,0.9233857846678809
chat_preview,photo,kodak_01,768,512,512,341,4,64,32,4,4867,4867,1.0,3.69037,22.32706286285117,0.608253902846393,0.875256784024824,0.8945670005555667,0.9246771837952775
chat_preview,photo,kodak_01,768,512,512,341,4,64,64,0,2561,11216,0.22833452211126962,3.06192,20.315351861456662,0.35883451515425496,0.737107902487788,0.7504653217870019,0.839669740886149
chat_preview,photo,kodak_01,768,512,512,341,4,64,64,1,4968,11216,0.4429386590584879,3.21867,21.702499401845667,0.5505759732311039,0.8613781479246004,0.8733774972830379,0.9079679907493263
chat_preview,photo,kodak_01,768,512,512,341,4,64,64,2,9039,11216,0.8059022824536377,3.37854,23.854788371551802,0.7320832750021662,0.9346257371980448,0.9466745819302856,0.9548848625320041
chat_preview,photo,kodak_01,768,512,512,341,4,64,64,3,11216,11216,1.0,3.91104,25.00857088646294,0.7850870462561764,0.9460201249823023,0.9578316119258,0.9654056009062789
chat_preview,photo,kodak_01,768,512,512,341,5,64,32,0,1455,4889,0.29760687257107793,2.99533,19.42487100699782,0.24662811275490193,0.6104270756420361,0.6178544932570897,0.7695750718003527
chat_preview,photo,kodak_01,768,512,512,341,5,64,32,1,2281,4889,0.46655757823685823,3.25137,20.219260772421848,0.3556744490255949,0.7311790836052722,0.7443278607663815,0.8357352040044318
chat_preview,photo,kodak_01,768,512,512,341,5,64,32,2,3437,4889,0.7030067498465944,3.14921,21.26779881338758,0.5135642473133855,0.8327118916697079,0.8503423373379958,0.8950613067254428
chat_preview,photo,kodak_01,768,512,512,341,5,64,32,3,4620,4889,0.9449785232153814,3.25554,22.26198183473808,0.6079503632938857,0.8758988112778864,0.8952312384168459,0.9237182035304704
chat_preview,photo,kodak_01,768,512,512,341,5,64,32,4,4889,4889,1.0,3.56125,22.341442947045564,0.6090692104142357,0.8762051201562587,0.895509385359729,0.9250800250983121
chat_preview,photo,kodak_01,768,512,512,341,5,64,64,0,2561,11312,0.2263967468175389,3.15813,20.315351861456662,0.35883451515425496,0.737107902487788,0.7504653217870019,0.839669740886149
chat_preview,photo,kodak_01,768,512,512,341,5,64,64,1,5064,11312,0.4476661951909477,3.31683,21.70568739674248,0.5526474196903749,0.8620968966993422,0.8741271095699805,0.9084010776300077
chat_preview,photo,kodak_01,768,512,512,341,5,64,64,2,9135,11312,0.807549504950495,3.51617,23.860128499209885,0.7335629712752403,0.9352348006490744,0.9472968891047479,0.9552097207373236
chat_preview,photo,kodak_01,768,512,512,341,5,64,64,3,11312,11312,1.0,3.87996,25.03071493123009,0.7865276478070039,0.9466506524276369,0.9584579613547834,0.9657784321567338
chat_preview,photo,kodak_01,768,512,512,341,6,64,32,0,1471,4966,0.29621425694724124,3.20208,19.431333644990666,0.24658150575717616,0.6112386206734267,0.6175889648222879,0.7704800786762598
chat_preview,photo,kodak_01,768,512,512,341,6,64,32,1,2297,4966,0.4625453080950463,3.07079,20.226594157826987,0.3559175844661479,0.7318261681681769,0.7439621083327164,0.8366361548923745
chat_preview,photo,kodak_01,768,512,512,341,6,64,32,2,3457,4966,0.6961337092227144,3.24921,21.298103408109554,0.5134349865610844,0.8334719697096742,0.8505223927143915,0.8960121050637684
chat_preview,photo,kodak_01,768,512,512,341,6,64,32,3,4697,4966,0.945831655255739,3.28342,22.312375086609446,0.6115861751921335,0.8775893074291646,0.8967149233754484,0.9248867762537264
chat_preview,photo,kodak_01,768,512,512,341,6,64,32,4,4966,4966,1.0,3.96167,22.386279996889257,0.6127154730585539,0.8778855211645995,0.8969830589621492,0.9260950412548932
chat_preview,photo,kodak_01,768,512,512,341,6,64,64,0,2573,11442,0.22487327390316378,3.19025,20.322832820244866,0.359459197874541,0.7377260245243714,0.749663851283316,0.840100441991786
chat_preview,photo,kodak_01,768,512,512,341,6,64,64,1,5076,11442,0.44362873623492394,3.3775,21.715962040053377,0.5535227995143412,0.8625597079578592,0.8739354210956145,0.9088337547875279
chat_preview,photo,kodak_01,768,512,512,341,6,64,64,2,9164,11442,0.8009089320048942,3.56558,23.896368349692857,0.734598559164521,0.9359055933779891,0.9476978241831762,0.955717243834044
chat_preview,photo,kodak_01,768,512,512,341,6,64,64,3,11442,11442,1.0,3.80754,25.110616436139587,0.7897312939522125,0.9476655432921457,0.9593725278702864,0.9665266606394367
chat_preview,photo,kodak_01,768,512,512,341,7,64,32,0,1471,4985,0.2950852557673019,3.04346,19.431333644990666,0.24658150575717616,0.6112386206734267,0.6175889648222879,0.7704800786762598
chat_preview,photo,kodak_01,768,512,512,341,7,64,32,1,2298,4985,0.4609829488465396,3.27829,20.227196436172026,0.35576441479305787,0.7316728975716109,0.7438310477256223,0.8366277827813543
chat_preview,photo,kodak_01,768,512,512,341,7,64,32,2,3469,4985,0.6958876629889669,4.3005,21.297803595165426,0.513669419101483,0.8335206395253719,0.850576756106407,0.895988154648929
chat_preview,photo,kodak_01,768,512,512,341,7,64,32,3,4715,4985,0.9458375125376128,4.39471,22.322297831672113,0.6119711636240591,0.8778364614178162,0.8969638483693807,0.9250336056428566
chat_preview,photo,kodak_01,768,512,512,341,7,64,32,4,4985,4985,1.0,3.61917,22.400209611202463,0.6131895547144907,0.8781473771548468,0.8972475133620593,0.9262998768645815
chat_preview,photo,kodak_01,768,512,512,341,7,64,64,0,2573,11482,0.22408987981187947,3.08108,20.322832820244866,0.359459197874541,0.7377260245243714,0.749663851283316,0.840100441991786
chat_preview,photo,kodak_01,768,512,512,341,7,64,64,1,5079,11482,0.4423445392788713,3.9605,21.71669004190062,0.5534564762625863,0.8625235203186095,0.8738844466084155,0.9088031716788618
chat_preview,photo,kodak_01,768,512,512,341,7,64,64,2,9204,11482,0.8016025082738198,3.65454,23.901518460041657,0.7350925773982045,0.9360788943730561,0.947847556089707,0.9557830841554695
chat_preview,photo,kodak_01,768,512,512,341,7,64,64,3,11482,11482,1.0,3.86854,25.135697164149025,0.790338779723201,0.9478434628041005,0.9595113738734499,0.9666756868717313
chat_preview,photo,kodak_01,768,512,512,341,8,64,32,0,1471,5080,0.2895669291338583,3.52296,19.431333644990666,0.24658150575717616,0.6112386206734267,0.6175889648222879,0.7704800786762598
chat_preview,photo,kodak_01,768,512,512,341,8,64,32,1,2303,5080,0.4533464566929134,3.14921,20.228452853304326,0.3557176390033085,0.7316095437094838,0.7439825311914767,0.8366094042220956
chat_preview,photo,kodak_01,768,512,512,341,8,64,32,2,3508,5080,0.6905511811023622,3.15787,21.301585645967343,0.5178218095705001,0.8342135828361789,0.8516031386034574,0.8958847602726174
chat_preview,photo,kodak_01,768,512,512,341,8,64,32,3,4801,5080,0.9450787401574803,3.30842,22.34542092709839,0.6176481535642314,0.8788600238050099,0.8982928342063345,0.925423122216544
chat_preview,photo,kodak_01,768,512,512,341,8,64,32,4,5080,5080,1.0,3.60621,22.421917361721697,0.6190479579980185,0.8791822690525183,0.898582276038244,0.9266094807414863
chat_preview,photo,kodak_01,768,512,512,341,8,64,64,0,2573,11740,0.21916524701873935,3.08187,20.322832820244866,0.359459197874541,0.7377260245243714,0.749663851283316,0.840100441991786
chat_preview,photo,kodak_01,768,512,512,341,8,64,64,1,5093,11740,0.4338160136286201,3.30937,21.7181395745745,0.5535180077261621,0.8625842628829993,0.8738987134184533,0.9088385734097073
chat_preview,photo,kodak_01,768,512,512,341,8,64,64,2,9352,11740,0.7965928449744464,3.41825,23.92326470381333,0.737718322417786,0.9367993155237957,0.9485884957221427,0.9559477408955126
chat_preview,photo,kodak_01,768,512,512,341,8,64,64,3,11740,11740,1.0,3.98892,25.187667944483394,0.7945177198158696,0.9487717095956972,0.9604822324432829,0.9669771775212989
chat_preview,photo,kodak_01,768,512,512,341,9,64,32,0,1511,5135,0.29425511197663096,3.11808,19.431333644990666,0.24658150575717616,0.6112386206734267,0.6175889648222879,0.7704800786762598
chat_preview,photo,kodak_01,768,512,512,341,9,64,32,1,2343,5135,0.4562804284323272,3.12325,20.228452853304326,0.3557176390033085,0.7316095437094838,0.7439825311914767,0.8366094042220956
chat_preview,photo,kodak_01,768,512,512,341,9,64,32,2,3559,5135,0.6930866601752678,3.19496,21.302036109165954,0.5178428154466266,0.8342442728982252,0.8516036472223635,0.8959107605416481
chat_preview,photo,kodak_01,768,512,512,341,9,64,32,3,4854,5135,0.9452775073028238,3.22392,22.36126244717412,0.6178077113290424,0.879121374781405,0.8984440911114759,0.9256712917189412
chat_preview,photo,kodak_01,768,512,512,341,9,64,32,4,5135,5135,1.0,3.69867,22.44052071627919,0.6193520293449984,0.8794763652144013,0.8987702789705714,0.9269121651430825
chat_preview,photo,kodak_01,768,512,512,341,9,64,64,0,2573,11740,0.21916524701873935,3.04462,20.322832820244866,0.359459197874541,0.7377260245243714,0.749663851283316,0.840100441991786
chat_preview,photo,kodak_01,768,512,512,341,9,64,64,1,5093,11740,0.4338160136286201,3.3525,21.7181395745745,0.5535180077261621,0.8625842628829993,0.8738987134184533,0.9088385734097073
chat_preview,photo,kodak_01,768,512,512,341,9,64,64,2,9352,11740,0.7965928449744464,3.32012,23.92326470381333,0.737718322417786,0.9367993155237957,0.9485884957221427,0.9559477408955126
chat_preview,photo,kodak_01,768,512,512,341,9,64,64,3,11740,11740,1.0,3.8505,25.208325346623074,0.7947351626383092,0.9488221353941794,0.9605149951834878,0.9670690251356109
chat_preview,photo,kodak_01,768,512,512,341,10,64,32,0,1511,5200,0.29057692307692307,3.24754,19.431333644990666,0.24658150575717616,0.6112386206734267,0.6175889648222879,0.7704800786762598
chat_preview,photo,kodak_01,768,512,512,341,10,64,32,1,2349,5200,0.4517307692307692,3.10271,20.230052470199382,0.3558989326518371,0.7317705915970295,0.7440798024010216,0.8368083592661476
chat_preview,photo,kodak_01,768,512,512,341,10,64,32,2,3583,5200,0.6890384615384615,3.11783,21.302276029959856,0.5182796535151678,0.8342072262263467,0.8515482567823001,0.895952746243245
chat_preview,photo,kodak_01,768,512,512,341,10,64,32,3,4919,5200,0.9459615384615384,3.41825,22.37900470222384,0.620940088301484,0.8798445967936246,0.8992153922594067,0.9261022770183528
chat_preview,photo,kodak_01,768,512,512,341,10,64,32,4,5200,5200,1.0,3.59312,22.458423631239967,0.622493612499385,0.8802171173268339,0.8995584071173852,0.9273293593805049
chat_preview,photo,kodak_01,768,512,512,341,10,64,64,0,2573,11923,0.2158013922670469,3.17708,20.322832820244866,0.359459197874541,0.7377260245243714,0.749663851283316,0.840100441991786
chat_preview,photo,kodak_01,768,512,512,341,10,64,64,1,5119,11923,0.42933825379518575,3.32742,21.71856363545661,0.5539943902150973,0.8626707207340271,0.8739934906927286,0.9088802205480087
chat_preview,photo,kodak_01,768,512,512,341,10,64,64,2,9421,11923,0.7901534848611926,4.11525,23.926088749501055,0.7383694634506784,0.9369150608534889,0.9487229116054604,0.955989592761315
chat_preview,photo,kodak_01,768,512,512,341,10,64,64,3,11923,11923,1.0,3.81479,25.24207770523958,0.7973646108343759,0.9492714517768827,0.961045491746124,0.9672926899795519
chat_preview,photo,kodak_01,768,512,512,341,11,64,32,0,1537,5244,0.2930968726163234,3.14654,19.452486169870973,0.24626563685562,0.6118578479278439,0.617062995060878,0.7718678777616408
chat_preview,photo,kodak_01,768,512,512,341,11,64,32,1,2385,5244,0.4548054919908467,3.26629,20.264276336091633,0.35556015727363866,0.7327102315045778,0.7430728181677816,0.8386465521594522
chat_preview,photo,kodak_01,768,512,512,341,11,64,32,2,3623,5244,0.690884820747521,3.22017,21.356656260935075,0.5184823309563628,0.8358821552513747,0.8511168327185296,0.8977267620045607
chat_preview,photo,kodak_01,768,512,512,341,11,64,32,3,4961,5244,0.9460335621662853,3.68408,22.460074046676045,0.6219073634213548,0.8822712147124303,0.8996007978094197,0.9280839160398727
chat_preview,photo,kodak_01,768,512,512,341,11,64,32,4,5244,5244,1.0,3.66771,22.54234998071899,0.6235108287457726,0.8826429052418566,0.899952073498401,0.9293080718242654
chat_preview,photo,kodak_01,768,512,512,341,11,64,64,0,2675,12082,0.22140374110246647,3.19471,20.342639588306767,0.3601386552786119,0.7392397895989987,0.7497080004509634,0.8416547174376846
chat_preview,photo,kodak_01,768,512,512,341,11,64,64,1,5263,12082,0.4356066876344976,3.3635,21.7559802317591,0.554011472304408,0.8643185493969593,0.874247503272947,0.9106256103220919
chat_preview,photo,kodak_01,768,512,512,341,11,64,64,2,9580,12082,0.792915080284721,3.38258,24.003974692528793,0.7397863056559301,0.9390949893475762,0.949530058317417,0.9575950672099729
chat_preview,photo,kodak_01,768,512,512,341,11,64,64,3,12082,12082,1.0,3.81754,25.37169578499252,0.7993681352771982,0.9515763015058777,0.961961613189722,0.9689840573155489
chat_preview,photo,kodak_01,768,512,512,341,12,64,32,0,1537,5312,0.2893448795180723,3.34675,19.452486169870973,0.24626563685562,0.6118578479278439,0.617062995060878,0.7718678777616408
chat_preview,photo,kodak_01,768,512,512,341,12,64,32,1,2385,5312,0.44898343373493976,3.29454,20.264276336091633,0.35556015727363866,0.7327102315045778,0.7430728181677816,0.8386465521594522
chat_preview,photo,kodak_01,768,512,512,341,12,64,32,2,3623,5312,0.6820406626506024,3.1545,21.3566015229028,0.5184832758262418,0.8358819003213114,0.8511170531790869,0.8977234802917526
chat_preview,photo,kodak_01,768,512,512,341,12,64,32,3,5025,5312,0.9459713855421686,3.29867,22.471087557783704,0.6254246094784912,0.883233987422794,0.9005993178250654,0.9284268166170907
chat_preview,photo,kodak_01,768,512,512,341,12,64,32,4,5312,5312,1.0,3.57033,22.55848226523475,0.6272371230703758,0.8836637391253989,0.9010099984068343,0.9297102153256189
chat_preview,photo,kodak_01,768,512,512,341,12,64,64,0,2675,12211,0.21906477765948734,3.11892,20.342639588306767,0.3601386552786119,0.7392397895989987,0.7497080004509634,0.8416547174376846
chat_preview,photo,kodak_01,768,512,512,341,12,64,64,1,5263,12211,0.43100483170911474,3.20117,21.7559802317591,0.554011472304408,0.8643185493969593,0.874247503272947,0.9106256103220919
chat_preview,photo,kodak_01,768,512,512,341,12,64,64,2,9580,12211,0.7845385308328556,3.3235,24.003974692528793,0.7397863056559301,0.9390949893475762,0.949530058317417,0.9575950672099729
chat_preview,photo,kodak_01,768,512,512,341,12,64,64,3,12211,12211,1.0,3.85621,25.40826010753196,0.8016094628176552,0.9519784297764254,0.9623667554382824,0.9692811060879202
chat_preview,photo,kodak_01,768,512,512,341,13,64,32,0,1537,5370,0.286219739292365,2.99362,19.452486169870973,0.24626563685562,0.6118578479278439,0.617062995060878,0.7718678777616408
chat_preview,photo,kodak_01,768,512,512,341,13,64,32,1,2392,5370,0.44543761638733703,3.0405,20.267487103936922,0.3555812277896844,0.7329267152524505,0.743200832427874,0.8386511732219226
chat_preview,photo,kodak_01,768,512,512,341,13,64,32,2,3673,5370,0.6839851024208566,3.12542,21.369007823576737,0.521768458661349,0.8375953229354272,0.8529539054365293,0.8980408671929834
chat_preview,photo,kodak_01,768,512,512,341,13,64,32,3,5081,5370,0.9461824953445065,3.28796,22.498429426260643,0.6281956439788532,0.8846988442476968,0.9021168335849324,0.9286772966794323
chat_preview,photo,kodak_01,768,512,512,341,13,64,32,4,5370,5370,1.0,3.4315,22.58789199149749,0.6300286084009127,0.8851315236331176,0.9025322152803823,0.9299795538123622
chat_preview,photo,kodak_01,768,512,512,341,13,64,64,0,2675,12413,0.21549987915894628,2.99737,20.342639588306767,0.3601386552786119,0.7392397895989987,0.7497080004509634,0.8416547174376846
chat_preview,photo,kodak_01,768,512,512,341,13,64,64,1,5283,12413,0.4256021912511077,3.19704,21.759414506782374,0.5540187183834495,0.8644316127074845,0.8741949007471294,0.9106998274769182
chat_preview,photo,kodak_01,768,512,512,341,13,64,64,2,9781,12413,0.7879642310480948,3.51746,24.029157923853823,0.7428752536447325,0.9398630214651487,0.9500595548771501,0.9578713484931292
chat_preview,photo,kodak_01,768,512,512,341,13,64,64,3,12413,12413,1.0,3.98108,25.46380676873865,0.8044257596584493,0.9526476664802673,0.9627714544063461,0.9695762799071117
chat_preview,photo,kodak_01,768,512,512,341,14,64,32,0,1537,5426,0.2832657574640619,3.08962,19.452486169870973,0.24626563685562,0.6118578479278439,0.617062995060878,0.7718678777616408
chat_preview,photo,kodak_01,768,512,512,341,14,64,32,1,2392,5426,0.4408403980833026,3.18629,20.267487103936922,0.3555812277896844,0.7329267152524505,0.743200832427874,0.8386511732219226
chat_preview,photo,kodak_01,768,512,512,341,14,64,32,2,3673,5426,0.6769259122742352,3.06737,21.370510869105473,0.52175949624027,0.8375949341897498,0.8529400493033307,0.8980781002213395
chat_preview,photo,kodak_01,768,512,512,341,14,64,32,3,5137,5426,0.9467379284924438,3.27079,22.51873092181594,0.6310792940263601,0.8856185185828589,0.9030835014046853,0.9290609957521412
chat_preview,photo,kodak_01,768,512,512,341,14,64,32,4,5426,5426,1.0,3.41925,22.6090717792153,0.6329082768242525,0.8860431961762901,0.9034863928303395,0.9303618956871822
chat_preview,photo,kodak_01,768,512,512,341,14,64,64,0,2675,12552,0.21311344805608667,3.24421,20.342639588306767,0.3601386552786119,0.7392397895989987,0.7497080004509634,0.8416547174376846
chat_preview,photo,kodak_01,768,512,512,341,14,64,64,1,5283,12552,0.4208891013384321,3.42612,21.759414506782374,0.5540187183834495,0.8644316127074845,0.8741949007471294,0.9106998274769182
chat_preview,photo,kodak_01,768,512,512,341,14,64,64,2,9781,12552,0.7792383683875079,3.45329,24.03383373778127,0.7429414981230092,0.9399149194175331,0.9500922545987665,0.957918346078061
chat_preview,photo,kodak_01,768,512,512,341,14,64,64,3,12552,12552,1.0,3.90046,25.510188523147384,0.8068569824188612,0.9530882590746973,0.9632273590386238,0.9701374974274334
chat_preview,photo,kodak_01,768,512,512,341,15,64,32,0,1555,5467,0.28443387598317177,3.1225,19.457692356373737,0.2464280982829947,0.6118881708450638,0.6170569554841707,0.7733561490491194
chat_preview,photo,kodak_01,768,512,512,341,15,64,32,1,2410,5467,0.44082677885494786,3.1875,20.275331050275504,0.35589830434021313,0.7332281594647804,0.743007537452149,0.8402628945931757
chat_preview,photo,kodak_01,768,512,512,341,15,64,32,2,3705,5467,0.6777025791110298,3.33237,21.375497569962697,0.5222487682075048,0.8376794723968817,0.8528209822584802,0.8991675091207768
chat_preview,photo,kodak_01,768,512,512,341,15,64,32,3,5174,5467,0.9464057069690872,3.22325,22.535005595168847,0.6315409946250518,0.8858010269201969,0.903092476050937,0.9301245126568132
chat_preview,photo,kodak_01,768,512,512,341,15,64,32,4,5467,5467,1.0,3.56242,22.629632767479414,0.6335520201204102,0.8862627756257968,0.9035214276496438,0.9314765438581603
chat_preview,photo,kodak_01,768,512,512,341,15,64,64,0,2725,12633,0.21570489986543182,2.99292,20.348488454712804,0.35969776262025527,0.7397654764306795,0.74914550945738,0.8427302501145739
chat_preview,photo,kodak_01,768,512,512,341,15,64,64,1,5333,12633,0.4221483416448983,3.37121,21.76840674699453,0.5539582090077214,0.8647688718899939,0.8740793358408553,0.911601384592172
chat_preview,photo,kodak_01,768,512,512,341,15,64,64,2,9859,12633,0.7804163698250614,3.43896,24.048574293127302,0.7431286857884292,0.9403080412773267,0.9503194550329334,0.9586307547818805
chat_preview,photo,kodak_01,768,512,512,341,15,64,64,3,12633,12633,1.0,3.95696,25.558847359066476,0.8072885390521672,0.9534966627644472,0.9634815948327142,0.9709222084244109
chat_preview,photo,kodak_01,768,512,512,341,16,64,32,0,1555,5528,0.28129522431259046,3.069,19.457692356373737,0.2464280982829947,0.6118881708450638,0.6170569554841707,0.7733561490491194
chat_preview,photo,kodak_01,768,512,512,341,16,64,32,1,2410,5528,0.4359623733719247,3.151,20.275331050275504,0.35589830434021313,0.7332281594647804,0.743007537452149,0.8402628945931757
chat_preview,photo,kodak_01,768,512,512,341,16,64,32,2,3709,5528,0.6709479015918958,3.15525,21.39356324571391,0.5217066650207955,0.8381087981020713,0.8530097504438691,0.8995417335748599
chat_preview,photo,kodak_01,768,512,512,341,16,64,32,3,5233,5528,0.9466353111432706,3.21896,22.57094569842479,0.6351763981130015,0.8876950142738652,0.9048680945986572,0.9307602867958878
chat_preview,photo,kodak_01,768,512,512,341,16,64,32,4,5528,5528,1.0,3.54217,22.66867392685959,0.6372068058970831,0.8881546633922971,0.9052926823676082,0.9321437101590516
chat_preview,photo,kodak_01,768,512,512,341,16,64,64,0,2725,12804,0.21282411746329272,3.03462,20.348488454712804,0.35969776262025527,0.7397654764306795,0.74914550945738,0.8427302501145739
chat_preview,photo,kodak_01,768,512,512,341,16,64,64,1,5333,12804,0.41651046547953763,3.22742,21.76840674699453,0.5539582090077214,0.8647688718899939,0.8740793358408553,0.911601384592172
chat_preview,photo,kodak_01,768,512,512,341,16,64,64,2,9879,12804,0.7715557638238051,3.53725,24.069879596330168,0.7432267725918088,0.9405673621791807,0.9504769923713936,0.9588275401550269
chat_preview,photo,kodak_01,768,512,512,341,16,64,64,3,12804,12804,1.0,3.97996,25.63716945445198,0.8104183228863974,0.954421101103838,0.9642912963584349,0.971861291775272
chat_preview,photo,kodak_01,768,512,512,341,17,64,32,0,1555,5579,0.27872378562466393,3.16092,19.457692356373737,0.2464280982829947,0.6118881708450638,0.6170569554841707,0.7733561490491194
chat_preview,photo,kodak_01,768,512,512,341,17,64,32,1,2446,5579,0.4384298261337157,3.43058,20.27721557850927,0.35812937725753996,0.7352376342965847,0.7453698379143987,0.8405139930114458
chat_preview,photo,kodak_01,768,512,512,341,17,64,32,2,3750,5579,0.6721634701559419,4.60342,21.40306136601861,0.5232284675124074,0.8394294736694522,0.8546648978120315,0.899955607821566
chat_preview,photo,kodak_01,768,512,512,341,17,64,32,3,5276,5579,0.9456891916113999,3.84467,22.592180243611608,0.6365344323745233,0.888761000512647,0.9062250207660224,0.9310784154627882
chat_preview,photo,kodak_01,768,512,512,341,17,64,32,4,5579,5579,1.0,3.59987,22.696997227688694,0.6391101223350844,0.8893612094221277,0.9067835919663438,0.9325814478195409
chat_preview,photo,kodak_01,768,512,512,341,17,64,64,0,2725,12924,0.21084803466419066,3.18179,20.348488454712804,0.35969776262025527,0.7397654764306795,0.74914550945738,0.8427302501145739
chat_preview,photo,kodak_01,768,512,512,341,17,64,64,1,5451,12924,0.4217734447539461,3.42479,21.775909692710286,0.5562178593331917,0.8656376049046708,0.8751189228150411,0.9124535669482469
chat_preview,photo,kodak_01,768,512,512,341,17,64,64,2,9997,12924,0.7735221293717115,3.539,24.081806102084503,0.7447295149988168,0.941082456447203,0.9511804683222845,0.9593362343165114
chat_preview,photo,kodak_01,768,512,512,341,17,64,64,3,12924,12924,1.0,4.44846,25.68044524267473,0.8120317513168329,0.954928436159704,0.9649528648607404,0.9722018995193887
chat_preview,photo,kodak_01,768,512,512,341,18,64,32,0,1555,5716,0.27204338698390484,3.07004,19.457692356373737,0.2464280982829947,0.6118881708450638,0.6170569554841707,0.7733561490491194
chat_preview,photo,kodak_01,768,512,512,341,18,64,32,1,2461,5716,0.43054583624912524,3.04246,20.27910478662399,0.3582161447384629,0.7353663174919788,0.7455510267036491,0.8406114353539629
chat_preview,photo,kodak_01,768,512,512,341,18,64,32,2,3824,5716,0.668999300209937,3.09987,21.413003889125164,0.5273179159314397,0.8413291143643247,0.8565364381615035,0.9002430236913033
chat_preview,photo,kodak_01,768,512,512,341,18,64,32,3,5411,5716,0.9466410076976907,3.37183,22.626816498709964,0.6422446344686877,0.8911047997938232,0.908657314247963,0.9318899744908121
chat_preview,photo,kodak_01,768,512,512,341,18,64,32,4,5716,5716,1.0,14.867,22.733065783966957,0.6448611273574788,0.8917248592376371,0.9092384130447609,0.9334102268221105
chat_preview,photo,kodak_01,768,512,512,341,18,64,64,0,2725,13272,0.20531946955997588,3.10421,20.348488454712804,0.35969776262025527,0.7397654764306795,0.74914550945738,0.8427302501145739
chat_preview,photo,kodak_01,768,512,512,341,18,64,64,1,5468,13272,0.41199517781796263,3.17617,21.778212902613525,0.5563268936016579,0.8657095132749446,0.8751587862381475,0.9125280282661312
chat_preview,photo,kodak_01,768,512,512,341,18,64,64,2,10202,13272,0.7686859553948161,3.85325,24.102687348669413,0.7475126684345094,0.9418478110292202,0.951915167521787,0.9595478568584167
chat_preview,photo,kodak_01,768,512,512,341,18,64,64,3,13272,13272,1.0,4.14925,25.73464095426027,0.8167812726896817,0.955896036383954,0.965969487012186,0.9726845611255829
chat_preview,photo,kodak_01,768,512,512,341,19,64,32,0,1555,5730,0.27137870855148344,3.09233,19.457692356373737,0.2464280982829947,0.6118881708450638,0.6170569554841707,0.7733561490491194
chat_preview,photo,kodak_01,768,512,512,341,19,64,32,1,2461,5730,0.4294938917975567,3.05754,20.27910478662399,0.3582161447384629,0.7353663174919788,0.7455510267036491,0.8406114353539629
chat_preview,photo,kodak_01,768,512,512,341,19,64,32,2,3824,5730,0.6673647469458988,3.18487,21.413027105032324,0.5273246483010844,0.8413300600725857,0.8565364068200332,0.9002411885070442
chat_preview,photo,kodak_01,768,512,512,341,19,64,32,3,5417,5730,0.9453752181500873,4.13358,22.626384031529945,0.6422758790605511,0.8911130649753448,0.9086643188850303,0.931839985175892
chat_preview,photo,kodak_01,768,512,512,341,19,64,32,4,5730,5730,1.0,3.85912,22.738571397280207,0.6453374549850653,0.8918194936575806,0.9093321520264525,0.9334430767336553
chat_preview,photo,kodak_01,768,512,512,341,19,64,64,0,2725,13272,0.20531946955997588,4.59371,20.348488454712804,0.35969776262025527,0.7397654764306795,0.74914550945738,0.8427302501145739
chat_preview,photo,kodak_01,768,512,512,341,19,64,64,1,5468,13272,0.41199517781796263,3.3555,21.778212902613525,0.5563268936016579,0.8657095132749446,0.8751587862381475,0.9125280282661312
chat_preview,photo,kodak_01,768,512,512,341,19,64,64,2,10202,13272,0.7686859553948161,3.55196,24.102687348669413,0.7475126684345094,0.9418478110292202,0.951915167521787,0.9595478568584167
chat_preview,photo,kodak_01,768,512,512,341,19,64,64,3,13272,13272,1.0,3.85892,25.73466655122799,0.8167814218686332,0.9558959788734599,0.965969399482888,0.9726845546173086
chat_preview,photo,kodak_01,768,512,512,341,20,64,32,0,1562,5762,0.2710864283234988,3.32279,19.463016909944074,0.2468088049747824,0.6130429800986423,0.6166395124013383,0.7745251276443487
chat_preview,photo,kodak_01,768,512,512,341,20,64,32,1,2470,5762,0.42867060048594235,3.06725,20.28851387031217,0.35832464020679566,0.7364933196339202,0.7452472076950089,0.8416578963588914
chat_preview,photo,kodak_01,768,512,512,341,20,64,32,2,3833,5762,0.6652204095800069,3.3615,21.426235341009786,0.5277797964018505,0.8424203816139629,0.8564878424086496,0.9011425145386873
chat_preview,photo,kodak_01,768,512,512,341,20,64,32,3,5438,5762,0.9437695244706699,3.71317,22.657906634194692,0.6431030553522917,0.8924563840483782,0.9089019758661718,0.9328259548727531
chat_preview,photo,kodak_01,768,512,512,341,20,64,32,4,5762,5762,1.0,3.83604,22.782913119736335,0.6468150801842549,0.8933854026941149,0.9098002249508356,0.9346032132064693
chat_preview,photo,kodak_01,768,512,512,341,20,64,64,0,2748,13304,0.20655441972339147,3.15433,20.35798895710205,0.3604382899559185,0.7406968723521127,0.7491378617656259,0.8440770229314266
chat_preview,photo,kodak_01,768,512,512,341,20,64,64,1,5497,13304,0.41318400481058326,3.3585,21.7905268997921,0.5566417255163598,0.8665161083976765,0.8750701134829424,0.9133976027091062
chat_preview,photo,kodak_01,768,512,512,341,20,64,64,2,10232,13304,0.7690920024052916,3.48196,24.136490300608497,0.7479793385221942,0.9425838069804544,0.9518739573984651,0.9602753093085373
chat_preview,photo,kodak_01,768,512,512,341,20,64,64,3,13304,13304,1.0,4.42162,25.815316151864547,0.8175805555741286,0.9566641188613327,0.9659601891552263,0.9734354266979965
chat_preview,photo,kodak_01,768,512,512,341,21,64,32,0,1562,5840,0.26746575342465756,3.16475,19.463016909944074,0.2468088049747824,0.6130429800986423,0.6166395124013383,0.7745251276443487
chat_preview,photo,kodak_01,768,512,512,341,21,64,32,1,2470,5840,0.4229452054794521,3.24962,20.28851387031217,0.35832464020679566,0.7364933196339202,0.7452472076950089,0.8416578963588914
chat_preview,photo,kodak_01,768,512,512,341,21,64,32,2,3852,5840,0.6595890410958904,3.19242,21.440693352194824,0.5275887689390815,0.843000133755671,0.8568126557881355,0.9014931064920509
chat_preview,photo,kodak_01,768,512,512,341,21,64,32,3,5512,5840,0.9438356164383561,3.47325,22.689027958290065,0.6456954673754066,0.8936011231115838,0.9099274173182442,0.9334961803736079
chat_preview,photo,kodak_01,768,512,512,341,21,64,32,4,5840,5840,1.0,3.57092,22.81627819253366,0.649570797760237,0.8945527179950808,0.910851201041708,0.9352892021942947
chat_preview,photo,kodak_01,768,512,512,341,21,64,64,0,2788,13556,0.20566538802006493,3.29304,20.35798895710205,0.3604382899559185,0.7406968723521127,0.7491378617656259,0.8440770229314266
chat_preview,photo,kodak_01,768,512,512,341,21,64,64,1,5537,13556,0.4084538211861906,3.27304,21.7905268997921,0.5566417255163598,0.8665161083976765,0.8750701134829424,0.9133976027091062
chat_preview,photo,kodak_01,768,512,512,341,21,64,64,2,10353,13556,0.7637208616110948,3.51567,24.16073130834564,0.7484036643854896,0.9429809055984538,0.9521857868848915,0.9605295030571023
chat_preview,photo,kodak_01,768,512,512,341,21,64,64,3,13556,13556,1.0,3.83733,25.884696755835265,0.8206447006512646,0.9574942683683171,0.9666870491203772,0.9737570652758066
chat_preview,photo,kodak_01,768,512,512,341,22,64,32,0,1562,5850,0.267008547008547,3.0495,19.463016909944074,0.2468088049747824,0.6130429800986423,0.6166395124013383,0.7745251276443487
chat_preview,photo,kodak_01,768,512,512,341,22,64,32,1,2470,5850,0.4222222222222222,3.1035,20.28851387031217,0.35832464020679566,0.7364933196339202,0.7452472076950089,0.8416578963588914
chat_preview,photo,kodak_01,768,512,512,341,22,64,32,2,3852,5850,0.6584615384615384,3.11362,21.44206557962942,0.527520217749088,0.8430035448201375,0.8568030819887124,0.901508512776563
chat_preview,photo,kodak_01,768,512,512,341,22,64,32,3,5516,5850,0.9429059829059829,3.96917,22.708354253303856,0.6458974584717673,0.8939467134604898,0.9101507445434142,0.9337280991308202
chat_preview,photo,kodak_01,768,512,512,341,22,64,32,4,5850,5850,1.0,5.38046,22.8440747282748,0.6500930538355676,0.8949603170107165,0.9111341811626805,0.9356252202201529
chat_preview,photo,kodak_01,768,512,512,341,22,64,64,0,2788,13559,0.20561988347223248,3.13529,20.35798895710205,0.3604382899559185,0.7406968723521127,0.7491378617656259,0.8440770229314266
chat_preview,photo,kodak_01,768,512,512,341,22,64,64,1,5537,13559,0.408363448631905,3.255,21.7905268997921,0.5566417255163598,0.8665161083976765,0.8750701134829424,0.9133976027091062
chat_preview,photo,kodak_01,768,512,512,341,22,64,64,2,10355,13559,0.7636993878604617,3.40608,24.16528949687091,0.7485313418194933,0.9430471811088698,0.952244821473891,0.9605667053472429
chat_preview,photo,kodak_01,768,512,512,341,22,64,64,3,13559,13559,1.0,3.95558,25.923716866360216,0.8211554236431038,0.9576473121264968,0.9668075963625653,0.9739179100112156
chat_preview,photo,kodak_01,768,512,512,341,23,64,32,0,1591,6016,0.2644614361702128,3.09488,19.457442017692085,0.2470061954477031,0.6130758303958481,0.6168253618881782,0.7745011460452592
chat_preview,photo,kodak_01,768,512,512,341,23,64,32,1,2519,6016,0.4187167553191489,3.21229,20.29036273859745,0.3574088902430644,0.7361711410068116,0.745154674564607,0.8415511705584758
chat_preview,photo,kodak_01,768,512,512,341,23,64,32,2,3946,6016,0.6559175531914894,3.09658,21.445683393145217,0.5302158180582506,0.8445775406190826,0.8586241802664224,0.9018178271425792
chat_preview,photo,kodak_01,768,512,512,341,23,64,32,3,5679,6016,0.9439827127659575,3.30212,22.737175126863022,0.6511085754728947,0.8958638982987804,0.912399928073616,0.934441137479863
chat_preview,photo,kodak_01,768,512,512,341,23,64,32,4,6016,6016,1.0,3.53233,22.87780962274852,0.6554996182114673,0.8969122646512457,0.9134169228500922,0.9363585933041316
chat_preview,photo,kodak_01,768,512,512,341,23,64,64,0,2870,14059,0.20413969699125115,3.10004,20.353043184917283,0.3607353487681239,0.7412017346635636,0.7498214097118847,0.8443454259598883
chat_preview,photo,kodak_01,768,512,512,341,23,64,64,1,5702,14059,0.405576499039761,3.21312,21.79291240702748,0.5563101277721846,0.866747723089729,0.8754017989221647,0.9133255268835073
chat_preview,photo,kodak_01,768,512,512,341,23,64,64,2,10677,14059,0.7594423500960239,3.46612,24.189574496571637,0.7512206548475878,0.9443123778275267,0.9535022928866096,0.9609483963028594
chat_preview,photo,kodak_01,768,512,512,341,23,64,64,3,14059,14059,1.0,4.0465,26.008173704247632,0.8259778701171415,0.9591928934176585,0.9683755132342052,0.9747379551400546
chat_preview,photo,kodak_01,768,512,512,341,24,64,32,0,1591,6032,0.26375994694960214,3.03292,19.457442017692085,0.2470061954477031,0.6130758303958481,0.6168253618881782,0.7745011460452592
chat_preview,photo,kodak_01,768,512,512,341,24,64,32,1,2519,6032,0.41760610079575594,3.05088,20.29036273859745,0.3574088902430644,0.7361711410068116,0.745154674564607,0.8415511705584758
chat_preview,photo,kodak_01,768,512,512,341,24,64,32,2,3958,6032,0.6561671087533156,3.17029,21.44605186904721,0.5306974684442012,0.84470167457521,0.8587684035272509,0.9018084874653951
chat_preview,photo,kodak_01,768,512,512,341,24,64,32,3,5692,6032,0.9436339522546419,3.24254,22.749703014376635,0.6515435188232362,0.8960931991773174,0.9125858498607377,0.9345767377508619
chat_preview,photo,kodak_01,768,512,512,341,24,64,32,4,6032,6032,1.0,3.64717,22.894512709128577,0.6561099300904386,0.8971713120987169,0.9136359998720253,0.9365410399524677
chat_preview,photo,kodak_01,768,512,512,341,24,64,64,0,2870,14104,0.20348837209302326,3.25154,20.353043184917283,0.3607353487681239,0.7412017346635636,0.7498214097118847,0.8443454259598883
chat_preview,photo,kodak_01,768,512,512,341,24,64,64,1,5702,14104,0.4042824730572887,3.41654,21.79291240702748,0.5563101277721846,0.866747723089729,0.8754017989221647,0.9133255268835073
chat_preview,photo,kodak_01,768,512,512,341,24,64,64,2,10720,14104,0.7600680657969371,3.41792,24.191595234285966,0.7514954147322129,0.9443669001289622,0.9535675570904382,0.9609585202342158
chat_preview,photo,kodak_01,768,512,512,341,24,64,64,3,14104,14104,1.0,4.02054,26.046383764021282,0.8265791845809815,0.9593052524799157,0.9684726140940764,0.9748950284235799
chat_preview,photo,kodak_01,768,512,512,341,25,64,32,0,1593,6096,0.26131889763779526,3.15646,19.46207672486269,0.2467733155370301,0.613765078658004,0.6168124077840307,0.7766875338136292
chat_preview,photo,kodak_01,768,512,512,341,25,64,32,1,2522,6096,0.4137139107611549,3.12133,20.29426688607404,0.35762281015237657,0.7367603604944101,0.7449916865653712,0.8431633704126272
chat_preview,photo,kodak_01,768,512,512,341,25,64,32,2,3963,6096,0.6500984251968503,3.19267,21.453986876185297,0.5308236829516487,0.8455382141951548,0.8587813437057132,0.9029144277731247
chat_preview,photo,kodak_01,768,512,512,341,25,64,32,3,5750,6096,0.943241469816273,3.27308,22.76757420393283,0.6534500448363669,0.8972262405922873,0.9129334094437289,0.9357088870824508
chat_preview,photo,kodak_01,768,512,512,341,25,64,32,4,6096,6096,1.0,3.81558,22.92107004193179,0.6582125103357267,0.8983584512192171,0.9140318517404723,0.937839496798017
chat_preview,photo,kodak_01,768,512,512,341,25,64,64,0,2872,14290,0.20097970608817356,3.07929,20.357902012347203,0.36065007575749136,0.7421129270410532,0.7494269007808678,0.8455046239604505
chat_preview,photo,kodak_01,768,512,512,341,25,64,64,1,5704,14290,0.39916025192442267,3.22267,21.800830990276015,0.5564441328726238,0.8676302110960319,0.8753464076865672,0.9142675350019541
chat_preview,photo,kodak_01,768,512,512,341,25,64,64,2,10740,14290,0.7515745276417075,3.58296,24.206492433529384,0.7518271840873881,0.9452967762784708,0.9536883764001572,0.9616783092392801
chat_preview,photo,kodak_01,768,512,512,341,25,64,64,3,14290,14290,1.0,4.00183,26.111466527081877,0.8294873936146404,0.9606063376181658,0.9690280371680469,0.9757500594587706
chat_preview,photo,kodak_01,768,512,512,341,26,64,32,0,1593,6115,0.26050695012264924,3.01983,19.46207672486269,0.2467733155370301,0.613765078658004,0.6168124077840307,0.7766875338136292
chat_preview,photo,kodak_01,768,512,512,341,26,64,32,1,2522,6115,0.4124284546197874,3.17729,20.29426688607404,0.35762281015237657,0.7367603604944101,0.7449916865653712,0.8431633704126272
chat_preview,photo,kodak_01,768,512,512,341,26,64,32,2,3969,6115,0.6490596892886346,3.38092,21.45928751045032,0.5299860145064171,0.8457790786229831,0.8586306929756656,0.9027792202551065
chat_preview,photo,kodak_01,768,512,512,341,26,64,32,3,5759,6115,0.9417825020441537,3.40587,22.80140736795017,0.6532555372629342,0.8980078341990593,0.913248723363945,0.9361177647801955
chat_preview,photo,kodak_01,768,512,512,341,26,64,32,4,6115,6115,1.0,3.74042,22.96221711924801,0.6583121457496806,0.8992001635892976,0.9144086366421551,0.9383551250847367
chat_preview,photo,kodak_01,768,512,512,341,26,64,64,0,2872,14319,0.20057266568894475,3.28779,20.357902012347203,0.36065007575749136,0.7421129270410532,0.7494269007808678,0.8455046239604505
chat_preview,photo,kodak_01,768,512,512,341,26,64,64,1,5704,14319,0.39835184021230535,3.25387,21.800830990276015,0.5564441328726238,0.8676302110960319,0.8753464076865672,0.9142675350019541
chat_preview,photo,kodak_01,768,512,512,341,26,64,64,2,10767,14319,0.751937984496124,3.81954,24.231081333275306,0.7521710172174917,0.9456618877706778,0.9539835363363334,0.9618848032146033
chat_preview,photo,kodak_01,768,512,512,341,26,64,64,3,14319,14319,1.0,4.027,26.185800699105812,0.8304365453162849,0.9611811012849948,0.9694993219366604,0.9761221663848983
chat_preview,photo,kodak_01,768,512,512,341,27,64,32,0,1593,6215,0.2563153660498793,3.47921,19.46207672486269,0.2467733155370301,0.613765078658004,0.6168124077840307,0.7766875338136292
chat_preview,photo,kodak_01,768,512,512,341,27,64,32,1,2538,6215,0.4083668543845535,4.10079,20.294208443384147,0.3575004930698749,0.7367539562195083,0.7451498667874897,0.8432376933761755
chat_preview,photo,kodak_01,768,512,512,341,27,64,32,2,3998,6215,0.6432823813354787,3.79992,21.462876469141698,0.5304611385748387,0.846191890474541,0.8589859007510676,0.9029570359386456
chat_preview,photo,kodak_01,768,512,512,341,27,64,32,3,5851,6215,0.9414320193081255,4.85208,22.825493718061644,0.6567610612144138,0.8991010171662127,0.9143787154964387,0.936659723538649
chat_preview,photo,kodak_01,768,512,512,341,27,64,32,4,6215,6215,1.0,3.87508,22.993361739761042,0.6620441332557035,0.9003510523991851,0.9155995455935426,0.9389765513339406
chat_preview,photo,kodak_01,768,512,512,341,27,64,64,0,2872,14549,0.19740188329094782,3.61962,20.357902012347203,0.36065007575749136,0.7421129270410532,0.7494269007808678,0.8455046239604505
chat_preview,photo,kodak_01,768,512,512,341,27,64,64,1,5728,14549,0.3937040346415561,3.59371,21.803566824970886,0.5562770608812801,0.8676088605606123,0.8753694819079415,0.9143307109947734
chat_preview,photo,kodak_01,768,512,512,341,27,64,64,2,10840,14549,0.7450683895800398,3.94933,24.237730916930694,0.752574117976709,0.9457692536873005,0.9540147354538091,0.9619660774513049
chat_preview,photo,kodak_01,768,512,512,341,27,64,64,3,14549,14549,1.0,4.79129,26.235480294587184,0.8330481031895663,0.9615974765407929,0.9698997404767832,0.9764251129131877
chat_preview,photo,kodak_01,768,512,512,341,28,64,32,0,1593,6287,0.25337999045649756,3.20771,19.46207672486269,0.2467733155370301,0.613765078658004,0.6168124077840307,0.7766875338136292
chat_preview,photo,kodak_01,768,512,512,341,28,64,32,1,2538,6287,0.4036901542866232,3.43237,20.294208443384147,0.3575004930698749,0.7367539562195083,0.7451498667874897,0.8432376933761755
chat_preview,photo,kodak_01,768,512,512,341,28,64,32,2,4041,6287,0.6427548910450135,3.28746,21.473786586783042,0.5335387366719643,0.8472640414268309,0.8602124886398839,0.9031753009815692
chat_preview,photo,kodak_01,768,512,512,341,28,64,32,3,5901,6287,0.9386034674725624,3.3,22.856918546663,0.6592860945774665,0.9001145386595395,0.9154914164512313,0.9371323248562841
chat_preview,photo,kodak_01,768,512,512,341,28,64,32,4,6287,6287,1.0,3.77533,23.04550094265242,0.6654355379849096,0.9015932223712326,0.9169374797438222,0.9397421177982537
chat_preview,photo,kodak_01,768,512,512,341,28,64,64,0,2872,14711,0.19522806063489906,3.12158,20.357902012347203,0.36065007575749136,0.7421129270410532,0.7494269007808678,0.8455046239604505
chat_preview,photo,kodak_01,768,512,512,341,28,64,64,1,5728,14711,0.3893684997620828,3.37242,21.803566824970886,0.5562770608812801,0.8676088605606123,0.8753694819079415,0.9143307109947734
chat_preview,photo,kodak_01,768,512,512,341,28,64,64,2,10993,14711,0.7472639521446537,3.51729,24.26070724958519,0.7546509965568516,0.946441598413667,0.9547020356132546,0.9620803610745701
chat_preview,photo,kodak_01,768,512,512,341,28,64,64,3,14711,14711,1.0,4.01842,26.31171388703999,0.8352800462897695,0.962323103462342,0.9706004839676456,0.9768526366081007
chat_preview,photo,kodak_01,768,512,512,341,29,64,32,0,1593,6438,0.24743709226467847,3.06658,19.46207672486269,0.2467733155370301,0.613765078658004,0.6168124077840307,0.7766875338136292
chat_preview,photo,kodak_01,768,512,512,341,29,64,32,1,2571,6438,0.3993476234855545,3.15187,20.30039914057034,0.3586857615154136,0.7379838831579363,0.7462520608963615,0.8438425556413061
chat_preview,photo,kodak_01,768,512,512,341,29,64,32,2,4099,6438,0.6366884125504815,3.20837,21.47910688595836,0.5349745317801905,0.8483563376085098,0.8610346775694612,0.9035198169036367
chat_preview,photo,kodak_01,768,512,512,341,29,64,32,3,6040,6438,0.938179558869214,3.93042,22.890509371012627,0.6635050506214634,0.9020496823559024,0.9171916182953049,0.938343590724962
chat_preview,photo,kodak_01,768,512,512,341,29,64,32,4,6438,6438,1.0,3.84787,23.088338111766674,0.670169133823471,0.9036026292640845,0.9187157909180119,0.9410190984335868
chat_preview,photo,kodak_01,768,512,512,341,29,64,64,0,2872,15073,0.19053937504146487,3.80671,20.357902012347203,0.36065007575749136,0.7421129270410532,0.7494269007808678,0.8455046239604505
chat_preview,photo,kodak_01,768,512,512,341,29,64,64,1,5855,15073,0.38844291116566043,3.55292,21.80550108669255,0.5584458294944151,0.8683154571985914,0.8761593914031197,0.9142717763467738
chat_preview,photo,kodak_01,768,512,512,341,29,64,64,2,11177,15073,0.7415245803755058,3.64196,24.27010963115322,0.75636850855931,0.9471571129689376,0.9554326838022463,0.9622185167194667
chat_preview,photo,kodak_01,768,512,512,341,29,64,64,3,15073,15073,1.0,4.26429,26.37496463000026,0.8386558615415337,0.963294113117028,0.9716115647685041,0.9773938082340718
chat_preview,photo,kodak_01,768,512,512,341,30,64,32,0,1607,6493,0.2474973047897736,3.07883,19.467544331176093,0.2469470418700225,0.6138011537187914,0.6164660253614457,0.7768012571412878
chat_preview,photo,kodak_01,768,512,512,341,30,64,32,1,2595,6493,0.3996611735715386,3.24525,20.313005753136824,0.3591789070899854,0.7388009782241683,0.7465630715083114,0.8443018954923956
chat_preview,photo,kodak_01,768,512,512,341,30,64,32,2,4123,6493,0.6349915293392885,3.49879,21.49571231580218,0.535387019819408,0.8489098504830581,0.8612632818296208,0.9039418815890856
chat_preview,photo,kodak_01,768,512,512,341,30,64,32,3,6083,6493,0.9368550746958263,3.87542,22.931710843839635,0.6642169407248537,0.9026654508710686,0.9174101912597205,0.9388841593227795
chat_preview,photo,kodak_01,768,512,512,341,30,64,32,4,6493,6493,1.0,3.66837,23.13831393101661,0.6713779317268439,0.904353071916014,0.9190698550375314,0.9416376179341163
chat_preview,photo,kodak_01,768,512,512,341,30,64,64,0,2882,15115,0.19067151835924578,3.37471,20.363273394034582,0.3608141159815217,0.7425958629011671,0.7493175209106753,0.8461310427323211
chat_preview,photo,kodak_01,768,512,512,341,30,64,64,1,5894,15115,0.38994376447237844,4.71492,21.813897697171956,0.5593612201668722,0.8691204691452902,0.876360980650305,0.9147542658237453
chat_preview,photo,kodak_01,768,512,512,341,30,64,64,2,11216,15115,0.7420443268276546,4.69867,24.29507215039432,0.757146103991146,0.9478257217947146,0.9555646355803971,0.9627016574503898
chat_preview,photo,kodak_01,768,512,512,341,30,64,64,3,15115,15115,1.0,5.10092,26.457394097828942,0.8398385109730665,0.9640291985390927,0.9717879013610242,0.9779496852616093
chat_preview,photo,kodak_01,768,512,512,341,31,64,32,0,1647,6638,0.24811690268153058,5.6975,19.467544331176093,0.2469470418700225,0.6138011537187914,0.6164660253614457,0.7768012571412878
chat_preview,photo,kodak_01,768,512,512,341,31,64,32,1,2648,6638,0.39891533594456163,3.33496,20.313049031738537,0.3591799646754225,0.7387929386930656,0.7465561254378325,0.8443050071834565
chat_preview,photo,kodak_01,768,512,512,341,31,64,32,2,4190,6638,0.631214221150949,3.44687,21.514282785884692,0.5347725525814845,0.8493091038404513,0.8614351895961955,0.9046320439648513
chat_preview,photo,kodak_01,768,512,512,341,31,64,32,3,6215,6638,0.9362759867429948,3.52746,22.970838540858733,0.6668736013149309,0.9040911758129218,0.9187104712001934,0.9399845267969752
chat_preview,photo,kodak_01,768,512,512,341,31,64,32,4,6638,6638,1.0,4.14562,23.188268076949182,0.6746429634803005,0.9059391736550989,0.9205324875328177,0.9428612646314437
chat_preview,photo,kodak_01,768,512,512,341,31,64,64,0,2882,15349,0.18776467522314158,3.94658,20.363273394034582,0.3608141159815217,0.7425958629011671,0.7493175209106753,0.8461310427323211
chat_preview,photo,kodak_01,768,512,512,341,31,64,64,1,5894,15349,0.38399895758681346,3.57088,21.813897697171956,0.5593612201668722,0.8691204691452902,0.876360980650305,0.9147542658237453
chat_preview,photo,kodak_01,768,512,512,341,31,64,64,2,11255,15349,0.7332725258974526,4.22946,24.31282037833922,0.7575674597398415,0.9482037790434216,0.9558807161184979,0.9629185990843393
chat_preview,photo,kodak_01,768,512,512,341,31,64,64,3,15349,15349,1.0,4.50496,26.541339622877942,0.8428578420742056,0.9647930761055573,0.9725521636497473,0.9784342454206248
chat_preview,photo,kodak_01,768,512,512,341,32,64,32,0,1647,6695,0.24600448095593727,3.36604,19.467544331176093,0.2469470418700225,0.6138011537187914,0.6164660253614457,0.7768012571412878
chat_preview,photo,kodak_01,768,512,512,341,32,64,32,1,2667,6695,0.39835698282300225,3.46279,20.314780035995103,0.35926694154917665,0.7387344412534139,0.7467259129440319,0.8442814430581058
chat_preview,photo,kodak_01,768,512,512,341,32,64,32,2,4229,6695,0.6316654219566841,4.56846,21.51792001414188,0.5353643008730268,0.84961636254691,0.8616363691705473,0.9047330073359839
chat_preview,photo,kodak_01,768,512,512,341,32,64,32,3,6264,6695,0.9356235997012696,4.95467,22.99411824736122,0.6677066902270843,0.9047755265926973,0.919160550692316,0.9403833483887929
chat_preview,photo,kodak_01,768,512,512,341,32,64,32,4,6695,6695,1.0,5.62508,23.220027340867233,0.6759327830909282,0.9067100886242655,0.9210720877623628,0.9433482326962463
chat_preview,photo,kodak_01,768,512,512,341,32,64,64,0,2882,15431,0.18676689780312358,3.55904,20.363273394034582,0.3608141159815217,0.7425958629011671,0.7493175209106753,0.8461310427323211
chat_preview,photo,kodak_01,768,512,512,341,32,64,64,1,5917,15431,0.3834489015617912,3.38242,21.815263197315048,0.5594352626542731,0.8691414757369365,0.8763907425821625,0.9147774623503395
chat_preview,photo,kodak_01,768,512,512,341,32,64,64,2,11333,15431,0.7344306914652323,3.90512,24.31822708605729,0.7581747424332622,0.9483394419524437,0.9559916530953824,0.9629649139636094
chat_preview,photo,kodak_01,768,512,512,341,32,64,64,3,15431,15431,1.0,4.43492,26.590059333374832,0.8438117607224941,0.9649749722786471,0.972661522523375,0.9786183240977311
chat_preview,photo,kodak_01,768,512,512,341,33,64,32,0,1647,6839,0.2408246819710484,3.71029,19.467544331176093,0.2469470418700225,0.6138011537187914,0.6164660253614457,0.7768012571412878
chat_preview,photo,kodak_01,768,512,512,341,33,64,32,1,2670,6839,0.3904079543792952,3.18196,20.316645704885595,0.3592700772639874,0.7387418700340952,0.74671802400492,0.8443805964258108
chat_preview,photo,kodak_01,768,512,512,341,33,64,32,2,4285,6839,0.6265535897060974,3.15504,21.533706182651176,0.5376358115428314,0.8509120899672187,0.863075498234039,0.9055067201629824
chat_preview,photo,kodak_01,768,512,512,341,33,64,32,3,6399,6839,0.9356631086416143,3.45192,23.036927518089186,0.6724714121982137,0.9068704367198513,0.9214073315575535,0.9419080009527164
chat_preview,photo,kodak_01,768,512,512,341,33,64,32,4,6839,6839,1.0,3.74183,23.270086198260294,0.6809738332235401,0.9088530489927269,0.9233684354302707,0.9449140537805363
chat_preview,photo,kodak_01,768,512,512,341,33,64,64,0,2882,15844,0.18189851047715225,3.15958,20.363273394034582,0.3608141159815217,0.7425958629011671,0.7493175209106753,0.8461310427323211
chat_preview,photo,kodak_01,768,512,512,341,33,64,64,1,5924,15844,0.37389548093915675,3.39392,21.815696267918167,0.559352634588973,0.8691678392254555,0.8764029290957176,0.9147629762392671
chat_preview,photo,kodak_01,768,512,512,341,33,64,64,2,11527,15844,0.7275309265337037,3.75608,24.333598586936805,0.7603808756531892,0.9489098111990751,0.9565944789652905,0.9630369966325553
chat_preview,photo,kodak_01,768,512,512,341,33,64,64,3,15844,15844,1.0,4.58833,26.665330019806813,0.8476806618846466,0.9658183381027324,0.973540828494651,0.9791408261563639
chat_preview,photo,kodak_01,768,512,512,341,34,64,32,0,1647,6865,0.23991260014566643,3.0845,19.467544331176093,0.2469470418700225,0.6138011537187914,0.6164660253614457,0.7768012571412878
chat_preview,photo,kodak_01,768,512,512,341,34,64,32,1,2670,6865,0.3889293517844137,3.20679,20.316645704885595,0.3592700772639874,0.7387418700340952,0.74671802400492,0.8443805964258108
chat_preview,photo,kodak_01,768,512,512,341,34,64,32,2,4285,6865,0.6241806263656228,3.32429,21.536141454871952,0.537623201462144,0.8509845465137449,0.8631309653853498,0.9055438253689287
chat_preview,photo,kodak_01,768,512,512,341,34,64,32,3,6408,6865,0.9334304442825928,3.5185,23.058416015265518,0.6728098839590455,0.9072706283938591,0.921686362337415,0.9421580357030703
chat_preview,photo,kodak_01,768,512,512,341,34,64,32,4,6865,6865,1.0,3.78275,23.30251679723989,0.6820575356204307,0.9094331200294318,0.9238237202231929,0.9453147262394834
chat_preview,photo,kodak_01,768,512,512,341,34,64,64,0,2882,15849,0.1818411256230677,3.13796,20.363273394034582,0.3608141159815217,0.7425958629011671,0.7493175209106753,0.8461310427323211
chat_preview,photo,kodak_01,768,512,512,341,34,64,64,1,5924,15849,0.373777525395924,3.26579,21.815696267918167,0.559352634588973,0.8691678392254555,0.8764029290957176,0.9147629762392671
chat_preview,photo,kodak_01,768,512,512,341,34,64,64,2,11528,15849,0.7273645024922708,3.60225,24.338801437134777,0.7604799107481476,0.9489737164755886,0.956648214593806,0.96307427383506
chat_preview,photo,kodak_01,768,512,512,341,34,64,64,3,15849,15849,1.0,4.27383,26.718840972592037,0.8483780635770749,0.9660169572939309,0.9736945748728079,0.9793294004286861
chat_preview,photo,kodak_01,768,512,512,341,35,64,32,0,1678,7046,0.23814930456996877,3.11146,19.48640134653577,0.24729063208847815,0.6145472548467813,0.6168467025677976,0.7783814796867466
chat_preview,photo,kodak_01,768,512,512,341,35,64,32,1,2722,7046,0.3863184785694011,3.19454,20.33601157971061,0.3587842391216787,0.738786578114237,0.7462760532234863,0.8453910019065748
chat_preview,photo,kodak_01,768,512,512,341,35,64,32,2,4360,7046,0.6187908032926484,3.28658,21.567571174256514,0.5379019136999698,0.8517887419376226,0.8633966135979549,0.9065726816038202
chat_preview,photo,kodak_01,768,512,512,341,35,64,32,3,6574,7046,0.9330116378086858,3.39571,23.116737407908133,0.675729859382058,0.9091823853293178,0.9231150613052705,0.9438536700208666
chat_preview,photo,kodak_01,768,512,512,341,35,64,32,4,7046,7046,1.0,3.94654,23.373798755954205,0.6853555020831358,0.9113927096201723,0.9253211582192016,0.947079081130896
chat_preview,photo,kodak_01,768,512,512,341,35,64,64,0,3007,16312,0.18434281510544384,3.226,20.388176832772768,0.36122524105436565,0.7435761216031741,0.7496544606547295,0.8472367972245323
chat_preview,photo,kodak_01,768,512,512,341,35,64,64,1,6113,16312,0.37475478175576266,3.565,21.853889675759564,0.5587080859328671,0.8700728286668772,0.8767022298954488,0.9157997553887615
chat_preview,photo,kodak_01,768,512,512,341,35,64,64,2,11771,16312,0.7216159882295243,3.8085,24.391486623367197,0.7609339261716475,0.9501226488399662,0.9572350877825546,0.9639436840885649
chat_preview,photo,kodak_01,768,512,512,341,35,64,64,3,16312,16312,1.0,4.14571,26.851373973194647,0.8513556290373391,0.9674500709289324,0.9746452700918413,0.9802795683063157
chat_preview,photo,kodak_01,768,512,512,341,36,64,32,0,1678,7107,0.23610524834670044,3.28212,19.48640134653577,0.24729063208847815,0.6145472548467813,0.6168467025677976,0.7783814796867466
chat_preview,photo,kodak_01,768,512,512,341,36,64,32,1,2723,7107,0.3831433797664275,3.24825,20.3360508309998,0.35876914211263733,0.7388031014367451,0.7462571037039691,0.8453934715078432
chat_preview,photo,kodak_01,768,512,512,341,36,64,32,2,4373,7107,0.6153088504291544,3.28187,21.581774128297972,0.5372701859211909,0.8520930587122164,0.8634976391470758,0.9070911383870253
chat_preview,photo,kodak_01,768,512,512,341,36,64,32,3,6608,7107,0.9297875334177571,3.39829,23.155603978956727,0.676166731513714,0.9101093771071534,0.9237809808715621,0.9446325297198686
chat_preview,photo,kodak_01,768,512,512,341,36,64,32,4,7107,7107,1.0,3.58033,23.431626534221127,0.6869775532615169,0.9126100095677797,0.9262673612567757,0.948077898868645
chat_preview,photo,kodak_01,768,512,512,341,36,64,64,0,3007,16353,0.183880633522901,3.14887,20.388176832772768,0.36122524105436565,0.7435761216031741,0.7496544606547295,0.8472367972245323
chat_preview,photo,kodak_01,768,512,512,341,36,64,64,1,6113,16353,0.37381520210358954,3.20721,21.853889675759564,0.5587080859328671,0.8700728286668772,0.8767022298954488,0.9157997553887615
chat_preview,photo,kodak_01,768,512,512,341,36,64,64,2,11806,16353,0.7219470433559592,3.665,24.41366921328621,0.7610772602760073,0.950398243476189,0.9574117880527191,0.9640909942449163
chat_preview,photo,kodak_01,768,512,512,341,36,64,64,3,16353,16353,1.0,4.16962,26.94169299883509,0.8524695530414425,0.9679991544137906,0.975057587448209,0.980666617369342
chat_preview,photo,kodak_01,768,512,512,341,37,64,32,0,1678,7163,0.2342593885243613,3.21229,19.48640134653577,0.24729063208847815,0.6145472548467813,0.6168467025677976,0.7783814796867466
chat_preview,photo,kodak_01,768,512,512,341,37,64,32,1,2751,7163,0.38405695937456374,3.16142,20.338222383592914,0.3590596565639903,0.7392696694521659,0.7466804658350463,0.8455374687345119
chat_preview,photo,kodak_01,768,512,512,341,37,64,32,2,4414,7163,0.6162222532458467,3.13692,21.58978335860043,0.5377196608244106,0.8528046211650443,0.863685222979181,0.9074561853486298
chat_preview,photo,kodak_01,768,512,512,341,37,64,32,3,6649,7163,0.9282423565545163,3.36367,23.166655463794775,0.6766343287209825,0.910779133192746,0.9238727240430876,0.9449583209895257
chat_preview,photo,kodak_01,768,512,512,341,37,64,32,4,7163,7163,1.0,3.93279,23.454097181861275,0.6880720068539027,0.9134073281692671,0.9264738286479997,0.9485146424216657
chat_preview,photo,kodak_01,768,512,512,341,37,64,64,0,3007,16424,0.1830857282026303,3.07175,20.388176832772768,0.36122524105436565,0.7435761216031741,0.7496544606547295,0.8472367972245323
chat_preview,photo,kodak_01,768,512,512,341,37,64,64,1,6182,16424,0.3764003896736483,3.17129,21.853804204160635,0.5588919685331951,0.8700905888543705,0.8767135554063856,0.9158859946085571
chat_preview,photo,kodak_01,768,512,512,341,37,64,64,2,11877,16424,0.7231490501704823,3.82458,24.41891754299309,0.7613479658969178,0.9505483165011408,0.9575362474709812,0.9642361231754304
chat_preview,photo,kodak_01,768,512,512,341,37,64,64,3,16424,16424,1.0,4.1185,26.95309172897857,0.8527665238007303,0.9681728668718453,0.9751712737633348,0.9807683938813649
chat_preview,photo,kodak_01,768,512,512,341,38,64,32,0,1678,7340,0.22861035422343323,3.15892,19.48640134653577,0.24729063208847815,0.6145472548467813,0.6168467025677976,0.7783814796867466
chat_preview,photo,kodak_01,768,512,512,341,38,64,32,1,2755,7340,0.3753405994550409,3.00525,20.338326799929504,0.3590866033329075,0.7393019865690089,0.7466819904676794,0.8455478805074809
chat_preview,photo,kodak_01,768,512,512,341,38,64,32,2,4481,7340,0.6104904632152589,3.34017,21.607053195838304,0.5406982806818806,0.8542188124571289,0.8651173083637924,0.9085470907977183
chat_preview,photo,kodak_01,768,512,512,341,38,64,32,3,6801,7340,0.9265667574931881,3.71837,23.19932915652653,0.6819843859054266,0.9128892226407679,0.9261409063184145,0.9464303192379315
chat_preview,photo,kodak_01,768,512,512,341,38,64,32,4,7340,7340,1.0,3.76325,23.49688548103778,0.6943368857609196,0.9157799173779706,0.9290025516721545,0.9500475530455789
chat_preview,photo,kodak_01,768,512,512,341,38,64,64,0,3007,16881,0.17812925774539423,3.329,20.388176832772768,0.36122524105436565,0.7435761216031741,0.7496544606547295,0.8472367972245323
chat_preview,photo,kodak_01,768,512,512,341,38,64,64,1,6182,16881,0.36621053255138913,3.38467,21.853804204160635,0.5588919685331951,0.8700905888543705,0.8767135554063856,0.9158859946085571
chat_preview,photo,kodak_01,768,512,512,341,38,64,64,2,12123,16881,0.7181446596765595,3.55733,24.436609071906574,0.763909947612961,0.9513442114007394,0.9584079660194511,0.9643899592343228
chat_preview,photo,kodak_01,768,512,512,341,38,64,64,3,16881,16881,1.0,4.28658,27.041651411730058,0.8566368195910848,0.9690351131668757,0.976109564516214,0.9812586793917929
chat_preview,photo,kodak_01,768,512,512,341,39,64,32,0,1727,7443,0.23203009539164315,3.20854,19.488649365732506,0.24736733626999804,0.6154532708742073,0.6167028197922659,0.7785910078284631
chat_preview,photo,kodak_01,768,512,512,341,39,64,32,1,2806,7443,0.37699852210130325,3.18129,20.34375015392378,0.3593689963470535,0.7401459003468208,0.7465149704335029,0.8457378207717298
chat_preview,photo,kodak_01,768,512,512,341,39,64,32,2,4552,7443,0.6115813516055354,3.81212,21.62249338978331,0.541234236786278,0.8551965949148915,0.8651294870288044,0.9089969156495208
chat_preview,photo,kodak_01,768,512,512,341,39,64,32,3,6889,7443,0.9255676474539836,3.81704,23.24363416000422,0.6829368649424669,0.9141663913031532,0.9264189358970236,0.9471162781062141
chat_preview,photo,kodak_01,768,512,512,341,39,64,32,4,7443,7443,1.0,5.05175,23.556932318835493,0.6960639981233064,0.91724994773267,0.9294710984050312,0.9508866204427324
chat_preview,photo,kodak_01,768,512,512,341,39,64,64,0,3034,16916,0.17935682194372193,3.53004,20.39206864132774,0.3617367621143092,0.7438903553747892,0.7496742684344552,0.8476097943245025
chat_preview,photo,kodak_01,768,512,512,341,39,64,64,1,6210,16916,0.36710806337195556,3.47517,21.86062916916864,0.559488231859647,0.8704359162461491,0.8767856147341773,0.9161535591130444
chat_preview,photo,kodak_01,768,512,512,341,39,64,64,2,12153,16916,0.7184322534878221,3.72137,24.45945828791757,0.7645969275939075,0.951726294575275,0.9585421248454445,0.9646880969184998
chat_preview,photo,kodak_01,768,512,512,341,39,64,64,3,16916,16916,1.0,4.21525,27.13710395702011,0.8579662822834907,0.9695480921552638,0.9763143256669097,0.9816768045808635
chat_preview,photo,kodak_01,768,512,512,341,40,64,32,0,1727,7550,0.22874172185430464,3.20567,19.488649365732506,0.24736733626999804,0.6154532708742073,0.6167028197922659,0.7785910078284631
chat_preview,photo,kodak_01,768,512,512,341,40,64,32,1,2808,7550,0.3719205298013245,3.51192,20.34588771138257,0.35931598256756153,0.7402199165546296,0.7465391950873104,0.8458238429601658
chat_preview,photo,kodak_01,768,512,512,341,40,64,32,2,4554,7550,0.6031788079470198,4.53313,21.623106309851522,0.5412201395764883,0.85525913647369,0.8651699715459535,0.9089906556766417
chat_preview,photo,kodak_01,768,512,512,341,40,64,32,3,6978,7550,0.9242384105960265,3.56254,23.262966003847488,0.6855728060133012,0.9153746672746558,0.927687936161881,0.9481031576212909
chat_preview,photo,kodak_01,768,512,512,341,40,64,32,4,7550,7550,1.0,3.64871,23.58796468739023,0.6990396361908514,0.9184630142828851,0.9307461282006435,0.9519003556805556
chat_preview,photo,kodak_01,768,512,512,341,40,64,64,0,3034,17180,0.17660069848661233,3.17271,20.39206864132774,0.3617367621143092,0.7438903553747892,0.7496742684344552,0.8476097943245025
chat_preview,photo,kodak_01,768,512,512,341,40,64,64,1,6218,17180,0.3619324796274738,3.37579,21.86322871207833,0.5594793663440644,0.870500560334988,0.8768378619045393,0.9161931495814176
chat_preview,photo,kodak_01,768,512,512,341,40,64,64,2,12161,17180,0.7078579743888243,3.74667,24.462244053830776,0.7646740291495778,0.951767364888989,0.9585832911544098,0.9647073483969185
chat_preview,photo,kodak_01,768,512,512,341,40,64,64,3,17180,17180,1.0,4.33083,27.192702739671873,0.8603362766707031,0.9699380463466024,0.9767465975897647,0.9819157511044451
chat_preview,photo,kodak_01,768,512,512,341,41,64,32,0,1727,7651,0.22572212782642792,3.16875,19.488649365732506,0.24736733626999804,0.6154532708742073,0.6167028197922659,0.7785910078284631
chat_preview,photo,kodak_01,768,512,512,341,41,64,32,1,2844,7651,0.37171611554045225,3.45192,20.342623030502946,0.36073580476040146,0.7411331508608708,0.7476070421265768,0.8458557668166523
chat_preview,photo,kodak_01,768,512,512,341,41,64,32,2,4622,7651,0.6041040386877532,3.61033,21.641840353166394,0.5418610242497025,0.8561921381284859,0.8659252410571924,0.9098485450911009
chat_preview,photo,kodak_01,768,512,512,341,41,64,32,3,7062,7651,0.9230165991373677,3.79262,23.3038111874046,0.6871288912391202,0.916693475201265,0.9287809535682523,0.9488003660044922
chat_preview,photo,kodak_01,768,512,512,341,41,64,32,4,7651,7651,1.0,3.99833,23.64555919002594,0.7014568809025702,0.9199851143871824,0.9320451533586399,0.9527454480773964
chat_preview,photo,kodak_01,768,512,512,341,41,64,64,0,3034,17437,0.17399782072604233,3.276,20.39206864132774,0.3617367621143092,0.7438903553747892,0.7496742684344552,0.8476097943245025
chat_preview,photo,kodak_01,768,512,512,341,41,64,64,1,6364,17437,0.36497103859608876,3.24837,21.867912535474254,0.5617338515533968,0.8711120166152821,0.8775220365868758,0.9166127155531004
chat_preview,photo,kodak_01,768,512,512,341,41,64,64,2,12415,17437,0.7119917416986867,4.3125,24.494857362664774,0.7663943093356625,0.9526658129731901,0.9593579123873408,0.9652652519398106
chat_preview,photo,kodak_01,768,512,512,341,41,64,64,3,17437,17437,1.0,4.76987,27.30305139323071,0.8627193914021971,0.9708494432630778,0.9775297961409656,0.9823840344929939
chat_preview,photo,kodak_01,768,512,512,341,42,64,32,0,1727,7785,0.2218368657675016,3.23667,19.488649365732506,0.24736733626999804,0.6154532708742073,0.6167028197922659,0.7785910078284631
chat_preview,photo,kodak_01,768,512,512,341,42,64,32,1,2859,7785,0.3672447013487476,3.2405,20.342651647946948,0.36064394107727105,0.7410563022037026,0.7475966835676751,0.8457418756502441
chat_preview,photo,kodak_01,768,512,512,341,42,64,32,2,4637,7785,0.5956326268464996,3.37758,21.642953791707242,0.5418575409984147,0.8562345982248102,0.8659823573731564,0.9097742005228894
chat_preview,photo,kodak_01,768,512,512,341,42,64,32,3,7164,7785,0.9202312138728324,3.52808,23.32628425100718,0.6896963056571779,0.9175141613093394,0.9296047012067623,0.9494217626731962
chat_preview,photo,kodak_01,768,512,512,341,42,64,32,4,7785,7785,1.0,3.7175,23.68546400091369,0.705195074943647,0.9210855750289876,0.9331416059502214,0.9535236829577759
chat_preview,photo,kodak_01,768,512,512,341,42,64,64,0,3034,17713,0.1712866256421837,3.38683,20.39206864132774,0.3617367621143092,0.7438903553747892,0.7496742684344552,0.8476097943245025
chat_preview,photo,kodak_01,768,512,512,341,42,64,64,1,6400,17713,0.3613165471687461,3.55967,21.86966538897188,0.5617556217978487,0.8711487992092186,0.8775768770719852,0.9167409166791569
chat_preview,photo,kodak_01,768,512,512,341,42,64,64,2,12452,17713,0.7029865070851916,3.759,24.504094635172834,0.7665224510241866,0.952770858061931,0.9593806799679386,0.9654132740510599
chat_preview,photo,kodak_01,768,512,512,341,42,64,64,3,17713,17713,1.0,4.31025,27.380625520510474,0.8649787307935585,0.9713433635471822,0.9778832033302471,0.9827558761151522
chat_preview,photo,kodak_01,768,512,512,341,43,64,32,0,1727,7946,0.21734205889755853,3.52763,19.488649365732506,0.24736733626999804,0.6154532708742073,0.6167028197922659,0.7785910078284631
chat_preview,photo,kodak_01,768,512,512,341,43,64,32,1,2870,7946,0.3611880191291216,3.29075,20.341709179022747,0.36118135163122994,0.7413289772745321,0.7479066257820819,0.845680737472903
chat_preview,photo,kodak_01,768,512,512,341,43,64,32,2,4726,7946,0.594764661464888,3.43596,21.65056879125669,0.5444592955754661,0.8577918100210651,0.867314756318409,0.9107378132367572
chat_preview,photo,kodak_01,768,512,512,341,43,64,32,3,7276,7946,0.9156808457085326,3.46988,23.365453368414308,0.6921279874534733,0.9189942303654758,0.9307236378599925,0.9504022557588521
chat_preview,photo,kodak_01,768,512,512,341,43,64,32,4,7946,7946,1.0,7.06125,23.74903322621912,0.708533293415964,0.9227436329237371,0.9344342375740128,0.954721294470252
chat_preview,photo,kodak_01,768,512,512,341,43,64,64,0,3034,18029,0.16828443063952522,3.35458,20.39206864132774,0.3617367621143092,0.7438903553747892,0.7496742684344552,0.8476097943245025
chat_preview,photo,kodak_01,768,512,512,341,43,64,64,1,6432,18029,0.35675855566032505,3.6635,21.87062260591061,0.5620651433465516,0.871235457017551,0.8776521680267445,0.9167825173886228
chat_preview,photo,kodak_01,768,512,512,341,43,64,64,2,12758,18029,0.7076376948250042,4.01667,24.52145962890985,0.7692070909164839,0.9534526577004656,0.9601401361505343,0.9656922141814375
chat_preview,photo,kodak_01,768,512,512,341,43,64,64,3,18029,18029,1.0,4.47387,27.465843093955694,0.8675805778017764,0.9719527090419101,0.978552707671278,0.9830586779025535
chat_preview,photo,kodak_01,768,512,512,341,44,64,32,0,1744,8088,0.21562809099901087,3.33417,19.493354745140895,0.24784409259733411,0.6156793269126021,0.616743275684083,0.7794703129490764
chat_preview,photo,kodak_01,768,512,512,341,44,64,32,1,2889,8088,0.3571958456973294,3.29696,20.34664850318005,0.3618572068678107,0.7416858208161203,0.7480213454962543,0.8464921854790305
chat_preview,photo,kodak_01,768,512,512,341,44,64,32,2,4745,8088,0.5866716122650841,3.30371,21.654805484059718,0.545085563897895,0.8579357760728267,0.8674524791282977,0.9111061205602015
chat_preview,photo,kodak_01,768,512,512,341,44,64,32,3,7387,8088,0.9133283877349159,4.34592,23.382328660590193,0.6960686664362258,0.9200735809149866,0.9319118465237384,0.9509341882398736
chat_preview,photo,kodak_01,768,512,512,341,44,64,32,4,8088,8088,1.0,4.22833,23.785425301333788,0.7135250656738483,0.9240828198227744,0.9358659104356327,0.9554468721943895
chat_preview,photo,kodak_01,768,512,512,341,44,64,64,0,3181,18451,0.17240257980597257,3.48321,20.395749512938835,0.36166506062998066,0.7435567477146859,0.7502927369445684,0.847966853605754
chat_preview,photo,kodak_01,768,512,512,341,44,64,64,1,6583,18451,0.3567828301989052,3.28313,21.871601714894055,0.5621918611524547,0.8710332285719837,0.8779167019470083,0.9168148398712618
chat_preview,photo,kodak_01,768,512,512,341,44,64,64,2,12909,18451,0.6996368760500786,3.86933,24.52081373532949,0.7694412880268015,0.9533677300831725,0.9601921065500479,0.9657746244014107
chat_preview,photo,kodak_01,768,512,512,341,44,64,64,3,18451,18451,1.0,5.30304,27.514531540395804,0.8699244866544998,0.9721529708602384,0.9789805207128528,0.9831142015766517
chat_preview,photo,kodak_01,768,512,512,341,45,64,32,0,1744,8176,0.21330724070450097,3.17479,19.493354745140895,0.24784409259733411,0.6156793269126021,0.616743275684083,0.7794703129490764
chat_preview,photo,kodak_01,768,512,512,341,45,64,32,1,2889,8176,0.3533512720156556,3.31675,20.346671484643295,0.36186439583784374,0.7416916810447322,0.7480249088163923,0.8464926620240918
chat_preview,photo,kodak_01,768,512,512,341,45,64,32,2,4757,8176,0.5818248532289628,3.39029,21.65915350367404,0.5450421722063478,0.858194579272439,0.8674624107401513,0.9112701580565857
chat_preview,photo,kodak_01,768,512,512,341,45,64,32,3,7421,8176,0.9076565557729941,3.59333,23.4135890345501,0.696734427572059,0.9208378198372068,0.932253901511789,0.951431005409405
chat_preview,photo,kodak_01,768,512,512,341,45,64,32,4,8176,8176,1.0,4.02596,23.852212976917397,0.7158095295461102,0.9252137475759147,0.9365847440137309,0.9563084053236629
chat_preview,photo,kodak_01,768,512,512,341,45,64,64,0,3181,18468,0.1722438813082088,3.30563,20.395749512938835,0.36166506062998066,0.7435567477146859,0.7502927369445684,0.847966853605754
chat_preview,photo,kodak_01,768,512,512,341,45,64,64,1,6583,18468,0.35645440762399827,3.29646,21.871601714894055,0.5621918611524547,0.8710332285719837,0.8779167019470083,0.9168148398712618
chat_preview,photo,kodak_01,768,512,512,341,45,64,64,2,12913,18468,0.6992094433614902,4.10292,24.52534948023136,0.769500866834104,0.9534325488645646,0.9602433876720672,0.9658087919899235
chat_preview,photo,kodak_01,768,512,512,341,45,64,64,3,18468,18468,1.0,4.91067,27.577461436671964,0.8706605984298862,0.9723050063793947,0.9790889860780678,0.9832965268159034
chat_preview,photo,kodak_01,768,512,512,341,46,64,32,0,1744,8344,0.20901246404602108,3.697,19.493354745140895,0.24784409259733411,0.6156793269126021,0.616743275684083,0.7794703129490764
chat_preview,photo,kodak_01,768,512,512,341,46,64,32,1,2889,8344,0.3462368168744008,3.45004,20.346671484643295,0.36186439583784374,0.7416916810447322,0.7480249088163923,0.8464926620240918
chat_preview,photo,kodak_01,768,512,512,341,46,64,32,2,4781,8344,0.572986577181208,4.37917,21.67313299441609,0.5452248641077356,0.8585346218084441,0.8675010914491207,0.9116445787724736
chat_preview,photo,kodak_01,768,512,512,341,46,64,32,3,7556,8344,0.9055608820709492,4.19454,23.45288824915443,0.7003730947808435,0.9222533863242489,0.9334019394500164,0.9520973966693477
chat_preview,photo,kodak_01,768,512,512,341,46,64,32,4,8344,8344,1.0,4.49925,23.912011237145755,0.720661588378773,0.9268982253645945,0.9379964503601282,0.9571687514181408
chat_preview,photo,kodak_01,768,512,512,341,46,64,64,0,3181,18861,0.16865489634695932,3.20446,20.395749512938835,0.36166506062998066,0.7435567477146859,0.7502927369445684,0.847966853605754
chat_preview,photo,kodak_01,768,512,512,341,46,64,64,1,6583,18861,0.34902709294311013,4.395,21.871601714894055,0.5621918611524547,0.8710332285719837,0.8779167019470083,0.9168148398712618
chat_preview,photo,kodak_01,768,512,512,341,46,64,64,2,13027,18861,0.6906844812046021,3.83396,24.54766999711937,0.7701073170442182,0.953728554392257,0.9604484301080979,0.9659722204228296
chat_preview,photo,kodak_01,768,512,512,341,46,64,64,3,18861,18861,1.0,4.44121,27.683234924721447,0.8735907031049089,0.9730057128348383,0.9796868371093244,0.9837135340755885
chat_preview,photo,kodak_01,768,512,512,341,47,64,32,0,1823,8566,0.2128181181414896,3.82879,19.486746786982536,0.24794811966074382,0.6161131730042957,0.617250025700518,0.7794419187959417
chat_preview,photo,kodak_01,768,512,512,341,47,64,32,1,3026,8566,0.3532570628064441,3.32425,20.353151042652794,0.3607941577041593,0.7412720286961197,0.7476831382397411,0.846674913481479
chat_preview,photo,kodak_01,768,512,512,341,47,64,32,2,4940,8566,0.576698575764651,3.48908,21.678452839337183,0.5451687935551705,0.8589604144469455,0.8677789037848119,0.911838339438003
chat_preview,photo,kodak_01,768,512,512,341,47,64,32,3,7739,8566,0.9034555218304926,3.64258,23.490121636848215,0.7010272829338545,0.9235883921704356,0.9343839162296379,0.9527505276880077
chat_preview,photo,kodak_01,768,512,512,341,47,64,32,4,8566,8566,1.0,3.80196,23.96888111133974,0.7226116661689769,0.9284678720982237,0.9392130840492388,0.9580133666285874
chat_preview,photo,kodak_01,768,512,512,341,47,64,64,0,3293,19119,0.17223704168628065,3.39342,20.390150696189373,0.36178136973726044,0.7439665225615105,0.7506229622357042,0.8481438766107241
chat_preview,photo,kodak_01,768,512,512,341,47,64,64,1,6826,19119,0.35702704116324074,3.51083,21.876118533555303,0.5611104501217118,0.8711933121378754,0.8779100333123838,0.9169604903643263
chat_preview,photo,kodak_01,768,512,512,341,47,64,64,2,13277,19119,0.6944400857785449,4.29375,24.561537389617424,0.7704637394684136,0.9542959596618968,0.9607898110051475,0.9662181832580791
chat_preview,photo,kodak_01,768,512,512,341,47,64,64,3,19119,19119,1.0,4.36437,27.773933610345072,0.8750338479415946,0.9738698823570501,0.9802588229799353,0.984208251689181
chat_preview,photo,kodak_01,768,512,512,341,48,64,32,0,1823,8742,0.20853351635781286,3.19137,19.486746786982536,0.24794811966074382,0.6161131730042957,0.617250025700518,0.7794419187959417
chat_preview,photo,kodak_01,768,512,512,341,48,64,32,1,3026,8742,0.3461450469000229,3.27221,20.353163200675297,0.36079471334083585,0.7412743358986504,0.7476857813344638,0.8466764334045314
chat_preview,photo,kodak_01,768,512,512,341,48,64,32,2,4994,8742,0.5712651567147106,3.445,21.688472393929157,0.5474465615681336,0.8604278303964917,0.8691852275161173,0.911999139548788
chat_preview,photo,kodak_01,768,512,512,341,48,64,32,3,7869,8742,0.9001372683596431,3.76296,23.537068089034754,0.70568118145904,0.9255016399688225,0.9362922014310036,0.9535198834821745
chat_preview,photo,kodak_01,768,512,512,341,48,64,32,4,8742,8742,1.0,3.93017,24.04662311509462,0.7286925261201667,0.9305412559137692,0.9412969299361834,0.9589773545496321
chat_preview,photo,kodak_01,768,512,512,341,48,64,64,0,3293,19644,0.1676338831195276,3.40325,20.390150696189373,0.36178136973726044,0.7439665225615105,0.7506229622357042,0.8481438766107241
chat_preview,photo,kodak_01,768,512,512,341,48,64,64,1,6826,19644,0.3474852372225616,3.52179,21.876118533555303,0.5611104501217118,0.8711933121378754,0.8779100333123838,0.9169604903643263
chat_preview,photo,kodak_01,768,512,512,341,48,64,64,2,13499,19644,0.6871818366931378,3.56492,24.584140752138172,0.7726149110373582,0.9550189699767114,0.9615553377020061,0.96664401609813
chat_preview,photo,kodak_01,768,512,512,341,48,64,64,3,19644,19644,1.0,4.33396,27.865893192917802,0.8786737933901594,0.9744105867037054,0.9809102483486886,0.984472730208398
chat_preview,photo,kodak_01,768,512,512,341,49,64,32,0,1842,8884,0.20733903647005852,3.58758,19.485194424076994,0.2475252556451565,0.6157427851886806,0.6175000403953417,0.7790496294024203
chat_preview,photo,kodak_01,768,512,512,341,49,64,32,1,3048,8884,0.3430886987843314,3.23346,20.35413888574205,0.3603880764783152,0.7408835550179039,0.7477603558359943,0.8464095049396334
chat_preview,photo,kodak_01,768,512,512,341,49,64,32,2,5048,8884,0.5682125168842863,3.65312,21.694715061264024,0.5475049348044418,0.8602818950022999,0.8691863289027711,0.9121077514265075
chat_preview,photo,kodak_01,768,512,512,341,49,64,32,3,7965,8884,0.8965556055830707,4.61833,23.57138032541531,0.7065067166604746,0.9260932579105524,0.9367925970069689,0.9540878365036781
chat_preview,photo,kodak_01,768,512,512,341,49,64,32,4,8884,8884,1.0,4.06796,24.113166745303374,0.7312441518355088,0.9314087055210747,0.9420628515427392,0.9597861230773881
chat_preview,photo,kodak_01,768,512,512,341,49,64,64,0,3432,19886,0.1725837272452982,3.18379,20.389864354494982,0.36158567215429677,0.7439253425353959,0.7507736870962303,0.848190062104744
chat_preview,photo,kodak_01,768,512,512,341,49,64,64,1,6981,19886,0.3510509906466861,3.28992,21.876627705157233,0.5611195030347813,0.8712120522281407,0.8780222379826954,0.9170969660397815
chat_preview,photo,kodak_01,768,512,512,341,49,64,64,2,13719,19886,0.6898823292768782,3.8345,24.59868935376379,0.7732810873081833,0.9552922262037105,0.9617430208182765,0.9668998580042732
chat_preview,photo,kodak_01,768,512,512,341,49,64,64,3,19886,19886,1.0,4.57287,27.957206064265996,0.8799860561406478,0.9748619121268355,0.9811777408323953,0.9849223974708655
chat_preview,photo,kodak_01,768,512,512,341,50,64,32,0,1842,9033,0.2039189637994022,3.13846,19.485194424076994,0.2475252556451565,0.6157427851886806,0.6175000403953417,0.7790496294024203
chat_preview,photo,kodak_01,768,512,512,341,50,64,32,1,3057,9033,0.3384257721687147,3.36854,20.354860000483797,0.3607380646439396,0.7411046969965414,0.7480154580917207,0.8464912806176106
chat_preview,photo,kodak_01,768,512,512,341,50,64,32,2,5059,9033,0.5600575666998783,3.33883,21.696219029086844,0.547760663347897,0.8604455227288672,0.8693538138392269,0.912131458831318
chat_preview,photo,kodak_01,768,512,512,341,50,64,32,3,8059,9033,0.892173142920403,3.60196,23.59322913246466,0.70895226623903,0.9266301641195883,0.9373484284948995,0.954361049231041
chat_preview,photo,kodak_01,768,512,512,341,50,64,32,4,9033,9033,1.0,4.74654,24.16628729169642,0.7351679849738191,0.9323429620673854,0.9429857836263599,0.960349821971891
chat_preview,photo,kodak_01,768,512,512,341,50,64,64,0,3432,20283,0.1692057387960361,3.43346,20.389864354494982,0.36158567215429677,0.7439253425353959,0.7507736870962303,0.848190062104744
chat_preview,photo,kodak_01,768,512,512,341,50,64,64,1,7019,20283,0.34605334516590247,3.88462,21.877964677688766,0.5615035466875281,0.8713952625104051,0.8781993921023915,0.9171593175734664
chat_preview,photo,kodak_01,768,512,512,341,50,64,64,2,13763,20283,0.6785485381846866,4.04883,24.60430764296436,0.7735310534798622,0.9553742798965877,0.9618211762684974,0.9669679571451638
chat_preview,photo,kodak_01,768,512,512,341,50,64,64,3,20283,20283,1.0,4.56637,28.02315589444333,0.8824256357075043,0.9751865824435355,0.9815216779315721,0.9851443345847858
chat_preview,photo,kodak_01,768,512,512,341,51,64,32,0,1842,9141,0.20150968165408598,3.40021,19.485194424076994,0.2475252556451565,0.6157427851886806,0.6175000403953417,0.7790496294024203
chat_preview,photo,kodak_01,768,512,512,341,51,64,32,1,3078,9141,0.3367246471939613,3.29283,20.358300873097722,0.3609591529780484,0.7412092202624839,0.748103177974804,0.8466140715183522
chat_preview,photo,kodak_01,768,512,512,341,51,64,32,2,5102,9141,0.5581446231265725,3.44692,21.709587252995227,0.5471102605926584,0.8604799460431166,0.8691345636267032,0.912342590612521
chat_preview,photo,kodak_01,768,512,512,341,51,64,32,3,8128,9141,0.8891806148123838,3.709,23.62868216459601,0.709396808603474,0.9272853838575948,0.9376485340752063,0.9547260864739818
chat_preview,photo,kodak_01,768,512,512,341,51,64,32,4,9141,9141,1.0,4.25183,24.232621829831093,0.7372901463449848,0.9334365119485709,0.9437215477599734,0.9609998950580854
chat_preview,photo,kodak_01,768,512,512,341,51,64,64,0,3432,20429,0.16799647559841402,3.18371,20.389864354494982,0.36158567215429677,0.7439253425353959,0.7507736870962303,0.848190062104744
chat_preview,photo,kodak_01,768,512,512,341,51,64,64,1,7065,20429,0.3458319056243575,3.43021,21.87912638282082,0.561721607562876,0.8715174172071305,0.8782864371727557,0.9172274091226131
chat_preview,photo,kodak_01,768,512,512,341,51,64,64,2,13894,20429,0.6801116060502227,3.88621,24.625700960070557,0.7737997228675386,0.9557645763207206,0.9619647849508713,0.9673995982417793
chat_preview,photo,kodak_01,768,512,512,341,51,64,64,3,20429,20429,1.0,4.76279,28.140489130976285,0.8841908031643717,0.9759190996180571,0.9819478495183861,0.9855629496053931
chat_preview,photo,kodak_01,768,512,512,341,52,64,32,0,1842,9334,0.19734304692521962,3.68863,19.485194424076994,0.2475252556451565,0.6157427851886806,0.6175000403953417,0.7790496294024203
chat_preview,photo,kodak_01,768,512,512,341,52,64,32,1,3080,9334,0.3299764302549818,3.22821,20.35848807499468,0.36097152762811585,0.7412318724726944,0.7481076390504999,0.8466253729256326
chat_preview,photo,kodak_01,768,512,512,341,52,64,32,2,5118,9334,0.5483179772873367,3.28287,21.71035407787601,0.5473499566941645,0.8605828701382109,0.8692140210874413,0.9123515430458976
chat_preview,photo,kodak_01,768,512,512,341,52,64,32,3,8275,9334,0.886543818298693,3.62162,23.643842300216555,0.7118258680698973,0.9276619780316301,0.9381361939967754,0.9548219589002265
chat_preview,photo,kodak_01,768,512,512,341,52,64,32,4,9334,9334,1.0,3.96546,24.271604672766493,0.7407393743225829,0.9341294336593333,0.944504479911753,0.9613072136534688
chat_preview,photo,kodak_01,768,512,512,341,52,64,64,0,3432,20869,0.16445445397479516,3.53533,20.389864354494982,0.36158567215429677,0.7439253425353959,0.7507736870962303,0.848190062104744
chat_preview,photo,kodak_01,768,512,512,341,52,64,64,1,7068,20869,0.3386841726963439,3.736,21.879147177762253,0.5617236378826248,0.87152118925908,0.8782863491716674,0.9172289525108756
chat_preview,photo,kodak_01,768,512,512,341,52,64,64,2,13956,20869,0.668743111792611,4.21921,24.63038460085016,0.7742627886998057,0.9558729292785765,0.9620603113303083,0.9674432432227316
chat_preview,photo,kodak_01,768,512,512,341,52,64,64,3,20869,20869,1.0,4.70629,28.219413980906403,0.886817016980253,0.9763276536444788,0.9823876101658041,0.9858108387193825
chat_preview,photo,kodak_01,768,512,512,341,53,64,32,0,1842,9544,0.19300083822296732,3.51929,19.485194424076994,0.2475252556451565,0.6157427851886806,0.6175000403953417,0.7790496294024203
chat_preview,photo,kodak_01,768,512,512,341,53,64,32,1,3135,9544,0.32847862531433364,3.36771,20.35759281107768,0.3618475288602281,0.7421221456855521,0.7488116405446531,0.8473778731865982
chat_preview,photo,kodak_01,768,512,512,341,53,64,32,2,5189,9544,0.5436923721709975,3.43167,21.708690388650478,0.5481213477606154,0.8613866043397406,0.8698901539280025,0.9127763795453415
chat_preview,photo,kodak_01,768,512,512,341,53,64,32,3,8379,9544,0.8779337803855826,3.51146,23.668125784038075,0.713121111118885,0.9286601535819833,0.9388783634178139,0.9554485761495941
chat_preview,photo,kodak_01,768,512,512,341,53,64,32,4,9544,9544,1.0,3.96254,24.354073972226406,0.7456291306678917,0.9358582437521967,0.9459540096008379,0.9624133215014048
chat_preview,photo,kodak_01,768,512,512,341,53,64,64,0,3432,21112,0.1625615763546798,3.17271,20.389864354494982,0.36158567215429677,0.7439253425353959,0.7507736870962303,0.848190062104744
chat_preview,photo,kodak_01,768,512,512,341,53,64,64,1,7262,21112,0.34397499052671465,3.27254,21.872724723915166,0.5628430687196732,0.8720618041191358,0.8788550545155791,0.9173690399817083
chat_preview,photo,kodak_01,768,512,512,341,53,64,64,2,14164,21112,0.6708980674497916,3.96908,24.63401441760253,0.7751432555865533,0.9563145806526022,0.9625138027828497,0.9676577009699961
chat_preview,photo,kodak_01,768,512,512,341,53,64,64,3,21112,21112,1.0,4.70625,28.287833316984752,0.8883111533677489,0.9768009302046897,0.9828437188062076,0.9860954331951306
chat_preview,photo,kodak_01,768,512,512,341,54,64,32,0,1870,9715,0.19248584662892435,3.32462,19.48877506187813,0.247555475160395,0.6157988547552197,0.6178670454342746,0.7798775238106674
chat_preview,photo,kodak_01,768,512,512,341,54,64,32,1,3163,9715,0.3255790015440041,3.74396,20.358980449796498,0.3621451104986099,0.7424893296361746,0.7490038644068605,0.8479831924834147
chat_preview,photo,kodak_01,768,512,512,341,54,64,32,2,5281,9715,0.5435923829130211,3.26713,21.70886919106419,0.5505412847707286,0.862822669414836,0.8710526225493315,0.9130334372790071
chat_preview,photo,kodak_01,768,512,512,341,54,64,32,3,8495,9715,0.8744209984559959,3.64421,23.67221902588449,0.7150543605845147,0.9297698193848488,0.9396874965276173,0.9558230550327279
chat_preview,photo,kodak_01,768,512,512,341,54,64,32,4,9715,9715,1.0,3.86375,24.39229218230348,0.7486827964385859,0.9371532452742097,0.9469400837873337,0.9630542241185382
chat_preview,photo,kodak_01,768,512,512,341,54,64,64,0,3467,21407,0.1619563694118746,3.20092,20.394250798818533,0.3619713991546674,0.7440893170545282,0.7515449740307484,0.8487080201812717
chat_preview,photo,kodak_01,768,512,512,341,54,64,64,1,7301,21407,0.34105666370813287,3.33292,21.878622499546495,0.5632472104728454,0.8722066963858808,0.8791988203008368,0.9176773210043354
chat_preview,photo,kodak_01,768,512,512,341,54,64,64,2,14432,21407,0.6741719998131452,7.62737,24.647989752289607,0.7767597444541178,0.9571782499636097,0.9632261973546363,0.9682498394143867
chat_preview,photo,kodak_01,768,512,512,341,54,64,64,3,21407,21407,1.0,12.4692,28.306240571377487,0.8897457743625615,0.977357548385998,0.9832288742616323,0.9861774548515796
chat_preview,photo,kodak_01,768,512,512,341,55,64,32,0,1870,9946,0.18801528252563846,3.58567,19.48877506187813,0.247555475160395,0.6157988547552197,0.6178670454342746,0.7798775238106674
chat_preview,photo,kodak_01,768,512,512,341,55,64,32,1,3169,9946,0.3186205509752664,3.68321,20.359125740943878,0.36217793618606947,0.7425351260975109,0.7490093029624117,0.848004914924151
chat_preview,photo,kodak_01,768,512,512,341,55,64,32,2,5314,9946,0.5342851397546753,4.00829,21.712477825499285,0.551137036800437,0.8631700877225458,0.8711877337795045,0.9132099687186975
chat_preview,photo,kodak_01,768,512,512,341,55,64,32,3,8654,9946,0.8700985320731952,3.78292,23.694097252831504,0.7183117029609796,0.9306030615424413,0.9404267963249588,0.9561414576055812
chat_preview,photo,kodak_01,768,512,512,341,55,64,32,4,9946,9946,1.0,4.11479,24.451016566627608,0.753646544564949,0.938364770288508,0.9480740506450678,0.9636417898425113
chat_preview,photo,kodak_01,768,512,512,341,55,64,64,0,3467,21929,0.15810114460303706,3.38871,20.394250798818533,0.3619713991546674,0.7440893170545282,0.7515449740307484,0.8487080201812717
chat_preview,photo,kodak_01,768,512,512,341,55,64,64,1,7309,21929,0.33330293219025037,3.87571,21.878679708719737,0.563254874200079,0.8722109510866335,0.8792004808971576,0.9176800306192436
chat_preview,photo,kodak_01,768,512,512,341,55,64,64,2,14510,21929,0.661680879201058,3.95508,24.654671854018364,0.7772536877482882,0.9573100185025282,0.9633295627404803,0.9683159996167495
chat_preview,photo,kodak_01,768,512,512,341,55,64,64,3,21929,21929,1.0,5.29362,28.382862105207487,0.8922380156356172,0.9777811471800026,0.9836148071864533,0.9864625837609721
chat_preview,photo,kodak_01,768,512,512,341,56,64,32,0,1870,10116,0.1848556741795176,3.34304,19.48877506187813,0.247555475160395,0.6157988547552197,0.6178670454342746,0.7798775238106674
chat_preview,photo,kodak_01,768,512,512,341,56,64,32,1,3197,10116,0.31603400553578487,3.13479,20.360683819634858,0.36226339730345214,0.7426474990496694,0.74899423637487,0.8480411471910105
chat_preview,photo,kodak_01,768,512,512,341,56,64,32,2,5363,10116,0.5301502570185844,3.35708,21.729938579114545,0.5504041912036749,0.8634819618426501,0.8712879483810066,0.9134002329978216
chat_preview,photo,kodak_01,768,512,512,341,56,64,32,3,8742,10116,0.8641755634638197,3.58979,23.744170711393306,0.7188922949139381,0.9315385776964834,0.9410384250957378,0.956603534542517
chat_preview,photo,kodak_01,768,512,512,341,56,64,32,4,10116,10116,1.0,3.94146,24.55217962372351,0.7566298589546064,0.9398735503262231,0.9492688370676716,0.9645219935799066
chat_preview,photo,kodak_01,768,512,512,341,56,64,64,0,3467,22120,0.1567359855334539,3.42692,20.394250798818533,0.3619713991546674,0.7440893170545282,0.7515449740307484,0.8487080201812717
chat_preview,photo,kodak_01,768,512,512,341,56,64,64,1,7375,22120,0.33340867992766726,4.18808,21.876865006352403,0.563264248911505,0.8721545081181007,0.8792527743885749,0.9174969151773997
chat_preview,photo,kodak_01,768,512,512,341,56,64,64,2,14656,22120,0.6625678119349006,3.77854,24.681823648474097,0.7775169115653284,0.9576464933442143,0.9635045603501712,0.9684627738576745
chat_preview,photo,kodak_01,768,512,512,341,56,64,64,3,22120,22120,1.0,5.46833,28.533824963182685,0.894100152763984,0.9784292287552997,0.9840427079315072,0.9869364813621831
chat_preview,photo,kodak_01,768,512,512,341,57,64,32,0,1910,10505,0.18181818181818182,3.39275,19.48877506187813,0.247555475160395,0.6157988547552197,0.6178670454342746,0.7798775238106674
chat_preview,photo,kodak_01,768,512,512,341,57,64,32,1,3251,10505,0.3094716801523084,3.48454,20.36087415879684,0.3625628905623275,0.7430228986947739,0.7493589833277037,0.8480130579753493
chat_preview,photo,kodak_01,768,512,512,341,57,64,32,2,5466,10505,0.5203236554021894,3.67429,21.734845293363264,0.5507690521079751,0.8637285550228828,0.8715319662430643,0.9135062509695003
chat_preview,photo,kodak_01,768,512,512,341,57,64,32,3,8945,10505,0.8514992860542598,3.54896,23.77082149603076,0.7222072346230765,0.9326361038538736,0.9421070546437501,0.9569145873458486
chat_preview,photo,kodak_01,768,512,512,341,57,64,32,4,10505,10505,1.0,3.97871,24.635952811938818,0.7618410795974707,0.9414505676781575,0.9507677487916552,0.9652547488465877
chat_preview,photo,kodak_01,768,512,512,341,57,64,64,0,3467,22637,0.15315633697044662,3.21779,20.394250798818533,0.3619713991546674,0.7440893170545282,0.7515449740307484,0.8487080201812717
chat_preview,photo,kodak_01,768,512,512,341,57,64,64,1,7420,22637,0.32778194990502274,3.38013,21.877593256234036,0.5634038718529268,0.8721736095097815,0.8792836323115377,0.9175217109134036
chat_preview,photo,kodak_01,768,512,512,341,57,64,64,2,14768,22637,0.6523832663338781,4.249,24.68545048626979,0.777976784729033,0.9577606152277527,0.9636165345257861,0.9685041775046838
chat_preview,photo,kodak_01,768,512,512,341,57,64,64,3,22637,22637,1.0,4.27083,28.610385563486172,0.8965349068092158,0.9788026134122222,0.9844498890226419,0.9871553546775506
chat_preview,photo,kodak_01,768,512,512,341,58,64,32,0,1910,10610,0.18001885014137606,3.18737,19.48877506187813,0.247555475160395,0.6157988547552197,0.6178670454342746,0.7798775238106674
chat_preview,photo,kodak_01,768,512,512,341,58,64,32,1,3251,10610,0.3064090480678605,3.42171,20.36087415879684,0.3625628905623275,0.7430228986947739,0.7493589833277037,0.8480130579753493
chat_preview,photo,kodak_01,768,512,512,341,58,64,32,2,5466,10610,0.5151743638077285,3.79229,21.735215561690467,0.55082265007585,0.8637574726690005,0.8715387819544828,0.913510709581821
chat_preview,photo,kodak_01,768,512,512,341,58,64,32,3,8984,10610,0.8467483506126295,3.76537,23.789855137528562,0.722716479481166,0.9331007003679529,0.9424578424867363,0.9571730304934792
chat_preview,photo,kodak_01,768,512,512,341,58,64,32,4,10610,10610,1.0,4.37171,24.69611266988567,0.764119056528303,0.9422930937226693,0.9515035815162536,0.9658226916919498
chat_preview,photo,kodak_01,768,512,512,341,58,64,64,0,3467,22677,0.15288618423953787,3.20063,20.394250798818533,0.3619713991546674,0.7440893170545282,0.7515449740307484,0.8487080201812717
chat_preview,photo,kodak_01,768,512,512,341,58,64,64,1,7420,22677,0.32720377474974643,3.57383,21.877593256234036,0.5634038718529268,0.8721736095097815,0.8792836323115377,0.9175217109134036
chat_preview,photo,kodak_01,768,512,512,341,58,64,64,2,14768,22677,0.6512325263482824,3.7025,24.685702497936134,0.777980955897141,0.9577616323751407,0.9636173159133073,0.9685060573487168
chat_preview,photo,kodak_01,768,512,512,341,58,64,64,3,22677,22677,1.0,4.47817,28.681784771222766,0.8973656833761896,0.9789580411111766,0.9845671053956665,0.9873338732152349
chat_preview,photo,kodak_01,768,512,512,341,59,64,32,0,1952,10981,0.1777615881977962,3.96454,19.50186062233809,0.24769359715729314,0.6157068981681645,0.6172768018482894,0.7795276701584588
chat_preview,photo,kodak_01,768,512,512,341,59,64,32,1,3329,10981,0.3031600036426555,3.63342,20.379348753222764,0.36186035351347784,0.7428307071936954,0.7484988947947576,0.8476105694445155
chat_preview,photo,kodak_01,768,512,512,341,59,64,32,2,5634,10981,0.5130680265913852,4.02129,21.765067189957374,0.5534262930008785,0.8655581617168154,0.8728097863242585,0.9134383601158397
chat_preview,photo,kodak_01,768,512,512,341,59,64,32,3,9286,10981,0.8456424733630817,3.53592,23.862379341693174,0.7270056820611241,0.9352556399329655,0.9440826558944889,0.957964832558851
chat_preview,photo,kodak_01,768,512,512,341,59,64,32,4,10981,10981,1.0,4.09354,24.815886960948504,0.7699194375490572,0.9446416219482033,0.9533891463324411,0.96675448674285
chat_preview,photo,kodak_01,768,512,512,341,59,64,64,0,3666,23764,0.15426695842450766,3.26212,20.41004937074975,0.3625152126838102,0.7444539678148775,0.751150243400566,0.8487693401745787
chat_preview,photo,kodak_01,768,512,512,341,59,64,64,1,7745,23764,0.3259131459350278,3.68104,21.91119414482344,0.5637782807698393,0.872824380221391,0.8792147407053589,0.9179860837296041
chat_preview,photo,kodak_01,768,512,512,341,59,64,64,2,15374,23764,0.6469449587611513,4.01975,24.7519823531149,0.7807182303288881,0.9590881254537634,0.9644761828079627,0.9690726765639576
chat_preview,photo,kodak_01,768,512,512,341,59,64,64,3,23764,23764,1.0,4.65975,28.924881263533884,0.9019655003573047,0.9804763442133649,0.9856356836488267,0.9882654365511696
chat_preview,photo,kodak_01,768,512,512,341,60,64,32,0,1952,11151,0.17505156488207335,3.45412,19.50186062233809,0.24769359715729314,0.6157068981681645,0.6172768018482894,0.7795276701584588
chat_preview,photo,kodak_01,768,512,512,341,60,64,32,1,3338,11151,0.29934535019280784,3.23908,20.379361193537612,0.3616437483024499,0.7425481543591662,0.7481949579734873,0.8475500529971636
chat_preview,photo,kodak_01,768,512,512,341,60,64,32,2,5659,11151,0.5074881176576092,5.48458,21.764613275586363,0.5533658316013392,0.8654249267619609,0.8726201643765369,0.9133974376982672
chat_preview,photo,kodak_01,768,512,512,341,60,64,32,3,9358,11151,0.839207245986907,3.60075,23.890682584356245,0.7280711201710051,0.9359416274276035,0.9446266735399717,0.9582720269825622
chat_preview,photo,kodak_01,768,512,512,341,60,64,32,4,11151,11151,1.0,4.07417,24.89440107321795,0.7732688461927498,0.945828052677356,0.954435531651551,0.9673934388831668
chat_preview,photo,kodak_01,768,512,512,341,60,64,64,0,3666,23908,0.15333779488037477,3.63783,20.41004937074975,0.3625152126838102,0.7444539678148775,0.751150243400566,0.8487693401745787
chat_preview,photo,kodak_01,768,512,512,341,60,64,64,1,7768,23908,0.32491216329262174,3.92392,21.91208852981594,0.5636135061273759,0.8727996622822075,0.8791713451955444,0.9180194583887018
chat_preview,photo,kodak_01,768,512,512,341,60,64,64,2,15466,23908,0.6468964363393006,4.99771,24.758444509338112,0.7812087031596139,0.9592165954708346,0.9645828606097852,0.9691231028683946
chat_preview,photo,kodak_01,768,512,512,341,60,64,64,3,23908,23908,1.0,4.78075,29.026329006906032,0.9033439179554827,0.9808153538266636,0.9859182385998877,0.9884944365376689
chat_preview,photo,kodak_01,768,512,512,341,61,64,32,0,1952,11583,0.16852283518950187,7.75412,19.50186062233809,0.24769359715729314,0.6157068981681645,0.6172768018482894,0.7795276701584588
chat_preview,photo,kodak_01,768,512,512,341,61,64,32,1,3368,11583,0.2907709574376241,4.71779,20.382035394092387,0.3616582888377131,0.7424790117799294,0.7483472868990718,0.8475612722286157
chat_preview,photo,kodak_01,768,512,512,341,61,64,32,2,5743,11583,0.4958128291461625,3.881,21.778067342772154,0.5535820759421247,0.8657125586377358,0.8729132571737047,0.9136682268048855
chat_preview,photo,kodak_01,768,512,512,341,61,64,32,3,9614,11583,0.8300094966761633,4.16892,23.933796967567375,0.7314062327090928,0.9372653947848625,0.9457620262451172,0.958729591052296
chat_preview,photo,kodak_01,768,512,512,341,61,64,32,4,11583,11583,1.0,6.30863,25.01607222997821,0.7800798970764671,0.9477516793522737,0.956185499186406,0.9683284089775168
chat_preview,photo,kodak_01,768,512,512,341,61,64,64,0,3666,24565,0.1492367189090169,5.21783,20.41004937074975,0.3625152126838102,0.7444539678148775,0.751150243400566,0.8487693401745787
chat_preview,photo,kodak_01,768,512,512,341,61,64,64,1,7820,24565,0.31833910034602075,3.43063,21.91350211881394,0.5636424300026065,0.8728127607494379,0.8792167760749143,0.9180664341950394
chat_preview,photo,kodak_01,768,512,512,341,61,64,64,2,15617,24565,0.6357419092204356,4.1685,24.77721744851436,0.7814850571657317,0.9594263945702552,0.9646291552943325,0.9692305694998928
chat_preview,photo,kodak_01,768,512,512,341,61,64,64,3,24565,24565,1.0,5.11008,29.1646042886701,0.9064344268899859,0.981526580302427,0.9864643640520494,0.9889130687340112
chat_preview,photo,kodak_01,768,512,512,341,62,64,32,0,1952,11636,0.16775524235132347,3.27179,19.50186062233809,0.24769359715729314,0.6157068981681645,0.6172768018482894,0.7795276701584588
chat_preview,photo,kodak_01,768,512,512,341,62,64,32,1,3368,11636,0.28944654520453766,3.32892,20.382035394092387,0.3616582888377131,0.7424790117799294,0.7483472868990718,0.8475612722286157
chat_preview,photo,kodak_01,768,512,512,341,62,64,32,2,5744,11636,0.4936404262633207,4.55675,21.77984488940185,0.5534821159126988,0.8657459611092753,0.8728928421293338,0.9136943573212785
chat_preview,photo,kodak_01,768,512,512,341,62,64,32,3,9667,11636,0.8307837744929529,5.78217,23.958096056730266,0.7320255945905215,0.9377452229407108,0.9461226563231759,0.9590132993412888
chat_preview,photo,kodak_01,768,512,512,341,62,64,32,4,11636,11636,1.0,4.34858,25.082494414075505,0.7812567958814305,0.9484035551265425,0.9567141482130779,0.9687922000595365
chat_preview,photo,kodak_01,768,512,512,341,62,64,64,0,3666,24645,0.1487522824102252,3.24921,20.41004937074975,0.3625152126838102,0.7444539678148775,0.751150243400566,0.8487693401745787
chat_preview,photo,kodak_01,768,512,512,341,62,64,64,1,7820,24645,0.3173057415297221,3.59546,21.91350211881394,0.5636424300026065,0.8728127607494379,0.8792167760749143,0.9180664341950394
chat_preview,photo,kodak_01,768,512,512,341,62,64,64,2,15628,24645,0.6341245688780686,4.39571,24.78103724207131,0.781499059756969,0.9594689438605051,0.9646586695883232,0.9692577409118559
chat_preview,photo,kodak_01,768,512,512,341,62,64,64,3,24645,24645,1.0,5.03325,29.26421499378105,0.907537672016427,0.9817255617314623,0.9866238833572395,0.9891139273350174
chat_preview,photo,kodak_01,768,512,512,341,63,64,32,0,2010,12113,0.16593742260381408,3.24317,19.501127312239404,0.2479203924267651,0.6158307077519359,0.6171647476644389,0.7791496264977539
chat_preview,photo,kodak_01,768,512,512,341,63,64,32,1,3458,12113,0.28547841162387516,3.44996,20.38302512248253,0.3621269245809012,0.7432051829197769,0.7486116287482532,0.8476026474817691
chat_preview,photo,kodak_01,768,512,512,341,63,64,32,2,5865,12113,0.48419053909023363,3.50012,21.783694264469755,0.5539550727297976,0.866214517641982,0.8730901407816692,0.9138225342053455
chat_preview,photo,kodak_01,768,512,512,341,63,64,32,3,9936,12113,0.82027573681169,3.52379,23.983470989498954,0.7349457657719349,0.9389332815964391,0.947067632467149,0.9594918907651029
chat_preview,photo,kodak_01,768,512,512,341,63,64,32,4,12113,12113,1.0,4.08688,25.176853993917913,0.787751744605278,0.9501652020866437,0.9582938917427933,0.9697175111937725
chat_preview,photo,kodak_01,768,512,512,341,63,64,64,0,3755,25347,0.14814376454807274,3.89483,20.40873014945074,0.36291725790236345,0.7448069082470878,0.7509444622928291,0.848716022987815
chat_preview,photo,kodak_01,768,512,512,341,63,64,64,1,7976,25347,0.31467234781236436,3.81704,21.91567720886902,0.5644962595617679,0.8735997898354496,0.879241533220079,0.9181479086590381
chat_preview,photo,kodak_01,768,512,512,341,63,64,64,2,15875,25347,0.626306860772478,4.10254,24.784589558432735,0.7822468094087264,0.9600057309013006,0.9647686470442172,0.969458882103151
chat_preview,photo,kodak_01,768,512,512,341,63,64,64,3,25347,25347,1.0,4.69421,29.355001629114955,0.9099902102892145,0.982392741411998,0.986981730732228,0.9894887764057618
chat_preview,photo,kodak_01,768,512,512,341,64,64,32,0,2010,12330,0.1630170316301703,3.2505,19.501127312239404,0.2479203924267651,0.6158307077519359,0.6171647476644389,0.7791496264977539
chat_preview,photo,kodak_01,768,512,512,341,64,64,32,1,3458,12330,0.28045417680454177,3.45683,20.382963397989226,0.36211926100668695,0.7432011040414629,0.7486112858864001,0.8475986440174312
chat_preview,photo,kodak_01,768,512,512,341,64,64,32,2,5964,12330,0.48369829683698295,3.40929,21.791084801193477,0.5558146538249612,0.8667331054904411,0.8735947033821252,0.9142023729151897
chat_preview,photo,kodak_01,768,512,512,341,64,64,32,3,10052,12330,0.8152473641524737,3.68733,24.022092927359502,0.7368953072373028,0.9399020184860986,0.9478960731902403,0.9599959328503269
chat_preview,photo,kodak_01,768,512,512,341,64,64,32,4,12330,12330,1.0,4.64733,25.27796206573701,0.7919110381167779,0.9515879073144967,0.9596091524019664,0.970565076425695
chat_preview,photo,kodak_01,768,512,512,341,64,64,64,0,3755,25702,0.14609757995486733,5.48871,20.40873014945074,0.36291725790236345,0.7448069082470878,0.7509444622928291,0.848716022987815
chat_preview,photo,kodak_01,768,512,512,341,64,64,64,1,7976,25702,0.3103260446657848,3.80687,21.915679190971822,0.5644952055152982,0.8735996650643557,0.8792414966253477,0.9181479885366455
chat_preview,photo,kodak_01,768,512,512,341,64,64,64,2,16201,25702,0.630340051357871,3.80029,24.80003977651386,0.7842452307525276,0.9604125337503026,0.9652169506786394,0.9695571808418726
chat_preview,photo,kodak_01,768,512,512,341,64,64,64,3,25702,25702,1.0,4.53925,29.486203373621525,0.9122159044890467,0.982921532592831,0.9875212379175379,0.9897843359763754
chat_preview,photo,kodak_01,768,512,512,341,65,64,32,0,2010,12696,0.15831758034026466,3.49658,19.501127312239404,0.2479203924267651,0.6158307077519359,0.6171647476644389,0.7791496264977539
chat_preview,photo,kodak_01,768,512,512,341,65,64,32,1,3529,12696,0.2779615626969124,3.33696,20.388608632872497,0.36337241195719444,0.7445401793958997,0.7499146681897307,0.848006553555968
chat_preview,photo,kodak_01,768,512,512,341,65,64,32,2,6049,12696,0.47644927536231885,3.44642,21.79462022754377,0.5568439887858324,0.867499765633367,0.8743085672665563,0.914372008008575
chat_preview,photo,kodak_01,768,512,512,341,65,64,32,3,10308,12696,0.8119092627599244,3.73137,24.052780176795064,0.7406601219670507,0.9412664600740405,0.9492645226921088,0.960382568757846
chat_preview,photo,kodak_01,768,512,512,341,65,64,32,4,12696,12696,1.0,4.54204,25.38351991712981,0.7974429621269118,0.9531975529618109,0.9612045880054383,0.9712342238695549
chat_preview,photo,kodak_01,768,512,512,341,65,64,64,0,3755,26518,0.14160193076400934,3.38458,20.40873014945074,0.36291725790236345,0.7448069082470878,0.7509444622928291,0.848716022987815
chat_preview,photo,kodak_01,768,512,512,341,65,64,64,1,8206,26518,0.30945018478014935,3.50796,21.913545366658333,0.5660435997172012,0.8743055327474846,0.8799498418730242,0.9182580091446945
chat_preview,photo,kodak_01,768,512,512,341,65,64,64,2,16462,26518,0.6207858812881816,4.30329,24.805355268763634,0.7851888882675003,0.9608438503905168,0.9656155751312204,0.9697533041243942
chat_preview,photo,kodak_01,768,512,512,341,65,64,64,3,26518,26518,1.0,4.95212,29.579965789243815,0.9149010579586786,0.983449963006923,0.9880759303092799,0.9900298080627071
chat_preview,photo,kodak_01,768,512,512,341,66,64,32,0,2010,12959,0.15510456053707847,3.39425,19.501127312239404,0.2479203924267651,0.6158307077519359,0.6171647476644389,0.7791496264977539
chat_preview,photo,kodak_01,768,512,512,341,66,64,32,1,3552,12959,0.27409522339686704,3.43733,20.388004478907412,0.36345610697682185,0.744562648362136,0.7500297146113692,0.8480346760305444
chat_preview,photo,kodak_01,768,512,512,341,66,64,32,2,6140,12959,0.47380199089435915,3.80462,21.808495233779585,0.5567932159644502,0.8680972512178973,0.8747644980032123,0.914988889553906
chat_preview,photo,kodak_01,768,512,512,341,66,64,32,3,10457,12959,0.8069295470329501,3.66067,24.089250617043596,0.7419190776183672,0.9422415865364479,0.9500491633839353,0.9609354990826108
chat_preview,photo,kodak_01,768,512,512,341,66,64,32,4,12959,12959,1.0,3.85829,25.488993944389698,0.8012766168145994,0.9546171999919485,0.9624806048797695,0.9721230952256039
chat_preview,photo,kodak_01,768,512,512,341,66,64,64,0,3755,26917,0.13950291637255266,3.24562,20.40873014945074,0.36291725790236345,0.7448069082470878,0.7509444622928291,0.848716022987815
chat_preview,photo,kodak_01,768,512,512,341,66,64,64,1,8305,26917,0.30854107069881487,3.35417,21.914301471160925,0.5659945176287859,0.8743073316076792,0.8800409337956789,0.9182808692355384
chat_preview,photo,kodak_01,768,512,512,341,66,64,64,2,16755,26917,0.6224690715904447,4.27612,24.821137034202515,0.7856389122652083,0.9611186517642687,0.9657541874927834,0.9697129126315447
chat_preview,photo,kodak_01,768,512,512,341,66,64,64,3,26917,26917,1.0,5.01608,29.74891555421435,0.9170822231464646,0.9840921832103434,0.9884606433399862,0.9904230716307127
chat_preview,photo,kodak_01,768,512,512,341,67,64,32,0,2010,13299,0.1511391833972479,3.56021,19.501127312239404,0.2479203924267651,0.6158307077519359,0.6171647476644389,0.7791496264977539
chat_preview,photo,kodak_01,768,512,512,341,67,64,32,1,3561,13299,0.2677644935709452,3.35996,20.38856672828208,0.36323319660155695,0.7443642683640368,0.74982261178387,0.8480194562034906
chat_preview,photo,kodak_01,768,512,512,341,67,64,32,2,6169,13299,0.46386946386946387,3.60917,21.81427492222266,0.5567268993770198,0.8682644720952712,0.8747734379282937,0.9151049017873658
chat_preview,photo,kodak_01,768,512,512,341,67,64,32,3,10667,13299,0.802090382735544,3.82408,24.118826465908157,0.7450543521584697,0.9430257156484884,0.9506638976860328,0.9612421731509692
chat_preview,photo,kodak_01,768,512,512,341,67,64,32,4,13299,13299,1.0,4.22308,25.589505546819883,0.8064233373694196,0.9557263677662196,0.9634008676577073,0.9727388506017423
chat_preview,photo,kodak_01,768,512,512,341,67,64,64,0,3795,27733,0.13684058702628638,3.49783,20.40873014945074,0.36291725790236345,0.7448069082470878,0.7509444622928291,0.848716022987815
chat_preview,photo,kodak_01,768,512,512,341,67,64,64,1,8369,27733,0.3017704539718025,3.90996,21.914871479725754,0.5657903275824983,0.8742104412509532,0.8799490687276271,0.9182556006324856
chat_preview,photo,kodak_01,768,512,512,341,67,64,64,2,16904,27733,0.609526556809577,4.19283,24.8287301234577,0.7857236233800945,0.9612020728258206,0.9657678149469867,0.9697717267280753
chat_preview,photo,kodak_01,768,512,512,341,67,64,64,3,27733,27733,1.0,4.80579,29.8589741995773,0.9194950917380926,0.9844954815802468,0.9888021984089904,0.9906537344084051
chat_preview,photo,kodak_01,768,512,512,341,68,64,32,0,2035,13522,0.15049548883301286,3.31579,19.50585593350945,0.24779700148160247,0.6158149178701811,0.6167997853676642,0.7787184527073208
chat_preview,photo,kodak_01,768,512,512,341,68,64,32,1,3594,13522,0.2657890844549623,3.18154,20.39481968088577,0.3631699939063691,0.7445071483548116,0.7495935887568894,0.847864982446684
chat_preview,photo,kodak_01,768,512,512,341,68,64,32,2,6202,13522,0.4586599615441503,3.36367,21.823128142799945,0.5568653391748318,0.8684664024160756,0.8747303749328226,0.9150819990404013
chat_preview,photo,kodak_01,768,512,512,341,68,64,32,3,10748,13522,0.7948528324212395,4.37929,24.167585583394832,0.7456916058372048,0.9437545105590663,0.9509921534262262,0.9616616493101665
chat_preview,photo,kodak_01,768,512,512,341,68,64,32,4,13522,13522,1.0,4.02212,25.72789458676851,0.8100134638240261,0.9569175404848668,0.9642416471574171,0.9737284307034485
chat_preview,photo,kodak_01,768,512,512,341,68,64,64,0,3918,28020,0.1398286937901499,4.66467,20.414870899300492,0.36327051225419277,0.7453000678565344,0.7508667616753352,0.8484895844581174
chat_preview,photo,kodak_01,768,512,512,341,68,64,64,1,8532,28020,0.30449678800856533,3.68858,21.921548277766234,0.5660473107397589,0.8744094144358451,0.8798222467948835,0.9180851901405647
chat_preview,photo,kodak_01,768,512,512,341,68,64,64,2,17067,28020,0.609100642398287,4.35229,24.84830686493521,0.7860651982998336,0.9613769007588707,0.9657480499517003,0.9698011404418645
chat_preview,photo,kodak_01,768,512,512,341,68,64,64,3,28020,28020,1.0,4.79117,30.034840104440743,0.9210155246124193,0.9848444015826897,0.9889579876163306,0.9909670069371801
chat_preview,photo,kodak_01,768,512,512,341,69,64,32,0,2035,14141,0.14390778587087194,5.56571,19.50585593350945,0.24779700148160247,0.6158149178701811,0.6167997853676642,0.7787184527073208
chat_preview,photo,kodak_01,768,512,512,341,69,64,32,1,3594,14141,0.25415458595573154,5.32929,20.39489192232911,0.3631887771111652,0.744517160797554,0.7495961755682327,0.847868767022993
chat_preview,photo,kodak_01,768,512,512,341,69,64,32,2,6337,14141,0.44812955236546215,3.36742,21.832043933101495,0.5591978585807219,0.8694005391169104,0.8757970865760356,0.9159014668941802
chat_preview,photo,kodak_01,768,512,512,341,69,64,32,3,11071,14141,0.7829007849515593,5.52625,24.199800957917937,0.7499037955967408,0.9449452000363827,0.9523073417502707,0.9622759050926919
chat_preview,photo,kodak_01,768,512,512,341,69,64,32,4,14141,14141,1.0,4.46154,25.877191757959395,0.8189325101769601,0.9588347168368717,0.9664031664270963,0.9748812346822274
chat_preview,photo,kodak_01,768,512,512,341,69,64,64,0,3958,29249,0.1353208656706212,3.69237,20.414870899300492,0.36327051225419277,0.7453000678565344,0.7508667616753352,0.8484895844581174
chat_preview,photo,kodak_01,768,512,512,341,69,64,64,1,8572,29249,0.2930698485418305,4.87271,21.921536686644924,0.5660477217242653,0.8744072387001456,0.8798214610139206,0.9180841694301615
chat_preview,photo,kodak_01,768,512,512,341,69,64,64,2,17607,29249,0.6019692980956614,5.02471,24.864929772675275,0.7880261594486857,0.9619923371032355,0.9663808007072057,0.9700524927389161
chat_preview,photo,kodak_01,768,512,512,341,69,64,64,3,29249,29249,1.0,5.90079,30.177745552397926,0.9244272686189611,0.9854526457583153,0.989615071316013,0.9912333229798037
chat_preview,photo,kodak_01,768,512,512,341,70,64,32,0,2075,14374,0.14435786837345208,3.97329,19.50585593350945,0.24779700148160247,0.6158149178701811,0.6167997853676642,0.7787184527073208
chat_preview,photo,kodak_01,768,512,512,341,70,64,32,1,3652,14374,0.25406984833727564,3.19846,20.394247252179618,0.36338679319378264,0.7445922665162502,0.7496708176991248,0.8478253344821952
chat_preview,photo,kodak_01,768,512,512,341,70,64,32,2,6401,14374,0.44531793516070683,3.58512,21.833490575914873,0.5592633150458916,0.8694220169778636,0.8757552845650562,0.9158880033295134
chat_preview,photo,kodak_01,768,512,512,341,70,64,32,3,11172,14374,0.7772366773340754,3.92492,24.22944774376186,0.7502397841357967,0.9453913719907144,0.9526063200830358,0.962574204294702
chat_preview,photo,kodak_01,768,512,512,341,70,64,32,4,14374,14374,1.0,4.566,25.987184871492737,0.8223200482596456,0.9597671460438478,0.9671834051286731,0.9752788825371137
chat_preview,photo,kodak_01,768,512,512,341,70,64,64,0,3958,29379,0.1347220803975629,4.59837,20.414870899300492,0.36327051225419277,0.7453000678565344,0.7508667616753352,0.8484895844581174
chat_preview,photo,kodak_01,768,512,512,341,70,64,64,1,8641,29379,0.294121651519793,3.66142,21.92298988677264,0.5663376897660467,0.8745976971919672,0.8800050906662129,0.9181665698898236
chat_preview,photo,kodak_01,768,512,512,341,70,64,64,2,17697,29379,0.6023690391095681,5.51425,24.869988138333397,0.788168953535839,0.9620662591829537,0.9664529435144305,0.9700960626807192
chat_preview,photo,kodak_01,768,512,512,341,70,64,64,3,29379,29379,1.0,6.01087,30.313571396541647,0.9256857687324452,0.9856863420348279,0.9898288747125386,0.9914564194663247
chat_preview,photo,kodak_01,768,512,512,341,71,64,32,0,2130,14959,0.14238919713884618,3.51721,19.499147278531506,0.2477591472029711,0.6160433422293426,0.6169696678092448,0.7787691540265637
chat_preview,photo,kodak_01,768,512,512,341,71,64,32,1,3775,14959,0.2523564409385654,4.27146,20.393588032576268,0.3626125665506166,0.7439722977188662,0.749231971271857,0.8480204894717582
chat_preview,photo,kodak_01,768,512,512,341,71,64,32,2,6607,14959,0.4416739086837355,4.02663,21.838540819494618,0.5580537655221196,0.869110531094123,0.8752968769021908,0.9158621490454143
chat_preview,photo,kodak_01,768,512,512,341,71,64,32,3,11582,14959,0.7742496156160171,4.02154,24.272532625129667,0.753139695921245,0.9469704881233175,0.9537559331935874,0.9632568044809394
chat_preview,photo,kodak_01,768,512,512,341,71,64,32,4,14959,14959,1.0,4.25021,26.13155345667287,0.8277772730440981,0.9617283289457822,0.9687231823421841,0.976467927404556
chat_preview,photo,kodak_01,768,512,512,341,71,64,64,0,4152,30942,0.1341865425635059,3.84021,20.407626767135678,0.3631928614629533,0.7454922462292002,0.7510404394009348,0.8486186052438862
chat_preview,photo,kodak_01,768,512,512,341,71,64,64,1,9156,30942,0.29590847391894515,3.62346,21.92388831307143,0.5653433676437621,0.874483230413763,0.8799543591341084,0.9181289467347358
chat_preview,photo,kodak_01,768,512,512,341,71,64,64,2,18497,30942,0.5977958761553875,4.15483,24.89397810769104,0.7885926213416387,0.9627499019382203,0.9668244254059525,0.9703665710561207
chat_preview,photo,kodak_01,768,512,512,341,71,64,64,3,30942,30942,1.0,5.66221,30.529992284665745,0.9294203868709298,0.9869328508330911,0.9906852090593227,0.9920660149919371
chat_preview,photo,kodak_01,768,512,512,341,72,64,32,0,2170,15233,0.14245388301713385,3.67246,19.499147278531506,0.2477591472029711,0.6160433422293426,0.6169696678092448,0.7787691540265637
chat_preview,photo,kodak_01,768,512,512,341,72,64,32,1,3815,15233,0.2504431169172192,3.48175,20.393677467793268,0.3626202606403857,0.7439751815732771,0.7492441568735922,0.8480206691140486
chat_preview,photo,kodak_01,768,512,512,341,72,64,32,2,6647,15233,0.43635528129718376,3.55596,21.838327624878207,0.5581156292452669,0.8691517038004859,0.8753023513123535,0.9158869646268003
chat_preview,photo,kodak_01,768,512,512,341,72,64,32,3,11683,15233,0.7669533250180529,4.03375,24.28091171948202,0.7536444466448887,0.947140698832098,0.9539025917098326,0.9633337609853462
chat_preview,photo,kodak_01,768,512,512,341,72,64,32,4,15233,15233,1.0,7.99342,26.2238118440025,0.8311356292788856,0.9623671742623827,0.9693161672842531,0.9769665255999495
chat_preview,photo,kodak_01,768,512,512,341,72,64,64,0,4152,31059,0.13368105863034868,3.182,20.407626767135678,0.3631928614629533,0.7454922462292002,0.7510404394009348,0.8486186052438862
chat_preview,photo,kodak_01,768,512,512,341,72,64,64,1,9156,31059,0.29479377958079783,3.55929,21.92391778323603,0.565351525162566,0.8744828276830594,0.879954585564894,0.9181280563745619
chat_preview,photo,kodak_01,768,512,512,341,72,64,64,2,18497,31059,0.5955439647123217,4.01213,24.894242908882468,0.7886116564020641,0.9627564036226272,0.966825850371498,0.9703700067008496
chat_preview,photo,kodak_01,768,512,512,341,72,64,64,3,31059,31059,1.0,4.77163,30.55168807432951,0.92973894855642,0.9869709019373508,0.990721344665648,0.9920945258554638
chat_preview,photo,kodak_01,768,512,512,341,73,64,32,0,2216,15567,0.14235241215391534,3.48383,19.499727110439434,0.2480041684921294,0.6164801667981294,0.6177918543282936,0.7795899452406354
chat_preview,photo,kodak_01,768,512,512,341,73,64,32,1,3887,15567,0.24969486734759427,3.468,20.396429373302936,0.36288878322337365,0.7444352130723986,0.7497060807832829,0.8487162867508847
chat_preview,photo,kodak_01,768,512,512,341,73,64,32,2,6743,15567,0.4331598895098606,3.70754,21.842670221312652,0.5582472190594095,0.8695022985106472,0.8756340758050738,0.9163295855689513
chat_preview,photo,kodak_01,768,512,512,341,73,64,32,3,11855,15567,0.7615468619515642,4.04896,24.31271673390936,0.754517917176548,0.9477531149963726,0.9542899284745884,0.9638284489946973
chat_preview,photo,kodak_01,768,512,512,341,73,64,32,4,15567,15567,1.0,4.94937,26.393554554597408,0.8352893376178413,0.9635384902121581,0.9702181549507487,0.9778581576901005
chat_preview,photo,kodak_01,768,512,512,341,73,64,64,0,4250,31433,0.1352082206598161,3.64067,20.408216651258076,0.3631851856527717,0.7455305450412325,0.7513733518104325,0.8490311214593405
chat_preview,photo,kodak_01,768,512,512,341,73,64,64,1,9316,31433,0.29637641968631695,4.22767,21.927406088015246,0.5656878289316533,0.8747788563215216,0.8802232293244897,0.9184172660082737
chat_preview,photo,kodak_01,768,512,512,341,73,64,64,2,18712,31433,0.5952979352909363,5.06808,24.90079665650846,0.7892568198411883,0.9631162542384321,0.9669909171688205,0.9705569978599657
chat_preview,photo,kodak_01,768,512,512,341,73,64,64,3,31433,31433,1.0,5.90429,30.720423854395584,0.931830356285809,0.9876190429333164,0.9910676378727135,0.9924485046165834
chat_preview,photo,kodak_01,768,512,512,341,74,64,32,0,2216,16118,0.13748604045166893,4.27171,19.499727110439434,0.2480041684921294,0.6164801667981294,0.6177918543282936,0.7795899452406354
chat_preview,photo,kodak_01,768,512,512,341,74,64,32,1,3887,16118,0.24115895272366297,4.29775,20.396429373302936,0.36288878322337365,0.7444352130723986,0.7497060807832829,0.8487162867508847
chat_preview,photo,kodak_01,768,512,512,341,74,64,32,2,6899,16118,0.42803077304876536,3.654,21.84429576929775,0.5609144537243842,0.8703888481319125,0.8765611946483862,0.9163452220562438
chat_preview,photo,kodak_01,768,512,512,341,74,64,32,3,12221,16118,0.7582206229060677,6.41725,24.34908994352785,0.7587091213089626,0.9492444708650293,0.9558303479003233,0.9641617377765211
chat_preview,photo,kodak_01,768,512,512,341,74,64,32,4,16118,16118,1.0,4.45463,26.54157941801012,0.8412744930789167,0.9653592322366515,0.9720890544591907,0.9788626883132244
chat_preview,photo,kodak_01,768,512,512,341,74,64,64,0,4250,32774,0.12967596265332276,3.32879,20.408216651258076,0.3631851856527717,0.7455305450412325,0.7513733518104325,0.8490311214593405
chat_preview,photo,kodak_01,768,512,512,341,74,64,64,1,9316,32774,0.28424971013608347,3.53633,21.927406088015246,0.5656878289316533,0.8747788563215216,0.8802232293244897,0.9184172660082737
chat_preview,photo,kodak_01,768,512,512,341,74,64,64,2,19271,32774,0.5879965826569842,4.68029,24.9139253575499,0.7913548510960391,0.9636993274557689,0.9676612359006541,0.9709612199405775
chat_preview,photo,kodak_01,768,512,512,341,74,64,64,3,32774,32774,1.0,4.90771,30.886150302649185,0.935014877447261,0.9880396271308861,0.9916310282793208,0.9927304345639122
chat_preview,photo,kodak_01,768,512,512,341,75,64,32,0,2216,16485,0.13442523506217774,3.51087,19.499727110439434,0.2480041684921294,0.6164801667981294,0.6177918543282936,0.7795899452406354
chat_preview,photo,kodak_01,768,512,512,341,75,64,32,1,3936,16485,0.23876251137397633,3.40762,20.396010149119846,0.3626979556912507,0.744217226325102,0.7498679611406333,0.848597656548278
chat_preview,photo,kodak_01,768,512,512,341,75,64,32,2,6971,16485,0.42286927509857447,3.70942,21.848184358374766,0.5610212181561125,0.8704211911852727,0.8767092504256108,0.9164568995218761
chat_preview,photo,kodak_01,768,512,512,341,75,64,32,3,12387,16485,0.751410373066424,4.29246,24.375238702256638,0.7597406352966728,0.9498410172627745,0.9562966342686978,0.9644651767315972
chat_preview,photo,kodak_01,768,512,512,341,75,64,32,4,16485,16485,1.0,6.70167,26.680769908876858,0.8452336464370865,0.9663743815357998,0.9729731646216775,0.9795824041636831
chat_preview,photo,kodak_01,768,512,512,341,75,64,64,0,4250,33224,0.1279195762099687,4.70742,20.408216651258076,0.3631851856527717,0.7455305450412325,0.7513733518104325,0.8490311214593405
chat_preview,photo,kodak_01,768,512,512,341,75,64,64,1,9470,33224,0.28503491451962437,4.04383,21.925623680002925,0.5655132279164322,0.874608939435981,0.8803331258410461,0.9180290278136475
chat_preview,photo,kodak_01,768,512,512,341,75,64,64,2,19472,33224,0.5860823501083554,4.33913,24.91363460801344,0.7913157186857539,0.963733366338608,0.9677050373098701,0.9707833838034272
chat_preview,photo,kodak_01,768,512,512,341,75,64,64,3,33224,33224,1.0,5.79167,31.040893789787923,0.9365977413777795,0.988409100379036,0.9918052835811776,0.9929678184024981
chat_preview,photo,kodak_01,768,512,512,341,76,64,32,0,2216,17026,0.1301538822976624,3.18012,19.499727110439434,0.2480041684921294,0.6164801667981294,0.6177918543282936,0.7795899452406354
chat_preview,photo,kodak_01,768,512,512,341,76,64,32,1,3941,17026,0.23146951720897452,3.17617,20.396002899314173,0.36269477752077933,0.7442340459975215,0.7498712792329822,0.8486101353467567
chat_preview,photo,kodak_01,768,512,512,341,76,64,32,2,7047,17026,0.41389639375073417,3.50258,21.85826482784487,0.5600886489470639,0.8706164590750959,0.8767685541701197,0.916604163554193
chat_preview,photo,kodak_01,768,512,512,341,76,64,32,3,12705,17026,0.7462116762598379,4.21717,24.40794991225921,0.7622920545509703,0.9507763357072984,0.9572123973224443,0.9647003517188592
chat_preview,photo,kodak_01,768,512,512,341,76,64,32,4,17026,17026,1.0,5.92612,26.83331931899041,0.8502432657844494,0.9676959975198854,0.9742515788024692,0.9804344313654731
chat_preview,photo,kodak_01,768,512,512,341,76,64,64,0,4250,34396,0.12356087917199675,3.309,20.408216651258076,0.3631851856527717,0.7455305450412325,0.7513733518104325,0.8490311214593405
chat_preview,photo,kodak_01,768,512,512,341,76,64,64,1,9481,34396,0.27564251657169436,4.39292,21.925619925241566,0.5654966875604163,0.8746013358951515,0.8803286936182205,0.9180261740111524
chat_preview,photo,kodak_01,768,512,512,341,76,64,64,2,19713,34396,0.5731189673217816,4.16362,24.92936213123961,0.7910472491778567,0.9637779118642883,0.9676535915612356,0.9707602346148919
chat_preview,photo,kodak_01,768,512,512,341,76,64,64,3,34396,34396,1.0,5.13942,31.271284595135718,0.9397731452205292,0.9890536541244815,0.9923557829152095,0.9933582153512442
chat_preview,photo,kodak_01,768,512,512,341,77,64,32,0,2216,17451,0.12698412698412698,3.96104,19.499727110439434,0.2480041684921294,0.6164801667981294,0.6177918543282936,0.7795899452406354
chat_preview,photo,kodak_01,768,512,512,341,77,64,32,1,4034,17451,0.2311615380207438,3.34796,20.395076574294002,0.3636741079874781,0.7451862070408465,0.7508515526132507,0.8487538075053621
chat_preview,photo,kodak_01,768,512,512,341,77,64,32,2,7209,17451,0.4130995358432182,3.44125,21.861088768444912,0.5613382810929252,0.8714332699436277,0.8775629640809683,0.9168666618953298
chat_preview,photo,kodak_01,768,512,512,341,77,64,32,3,12904,17451,0.7394418657956564,5.54767,24.438481933932476,0.7633307973567959,0.9515762562558571,0.9579011563776346,0.9650611790078331
chat_preview,photo,kodak_01,768,512,512,341,77,64,32,4,17451,17451,1.0,4.40329,26.989898383386873,0.8544472298578055,0.9690633926842401,0.975476569010876,0.9812529113527388
chat_preview,photo,kodak_01,768,512,512,341,77,64,64,0,4250,35016,0.12137308658898789,3.45788,20.408216651258076,0.3631851856527717,0.7455305450412325,0.7513733518104325,0.8490311214593405
chat_preview,photo,kodak_01,768,512,512,341,77,64,64,1,9845,35016,0.28115718528672606,4.26012,21.924109642073702,0.5673733389792249,0.8751409922901338,0.8809281484345056,0.9182178446039845
chat_preview,photo,kodak_01,768,512,512,341,77,64,64,2,20262,35016,0.5786497601096642,4.0175,24.936145789201206,0.7922739207639808,0.9640984596066701,0.9680008682164446,0.9709663680474523
chat_preview,photo,kodak_01,768,512,512,341,77,64,64,3,35016,35016,1.0,5.6435,31.457665152769753,0.9417669066641013,0.9894894690349941,0.9927131636332663,0.993663689735995
chat_preview,photo,kodak_01,768,512,512,341,78,64,32,0,2259,18226,0.1239438165258422,4.44408,19.50176859793337,0.24804118035219092,0.6168070806008004,0.6173458135934647,0.7797745856868514
chat_preview,photo,kodak_01,768,512,512,341,78,64,32,1,4084,18226,0.22407549654339953,3.594,20.398535913245887,0.363883884968549,0.7456728973273101,0.7505603656467135,0.8488838389194847
chat_preview,photo,kodak_01,768,512,512,341,78,64,32,2,7268,18226,0.3987709865027982,6.87396,21.86753522940591,0.561487390348682,0.8718440018662726,0.8774713431211077,0.9169681004019203
chat_preview,photo,kodak_01,768,512,512,341,78,64,32,3,13211,18226,0.7248436299791506,4.14496,24.479718255370653,0.7662035279226478,0.9527361099465592,0.9588395117159951,0.9654424927429691
chat_preview,photo,kodak_01,768,512,512,341,78,64,32,4,18226,18226,1.0,4.79992,27.227613584609287,0.8615577337898846,0.970779382410983,0.9770167066668404,0.9823869467633192
chat_preview,photo,kodak_01,768,512,512,341,78,64,64,0,4384,36158,0.12124564411748437,3.82979,20.409281763599083,0.36337023111439803,0.745793553242785,0.7511675700426678,0.8491018651239043
chat_preview,photo,kodak_01,768,512,512,341,78,64,64,1,9991,36158,0.2763150616737651,3.81429,21.929874482547852,0.567828886448486,0.8754938447024362,0.880831544638098,0.918539937503967
chat_preview,photo,kodak_01,768,512,512,341,78,64,64,2,20441,36158,0.5653244095359257,5.02371,24.949676537857005,0.7926238203804741,0.9643241494570317,0.968001700692893,0.9711651860703812
chat_preview,photo,kodak_01,768,512,512,341,78,64,64,3,36158,36158,1.0,6.0745,31.679712256802553,0.944481829913668,0.9899718023953469,0.9930315988259936,0.9939488714313576
chat_preview,photo,kodak_01,768,512,512,341,79,64,32,0,2259,18781,0.1202811351898195,5.23979,19.50176859793337,0.24804118035219092,0.6168070806008004,0.6173458135934647,0.7797745856868514
chat_preview,photo,kodak_01,768,512,512,341,79,64,32,1,4102,18781,0.21841222512113306,3.67637,20.39878655487765,0.3638517348992994,0.7456650830318258,0.7506120157522205,0.8488890489931251
chat_preview,photo,kodak_01,768,512,512,341,79,64,32,2,7468,18781,0.3976359086310633,3.67621,21.874326458033515,0.5637109465355296,0.8724405672750623,0.878229274628947,0.9174521949600295
chat_preview,photo,kodak_01,768,512,512,341,79,64,32,3,13520,18781,0.7198764709014429,4.29575,24.517834298605766,0.7679534389863938,0.9536255741253962,0.9595892170818673,0.9660564522166238
chat_preview,photo,kodak_01,768,512,512,341,79,64,32,4,18781,18781,1.0,5.31487,27.40874637791756,0.8661156975468721,0.9720648051520827,0.9780926816025522,0.983155270700409
chat_preview,photo,kodak_01,768,512,512,341,79,64,64,0,4384,37152,0.11800172265288544,4.40617,20.409281763599083,0.36337023111439803,0.745793553242785,0.7511675700426678,0.8491018651239043
chat_preview,photo,kodak_01,768,512,512,341,79,64,64,1,10012,37152,0.2694875107665805,4.42629,21.92989739119424,0.5678239536675626,0.875493935043996,0.8808385705862576,0.9185394538103386
chat_preview,photo,kodak_01,768,512,512,341,79,64,64,2,21122,37152,0.5685292850990525,4.9585,24.963288518620715,0.79408569538057,0.9646275241220494,0.9683380632718542,0.9711835393738031
chat_preview,photo,kodak_01,768,512,512,341,79,64,64,3,37152,37152,1.0,5.62029,31.92969682532486,0.9469248683777575,0.9904620775380293,0.9934804933005201,0.9942981576722598
chat_preview,photo,kodak_01,768,512,512,341,80,64,32,0,2259,19483,0.11594723605194272,4.22575,19.50176859793337,0.24804118035219092,0.6168070806008004,0.6173458135934647,0.7797745856868514
chat_preview,photo,kodak_01,768,512,512,341,80,64,32,1,4205,19483,0.2158291844171842,5.10208,20.401198133158815,0.3635025628806872,0.7453845065711863,0.7507958795887819,0.8490073978668997
chat_preview,photo,kodak_01,768,512,512,341,80,64,32,2,7607,19483,0.390442950264333,5.184,21.87638943480131,0.5638870564736037,0.8724604242489304,0.8783020419448947,0.917575005077541
chat_preview,photo,kodak_01,768,512,512,341,80,64,32,3,13933,19483,0.7151362726479495,4.44217,24.537317455599155,0.770757122380728,0.9544098723806606,0.9603725720057341,0.966405386650604
chat_preview,photo,kodak_01,768,512,512,341,80,64,32,4,19483,19483,1.0,4.68046,27.559008241939907,0.871027278945624,0.9731484837690177,0.9791233691411863,0.9837521048118635
chat_preview,photo,kodak_01,768,512,512,341,80,64,64,0,4384,38670,0.11336953710886992,4.24038,20.409281763599083,0.36337023111439803,0.745793553242785,0.7511675700426678,0.8491018651239043
chat_preview,photo,kodak_01,768,512,512,341,80,64,64,1,10338,38670,0.2673390224980605,4.10654,21.929464295052014,0.5673172753655812,0.8752951718601775,0.8809091773654132,0.9184595832574037
chat_preview,photo,kodak_01,768,512,512,341,80,64,64,2,21585,38670,0.5581846392552366,5.811,24.969480548492605,0.7944885175250848,0.9647571147778956,0.9684499791916237,0.9712180956688131
chat_preview,photo,kodak_01,768,512,512,341,80,64,64,3,38670,38670,1.0,6.32221,32.117460350480265,0.949491068893177,0.9908876327400864,0.993812393705795,0.9945588430277442
chat_preview,photo,kodak_01,768,512,512,341,81,64,32,0,2259,20042,0.11271330206566212,3.99062,19.50176859793337,0.24804118035219092,0.6168070806008004,0.6173458135934647,0.7797745856868514
chat_preview,photo,kodak_01,768,512,512,341,81,64,32,1,4218,20042,0.21045803811994812,4.12879,20.40120895795358,0.3635132078231691,0.7453732215809062,0.7507701978333239,0.8490086889284418
chat_preview,photo,kodak_01,768,512,512,341,81,64,32,2,7751,20042,0.3867378505139208,6.22358,21.8843190102723,0.562785050424384,0.8723902133366135,0.87809314353754,0.9176784883299081
chat_preview,photo,kodak_01,768,512,512,341,81,64,32,3,14202,20042,0.708611914978545,5.02421,24.580196115383707,0.7716683249162561,0.9551961796242491,0.9608005787476396,0.9667963801211963
chat_preview,photo,kodak_01,768,512,512,341,81,64,32,4,20042,20042,1.0,4.45425,27.758170404579225,0.8753589063132609,0.9745601375886094,0.9801110138577732,0.984654641934677
chat_preview,photo,kodak_01,768,512,512,341,81,64,64,0,4384,39497,0.11099577183077196,3.20179,20.409281763599083,0.36337023111439803,0.745793553242785,0.7511675700426678,0.8491018651239043
chat_preview,photo,kodak_01,768,512,512,341,81,64,64,1,10365,39497,0.2624249943033648,3.97329,21.929565307186465,0.5672991836955439,0.8752863930323352,0.8809191951338474,0.9184620550157895
chat_preview,photo,kodak_01,768,512,512,341,81,64,64,2,22052,39497,0.5583208851305163,4.54458,24.979400248414734,0.7943321445779904,0.9649126888168084,0.9685279388711932,0.9713492582447159
chat_preview,photo,kodak_01,768,512,512,341,81,64,64,3,39497,39497,1.0,5.56392,32.42269524236541,0.951997356502371,0.9914294372310476,0.9941575714499686,0.9949175272799985
chat_preview,photo,kodak_01,768,512,512,341,82,64,32,0,2299,20712,0.11099845500193124,3.48337,19.50176859793337,0.24804118035219092,0.6168070806008004,0.6173458135934647,0.7797745856868514
chat_preview,photo,kodak_01,768,512,512,341,82,64,32,1,4258,20712,0.2055813055233681,3.75508,20.40120895795358,0.3635132078231691,0.7453732215809062,0.7507701978333239,0.8490086889284418
chat_preview,photo,kodak_01,768,512,512,341,82,64,32,2,7807,20712,0.37693124758594054,3.98154,21.883857516775535,0.5628541183610777,0.8724242555188043,0.8780736244702879,0.917641966704443
chat_preview,photo,kodak_01,768,512,512,341,82,64,32,3,14545,20712,0.7022499034376207,3.77454,24.60989196393335,0.7743814606613016,0.9560536833597081,0.9616900813667899,0.9672720084250742
chat_preview,photo,kodak_01,768,512,512,341,82,64,32,4,20712,20712,1.0,4.71108,27.983678136190267,0.8808076796991123,0.9755123605677629,0.9810848467092368,0.9852879319914252
chat_preview,photo,kodak_01,768,512,512,341,82,64,64,0,4384,40660,0.10782095425479586,3.82429,20.409281763599083,0.36337023111439803,0.745793553242785,0.7511675700426678,0.8491018651239043
chat_preview,photo,kodak_01,768,512,512,341,82,64,64,1,10365,40660,0.2549188391539597,3.76629,21.929565307186465,0.5672991836955439,0.8752863930323352,0.8809191951338474,0.9184620550157895
chat_preview,photo,kodak_01,768,512,512,341,82,64,64,2,22052,40660,0.5423512051155928,5.29587,24.980050125717334,0.794365210604493,0.9649246575368432,0.9685262851977193,0.971356327070689
chat_preview,photo,kodak_01,768,512,512,341,82,64,64,3,40660,40660,1.0,5.46462,32.63974201413876,0.9542606149321876,0.9916770449418021,0.9944207525296325,0.9950943870948559
chat_preview,photo,kodak_01,768,512,512,341,83,64,32,0,2466,21562,0.11436786939987015,5.04408,19.509635057777107,0.24795334642087416,0.6168653477516864,0.6177394980120892,0.779808535406425
chat_preview,photo,kodak_01,768,512,512,341,83,64,32,1,4543,21562,0.21069474074761155,3.31621,20.409977885729905,0.36334715313872845,0.7453844825633786,0.7505543134942552,0.8489306007764631
chat_preview,photo,kodak_01,768,512,512,341,83,64,32,2,8176,21562,0.37918560430386794,4.32292,21.900440096778645,0.5634095260868383,0.8727614440511484,0.878171355833334,0.9178568937536563
chat_preview,photo,kodak_01,768,512,512,341,83,64,32,3,15005,21562,0.6959001947871255,3.86617,24.652147325717543,0.7751240847985056,0.9568972513633853,0.9620532795492689,0.9679015609586292
chat_preview,photo,kodak_01,768,512,512,341,83,64,32,4,21562,21562,1.0,4.91529,28.195603805871315,0.8853549036536847,0.9769540799169733,0.9820342064918148,0.9860666291478726
chat_preview,photo,kodak_01,768,512,512,341,83,64,64,0,4939,42031,0.11750850562679926,3.48896,20.41884830327585,0.36354536404915105,0.7460196770814372,0.7513973101030287,0.8492319704246541
chat_preview,photo,kodak_01,768,512,512,341,83,64,64,1,11363,42031,0.2703480764197854,3.76454,21.944746809995607,0.5668451495805026,0.8754298786851981,0.8807183674434125,0.9184941781493309
chat_preview,photo,kodak_01,768,512,512,341,83,64,64,2,23290,42031,0.5541148200137993,4.40725,25.000408596049382,0.7950406042917374,0.9654380718183737,0.968806171313451,0.9715102452034957
chat_preview,photo,kodak_01,768,512,512,341,83,64,64,3,42031,42031,1.0,5.38271,32.93259797036945,0.9566895942091259,0.9924561423099392,0.9949121088916655,0.9954959339950838
chat_preview,photo,kodak_01,768,512,512,341,84,64,32,0,2466,22501,0.1095951291053731,3.30037,19.509635057777107,0.24795334642087416,0.6168653477516864,0.6177394980120892,0.779808535406425
chat_preview,photo,kodak_01,768,512,512,341,84,64,32,1,4561,22501,0.20270210212879428,3.436,20.410147315966253,0.3633200499932319,0.7453641144960406,0.7505537274591708,0.8489455748509696
chat_preview,photo,kodak_01,768,512,512,341,84,64,32,2,8395,22501,0.37309452913203855,3.97496,21.900250465770668,0.5645101345952459,0.87338155517844,0.878725154017114,0.9180900947084882
chat_preview,photo,kodak_01,768,512,512,341,84,64,32,3,15526,22501,0.6900137771654593,4.13879,24.68370679669951,0.777665400765839,0.9581020053347741,0.9632473691033687,0.9686859533603339
chat_preview,photo,kodak_01,768,512,512,341,84,64,32,4,22501,22501,1.0,4.95125,28.38735946366318,0.8904951318865585,0.9782055305661789,0.9833181028632217,0.9867212517419286
chat_preview,photo,kodak_01,768,512,512,341,84,64,64,0,4939,44089,0.1120234071990746,3.30271,20.41884830327585,0.36354536404915105,0.7460196770814372,0.7513973101030287,0.8492319704246541
chat_preview,photo,kodak_01,768,512,512,341,84,64,64,1,11411,44089,0.2588173920932659,3.99942,21.94466547767846,0.5668322623778397,0.8754224609424343,0.880724350360534,0.91849288103417
chat_preview,photo,kodak_01,768,512,512,341,84,64,64,2,24139,44089,0.5475061806799882,5.32463,25.010510348409124,0.7964676134253997,0.9658938216121963,0.969301349474562,0.9717134360300502
chat_preview,photo,kodak_01,768,512,512,341,84,64,64,3,44089,44089,1.0,5.84533,33.197158940022746,0.9594912084760207,0.9929039367732133,0.9954170028915638,0.9957501314628636
chat_preview,photo,kodak_01,768,512,512,341,85,64,32,0,2466,23365,0.10554247806548256,4.06325,19.509635057777107,0.24795334642087416,0.6168653477516864,0.6177394980120892,0.779808535406425
chat_preview,photo,kodak_01,768,512,512,341,85,64,32,1,4667,23365,0.1997432056494757,8.49717,20.408932833693306,0.3629837017003729,0.7450418262221034,0.7508261762502719,0.8487742115221525
chat_preview,photo,kodak_01,768,512,512,341,85,64,32,2,8620,23365,0.3689278835865611,3.80312,21.901740895173667,0.5645412389262637,0.8733130806428052,0.878973992725061,0.9179837683885319
chat_preview,photo,kodak_01,768,512,512,341,85,64,32,3,15901,23365,0.6805478279477851,6.12721,24.7170411565474,0.7784407297632375,0.9586455306726632,0.9636388431409377,0.9689349506295677
chat_preview,photo,kodak_01,768,512,512,341,85,64,32,4,23365,23365,1.0,7.8355,28.61679485459451,0.8949216912911403,0.9793882984801164,0.9842134625824281,0.9875302670585847
chat_preview,photo,kodak_01,768,512,512,341,85,64,64,0,4939,45251,0.10914675918764226,4.1125,20.41884830327585,0.36354536404915105,0.7460196770814372,0.7513973101030287,0.8492319704246541
chat_preview,photo,kodak_01,768,512,512,341,85,64,64,1,11815,45251,0.2610992022275751,4.40633,21.945725591082148,0.566446972796839,0.8752783108415766,0.8810471741344962,0.918702594476236
chat_preview,photo,kodak_01,768,512,512,341,85,64,64,2,24811,45251,0.5482972751983382,4.6095,25.01739168885475,0.7968213862917373,0.9660805239972658,0.9694596199839457,0.9719045718988454
chat_preview,photo,kodak_01,768,512,512,341,85,64,64,3,45251,45251,1.0,5.55479,33.51933995948132,0.9617763681300379,0.993388666511844,0.9956713627383245,0.9960544378306969
chat_preview,photo,kodak_01,768,512,512,341,86,64,32,0,2466,24773,0.0995438582327534,5.23404,19.509635057777107,0.24795334642087416,0.6168653477516864,0.6177394980120892,0.779808535406425
chat_preview,photo,kodak_01,768,512,512,341,86,64,32,1,4687,24773,0.18919791708715133,3.36437,20.40937718337998,0.36303564935304644,0.7450764379677383,0.7508453011873248,0.8487949888037004
chat_preview,photo,kodak_01,768,512,512,341,86,64,32,2,8766,24773,0.35385298510475116,3.57312,21.91184363239813,0.56411003141067,0.8732699363529748,0.8788232769351576,0.918107916422464
chat_preview,photo,kodak_01,768,512,512,341,86,64,32,3,16383,24773,0.6613248294514189,4.31525,24.749867652422015,0.7810038108984863,0.9593952634330026,0.9642937017981347,0.9691968875528038
chat_preview,photo,kodak_01,768,512,512,341,86,64,32,4,24773,24773,1.0,5.34563,28.912278665163655,0.902098607549747,0.9806923660543801,0.9854572776323637,0.988397240453427
chat_preview,photo,kodak_01,768,512,512,341,86,64,64,0,4939,47074,0.10491991332795174,3.87192,20.41884830327585,0.36354536404915105,0.7460196770814372,0.7513973101030287,0.8492319704246541
chat_preview,photo,kodak_01,768,512,512,341,86,64,64,1,11870,47074,0.25215617963206866,3.82358,21.945625180331998,0.5664339566611201,0.8752492122560022,0.8810455886824166,0.9186895100067083
chat_preview,photo,kodak_01,768,512,512,341,86,64,64,2,25259,47074,0.5365807027233717,4.59779,25.026696714029953,0.7965923317686744,0.9660936966607556,0.9693809611650295,0.9719097729081522
chat_preview,photo,kodak_01,768,512,512,341,86,64,64,3,47074,47074,1.0,5.88096,33.79555813989655,0.964316766023341,0.9937760613375936,0.9959820430587508,0.9962641302457046
chat_preview,photo,kodak_01,768,512,512,341,87,64,32,0,2546,25701,0.09906229329598071,3.51071,19.513242158265864,0.2478615114538603,0.6167451085221773,0.6174268857252933,0.7798426430397548
chat_preview,photo,kodak_01,768,512,512,341,87,64,32,1,4802,25701,0.1868409789502354,4.63092,20.414102537745983,0.36323326064681405,0.7453102188073152,0.7505996854336737,0.848895299703465
chat_preview,photo,kodak_01,768,512,512,341,87,64,32,2,8956,25701,0.3484689311699934,4.06546,21.921408571089067,0.5643552216572911,0.8735469191122868,0.8787827445439651,0.9182917799972102
chat_preview,photo,kodak_01,768,512,512,341,87,64,32,3,16753,25701,0.6518423407649507,6.81837,24.79225742087719,0.7819336496967053,0.960009391617172,0.9645233448627296,0.9695158224903389
chat_preview,photo,kodak_01,768,512,512,341,87,64,32,4,25701,25701,1.0,6.16171,29.20307757833648,0.9068093012556789,0.9819937751459268,0.9863922398260606,0.98920194743913
chat_preview,photo,kodak_01,768,512,512,341,87,64,64,0,5195,48266,0.10763270210914515,3.58404,20.42225161887465,0.36350523407496543,0.7461020238325798,0.7512764752336637,0.8494057662541492
chat_preview,photo,kodak_01,768,512,512,341,87,64,64,1,12239,48266,0.2535739443914971,5.66212,21.952255555551826,0.5668303506069988,0.8756116761445006,0.8809710388635482,0.9188352703756099
chat_preview,photo,kodak_01,768,512,512,341,87,64,64,2,25864,48266,0.5358637550242407,5.05692,25.044195064556888,0.7968870685082337,0.966194743637864,0.9693918527254346,0.9719655023452795
chat_preview,photo,kodak_01,768,512,512,341,87,64,64,3,48266,48266,1.0,7.26887,34.2263397846261,0.9664973430750261,0.9942193634639668,0.9962265607223135,0.9965799435999977
chat_preview,photo,kodak_01,768,512,512,341,88,64,32,0,2546,26711,0.0953165362584703,6.00217,19.513242158265864,0.2478615114538603,0.6167451085221773,0.6174268857252933,0.7798426430397548
chat_preview,photo,kodak_01,768,512,512,341,88,64,32,1,4803,26711,0.1798135599565722,3.79417,20.414177485311605,0.36324613750855517,0.7453349286290819,0.7505918397407881,0.8488989364702151
chat_preview,photo,kodak_01,768,512,512,341,88,64,32,2,9024,26711,0.3378383437535098,3.73617,21.92090608894064,0.5646423056578636,0.8737361136320073,0.8788965363683595,0.9182543797483053
chat_preview,photo,kodak_01,768,512,512,341,88,64,32,3,17239,26711,0.645389539889933,3.88667,24.811234976015484,0.7843764598909707,0.960575749595348,0.9650616555468338,0.9696630754720501
chat_preview,photo,kodak_01,768,512,512,341,88,64,32,4,26711,26711,1.0,4.81471,29.428084172306956,0.911360699968433,0.9828738534730022,0.98720484635418,0.9897625639589162
chat_preview,photo,kodak_01,768,512,512,341,88,64,64,0,5195,50057,0.10378168887468286,3.37104,20.42225161887465,0.36350523407496543,0.7461020238325798,0.7512764752336637,0.8494057662541492
chat_preview,photo,kodak_01,768,512,512,341,88,64,64,1,12239,50057,0.2445012685538486,3.66687,21.952306447005366,0.5668360132743017,0.8756158589355213,0.8809668853514364,0.9188349289798562
chat_preview,photo,kodak_01,768,512,512,341,88,64,64,2,26079,50057,0.5209860758735042,4.88554,25.047375343817432,0.7971999864231826,0.9662866437196166,0.9694379058461059,0.9720099100855838
chat_preview,photo,kodak_01,768,512,512,341,88,64,64,3,50057,50057,1.0,6.04017,34.51921882401332,0.9686752020610139,0.9945033238381115,0.9964969636106177,0.9967860880153595
chat_preview,photo,kodak_01,768,512,512,341,89,64,32,0,2546,27949,0.09109449354180829,3.48375,19.513242158265864,0.2478615114538603,0.6167451085221773,0.6174268857252933,0.7798426430397548
chat_preview,photo,kodak_01,768,512,512,341,89,64,32,1,4935,27949,0.17657161258005652,3.66521,20.415670786712944,0.3644342899729567,0.7462587480978563,0.7514782262006713,0.8491166960883375
chat_preview,photo,kodak_01,768,512,512,341,89,64,32,2,9485,27949,0.3393681348169881,3.73583,21.921265653764387,0.5670389282470328,0.8749395606971814,0.8802702880852503,0.9184507878713564
chat_preview,photo,kodak_01,768,512,512,341,89,64,32,3,17818,27949,0.6375183369709113,4.36658,24.82905129713145,0.7864128746404333,0.9612759652893641,0.9657799989726359,0.9699580686656958
chat_preview,photo,kodak_01,768,512,512,341,89,64,32,4,27949,27949,1.0,4.88704,29.65934533437376,0.9158844473104549,0.9838153561460293,0.9881179960556419,0.9902918440421411
chat_preview,photo,kodak_01,768,512,512,341,89,64,64,0,5195,52128,0.0996585328422345,4.12662,20.42225161887465,0.36350523407496543,0.7461020238325798,0.7512764752336637,0.8494057662541492
chat_preview,photo,kodak_01,768,512,512,341,89,64,64,1,12794,52128,0.24543431553100062,3.68671,21.953342195663062,0.5683603057819523,0.8760745547210503,0.8814877678797576,0.9190176772513923
chat_preview,photo,kodak_01,768,512,512,341,89,64,64,2,27746,52128,0.5322667280540209,4.63479,25.059113559412552,0.7991066359648706,0.9667874879252354,0.9700255466315764,0.9722282048595128
chat_preview,photo,kodak_01,768,512,512,341,89,64,64,3,52128,52128,1.0,5.81917,34.69039237974335,0.9699633023479386,0.9947483912377152,0.9967858415007674,0.9969054933414842
chat_preview,photo,kodak_01,768,512,512,341,90,64,32,0,2626,29292,0.08964905093540898,3.15971,19.513242158265864,0.2478615114538603,0.6167451085221773,0.6174268857252933,0.7798426430397548
chat_preview,photo,kodak_01,768,512,512,341,90,64,32,1,5190,29292,0.17718148299877098,3.2185,20.418263109153575,0.36445049427447196,0.7463841665269838,0.7520130909599679,0.8492250630607144
chat_preview,photo,kodak_01,768,512,512,341,90,64,32,2,9804,29292,0.33469889389594426,3.68608,21.925998159256107,0.5671054105340708,0.8750965496160292,0.8805375048585925,0.9184559427300336
chat_preview,photo,kodak_01,768,512,512,341,90,64,32,3,18339,29292,0.6260753789430561,4.17087,24.853468971243238,0.7865514677751273,0.9615998078874005,0.9658674531428165,0.9699716053920443
chat_preview,photo,kodak_01,768,512,512,341,90,64,32,4,29292,29292,1.0,4.75925,30.055889912090503,0.9212811480730263,0.9849966420765357,0.988958154608095,0.9910705712246177
chat_preview,photo,kodak_01,768,512,512,341,90,64,64,0,5195,53309,0.09745071188729858,3.39742,20.42225161887465,0.36350523407496543,0.7461020238325798,0.7512764752336637,0.8494057662541492
chat_preview,photo,kodak_01,768,512,512,341,90,64,64,1,13511,53309,0.2534468851413457,3.54012,21.952345745370078,0.5681211827064468,0.8759083461161362,0.881725012534674,0.9189277857771738
chat_preview,photo,kodak_01,768,512,512,341,90,64,64,2,28577,53309,0.5360633288938078,4.77271,25.06666204671533,0.7991936841811857,0.9669240008570132,0.9700987704843878,0.9722943403588911
chat_preview,photo,kodak_01,768,512,512,341,90,64,64,3,53309,53309,1.0,5.34221,35.07711554767806,0.9717641201149051,0.9950537345214778,0.9969683311135429,0.9971460410744768
chat_preview,photo,kodak_01,768,512,512,341,91,64,32,0,2666,31089,0.08575380359612725,3.10837,19.513242158265864,0.2478615114538603,0.6167451085221773,0.6174268857252933,0.7798426430397548
chat_preview,photo,kodak_01,768,512,512,341,91,64,32,1,5231,31089,0.16825886969667728,3.47912,20.418115629534995,0.3644327711885002,0.7463810214681761,0.7519940938687247,0.849225183060274
chat_preview,photo,kodak_01,768,512,512,341,91,64,32,2,10235,31089,0.3292161214577503,4.17612,21.934107673312017,0.5662590323109215,0.874904339427402,0.8804661941463178,0.9183867165339997
chat_preview,photo,kodak_01,768,512,512,341,91,64,32,3,19291,31089,0.6205088616552479,4.77163,24.886203953584104,0.7887596285661408,0.9626042834065239,0.9667158508720701,0.9702711318627374
chat_preview,photo,kodak_01,768,512,512,341,91,64,32,4,31089,31089,1.0,6.12471,30.394429447047177,0.9267154369149623,0.9862758807643216,0.9900423788613933,0.9917530379375324
chat_preview,photo,kodak_01,768,512,512,341,91,64,64,0,5195,56158,0.09250685565725275,3.76487,20.42225161887465,0.36350523407496543,0.7461020238325798,0.7512764752336637,0.8494057662541492
chat_preview,photo,kodak_01,768,512,512,341,91,64,64,1,13512,56158,0.24060685921863315,4.55471,21.952430859731095,0.5681332629529046,0.8759171206215214,0.881725749284906,0.9189312598258214
chat_preview,photo,kodak_01,768,512,512,341,91,64,64,2,29639,56158,0.5277787670501086,4.84979,25.075588826040807,0.7991800960366233,0.9669140110815565,0.9700839128763052,0.9722844165662896
chat_preview,photo,kodak_01,768,512,512,341,91,64,64,3,56158,56158,1.0,5.97179,35.517715158437994,0.9743918104364355,0.9954783745420178,0.9972953234311923,0.9973976207122748
chat_preview,photo,kodak_01,768,512,512,341,92,64,32,0,2779,32628,0.08517224469780557,3.54092,19.51238881349108,0.2481740056344187,0.6172045235398014,0.6180083196463554,0.7799276429849266
chat_preview,photo,kodak_01,768,512,512,341,92,64,32,1,5445,32628,0.1668812063258551,3.5865,20.41681545903751,0.36459388532913267,0.7466008367555922,0.7520477046096624,0.8492835911089568
chat_preview,photo,kodak_01,768,512,512,341,92,64,32,2,10511,32628,0.3221466225327939,3.90125,21.932116662404884,0.5665109106511206,0.875221141123565,0.8804182966495511,0.9185203239932854
chat_preview,photo,kodak_01,768,512,512,341,92,64,32,3,19907,32628,0.6101201422091456,4.32521,24.906498078909046,0.7894781779319905,0.9631659851115897,0.9669103280436996,0.9706170669199032
chat_preview,photo,kodak_01,768,512,512,341,92,64,32,4,32628,32628,1.0,6.15342,30.73567140054069,0.9317568105753865,0.9875475074873495,0.9908870546251349,0.9924562740714477
chat_preview,photo,kodak_01,768,512,512,341,92,64,64,0,5625,57869,0.09720230175050545,4.73637,20.420340936195736,0.36356516358480934,0.7461686383386823,0.7514435947588787,0.8493409947029996
chat_preview,photo,kodak_01,768,512,512,341,92,64,64,1,14192,57869,0.24524356736767527,5.42217,21.952701745588215,0.5685136375254433,0.876152432934027,0.8816917063118899,0.9190976419266442
chat_preview,photo,kodak_01,768,512,512,341,92,64,64,2,30509,57869,0.5272080042855415,4.82662,25.07410201748411,0.7994697135364777,0.9671008226899555,0.9700977184870474,0.972390669206558
chat_preview,photo,kodak_01,768,512,512,341,92,64,64,3,57869,57869,1.0,5.90125,35.92229141834728,0.9766300170300987,0.9958663273130594,0.9975585679278123,0.9976218901383734
chat_preview,photo,kodak_01,768,512,512,341,93,64,32,0,2779,34464,0.08063486536675951,3.36817,19.51238881349108,0.2481740056344187,0.6172045235398014,0.6180083196463554,0.7799276429849266
chat_preview,photo,kodak_01,768,512,512,341,93,64,32,1,5490,34464,0.1592966573816156,3.84804,20.416888951570186,0.36438217431899095,0.7464094962176228,0.7518316410213888,0.8491597479339373
chat_preview,photo,kodak_01,768,512,512,341,93,64,32,2,10710,34464,0.3107590529247911,3.90087,21.932907827061765,0.5663134550061734,0.8750117828748646,0.8804629447600594,0.9182306562422654
chat_preview,photo,kodak_01,768,512,512,341,93,64,32,3,20712,34464,0.600974930362117,4.231,24.924462984379243,0.791581731580301,0.9638184835788778,0.9676299435231822,0.9709088841746151
chat_preview,photo,kodak_01,768,512,512,341,93,64,32,4,34464,34464,1.0,5.07742,31.069867609747245,0.9365931634946629,0.9883863658320103,0.991650710133393,0.9930023856765341
chat_preview,photo,kodak_01,768,512,512,341,93,64,64,0,5625,60464,0.09303056364117492,3.36117,20.420340936195736,0.36356516358480934,0.7461686383386823,0.7514435947588787,0.8493409947029996
chat_preview,photo,kodak_01,768,512,512,341,93,64,64,1,14308,60464,0.2366366763694099,3.94375,21.953964443328143,0.5684510009089649,0.8761614228005984,0.8816836902680177,0.9191209165011012
chat_preview,photo,kodak_01,768,512,512,341,93,64,64,2,30998,60464,0.5126686954220693,4.43858,25.07717810209857,0.7994785096141204,0.9671127231059454,0.9701492988593847,0.9724006544583988
chat_preview,photo,kodak_01,768,512,512,341,93,64,64,3,60464,60464,1.0,5.9705,36.21839197164992,0.9782497629919171,0.9961017954832782,0.9977458682574946,0.9977578597254038
chat_preview,photo,kodak_01,768,512,512,341,94,64,32,0,2779,37231,0.07464209932583063,3.18646,19.51238881349108,0.2481740056344187,0.6172045235398014,0.6180083196463554,0.7799276429849266
chat_preview,photo,kodak_01,768,512,512,341,94,64,32,1,5490,37231,0.14745776369154737,3.46054,20.416888951570186,0.36438217431899095,0.7464094962176228,0.7518316410213888,0.8491597479339373
chat_preview,photo,kodak_01,768,512,512,341,94,64,32,2,11097,37231,0.29805806988799655,5.62192,21.932333178192568,0.5681165298724095,0.8755443170942167,0.8809688661042382,0.9184370351706896
chat_preview,photo,kodak_01,768,512,512,341,94,64,32,3,21514,37231,0.5778517901748543,4.65612,24.946559410282767,0.7926476613281724,0.964199015578624,0.9679270026968289,0.9711070692759939
chat_preview,photo,kodak_01,768,512,512,341,94,64,32,4,37231,37231,1.0,7.71675,31.611735063916207,0.9439777845982514,0.989687863907768,0.9928355056724996,0.9937948683322531
chat_preview,photo,kodak_01,768,512,512,341,94,64,64,0,5665,63344,0.08943230613791361,3.26737,20.420340936195736,0.36356516358480934,0.7461686383386823,0.7514435947588787,0.8493409947029996
chat_preview,photo,kodak_01,768,512,512,341,94,64,64,1,14348,63344,0.2265092194998737,3.7685,21.953964443328143,0.5684510009089649,0.8761614228005984,0.8816836902680177,0.9191209165011012
chat_preview,photo,kodak_01,768,512,512,341,94,64,64,2,32770,63344,0.5173339227077545,4.79488,25.08375166435161,0.8007454994037931,0.9674076203835414,0.9704561796800967,0.9725685148095061
chat_preview,photo,kodak_01,768,512,512,341,94,64,64,3,63344,63344,1.0,5.97454,36.71525868414758,0.9802920821197908,0.996321876058322,0.9980128840686631,0.9979322568564067
chat_preview,photo,kodak_01,768,512,512,341,95,64,32,0,3270,72992,0.04479943007452872,4.46192,19.512369233187655,0.2479039719411362,0.6168064002513735,0.6174886416736535,0.7797372474567281
chat_preview,photo,kodak_01,768,512,512,341,95,64,32,1,6779,72992,0.0928731915826392,4.52617,20.4240882614522,0.36401301743016967,0.7464437528196207,0.7512316103331651,0.8494229901970778
chat_preview,photo,kodak_01,768,512,512,341,95,64,32,2,15616,72992,0.21394125383603682,5.07283,21.959378319492657,0.5667689659586551,0.8758920334409135,0.8808864813497512,0.9189705753683414
chat_preview,photo,kodak_01,768,512,512,341,95,64,32,3,35078,72992,0.48057321350284965,6.12242,25.10886123021109,0.7996329552556273,0.9673296182415179,0.9699537819827284,0.9726133575838573
chat_preview,photo,kodak_01,768,512,512,341,95,64,32,4,72992,72992,1.0,8.67204,38.651941455538655,0.9857118447674877,0.9969850538770441,0.9981972552089423,0.9985536624645608
chat_preview,photo,kodak_01,768,512,512,341,95,64,64,0,6717,103595,0.06483903663304214,5.65979,20.426195730366203,0.36393048063731454,0.7466008874832806,0.7511787444943718,0.8495270701681471
chat_preview,photo,kodak_01,768,512,512,341,95,64,64,1,18661,103595,0.18013417635986292,5.91317,21.96851794514155,0.5678607756781173,0.8766442137956328,0.8812197808111104,0.9192517559421483
chat_preview,photo,kodak_01,768,512,512,341,95,64,64,2,48386,103595,0.4670688739804045,6.03042,25.144378464826808,0.8014677089483918,0.9682578980146251,0.97080339973783,0.9729722086529755
chat_preview,photo,kodak_01,768,512,512,341,95,64,64,3,103595,103595,1.0,9.49804,42.1620987521394,0.9928967866157121,0.9986351666991299,0.999218721800169,0.9993754218089316
chat_preview,photo,kodak_01,768,512,512,341,96,64,32,0,3310,79228,0.041778159236633514,5.38375,19.512369233187655,0.2479039719411362,0.6168064002513735,0.6174886416736535,0.7797372474567281
chat_preview,photo,kodak_01,768,512,512,341,96,64,32,1,6946,79228,0.08767102539506236,4.60962,20.424927844198034,0.36386114622867477,0.7464241331574408,0.7511498285796555,0.8494307832608154
chat_preview,photo,kodak_01,768,512,512,341,96,64,32,2,16600,79228,0.20952188620184783,4.89096,21.96337109611662,0.5686675173922887,0.8766873616144409,0.8814290825065206,0.9193241446738443
chat_preview,photo,kodak_01,768,512,512,341,96,64,32,3,37354,79228,0.471474731155652,6.15042,25.11689842413545,0.8005298235204745,0.9676627536998094,0.9703053227956863,0.972816888952919
chat_preview,photo,kodak_01,768,512,512,341,96,64,32,4,79228,79228,1.0,8.85292,39.19819993471853,0.9873060454705124,0.9973775510428133,0.9984705999793331,0.9987507916355283
chat_preview,photo,kodak_01,768,512,512,341,96,64,64,0,6717,109014,0.0616159392371622,5.37217,20.426195730366203,0.36393048063731454,0.7466008874832806,0.7511787444943718,0.8495270701681471
chat_preview,photo,kodak_01,768,512,512,341,96,64,64,1,19127,109014,0.1754545287761205,5.37754,21.969508902017076,0.5679315513847745,0.8767292641060943,0.8812571175965686,0.9192758789568389
chat_preview,photo,kodak_01,768,512,512,341,96,64,64,2,52385,109014,0.480534610233548,7.08104,25.152762385227202,0.8028473659242136,0.9686268758315651,0.971063022893733,0.9731159891836493
chat_preview,photo,kodak_01,768,512,512,341,96,64,64,3,109014,109014,1.0,9.90542,42.45211593993534,0.9933470428091553,0.9988022963387557,0.999336117950837,0.9994397157180289
chat_preview,photo,kodak_01,768,512,512,341,97,64,32,0,3310,83585,0.03960040677154992,5.13021,19.512369233187655,0.2479039719411362,0.6168064002513735,0.6174886416736535,0.7797372474567281
chat_preview,photo,kodak_01,768,512,512,341,97,64,32,1,6946,83585,0.08310103487467847,5.08825,20.424927844198034,0.36386114622867477,0.7464241331574408,0.7511498285796555,0.8494307832608154
chat_preview,photo,kodak_01,768,512,512,341,97,64,32,2,16600,83585,0.19860022731351318,5.16946,21.96337109611662,0.5686675173922887,0.8766873616144409,0.8814290825065206,0.9193241446738443
chat_preview,photo,kodak_01,768,512,512,341,97,64,32,3,39602,83585,0.47379314470299694,6.65196,25.12286060040607,0.8016654856507531,0.9679971225160213,0.9705825693545265,0.9729982909267022
chat_preview,photo,kodak_01,768,512,512,341,97,64,32,4,83585,83585,1.0,8.50783,39.92125578328308,0.9890099783648806,0.9976459224442878,0.9986820373056768,0.998905483681591
chat_preview,photo,kodak_01,768,512,512,341,97,64,64,0,6717,115585,0.05811307695635247,4.72625,20.426195730366203,0.36393048063731454,0.7466008874832806,0.7511787444943718,0.8495270701681471
chat_preview,photo,kodak_01,768,512,512,341,97,64,64,1,19127,115585,0.16547994982047842,5.25087,21.969508902017076,0.5679315513847745,0.8767292641060943,0.8812571175965686,0.9192758789568389
chat_preview,photo,kodak_01,768,512,512,341,97,64,64,2,52385,115585,0.45321624778301683,6.71017,25.152762385227202,0.8028473659242136,0.9686268758315651,0.971063022893733,0.9731159891836493
chat_preview,photo,kodak_01,768,512,512,341,97,64,64,3,115585,115585,1.0,10.2162,42.94592502646531,0.9939212812770385,0.998865160919245,0.9994046219236006,0.9994843077386837
chat_preview,photo,kodak_01,768,512,512,341,98,64,32,0,3310,88909,0.03722907692134655,5.07325,19.512369233187655,0.2479039719411362,0.6168064002513735,0.6174886416736535,0.7797372474567281
chat_preview,photo,kodak_01,768,512,512,341,98,64,32,1,7310,88909,0.08221889797433331,5.29896,20.4254162775978,0.36373757616051705,0.7463553727879896,0.7513950957048743,0.8493873838115961
chat_preview,photo,kodak_01,768,512,512,341,98,64,32,2,17986,88909,0.20229673036475498,5.18192,21.964598552876243,0.5684731492022738,0.8765623306186807,0.8816496299776645,0.9192619151659649
chat_preview,photo,kodak_01,768,512,512,341,98,64,32,3,43162,88909,0.48546266407225364,6.16308,25.125942411921574,0.8016928268758976,0.9680099338327158,0.9707983431265198,0.9729570428501317
chat_preview,photo,kodak_01,768,512,512,341,98,64,32,4,88909,88909,1.0,9.21271,40.18023916680086,0.9895081697652266,0.9977932433104232,0.9987100915385,0.9989849079869417
chat_preview,photo,kodak_01,768,512,512,341,98,64,64,0,6717,126347,0.053163114280513186,4.976,20.426195730366203,0.36393048063731454,0.7466008874832806,0.7511787444943718,0.8495270701681471
chat_preview,photo,kodak_01,768,512,512,341,98,64,64,1,20364,126347,0.16117517630018915,5.43412,21.97047714188575,0.5679030410932339,0.8766880007542159,0.8813684232984047,0.9192912847215596
chat_preview,photo,kodak_01,768,512,512,341,98,64,64,2,57459,126347,0.45477138357064273,7.55008,25.153957757804722,0.8029035595804226,0.9686856020435911,0.9711613644090324,0.9731434014232992
chat_preview,photo,kodak_01,768,512,512,341,98,64,64,3,126347,126347,1.0,10.4032,43.256434605164465,0.9941747823404857,0.9989448394758395,0.999404587061961,0.9995229106553504
chat_preview,photo,kodak_01,768,512,512,341,99,64,32,0,3310,96562,0.03427849464592697,5.355,19.512369233187655,0.2479039719411362,0.6168064002513735,0.6174886416736535,0.7797372474567281
chat_preview,photo,kodak_01,768,512,512,341,99,64,32,1,7473,96562,0.07739069199063814,4.72417,20.42531819837346,0.36367535392531253,0.7462863070494982,0.7513349509608636,0.8494342008461773
chat_preview,photo,kodak_01,768,512,512,341,99,64,32,2,18442,96562,0.19098610219340942,5.86342,21.964084875668917,0.5684604778943205,0.8765637492421515,0.8816449043562582,0.9192583237746976
chat_preview,photo,kodak_01,768,512,512,341,99,64,32,3,45526,96562,0.47146910793065594,6.25558,25.134634204403447,0.8015629470997122,0.9680186747740652,0.970674442202995,0.9729491678728507
chat_preview,photo,kodak_01,768,512,512,341,99,64,32,4,96562,96562,1.0,9.29125,40.83797765892031,0.9909351890772596,0.9980787783799291,0.9988957853638923,0.9991182597086651
chat_preview,photo,kodak_01,768,512,512,341,99,64,64,0,6717,131841,0.050947732495961046,4.95679,20.426195730366203,0.36393048063731454,0.7466008874832806,0.7511787444943718,0.8495270701681471
chat_preview,photo,kodak_01,768,512,512,341,99,64,64,1,20918,131841,0.15866081112855637,5.271,21.969813709114053,0.5677656665950406,0.8766400111990705,0.8813454151689044,0.9192703918398049
chat_preview,photo,kodak_01,768,512,512,341,99,64,64,2,59263,131841,0.44950356869259184,6.91825,25.15420659841775,0.8028143269205442,0.9686639455648752,0.9711691997787661,0.9731360705147581
chat_preview,photo,kodak_01,768,512,512,341,99,64,64,3,131841,131841,1.0,10.6609,44.08673852478902,0.995120885306901,0.9990474099122945,0.9994770654871735,0.9995870666004552
chat_preview,photo,kodak_01,768,512,512,341,100,64,32,0,3310,261019,0.01268106919419659,4.52867,19.512369233187655,0.2479039719411362,0.6168064002513735,0.6174886416736535,0.7797372474567281
chat_preview,photo,kodak_01,768,512,512,341,100,64,32,1,7985,261019,0.030591642753975763,5.12983,20.426195730366203,0.36393048063731454,0.7466008874832806,0.7511787444943718,0.8495270701681471
chat_preview,photo,kodak_01,768,512,512,341,100,64,32,2,24142,261019,0.09249135120431846,5.15883,21.971585116297266,0.5682226855160314,0.8768669550750491,0.8812667907911335,0.9193666739076795
chat_preview,photo,kodak_01,768,512,512,341,100,64,32,3,81078,261019,0.3106210658994173,7.32875,25.171916111114193,0.8036689373978524,0.9690982472011608,0.9711390258885025,0.973324733248631
chat_preview,photo,kodak_01,768,512,512,341,100,64,32,4,261019,261019,1.0,13.7852,99.0,1.0,1.0,1.0,1.0
chat_preview,photo,kodak_01,768,512,512,341,100,64,64,0,6717,259751,0.02585938071460745,4.88133,20.426195730366203,0.36393048063731454,0.7466008874832806,0.7511787444943718,0.8495270701681471
chat_preview,photo,kodak_01,768,512,512,341,100,64,64,1,22874,259751,0.08806125866695412,8.09104,21.971585116297266,0.5682226855160314,0.8768669550750491,0.8812667907911335,0.9193666739076795
chat_preview,photo,kodak_01,768,512,512,341,100,64,64,2,79810,259751,0.30725579497287786,9.69987,25.171916111114193,0.8036689373978524,0.9690982472011608,0.9711390258885025,0.973324733248631
chat_preview,photo,kodak_01,768,512,512,341,100,64,64,3,259751,259751,1.0,14.3471,99.0,1.0,1.0,1.0,1.0
chat_preview,photo,kodak_02,768,512,512,341,1,64,32,0,1444,2745,0.526047358834244,2.96271,24.744130947976437,0.5787177807637703,0.7521775060127941,0.7876128261057538,0.831534477916267
chat_preview,photo,kodak_02,768,512,512,341,1,64,32,1,2010,2745,0.73224043715847,2.97446,25.72181790461532,0.6174686437015654,0.8020203679289085,0.8445649754286693,0.8768314941448443
chat_preview,photo,kodak_02,768,512,512,341,1,64,32,2,2476,2745,0.9020036429872496,3.11408,26.742410841086453,0.6487031473359345,0.8287670430791554,0.8725775363065859,0.9141426425275745
chat_preview,photo,kodak_02,768,512,512,341,1,64,32,3,2745,2745,1.0,3.42783,27.0250929101574,0.6592775498397712,0.8355188483736141,0.8799254951577598,0.920248599310052
chat_preview,photo,kodak_02,768,512,512,341,1,64,32,4,2745,2745,1.0,3.26467,27.0250929101574,0.6592775498397712,0.8355188483736141,0.8799254951577598,0.920248599310052
chat_preview,photo,kodak_02,768,512,512,341,1,64,64,0,2550,5514,0.4624591947769314,3.24987,26.00408857334679,0.633475180113754,0.8304208037544482,0.8593517266457235,0.8887000855661102
chat_preview,photo,kodak_02,768,512,512,341,1,64,64,1,3904,5514,0.7080159593761335,3.19546,27.57353648781223,0.6940976401621336,0.8738790421497665,0.9057374600532268,0.9374973637700008
chat_preview,photo,kodak_02,768,512,512,341,1,64,64,2,5047,5514,0.9153064925643816,3.34813,28.547265405278708,0.7338147775576688,0.8931673845144608,0.9283629759811529,0.9530712681826333
chat_preview,photo,kodak_02,768,512,512,341,1,64,64,3,5514,5514,1.0,3.70892,28.718722887805303,0.7375333488223283,0.8942515664999072,0.9295100695031647,0.9546400190483885
chat_preview,photo,kodak_02,768,512,512,341,2,64,32,0,1444,2747,0.5256643611212232,3.1615,24.744130947976437,0.5787177807637703,0.7521775060127941,0.7876128261057538,0.831534477916267
chat_preview,photo,kodak_02,768,512,512,341,2,64,32,1,2010,2747,0.7317073170731707,3.02942,25.72181790461532,0.6174686437015654,0.8020203679289085,0.8445649754286693,0.8768314941448443
chat_preview,photo,kodak_02,768,512,512,341,2,64,32,2,2476,2747,0.9013469239170003,3.22313,26.743840109287863,0.6487374244226202,0.8288335157438617,0.8726102296687093,0.9142778965018051
chat_preview,photo,kodak_02,768,512,512,341,2,64,32,3,2747,2747,1.0,3.17904,27.024711046695185,0.6593037596558973,0.8355691781447341,0.8799370577808627,0.9203537840023926
chat_preview,photo,kodak_02,768,512,512,341,2,64,32,4,2747,2747,1.0,3.21404,27.024711046695185,0.6593037596558973,0.8355691781447341,0.8799370577808627,0.9203537840023926
chat_preview,photo,kodak_02,768,512,512,341,2,64,64,0,2550,5514,0.4624591947769314,3.05442,26.00408857334679,0.633475180113754,0.8304208037544482,0.8593517266457235,0.8887000855661102
chat_preview,photo,kodak_02,768,512,512,341,2,64,64,1,3904,5514,0.7080159593761335,3.1155,27.57353648781223,0.6940976401621336,0.8738790421497665,0.9057374600532268,0.9374973637700008
chat_preview,photo,kodak_02,768,512,512,341,2,64,64,2,5047,5514,0.9153064925643816,3.43879,28.54587088837912,0.7338085100448138,0.893160130696721,0.9283633203312769,0.9530533829999768
chat_preview,photo,kodak_02,768,512,512,341,2,64,64,3,5514,5514,1.0,3.59962,28.717300410825054,0.7375268921458934,0.8942439880622111,0.9295101914394204,0.9546219756214354
chat_preview,photo,kodak_02,768,512,512,341,3,64,32,0,1444,2794,0.5168217609162491,3.17329,24.744130947976437,0.5787177807637703,0.7521775060127941,0.7876128261057538,0.831534477916267
chat_preview,photo,kodak_02,768,512,512,341,3,64,32,1,2021,2794,0.7233357193987116,3.269,25.725413819098144,0.6176580591792495,0.8019914402566379,0.8446190357706644,0.8769719219070231
chat_preview,photo,kodak_02,768,512,512,341,3,64,32,2,2518,2794,0.9012168933428776,3.20187,26.785060782564976,0.6500920230729581,0.8295262923346693,0.8730657402304552,0.9153449409966093
chat_preview,photo,kodak_02,768,512,512,341,3,64,32,3,2794,2794,1.0,3.58037,27.059517148839753,0.6605652423354474,0.8358817552156467,0.8799251237615084,0.9211495791474134
chat_preview,photo,kodak_02,768,512,512,341,3,64,32,4,2794,2794,1.0,3.29429,27.059517148839753,0.6605652423354474,0.8358817552156467,0.8799251237615084,0.9211495791474134
chat_preview,photo,kodak_02,768,512,512,341,3,64,64,0,2590,5692,0.455024595924104,3.011,26.00408857334679,0.633475180113754,0.8304208037544482,0.8593517266457235,0.8887000855661102
chat_preview,photo,kodak_02,768,512,512,341,3,64,64,1,3990,5692,0.7009838369641602,3.43042,27.58991920225618,0.6949704318009147,0.8744894037821376,0.9059841316347288,0.9378021495645997
chat_preview,photo,kodak_02,768,512,512,341,3,64,64,2,5220,5692,0.9170765987350668,3.30129,28.590305081881226,0.7361086984507317,0.8944378530002877,0.9292600818371332,0.9536854041738623
chat_preview,photo,kodak_02,768,512,512,341,3,64,64,3,5692,5692,1.0,3.683,28.767260249971972,0.7398683685567016,0.8955105682610442,0.9303913942521561,0.9552580879421898
chat_preview,photo,kodak_02,768,512,512,341,4,64,32,0,1444,2806,0.5146115466856735,2.94671,24.744130947976437,0.5787177807637703,0.7521775060127941,0.7876128261057538,0.831534477916267
chat_preview,photo,kodak_02,768,512,512,341,4,64,32,1,2023,2806,0.7209550962223806,3.4075,25.726362571723943,0.6178768884327872,0.8022044123472826,0.8445712276349617,0.8770289430843299
chat_preview,photo,kodak_02,768,512,512,341,4,64,32,2,2522,2806,0.8987883107626514,3.36571,26.78480192961985,0.6504707106099937,0.8296936398744471,0.8729670384516864,0.9152465660410203
chat_preview,photo,kodak_02,768,512,512,341,4,64,32,3,2806,2806,1.0,3.38779,27.068155869288397,0.6615354257806564,0.8365361832125164,0.8803741152887649,0.921255278657309
chat_preview,photo,kodak_02,768,512,512,341,4,64,32,4,2806,2806,1.0,3.28712,27.068155869288397,0.6615354257806564,0.8365361832125164,0.8803741152887649,0.921255278657309
chat_preview,photo,kodak_02,768,512,512,341,4,64,64,0,2590,5718,0.45295557887373206,3.0805,26.00408857334679,0.633475180113754,0.8304208037544482,0.8593517266457235,0.8887000855661102
chat_preview,photo,kodak_02,768,512,512,341,4,64,64,1,3994,5718,0.6984959776145505,3.20846,27.59020464419539,0.6949497906127265,0.874481808347218,0.9059892948672787,0.9378024837590437
chat_preview,photo,kodak_02,768,512,512,341,4,64,64,2,5232,5718,0.9150052465897167,3.26812,28.5937643031356,0.736236831108072,0.8944246104112971,0.9292542702659011,0.9536992427962332
chat_preview,photo,kodak_02,768,512,512,341,4,64,64,3,5718,5718,1.0,3.86092,28.779678105747966,0.7404291281619789,0.895611095828812,0.9304900125117489,0.9553424253516486
chat_preview,photo,kodak_02,768,512,512,341,5,64,32,0,1444,2828,0.5106082036775106,3.10721,24.744130947976437,0.5787177807637703,0.7521775060127941,0.7876128261057538,0.831534477916267
chat_preview,photo,kodak_02,768,512,512,341,5,64,32,1,2041,2828,0.7217114568599717,3.04067,25.72877277382,0.6183657617276076,0.8031959576999768,0.8457213073898144,0.8776628817986196
chat_preview,photo,kodak_02,768,512,512,341,5,64,32,2,2539,2828,0.8978076379066479,3.1425,26.794284391851356,0.6510710132611828,0.8301588505927736,0.8733785449942645,0.9159463792151237
chat_preview,photo,kodak_02,768,512,512,341,5,64,32,3,2828,2828,1.0,3.37454,27.080982203843128,0.6622305348900525,0.8369936852490992,0.8807709348570801,0.9219658939933326
chat_preview,photo,kodak_02,768,512,512,341,5,64,32,4,2828,2828,1.0,3.35979,27.080982203843128,0.6622305348900525,0.8369936852490992,0.8807709348570801,0.9219658939933326
chat_preview,photo,kodak_02,768,512,512,341,5,64,64,0,2590,5824,0.44471153846153844,3.29842,26.00408857334679,0.633475180113754,0.8304208037544482,0.8593517266457235,0.8887000855661102
chat_preview,photo,kodak_02,768,512,512,341,5,64,64,1,4052,5824,0.6957417582417582,3.11121,27.607116862872687,0.6968852660397463,0.8758530166930291,0.9073094972111926,0.9384824242771843
chat_preview,photo,kodak_02,768,512,512,341,5,64,64,2,5294,5824,0.9089972527472527,3.3295,28.600833306346804,0.7377628924051524,0.8955307859874031,0.9302082888355807,0.9540762434197096
chat_preview,photo,kodak_02,768,512,512,341,5,64,64,3,5824,5824,1.0,4.01921,28.79109383202703,0.7419780593362172,0.8967541712863049,0.9314888073283035,0.9557557379845265
chat_preview,photo,kodak_02,768,512,512,341,6,64,32,0,1440,2827,0.5093738945879024,3.02363,24.762854468597265,0.5802522991790761,0.7567098156362465,0.7888928382355777,0.8325541694438751
chat_preview,photo,kodak_02,768,512,512,341,6,64,32,1,2038,2827,0.7209055535903784,3.08325,25.756338958969515,0.6197522451761038,0.8079007477260493,0.8475763005923499,0.8788540073077711
chat_preview,photo,kodak_02,768,512,512,341,6,64,32,2,2536,2827,0.8970640254686947,3.16504,26.83210107080887,0.6529006033264358,0.8346380511746389,0.8755413531441358,0.916778794834465
chat_preview,photo,kodak_02,768,512,512,341,6,64,32,3,2827,2827,1.0,3.13821,27.1273878469634,0.6644370708325923,0.8415858885846168,0.8831207300327347,0.9228416253032053
chat_preview,photo,kodak_02,768,512,512,341,6,64,32,4,2827,2827,1.0,3.45254,27.1273878469634,0.6644370708325923,0.8415858885846168,0.8831207300327347,0.9228416253032053
chat_preview,photo,kodak_02,768,512,512,341,6,64,64,0,2578,5834,0.44189235515941033,3.19033,26.059244292196027,0.6380862982143006,0.8380450976306962,0.8618629762916286,0.8923865377088219
chat_preview,photo,kodak_02,768,512,512,341,6,64,64,1,4043,5834,0.6930065135413096,3.426,27.66381267903921,0.7015396703664912,0.8824900109613186,0.9092585009850644,0.94059521866405
chat_preview,photo,kodak_02,768,512,512,341,6,64,64,2,5288,5834,0.9064106959204662,3.62317,28.692488793931425,0.7425258524309349,0.9021299202653786,0.932449615389843,0.9561397988402079
chat_preview,photo,kodak_02,768,512,512,341,6,64,64,3,5834,5834,1.0,4.41021,28.893876973128087,0.7471870929664899,0.9034444864797888,0.9338424205693131,0.9578739587808583
chat_preview,photo,kodak_02,768,512,512,341,7,64,32,0,1440,2833,0.5082950935404165,3.92175,24.762854468597265,0.5802522991790761,0.7567098156362465,0.7888928382355777,0.8325541694438751
chat_preview,photo,kodak_02,768,512,512,341,7,64,32,1,2038,2833,0.7193787504412283,3.27687,25.75567745197545,0.6198186519467391,0.8078126904108527,0.847624448831519,0.8787479747806697
chat_preview,photo,kodak_02,768,512,512,341,7,64,32,2,2541,2833,0.8969290504765266,3.31854,26.835225442803,0.6533840500458111,0.8348330655569939,0.8758813237075751,0.9167440627554977
chat_preview,photo,kodak_02,768,512,512,341,7,64,32,3,2833,2833,1.0,3.25733,27.133465380894673,0.6648527783347769,0.8417616372368766,0.8834347550412495,0.9228949095744654
chat_preview,photo,kodak_02,768,512,512,341,7,64,32,4,2833,2833,1.0,3.32133,27.133465380894673,0.6648527783347769,0.8417616372368766,0.8834347550412495,0.9228949095744654
chat_preview,photo,kodak_02,768,512,512,341,7,64,64,0,2578,5849,0.44075910412036245,3.191,26.059244292196027,0.6380862982143006,0.8380450976306962,0.8618629762916286,0.8923865377088219
chat_preview,photo,kodak_02,768,512,512,341,7,64,64,1,4046,5849,0.6917421781501111,3.38733,27.669406429033657,0.7016997174225653,0.8826020032403674,0.9094119562307189,0.9406620119070641
chat_preview,photo,kodak_02,768,512,512,341,7,64,64,2,5303,5849,0.9066507095229954,3.44575,28.699503072677196,0.7430100919749366,0.902286373002524,0.9326394690638782,0.9561998109814517
chat_preview,photo,kodak_02,768,512,512,341,7,64,64,3,5849,5849,1.0,3.873,28.903704878094167,0.7476939733591393,0.9035979631290236,0.934029955651295,0.9579428719251329
chat_preview,photo,kodak_02,768,512,512,341,8,64,32,0,1440,2892,0.4979253112033195,3.26033,24.762854468597265,0.5802522991790761,0.7567098156362465,0.7888928382355777,0.8325541694438751
chat_preview,photo,kodak_02,768,512,512,341,8,64,32,1,2055,2892,0.7105809128630706,3.12175,25.760544840689832,0.6200735104409121,0.8081213635954212,0.8472846315195361,0.8790348450538268
chat_preview,photo,kodak_02,768,512,512,341,8,64,32,2,2585,2892,0.8938450899031812,3.27554,26.87031270956666,0.6553930862268411,0.8360377417933331,0.8769010500964115,0.9172883769054018
chat_preview,photo,kodak_02,768,512,512,341,8,64,32,3,2892,2892,1.0,3.22021,27.18156103898544,0.6680006861435697,0.8437319285455117,0.8853269250315879,0.9236988669824168
chat_preview,photo,kodak_02,768,512,512,341,8,64,32,4,2892,2892,1.0,3.28012,27.18156103898544,0.6680006861435697,0.8437319285455117,0.8853269250315879,0.9236988669824168
chat_preview,photo,kodak_02,768,512,512,341,8,64,64,0,2578,5955,0.4329135180520571,2.99858,26.059244292196027,0.6380862982143006,0.8380450976306962,0.8618629762916286,0.8923865377088219
chat_preview,photo,kodak_02,768,512,512,341,8,64,64,1,4070,5955,0.6834592779177162,3.29162,27.66995476917657,0.7019856995000447,0.8828094745349563,0.9095445488355987,0.9407006536659065
chat_preview,photo,kodak_02,768,512,512,341,8,64,64,2,5393,5955,0.9056255247691016,3.38,28.732851045146603,0.7447921664376272,0.9032498137902616,0.9334475226241415,0.956624934983511
chat_preview,photo,kodak_02,768,512,512,341,8,64,64,3,5955,5955,1.0,3.76746,28.948780153139914,0.7500382779265226,0.9046996829773114,0.9350256618948266,0.958520902526106
chat_preview,photo,kodak_02,768,512,512,341,9,64,32,0,1480,2946,0.5023761031907671,3.09575,24.762854468597265,0.5802522991790761,0.7567098156362465,0.7888928382355777,0.8325541694438751
chat_preview,photo,kodak_02,768,512,512,341,9,64,32,1,2106,2946,0.714867617107943,3.13546,25.75991775759413,0.620154570884376,0.808191890764426,0.8472464120004268,0.8790489852246309
chat_preview,photo,kodak_02,768,512,512,341,9,64,32,2,2639,2946,0.8957909029192125,3.08654,26.88139329563398,0.6555114757784722,0.8363322641530847,0.8767827893856301,0.9175703552671585
chat_preview,photo,kodak_02,768,512,512,341,9,64,32,3,2946,2946,1.0,3.24788,27.1970663593955,0.6681438261938681,0.844050328540082,0.8852723613706925,0.9240149524423071
chat_preview,photo,kodak_02,768,512,512,341,9,64,32,4,2946,2946,1.0,3.20908,27.1970663593955,0.6681438261938681,0.844050328540082,0.8852723613706925,0.9240149524423071
chat_preview,photo,kodak_02,768,512,512,341,9,64,64,0,2578,5958,0.4326955354145686,3.11454,26.059244292196027,0.6380862982143006,0.8380450976306962,0.8618629762916286,0.8923865377088219
chat_preview,photo,kodak_02,768,512,512,341,9,64,64,1,4070,5958,0.6831151393084928,3.24958,27.669957080792305,0.7019871154450081,0.8828165592646497,0.9095440669217835,0.9407014040251611
chat_preview,photo,kodak_02,768,512,512,341,9,64,64,2,5393,5958,0.9051695199731453,3.41321,28.733468373675617,0.7447944749868567,0.9032544730298969,0.9334471436125404,0.9566278666938532
chat_preview,photo,kodak_02,768,512,512,341,9,64,64,3,5958,5958,1.0,3.68379,28.953321485074138,0.7501100297339033,0.9047168522994653,0.9350397949439418,0.9585480364910196
chat_preview,photo,kodak_02,768,512,512,341,10,64,32,0,1480,2969,0.49848433816099696,3.04337,24.762854468597265,0.5802522991790761,0.7567098156362465,0.7888928382355777,0.8325541694438751
chat_preview,photo,kodak_02,768,512,512,341,10,64,32,1,2115,2969,0.7123610643314248,3.06871,25.76313795987733,0.6201506563454895,0.8081681004432645,0.847285768845888,0.8791910433840573
chat_preview,photo,kodak_02,768,512,512,341,10,64,32,2,2653,2969,0.8935668575277871,3.07825,26.878210750446424,0.6555465468556374,0.8361173295222315,0.8765802217470455,0.9174697234171275
chat_preview,photo,kodak_02,768,512,512,341,10,64,32,3,2969,2969,1.0,3.29858,27.200650542228093,0.6686316719552909,0.8438440070869885,0.8851270396124451,0.9239653261368133
chat_preview,photo,kodak_02,768,512,512,341,10,64,32,4,2969,2969,1.0,3.226,27.200650542228093,0.6686316719552909,0.8438440070869885,0.8851270396124451,0.9239653261368133
chat_preview,photo,kodak_02,768,512,512,341,10,64,64,0,2578,5996,0.42995330220146766,3.02683,26.059244292196027,0.6380862982143006,0.8380450976306962,0.8618629762916286,0.8923865377088219
chat_preview,photo,kodak_02,768,512,512,341,10,64,64,1,4086,5996,0.681454302868579,3.02496,27.671413643321113,0.7021568625224366,0.8828905483999421,0.9096534985079073,0.9407254911174028
chat_preview,photo,kodak_02,768,512,512,341,10,64,64,2,5417,5996,0.9034356237491661,3.41454,28.736085826775017,0.7449294745331775,0.903274178799148,0.9335000239136717,0.9566414104201587
chat_preview,photo,kodak_02,768,512,512,341,10,64,64,3,5996,5996,1.0,3.82129,28.959590639971225,0.7504420549896625,0.9048246717146918,0.9351974843642832,0.9586210635917856
chat_preview,photo,kodak_02,768,512,512,341,11,64,32,0,1513,3007,0.5031592949783837,3.08692,24.84845655049488,0.581688238144921,0.7604630640478911,0.790248317803447,0.8341979355733782
chat_preview,photo,kodak_02,768,512,512,341,11,64,32,1,2150,3007,0.7149983372131693,3.03337,25.867141991683255,0.6223692859153429,0.811748278886447,0.8477361697375668,0.8808659955976574
chat_preview,photo,kodak_02,768,512,512,341,11,64,32,2,2691,3007,0.8949118722979714,3.37579,27.036944848385826,0.6576235236449012,0.8405217859735602,0.878106155356279,0.9203260184785549
chat_preview,photo,kodak_02,768,512,512,341,11,64,32,3,3007,3007,1.0,3.23337,27.375747270903652,0.6709139169619656,0.8484325949899866,0.8869526611359803,0.92687270333815
chat_preview,photo,kodak_02,768,512,512,341,11,64,32,4,3007,3007,1.0,3.19383,27.375747270903652,0.6709139169619656,0.8484325949899866,0.8869526611359803,0.92687270333815
chat_preview,photo,kodak_02,768,512,512,341,11,64,64,0,2644,6073,0.4353696690268401,3.26625,26.201232055254234,0.6402115595677006,0.8410577158995248,0.8600887792447255,0.8939019756987032
chat_preview,photo,kodak_02,768,512,512,341,11,64,64,1,4162,6073,0.6853285032109336,3.20087,27.865426408961646,0.7047926728131881,0.8877426515791466,0.9096817994212355,0.9427295096395149
chat_preview,photo,kodak_02,768,512,512,341,11,64,64,2,5494,6073,0.9046599703606125,3.45871,29.001971153257415,0.7479912477087538,0.9085261302278608,0.9339538757601545,0.9588789785948442
chat_preview,photo,kodak_02,768,512,512,341,11,64,64,3,6073,6073,1.0,3.89758,29.247446073871703,0.7536217737522626,0.9101219410026412,0.9356904586482434,0.9609323198776192
chat_preview,photo,kodak_02,768,512,512,341,12,64,32,0,1513,3017,0.5014915478952602,3.002,24.84845655049488,0.581688238144921,0.7604630640478911,0.790248317803447,0.8341979355733782
chat_preview,photo,kodak_02,768,512,512,341,12,64,32,1,2154,3017,0.7139542591978787,3.09533,25.86767115077393,0.6225091696254316,0.8118312987452819,0.8477185463640226,0.8808753543831821
chat_preview,photo,kodak_02,768,512,512,341,12,64,32,2,2695,3017,0.8932714617169374,3.28446,27.038429101017716,0.6578740127430288,0.8407052572849327,0.8780843312298516,0.9204064546155437
chat_preview,photo,kodak_02,768,512,512,341,12,64,32,3,3017,3017,1.0,3.23596,27.384994978524585,0.6716342313611828,0.848772024161029,0.8871364647773428,0.9270577389472233
chat_preview,photo,kodak_02,768,512,512,341,12,64,32,4,3017,3017,1.0,3.39508,27.384994978524585,0.6716342313611828,0.848772024161029,0.8871364647773428,0.9270577389472233
chat_preview,photo,kodak_02,768,512,512,341,12,64,64,0,2644,6094,0.4338693797177552,3.23496,26.201232055254234,0.6402115595677006,0.8410577158995248,0.8600887792447255,0.8939019756987032
chat_preview,photo,kodak_02,768,512,512,341,12,64,64,1,4165,6094,0.6834591401378405,3.12558,27.86544645530304,0.7047994143759433,0.8877410634090702,0.9096826198180276,0.9427296653002152
chat_preview,photo,kodak_02,768,512,512,341,12,64,64,2,5497,6094,0.9020347883163767,3.308,29.00001878337145,0.7479951050973771,0.9085308290634738,0.933946313699777,0.958859790745469
chat_preview,photo,kodak_02,768,512,512,341,12,64,64,3,6094,6094,1.0,3.69254,29.25479141392327,0.753989141529669,0.9102759196527156,0.9359166276923375,0.961101183801524
chat_preview,photo,kodak_02,768,512,512,341,13,64,32,0,1513,3061,0.4942829140803659,3.05412,24.84845655049488,0.581688238144921,0.7604630640478911,0.790248317803447,0.8341979355733782
chat_preview,photo,kodak_02,768,512,512,341,13,64,32,1,2166,3061,0.7076118915387128,2.98146,25.873341930728166,0.6227269027609176,0.8121818743419403,0.8479372378882398,0.8810747923951526
chat_preview,photo,kodak_02,768,512,512,341,13,64,32,2,2739,3061,0.8948056190787325,3.50829,27.05951410369616,0.6593115592174643,0.8414642625590942,0.8787377685192842,0.920926357756012
chat_preview,photo,kodak_02,768,512,512,341,13,64,32,3,3061,3061,1.0,3.29296,27.419461692056167,0.6731113912557563,0.849838502315665,0.8881053480532518,0.9277755038221036
chat_preview,photo,kodak_02,768,512,512,341,13,64,32,4,3061,3061,1.0,3.18042,27.419461692056167,0.6731113912557563,0.849838502315665,0.8881053480532518,0.9277755038221036
chat_preview,photo,kodak_02,768,512,512,341,13,64,64,0,2644,6242,0.4235821851970522,3.2655,26.201232055254234,0.6402115595677006,0.8410577158995248,0.8600887792447255,0.8939019756987032
chat_preview,photo,kodak_02,768,512,512,341,13,64,64,1,4219,6242,0.6759051586030118,3.24917,27.887498930733493,0.7056791632695282,0.8883163412859479,0.9096647930203,0.9430305743267857
chat_preview,photo,kodak_02,768,512,512,341,13,64,64,2,5645,6242,0.9043575776994554,3.44521,29.04534837945053,0.7509217401101039,0.9098995244564962,0.9347922659294056,0.9594028361951309
chat_preview,photo,kodak_02,768,512,512,341,13,64,64,3,6242,6242,1.0,3.71554,29.306043777141525,0.756891953099119,0.9116145305804314,0.9367225124699942,0.9616130075512955
chat_preview,photo,kodak_02,768,512,512,341,14,64,32,0,1513,3070,0.4928338762214984,3.01433,24.84845655049488,0.581688238144921,0.7604630640478911,0.790248317803447,0.8341979355733782
chat_preview,photo,kodak_02,768,512,512,341,14,64,32,1,2166,3070,0.7055374592833876,2.99892,25.873341930728166,0.6227269027609176,0.8121818743419403,0.8479372378882398,0.8810747923951526
chat_preview,photo,kodak_02,768,512,512,341,14,64,32,2,2739,3070,0.8921824104234528,3.07912,27.061683305138445,0.6594291013926796,0.8416045235162158,0.8788188019173002,0.9210307897251198
chat_preview,photo,kodak_02,768,512,512,341,14,64,32,3,3070,3070,1.0,3.15671,27.428463767648083,0.6737066984603285,0.8501478498654933,0.8883641592584728,0.9279883613711197
chat_preview,photo,kodak_02,768,512,512,341,14,64,32,4,3070,3070,1.0,3.28012,27.428463767648083,0.6737066984603285,0.8501478498654933,0.8883641592584728,0.9279883613711197
chat_preview,photo,kodak_02,768,512,512,341,14,64,64,0,2644,6263,0.4221619032412582,3.05512,26.201232055254234,0.6402115595677006,0.8410577158995248,0.8600887792447255,0.8939019756987032
chat_preview,photo,kodak_02,768,512,512,341,14,64,64,1,4219,6263,0.6736388312310394,3.17867,27.887498930733493,0.7056791632695282,0.8883163412859479,0.9096647930203,0.9430305743267857
chat_preview,photo,kodak_02,768,512,512,341,14,64,64,2,5645,6263,0.9013252434935335,3.54712,29.046609120546,0.7509892489858361,0.9099555523101573,0.9348687433393669,0.9594198806543665
chat_preview,photo,kodak_02,768,512,512,341,14,64,64,3,6263,6263,1.0,3.86929,29.323285672769654,0.7575409459825678,0.9119054794747994,0.9371487483938421,0.9619053836951009
chat_preview,photo,kodak_02,768,512,512,341,15,64,32,0,1561,3155,0.494770206022187,3.19129,24.864601791698483,0.5819468716818003,0.7621675514552818,0.7915503132721178,0.8341096323463044
chat_preview,photo,kodak_02,768,512,512,341,15,64,32,1,2218,3155,0.7030110935023772,3.13925,25.894152891887856,0.623324196924136,0.8146000998724866,0.8489576529822804,0.8813796120867429
chat_preview,photo,kodak_02,768,512,512,341,15,64,32,2,2796,3155,0.8862123613312203,3.16133,27.097993778623106,0.660545906820341,0.8445108443323122,0.8798470457524024,0.9213427080250127
chat_preview,photo,kodak_02,768,512,512,341,15,64,32,3,3127,3155,0.9911251980982567,3.50171,27.47116491901309,0.674859468561534,0.8530532434361188,0.8894288756814688,0.9283973102289723
chat_preview,photo,kodak_02,768,512,512,341,15,64,32,4,3155,3155,1.0,3.45958,27.475030616203817,0.6749406676276778,0.8531444468365029,0.8895012971888713,0.9284802008587383
chat_preview,photo,kodak_02,768,512,512,341,15,64,64,0,2643,6296,0.4197903430749682,2.94896,26.197056724954987,0.6407221673052973,0.8420041820624945,0.8614113371969602,0.8922564452651598
chat_preview,photo,kodak_02,768,512,512,341,15,64,64,1,4224,6296,0.6709021601016518,3.39471,27.91468608580857,0.7054219507238154,0.8893564188229265,0.9105273949656605,0.9430324259560411
chat_preview,photo,kodak_02,768,512,512,341,15,64,64,2,5678,6296,0.9018424396442185,3.34079,29.093702625600038,0.7508574706740149,0.9110315919046307,0.9357654156903051,0.9596824471352283
chat_preview,photo,kodak_02,768,512,512,341,15,64,64,3,6296,6296,1.0,8.14075,29.376651017188383,0.7574579561659828,0.9129811088313207,0.9380522306441165,0.9621882372300704
chat_preview,photo,kodak_02,768,512,512,341,16,64,32,0,1561,3165,0.49320695102685624,3.79246,24.864601791698483,0.5819468716818003,0.7621675514552818,0.7915503132721178,0.8341096323463044
chat_preview,photo,kodak_02,768,512,512,341,16,64,32,1,2218,3165,0.7007898894154818,3.11908,25.89441378796223,0.6233643601824896,0.8146469453243462,0.8489615225689153,0.8813856032446153
chat_preview,photo,kodak_02,768,512,512,341,16,64,32,2,2796,3165,0.8834123222748815,3.47962,27.106136576776212,0.6607997612137012,0.8448052093486281,0.8799584310419649,0.9213746723102995
chat_preview,photo,kodak_02,768,512,512,341,16,64,32,3,3137,3165,0.9911532385466034,3.68371,27.489611444091363,0.6761294655751046,0.8539709294829864,0.8902809643721552,0.9286582946148328
chat_preview,photo,kodak_02,768,512,512,341,16,64,32,4,3165,3165,1.0,3.37908,27.493557469878155,0.6762088783227355,0.8540628223505822,0.8903537056077415,0.9287422835661193
chat_preview,photo,kodak_02,768,512,512,341,16,64,64,0,2643,6348,0.416351606805293,3.13771,26.197056724954987,0.6407221673052973,0.8420041820624945,0.8614113371969602,0.8922564452651598
chat_preview,photo,kodak_02,768,512,512,341,16,64,64,1,4224,6348,0.665406427221172,3.14192,27.91482477824249,0.7054241023501139,0.8893587115765776,0.9105277326210779,0.9430341448116867
chat_preview,photo,kodak_02,768,512,512,341,16,64,64,2,5679,6348,0.8946124763705104,3.41312,29.10931495267535,0.7510364949891573,0.9112226370575432,0.9359959614938997,0.9597724846604863
chat_preview,photo,kodak_02,768,512,512,341,16,64,64,3,6348,6348,1.0,3.80646,29.42629739030017,0.7588591490262174,0.9137416459212734,0.9391248229612436,0.9630903168155346
chat_preview,photo,kodak_02,768,512,512,341,17,64,32,0,1561,3197,0.4882702533625274,3.17967,24.864601791698483,0.5819468716818003,0.7621675514552818,0.7915503132721178,0.8341096323463044
chat_preview,photo,kodak_02,768,512,512,341,17,64,32,1,2243,3197,0.7015952455426963,3.02654,25.914972859398375,0.6242137660514201,0.8158630211615902,0.8499644968407017,0.8824974216501391
chat_preview,photo,kodak_02,768,512,512,341,17,64,32,2,2828,3197,0.8845792930872693,3.34983,27.127118096890218,0.6614971307932095,0.8453017778383263,0.8803394011455244,0.9219357481734209
chat_preview,photo,kodak_02,768,512,512,341,17,64,32,3,3169,3197,0.9912417891773537,3.24558,27.516212471061724,0.6769277102389474,0.8544970941948159,0.8906939018543356,0.9291792499514533
chat_preview,photo,kodak_02,768,512,512,341,17,64,32,4,3197,3197,1.0,3.30417,27.52020623722151,0.6770064338190117,0.8545935878261487,0.8907703209127004,0.9292647756041457
chat_preview,photo,kodak_02,768,512,512,341,17,64,64,0,2643,6457,0.40932321511537867,3.173,26.197056724954987,0.6407221673052973,0.8420041820624945,0.8614113371969602,0.8922564452651598
chat_preview,photo,kodak_02,768,512,512,341,17,64,64,1,4330,6457,0.6705900573021527,3.25167,27.934075009838637,0.7074165750169267,0.8906496255786203,0.9120367340995251,0.9437306704465138
chat_preview,photo,kodak_02,768,512,512,341,17,64,64,2,5788,6457,0.8963915130865727,3.85408,29.125582641730112,0.7524125528904166,0.9116055792951642,0.9364252001117824,0.960125814038005
chat_preview,photo,kodak_02,768,512,512,341,17,64,64,3,6457,6457,1.0,3.94558,29.446707360371903,0.7602246263756799,0.91400551931453,0.9394069274629206,0.9633786818834646
chat_preview,photo,kodak_02,768,512,512,341,18,64,32,0,1561,3269,0.47751605995717344,3.12242,24.864601791698483,0.5819468716818003,0.7621675514552818,0.7915503132721178,0.8341096323463044
chat_preview,photo,kodak_02,768,512,512,341,18,64,32,1,2258,3269,0.6907311104313245,3.33121,25.920820678109212,0.6245284859197275,0.8161662896815002,0.8499305960226747,0.8827799108174897
chat_preview,photo,kodak_02,768,512,512,341,18,64,32,2,2886,3269,0.8828387886203732,3.12912,27.141120557149545,0.6635891075789363,0.8464046661409789,0.8817602483018275,0.9221347826799129
chat_preview,photo,kodak_02,768,512,512,341,18,64,32,3,3236,3269,0.9899051697766901,3.39946,27.542014797565805,0.6796075206758568,0.8557009739766763,0.8921314728494988,0.9294895645138465
chat_preview,photo,kodak_02,768,512,512,341,18,64,32,4,3269,3269,1.0,3.82483,27.545312003097578,0.6797024173509169,0.8558073348129888,0.8922104730618514,0.9295804736419448
chat_preview,photo,kodak_02,768,512,512,341,18,64,64,0,2643,6657,0.39702568724650744,3.13954,26.197056724954987,0.6407221673052973,0.8420041820624945,0.8614113371969602,0.8922564452651598
chat_preview,photo,kodak_02,768,512,512,341,18,64,64,1,4389,6657,0.6593059936908517,3.49262,27.96079910198479,0.7078377447413029,0.8908512245976813,0.9119720219969965,0.9441641871895404
chat_preview,photo,kodak_02,768,512,512,341,18,64,64,2,5951,6657,0.8939462220219317,3.48817,29.165416619531634,0.7543399265588357,0.9119277184197222,0.9367508656106267,0.9604880984989526
chat_preview,photo,kodak_02,768,512,512,341,18,64,64,3,6657,6657,1.0,3.87183,29.528534646079052,0.7629450655621389,0.9149494483819183,0.9406590281348335,0.964867230362305
chat_preview,photo,kodak_02,768,512,512,341,19,64,32,0,1601,3322,0.4819385912101144,3.17621,24.864601791698483,0.5819468716818003,0.7621675514552818,0.7915503132721178,0.8341096323463044
chat_preview,photo,kodak_02,768,512,512,341,19,64,32,1,2298,3322,0.6917519566526189,3.43587,25.92102695055756,0.6245427226239905,0.8162098245699773,0.8499328520644159,0.8827846619574055
chat_preview,photo,kodak_02,768,512,512,341,19,64,32,2,2935,3322,0.8835039133052378,3.249,27.141942970460818,0.6635857790894395,0.8464512035839667,0.8818160495320685,0.9221022082315536
chat_preview,photo,kodak_02,768,512,512,341,19,64,32,3,3287,3322,0.9894641782059,3.351,27.54489611101405,0.6796141999864277,0.8557420350885844,0.8921947267715852,0.9294733376952247
chat_preview,photo,kodak_02,768,512,512,341,19,64,32,4,3322,3322,1.0,3.47646,27.549078436473987,0.6797337537668883,0.8558439142926527,0.8922668643800762,0.9295808586966969
chat_preview,photo,kodak_02,768,512,512,341,19,64,64,0,2643,6666,0.39648964896489647,3.24796,26.197056724954987,0.6407221673052973,0.8420041820624945,0.8614113371969602,0.8922564452651598
chat_preview,photo,kodak_02,768,512,512,341,19,64,64,1,4389,6666,0.6584158415841584,3.24154,27.96067854731735,0.7078334594512844,0.890849092002863,0.9119713371337527,0.9441623667542174
chat_preview,photo,kodak_02,768,512,512,341,19,64,64,2,5960,6666,0.8940894089408941,3.41625,29.167875790685006,0.7542997542868658,0.9119457745359374,0.9367460850110609,0.9605315607367773
chat_preview,photo,kodak_02,768,512,512,341,19,64,64,3,6666,6666,1.0,4.49313,29.531336542109695,0.7629044650823572,0.9149664295276926,0.9406529496386448,0.9649095219284802
chat_preview,photo,kodak_02,768,512,512,341,20,64,32,0,1593,3415,0.4664714494875549,3.20058,24.866910380084107,0.5818413724017807,0.7618150417758969,0.792079725294355,0.833876767212298
chat_preview,photo,kodak_02,768,512,512,341,20,64,32,1,2295,3415,0.6720351390922401,3.21087,25.928496143247536,0.6252508542417736,0.8175056264710853,0.8503936715818156,0.8829298016525771
chat_preview,photo,kodak_02,768,512,512,341,20,64,32,2,2935,3415,0.8594436310395315,3.076,27.154408881273525,0.6641766087098903,0.8477136019183688,0.8823518144891388,0.9226704533499898
chat_preview,photo,kodak_02,768,512,512,341,20,64,32,3,3288,3415,0.9628111273792094,3.28708,27.56449284301236,0.6803362185521168,0.8571857245210771,0.8928760568525189,0.9301422590503243
chat_preview,photo,kodak_02,768,512,512,341,20,64,32,4,3415,3415,1.0,3.51267,27.57079820978804,0.6805191369116873,0.8573102214973177,0.8929717213740489,0.9302837000301873
chat_preview,photo,kodak_02,768,512,512,341,20,64,64,0,2665,6698,0.3978799641684085,3.51692,26.214596865243543,0.641987143421945,0.8442051846050482,0.8624816384030292,0.8927633313325064
chat_preview,photo,kodak_02,768,512,512,341,20,64,64,1,4419,6698,0.659749178859361,3.20996,27.993260230303505,0.7095823439100499,0.8932805801769931,0.9129395900362188,0.9447991827318766
chat_preview,photo,kodak_02,768,512,512,341,20,64,64,2,5990,6698,0.8942968050164228,3.49904,29.20885143739394,0.7561211212961162,0.9144075231600882,0.9377128422881388,0.961042319351663
chat_preview,photo,kodak_02,768,512,512,341,20,64,64,3,6698,6698,1.0,3.86437,29.58018087487514,0.7647022493019134,0.9173257782999827,0.9414011351092761,0.965506226194541
chat_preview,photo,kodak_02,768,512,512,341,21,64,32,0,1593,3439,0.46321605117766795,3.11754,24.866910380084107,0.5818413724017807,0.7618150417758969,0.792079725294355,0.833876767212298
chat_preview,photo,kodak_02,768,512,512,341,21,64,32,1,2296,3439,0.6676359406804303,2.97463,25.928663180156214,0.6252014986311859,0.81736771471093,0.8504043262801072,0.8829245242449281
chat_preview,photo,kodak_02,768,512,512,341,21,64,32,2,2949,3439,0.8575167199767374,3.27458,27.160344663616907,0.6643388668665972,0.8481575532013427,0.8832725288637662,0.9225101027351366
chat_preview,photo,kodak_02,768,512,512,341,21,64,32,3,3312,3439,0.9630706600756034,3.23188,27.5760601950013,0.6807352828586245,0.8577356859054558,0.8939442739730817,0.9300600257952653
chat_preview,photo,kodak_02,768,512,512,341,21,64,32,4,3439,3439,1.0,3.52983,27.582570647952274,0.6809202000305113,0.8578557220605983,0.8940365296157,0.9301992578073337
chat_preview,photo,kodak_02,768,512,512,341,21,64,64,0,2665,6763,0.39405589235546357,3.18508,26.214596865243543,0.641987143421945,0.8442051846050482,0.8624816384030292,0.8927633313325064
chat_preview,photo,kodak_02,768,512,512,341,21,64,64,1,4419,6763,0.6534082507762827,3.32154,27.993110816798996,0.7095839555167319,0.893284924148325,0.9129389117667834,0.9447988631086619
chat_preview,photo,kodak_02,768,512,512,341,21,64,64,2,6022,6763,0.8904332396865297,3.31071,29.22109607638704,0.7567848552551187,0.9146815008740465,0.9381062744028077,0.9611843097864278
chat_preview,photo,kodak_02,768,512,512,341,21,64,64,3,6763,6763,1.0,3.79038,29.60952847636541,0.7661865662995546,0.9178321947714796,0.9422054934979139,0.966383910925305
chat_preview,photo,kodak_02,768,512,512,341,22,64,32,0,1593,3441,0.4629468177855275,2.94883,24.866910380084107,0.5818413724017807,0.7618150417758969,0.792079725294355,0.833876767212298
chat_preview,photo,kodak_02,768,512,512,341,22,64,32,1,2296,3441,0.6672478930543446,3.17283,25.928663180156214,0.6252014986311859,0.81736771471093,0.8504043262801072,0.8829245242449281
chat_preview,photo,kodak_02,768,512,512,341,22,64,32,2,2949,3441,0.8570183086312119,3.18712,27.164271584646347,0.6643886754175107,0.8482447519155517,0.8833600081552219,0.9226444984135227
chat_preview,photo,kodak_02,768,512,512,341,22,64,32,3,3314,3441,0.963092124382447,3.29367,27.585778561311454,0.6808281330386613,0.85786028196642,0.8940939082152197,0.9302456169209418
chat_preview,photo,kodak_02,768,512,512,341,22,64,32,4,3441,3441,1.0,3.30946,27.59250885262755,0.6810142214633169,0.8579803526338265,0.8941859434019475,0.9303848159993072
chat_preview,photo,kodak_02,768,512,512,341,22,64,64,0,2665,6763,0.39405589235546357,3.02325,26.214596865243543,0.641987143421945,0.8442051846050482,0.8624816384030292,0.8927633313325064
chat_preview,photo,kodak_02,768,512,512,341,22,64,64,1,4419,6763,0.6534082507762827,3.23217,27.993110816798996,0.7095839555167319,0.893284924148325,0.9129389117667834,0.9447988631086619
chat_preview,photo,kodak_02,768,512,512,341,22,64,64,2,6022,6763,0.8904332396865297,3.35912,29.223655237485495,0.7567930744234438,0.9146961064951912,0.9381231988134789,0.961198907242279
chat_preview,photo,kodak_02,768,512,512,341,22,64,64,3,6763,6763,1.0,3.75812,29.62162556977273,0.7662424422390801,0.9178420573630474,0.9422055150762364,0.9664292979923212
chat_preview,photo,kodak_02,768,512,512,341,23,64,32,0,1603,3532,0.45385050962627405,3.21917,24.855752456652368,0.5833599514654589,0.7645989046990538,0.7942549222371971,0.8345886683610353
chat_preview,photo,kodak_02,768,512,512,341,23,64,32,1,2345,3532,0.6639297848244621,4.13713,25.938675647180265,0.6272055474118557,0.8212905054920309,0.8532546273797775,0.8839207870945796
chat_preview,photo,kodak_02,768,512,512,341,23,64,32,2,3028,3532,0.8573046432616082,3.169,27.17973590604017,0.6678473471197215,0.8523144089945386,0.8875027460356771,0.9233285539774159
chat_preview,photo,kodak_02,768,512,512,341,23,64,32,3,3405,3532,0.9640430351075878,3.375,27.617598939922125,0.685073012442739,0.8624288740957908,0.8991397635256149,0.9310320226982479
chat_preview,photo,kodak_02,768,512,512,341,23,64,32,4,3532,3532,1.0,3.29571,27.625044324292038,0.6852680058251126,0.8625711856966246,0.8992544667826363,0.9311831902520663
chat_preview,photo,kodak_02,768,512,512,341,23,64,64,0,2719,7036,0.3864411597498579,3.10467,26.202966760221283,0.6433459334997745,0.8463478528335354,0.864866750533351,0.8937086691199715
chat_preview,photo,kodak_02,768,512,512,341,23,64,64,1,4557,7036,0.6476691301876066,3.20892,28.023022515297495,0.7120821108456733,0.8951267240316988,0.9147179771625965,0.9454491621468016
chat_preview,photo,kodak_02,768,512,512,341,23,64,64,2,6268,7036,0.8908470722001137,3.34583,29.297147279000235,0.7615131393706974,0.9181661258811776,0.9419555453625091,0.962697247091927
chat_preview,photo,kodak_02,768,512,512,341,23,64,64,3,7036,7036,1.0,4.0105,29.706563352066482,0.7722578627022169,0.9213312847368852,0.9459747100182105,0.9676996315471492
chat_preview,photo,kodak_02,768,512,512,341,24,64,32,0,1603,3538,0.4530808366308649,3.25296,24.855752456652368,0.5833599514654589,0.7645989046990538,0.7942549222371971,0.8345886683610353
chat_preview,photo,kodak_02,768,512,512,341,24,64,32,1,2345,3538,0.6628038439796495,3.07742,25.938587605695545,0.6272470584364352,0.8213122358704066,0.8532553626005603,0.8839122956648122
chat_preview,photo,kodak_02,768,512,512,341,24,64,32,2,3032,3538,0.8569813453928773,3.09929,27.180597310523055,0.668174843233595,0.8524104476145008,0.8874749456668636,0.9233009331600392
chat_preview,photo,kodak_02,768,512,512,341,24,64,32,3,3409,3538,0.9635387224420576,3.71037,27.624843073377065,0.6855002231027281,0.8626666789582792,0.8992919433109537,0.9311578013924667
chat_preview,photo,kodak_02,768,512,512,341,24,64,32,4,3538,3538,1.0,3.54587,27.633929168589262,0.6857236271398041,0.8628114608336063,0.8994121150370319,0.9313269517530586
chat_preview,photo,kodak_02,768,512,512,341,24,64,64,0,2719,7052,0.38556437889960293,3.05558,26.202966760221283,0.6433459334997745,0.8463478528335354,0.864866750533351,0.8937086691199715
chat_preview,photo,kodak_02,768,512,512,341,24,64,64,1,4557,7052,0.6461996596710153,3.08742,28.022919713426777,0.712083403083902,0.8951285717042111,0.9147149020199278,0.9454495137478671
chat_preview,photo,kodak_02,768,512,512,341,24,64,64,2,6284,7052,0.8910947249007374,3.42787,29.294929169977216,0.761574120730297,0.9181804361054994,0.9419646949994673,0.9626743745888091
chat_preview,photo,kodak_02,768,512,512,341,24,64,64,3,7052,7052,1.0,3.76162,29.71627176689958,0.7724048032237745,0.9213709980925208,0.9460556846234066,0.9677313305560722
chat_preview,photo,kodak_02,768,512,512,341,25,64,32,0,1632,3594,0.4540901502504174,3.13208,24.836640306456506,0.5828551810992915,0.7651213022702533,0.7949708589932724,0.8340839939968435
chat_preview,photo,kodak_02,768,512,512,341,25,64,32,1,2379,3594,0.6619365609348915,3.17433,25.905296988957545,0.6274200430343791,0.8222843843965179,0.8537965010114545,0.883310407119358
chat_preview,photo,kodak_02,768,512,512,341,25,64,32,2,3071,3594,0.8544796883695047,3.22887,27.1632542859862,0.6681137011461401,0.8533828952660215,0.8878634129313875,0.9235110752381
chat_preview,photo,kodak_02,768,512,512,341,25,64,32,3,3465,3594,0.9641068447412354,3.43283,27.61184441485915,0.6858322965942106,0.8636021111392833,0.8997791841326975,0.9315026518947901
chat_preview,photo,kodak_02,768,512,512,341,25,64,32,4,3594,3594,1.0,3.41246,27.621260198758012,0.6860589814970889,0.8637467671418766,0.8998997730216104,0.9316748448542573
chat_preview,photo,kodak_02,768,512,512,341,25,64,64,0,2780,7154,0.3885937936818563,3.12333,26.177871954062567,0.6428221544814569,0.8458308750884949,0.8655264898283835,0.8930019211626293
chat_preview,photo,kodak_02,768,512,512,341,25,64,64,1,4621,7154,0.6459323455409561,3.46808,27.99218055222213,0.7114885744833442,0.8953576580730088,0.91475802842864,0.945191710409014
chat_preview,photo,kodak_02,768,512,512,341,25,64,64,2,6356,7154,0.8884540117416829,3.25779,29.25898321586322,0.7610389514527277,0.918283646486735,0.9418864142641127,0.9624950644742823
chat_preview,photo,kodak_02,768,512,512,341,25,64,64,3,7154,7154,1.0,3.89983,29.69740319037532,0.7727467520722596,0.9216574241597061,0.9461214525094966,0.9678539453817807
chat_preview,photo,kodak_02,768,512,512,341,26,64,32,0,1672,3730,0.4482573726541555,3.91521,24.836640306456506,0.5828551810992915,0.7651213022702533,0.7949708589932724,0.8340839939968435
chat_preview,photo,kodak_02,768,512,512,341,26,64,32,1,2419,3730,0.6485254691689009,3.19492,25.90546199351245,0.6274640636672301,0.8223407433182698,0.8537931546711032,0.8833101659124468
chat_preview,photo,kodak_02,768,512,512,341,26,64,32,2,3112,3730,0.8343163538873994,3.39187,27.177626649561955,0.6684248544015539,0.8538445144527751,0.8883253166372643,0.9236456201336627
chat_preview,photo,kodak_02,768,512,512,341,26,64,32,3,3510,3730,0.9410187667560321,3.278,27.630947329295896,0.6862924487908013,0.8642915290771419,0.9005318705851156,0.9317713174161399
chat_preview,photo,kodak_02,768,512,512,341,26,64,32,4,3730,3730,1.0,3.68496,27.64473978596147,0.6865873577504317,0.864455463158976,0.9006654005269029,0.9319889236967105
chat_preview,photo,kodak_02,768,512,512,341,26,64,64,0,2780,7158,0.38837664151997764,3.05858,26.177871954062567,0.6428221544814569,0.8458308750884949,0.8655264898283835,0.8930019211626293
chat_preview,photo,kodak_02,768,512,512,341,26,64,64,1,4621,7158,0.6455713886560491,3.20463,27.992111886642192,0.7114933953986046,0.8953616817468374,0.9147566854281958,0.9451910072240154
chat_preview,photo,kodak_02,768,512,512,341,26,64,64,2,6358,7158,0.8882369376920928,3.47762,29.277597349008573,0.7613188727815513,0.9185262889034472,0.9420811015384418,0.9626016401316297
chat_preview,photo,kodak_02,768,512,512,341,26,64,64,3,7158,7158,1.0,3.91512,29.732283274935376,0.7731582737592707,0.9219331531299924,0.9463522854138644,0.9680184218611263
chat_preview,photo,kodak_02,768,512,512,341,27,64,32,0,1672,3788,0.44139387539598735,3.02375,24.836640306456506,0.5828551810992915,0.7651213022702533,0.7949708589932724,0.8340839939968435
chat_preview,photo,kodak_02,768,512,512,341,27,64,32,1,2440,3788,0.6441393875395988,3.12396,25.919874532532937,0.6281414066364439,0.8238410219467228,0.8539353866732062,0.8841539986080946
chat_preview,photo,kodak_02,768,512,512,341,27,64,32,2,3149,3788,0.8313093980992609,3.21192,27.200328083540114,0.669346199709887,0.8550319618245622,0.8882143440679138,0.9244265657596656
chat_preview,photo,kodak_02,768,512,512,341,27,64,32,3,3566,3788,0.9413938753959873,3.34529,27.664031605320595,0.687954823308169,0.8657432277131862,0.9007871723213865,0.9328056648058853
chat_preview,photo,kodak_02,768,512,512,341,27,64,32,4,3788,3788,1.0,3.4285,27.678679060860475,0.6882558324189582,0.8659100031056087,0.9009234518752454,0.9330456778451197
chat_preview,photo,kodak_02,768,512,512,341,27,64,64,0,2780,7266,0.38260390861546933,3.24154,26.177871954062567,0.6428221544814569,0.8458308750884949,0.8655264898283835,0.8930019211626293
chat_preview,photo,kodak_02,768,512,512,341,27,64,64,1,4663,7266,0.641756124415084,3.15458,28.008214379893616,0.7123181201251271,0.8961698809127211,0.9152391550065027,0.945545292660918
chat_preview,photo,kodak_02,768,512,512,341,27,64,64,2,6426,7266,0.884393063583815,3.339,29.30578490128624,0.7623674585761452,0.9194711950349445,0.9425052151260329,0.9631161663557019
chat_preview,photo,kodak_02,768,512,512,341,27,64,64,3,7266,7266,1.0,3.86075,29.777222708553936,0.7748453321202303,0.9228626599379061,0.9467514091412192,0.9684750446549878
chat_preview,photo,kodak_02,768,512,512,341,28,64,32,0,1712,3886,0.44055584148224397,2.97617,24.836640306456506,0.5828551810992915,0.7651213022702533,0.7949708589932724,0.8340839939968435
chat_preview,photo,kodak_02,768,512,512,341,28,64,32,1,2481,3886,0.6384457025218734,3.12817,25.91996902318947,0.6281797225368739,0.8238955130064043,0.8539335366417963,0.8841714041748767
chat_preview,photo,kodak_02,768,512,512,341,28,64,32,2,3221,3886,0.8288728769943386,3.17279,27.22396496536772,0.6711869832832932,0.856008362070574,0.8896065620732286,0.925181479546289
chat_preview,photo,kodak_02,768,512,512,341,28,64,32,3,3662,3886,0.9423571796191457,3.28579,27.695013320531743,0.6898375667311445,0.8667112742540487,0.9021503664375767,0.9336350701909206
chat_preview,photo,kodak_02,768,512,512,341,28,64,32,4,3886,3886,1.0,3.57204,27.711743141789317,0.6901478904579404,0.8668767169466288,0.9022874471322303,0.9338872502042735
chat_preview,photo,kodak_02,768,512,512,341,28,64,64,0,2780,7381,0.3766427313372172,3.12317,26.177871954062567,0.6428221544814569,0.8458308750884949,0.8655264898283835,0.8930019211626293
chat_preview,photo,kodak_02,768,512,512,341,28,64,64,1,4663,7381,0.6317572144695841,3.36029,28.00825540971512,0.7123218672693553,0.8961728504413654,0.9152389070530669,0.9455459199909848
chat_preview,photo,kodak_02,768,512,512,341,28,64,64,2,6541,7381,0.8861942826175315,3.67196,29.34324298531547,0.7643313962418884,0.9202153908059172,0.9433813492489276,0.9637272374400494
chat_preview,photo,kodak_02,768,512,512,341,28,64,64,3,7381,7381,1.0,3.91987,29.826320377542004,0.7768557640607758,0.9232577756137613,0.9471927710440652,0.968455429654502
chat_preview,photo,kodak_02,768,512,512,341,29,64,32,0,1712,3954,0.43297926150733435,3.2045,24.836640306456506,0.5828551810992915,0.7651213022702533,0.7949708589932724,0.8340839939968435
chat_preview,photo,kodak_02,768,512,512,341,29,64,32,1,2515,3954,0.6360647445624684,3.24713,25.92597254552714,0.6290674544213615,0.8258111675541978,0.8555281955893866,0.8847342704598622
chat_preview,photo,kodak_02,768,512,512,341,29,64,32,2,3263,3954,0.825240263024785,3.23679,27.234670569658658,0.6722727848465055,0.8572917406857679,0.8903054549294627,0.9260229224191827
chat_preview,photo,kodak_02,768,512,512,341,29,64,32,3,3727,3954,0.9425897824987355,3.70537,27.718829040155512,0.6918062402635675,0.8683161621736799,0.9031075186850586,0.9346526710003052
chat_preview,photo,kodak_02,768,512,512,341,29,64,32,4,3954,3954,1.0,3.85396,27.73934427349402,0.6921837536800286,0.868502391733561,0.9032597419434418,0.934956793322623
chat_preview,photo,kodak_02,768,512,512,341,29,64,64,0,2780,7579,0.3668030083124423,3.20708,26.177871954062567,0.6428221544814569,0.8458308750884949,0.8655264898283835,0.8930019211626293
chat_preview,photo,kodak_02,768,512,512,341,29,64,64,1,4777,7579,0.6302942340678189,3.37146,28.02715536963596,0.714216762290143,0.8972917903224235,0.9163162339435201,0.9458181471955156
chat_preview,photo,kodak_02,768,512,512,341,29,64,64,2,6684,7579,0.8819105422879008,3.63796,29.360367494824406,0.7662661967764487,0.9210968433658581,0.9441770066076042,0.9638187413064856
chat_preview,photo,kodak_02,768,512,512,341,29,64,64,3,7579,7579,1.0,4.4155,29.879879616023768,0.7800805589376338,0.9247473697222924,0.9487225894540701,0.9692767752620309
chat_preview,photo,kodak_02,768,512,512,341,30,64,32,0,1740,4009,0.4340234472437017,3.03021,24.853727999908692,0.5818565344059393,0.7632071203879076,0.7936769935434934,0.8349870780947646
chat_preview,photo,kodak_02,768,512,512,341,30,64,32,1,2551,4009,0.6363182838613121,3.04975,25.949018291771935,0.6286249549578415,0.8244006678237127,0.8545418937452791,0.8853677711286768
chat_preview,photo,kodak_02,768,512,512,341,30,64,32,2,3299,4009,0.822898478423547,3.55312,27.253501955307044,0.6720455400593507,0.8560441707138907,0.889191296520003,0.9262807032457845
chat_preview,photo,kodak_02,768,512,512,341,30,64,32,3,3782,4009,0.9433774008480917,3.80808,27.75509415206222,0.6917381812393417,0.867196883206498,0.9020744221389924,0.9351653311923837
chat_preview,photo,kodak_02,768,512,512,341,30,64,32,4,4009,4009,1.0,4.00483,27.775792519484423,0.692121210427722,0.867380204687816,0.9022264009981865,0.93546618818841
chat_preview,photo,kodak_02,768,512,512,341,30,64,64,0,2890,7720,0.3743523316062176,3.66433,26.17479541480007,0.6403200783335202,0.8427941643851034,0.8641157427236326,0.8929853109479132
chat_preview,photo,kodak_02,768,512,512,341,30,64,64,1,4918,7720,0.6370466321243523,3.63217,28.02977693735255,0.7124343055769331,0.8948388158947096,0.9150077175260957,0.9458103504002373
chat_preview,photo,kodak_02,768,512,512,341,30,64,64,2,6825,7720,0.8840673575129534,3.81004,29.36742806852356,0.7644120029476159,0.918667181436693,0.9428787487563047,0.9638039194820405
chat_preview,photo,kodak_02,768,512,512,341,30,64,64,3,7720,7720,1.0,4.10379,29.900472998785986,0.7782775794136346,0.9222307771283913,0.9476712406007545,0.96923087586077
chat_preview,photo,kodak_02,768,512,512,341,31,64,32,0,1740,4051,0.42952357442606764,3.18175,24.853727999908692,0.5818565344059393,0.7632071203879076,0.7936769935434934,0.8349870780947646
chat_preview,photo,kodak_02,768,512,512,341,31,64,32,1,2553,4051,0.630214761787213,3.98242,25.94843418011088,0.6286755366586338,0.8243857735629593,0.8545248333012728,0.885347505601839
chat_preview,photo,kodak_02,768,512,512,341,31,64,32,2,3309,4051,0.8168353492964701,3.37517,27.272839636097814,0.6723614942166302,0.8564666610822158,0.8891489604473853,0.9271156202972634
chat_preview,photo,kodak_02,768,512,512,341,31,64,32,3,3823,4051,0.9437176005924464,3.47708,27.803209023921905,0.6929469988135165,0.86800944993339,0.9022513157770607,0.9366088376309766
chat_preview,photo,kodak_02,768,512,512,341,31,64,32,4,4051,4051,1.0,4.06496,27.82668116047661,0.693337219418977,0.8681858991762588,0.902397214802692,0.9369355554263598
chat_preview,photo,kodak_02,768,512,512,341,31,64,64,0,2890,7769,0.37199124726477023,3.27462,26.17479541480007,0.6403200783335202,0.8427941643851034,0.8641157427236326,0.8929853109479132
chat_preview,photo,kodak_02,768,512,512,341,31,64,64,1,4920,7769,0.6332861372119964,4.05429,28.029938959411282,0.7124189913624162,0.8948215558460842,0.9150059190752047,0.9458133360031399
chat_preview,photo,kodak_02,768,512,512,341,31,64,64,2,6828,7769,0.8788775904234779,3.72267,29.383367711301748,0.7648093541065375,0.9189901574274383,0.9432796669600397,0.9640039869995297
chat_preview,photo,kodak_02,768,512,512,341,31,64,64,3,7769,7769,1.0,3.90087,29.946540632664373,0.779790115648047,0.9228448499952019,0.948334123344285,0.9696901166820525
chat_preview,photo,kodak_02,768,512,512,341,32,64,32,0,1740,4091,0.42532388169151797,3.00308,24.853727999908692,0.5818565344059393,0.7632071203879076,0.7936769935434934,0.8349870780947646
chat_preview,photo,kodak_02,768,512,512,341,32,64,32,1,2578,4091,0.6301637741383525,3.00442,25.96453040206864,0.6290986896669443,0.8249663550911737,0.854353326865412,0.8860312237625857
chat_preview,photo,kodak_02,768,512,512,341,32,64,32,2,3341,4091,0.8166707406502077,3.36904,27.2856233964607,0.6733140681657414,0.8570496983206614,0.8892270038083399,0.9273116788056595
chat_preview,photo,kodak_02,768,512,512,341,32,64,32,3,3861,4091,0.9437790271327304,3.31787,27.826165776208867,0.6940625022212509,0.8686464854026825,0.9024524583411808,0.9370521288607795
chat_preview,photo,kodak_02,768,512,512,341,32,64,32,4,4091,4091,1.0,3.4515,27.852136492105334,0.6944881265714812,0.8688324554068988,0.9026095013180127,0.9374098319650187
chat_preview,photo,kodak_02,768,512,512,341,32,64,64,0,2890,7881,0.366704732901916,3.05317,26.17479541480007,0.6403200783335202,0.8427941643851034,0.8641157427236326,0.8929853109479132
chat_preview,photo,kodak_02,768,512,512,341,32,64,64,1,4974,7881,0.6311381804339551,3.14229,28.041292057960007,0.7129621679230818,0.8951583505120655,0.9152648088617591,0.9458983532528661
chat_preview,photo,kodak_02,768,512,512,341,32,64,64,2,6908,7881,0.8765385103413272,3.36133,29.409740187073506,0.765554307525388,0.9194041816689457,0.9432442026250316,0.964257076780754
chat_preview,photo,kodak_02,768,512,512,341,32,64,64,3,7881,7881,1.0,4.22962,29.99575615925336,0.7806974711329321,0.9231841629891783,0.9482724348338937,0.969875559900679
chat_preview,photo,kodak_02,768,512,512,341,33,64,32,0,1740,4167,0.4175665946724262,3.68458,24.853727999908692,0.5818565344059393,0.7632071203879076,0.7936769935434934,0.8349870780947646
chat_preview,photo,kodak_02,768,512,512,341,33,64,32,1,2582,4167,0.6196304295656347,3.28046,25.965731146399733,0.6291440039981328,0.8249178023098719,0.8543561780399256,0.8860992572923935
chat_preview,photo,kodak_02,768,512,512,341,33,64,32,2,3377,4167,0.810415166786657,3.30762,27.30743619969717,0.675030440846033,0.8583203614103141,0.8907608839312169,0.9284124239087447
chat_preview,photo,kodak_02,768,512,512,341,33,64,32,3,3933,4167,0.9438444924406048,3.444,27.867001303663645,0.6966900530799918,0.8700233088618186,0.903986628766894,0.9385849032154743
chat_preview,photo,kodak_02,768,512,512,341,33,64,32,4,4167,4167,1.0,3.61937,27.896194743171773,0.697150621470386,0.8702174475043286,0.9041468850964305,0.9389747093703378
chat_preview,photo,kodak_02,768,512,512,341,33,64,64,0,2930,8110,0.36128236744759556,3.13462,26.17479541480007,0.6403200783335202,0.8427941643851034,0.8641157427236326,0.8929853109479132
chat_preview,photo,kodak_02,768,512,512,341,33,64,64,1,5043,8110,0.6218249075215783,3.17579,28.043709487284975,0.7131173028263064,0.8953824424385107,0.9155009337480946,0.9458947811559854
chat_preview,photo,kodak_02,768,512,512,341,33,64,64,2,7101,8110,0.8755856966707768,3.38429,29.441382716498783,0.7671961175940748,0.9204412124557897,0.9446242737205985,0.9651885557782297
chat_preview,photo,kodak_02,768,512,512,341,33,64,64,3,8110,8110,1.0,3.76442,30.039181825040217,0.7831710144785062,0.9237181905191841,0.9489439989760334,0.9697581134807891
chat_preview,photo,kodak_02,768,512,512,341,34,64,32,0,1740,4170,0.4172661870503597,3.035,24.853727999908692,0.5818565344059393,0.7632071203879076,0.7936769935434934,0.8349870780947646
chat_preview,photo,kodak_02,768,512,512,341,34,64,32,1,2582,4170,0.6191846522781774,3.066,25.965731146399733,0.6291440039981328,0.8249178023098719,0.8543561780399256,0.8860992572923935
chat_preview,photo,kodak_02,768,512,512,341,34,64,32,2,3377,4170,0.809832134292566,3.02625,27.31233922610722,0.6751050553790415,0.85841590989551,0.8907634908994101,0.9285468268260246
chat_preview,photo,kodak_02,768,512,512,341,34,64,32,3,3935,4170,0.9436450839328537,3.33979,27.881750632114493,0.6969441103948301,0.8702345043914481,0.9040963770449978,0.938841513011498
chat_preview,photo,kodak_02,768,512,512,341,34,64,32,4,4170,4170,1.0,3.73162,27.912863141744616,0.6974416139551295,0.8704379683101354,0.9042692583603176,0.939253283960707
chat_preview,photo,kodak_02,768,512,512,341,34,64,64,0,2930,8111,0.3612378251756873,3.07933,26.17479541480007,0.6403200783335202,0.8427941643851034,0.8641157427236326,0.8929853109479132
chat_preview,photo,kodak_02,768,512,512,341,34,64,64,1,5043,8111,0.6217482431266181,3.32367,28.043709487284975,0.7131173028263064,0.8953824424385107,0.9155009337480946,0.9458947811559854
chat_preview,photo,kodak_02,768,512,512,341,34,64,64,2,7101,8111,0.8754777462704969,3.5365,29.44670129827955,0.7672824020296996,0.9204957090838635,0.9446701173353101,0.9652166824559064
chat_preview,photo,kodak_02,768,512,512,341,34,64,64,3,8111,8111,1.0,3.76412,30.06068383105452,0.783366294866504,0.9237832337815038,0.949003720176947,0.969848944865888
chat_preview,photo,kodak_02,768,512,512,341,35,64,32,0,1829,4320,0.4233796296296296,2.98679,24.88964076013461,0.5824754974635181,0.7649465178587683,0.7946628734082343,0.8359267276279793
chat_preview,photo,kodak_02,768,512,512,341,35,64,32,1,2677,4320,0.6196759259259259,3.16008,26.00762450263098,0.6307790400981401,0.8266288142871213,0.8566875338270966,0.8869874775871165
chat_preview,photo,kodak_02,768,512,512,341,35,64,32,2,3499,4320,0.8099537037037037,3.14171,27.40103983624557,0.6772049256996947,0.860683331012241,0.8927645679099212,0.930456769733918
chat_preview,photo,kodak_02,768,512,512,341,35,64,32,3,4083,4320,0.9451388888888889,3.46775,28.004791971559605,0.7003676721024922,0.8732621244481985,0.9070432661716201,0.9412136493650831
chat_preview,photo,kodak_02,768,512,512,341,35,64,32,4,4320,4320,1.0,3.48438,28.039790555988656,0.7008695528334772,0.873455948874769,0.9072022791758226,0.9416549784262211
chat_preview,photo,kodak_02,768,512,512,341,35,64,64,0,3119,8397,0.3714421817315708,3.05958,26.228712299450127,0.6420407944210266,0.8452211935707137,0.8659041762847901,0.8943997618148768
chat_preview,photo,kodak_02,768,512,512,341,35,64,64,1,5250,8397,0.6252232940335835,3.18417,28.10428666054002,0.7152586663757807,0.8976837307829553,0.9177825523203672,0.9461188832156922
chat_preview,photo,kodak_02,768,512,512,341,35,64,64,2,7336,8397,0.8736453495295939,3.29075,29.555614814695694,0.7700502166133583,0.92279487966305,0.9472178285777928,0.9656869348206939
chat_preview,photo,kodak_02,768,512,512,341,35,64,64,3,8397,8397,1.0,3.81671,30.220529089245435,0.7871797556617217,0.9267285625164555,0.9523455169153321,0.9708369713600213
chat_preview,photo,kodak_02,768,512,512,341,36,64,32,0,1829,4325,0.42289017341040464,3.09254,24.88964076013461,0.5824754974635181,0.7649465178587683,0.7946628734082343,0.8359267276279793
chat_preview,photo,kodak_02,768,512,512,341,36,64,32,1,2679,4325,0.619421965317919,3.07192,26.00868106164651,0.6309013110609073,0.8267448734071549,0.8566733363411811,0.8870071186309741
chat_preview,photo,kodak_02,768,512,512,341,36,64,32,2,3502,4325,0.8097109826589596,3.24937,27.415866445721385,0.6776243992960085,0.8612036952345224,0.8930056175230621,0.930571153224203
chat_preview,photo,kodak_02,768,512,512,341,36,64,32,3,4088,4325,0.9452023121387283,3.38287,28.040817651005135,0.7011373598482105,0.8740899890983228,0.9076285503387774,0.941737368326247
chat_preview,photo,kodak_02,768,512,512,341,36,64,32,4,4325,4325,1.0,3.4315,28.076536950929736,0.7016476080760038,0.8742820860073066,0.9077853043206312,0.9421656648951408
chat_preview,photo,kodak_02,768,512,512,341,36,64,64,0,3119,8407,0.3710003568454859,3.02187,26.228712299450127,0.6420407944210266,0.8452211935707137,0.8659041762847901,0.8943997618148768
chat_preview,photo,kodak_02,768,512,512,341,36,64,64,1,5255,8407,0.6250743428095634,3.17033,28.104896300073573,0.7152963223876113,0.8976942442321404,0.9177768765849736,0.946127078638732
chat_preview,photo,kodak_02,768,512,512,341,36,64,64,2,7344,8407,0.8735577494944688,3.47854,29.581133491938218,0.7705023088185282,0.9230563272758134,0.9475136248220654,0.965795901701135
chat_preview,photo,kodak_02,768,512,512,341,36,64,64,3,8407,8407,1.0,3.85908,30.263833280256094,0.7878067993029806,0.9270883326458804,0.952775825958898,0.9710260323370895
chat_preview,photo,kodak_02,768,512,512,341,37,64,32,0,1829,4363,0.4192069676827871,3.03992,24.88964076013461,0.5824754974635181,0.7649465178587683,0.7946628734082343,0.8359267276279793
chat_preview,photo,kodak_02,768,512,512,341,37,64,32,1,2705,4363,0.6199862479944992,3.12171,26.016357652164306,0.6315286006577043,0.8275683039793491,0.8565541407409525,0.8872192841912587
chat_preview,photo,kodak_02,768,512,512,341,37,64,32,2,3535,4363,0.8102223240889297,3.17029,27.42312634944277,0.6782679026029715,0.8617688120298931,0.8923627796876544,0.9310265146626562
chat_preview,photo,kodak_02,768,512,512,341,37,64,32,3,4121,4363,0.9445335778134312,3.48058,28.052821910642088,0.7017047092877751,0.8745307809265718,0.9069352383716606,0.9422209895494285
chat_preview,photo,kodak_02,768,512,512,341,37,64,32,4,4363,4363,1.0,3.51296,28.089454815586024,0.7023301268372787,0.8747114799104502,0.9070777525253068,0.9426817155387935
chat_preview,photo,kodak_02,768,512,512,341,37,64,64,0,3119,8491,0.36733011423860557,3.14029,26.228712299450127,0.6420407944210266,0.8452211935707137,0.8659041762847901,0.8943997618148768
chat_preview,photo,kodak_02,768,512,512,341,37,64,64,1,5336,8491,0.6284301024614297,3.22096,28.10458590645664,0.7165506339075819,0.8981397787519397,0.918012180636335,0.9457414856416191
chat_preview,photo,kodak_02,768,512,512,341,37,64,64,2,7428,8491,0.8748086208927099,3.61625,29.585577244090487,0.7716357262010506,0.9235733380540355,0.9476009239417791,0.9656017183147072
chat_preview,photo,kodak_02,768,512,512,341,37,64,64,3,8491,8491,1.0,3.898,30.274294603274544,0.788871794373409,0.9277553726326874,0.9528312807189799,0.9711432073888193
chat_preview,photo,kodak_02,768,512,512,341,38,64,32,0,1829,4442,0.41175146330481766,3.05642,24.88964076013461,0.5824754974635181,0.7649465178587683,0.7946628734082343,0.8359267276279793
chat_preview,photo,kodak_02,768,512,512,341,38,64,32,1,2706,4442,0.6091850517784781,3.01942,26.016765522005926,0.6315684874473808,0.8276197855941292,0.8565579740108359,0.8872317689305684
chat_preview,photo,kodak_02,768,512,512,341,38,64,32,2,3586,4442,0.8072940117064386,3.22517,27.4507018916198,0.6797152720678737,0.8628441727168951,0.8944641274660361,0.9323483529617952
chat_preview,photo,kodak_02,768,512,512,341,38,64,32,3,4196,4442,0.9446195407474111,3.57296,28.09218133221846,0.703948495152194,0.8756455477258193,0.9091619955466983,0.9435457918647504
chat_preview,photo,kodak_02,768,512,512,341,38,64,32,4,4442,4442,1.0,3.64067,28.133829938644904,0.7047009427730133,0.8757899468497706,0.9092589357543329,0.9440275263095851
chat_preview,photo,kodak_02,768,512,512,341,38,64,64,0,3119,8718,0.35776554255563203,3.07737,26.228712299450127,0.6420407944210266,0.8452211935707137,0.8659041762847901,0.8943997618148768
chat_preview,photo,kodak_02,768,512,512,341,38,64,64,1,5344,8718,0.6129846295021794,3.99917,28.104722061520164,0.7165073166651488,0.898117200077615,0.9179985449181626,0.9457429070156513
chat_preview,photo,kodak_02,768,512,512,341,38,64,64,2,7603,8718,0.8721036935076852,3.40696,29.626546331519762,0.7735290795545763,0.9244334419268876,0.9489470577431827,0.9663736292348466
chat_preview,photo,kodak_02,768,512,512,341,38,64,64,3,8718,8718,1.0,3.8655,30.332668297437042,0.7917486112281086,0.928401091124725,0.9538154640541819,0.9711579079635042
chat_preview,photo,kodak_02,768,512,512,341,39,64,32,0,1841,4469,0.41194898187513984,3.13967,24.919980057144706,0.5838888830246715,0.7687237019945186,0.794758650871417,0.8378999911408836
chat_preview,photo,kodak_02,768,512,512,341,39,64,32,1,2720,4469,0.6086372790333408,3.13333,26.06750688705173,0.6332036950645881,0.8320654203295906,0.8566133600588267,0.8894565909552722
chat_preview,photo,kodak_02,768,512,512,341,39,64,32,2,3606,4469,0.8068919221302304,3.28167,27.512691890558287,0.6820635722388794,0.8678090362603466,0.8942048036000626,0.9340880874529309
chat_preview,photo,kodak_02,768,512,512,341,39,64,32,3,4220,4469,0.944282837323786,3.25258,28.171775470874753,0.7063625175776084,0.8805658955866379,0.9089307186753894,0.9452428247732009
chat_preview,photo,kodak_02,768,512,512,341,39,64,32,4,4469,4469,1.0,3.56646,28.215295786514805,0.7071464680516518,0.8807122691768381,0.9090246587103232,0.9457355071595245
chat_preview,photo,kodak_02,768,512,512,341,39,64,64,0,3137,8748,0.3585962505715592,3.04912,26.28320976704458,0.6450493303131525,0.8502886144126113,0.8660304402068922,0.8965159679111366
chat_preview,photo,kodak_02,768,512,512,341,39,64,64,1,5364,8748,0.6131687242798354,3.31262,28.18884374972448,0.7199872141171101,0.903422708768208,0.9191462198573989,0.9478240765688284
chat_preview,photo,kodak_02,768,512,512,341,39,64,64,2,7633,8748,0.8725422953818015,3.42588,29.751055562129146,0.77699384969011,0.9297157106219988,0.9500656720541595,0.9683476739538992
chat_preview,photo,kodak_02,768,512,512,341,39,64,64,3,8748,8748,1.0,3.81225,30.47806737233465,0.7952847472984198,0.9335800948334896,0.9548466756397481,0.9728894249040116
chat_preview,photo,kodak_02,768,512,512,341,40,64,32,0,1841,4496,0.4094750889679715,3.18708,24.919980057144706,0.5838888830246715,0.7687237019945186,0.794758650871417,0.8378999911408836
chat_preview,photo,kodak_02,768,512,512,341,40,64,32,1,2720,4496,0.604982206405694,3.11617,26.069773365517847,0.633228310028726,0.8322028900851822,0.8567561823657337,0.8895883176229819
chat_preview,photo,kodak_02,768,512,512,341,40,64,32,2,3606,4496,0.8020462633451957,3.36292,27.515569928860238,0.6822820220550545,0.8680531165557329,0.8943258062810941,0.9341870505825082
chat_preview,photo,kodak_02,768,512,512,341,40,64,32,3,4245,4496,0.9441725978647687,4.12504,28.186893141713355,0.707295247437241,0.8807466031299244,0.9090951260464062,0.9454963412835302
chat_preview,photo,kodak_02,768,512,512,341,40,64,32,4,4496,4496,1.0,3.60504,28.233096134990852,0.708080899807266,0.8809056249639468,0.9092061771752047,0.9460199969032035
chat_preview,photo,kodak_02,768,512,512,341,40,64,64,0,3137,8793,0.35676105993403845,4.687,26.28320976704458,0.6450493303131525,0.8502886144126113,0.8660304402068922,0.8965159679111366
chat_preview,photo,kodak_02,768,512,512,341,40,64,64,1,5365,8793,0.6101444330717616,4.41825,28.19447524894692,0.7202079334933903,0.9036017109038342,0.9193138966591737,0.9479398609827212
chat_preview,photo,kodak_02,768,512,512,341,40,64,64,2,7634,8793,0.8681906061639941,3.76867,29.753736363092614,0.7771655129857806,0.9298275848845033,0.9501610027061269,0.9683962485234834
chat_preview,photo,kodak_02,768,512,512,341,40,64,64,3,8793,8793,1.0,4.18746,30.51033240104426,0.7962584391926182,0.9339437760929991,0.955175536668174,0.9732206542367721
chat_preview,photo,kodak_02,768,512,512,341,41,64,32,0,1881,4604,0.40855777584708947,3.592,24.919980057144706,0.5838888830246715,0.7687237019945186,0.794758650871417,0.8378999911408836
chat_preview,photo,kodak_02,768,512,512,341,41,64,32,1,2792,4604,0.6064291920069504,3.37637,26.0809816645555,0.633943191656757,0.832951226199909,0.8576787636298873,0.8896372996197682
chat_preview,photo,kodak_02,768,512,512,341,41,64,32,2,3709,4604,0.805603822762815,3.52921,27.53872472372063,0.6840066009787241,0.8692980605971172,0.8951511022137302,0.9345926926953801
chat_preview,photo,kodak_02,768,512,512,341,41,64,32,3,4353,4604,0.9454821894005213,3.79642,28.221784048719677,0.7089956747699047,0.8819448132404245,0.909997602972228,0.9461096340826698
chat_preview,photo,kodak_02,768,512,512,341,41,64,32,4,4604,4604,1.0,3.64942,28.269578829126782,0.7097922914026443,0.8821186827567105,0.9101177708072418,0.9466459949275435
chat_preview,photo,kodak_02,768,512,512,341,41,64,64,0,3137,8984,0.34917631344612643,3.27742,26.28320976704458,0.6450493303131525,0.8502886144126113,0.8660304402068922,0.8965159679111366
chat_preview,photo,kodak_02,768,512,512,341,41,64,64,1,5508,8984,0.6130899376669635,3.57121,28.22127088565962,0.7220713270753688,0.9047461275077584,0.9206406413459497,0.9485391714311723
chat_preview,photo,kodak_02,768,512,512,341,41,64,64,2,7823,8984,0.8707702582368655,3.393,29.79583445085124,0.7789569640232544,0.9308883299806142,0.9511725018405488,0.9689017957800465
chat_preview,photo,kodak_02,768,512,512,341,41,64,64,3,8984,8984,1.0,3.91067,30.58044538451671,0.7982022439415163,0.9350602858197927,0.9562961698780676,0.9737182975073916
chat_preview,photo,kodak_02,768,512,512,341,42,64,32,0,1881,4655,0.40408163265306124,3.15712,24.919980057144706,0.5838888830246715,0.7687237019945186,0.794758650871417,0.8378999911408836
chat_preview,photo,kodak_02,768,512,512,341,42,64,32,1,2813,4655,0.604296455424275,3.09525,26.101469772634815,0.6337556568144708,0.8333591978584344,0.8577389170792042,0.8905634701240446
chat_preview,photo,kodak_02,768,512,512,341,42,64,32,2,3730,4655,0.8012889366272825,3.079,27.557798092534163,0.6847093307134763,0.8698807569855185,0.8952134134403893,0.9348818966961687
chat_preview,photo,kodak_02,768,512,512,341,42,64,32,3,4401,4655,0.9454350161117079,3.28796,28.253411939250924,0.7107451071850365,0.8825324364229795,0.9102077411255035,0.9464961634328993
chat_preview,photo,kodak_02,768,512,512,341,42,64,32,4,4655,4655,1.0,3.54679,28.30766367697084,0.7116162158281166,0.8827224993082664,0.9103478241622477,0.947069425280901
chat_preview,photo,kodak_02,768,512,512,341,42,64,64,0,3137,9124,0.34381850065760633,3.02379,26.28320976704458,0.6450493303131525,0.8502886144126113,0.8660304402068922,0.8965159679111366
chat_preview,photo,kodak_02,768,512,512,341,42,64,64,1,5570,9124,0.6104778605874617,3.23212,28.225307215100266,0.7230091888512531,0.90503064316994,0.9204356401676733,0.9485238251387623
chat_preview,photo,kodak_02,768,512,512,341,42,64,64,2,7886,9124,0.8643138974134151,3.77692,29.80702987601463,0.7799172279899235,0.9312620380079397,0.9509981679767366,0.9689525547453784
chat_preview,photo,kodak_02,768,512,512,341,42,64,64,3,9124,9124,1.0,4.15329,30.63602861857154,0.800632759555301,0.9357961411652472,0.9565395270052132,0.9741429343977875
chat_preview,photo,kodak_02,768,512,512,341,43,64,32,0,1881,4717,0.39877040491838034,3.13,24.919980057144706,0.5838888830246715,0.7687237019945186,0.794758650871417,0.8378999911408836
chat_preview,photo,kodak_02,768,512,512,341,43,64,32,1,2823,4717,0.5984736061055755,3.52579,26.099060023884867,0.6339259508275782,0.8331254216999859,0.8573467576060516,0.8904722243019101
chat_preview,photo,kodak_02,768,512,512,341,43,64,32,2,3789,4717,0.8032647869408522,3.29225,27.57581756533923,0.6866583849334708,0.8709341625771422,0.896714357091814,0.9361690920498648
chat_preview,photo,kodak_02,768,512,512,341,43,64,32,3,4463,4717,0.9461522153911385,4.09979,28.286562967494792,0.7125068467125516,0.8839123585627572,0.9121118091319221,0.9479633447429019
chat_preview,photo,kodak_02,768,512,512,341,43,64,32,4,4717,4717,1.0,3.80337,28.342677147311708,0.7133799707917041,0.8840885057140317,0.9122379900909378,0.9485317253165804
chat_preview,photo,kodak_02,768,512,512,341,43,64,64,0,3137,9351,0.33547214201689657,3.59221,26.28320976704458,0.6450493303131525,0.8502886144126113,0.8660304402068922,0.8965159679111366
chat_preview,photo,kodak_02,768,512,512,341,43,64,64,1,5602,9351,0.5990803122660678,3.48542,28.224499377929483,0.7231969566362366,0.9050080638360679,0.9204187079852766,0.9485178684048362
chat_preview,photo,kodak_02,768,512,512,341,43,64,64,2,8109,9351,0.8671799807507219,3.54787,29.829932037773283,0.7820515952171756,0.9318789247635774,0.9517860571260935,0.9692348785197475
chat_preview,photo,kodak_02,768,512,512,341,43,64,64,3,9351,9351,1.0,3.97929,30.673161477003084,0.8025302112163363,0.9360566694454294,0.9568793791285239,0.9742795703635914
chat_preview,photo,kodak_02,768,512,512,341,44,64,32,0,1884,4755,0.39621451104100947,3.41087,24.923159926345996,0.5848436227417578,0.770724656874136,0.7951935324491749,0.8373032278219675
chat_preview,photo,kodak_02,768,512,512,341,44,64,32,1,2832,4755,0.5955835962145111,3.40667,26.105764824982124,0.6350142597515265,0.8355369838615992,0.8576283297032657,0.8902153259701289
chat_preview,photo,kodak_02,768,512,512,341,44,64,32,2,3798,4755,0.7987381703470031,3.39225,27.595243926584715,0.6875709091811649,0.8731799077690067,0.8970579320580053,0.9365827005652888
chat_preview,photo,kodak_02,768,512,512,341,44,64,32,3,4497,4755,0.9457413249211356,3.30258,28.33540211794116,0.71447392504267,0.8867716342803429,0.9130552830154341,0.9487656686066598
chat_preview,photo,kodak_02,768,512,512,341,44,64,32,4,4755,4755,1.0,3.702,28.395062424059653,0.7153768856926813,0.8869913604890337,0.9132441377257834,0.9493828091812748
chat_preview,photo,kodak_02,768,512,512,341,44,64,64,0,3109,9399,0.3307798701989573,3.08054,26.29322434923367,0.6472766832469481,0.8527678455975382,0.8662363899124872,0.8964089386783297
chat_preview,photo,kodak_02,768,512,512,341,44,64,64,1,5585,9399,0.5942121502287477,3.20083,28.246801346941716,0.7252132342524882,0.9076250023029488,0.9205835464130173,0.9491502953882625
chat_preview,photo,kodak_02,768,512,512,341,44,64,64,2,8094,9399,0.8611554420683052,3.42796,29.866294182673073,0.7842432193134394,0.9345184464090308,0.9520589593733861,0.9698646662533206
chat_preview,photo,kodak_02,768,512,512,341,44,64,64,3,9399,9399,1.0,3.91112,30.744394778995417,0.8059514658698722,0.9390067069166547,0.9576109262871202,0.9750702180731631
chat_preview,photo,kodak_02,768,512,512,341,45,64,32,0,1884,4785,0.39373040752351096,3.08237,24.923159926345996,0.5848436227417578,0.770724656874136,0.7951935324491749,0.8373032278219675
chat_preview,photo,kodak_02,768,512,512,341,45,64,32,1,2832,4785,0.5918495297805643,3.19529,26.105971644515957,0.6350398152180438,0.8355640149516201,0.8576244352880318,0.8902145351983112
chat_preview,photo,kodak_02,768,512,512,341,45,64,32,2,3810,4785,0.7962382445141066,3.17717,27.595443444016144,0.6875384526299421,0.8732249426640376,0.8971379483689857,0.9364921281785118
chat_preview,photo,kodak_02,768,512,512,341,45,64,32,3,4515,4785,0.9435736677115988,3.28362,28.349967959324495,0.7147315658401898,0.8870448791745522,0.9133541952425638,0.9488846982155597
chat_preview,photo,kodak_02,768,512,512,341,45,64,32,4,4785,4785,1.0,3.43196,28.414366446371325,0.7158239133168579,0.8873180718854728,0.9135964147014574,0.9495362154588681
chat_preview,photo,kodak_02,768,512,512,341,45,64,64,0,3109,9426,0.3298323785274772,3.04008,26.29322434923367,0.6472766832469481,0.8527678455975382,0.8662363899124872,0.8964089386783297
chat_preview,photo,kodak_02,768,512,512,341,45,64,64,1,5585,9426,0.5925100785062593,3.21037,28.24707250661841,0.7252290909294108,0.9076341776917441,0.9205838858047123,0.9491543514368895
chat_preview,photo,kodak_02,768,512,512,341,45,64,64,2,8116,9426,0.8610227031614682,3.54125,29.876670636755996,0.7843958492915967,0.9346138109612586,0.9521277873118826,0.9699462510535084
chat_preview,photo,kodak_02,768,512,512,341,45,64,64,3,9426,9426,1.0,3.91125,30.776529727836504,0.8062932706546132,0.9391599139415718,0.9577426382046313,0.9752177305793536
chat_preview,photo,kodak_02,768,512,512,341,46,64,32,0,1884,4832,0.38990066225165565,3.05229,24.923159926345996,0.5848436227417578,0.770724656874136,0.7951935324491749,0.8373032278219675
chat_preview,photo,kodak_02,768,512,512,341,46,64,32,1,2832,4832,0.5860927152317881,3.2085,26.105971644515957,0.6350398152180438,0.8355640149516201,0.8576244352880318,0.8902145351983112
chat_preview,photo,kodak_02,768,512,512,341,46,64,32,2,3821,4832,0.7907698675496688,3.17887,27.61226367753819,0.6880218567385606,0.8738251385481121,0.8976649259490989,0.9366276158532024
chat_preview,photo,kodak_02,768,512,512,341,46,64,32,3,4557,4832,0.9430877483443708,3.63617,28.395324142385356,0.7166138050336698,0.8883582175931858,0.9147253247431177,0.9494294774862596
chat_preview,photo,kodak_02,768,512,512,341,46,64,32,4,4832,4832,1.0,3.96525,28.465899111227515,0.7177648344092274,0.8886732419377843,0.9150054221659675,0.9501191704487635
chat_preview,photo,kodak_02,768,512,512,341,46,64,64,0,3109,9548,0.3256179304566401,3.12775,26.29322434923367,0.6472766832469481,0.8527678455975382,0.8662363899124872,0.8964089386783297
chat_preview,photo,kodak_02,768,512,512,341,46,64,64,1,5585,9548,0.584939254294093,3.3335,28.24707250661841,0.7252290909294108,0.9076341776917441,0.9205838858047123,0.9491543514368895
chat_preview,photo,kodak_02,768,512,512,341,46,64,64,2,8168,9548,0.8554671135316296,3.61042,29.906327470198917,0.7849008284122458,0.9350087603271708,0.9525446993229214,0.9701481986876881
chat_preview,photo,kodak_02,768,512,512,341,46,64,64,3,9548,9548,1.0,4.05412,30.84325078749619,0.8079215659490848,0.9397684088438228,0.9583752748323221,0.9756871676178449
chat_preview,photo,kodak_02,768,512,512,341,47,64,32,0,1913,4919,0.38890018296401707,3.11142,24.900406486657847,0.5852723129391283,0.7719217576054799,0.7963943303770799,0.8382981862047073
chat_preview,photo,kodak_02,768,512,512,341,47,64,32,1,2904,4919,0.5903638951006303,3.14379,26.10788644124757,0.6354131140469664,0.8375034167654191,0.8605347467974488,0.8916197409057067
chat_preview,photo,kodak_02,768,512,512,341,47,64,32,2,3900,4919,0.7928440739987802,3.48079,27.604534576110108,0.6892615149734058,0.8757668469695657,0.9007736123852517,0.93719940384361
chat_preview,photo,kodak_02,768,512,512,341,47,64,32,3,4641,4919,0.9434844480585485,3.63133,28.40020062657707,0.7181630458945767,0.8906136956925451,0.918178674932937,0.9501930229682222
chat_preview,photo,kodak_02,768,512,512,341,47,64,32,4,4919,4919,1.0,3.63696,28.471996636070152,0.7193248371444407,0.8909347315039072,0.9184640352851512,0.9508904343021819
chat_preview,photo,kodak_02,768,512,512,341,47,64,64,0,3203,9752,0.32844544708777684,3.38212,26.26261148609965,0.6482647552413082,0.8540179463151146,0.8678009106123373,0.8965779782876385
chat_preview,photo,kodak_02,768,512,512,341,47,64,64,1,5767,9752,0.5913658736669402,3.46471,28.228532859023495,0.727478296523799,0.909273344493536,0.9221774743447646,0.949138452603205
chat_preview,photo,kodak_02,768,512,512,341,47,64,64,2,8367,9752,0.8579778506972928,3.62025,29.91821017704182,0.7874006191754556,0.9371358538830892,0.9546677678010425,0.9707940552972849
chat_preview,photo,kodak_02,768,512,512,341,47,64,64,3,9752,9752,1.0,3.83033,30.876916826271497,0.810613635835231,0.9419692912671941,0.9607078599117254,0.9764207031793657
chat_preview,photo,kodak_02,768,512,512,341,48,64,32,0,1913,4994,0.38305967160592713,3.10533,24.900406486657847,0.5852723129391283,0.7719217576054799,0.7963943303770799,0.8382981862047073
chat_preview,photo,kodak_02,768,512,512,341,48,64,32,1,2904,4994,0.5814977973568282,3.19158,26.108052403689843,0.6354369768852363,0.8375262764033341,0.8605349000568278,0.8916219770533925
chat_preview,photo,kodak_02,768,512,512,341,48,64,32,2,3943,4994,0.7895474569483381,3.15496,27.628733509934158,0.6906741006365831,0.876938639041625,0.9027493531448988,0.938778317845171
chat_preview,photo,kodak_02,768,512,512,341,48,64,32,3,4712,4994,0.9435322386864237,3.50525,28.4557470964749,0.7202925634388094,0.8924828360354802,0.9208124798105041,0.9521826120391781
chat_preview,photo,kodak_02,768,512,512,341,48,64,32,4,4994,4994,1.0,3.72104,28.531824524239525,0.7215099813687192,0.8928415971273341,0.9211249528058086,0.9529249185632624
chat_preview,photo,kodak_02,768,512,512,341,48,64,64,0,3203,10022,0.31959688684893234,3.03287,26.26261148609965,0.6482647552413082,0.8540179463151146,0.8678009106123373,0.8965779782876385
chat_preview,photo,kodak_02,768,512,512,341,48,64,64,1,5767,10022,0.5754340451007783,3.268,28.228628941979483,0.7274849664327023,0.9092821074249979,0.9221762458298128,0.9491419348366383
chat_preview,photo,kodak_02,768,512,512,341,48,64,64,2,8552,10022,0.85332269008182,3.41546,29.949906171242418,0.7896926389841473,0.9376266424774325,0.9551848030508753,0.9709272472983751
chat_preview,photo,kodak_02,768,512,512,341,48,64,64,3,10022,10022,1.0,3.89121,30.958299816679595,0.8139531222339335,0.9427014628360951,0.9614036424532166,0.976967975446195
chat_preview,photo,kodak_02,768,512,512,341,49,64,32,0,1941,5095,0.38096172718351323,3.32467,24.90461397209268,0.5846568858513397,0.7712237853445862,0.7968235508984425,0.8378295333828044
chat_preview,photo,kodak_02,768,512,512,341,49,64,32,1,2942,5095,0.5774288518155054,3.20642,26.11974228622565,0.635902082900187,0.837981525968535,0.8606174995325772,0.8914309130306883
chat_preview,photo,kodak_02,768,512,512,341,49,64,32,2,4021,5095,0.7892051030421983,3.24179,27.653210431231848,0.6911183678996388,0.8776207689201653,0.9027406979425308,0.9394333250991301
chat_preview,photo,kodak_02,768,512,512,341,49,64,32,3,4807,5095,0.9434739941118744,3.35683,28.49062655488359,0.7210030419088896,0.8932631182081625,0.9210860660261281,0.9529276206175026
chat_preview,photo,kodak_02,768,512,512,341,49,64,32,4,5095,5095,1.0,3.53012,28.57272245587861,0.72228573846585,0.8936191771038509,0.9213994869147131,0.9537177970893027
chat_preview,photo,kodak_02,768,512,512,341,49,64,64,0,3336,10278,0.32457676590776413,3.09737,26.251523362848026,0.6474090327728469,0.8538146538157206,0.868167549009917,0.8961810085408345
chat_preview,photo,kodak_02,768,512,512,341,49,64,64,1,5915,10278,0.5755010702471298,3.28837,28.215170239002795,0.7270348043048919,0.9094039047291114,0.9218012546361534,0.9489917822733436
chat_preview,photo,kodak_02,768,512,512,341,49,64,64,2,8796,10278,0.8558085230589609,3.69042,29.946196917440165,0.7898206877047519,0.9377429227550106,0.9547358908657863,0.9709090487881145
chat_preview,photo,kodak_02,768,512,512,341,49,64,64,3,10278,10278,1.0,4.02729,30.976282964309586,0.8142066268153059,0.942919916726312,0.9608473196530225,0.977259690718155
chat_preview,photo,kodak_02,768,512,512,341,50,64,32,0,1941,5178,0.37485515643105444,3.05871,24.90461397209268,0.5846568858513397,0.7712237853445862,0.7968235508984425,0.8378295333828044
chat_preview,photo,kodak_02,768,512,512,341,50,64,32,1,2951,5178,0.5699111626110467,3.07733,26.125552882278313,0.6362736903018348,0.8381886303575338,0.860749005751481,0.8915579383289695
chat_preview,photo,kodak_02,768,512,512,341,50,64,32,2,4030,5178,0.7782927771340286,3.14562,27.65805634775714,0.6913334937947938,0.877806026507086,0.9028458983763002,0.939501535993838
chat_preview,photo,kodak_02,768,512,512,341,50,64,32,3,4857,5178,0.9380069524913094,3.29812,28.511129987610012,0.7222991223625668,0.893979161243356,0.9219770120300995,0.953257417993145
chat_preview,photo,kodak_02,768,512,512,341,50,64,32,4,5178,5178,1.0,3.50737,28.59711827253554,0.723825918771682,0.8943899713869067,0.9223430804765075,0.9540716074039388
chat_preview,photo,kodak_02,768,512,512,341,50,64,64,0,3336,10415,0.3203072491598656,3.1355,26.251523362848026,0.6474090327728469,0.8538146538157206,0.868167549009917,0.8961810085408345
chat_preview,photo,kodak_02,768,512,512,341,50,64,64,1,5950,10415,0.5712914066250601,3.41575,28.215715826392533,0.7274123295158534,0.909606174183672,0.9219669812139905,0.9490313745697058
chat_preview,photo,kodak_02,768,512,512,341,50,64,64,2,8831,10415,0.8479116658665387,3.41112,29.957012352401215,0.7901948005741946,0.9379707524986353,0.9548765713928603,0.971025505405864
chat_preview,photo,kodak_02,768,512,512,341,50,64,64,3,10415,10415,1.0,3.9545,31.020600012926938,0.816119855827523,0.9434068898861815,0.9612784112714376,0.9775803137593035
chat_preview,photo,kodak_02,768,512,512,341,51,64,32,0,1941,5212,0.3724098234842671,3.13325,24.90461397209268,0.5846568858513397,0.7712237853445862,0.7968235508984425,0.8378295333828044
chat_preview,photo,kodak_02,768,512,512,341,51,64,32,1,2965,5212,0.5688795088257866,3.21354,26.132169738256916,0.6367145542661404,0.8388604729924906,0.8605812312094324,0.8917100277318032
chat_preview,photo,kodak_02,768,512,512,341,51,64,32,2,4053,5212,0.7776285495011512,3.13604,27.677527059387998,0.6921396027801289,0.8788098912034509,0.9029913532860262,0.9395241980709563
chat_preview,photo,kodak_02,768,512,512,341,51,64,32,3,4886,5212,0.9374520337682272,3.43754,28.550186098137125,0.7234225638332914,0.8953063127566887,0.9225077936189139,0.9535158193297297
chat_preview,photo,kodak_02,768,512,512,341,51,64,32,4,5212,5212,1.0,4.10938,28.63753514775993,0.7250093843548401,0.8957096493091834,0.922863150086706,0.9543347211985063
chat_preview,photo,kodak_02,768,512,512,341,51,64,64,0,3336,10557,0.3159988633134413,3.186,26.251523362848026,0.6474090327728469,0.8538146538157206,0.868167549009917,0.8961810085408345
chat_preview,photo,kodak_02,768,512,512,341,51,64,64,1,6028,10557,0.5709955479776452,3.43975,28.241335776644508,0.7281463811368227,0.9098697540678685,0.9218944074393097,0.949631426580654
chat_preview,photo,kodak_02,768,512,512,341,51,64,64,2,8970,10557,0.8496732026143791,3.70633,30.008721588930484,0.7917646838972332,0.9387009622529887,0.9555389014694514,0.9715857594985655
chat_preview,photo,kodak_02,768,512,512,341,51,64,64,3,10557,10557,1.0,3.994,31.103783821668824,0.8180309152633157,0.9443149410929012,0.9620691632574394,0.9781181098394607
chat_preview,photo,kodak_02,768,512,512,341,52,64,32,0,1941,5306,0.3658122879758764,3.16121,24.90461397209268,0.5846568858513397,0.7712237853445862,0.7968235508984425,0.8378295333828044
chat_preview,photo,kodak_02,768,512,512,341,52,64,32,1,2971,5306,0.5599321522804372,5.43358,26.132485526840092,0.636674178073258,0.8388175629596448,0.8605420941355082,0.8917186899321018
chat_preview,photo,kodak_02,768,512,512,341,52,64,32,2,4082,5306,0.7693177534866189,3.52492,27.67273071282546,0.692410173577601,0.8786930424969307,0.9028673404231065,0.939439807076974
chat_preview,photo,kodak_02,768,512,512,341,52,64,32,3,4971,5306,0.9368639276290991,3.46162,28.557001897483563,0.7250521915723825,0.8956528826571999,0.9229563177981724,0.9536030537578404
chat_preview,photo,kodak_02,768,512,512,341,52,64,32,4,5306,5306,1.0,3.65379,28.655967293685592,0.726910248861338,0.8961654071307684,0.9234380106424971,0.9545240310833688
chat_preview,photo,kodak_02,768,512,512,341,52,64,64,0,3336,10724,0.3110779559865722,3.22692,26.251523362848026,0.6474090327728469,0.8538146538157206,0.868167549009917,0.8961810085408345
chat_preview,photo,kodak_02,768,512,512,341,52,64,64,1,6035,10724,0.5627564341663558,4.47075,28.241706710579457,0.7281716099497443,0.9098780204810192,0.9218911902701385,0.9496366090647351
chat_preview,photo,kodak_02,768,512,512,341,52,64,64,2,9025,10724,0.8415703095859753,3.44162,30.012593993657273,0.7921035090820578,0.938697248576216,0.9555249455522956,0.9716129045338149
chat_preview,photo,kodak_02,768,512,512,341,52,64,64,3,10724,10724,1.0,3.88792,31.14202602165618,0.8197724155205699,0.9445932702924148,0.9622935334067878,0.9783519095455991
chat_preview,photo,kodak_02,768,512,512,341,53,64,32,0,1941,5393,0.3599109957352123,3.11271,24.90461397209268,0.5846568858513397,0.7712237853445862,0.7968235508984425,0.8378295333828044
chat_preview,photo,kodak_02,768,512,512,341,53,64,32,1,3019,5393,0.5597997404042278,3.15079,26.132001491037897,0.6371561636875476,0.8399422921148819,0.8620192000011503,0.8924435009291236
chat_preview,photo,kodak_02,768,512,512,341,53,64,32,2,4149,5393,0.7693306137585759,3.33633,27.664853273024622,0.6931093666445441,0.879524078685851,0.9041827206378453,0.939711407646854
chat_preview,photo,kodak_02,768,512,512,341,53,64,32,3,5043,5393,0.9351010569256444,3.33417,28.558370074873224,0.7260853921925388,0.8965146618880712,0.9241843525290727,0.95395469620455
chat_preview,photo,kodak_02,768,512,512,341,53,64,32,4,5393,5393,1.0,3.60371,28.664128713083755,0.7281669564261616,0.8970519771265396,0.9246784141134651,0.9549436850160299
chat_preview,photo,kodak_02,768,512,512,341,53,64,64,0,3336,10961,0.30435179271964236,3.47454,26.251523362848026,0.6474090327728469,0.8538146538157206,0.868167549009917,0.8961810085408345
chat_preview,photo,kodak_02,768,512,512,341,53,64,64,1,6209,10961,0.5664629139677037,3.13437,28.247921863761206,0.7294944228819951,0.9110878611659793,0.9231676677661129,0.9501350830173365
chat_preview,photo,kodak_02,768,512,512,341,53,64,64,2,9254,10961,0.8442660341209743,3.70733,30.047948575622996,0.7937386342394714,0.939700540447903,0.9565078788099792,0.9719775953168748
chat_preview,photo,kodak_02,768,512,512,341,53,64,64,3,10961,10961,1.0,4.10787,31.207636004288233,0.8215716900262344,0.9456658567920039,0.9631017381274481,0.9787728802516282
chat_preview,photo,kodak_02,768,512,512,341,54,64,32,0,1965,5485,0.35824977210574294,3.0455,24.91157924187575,0.5853382311750122,0.7726291174912167,0.7965925878454286,0.8389606461620379
chat_preview,photo,kodak_02,768,512,512,341,54,64,32,1,3044,5485,0.554968094804011,3.03792,26.137961834047935,0.638315064364099,0.8414640249268742,0.862213538421792,0.8932641904378463
chat_preview,photo,kodak_02,768,512,512,341,54,64,32,2,4228,5485,0.7708295350957156,3.23525,27.699745530619644,0.6956229962185573,0.8820442330329192,0.9057892868231207,0.9414753923203653
chat_preview,photo,kodak_02,768,512,512,341,54,64,32,3,5129,5485,0.9350957155879672,3.31329,28.592710643613145,0.7284028851391575,0.8987033712234554,0.9253720962299697,0.9553669477287753
chat_preview,photo,kodak_02,768,512,512,341,54,64,32,4,5485,5485,1.0,3.6405,28.702388776129872,0.7305357990668554,0.8992734623544001,0.9258966564719744,0.9563858240296714
chat_preview,photo,kodak_02,768,512,512,341,54,64,64,0,3460,11316,0.3057617532697066,3.15433,26.262094287267992,0.6481035401700461,0.8544667331708822,0.8688545338714595,0.8964379561070084
chat_preview,photo,kodak_02,768,512,512,341,54,64,64,1,6340,11316,0.5602686461647225,3.21092,28.266939383553673,0.7301709018974374,0.911795110945054,0.9236432089953728,0.9502510787856162
chat_preview,photo,kodak_02,768,512,512,341,54,64,64,2,9604,11316,0.8487097914457405,3.52558,30.10053456284863,0.7960797935139854,0.9404554088513993,0.9573321989747821,0.9721809884009033
chat_preview,photo,kodak_02,768,512,512,341,54,64,64,3,11316,11316,1.0,3.90592,31.287857019429467,0.8236865261716799,0.9465102419568338,0.9641045493445795,0.9793298112012081
chat_preview,photo,kodak_02,768,512,512,341,55,64,32,0,1965,5573,0.3525928584245469,3.37246,24.91157924187575,0.5853382311750122,0.7726291174912167,0.7965925878454286,0.8389606461620379
chat_preview,photo,kodak_02,768,512,512,341,55,64,32,1,3049,5573,0.5471020994078594,3.03546,26.137567154050828,0.6383548039319346,0.841480900482993,0.8622211162366049,0.8932794050172889
chat_preview,photo,kodak_02,768,512,512,341,55,64,32,2,4255,5573,0.763502601830253,3.2165,27.697821167832526,0.6959962619008889,0.8821268172553309,0.9059395303293657,0.9413077855704063
chat_preview,photo,kodak_02,768,512,512,341,55,64,32,3,5207,5573,0.9343262156827562,4.04354,28.587704735281505,0.7298397827309274,0.899143006488815,0.9260136343691469,0.9552794677640934
chat_preview,photo,kodak_02,768,512,512,341,55,64,32,4,5573,5573,1.0,3.934,28.705290026820464,0.7322635909139165,0.8997996014119032,0.9266402603351038,0.9563650758898755
chat_preview,photo,kodak_02,768,512,512,341,55,64,64,0,3460,11518,0.3003993748914742,3.45112,26.262094287267992,0.6481035401700461,0.8544667331708822,0.8688545338714595,0.8964379561070084
chat_preview,photo,kodak_02,768,512,512,341,55,64,64,1,6354,11518,0.5516582740059038,3.26446,28.26783721922891,0.7301860213745641,0.9118017894222251,0.9236339150073414,0.9502699432847659
chat_preview,photo,kodak_02,768,512,512,341,55,64,64,2,9703,11518,0.842420559124848,3.58004,30.128671088002005,0.7965890949051307,0.9404109988344095,0.9573739203560496,0.9721663897726852
chat_preview,photo,kodak_02,768,512,512,341,55,64,64,3,11518,11518,1.0,4.02837,31.360063418572267,0.8255757236474622,0.946871265555897,0.9643618169033144,0.9796653959087993
chat_preview,photo,kodak_02,768,512,512,341,56,64,32,0,1965,5615,0.3499554764024933,3.37504,24.91157924187575,0.5853382311750122,0.7726291174912167,0.7965925878454286,0.8389606461620379
chat_preview,photo,kodak_02,768,512,512,341,56,64,32,1,3081,5615,0.5487088156723063,3.19896,26.145473036277636,0.6387260071225515,0.8417918806200322,0.8625750554993238,0.8934962961106332
chat_preview,photo,kodak_02,768,512,512,341,56,64,32,2,4288,5615,0.7636687444345504,3.37117,27.713353575124245,0.696618276122158,0.8827106909393295,0.9067488028450092,0.9413408086004935
chat_preview,photo,kodak_02,768,512,512,341,56,64,32,3,5247,5615,0.9344612644701692,3.49812,28.62953520375936,0.730896419557538,0.8998548545996753,0.9270506243306837,0.9555475382056452
chat_preview,photo,kodak_02,768,512,512,341,56,64,32,4,5615,5615,1.0,3.72783,28.751333327138298,0.7333810590898507,0.9005257295791526,0.9276949004103383,0.9566638859406095
chat_preview,photo,kodak_02,768,512,512,341,56,64,64,0,3460,11629,0.29753203198899303,3.234,26.262094287267992,0.6481035401700461,0.8544667331708822,0.8688545338714595,0.8964379561070084
chat_preview,photo,kodak_02,768,512,512,341,56,64,64,1,6449,11629,0.5545618711841087,3.31396,28.28937243411549,0.7312305683279196,0.9124731373731959,0.9237430504211432,0.9507707350714223
chat_preview,photo,kodak_02,768,512,512,341,56,64,64,2,9810,11629,0.8435807034138791,3.62979,30.18004630774254,0.7980560795692053,0.9415086572826538,0.9580047186141395,0.972599384893587
chat_preview,photo,kodak_02,768,512,512,341,56,64,64,3,11629,11629,1.0,4.35608,31.455715100950428,0.8275013182272067,0.9480051401257331,0.9650832106750749,0.9800979889888588
chat_preview,photo,kodak_02,768,512,512,341,57,64,32,0,1965,5717,0.34371173692496065,2.97558,24.91157924187575,0.5853382311750122,0.7726291174912167,0.7965925878454286,0.8389606461620379
chat_preview,photo,kodak_02,768,512,512,341,57,64,32,1,3103,5717,0.5427671855868462,3.36742,26.149897027581154,0.6394181882801085,0.8423734490906906,0.8629388957267581,0.8936326283999855
chat_preview,photo,kodak_02,768,512,512,341,57,64,32,2,4347,5717,0.7603638271820885,3.1655,27.721722587292756,0.6976124259647936,0.8834142152637918,0.9070571920480764,0.9415358888332456
chat_preview,photo,kodak_02,768,512,512,341,57,64,32,3,5347,5717,0.9352807416477174,3.35871,28.65499357847781,0.732925133429383,0.9008933696137681,0.9277659517409138,0.9558936019608613
chat_preview,photo,kodak_02,768,512,512,341,57,64,32,4,5717,5717,1.0,3.91912,28.786384022824038,0.7354655040556913,0.9015921230119951,0.9284386604572376,0.9570676283073745
chat_preview,photo,kodak_02,768,512,512,341,57,64,64,0,3460,11936,0.2898793565683646,3.02071,26.262094287267992,0.6481035401700461,0.8544667331708822,0.8688545338714595,0.8964379561070084
chat_preview,photo,kodak_02,768,512,512,341,57,64,64,1,6511,11936,0.5454926273458445,3.22162,28.292578472154197,0.7314336387573978,0.912447669711034,0.9236956464136968,0.9507666323261461
chat_preview,photo,kodak_02,768,512,512,341,57,64,64,2,9963,11936,0.8347017426273459,3.62387,30.215230195550802,0.7989820166115852,0.9416555945557414,0.9581504252508874,0.9726840085333219
chat_preview,photo,kodak_02,768,512,512,341,57,64,64,3,11936,11936,1.0,4.14967,31.54369843151369,0.8301421836822822,0.9484978421773277,0.9653842198118308,0.9804703816453887
chat_preview,photo,kodak_02,768,512,512,341,58,64,32,0,1965,5728,0.3430516759776536,3.1365,24.91157924187575,0.5853382311750122,0.7726291174912167,0.7965925878454286,0.8389606461620379
chat_preview,photo,kodak_02,768,512,512,341,58,64,32,1,3103,5728,0.5417248603351955,3.09679,26.149897027581154,0.6394181882801085,0.8423734490906906,0.8629388957267581,0.8936326283999855
chat_preview,photo,kodak_02,768,512,512,341,58,64,32,2,4346,5728,0.7587290502793296,3.10067,27.722216516788627,0.6976610070881194,0.883460631734938,0.9070414251068528,0.9414176897609606
chat_preview,photo,kodak_02,768,512,512,341,58,64,32,3,5352,5728,0.9343575418994413,3.4425,28.669851324814132,0.7333427643430963,0.9011186148121587,0.927985727588682,0.9559794149180242
chat_preview,photo,kodak_02,768,512,512,341,58,64,32,4,5728,5728,1.0,3.46908,28.804112313688922,0.7360292996174924,0.9018548226181956,0.9286957729705986,0.9571715453164875
chat_preview,photo,kodak_02,768,512,512,341,58,64,64,0,3460,11936,0.2898793565683646,3.18138,26.262094287267992,0.6481035401700461,0.8544667331708822,0.8688545338714595,0.8964379561070084
chat_preview,photo,kodak_02,768,512,512,341,58,64,64,1,6511,11936,0.5454926273458445,3.22596,28.292578472154197,0.7314336387573978,0.912447669711034,0.9236956464136968,0.9507666323261461
chat_preview,photo,kodak_02,768,512,512,341,58,64,64,2,9963,11936,0.8347017426273459,3.47158,30.215869522126674,0.7989955472252954,0.9416739591136306,0.9581479854117992,0.9726895586949126
chat_preview,photo,kodak_02,768,512,512,341,58,64,64,3,11936,11936,1.0,3.92804,31.5652465561218,0.8304294367224675,0.9485908706633284,0.9654869493236093,0.9805466289866176
chat_preview,photo,kodak_02,768,512,512,341,59,64,32,0,2028,5947,0.3410122750966874,3.1675,24.969594627192677,0.5862947392640129,0.7746553550502707,0.7973506822171514,0.838460675793945
chat_preview,photo,kodak_02,768,512,512,341,59,64,32,1,3180,5947,0.5347233899445099,3.09175,26.22211752072863,0.6410215633222396,0.8455725972943466,0.8639757819686814,0.8937103030412474
chat_preview,photo,kodak_02,768,512,512,341,59,64,32,2,4494,5947,0.7556751303178073,3.21596,27.858604251576647,0.7011244859859405,0.8882847003357642,0.9098414801682831,0.943182826538014
chat_preview,photo,kodak_02,768,512,512,341,59,64,32,3,5556,5947,0.9342525643181436,3.35688,28.85079730668781,0.7381854886936994,0.9062014136593232,0.9310438949668298,0.9577729988073629
chat_preview,photo,kodak_02,768,512,512,341,59,64,32,4,5947,5947,1.0,3.95967,28.998341769275136,0.7411131065597342,0.9069551382295414,0.9318238713799752,0.9590023778636777
chat_preview,photo,kodak_02,768,512,512,341,59,64,64,0,3605,12550,0.28725099601593623,3.14204,26.34202699072143,0.6503921833718783,0.8576754419986424,0.8691491577535729,0.8976808785346986
chat_preview,photo,kodak_02,768,512,512,341,59,64,64,1,6700,12550,0.5338645418326693,3.28079,28.397123993151126,0.7345067711770782,0.916522259485678,0.9254751937708284,0.9519425317885061
chat_preview,photo,kodak_02,768,512,512,341,59,64,64,2,10446,12550,0.8323505976095618,3.51883,30.4421812201682,0.8050672804600847,0.9467419075473776,0.9610188770834016,0.974115600726192
chat_preview,photo,kodak_02,768,512,512,341,59,64,64,3,12550,12550,1.0,3.91954,31.90331342405979,0.8376875618545522,0.9539244325902052,0.9684327930738875,0.9823141632986923
chat_preview,photo,kodak_02,768,512,512,341,60,64,32,0,2028,5994,0.3383383383383383,3.00308,24.969594627192677,0.5862947392640129,0.7746553550502707,0.7973506822171514,0.838460675793945
chat_preview,photo,kodak_02,768,512,512,341,60,64,32,1,3191,5994,0.5323656990323657,3.04808,26.226415750843756,0.6411959389911801,0.846075601402017,0.8643520184380902,0.8938357245087856
chat_preview,photo,kodak_02,768,512,512,341,60,64,32,2,4521,5994,0.7542542542542543,3.381,27.8655131471048,0.7014857338759087,0.88874946459519,0.9100305493580796,0.9433418082860279
chat_preview,photo,kodak_02,768,512,512,341,60,64,32,3,5594,5994,0.9332665999332665,3.35842,28.880809439748056,0.738763416320844,0.9067670987949231,0.9312819803133031,0.958103529980052
chat_preview,photo,kodak_02,768,512,512,341,60,64,32,4,5994,5994,1.0,3.58333,29.04129879577864,0.7419055952711563,0.9075602556035446,0.9321046960213231,0.9594180738023442
chat_preview,photo,kodak_02,768,512,512,341,60,64,64,0,3605,12637,0.2852734034976656,3.09558,26.34202699072143,0.6503921833718783,0.8576754419986424,0.8691491577535729,0.8976808785346986
chat_preview,photo,kodak_02,768,512,512,341,60,64,64,1,6716,12637,0.5314552504550131,3.32233,28.402490952190412,0.7345423755252973,0.9166197964310778,0.9255118540895652,0.9520372780095265
chat_preview,photo,kodak_02,768,512,512,341,60,64,64,2,10523,12637,0.8327134604732136,3.62058,30.452341049126836,0.8055860927563211,0.9468692170845004,0.9610754668998062,0.9741866526758084
chat_preview,photo,kodak_02,768,512,512,341,60,64,64,3,12637,12637,1.0,4.00367,31.944142700486672,0.8384338239441463,0.9541547410952377,0.9686410033483821,0.9824573769579963
chat_preview,photo,kodak_02,768,512,512,341,61,64,32,0,2028,6139,0.33034696204593583,3.09067,24.969594627192677,0.5862947392640129,0.7746553550502707,0.7973506822171514,0.838460675793945
chat_preview,photo,kodak_02,768,512,512,341,61,64,32,1,3225,6139,0.525329858283108,3.14121,26.237937790538595,0.641715484996754,0.8467025118848307,0.864250748690106,0.8940282762456928
chat_preview,photo,kodak_02,768,512,512,341,61,64,32,2,4577,6139,0.7455611663137319,3.18346,27.897720641899873,0.7026623396943797,0.8901253649703246,0.910520159686796,0.9436557624634946
chat_preview,photo,kodak_02,768,512,512,341,61,64,32,3,5713,6139,0.930607590812836,3.38654,28.944026379103548,0.7419338946911097,0.9088823388028072,0.9326704883354556,0.9587827072282533
chat_preview,photo,kodak_02,768,512,512,341,61,64,32,4,6139,6139,1.0,3.62546,29.125055536494887,0.7456357005258738,0.9099484377045556,0.9338367003494656,0.9602947430697034
chat_preview,photo,kodak_02,768,512,512,341,61,64,64,0,3605,12978,0.2777777777777778,3.16092,26.34202699072143,0.6503921833718783,0.8576754419986424,0.8691491577535729,0.8976808785346986
chat_preview,photo,kodak_02,768,512,512,341,61,64,64,1,6827,12978,0.5260440745877639,3.40837,28.416528854616786,0.7354349767146989,0.917281542048066,0.9256000203222912,0.9523189618828454
chat_preview,photo,kodak_02,768,512,512,341,61,64,64,2,10690,12978,0.8237016489443674,3.64558,30.509319872722283,0.8074153377080858,0.9481010006061029,0.9619945320810974,0.9746792349557272
chat_preview,photo,kodak_02,768,512,512,341,61,64,64,3,12978,12978,1.0,4.08413,32.069609663958374,0.8424858010534916,0.9557413941854005,0.9698115721848128,0.9830418663919717
chat_preview,photo,kodak_02,768,512,512,341,62,64,32,0,2068,6229,0.3319955048964521,3.0875,24.969594627192677,0.5862947392640129,0.7746553550502707,0.7973506822171514,0.838460675793945
chat_preview,photo,kodak_02,768,512,512,341,62,64,32,1,3265,6229,0.5241611815700754,3.14883,26.237937790538595,0.641715484996754,0.8467025118848307,0.864250748690106,0.8940282762456928
chat_preview,photo,kodak_02,768,512,512,341,62,64,32,2,4619,6229,0.7415315459945416,3.13962,27.896427274336858,0.7027070386105839,0.8902825055925293,0.9105069178625469,0.9435588684357678
chat_preview,photo,kodak_02,768,512,512,341,62,64,32,3,5762,6229,0.9250280943971745,3.38658,28.957029760446126,0.7424170249214369,0.9092986144681737,0.9329846509725993,0.9588695554519336
chat_preview,photo,kodak_02,768,512,512,341,62,64,32,4,6229,6229,1.0,3.83096,29.14567915284213,0.7461606952296189,0.9103689097082853,0.9341512369401355,0.9604245245053954
chat_preview,photo,kodak_02,768,512,512,341,62,64,64,0,3605,12996,0.27739304401354264,3.30479,26.34202699072143,0.6503921833718783,0.8576754419986424,0.8691491577535729,0.8976808785346986
chat_preview,photo,kodak_02,768,512,512,341,62,64,64,1,6827,12996,0.5253154816866729,3.17675,28.416528854616786,0.7354349767146989,0.917281542048066,0.9256000203222912,0.9523189618828454
chat_preview,photo,kodak_02,768,512,512,341,62,64,64,2,10692,12996,0.8227146814404432,3.54721,30.514798027133455,0.8075435032591195,0.9482234977641655,0.9620967125940854,0.9747146990374935
chat_preview,photo,kodak_02,768,512,512,341,62,64,64,3,12996,12996,1.0,4.11275,32.108335997974066,0.8430593150881708,0.95593054296008,0.97002995594393,0.9831640590948194
chat_preview,photo,kodak_02,768,512,512,341,63,64,32,0,2144,6496,0.33004926108374383,2.96862,24.960683656823367,0.5861812339061652,0.7749170866655396,0.7976785958247326,0.8387004939048986
chat_preview,photo,kodak_02,768,512,512,341,63,64,32,1,3368,6496,0.5184729064039408,3.06187,26.237647645491474,0.6424033003406987,0.8476262154123074,0.8649283531404389,0.8945050139544527
chat_preview,photo,kodak_02,768,512,512,341,63,64,32,2,4772,6496,0.7346059113300493,3.32842,27.912030167807323,0.7044046146829355,0.8919616285510396,0.9111164041259909,0.9440967084454331
chat_preview,photo,kodak_02,768,512,512,341,63,64,32,3,6010,6496,0.9251847290640394,3.60325,29.005041647306825,0.7455252675619808,0.9114324326192363,0.9340117227791375,0.9597384288577223
chat_preview,photo,kodak_02,768,512,512,341,63,64,32,4,6496,6496,1.0,3.95008,29.20895707904155,0.7497190556713716,0.9125804187445691,0.9352651274600441,0.9613577988423593
chat_preview,photo,kodak_02,768,512,512,341,63,64,64,0,3739,13480,0.2773738872403561,3.04763,26.332751584714348,0.6501522207100251,0.8578171044429411,0.8696854911368868,0.8979688073811711
chat_preview,photo,kodak_02,768,512,512,341,63,64,64,1,7041,13480,0.5223293768545995,3.31083,28.39591143578867,0.7357517952873902,0.9178007429288231,0.9261552777714943,0.9519465749418748
chat_preview,photo,kodak_02,768,512,512,341,63,64,64,2,11005,13480,0.8163946587537092,3.59375,30.513789193695352,0.8084707761186988,0.9488797498988338,0.9626249791524645,0.9745736777725748
chat_preview,photo,kodak_02,768,512,512,341,63,64,64,3,13480,13480,1.0,4.0075,32.16291530045888,0.8457449751742909,0.9568223123721302,0.970753657056856,0.9833805001857824
chat_preview,photo,kodak_02,768,512,512,341,64,64,32,0,2144,6627,0.32352497359287763,3.06554,24.960683656823367,0.5861812339061652,0.7749170866655396,0.7976785958247326,0.8387004939048986
chat_preview,photo,kodak_02,768,512,512,341,64,64,32,1,3368,6627,0.5082239323977668,3.08537,26.238096088893975,0.642462552939052,0.8476775197364375,0.8649452611650101,0.8945023254612441
chat_preview,photo,kodak_02,768,512,512,341,64,64,32,2,4836,6627,0.7297419646899049,3.25433,27.937562983357957,0.7066420641680699,0.8934313986494823,0.9124537048829582,0.9447479258546186
chat_preview,photo,kodak_02,768,512,512,341,64,64,32,3,6081,6627,0.917609778180172,3.67854,29.051002871981957,0.7477086469324646,0.9129395028284257,0.9353049448011153,0.9603563388607942
chat_preview,photo,kodak_02,768,512,512,341,64,64,32,4,6627,6627,1.0,3.74058,29.269238406430233,0.7523783808253719,0.9142314260127389,0.9366932449963336,0.9620725769638566
chat_preview,photo,kodak_02,768,512,512,341,64,64,64,0,3739,13746,0.27200640186235997,3.17125,26.332751584714348,0.6501522207100251,0.8578171044429411,0.8696854911368868,0.8979688073811711
chat_preview,photo,kodak_02,768,512,512,341,64,64,64,1,7042,13746,0.5122944856685582,3.33667,28.396141739228234,0.735769346133166,0.917802125946552,0.9261606282186157,0.9519462075920926
chat_preview,photo,kodak_02,768,512,512,341,64,64,64,2,11269,13746,0.8198021242543285,3.5585,30.532722160098146,0.8102952054214777,0.9493981242695586,0.963060985324414,0.9746436176803638
chat_preview,photo,kodak_02,768,512,512,341,64,64,64,3,13746,13746,1.0,4.09733,32.22768262829619,0.847664405740844,0.9574181811054702,0.9713547701568515,0.983696117701337
chat_preview,photo,kodak_02,768,512,512,341,65,64,32,0,2144,6811,0.31478490676846277,3.19629,24.960683656823367,0.5861812339061652,0.7749170866655396,0.7976785958247326,0.8387004939048986
chat_preview,photo,kodak_02,768,512,512,341,65,64,32,1,3434,6811,0.50418440757598,3.15146,26.252734531496415,0.6428189349440571,0.8486761544010261,0.865830751212512,0.894903948287721
chat_preview,photo,kodak_02,768,512,512,341,65,64,32,2,4926,6811,0.7232418147114961,3.34771,27.952657544076057,0.7072615787899537,0.8940814004387221,0.9127780282063976,0.9448775646128549
chat_preview,photo,kodak_02,768,512,512,341,65,64,32,3,6249,6811,0.9174864190280428,3.46913,29.102214498789248,0.7502266831425591,0.9144957569740638,0.9363533372276681,0.9607697742848372
chat_preview,photo,kodak_02,768,512,512,341,65,64,32,4,6811,6811,1.0,3.94012,29.340351014576747,0.7555025064060049,0.9159375942661092,0.9379537489786404,0.9626817162288229
chat_preview,photo,kodak_02,768,512,512,341,65,64,64,0,3739,14308,0.2613223371540397,3.1715,26.332751584714348,0.6501522207100251,0.8578171044429411,0.8696854911368868,0.8979688073811711
chat_preview,photo,kodak_02,768,512,512,341,65,64,64,1,7305,14308,0.5105535364830864,3.59342,28.413704791963635,0.7371698037489457,0.918458393398585,0.9269249111399904,0.9521652889481593
chat_preview,photo,kodak_02,768,512,512,341,65,64,64,2,11584,14308,0.8096169974839251,3.69392,30.56428099535813,0.8116804861761459,0.9497770474334569,0.9633671515524639,0.9747676745288526
chat_preview,photo,kodak_02,768,512,512,341,65,64,64,3,14308,14308,1.0,4.31658,32.32222541520745,0.8507722272204372,0.9581223383908769,0.9720297099060864,0.9839889719931527
chat_preview,photo,kodak_02,768,512,512,341,66,64,32,0,2144,6912,0.3101851851851852,3.19971,24.960683656823367,0.5861812339061652,0.7749170866655396,0.7976785958247326,0.8387004939048986
chat_preview,photo,kodak_02,768,512,512,341,66,64,32,1,3483,6912,0.50390625,3.29487,26.262816743370976,0.6432208881008262,0.848948595051244,0.8655390978789507,0.8955069521164476
chat_preview,photo,kodak_02,768,512,512,341,66,64,32,2,5001,6912,0.7235243055555556,3.51579,27.96811997702692,0.70797305302145,0.8947140281342048,0.912937163071134,0.944853161041657
chat_preview,photo,kodak_02,768,512,512,341,66,64,32,3,6333,6912,0.9162326388888888,3.52587,29.144786831564513,0.7513168798466866,0.9153671264029186,0.936989216378428,0.9610433704052385
chat_preview,photo,kodak_02,768,512,512,341,66,64,32,4,6912,6912,1.0,3.833,29.397304141926035,0.7569275407736279,0.9169177102022341,0.9387216714802709,0.9630699191174782
chat_preview,photo,kodak_02,768,512,512,341,66,64,64,0,3739,14576,0.25651756311745333,3.71221,26.332751584714348,0.6501522207100251,0.8578171044429411,0.8696854911368868,0.8979688073811711
chat_preview,photo,kodak_02,768,512,512,341,66,64,64,1,7441,14576,0.5104967069154775,3.44392,28.42267739041261,0.7381093857487183,0.919136686230568,0.9267996871451626,0.9524735582293264
chat_preview,photo,kodak_02,768,512,512,341,66,64,64,2,11832,14576,0.8117453347969265,3.94937,30.603814871771583,0.8135025096831586,0.9508871718239821,0.9639964830366647,0.9751294386678142
chat_preview,photo,kodak_02,768,512,512,341,66,64,64,3,14576,14576,1.0,4.46812,32.417358412026644,0.8532004575940914,0.9593995028519607,0.9728255983793691,0.9843521610695665
chat_preview,photo,kodak_02,768,512,512,341,67,64,32,0,2144,7082,0.30273933916972606,3.52196,24.960683656823367,0.5861812339061652,0.7749170866655396,0.7976785958247326,0.8387004939048986
chat_preview,photo,kodak_02,768,512,512,341,67,64,32,1,3484,7082,0.49195142615080484,3.48067,26.261148217082784,0.6430044594870252,0.8488279400141657,0.8654298623530565,0.8954020530514422
chat_preview,photo,kodak_02,768,512,512,341,67,64,32,2,5059,7082,0.7143462298785653,3.57117,27.991254983336056,0.7087021313360397,0.8953173476852679,0.913080016633557,0.945271487657296
chat_preview,photo,kodak_02,768,512,512,341,67,64,32,3,6485,7082,0.9157017791584299,3.63821,29.186499800060094,0.754074211087494,0.916859580873636,0.93809826655759,0.9616649590091982
chat_preview,photo,kodak_02,768,512,512,341,67,64,32,4,7082,7082,1.0,3.95729,29.45647168090016,0.7600509647242872,0.9185388653311763,0.9400101468982535,0.9638622223264401
chat_preview,photo,kodak_02,768,512,512,341,67,64,64,0,3779,14957,0.25265761850638496,3.19462,26.332751584714348,0.6501522207100251,0.8578171044429411,0.8696854911368868,0.8979688073811711
chat_preview,photo,kodak_02,768,512,512,341,67,64,64,1,7491,14957,0.5008357290900581,3.37533,28.42498670158005,0.7381767607318697,0.9192575288530263,0.9269445093340325,0.952523718197647
chat_preview,photo,kodak_02,768,512,512,341,67,64,64,2,11965,14957,0.7999598850036772,3.74296,30.629612686660245,0.8141953819677726,0.951267147044763,0.9642915657189874,0.9752950632599646
chat_preview,photo,kodak_02,768,512,512,341,67,64,64,3,14957,14957,1.0,4.10633,32.50683307261027,0.8560506117874751,0.9601119342603383,0.9734796472745473,0.9846298605104231
chat_preview,photo,kodak_02,768,512,512,341,68,64,32,0,2172,7184,0.30233853006681516,3.10483,24.978788789508904,0.5864925153694678,0.775795959960237,0.7977671138130226,0.8393652381641575
chat_preview,photo,kodak_02,768,512,512,341,68,64,32,1,3530,7184,0.491369710467706,3.49696,26.28178975535226,0.6436907122719777,0.8501804692958727,0.8656344233416923,0.8959424257840083
chat_preview,photo,kodak_02,768,512,512,341,68,64,32,2,5111,7184,0.7114420935412027,3.50621,28.02083532585465,0.7095515411096901,0.896827336602839,0.9133364955445323,0.9459244772366822
chat_preview,photo,kodak_02,768,512,512,341,68,64,32,3,6566,7184,0.9139755011135857,3.87087,29.242189571906515,0.7552879321641814,0.9186883374780944,0.9385671160256083,0.9623622604615396
chat_preview,photo,kodak_02,768,512,512,341,68,64,32,4,7184,7184,1.0,4.09204,29.535251351447304,0.7619087214230064,0.9205792594536177,0.9407975023046458,0.9648612037029498
chat_preview,photo,kodak_02,768,512,512,341,68,64,64,0,3851,15091,0.25518520972765224,3.05679,26.351712345918852,0.6511368025038621,0.8590893043099218,0.8696453528417418,0.8983456066179113
chat_preview,photo,kodak_02,768,512,512,341,68,64,64,1,7604,15091,0.5038764826717911,3.32183,28.46145661934305,0.7392204825894836,0.9204576293611891,0.9268051954637542,0.9531260541772323
chat_preview,photo,kodak_02,768,512,512,341,68,64,64,2,12078,15091,0.8003445762374926,3.86792,30.679835374339433,0.8153776715013477,0.95244205600632,0.9641772390650749,0.9758420817020484
chat_preview,photo,kodak_02,768,512,512,341,68,64,64,3,15091,15091,1.0,4.26292,32.62410138199025,0.8577935501504378,0.9614508328702862,0.9734910469055063,0.9852584089314245
chat_preview,photo,kodak_02,768,512,512,341,69,64,32,0,2172,7546,0.2878346143652266,3.42092,24.978788789508904,0.5864925153694678,0.775795959960237,0.7977671138130226,0.8393652381641575
chat_preview,photo,kodak_02,768,512,512,341,69,64,32,1,3532,7546,0.4680625496952028,3.47146,26.28185443161131,0.6437016773846982,0.8501900983811771,0.8656505678380417,0.8959478534754939
chat_preview,photo,kodak_02,768,512,512,341,69,64,32,2,5278,7546,0.699443413729128,3.71383,28.06342479844023,0.712064355867806,0.8981427432199173,0.9146188813564666,0.9468175327795912
chat_preview,photo,kodak_02,768,512,512,341,69,64,32,3,6840,7546,0.9064404982772329,3.77363,29.29548012161797,0.758676502636927,0.9191046255746996,0.9391199308759847,0.9628641951194004
chat_preview,photo,kodak_02,768,512,512,341,69,64,32,4,7546,7546,1.0,4.12287,29.671427902830537,0.7672715658758956,0.9222015120958605,0.9430636122377174,0.9674490067438888
chat_preview,photo,kodak_02,768,512,512,341,69,64,64,0,3851,15794,0.2438267696593643,3.64292,26.351712345918852,0.6511368025038621,0.8590893043099218,0.8696453528417418,0.8983456066179113
chat_preview,photo,kodak_02,768,512,512,341,69,64,64,1,7604,15794,0.48144865138660253,3.77492,28.461585913330524,0.73922309410961,0.9204669235192161,0.9268003609078383,0.9531295619771059
chat_preview,photo,kodak_02,768,512,512,341,69,64,64,2,12514,15794,0.7923261998227175,4.02946,30.71200893670551,0.8178274274527241,0.9528336632760293,0.9642779391667107,0.9758221132046521
chat_preview,photo,kodak_02,768,512,512,341,69,64,64,3,15794,15794,1.0,4.62796,32.727892681170864,0.861619194450827,0.9620303488878758,0.9737598575740717,0.9854839507837163
chat_preview,photo,kodak_02,768,512,512,341,70,64,32,0,2172,7624,0.2848898216159496,3.44487,24.978788789508904,0.5864925153694678,0.775795959960237,0.7977671138130226,0.8393652381641575
chat_preview,photo,kodak_02,768,512,512,341,70,64,32,1,3549,7624,0.4655036726128017,3.40692,26.282187795043555,0.6439275862464648,0.8503554842140914,0.8655990308734691,0.8959583166521992
chat_preview,photo,kodak_02,768,512,512,341,70,64,32,2,5303,7624,0.6955666316894019,3.72162,28.08273477114538,0.7125461535378815,0.8986289148582296,0.9150967503642562,0.9471570312462775
chat_preview,photo,kodak_02,768,512,512,341,70,64,32,3,6883,7624,0.902806925498426,3.88338,29.33635456272468,0.7595958821382962,0.92002367845408,0.9400804916492519,0.9633758702823702
chat_preview,photo,kodak_02,768,512,512,341,70,64,32,4,7624,7624,1.0,4.32358,29.737182986854126,0.7690491576926451,0.9234504998550103,0.9445175826208322,0.9688271871877276
chat_preview,photo,kodak_02,768,512,512,341,70,64,64,0,3851,15871,0.24264381576460212,3.45262,26.351712345918852,0.6511368025038621,0.8590893043099218,0.8696453528417418,0.8983456066179113
chat_preview,photo,kodak_02,768,512,512,341,70,64,64,1,7675,15871,0.4835864154747653,3.43771,28.46093116166138,0.7392740518668993,0.9203293384921117,0.9265748341580979,0.9530685111371244
chat_preview,photo,kodak_02,768,512,512,341,70,64,64,2,12587,15871,0.7930817213786151,3.86096,30.723774869341703,0.8182148402985692,0.9529284678636532,0.9643157043835991,0.9758797669177082
chat_preview,photo,kodak_02,768,512,512,341,70,64,64,3,15871,15871,1.0,4.44537,32.78718579330482,0.8625155632705345,0.9622844372521927,0.9740447181971171,0.9856628840002478
chat_preview,photo,kodak_02,768,512,512,341,71,64,32,0,2228,8018,0.27787478174108254,3.21721,24.952159424603696,0.5868394166629062,0.7769248556830609,0.7993704624469258,0.8398592430024749
chat_preview,photo,kodak_02,768,512,512,341,71,64,32,1,3701,8018,0.46158643053130455,3.23325,26.26952713623705,0.6456176151735215,0.8521723395887744,0.8676896076845049,0.8961953200429256
chat_preview,photo,kodak_02,768,512,512,341,71,64,32,2,5539,8018,0.6908206535295585,3.52562,28.100521435262355,0.714799653363723,0.9008646569459161,0.9172401141229496,0.9474752871021924
chat_preview,photo,kodak_02,768,512,512,341,71,64,32,3,7250,8018,0.9042155150910451,3.58062,29.394528028143792,0.7641928578615568,0.9234686794241559,0.9440230843306205,0.9645575991252229
chat_preview,photo,kodak_02,768,512,512,341,71,64,32,4,8018,8018,1.0,3.79458,29.81428682521656,0.7749762812404457,0.9268015817935266,0.9483996429034368,0.9696250125823592
chat_preview,photo,kodak_02,768,512,512,341,71,64,64,0,4062,16806,0.24169939307390217,3.69408,26.322618971328183,0.6516312996495156,0.8600967034421824,0.8709566178577385,0.8985612332910261
chat_preview,photo,kodak_02,768,512,512,341,71,64,64,1,8148,16806,0.48482684755444483,3.279,28.4437438078212,0.7408290232197822,0.921438688741925,0.927319260686118,0.9529642522628439
chat_preview,photo,kodak_02,768,512,512,341,71,64,64,2,13235,16806,0.7875163632036177,3.68546,30.755192260394104,0.8218674477452698,0.9551525575472327,0.9663483251107435,0.9763140923622174
chat_preview,photo,kodak_02,768,512,512,341,71,64,64,3,16806,16806,1.0,4.43092,32.89310916485866,0.8685841169606601,0.9650302966241001,0.9767762268045124,0.9863485713666929
chat_preview,photo,kodak_02,768,512,512,341,72,64,32,0,2228,8075,0.27591331269349845,3.01629,24.952159424603696,0.5868394166629062,0.7769248556830609,0.7993704624469258,0.8398592430024749
chat_preview,photo,kodak_02,768,512,512,341,72,64,32,1,3701,8075,0.458328173374613,3.134,26.270105346878225,0.6457917201457509,0.8522884322728251,0.8676951450795855,0.8962157419126486
chat_preview,photo,kodak_02,768,512,512,341,72,64,32,2,5542,8075,0.6863157894736842,3.32121,28.10723741214114,0.7151499654236559,0.9011094562942489,0.9172459898553841,0.9476438392168482
chat_preview,photo,kodak_02,768,512,512,341,72,64,32,3,7277,8075,0.9011764705882352,3.53079,29.403530884481263,0.7645720978141745,0.9237152790885134,0.9440654926803302,0.9647114044158512
chat_preview,photo,kodak_02,768,512,512,341,72,64,32,4,8075,8075,1.0,3.78337,29.854246061195898,0.7763234561054831,0.9271481259822028,0.9486673928155357,0.9699085514423413
chat_preview,photo,kodak_02,768,512,512,341,72,64,64,0,4062,16825,0.2414264487369985,3.29179,26.322618971328183,0.6516312996495156,0.8600967034421824,0.8709566178577385,0.8985612332910261
chat_preview,photo,kodak_02,768,512,512,341,72,64,64,1,8149,16825,0.4843387815750371,3.26238,28.443970334631107,0.7408257496127879,0.9214311456763692,0.9273110513403818,0.9529604261171117
chat_preview,photo,kodak_02,768,512,512,341,72,64,64,2,13235,16825,0.7866270430906389,3.72792,30.757553702644902,0.821952727245128,0.955201073932982,0.966352135511014,0.9763402971901485
chat_preview,photo,kodak_02,768,512,512,341,72,64,64,3,16825,16825,1.0,4.07158,32.904367462892544,0.8687485197467838,0.9650776193949531,0.9767940548554397,0.98638312783568
chat_preview,photo,kodak_02,768,512,512,341,73,64,32,0,2279,8266,0.27570771836438424,3.07088,24.950926894246415,0.5872122939039256,0.7773699187256802,0.7993317939930339,0.8396095376350542
chat_preview,photo,kodak_02,768,512,512,341,73,64,32,1,3780,8266,0.45729494314057584,3.17329,26.269404362813482,0.646301291056166,0.8531854358737178,0.8679178262145938,0.8962454194435256
chat_preview,photo,kodak_02,768,512,512,341,73,64,32,2,5663,8266,0.6850955722235664,3.17883,28.134181679125856,0.7161162933662513,0.9029965914095396,0.9177390232136148,0.948167048109181
chat_preview,photo,kodak_02,768,512,512,341,73,64,32,3,7426,8266,0.8983789015243164,3.49858,29.471901513012444,0.7662428274664103,0.926028137737582,0.9448591605533424,0.9655782749986942
chat_preview,photo,kodak_02,768,512,512,341,73,64,32,4,8266,8266,1.0,3.83154,29.98241795229246,0.7789014846296937,0.9296148854333591,0.9496083208493089,0.9710148588092528
chat_preview,photo,kodak_02,768,512,512,341,73,64,64,0,4248,17225,0.24661828737300434,3.09417,26.32846923911062,0.652102063919536,0.8606210245874264,0.8707721455085432,0.8986053634548107
chat_preview,photo,kodak_02,768,512,512,341,73,64,64,1,8415,17225,0.4885341074020319,3.40683,28.455775959179924,0.74185120982551,0.9224263867185014,0.9276804946966721,0.9531787748111911
chat_preview,photo,kodak_02,768,512,512,341,73,64,64,2,13603,17225,0.7897242380261248,3.70208,30.800965015052487,0.823355042896325,0.9564579490070576,0.966787736332514,0.9767885327952329
chat_preview,photo,kodak_02,768,512,512,341,73,64,64,3,17225,17225,1.0,4.50404,33.01218456547072,0.8707905367559953,0.966479368293145,0.9774074743979204,0.9868663672643788
chat_preview,photo,kodak_02,768,512,512,341,74,64,32,0,2279,8610,0.26469221835075496,3.23562,24.950926894246415,0.5872122939039256,0.7773699187256802,0.7993317939930339,0.8396095376350542
chat_preview,photo,kodak_02,768,512,512,341,74,64,32,1,3780,8610,0.43902439024390244,3.21317,26.269404362813482,0.646301291056166,0.8531854358737178,0.8679178262145938,0.8962454194435256
chat_preview,photo,kodak_02,768,512,512,341,74,64,32,2,5808,8610,0.6745644599303136,3.60992,28.15273338637112,0.7183481134265506,0.9042806555046367,0.9187750465682037,0.9483459552835798
chat_preview,photo,kodak_02,768,512,512,341,74,64,32,3,7715,8610,0.8960511033681765,3.71033,29.531655925393814,0.7704543483299363,0.9278188206716944,0.9466090378051631,0.9662126427531174
chat_preview,photo,kodak_02,768,512,512,341,74,64,32,4,8610,8610,1.0,3.99158,30.09141590121695,0.7843693247942077,0.9316240119870932,0.9516797155860884,0.9718255596885864
chat_preview,photo,kodak_02,768,512,512,341,74,64,64,0,4248,18112,0.23454063604240283,3.22592,26.32846923911062,0.652102063919536,0.8606210245874264,0.8707721455085432,0.8986053634548107
chat_preview,photo,kodak_02,768,512,512,341,74,64,64,1,8415,18112,0.46460909893992935,3.78108,28.455775959179924,0.74185120982551,0.9224263867185014,0.9276804946966721,0.9531787748111911
chat_preview,photo,kodak_02,768,512,512,341,74,64,64,2,14109,18112,0.7789863074204947,3.87908,30.82303013958043,0.8259517527952006,0.9571552598040759,0.9675545837423415,0.9768224884237464
chat_preview,photo,kodak_02,768,512,512,341,74,64,64,3,18112,18112,1.0,4.50771,33.11673074334105,0.8751361860685627,0.9673740893651375,0.978414855846604,0.9870918407685698
chat_preview,photo,kodak_02,768,512,512,341,75,64,32,0,2279,8827,0.258185113855217,3.10271,24.950926894246415,0.5872122939039256,0.7773699187256802,0.7993317939930339,0.8396095376350542
chat_preview,photo,kodak_02,768,512,512,341,75,64,32,1,3836,8827,0.4345757335448057,3.3645,26.271243410754575,0.6470727677329017,0.8539297352784317,0.8678776472747415,0.8962508995376989
chat_preview,photo,kodak_02,768,512,512,341,75,64,32,2,5920,8827,0.670669536648918,3.40937,28.175790167840653,0.7194908858723118,0.9054698041485487,0.9189364209558541,0.9486636576813443
chat_preview,photo,kodak_02,768,512,512,341,75,64,32,3,7854,8827,0.8897700237906423,3.52196,29.58967376668702,0.772185588259883,0.9293013719913451,0.9468478768794679,0.9668953407015602
chat_preview,photo,kodak_02,768,512,512,341,75,64,32,4,8827,8827,1.0,4.03558,30.202469266997344,0.7873228580335132,0.9332606092068345,0.9521936987821794,0.9726501720159008
chat_preview,photo,kodak_02,768,512,512,341,75,64,64,0,4248,18445,0.23030631607481702,3.28079,26.32846923911062,0.652102063919536,0.8606210245874264,0.8707721455085432,0.8986053634548107
chat_preview,photo,kodak_02,768,512,512,341,75,64,64,1,8608,18445,0.4666847384114936,3.44146,28.465996740408556,0.7425924180032157,0.9228780322170191,0.9276598338139208,0.9533435399865874
chat_preview,photo,kodak_02,768,512,512,341,75,64,64,2,14408,18445,0.7811330984006506,4.08887,30.839274147217477,0.8270056345039443,0.9577643945204858,0.9675312235918732,0.9769066994569136
chat_preview,photo,kodak_02,768,512,512,341,75,64,64,3,18445,18445,1.0,4.375,33.19314482278812,0.8769850095488329,0.968133441970857,0.9786082016922627,0.9873336276028235
chat_preview,photo,kodak_02,768,512,512,341,76,64,32,0,2319,9115,0.2544157981349424,3.37112,24.950926894246415,0.5872122939039256,0.7773699187256802,0.7993317939930339,0.8396095376350542
chat_preview,photo,kodak_02,768,512,512,341,76,64,32,1,3888,9115,0.4265496434448711,3.21629,26.272274430757726,0.647241466559548,0.854017272208686,0.8678680476180204,0.8963038874335028
chat_preview,photo,kodak_02,768,512,512,341,76,64,32,2,6019,9115,0.6603400987383434,3.4495,28.18525766878382,0.7203094316860698,0.9062979246037962,0.9196632020349987,0.9484946707834788
chat_preview,photo,kodak_02,768,512,512,341,76,64,32,3,8105,9115,0.8891936368623149,3.72137,29.657650934073303,0.7751426892091873,0.9312627346205975,0.9491610379447113,0.9679985960175003
chat_preview,photo,kodak_02,768,512,512,341,76,64,32,4,9115,9115,1.0,4.39087,30.308561947545165,0.7912125009276231,0.9348799994904115,0.9539704948442128,0.9730930565312206
chat_preview,photo,kodak_02,768,512,512,341,76,64,64,0,4248,18984,0.22376738305941846,3.18912,26.32846923911062,0.652102063919536,0.8606210245874264,0.8707721455085432,0.8986053634548107
chat_preview,photo,kodak_02,768,512,512,341,76,64,64,1,8648,18984,0.4555415086388538,3.51867,28.466016714355476,0.7426516890939766,0.9228955762593718,0.9276351341571852,0.9533485736515168
chat_preview,photo,kodak_02,768,512,512,341,76,64,64,2,14511,18984,0.7643805309734514,4.13633,30.875349012439983,0.828017483907626,0.9582510482945152,0.9680161117990271,0.977050272782366
chat_preview,photo,kodak_02,768,512,512,341,76,64,64,3,18984,18984,1.0,4.36858,33.32793959876963,0.8808788532424058,0.9691982986357227,0.9796863406327603,0.9877088413705088
chat_preview,photo,kodak_02,768,512,512,341,77,64,32,0,2319,9390,0.24696485623003195,3.15408,24.950926894246415,0.5872122939039256,0.7773699187256802,0.7993317939930339,0.8396095376350542
chat_preview,photo,kodak_02,768,512,512,341,77,64,32,1,4018,9390,0.42790202342918,3.50558,26.275616741133796,0.6479461698399436,0.8544406641919764,0.8681430244530364,0.8966452962465485
chat_preview,photo,kodak_02,768,512,512,341,77,64,32,2,6235,9390,0.6640042598509052,4.02712,28.193178498530422,0.7221409355633219,0.9071473284684565,0.9201737599111198,0.9485280039183792
chat_preview,photo,kodak_02,768,512,512,341,77,64,32,3,8327,9390,0.8867944621938232,4.15271,29.70287215185681,0.7773105211353961,0.9324392677720024,0.9498011030522696,0.9682768561276273
chat_preview,photo,kodak_02,768,512,512,341,77,64,32,4,9390,9390,1.0,4.08229,30.414613926627272,0.794455578854711,0.9366332583624007,0.9550445959275352,0.9740101235170148
chat_preview,photo,kodak_02,768,512,512,341,77,64,64,0,4248,19706,0.2155688622754491,3.33167,26.32846923911062,0.652102063919536,0.8606210245874264,0.8707721455085432,0.8986053634548107
chat_preview,photo,kodak_02,768,512,512,341,77,64,64,1,9118,19706,0.4627017152136405,3.45508,28.482729892924816,0.7441083908586629,0.9237712824956162,0.9285938044287371,0.9539474202714779
chat_preview,photo,kodak_02,768,512,512,341,77,64,64,2,15214,19706,0.7720491220947935,4.32437,30.893712559170545,0.8295957049231998,0.9590403860284037,0.9686416169467039,0.9774380672639017
chat_preview,photo,kodak_02,768,512,512,341,77,64,64,3,19706,19706,1.0,4.35683,33.407689884468176,0.8826833323794956,0.9700293857116286,0.9802968299474815,0.9881840623575848
chat_preview,photo,kodak_02,768,512,512,341,78,64,32,0,2354,9715,0.24230571281523416,3.14075,24.959859357897724,0.5870463281936731,0.7779549829868303,0.7992187013838294,0.8401809417008443
chat_preview,photo,kodak_02,768,512,512,341,78,64,32,1,4063,9715,0.4182192485846629,3.38079,26.287740643724632,0.6481164052093286,0.8554641287984013,0.8680730660017406,0.8970804671807988
chat_preview,photo,kodak_02,768,512,512,341,78,64,32,2,6291,9715,0.6475553268142048,3.40496,28.216234168308564,0.72309752285233,0.9087293036409473,0.9204767099334934,0.9489467440982362
chat_preview,photo,kodak_02,768,512,512,341,78,64,32,3,8560,9715,0.8811116829644879,3.58758,29.789644144893185,0.7803661157694967,0.9349328761669166,0.9513695058164757,0.9695053765859148
chat_preview,photo,kodak_02,768,512,512,341,78,64,32,4,9715,9715,1.0,4.49292,30.565891490284635,0.7993402561928876,0.9391380412202829,0.956358893208483,0.974809029633268
chat_preview,photo,kodak_02,768,512,512,341,78,64,64,0,4416,20433,0.2161209807664073,3.75371,26.335464047016846,0.6526234734445451,0.8615248915452808,0.8710599077354926,0.898787712856457
chat_preview,photo,kodak_02,768,512,512,341,78,64,64,1,9325,20433,0.4563695981989918,3.86642,28.498477861031898,0.7448691759070076,0.9249158934699139,0.928948664530686,0.9542335016396574
chat_preview,photo,kodak_02,768,512,512,341,78,64,64,2,15436,20433,0.7554446238927226,4.02717,30.926877390444723,0.8306364750700167,0.9603082141405194,0.9689773407754804,0.9778141599349452
chat_preview,photo,kodak_02,768,512,512,341,78,64,64,3,20433,20433,1.0,5.02579,33.53463044502836,0.8862118156820488,0.9714783172373117,0.9807311742213797,0.9886962390101177
chat_preview,photo,kodak_02,768,512,512,341,79,64,32,0,2354,10057,0.2340658247986477,3.42058,24.959859357897724,0.5870463281936731,0.7779549829868303,0.7992187013838294,0.8401809417008443
chat_preview,photo,kodak_02,768,512,512,341,79,64,32,1,4070,10057,0.40469324848364324,3.54271,26.28874542269752,0.6481889898433121,0.8555721382923297,0.8680659004225956,0.8971030100111492
chat_preview,photo,kodak_02,768,512,512,341,79,64,32,2,6503,10057,0.6466142984985582,3.52737,28.25233741463896,0.7259683997235337,0.9101924855181208,0.9216493776005918,0.9496350566667399
chat_preview,photo,kodak_02,768,512,512,341,79,64,32,3,8819,10057,0.8769016605349508,3.66179,29.845740879863992,0.7830543087614359,0.9362336874051213,0.9521877486888487,0.9701190721263903
chat_preview,photo,kodak_02,768,512,512,341,79,64,32,4,10057,10057,1.0,4.38692,30.689358303523747,0.8036971904466906,0.9408063863131715,0.9576462586128317,0.9756639866639001
chat_preview,photo,kodak_02,768,512,512,341,79,64,64,0,4416,21162,0.20867592855117664,3.27204,26.335464047016846,0.6526234734445451,0.8615248915452808,0.8710599077354926,0.898787712856457
chat_preview,photo,kodak_02,768,512,512,341,79,64,64,1,9362,21162,0.44239674888951896,3.50087,28.499069795145108,0.7449079128827468,0.9249291880365674,0.9289296156600597,0.9542438502424948
chat_preview,photo,kodak_02,768,512,512,341,79,64,64,2,16117,21162,0.7616009828938664,4.25508,30.962319684222344,0.8328607051609765,0.9611381151591708,0.9696002309470441,0.9780621098167723
chat_preview,photo,kodak_02,768,512,512,341,79,64,64,3,21162,21162,1.0,4.96358,33.664344604291365,0.8889993599935195,0.9722970839792616,0.9814267585477214,0.9890421908010508
chat_preview,photo,kodak_02,768,512,512,341,80,64,32,0,2354,10453,0.2251985076054721,3.33537,24.959859357897724,0.5870463281936731,0.7779549829868303,0.7992187013838294,0.8401809417008443
chat_preview,photo,kodak_02,768,512,512,341,80,64,32,1,4159,10453,0.3978762077872381,3.40287,26.297635158310495,0.6485878221412756,0.8564109029388911,0.8683569776975992,0.8975628837934427
chat_preview,photo,kodak_02,768,512,512,341,80,64,32,2,6635,10453,0.6347460059313116,4.16542,28.260445123900006,0.7270641435357547,0.9109740104597174,0.9218647878445282,0.9499664076113028
chat_preview,photo,kodak_02,768,512,512,341,80,64,32,3,9144,10453,0.8747727924997608,3.74521,29.879408306356083,0.7858356975234629,0.9375122076884187,0.9531932969029814,0.9706823117907697
chat_preview,photo,kodak_02,768,512,512,341,80,64,32,4,10453,10453,1.0,4.01458,30.772771516029387,0.8075235471903438,0.9420197478766058,0.9586197085558615,0.9762040519577855
chat_preview,photo,kodak_02,768,512,512,341,80,64,64,0,4416,22106,0.19976476974577037,3.25521,26.335464047016846,0.6526234734445451,0.8615248915452808,0.8710599077354926,0.898787712856457
chat_preview,photo,kodak_02,768,512,512,341,80,64,64,1,9629,22106,0.43558309961096536,4.47438,28.507514832531534,0.7458329162596028,0.9252626091527371,0.9289983497694209,0.9542772487780486
chat_preview,photo,kodak_02,768,512,512,341,80,64,64,2,16505,22106,0.7466298742422872,3.91617,30.98769854725253,0.8340561205610024,0.9615978634330787,0.96982723224072,0.9782207882808581
chat_preview,photo,kodak_02,768,512,512,341,80,64,64,3,22106,22106,1.0,4.75612,33.79460424753093,0.8924997830696008,0.9730404255815749,0.9820010101658638,0.9893767107763316
chat_preview,photo,kodak_02,768,512,512,341,81,64,32,0,2354,10722,0.2195485916806566,3.21692,24.959859357897724,0.5870463281936731,0.7779549829868303,0.7992187013838294,0.8401809417008443
chat_preview,photo,kodak_02,768,512,512,341,81,64,32,1,4174,10722,0.3892930423428465,3.28633,26.29824751797059,0.6486716481637008,0.856530517064702,0.8684094137202889,0.8975561141928016
chat_preview,photo,kodak_02,768,512,512,341,81,64,32,2,6738,10722,0.6284275321768327,3.62767,28.267679765834387,0.7285552266127042,0.9118757944333389,0.9222506896539586,0.9498844784916977
chat_preview,photo,kodak_02,768,512,512,341,81,64,32,3,9338,10722,0.8709196045513896,3.61221,29.967473818351813,0.7882293791051502,0.9393278332215548,0.9544921457378888,0.9714113731651001
chat_preview,photo,kodak_02,768,512,512,341,81,64,32,4,10722,10722,1.0,4.09413,30.92541152196622,0.8112486512861262,0.9442004662063024,0.9604788388108357,0.9773001280257179
chat_preview,photo,kodak_02,768,512,512,341,81,64,64,0,4416,22498,0.19628411414347943,3.33642,26.335464047016846,0.6526234734445451,0.8615248915452808,0.8710599077354926,0.898787712856457
chat_preview,photo,kodak_02,768,512,512,341,81,64,64,1,9688,22498,0.43061605476042314,3.59904,28.507936977671232,0.7458827573594199,0.925284059805867,0.9289878063011157,0.9542817877365759
chat_preview,photo,kodak_02,768,512,512,341,81,64,64,2,16822,22498,0.7477109076362344,3.77696,31.02815643500858,0.8359409191052686,0.9626679151160659,0.9707001260857708,0.9787601255420361
chat_preview,photo,kodak_02,768,512,512,341,81,64,64,3,22498,22498,1.0,4.61146,33.9611576311568,0.8958655877897702,0.9742052266267592,0.9830355726211502,0.9898450708435717
chat_preview,photo,kodak_02,768,512,512,341,82,64,32,0,2394,11156,0.2145930441018286,3.17321,24.959859357897724,0.5870463281936731,0.7779549829868303,0.7992187013838294,0.8401809417008443
chat_preview,photo,kodak_02,768,512,512,341,82,64,32,1,4214,11156,0.37773395482251704,3.35637,26.29824751797059,0.6486716481637008,0.856530517064702,0.8684094137202889,0.8975561141928016
chat_preview,photo,kodak_02,768,512,512,341,82,64,32,2,6793,11156,0.6089100035855145,3.61275,28.26615763990756,0.7287170262220298,0.9120669531231554,0.9222226970650506,0.9499092747569247
chat_preview,photo,kodak_02,768,512,512,341,82,64,32,3,9674,11156,0.8671566869845823,3.79383,30.015357048753643,0.79121177332252,0.940083546009577,0.9552153928351308,0.9716703908956308
chat_preview,photo,kodak_02,768,512,512,341,82,64,32,4,11156,11156,1.0,4.39796,31.067623625606004,0.815546132097523,0.9453223542690931,0.9614596153940399,0.9781181752195276
chat_preview,photo,kodak_02,768,512,512,341,82,64,64,0,4416,23193,0.19040227654895875,3.31846,26.335464047016846,0.6526234734445451,0.8615248915452808,0.8710599077354926,0.898787712856457
chat_preview,photo,kodak_02,768,512,512,341,82,64,64,1,9688,23193,0.41771224076229896,3.42946,28.507936977671232,0.7458827573594199,0.925284059805867,0.9289878063011157,0.9542817877365759
chat_preview,photo,kodak_02,768,512,512,341,82,64,64,2,16825,23193,0.7254343983098349,4.33825,31.02559929513132,0.8359990748054383,0.9627002847790255,0.9706998661196051,0.9787538131155271
chat_preview,photo,kodak_02,768,512,512,341,82,64,64,3,23193,23193,1.0,4.57358,34.06124498430004,0.8982499031585913,0.9744972550600705,0.9833264002225717,0.9900024724888591
chat_preview,photo,kodak_02,768,512,512,341,83,64,32,0,2554,11707,0.21816007516870248,3.25642,24.986195533117055,0.5879074093047038,0.7789755773279978,0.7996794042374622,0.8401916200881222
chat_preview,photo,kodak_02,768,512,512,341,83,64,32,1,4478,11707,0.3825061928760571,3.283,26.326406757935523,0.650183949195203,0.8577985961292279,0.8694817652257543,0.8974784445030545
chat_preview,photo,kodak_02,768,512,512,341,83,64,32,2,7170,11707,0.6124540872981976,3.329,28.342221665508298,0.7311242336608155,0.9141138590907074,0.9235476198732553,0.9509393584542214
chat_preview,photo,kodak_02,768,512,512,341,83,64,32,3,10112,11707,0.8637567267446826,3.83213,30.16668374817032,0.7945283769853012,0.9426686604465936,0.9571828378384254,0.9728825179809822
chat_preview,photo,kodak_02,768,512,512,341,83,64,32,4,11707,11707,1.0,7.58296,31.311872879920774,0.8208889031583042,0.9483086290357515,0.9637542175317625,0.9794678006163812
chat_preview,photo,kodak_02,768,512,512,341,83,64,64,0,4968,24432,0.20333988212180745,3.21362,26.371182213276036,0.653640222956597,0.8623995943276362,0.8714834685253345,0.8989803664431586
chat_preview,photo,kodak_02,768,512,512,341,83,64,64,1,10593,24432,0.4335707269155206,3.96054,28.55200762990944,0.7478949067045931,0.9270297155907404,0.9300817713261715,0.9543688574722885
chat_preview,photo,kodak_02,768,512,512,341,83,64,64,2,18047,24432,0.7386624099541584,3.95792,31.130316491345855,0.8392233145838532,0.9648747317314332,0.971962620041094,0.9791706374563156
chat_preview,photo,kodak_02,768,512,512,341,83,64,64,3,24432,24432,1.0,4.62767,34.34092297440196,0.9025847658732505,0.9768879932615219,0.9851249905018916,0.9906720803432936
chat_preview,photo,kodak_02,768,512,512,341,84,64,32,0,2554,12353,0.2067513964219218,3.17562,24.986195533117055,0.5879074093047038,0.7789755773279978,0.7996794042374622,0.8401916200881222
chat_preview,photo,kodak_02,768,512,512,341,84,64,32,1,4497,12353,0.36404112361369706,3.53804,26.327064896020342,0.6502033266199424,0.8578635930955482,0.8693890703537619,0.8974746401137396
chat_preview,photo,kodak_02,768,512,512,341,84,64,32,2,7377,12353,0.5971828705577592,3.44483,28.36435759404587,0.7325113580157933,0.9155927926577535,0.9246426559562989,0.9516149290631637
chat_preview,photo,kodak_02,768,512,512,341,84,64,32,3,10641,12353,0.8614101837610297,3.87196,30.241249520078316,0.7982362955105331,0.9439984270634193,0.9581538284082232,0.9733950860226956
chat_preview,photo,kodak_02,768,512,512,341,84,64,32,4,12353,12353,1.0,4.25221,31.47098599207544,0.825865515457591,0.9500220670841407,0.9648263060514327,0.9804802709644874
chat_preview,photo,kodak_02,768,512,512,341,84,64,64,0,4968,25983,0.19120193972982336,3.17517,26.371182213276036,0.653640222956597,0.8623995943276362,0.8714834685253345,0.8989803664431586
chat_preview,photo,kodak_02,768,512,512,341,84,64,64,1,10659,25983,0.4102297656159797,3.53012,28.552466650006295,0.7479576662660151,0.9270500657986965,0.9300932161755431,0.9543706398282371
chat_preview,photo,kodak_02,768,512,512,341,84,64,64,2,18820,25983,0.7243197475272294,4.05242,31.159708100563872,0.8414490259753734,0.9656118950487748,0.972653851145584,0.9794523990558992
chat_preview,photo,kodak_02,768,512,512,341,84,64,64,3,25983,25983,1.0,4.70775,34.49263350297782,0.9068420453240206,0.977860019465825,0.9860922670516097,0.990973997850455
chat_preview,photo,kodak_02,768,512,512,341,85,64,32,0,2554,12811,0.19935992506439779,3.39792,24.986195533117055,0.5879074093047038,0.7789755773279978,0.7996794042374622,0.8401916200881222
chat_preview,photo,kodak_02,768,512,512,341,85,64,32,1,4595,12811,0.35867613769416906,3.2975,26.335568355706194,0.6500614615585522,0.8580882529037663,0.8694480052319958,0.89798610195881
chat_preview,photo,kodak_02,768,512,512,341,85,64,32,2,7631,12811,0.5956599797049411,3.39696,28.379053785556025,0.7340387907537739,0.9162506294533402,0.9246943537963102,0.9519351813724956
chat_preview,photo,kodak_02,768,512,512,341,85,64,32,3,10992,12811,0.8580126453828741,3.76937,30.318143432871164,0.800727353720638,0.9451714358834596,0.9589216197536435,0.9737654988975583
chat_preview,photo,kodak_02,768,512,512,341,85,64,32,4,12811,12811,1.0,4.30662,31.63881695494137,0.8301697434374207,0.9516616477686081,0.9659954275432586,0.9812185331228066
chat_preview,photo,kodak_02,768,512,512,341,85,64,64,0,4968,26929,0.1844851275576516,3.22537,26.371182213276036,0.653640222956597,0.8623995943276362,0.8714834685253345,0.8989803664431586
chat_preview,photo,kodak_02,768,512,512,341,85,64,64,1,11023,26929,0.4093356604404174,3.57121,28.56483064386677,0.7491411149786914,0.9277506567212574,0.9302181549949088,0.9545878724589028
chat_preview,photo,kodak_02,768,512,512,341,85,64,64,2,19625,26929,0.7287682424152401,3.96787,31.195027268208634,0.8434272531680792,0.9666626246045228,0.9725878852871962,0.9797844650296209
chat_preview,photo,kodak_02,768,512,512,341,85,64,64,3,26929,26929,1.0,4.67842,34.660326127622284,0.9099462126510779,0.9789828851438429,0.9863998535844607,0.9913284252242656
chat_preview,photo,kodak_02,768,512,512,341,86,64,32,0,2554,13545,0.18855666297526763,3.21158,24.986195533117055,0.5879074093047038,0.7789755773279978,0.7996794042374622,0.8401916200881222
chat_preview,photo,kodak_02,768,512,512,341,86,64,32,1,4628,13545,0.3416758951642673,3.23083,26.337762928778076,0.6502789627126747,0.8582149548735513,0.8693746448534878,0.8980423756393631
chat_preview,photo,kodak_02,768,512,512,341,86,64,32,2,7723,13545,0.5701734957548911,4.42413,28.388015092737454,0.7344297113413399,0.9166884631199549,0.9250640150345407,0.9520028541777069
chat_preview,photo,kodak_02,768,512,512,341,86,64,32,3,11441,13545,0.8446659283868586,3.77275,30.41205891612657,0.8047101028669669,0.946746208862212,0.9605491013902977,0.9741088171815209
chat_preview,photo,kodak_02,768,512,512,341,86,64,32,4,13545,13545,1.0,4.33479,31.866350928302328,0.8373502010764357,0.9538328914393196,0.967956319222621,0.9822047915720269
chat_preview,photo,kodak_02,768,512,512,341,86,64,64,0,4968,28088,0.17687268584448876,3.21137,26.371182213276036,0.653640222956597,0.8623995943276362,0.8714834685253345,0.8989803664431586
chat_preview,photo,kodak_02,768,512,512,341,86,64,64,1,11105,28088,0.39536456849900314,3.52442,28.56600120165506,0.7492372419878706,0.9277734896129196,0.9302218258225616,0.9546024036300907
chat_preview,photo,kodak_02,768,512,512,341,86,64,64,2,19880,28088,0.7077755625178012,4.79092,31.218201479305513,0.8444993424038282,0.9670904776845791,0.9730454745863582,0.9797159675509352
chat_preview,photo,kodak_02,768,512,512,341,86,64,64,3,28088,28088,1.0,5.04587,34.80711903184165,0.9136878358474817,0.9797419299206162,0.9872196623283301,0.9914922030021828
chat_preview,photo,kodak_02,768,512,512,341,87,64,32,0,2639,14126,0.18681863230921705,3.31083,25.00003381023538,0.5879672588662724,0.7792775596942306,0.7999868239930203,0.8405285032432502
chat_preview,photo,kodak_02,768,512,512,341,87,64,32,1,4753,14126,0.3364717542120912,3.27208,26.354332302818367,0.6505834235694753,0.8588404577814025,0.8695036622917702,0.8982342412132808
chat_preview,photo,kodak_02,768,512,512,341,87,64,32,2,7975,14126,0.5645618009344471,3.42608,28.425526374249927,0.73561807530265,0.9180401283343681,0.9253145392176103,0.9524708039622185
chat_preview,photo,kodak_02,768,512,512,341,87,64,32,3,11838,14126,0.8380291660767379,3.67296,30.530550427183876,0.8077617719882553,0.9489831174482375,0.9618721204047685,0.9749338056275342
chat_preview,photo,kodak_02,768,512,512,341,87,64,32,4,14126,14126,1.0,4.49133,32.10961648202471,0.8429202230968836,0.9565731180992523,0.9696453418290928,0.9833778225175072
chat_preview,photo,kodak_02,768,512,512,341,87,64,64,0,5254,28950,0.1814853195164076,6.28475,26.384951332286345,0.653787564811544,0.8627761417436101,0.8716021454437506,0.8991931441331983
chat_preview,photo,kodak_02,768,512,512,341,87,64,64,1,11511,28950,0.3976165803108808,3.88754,28.581943561238646,0.74950676868222,0.9283550058751572,0.9304818667764637,0.9548069471973903
chat_preview,photo,kodak_02,768,512,512,341,87,64,64,2,20572,28950,0.7106044905008636,4.41467,31.265682548435436,0.8460098083308235,0.9679622259566286,0.9731871848597462,0.9799570637245233
chat_preview,photo,kodak_02,768,512,512,341,87,64,64,3,28950,28950,1.0,4.83042,35.01424999095302,0.9170939098594525,0.980977049726354,0.9879119515928101,0.9919444114928344
chat_preview,photo,kodak_02,768,512,512,341,88,64,32,0,2639,14756,0.178842504743833,3.32508,25.00003381023538,0.5879672588662724,0.7792775596942306,0.7999868239930203,0.8405285032432502
chat_preview,photo,kodak_02,768,512,512,341,88,64,32,1,4754,14756,0.32217403090268365,3.36262,26.354328392161243,0.6506211731450545,0.8588813955308937,0.8695166105323237,0.8982200847686637
chat_preview,photo,kodak_02,768,512,512,341,88,64,32,2,8056,14756,0.5459474112225535,3.46967,28.41798103898663,0.7361323020110383,0.9184982394202231,0.9257356599018799,0.9522994372561018
chat_preview,photo,kodak_02,768,512,512,341,88,64,32,3,12281,14756,0.8322716183247493,3.96117,30.563234326876763,0.8106431804943911,0.9500762119629801,0.9627040630235765,0.9750302173338438
chat_preview,photo,kodak_02,768,512,512,341,88,64,32,4,14756,14756,1.0,4.337,32.23865441493008,0.8476944977581781,0.9579856963742004,0.9708058550975414,0.9839478788458053
chat_preview,photo,kodak_02,768,512,512,341,88,64,64,0,5254,30336,0.17319356540084388,3.24525,26.384951332286345,0.653787564811544,0.8627761417436101,0.8716021454437506,0.8991931441331983
chat_preview,photo,kodak_02,768,512,512,341,88,64,64,1,11513,30336,0.3795160864978903,3.62942,28.58209111981406,0.7495077679127059,0.9283751855282683,0.9304958385630961,0.9548117999787356
chat_preview,photo,kodak_02,768,512,512,341,88,64,64,2,20841,30336,0.6870055379746836,4.15458,31.274012155879074,0.8464426649374145,0.9680915015829622,0.9733734997661193,0.9799657660230916
chat_preview,photo,kodak_02,768,512,512,341,88,64,64,3,30336,30336,1.0,4.72846,35.15633314606284,0.9203587544633192,0.981563467326343,0.9884716632872957,0.992256907356149
chat_preview,photo,kodak_02,768,512,512,341,89,64,32,0,2639,15751,0.1675449177829979,3.31754,25.00003381023538,0.5879672588662724,0.7792775596942306,0.7999868239930203,0.8405285032432502
chat_preview,photo,kodak_02,768,512,512,341,89,64,32,1,4942,15751,0.3137578566440226,3.37142,26.360802596077622,0.6510312043269194,0.8597164092707986,0.8702693362215733,0.8983644172279233
chat_preview,photo,kodak_02,768,512,512,341,89,64,32,2,8644,15751,0.5487905529807632,3.66037,28.455091080153856,0.7390300276435727,0.9202683088652877,0.9265702578810975,0.9528133445524966
chat_preview,photo,kodak_02,768,512,512,341,89,64,32,3,13008,15751,0.8258523268363913,3.9115,30.621317443377297,0.8137539412605829,0.9514747134709068,0.9631899980742243,0.9752742539307028
chat_preview,photo,kodak_02,768,512,512,341,89,64,32,4,15751,15751,1.0,4.36692,32.41054158746063,0.8527400605345073,0.9598870885150065,0.9718762795729515,0.9845828793079349
chat_preview,photo,kodak_02,768,512,512,341,89,64,64,0,5254,32561,0.16135868063020178,3.68129,26.384951332286345,0.653787564811544,0.8627761417436101,0.8716021454437506,0.8991931441331983
chat_preview,photo,kodak_02,768,512,512,341,89,64,64,1,12253,32561,0.3763090814164184,3.61475,28.59317555412174,0.750397380663911,0.9289233916759153,0.9310926880168177,0.9551747606930235
chat_preview,photo,kodak_02,768,512,512,341,89,64,64,2,22905,32561,0.7034489112742237,4.56225,31.333704469193172,0.8493152274675452,0.9690437990278937,0.9738803351209162,0.9803236701795636
chat_preview,photo,kodak_02,768,512,512,341,89,64,64,3,32561,32561,1.0,5.13867,35.31230565013053,0.9225913657043656,0.9822366840870407,0.9886983829162228,0.9925362556639921
chat_preview,photo,kodak_02,768,512,512,341,90,64,32,0,2679,16393,0.16342341243213568,3.42779,25.00003381023538,0.5879672588662724,0.7792775596942306,0.7999868239930203,0.8405285032432502
chat_preview,photo,kodak_02,768,512,512,341,90,64,32,1,5153,16393,0.3143414872201549,3.50004,26.372184474071204,0.651476878496669,0.8602259842288568,0.8700283319711433,0.8987270316559698
chat_preview,photo,kodak_02,768,512,512,341,90,64,32,2,8906,16393,0.5432806685780516,3.53846,28.47588853944218,0.7396638388995204,0.9207571305707521,0.9265461914939164,0.9532195116923864
chat_preview,photo,kodak_02,768,512,512,341,90,64,32,3,13380,16393,0.8162020374550113,4.01392,30.70163152658564,0.8157825321463169,0.9527455190601981,0.964006143133421,0.9758884420213235
chat_preview,photo,kodak_02,768,512,512,341,90,64,32,4,16393,16393,1.0,4.65621,32.65868905599142,0.8580301221560642,0.9618046928736951,0.9734773210943307,0.9854386246513104
chat_preview,photo,kodak_02,768,512,512,341,90,64,64,0,5254,33362,0.157484563275583,3.59021,26.384951332286345,0.653787564811544,0.8627761417436101,0.8716021454437506,0.8991931441331983
chat_preview,photo,kodak_02,768,512,512,341,90,64,64,1,12939,33362,0.3878364606438463,3.79412,28.604556236896297,0.751289347432465,0.9293110916694519,0.9311169730526161,0.955278243612449
chat_preview,photo,kodak_02,768,512,512,341,90,64,64,2,23658,33362,0.7091301480726575,4.35087,31.361182734545686,0.8502653230977087,0.9694301432776808,0.9741411850681995,0.9804589929584766
chat_preview,photo,kodak_02,768,512,512,341,90,64,64,3,33362,33362,1.0,5.20896,35.509785561819726,0.9251589317442438,0.9828626980673422,0.9891871550199098,0.9928486974460543
chat_preview,photo,kodak_02,768,512,512,341,91,64,32,0,2679,17452,0.15350676140270456,3.21913,25.00003381023538,0.5879672588662724,0.7792775596942306,0.7999868239930203,0.8405285032432502
chat_preview,photo,kodak_02,768,512,512,341,91,64,32,1,5156,17452,0.2954389181755673,3.42492,26.372316658808824,0.6515082739814941,0.8602756253248823,0.8700221605766134,0.8987237024334321
chat_preview,photo,kodak_02,768,512,512,341,91,64,32,2,9242,17452,0.5295668118267247,4.02617,28.48734587526223,0.7408858716736203,0.9212633693482558,0.9262461241652507,0.9530637707560047
chat_preview,photo,kodak_02,768,512,512,341,91,64,32,3,14154,17452,0.8110245244098098,4.06358,30.775680957661148,0.8200390445900609,0.9539904162836347,0.9644616913386453,0.9759987912870561
chat_preview,photo,kodak_02,768,512,512,341,91,64,32,4,17452,17452,1.0,4.47979,32.87055108343814,0.8642672044789165,0.9635730077218384,0.9746766808939762,0.9860287374844697
chat_preview,photo,kodak_02,768,512,512,341,91,64,64,0,5294,35934,0.14732565258529526,3.26604,26.384951332286345,0.653787564811544,0.8627761417436101,0.8716021454437506,0.8991931441331983
chat_preview,photo,kodak_02,768,512,512,341,91,64,64,1,12984,35934,0.3613291033561529,3.49471,28.604819792355908,0.7513150629664178,0.9293198884666397,0.9311185749182017,0.9552800885300898
chat_preview,photo,kodak_02,768,512,512,341,91,64,64,2,24774,35934,0.6894306228084822,4.34837,31.418734761635907,0.8523907626811104,0.9703675240307262,0.9747423088364164,0.9810062777775808
chat_preview,photo,kodak_02,768,512,512,341,91,64,64,3,35934,35934,1.0,5.11783,35.77690733791381,0.930257070276137,0.984048280244981,0.9900623310579951,0.9932608028895306
chat_preview,photo,kodak_02,768,512,512,341,92,64,32,0,2779,18291,0.1519326444699579,3.42667,24.992870668704576,0.5880169259510984,0.7794257077387824,0.7999679744843302,0.8404953716204691
chat_preview,photo,kodak_02,768,512,512,341,92,64,32,1,5346,18291,0.29227488928981465,3.33692,26.366628170050802,0.6521077077456496,0.8608004382163594,0.8703063608213455,0.8986354753654541
chat_preview,photo,kodak_02,768,512,512,341,92,64,32,2,9513,18291,0.5200918484500574,3.50333,28.481594327134466,0.7416416226187043,0.9221385771273801,0.9267423225069625,0.9530800053840757
chat_preview,photo,kodak_02,768,512,512,341,92,64,32,3,14669,18291,0.8019791154119512,3.81862,30.839696184908334,0.8230593369850068,0.9560695141296378,0.96574615464049,0.9766567798498669
chat_preview,photo,kodak_02,768,512,512,341,92,64,32,4,18291,18291,1.0,4.52271,33.078737960159444,0.870438260481638,0.9661419345803343,0.9764857007038548,0.9868090088513973
chat_preview,photo,kodak_02,768,512,512,341,92,64,64,0,5695,37001,0.15391475906056593,3.56979,26.380348757672465,0.6541712132612466,0.8632659869415793,0.8717131359912454,0.8993679820458323
chat_preview,photo,kodak_02,768,512,512,341,92,64,64,1,13647,37001,0.36882786951704005,3.56067,28.60351040305892,0.7518234944521746,0.9298156231633187,0.9311706226012875,0.9554123290809765
chat_preview,photo,kodak_02,768,512,512,341,92,64,64,2,25536,37001,0.6901435096348747,4.6645,31.429178889703188,0.8533376937040721,0.9710045503998707,0.9749900944997346,0.9811560852046427
chat_preview,photo,kodak_02,768,512,512,341,92,64,64,3,37001,37001,1.0,5.16087,35.980693174483896,0.933545373055242,0.9850732434577258,0.9907554272161813,0.9936113468812638
chat_preview,photo,kodak_02,768,512,512,341,93,64,32,0,2819,19613,0.1437311986947433,3.21325,24.992870668704576,0.5880169259510984,0.7794257077387824,0.7999679744843302,0.8404953716204691
chat_preview,photo,kodak_02,768,512,512,341,93,64,32,1,5416,19613,0.2761433742925611,3.50487,26.366797968424297,0.652040964814971,0.8609178658816888,0.8703804229698604,0.8986325042037101
chat_preview,photo,kodak_02,768,512,512,341,93,64,32,2,9776,19613,0.4984449089889359,3.56004,28.500806624863323,0.7427175400384577,0.9228172845477226,0.9269379713321335,0.9533474118823095
chat_preview,photo,kodak_02,768,512,512,341,93,64,32,3,15576,19613,0.7941671340437465,5.35562,30.89338486032846,0.8270601256533192,0.9576105792302295,0.9666570898447515,0.9768728689785852
chat_preview,photo,kodak_02,768,512,512,341,93,64,32,4,19613,19613,1.0,4.67183,33.284185330835456,0.8769701098848484,0.9680011517073538,0.9778033078137185,0.9873580996126258
chat_preview,photo,kodak_02,768,512,512,341,93,64,64,0,5695,39389,0.1445835131635736,3.19696,26.380348757672465,0.6541712132612466,0.8632659869415793,0.8717131359912454,0.8993679820458323
chat_preview,photo,kodak_02,768,512,512,341,93,64,64,1,13758,39389,0.3492853334687349,3.53829,28.604415033235483,0.7518795349853842,0.9298250954061763,0.9311742604379404,0.9554028621567086
chat_preview,photo,kodak_02,768,512,512,341,93,64,64,2,26192,39389,0.6649572215593186,4.95596,31.44857684285585,0.8542946472570225,0.9713407615037118,0.9749241262424372,0.9813285511780995
chat_preview,photo,kodak_02,768,512,512,341,93,64,64,3,39389,39389,1.0,5.35421,36.15218778822281,0.9370186732597876,0.985746410267348,0.9912237854633008,0.9938103999754687
chat_preview,photo,kodak_02,768,512,512,341,94,64,32,0,2819,21418,0.13161826501073864,3.42967,24.992870668704576,0.5880169259510984,0.7794257077387824,0.7999679744843302,0.8404953716204691
chat_preview,photo,kodak_02,768,512,512,341,94,64,32,1,5416,21418,0.25287141656550566,3.28683,26.366797968424297,0.652040964814971,0.8609178658816888,0.8703804229698604,0.8986325042037101
chat_preview,photo,kodak_02,768,512,512,341,94,64,32,2,10325,21418,0.4820711551031842,3.528,28.5203102579783,0.7443803691559099,0.9239708663406697,0.9280097564484642,0.9539911392570355
chat_preview,photo,kodak_02,768,512,512,341,94,64,32,3,16421,21418,0.7666915678401345,3.92133,30.956659438708716,0.8298802565888383,0.9591375122799373,0.9678342593994136,0.977518925468554
chat_preview,photo,kodak_02,768,512,512,341,94,64,32,4,21418,21418,1.0,4.4675,33.570452367140206,0.8852350548706603,0.9704375339186919,0.9797662972093425,0.9885364140844918
chat_preview,photo,kodak_02,768,512,512,341,94,64,64,0,5695,41717,0.13651508977155596,3.47871,26.380348757672465,0.6541712132612466,0.8632659869415793,0.8717131359912454,0.8993679820458323
chat_preview,photo,kodak_02,768,512,512,341,94,64,64,1,13758,41717,0.3297936093199415,3.55787,28.604415033235483,0.7518795349853842,0.9298250954061763,0.9311742604379404,0.9554028621567086
chat_preview,photo,kodak_02,768,512,512,341,94,64,64,2,28053,41717,0.672459668720186,4.88158,31.45356811443672,0.855869221960828,0.9718655991262923,0.9755076917603942,0.981303431971314
chat_preview,photo,kodak_02,768,512,512,341,94,64,64,3,41717,41717,1.0,5.66733,36.35837764233935,0.9403249561019984,0.9864409936522268,0.9919757207080432,0.9940815649337331
chat_preview,photo,kodak_02,768,512,512,341,95,64,32,0,3259,51262,0.0635753579649643,4.80604,24.988748579835637,0.5876709300102062,0.7785660903268566,0.8001921804164799,0.8392946784038555
chat_preview,photo,kodak_02,768,512,512,341,95,64,32,1,6670,51262,0.13011587530724514,10.3307,26.376298521586897,0.6546065401400997,0.8621841677339775,0.8711313578605779,0.8975157642065259
chat_preview,photo,kodak_02,768,512,512,341,95,64,32,2,14613,51262,0.28506496039951623,4.88425,28.589240834903066,0.7526379484060163,0.929221788760125,0.9299577915171999,0.9547200119742586
chat_preview,photo,kodak_02,768,512,512,341,95,64,32,3,30363,51262,0.5923100932464593,6.36912,31.863979338045645,0.8613813467984919,0.9722573828451934,0.9742818873444186,0.9830403782991934
chat_preview,photo,kodak_02,768,512,512,341,95,64,32,4,51262,51262,1.0,7.49246,39.052799491268466,0.9545286565099896,0.9881314640103357,0.9918125363153419,0.9966007966412969
chat_preview,photo,kodak_02,768,512,512,341,95,64,64,0,6716,80541,0.08338610148868278,4.42792,26.386282247167458,0.6552543300140853,0.8631606707747168,0.8716160874903898,0.8978290772619661
chat_preview,photo,kodak_02,768,512,512,341,95,64,64,1,18062,80541,0.22425845221688331,5.04808,28.625470503633956,0.7566450535546169,0.9322457096349082,0.9320623341717341,0.9554149610495506
chat_preview,photo,kodak_02,768,512,512,341,95,64,64,2,43659,80541,0.5420717398592021,6.21312,32.05389878904526,0.8709861261623063,0.9772157117493236,0.9774859726548423,0.9841868683474357
chat_preview,photo,kodak_02,768,512,512,341,95,64,64,3,80541,80541,1.0,9.18112,42.167287661888146,0.9753059099002322,0.994420834625018,0.99618147419458,0.9984240277250105
chat_preview,photo,kodak_02,768,512,512,341,96,64,32,0,3259,57761,0.0564221533560707,4.97546,24.988748579835637,0.5876709300102062,0.7785660903268566,0.8001921804164799,0.8392946784038555
chat_preview,photo,kodak_02,768,512,512,341,96,64,32,1,6792,57761,0.1175879918976472,4.57979,26.380610470049888,0.6549152126739973,0.8626249367547413,0.8716220937207817,0.8976400800200226
chat_preview,photo,kodak_02,768,512,512,341,96,64,32,2,15775,57761,0.2731081525596856,5.15533,28.60644040884332,0.754345559818924,0.9304593226298743,0.931143724422503,0.9551906702111744
chat_preview,photo,kodak_02,768,512,512,341,96,64,32,3,32855,57761,0.5688094042693167,6.05417,31.909050549022986,0.8634096866607249,0.9735885621640921,0.9751681847619857,0.9834950139891376
chat_preview,photo,kodak_02,768,512,512,341,96,64,32,4,57761,57761,1.0,7.76012,39.534885534249696,0.958766196946788,0.9896392305074336,0.9928260383034743,0.9970197199622163
chat_preview,photo,kodak_02,768,512,512,341,96,64,64,0,6716,87008,0.07718830452372195,4.79292,26.386282247167458,0.6552543300140853,0.8631606707747168,0.8716160874903898,0.8978290772619661
chat_preview,photo,kodak_02,768,512,512,341,96,64,64,1,18556,87008,0.21326774549466715,4.95333,28.632024576836148,0.757096039717439,0.9326290837508973,0.9324643923079534,0.9555287482070104
chat_preview,photo,kodak_02,768,512,512,341,96,64,64,2,48120,87008,0.553052592865024,6.50887,32.08744781627384,0.87309958554474,0.9781355619084872,0.9782568900511665,0.9843904416038761
chat_preview,photo,kodak_02,768,512,512,341,96,64,64,3,87008,87008,1.0,9.11783,42.54657078654745,0.9772032225401591,0.9952230973669977,0.9967542160432943,0.9986044579562152
chat_preview,photo,kodak_02,768,512,512,341,97,64,32,0,3299,61426,0.0537068993585778,5.45038,24.988748579835637,0.5876709300102062,0.7785660903268566,0.8001921804164799,0.8392946784038555
chat_preview,photo,kodak_02,768,512,512,341,97,64,32,1,6832,61426,0.11122326050857943,4.7465,26.380610470049888,0.6549152126739973,0.8626249367547413,0.8716220937207817,0.8976400800200226
chat_preview,photo,kodak_02,768,512,512,341,97,64,32,2,15815,61426,0.25746426594601635,4.82362,28.60644040884332,0.754345559818924,0.9304593226298743,0.931143724422503,0.9551906702111744
chat_preview,photo,kodak_02,768,512,512,341,97,64,32,3,35147,61426,0.5721844170221079,6.17712,31.929244661420512,0.8653618236612525,0.9742777486439285,0.9757858053689283,0.9835401203452867
chat_preview,photo,kodak_02,768,512,512,341,97,64,32,4,61426,61426,1.0,7.71175,40.15665727770801,0.9634172581992101,0.9905848144742668,0.9936282846328689,0.9973610780552005
chat_preview,photo,kodak_02,768,512,512,341,97,64,64,0,6716,93375,0.07192503346720214,4.70479,26.386282247167458,0.6552543300140853,0.8631606707747168,0.8716160874903898,0.8978290772619661
chat_preview,photo,kodak_02,768,512,512,341,97,64,64,1,18556,93375,0.19872556894243643,5.07737,28.632024576836148,0.757096039717439,0.9326290837508973,0.9324643923079534,0.9555287482070104
chat_preview,photo,kodak_02,768,512,512,341,97,64,64,2,48120,93375,0.5153413654618474,6.45,32.08744781627384,0.87309958554474,0.9781355619084872,0.9782568900511665,0.9843904416038761
chat_preview,photo,kodak_02,768,512,512,341,97,64,64,3,93375,93375,1.0,8.71546,42.991087167543405,0.9790369649131176,0.9954927381657731,0.997000781158663,0.9987181883215974
chat_preview,photo,kodak_02,768,512,512,341,98,64,32,0,3299,67209,0.04908568792870002,4.25546,24.988748579835637,0.5876709300102062,0.7785660903268566,0.8001921804164799,0.8392946784038555
chat_preview,photo,kodak_02,768,512,512,341,98,64,32,1,7126,67209,0.10602746655953815,5.11775,26.38470477779031,0.6550214273533758,0.8628180301682832,0.8714742700332154,0.8978176843534504
chat_preview,photo,kodak_02,768,512,512,341,98,64,32,2,17204,67209,0.2559776220446666,5.22071,28.6144682316292,0.7554817710665108,0.9310695147633922,0.9313335882515249,0.9554080685592975
chat_preview,photo,kodak_02,768,512,512,341,98,64,32,3,38564,67209,0.5737922004493445,6.30992,31.955170241938692,0.8671700029014153,0.9749358208108463,0.9759263762604402,0.9837793717242422
chat_preview,photo,kodak_02,768,512,512,341,98,64,32,4,67209,67209,1.0,8.36025,40.39021863309837,0.9652077322251823,0.9911657324001008,0.9937811725291393,0.9975109316515591
chat_preview,photo,kodak_02,768,512,512,341,98,64,64,0,6716,104895,0.06402593069259736,6.37817,26.386282247167458,0.6552543300140853,0.8631606707747168,0.8716160874903898,0.8978290772619661
chat_preview,photo,kodak_02,768,512,512,341,98,64,64,1,19786,104895,0.18862672196005528,5.149,28.636347388014883,0.7572767923240277,0.9327519096296294,0.9324251939013011,0.9556063776180472
chat_preview,photo,kodak_02,768,512,512,341,98,64,64,2,53619,104895,0.5111683111683112,6.83613,32.09969602607321,0.8740000209685741,0.9783614353068772,0.9783120061777143,0.9844568565738774
chat_preview,photo,kodak_02,768,512,512,341,98,64,64,3,104895,104895,1.0,9.06025,43.21784630440262,0.979881995168912,0.9957191150365253,0.9971001479291572,0.9987915797765562
chat_preview,photo,kodak_02,768,512,512,341,99,64,32,0,3299,74848,0.04407599401453613,4.5405,24.988748579835637,0.5876709300102062,0.7785660903268566,0.8001921804164799,0.8392946784038555
chat_preview,photo,kodak_02,768,512,512,341,99,64,32,1,7277,74848,0.0972237067122702,4.42129,26.386101975582044,0.6550486575695885,0.8629191934930539,0.8716119359814176,0.897872477221991
chat_preview,photo,kodak_02,768,512,512,341,99,64,32,2,17699,74848,0.23646590423257802,5.65542,28.615139501666405,0.7555428976674873,0.9310870643293921,0.9313773687335595,0.955432423108725
chat_preview,photo,kodak_02,768,512,512,341,99,64,32,3,40792,74848,0.5449978623343309,6.07842,31.993436715410407,0.8684706204750317,0.9753962018863085,0.9762955257345565,0.9838784821682821
chat_preview,photo,kodak_02,768,512,512,341,99,64,32,4,74848,74848,1.0,8.44471,40.95675003359517,0.9692033085836266,0.992061243879339,0.9945245513960136,0.9977704000650286
chat_preview,photo,kodak_02,768,512,512,341,99,64,64,0,6716,109931,0.061092867344061275,4.43687,26.386282247167458,0.6552543300140853,0.8631606707747168,0.8716160874903898,0.8978290772619661
chat_preview,photo,kodak_02,768,512,512,341,99,64,64,1,20362,109931,0.18522527767417743,5.12533,28.635907359336702,0.7573226628064784,0.9327560498570161,0.9324361036702404,0.9556103982288273
chat_preview,photo,kodak_02,768,512,512,341,99,64,64,2,55476,109931,0.5046438220338212,6.6475,32.10201682144587,0.8740845423118687,0.978397817526384,0.9783354609969248,0.9844556962406271
chat_preview,photo,kodak_02,768,512,512,341,99,64,64,3,109931,109931,1.0,11.5401,44.027761515094895,0.9831363924718831,0.9961022002156502,0.997474845856034,0.9989458250769486
chat_preview,photo,kodak_02,768,512,512,341,100,64,32,0,3299,242378,0.013610971292774096,4.44954,24.988748579835637,0.5876709300102062,0.7785660903268566,0.8001921804164799,0.8392946784038555
chat_preview,photo,kodak_02,768,512,512,341,100,64,32,1,7744,242378,0.03195009448052216,4.59692,26.386282247167458,0.6552543300140853,0.8631606707747168,0.8716160874903898,0.8978290772619661
chat_preview,photo,kodak_02,768,512,512,341,100,64,32,2,23228,242378,0.095833780293591,5.35183,28.638926326890306,0.757867543226804,0.9331541111218199,0.9325131987117774,0.9556502140487032
chat_preview,photo,kodak_02,768,512,512,341,100,64,32,3,77315,242378,0.31898522143098795,7.29671,32.18568385574855,0.8785647094382775,0.9804982746659711,0.9794792575765134,0.9849012863910761
chat_preview,photo,kodak_02,768,512,512,341,100,64,32,4,242378,242378,1.0,13.6047,99.0,1.0,1.0,1.0,1.0
chat_preview,photo,kodak_02,768,512,512,341,100,64,64,0,6716,241350,0.027826807540915682,4.85137,26.386282247167458,0.6552543300140853,0.8631606707747168,0.8716160874903898,0.8978290772619661
chat_preview,photo,kodak_02,768,512,512,341,100,64,64,1,22200,241350,0.09198259788688626,5.11287,28.638926326890306,0.757867543226804,0.9331541111218199,0.9325131987117774,0.9556502140487032
chat_preview,photo,kodak_02,768,512,512,341,100,64,64,2,76287,241350,0.31608452454940955,7.51671,32.18568385574855,0.8785647094382775,0.9804982746659711,0.9794792575765134,0.9849012863910761
chat_preview,photo,kodak_02,768,512,512,341,100,64,64,3,241350,241350,1.0,13.3159,99.0,1.0,1.0,1.0,1.0
chat_preview,ui_text,chat_ui,1200,800,512,341,1,64,32,0,1224,2284,0.5359019264448336,3.98137,25.256275357088608,0.8141143571453759,0.7844790038243983,0.7841232232930447,0.6246300181378096
chat_preview,ui_text,chat_ui,1200,800,512,341,1,64,32,1,1664,2284,0.7285464098073555,4.0575,27.48088812954481,0.8421965906759977,0.888749643760001,0.891799006457651,0.8419481085637626
chat_preview,ui_text,chat_ui,1200,800,512,341,1,64,32,2,2120,2284,0.9281961471103327,3.9515,28.74920206566599,0.8849602250712293,0.9336681654424153,0.9383246852911304,0.8994325596500856
chat_preview,ui_text,chat_ui,1200,800,512,341,1,64,32,3,2284,2284,1.0,5.67158,29.18631773258081,0.9006746469881844,0.9467461349181227,0.9520071386194215,0.9138323125606099
chat_preview,ui_text,chat_ui,1200,800,512,341,1,64,32,4,2284,2284,1.0,4.42142,29.18631773258081,0.9006746469881844,0.9467461349181227,0.9520071386194215,0.9138323125606099
chat_preview,ui_text,chat_ui,1200,800,512,341,1,64,64,0,1679,4147,0.40487099107788765,3.79867,27.612087961962324,0.8488216970544338,0.8998394996905582,0.8998168813236453,0.8513413258174782
chat_preview,ui_text,chat_ui,1200,800,512,341,1,64,64,1,2617,4147,0.631058596575838,3.90712,29.373337788473663,0.904835382007373,0.9543587358401462,0.9557856322420264,0.9216082164621898
chat_preview,ui_text,chat_ui,1200,800,512,341,1,64,64,2,3675,4147,0.8861827827345069,4.59746,31.020802441682022,0.9408381808986642,0.9782077095054152,0.9804562992971511,0.9542529118296227
chat_preview,ui_text,chat_ui,1200,800,512,341,1,64,64,3,4147,4147,1.0,4.932,31.13888397188415,0.9436661018829092,0.9787637325819633,0.9810158575493884,0.9555046116464606
chat_preview,ui_text,chat_ui,1200,800,512,341,2,64,32,0,1224,2286,0.5354330708661418,3.84575,25.256275357088608,0.8141143571453759,0.7844790038243983,0.7841232232930447,0.6246300181378096
chat_preview,ui_text,chat_ui,1200,800,512,341,2,64,32,1,1664,2286,0.7279090113735783,4.03267,27.48088812954481,0.8421965906759977,0.888749643760001,0.891799006457651,0.8419481085637626
chat_preview,ui_text,chat_ui,1200,800,512,341,2,64,32,2,2122,2286,0.9282589676290464,4.39254,28.751179235339745,0.8850142796061166,0.9336708620305331,0.9383308655968821,0.8994738745514336
chat_preview,ui_text,chat_ui,1200,800,512,341,2,64,32,3,2286,2286,1.0,4.10346,29.189449679966778,0.9007089682868012,0.9467481644981487,0.9520165165954969,0.9138812596840364
chat_preview,ui_text,chat_ui,1200,800,512,341,2,64,32,4,2286,2286,1.0,4.12546,29.189449679966778,0.9007089682868012,0.9467481644981487,0.9520165165954969,0.9138812596840364
chat_preview,ui_text,chat_ui,1200,800,512,341,2,64,64,0,1679,4147,0.40487099107788765,5.24996,27.612087961962324,0.8488216970544338,0.8998394996905582,0.8998168813236453,0.8513413258174782
chat_preview,ui_text,chat_ui,1200,800,512,341,2,64,64,1,2617,4147,0.631058596575838,4.48675,29.373337788473663,0.904835382007373,0.9543587358401462,0.9557856322420264,0.9216082164621898
chat_preview,ui_text,chat_ui,1200,800,512,341,2,64,64,2,3675,4147,0.8861827827345069,4.43337,31.020965198017862,0.9408390373630616,0.9782081118710128,0.9804568105146652,0.9542529353784105
chat_preview,ui_text,chat_ui,1200,800,512,341,2,64,64,3,4147,4147,1.0,4.82446,31.139286591007178,0.9436683382507124,0.978764204859317,0.9810164363842839,0.9555057830375833
chat_preview,ui_text,chat_ui,1200,800,512,341,3,64,32,0,1264,2388,0.5293132328308208,4.053,25.256275357088608,0.8141143571453759,0.7844790038243983,0.7841232232930447,0.6246300181378096
chat_preview,ui_text,chat_ui,1200,800,512,341,3,64,32,1,1713,2388,0.7173366834170855,4.20508,27.486053312930498,0.8422855081264701,0.8887820168996434,0.8919121420522008,0.8421349434079977
chat_preview,ui_text,chat_ui,1200,800,512,341,3,64,32,2,2182,2388,0.9137353433835846,4.70208,28.780694533158176,0.885597546136748,0.9344344577218452,0.9392187144983286,0.9004022024930781
chat_preview,ui_text,chat_ui,1200,800,512,341,3,64,32,3,2388,2388,1.0,4.17496,29.25058755832712,0.9024276964543798,0.9483288490269656,0.9537245589245033,0.9156365185244325
chat_preview,ui_text,chat_ui,1200,800,512,341,3,64,32,4,2388,2388,1.0,4.70654,29.25058755832712,0.9024276964543798,0.9483288490269656,0.9537245589245033,0.9156365185244325
chat_preview,ui_text,chat_ui,1200,800,512,341,3,64,64,0,1679,4187,0.4010031048483401,4.23292,27.612087961962324,0.8488216970544338,0.8998394996905582,0.8998168813236453,0.8513413258174782
chat_preview,ui_text,chat_ui,1200,800,512,341,3,64,64,1,2630,4187,0.6281347026510629,4.80179,29.375945536550184,0.9051029618798013,0.9544505914664748,0.9557750712903595,0.9216844575771642
chat_preview,ui_text,chat_ui,1200,800,512,341,3,64,64,2,3705,4187,0.8848817769285885,4.93621,31.044425474059647,0.9413076560569563,0.9782957094111618,0.9804192003678894,0.9544622726607352
chat_preview,ui_text,chat_ui,1200,800,512,341,3,64,64,3,4187,4187,1.0,5.76812,31.160526408653787,0.9441160188645937,0.9787878514670728,0.9809083582256677,0.9556346829158593
chat_preview,ui_text,chat_ui,1200,800,512,341,4,64,32,0,1264,2402,0.5262281432139884,3.83954,25.256275357088608,0.8141143571453759,0.7844790038243983,0.7841232232930447,0.6246300181378096
chat_preview,ui_text,chat_ui,1200,800,512,341,4,64,32,1,1718,2402,0.7152373022481265,4.39367,27.489120311513922,0.8421521187385114,0.8887870774776637,0.8919233529923662,0.8424526858355306
chat_preview,ui_text,chat_ui,1200,800,512,341,4,64,32,2,2191,2402,0.9121565362198168,4.24971,28.794458668593748,0.8855719849858401,0.9345288718616303,0.9393313040892,0.9009489971038729
chat_preview,ui_text,chat_ui,1200,800,512,341,4,64,32,3,2402,2402,1.0,4.44846,29.27951430566068,0.9027743029083717,0.9486723232691302,0.9540418157859972,0.9164440966155031
chat_preview,ui_text,chat_ui,1200,800,512,341,4,64,32,4,2402,2402,1.0,4.59933,29.27951430566068,0.9027743029083717,0.9486723232691302,0.9540418157859972,0.9164440966155031
chat_preview,ui_text,chat_ui,1200,800,512,341,4,64,64,0,1679,4207,0.39909674352270025,3.82992,27.612087961962324,0.8488216970544338,0.8998394996905582,0.8998168813236453,0.8513413258174782
chat_preview,ui_text,chat_ui,1200,800,512,341,4,64,64,1,2634,4207,0.626099358212503,3.95721,29.37875190076955,0.905144688913813,0.9544598193678847,0.9557780174257515,0.9217496066849623
chat_preview,ui_text,chat_ui,1200,800,512,341,4,64,64,2,3716,4207,0.8832897551699548,4.45371,31.050235613232,0.9412999825881468,0.9783118622181927,0.9804302221507203,0.9545655366576452
chat_preview,ui_text,chat_ui,1200,800,512,341,4,64,64,3,4207,4207,1.0,4.88742,31.171071933916767,0.9441673506036651,0.9788486619935135,0.9809648776705956,0.9558077399752908
chat_preview,ui_text,chat_ui,1200,800,512,341,5,64,32,0,1264,2412,0.5240464344941956,3.67467,25.256275357088608,0.8141143571453759,0.7844790038243983,0.7841232232930447,0.6246300181378096
chat_preview,ui_text,chat_ui,1200,800,512,341,5,64,32,1,1727,2412,0.7160033167495854,3.78183,27.494115414304538,0.8417333889108448,0.8894008671441048,0.8922236673616092,0.8430244095807344
chat_preview,ui_text,chat_ui,1200,800,512,341,5,64,32,2,2201,2412,0.9125207296849088,3.84567,28.809177746495315,0.8865397364647539,0.9356521249818383,0.9401337026963877,0.9015219332727563
chat_preview,ui_text,chat_ui,1200,800,512,341,5,64,32,3,2412,2412,1.0,4.04271,29.301326659750945,0.9037948606777432,0.9498244352405939,0.954888549317481,0.9170350850843023
chat_preview,ui_text,chat_ui,1200,800,512,341,5,64,32,4,2412,2412,1.0,4.24,29.301326659750945,0.9037948606777432,0.9498244352405939,0.954888549317481,0.9170350850843023
chat_preview,ui_text,chat_ui,1200,800,512,341,5,64,64,0,1679,4240,0.39599056603773586,3.94,27.612087961962324,0.8488216970544338,0.8998394996905582,0.8998168813236453,0.8513413258174782
chat_preview,ui_text,chat_ui,1200,800,512,341,5,64,64,1,2665,4240,0.6285377358490566,3.979,29.39329698695552,0.905705240952125,0.9540877033690793,0.9554227509769829,0.9216342474902003
chat_preview,ui_text,chat_ui,1200,800,512,341,5,64,64,2,3749,4240,0.8841981132075472,6.43308,31.082901672314158,0.9420039233176212,0.9785184630738102,0.9806510261390232,0.9547216370739647
chat_preview,ui_text,chat_ui,1200,800,512,341,5,64,64,3,4240,4240,1.0,5.04429,31.209055782534875,0.9448665649199958,0.9790815777564937,0.9812132473330235,0.9560020384232167
chat_preview,ui_text,chat_ui,1200,800,512,341,6,64,32,0,1272,2433,0.5228113440197287,4.01767,25.26197980023761,0.8139702931184648,0.7850206029825081,0.7845139283787137,0.6271863578055384
chat_preview,ui_text,chat_ui,1200,800,512,341,6,64,32,1,1735,2433,0.7131113851212495,3.97475,27.498784634918533,0.8418746740709294,0.8895976346350084,0.8921919554230963,0.8438913877879135
chat_preview,ui_text,chat_ui,1200,800,512,341,6,64,32,2,2210,2433,0.9083436087135224,4.01654,28.825929674219054,0.8868506774697202,0.9357947708691997,0.9401166589424721,0.9021907995238428
chat_preview,ui_text,chat_ui,1200,800,512,341,6,64,32,3,2433,2433,1.0,4.13779,29.353559229131477,0.9049453509461585,0.9508869504258831,0.9558137733832023,0.9186822324609113
chat_preview,ui_text,chat_ui,1200,800,512,341,6,64,32,4,2433,2433,1.0,4.26708,29.353559229131477,0.9049453509461585,0.9508869504258831,0.9558137733832023,0.9186822324609113
chat_preview,ui_text,chat_ui,1200,800,512,341,6,64,64,0,1692,4275,0.3957894736842105,4.29046,27.615857398726607,0.8488795076214178,0.8998888144034701,0.8998533526048217,0.8514059995089068
chat_preview,ui_text,chat_ui,1200,800,512,341,6,64,64,1,2679,4275,0.6266666666666667,4.19625,29.392421163894298,0.9057614445200919,0.9540725848206054,0.9554699065815383,0.9216071308794224
chat_preview,ui_text,chat_ui,1200,800,512,341,6,64,64,2,3766,4275,0.8809356725146199,4.31712,31.104154753735887,0.9423315532101566,0.9785917104312,0.9808250550917376,0.9548970773013277
chat_preview,ui_text,chat_ui,1200,800,512,341,6,64,64,3,4275,4275,1.0,4.83533,31.238088477989724,0.9452466888073926,0.9791751971168097,0.9814036445243512,0.9562430184838575
chat_preview,ui_text,chat_ui,1200,800,512,341,7,64,32,0,1272,2435,0.5223819301848049,3.94771,25.26197980023761,0.8139702931184648,0.7850206029825081,0.7845139283787137,0.6271863578055384
chat_preview,ui_text,chat_ui,1200,800,512,341,7,64,32,1,1736,2435,0.7129363449691992,3.85817,27.499457177183075,0.8419975194685231,0.8895983670822049,0.8920737517869028,0.8438925657735966
chat_preview,ui_text,chat_ui,1200,800,512,341,7,64,32,2,2212,2435,0.9084188911704312,3.84604,28.830939383063757,0.8870129253696911,0.9358284470831694,0.9399697847482513,0.9021704947957983
chat_preview,ui_text,chat_ui,1200,800,512,341,7,64,32,3,2435,2435,1.0,4.49362,29.362915158749683,0.9051972939487153,0.9509342496960295,0.9556941930104048,0.9187201617782457
chat_preview,ui_text,chat_ui,1200,800,512,341,7,64,32,4,2435,2435,1.0,4.12783,29.362915158749683,0.9051972939487153,0.9509342496960295,0.9556941930104048,0.9187201617782457
chat_preview,ui_text,chat_ui,1200,800,512,341,7,64,64,0,1692,4291,0.3943136797949196,3.96229,27.615857398726607,0.8488795076214178,0.8998888144034701,0.8998533526048217,0.8514059995089068
chat_preview,ui_text,chat_ui,1200,800,512,341,7,64,64,1,2682,4291,0.6250291307387555,3.99917,29.395525760203483,0.9058010683347426,0.9540579309070017,0.9554466288459386,0.9216788281344293
chat_preview,ui_text,chat_ui,1200,800,512,341,7,64,64,2,3782,4291,0.8813796317874621,4.24842,31.11391806536856,0.942454499926713,0.978650409760964,0.9808878138675512,0.9550351741033952
chat_preview,ui_text,chat_ui,1200,800,512,341,7,64,64,3,4291,4291,1.0,5.50362,31.251923393578068,0.9453855833472473,0.9792456790669637,0.9814776611134006,0.9564038090865185
chat_preview,ui_text,chat_ui,1200,800,512,341,8,64,32,0,1312,2535,0.5175542406311637,3.78604,25.26197980023761,0.8139702931184648,0.7850206029825081,0.7845139283787137,0.6271863578055384
chat_preview,ui_text,chat_ui,1200,800,512,341,8,64,32,1,1779,2535,0.7017751479289941,3.85071,27.509534401309878,0.8419248061593662,0.8897030553996371,0.8917991349660238,0.844546196650449
chat_preview,ui_text,chat_ui,1200,800,512,341,8,64,32,2,2264,2535,0.8930966469428008,4.04442,28.857731558486826,0.8877023152709547,0.9367438590483288,0.9409927353680478,0.9038645180672156
chat_preview,ui_text,chat_ui,1200,800,512,341,8,64,32,3,2535,2535,1.0,4.87829,29.41660896203984,0.9062260333427323,0.9517212759223885,0.956552306096339,0.9208321196273035
chat_preview,ui_text,chat_ui,1200,800,512,341,8,64,32,4,2535,2535,1.0,4.12867,29.41660896203984,0.9062260333427323,0.9517212759223885,0.956552306096339,0.9208321196273035
chat_preview,ui_text,chat_ui,1200,800,512,341,8,64,64,0,1692,4333,0.39049157627509806,3.72067,27.615857398726607,0.8488795076214178,0.8998888144034701,0.8998533526048217,0.8514059995089068
chat_preview,ui_text,chat_ui,1200,800,512,341,8,64,64,1,2693,4333,0.6215093468728363,4.24987,29.39171732930341,0.9057976883389346,0.954015186947179,0.9554602297400573,0.9216030535111713
chat_preview,ui_text,chat_ui,1200,800,512,341,8,64,64,2,3818,4333,0.8811447034387261,4.67058,31.132749023016743,0.9428880501756041,0.979036127591416,0.9813157154484082,0.9555672379381759
chat_preview,ui_text,chat_ui,1200,800,512,341,8,64,64,3,4333,4333,1.0,6.39254,31.274479655708063,0.9458265108909849,0.9796244604942831,0.9818966673395865,0.9569475762949516
chat_preview,ui_text,chat_ui,1200,800,512,341,9,64,32,0,1312,2540,0.5165354330708661,3.85842,25.26197980023761,0.8139702931184648,0.7850206029825081,0.7845139283787137,0.6271863578055384
chat_preview,ui_text,chat_ui,1200,800,512,341,9,64,32,1,1779,2540,0.7003937007874016,4.0505,27.50946246597386,0.8419667343120653,0.8897081474553512,0.8917994492175728,0.8444751818957568
chat_preview,ui_text,chat_ui,1200,800,512,341,9,64,32,2,2269,2540,0.8933070866141732,4.58208,28.859750043347724,0.8876668076172568,0.9367259574074888,0.9409315740548614,0.9040011072386862
chat_preview,ui_text,chat_ui,1200,800,512,341,9,64,32,3,2540,2540,1.0,4.16579,29.424127820826683,0.9062301940671403,0.9517318349479975,0.9565416025215896,0.9209957791729804
chat_preview,ui_text,chat_ui,1200,800,512,341,9,64,32,4,2540,2540,1.0,5.03704,29.424127820826683,0.9062301940671403,0.9517318349479975,0.9565416025215896,0.9209957791729804
chat_preview,ui_text,chat_ui,1200,800,512,341,9,64,64,0,1692,4341,0.3897719419488597,3.67012,27.615857398726607,0.8488795076214178,0.8998888144034701,0.8998533526048217,0.8514059995089068
chat_preview,ui_text,chat_ui,1200,800,512,341,9,64,64,1,2693,4341,0.6203639714351532,3.88037,29.39165015559045,0.9057913036884552,0.9540121091920427,0.9554594205764405,0.9215918117636958
chat_preview,ui_text,chat_ui,1200,800,512,341,9,64,64,2,3824,4341,0.8809030177378484,4.53854,31.140271830940517,0.9429379355082709,0.97906538927158,0.9813287681566271,0.9556743657305177
chat_preview,ui_text,chat_ui,1200,800,512,341,9,64,64,3,4341,4341,1.0,4.7005,31.286965489852683,0.9459260028451665,0.9796605293870169,0.9819162881810075,0.9570778986938205
chat_preview,ui_text,chat_ui,1200,800,512,341,10,64,32,0,1312,2553,0.5139052095573835,3.8065,25.26197980023761,0.8139702931184648,0.7850206029825081,0.7845139283787137,0.6271863578055384
chat_preview,ui_text,chat_ui,1200,800,512,341,10,64,32,1,1780,2553,0.6972189580885233,3.95187,27.506137565768405,0.8418542968420835,0.8896828503187368,0.8918512278144721,0.8445424188215861
chat_preview,ui_text,chat_ui,1200,800,512,341,10,64,32,2,2276,2553,0.891500195848022,4.05725,28.86899762379553,0.8876179167541552,0.9367055150346455,0.9409967701022222,0.9043621735415791
chat_preview,ui_text,chat_ui,1200,800,512,341,10,64,32,3,2553,2553,1.0,5.96996,29.445503078575868,0.9067386778452521,0.952271442157572,0.9571402401555191,0.9217270581035847
chat_preview,ui_text,chat_ui,1200,800,512,341,10,64,32,4,2553,2553,1.0,4.41167,29.445503078575868,0.9067386778452521,0.952271442157572,0.9571402401555191,0.9217270581035847
chat_preview,ui_text,chat_ui,1200,800,512,341,10,64,64,0,1692,4378,0.3864778437642759,4.41146,27.615857398726607,0.8488795076214178,0.8998888144034701,0.8998533526048217,0.8514059995089068
chat_preview,ui_text,chat_ui,1200,800,512,341,10,64,64,1,2699,4378,0.6164915486523527,4.03379,29.391784282354823,0.9058441045245361,0.9539871254450053,0.9554286476829922,0.9215780619859208
chat_preview,ui_text,chat_ui,1200,800,512,341,10,64,64,2,3837,4378,0.8764275925079945,4.29342,31.14355309924092,0.9429457022602489,0.9790250127244732,0.9812766435847463,0.9557005059027506
chat_preview,ui_text,chat_ui,1200,800,512,341,10,64,64,3,4378,4378,1.0,4.91246,31.302386692966312,0.9460921402771089,0.9796712899005052,0.9819155581494505,0.9572442387827392
chat_preview,ui_text,chat_ui,1200,800,512,341,11,64,32,0,1322,2567,0.5149980522010128,3.95683,25.31158565149241,0.8146727596474083,0.7912926729259229,0.7909681853235538,0.6489448186394313
chat_preview,ui_text,chat_ui,1200,800,512,341,11,64,32,1,1791,2567,0.6977015971951694,4.16754,27.573436865246464,0.8431538016264529,0.893560601733069,0.8954783362566866,0.8585340549319908
chat_preview,ui_text,chat_ui,1200,800,512,341,11,64,32,2,2288,2567,0.8913128165173354,4.05821,28.989650413221455,0.8895499343584791,0.9414574850120173,0.945555513194705,0.9177868364271476
chat_preview,ui_text,chat_ui,1200,800,512,341,11,64,32,3,2567,2567,1.0,4.72487,29.590357167036842,0.9088780511779598,0.9572135964732231,0.9618779918631287,0.934709089651991
chat_preview,ui_text,chat_ui,1200,800,512,341,11,64,32,4,2567,2567,1.0,4.43033,29.590357167036842,0.9088780511779598,0.9572135964732231,0.9618779918631287,0.934709089651991
chat_preview,ui_text,chat_ui,1200,800,512,341,11,64,64,0,1713,4411,0.38834731353434593,3.69867,27.690419692453393,0.8494722005627849,0.9029028781780347,0.902913849417859,0.8673347203261591
chat_preview,ui_text,chat_ui,1200,800,512,341,11,64,64,1,2726,4411,0.6180004534119248,4.73596,29.511033239865224,0.9075607398603754,0.9569224943400755,0.9583343017848511,0.9351753256937924
chat_preview,ui_text,chat_ui,1200,800,512,341,11,64,64,2,3870,4411,0.8773520743595556,4.51288,31.3528324101739,0.9456522883381018,0.9824993612457313,0.9846846831452665,0.9683428423847619
chat_preview,ui_text,chat_ui,1200,800,512,341,11,64,64,3,4411,4411,1.0,5.32546,31.52402585301222,0.9488407582612663,0.9831268007567012,0.9853058676149337,0.9698248274637751
chat_preview,ui_text,chat_ui,1200,800,512,341,12,64,32,0,1322,2579,0.5126017836370687,3.87708,25.31158565149241,0.8146727596474083,0.7912926729259229,0.7909681853235538,0.6489448186394313
chat_preview,ui_text,chat_ui,1200,800,512,341,12,64,32,1,1791,2579,0.6944552151996898,3.84308,27.573161128318514,0.8432106981821792,0.8935844620146227,0.8954895099390664,0.858489441828192
chat_preview,ui_text,chat_ui,1200,800,512,341,12,64,32,2,2288,2579,0.8871655680496316,4.19546,28.98988959804186,0.8896283742749541,0.9414894393242758,0.9455714050027856,0.9177633252351061
chat_preview,ui_text,chat_ui,1200,800,512,341,12,64,32,3,2579,2579,1.0,4.53767,29.612192687398696,0.9096515545857885,0.9577750123500622,0.9624273795547593,0.9354373846566522
chat_preview,ui_text,chat_ui,1200,800,512,341,12,64,32,4,2579,2579,1.0,5.37142,29.612192687398696,0.9096515545857885,0.9577750123500622,0.9624273795547593,0.9354373846566522
chat_preview,ui_text,chat_ui,1200,800,512,341,12,64,64,0,1713,4430,0.38668171557562075,4.10162,27.690419692453393,0.8494722005627849,0.9029028781780347,0.902913849417859,0.8673347203261591
chat_preview,ui_text,chat_ui,1200,800,512,341,12,64,64,1,2731,4430,0.6164785553047404,4.18642,29.51289011299638,0.9075568706280563,0.9569243988391767,0.9583328119383074,0.9352133772213321
chat_preview,ui_text,chat_ui,1200,800,512,341,12,64,64,2,3875,4430,0.8747178329571106,5.05104,31.35457985335225,0.9456450964059705,0.982500315161559,0.9846823578815548,0.9683711463492632
chat_preview,ui_text,chat_ui,1200,800,512,341,12,64,64,3,4430,4430,1.0,6.03171,31.53613976577194,0.948893623340889,0.9831438394882092,0.9853328413807154,0.9699432341698373
chat_preview,ui_text,chat_ui,1200,800,512,341,13,64,32,0,1322,2602,0.5080707148347425,4.48783,25.31158565149241,0.8146727596474083,0.7912926729259229,0.7909681853235538,0.6489448186394313
chat_preview,ui_text,chat_ui,1200,800,512,341,13,64,32,1,1793,2602,0.6890853189853958,4.12575,27.569727005246428,0.8434652687978731,0.8937614906280338,0.8957349782270236,0.8582889545175318
chat_preview,ui_text,chat_ui,1200,800,512,341,13,64,32,2,2311,2602,0.888162951575711,5.68592,29.006074688984633,0.8903601837100461,0.9427700157066949,0.9471632382144087,0.9188431530632284
chat_preview,ui_text,chat_ui,1200,800,512,341,13,64,32,3,2602,2602,1.0,4.76012,29.624738242992883,0.9100772280483,0.9581920831723659,0.9630845474359693,0.9359011800060046
chat_preview,ui_text,chat_ui,1200,800,512,341,13,64,32,4,2602,2602,1.0,4.95492,29.624738242992883,0.9100772280483,0.9581920831723659,0.9630845474359693,0.9359011800060046
chat_preview,ui_text,chat_ui,1200,800,512,341,13,64,64,0,1713,4461,0.3839946200403497,3.70867,27.690419692453393,0.8494722005627849,0.9029028781780347,0.902913849417859,0.8673347203261591
chat_preview,ui_text,chat_ui,1200,800,512,341,13,64,64,1,2736,4461,0.613315400134499,3.80967,29.514192129825755,0.9076957528086375,0.9569679604611937,0.958380989752064,0.9351829746003797
chat_preview,ui_text,chat_ui,1200,800,512,341,13,64,64,2,3904,4461,0.8751401031158933,4.30437,31.382588358349945,0.9461723742485623,0.9828499296726951,0.9850721355955093,0.9686623149864536
chat_preview,ui_text,chat_ui,1200,800,512,341,13,64,64,3,4461,4461,1.0,4.76933,31.569522661691334,0.9494209101521954,0.9834864879555593,0.9857144971222688,0.9702556815608566
chat_preview,ui_text,chat_ui,1200,800,512,341,14,64,32,0,1322,2625,0.5036190476190476,4.38004,25.31158565149241,0.8146727596474083,0.7912926729259229,0.7909681853235538,0.6489448186394313
chat_preview,ui_text,chat_ui,1200,800,512,341,14,64,32,1,1793,2625,0.683047619047619,4.15296,27.569727005246428,0.8434652687978731,0.8937614906280338,0.8957349782270236,0.8582889545175318
chat_preview,ui_text,chat_ui,1200,800,512,341,14,64,32,2,2311,2625,0.8803809523809524,4.52971,29.00918645446115,0.8904500687013602,0.9427967383474433,0.9471621153479576,0.9188790983883548
chat_preview,ui_text,chat_ui,1200,800,512,341,14,64,32,3,2625,2625,1.0,4.47867,29.669480028403058,0.9110546598371073,0.958656472796877,0.9634508332754851,0.936992135762162
chat_preview,ui_text,chat_ui,1200,800,512,341,14,64,32,4,2625,2625,1.0,4.68133,29.669480028403058,0.9110546598371073,0.958656472796877,0.9634508332754851,0.936992135762162
chat_preview,ui_text,chat_ui,1200,800,512,341,14,64,64,0,1713,4482,0.3821954484605087,4.1335,27.690419692453393,0.8494722005627849,0.9029028781780347,0.902913849417859,0.8673347203261591
chat_preview,ui_text,chat_ui,1200,800,512,341,14,64,64,1,2736,4482,0.6104417670682731,5.15108,29.514192129825755,0.9076957528086375,0.9569679604611937,0.958380989752064,0.9351829746003797
chat_preview,ui_text,chat_ui,1200,800,512,341,14,64,64,2,3904,4482,0.8710397144132084,9.72642,31.38413806205618,0.946239437774934,0.9828519441575064,0.9850688674808271,0.9686453660875601
chat_preview,ui_text,chat_ui,1200,800,512,341,14,64,64,3,4482,4482,1.0,7.3535,31.574300230065777,0.9495974724773427,0.9834898246021916,0.9857202155290824,0.9702771574778485
chat_preview,ui_text,chat_ui,1200,800,512,341,15,64,32,0,1328,2641,0.5028398333964408,4.52583,25.32363844226719,0.814531271775856,0.79146627646508,0.7908089620781427,0.6504403486900209
chat_preview,ui_text,chat_ui,1200,800,512,341,15,64,32,1,1800,2641,0.6815600151457781,4.65946,27.578820048728062,0.8435844575580518,0.8940125574562464,0.8957047899024192,0.8589534631959332
chat_preview,ui_text,chat_ui,1200,800,512,341,15,64,32,2,2327,2641,0.8811056418023476,4.38775,29.022246104648595,0.8904217748581106,0.9430133950113446,0.947111340876477,0.919375956980346
chat_preview,ui_text,chat_ui,1200,800,512,341,15,64,32,3,2641,2641,1.0,4.66175,29.694071043273787,0.9111691254244138,0.9587588695278798,0.9632743334508469,0.9374232160467939
chat_preview,ui_text,chat_ui,1200,800,512,341,15,64,32,4,2641,2641,1.0,4.5145,29.694071043273787,0.9111691254244138,0.9587588695278798,0.9632743334508469,0.9374232160467939
chat_preview,ui_text,chat_ui,1200,800,512,341,15,64,64,0,1709,4506,0.37927208166888593,4.10942,27.687135523345646,0.8496151070206174,0.9029320654762399,0.9029330315940347,0.8671061792800385
chat_preview,ui_text,chat_ui,1200,800,512,341,15,64,64,1,2733,4506,0.6065246338215713,4.29067,29.513516733259536,0.9078394663614983,0.9570173160035287,0.9583823475384541,0.9351144448319156
chat_preview,ui_text,chat_ui,1200,800,512,341,15,64,64,2,3928,4506,0.8717265867731913,4.72896,31.399331368890007,0.9463830895411135,0.9829919524520024,0.9851302707101222,0.9689029371436091
chat_preview,ui_text,chat_ui,1200,800,512,341,15,64,64,3,4506,4506,1.0,4.83,31.596398509020176,0.9497883448251557,0.9836239200314735,0.9857753950557722,0.9705503062484045
chat_preview,ui_text,chat_ui,1200,800,512,341,16,64,32,0,1368,2713,0.5042388499815702,4.11325,25.32363844226719,0.814531271775856,0.79146627646508,0.7908089620781427,0.6504403486900209
chat_preview,ui_text,chat_ui,1200,800,512,341,16,64,32,1,1840,2713,0.6782159970512348,4.28175,27.57850315456104,0.8436078215476774,0.8940115321761936,0.8957096182059123,0.8588825846678575
chat_preview,ui_text,chat_ui,1200,800,512,341,16,64,32,2,2369,2713,0.8732030962034648,3.98925,29.03373997727168,0.8906091508872,0.9431624600740153,0.9472748184923776,0.9197336754395515
chat_preview,ui_text,chat_ui,1200,800,512,341,16,64,32,3,2713,2713,1.0,4.38746,29.727276036456345,0.9117555323570904,0.9593924535533214,0.9639577985032822,0.9382392062460126
chat_preview,ui_text,chat_ui,1200,800,512,341,16,64,32,4,2713,2713,1.0,4.55217,29.727276036456345,0.9117555323570904,0.9593924535533214,0.9639577985032822,0.9382392062460126
chat_preview,ui_text,chat_ui,1200,800,512,341,16,64,64,0,1709,4538,0.376597620096959,4.12725,27.687135523345646,0.8496151070206174,0.9029320654762399,0.9029330315940347,0.8671061792800385
chat_preview,ui_text,chat_ui,1200,800,512,341,16,64,64,1,2733,4538,0.6022476862053768,4.07442,29.513307317811858,0.9078487633074029,0.9570240720570652,0.9583804439277196,0.9351139771305326
chat_preview,ui_text,chat_ui,1200,800,512,341,16,64,64,2,3931,4538,0.8662406346408109,5.29625,31.418897401795295,0.9466627939423874,0.9831371819619311,0.985270880600338,0.9690607828278875
chat_preview,ui_text,chat_ui,1200,800,512,341,16,64,64,3,4538,4538,1.0,5.3435,31.624604325893536,0.9502617803939705,0.983814390689962,0.9859728119578398,0.9708253894804713
chat_preview,ui_text,chat_ui,1200,800,512,341,17,64,32,0,1368,2732,0.5007320644216691,3.93883,25.32363844226719,0.814531271775856,0.79146627646508,0.7908089620781427,0.6504403486900209
chat_preview,ui_text,chat_ui,1200,800,512,341,17,64,32,1,1857,2732,0.6797218155197657,3.35037,27.583924206907398,0.843622324653379,0.8939420896246043,0.8959386748377807,0.8602204221277802
chat_preview,ui_text,chat_ui,1200,800,512,341,17,64,32,2,2388,2732,0.8740849194729137,3.35246,29.042761505482083,0.8911788575299839,0.943695583110018,0.9479878121378024,0.9208592648712695
chat_preview,ui_text,chat_ui,1200,800,512,341,17,64,32,3,2732,2732,1.0,4.35592,29.74329098078607,0.9121031557396332,0.9600216706592768,0.9647935821875535,0.9392838316229447
chat_preview,ui_text,chat_ui,1200,800,512,341,17,64,32,4,2732,2732,1.0,3.79604,29.74329098078607,0.9121031557396332,0.9600216706592768,0.9647935821875535,0.9392838316229447
chat_preview,ui_text,chat_ui,1200,800,512,341,17,64,64,0,1709,4579,0.3732255951081022,3.31192,27.687135523345646,0.8496151070206174,0.9029320654762399,0.9029330315940347,0.8671061792800385
chat_preview,ui_text,chat_ui,1200,800,512,341,17,64,64,1,2772,4579,0.6053723520419305,3.42104,29.506085645776757,0.9079881183132046,0.9572995381179985,0.9586857709337531,0.9354294917984365
chat_preview,ui_text,chat_ui,1200,800,512,341,17,64,64,2,3972,4579,0.8674383053068355,4.09883,31.41831121867505,0.9466754035165384,0.9835369804305093,0.9857063770750297,0.9695396635843523
chat_preview,ui_text,chat_ui,1200,800,512,341,17,64,64,3,4579,4579,1.0,5.08604,31.631548499743317,0.9503418924609658,0.9842146284012651,0.9864063665198357,0.9713308259803014
chat_preview,ui_text,chat_ui,1200,800,512,341,18,64,32,0,1368,2775,0.492972972972973,3.87879,25.32363844226719,0.814531271775856,0.79146627646508,0.7908089620781427,0.6504403486900209
chat_preview,ui_text,chat_ui,1200,800,512,341,18,64,32,1,1865,2775,0.6720720720720721,3.90733,27.58516359713747,0.843707966940829,0.8940426596428764,0.8958940211095474,0.8604810381528694
chat_preview,ui_text,chat_ui,1200,800,512,341,18,64,32,2,2425,2775,0.8738738738738738,4.12858,29.054735119924544,0.8924041307530985,0.9449491382572157,0.9492328102362769,0.9219994383110878
chat_preview,ui_text,chat_ui,1200,800,512,341,18,64,32,3,2775,2775,1.0,4.22775,29.760402836530744,0.9134034688201753,0.9606809676969431,0.9654011093689935,0.9403801129607398
chat_preview,ui_text,chat_ui,1200,800,512,341,18,64,32,4,2775,2775,1.0,4.142,29.760402836530744,0.9134034688201753,0.9606809676969431,0.9654011093689935,0.9403801129607398
chat_preview,ui_text,chat_ui,1200,800,512,341,18,64,64,0,1709,4651,0.36744786067512364,3.78746,27.687135523345646,0.8496151070206174,0.9029320654762399,0.9029330315940347,0.8671061792800385
chat_preview,ui_text,chat_ui,1200,800,512,341,18,64,64,1,2778,4651,0.5972909051816814,4.05187,29.507046050883684,0.908003319668183,0.9573274448311949,0.9587033955437905,0.9355036727054351
chat_preview,ui_text,chat_ui,1200,800,512,341,18,64,64,2,4011,4651,0.8623951838314341,4.29988,31.43380019881719,0.9471266781511974,0.9840499034818279,0.9862210005985257,0.9701520849425342
chat_preview,ui_text,chat_ui,1200,800,512,341,18,64,64,3,4651,4651,1.0,5.2035,31.65403313830692,0.9508742658457886,0.984738115603223,0.9869475346328885,0.9720250474027041
chat_preview,ui_text,chat_ui,1200,800,512,341,19,64,32,0,1368,2777,0.49261793302124596,3.84337,25.32363844226719,0.814531271775856,0.79146627646508,0.7908089620781427,0.6504403486900209
chat_preview,ui_text,chat_ui,1200,800,512,341,19,64,32,1,1865,2777,0.6715880446525027,3.86192,27.584362277887582,0.8436816269543446,0.8940294792308733,0.8958961599018503,0.8604528401873023
chat_preview,ui_text,chat_ui,1200,800,512,341,19,64,32,2,2427,2777,0.8739647101188333,4.10971,29.053234330099016,0.8923593383476872,0.9449224973002875,0.949260864122441,0.921946077837593
chat_preview,ui_text,chat_ui,1200,800,512,341,19,64,32,3,2777,2777,1.0,4.40983,29.759172781999048,0.9133564369065295,0.9606552693485989,0.9654256306699476,0.9403295408016517
chat_preview,ui_text,chat_ui,1200,800,512,341,19,64,32,4,2777,2777,1.0,4.25838,29.759172781999048,0.9133564369065295,0.9606552693485989,0.9654256306699476,0.9403295408016517
chat_preview,ui_text,chat_ui,1200,800,512,341,19,64,64,0,1709,4660,0.3667381974248927,3.80875,27.687135523345646,0.8496151070206174,0.9029320654762399,0.9029330315940347,0.8671061792800385
chat_preview,ui_text,chat_ui,1200,800,512,341,19,64,64,1,2778,4660,0.596137339055794,4.16829,29.508216625460886,0.9080533365652236,0.9573400832003519,0.9587037510026521,0.9355350575921589
chat_preview,ui_text,chat_ui,1200,800,512,341,19,64,64,2,4019,4660,0.8624463519313305,4.32729,31.43592216928663,0.9471569097055866,0.9840585077683649,0.9862233378380161,0.9701739577290253
chat_preview,ui_text,chat_ui,1200,800,512,341,19,64,64,3,4660,4660,1.0,4.85458,31.655377020991974,0.9509047895809468,0.9847486463315538,0.986949825146028,0.9720455306713963
chat_preview,ui_text,chat_ui,1200,800,512,341,20,64,32,0,1406,2828,0.4971711456859972,3.97475,25.315842820073943,0.8147539816867625,0.7910989841234293,0.790903383112709,0.6485512214006663
chat_preview,ui_text,chat_ui,1200,800,512,341,20,64,32,1,1903,2828,0.6729137199434229,4.18863,27.579862530813575,0.8437551770395224,0.8940150586411946,0.8958647719936879,0.8594907952436543
chat_preview,ui_text,chat_ui,1200,800,512,341,20,64,32,2,2476,2828,0.8755304101838756,4.16812,29.0551320944894,0.8924944370875049,0.9448694131412783,0.9491862596720017,0.9216039804747949
chat_preview,ui_text,chat_ui,1200,800,512,341,20,64,32,3,2828,2828,1.0,4.08763,29.77028087041159,0.9135905410352598,0.9604393974636891,0.9651565475879312,0.9399780761641846
chat_preview,ui_text,chat_ui,1200,800,512,341,20,64,32,4,2828,2828,1.0,4.24146,29.77028087041159,0.9135905410352598,0.9604393974636891,0.9651565475879312,0.9399780761641846
chat_preview,ui_text,chat_ui,1200,800,512,341,20,64,64,0,1713,4673,0.3665739353734218,4.04858,27.68231076148972,0.8495287226643967,0.9028706618181418,0.9028692005325507,0.8670058293461698
chat_preview,ui_text,chat_ui,1200,800,512,341,20,64,64,1,2789,4673,0.5968328696768671,4.43517,29.50646566217729,0.90818868383962,0.9574192426298612,0.9588465600896932,0.9356217728346982
chat_preview,ui_text,chat_ui,1200,800,512,341,20,64,64,2,4030,4673,0.8624010271774021,4.24296,31.43265190333897,0.947281554029138,0.9840841756677342,0.9863127268906584,0.9702051468992412
chat_preview,ui_text,chat_ui,1200,800,512,341,20,64,64,3,4673,4673,1.0,4.74217,31.65991476329293,0.9511109705834754,0.9847891369151633,0.9870489428515413,0.9721217230538116
chat_preview,ui_text,chat_ui,1200,800,512,341,21,64,32,0,1446,2930,0.49351535836177474,3.98221,25.315842820073943,0.8147539816867625,0.7910989841234293,0.790903383112709,0.6485512214006663
chat_preview,ui_text,chat_ui,1200,800,512,341,21,64,32,1,1943,2930,0.6631399317406144,4.42171,27.579074676071663,0.8437774307817064,0.8940233738891307,0.8958588209637476,0.8594464271130895
chat_preview,ui_text,chat_ui,1200,800,512,341,21,64,32,2,2526,2930,0.8621160409556314,3.60087,29.088830744419575,0.8927004865416638,0.94503154660477,0.9493298513504927,0.9220632987974331
chat_preview,ui_text,chat_ui,1200,800,512,341,21,64,32,3,2889,2930,0.9860068259385666,3.84525,29.845344876675096,0.9148052000479273,0.9613001976220718,0.9660124473813702,0.9411821761352706
chat_preview,ui_text,chat_ui,1200,800,512,341,21,64,32,4,2930,2930,1.0,4.3445,29.845372686782945,0.9149497514664469,0.9612894620940233,0.9660011140467095,0.9411717581631417
chat_preview,ui_text,chat_ui,1200,800,512,341,21,64,64,0,1713,4715,0.3633085896076352,3.46708,27.68231076148972,0.8495287226643967,0.9028706618181418,0.9028692005325507,0.8670058293461698
chat_preview,ui_text,chat_ui,1200,800,512,341,21,64,64,1,2789,4715,0.5915164369034994,3.77379,29.506819987147086,0.9082170608948874,0.9574219600455111,0.9588477516971923,0.935610565191953
chat_preview,ui_text,chat_ui,1200,800,512,341,21,64,64,2,4043,4715,0.8574761399787911,4.205,31.460467377202853,0.9476174204185656,0.9840924898053052,0.9863033453326576,0.9702613499551745
chat_preview,ui_text,chat_ui,1200,800,512,341,21,64,64,3,4715,4715,1.0,4.93471,31.695882821907407,0.9515727962248254,0.9847911109578719,0.9870445599947221,0.972213504386654
chat_preview,ui_text,chat_ui,1200,800,512,341,22,64,32,0,1446,2932,0.4931787175989086,3.56758,25.315842820073943,0.8147539816867625,0.7910989841234293,0.790903383112709,0.6485512214006663
chat_preview,ui_text,chat_ui,1200,800,512,341,22,64,32,1,1943,2932,0.66268758526603,3.64354,27.579074676071663,0.8437774307817064,0.8940233738891307,0.8958588209637476,0.8594464271130895
chat_preview,ui_text,chat_ui,1200,800,512,341,22,64,32,2,2526,2932,0.8615279672578445,3.69779,29.09073378830493,0.8927446760213718,0.9450625462903078,0.9493462266198776,0.9220945233056792
chat_preview,ui_text,chat_ui,1200,800,512,341,22,64,32,3,2891,2932,0.9860163710777626,4.3915,29.85243791374547,0.9148243440368303,0.9613616723741772,0.9661011890758331,0.9412759147906247
chat_preview,ui_text,chat_ui,1200,800,512,341,22,64,32,4,2932,2932,1.0,3.98,29.852665077396665,0.9149700626983974,0.9613519775606837,0.9660909474473066,0.9412679455472511
chat_preview,ui_text,chat_ui,1200,800,512,341,22,64,64,0,1713,4715,0.3633085896076352,3.64012,27.68231076148972,0.8495287226643967,0.9028706618181418,0.9028692005325507,0.8670058293461698
chat_preview,ui_text,chat_ui,1200,800,512,341,22,64,64,1,2789,4715,0.5915164369034994,3.6125,29.506819987147086,0.9082170608948874,0.9574219600455111,0.9588477516971923,0.935610565191953
chat_preview,ui_text,chat_ui,1200,800,512,341,22,64,64,2,4043,4715,0.8574761399787911,3.85817,31.461329194973672,0.9476555457625025,0.9841079388059951,0.9863082171894592,0.9702684590627049
chat_preview,ui_text,chat_ui,1200,800,512,341,22,64,64,3,4715,4715,1.0,4.9485,31.704960991295486,0.951654900902044,0.9848203463816093,0.9870640499280681,0.9722701166829748
chat_preview,ui_text,chat_ui,1200,800,512,341,23,64,32,0,1443,2949,0.4893184130213632,3.77579,25.40984524722823,0.8164887406456547,0.7886244132223049,0.7879006947610033,0.6307750974962649
chat_preview,ui_text,chat_ui,1200,800,512,341,23,64,32,1,1944,2949,0.659206510681587,3.921,27.769200934591275,0.8459524511716926,0.8937804286091359,0.8945232120528026,0.8555961976876663
chat_preview,ui_text,chat_ui,1200,800,512,341,23,64,32,2,2534,2949,0.8592743302814514,4.01058,29.364919840106328,0.8947587875357631,0.9460946768703075,0.9493528110656987,0.9217620697726843
chat_preview,ui_text,chat_ui,1200,800,512,341,23,64,32,3,2908,2949,0.986096982027806,4.18087,30.208237385785136,0.9174824299665398,0.9632853740686107,0.9670131040601996,0.9423985840717628
chat_preview,ui_text,chat_ui,1200,800,512,341,23,64,32,4,2949,2949,1.0,4.45279,30.20858829755123,0.91762881430625,0.9632768545182477,0.9670041545557327,0.9423920359032225
chat_preview,ui_text,chat_ui,1200,800,512,341,23,64,64,0,1768,4857,0.3640107061972411,3.64908,27.833600046485092,0.8489977207717737,0.898191694986228,0.8980453703862199,0.8606211742158926
chat_preview,ui_text,chat_ui,1200,800,512,341,23,64,64,1,2868,4857,0.5904879555281037,3.83042,29.777445123733596,0.9077368170134913,0.9543953933742109,0.9555822775997121,0.9324346697450636
chat_preview,ui_text,chat_ui,1200,800,512,341,23,64,64,2,4155,4857,0.8554663372452131,4.34275,31.924998129890476,0.9476927814312438,0.9820267503805643,0.9839641111291221,0.9692462999092671
chat_preview,ui_text,chat_ui,1200,800,512,341,23,64,64,3,4857,4857,1.0,4.86804,32.209696571895755,0.951710431466179,0.9826908195041749,0.9846623592296965,0.9713761808105128
chat_preview,ui_text,chat_ui,1200,800,512,341,24,64,32,0,1443,2952,0.4888211382113821,3.70942,25.40984524722823,0.8164887406456547,0.7886244132223049,0.7879006947610033,0.6307750974962649
chat_preview,ui_text,chat_ui,1200,800,512,341,24,64,32,1,1944,2952,0.6585365853658537,3.8855,27.767635935623783,0.8459601982492381,0.8937744151651681,0.8945487828313731,0.8555612024682757
chat_preview,ui_text,chat_ui,1200,800,512,341,24,64,32,2,2537,2952,0.8594173441734417,4.25896,29.36772570065074,0.8947665773935395,0.9461285861030936,0.9493941832254329,0.9217824520992763
chat_preview,ui_text,chat_ui,1200,800,512,341,24,64,32,3,2911,2952,0.9861111111111112,4.2115,30.219863188130546,0.9176403935741567,0.9634105901658884,0.9671473450678161,0.9426923095729366
chat_preview,ui_text,chat_ui,1200,800,512,341,24,64,32,4,2952,2952,1.0,4.293,30.22053204068635,0.9177903276413542,0.9634028443236674,0.9671391707532975,0.942688329911185
chat_preview,ui_text,chat_ui,1200,800,512,341,24,64,64,0,1768,4868,0.36318816762530814,3.91692,27.833600046485092,0.8489977207717737,0.898191694986228,0.8980453703862199,0.8606211742158926
chat_preview,ui_text,chat_ui,1200,800,512,341,24,64,64,1,2868,4868,0.5891536565324569,4.21621,29.777207202909494,0.9077371053499954,0.9544020203483212,0.9555849139396215,0.9324449806818013
chat_preview,ui_text,chat_ui,1200,800,512,341,24,64,64,2,4166,4868,0.8557929334428923,4.32246,31.928695924139767,0.9477437098782193,0.9820268511848805,0.9839476313084368,0.9692585393135218
chat_preview,ui_text,chat_ui,1200,800,512,341,24,64,64,3,4868,4868,1.0,4.50158,32.221357223263524,0.951822265295989,0.98273371106235,0.9846884665425778,0.9714772035352511
chat_preview,ui_text,chat_ui,1200,800,512,341,25,64,32,0,1454,2978,0.4882471457353929,3.71562,25.415689922365328,0.8158277737760455,0.7866279827631152,0.788275584668063,0.6299015908451446
chat_preview,ui_text,chat_ui,1200,800,512,341,25,64,32,1,1958,2978,0.6574882471457354,3.5035,27.778594991327484,0.8456726301703615,0.891731390919645,0.8946861003406203,0.853706459477941
chat_preview,ui_text,chat_ui,1200,800,512,341,25,64,32,2,2553,2978,0.8572867696440564,3.65362,29.388712931511016,0.8945671083592183,0.9440849619267087,0.9495202372733889,0.9200009995682812
chat_preview,ui_text,chat_ui,1200,800,512,341,25,64,32,3,2937,2978,0.986232370718603,3.97725,30.258700565258437,0.9179409934284172,0.9615958323624348,0.9675011183383027,0.9411024732847167
chat_preview,ui_text,chat_ui,1200,800,512,341,25,64,32,4,2978,2978,1.0,3.86821,30.25947925009904,0.9180899972911186,0.961588577880066,0.9674934714540422,0.9410995393257822
chat_preview,ui_text,chat_ui,1200,800,512,341,25,64,64,0,1781,4937,0.36074539193842414,4.40075,27.85310739167596,0.8481092648366778,0.8964222748716452,0.8982224898389946,0.8590939112287223
chat_preview,ui_text,chat_ui,1200,800,512,341,25,64,64,1,2887,4937,0.5847680777800284,4.46417,29.80415398889802,0.9069851540758664,0.9526146280198301,0.9557674434789832,0.9307566070536212
chat_preview,ui_text,chat_ui,1200,800,512,341,25,64,64,2,4195,4937,0.8497062993720883,3.93558,31.98036601317764,0.9470970421170407,0.9802608782051973,0.9841503089433098,0.9676054591413062
chat_preview,ui_text,chat_ui,1200,800,512,341,25,64,64,3,4937,4937,1.0,4.35367,32.29833437629608,0.9513235027788683,0.9809975478011569,0.9849391434396945,0.969971228823012
chat_preview,ui_text,chat_ui,1200,800,512,341,26,64,32,0,1454,2979,0.48808324941255454,3.80075,25.415689922365328,0.8158277737760455,0.7866279827631152,0.788275584668063,0.6299015908451446
chat_preview,ui_text,chat_ui,1200,800,512,341,26,64,32,1,1958,2979,0.6572675394427661,6.32737,27.778643618319073,0.845676726494113,0.891717570608603,0.8946985505036523,0.8536635352219192
chat_preview,ui_text,chat_ui,1200,800,512,341,26,64,32,2,2554,2979,0.8573346760657939,4.13546,29.40509516493586,0.8947962188911583,0.9440354174352388,0.9494692046795737,0.9198620951737883
chat_preview,ui_text,chat_ui,1200,800,512,341,26,64,32,3,2938,2979,0.9862369922792884,4.00883,30.292021999333755,0.9183307401945194,0.9617941792663945,0.9677292750934622,0.9412342577887867
chat_preview,ui_text,chat_ui,1200,800,512,341,26,64,32,4,2979,2979,1.0,5.06079,30.293032715700768,0.9184833284896219,0.9617874518265591,0.9677221279199113,0.9412337483536177
chat_preview,ui_text,chat_ui,1200,800,512,341,26,64,64,0,1781,4942,0.3603804127883448,4.37504,27.85310739167596,0.8481092648366778,0.8964222748716452,0.8982224898389946,0.8590939112287223
chat_preview,ui_text,chat_ui,1200,800,512,341,26,64,64,1,2887,4942,0.5841764467826791,4.58217,29.80390740920455,0.9069809996659638,0.9526130790020745,0.9557676392524379,0.9307526655766966
chat_preview,ui_text,chat_ui,1200,800,512,341,26,64,64,2,4200,4942,0.8498583569405099,4.82996,31.997875966390247,0.9473843700477933,0.9802739531860984,0.9841625278669067,0.9676498432902757
chat_preview,ui_text,chat_ui,1200,800,512,341,26,64,64,3,4942,4942,1.0,5.97529,32.3292999373152,0.9516871031090144,0.9809889975681753,0.9849273921268864,0.9700567461263655
chat_preview,ui_text,chat_ui,1200,800,512,341,27,64,32,0,1454,3030,0.47986798679867987,4.3415,25.415689922365328,0.8158277737760455,0.7866279827631152,0.788275584668063,0.6299015908451446
chat_preview,ui_text,chat_ui,1200,800,512,341,27,64,32,1,1965,3030,0.6485148514851485,3.7615,27.781228054602146,0.845825499891209,0.8917148120896198,0.8947456021923877,0.8538489479718225
chat_preview,ui_text,chat_ui,1200,800,512,341,27,64,32,2,2574,3030,0.8495049504950495,4.00267,29.42245039266105,0.894791275446424,0.9440821215144957,0.949663546375417,0.9204568448059438
chat_preview,ui_text,chat_ui,1200,800,512,341,27,64,32,3,2989,3030,0.9864686468646865,3.8395,30.33461587520533,0.9189654310237941,0.9622547136922575,0.9684180114485788,0.9423150114062059
chat_preview,ui_text,chat_ui,1200,800,512,341,27,64,32,4,3030,3030,1.0,4.15458,30.33502508220628,0.9190620597418061,0.9622350449610289,0.9683978940703388,0.9422968215597687
chat_preview,ui_text,chat_ui,1200,800,512,341,27,64,64,0,1781,5015,0.3551345962113659,3.61021,27.85310739167596,0.8481092648366778,0.8964222748716452,0.8982224898389946,0.8590939112287223
chat_preview,ui_text,chat_ui,1200,800,512,341,27,64,64,1,2897,5015,0.577666999002991,3.56646,29.814084750285318,0.907058428091366,0.952787219956097,0.955852352038568,0.9310996386530315
chat_preview,ui_text,chat_ui,1200,800,512,341,27,64,64,2,4235,5015,0.8444666001994018,4.00379,32.00898993662032,0.947446988216015,0.9803523005709142,0.9841957170530847,0.9678466277268339
chat_preview,ui_text,chat_ui,1200,800,512,341,27,64,64,3,5015,5015,1.0,4.58029,32.363947749062724,0.9518852882181235,0.9811065163655281,0.9849948933240258,0.9703861719373793
chat_preview,ui_text,chat_ui,1200,800,512,341,28,64,32,0,1454,3053,0.47625286603340977,3.58242,25.415689922365328,0.8158277737760455,0.7866279827631152,0.788275584668063,0.6299015908451446
chat_preview,ui_text,chat_ui,1200,800,512,341,28,64,32,1,1966,3053,0.643956763838847,4.22454,27.782506462799198,0.8458538830491138,0.8917372366682446,0.894740305969899,0.853928020543207
chat_preview,ui_text,chat_ui,1200,800,512,341,28,64,32,2,2582,3053,0.8457255158860137,3.73483,29.431591589478877,0.8953615812263452,0.94403553650519,0.9496139026000426,0.9202503601189683
chat_preview,ui_text,chat_ui,1200,800,512,341,28,64,32,3,3012,3053,0.986570586308549,3.84762,30.357876562053914,0.9196075992820573,0.9622586687728952,0.9684053418288148,0.9425296206892135
chat_preview,ui_text,chat_ui,1200,800,512,341,28,64,32,4,3053,3053,1.0,3.87683,30.35854873246671,0.9197066992571242,0.9622396949337949,0.9683859465772369,0.9425135609719509
chat_preview,ui_text,chat_ui,1200,800,512,341,28,64,64,0,1781,5040,0.3533730158730159,3.76546,27.85310739167596,0.8481092648366778,0.8964222748716452,0.8982224898389946,0.8590939112287223
chat_preview,ui_text,chat_ui,1200,800,512,341,28,64,64,1,2898,5040,0.575,3.8555,29.814693080479785,0.9070738322347967,0.9527982525319595,0.955848132079096,0.9311146829824878
chat_preview,ui_text,chat_ui,1200,800,512,341,28,64,64,2,4260,5040,0.8452380952380952,4.34471,32.031913063731764,0.9478928948752268,0.9805255919818613,0.9843659713017664,0.9679187145513853
chat_preview,ui_text,chat_ui,1200,800,512,341,28,64,64,3,5040,5040,1.0,4.68433,32.39928539560176,0.9524336848956825,0.9812667563362973,0.9851602859130227,0.9704951980335971
chat_preview,ui_text,chat_ui,1200,800,512,341,29,64,32,0,1454,3091,0.47039792947266257,3.47146,25.415689922365328,0.8158277737760455,0.7866279827631152,0.788275584668063,0.6299015908451446
chat_preview,ui_text,chat_ui,1200,800,512,341,29,64,32,1,1975,3091,0.6389517955354255,3.57733,27.798145124263336,0.8454628833287439,0.8943536826018565,0.8976758956015204,0.8560038506324238
chat_preview,ui_text,chat_ui,1200,800,512,341,29,64,32,2,2602,3091,0.8417987706243935,4.22104,29.439459551691076,0.8957522061583402,0.944460980186797,0.9500444815377517,0.9209802847479158
chat_preview,ui_text,chat_ui,1200,800,512,341,29,64,32,3,3050,3091,0.986735684244581,3.81433,30.36502886418561,0.9202371243963573,0.9620895745967718,0.9682199071843794,0.9429601294812383
chat_preview,ui_text,chat_ui,1200,800,512,341,29,64,32,4,3091,3091,1.0,3.93808,30.365903702538702,0.9203402031791512,0.9620711036933366,0.9682010060240905,0.9429460038136026
chat_preview,ui_text,chat_ui,1200,800,512,341,29,64,64,0,1781,5179,0.343888781618073,3.53512,27.85310739167596,0.8481092648366778,0.8964222748716452,0.8982224898389946,0.8590939112287223
chat_preview,ui_text,chat_ui,1200,800,512,341,29,64,64,1,2949,5179,0.5694149449700714,3.97042,29.826588816900916,0.9073130218248876,0.9533840937755089,0.9564981159161369,0.9319697625782668
chat_preview,ui_text,chat_ui,1200,800,512,341,29,64,64,2,4341,5179,0.8381927012936861,3.84446,32.04592061869263,0.9479945706768005,0.980687950460991,0.984563258564307,0.9684328726089594
chat_preview,ui_text,chat_ui,1200,800,512,341,29,64,64,3,5179,5179,1.0,4.63492,32.45387681136518,0.9527762136973812,0.9815194900479051,0.9854520104223743,0.971328603132746
chat_preview,ui_text,chat_ui,1200,800,512,341,30,64,32,0,1456,3094,0.47058823529411764,3.94796,25.42650508794162,0.8159158737269289,0.7869605789728964,0.7879001600247726,0.6301500482561712
chat_preview,ui_text,chat_ui,1200,800,512,341,30,64,32,1,1978,3094,0.6393018745959922,3.52262,27.812081151519138,0.8459943843836136,0.8951412367327918,0.8982008692068525,0.8566919166535966
chat_preview,ui_text,chat_ui,1200,800,512,341,30,64,32,2,2605,3094,0.8419521654815773,3.76433,29.458631356282396,0.8961307854482804,0.9450763687361415,0.9502644469665154,0.9214989642527537
chat_preview,ui_text,chat_ui,1200,800,512,341,30,64,32,3,3053,3094,0.986748545572075,3.84979,30.40411724564969,0.9206735525079855,0.9626774337398797,0.9684424504155619,0.9435594514167935
chat_preview,ui_text,chat_ui,1200,800,512,341,30,64,32,4,3094,3094,1.0,3.9265,30.405145013423166,0.9207779874777047,0.9626596583125621,0.9684242477425288,0.9435473260315013
chat_preview,ui_text,chat_ui,1200,800,512,341,30,64,64,0,1782,5192,0.3432203389830508,3.41912,27.85227747838753,0.8482644180428425,0.8965368160589348,0.8981238855252417,0.8588481312168753
chat_preview,ui_text,chat_ui,1200,800,512,341,30,64,64,1,2961,5192,0.5703004622496148,3.57187,29.835803485421124,0.9073249148978152,0.9535942877398659,0.9565142666107228,0.932082926788892
chat_preview,ui_text,chat_ui,1200,800,512,341,30,64,64,2,4353,5192,0.8384052388289677,3.94133,32.055199139641225,0.9479914231993115,0.9808944457241499,0.9845570445851077,0.9685401779810431
chat_preview,ui_text,chat_ui,1200,800,512,341,30,64,64,3,5192,5192,1.0,4.42771,32.47641452288474,0.9528673297489084,0.9817360762962525,0.9854598953285628,0.9714738416769517
chat_preview,ui_text,chat_ui,1200,800,512,341,31,64,32,0,1456,3115,0.46741573033707867,3.57654,25.42650508794162,0.8159158737269289,0.7869605789728964,0.7879001600247726,0.6301500482561712
chat_preview,ui_text,chat_ui,1200,800,512,341,31,64,32,1,1978,3115,0.6349919743178171,3.51867,27.81189955104697,0.8459938824063674,0.8951361395131311,0.8981887966363865,0.8566431605122047
chat_preview,ui_text,chat_ui,1200,800,512,341,31,64,32,2,2613,3115,0.8388443017656501,3.725,29.473029446358257,0.8963409735379414,0.9454842839697553,0.950639132355632,0.9220121635934183
chat_preview,ui_text,chat_ui,1200,800,512,341,31,64,32,3,3074,3115,0.9868378812199037,4.18513,30.451790320368296,0.9216269689612336,0.9635535499919646,0.9693539136373271,0.9445593038322938
chat_preview,ui_text,chat_ui,1200,800,512,341,31,64,32,4,3115,3115,1.0,4.57804,30.45290189635141,0.9217325192117186,0.9635357268143866,0.9693356552980995,0.9445475406714228
chat_preview,ui_text,chat_ui,1200,800,512,341,31,64,64,0,1782,5273,0.33794803717049116,5.08137,27.85227747838753,0.8482644180428425,0.8965368160589348,0.8981238855252417,0.8588481312168753
chat_preview,ui_text,chat_ui,1200,800,512,341,31,64,64,1,2962,5273,0.5617295657121183,3.71475,29.83568807081145,0.9073401543899703,0.9535962112103404,0.9565144716698494,0.9320774726590068
chat_preview,ui_text,chat_ui,1200,800,512,341,31,64,64,2,4365,5273,0.8278020102408497,4.69008,32.07487689167418,0.9483595431803145,0.9810471784507052,0.9846851928329466,0.9688401733236992
chat_preview,ui_text,chat_ui,1200,800,512,341,31,64,64,3,5273,5273,1.0,4.32825,32.52343742393848,0.9533228185595471,0.9819097952491065,0.9856072815365436,0.9718870987905393
chat_preview,ui_text,chat_ui,1200,800,512,341,32,64,32,0,1456,3129,0.465324384787472,3.43225,25.42650508794162,0.8159158737269289,0.7869605789728964,0.7879001600247726,0.6301500482561712
chat_preview,ui_text,chat_ui,1200,800,512,341,32,64,32,1,1981,3129,0.6331096196868009,3.55067,27.8149885632882,0.8461494138514737,0.8952978781796306,0.8982410791133797,0.8568899905380507
chat_preview,ui_text,chat_ui,1200,800,512,341,32,64,32,2,2627,3129,0.8395653563438799,3.76971,29.478451633735688,0.8965325126607174,0.9456246091921393,0.9506031923924193,0.9221813773282895
chat_preview,ui_text,chat_ui,1200,800,512,341,32,64,32,3,3088,3129,0.9868967721316715,3.81537,30.47214172343354,0.9220086497360397,0.9638480186941271,0.9695106696128446,0.9450976712567762
chat_preview,ui_text,chat_ui,1200,800,512,341,32,64,32,4,3129,3129,1.0,3.914,30.473434704380878,0.9221146392660869,0.9638310469455101,0.9694933030529039,0.9450875578651405
chat_preview,ui_text,chat_ui,1200,800,512,341,32,64,64,0,1782,5305,0.3359095193213949,3.61608,27.85227747838753,0.8482644180428425,0.8965368160589348,0.8981238855252417,0.8588481312168753
chat_preview,ui_text,chat_ui,1200,800,512,341,32,64,64,1,2975,5305,0.5607917059377945,3.55533,29.83991940677968,0.9075495941022947,0.9536961760667979,0.9565398266989649,0.9322524213152366
chat_preview,ui_text,chat_ui,1200,800,512,341,32,64,64,2,4395,5305,0.8284637134778511,4.47533,32.08411637887158,0.9485279448720499,0.9811672991208485,0.9847096941605905,0.9690125184759946
chat_preview,ui_text,chat_ui,1200,800,512,341,32,64,64,3,5305,5305,1.0,4.3315,32.54503083269186,0.9535776714703944,0.9820668302227644,0.9856793294124346,0.9721562602517186
chat_preview,ui_text,chat_ui,1200,800,512,341,33,64,32,0,1456,3166,0.459886291850916,3.41971,25.42650508794162,0.8159158737269289,0.7869605789728964,0.7879001600247726,0.6301500482561712
chat_preview,ui_text,chat_ui,1200,800,512,341,33,64,32,1,1983,3166,0.6263423878711307,3.65087,27.822119889374175,0.846194521177952,0.8953199129739967,0.8982250154484456,0.857217656596749
chat_preview,ui_text,chat_ui,1200,800,512,341,33,64,32,2,2636,3166,0.8325963360707518,3.83071,29.499922393734725,0.8979369729087558,0.947125664375121,0.9520984833825383,0.9234462474495555
chat_preview,ui_text,chat_ui,1200,800,512,341,33,64,32,3,3125,3166,0.9870499052432091,4.01887,30.510517409064803,0.9233441271237366,0.9645574212378266,0.9701892247125206,0.9462209885480374
chat_preview,ui_text,chat_ui,1200,800,512,341,33,64,32,4,3166,3166,1.0,3.94567,30.512098329971206,0.9234517568376251,0.9645417663752841,0.9701731454181907,0.9462135505288763
chat_preview,ui_text,chat_ui,1200,800,512,341,33,64,64,0,1782,5400,0.33,3.59112,27.85227747838753,0.8482644180428425,0.8965368160589348,0.8981238855252417,0.8588481312168753
chat_preview,ui_text,chat_ui,1200,800,512,341,33,64,64,1,2983,5400,0.5524074074074075,3.54962,29.840820231008458,0.9075994920059927,0.9536938025114933,0.9565389614876918,0.9322364621155518
chat_preview,ui_text,chat_ui,1200,800,512,341,33,64,64,2,4439,5400,0.822037037037037,4.03683,32.10978498942363,0.9489312146824127,0.9813744886623889,0.9849172330677354,0.9694100473772219
chat_preview,ui_text,chat_ui,1200,800,512,341,33,64,64,3,5400,5400,1.0,4.36004,32.59988810281627,0.9543258511209132,0.9823226897342532,0.9859278382833094,0.9727127604556041
chat_preview,ui_text,chat_ui,1200,800,512,341,34,64,32,0,1456,3170,0.45930599369085173,3.68679,25.42650508794162,0.8159158737269289,0.7869605789728964,0.7879001600247726,0.6301500482561712
chat_preview,ui_text,chat_ui,1200,800,512,341,34,64,32,1,1983,3170,0.6255520504731861,3.60975,27.822119889374175,0.846194521177952,0.8953199129739967,0.8982250154484456,0.857217656596749
chat_preview,ui_text,chat_ui,1200,800,512,341,34,64,32,2,2636,3170,0.8315457413249211,3.58671,29.501769973623603,0.8980207084395108,0.9471904420924323,0.9521479102572051,0.9234633167421618
chat_preview,ui_text,chat_ui,1200,800,512,341,34,64,32,3,3129,3170,0.9870662460567823,3.78042,30.52867818122553,0.9235694674247975,0.9647004609318048,0.9702974769420525,0.9463881612209778
chat_preview,ui_text,chat_ui,1200,800,512,341,34,64,32,4,3170,3170,1.0,3.94575,30.530414126598874,0.9236797131268316,0.9646855749097213,0.9702821760801152,0.9463824125678099
chat_preview,ui_text,chat_ui,1200,800,512,341,34,64,64,0,1782,5400,0.33,3.56392,27.85227747838753,0.8482644180428425,0.8965368160589348,0.8981238855252417,0.8588481312168753
chat_preview,ui_text,chat_ui,1200,800,512,341,34,64,64,1,2983,5400,0.5524074074074075,3.619,29.840820231008458,0.9075994920059927,0.9536938025114933,0.9565389614876918,0.9322364621155518
chat_preview,ui_text,chat_ui,1200,800,512,341,34,64,64,2,4439,5400,0.822037037037037,3.89325,32.11065851386565,0.948957287274832,0.9813753294049296,0.9849188848449412,0.9693800247831011
chat_preview,ui_text,chat_ui,1200,800,512,341,34,64,64,3,5400,5400,1.0,4.55512,32.618501367664045,0.9544615458971152,0.9823493252950707,0.9859554972597304,0.9727749847636733
chat_preview,ui_text,chat_ui,1200,800,512,341,35,64,32,0,1480,3252,0.45510455104551045,3.94246,25.429885402438313,0.8158595857490175,0.7892040954371415,0.7898495982369819,0.6406299977037815
chat_preview,ui_text,chat_ui,1200,800,512,341,35,64,32,1,2012,3252,0.6186961869618696,3.73717,27.848261045283063,0.8472191335696798,0.8962625995561594,0.8989441049038078,0.8607798708716854
chat_preview,ui_text,chat_ui,1200,800,512,341,35,64,32,2,2683,3252,0.8250307503075031,4.09283,29.550103767048537,0.8990699991564913,0.9486834194992017,0.9536171714407886,0.9262844686475274
chat_preview,ui_text,chat_ui,1200,800,512,341,35,64,32,3,3211,3252,0.9873923739237392,4.08208,30.623231535964898,0.9252377372185135,0.9671151782819419,0.9727516571053889,0.9495904423704534
chat_preview,ui_text,chat_ui,1200,800,512,341,35,64,32,4,3252,3252,1.0,3.975,30.625093755205715,0.9253485052016971,0.9670997683525598,0.9727357431800081,0.9495845885831332
chat_preview,ui_text,chat_ui,1200,800,512,341,35,64,64,0,1790,5507,0.32504085709097513,3.49683,27.91159489918979,0.8512383072243906,0.9012833189049149,0.9037010975172798,0.8649083934420424
chat_preview,ui_text,chat_ui,1200,800,512,341,35,64,64,1,3013,5507,0.5471218449246413,3.63146,29.90581060730613,0.9108855021136404,0.9575021293894092,0.9612057901266903,0.9360290726236808
chat_preview,ui_text,chat_ui,1200,800,512,341,35,64,64,2,4497,5507,0.8165970582894498,4.4215,32.21856477892266,0.952440799901953,0.9850701118652311,0.9895514621445386,0.9723024798810773
chat_preview,ui_text,chat_ui,1200,800,512,341,35,64,64,3,5507,5507,1.0,4.493,32.78105398805768,0.9583004462335952,0.9861618600841932,0.9907096029599849,0.9758788772741072
chat_preview,ui_text,chat_ui,1200,800,512,341,36,64,32,0,1480,3255,0.45468509984639016,3.79517,25.429885402438313,0.8158595857490175,0.7892040954371415,0.7898495982369819,0.6406299977037815
chat_preview,ui_text,chat_ui,1200,800,512,341,36,64,32,1,2013,3255,0.6184331797235023,3.67733,27.847536769556932,0.8472443215454021,0.8962518190884695,0.898936403524241,0.8607020795790988
chat_preview,ui_text,chat_ui,1200,800,512,341,36,64,32,2,2686,3255,0.8251920122887865,3.46192,29.567758805654393,0.8991728453626742,0.9489078848689535,0.9538207132674851,0.9265843278404106
chat_preview,ui_text,chat_ui,1200,800,512,341,36,64,32,3,3214,3255,0.9874039938556067,4.26767,30.66364171916648,0.9257142320889845,0.9675900795064606,0.9732100458019517,0.9501229660014551
chat_preview,ui_text,chat_ui,1200,800,512,341,36,64,32,4,3255,3255,1.0,4.04221,30.66566686314879,0.9258257988401004,0.9675749242181039,0.9731943930110655,0.9501183610748923
chat_preview,ui_text,chat_ui,1200,800,512,341,36,64,64,0,1790,5516,0.3245105148658448,3.47725,27.91159489918979,0.8512383072243906,0.9012833189049149,0.9037010975172798,0.8649083934420424
chat_preview,ui_text,chat_ui,1200,800,512,341,36,64,64,1,3016,5516,0.5467730239303843,3.53517,29.90753588657061,0.9109466144110315,0.9575261219054191,0.9612080941621048,0.9360657775078238
chat_preview,ui_text,chat_ui,1200,800,512,341,36,64,64,2,4504,5516,0.8165337200870196,4.54742,32.23692274485158,0.9526297084904846,0.9850621723958889,0.9894898486533259,0.9724033475525229
chat_preview,ui_text,chat_ui,1200,800,512,341,36,64,64,3,5516,5516,1.0,4.80808,32.823211416479495,0.9587119195393804,0.9862219172638401,0.9907198629478827,0.9760870379789119
chat_preview,ui_text,chat_ui,1200,800,512,341,37,64,32,0,1480,3276,0.4517704517704518,3.61425,25.429885402438313,0.8158595857490175,0.7892040954371415,0.7898495982369819,0.6406299977037815
chat_preview,ui_text,chat_ui,1200,800,512,341,37,64,32,1,2029,3276,0.6193528693528694,3.35954,27.840865102067585,0.8471642146025177,0.8961184585146258,0.898913111886528,0.8603679312543894
chat_preview,ui_text,chat_ui,1200,800,512,341,37,64,32,2,2707,3276,0.8263125763125763,3.66337,29.563095693302248,0.8992503551055947,0.9488600709690956,0.9538250778856939,0.9265350738416971
chat_preview,ui_text,chat_ui,1200,800,512,341,37,64,32,3,3235,3276,0.9874847374847375,3.849,30.661166703069043,0.9258034217583537,0.9676096103226398,0.9733057908512108,0.9501749944215818
chat_preview,ui_text,chat_ui,1200,800,512,341,37,64,32,4,3276,3276,1.0,5.43129,30.663299879816293,0.9259156787838266,0.9675945980316619,0.9732902491010779,0.9501710847211751
chat_preview,ui_text,chat_ui,1200,800,512,341,37,64,64,0,1790,5545,0.32281334535617673,3.49883,27.91159489918979,0.8512383072243906,0.9012833189049149,0.9037010975172798,0.8649083934420424
chat_preview,ui_text,chat_ui,1200,800,512,341,37,64,64,1,3038,5545,0.5478809738503156,3.51225,29.910448725482325,0.9110000165332685,0.9575870683296822,0.9612619787805256,0.9361567689796263
chat_preview,ui_text,chat_ui,1200,800,512,341,37,64,64,2,4533,5545,0.8174932371505861,4.00846,32.246379981398974,0.9526848819980266,0.9851801358129996,0.9895944506398837,0.9725622679826317
chat_preview,ui_text,chat_ui,1200,800,512,341,37,64,64,3,5545,5545,1.0,5.1885,32.835227313412474,0.9587683062167817,0.9863271277423795,0.9908116846331632,0.9762417945956007
chat_preview,ui_text,chat_ui,1200,800,512,341,38,64,32,0,1480,3334,0.4439112177564487,3.427,25.429885402438313,0.8158595857490175,0.7892040954371415,0.7898495982369819,0.6406299977037815
chat_preview,ui_text,chat_ui,1200,800,512,341,38,64,32,1,2030,3334,0.608878224355129,3.47812,27.843317117818607,0.8472285825636442,0.8961802925273745,0.8989417694691666,0.8605207960341849
chat_preview,ui_text,chat_ui,1200,800,512,341,38,64,32,2,2726,3334,0.8176364727054589,3.56688,29.58322910485836,0.9001757863266637,0.9496959348792182,0.9546150743556867,0.9272194658910018
chat_preview,ui_text,chat_ui,1200,800,512,341,38,64,32,3,3293,3334,0.9877024595080984,3.91983,30.727985748431802,0.9273009100962737,0.968756365767351,0.9743541489236363,0.9515816084584289
chat_preview,ui_text,chat_ui,1200,800,512,341,38,64,32,4,3334,3334,1.0,4.05454,30.73044151715375,0.9274176994988864,0.9687439619999599,0.9743412912633499,0.9515812169529757
chat_preview,ui_text,chat_ui,1200,800,512,341,38,64,64,0,1790,5677,0.31530738065879865,3.54183,27.91159489918979,0.8512383072243906,0.9012833189049149,0.9037010975172798,0.8649083934420424
chat_preview,ui_text,chat_ui,1200,800,512,341,38,64,64,1,3042,5677,0.535846397745288,3.74475,29.910731784690014,0.9110122951809423,0.9575860925648255,0.9612665376963905,0.9361564834950783
chat_preview,ui_text,chat_ui,1200,800,512,341,38,64,64,2,4592,5677,0.8088779284833539,4.36662,32.26768691366223,0.9530606940465133,0.985475408680529,0.9899030891321006,0.9729559350072553
chat_preview,ui_text,chat_ui,1200,800,512,341,38,64,64,3,5677,5677,1.0,4.50471,32.887451274730076,0.9594544226927759,0.9865496047192125,0.9910440640132705,0.9766719727662325
chat_preview,ui_text,chat_ui,1200,800,512,341,39,64,32,0,1482,3389,0.43729713779876067,4.02958,25.435359186008416,0.8158851629523065,0.7895219884723925,0.7896824322480192,0.6409979591052157
chat_preview,ui_text,chat_ui,1200,800,512,341,39,64,32,1,2033,3389,0.5998819710829153,3.77012,27.848115994016396,0.8471542913505387,0.8964624714170256,0.8988495025744105,0.860902335291216
chat_preview,ui_text,chat_ui,1200,800,512,341,39,64,32,2,2735,3389,0.8070227205665388,3.6965,29.594802589431893,0.900373732679102,0.9499833658975154,0.954565700640815,0.9274994054337842
chat_preview,ui_text,chat_ui,1200,800,512,341,39,64,32,3,3307,3389,0.9758040719976394,4.04092,30.762875941098113,0.9275347544294994,0.9691338396630055,0.9744269501278172,0.9520769633501287
chat_preview,ui_text,chat_ui,1200,800,512,341,39,64,32,4,3389,3389,1.0,5.70883,30.767369737667288,0.9277655888477742,0.9691381570131403,0.9744302311029746,0.9521219653561538
chat_preview,ui_text,chat_ui,1200,800,512,341,39,64,64,0,1794,5698,0.3148473148473149,3.50554,27.920432512967757,0.8516222232869545,0.901888886146943,0.9038294895718262,0.8654848947430993
chat_preview,ui_text,chat_ui,1200,800,512,341,39,64,64,1,3047,5698,0.5347490347490348,3.70179,29.92484553012284,0.9113863406174829,0.9581348249819741,0.9613818891348666,0.9365978350125037
chat_preview,ui_text,chat_ui,1200,800,512,341,39,64,64,2,4606,5698,0.8083538083538083,4.17217,32.28853364143517,0.9534020109028495,0.9859981919003262,0.9900143276263443,0.9733185516980621
chat_preview,ui_text,chat_ui,1200,800,512,341,39,64,64,3,5698,5698,1.0,4.49379,32.936421874050886,0.9599818224531435,0.9871066302491182,0.9911879325697468,0.9771436824134063
chat_preview,ui_text,chat_ui,1200,800,512,341,40,64,32,0,1482,3437,0.4311899912714577,3.49012,25.435359186008416,0.8158851629523065,0.7895219884723925,0.7896824322480192,0.6409979591052157
chat_preview,ui_text,chat_ui,1200,800,512,341,40,64,32,1,2033,3437,0.5915042187954611,3.61662,27.84527483635054,0.8472833078295426,0.8965151049666803,0.8988720290871127,0.8606140065145182
chat_preview,ui_text,chat_ui,1200,800,512,341,40,64,32,2,2737,3437,0.7963340122199593,4.22737,29.59419966970017,0.9005428551387847,0.9500791043167757,0.9545952398563622,0.9274123147054695
chat_preview,ui_text,chat_ui,1200,800,512,341,40,64,32,3,3339,3437,0.9714867617107943,4.52937,30.79964741281148,0.9285398856710717,0.9702627273025493,0.9754898860092048,0.9530065535446879
chat_preview,ui_text,chat_ui,1200,800,512,341,40,64,32,4,3437,3437,1.0,3.96312,30.80702693202848,0.9289628507716773,0.9703240505359544,0.9755502296604333,0.9531213081641908
chat_preview,ui_text,chat_ui,1200,800,512,341,40,64,64,0,1794,5775,0.3106493506493507,3.42996,27.920432512967757,0.8516222232869545,0.901888886146943,0.9038294895718262,0.8654848947430993
chat_preview,ui_text,chat_ui,1200,800,512,341,40,64,64,1,3050,5775,0.5281385281385281,3.77125,29.925975119423267,0.9114376961978929,0.9581358477627355,0.9613898693522557,0.9366184647876741
chat_preview,ui_text,chat_ui,1200,800,512,341,40,64,64,2,4611,5775,0.7984415584415584,3.94346,32.289764464722346,0.9534306326011176,0.9860203423018402,0.9900322843728407,0.9733529271755134
chat_preview,ui_text,chat_ui,1200,800,512,341,40,64,64,3,5775,5775,1.0,5.62546,32.98488824643468,0.9604666843359584,0.9872991244976336,0.9913730838939588,0.9774909553814723
chat_preview,ui_text,chat_ui,1200,800,512,341,41,64,32,0,1482,3483,0.425495262704565,3.43354,25.435359186008416,0.8158851629523065,0.7895219884723925,0.7896824322480192,0.6409979591052157
chat_preview,ui_text,chat_ui,1200,800,512,341,41,64,32,1,2051,3483,0.5888601780074648,3.57737,27.859566004441096,0.8469992504522672,0.8986558404371957,0.9012085199772938,0.8625162128118444
chat_preview,ui_text,chat_ui,1200,800,512,341,41,64,32,2,2767,3483,0.7944300890037325,4.36137,29.604793429350075,0.9008273627470705,0.951005645711843,0.9556130366437712,0.9281973258798242
chat_preview,ui_text,chat_ui,1200,800,512,341,41,64,32,3,3378,3483,0.9698535745047373,3.80067,30.829952133928494,0.9289211244258039,0.9708673726758903,0.9761557705970382,0.9537063991055517
chat_preview,ui_text,chat_ui,1200,800,512,341,41,64,32,4,3483,3483,1.0,3.76379,30.842465819148867,0.9294567199365015,0.9709370194742651,0.9762240093588495,0.9538624660049276
chat_preview,ui_text,chat_ui,1200,800,512,341,41,64,64,0,1794,5853,0.3065094823167606,3.42012,27.920432512967757,0.8516222232869545,0.901888886146943,0.9038294895718262,0.8654848947430993
chat_preview,ui_text,chat_ui,1200,800,512,341,41,64,64,1,3100,5853,0.5296429181616266,3.64871,29.923168484097356,0.9113897471419796,0.9582878306185618,0.9615393911685266,0.9367017808648548
chat_preview,ui_text,chat_ui,1200,800,512,341,41,64,64,2,4687,5853,0.8007859217495301,4.39167,32.313363248344345,0.953788862220124,0.986130987904581,0.9901165114231235,0.9735490698171118
chat_preview,ui_text,chat_ui,1200,800,512,341,41,64,64,3,5853,5853,1.0,4.70062,33.03589494167554,0.9610461612459925,0.9875291292497185,0.9915825250125508,0.9778549020947368
chat_preview,ui_text,chat_ui,1200,800,512,341,42,64,32,0,1482,3525,0.4204255319148936,3.83733,25.435359186008416,0.8158851629523065,0.7895219884723925,0.7896824322480192,0.6409979591052157
chat_preview,ui_text,chat_ui,1200,800,512,341,42,64,32,1,2058,3525,0.5838297872340426,3.70304,27.86131293904762,0.847128647300452,0.8987634018797142,0.9013539435550985,0.8628269574321065
chat_preview,ui_text,chat_ui,1200,800,512,341,42,64,32,2,2777,3525,0.7878014184397163,3.85675,29.61261091127286,0.9011941132759324,0.9511681593099018,0.9557214635601672,0.928420585224267
chat_preview,ui_text,chat_ui,1200,800,512,341,42,64,32,3,3416,3525,0.9690780141843972,4.4485,30.884876640897325,0.930062515628434,0.9719921117170282,0.9772408031949359,0.9547417760449177
chat_preview,ui_text,chat_ui,1200,800,512,341,42,64,32,4,3525,3525,1.0,4.37175,30.899297578172224,0.9306451643324337,0.9720762208900764,0.9773231922613297,0.9549241256085815
chat_preview,ui_text,chat_ui,1200,800,512,341,42,64,64,0,1794,5923,0.3028870504811751,3.97621,27.920432512967757,0.8516222232869545,0.901888886146943,0.9038294895718262,0.8654848947430993
chat_preview,ui_text,chat_ui,1200,800,512,341,42,64,64,1,3111,5923,0.525240587540098,3.93496,29.930614127864715,0.9115103440584732,0.9583265371221037,0.9615538320547425,0.936805734575879
chat_preview,ui_text,chat_ui,1200,800,512,341,42,64,64,2,4698,5923,0.793179132196522,4.43562,32.32468829622776,0.9538945568466408,0.986158111150913,0.990116898631703,0.9736070695500074
chat_preview,ui_text,chat_ui,1200,800,512,341,42,64,64,3,5923,5923,1.0,4.80108,33.08619183701466,0.9614713972451384,0.9876556617237449,0.9916853097991688,0.9781378791116576
chat_preview,ui_text,chat_ui,1200,800,512,341,43,64,32,0,1482,3560,0.41629213483146066,3.70537,25.435359186008416,0.8158851629523065,0.7895219884723925,0.7896824322480192,0.6409979591052157
chat_preview,ui_text,chat_ui,1200,800,512,341,43,64,32,1,2059,3560,0.5783707865168539,3.91392,27.85661506176989,0.8469984511428033,0.8985077743809381,0.9010812477857821,0.862568905050246
chat_preview,ui_text,chat_ui,1200,800,512,341,43,64,32,2,2808,3560,0.7887640449438202,3.91983,29.626875134502693,0.9015771966469807,0.9512262571279008,0.9557930216164315,0.928682672531636
chat_preview,ui_text,chat_ui,1200,800,512,341,43,64,32,3,3448,3560,0.9685393258426966,4.05896,30.925373650784568,0.9302840076462252,0.9720019494502573,0.9772916848581276,0.9551500619445621
chat_preview,ui_text,chat_ui,1200,800,512,341,43,64,32,4,3560,3560,1.0,4.42008,30.943758334204965,0.9309952289413195,0.9721211340790226,0.9774090381026,0.955388640829901
chat_preview,ui_text,chat_ui,1200,800,512,341,43,64,64,0,1794,5990,0.2994991652754591,3.87104,27.920432512967757,0.8516222232869545,0.901888886146943,0.9038294895718262,0.8654848947430993
chat_preview,ui_text,chat_ui,1200,800,512,341,43,64,64,1,3121,5990,0.5210350584307178,3.6585,29.929561117630442,0.911479545171047,0.9583153614493908,0.961559304130867,0.9368365948107884
chat_preview,ui_text,chat_ui,1200,800,512,341,43,64,64,2,4760,5990,0.7946577629382304,4.22392,32.34100549760403,0.9539540922783246,0.9861129345436196,0.990094807054848,0.9736751549153807
chat_preview,ui_text,chat_ui,1200,800,512,341,43,64,64,3,5990,5990,1.0,4.47713,33.134772677559106,0.9616767449884221,0.9876680115444576,0.9917253839734822,0.9783423949974774
chat_preview,ui_text,chat_ui,1200,800,512,341,44,64,32,0,1490,3593,0.4146952407458948,3.51033,25.50294075246547,0.8165178716994806,0.7908487220736024,0.7902231661286523,0.639690411914634
chat_preview,ui_text,chat_ui,1200,800,512,341,44,64,32,1,2067,3593,0.5752852769273588,3.55808,27.971489617906627,0.8476667507981183,0.8997560946034558,0.9010686339399658,0.8603412934163911
chat_preview,ui_text,chat_ui,1200,800,512,341,44,64,32,2,2816,3593,0.7837461731143891,3.69962,29.801449569089122,0.9022922671815071,0.9525313139453635,0.9556739024668658,0.9265517843764232
chat_preview,ui_text,chat_ui,1200,800,512,341,44,64,32,3,3479,3593,0.9682716392986362,4.24721,31.20021641841816,0.9315747466087442,0.9739146955184843,0.9777352685639112,0.9536816715094969
chat_preview,ui_text,chat_ui,1200,800,512,341,44,64,32,4,3593,3593,1.0,4.29158,31.218618609958643,0.9323051515738165,0.9740305473187512,0.9778483436106803,0.9539115305306423
chat_preview,ui_text,chat_ui,1200,800,512,341,44,64,64,0,1860,6139,0.3029809415214204,3.53879,28.030294943103616,0.8521987546705847,0.9035613705273761,0.9039870901465338,0.8627021829699573
chat_preview,ui_text,chat_ui,1200,800,512,341,44,64,64,1,3193,6139,0.5201172829451051,4.12,30.10778037415657,0.9121241316969537,0.9600676343830689,0.9615998491186047,0.9341943689106748
chat_preview,ui_text,chat_ui,1200,800,512,341,44,64,64,2,4832,6139,0.7870988760384428,4.02212,32.66218286489566,0.9546245817479111,0.9879116343158111,0.9901029434207422,0.9710661463153711
chat_preview,ui_text,chat_ui,1200,800,512,341,44,64,64,3,6139,6139,1.0,4.61021,33.575504854864064,0.9628460155796059,0.9896873009325091,0.9919510116142264,0.9760822673773297
chat_preview,ui_text,chat_ui,1200,800,512,341,45,64,32,0,1490,3616,0.4120575221238938,3.46854,25.50294075246547,0.8165178716994806,0.7908487220736024,0.7902231661286523,0.639690411914634
chat_preview,ui_text,chat_ui,1200,800,512,341,45,64,32,1,2067,3616,0.5716261061946902,3.55117,27.973189012597153,0.8477055264620662,0.8997653830205969,0.9010851608088509,0.8604081895854899
chat_preview,ui_text,chat_ui,1200,800,512,341,45,64,32,2,2821,3616,0.7801438053097345,4.93996,29.8114295725061,0.902638507841989,0.9526828150262077,0.9556662091275258,0.9268333373968776
chat_preview,ui_text,chat_ui,1200,800,512,341,45,64,32,3,3491,3616,0.9654314159292036,4.31017,31.2465531926191,0.9321404723589729,0.9740406014013399,0.9776730080217217,0.954116424154982
chat_preview,ui_text,chat_ui,1200,800,512,341,45,64,32,4,3616,3616,1.0,4.09008,31.272117022916454,0.9330914097479895,0.9742152403639189,0.9778447656063158,0.9544406089161968
chat_preview,ui_text,chat_ui,1200,800,512,341,45,64,64,0,1860,6157,0.3020951762221861,3.48046,28.030294943103616,0.8521987546705847,0.9035613705273761,0.9039870901465338,0.8627021829699573
chat_preview,ui_text,chat_ui,1200,800,512,341,45,64,64,1,3193,6157,0.5185967191814195,3.58937,30.108556779540173,0.9121371694598396,0.9600762985252104,0.9615979074435276,0.9342083439415856
chat_preview,ui_text,chat_ui,1200,800,512,341,45,64,64,2,4847,6157,0.7872340425531915,4.15642,32.6691727962747,0.9547155946952155,0.9879515791657013,0.9901284846007021,0.9711253114296936
chat_preview,ui_text,chat_ui,1200,800,512,341,45,64,64,3,6157,6157,1.0,4.56225,33.61833003287899,0.96318488969507,0.9897313450020206,0.991966429170538,0.9762292934982202
chat_preview,ui_text,chat_ui,1200,800,512,341,46,64,32,0,1490,3690,0.4037940379403794,3.85217,25.50294075246547,0.8165178716994806,0.7908487220736024,0.7902231661286523,0.639690411914634
chat_preview,ui_text,chat_ui,1200,800,512,341,46,64,32,1,2067,3690,0.5601626016260163,3.53212,27.973189012597153,0.8477055264620662,0.8997653830205969,0.9010851608088509,0.8604081895854899
chat_preview,ui_text,chat_ui,1200,800,512,341,46,64,32,2,2830,3690,0.7669376693766937,3.55121,29.821167868124117,0.9027274003812101,0.9526371846525529,0.9556289915577353,0.9267483224089382
chat_preview,ui_text,chat_ui,1200,800,512,341,46,64,32,3,3539,3690,0.9590785907859078,3.78812,31.30928606440216,0.9328434029863097,0.974959123394301,0.9786559632253123,0.9551844393922777
chat_preview,ui_text,chat_ui,1200,800,512,341,46,64,32,4,3690,3690,1.0,4.08662,31.339422953713196,0.9338599232941353,0.9751361876317803,0.9788302336867409,0.9555340762243543
chat_preview,ui_text,chat_ui,1200,800,512,341,46,64,64,0,1860,6249,0.29764762361977914,4.57313,28.030294943103616,0.8521987546705847,0.9035613705273761,0.9039870901465338,0.8627021829699573
chat_preview,ui_text,chat_ui,1200,800,512,341,46,64,64,1,3193,6249,0.5109617538806209,4.15442,30.108556779540173,0.9121371694598396,0.9600762985252104,0.9615979074435276,0.9342083439415856
chat_preview,ui_text,chat_ui,1200,800,512,341,46,64,64,2,4866,6249,0.7786845895343255,4.67338,32.6845372681866,0.9548052161764321,0.987938345620848,0.9901206735703524,0.9711895162403648
chat_preview,ui_text,chat_ui,1200,800,512,341,46,64,64,3,6249,6249,1.0,5.00263,33.6828748345393,0.963744188984763,0.9898725497135891,0.9921214136875042,0.9765529467761255
chat_preview,ui_text,chat_ui,1200,800,512,341,47,64,32,0,1496,3724,0.40171858216971,3.75117,25.54926318841655,0.8170350127328604,0.7913141714403528,0.7909557533560079,0.6438332317384289
chat_preview,ui_text,chat_ui,1200,800,512,341,47,64,32,1,2087,3724,0.5604189044038668,3.53546,28.06002690026613,0.8490794749635843,0.8993578299188228,0.9007344307881051,0.861054961618593
chat_preview,ui_text,chat_ui,1200,800,512,341,47,64,32,2,2858,3724,0.7674543501611171,3.65496,29.983802207498314,0.9037301062024493,0.9533419517233259,0.9562682282736076,0.9279184442365178
chat_preview,ui_text,chat_ui,1200,800,512,341,47,64,32,3,3573,3724,0.959452201933405,3.77546,31.56492256692488,0.934031177234219,0.9762047847994997,0.9798813059722741,0.9565761331518317
chat_preview,ui_text,chat_ui,1200,800,512,341,47,64,32,4,3724,3724,1.0,4.02312,31.598083542799852,0.9350555203393113,0.9763880300623473,0.9800618979321994,0.9569331666537396
chat_preview,ui_text,chat_ui,1200,800,512,341,47,64,64,0,1951,6418,0.3039887815518853,3.6225,28.09872621947445,0.8522619974127096,0.9026999518061394,0.9031369864823178,0.8630682410479458
chat_preview,ui_text,chat_ui,1200,800,512,341,47,64,64,1,3314,6418,0.5163602368339046,3.61654,30.270635457343758,0.913226313851972,0.9603082700411538,0.9617972020398,0.934800192813633
chat_preview,ui_text,chat_ui,1200,800,512,341,47,64,64,2,5027,6418,0.7832658148956061,4.09638,32.98128921082564,0.9558193507809115,0.9881711381555572,0.990343253566237,0.9715932356176162
chat_preview,ui_text,chat_ui,1200,800,512,341,47,64,64,3,6418,6418,1.0,4.67883,34.10133368860978,0.9649853870771349,0.9900601809539902,0.9922886893014861,0.9770051798522514
chat_preview,ui_text,chat_ui,1200,800,512,341,48,64,32,0,1576,3904,0.4036885245901639,3.49725,25.54926318841655,0.8170350127328604,0.7913141714403528,0.7909557533560079,0.6438332317384289
chat_preview,ui_text,chat_ui,1200,800,512,341,48,64,32,1,2167,3904,0.5550717213114754,3.54392,28.059398486198145,0.8491108128589623,0.8993695342790159,0.9007467274855411,0.8609623335811979
chat_preview,ui_text,chat_ui,1200,800,512,341,48,64,32,2,2952,3904,0.7561475409836066,3.81279,29.989573376915253,0.9038784350165106,0.9533423736291935,0.9562794599582876,0.9281275205323776
chat_preview,ui_text,chat_ui,1200,800,512,341,48,64,32,3,3718,3904,0.9523565573770492,3.86508,31.615918280960322,0.9350268958617823,0.9767417854425121,0.9804579775649953,0.9574012167976056
chat_preview,ui_text,chat_ui,1200,800,512,341,48,64,32,4,3904,3904,1.0,4.59567,31.654581466879833,0.9361880530606056,0.976962446519734,0.9806756896966232,0.9578212970598985
chat_preview,ui_text,chat_ui,1200,800,512,341,48,64,64,0,1951,6532,0.298683404776485,3.78733,28.09872621947445,0.8522619974127096,0.9026999518061394,0.9031369864823178,0.8630682410479458
chat_preview,ui_text,chat_ui,1200,800,512,341,48,64,64,1,3315,6532,0.5075015309246785,3.60071,30.270254391562915,0.9132343164926985,0.9603092697140173,0.9618001158037921,0.9347945690149781
chat_preview,ui_text,chat_ui,1200,800,512,341,48,64,64,2,5078,6532,0.7774035517452541,4.04604,32.99329922205738,0.9561311307783557,0.9885569045967051,0.9907878288181642,0.9718441747044217
chat_preview,ui_text,chat_ui,1200,800,512,341,48,64,64,3,6532,6532,1.0,5.02625,34.162795197577694,0.9655383340242553,0.9904394655511747,0.9927393574730858,0.9773979796835789
chat_preview,ui_text,chat_ui,1200,800,512,341,49,64,32,0,1576,3940,0.4,3.43767,25.57804714178152,0.8171227360213335,0.7912705383863892,0.790940808457291,0.6448202258359091
chat_preview,ui_text,chat_ui,1200,800,512,341,49,64,32,1,2171,3940,0.5510152284263959,3.69704,28.11675309978363,0.8493571371887899,0.899529440901984,0.9007827178766225,0.8621834260428913
chat_preview,ui_text,chat_ui,1200,800,512,341,49,64,32,2,2968,3940,0.7532994923857868,3.61017,30.08746232657719,0.9041702120287646,0.9535561548130388,0.9563098827433644,0.9293767243961126
chat_preview,ui_text,chat_ui,1200,800,512,341,49,64,32,3,3752,3940,0.9522842639593908,3.93083,31.78783977750662,0.9356603901526764,0.9770571149164181,0.9805621799907919,0.9589295504759249
chat_preview,ui_text,chat_ui,1200,800,512,341,49,64,32,4,3940,3940,1.0,4.08275,31.835397819112373,0.9370284821270687,0.9773139142876017,0.9808163698142747,0.9594194605237931
chat_preview,ui_text,chat_ui,1200,800,512,341,49,64,64,0,1957,6575,0.2976425855513308,3.67479,28.154927589265895,0.8525938096555955,0.9028937902188253,0.9031296960565083,0.8641359066716849
chat_preview,ui_text,chat_ui,1200,800,512,341,49,64,64,1,3325,6575,0.5057034220532319,4.40112,30.36427969766132,0.913606801058806,0.9604801803404168,0.9618219888641659,0.9358234314233265
chat_preview,ui_text,chat_ui,1200,800,512,341,49,64,64,2,5116,6575,0.7780988593155893,4.88683,33.18741774672471,0.956579518713724,0.9887708112874147,0.9908202190248224,0.9729753679611507
chat_preview,ui_text,chat_ui,1200,800,512,341,49,64,64,3,6575,6575,1.0,4.58137,34.461650721886,0.9662495223678923,0.9906927946705976,0.9928103339821274,0.9786645004499944
chat_preview,ui_text,chat_ui,1200,800,512,341,50,64,32,0,1576,3978,0.3961789844142785,3.42458,25.57804714178152,0.8171227360213335,0.7912705383863892,0.790940808457291,0.6448202258359091
chat_preview,ui_text,chat_ui,1200,800,512,341,50,64,32,1,2177,3978,0.5472599296128708,3.49954,28.11016557803301,0.8494275474268568,0.8996128029317566,0.9007766011204318,0.8617893957496867
chat_preview,ui_text,chat_ui,1200,800,512,341,50,64,32,2,2975,3978,0.7478632478632479,3.74925,30.08881032635221,0.9044344199550748,0.9537594004248144,0.9565038550099378,0.9293509314169144
chat_preview,ui_text,chat_ui,1200,800,512,341,50,64,32,3,3787,3978,0.9519859225741578,3.83608,31.81562764080926,0.9361875359378904,0.9773014407133861,0.980825562676779,0.9591979344854596
chat_preview,ui_text,chat_ui,1200,800,512,341,50,64,32,4,3978,3978,1.0,4.51142,31.865686634911356,0.9375787923269187,0.977564969302978,0.9810867939040124,0.9596977057710031
chat_preview,ui_text,chat_ui,1200,800,512,341,50,64,64,0,1957,6674,0.29322744980521426,3.50579,28.154927589265895,0.8525938096555955,0.9028937902188253,0.9031296960565083,0.8641359066716849
chat_preview,ui_text,chat_ui,1200,800,512,341,50,64,64,1,3341,6674,0.5005993407252023,3.53879,30.367923841641193,0.9136051288796686,0.9605417241055706,0.9618724594257362,0.9358932940172026
chat_preview,ui_text,chat_ui,1200,800,512,341,50,64,64,2,5137,6674,0.7697033263410249,3.92279,33.19906564106348,0.9566717696912361,0.9888426188563736,0.9908789232781774,0.9730794733166485
chat_preview,ui_text,chat_ui,1200,800,512,341,50,64,64,3,6674,6674,1.0,4.73571,34.5280573234967,0.9666838254765389,0.9908955512874403,0.9930112002357585,0.9790045700216349
chat_preview,ui_text,chat_ui,1200,800,512,341,51,64,32,0,1616,4085,0.395593635250918,3.47937,25.57804714178152,0.8171227360213335,0.7912705383863892,0.790940808457291,0.6448202258359091
chat_preview,ui_text,chat_ui,1200,800,512,341,51,64,32,1,2225,4085,0.5446756425948592,3.65096,28.113765897210126,0.849632304186149,0.8996615514369646,0.9006968238088117,0.862323777270774
chat_preview,ui_text,chat_ui,1200,800,512,341,51,64,32,2,3033,4085,0.7424724602203182,3.59662,30.11020613740124,0.9046499225149752,0.9539245105173532,0.9566602121553681,0.9302169982383836
chat_preview,ui_text,chat_ui,1200,800,512,341,51,64,32,3,3881,4085,0.9500611995104039,3.87342,31.859553287980795,0.9367233176001744,0.9774785872611106,0.9809884758575639,0.9598425351815372
chat_preview,ui_text,chat_ui,1200,800,512,341,51,64,32,4,4085,4085,1.0,4.24254,31.91076813657776,0.9381877426278331,0.9777482230844705,0.9812553482549091,0.9603493419128333
chat_preview,ui_text,chat_ui,1200,800,512,341,51,64,64,0,1957,6709,0.2916977194812938,3.46667,28.154927589265895,0.8525938096555955,0.9028937902188253,0.9031296960565083,0.8641359066716849
chat_preview,ui_text,chat_ui,1200,800,512,341,51,64,64,1,3352,6709,0.49962736622447457,3.63379,30.3697249844997,0.9136220644315207,0.9605685804358566,0.9618879119098753,0.9360034434283724
chat_preview,ui_text,chat_ui,1200,800,512,341,51,64,64,2,5165,6709,0.7698613802355045,4.34942,33.22003483496744,0.9569901704745115,0.9888931796158751,0.9908869528119012,0.9732711754756452
chat_preview,ui_text,chat_ui,1200,800,512,341,51,64,64,3,6709,6709,1.0,5.00413,34.608550601710654,0.9672440696982786,0.9910212583701181,0.9931002999426943,0.9793477291120504
chat_preview,ui_text,chat_ui,1200,800,512,341,52,64,32,0,1616,4128,0.39147286821705424,3.90567,25.57804714178152,0.8171227360213335,0.7912705383863892,0.790940808457291,0.6448202258359091
chat_preview,ui_text,chat_ui,1200,800,512,341,52,64,32,1,2225,4128,0.5390019379844961,3.81967,28.112787711981497,0.8496306961332362,0.899636399402731,0.900701724925839,0.8622374248178625
chat_preview,ui_text,chat_ui,1200,800,512,341,52,64,32,2,3044,4128,0.7374031007751938,3.89221,30.11245057339087,0.9045033816273809,0.9538613776553672,0.9565925313219309,0.9302838408886179
chat_preview,ui_text,chat_ui,1200,800,512,341,52,64,32,3,3922,4128,0.9500968992248062,4.46121,31.887183617731985,0.9371435876158202,0.9776906855381271,0.9812401508422365,0.9601159636548382
chat_preview,ui_text,chat_ui,1200,800,512,341,52,64,32,4,4128,4128,1.0,4.52158,31.94668784376821,0.9387980735145546,0.9780043406157279,0.9815494235442707,0.9606972275857072
chat_preview,ui_text,chat_ui,1200,800,512,341,52,64,64,0,1957,6810,0.28737151248164466,3.80867,28.154927589265895,0.8525938096555955,0.9028937902188253,0.9031296960565083,0.8641359066716849
chat_preview,ui_text,chat_ui,1200,800,512,341,52,64,64,1,3356,6810,0.49280469897209983,4.30175,30.37156298953509,0.9136634090138142,0.9605777678448609,0.9618974621174805,0.9360169076222572
chat_preview,ui_text,chat_ui,1200,800,512,341,52,64,64,2,5185,6810,0.7613803230543319,4.3225,33.23097742535358,0.9571322534238423,0.9889350651434579,0.9909148607302967,0.9733440895348174
chat_preview,ui_text,chat_ui,1200,800,512,341,52,64,64,3,6810,6810,1.0,4.94825,34.67346456028797,0.9677469228193781,0.9911384053546265,0.9932175451114836,0.979574703720586
chat_preview,ui_text,chat_ui,1200,800,512,341,53,64,32,0,1616,4254,0.37987776210625296,3.70958,25.57804714178152,0.8171227360213335,0.7912705383863892,0.790940808457291,0.6448202258359091
chat_preview,ui_text,chat_ui,1200,800,512,341,53,64,32,1,2244,4254,0.5275035260930888,3.74029,28.135575727828034,0.8496990629910655,0.9021287245848776,0.9032684971277714,0.8636786788046644
chat_preview,ui_text,chat_ui,1200,800,512,341,53,64,32,2,3072,4254,0.7221438645980254,3.94083,30.135105234662166,0.904937094161984,0.9544287848461437,0.9571884059235815,0.9308770871538625
chat_preview,ui_text,chat_ui,1200,800,512,341,53,64,32,3,3958,4254,0.9304184297132111,4.41504,31.95804949693195,0.9379251912019967,0.9779896418766721,0.9815928086148592,0.9608960210320348
chat_preview,ui_text,chat_ui,1200,800,512,341,53,64,32,4,4254,4254,1.0,4.61888,32.027552794883164,0.9398207494766622,0.9783872359844201,0.981988038555423,0.9616085356284495
chat_preview,ui_text,chat_ui,1200,800,512,341,53,64,64,0,1957,6900,0.2836231884057971,3.83613,28.154927589265895,0.8525938096555955,0.9028937902188253,0.9031296960565083,0.8641359066716849
chat_preview,ui_text,chat_ui,1200,800,512,341,53,64,64,1,3419,6900,0.4955072463768116,3.98171,30.38260877769156,0.914407624495873,0.9615119427213386,0.9628798589739486,0.936716408095661
chat_preview,ui_text,chat_ui,1200,800,512,341,53,64,64,2,5267,6900,0.7633333333333333,4.74337,33.25859622701329,0.9577189291450168,0.9890866329252831,0.9910719271475253,0.9736432577694949
chat_preview,ui_text,chat_ui,1200,800,512,341,53,64,64,3,6900,6900,1.0,4.97871,34.75916533744189,0.9685629914497801,0.9912781354041046,0.9933695686032371,0.9799867882618327
chat_preview,ui_text,chat_ui,1200,800,512,341,54,64,32,0,1626,4302,0.37796373779637377,4.1025,25.606602655913733,0.817199751783992,0.7915260397538434,0.7908674423924058,0.6475888216443264
chat_preview,ui_text,chat_ui,1200,800,512,341,54,64,32,1,2255,4302,0.5241748024174803,3.73137,28.181260050905358,0.8499568001149589,0.9024112947749181,0.903106547451878,0.867119974078454
chat_preview,ui_text,chat_ui,1200,800,512,341,54,64,32,2,3094,4302,0.7192003719200372,3.97892,30.229308697923027,0.9057382346269277,0.9552346214033793,0.9572336426320956,0.9353067372096228
chat_preview,ui_text,chat_ui,1200,800,512,341,54,64,32,3,3998,4302,0.9293351929335193,4.59488,32.12528783373732,0.9386817250117963,0.9785387627333537,0.9813935985994535,0.965524211026726
chat_preview,ui_text,chat_ui,1200,800,512,341,54,64,32,4,4302,4302,1.0,4.49517,32.2026889222824,0.9407211408940572,0.9789453868613487,0.9817989634510896,0.9662836587019795
chat_preview,ui_text,chat_ui,1200,800,512,341,54,64,64,0,1955,6963,0.2807697831394514,4.12437,28.21057507753143,0.8527775291635322,0.9031217354662705,0.9030016699307035,0.8684428075542976
chat_preview,ui_text,chat_ui,1200,800,512,341,54,64,64,1,3418,6963,0.49088036765761883,4.02758,30.473583164480566,0.9147131702114653,0.9618086548631325,0.9627290308569305,0.9411889653482559
chat_preview,ui_text,chat_ui,1200,800,512,341,54,64,64,2,5314,6963,0.7631767916128106,4.48192,33.454051817860766,0.9582093799480372,0.9895506428484455,0.9910834858272866,0.9784293422594059
chat_preview,ui_text,chat_ui,1200,800,512,341,54,64,64,3,6963,6963,1.0,4.77767,35.04252227976438,0.969068608758462,0.9916881266241037,0.9933260882124838,0.9847138416909845
chat_preview,ui_text,chat_ui,1200,800,512,341,55,64,32,0,1626,4353,0.3735354927636113,3.77675,25.606602655913733,0.817199751783992,0.7915260397538434,0.7908674423924058,0.6475888216443264
chat_preview,ui_text,chat_ui,1200,800,512,341,55,64,32,1,2256,4353,0.518263266712612,4.01083,28.183139397816724,0.849973990848401,0.9024785530681116,0.9030850259774323,0.8673170681208223
chat_preview,ui_text,chat_ui,1200,800,512,341,55,64,32,2,3107,4353,0.7137606248564209,4.47308,30.23226886660222,0.9057743715270208,0.9552998743448192,0.9572682208253515,0.9354207798670418
chat_preview,ui_text,chat_ui,1200,800,512,341,55,64,32,3,4044,4353,0.9290144727773949,4.3105,32.16251707760301,0.9390870144691946,0.9787689358846334,0.981574591319354,0.965980275606773
chat_preview,ui_text,chat_ui,1200,800,512,341,55,64,32,4,4353,4353,1.0,4.10925,32.2498196714372,0.9412483060385125,0.979186922147984,0.9819911130947259,0.9667883655721901
chat_preview,ui_text,chat_ui,1200,800,512,341,55,64,64,0,1955,7089,0.27577937649880097,4.28388,28.21057507753143,0.8527775291635322,0.9031217354662705,0.9030016699307035,0.8684428075542976
chat_preview,ui_text,chat_ui,1200,800,512,341,55,64,64,1,3421,7089,0.48257864296797853,3.88775,30.47458369605748,0.9147349173355169,0.9618213619139805,0.9627296610900512,0.9412128809569793
chat_preview,ui_text,chat_ui,1200,800,512,341,55,64,64,2,5355,7089,0.7553956834532374,4.08617,33.471243811448964,0.9582726740542822,0.9895894191933826,0.9910902490047547,0.9785736166628282
chat_preview,ui_text,chat_ui,1200,800,512,341,55,64,64,3,7089,7089,1.0,4.33004,35.12319096400242,0.9694888218295011,0.9918380868422956,0.9934441668929762,0.9850626037539041
chat_preview,ui_text,chat_ui,1200,800,512,341,56,64,32,0,1666,4546,0.3664760228772547,3.43788,25.606602655913733,0.817199751783992,0.7915260397538434,0.7908674423924058,0.6475888216443264
chat_preview,ui_text,chat_ui,1200,800,512,341,56,64,32,1,2299,4546,0.5057193136823581,3.79629,28.180241135338683,0.8501121444306984,0.9025303228364638,0.9030809871603053,0.8670532912566739
chat_preview,ui_text,chat_ui,1200,800,512,341,56,64,32,2,3156,4546,0.6942366915970084,3.71129,30.235337263920957,0.9061478606772909,0.9553513792643304,0.9571850609135467,0.9352680532531429
chat_preview,ui_text,chat_ui,1200,800,512,341,56,64,32,3,4105,4546,0.9029916410030796,4.55792,32.20020684105797,0.9398312515849806,0.978960813399477,0.9816593995264835,0.9661584481659357
chat_preview,ui_text,chat_ui,1200,800,512,341,56,64,32,4,4546,4546,1.0,4.47754,32.29799691728032,0.9421502822780697,0.9794298591028187,0.9821274433944375,0.9670623322042887
chat_preview,ui_text,chat_ui,1200,800,512,341,56,64,64,0,1955,7128,0.2742704826038159,3.40679,28.21057507753143,0.8527775291635322,0.9031217354662705,0.9030016699307035,0.8684428075542976
chat_preview,ui_text,chat_ui,1200,800,512,341,56,64,64,1,3436,7128,0.4820426487093154,3.976,30.477942673336536,0.9148552073809121,0.961879830818502,0.9627557431390904,0.9412942852644595
chat_preview,ui_text,chat_ui,1200,800,512,341,56,64,64,2,5381,7128,0.7549102132435466,4.51925,33.49218533486406,0.9585544734609804,0.9896691160456469,0.9911250339117568,0.978631676738105
chat_preview,ui_text,chat_ui,1200,800,512,341,56,64,64,3,7128,7128,1.0,4.81612,35.21709711361736,0.9700802184777989,0.992040580228859,0.9935983569805783,0.985357022891231
chat_preview,ui_text,chat_ui,1200,800,512,341,57,64,32,0,1666,4593,0.36272588721968213,3.522,25.606602655913733,0.817199751783992,0.7915260397538434,0.7908674423924058,0.6475888216443264
chat_preview,ui_text,chat_ui,1200,800,512,341,57,64,32,1,2306,4593,0.5020683649031135,3.60579,28.18431999552853,0.8500643185943365,0.9025413572011587,0.9031152670478931,0.867484691782387
chat_preview,ui_text,chat_ui,1200,800,512,341,57,64,32,2,3180,4593,0.6923579359895493,3.90396,30.245327859402693,0.9062339163691132,0.9554506440050287,0.9573262383750689,0.9356639170264017
chat_preview,ui_text,chat_ui,1200,800,512,341,57,64,32,3,4150,4593,0.9035488787284999,3.97175,32.23504434775257,0.9403769201464289,0.9794280414362561,0.9821704398378136,0.9667233692931994
chat_preview,ui_text,chat_ui,1200,800,512,341,57,64,32,4,4593,4593,1.0,4.18008,32.34544915584336,0.9427363891689988,0.9798943697875169,0.9826366532243709,0.9676710212020343
chat_preview,ui_text,chat_ui,1200,800,512,341,57,64,64,0,1955,7237,0.27013956059140526,3.46067,28.21057507753143,0.8527775291635322,0.9031217354662705,0.9030016699307035,0.8684428075542976
chat_preview,ui_text,chat_ui,1200,800,512,341,57,64,64,1,3452,7237,0.4769932292386348,3.76487,30.478898932882288,0.9149294735422794,0.9618818745887818,0.9627750690704462,0.9413264254705566
chat_preview,ui_text,chat_ui,1200,800,512,341,57,64,64,2,5421,7237,0.749067293077242,4.07233,33.50881178307035,0.9587847101801773,0.9897321093575552,0.991195629948933,0.9787452288378864
chat_preview,ui_text,chat_ui,1200,800,512,341,57,64,64,3,7237,7237,1.0,4.68125,35.295718137436516,0.9706695286119859,0.9922025699016462,0.9937780960438415,0.9856635070698748
chat_preview,ui_text,chat_ui,1200,800,512,341,58,64,32,0,1666,4608,0.3615451388888889,3.60267,25.606602655913733,0.817199751783992,0.7915260397538434,0.7908674423924058,0.6475888216443264
chat_preview,ui_text,chat_ui,1200,800,512,341,58,64,32,1,2306,4608,0.5004340277777778,3.48633,28.18431999552853,0.8500643185943365,0.9025413572011587,0.9031152670478931,0.867484691782387
chat_preview,ui_text,chat_ui,1200,800,512,341,58,64,32,2,3184,4608,0.6909722222222222,3.60904,30.246112111988566,0.9062242781057636,0.9554501897803768,0.9573293522340999,0.9356475700198637
chat_preview,ui_text,chat_ui,1200,800,512,341,58,64,32,3,4161,4608,0.9029947916666666,4.134,32.25829324286329,0.9406172855379978,0.9794407533450941,0.982173091386065,0.9668562864030195
chat_preview,ui_text,chat_ui,1200,800,512,341,58,64,32,4,4608,4608,1.0,4.26662,32.373352982633435,0.9430366537611697,0.9799110802146888,0.9826434754111866,0.9678225959764827
chat_preview,ui_text,chat_ui,1200,800,512,341,58,64,64,0,1955,7252,0.269580805295091,3.44233,28.21057507753143,0.8527775291635322,0.9031217354662705,0.9030016699307035,0.8684428075542976
chat_preview,ui_text,chat_ui,1200,800,512,341,58,64,64,1,3452,7252,0.4760066188637617,3.64154,30.478898932882288,0.9149294735422794,0.9618818745887818,0.9627750690704462,0.9413264254705566
chat_preview,ui_text,chat_ui,1200,800,512,341,58,64,64,2,5424,7252,0.7479316050744622,4.20271,33.509830234808284,0.958794195152675,0.9897299273133199,0.9911944543946827,0.9787399554857269
chat_preview,ui_text,chat_ui,1200,800,512,341,58,64,64,3,7252,7252,1.0,4.59788,35.36269721071453,0.971059494650144,0.9922153739227602,0.9937878184346993,0.9857878408209544
chat_preview,ui_text,chat_ui,1200,800,512,341,59,64,32,0,1685,4691,0.3591984651460243,3.51937,25.63068175630882,0.8178187049286686,0.7910888234532306,0.7901863229917873,0.6421033449531863
chat_preview,ui_text,chat_ui,1200,800,512,341,59,64,32,1,2333,4691,0.4973353229588574,3.75038,28.237418281071875,0.8509924380165647,0.9019161047669867,0.9023822654844317,0.8665538423133895
chat_preview,ui_text,chat_ui,1200,800,512,341,59,64,32,2,3244,4691,0.691536985717331,3.57792,30.357202280531585,0.9075939283117315,0.9572330851915293,0.9591035190570205,0.9368574762286354
chat_preview,ui_text,chat_ui,1200,800,512,341,59,64,32,3,4239,4691,0.9036452781922831,3.81675,32.44089276482996,0.9424526733066259,0.9808244882648568,0.9835531993338125,0.9683641882275718
chat_preview,ui_text,chat_ui,1200,800,512,341,59,64,32,4,4691,4691,1.0,4.52825,32.566668588805705,0.9449347506163067,0.981295100348948,0.9840248011314823,0.9693699521677758
chat_preview,ui_text,chat_ui,1200,800,512,341,59,64,64,0,2019,7499,0.2692358981197493,3.49308,28.2789895018226,0.8535031073567936,0.9033714127228659,0.9033037820036601,0.8682873255087187
chat_preview,ui_text,chat_ui,1200,800,512,341,59,64,64,1,3533,7499,0.4711294839311908,3.70917,30.591955630732595,0.9156464843737538,0.9621539260118986,0.9630561385281782,0.9419857142557305
chat_preview,ui_text,chat_ui,1200,800,512,341,59,64,64,2,5585,7499,0.7447659687958395,4.64704,33.767740710642606,0.960280038284322,0.9908067246523026,0.9922733697275857,0.980398461306073
chat_preview,ui_text,chat_ui,1200,800,512,341,59,64,64,3,7499,7499,1.0,4.61429,35.849598566263566,0.9728750858576433,0.9932491371329721,0.9948336820728194,0.9876608907403995
chat_preview,ui_text,chat_ui,1200,800,512,341,60,64,32,0,1685,4718,0.35714285714285715,3.60533,25.63068175630882,0.8178187049286686,0.7910888234532306,0.7901863229917873,0.6421033449531863
chat_preview,ui_text,chat_ui,1200,800,512,341,60,64,32,1,2338,4718,0.49554896142433236,3.58858,28.23254029620547,0.8509712393637608,0.9017019925738623,0.9021686284303873,0.8662860607289646
chat_preview,ui_text,chat_ui,1200,800,512,341,60,64,32,2,3257,4718,0.6903348876642645,3.72796,30.355878943981978,0.9076266517258998,0.9572553081940106,0.9591281104607653,0.9368033576648319
chat_preview,ui_text,chat_ui,1200,800,512,341,60,64,32,3,4258,4718,0.9025010597710894,3.95767,32.482379990649,0.9427428603797657,0.9810043062585799,0.983733005444909,0.9685951456603461
chat_preview,ui_text,chat_ui,1200,800,512,341,60,64,32,4,4718,4718,1.0,4.52725,32.61719520797511,0.9453162863543532,0.9814881096301292,0.9842175354167525,0.9696455521571586
chat_preview,ui_text,chat_ui,1200,800,512,341,60,64,64,0,2019,7544,0.26762990455991514,3.64329,28.2789895018226,0.8535031073567936,0.9033714127228659,0.9033037820036601,0.8682873255087187
chat_preview,ui_text,chat_ui,1200,800,512,341,60,64,64,1,3538,7544,0.46898197242841994,3.51708,30.59519650405432,0.9156889433678955,0.9621603337601846,0.9630661645873692,0.9420122058564916
chat_preview,ui_text,chat_ui,1200,800,512,341,60,64,64,2,5615,7544,0.7443001060445387,4.66287,33.77307497036178,0.9602742284905833,0.9908109660843403,0.9922746472260969,0.9804180630152329
chat_preview,ui_text,chat_ui,1200,800,512,341,60,64,64,3,7544,7544,1.0,4.69612,35.92487264955311,0.9731199318389233,0.9932647414136224,0.9948493446700734,0.9877912572983291
chat_preview,ui_text,chat_ui,1200,800,512,341,61,64,32,0,1685,4781,0.35243672871784143,3.85592,25.63068175630882,0.8178187049286686,0.7910888234532306,0.7901863229917873,0.6421033449531863
chat_preview,ui_text,chat_ui,1200,800,512,341,61,64,32,1,2342,4781,0.4898556787282995,3.33108,28.239425726142123,0.8510298429146163,0.9017686244848001,0.9021380574933664,0.8665634577753485
chat_preview,ui_text,chat_ui,1200,800,512,341,61,64,32,2,3279,4781,0.6858397824722862,3.7845,30.365609203422956,0.9077902832385728,0.9572712426119004,0.9591215221862309,0.9369208466694825
chat_preview,ui_text,chat_ui,1200,800,512,341,61,64,32,3,4309,4781,0.9012758837063376,4.48625,32.526260996758786,0.9436271128698387,0.9816363190009931,0.9843768285960004,0.9691978007381123
chat_preview,ui_text,chat_ui,1200,800,512,341,61,64,32,4,4781,4781,1.0,4.95029,32.68241029493769,0.9463727277127688,0.9821608228066415,0.9849032568931114,0.9703741597113624
chat_preview,ui_text,chat_ui,1200,800,512,341,61,64,64,0,2019,7681,0.2628563989063924,3.70217,28.2789895018226,0.8535031073567936,0.9033714127228659,0.9033037820036601,0.8682873255087187
chat_preview,ui_text,chat_ui,1200,800,512,341,61,64,64,1,3556,7681,0.46296055201145686,3.97567,30.594389166070467,0.9157241726154278,0.9621633663109005,0.9630649254278558,0.9420049160252534
chat_preview,ui_text,chat_ui,1200,800,512,341,61,64,64,2,5669,7681,0.7380549407629214,4.86475,33.80198541488683,0.9606091123196322,0.9908309063546223,0.9922554070847749,0.9805352658308185
chat_preview,ui_text,chat_ui,1200,800,512,341,61,64,64,3,7681,7681,1.0,4.89167,36.03840090138538,0.9737093914513123,0.9934083635785441,0.9949757660105943,0.9881067607029116
chat_preview,ui_text,chat_ui,1200,800,512,341,62,64,32,0,1725,4850,0.3556701030927835,3.71287,25.63068175630882,0.8178187049286686,0.7910888234532306,0.7901863229917873,0.6421033449531863
chat_preview,ui_text,chat_ui,1200,800,512,341,62,64,32,1,2382,4850,0.4911340206185567,3.80312,28.239425726142123,0.8510298429146163,0.9017686244848001,0.9021380574933664,0.8665634577753485
chat_preview,ui_text,chat_ui,1200,800,512,341,62,64,32,2,3320,4850,0.6845360824742268,3.91063,30.365951839714604,0.9079061107888716,0.9573102541764728,0.9591544146760996,0.9369006177705539
chat_preview,ui_text,chat_ui,1200,800,512,341,62,64,32,3,4378,4850,0.902680412371134,4.32246,32.5627268843872,0.9440317966210406,0.9817657617056584,0.9845006818324993,0.9694308174246525
chat_preview,ui_text,chat_ui,1200,800,512,341,62,64,32,4,4850,4850,1.0,5.02504,32.733056596501925,0.9468592062499184,0.9823038874250422,0.9850408743881987,0.9706560157294553
chat_preview,ui_text,chat_ui,1200,800,512,341,62,64,64,0,2019,7696,0.26234407484407485,3.70542,28.2789895018226,0.8535031073567936,0.9033714127228659,0.9033037820036601,0.8682873255087187
chat_preview,ui_text,chat_ui,1200,800,512,341,62,64,64,1,3556,7696,0.46205821205821207,3.99575,30.594389166070467,0.9157241726154278,0.9621633663109005,0.9630649254278558,0.9420049160252534
chat_preview,ui_text,chat_ui,1200,800,512,341,62,64,64,2,5675,7696,0.7373960498960499,4.42575,33.798524427546084,0.960645842605793,0.9908275813338204,0.9922531536100935,0.9805053438451636
chat_preview,ui_text,chat_ui,1200,800,512,341,62,64,64,3,7696,7696,1.0,4.99721,36.127752100717885,0.9741435203679689,0.9934662562135294,0.9950254939491433,0.9882876341064014
chat_preview,ui_text,chat_ui,1200,800,512,341,63,64,32,0,1726,4920,0.3508130081300813,3.77933,25.631182593175154,0.8179284736591533,0.7915610610346895,0.7903418807700863,0.6436969060439152
chat_preview,ui_text,chat_ui,1200,800,512,341,63,64,32,1,2392,4920,0.4861788617886179,4.18633,28.233477827253417,0.8513310661015989,0.9023532778073123,0.9025138077875869,0.8674467191391477
chat_preview,ui_text,chat_ui,1200,800,512,341,63,64,32,2,3347,4920,0.6802845528455285,4.06554,30.359546655643733,0.9083716254309046,0.9576863782029942,0.9591739070543792,0.9374240509739049
chat_preview,ui_text,chat_ui,1200,800,512,341,63,64,32,3,4429,4920,0.9002032520325203,4.08946,32.5903206160175,0.9448618062551571,0.9821381667237344,0.9844722712436851,0.9701007768415888
chat_preview,ui_text,chat_ui,1200,800,512,341,63,64,32,4,4920,4920,1.0,4.289,32.76409403229934,0.9477279725921502,0.9826540299253107,0.9849840850804852,0.9713053712208701
chat_preview,ui_text,chat_ui,1200,800,512,341,63,64,64,0,2025,7847,0.2580604052504142,3.46254,28.279440973720995,0.8535666570846535,0.9036011476545549,0.9033229396767829,0.8692037668916696
chat_preview,ui_text,chat_ui,1200,800,512,341,63,64,64,1,3587,7847,0.457117369695425,3.90154,30.584681431965496,0.9157115443626539,0.9622241544373953,0.9629062105334828,0.9424046416821086
chat_preview,ui_text,chat_ui,1200,800,512,341,63,64,64,2,5738,7847,0.7312348668280871,3.99979,33.782053300928645,0.960761187650245,0.9909749874893309,0.9922325212115447,0.9808537594640964
chat_preview,ui_text,chat_ui,1200,800,512,341,63,64,64,3,7847,7847,1.0,4.52208,36.17210876168827,0.9746630047714827,0.9936836280164975,0.9950781060982482,0.988784644939126
chat_preview,ui_text,chat_ui,1200,800,512,341,64,64,32,0,1726,4978,0.3467255926074729,3.35075,25.631182593175154,0.8179284736591533,0.7915610610346895,0.7903418807700863,0.6436969060439152
chat_preview,ui_text,chat_ui,1200,800,512,341,64,64,32,1,2392,4978,0.48051426275612696,4.164,28.23177269692581,0.8513599232408624,0.9023429447482343,0.9025172851955354,0.86730773447278
chat_preview,ui_text,chat_ui,1200,800,512,341,64,64,32,2,3382,4978,0.6793893129770993,3.70567,30.382327625486,0.9091352942212767,0.9575712741198975,0.9590610843150918,0.9376558515648432
chat_preview,ui_text,chat_ui,1200,800,512,341,64,64,32,3,4469,4978,0.8977501004419446,3.82479,32.6714336444577,0.9459767357505476,0.9826794176747432,0.9850430677418655,0.970845564155292
chat_preview,ui_text,chat_ui,1200,800,512,341,64,64,32,4,4978,4978,1.0,4.78654,32.864714579924566,0.9488927472415289,0.9832414030008435,0.9855962680520759,0.9721473650180769
chat_preview,ui_text,chat_ui,1200,800,512,341,64,64,64,0,2025,7908,0.2560698027314112,3.38196,28.279440973720995,0.8535666570846535,0.9036011476545549,0.9033229396767829,0.8692037668916696
chat_preview,ui_text,chat_ui,1200,800,512,341,64,64,64,1,3587,7908,0.4535912999494183,3.42825,30.583860876396542,0.9156997370818362,0.9622150417329601,0.9629049166166381,0.942386669618099
chat_preview,ui_text,chat_ui,1200,800,512,341,64,64,64,2,5797,7908,0.7330551340414769,4.8275,33.817638307284405,0.9609352547770506,0.9910716426822198,0.9923331789275786,0.9810544291259915
chat_preview,ui_text,chat_ui,1200,800,512,341,64,64,64,3,7908,7908,1.0,4.66808,36.30525052820913,0.9751827415057956,0.993818523557417,0.9952157271361312,0.9891038036827849
chat_preview,ui_text,chat_ui,1200,800,512,341,65,64,32,0,1726,5074,0.3401655498620418,3.51433,25.631182593175154,0.8179284736591533,0.7915610610346895,0.7903418807700863,0.6436969060439152
chat_preview,ui_text,chat_ui,1200,800,512,341,65,64,32,1,2427,5074,0.4783208513992905,3.53287,28.224118897498883,0.8507547376036819,0.9013607800449922,0.90162525020823,0.8675623486456828
chat_preview,ui_text,chat_ui,1200,800,512,341,65,64,32,2,3428,5074,0.675601103665747,3.76187,30.36639911091622,0.9086140518064051,0.9568812567004142,0.958470343363377,0.9376908683276473
chat_preview,ui_text,chat_ui,1200,800,512,341,65,64,32,3,4559,5074,0.89850216791486,4.44729,32.69219656181911,0.9460060533389862,0.9822792560878347,0.984691698291494,0.9712973548905643
chat_preview,ui_text,chat_ui,1200,800,512,341,65,64,32,4,5074,5074,1.0,4.87983,32.903978476301695,0.9489706789741231,0.9828798957461983,0.985281492180015,0.972676512949763
chat_preview,ui_text,chat_ui,1200,800,512,341,65,64,64,0,2025,8112,0.2496301775147929,3.44588,28.279440973720995,0.8535666570846535,0.9036011476545549,0.9033229396767829,0.8692037668916696
chat_preview,ui_text,chat_ui,1200,800,512,341,65,64,64,1,3703,8112,0.45648422090729784,3.57675,30.591338839160226,0.9165163488155365,0.9635497057877918,0.9642258487389481,0.9429558010268083
chat_preview,ui_text,chat_ui,1200,800,512,341,65,64,64,2,5926,8112,0.7305226824457594,4.00267,33.8212845487713,0.9615780811188217,0.9915585052037098,0.992801824924201,0.9813000365268766
chat_preview,ui_text,chat_ui,1200,800,512,341,65,64,64,3,8112,8112,1.0,4.54154,36.37185657373771,0.97622438202513,0.994329447850118,0.9957168317298746,0.9894787854141711
chat_preview,ui_text,chat_ui,1200,800,512,341,66,64,32,0,1726,5133,0.3362556010130528,3.59708,25.631182593175154,0.8179284736591533,0.7915610610346895,0.7903418807700863,0.6436969060439152
chat_preview,ui_text,chat_ui,1200,800,512,341,66,64,32,1,2435,5133,0.474381453341126,3.47992,28.227991001127116,0.8505864005844304,0.9013530216576102,0.9015549955483201,0.8679448115809444
chat_preview,ui_text,chat_ui,1200,800,512,341,66,64,32,2,3448,5133,0.671731930644847,3.64921,30.37238246135541,0.9087390288205329,0.9569062795937725,0.9585634393281209,0.9379763018865666
chat_preview,ui_text,chat_ui,1200,800,512,341,66,64,32,3,4592,5133,0.8946035456847847,3.82771,32.74419342675817,0.9466549775174573,0.9826291452148328,0.9851037127927361,0.9718716331769635
chat_preview,ui_text,chat_ui,1200,800,512,341,66,64,32,4,5133,5133,1.0,4.31358,32.982506127124395,0.9498570106732319,0.9832744840962376,0.9857421651407694,0.9734014877775976
chat_preview,ui_text,chat_ui,1200,800,512,341,66,64,64,0,2025,8189,0.24728294052997923,3.464,28.279440973720995,0.8535666570846535,0.9036011476545549,0.9033229396767829,0.8692037668916696
chat_preview,ui_text,chat_ui,1200,800,512,341,66,64,64,1,3719,8189,0.4541458053486384,3.97996,30.592136695636466,0.9165677176634529,0.963564824362368,0.9642244941986292,0.9429946923999027
chat_preview,ui_text,chat_ui,1200,800,512,341,66,64,64,2,5981,8189,0.7303700085480522,4.12692,33.82734524011892,0.9617191046310604,0.9915687913418871,0.9928025018520545,0.9813176525358043
chat_preview,ui_text,chat_ui,1200,800,512,341,66,64,64,3,8189,8189,1.0,4.55762,36.490331299235386,0.9768419347964356,0.994448037104542,0.9958198568350484,0.9897422632041585
chat_preview,ui_text,chat_ui,1200,800,512,341,67,64,32,0,1726,5183,0.33301176924561066,3.42733,25.631182593175154,0.8179284736591533,0.7915610610346895,0.7903418807700863,0.6436969060439152
chat_preview,ui_text,chat_ui,1200,800,512,341,67,64,32,1,2435,5183,0.46980513216284003,3.72742,28.229764968171782,0.850720089107829,0.9014183675178852,0.9016020760913801,0.8678770831239934
chat_preview,ui_text,chat_ui,1200,800,512,341,67,64,32,2,3458,5183,0.667181169207023,3.74621,30.38109099469989,0.9090974861020878,0.9571348620096053,0.9587521887971653,0.9380755217035294
chat_preview,ui_text,chat_ui,1200,800,512,341,67,64,32,3,4626,5183,0.8925332818830793,3.98929,32.78934460036588,0.9473433788402921,0.9830610754507462,0.9855114930698878,0.9722577383053026
chat_preview,ui_text,chat_ui,1200,800,512,341,67,64,32,4,5183,5183,1.0,4.47554,33.04953608066411,0.9505934131352843,0.9837112862878845,0.9861641472798964,0.973890568692236
chat_preview,ui_text,chat_ui,1200,800,512,341,67,64,64,0,2025,8280,0.24456521739130435,3.59392,28.279440973720995,0.8535666570846535,0.9036011476545549,0.9033229396767829,0.8692037668916696
chat_preview,ui_text,chat_ui,1200,800,512,341,67,64,64,1,3722,8280,0.4495169082125604,3.65375,30.59013838521689,0.9166056776656392,0.9635057157902857,0.9641630362230538,0.9429602560339516
chat_preview,ui_text,chat_ui,1200,800,512,341,67,64,64,2,5997,8280,0.7242753623188406,4.04492,33.83044729816375,0.9618419600685918,0.9916049127993167,0.9928452853703195,0.9813421175327321
chat_preview,ui_text,chat_ui,1200,800,512,341,67,64,64,3,8280,8280,1.0,4.61529,36.57061052914979,0.9772850701539707,0.9945795061787063,0.9959551093838168,0.989929315584576
chat_preview,ui_text,chat_ui,1200,800,512,341,68,64,32,0,1729,5238,0.3300878197785414,3.96829,25.64837466763286,0.8180841599039709,0.791469811408256,0.7901583052951824,0.6429440144952502
chat_preview,ui_text,chat_ui,1200,800,512,341,68,64,32,1,2438,5238,0.4654448262695685,3.57137,28.268320054848285,0.8509689532289778,0.9014701411880711,0.9015418206790791,0.8674563459989683
chat_preview,ui_text,chat_ui,1200,800,512,341,68,64,32,2,3462,5238,0.6609392898052692,3.66463,30.450856420262305,0.9094177602988746,0.9572398989797571,0.9587574968816428,0.938057416674539
chat_preview,ui_text,chat_ui,1200,800,512,341,68,64,32,3,4660,5238,0.8896525391370752,3.93958,32.96174877137331,0.9479291128853559,0.9833709778473341,0.9856771782600094,0.972803591401652
chat_preview,ui_text,chat_ui,1200,800,512,341,68,64,32,4,5238,5238,1.0,4.52292,33.246820374589156,0.9513584045910215,0.9840330191772187,0.9863513781638632,0.9745248141874578
chat_preview,ui_text,chat_ui,1200,800,512,341,68,64,64,0,2034,8318,0.2445299350805482,3.60571,28.312795338953187,0.8537973582150727,0.903598003427715,0.9033241238643239,0.8687768811023657
chat_preview,ui_text,chat_ui,1200,800,512,341,68,64,64,1,3737,8318,0.4492666506371724,3.59733,30.657371369590955,0.9167884303867487,0.9635047205128711,0.9641803617437137,0.9428724185394244
chat_preview,ui_text,chat_ui,1200,800,512,341,68,64,64,2,6015,8318,0.7231305602308247,4.17567,33.975570218206194,0.962011393994216,0.9916064175991718,0.99286411758541,0.9814056945466347
chat_preview,ui_text,chat_ui,1200,800,512,341,68,64,64,3,8318,8318,1.0,4.44933,36.95500208260921,0.9778556260931676,0.994647994052511,0.9960368328681037,0.9902099195881195
chat_preview,ui_text,chat_ui,1200,800,512,341,69,64,32,0,1729,5380,0.32137546468401484,3.27954,25.64837466763286,0.8180841599039709,0.791469811408256,0.7901583052951824,0.6429440144952502
chat_preview,ui_text,chat_ui,1200,800,512,341,69,64,32,1,2438,5380,0.45315985130111525,3.58546,28.267842182526547,0.8510007850813314,0.9014777512019183,0.9015446281412768,0.8674244290988143
chat_preview,ui_text,chat_ui,1200,800,512,341,69,64,32,2,3507,5380,0.6518587360594795,3.61317,30.44689513110641,0.9096983259214078,0.9573621052580302,0.9588475512011845,0.938159725436436
chat_preview,ui_text,chat_ui,1200,800,512,341,69,64,32,3,4740,5380,0.8810408921933085,4.10887,33.00129130231498,0.9486067650684037,0.9840032147003438,0.9863056425478228,0.9734561858635091
chat_preview,ui_text,chat_ui,1200,800,512,341,69,64,32,4,5380,5380,1.0,4.33021,33.322082246743804,0.9523617302881838,0.9846809953119796,0.9870196830050664,0.9753647909408456
chat_preview,ui_text,chat_ui,1200,800,512,341,69,64,64,0,2034,8540,0.23817330210772833,3.53033,28.312795338953187,0.8537973582150727,0.903598003427715,0.9033241238643239,0.8687768811023657
chat_preview,ui_text,chat_ui,1200,800,512,341,69,64,64,1,3737,8540,0.4375878220140515,3.48567,30.65678704756529,0.9167904223034414,0.9635101308463284,0.9641862318178226,0.9428698368051333
chat_preview,ui_text,chat_ui,1200,800,512,341,69,64,64,2,6152,8540,0.7203747072599531,4.13846,34.000208765446274,0.962296122742944,0.9917409833472949,0.9929839360893392,0.9815896024368355
chat_preview,ui_text,chat_ui,1200,800,512,341,69,64,64,3,8540,8540,1.0,4.58608,37.06806848876665,0.9784558798462188,0.9948055316352713,0.9961854053514699,0.9904900094141853
chat_preview,ui_text,chat_ui,1200,800,512,341,70,64,32,0,1729,5441,0.3177724682962691,3.59754,25.64837466763286,0.8180841599039709,0.791469811408256,0.7901583052951824,0.6429440144952502
chat_preview,ui_text,chat_ui,1200,800,512,341,70,64,32,1,2449,5441,0.45010108435949275,3.6255,28.26625695409763,0.8507676257139195,0.9011607463461219,0.9012142312954965,0.8674607109130344
chat_preview,ui_text,chat_ui,1200,800,512,341,70,64,32,2,3525,5441,0.6478588494761992,3.75492,30.456171337738994,0.9100887724055148,0.9573902075383306,0.9588408419623243,0.9384049283229541
chat_preview,ui_text,chat_ui,1200,800,512,341,70,64,32,3,4769,5441,0.8764932916743245,3.88304,33.050911023342785,0.9493628671982149,0.9842215581852741,0.9864622990582447,0.9738922261951497
chat_preview,ui_text,chat_ui,1200,800,512,341,70,64,32,4,5441,5441,1.0,4.59079,33.394275624531545,0.9533038251282817,0.9849593802491167,0.9872502000805675,0.9759175481680952
chat_preview,ui_text,chat_ui,1200,800,512,341,70,64,64,0,2034,8563,0.23753357468177042,3.49683,28.312795338953187,0.8537973582150727,0.903598003427715,0.9033241238643239,0.8687768811023657
chat_preview,ui_text,chat_ui,1200,800,512,341,70,64,64,1,3751,8563,0.4380474132897349,3.56421,30.659369992093858,0.9167927859122974,0.9635720866131745,0.9642500471587411,0.9429399417497075
chat_preview,ui_text,chat_ui,1200,800,512,341,70,64,64,2,6173,8563,0.7208922106738292,4.17788,34.00407285961934,0.9624954043668242,0.9918247567404094,0.9930812944602366,0.9816557031320738
chat_preview,ui_text,chat_ui,1200,800,512,341,70,64,64,3,8563,8563,1.0,4.57725,37.174052961760175,0.9790262440319802,0.9948825862462615,0.9962683384219542,0.9906848206485237
chat_preview,ui_text,chat_ui,1200,800,512,341,71,64,32,0,1755,5582,0.3144034396273737,3.51771,25.658893551784185,0.8181353794543629,0.7916917496516013,0.790482188045753,0.6424701110539249
chat_preview,ui_text,chat_ui,1200,800,512,341,71,64,32,1,2495,5582,0.44697241132210674,3.52829,28.29625603534494,0.8516269886861924,0.9017749027330643,0.9017663008368506,0.8671386742245889
chat_preview,ui_text,chat_ui,1200,800,512,341,71,64,32,2,3595,5582,0.644034396273737,3.73683,30.52787735363559,0.9105813476617004,0.9582932267081851,0.9595617299064659,0.9388504182099351
chat_preview,ui_text,chat_ui,1200,800,512,341,71,64,32,3,4882,5582,0.8745969186671444,3.89704,33.21955791479456,0.9507088642111619,0.9855808883575362,0.9876207660090289,0.9749485481266923
chat_preview,ui_text,chat_ui,1200,800,512,341,71,64,32,4,5582,5582,1.0,4.42254,33.605109370122996,0.9547053327050495,0.986258034745959,0.9883462337193104,0.9770297364005055
chat_preview,ui_text,chat_ui,1200,800,512,341,71,64,64,0,2128,8879,0.23966662912490144,3.68079,28.320664942056677,0.853569879765792,0.9041440192316333,0.9038629740147721,0.8686018499206027
chat_preview,ui_text,chat_ui,1200,800,512,341,71,64,64,1,3919,8879,0.44137853361865076,3.54967,30.694592783694944,0.9171180331339638,0.9635238686461237,0.9641422091127595,0.9429225347367588
chat_preview,ui_text,chat_ui,1200,800,512,341,71,64,64,2,6412,8879,0.7221533956526636,3.899,34.120936169984894,0.9632836343259571,0.9920181596515251,0.9931901937009449,0.9818890519923145
chat_preview,ui_text,chat_ui,1200,800,512,341,71,64,64,3,8879,8879,1.0,4.56162,37.52095725623576,0.9802142478408807,0.9951739259609852,0.9964732067019375,0.9911316803199838
chat_preview,ui_text,chat_ui,1200,800,512,341,72,64,32,0,1755,5655,0.3103448275862069,3.55046,25.658893551784185,0.8181353794543629,0.7916917496516013,0.790482188045753,0.6424701110539249
chat_preview,ui_text,chat_ui,1200,800,512,341,72,64,32,1,2499,5655,0.44190981432360743,3.75429,28.297628482456254,0.851662951278977,0.9018125025255518,0.9017854852015027,0.8672863244014739
chat_preview,ui_text,chat_ui,1200,800,512,341,72,64,32,2,3605,5655,0.6374889478337754,3.50867,30.53005495326312,0.9106541040761157,0.9583215651550723,0.9595643155606283,0.9388933103416314
chat_preview,ui_text,chat_ui,1200,800,512,341,72,64,32,3,4913,5655,0.868788682581786,4.17746,33.244650876975015,0.950925439100852,0.9856547551236262,0.9876383738597878,0.9751024061398085
chat_preview,ui_text,chat_ui,1200,800,512,341,72,64,32,4,5655,5655,1.0,4.49096,33.673651831145456,0.9551370434043354,0.9863975349141928,0.9884489819561901,0.9774101212856824
chat_preview,ui_text,chat_ui,1200,800,512,341,72,64,64,0,2128,8915,0.23869882220975883,3.93375,28.320664942056677,0.853569879765792,0.9041440192316333,0.9038629740147721,0.8686018499206027
chat_preview,ui_text,chat_ui,1200,800,512,341,72,64,64,1,3921,8915,0.43982052720134607,3.73921,30.694683909102352,0.9171101639203357,0.9635220326565372,0.9641362023064813,0.942913124361051
chat_preview,ui_text,chat_ui,1200,800,512,341,72,64,64,2,6420,8915,0.7201346045989905,3.93596,34.122277143258096,0.9632862089743123,0.9920213918750284,0.993192277357901,0.9818977271804171
chat_preview,ui_text,chat_ui,1200,800,512,341,72,64,64,3,8915,8915,1.0,5.05796,37.558083175144795,0.9803359186208159,0.9951951281502239,0.9964930342530387,0.9911881752241974
chat_preview,ui_text,chat_ui,1200,800,512,341,73,64,32,0,1765,5749,0.3070099147677857,3.53146,25.65900637223097,0.8180240911478694,0.7921336847412634,0.7906536314445829,0.644530836231998
chat_preview,ui_text,chat_ui,1200,800,512,341,73,64,32,1,2514,5749,0.4372934423377979,3.27587,28.284857231742908,0.8520375348158948,0.90224259115913,0.9020581970666028,0.8677121149666316
chat_preview,ui_text,chat_ui,1200,800,512,341,73,64,32,2,3631,5749,0.6315881022786571,3.68983,30.515991187554995,0.9109823441742164,0.95866322829993,0.9597383387305644,0.9393353205926513
chat_preview,ui_text,chat_ui,1200,800,512,341,73,64,32,3,4969,5749,0.8643242303009219,3.8655,33.23291192029055,0.9514637022290167,0.9859205459230777,0.9878011843899603,0.9753816274412175
chat_preview,ui_text,chat_ui,1200,800,512,341,73,64,32,4,5749,5749,1.0,4.34587,33.72580271590255,0.9560084385353548,0.9866990715655035,0.9886325923384405,0.977937405010154
chat_preview,ui_text,chat_ui,1200,800,512,341,73,64,64,0,2144,9008,0.23801065719360567,3.42004,28.312379896848896,0.8536098964208456,0.9042483799849367,0.9038711278733567,0.8690352249703232
chat_preview,ui_text,chat_ui,1200,800,512,341,73,64,64,1,3960,9008,0.43960923623445824,3.69362,30.670311110171976,0.9172800250404999,0.9635174325496833,0.9641243101064751,0.9429778021412158
chat_preview,ui_text,chat_ui,1200,800,512,341,73,64,64,2,6482,9008,0.719582593250444,4.14975,34.081328421617755,0.9634957667183882,0.9920346351821042,0.9931864536288306,0.981990054317572
chat_preview,ui_text,chat_ui,1200,800,512,341,73,64,64,3,9008,9008,1.0,4.86058,37.551435876757566,0.9807997910766283,0.9952859995854096,0.9965594942990478,0.9913960397560531
chat_preview,ui_text,chat_ui,1200,800,512,341,74,64,32,0,1765,5923,0.2979908829984805,3.37604,25.65900637223097,0.8180240911478694,0.7921336847412634,0.7906536314445829,0.644530836231998
chat_preview,ui_text,chat_ui,1200,800,512,341,74,64,32,1,2514,5923,0.42444707074117843,3.42771,28.284857231742908,0.8520375348158948,0.90224259115913,0.9020581970666028,0.8677121149666316
chat_preview,ui_text,chat_ui,1200,800,512,341,74,64,32,2,3693,5923,0.623501603916934,3.78704,30.53270082516824,0.9111606782115484,0.9591003973710234,0.96026724059627,0.9400016837815337
chat_preview,ui_text,chat_ui,1200,800,512,341,74,64,32,3,5085,5923,0.8585176430862739,3.87671,33.28090420007336,0.9519774443476817,0.9862220839177084,0.9881717947377093,0.9759128165599346
chat_preview,ui_text,chat_ui,1200,800,512,341,74,64,32,4,5923,5923,1.0,4.46346,33.84909147172498,0.9568454890523097,0.9870710222216449,0.9890784796579112,0.9787691452199602
chat_preview,ui_text,chat_ui,1200,800,512,341,74,64,64,0,2144,9218,0.2325884139726622,3.39863,28.312379896848896,0.8536098964208456,0.9042483799849367,0.9038711278733567,0.8690352249703232
chat_preview,ui_text,chat_ui,1200,800,512,341,74,64,64,1,3960,9218,0.4295942720763723,3.42125,30.670311110171976,0.9172800250404999,0.9635174325496833,0.9641243101064751,0.9429778021412158
chat_preview,ui_text,chat_ui,1200,800,512,341,74,64,64,2,6604,9218,0.7164243870687784,4.04608,34.107082297992164,0.9636634900475611,0.9921757847742255,0.9933332465669271,0.9822418930756747
chat_preview,ui_text,chat_ui,1200,800,512,341,74,64,64,3,9218,9218,1.0,4.1635,37.68175345681292,0.9811993718190748,0.9953443074605985,0.9966280446286736,0.9916162082810023
chat_preview,ui_text,chat_ui,1200,800,512,341,75,64,32,0,1765,6045,0.2919768403639371,3.36208,25.65900637223097,0.8180240911478694,0.7921336847412634,0.7906536314445829,0.644530836231998
chat_preview,ui_text,chat_ui,1200,800,512,341,75,64,32,1,2522,6045,0.4172043010752688,3.58575,28.28398464490594,0.852055834698921,0.9022944136045007,0.9020664758306003,0.8678157599881885
chat_preview,ui_text,chat_ui,1200,800,512,341,75,64,32,2,3715,6045,0.6145574855252275,3.7505,30.538141165314588,0.9114572150529544,0.9592672846633409,0.96029287310543,0.9402509435520306
chat_preview,ui_text,chat_ui,1200,800,512,341,75,64,32,3,5135,6045,0.8494623655913979,4.43533,33.3259028055997,0.9526102284243372,0.9865010545369373,0.9882705848827457,0.976336016163848
chat_preview,ui_text,chat_ui,1200,800,512,341,75,64,32,4,6045,6045,1.0,4.30638,33.95046356734224,0.95763954182772,0.9873930398714381,0.9892317082623754,0.9793786315420925
chat_preview,ui_text,chat_ui,1200,800,512,341,75,64,64,0,2144,9317,0.23011699044756895,3.78563,28.312379896848896,0.8536098964208456,0.9042483799849367,0.9038711278733567,0.8690352249703232
chat_preview,ui_text,chat_ui,1200,800,512,341,75,64,64,1,3989,9317,0.42814210582805623,3.63521,30.673467314150614,0.9173153745887399,0.9635519323701968,0.9641125271525195,0.9430440568513613
chat_preview,ui_text,chat_ui,1200,800,512,341,75,64,64,2,6668,9317,0.7156810132016743,4.22396,34.11630178571018,0.9637731735595002,0.992222413410983,0.9933333611866979,0.9823253564475464
chat_preview,ui_text,chat_ui,1200,800,512,341,75,64,64,3,9317,9317,1.0,4.74283,37.81149184442918,0.9816556397428942,0.9954292405808344,0.9966698468837294,0.9918562311565321
chat_preview,ui_text,chat_ui,1200,800,512,341,76,64,32,0,1765,6190,0.2851373182552504,3.50746,25.65900637223097,0.8180240911478694,0.7921336847412634,0.7906536314445829,0.644530836231998
chat_preview,ui_text,chat_ui,1200,800,512,341,76,64,32,1,2524,6190,0.40775444264943456,3.66442,28.28617563597149,0.8520517460263336,0.9022970291530624,0.9020580778100807,0.8679069519622237
chat_preview,ui_text,chat_ui,1200,800,512,341,76,64,32,2,3747,6190,0.6053311793214863,3.57283,30.541867046103764,0.9117715871023647,0.9592582891661737,0.9602919538158206,0.9401098622810836
chat_preview,ui_text,chat_ui,1200,800,512,341,76,64,32,3,5229,6190,0.8447495961227787,4.20883,33.373808433475645,0.9534264045703603,0.9869189105396617,0.9887027116673168,0.976741813753217
chat_preview,ui_text,chat_ui,1200,800,512,341,76,64,32,4,6190,6190,1.0,4.80546,34.07103822544109,0.9589466087352855,0.9878924752224951,0.989735268789896,0.9800507875379793
chat_preview,ui_text,chat_ui,1200,800,512,341,76,64,64,0,2144,9457,0.22671037326847837,3.44729,28.312379896848896,0.8536098964208456,0.9042483799849367,0.9038711278733567,0.8690352249703232
chat_preview,ui_text,chat_ui,1200,800,512,341,76,64,64,1,3992,9457,0.4221211800782489,3.99037,30.67273343050342,0.9173242064460121,0.9635558065265192,0.9641235792829517,0.9430413265784544
chat_preview,ui_text,chat_ui,1200,800,512,341,76,64,64,2,6713,9457,0.7098445595854922,3.94142,34.13144446095822,0.9640753949914188,0.9923320653102917,0.9934216755789194,0.9823940969707028
chat_preview,ui_text,chat_ui,1200,800,512,341,76,64,64,3,9457,9457,1.0,4.51821,37.93852223506352,0.9822643642138654,0.995619109266573,0.9968497375469864,0.9921009163198586
chat_preview,ui_text,chat_ui,1200,800,512,341,77,64,32,0,1765,6333,0.27869887888836253,3.62433,25.65900637223097,0.8180240911478694,0.7921336847412634,0.7906536314445829,0.644530836231998
chat_preview,ui_text,chat_ui,1200,800,512,341,77,64,32,1,2578,6333,0.407074056529291,3.60675,28.29290130625941,0.8517746267533542,0.9032984242471352,0.9033011239766431,0.8689917484474756
chat_preview,ui_text,chat_ui,1200,800,512,341,77,64,32,2,3826,6333,0.604137059845255,3.69571,30.551642611701375,0.912240448415626,0.9597619935997385,0.960879891829217,0.940661500510535
chat_preview,ui_text,chat_ui,1200,800,512,341,77,64,32,3,5321,6333,0.8402021159008369,4.1675,33.40630507699143,0.9538476284813608,0.9871957172812708,0.9890048454762527,0.9770517556671052
chat_preview,ui_text,chat_ui,1200,800,512,341,77,64,32,4,6333,6333,1.0,4.37129,34.19208201850738,0.9599300403046284,0.9883117572392863,0.9901866814474571,0.9807096257725345
chat_preview,ui_text,chat_ui,1200,800,512,341,77,64,64,0,2144,9646,0.22226829773999585,3.48896,28.312379896848896,0.8536098964208456,0.9042483799849367,0.9038711278733567,0.8690352249703232
chat_preview,ui_text,chat_ui,1200,800,512,341,77,64,64,1,4122,9646,0.42732738959154054,4.25413,30.684059371577472,0.9178210449728108,0.9640879868464077,0.9646682346103322,0.9434404680338532
chat_preview,ui_text,chat_ui,1200,800,512,341,77,64,64,2,6892,9646,0.7144930541156956,4.01296,34.15879597364967,0.9645939182343136,0.9926934149259575,0.9937975012298411,0.9826767473580237
chat_preview,ui_text,chat_ui,1200,800,512,341,77,64,64,3,9646,9646,1.0,4.65954,38.090935385917305,0.9831350075875798,0.9960019667239072,0.9972437992426553,0.9924629790831697
chat_preview,ui_text,chat_ui,1200,800,512,341,78,64,32,0,1773,6567,0.26998629511192324,3.5255,25.653842959590555,0.8181130031332731,0.791751697781323,0.7903522823672057,0.6430451141321895
chat_preview,ui_text,chat_ui,1200,800,512,341,78,64,32,1,2590,6567,0.3943962235419522,3.6465,28.28646241438961,0.8517989346758762,0.9032698364697849,0.9033020345606956,0.8683590224557965
chat_preview,ui_text,chat_ui,1200,800,512,341,78,64,32,2,3846,6567,0.5856555504796711,3.68183,30.544512898975057,0.9123154358285716,0.9597016281193474,0.9608670551433118,0.9403122978350469
chat_preview,ui_text,chat_ui,1200,800,512,341,78,64,32,3,5407,6567,0.823359220344145,4.24775,33.43339835141684,0.9543176721394668,0.9874338768810942,0.9893189310428522,0.9771609236571895
chat_preview,ui_text,chat_ui,1200,800,512,341,78,64,32,4,6567,6567,1.0,4.44033,34.36396106947977,0.9613529445327352,0.9886928045303843,0.9906350997473526,0.9812797739817821
chat_preview,ui_text,chat_ui,1200,800,512,341,78,64,64,0,2170,9812,0.22115776600081533,3.70433,28.302381942682505,0.8534418420114536,0.9040895958889547,0.9038062733267465,0.8686914116165726
chat_preview,ui_text,chat_ui,1200,800,512,341,78,64,64,1,4154,9812,0.4233591520587036,3.84346,30.67366908316419,0.917822508828312,0.9640369810333388,0.9646692323230137,0.943274967360306
chat_preview,ui_text,chat_ui,1200,800,512,341,78,64,64,2,6942,9812,0.707501019160212,4.09762,34.14505977129463,0.964646407003411,0.9926632006010697,0.993804480194849,0.9826204044304749
chat_preview,ui_text,chat_ui,1200,800,512,341,78,64,64,3,9812,9812,1.0,4.48875,38.168841618389365,0.9834889359097767,0.9960383761084426,0.9973238068333653,0.9925529776426074
chat_preview,ui_text,chat_ui,1200,800,512,341,79,64,32,0,1773,6722,0.26376078548051174,3.51071,25.653842959590555,0.8181130031332731,0.791751697781323,0.7903522823672057,0.6430451141321895
chat_preview,ui_text,chat_ui,1200,800,512,341,79,64,32,1,2593,6722,0.385748289199643,3.98604,28.288836690679915,0.8518455601786484,0.9033254113925769,0.9033065349648213,0.8684937342298531
chat_preview,ui_text,chat_ui,1200,800,512,341,79,64,32,2,3910,6722,0.5816721213924427,4.13812,30.558007809840802,0.9125260008964711,0.9597874107062442,0.9609087961576716,0.9404665329985777
chat_preview,ui_text,chat_ui,1200,800,512,341,79,64,32,3,5497,6722,0.817762570663493,4.03817,33.484389118089595,0.9549038502371636,0.9875223068242432,0.9893459909200633,0.9774350141832384
chat_preview,ui_text,chat_ui,1200,800,512,341,79,64,32,4,6722,6722,1.0,5.39987,34.50721235530164,0.9624808866701805,0.9889911527384183,0.9908839436146248,0.981957017996905
chat_preview,ui_text,chat_ui,1200,800,512,341,79,64,64,0,2170,10051,0.21589891553079296,3.55012,28.302381942682505,0.8534418420114536,0.9040895958889547,0.9038062733267465,0.8686914116165726
chat_preview,ui_text,chat_ui,1200,800,512,341,79,64,64,1,4161,10051,0.41398865784499056,3.66254,30.674344146833782,0.9178024097218098,0.9640285639427807,0.9646657541930428,0.9432833613707232
chat_preview,ui_text,chat_ui,1200,800,512,341,79,64,64,2,7129,10051,0.709282658441946,4.00383,34.17045291919008,0.9647893242475418,0.9927893422501315,0.9939446806234499,0.9827829783256297
chat_preview,ui_text,chat_ui,1200,800,512,341,79,64,64,3,10051,10051,1.0,4.66596,38.33337519383074,0.9839398358655345,0.9961288498930955,0.9974172951907223,0.9928091425787235
chat_preview,ui_text,chat_ui,1200,800,512,341,80,64,32,0,1773,6887,0.25744155655582984,3.35067,25.653842959590555,0.8181130031332731,0.791751697781323,0.7903522823672057,0.6430451141321895
chat_preview,ui_text,chat_ui,1200,800,512,341,80,64,32,1,2605,6887,0.37824887469144763,3.44775,28.292501704685783,0.8519132913292697,0.9033242496925679,0.903202579696139,0.8686232699029587
chat_preview,ui_text,chat_ui,1200,800,512,341,80,64,32,2,3938,6887,0.5718019456947873,3.66175,30.56226091494356,0.9126307536957606,0.9598204503699649,0.9608987770036631,0.9405559350521949
chat_preview,ui_text,chat_ui,1200,800,512,341,80,64,32,3,5577,6887,0.8097865543778132,3.89962,33.51210745273081,0.9550713502624579,0.9875886490269045,0.9893611506147665,0.9776589596405783
chat_preview,ui_text,chat_ui,1200,800,512,341,80,64,32,4,6887,6887,1.0,4.85992,34.654986145233806,0.9633117067181871,0.9893210170687663,0.9911632780213302,0.98263684398443
chat_preview,ui_text,chat_ui,1200,800,512,341,80,64,64,0,2170,10249,0.21172797346082545,3.462,28.302381942682505,0.8534418420114536,0.9040895958889547,0.9038062733267465,0.8686914116165726
chat_preview,ui_text,chat_ui,1200,800,512,341,80,64,64,1,4199,10249,0.40969850717143136,3.63342,30.68040490882766,0.9180266702197272,0.9640771978947869,0.9646578929233812,0.943410221360146
chat_preview,ui_text,chat_ui,1200,800,512,341,80,64,64,2,7197,10249,0.7022148502292906,4.26454,34.183479861936725,0.964969248657439,0.9928681267944603,0.9939835123027273,0.9829121995368011
chat_preview,ui_text,chat_ui,1200,800,512,341,80,64,64,3,10249,10249,1.0,4.70846,38.44761296087222,0.9842033885289437,0.996195507326163,0.9974526304572878,0.9930239826418875
chat_preview,ui_text,chat_ui,1200,800,512,341,81,64,32,0,1813,7117,0.25474216664324856,3.50762,25.653842959590555,0.8181130031332731,0.791751697781323,0.7903522823672057,0.6430451141321895
chat_preview,ui_text,chat_ui,1200,800,512,341,81,64,32,1,2650,7117,0.37234789939581286,3.48792,28.291180174427755,0.851904015925446,0.9033370308429864,0.9032212680782187,0.8685941523435496
chat_preview,ui_text,chat_ui,1200,800,512,341,81,64,32,2,4013,7117,0.5638611774624139,3.70517,30.575292603594484,0.9132922251180315,0.9602148647228071,0.9612124671083732,0.940892683139239
chat_preview,ui_text,chat_ui,1200,800,512,341,81,64,32,3,5726,7117,0.8045524799775187,4.12521,33.562904624319316,0.9558311704594783,0.9878733676732406,0.9895893574501743,0.9780105229277969
chat_preview,ui_text,chat_ui,1200,800,512,341,81,64,32,4,7117,7117,1.0,5.09775,34.829719499764906,0.9647946366640606,0.9897481071373061,0.9915282439989913,0.9833705800229215
chat_preview,ui_text,chat_ui,1200,800,512,341,81,64,64,0,2170,10383,0.20899547336993163,3.52875,28.302381942682505,0.8534418420114536,0.9040895958889547,0.9038062733267465,0.8686914116165726
chat_preview,ui_text,chat_ui,1200,800,512,341,81,64,64,1,4203,10383,0.4047963016469229,3.71037,30.680019991373108,0.9180323566146423,0.9640738405803247,0.964658049641388,0.9434055830721825
chat_preview,ui_text,chat_ui,1200,800,512,341,81,64,64,2,7274,10383,0.7005682365404989,4.06521,34.195514925656084,0.9652640172576641,0.9928661776788349,0.9939554784330829,0.9829626457916943
chat_preview,ui_text,chat_ui,1200,800,512,341,81,64,64,3,10383,10383,1.0,4.54771,38.62832824408775,0.9848580434411115,0.9963401128718545,0.9975655176539052,0.9933042756271653
chat_preview,ui_text,chat_ui,1200,800,512,341,82,64,32,0,1813,7268,0.24944964226747385,3.58546,25.653842959590555,0.8181130031332731,0.791751697781323,0.7903522823672057,0.6430451141321895
chat_preview,ui_text,chat_ui,1200,800,512,341,82,64,32,1,2650,7268,0.36461199779856907,3.63704,28.291180174427755,0.851904015925446,0.9033370308429864,0.9032212680782187,0.8685941523435496
chat_preview,ui_text,chat_ui,1200,800,512,341,82,64,32,2,4018,7268,0.5528343423225096,3.68737,30.575164208100816,0.9133424801944874,0.9602328067749037,0.9612272422783269,0.9408865275406479
chat_preview,ui_text,chat_ui,1200,800,512,341,82,64,32,3,5809,7268,0.7992570170610898,4.13325,33.59689778903562,0.9562774978010083,0.9883428258521948,0.990080701334772,0.9783394304992159
chat_preview,ui_text,chat_ui,1200,800,512,341,82,64,32,4,7268,7268,1.0,4.62267,35.02084690568695,0.9659393886045189,0.9902839114787708,0.992094700546805,0.9840771571480534
chat_preview,ui_text,chat_ui,1200,800,512,341,82,64,64,0,2170,10507,0.20652898067954698,3.39396,28.302381942682505,0.8534418420114536,0.9040895958889547,0.9038062733267465,0.8686914116165726
chat_preview,ui_text,chat_ui,1200,800,512,341,82,64,64,1,4203,10507,0.4000190349290949,3.97529,30.680019991373108,0.9180323566146423,0.9640738405803247,0.964658049641388,0.9434055830721825
chat_preview,ui_text,chat_ui,1200,800,512,341,82,64,64,2,7282,10507,0.693061768344913,4.06692,34.19128864949341,0.965221931777905,0.9928590326425463,0.9939556789771535,0.9829380714985101
chat_preview,ui_text,chat_ui,1200,800,512,341,82,64,64,3,10507,10507,1.0,4.68833,38.734719302109156,0.9851610386180573,0.9963858164993956,0.9976240829787226,0.9933869905657777
chat_preview,ui_text,chat_ui,1200,800,512,341,83,64,32,0,1880,7511,0.25029956064438824,3.6615,25.641264340864996,0.8181199715620694,0.7921775445641698,0.7909408905289189,0.6451952122074375
chat_preview,ui_text,chat_ui,1200,800,512,341,83,64,32,1,2751,7511,0.3662628145386766,3.57187,28.253737589756046,0.8526142938896449,0.9033190576682456,0.9031802933718887,0.868228429702561
chat_preview,ui_text,chat_ui,1200,800,512,341,83,64,32,2,4146,7511,0.5519904140593795,3.746,30.531817103370123,0.9138081931483687,0.9610317093851267,0.9619798210748239,0.941127006911328
chat_preview,ui_text,chat_ui,1200,800,512,341,83,64,32,3,5960,7511,0.7935028624683798,4.45721,33.53427853611932,0.9572064757794703,0.9893546414821675,0.991020716893269,0.9787511280084528
chat_preview,ui_text,chat_ui,1200,800,512,341,83,64,32,4,7511,7511,1.0,5.47417,35.04834755371778,0.9674561120259266,0.9915072719583499,0.9932607171251223,0.9848709576905242
chat_preview,ui_text,chat_ui,1200,800,512,341,83,64,64,0,2399,10906,0.21997065835320007,3.53592,28.28069962863678,0.8537009941971295,0.9045214179582386,0.9042093788485673,0.8692741180937321
chat_preview,ui_text,chat_ui,1200,800,512,341,83,64,64,1,4529,10906,0.41527599486521183,3.76304,30.632070517882063,0.9182008469063841,0.9641782479173598,0.9647736700972311,0.9433666703114545
chat_preview,ui_text,chat_ui,1200,800,512,341,83,64,64,2,7662,10906,0.7025490555657437,4.52079,34.09027324574997,0.9657707174584017,0.9932942456320041,0.9943737640635991,0.9828885050656047
chat_preview,ui_text,chat_ui,1200,800,512,341,83,64,64,3,10906,10906,1.0,4.5785,38.529294574431,0.9860505335469746,0.9969281255597752,0.998140738256248,0.9934770083018808
chat_preview,ui_text,chat_ui,1200,800,512,341,84,64,32,0,1880,7759,0.24229926536924862,3.62062,25.641264340864996,0.8181199715620694,0.7921775445641698,0.7909408905289189,0.6451952122074375
chat_preview,ui_text,chat_ui,1200,800,512,341,84,64,32,1,2753,7759,0.3548137646603944,3.42379,28.257013449673,0.8525568881299203,0.9033387572052307,0.9031613002373758,0.8684334905667931
chat_preview,ui_text,chat_ui,1200,800,512,341,84,64,32,2,4216,7759,0.5433689908493362,3.62321,30.5521091330032,0.9148063016815365,0.9620585509991351,0.9630209252582124,0.9418973985866472
chat_preview,ui_text,chat_ui,1200,800,512,341,84,64,32,3,6110,7759,0.787472612450058,4.03729,33.60731041109545,0.9582337671920662,0.9897744190969652,0.9913684401955942,0.9793701603955324
chat_preview,ui_text,chat_ui,1200,800,512,341,84,64,32,4,7759,7759,1.0,4.65208,35.26804630883146,0.969088618352756,0.9919387016518232,0.9936379921486734,0.985720650443901
chat_preview,ui_text,chat_ui,1200,800,512,341,84,64,64,0,2399,11245,0.21333926189417518,4.27096,28.28069962863678,0.8537009941971295,0.9045214179582386,0.9042093788485673,0.8692741180937321
chat_preview,ui_text,chat_ui,1200,800,512,341,84,64,64,1,4532,11245,0.40302356602934636,4.36692,30.632319194763042,0.9182111323421998,0.9641842081976542,0.9647745078900225,0.9433847175450375
chat_preview,ui_text,chat_ui,1200,800,512,341,84,64,64,2,7852,11245,0.6982658959537572,5.62508,34.10810342092461,0.9660353379944274,0.9933783647648857,0.9944551757369468,0.9830127707874116
chat_preview,ui_text,chat_ui,1200,800,512,341,84,64,64,3,11245,11245,1.0,5.29033,38.66363467874055,0.986481971336751,0.996968930624106,0.9981772873798581,0.9936225479030241
chat_preview,ui_text,chat_ui,1200,800,512,341,85,64,32,0,1880,7956,0.23629964806435394,3.72433,25.641264340864996,0.8181199715620694,0.7921775445641698,0.7909408905289189,0.6451952122074375
chat_preview,ui_text,chat_ui,1200,800,512,341,85,64,32,1,2770,7956,0.3481649069884364,3.74787,28.259245702303517,0.8525664972313663,0.9033164637592727,0.9030831054333922,0.8685172985889817
chat_preview,ui_text,chat_ui,1200,800,512,341,85,64,32,2,4264,7956,0.5359477124183006,3.84737,30.559693292463216,0.9150270393141892,0.9621585948921075,0.9630244427274522,0.9421375086291789
chat_preview,ui_text,chat_ui,1200,800,512,341,85,64,32,3,6209,7956,0.7804172951231775,5.03517,33.653683890131504,0.9586811263371953,0.9899689294796689,0.9914129540790065,0.9797002268745816
chat_preview,ui_text,chat_ui,1200,800,512,341,85,64,32,4,7956,7956,1.0,4.61692,35.46341266400222,0.9702111439249738,0.9923821013740414,0.9939323536043917,0.9864966581915138
chat_preview,ui_text,chat_ui,1200,800,512,341,85,64,64,0,2399,11411,0.21023573744632373,4.42662,28.28069962863678,0.8537009941971295,0.9045214179582386,0.9042093788485673,0.8692741180937321
chat_preview,ui_text,chat_ui,1200,800,512,341,85,64,64,1,4563,11411,0.39987731136622556,3.59821,30.635733230103316,0.9183416671963718,0.9642147463261015,0.9647696042028631,0.9434274361597632
chat_preview,ui_text,chat_ui,1200,800,512,341,85,64,64,2,7946,11411,0.6963456314082902,4.11767,34.12983332922975,0.9662427129931794,0.9934512078698328,0.994486300415212,0.9831550132855965
chat_preview,ui_text,chat_ui,1200,800,512,341,85,64,64,3,11411,11411,1.0,4.71954,38.819888773985454,0.9869746836007792,0.9970937999866548,0.9982504013058405,0.9938745712941605
chat_preview,ui_text,chat_ui,1200,800,512,341,86,64,32,0,1880,8237,0.22823843632390434,3.544,25.641264340864996,0.8181199715620694,0.7921775445641698,0.7909408905289189,0.6451952122074375
chat_preview,ui_text,chat_ui,1200,800,512,341,86,64,32,1,2773,8237,0.33665169357775887,3.97096,28.25840625300473,0.852507641622514,0.903287289821546,0.9030670812877769,0.8684595218827065
chat_preview,ui_text,chat_ui,1200,800,512,341,86,64,32,2,4287,8237,0.5204564768726478,4.60121,30.559663411581294,0.9150127700334929,0.9618494798057942,0.9627108269206647,0.9419180733007407
chat_preview,ui_text,chat_ui,1200,800,512,341,86,64,32,3,6323,8237,0.7676338472744931,4.39308,33.69566815067684,0.9596089777952415,0.9904288663319495,0.9918926230127125,0.9801297623174251
chat_preview,ui_text,chat_ui,1200,800,512,341,86,64,32,4,8237,8237,1.0,4.79825,35.730415559515535,0.9721883547362191,0.9928483224086548,0.9944286006926429,0.9873622428884489
chat_preview,ui_text,chat_ui,1200,800,512,341,86,64,64,0,2399,11641,0.20608195172236063,3.39075,28.28069962863678,0.8537009941971295,0.9045214179582386,0.9042093788485673,0.8692741180937321
chat_preview,ui_text,chat_ui,1200,800,512,341,86,64,64,1,4567,11641,0.392320247401426,3.6725,30.635958054182453,0.9183539337635079,0.964223985121416,0.9647744381957378,0.943434426490748
chat_preview,ui_text,chat_ui,1200,800,512,341,86,64,64,2,8025,11641,0.6893737651404519,4.2665,34.13700268125915,0.9663748602921091,0.9934825321857077,0.9945119107734801,0.9831563256315835
chat_preview,ui_text,chat_ui,1200,800,512,341,86,64,64,3,11641,11641,1.0,5.14283,38.91400995371501,0.9874196538236321,0.9972213516769912,0.9983924781130653,0.9940347611960684
chat_preview,ui_text,chat_ui,1200,800,512,341,87,64,32,0,1899,8460,0.22446808510638297,3.71137,25.646273972714205,0.8182634133138399,0.7922240543079934,0.790778216618902,0.6450356250682306
chat_preview,ui_text,chat_ui,1200,800,512,341,87,64,32,1,2798,8460,0.33073286052009454,3.519,28.26848549102584,0.8530283084746667,0.9037322440694339,0.903432155458553,0.8687835629004466
chat_preview,ui_text,chat_ui,1200,800,512,341,87,64,32,2,4335,8460,0.5124113475177305,3.61521,30.579188051955978,0.9153581829919798,0.962103421110326,0.9628682593079927,0.9422802179494977
chat_preview,ui_text,chat_ui,1200,800,512,341,87,64,32,3,6448,8460,0.7621749408983451,4.031,33.77218040642549,0.9603111084706257,0.9906828957388956,0.9920055825539547,0.9807347808245837
chat_preview,ui_text,chat_ui,1200,800,512,341,87,64,32,4,8460,8460,1.0,5.25367,35.99407428939824,0.9734009003312005,0.9932534572975104,0.9947215587346204,0.9883170963975906
chat_preview,ui_text,chat_ui,1200,800,512,341,87,64,64,0,2428,11820,0.205414551607445,3.601,28.28849747800499,0.8538864038755393,0.9046610406357957,0.9041798912341248,0.8695336640518905
chat_preview,ui_text,chat_ui,1200,800,512,341,87,64,64,1,4619,11820,0.39077834179357024,3.698,30.6466551400261,0.9184681585014286,0.9642546030232055,0.96473092797803,0.9436882659870357
chat_preview,ui_text,chat_ui,1200,800,512,341,87,64,64,2,8130,11820,0.6878172588832487,4.875,34.17800837093675,0.9665871319649723,0.9936030756665609,0.9945450796136581,0.98359752368823
chat_preview,ui_text,chat_ui,1200,800,512,341,87,64,64,3,11820,11820,1.0,5.86225,39.124751041441684,0.9878476984642965,0.9973792363041549,0.9984668701382899,0.9945716670243745
chat_preview,ui_text,chat_ui,1200,800,512,341,88,64,32,0,1899,8674,0.21893013603873646,3.85075,25.646273972714205,0.8182634133138399,0.7922240543079934,0.790778216618902,0.6450356250682306
chat_preview,ui_text,chat_ui,1200,800,512,341,88,64,32,1,2797,8674,0.32245792022135117,3.94912,28.26830867224937,0.8530464468626452,0.9037151494348569,0.9033887908512896,0.8687283714933296
chat_preview,ui_text,chat_ui,1200,800,512,341,88,64,32,2,4359,8674,0.5025363154254092,3.80308,30.57888543132925,0.9152908221512611,0.9619801292778538,0.9627225489292016,0.9422326183057445
chat_preview,ui_text,chat_ui,1200,800,512,341,88,64,32,3,6565,8674,0.7568595803550842,4.287,33.81080604995625,0.9604857884855763,0.990704045166205,0.9920333271981575,0.9809547561897681
chat_preview,ui_text,chat_ui,1200,800,512,341,88,64,32,4,8674,8674,1.0,4.46104,36.21830762838225,0.974342307394505,0.9933489730262988,0.9948138801019749,0.9888536310198045
chat_preview,ui_text,chat_ui,1200,800,512,341,88,64,64,0,2428,12090,0.20082712985938792,3.57879,28.28849747800499,0.8538864038755393,0.9046610406357957,0.9041798912341248,0.8695336640518905
chat_preview,ui_text,chat_ui,1200,800,512,341,88,64,64,1,4623,12090,0.38238213399503723,3.68854,30.64586436894227,0.918468663941988,0.9642602325847895,0.9647321043037216,0.9436896291507787
chat_preview,ui_text,chat_ui,1200,800,512,341,88,64,64,2,8188,12090,0.6772539288668321,4.09258,34.183483871414296,0.9666626032150437,0.9936637343644946,0.9945911403685672,0.9836779270310914
chat_preview,ui_text,chat_ui,1200,800,512,341,88,64,64,3,12090,12090,1.0,4.93708,39.22757904923921,0.9880625703093656,0.997402076372374,0.9984812055191168,0.9947054450102282
chat_preview,ui_text,chat_ui,1200,800,512,341,89,64,32,0,1899,9034,0.21020588886429045,4.76562,25.646273972714205,0.8182634133138399,0.7922240543079934,0.790778216618902,0.6450356250682306
chat_preview,ui_text,chat_ui,1200,800,512,341,89,64,32,1,2888,9034,0.31968120433916314,3.89883,28.266754243539133,0.85244035733482,0.9039773353462949,0.9038388856722758,0.8694378579485569
chat_preview,ui_text,chat_ui,1200,800,512,341,89,64,32,2,4581,9034,0.5070843480185964,4.36562,30.566688607741415,0.9160949814172797,0.962954935440762,0.9637022013924501,0.9427536039393346
chat_preview,ui_text,chat_ui,1200,800,512,341,89,64,32,3,6830,9034,0.7560327651095861,5.13946,33.76267015766778,0.9609827928757064,0.9905561703173156,0.9918622927008507,0.980876461040161
chat_preview,ui_text,chat_ui,1200,800,512,341,89,64,32,4,9034,9034,1.0,4.56492,36.28145225190953,0.9756084981175354,0.9933214492530421,0.9947721598557423,0.9890878102240251
chat_preview,ui_text,chat_ui,1200,800,512,341,89,64,64,0,2428,12645,0.19201265322261762,3.90292,28.28849747800499,0.8538864038755393,0.9046610406357957,0.9041798912341248,0.8695336640518905
chat_preview,ui_text,chat_ui,1200,800,512,341,89,64,64,1,4809,12645,0.38030842230130485,3.96283,30.63697189996724,0.9183644284174007,0.9645721123511892,0.9650657340216484,0.943855549895159
chat_preview,ui_text,chat_ui,1200,800,512,341,89,64,64,2,8681,12645,0.6865164096480822,4.54321,34.15029756239875,0.9667522184822749,0.9936407416499661,0.9946037270620931,0.983754240470944
chat_preview,ui_text,chat_ui,1200,800,512,341,89,64,64,3,12645,12645,1.0,5.22171,39.12889863712833,0.98807280757741,0.997221971974885,0.9983348772336782,0.9946486653441861
chat_preview,ui_text,chat_ui,1200,800,512,341,90,64,32,0,1899,9214,0.20609941393531583,4.44537,25.646273972714205,0.8182634133138399,0.7922240543079934,0.790778216618902,0.6450356250682306
chat_preview,ui_text,chat_ui,1200,800,512,341,90,64,32,1,2930,9214,0.31799435641415236,3.94012,28.271678282567578,0.8524300430533233,0.9038570708055245,0.9037664758627955,0.8697650698134906
chat_preview,ui_text,chat_ui,1200,800,512,341,90,64,32,2,4633,9214,0.5028217929238116,4.00471,30.572634484838197,0.9161091446887045,0.9629803121093575,0.9637666839877983,0.9428339598817475
chat_preview,ui_text,chat_ui,1200,800,512,341,90,64,32,3,6911,9214,0.7500542652485348,4.82808,33.78124551401056,0.9611687438613655,0.9906545526239929,0.9920199623757046,0.9809360550580054
chat_preview,ui_text,chat_ui,1200,800,512,341,90,64,32,4,9214,9214,1.0,4.97162,36.575649486273754,0.9769516418457287,0.9936288712092963,0.9951308495674478,0.9896668148011885
chat_preview,ui_text,chat_ui,1200,800,512,341,90,64,64,0,2428,12804,0.18962824117463292,3.74667,28.28849747800499,0.8538864038755393,0.9046610406357957,0.9041798912341248,0.8695336640518905
chat_preview,ui_text,chat_ui,1200,800,512,341,90,64,64,1,4893,12804,0.38214620431115276,4.69621,30.643564937093508,0.9185534035711012,0.9646830176346913,0.9651718624129092,0.9439828136555342
chat_preview,ui_text,chat_ui,1200,800,512,341,90,64,64,2,8798,12804,0.6871290221805686,4.44154,34.163752339902935,0.9669866869497997,0.9937311650411269,0.994661777607288,0.9838164811310085
chat_preview,ui_text,chat_ui,1200,800,512,341,90,64,64,3,12804,12804,1.0,5.43837,39.249425393698026,0.9885757571026336,0.9973541726329843,0.9984261164300732,0.9948008945259561
chat_preview,ui_text,chat_ui,1200,800,512,341,91,64,32,0,1899,9549,0.1988689915174364,3.94008,25.646273972714205,0.8182634133138399,0.7922240543079934,0.790778216618902,0.6450356250682306
chat_preview,ui_text,chat_ui,1200,800,512,341,91,64,32,1,2931,9549,0.30694313540684887,3.98187,28.272128995026353,0.8525082493168302,0.9038961590792544,0.9037626434251147,0.869735051031255
chat_preview,ui_text,chat_ui,1200,800,512,341,91,64,32,2,4722,9549,0.49450204209864906,4.19617,30.588721846905802,0.9165423927435558,0.9630132697624383,0.9637220817847301,0.9430317016323502
chat_preview,ui_text,chat_ui,1200,800,512,341,91,64,32,3,7144,9549,0.7481411666143052,4.48963,33.845583172913,0.9623621526669881,0.9912437562759987,0.992533627646893,0.9814477869637105
chat_preview,ui_text,chat_ui,1200,800,512,341,91,64,32,4,9549,9549,1.0,5.12267,36.86381261027901,0.9788577851367184,0.9942816076615585,0.9957079065138905,0.9904394335972689
chat_preview,ui_text,chat_ui,1200,800,512,341,91,64,64,0,2428,13286,0.18274875809122385,3.84829,28.28849747800499,0.8538864038755393,0.9046610406357957,0.9041798912341248,0.8695336640518905
chat_preview,ui_text,chat_ui,1200,800,512,341,91,64,64,1,4896,13286,0.36850820412464247,4.14792,30.642467792426732,0.9185423559996814,0.9646852741098687,0.96517771079616,0.9439717186206227
chat_preview,ui_text,chat_ui,1200,800,512,341,91,64,64,2,9001,13286,0.677480054192383,4.37571,34.18935035904443,0.9674052379104099,0.9938572971396807,0.9947876057676069,0.983848284119302
chat_preview,ui_text,chat_ui,1200,800,512,341,91,64,64,3,13286,13286,1.0,5.31683,39.44095599544079,0.9892562129246377,0.9975984765118403,0.9986800437762627,0.9950102905132455
chat_preview,ui_text,chat_ui,1200,800,512,341,92,64,32,0,1928,9835,0.19603457041179462,3.9625,25.644401185009464,0.8180462836614725,0.792161177464903,0.7907734670232085,0.6452522794665786
chat_preview,ui_text,chat_ui,1200,800,512,341,92,64,32,1,2973,9835,0.30228774783934925,4.07417,28.269385786538137,0.8523153540051944,0.903741312998842,0.9036643609197275,0.8698086641842675
chat_preview,ui_text,chat_ui,1200,800,512,341,92,64,32,2,4789,9835,0.486934417895272,3.92958,30.58413510705352,0.9165920185496367,0.9629890988853127,0.963687578442501,0.94306559448957
chat_preview,ui_text,chat_ui,1200,800,512,341,92,64,32,3,7309,9835,0.7431621759023894,4.42233,33.87883153118851,0.9627229981171608,0.9912563001033686,0.992479823166417,0.9816769480203189
chat_preview,ui_text,chat_ui,1200,800,512,341,92,64,32,4,9835,9835,1.0,5.07325,37.115266897324595,0.9799840964820589,0.9945172543655151,0.9958593256119828,0.9910401891587519
chat_preview,ui_text,chat_ui,1200,800,512,341,92,64,64,0,2471,13518,0.1827933126202101,4.13946,28.289776908293838,0.853837563525815,0.9046221847913255,0.904238499692954,0.8696942494416842
chat_preview,ui_text,chat_ui,1200,800,512,341,92,64,64,1,4960,13518,0.3669181831631898,4.49937,30.641696704039283,0.9186182934086283,0.9647175734760153,0.9651819986290965,0.944004171169966
chat_preview,ui_text,chat_ui,1200,800,512,341,92,64,64,2,9117,13518,0.6744340878828229,4.63633,34.18445327124776,0.967483884349246,0.9938965010378992,0.9947851778343006,0.9838815664326385
chat_preview,ui_text,chat_ui,1200,800,512,341,92,64,64,3,13518,13518,1.0,5.15946,39.53995679061247,0.9896784742403774,0.9976617520788439,0.9986965949866522,0.9951442260826693
chat_preview,ui_text,chat_ui,1200,800,512,341,93,64,32,0,1928,10162,0.18972643180476284,3.79871,25.644401185009464,0.8180462836614725,0.792161177464903,0.7907734670232085,0.6452522794665786
chat_preview,ui_text,chat_ui,1200,800,512,341,93,64,32,1,2989,10162,0.29413501279275733,4.02187,28.270394753553262,0.8523445270708443,0.9038022879688062,0.9036713243442032,0.8697838083677742
chat_preview,ui_text,chat_ui,1200,800,512,341,93,64,32,2,4834,10162,0.47569376107065536,3.8785,30.587904615618303,0.9166701394204323,0.9629863295743556,0.9636233040270558,0.9431126584221795
chat_preview,ui_text,chat_ui,1200,800,512,341,93,64,32,3,7513,10162,0.7393229679197009,4.40487,33.926592643922525,0.9630483448793968,0.9914075263449457,0.9925679466788205,0.9820289290273618
chat_preview,ui_text,chat_ui,1200,800,512,341,93,64,32,4,10162,10162,1.0,4.95996,37.38025000618307,0.9808852486433146,0.9946377426401357,0.9959246788367608,0.9915263507910496
chat_preview,ui_text,chat_ui,1200,800,512,341,93,64,64,0,2471,13944,0.17720883534136547,3.87012,28.289776908293838,0.853837563525815,0.9046221847913255,0.904238499692954,0.8696942494416842
chat_preview,ui_text,chat_ui,1200,800,512,341,93,64,64,1,5000,13944,0.35857716580608145,4.27925,30.63908539314298,0.918608465752692,0.9646663746567871,0.965131254654765,0.9439564623851925
chat_preview,ui_text,chat_ui,1200,800,512,341,93,64,64,2,9208,13944,0.6603557085484796,4.87279,34.188318318030056,0.9675308165902102,0.9939090669219773,0.9947908220347772,0.9839071347347731
chat_preview,ui_text,chat_ui,1200,800,512,341,93,64,64,3,13944,13944,1.0,5.30783,39.63446183053384,0.9898194941348158,0.9976812026841412,0.9987155781576603,0.9952464994475093
chat_preview,ui_text,chat_ui,1200,800,512,341,94,64,32,0,1928,10625,0.18145882352941176,3.90383,25.644401185009464,0.8180462836614725,0.792161177464903,0.7907734670232085,0.6452522794665786
chat_preview,ui_text,chat_ui,1200,800,512,341,94,64,32,1,2989,10625,0.2813176470588235,3.81429,28.270394753553262,0.8523445270708443,0.9038022879688062,0.9036713243442032,0.8697838083677742
chat_preview,ui_text,chat_ui,1200,800,512,341,94,64,32,2,4973,10625,0.4680470588235294,3.9795,30.60090860023148,0.917050006355158,0.9632645751253833,0.9639480083135985,0.9434051471328558
chat_preview,ui_text,chat_ui,1200,800,512,341,94,64,32,3,7755,10625,0.7298823529411764,4.63392,33.97175907526933,0.9636348021959792,0.9917042369034039,0.9928759693679386,0.9823494861713928
chat_preview,ui_text,chat_ui,1200,800,512,341,94,64,32,4,10625,10625,1.0,5.0755,37.711731471979334,0.982407501570406,0.9951621422314139,0.9964744408905496,0.9922688631740038
chat_preview,ui_text,chat_ui,1200,800,512,341,94,64,64,0,2471,14475,0.17070811744386874,4.15533,28.289776908293838,0.853837563525815,0.9046221847913255,0.904238499692954,0.8696942494416842
chat_preview,ui_text,chat_ui,1200,800,512,341,94,64,64,1,5000,14475,0.3454231433506045,4.00971,30.63908539314298,0.918608465752692,0.9646663746567871,0.965131254654765,0.9439564623851925
chat_preview,ui_text,chat_ui,1200,800,512,341,94,64,64,2,9587,14475,0.662314335060449,4.96767,34.21031717549196,0.9678332904520364,0.9941099720795429,0.9950069776619918,0.9840950639691477
chat_preview,ui_text,chat_ui,1200,800,512,341,94,64,64,3,14475,14475,1.0,5.34017,39.79467240443687,0.9903913468234351,0.9978194947244154,0.9988623663692225,0.995421422647
chat_preview,ui_text,chat_ui,1200,800,512,341,95,64,32,0,2229,18425,0.12097693351424695,5.36537,25.660238436485173,0.8185067648256088,0.7914486404434617,0.7902867195064366,0.6417562259734012
chat_preview,ui_text,chat_ui,1200,800,512,341,95,64,32,1,3465,18425,0.1880597014925373,5.297,28.364714159739872,0.854191331345461,0.9048068377510031,0.9040704516516725,0.8706556328195799
chat_preview,ui_text,chat_ui,1200,800,512,341,95,64,32,2,5871,18425,0.31864314789687925,5.32708,30.831199904682865,0.9197808292394468,0.9645645837802244,0.9645892283308808,0.9453674546862622
chat_preview,ui_text,chat_ui,1200,800,512,341,95,64,32,3,10542,18425,0.572157394843962,6.11279,34.864681957327306,0.9706376281993782,0.9945895267105502,0.9947227438218251,0.9862400920720761
chat_preview,ui_text,chat_ui,1200,800,512,341,95,64,32,4,18425,18425,1.0,7.75683,47.01691176087705,0.9959416346781834,0.9986953642819959,0.998831824837067,0.9987688705417564
chat_preview,ui_text,chat_ui,1200,800,512,341,95,64,64,0,2910,22399,0.12991651413009508,5.23429,28.370107777147506,0.8544024808404577,0.9049127055089095,0.9042024160136919,0.8708154661215097
chat_preview,ui_text,chat_ui,1200,800,512,341,95,64,64,1,5942,22399,0.26527969998660655,5.36712,30.848767371357848,0.9204635019418766,0.9650517460958293,0.9651030162853247,0.9457013030352932
chat_preview,ui_text,chat_ui,1200,800,512,341,95,64,64,2,11710,22399,0.5227911960355373,6.15767,34.94240493999412,0.9719435262010759,0.9953249674669156,0.9954208503140918,0.9867793305143147
chat_preview,ui_text,chat_ui,1200,800,512,341,95,64,64,3,22399,22399,1.0,7.95229,50.90420885860198,0.9980999033521526,0.9994907414209901,0.9995737642508693,0.999503122258724
chat_preview,ui_text,chat_ui,1200,800,512,341,96,64,32,0,2229,19429,0.11472541046888672,5.42879,25.660238436485173,0.8185067648256088,0.7914486404434617,0.7902867195064366,0.6417562259734012
chat_preview,ui_text,chat_ui,1200,800,512,341,96,64,32,1,3503,19429,0.18029749343764476,5.29179,28.36771703526681,0.8544330076984886,0.9048868321129174,0.904176094506816,0.8706665903920858
chat_preview,ui_text,chat_ui,1200,800,512,341,96,64,32,2,6117,19429,0.3148386432652221,5.59071,30.83476687441225,0.9198940558186391,0.9650242910322798,0.9651083538367878,0.9455304015476128
chat_preview,ui_text,chat_ui,1200,800,512,341,96,64,32,3,10873,19429,0.5596273611611509,6.12062,34.86998727737968,0.9706138896505502,0.9946664807890345,0.9948246747703965,0.9862990021139765
chat_preview,ui_text,chat_ui,1200,800,512,341,96,64,32,4,19429,19429,1.0,7.64487,47.36835403234724,0.9959985164489473,0.998713244203539,0.9988718726598848,0.9988320773475448
chat_preview,ui_text,chat_ui,1200,800,512,341,96,64,64,0,2910,23361,0.12456658533453191,5.19667,28.370107777147506,0.8544024808404577,0.9049127055089095,0.9042024160136919,0.8708154661215097
chat_preview,ui_text,chat_ui,1200,800,512,341,96,64,64,1,6039,23361,0.2585077693591884,5.65837,30.852124907823303,0.9206170914393071,0.9651367861147708,0.9651825697081969,0.9457610477299896
chat_preview,ui_text,chat_ui,1200,800,512,341,96,64,64,2,12454,23361,0.5331107401224263,6.11092,34.964021688779056,0.9723829350152275,0.9955658876955216,0.9956321866235196,0.9869641172869767
chat_preview,ui_text,chat_ui,1200,800,512,341,96,64,64,3,23361,23361,1.0,7.92217,51.47894050551035,0.9984724673656755,0.9996260298675014,0.9996784919337524,0.9995939833845865
chat_preview,ui_text,chat_ui,1200,800,512,341,97,64,32,0,2229,20160,0.11056547619047619,5.31029,25.660238436485173,0.8185067648256088,0.7914486404434617,0.7902867195064366,0.6417562259734012
chat_preview,ui_text,chat_ui,1200,800,512,341,97,64,32,1,3503,20160,0.17375992063492063,4.99942,28.36771703526681,0.8544330076984886,0.9048868321129174,0.904176094506816,0.8706665903920858
chat_preview,ui_text,chat_ui,1200,800,512,341,97,64,32,2,6117,20160,0.303422619047619,5.21783,30.83476687441225,0.9198940558186391,0.9650242910322798,0.9651083538367878,0.9455304015476128
chat_preview,ui_text,chat_ui,1200,800,512,341,97,64,32,3,11267,20160,0.5588789682539682,5.72267,34.896422534148485,0.9710213164730038,0.9948786482386875,0.9950323255018702,0.986506494507075
chat_preview,ui_text,chat_ui,1200,800,512,341,97,64,32,4,20160,20160,1.0,7.28917,48.22210191680226,0.9966092504716904,0.9988683719945756,0.9990139250833453,0.9990083734064304
chat_preview,ui_text,chat_ui,1200,800,512,341,97,64,64,0,2910,24433,0.11910121556910735,5.16692,28.370107777147506,0.8544024808404577,0.9049127055089095,0.9042024160136919,0.8708154661215097
chat_preview,ui_text,chat_ui,1200,800,512,341,97,64,64,1,6039,24433,0.24716571849547742,4.99654,30.852124907823303,0.9206170914393071,0.9651367861147708,0.9651825697081969,0.9457610477299896
chat_preview,ui_text,chat_ui,1200,800,512,341,97,64,64,2,12454,24433,0.5097204600335612,5.52325,34.964021688779056,0.9723829350152275,0.9955658876955216,0.9956321866235196,0.9869641172869767
chat_preview,ui_text,chat_ui,1200,800,512,341,97,64,64,3,24433,24433,1.0,8.31833,52.02327959379935,0.9985470273122182,0.9996665161466917,0.9997205473708916,0.9996347132538653
chat_preview,ui_text,chat_ui,1200,800,512,341,98,64,32,0,2229,20949,0.106401260203351,4.98637,25.660238436485173,0.8185067648256088,0.7914486404434617,0.7902867195064366,0.6417562259734012
chat_preview,ui_text,chat_ui,1200,800,512,341,98,64,32,1,3575,20949,0.17065253711394338,5.17696,28.367272315906902,0.8541872695397988,0.9046303699021928,0.9040436589287705,0.8706940024055548
chat_preview,ui_text,chat_ui,1200,800,512,341,98,64,32,2,6352,20949,0.30321256384552964,5.6385,30.830533980927385,0.9198964077766575,0.9648156453802957,0.9648537964630259,0.945490402675522
chat_preview,ui_text,chat_ui,1200,800,512,341,98,64,32,3,11715,20949,0.559215237004153,5.52604,34.89065189754681,0.9710278965051092,0.994715785975134,0.9948760386081078,0.986439211215545
chat_preview,ui_text,chat_ui,1200,800,512,341,98,64,32,4,20949,20949,1.0,7.16933,48.11582993429951,0.9966514915189091,0.9987471707759354,0.9989073148348396,0.998929291424381
chat_preview,ui_text,chat_ui,1200,800,512,341,98,64,64,0,2910,25631,0.11353439194725137,4.9545,28.370107777147506,0.8544024808404577,0.9049127055089095,0.9042024160136919,0.8708154661215097
chat_preview,ui_text,chat_ui,1200,800,512,341,98,64,64,1,6188,25631,0.24142639772150912,5.0895,30.849068308418687,0.920616342265174,0.9650687965439385,0.965150504131022,0.9456959775321591
chat_preview,ui_text,chat_ui,1200,800,512,341,98,64,64,2,13045,25631,0.5089540010143966,5.6765,34.959262987471156,0.9723297007712116,0.9954686065355234,0.9955820190443467,0.986904449393595
chat_preview,ui_text,chat_ui,1200,800,512,341,98,64,64,3,25631,25631,1.0,8.19467,51.75563472414979,0.998445949992726,0.99957633347885,0.9996767663507122,0.9995771941499004
chat_preview,ui_text,chat_ui,1200,800,512,341,99,64,32,0,2229,22083,0.100937372639587,5.52246,25.660238436485173,0.8185067648256088,0.7914486404434617,0.7902867195064366,0.6417562259734012
chat_preview,ui_text,chat_ui,1200,800,512,341,99,64,32,1,3605,22083,0.1632477471358058,5.65238,28.36739113093519,0.8541723736343778,0.9046121720078416,0.9039733842473758,0.8707113300270247
chat_preview,ui_text,chat_ui,1200,800,512,341,99,64,32,2,6418,22083,0.2906308019743694,5.94612,30.832241532047036,0.9198992721066724,0.9648303566101822,0.9648743919566544,0.9455303759106478
chat_preview,ui_text,chat_ui,1200,800,512,341,99,64,32,3,11973,22083,0.5421817687814156,6.43142,34.88506641688352,0.9711829449128572,0.9947104696635015,0.994869544036535,0.9863529727858862
chat_preview,ui_text,chat_ui,1200,800,512,341,99,64,32,4,22083,22083,1.0,8.01271,48.526100265216016,0.9970685695715096,0.998839207119174,0.9989941889238321,0.9989750439059802
chat_preview,ui_text,chat_ui,1200,800,512,341,99,64,64,0,2910,26475,0.10991501416430595,5.23588,28.370107777147506,0.8544024808404577,0.9049127055089095,0.9042024160136919,0.8708154661215097
chat_preview,ui_text,chat_ui,1200,800,512,341,99,64,64,1,6282,26475,0.23728045325779037,5.67475,30.848126651090674,0.9205974573743365,0.9650513613191848,0.9651270522991016,0.9456687885151506
chat_preview,ui_text,chat_ui,1200,800,512,341,99,64,64,2,13246,26475,0.5003210576015109,6.40117,34.95859272778696,0.972309305920994,0.995457848354841,0.9955741225025693,0.9868936866735155
chat_preview,ui_text,chat_ui,1200,800,512,341,99,64,64,3,26475,26475,1.0,7.91954,52.337680704600764,0.9987193605788506,0.9995997312783623,0.9997022229038757,0.99959373725411
chat_preview,ui_text,chat_ui,1200,800,512,341,100,64,32,0,2229,41206,0.05409406397126632,6.20512,25.660238436485173,0.8185067648256088,0.7914486404434617,0.7902867195064366,0.6417562259734012
chat_preview,ui_text,chat_ui,1200,800,512,341,100,64,32,1,3673,41206,0.08913750424695432,5.30733,28.370107777147506,0.8544024808404577,0.9049127055089095,0.9042024160136919,0.8708154661215097
chat_preview,ui_text,chat_ui,1200,800,512,341,100,64,32,2,7190,41206,0.17448915206523322,5.50329,30.85419115706649,0.9208954187379074,0.9652666407989976,0.9652305553657962,0.9458031103163609
chat_preview,ui_text,chat_ui,1200,800,512,341,100,64,32,3,16227,41206,0.393801873513566,6.07467,34.98801757732204,0.972843226824787,0.99569429785082,0.9957106261530831,0.9870633217998637
chat_preview,ui_text,chat_ui,1200,800,512,341,100,64,32,4,41206,41206,1.0,8.62842,99.0,1.0,1.0,0.9999999999975234,1.0
chat_preview,ui_text,chat_ui,1200,800,512,341,100,64,64,0,2910,40443,0.07195311920480676,5.29237,28.370107777147506,0.8544024808404577,0.9049127055089095,0.9042024160136919,0.8708154661215097
chat_preview,ui_text,chat_ui,1200,800,512,341,100,64,64,1,6427,40443,0.15891501619563336,5.66763,30.85419115706649,0.9208954187379074,0.9652666407989976,0.9652305553657962,0.9458031103163609
chat_preview,ui_text,chat_ui,1200,800,512,341,100,64,64,2,15464,40443,0.38236530425537174,6.36083,34.98801757732204,0.972843226824787,0.99569429785082,0.9957106261530831,0.9870633217998637
chat_preview,ui_text,chat_ui,1200,800,512,341,100,64,64,3,40443,40443,1.0,9.14575,99.0,1.0,1.0,0.9999999999975234,1.0
chat_preview,ui_text,meme_card,1200,800,512,341,1,64,32,0,1402,2120,0.6613207547169812,3.79167,22.16175482816121,0.7574419555290706,0.8906903792331632,0.8998455984788242,0.9611277601757996
chat_preview,ui_text,meme_card,1200,800,512,341,1,64,32,1,1721,2120,0.8117924528301886,3.99796,25.207993519498324,0.8454159987219775,0.9352639285675549,0.9441267408603685,0.9841996129558525
chat_preview,ui_text,meme_card,1200,800,512,341,1,64,32,2,1997,2120,0.9419811320754717,4.01158,28.719496114911642,0.9022003993926896,0.9583043416534881,0.9732528920736309,0.9942185869799269
chat_preview,ui_text,meme_card,1200,800,512,341,1,64,32,3,2120,2120,1.0,4.11467,29.592007865757928,0.9054195178286516,0.957630246979162,0.9739754220142581,0.994918791164827
chat_preview,ui_text,meme_card,1200,800,512,341,1,64,32,4,2120,2120,1.0,4.03925,29.592007865757928,0.9054195178286516,0.957630246979162,0.9739754220142581,0.994918791164827
chat_preview,ui_text,meme_card,1200,800,512,341,1,64,64,0,1920,3170,0.6056782334384858,4.21242,25.29534296482325,0.838443019727385,0.9331407069808332,0.9435014420984875,0.9846819798063163
chat_preview,ui_text,meme_card,1200,800,512,341,1,64,64,1,2421,3170,0.7637223974763407,4.12217,29.502471973568074,0.9090308926622224,0.9627217639740668,0.9763176304909752,0.9956349563597638
chat_preview,ui_text,meme_card,1200,800,512,341,1,64,64,2,2734,3170,0.8624605678233438,3.99179,31.221456195193575,0.9194112411537261,0.9641972411518257,0.9793399524855931,0.9970723661311883
chat_preview,ui_text,meme_card,1200,800,512,341,1,64,64,3,3170,3170,1.0,4.92096,32.50852153043078,0.9247101910334351,0.9656490957160476,0.9809129153604983,0.9976577578732077
chat_preview,ui_text,meme_card,1200,800,512,341,2,64,32,0,1402,2120,0.6613207547169812,3.85492,22.16175482816121,0.7574419555290706,0.8906903792331632,0.8998455984788242,0.9611277601757996
chat_preview,ui_text,meme_card,1200,800,512,341,2,64,32,1,1721,2120,0.8117924528301886,3.95246,25.207993519498324,0.8454159987219775,0.9352639285675549,0.9441267408603685,0.9841996129558525
chat_preview,ui_text,meme_card,1200,800,512,341,2,64,32,2,1997,2120,0.9419811320754717,3.90304,28.72392802051147,0.9022678388055412,0.9583321796578606,0.9732596285112788,0.9942260955427643
chat_preview,ui_text,meme_card,1200,800,512,341,2,64,32,3,2120,2120,1.0,4.74758,29.593548294539108,0.905475995004189,0.9576461678327964,0.9739754824570676,0.9949214211055332
chat_preview,ui_text,meme_card,1200,800,512,341,2,64,32,4,2120,2120,1.0,4.01933,29.593548294539108,0.905475995004189,0.9576461678327964,0.9739754824570676,0.9949214211055332
chat_preview,ui_text,meme_card,1200,800,512,341,2,64,64,0,1920,3170,0.6056782334384858,4.07733,25.29534296482325,0.838443019727385,0.9331407069808332,0.9435014420984875,0.9846819798063163
chat_preview,ui_text,meme_card,1200,800,512,341,2,64,64,1,2421,3170,0.7637223974763407,3.93283,29.502471973568074,0.9090308926622224,0.9627217639740668,0.9763176304909752,0.9956349563597638
chat_preview,ui_text,meme_card,1200,800,512,341,2,64,64,2,2734,3170,0.8624605678233438,4.12942,31.22175977105153,0.9194112461044354,0.964198414747769,0.9793395855498572,0.9970726449861159
chat_preview,ui_text,meme_card,1200,800,512,341,2,64,64,3,3170,3170,1.0,4.89958,32.50925999692045,0.924712833798782,0.9656500178907769,0.9809130453917889,0.9976580329684515
chat_preview,ui_text,meme_card,1200,800,512,341,3,64,32,0,1402,2134,0.6569821930646673,3.82012,22.16175482816121,0.7574419555290706,0.8906903792331632,0.8998455984788242,0.9611277601757996
chat_preview,ui_text,meme_card,1200,800,512,341,3,64,32,1,1724,2134,0.8078725398313027,3.90567,25.216482114068114,0.8453856373600251,0.9352514565105802,0.9440571155420561,0.9842330122680866
chat_preview,ui_text,meme_card,1200,800,512,341,3,64,32,2,2010,2134,0.9418931583880038,3.69833,28.760310690710433,0.9016509192597667,0.9581674353706133,0.9727502042139043,0.9942530812500537
chat_preview,ui_text,meme_card,1200,800,512,341,3,64,32,3,2134,2134,1.0,4.10758,29.657738024865708,0.9056528928897803,0.9574248756946141,0.9733175642917801,0.9949286643321192
chat_preview,ui_text,meme_card,1200,800,512,341,3,64,32,4,2134,2134,1.0,3.97521,29.657738024865708,0.9056528928897803,0.9574248756946141,0.9733175642917801,0.9949286643321192
chat_preview,ui_text,meme_card,1200,800,512,341,3,64,64,0,1920,3180,0.6037735849056604,3.69071,25.29534296482325,0.838443019727385,0.9331407069808332,0.9435014420984875,0.9846819798063163
chat_preview,ui_text,meme_card,1200,800,512,341,3,64,64,1,2424,3180,0.7622641509433963,4.0685,29.506003592093172,0.9089685422835986,0.9626988700630074,0.9762780627574684,0.9956370529457551
chat_preview,ui_text,meme_card,1200,800,512,341,3,64,64,2,2736,3180,0.8603773584905661,4.25842,31.24940960460644,0.9193937549129387,0.9641339457639536,0.9793384739218974,0.9970914097138963
chat_preview,ui_text,meme_card,1200,800,512,341,3,64,64,3,3180,3180,1.0,4.47529,32.58832420620046,0.9248198334072443,0.9656202478394165,0.9809286390540215,0.997690566636066
chat_preview,ui_text,meme_card,1200,800,512,341,4,64,32,0,1442,2204,0.6542649727767695,3.87333,22.16175482816121,0.7574419555290706,0.8906903792331632,0.8998455984788242,0.9611277601757996
chat_preview,ui_text,meme_card,1200,800,512,341,4,64,32,1,1766,2204,0.8012704174228675,3.77479,25.21595912142835,0.8453720033755682,0.9352500037656647,0.9440641884788933,0.9842309780550158
chat_preview,ui_text,meme_card,1200,800,512,341,4,64,32,2,2052,2204,0.9310344827586207,3.82358,28.759495855508064,0.9018222650214872,0.9582022114857658,0.9727537540452225,0.9942530994311688
chat_preview,ui_text,meme_card,1200,800,512,341,4,64,32,3,2176,2204,0.9872958257713249,3.88162,29.679803664077976,0.9058036808055924,0.9574981389317282,0.9733426050446674,0.9949524855475824
chat_preview,ui_text,meme_card,1200,800,512,341,4,64,32,4,2204,2204,1.0,4.59808,29.681899093850003,0.9058696636924869,0.9575168157532756,0.9733587792912163,0.9949548599950133
chat_preview,ui_text,meme_card,1200,800,512,341,4,64,64,0,1920,3182,0.6033940917661847,3.67475,25.29534296482325,0.838443019727385,0.9331407069808332,0.9435014420984875,0.9846819798063163
chat_preview,ui_text,meme_card,1200,800,512,341,4,64,64,1,2424,3182,0.7617850408548082,4.19017,29.505977530984076,0.9089685653043632,0.9626988848289931,0.9762780677010969,0.9956369968985938
chat_preview,ui_text,meme_card,1200,800,512,341,4,64,64,2,2738,3182,0.8604651162790697,4.22854,31.248569618369807,0.9193772867404189,0.9641359794154929,0.9793398960153877,0.9970913795278623
chat_preview,ui_text,meme_card,1200,800,512,341,4,64,64,3,3182,3182,1.0,4.45662,32.61859131748323,0.9248193873487013,0.965638542264676,0.9809397769214119,0.9976993182971678
chat_preview,ui_text,meme_card,1200,800,512,341,5,64,32,0,1442,2214,0.6513098464317977,3.78733,22.16175482816121,0.7574419555290706,0.8906903792331632,0.8998455984788242,0.9611277601757996
chat_preview,ui_text,meme_card,1200,800,512,341,5,64,32,1,1773,2214,0.8008130081300813,3.97737,25.22122502241748,0.8458449772161317,0.9358786364608328,0.9448697796241228,0.9842833832156319
chat_preview,ui_text,meme_card,1200,800,512,341,5,64,32,2,2062,2214,0.931345980126468,4.06917,28.764212363426562,0.9024725741327146,0.9586445281520888,0.9736487269237651,0.9942745965282777
chat_preview,ui_text,meme_card,1200,800,512,341,5,64,32,3,2186,2214,0.987353206865402,4.55046,29.71264021911392,0.9060809679264837,0.9579199827785524,0.9741911505665973,0.9950113250375817
chat_preview,ui_text,meme_card,1200,800,512,341,5,64,32,4,2214,2214,1.0,4.74171,29.714984646843195,0.9061500574963833,0.9579385164404454,0.9742071743916697,0.995013715155831
chat_preview,ui_text,meme_card,1200,800,512,341,5,64,64,0,1920,3194,0.6011271133375078,4.01875,25.29534296482325,0.838443019727385,0.9331407069808332,0.9435014420984875,0.9846819798063163
chat_preview,ui_text,meme_card,1200,800,512,341,5,64,64,1,2435,3194,0.7623669380087664,4.06762,29.50051327464079,0.9086952714131482,0.9625907608301466,0.9762990379823766,0.9956366896626629
chat_preview,ui_text,meme_card,1200,800,512,341,5,64,64,2,2750,3194,0.8609893550407013,4.61479,31.22000263628545,0.919326225249479,0.9640406436154993,0.9794055710445317,0.9970718657724323
chat_preview,ui_text,meme_card,1200,800,512,341,5,64,64,3,3194,3194,1.0,4.93929,32.578733873560196,0.9246024337193212,0.9654672337749259,0.9809461986298179,0.997670587089004
chat_preview,ui_text,meme_card,1200,800,512,341,6,64,32,0,1445,2223,0.6500224921277553,3.71796,22.179460163906928,0.7588369623269942,0.8926361511883117,0.9001359856462015,0.9613689300298499
chat_preview,ui_text,meme_card,1200,800,512,341,6,64,32,1,1777,2223,0.799370220422852,4.05892,25.236987045528473,0.8471856652200324,0.9380638311115371,0.9454748160783643,0.984410063627527
chat_preview,ui_text,meme_card,1200,800,512,341,6,64,32,2,2070,2223,0.9311740890688259,3.91617,28.803841513780327,0.9046833673149609,0.9609864379445372,0.9744181539822528,0.994385549363325
chat_preview,ui_text,meme_card,1200,800,512,341,6,64,32,3,2195,2223,0.98740440845704,4.01279,29.796802959031155,0.9084049525419857,0.9603243531715894,0.9749311813432385,0.9951495534090528
chat_preview,ui_text,meme_card,1200,800,512,341,6,64,32,4,2223,2223,1.0,4.17321,29.79932428318131,0.9084751976642872,0.9603435780239655,0.9749478053778268,0.995152060465519
chat_preview,ui_text,meme_card,1200,800,512,341,6,64,64,0,1940,3222,0.6021104903786468,3.7865,25.330389727086008,0.8397359517569583,0.935012068832814,0.9437329933051549,0.9848319164337721
chat_preview,ui_text,meme_card,1200,800,512,341,6,64,64,1,2457,3222,0.7625698324022346,3.97246,29.572193046621923,0.9104165046877996,0.9646977304212482,0.9764755074881577,0.9957559168542044
chat_preview,ui_text,meme_card,1200,800,512,341,6,64,64,2,2774,3222,0.8609559279950342,4.07479,31.351911428011455,0.9210143001479131,0.9661762793928158,0.979690514487249,0.9972045245490868
chat_preview,ui_text,meme_card,1200,800,512,341,6,64,64,3,3222,3222,1.0,4.57325,32.796030402940175,0.9265065697164451,0.9676324067440745,0.9812585047995471,0.9978138975257053
chat_preview,ui_text,meme_card,1200,800,512,341,7,64,32,0,1445,2223,0.6500224921277553,3.78375,22.179460163906928,0.7588369623269942,0.8926361511883117,0.9001359856462015,0.9613689300298499
chat_preview,ui_text,meme_card,1200,800,512,341,7,64,32,1,1777,2223,0.799370220422852,3.83337,25.23778171249045,0.8472508516447084,0.9380877049121373,0.9454926789908484,0.9844128513895722
chat_preview,ui_text,meme_card,1200,800,512,341,7,64,32,2,2070,2223,0.9311740890688259,3.92179,28.808328687665245,0.9048941677007428,0.9610398283645624,0.9744323226857435,0.9943930077389109
chat_preview,ui_text,meme_card,1200,800,512,341,7,64,32,3,2195,2223,0.98740440845704,4.36675,29.80356626740354,0.9088905170394277,0.9603936318617182,0.9750398407434296,0.9951563079225652
chat_preview,ui_text,meme_card,1200,800,512,341,7,64,32,4,2223,2223,1.0,4.30187,29.806245542747725,0.9089610808078773,0.9604128661967694,0.9750565444896246,0.9951588819477577
chat_preview,ui_text,meme_card,1200,800,512,341,7,64,64,0,1940,3223,0.6019236735960285,3.94858,25.330389727086008,0.8397359517569583,0.935012068832814,0.9437329933051549,0.9848319164337721
chat_preview,ui_text,meme_card,1200,800,512,341,7,64,64,1,2458,3223,0.762643499844865,3.83954,29.572414565554066,0.9103983597721412,0.9646889425408111,0.9764812719468786,0.9957567374248302
chat_preview,ui_text,meme_card,1200,800,512,341,7,64,64,2,2775,3223,0.8609990691901954,4.23758,31.35109176147502,0.9210267897106119,0.966168389883535,0.9796950420131862,0.9972037348036872
chat_preview,ui_text,meme_card,1200,800,512,341,7,64,64,3,3223,3223,1.0,4.39783,32.80089689165688,0.926558411910681,0.9676245686823686,0.9812638450919676,0.997814320534628
chat_preview,ui_text,meme_card,1200,800,512,341,8,64,32,0,1445,2235,0.6465324384787472,3.83667,22.179460163906928,0.7588369623269942,0.8926361511883117,0.9001359856462015,0.9613689300298499
chat_preview,ui_text,meme_card,1200,800,512,341,8,64,32,1,1777,2235,0.7950782997762863,4.18579,25.245600485016123,0.8471371663599099,0.938062428763561,0.9454364304172175,0.9844395669607322
chat_preview,ui_text,meme_card,1200,800,512,341,8,64,32,2,2079,2235,0.9302013422818792,3.97787,28.845793782826842,0.9045299172107878,0.9611754173635708,0.974416107330983,0.9944546399470326
chat_preview,ui_text,meme_card,1200,800,512,341,8,64,32,3,2207,2235,0.9874720357941834,4.46638,29.86553727439796,0.9088315899366654,0.9606144265556917,0.9750863581909729,0.9952183429469238
chat_preview,ui_text,meme_card,1200,800,512,341,8,64,32,4,2235,2235,1.0,4.43858,29.86825333553055,0.9088966111081266,0.9606378662986654,0.9751054998965024,0.9952216520718339
chat_preview,ui_text,meme_card,1200,800,512,341,8,64,64,0,2020,3396,0.5948174322732627,3.91237,25.330389727086008,0.8397359517569583,0.935012068832814,0.9437329933051549,0.9848319164337721
chat_preview,ui_text,meme_card,1200,800,512,341,8,64,64,1,2542,3396,0.748527679623086,3.839,29.583699233613277,0.9106070712421586,0.9647655903905239,0.976495448901816,0.9957715341423141
chat_preview,ui_text,meme_card,1200,800,512,341,8,64,64,2,2942,3396,0.8663133097762074,4.13837,31.38506572906435,0.9211814919623206,0.9663340713941899,0.9797673313494359,0.9972346318778709
chat_preview,ui_text,meme_card,1200,800,512,341,8,64,64,3,3396,3396,1.0,4.8355,32.924593417789325,0.926897728642949,0.96783475910771,0.9813678738842746,0.9978685936514332
chat_preview,ui_text,meme_card,1200,800,512,341,9,64,32,0,1445,2238,0.6456657730116175,4.04321,22.179460163906928,0.7588369623269942,0.8926361511883117,0.9001359856462015,0.9613689300298499
chat_preview,ui_text,meme_card,1200,800,512,341,9,64,32,1,1777,2238,0.7940125111706882,3.957,25.245659454780945,0.8471407974983585,0.9380640262475586,0.9454363807164391,0.9844397526262674
chat_preview,ui_text,meme_card,1200,800,512,341,9,64,32,2,2082,2238,0.9302949061662198,4.07071,28.855117070769456,0.9045828333638656,0.9612283516593658,0.9744490959011007,0.994467113547313
chat_preview,ui_text,meme_card,1200,800,512,341,9,64,32,3,2210,2238,0.9874888293118856,4.009,29.889824135035173,0.9087842891581137,0.96071440673945,0.975212945317355,0.9952477662487574
chat_preview,ui_text,meme_card,1200,800,512,341,9,64,32,4,2238,2238,1.0,4.50612,29.89262360313546,0.9088492198861576,0.9607376666639719,0.9752320097818118,0.9952510790593393
chat_preview,ui_text,meme_card,1200,800,512,341,9,64,64,0,2020,3405,0.593245227606461,3.89733,25.330389727086008,0.8397359517569583,0.935012068832814,0.9437329933051549,0.9848319164337721
chat_preview,ui_text,meme_card,1200,800,512,341,9,64,64,1,2542,3405,0.7465491923641704,4.48829,29.58381242894136,0.9106068935583295,0.9647654972251892,0.9764954197130796,0.9957716477682972
chat_preview,ui_text,meme_card,1200,800,512,341,9,64,64,2,2950,3405,0.8663729809104258,4.31546,31.383503945813622,0.9211571131651622,0.9663139489399115,0.9797641485125416,0.9972337142330183
chat_preview,ui_text,meme_card,1200,800,512,341,9,64,64,3,3405,3405,1.0,6.36829,32.933202733987216,0.9269031436695685,0.9678189424682971,0.9813727992766482,0.9978706295114093
chat_preview,ui_text,meme_card,1200,800,512,341,10,64,32,0,1445,2335,0.6188436830835118,3.86392,22.179460163906928,0.7588369623269942,0.8926361511883117,0.9001359856462015,0.9613689300298499
chat_preview,ui_text,meme_card,1200,800,512,341,10,64,32,1,1777,2335,0.7610278372591006,4.03729,25.24586423372068,0.847083224433117,0.9380597553538773,0.945432967337203,0.9844374286826979
chat_preview,ui_text,meme_card,1200,800,512,341,10,64,32,2,2084,2335,0.8925053533190578,4.30454,28.857682840934036,0.9045954959294611,0.9612573784331615,0.9744485454686722,0.9944704904082313
chat_preview,ui_text,meme_card,1200,800,512,341,10,64,32,3,2216,2335,0.9490364025695931,4.1195,29.910001564504988,0.9088681778484166,0.960778172406541,0.9752088076604609,0.9952640578008186
chat_preview,ui_text,meme_card,1200,800,512,341,10,64,32,4,2335,2335,1.0,4.19687,29.91327089861557,0.908961570789821,0.960797093678717,0.9752244164145307,0.995266761776902
chat_preview,ui_text,meme_card,1200,800,512,341,10,64,64,0,2020,3421,0.5904706226249634,3.93946,25.330389727086008,0.8397359517569583,0.935012068832814,0.9437329933051549,0.9848319164337721
chat_preview,ui_text,meme_card,1200,800,512,341,10,64,64,1,2542,3421,0.7430575855013154,4.66583,29.583862597312823,0.9105719023948438,0.9647516711148137,0.9764964082776056,0.9957727763099896
chat_preview,ui_text,meme_card,1200,800,512,341,10,64,64,2,2955,3421,0.8637825197310728,4.40104,31.38495136046408,0.9211654572079281,0.9663188083693504,0.9797792581616814,0.9972350709582957
chat_preview,ui_text,meme_card,1200,800,512,341,10,64,64,3,3421,3421,1.0,4.60179,33.074233618256685,0.9272772232693328,0.9679248947705411,0.9814765355815587,0.9979155555210569
chat_preview,ui_text,meme_card,1200,800,512,341,11,64,32,0,1472,2371,0.6208350906790384,4.07971,22.20924466589782,0.7581357714118045,0.8940142622967843,0.9019990953943853,0.9614491468617408
chat_preview,ui_text,meme_card,1200,800,512,341,11,64,32,1,1810,2371,0.7633909742724588,4.10679,25.306340171818857,0.8495055852129462,0.9396660233129625,0.9475086420695993,0.9846253506785861
chat_preview,ui_text,meme_card,1200,800,512,341,11,64,32,2,2120,2371,0.8941374947279629,4.34979,29.007197459792565,0.9079914464027959,0.9636432045926869,0.9772009217823755,0.9947302219522063
chat_preview,ui_text,meme_card,1200,800,512,341,11,64,32,3,2252,2371,0.949810206663855,4.01596,30.094676568360832,0.9122626309637686,0.9631278670232896,0.9780179639838729,0.9955141187819272
chat_preview,ui_text,meme_card,1200,800,512,341,11,64,32,4,2371,2371,1.0,4.12962,30.098588194234722,0.9123614690897055,0.9631476572628781,0.9780342830561298,0.9955171052247026
chat_preview,ui_text,meme_card,1200,800,512,341,11,64,64,0,2063,3474,0.5938399539435809,3.963,25.368905934298812,0.8424320578496084,0.9383036487874126,0.9458401697030028,0.9850401354473168
chat_preview,ui_text,meme_card,1200,800,512,341,11,64,64,1,2588,3474,0.7449625791594704,4.33517,29.69035113811371,0.9135966663053678,0.9677103183998869,0.9784024775266158,0.9959299362632696
chat_preview,ui_text,meme_card,1200,800,512,341,11,64,64,2,3008,3474,0.8658606793321819,4.26683,31.560619387419916,0.924808076889983,0.9695479083658731,0.98191330876602,0.9973719224272262
chat_preview,ui_text,meme_card,1200,800,512,341,11,64,64,3,3474,3474,1.0,4.83913,33.336111181640106,0.930839092079716,0.9711571160856897,0.9836214659989266,0.9980564742920992
chat_preview,ui_text,meme_card,1200,800,512,341,12,64,32,0,1472,2374,0.620050547598989,4.17042,22.20924466589782,0.7581357714118045,0.8940142622967843,0.9019990953943853,0.9614491468617408
chat_preview,ui_text,meme_card,1200,800,512,341,12,64,32,1,1810,2374,0.7624262847514743,4.08875,25.306301574663546,0.849511622983467,0.9396694429605489,0.9475088807376083,0.9846252565286596
chat_preview,ui_text,meme_card,1200,800,512,341,12,64,32,2,2120,2374,0.8930075821398483,4.19596,29.0088996176955,0.9081880437562773,0.9636893832100784,0.9771994658669118,0.9947316878076722
chat_preview,ui_text,meme_card,1200,800,512,341,12,64,32,3,2255,2374,0.9498736310025274,4.08946,30.129113229912086,0.9125376104637376,0.9632505325544077,0.9780123419493053,0.9955381233512259
chat_preview,ui_text,meme_card,1200,800,512,341,12,64,32,4,2374,2374,1.0,4.39142,30.133463094963652,0.9126375921771864,0.9632703839623509,0.9780286294631714,0.9955413101112304
chat_preview,ui_text,meme_card,1200,800,512,341,12,64,64,0,2063,3477,0.5933275812482025,3.82667,25.368905934298812,0.8424320578496084,0.9383036487874126,0.9458401697030028,0.9850401354473168
chat_preview,ui_text,meme_card,1200,800,512,341,12,64,64,1,2588,3477,0.7443198159332758,3.96175,29.69029889325803,0.9135988285601803,0.9677108074632829,0.9784025377413997,0.9959298653846026
chat_preview,ui_text,meme_card,1200,800,512,341,12,64,64,2,3008,3477,0.8651136036813345,4.30938,31.563101217551562,0.9248238931232472,0.969555924209391,0.9819133343094901,0.9973735150034589
chat_preview,ui_text,meme_card,1200,800,512,341,12,64,64,3,3477,3477,1.0,4.78292,33.40342734185962,0.931017114361727,0.9712177024146965,0.9836483992262387,0.9980738487734324
chat_preview,ui_text,meme_card,1200,800,512,341,13,64,32,0,1472,2386,0.6169321039396479,3.92767,22.20924466589782,0.7581357714118045,0.8940142622967843,0.9019990953943853,0.9614491468617408
chat_preview,ui_text,meme_card,1200,800,512,341,13,64,32,1,1812,2386,0.7594300083822296,4.12708,25.306521133011323,0.8494224321362852,0.9396530244524177,0.9475997318656004,0.9846233019162146
chat_preview,ui_text,meme_card,1200,800,512,341,13,64,32,2,2131,2386,0.8931265716680638,4.1275,29.032786775001753,0.908005315808146,0.9636913327046251,0.9773074309700698,0.9947738429944842
chat_preview,ui_text,meme_card,1200,800,512,341,13,64,32,3,2266,2386,0.9497066219614417,4.21137,30.161411462888815,0.912712096107276,0.9631656298664838,0.9780705269636656,0.995552485211126
chat_preview,ui_text,meme_card,1200,800,512,341,13,64,32,4,2386,2386,1.0,4.16233,30.162367743095185,0.9128129487240703,0.9631656002104361,0.9780693812481882,0.995551166463334
chat_preview,ui_text,meme_card,1200,800,512,341,13,64,64,0,2063,3489,0.5912869016910289,3.71233,25.368905934298812,0.8424320578496084,0.9383036487874126,0.9458401697030028,0.9850401354473168
chat_preview,ui_text,meme_card,1200,800,512,341,13,64,64,1,2592,3489,0.7429062768701634,4.00304,29.689987099528373,0.9135734063235578,0.967723575028215,0.9783934059728421,0.995933626344365
chat_preview,ui_text,meme_card,1200,800,512,341,13,64,64,2,3020,3489,0.8655775293780453,4.31367,31.58268286703708,0.9250534610487441,0.9697256677871143,0.9819973103276914,0.9973970498700724
chat_preview,ui_text,meme_card,1200,800,512,341,13,64,64,3,3489,3489,1.0,5.51863,33.45714194633826,0.9313736711829353,0.9714170043920274,0.9837542919518971,0.9981045959324093
chat_preview,ui_text,meme_card,1200,800,512,341,14,64,32,0,1472,2386,0.6169321039396479,4.03558,22.20924466589782,0.7581357714118045,0.8940142622967843,0.9019990953943853,0.9614491468617408
chat_preview,ui_text,meme_card,1200,800,512,341,14,64,32,1,1812,2386,0.7594300083822296,3.96712,25.306521133011323,0.8494224321362852,0.9396530244524177,0.9475997318656004,0.9846233019162146
chat_preview,ui_text,meme_card,1200,800,512,341,14,64,32,2,2131,2386,0.8931265716680638,4.03525,29.040245892503528,0.908138873201112,0.9637342779017269,0.9773187109149077,0.9947840818797034
chat_preview,ui_text,meme_card,1200,800,512,341,14,64,32,3,2266,2386,0.9497066219614417,4.15367,30.187034971971656,0.9129114504845908,0.9633063031168452,0.9781274318777908,0.9955801002027487
chat_preview,ui_text,meme_card,1200,800,512,341,14,64,32,4,2386,2386,1.0,4.91746,30.1883423298225,0.9130097258118562,0.9633055975706889,0.9781257491210472,0.9955790102901805
chat_preview,ui_text,meme_card,1200,800,512,341,14,64,64,0,2063,3493,0.5906097910105926,4.04758,25.368905934298812,0.8424320578496084,0.9383036487874126,0.9458401697030028,0.9850401354473168
chat_preview,ui_text,meme_card,1200,800,512,341,14,64,64,1,2592,3493,0.74205553965073,4.11558,29.689987099528373,0.9135734063235578,0.967723575028215,0.9783934059728421,0.995933626344365
chat_preview,ui_text,meme_card,1200,800,512,341,14,64,64,2,3020,3493,0.8645863154881192,4.329,31.5843870123311,0.9250717714801008,0.9697316408866703,0.9819976291199429,0.9973983439966116
chat_preview,ui_text,meme_card,1200,800,512,341,14,64,64,3,3493,3493,1.0,4.62992,33.53928160096012,0.9317359133928641,0.9715545227338033,0.9838244322920279,0.9981303752072451
chat_preview,ui_text,meme_card,1200,800,512,341,15,64,32,0,1484,2408,0.6162790697674418,3.89837,22.220742773963174,0.7591233416536834,0.8955153971186975,0.9020552817761416,0.9616087536989095
chat_preview,ui_text,meme_card,1200,800,512,341,15,64,32,1,1825,2408,0.757890365448505,3.95971,25.318653455706976,0.8508194671345753,0.941054719918986,0.9476908095469192,0.9847123630850849
chat_preview,ui_text,meme_card,1200,800,512,341,15,64,32,2,2150,2408,0.8928571428571429,4.10004,29.093652222754066,0.9094133410885389,0.9653584679761021,0.977549028062978,0.9949030608699012
chat_preview,ui_text,meme_card,1200,800,512,341,15,64,32,3,2285,2408,0.9489202657807309,4.02633,30.25160625442063,0.9143089612358569,0.9649255725253663,0.9783243011590539,0.9956849757659907
chat_preview,ui_text,meme_card,1200,800,512,341,15,64,32,4,2408,2408,1.0,4.09875,30.252771954211838,0.9144588480941617,0.964916146315456,0.9783132099627208,0.9956831095106173
chat_preview,ui_text,meme_card,1200,800,512,341,15,64,64,0,2077,3517,0.5905601364799545,3.85958,25.40496518598787,0.844895507577088,0.9402519288160431,0.9461508199725455,0.9852193721213774
chat_preview,ui_text,meme_card,1200,800,512,341,15,64,64,1,2610,3517,0.7421097526300825,4.13779,29.749989699876576,0.9167109824887167,0.9697844936261509,0.9786611920648038,0.9960480962642588
chat_preview,ui_text,meme_card,1200,800,512,341,15,64,64,2,3042,3517,0.8649417116860961,4.46779,31.64873016819826,0.9281158675452431,0.9717210860599175,0.9823734473169112,0.9974922504997935
chat_preview,ui_text,meme_card,1200,800,512,341,15,64,64,3,3517,3517,1.0,4.58433,33.685770485628375,0.9349519536840694,0.9735919167138842,0.984172459276887,0.9982364440374947
chat_preview,ui_text,meme_card,1200,800,512,341,16,64,32,0,1484,2411,0.6155122355868934,4.29725,22.220742773963174,0.7591233416536834,0.8955153971186975,0.9020552817761416,0.9616087536989095
chat_preview,ui_text,meme_card,1200,800,512,341,16,64,32,1,1825,2411,0.7569473247615097,4.55654,25.318716159625758,0.8508197964298616,0.9410550958113318,0.9476905113670934,0.9847126226363601
chat_preview,ui_text,meme_card,1200,800,512,341,16,64,32,2,2152,2411,0.8925756947324761,3.93954,29.08870710230392,0.9102969459155026,0.9656363684995569,0.9778689420704462,0.9949011331501035
chat_preview,ui_text,meme_card,1200,800,512,341,16,64,32,3,2288,2411,0.9489838241393612,4.13379,30.30331828778096,0.9154396877570847,0.9653388637286487,0.9787012950060023,0.9957511741056028
chat_preview,ui_text,meme_card,1200,800,512,341,16,64,32,4,2411,2411,1.0,4.11475,30.304689989556614,0.9155894186210102,0.9653288800768814,0.9786890356660489,0.9957492147075578
chat_preview,ui_text,meme_card,1200,800,512,341,16,64,64,0,2077,3532,0.5880520951302378,3.93487,25.40496518598787,0.844895507577088,0.9402519288160431,0.9461508199725455,0.9852193721213774
chat_preview,ui_text,meme_card,1200,800,512,341,16,64,64,1,2610,3532,0.7389580973952435,4.88496,29.75005362256661,0.9167110457419375,0.9697843590996711,0.978661233821044,0.996048194494558
chat_preview,ui_text,meme_card,1200,800,512,341,16,64,64,2,3047,3532,0.8626840317100792,4.32562,31.660266848950926,0.9281440152672124,0.9718357643138265,0.9824266976107148,0.9975032138795052
chat_preview,ui_text,meme_card,1200,800,512,341,16,64,64,3,3532,3532,1.0,5.16362,33.75591044074861,0.9352583808213182,0.9737950763448996,0.9842730725138362,0.9982650223856515
chat_preview,ui_text,meme_card,1200,800,512,341,17,64,32,0,1484,2424,0.6122112211221122,4.41829,22.220742773963174,0.7591233416536834,0.8955153971186975,0.9020552817761416,0.9616087536989095
chat_preview,ui_text,meme_card,1200,800,512,341,17,64,32,1,1836,2424,0.7574257425742574,4.07608,25.316749076521514,0.8512346831183631,0.9411170640234552,0.9475116342058565,0.9847160298026366
chat_preview,ui_text,meme_card,1200,800,512,341,17,64,32,2,2165,2424,0.8931518151815182,4.042,29.11276802682048,0.9117230690564632,0.9661694716324613,0.9778634380520682,0.9949413799133178
chat_preview,ui_text,meme_card,1200,800,512,341,17,64,32,3,2301,2424,0.9492574257425742,4.27037,30.350353666078153,0.9166011392831847,0.9659199138921871,0.9787118729290178,0.9958141299106203
chat_preview,ui_text,meme_card,1200,800,512,341,17,64,32,4,2424,2424,1.0,4.14337,30.352073553792657,0.9167462340518394,0.9659069252719693,0.9786972855411713,0.9958120939994483
chat_preview,ui_text,meme_card,1200,800,512,341,17,64,64,0,2077,3545,0.5858956276445698,3.41538,25.40496518598787,0.844895507577088,0.9402519288160431,0.9461508199725455,0.9852193721213774
chat_preview,ui_text,meme_card,1200,800,512,341,17,64,64,1,2622,3545,0.7396332863187588,4.04287,29.763151357716144,0.9170232868709401,0.9699053959820296,0.978836353306138,0.996064768139972
chat_preview,ui_text,meme_card,1200,800,512,341,17,64,64,2,3060,3545,0.8631875881523272,4.32946,31.680625087374267,0.9284820115531697,0.971955830570804,0.9825764169654897,0.9975192626830873
chat_preview,ui_text,meme_card,1200,800,512,341,17,64,64,3,3545,3545,1.0,4.49542,33.78964506259863,0.9355441405707782,0.9738954082992962,0.9844098455974478,0.998278435502612
chat_preview,ui_text,meme_card,1200,800,512,341,18,64,32,0,1484,2435,0.6094455852156058,3.69079,22.220742773963174,0.7591233416536834,0.8955153971186975,0.9020552817761416,0.9616087536989095
chat_preview,ui_text,meme_card,1200,800,512,341,18,64,32,1,1843,2435,0.7568788501026694,4.02363,25.327384821462672,0.8517591532039587,0.9412219752245594,0.9476165542709863,0.9847566099541842
chat_preview,ui_text,meme_card,1200,800,512,341,18,64,32,2,2176,2435,0.8936344969199178,3.96608,29.151909771597882,0.9123815422707482,0.9664535934303355,0.9780476875596587,0.9950129600661833
chat_preview,ui_text,meme_card,1200,800,512,341,18,64,32,3,2311,2435,0.949075975359343,4.21775,30.422145769441528,0.9172358671113218,0.9660814357662423,0.978756672713329,0.9958910318123213
chat_preview,ui_text,meme_card,1200,800,512,341,18,64,32,4,2435,2435,1.0,3.87992,30.4268019571566,0.9174243621650439,0.9660742364262012,0.9787460704688133,0.9958906248593832
chat_preview,ui_text,meme_card,1200,800,512,341,18,64,64,0,2077,3568,0.5821188340807175,3.78275,25.40496518598787,0.844895507577088,0.9402519288160431,0.9461508199725455,0.9852193721213774
chat_preview,ui_text,meme_card,1200,800,512,341,18,64,64,1,2626,3568,0.7359865470852018,3.65367,29.763026507934317,0.917039936415144,0.9699147256202799,0.9788414366190306,0.9960674798285785
chat_preview,ui_text,meme_card,1200,800,512,341,18,64,64,2,3083,3568,0.8640695067264574,3.40129,31.691910304951293,0.9283771372953589,0.9719351455716342,0.9825156204547371,0.9975187891135074
chat_preview,ui_text,meme_card,1200,800,512,341,18,64,64,3,3568,3568,1.0,4.19425,33.89359746924696,0.9358886477619719,0.9740669805651662,0.9845471911982794,0.9983189595542743
chat_preview,ui_text,meme_card,1200,800,512,341,19,64,32,0,1484,2438,0.6086956521739131,3.95979,22.220742773963174,0.7591233416536834,0.8955153971186975,0.9020552817761416,0.9616087536989095
chat_preview,ui_text,meme_card,1200,800,512,341,19,64,32,1,1843,2438,0.7559474979491386,4.04842,25.327111379753195,0.8517590764503421,0.9412198098895868,0.9476159434055588,0.9847554067718349
chat_preview,ui_text,meme_card,1200,800,512,341,19,64,32,2,2179,2438,0.8937653814602133,4.70904,29.166391175148227,0.9125317845272066,0.9665520092504957,0.9780873179601729,0.9950359438607671
chat_preview,ui_text,meme_card,1200,800,512,341,19,64,32,3,2314,2438,0.9491386382280558,4.62046,30.442877722248433,0.917465988557078,0.9662143477341377,0.9788003961668351,0.9959153012440001
chat_preview,ui_text,meme_card,1200,800,512,341,19,64,32,4,2438,2438,1.0,4.54575,30.44836030925191,0.9176578768434495,0.9662075962007747,0.9787901773196472,0.9959152184187431
chat_preview,ui_text,meme_card,1200,800,512,341,19,64,64,0,2077,3572,0.5814669652855543,4.19196,25.40496518598787,0.844895507577088,0.9402519288160431,0.9461508199725455,0.9852193721213774
chat_preview,ui_text,meme_card,1200,800,512,341,19,64,64,1,2626,3572,0.7351623740201568,4.26192,29.76297845259193,0.917042416367901,0.9699152351190939,0.9788414747716102,0.9960673707681933
chat_preview,ui_text,meme_card,1200,800,512,341,19,64,64,2,3087,3572,0.8642217245240762,4.20171,31.679424854394966,0.928387221023257,0.9719110846662717,0.9825074133057772,0.9975101979231418
chat_preview,ui_text,meme_card,1200,800,512,341,19,64,64,3,3572,3572,1.0,4.59475,33.88366602498398,0.935918785017035,0.9740702942656161,0.984547202892108,0.9983152913830167
chat_preview,ui_text,meme_card,1200,800,512,341,20,64,32,0,1494,2449,0.6100449162923642,3.93625,22.227061640467024,0.7601182565334718,0.8967486001589684,0.9018943877160459,0.9616631556839272
chat_preview,ui_text,meme_card,1200,800,512,341,20,64,32,1,1854,2449,0.7570436913025724,3.84408,25.344036342805868,0.8530199912367794,0.9426193761242291,0.9474806670530604,0.9848364315574257
chat_preview,ui_text,meme_card,1200,800,512,341,20,64,32,2,2190,2449,0.8942425479787668,4.18492,29.199854762070405,0.9148724206147882,0.968298726182334,0.977901783374448,0.995109777447411
chat_preview,ui_text,meme_card,1200,800,512,341,20,64,32,3,2325,2449,0.9493670886075949,4.03613,30.4834610399432,0.9199689338716913,0.9679453977899355,0.978665111771543,0.9959801152684101
chat_preview,ui_text,meme_card,1200,800,512,341,20,64,32,4,2449,2449,1.0,4.38442,30.490292713540285,0.9201656090105917,0.9679391221807961,0.9786558895573442,0.9959805832066283
chat_preview,ui_text,meme_card,1200,800,512,341,20,64,64,0,2134,3642,0.585941790225151,3.90254,25.401402298910494,0.846395198489339,0.9416108478454716,0.9467283174027269,0.9851933709502666
chat_preview,ui_text,meme_card,1200,800,512,341,20,64,64,1,2695,3642,0.7399780340472268,3.78754,29.789341536222857,0.9194337481242852,0.97146765262592,0.9795343118070627,0.9961024962482802
chat_preview,ui_text,meme_card,1200,800,512,341,20,64,64,2,3156,3642,0.8665568369028006,4.14746,31.728295411279326,0.9306815246986697,0.9734481490390806,0.9831784302450927,0.9975533087954417
chat_preview,ui_text,meme_card,1200,800,512,341,20,64,64,3,3642,3642,1.0,4.5175,33.97288096320492,0.9383532038775614,0.9756126401271628,0.9852168229237548,0.9983578813508551
chat_preview,ui_text,meme_card,1200,800,512,341,21,64,32,0,1494,2461,0.6070702966273872,4.49975,22.227061640467024,0.7601182565334718,0.8967486001589684,0.9018943877160459,0.9616631556839272
chat_preview,ui_text,meme_card,1200,800,512,341,21,64,32,1,1854,2461,0.7533522958147094,3.77537,25.34407113021227,0.8530202581590202,0.9426196696772902,0.9474806189911318,0.9848365903561712
chat_preview,ui_text,meme_card,1200,800,512,341,21,64,32,2,2202,2461,0.8947582283624543,4.05779,29.239860194337908,0.9156731884256427,0.9686082943096376,0.9781029372403103,0.995177648146211
chat_preview,ui_text,meme_card,1200,800,512,341,21,64,32,3,2337,2461,0.9496139780577001,4.04071,30.555333293147832,0.9211703848579352,0.9683080032765091,0.9788774511819132,0.9960552942968451
chat_preview,ui_text,meme_card,1200,800,512,341,21,64,32,4,2461,2461,1.0,4.22283,30.563234472048407,0.9213732407719334,0.9683038056241936,0.9788697779574747,0.9960564708557378
chat_preview,ui_text,meme_card,1200,800,512,341,21,64,64,0,2134,3656,0.5836980306345733,4.57875,25.401402298910494,0.846395198489339,0.9416108478454716,0.9467283174027269,0.9851933709502666
chat_preview,ui_text,meme_card,1200,800,512,341,21,64,64,1,2695,3656,0.737144420131291,4.02862,29.789224920284397,0.9194339752819364,0.9714668005387899,0.9795341785481029,0.9961022992960051
chat_preview,ui_text,meme_card,1200,800,512,341,21,64,64,2,3164,3656,0.8654266958424508,4.54746,31.73770362745139,0.9311269552894684,0.9735348511957023,0.9831870766539957,0.99755183023779
chat_preview,ui_text,meme_card,1200,800,512,341,21,64,64,3,3656,3656,1.0,4.56787,34.03534282792114,0.9385991487575739,0.9757221637802851,0.9852443177021166,0.9983745324288895
chat_preview,ui_text,meme_card,1200,800,512,341,22,64,32,0,1494,2462,0.6068237205523964,4.56088,22.227061640467024,0.7601182565334718,0.8967486001589684,0.9018943877160459,0.9616631556839272
chat_preview,ui_text,meme_card,1200,800,512,341,22,64,32,1,1854,2462,0.7530463038180342,5.15054,25.34407113021227,0.8530202581590202,0.9426196696772902,0.9474806189911318,0.9848365903561712
chat_preview,ui_text,meme_card,1200,800,512,341,22,64,32,2,2202,2462,0.8943948009748173,5.52358,29.24683278042105,0.9157816277933066,0.9686466898605026,0.9781123180604013,0.9951895531277737
chat_preview,ui_text,meme_card,1200,800,512,341,22,64,32,3,2337,2462,0.9492282696994313,5.32371,30.574722859345748,0.9213744242368729,0.9684363560723392,0.9789762248299783,0.9960832908410114
chat_preview,ui_text,meme_card,1200,800,512,341,22,64,32,4,2462,2462,1.0,5.04075,30.586848589840912,0.9216154297197718,0.9684427134138814,0.9789803202651101,0.9960867517976645
chat_preview,ui_text,meme_card,1200,800,512,341,22,64,64,0,2134,3658,0.5833788955713505,4.21188,25.401402298910494,0.846395198489339,0.9416108478454716,0.9467283174027269,0.9851933709502666
chat_preview,ui_text,meme_card,1200,800,512,341,22,64,64,1,2695,3658,0.7367413887370148,3.38467,29.789224920284397,0.9194339752819364,0.9714668005387899,0.9795341785481029,0.9961022992960051
chat_preview,ui_text,meme_card,1200,800,512,341,22,64,64,2,3164,3658,0.8649535265172226,3.69837,31.741331721828622,0.9311375728250222,0.9735460106285571,0.9831846761961476,0.997554732785806
chat_preview,ui_text,meme_card,1200,800,512,341,22,64,64,3,3658,3658,1.0,4.17437,34.0542624276351,0.9386553670634569,0.9757239609705701,0.9852439740296484,0.9983793000215927
chat_preview,ui_text,meme_card,1200,800,512,341,23,64,32,0,1517,2500,0.6068,3.23387,22.23489454626517,0.7603831150579747,0.8986954316691481,0.9047602528465334,0.9620038465746268
chat_preview,ui_text,meme_card,1200,800,512,341,23,64,32,1,1883,2500,0.7532,3.39587,25.336854937410983,0.8552812902228936,0.9443011173385608,0.9495203104982515,0.9848728620823025
chat_preview,ui_text,meme_card,1200,800,512,341,23,64,32,2,2233,2500,0.8932,3.32183,29.27193350295692,0.9176518758872086,0.9704367758905343,0.9806114470644293,0.9952868756795121
chat_preview,ui_text,meme_card,1200,800,512,341,23,64,32,3,2375,2500,0.95,4.55587,30.620227080664577,0.9233767654906418,0.9702951487450445,0.9816594814353126,0.9962072065498463
chat_preview,ui_text,meme_card,1200,800,512,341,23,64,32,4,2500,2500,1.0,4.47125,30.634181183879225,0.9236355636907114,0.970305527783307,0.9816671639983239,0.9962117362593323
chat_preview,ui_text,meme_card,1200,800,512,341,23,64,64,0,2173,3713,0.5852410449771075,3.87654,25.372656654638263,0.8477930379669497,0.9430043396631188,0.9488345047717512,0.9849244393003479
chat_preview,ui_text,meme_card,1200,800,512,341,23,64,64,1,2740,3713,0.737947751144627,4.57679,29.75599157920438,0.9211669792519688,0.9734272266619914,0.9821197517693934,0.9960455058706014
chat_preview,ui_text,meme_card,1200,800,512,341,23,64,64,2,3213,3713,0.865338001615944,5.0995,31.69401589660035,0.9319036687777135,0.9750315446567414,0.9852501504326846,0.9975353034286534
chat_preview,ui_text,meme_card,1200,800,512,341,23,64,64,3,3713,3713,1.0,4.89625,34.02919300750608,0.9400351477388976,0.9774243040899558,0.9875093740774468,0.9983719418753166
chat_preview,ui_text,meme_card,1200,800,512,341,24,64,32,0,1517,2501,0.6065573770491803,4.20346,22.23489454626517,0.7603831150579747,0.8986954316691481,0.9047602528465334,0.9620038465746268
chat_preview,ui_text,meme_card,1200,800,512,341,24,64,32,1,1883,2501,0.7528988404638145,4.90258,25.336720334321676,0.8552816915995399,0.9443014420556795,0.9495201128112497,0.9848722818584387
chat_preview,ui_text,meme_card,1200,800,512,341,24,64,32,2,2234,2501,0.8932427029188325,5.02888,29.272887390630622,0.9178553769830599,0.9704814456994785,0.9805787244800568,0.9952882859150424
chat_preview,ui_text,meme_card,1200,800,512,341,24,64,32,3,2376,2501,0.9500199920031988,4.28804,30.616247932388934,0.9237923414792908,0.9703054275482669,0.9816462038237838,0.9961997924080278
chat_preview,ui_text,meme_card,1200,800,512,341,24,64,32,4,2501,2501,1.0,4.1545,30.631117535852404,0.9240526585188764,0.9703176572487203,0.9816557684720534,0.9962049208996926
chat_preview,ui_text,meme_card,1200,800,512,341,24,64,64,0,2173,3715,0.5849259757738896,4.01271,25.372656654638263,0.8477930379669497,0.9430043396631188,0.9488345047717512,0.9849244393003479
chat_preview,ui_text,meme_card,1200,800,512,341,24,64,64,1,2740,3715,0.7375504710632571,4.10117,29.756014724349047,0.9211690005294894,0.9734270717706718,0.9821201658320493,0.996045482426758
chat_preview,ui_text,meme_card,1200,800,512,341,24,64,64,2,3215,3715,0.8654104979811574,4.34617,31.697738862527125,0.9319168910598082,0.9750376236864571,0.9852502699677675,0.9975375166627924
chat_preview,ui_text,meme_card,1200,800,512,341,24,64,64,3,3715,3715,1.0,5.47146,34.04523635674429,0.9401081331785731,0.9774330726767557,0.9875177827763894,0.998376602090151
chat_preview,ui_text,meme_card,1200,800,512,341,25,64,32,0,1529,2517,0.6074692093762416,4.74167,22.22897131226468,0.7611647603967756,0.8993650067059763,0.9058144526207341,0.9619609322191031
chat_preview,ui_text,meme_card,1200,800,512,341,25,64,32,1,1896,2517,0.7532777115613826,4.06167,25.320394574395028,0.8562645662793166,0.944824120285519,0.950475446872331,0.9848188903239867
chat_preview,ui_text,meme_card,1200,800,512,341,25,64,32,2,2249,2517,0.8935240365514502,4.16442,29.27660615534418,0.9177629537686808,0.9707062835788115,0.9817000028960793,0.9952962113209111
chat_preview,ui_text,meme_card,1200,800,512,341,25,64,32,3,2392,2517,0.9503377036154151,4.19229,30.623672248436623,0.9238657891685329,0.9706247727603293,0.9827391894694542,0.9962295049122561
chat_preview,ui_text,meme_card,1200,800,512,341,25,64,32,4,2517,2517,1.0,4.70804,30.639282911824637,0.9241268326677199,0.9706376807332969,0.982746540904057,0.9962348914073426
chat_preview,ui_text,meme_card,1200,800,512,341,25,64,64,0,2191,3737,0.5862991704575863,4.04371,25.39065896276526,0.8498772528365492,0.944335310390298,0.949330415987012,0.9850020356754139
chat_preview,ui_text,meme_card,1200,800,512,341,25,64,64,1,2761,3737,0.7388279368477388,3.89062,29.78260202479669,0.9229687622665392,0.9745830773830862,0.9826052530426934,0.9960843271235106
chat_preview,ui_text,meme_card,1200,800,512,341,25,64,64,2,3236,3737,0.8659352421728659,4.41225,31.747566435614583,0.9336297336485732,0.9761996129993874,0.9857704083820671,0.997583989065522
chat_preview,ui_text,meme_card,1200,800,512,341,25,64,64,3,3737,3737,1.0,5.21579,34.17245344589779,0.9420588429047289,0.978653903531436,0.9880517728485633,0.9984318433409781
chat_preview,ui_text,meme_card,1200,800,512,341,26,64,32,0,1529,2518,0.6072279586973789,4.324,22.22897131226468,0.7611647603967756,0.8993650067059763,0.9058144526207341,0.9619609322191031
chat_preview,ui_text,meme_card,1200,800,512,341,26,64,32,1,1896,2518,0.7529785544082606,4.01504,25.32039735268727,0.8562661853687578,0.9448236323882028,0.9504754892017081,0.9848189000732435
chat_preview,ui_text,meme_card,1200,800,512,341,26,64,32,2,2250,2518,0.8935663224781573,4.45642,29.28123618394941,0.918705838750102,0.9708950550568983,0.9819524842806772,0.9952975886090447
chat_preview,ui_text,meme_card,1200,800,512,341,26,64,32,3,2393,2518,0.9503574265289912,4.852,30.651411088952138,0.9248371120932548,0.9709995484172117,0.983156490564217,0.9962805508855785
chat_preview,ui_text,meme_card,1200,800,512,341,26,64,32,4,2518,2518,1.0,4.27596,30.66799840418378,0.9250942254935229,0.9710136596558159,0.9831650352809231,0.9962862886568308
chat_preview,ui_text,meme_card,1200,800,512,341,26,64,64,0,2191,3742,0.585515766969535,4.06046,25.39065896276526,0.8498772528365492,0.944335310390298,0.949330415987012,0.9850020356754139
chat_preview,ui_text,meme_card,1200,800,512,341,26,64,64,1,2761,3742,0.7378407268840192,5.06083,29.782636106915202,0.9229746587412976,0.9745846842140319,0.9826054171485805,0.996084413237574
chat_preview,ui_text,meme_card,1200,800,512,341,26,64,64,2,3241,3742,0.8661143773383218,5.02596,31.753966128830093,0.9335220371462628,0.9761553327915408,0.9857007763438247,0.9975772465665269
chat_preview,ui_text,meme_card,1200,800,512,341,26,64,64,3,3742,3742,1.0,4.94321,34.214377608091354,0.9421562999859621,0.9786934685410699,0.9880728677199251,0.9984494460364758
chat_preview,ui_text,meme_card,1200,800,512,341,27,64,32,0,1529,2535,0.6031558185404339,5.87692,22.22897131226468,0.7611647603967756,0.8993650067059763,0.9058144526207341,0.9619609322191031
chat_preview,ui_text,meme_card,1200,800,512,341,27,64,32,1,1908,2535,0.7526627218934911,4.07296,25.32921122223351,0.8560826201105304,0.9448517198248635,0.950476541438474,0.9848725599652728
chat_preview,ui_text,meme_card,1200,800,512,341,27,64,32,2,2262,2535,0.8923076923076924,4.31158,29.30824321409245,0.9192264456247159,0.971102371250312,0.9818304317461276,0.9953416412920926
chat_preview,ui_text,meme_card,1200,800,512,341,27,64,32,3,2410,2535,0.9506903353057199,4.00583,30.695998632061038,0.9253231154351482,0.9712198004774141,0.9831091260765951,0.9963578395174809
chat_preview,ui_text,meme_card,1200,800,512,341,27,64,32,4,2535,2535,1.0,4.82621,30.714374966506973,0.925582848634758,0.9712378933789516,0.9831212345440813,0.9963644867068997
chat_preview,ui_text,meme_card,1200,800,512,341,27,64,64,0,2191,3751,0.5841109037589975,3.87158,25.39065896276526,0.8498772528365492,0.944335310390298,0.949330415987012,0.9850020356754139
chat_preview,ui_text,meme_card,1200,800,512,341,27,64,64,1,2765,3751,0.7371367635297255,4.48642,29.787271340154,0.9232361535210393,0.9746176069880831,0.9826191620354957,0.9960885885544537
chat_preview,ui_text,meme_card,1200,800,512,341,27,64,64,2,3249,3751,0.8661690215942416,4.26371,31.75883389350073,0.9336742014728614,0.9761817738937805,0.985675160930133,0.9975818666848536
chat_preview,ui_text,meme_card,1200,800,512,341,27,64,64,3,3751,3751,1.0,5.57262,34.28095986578319,0.9426245406601471,0.9787655258961893,0.9880874724220404,0.9984662078288342
chat_preview,ui_text,meme_card,1200,800,512,341,28,64,32,0,1529,2540,0.6019685039370078,4.01983,22.22897131226468,0.7611647603967756,0.8993650067059763,0.9058144526207341,0.9619609322191031
chat_preview,ui_text,meme_card,1200,800,512,341,28,64,32,1,1908,2540,0.7511811023622047,3.85675,25.32922553343484,0.8560826849760885,0.9448520813472833,0.9504763018831465,0.9848725668909379
chat_preview,ui_text,meme_card,1200,800,512,341,28,64,32,2,2265,2540,0.8917322834645669,4.07433,29.297775855228064,0.9193508879236371,0.9710986172429038,0.9818317838593287,0.9953104680263481
chat_preview,ui_text,meme_card,1200,800,512,341,28,64,32,3,2413,2540,0.95,4.11621,30.710000964161427,0.9258085098544356,0.9713249211566172,0.9832500857474462,0.9963737537519356
chat_preview,ui_text,meme_card,1200,800,512,341,28,64,32,4,2540,2540,1.0,4.27546,30.72947243725595,0.9260800121132658,0.9713390204461315,0.9832594082814717,0.9963805692842771
chat_preview,ui_text,meme_card,1200,800,512,341,28,64,64,0,2191,3759,0.5828677839851024,3.98271,25.39065896276526,0.8498772528365492,0.944335310390298,0.949330415987012,0.9850020356754139
chat_preview,ui_text,meme_card,1200,800,512,341,28,64,64,1,2765,3759,0.7355679702048417,4.89825,29.787418380658764,0.9232345684480306,0.9746163516384537,0.9826189230936268,0.9960887410627869
chat_preview,ui_text,meme_card,1200,800,512,341,28,64,64,2,3257,3759,0.8664538441074754,4.38104,31.776153895748184,0.9337621537245727,0.9761204250041421,0.9856697072452287,0.9975836099136222
chat_preview,ui_text,meme_card,1200,800,512,341,28,64,64,3,3759,3759,1.0,5.35725,34.31850309231527,0.9428612799681821,0.9787870228126495,0.9881402501010944,0.9984815355980011
chat_preview,ui_text,meme_card,1200,800,512,341,29,64,32,0,1529,2556,0.5982003129890454,3.96667,22.22897131226468,0.7611647603967756,0.8993650067059763,0.9058144526207341,0.9619609322191031
chat_preview,ui_text,meme_card,1200,800,512,341,29,64,32,1,1913,2556,0.7484350547730829,4.16429,25.33288626901036,0.8567812500525281,0.9450577869056417,0.9507518468236309,0.9848758358957789
chat_preview,ui_text,meme_card,1200,800,512,341,29,64,32,2,2276,2556,0.8904538341158059,4.46275,29.315833798774747,0.9200786152657106,0.9715693594726001,0.9826420093307151,0.9953493637444412
chat_preview,ui_text,meme_card,1200,800,512,341,29,64,32,3,2429,2556,0.9503129890453834,4.31288,30.75619365622501,0.9266585811142999,0.9718834449946544,0.9840163794352413,0.9964546636391697
chat_preview,ui_text,meme_card,1200,800,512,341,29,64,32,4,2556,2556,1.0,4.1615,30.777815472420134,0.926935527803451,0.9719039217935884,0.9840319500472563,0.9964629542725083
chat_preview,ui_text,meme_card,1200,800,512,341,29,64,64,0,2191,3802,0.5762756443976854,4.18017,25.39065896276526,0.8498772528365492,0.944335310390298,0.949330415987012,0.9850020356754139
chat_preview,ui_text,meme_card,1200,800,512,341,29,64,64,1,2790,3802,0.7338243029984218,4.285,29.79980658593485,0.9230376552695638,0.9746171573436953,0.9826246345844654,0.9961148729598672
chat_preview,ui_text,meme_card,1200,800,512,341,29,64,64,2,3287,3802,0.8645449763282483,4.25,31.774638381215116,0.9337626616883062,0.9761205101875223,0.9856840774121329,0.9975790018004302
chat_preview,ui_text,meme_card,1200,800,512,341,29,64,64,3,3802,3802,1.0,4.95712,34.325628522885786,0.9428601411209686,0.9787903671455206,0.9881700984733319,0.9984818995965594
chat_preview,ui_text,meme_card,1200,800,512,341,30,64,32,0,1542,2573,0.5993004275165177,3.99942,22.22512326453943,0.7613168945944747,0.9001376966297409,0.9053316839364597,0.9618712027498901
chat_preview,ui_text,meme_card,1200,800,512,341,30,64,32,1,1930,2573,0.7500971628449281,3.93667,25.34831296048807,0.8574025296769747,0.9459758151459164,0.9502236146979659,0.9849190228703364
chat_preview,ui_text,meme_card,1200,800,512,341,30,64,32,2,2293,2573,0.8911776136805286,4.24637,29.368860968661785,0.9217341719032639,0.9728598751347556,0.9821211374571472,0.9954234898201031
chat_preview,ui_text,meme_card,1200,800,512,341,30,64,32,3,2446,2573,0.9506412747765255,4.78529,30.841361839488627,0.9283808713721419,0.9732247630386218,0.9835863865315119,0.9965457691048809
chat_preview,ui_text,meme_card,1200,800,512,341,30,64,32,4,2573,2573,1.0,4.49763,30.864851655775677,0.9286629360651467,0.973247072166243,0.9836039776997318,0.9965548055708628
chat_preview,ui_text,meme_card,1200,800,512,341,30,64,64,0,2219,3833,0.5789199060787895,4.12854,25.38711360713379,0.8510232588038814,0.9450515945900957,0.9495298509327676,0.9850055804003932
chat_preview,ui_text,meme_card,1200,800,512,341,30,64,64,1,2821,3833,0.735977041481868,4.04212,29.818318682064024,0.9245393202174809,0.975467880970949,0.9828036134540019,0.9961529547903467
chat_preview,ui_text,meme_card,1200,800,512,341,30,64,64,2,3318,3833,0.8656404904774329,4.72546,31.79719767422813,0.9352843810808219,0.9769530032988243,0.9858437897384614,0.9976109097711384
chat_preview,ui_text,meme_card,1200,800,512,341,30,64,64,3,3833,3833,1.0,4.99617,34.3618641084401,0.9444575197703103,0.9796495906082808,0.9883407301625843,0.9985142356573545
chat_preview,ui_text,meme_card,1200,800,512,341,31,64,32,0,1542,2582,0.5972114639814098,4.08087,22.22512326453943,0.7613168945944747,0.9001376966297409,0.9053316839364597,0.9618712027498901
chat_preview,ui_text,meme_card,1200,800,512,341,31,64,32,1,1930,2582,0.7474825716498839,4.28254,25.348363816836617,0.8574056324280255,0.9459766226463092,0.9502234240861293,0.9849192068604623
chat_preview,ui_text,meme_card,1200,800,512,341,31,64,32,2,2296,2582,0.8892331525948877,4.05358,29.389682958688677,0.9218860582055334,0.9729023666916877,0.9820082155315473,0.9954483811352492
chat_preview,ui_text,meme_card,1200,800,512,341,31,64,32,3,2455,2582,0.9508133230054222,4.219,30.87674330762569,0.9285661106224631,0.9732914873354369,0.9835382528217338,0.9965917576225951
chat_preview,ui_text,meme_card,1200,800,512,341,31,64,32,4,2582,2582,1.0,4.18675,30.90162399219217,0.9288562685772693,0.9733168355183311,0.9835587403254904,0.9966014121490969
chat_preview,ui_text,meme_card,1200,800,512,341,31,64,64,0,2219,3850,0.5763636363636364,3.8915,25.38711360713379,0.8510232588038814,0.9450515945900957,0.9495298509327676,0.9850055804003932
chat_preview,ui_text,meme_card,1200,800,512,341,31,64,64,1,2821,3850,0.7327272727272728,4.17408,29.818337025572312,0.9245386147088874,0.9754675388005539,0.9828035078941441,0.9961529244260584
chat_preview,ui_text,meme_card,1200,800,512,341,31,64,64,2,3319,3850,0.8620779220779221,4.33596,31.788989305648187,0.9354423584487281,0.9769773080715752,0.9859193219189292,0.9976091958596907
chat_preview,ui_text,meme_card,1200,800,512,341,31,64,64,3,3850,3850,1.0,4.65562,34.45540241534264,0.9446711380942813,0.9797602180931196,0.9884517788717276,0.998527631793339
chat_preview,ui_text,meme_card,1200,800,512,341,32,64,32,0,1582,2742,0.5769511305616338,3.93742,22.22512326453943,0.7613168945944747,0.9001376966297409,0.9053316839364597,0.9618712027498901
chat_preview,ui_text,meme_card,1200,800,512,341,32,64,32,1,1973,2742,0.7195477753464624,4.44783,25.358105874972154,0.8576060904336837,0.9460266623642304,0.9503208908242586,0.984948410999998
chat_preview,ui_text,meme_card,1200,800,512,341,32,64,32,2,2340,2742,0.8533916849015317,4.77254,29.396809925979895,0.9224389695697264,0.9731192321545087,0.9819106012369878,0.9954583022833278
chat_preview,ui_text,meme_card,1200,800,512,341,32,64,32,3,2499,2742,0.9113785557986871,4.26621,30.88920104173431,0.9295600545180324,0.9735601635052308,0.9836026575620143,0.9966063666185498
chat_preview,ui_text,meme_card,1200,800,512,341,32,64,32,4,2742,2742,1.0,5.13883,30.91598548139597,0.9298731593621063,0.9735949149013101,0.9836324235370122,0.9966177715697295
chat_preview,ui_text,meme_card,1200,800,512,341,32,64,64,0,2219,3857,0.5753176043557169,4.04867,25.38711360713379,0.8510232588038814,0.9450515945900957,0.9495298509327676,0.9850055804003932
chat_preview,ui_text,meme_card,1200,800,512,341,32,64,64,1,2825,3857,0.732434534612393,4.01246,29.82368832109129,0.9247098352687825,0.9755415447766027,0.9828049125493862,0.9961623917211794
chat_preview,ui_text,meme_card,1200,800,512,341,32,64,64,2,3325,3857,0.8620689655172413,4.66838,31.817512907751446,0.935797420478548,0.9771483756374227,0.9859735031324319,0.9976334395002626
chat_preview,ui_text,meme_card,1200,800,512,341,32,64,64,3,3857,3857,1.0,4.84987,34.50112214901166,0.9450349530526106,0.9799016556402562,0.9884915463392966,0.9985474029332017
chat_preview,ui_text,meme_card,1200,800,512,341,33,64,32,0,1622,2830,0.5731448763250884,4.1225,22.22512326453943,0.7613168945944747,0.9001376966297409,0.9053316839364597,0.9618712027498901
chat_preview,ui_text,meme_card,1200,800,512,341,33,64,32,1,2013,2830,0.7113074204946996,4.04779,25.357423295739395,0.857627032292915,0.9460316132271216,0.9503310445672165,0.9849445256363363
chat_preview,ui_text,meme_card,1200,800,512,341,33,64,32,2,2387,2830,0.8434628975265017,4.10342,29.42185496825132,0.9224150559390282,0.9731530970425554,0.9815829725147728,0.9954849155541322
chat_preview,ui_text,meme_card,1200,800,512,341,33,64,32,3,2583,2830,0.9127208480565371,4.69525,30.911390065341937,0.9294857532144016,0.9734068209882359,0.9831821721985987,0.9966134577866295
chat_preview,ui_text,meme_card,1200,800,512,341,33,64,32,4,2830,2830,1.0,4.60279,30.943170150826987,0.9297941095934505,0.9734041400031597,0.9831775873973957,0.9966231831760719
chat_preview,ui_text,meme_card,1200,800,512,341,33,64,64,0,2219,3869,0.5735332127164642,4.05046,25.38711360713379,0.8510232588038814,0.9450515945900957,0.9495298509327676,0.9850055804003932
chat_preview,ui_text,meme_card,1200,800,512,341,33,64,64,1,2825,3869,0.7301628327733264,3.94462,29.82451279520665,0.9247183370934637,0.9755433779114432,0.9828050054211407,0.9961633810492015
chat_preview,ui_text,meme_card,1200,800,512,341,33,64,64,2,3333,3869,0.8614629103127424,5.01921,31.812620386415183,0.935634789878526,0.9769810888269316,0.9858898309474976,0.9976203050969843
chat_preview,ui_text,meme_card,1200,800,512,341,33,64,64,3,3869,3869,1.0,4.77979,34.54355613356824,0.9450117474393006,0.9799017692069029,0.9885194315995097,0.9985558142197948
chat_preview,ui_text,meme_card,1200,800,512,341,34,64,32,0,1622,2830,0.5731448763250884,3.79437,22.22512326453943,0.7613168945944747,0.9001376966297409,0.9053316839364597,0.9618712027498901
chat_preview,ui_text,meme_card,1200,800,512,341,34,64,32,1,2013,2830,0.7113074204946996,3.98317,25.357423295739395,0.857627032292915,0.9460316132271216,0.9503310445672165,0.9849445256363363
chat_preview,ui_text,meme_card,1200,800,512,341,34,64,32,2,2387,2830,0.8434628975265017,3.92925,29.42743712211612,0.9224940800128366,0.9731683453892894,0.9815815626307424,0.9954922062362261
chat_preview,ui_text,meme_card,1200,800,512,341,34,64,32,3,2583,2830,0.9127208480565371,3.98479,30.9317866326835,0.9297017315898652,0.9735291467212682,0.9832648231895622,0.9966390077901376
chat_preview,ui_text,meme_card,1200,800,512,341,34,64,32,4,2830,2830,1.0,4.23729,30.964526139889106,0.9300120296631071,0.9735269429839032,0.9832607918659996,0.9966490793601795
chat_preview,ui_text,meme_card,1200,800,512,341,34,64,64,0,2219,3869,0.5735332127164642,4.1765,25.38711360713379,0.8510232588038814,0.9450515945900957,0.9495298509327676,0.9850055804003932
chat_preview,ui_text,meme_card,1200,800,512,341,34,64,64,1,2825,3869,0.7301628327733264,3.90562,29.82451279520665,0.9247183370934637,0.9755433779114432,0.9828050054211407,0.9961633810492015
chat_preview,ui_text,meme_card,1200,800,512,341,34,64,64,2,3333,3869,0.8614629103127424,4.19071,31.81652861532551,0.93565572271984,0.9769933030810699,0.9858925180903214,0.9976230816466118
chat_preview,ui_text,meme_card,1200,800,512,341,34,64,64,3,3869,3869,1.0,4.50521,34.55566072819076,0.945055129278944,0.9798982358396451,0.9885165747342838,0.9985581120848841
chat_preview,ui_text,meme_card,1200,800,512,341,35,64,32,0,1659,2861,0.5798671793079343,3.97004,22.240255457735785,0.7645782666373434,0.9021495292816831,0.9060844026085374,0.9618742498421763
chat_preview,ui_text,meme_card,1200,800,512,341,35,64,32,1,2043,2861,0.7140859839217057,4.15979,25.366165123138032,0.8610443659798057,0.9486325482606516,0.9517132000607103,0.9849244510184179
chat_preview,ui_text,meme_card,1200,800,512,341,35,64,32,2,2419,2861,0.8455085634393569,5.34771,29.53135966512867,0.925018071637048,0.975706053180366,0.9831522893907034,0.9956605623245145
chat_preview,ui_text,meme_card,1200,800,512,341,35,64,32,3,2614,2861,0.9136665501572877,4.25287,31.09131963746649,0.9314543681048236,0.9759206092145195,0.9845485184897728,0.9968346192130991
chat_preview,ui_text,meme_card,1200,800,512,341,35,64,32,4,2861,2861,1.0,4.69604,31.12564041435028,0.931757755902265,0.975929247613407,0.9845565474016834,0.9968461563560918
chat_preview,ui_text,meme_card,1200,800,512,341,35,64,64,0,2278,3962,0.5749621403331651,3.84662,25.457364297605956,0.8562675418193589,0.9478665906519002,0.951556048156535,0.9853975994933332
chat_preview,ui_text,meme_card,1200,800,512,341,35,64,64,1,2902,3962,0.7324583543664815,4.09063,29.963520660205063,0.9307530023192309,0.9781132399270144,0.9848123763842092,0.9963746898168256
chat_preview,ui_text,meme_card,1200,800,512,341,35,64,64,2,3412,3962,0.8611812216052499,4.09879,32.026192378885206,0.9422288572656806,0.9799156436448766,0.9882538432229213,0.9978147120504115
chat_preview,ui_text,meme_card,1200,800,512,341,35,64,64,3,3962,3962,1.0,4.75142,35.09402980524948,0.9519392062956059,0.9828426414039934,0.990859000437989,0.9987676621422549
chat_preview,ui_text,meme_card,1200,800,512,341,36,64,32,0,1659,2861,0.5798671793079343,3.7595,22.240255457735785,0.7645782666373434,0.9021495292816831,0.9060844026085374,0.9618742498421763
chat_preview,ui_text,meme_card,1200,800,512,341,36,64,32,1,2043,2861,0.7140859839217057,3.83346,25.366199561798183,0.861043940869846,0.9486324966342354,0.9517130378012192,0.9849245610152557
chat_preview,ui_text,meme_card,1200,800,512,341,36,64,32,2,2417,2861,0.8448095071653268,3.84646,29.54150502430311,0.9256465471933625,0.9759128969200376,0.9833104234515653,0.995679796487602
chat_preview,ui_text,meme_card,1200,800,512,341,36,64,32,3,2612,2861,0.9129674938832576,4.1245,31.09081505319892,0.9327453692049059,0.976230961938955,0.9848380971919618,0.9968431492079338
chat_preview,ui_text,meme_card,1200,800,512,341,36,64,32,4,2861,2861,1.0,4.36171,31.131005358009766,0.933093996817102,0.9762462054787174,0.9848521076263407,0.9968572968573907
chat_preview,ui_text,meme_card,1200,800,512,341,36,64,64,0,2278,3961,0.575107296137339,3.75921,25.457364297605956,0.8562675418193589,0.9478665906519002,0.951556048156535,0.9853975994933332
chat_preview,ui_text,meme_card,1200,800,512,341,36,64,64,1,2902,3961,0.7326432719010351,4.07879,29.963498784833867,0.9307560097040692,0.9781140841715289,0.9848123265403782,0.9963746460339393
chat_preview,ui_text,meme_card,1200,800,512,341,36,64,64,2,3410,3961,0.8608937137086594,4.02971,32.039745796697204,0.9421209607729676,0.9799465965835705,0.9882964250576747,0.9978213362663856
chat_preview,ui_text,meme_card,1200,800,512,341,36,64,64,3,3961,3961,1.0,5.00175,35.13283667109953,0.9519776226335988,0.9828641229545246,0.9909017852123712,0.9987736079056873
chat_preview,ui_text,meme_card,1200,800,512,341,37,64,32,0,1659,2876,0.5768428372739917,3.79004,22.240255457735785,0.7645782666373434,0.9021495292816831,0.9060844026085374,0.9618742498421763
chat_preview,ui_text,meme_card,1200,800,512,341,37,64,32,1,2050,2876,0.7127955493741307,3.88054,25.368665026418483,0.8611007118255385,0.9487084460979965,0.9517047323270119,0.984940305125516
chat_preview,ui_text,meme_card,1200,800,512,341,37,64,32,2,2429,2876,0.8445757997218358,3.93758,29.5563649479505,0.9259356990985754,0.9760063999639795,0.9833254669640804,0.9957068419658587
chat_preview,ui_text,meme_card,1200,800,512,341,37,64,32,3,2624,2876,0.9123783031988874,3.88254,31.11130220137422,0.9330875249338638,0.9763483275386854,0.9847876833285227,0.9968672809981907
chat_preview,ui_text,meme_card,1200,800,512,341,37,64,32,4,2876,2876,1.0,4.92129,31.159973579920667,0.9334570475274084,0.9763686451073686,0.9848069571302123,0.9968860523603461
chat_preview,ui_text,meme_card,1200,800,512,341,37,64,64,0,2278,3975,0.5730817610062893,3.81217,25.457364297605956,0.8562675418193589,0.9478665906519002,0.951556048156535,0.9853975994933332
chat_preview,ui_text,meme_card,1200,800,512,341,37,64,64,1,2918,3975,0.7340880503144654,3.97483,29.968617716122196,0.9309957351672016,0.9782023879784353,0.9848124922623459,0.9963802217715699
chat_preview,ui_text,meme_card,1200,800,512,341,37,64,64,2,3424,3975,0.8613836477987421,4.22687,32.037660456474214,0.9422503110285709,0.9799935908186943,0.9882876336934189,0.99782083533839
chat_preview,ui_text,meme_card,1200,800,512,341,37,64,64,3,3975,3975,1.0,4.41179,35.1316298893928,0.9521372474056689,0.982934977730424,0.9908979284393857,0.9987756507411236
chat_preview,ui_text,meme_card,1200,800,512,341,38,64,32,0,1699,2933,0.5792703716331401,3.87333,22.240255457735785,0.7645782666373434,0.9021495292816831,0.9060844026085374,0.9618742498421763
chat_preview,ui_text,meme_card,1200,800,512,341,38,64,32,1,2099,2933,0.7156495056256392,3.94833,25.368478823616314,0.8611064758486835,0.9487104490206568,0.951705394682329,0.9849406611253178
chat_preview,ui_text,meme_card,1200,800,512,341,38,64,32,2,2480,2933,0.8455506307534947,3.9325,29.55902092678928,0.9253450505685367,0.9758817366836606,0.9832948498450573,0.9957214756761236
chat_preview,ui_text,meme_card,1200,800,512,341,38,64,32,3,2679,2933,0.9133992499147631,4.20971,31.117347368137537,0.9326058962319586,0.9762662691109879,0.9848319794873149,0.9968954893411561
chat_preview,ui_text,meme_card,1200,800,512,341,38,64,32,4,2933,2933,1.0,4.45925,31.171270311186426,0.9330123455411669,0.9762947822053105,0.9848629174533077,0.9969165198961387
chat_preview,ui_text,meme_card,1200,800,512,341,38,64,64,0,2278,3995,0.5702127659574469,3.79467,25.457364297605956,0.8562675418193589,0.9478665906519002,0.951556048156535,0.9853975994933332
chat_preview,ui_text,meme_card,1200,800,512,341,38,64,64,1,2918,3995,0.730413016270338,4.32658,29.96863176830558,0.9309946640143288,0.9782013791836944,0.9848121954056008,0.99638021869232
chat_preview,ui_text,meme_card,1200,800,512,341,38,64,64,2,3435,3995,0.8598247809762203,4.13558,32.061291862782596,0.9423487351819149,0.980111985680395,0.9883737674339884,0.9978474604934351
chat_preview,ui_text,meme_card,1200,800,512,341,38,64,64,3,3995,3995,1.0,4.48908,35.21393508933292,0.9525786491808046,0.9830202521097345,0.9909518567650503,0.9987906554280608
chat_preview,ui_text,meme_card,1200,800,512,341,39,64,32,0,1709,2959,0.5775599864819195,3.80212,22.241359695124263,0.7656374447976267,0.9031318665068385,0.9062917880978406,0.9618504049282457
chat_preview,ui_text,meme_card,1200,800,512,341,39,64,32,1,2111,2959,0.7134166948293342,3.85096,25.366692788470495,0.861800652757814,0.9495827691466242,0.9517306624455656,0.984929820325933
chat_preview,ui_text,meme_card,1200,800,512,341,39,64,32,2,2494,2959,0.8428523149712741,3.85358,29.58833558812174,0.9266983607396538,0.976893645919534,0.9835038104136649,0.9957689320996194
chat_preview,ui_text,meme_card,1200,800,512,341,39,64,32,3,2695,2959,0.9107806691449815,4.43304,31.16513516414059,0.9341127528929424,0.9773212480518052,0.9851041111988469,0.9969541196069419
chat_preview,ui_text,meme_card,1200,800,512,341,39,64,32,4,2959,2959,1.0,4.46996,31.256503858213808,0.9346436368610984,0.977385631825996,0.9851736570448785,0.9969911886233618
chat_preview,ui_text,meme_card,1200,800,512,341,39,64,64,0,2346,4084,0.5744368266405485,3.85633,25.45822932595001,0.8583317371414587,0.949149929593157,0.9515162820474291,0.9853889864682986
chat_preview,ui_text,meme_card,1200,800,512,341,39,64,64,1,2989,4084,0.7318805093046034,4.03625,30.000189541157916,0.9334022946589114,0.9795422406548028,0.9847855012015083,0.9964165845153804
chat_preview,ui_text,meme_card,1200,800,512,341,39,64,64,2,3524,4084,0.8628795298726738,4.32329,32.10024405216166,0.9447709143925224,0.9814143678976275,0.9882515236399969,0.997877420154924
chat_preview,ui_text,meme_card,1200,800,512,341,39,64,64,3,4084,4084,1.0,4.73238,35.31847502570275,0.9551241775524794,0.984365749267964,0.9908558948913097,0.9988275759192796
chat_preview,ui_text,meme_card,1200,800,512,341,40,64,32,0,1709,2963,0.5767802902463719,3.76871,22.241359695124263,0.7656374447976267,0.9031318665068385,0.9062917880978406,0.9618504049282457
chat_preview,ui_text,meme_card,1200,800,512,341,40,64,32,1,2112,2963,0.7127910901113736,3.79417,25.36493279368544,0.8617585692889912,0.9495450180819383,0.9517042276223661,0.9849217255994095
chat_preview,ui_text,meme_card,1200,800,512,341,40,64,32,2,2495,2963,0.8420519743503206,3.93371,29.59045440658968,0.9270288614555375,0.9769735678626619,0.9834873203287738,0.9957737742196265
chat_preview,ui_text,meme_card,1200,800,512,341,40,64,32,3,2690,2963,0.9078636517043537,4.00087,31.161015001933265,0.9341779056147499,0.9774313040635819,0.9851273763828902,0.9969803434855657
chat_preview,ui_text,meme_card,1200,800,512,341,40,64,32,4,2963,2963,1.0,5.23346,31.31363048968886,0.9349593749500462,0.977598305098779,0.9853032559215311,0.9970456133377703
chat_preview,ui_text,meme_card,1200,800,512,341,40,64,64,0,2346,4095,0.5728937728937729,3.84458,25.45822932595001,0.8583317371414587,0.949149929593157,0.9515162820474291,0.9853889864682986
chat_preview,ui_text,meme_card,1200,800,512,341,40,64,64,1,2989,4095,0.7299145299145299,4.17204,30.00008191585787,0.9334224137662135,0.9795398085090438,0.9847818862175,0.9964157743452101
chat_preview,ui_text,meme_card,1200,800,512,341,40,64,64,2,3524,4095,0.8605616605616606,4.2905,32.104875047804285,0.9447854609655318,0.9814239921578275,0.9882554943397388,0.9978799624096245
chat_preview,ui_text,meme_card,1200,800,512,341,40,64,64,3,4095,4095,1.0,4.56021,35.40967131748932,0.9556274838008338,0.9844289372794277,0.990912337590447,0.9988431972230495
chat_preview,ui_text,meme_card,1200,800,512,341,41,64,32,0,1709,2980,0.573489932885906,4.16217,22.241359695124263,0.7656374447976267,0.9031318665068385,0.9062917880978406,0.9618504049282457
chat_preview,ui_text,meme_card,1200,800,512,341,41,64,32,1,2120,2980,0.7114093959731543,4.06433,25.370859765896387,0.8619492353841526,0.9493123998272411,0.9512813943868822,0.9849634479818038
chat_preview,ui_text,meme_card,1200,800,512,341,41,64,32,2,2507,2980,0.8412751677852349,5.43471,29.595193585397244,0.9273839639579345,0.9770527614360679,0.9836779804584311,0.9957994498977871
chat_preview,ui_text,meme_card,1200,800,512,341,41,64,32,3,2703,2980,0.9070469798657718,5.05533,31.191847994332825,0.9349350759544256,0.9775971160756352,0.9854812692005723,0.997031729026185
chat_preview,ui_text,meme_card,1200,800,512,341,41,64,32,4,2980,2980,1.0,5.29546,31.398604585146455,0.9359242552777829,0.9778480054064463,0.9857453347162238,0.9971253305127802
chat_preview,ui_text,meme_card,1200,800,512,341,41,64,64,0,2346,4149,0.5654374548083876,4.09837,25.45822932595001,0.8583317371414587,0.949149929593157,0.9515162820474291,0.9853889864682986
chat_preview,ui_text,meme_card,1200,800,512,341,41,64,64,1,3030,4149,0.7302964569775849,4.88467,30.0269534258543,0.9331233826307709,0.9796723383880077,0.9848567392638818,0.9964674239968643
chat_preview,ui_text,meme_card,1200,800,512,341,41,64,64,2,3578,4149,0.8623764762593396,4.45492,32.12705941209988,0.9451456385610079,0.9815878656934647,0.9883313196122765,0.9979122044396164
chat_preview,ui_text,meme_card,1200,800,512,341,41,64,64,3,4149,4149,1.0,4.70621,35.425698969886426,0.9557198702557431,0.984493265586016,0.9908672755050468,0.9988510984884841
chat_preview,ui_text,meme_card,1200,800,512,341,42,64,32,0,1709,2996,0.5704272363150867,5.15825,22.241359695124263,0.7656374447976267,0.9031318665068385,0.9062917880978406,0.9618504049282457
chat_preview,ui_text,meme_card,1200,800,512,341,42,64,32,1,2127,2996,0.7099465954606141,5.112,25.379098061208765,0.8620533025837354,0.9493409164298677,0.9512734533818457,0.9849893353226982
chat_preview,ui_text,meme_card,1200,800,512,341,42,64,32,2,2514,2996,0.8391188251001335,4.42796,29.609469269515472,0.9278440418111523,0.9771897288616463,0.9836556264328742,0.9958150796356358
chat_preview,ui_text,meme_card,1200,800,512,341,42,64,32,3,2715,2996,0.9062082777036048,4.65271,31.221340649357433,0.9356695894984073,0.9779007393866149,0.9855596626294197,0.9970659348711004
chat_preview,ui_text,meme_card,1200,800,512,341,42,64,32,4,2996,2996,1.0,4.77537,31.47443477627693,0.9368464551359668,0.9782567224822314,0.9859261376587173,0.9971840123367871
chat_preview,ui_text,meme_card,1200,800,512,341,42,64,64,0,2346,4161,0.5638067772170151,4.52137,25.45822932595001,0.8583317371414587,0.949149929593157,0.9515162820474291,0.9853889864682986
chat_preview,ui_text,meme_card,1200,800,512,341,42,64,64,1,3036,4161,0.7296322999279019,4.48137,30.01975387665862,0.9331576780381554,0.9796843887340033,0.9848656845885477,0.996464516370784
chat_preview,ui_text,meme_card,1200,800,512,341,42,64,64,2,3584,4161,0.8613314107185772,4.57808,32.13640799495762,0.9453268459212066,0.981635668191886,0.98836282177571,0.9979189362034756
chat_preview,ui_text,meme_card,1200,800,512,341,42,64,64,3,4161,4161,1.0,5.13817,35.496926867676954,0.9562022333771103,0.9845782645120909,0.9909404339338417,0.998873126123984
chat_preview,ui_text,meme_card,1200,800,512,341,43,64,32,0,1709,3006,0.5685296074517632,4.45429,22.241359695124263,0.7656374447976267,0.9031318665068385,0.9062917880978406,0.9618504049282457
chat_preview,ui_text,meme_card,1200,800,512,341,43,64,32,1,2127,3006,0.7075848303393214,7.54896,25.379659865575043,0.8620735828713596,0.9493446344508043,0.9512756945268747,0.9849924557573624
chat_preview,ui_text,meme_card,1200,800,512,341,43,64,32,2,2520,3006,0.8383233532934131,4.24746,29.635841620839642,0.9274907493311871,0.9771115572566739,0.9836495888959065,0.9958357415127955
chat_preview,ui_text,meme_card,1200,800,512,341,43,64,32,3,2724,3006,0.906187624750499,4.58646,31.274697520294716,0.9358367416494363,0.977986494268746,0.9857014739000414,0.9971075939014546
chat_preview,ui_text,meme_card,1200,800,512,341,43,64,32,4,3006,3006,1.0,4.56487,31.573069671755455,0.9372401068379185,0.978413668685293,0.9861480992869565,0.997248133684498
chat_preview,ui_text,meme_card,1200,800,512,341,43,64,64,0,2346,4210,0.5572446555819477,4.98088,25.45822932595001,0.8583317371414587,0.949149929593157,0.9515162820474291,0.9853889864682986
chat_preview,ui_text,meme_card,1200,800,512,341,43,64,64,1,3039,4210,0.7218527315914489,4.50271,30.01918965280261,0.9331266098481551,0.979679618259281,0.9848633007789434,0.9964645053862021
chat_preview,ui_text,meme_card,1200,800,512,341,43,64,64,2,3633,4210,0.8629453681710214,5.12896,32.133865328280756,0.9451788805802032,0.9814482474348406,0.9882623208558672,0.9979178589779034
chat_preview,ui_text,meme_card,1200,800,512,341,43,64,64,3,4210,4210,1.0,5.13108,35.49303723715489,0.9559656182463864,0.9844835583023506,0.9909184356979672,0.9988713196248118
chat_preview,ui_text,meme_card,1200,800,512,341,44,64,32,0,1727,3038,0.5684660961158657,4.15029,22.247810625732882,0.7654973717515835,0.9040660692707764,0.9064535473904995,0.9619423479452048
chat_preview,ui_text,meme_card,1200,800,512,341,44,64,32,1,2146,3038,0.7063857801184991,4.51408,25.398606565799216,0.8629375096998985,0.9506045849155565,0.9517671282159067,0.9850978145973673
chat_preview,ui_text,meme_card,1200,800,512,341,44,64,32,2,2539,3038,0.8357472021066491,4.02183,29.67680776895897,0.9288011511642217,0.9784985355995316,0.984078165799989,0.9959098983415938
chat_preview,ui_text,meme_card,1200,800,512,341,44,64,32,3,2754,3038,0.9065174456879526,4.66696,31.350416858113853,0.9370570916780513,0.9794171327283762,0.9861284363015635,0.9971974353679277
chat_preview,ui_text,meme_card,1200,800,512,341,44,64,32,4,3038,3038,1.0,8.32721,31.68716921296364,0.9385944656774102,0.9798904467984163,0.9866285068105254,0.9973535744961406
chat_preview,ui_text,meme_card,1200,800,512,341,44,64,64,0,2384,4249,0.5610731936926335,4.04533,25.468092857702672,0.8592259781059409,0.9501683372119896,0.9518312215090641,0.9854533261792259
chat_preview,ui_text,meme_card,1200,800,512,341,44,64,64,1,3078,4249,0.7244057425276536,4.73204,30.04199906261766,0.9344947007127805,0.9807538192512743,0.9851628132880901,0.9965060126175657
chat_preview,ui_text,meme_card,1200,800,512,341,44,64,64,2,3672,4249,0.8642033419628148,4.65979,32.17243357249148,0.9464829558489828,0.9825208805484918,0.9885925750548111,0.9979602880119239
chat_preview,ui_text,meme_card,1200,800,512,341,44,64,64,3,4249,4249,1.0,5.31258,35.6411390338633,0.957437053225453,0.9855902273014426,0.9912995651834352,0.9989214063002712
chat_preview,ui_text,meme_card,1200,800,512,341,45,64,32,0,1727,3048,0.5666010498687664,4.159,22.247810625732882,0.7654973717515835,0.9040660692707764,0.9064535473904995,0.9619423479452048
chat_preview,ui_text,meme_card,1200,800,512,341,45,64,32,1,2146,3048,0.7040682414698163,3.95487,25.39830084745272,0.862942550480312,0.9506055826195059,0.9517671782115555,0.9850965118914533
chat_preview,ui_text,meme_card,1200,800,512,341,45,64,32,2,2541,3048,0.8336614173228346,4.15796,29.69032418443923,0.9289830307938044,0.9785928573314759,0.9841012843117936,0.9959300647826094
chat_preview,ui_text,meme_card,1200,800,512,341,45,64,32,3,2759,3048,0.9051837270341208,5.1415,31.36433885041217,0.9375489919454583,0.9795195718748603,0.9861314428387021,0.9972036564967902
chat_preview,ui_text,meme_card,1200,800,512,341,45,64,32,4,3048,3048,1.0,5.12021,31.772253816975876,0.9393742346251489,0.9800935045250027,0.9867549991005705,0.9973906542793648
chat_preview,ui_text,meme_card,1200,800,512,341,45,64,64,0,2384,4253,0.5605454972960263,4.61579,25.468092857702672,0.8592259781059409,0.9501683372119896,0.9518312215090641,0.9854533261792259
chat_preview,ui_text,meme_card,1200,800,512,341,45,64,64,1,3078,4253,0.7237244298142488,4.16492,30.042086229455037,0.9344986051309382,0.9807539509229564,0.9851628164689183,0.9965060413504538
chat_preview,ui_text,meme_card,1200,800,512,341,45,64,64,2,3676,4253,0.8643310604279332,4.59863,32.17288401949438,0.9464784807298322,0.9825248404728856,0.9885792096008729,0.9979614324004169
chat_preview,ui_text,meme_card,1200,800,512,341,45,64,64,3,4253,4253,1.0,4.6825,35.659230238450476,0.9574940616357933,0.9855782741957388,0.9912858733836336,0.9989251350269861
chat_preview,ui_text,meme_card,1200,800,512,341,46,64,32,0,1727,3064,0.5636422976501305,3.85758,22.247810625732882,0.7654973717515835,0.9040660692707764,0.9064535473904995,0.9619423479452048
chat_preview,ui_text,meme_card,1200,800,512,341,46,64,32,1,2146,3064,0.7003916449086162,4.87175,25.39830084745272,0.862942550480312,0.9506055826195059,0.9517671782115555,0.9850965118914533
chat_preview,ui_text,meme_card,1200,800,512,341,46,64,32,2,2551,3064,0.8325718015665796,5.31212,29.69197199071929,0.92971979898695,0.9787367625976507,0.9843759500372299,0.9959404498146043
chat_preview,ui_text,meme_card,1200,800,512,341,46,64,32,3,2776,3064,0.9060052219321149,4.00862,31.379442081758274,0.9380944243600023,0.9798000054282135,0.9865346924006788,0.9972532698417282
chat_preview,ui_text,meme_card,1200,800,512,341,46,64,32,4,3064,3064,1.0,4.34258,31.862399780229374,0.9402134351241793,0.9804826433747448,0.9872950616690734,0.9974756420674893
chat_preview,ui_text,meme_card,1200,800,512,341,46,64,64,0,2384,4273,0.5579218347765036,4.03362,25.468092857702672,0.8592259781059409,0.9501683372119896,0.9518312215090641,0.9854533261792259
chat_preview,ui_text,meme_card,1200,800,512,341,46,64,64,1,3078,4273,0.7203369997659724,4.36062,30.042086229455037,0.9344986051309382,0.9807539509229564,0.9851628164689183,0.9965060413504538
chat_preview,ui_text,meme_card,1200,800,512,341,46,64,64,2,3686,4273,0.8626257898432015,4.83629,32.18953662117553,0.9466126074901924,0.9825646648786246,0.9885809226977803,0.9979714658906796
chat_preview,ui_text,meme_card,1200,800,512,341,46,64,64,3,4273,4273,1.0,5.55146,35.73638853249663,0.9577351395181638,0.9856531551299947,0.991359341832249,0.9989408467264703
chat_preview,ui_text,meme_card,1200,800,512,341,47,64,32,0,1753,3116,0.5625802310654685,4.03987,22.239578575046398,0.765456277947191,0.9049459499716606,0.9074325220063203,0.9620689647527966
chat_preview,ui_text,meme_card,1200,800,512,341,47,64,32,1,2189,3116,0.7025032092426188,4.24417,25.392873676328087,0.8636408854940623,0.9509031542629609,0.9518476406348529,0.9851101557858464
chat_preview,ui_text,meme_card,1200,800,512,341,47,64,32,2,2596,3116,0.8331193838254172,4.06275,29.728021921428134,0.9320563748481238,0.9800055336684276,0.9853455053960214,0.9960150256429962
chat_preview,ui_text,meme_card,1200,800,512,341,47,64,32,3,2824,3116,0.9062901155327343,4.20887,31.433985224465797,0.9403251552086571,0.9811534465738925,0.9875325619671728,0.9973276176393395
chat_preview,ui_text,meme_card,1200,800,512,341,47,64,32,4,3116,3116,1.0,4.61458,32.00893201769611,0.9426348896332676,0.9819153607614056,0.9884241598221978,0.9975872092054986
chat_preview,ui_text,meme_card,1200,800,512,341,47,64,64,0,2440,4364,0.5591200733272227,3.97158,25.464419577523017,0.8608417005044146,0.9512624718504786,0.9533233350847268,0.9854507937890165
chat_preview,ui_text,meme_card,1200,800,512,341,47,64,64,1,3167,4364,0.7257103574702108,4.17383,30.05206080301062,0.9373359375172939,0.982180901956981,0.9869022309919918,0.9965265554830559
chat_preview,ui_text,meme_card,1200,800,512,341,47,64,64,2,3776,4364,0.8652612282309807,4.51854,32.19340844371031,0.9494990338854389,0.9839538794167965,0.9902624114470913,0.9979924759344685
chat_preview,ui_text,meme_card,1200,800,512,341,47,64,64,3,4364,4364,1.0,4.85983,35.77936351846271,0.9608608592898786,0.9870915033275359,0.9931356822516861,0.9989662027330065
chat_preview,ui_text,meme_card,1200,800,512,341,48,64,32,0,1753,3132,0.55970625798212,4.01396,22.239578575046398,0.765456277947191,0.9049459499716606,0.9074325220063203,0.9620689647527966
chat_preview,ui_text,meme_card,1200,800,512,341,48,64,32,1,2189,3132,0.6989144316730523,4.13892,25.39303161699103,0.863642726634171,0.9509034083535891,0.9518474980129189,0.9851107250961656
chat_preview,ui_text,meme_card,1200,800,512,341,48,64,32,2,2615,3132,0.8349297573435505,4.41412,29.749284325511184,0.9326675784081543,0.9802249430755906,0.98526411185261,0.9960429218925149
chat_preview,ui_text,meme_card,1200,800,512,341,48,64,32,3,2841,3132,0.907088122605364,4.24029,31.47658189430828,0.9412491070276062,0.9813590433464735,0.9874165417049444,0.9973551047828508
chat_preview,ui_text,meme_card,1200,800,512,341,48,64,32,4,3132,3132,1.0,5.22783,32.112258634445695,0.9438107272820426,0.982177345440626,0.9883966299998755,0.9976401205720816
chat_preview,ui_text,meme_card,1200,800,512,341,48,64,64,0,2440,4381,0.5569504679296964,3.97012,25.464419577523017,0.8608417005044146,0.9512624718504786,0.9533233350847268,0.9854507937890165
chat_preview,ui_text,meme_card,1200,800,512,341,48,64,64,1,3167,4381,0.7228943163661264,4.23929,30.05195407839253,0.9373343957736665,0.9821796798425049,0.9869022187076936,0.9965264110269973
chat_preview,ui_text,meme_card,1200,800,512,341,48,64,64,2,3788,4381,0.8646427756220041,4.26446,32.21117681480062,0.9493978547535077,0.9838710471904126,0.9901046936452869,0.997997884587061
chat_preview,ui_text,meme_card,1200,800,512,341,48,64,64,3,4381,4381,1.0,4.84758,35.86927576304403,0.9610390182350429,0.9870660471788648,0.9930543996088075,0.9989734229445145
chat_preview,ui_text,meme_card,1200,800,512,341,49,64,32,0,1773,3164,0.5603666245259166,4.21658,22.239974807614548,0.7665207081599207,0.9055369661757671,0.907603454155698,0.9620180157320553
chat_preview,ui_text,meme_card,1200,800,512,341,49,64,32,1,2211,3164,0.6987989886219975,4.11758,25.394335972654552,0.8641262378145195,0.9513784713589254,0.9519853641512406,0.9850859608315039
chat_preview,ui_text,meme_card,1200,800,512,341,49,64,32,2,2645,3164,0.8359671302149179,4.19208,29.75584475506606,0.9331640922125514,0.9808136213256716,0.985382420942032,0.9960507335441753
chat_preview,ui_text,meme_card,1200,800,512,341,49,64,32,3,2872,3164,0.9077117572692794,4.39992,31.488373050360934,0.9421553042227707,0.9820358154907335,0.9876886392991289,0.9973703972481665
chat_preview,ui_text,meme_card,1200,800,512,341,49,64,32,4,3164,3164,1.0,4.46346,32.16756029301956,0.9447722418454427,0.9829066850391884,0.9887314052650227,0.9976720947633363
chat_preview,ui_text,meme_card,1200,800,512,341,49,64,64,0,2484,4433,0.5603428829235281,3.86,25.46277335179623,0.8618518693922819,0.9519667863888852,0.9534073842711519,0.9854409875417292
chat_preview,ui_text,meme_card,1200,800,512,341,49,64,64,1,3212,4433,0.7245657568238213,3.85471,30.04924502903567,0.9381282959402523,0.9827466743982155,0.9870190387175961,0.9965220381143626
chat_preview,ui_text,meme_card,1200,800,512,341,49,64,64,2,3840,4433,0.8662305436498985,5.65592,32.212503055541546,0.9503743657104557,0.9844812715711554,0.9901956543136365,0.9979985436916811
chat_preview,ui_text,meme_card,1200,800,512,341,49,64,64,3,4433,4433,1.0,4.4965,35.90079794033549,0.9622134595824127,0.9876777596184274,0.9931575719282042,0.9989800250579477
chat_preview,ui_text,meme_card,1200,800,512,341,50,64,32,0,1773,3175,0.5584251968503937,4.06154,22.239974807614548,0.7665207081599207,0.9055369661757671,0.907603454155698,0.9620180157320553
chat_preview,ui_text,meme_card,1200,800,512,341,50,64,32,1,2213,3175,0.697007874015748,3.77308,25.39583471693672,0.864138449116265,0.9514035957061804,0.9520005260934883,0.9850931934769402
chat_preview,ui_text,meme_card,1200,800,512,341,50,64,32,2,2647,3175,0.8337007874015748,3.97358,29.761605115608077,0.9332871974357041,0.9808518407677288,0.9853870778849027,0.9960597092544917
chat_preview,ui_text,meme_card,1200,800,512,341,50,64,32,3,2882,3175,0.9077165354330708,4.00521,31.50681253255431,0.9422678953408766,0.9820305729654981,0.9876607088788536,0.997375390863923
chat_preview,ui_text,meme_card,1200,800,512,341,50,64,32,4,3175,3175,1.0,4.26512,32.25297481217353,0.945169643464128,0.9829659031768468,0.9887828290872359,0.997706039563982
chat_preview,ui_text,meme_card,1200,800,512,341,50,64,64,0,2484,4431,0.5605958023019635,3.96125,25.46277335179623,0.8618518693922819,0.9519667863888852,0.9534073842711519,0.9854409875417292
chat_preview,ui_text,meme_card,1200,800,512,341,50,64,64,1,3214,4431,0.7253441661024599,4.12358,30.05032888460574,0.9381995956785733,0.9827718749501635,0.9870440801679891,0.9965244572343067
chat_preview,ui_text,meme_card,1200,800,512,341,50,64,64,2,3842,4431,0.8670728955089144,4.14383,32.2218697738655,0.9504573874092067,0.9845183402741032,0.9902203729731294,0.9980061960763226
chat_preview,ui_text,meme_card,1200,800,512,341,50,64,64,3,4431,4431,1.0,4.5195,35.95095289790228,0.9624746674025029,0.9877356267040723,0.9932035747007272,0.9989952829783425
chat_preview,ui_text,meme_card,1200,800,512,341,51,64,32,0,1773,3201,0.5538894095595126,3.89121,22.239974807614548,0.7665207081599207,0.9055369661757671,0.907603454155698,0.9620180157320553
chat_preview,ui_text,meme_card,1200,800,512,341,51,64,32,1,2226,3201,0.6954076850984068,4.25467,25.399028206904383,0.8644685518623798,0.9514349244000008,0.952048020029701,0.9851044643855041
chat_preview,ui_text,meme_card,1200,800,512,341,51,64,32,2,2668,3201,0.8334895345204624,4.03763,29.775929752211496,0.9338735825718626,0.9810235648995841,0.9853800823546122,0.9960818877239636
chat_preview,ui_text,meme_card,1200,800,512,341,51,64,32,3,2906,3201,0.9078412995938769,4.5045,31.522602138890225,0.9428212204125835,0.9821799531319684,0.9875894810064892,0.997387435081962
chat_preview,ui_text,meme_card,1200,800,512,341,51,64,32,4,3201,3201,1.0,4.39112,32.30407476158943,0.9459156068299887,0.9831729448323978,0.9887792366686925,0.9977310654720376
chat_preview,ui_text,meme_card,1200,800,512,341,51,64,64,0,2484,4469,0.5558290445289774,3.93542,25.46277335179623,0.8618518693922819,0.9519667863888852,0.9534073842711519,0.9854409875417292
chat_preview,ui_text,meme_card,1200,800,512,341,51,64,64,1,3229,4469,0.7225330051465653,4.17692,30.052413387140263,0.9382932919038313,0.9828003866614301,0.9870534158961134,0.9965314257378769
chat_preview,ui_text,meme_card,1200,800,512,341,51,64,64,2,3879,4469,0.8679794137390915,4.14912,32.233855592649,0.951146565442988,0.9846817256691068,0.990346301870788,0.9980265309955215
chat_preview,ui_text,meme_card,1200,800,512,341,51,64,64,3,4469,4469,1.0,5.17571,35.99123933229929,0.9630144833262698,0.9878276621007881,0.9932709211127017,0.9990084427659834
chat_preview,ui_text,meme_card,1200,800,512,341,52,64,32,0,1773,3211,0.5521644347555279,3.98079,22.239974807614548,0.7665207081599207,0.9055369661757671,0.907603454155698,0.9620180157320553
chat_preview,ui_text,meme_card,1200,800,512,341,52,64,32,1,2226,3211,0.6932419806913734,3.91912,25.399191189962792,0.8644704184536068,0.9514360999350311,0.9520474807252306,0.985104740772498
chat_preview,ui_text,meme_card,1200,800,512,341,52,64,32,2,2670,3211,0.8315166614761756,4.50608,29.776506962720084,0.9341607528586966,0.9811045399591096,0.9853601957227214,0.9960840907356765
chat_preview,ui_text,meme_card,1200,800,512,341,52,64,32,3,2916,3211,0.9081283089380255,4.98342,31.53344548875571,0.9431858836917525,0.9822460001402223,0.9876194952039741,0.9973950403963756
chat_preview,ui_text,meme_card,1200,800,512,341,52,64,32,4,3211,3211,1.0,5.14671,32.374273457740436,0.9465549597266235,0.9832881593028069,0.9888728729031341,0.9977649027503098
chat_preview,ui_text,meme_card,1200,800,512,341,52,64,64,0,2484,4496,0.552491103202847,4.77971,25.46277335179623,0.8618518693922819,0.9519667863888852,0.9534073842711519,0.9854409875417292
chat_preview,ui_text,meme_card,1200,800,512,341,52,64,64,1,3237,4496,0.7199733096085409,4.61904,30.052894300221553,0.9383008048244689,0.982802407696437,0.9870545140252626,0.996532110508173
chat_preview,ui_text,meme_card,1200,800,512,341,52,64,64,2,3888,4496,0.8647686832740213,4.71175,32.2393902421701,0.9512065371385394,0.9847071002629745,0.9903601679632059,0.9980296031692432
chat_preview,ui_text,meme_card,1200,800,512,341,52,64,64,3,4496,4496,1.0,5.15963,36.06564505868303,0.9632374443407922,0.9878841859513562,0.9932808819603786,0.9990178447309546
chat_preview,ui_text,meme_card,1200,800,512,341,53,64,32,0,1773,3234,0.5482374768089053,4.34042,22.239974807614548,0.7665207081599207,0.9055369661757671,0.907603454155698,0.9620180157320553
chat_preview,ui_text,meme_card,1200,800,512,341,53,64,32,1,2246,3234,0.6944959802102659,4.91387,25.40541644102854,0.8644421387728279,0.9516847472758219,0.9522466141229977,0.9851248358481981
chat_preview,ui_text,meme_card,1200,800,512,341,53,64,32,2,2693,3234,0.8327149041434756,4.27196,29.776001566293786,0.9340329309583217,0.9811146035287167,0.9852381836677021,0.9960786211393328
chat_preview,ui_text,meme_card,1200,800,512,341,53,64,32,3,2940,3234,0.9090909090909091,4.67563,31.54961387099291,0.943460972932075,0.9823319775681019,0.9876148602938868,0.9974105488039291
chat_preview,ui_text,meme_card,1200,800,512,341,53,64,32,4,3234,3234,1.0,6.25492,32.47900728603978,0.9472758117216684,0.9834679126849459,0.9890011815847587,0.9978130300589751
chat_preview,ui_text,meme_card,1200,800,512,341,53,64,64,0,2484,4541,0.5470160757542392,4.15625,25.46277335179623,0.8618518693922819,0.9519667863888852,0.9534073842711519,0.9854409875417292
chat_preview,ui_text,meme_card,1200,800,512,341,53,64,64,1,3272,4541,0.7205461352125082,4.13625,30.055957207964067,0.9379671594082414,0.9828405133512225,0.9870703424330807,0.9965443507037166
chat_preview,ui_text,meme_card,1200,800,512,341,53,64,64,2,3924,4541,0.8641268443074213,4.10854,32.248758265873434,0.9511148403656867,0.9847362059114163,0.9903565573738695,0.9980387695967092
chat_preview,ui_text,meme_card,1200,800,512,341,53,64,64,3,4541,4541,1.0,4.84437,36.07785390065067,0.9633588362071915,0.9879115836704768,0.993291925606892,0.9990276528886209
chat_preview,ui_text,meme_card,1200,800,512,341,54,64,32,0,1795,3264,0.5499387254901961,3.85617,22.24921111336151,0.7678218742266135,0.9068025222649597,0.908061315406487,0.9621810411651645
chat_preview,ui_text,meme_card,1200,800,512,341,54,64,32,1,2270,3264,0.6954656862745098,3.88379,25.41083423112429,0.8655597424302722,0.9529172750024486,0.9525949171620072,0.9851989788193236
chat_preview,ui_text,meme_card,1200,800,512,341,54,64,32,2,2723,3264,0.8342524509803921,4.24371,29.816299657749376,0.9349499847705293,0.9822603946662108,0.9855315430108808,0.9961670177426973
chat_preview,ui_text,meme_card,1200,800,512,341,54,64,32,3,2970,3264,0.9099264705882353,4.08979,31.624065699703397,0.9451508322262617,0.9834451362856962,0.9879557846628019,0.9974756087929192
chat_preview,ui_text,meme_card,1200,800,512,341,54,64,32,4,3264,3264,1.0,4.12183,32.58259076139757,0.9490394921584479,0.9845753327225889,0.9893448611618206,0.997881318872393
chat_preview,ui_text,meme_card,1200,800,512,341,54,64,64,0,2534,4607,0.5500325591491209,3.76912,25.47242368720856,0.8634294426270644,0.9530382703656609,0.9536358454529302,0.9854894638308307
chat_preview,ui_text,meme_card,1200,800,512,341,54,64,64,1,3326,4607,0.7219448665074886,3.94462,30.080991015880798,0.9395542721399069,0.9838847692407268,0.9872641526647595,0.9965798292293667
chat_preview,ui_text,meme_card,1200,800,512,341,54,64,64,2,3988,4607,0.8656392446277404,4.28025,32.32485642920073,0.9526252959913805,0.9857832324723795,0.9905501119688195,0.9980987197212442
chat_preview,ui_text,meme_card,1200,800,512,341,54,64,64,3,4607,4607,1.0,4.54017,36.23516769908001,0.9649103015320556,0.9889028754701946,0.9934449291646009,0.9990692510974143
chat_preview,ui_text,meme_card,1200,800,512,341,55,64,32,0,1875,3490,0.5372492836676218,3.89771,22.24921111336151,0.7678218742266135,0.9068025222649597,0.908061315406487,0.9621810411651645
chat_preview,ui_text,meme_card,1200,800,512,341,55,64,32,1,2350,3490,0.673352435530086,4.04492,25.411016363447242,0.8655558771905985,0.9529175452564774,0.9525942299543398,0.9851994655654451
chat_preview,ui_text,meme_card,1200,800,512,341,55,64,32,2,2821,3490,0.8083094555873925,4.98146,29.824343062952522,0.9350012801322021,0.9822781989674124,0.985603388133153,0.996176014053678
chat_preview,ui_text,meme_card,1200,800,512,341,55,64,32,3,3075,3490,0.8810888252148997,4.01371,31.633027701676685,0.9450604900009677,0.9834023983116934,0.9881193816111484,0.9974989131341305
chat_preview,ui_text,meme_card,1200,800,512,341,55,64,32,4,3490,3490,1.0,4.68408,32.64191542782749,0.9491922081612264,0.9845657080939912,0.989535218785016,0.9979257117739813
chat_preview,ui_text,meme_card,1200,800,512,341,55,64,64,0,2534,4628,0.5475367329299914,3.76212,25.47242368720856,0.8634294426270644,0.9530382703656609,0.9536358454529302,0.9854894638308307
chat_preview,ui_text,meme_card,1200,800,512,341,55,64,64,1,3330,4628,0.719533275713051,4.33175,30.080988417592582,0.9395449041488536,0.9838867927091344,0.9872651465438106,0.9965798754253772
chat_preview,ui_text,meme_card,1200,800,512,341,55,64,64,2,3997,4628,0.8636560069144339,4.35,32.31985725481617,0.9526182175993568,0.9857621421285135,0.9905409302023953,0.9980939577151099
chat_preview,ui_text,meme_card,1200,800,512,341,55,64,64,3,4628,4628,1.0,5.44433,36.278386077710685,0.9649993997850507,0.9889414967456919,0.9934882397294111,0.9990717667676104
chat_preview,ui_text,meme_card,1200,800,512,341,56,64,32,0,1875,3503,0.5352554952897517,4.45554,22.24921111336151,0.7678218742266135,0.9068025222649597,0.908061315406487,0.9621810411651645
chat_preview,ui_text,meme_card,1200,800,512,341,56,64,32,1,2358,3503,0.6731373108763916,3.83787,25.410893670402732,0.8657093353327528,0.953047351953512,0.952481864290027,0.9851931739398684
chat_preview,ui_text,meme_card,1200,800,512,341,56,64,32,2,2828,3503,0.8073080216956894,4.42104,29.820925704544013,0.9361971872830441,0.982494407530408,0.9857333831956357,0.9961637277679168
chat_preview,ui_text,meme_card,1200,800,512,341,56,64,32,3,3086,3503,0.8809591778475593,4.0495,31.674583547467556,0.9460225900173375,0.9837446165568086,0.9884230386341191,0.9975465023253999
chat_preview,ui_text,meme_card,1200,800,512,341,56,64,32,4,3503,3503,1.0,4.43542,32.72114313678665,0.9502025880867474,0.9849009407549608,0.9898289257070991,0.9979859925887965
chat_preview,ui_text,meme_card,1200,800,512,341,56,64,64,0,2534,4656,0.5442439862542955,3.85062,25.47242368720856,0.8634294426270644,0.9530382703656609,0.9536358454529302,0.9854894638308307
chat_preview,ui_text,meme_card,1200,800,512,341,56,64,64,1,3346,4656,0.7186426116838488,4.19383,30.089930138825565,0.9397574059453503,0.9839815422270384,0.9872869589386708,0.9965896420655538
chat_preview,ui_text,meme_card,1200,800,512,341,56,64,64,2,4022,4656,0.863831615120275,4.39896,32.36493173620478,0.9529942023350634,0.9859684124727304,0.9906552556567192,0.9981187340279403
chat_preview,ui_text,meme_card,1200,800,512,341,56,64,64,3,4656,4656,1.0,4.86983,36.408083774741684,0.9656461088047038,0.9891374962302293,0.9936013038837888,0.9991019637043986
chat_preview,ui_text,meme_card,1200,800,512,341,57,64,32,0,1875,3512,0.533883826879271,3.79217,22.24921111336151,0.7678218742266135,0.9068025222649597,0.908061315406487,0.9621810411651645
chat_preview,ui_text,meme_card,1200,800,512,341,57,64,32,1,2359,3512,0.6716970387243736,3.95367,25.412980411519484,0.8657617173213872,0.9530978737586818,0.9525244250797547,0.9852001585285746
chat_preview,ui_text,meme_card,1200,800,512,341,57,64,32,2,2837,3512,0.8078018223234624,4.07558,29.828962121050434,0.9364246034726076,0.9825620669695363,0.985802108375752,0.9961733793683065
chat_preview,ui_text,meme_card,1200,800,512,341,57,64,32,3,3095,3512,0.8812642369020501,5.09525,31.68602639033687,0.9462122648309329,0.9838293939871946,0.9885475987012354,0.9975601716138912
chat_preview,ui_text,meme_card,1200,800,512,341,57,64,32,4,3512,3512,1.0,4.09971,32.78355006394363,0.9506567446153035,0.9850083061998377,0.9899649147280968,0.9980188198643359
chat_preview,ui_text,meme_card,1200,800,512,341,57,64,64,0,2534,4676,0.5419161676646707,3.68512,25.47242368720856,0.8634294426270644,0.9530382703656609,0.9536358454529302,0.9854894638308307
chat_preview,ui_text,meme_card,1200,800,512,341,57,64,64,1,3348,4676,0.7159965782720273,3.99954,30.089533101481575,0.9397784757845894,0.9839784253678093,0.9872848416205636,0.9965884532030435
chat_preview,ui_text,meme_card,1200,800,512,341,57,64,64,2,4031,4676,0.8620615911035072,4.20258,32.37281122919905,0.9530708364837609,0.9859916618295589,0.9906531753271389,0.9981231731958562
chat_preview,ui_text,meme_card,1200,800,512,341,57,64,64,3,4676,4676,1.0,4.72938,36.493366610007755,0.9658719887900195,0.9892047963222751,0.9936179869190155,0.9991162461935523
chat_preview,ui_text,meme_card,1200,800,512,341,58,64,32,0,1915,3593,0.532980795992207,3.84933,22.24921111336151,0.7678218742266135,0.9068025222649597,0.908061315406487,0.9621810411651645
chat_preview,ui_text,meme_card,1200,800,512,341,58,64,32,1,2399,3593,0.6676871694962427,3.79904,25.412980411519484,0.8657617173213872,0.9530978737586818,0.9525244250797547,0.9852001585285746
chat_preview,ui_text,meme_card,1200,800,512,341,58,64,32,2,2879,3593,0.8012802671861954,3.51733,29.831813516446886,0.9364517003060547,0.9825628396072285,0.9857987925753149,0.9961757990279562
chat_preview,ui_text,meme_card,1200,800,512,341,58,64,32,3,3175,3593,0.8836626774283328,3.91808,31.692918345853002,0.9464582802874358,0.9838491801728497,0.9886421415861905,0.9975678708144449
chat_preview,ui_text,meme_card,1200,800,512,341,58,64,32,4,3593,3593,1.0,4.09717,32.80611920022817,0.9508115279698149,0.9850224567332838,0.990073924514122,0.9980308802826265
chat_preview,ui_text,meme_card,1200,800,512,341,58,64,64,0,2534,4677,0.541800299337182,3.62213,25.47242368720856,0.8634294426270644,0.9530382703656609,0.9536358454529302,0.9854894638308307
chat_preview,ui_text,meme_card,1200,800,512,341,58,64,64,1,3348,4677,0.7158434894162925,3.60892,30.089533101481575,0.9397784757845894,0.9839784253678093,0.9872848416205636,0.9965884532030435
chat_preview,ui_text,meme_card,1200,800,512,341,58,64,64,2,4031,4677,0.8618772717553987,3.83012,32.38074254828445,0.9530941178492939,0.986009777671354,0.9906604895677069,0.9981281779252628
chat_preview,ui_text,meme_card,1200,800,512,341,58,64,64,3,4677,4677,1.0,4.52579,36.5332804930449,0.9661112707241832,0.9892088050889637,0.9936432437086542,0.9991231374609123
chat_preview,ui_text,meme_card,1200,800,512,341,59,64,32,0,1975,3685,0.5359565807327001,3.81521,22.268520657293344,0.7681753909691272,0.9079738457672976,0.9092043511296735,0.9621559416832605
chat_preview,ui_text,meme_card,1200,800,512,341,59,64,32,1,2472,3685,0.6708276797829037,3.88654,25.448680463893844,0.8668594581476938,0.9544327223357048,0.9539466587050001,0.9852909772859474
chat_preview,ui_text,meme_card,1200,800,512,341,59,64,32,2,2963,3685,0.8040705563093623,3.88342,29.919976693993803,0.9373619870898958,0.9838445839874502,0.9872452501454798,0.9962985607455934
chat_preview,ui_text,meme_card,1200,800,512,341,59,64,32,3,3263,3685,0.8854816824966079,3.87208,31.827621974676347,0.9478534878093283,0.9851263579049113,0.9899562694766255,0.9976801626282132
chat_preview,ui_text,meme_card,1200,800,512,341,59,64,32,4,3685,3685,1.0,4.21654,33.12072949138517,0.9528017348648792,0.9863846713555947,0.9914540603042128,0.9981868950254481
chat_preview,ui_text,meme_card,1200,800,512,341,59,64,64,0,2697,4914,0.5488400488400489,3.73654,25.488357082518938,0.8655712996828596,0.9546558022764797,0.9547380314858557,0.9855331447479566
chat_preview,ui_text,meme_card,1200,800,512,341,59,64,64,1,3538,4914,0.71998371998372,4.16188,30.153896940585497,0.942658414653535,0.985604167131496,0.9885252890241182,0.996655305013196
chat_preview,ui_text,meme_card,1200,800,512,341,59,64,64,2,4244,4914,0.8636548636548637,4.21379,32.53034372395716,0.9562458469698241,0.9879953067733735,0.99205812965233,0.9982353254121987
chat_preview,ui_text,meme_card,1200,800,512,341,59,64,64,3,4914,4914,1.0,4.50175,36.986989861985656,0.9694270730445677,0.9910223137664155,0.9949048050384106,0.9992122395529167
chat_preview,ui_text,meme_card,1200,800,512,341,60,64,32,0,1975,3701,0.5336395568765199,3.62187,22.268520657293344,0.7681753909691272,0.9079738457672976,0.9092043511296735,0.9621559416832605
chat_preview,ui_text,meme_card,1200,800,512,341,60,64,32,1,2475,3701,0.6687381788705755,3.68683,25.447776297732027,0.8668739945713625,0.9544239657046765,0.9539420464629532,0.985287765635645
chat_preview,ui_text,meme_card,1200,800,512,341,60,64,32,2,2966,3701,0.8014050256687382,4.02246,29.923528548320565,0.9376721853865712,0.9839148674265226,0.987232903647392,0.9963055817143395
chat_preview,ui_text,meme_card,1200,800,512,341,60,64,32,3,3269,3701,0.8832747905971359,4.32125,31.845154892932438,0.9483211881467071,0.9853076898256049,0.9900861644857776,0.9977021703130342
chat_preview,ui_text,meme_card,1200,800,512,341,60,64,32,4,3701,3701,1.0,4.41279,33.21541637186527,0.9534304767820153,0.9865980518530194,0.9915700359243024,0.9982306396462639
chat_preview,ui_text,meme_card,1200,800,512,341,60,64,64,0,2697,4925,0.5476142131979695,3.79975,25.488357082518938,0.8655712996828596,0.9546558022764797,0.9547380314858557,0.9855331447479566
chat_preview,ui_text,meme_card,1200,800,512,341,60,64,64,1,3541,4925,0.7189847715736041,4.2625,30.153248574656295,0.9426635415976778,0.985604520738192,0.9885290175214655,0.9966542510308641
chat_preview,ui_text,meme_card,1200,800,512,341,60,64,64,2,4249,4925,0.8627411167512691,4.82346,32.52988819829123,0.9562200669207425,0.9880053659853307,0.9920637469341652,0.9982365494500117
chat_preview,ui_text,meme_card,1200,800,512,341,60,64,64,3,4925,4925,1.0,6.07458,37.031738247147786,0.9696108334287352,0.9910202740002934,0.9949294107119021,0.9992185575003109
chat_preview,ui_text,meme_card,1200,800,512,341,61,64,32,0,1975,3734,0.5289234065345474,3.65192,22.268520657293344,0.7681753909691272,0.9079738457672976,0.9092043511296735,0.9621559416832605
chat_preview,ui_text,meme_card,1200,800,512,341,61,64,32,1,2487,3734,0.6660417782538832,3.85867,25.450363758682602,0.8665600319583447,0.954279386672222,0.9540447728388889,0.9853057358367759
chat_preview,ui_text,meme_card,1200,800,512,341,61,64,32,2,2988,3734,0.8002142474558115,3.77154,29.92849092760503,0.937718047835752,0.9838835303334535,0.9871267806820332,0.9963030900280956
chat_preview,ui_text,meme_card,1200,800,512,341,61,64,32,3,3298,3734,0.8832351365827531,4.15787,31.858764828631756,0.9483313227617097,0.9854713326099932,0.990359970085624,0.997728541391607
chat_preview,ui_text,meme_card,1200,800,512,341,61,64,32,4,3734,3734,1.0,4.35446,33.36165312086564,0.9538369965018557,0.9868500618906714,0.991884452862688,0.9982956410265439
chat_preview,ui_text,meme_card,1200,800,512,341,61,64,64,0,2697,4957,0.5440790800887634,3.94292,25.488357082518938,0.8655712996828596,0.9546558022764797,0.9547380314858557,0.9855331447479566
chat_preview,ui_text,meme_card,1200,800,512,341,61,64,64,1,3561,4957,0.7183780512406698,3.63108,30.156719411097825,0.9426970916429737,0.9856123029962524,0.9885348014245001,0.9966620599480914
chat_preview,ui_text,meme_card,1200,800,512,341,61,64,64,2,4279,4957,0.8632237240266291,3.83629,32.543799262641414,0.9564812268576067,0.9880523535547128,0.9921087457759599,0.9982399402025269
chat_preview,ui_text,meme_card,1200,800,512,341,61,64,64,3,4957,4957,1.0,4.33908,37.22046214942216,0.9703061572066137,0.9911637131055239,0.9950112408542009,0.9992533370259709
chat_preview,ui_text,meme_card,1200,800,512,341,62,64,32,0,1975,3737,0.5284987958255285,3.51292,22.268520657293344,0.7681753909691272,0.9079738457672976,0.9092043511296735,0.9621559416832605
chat_preview,ui_text,meme_card,1200,800,512,341,62,64,32,1,2487,3737,0.6655070912496656,3.50725,25.450363758682602,0.8665600319583447,0.954279386672222,0.9540447728388889,0.9853057358367759
chat_preview,ui_text,meme_card,1200,800,512,341,62,64,32,2,2988,3737,0.7995718490767996,3.50692,29.931780491638982,0.9377766874838319,0.9838742108506849,0.987136997930787,0.9963074389053751
chat_preview,ui_text,meme_card,1200,800,512,341,62,64,32,3,3301,3737,0.8833288734278834,3.84592,31.867045311685715,0.9487814410340535,0.985540508224732,0.9905074874771166,0.9977384912143368
chat_preview,ui_text,meme_card,1200,800,512,341,62,64,32,4,3737,3737,1.0,3.98137,33.40310293427643,0.9543159209048682,0.986925261948711,0.9920359650868686,0.9983152244548895
chat_preview,ui_text,meme_card,1200,800,512,341,62,64,64,0,2697,4963,0.54342131775136,3.95471,25.488357082518938,0.8655712996828596,0.9546558022764797,0.9547380314858557,0.9855331447479566
chat_preview,ui_text,meme_card,1200,800,512,341,62,64,64,1,3561,4963,0.7175095708240983,3.98396,30.156719411097825,0.9426970916429737,0.9856123029962524,0.9885348014245001,0.9966620599480914
chat_preview,ui_text,meme_card,1200,800,512,341,62,64,64,2,4280,4963,0.8623816240177312,3.95667,32.55148487255378,0.9565089024331065,0.9880673506198702,0.9921115455387283,0.9982444497586188
chat_preview,ui_text,meme_card,1200,800,512,341,62,64,64,3,4963,4963,1.0,4.02642,37.28604508294702,0.9705843518564711,0.9911849943086635,0.9950570305242472,0.9992640519577217
chat_preview,ui_text,meme_card,1200,800,512,341,63,64,32,0,2003,3782,0.529613960867266,3.56829,22.276347051166745,0.7686980588461543,0.9084819360890762,0.9093390172969706,0.9622711372952202
chat_preview,ui_text,meme_card,1200,800,512,341,63,64,32,1,2520,3782,0.666314119513485,3.56858,25.454795499033345,0.8672599713495974,0.9548266546734413,0.9542804464003146,0.9853537300170642
chat_preview,ui_text,meme_card,1200,800,512,341,63,64,32,2,3024,3782,0.7995769434161819,3.97125,29.9404576574937,0.9387057264747874,0.9844293105654213,0.9874001419477948,0.9963329684554825
chat_preview,ui_text,meme_card,1200,800,512,341,63,64,32,3,3338,3782,0.8826017979904812,3.64829,31.897867718569355,0.9495344898141068,0.9860052540710221,0.990793308060949,0.9977745905685879
chat_preview,ui_text,meme_card,1200,800,512,341,63,64,32,4,3782,3782,1.0,4.14542,33.537177527125095,0.9552267286153108,0.9874422571293787,0.992340373560752,0.9983723017834405
chat_preview,ui_text,meme_card,1200,800,512,341,63,64,64,0,2774,5055,0.5487636003956479,3.55275,25.496969638175983,0.8670608192990462,0.9555749578712155,0.9549631532158138,0.9856010613136857
chat_preview,ui_text,meme_card,1200,800,512,341,63,64,64,1,3650,5055,0.722057368941642,3.65108,30.164920487096616,0.9443608120080436,0.9865881577824377,0.98862451525098,0.9966957300872948
chat_preview,ui_text,meme_card,1200,800,512,341,63,64,64,2,4372,5055,0.8648862512363996,4.50567,32.57482204136683,0.9581642987227498,0.9890406699021485,0.9922396044872926,0.9982801719790348
chat_preview,ui_text,meme_card,1200,800,512,341,63,64,64,3,5055,5055,1.0,4.24271,37.450656234119634,0.9724625366274267,0.9921790267183948,0.9952366409565198,0.9993085208939133
chat_preview,ui_text,meme_card,1200,800,512,341,64,64,32,0,2003,3803,0.5266894556928741,3.71071,22.276347051166745,0.7686980588461543,0.9084819360890762,0.9093390172969706,0.9622711372952202
chat_preview,ui_text,meme_card,1200,800,512,341,64,64,32,1,2520,3803,0.6626347620299763,3.57321,25.45492534916552,0.8672635256307815,0.9548283643076517,0.9542797974539214,0.9853541545149518
chat_preview,ui_text,meme_card,1200,800,512,341,64,64,32,2,3038,3803,0.7988430186694715,3.87483,29.942124785327614,0.9389722882874514,0.9844284202256682,0.9874382292611134,0.9963481249075251
chat_preview,ui_text,meme_card,1200,800,512,341,64,64,32,3,3355,3803,0.8821982645280042,4.41237,31.91745551871123,0.9499661805516949,0.9860583974630949,0.9909320706989141,0.9977886673112817
chat_preview,ui_text,meme_card,1200,800,512,341,64,64,32,4,3803,3803,1.0,4.16221,33.61229613017405,0.9557112164062037,0.9874659163814131,0.9924377639547756,0.998393568400048
chat_preview,ui_text,meme_card,1200,800,512,341,64,64,64,0,2774,5086,0.5454187966968148,3.51225,25.496969638175983,0.8670608192990462,0.9555749578712155,0.9549631532158138,0.9856010613136857
chat_preview,ui_text,meme_card,1200,800,512,341,64,64,64,1,3650,5086,0.7176563114431773,3.47812,30.16487068636083,0.9443568429559998,0.9865861155091294,0.9886239232384297,0.9966956316763227
chat_preview,ui_text,meme_card,1200,800,512,341,64,64,64,2,4407,5086,0.8664962642548172,3.86183,32.612271168924,0.9580699750120242,0.9892327638892411,0.9924436262009623,0.9983014085723146
chat_preview,ui_text,meme_card,1200,800,512,341,64,64,64,3,5086,5086,1.0,5.44446,37.52415688209341,0.9726431442645397,0.9921641060562302,0.9952525132966954,0.9993209183625735
chat_preview,ui_text,meme_card,1200,800,512,341,65,64,32,0,2083,4004,0.5202297702297702,3.4885,22.276347051166745,0.7686980588461543,0.9084819360890762,0.9093390172969706,0.9622711372952202
chat_preview,ui_text,meme_card,1200,800,512,341,65,64,32,1,2620,4004,0.6543456543456544,3.54904,25.47091455130454,0.8663018559778258,0.9550194968604383,0.9547976466373892,0.9854807443237871
chat_preview,ui_text,meme_card,1200,800,512,341,65,64,32,2,3142,4004,0.7847152847152847,3.75137,29.947797962842742,0.9395842590851039,0.9845077297884485,0.9878159284878983,0.9963580443703509
chat_preview,ui_text,meme_card,1200,800,512,341,65,64,32,3,3550,4004,0.8866133866133866,3.64058,31.960791064695044,0.9509232266365061,0.9862831204735105,0.9913923056702157,0.9978138163912708
chat_preview,ui_text,meme_card,1200,800,512,341,65,64,32,4,4004,4004,1.0,4.29004,33.78786270314642,0.9568542273719031,0.9877660797164989,0.9929920453004231,0.9984492543397913
chat_preview,ui_text,meme_card,1200,800,512,341,65,64,64,0,2774,5130,0.5407407407407407,3.54133,25.496969638175983,0.8670608192990462,0.9555749578712155,0.9549631532158138,0.9856010613136857
chat_preview,ui_text,meme_card,1200,800,512,341,65,64,64,1,3680,5130,0.7173489278752436,4.02363,30.171920254632152,0.9445469900979998,0.9866813301028948,0.9887452233208689,0.9967088497943066
chat_preview,ui_text,meme_card,1200,800,512,341,65,64,64,2,4445,5130,0.8664717348927875,3.76808,32.628122099221216,0.9583737696107185,0.9892786928695055,0.9925213072155556,0.9983085996250206
chat_preview,ui_text,meme_card,1200,800,512,341,65,64,64,3,5130,5130,1.0,4.35058,37.61780678116362,0.973189725513029,0.9922544505121037,0.9953566120787056,0.9993327531024025
chat_preview,ui_text,meme_card,1200,800,512,341,66,64,32,0,2083,4045,0.5149567367119902,3.54221,22.276347051166745,0.7686980588461543,0.9084819360890762,0.9093390172969706,0.9622711372952202
chat_preview,ui_text,meme_card,1200,800,512,341,66,64,32,1,2634,4045,0.6511742892459826,3.50404,25.468173027331048,0.8665577873409663,0.9549294623599484,0.954827853705007,0.9854899504878478
chat_preview,ui_text,meme_card,1200,800,512,341,66,64,32,2,3159,4045,0.7809641532756489,3.70971,29.970117251896916,0.940185352294245,0.9846486027357703,0.9878737482823364,0.9964059160270128
chat_preview,ui_text,meme_card,1200,800,512,341,66,64,32,3,3579,4045,0.884796044499382,3.95371,31.990935427886498,0.9516822161681108,0.9864204912371543,0.9914168248746748,0.9978438542009276
chat_preview,ui_text,meme_card,1200,800,512,341,66,64,32,4,4045,4045,1.0,4.01558,34.02145728182773,0.9579152198178517,0.9880460139918302,0.9931214176352777,0.9985314068585897
chat_preview,ui_text,meme_card,1200,800,512,341,66,64,64,0,2774,5171,0.5364532972345775,3.51683,25.496969638175983,0.8670608192990462,0.9555749578712155,0.9549631532158138,0.9856010613136857
chat_preview,ui_text,meme_card,1200,800,512,341,66,64,64,1,3702,5171,0.7159156836201895,3.57354,30.175075998490932,0.9447691899958047,0.9867608911156562,0.9887726802653799,0.9967214078261765
chat_preview,ui_text,meme_card,1200,800,512,341,66,64,64,2,4483,5171,0.8669502997485979,4.02196,32.63926714191891,0.9590476793565405,0.9894743876302204,0.9926649729824062,0.9983263436111546
chat_preview,ui_text,meme_card,1200,800,512,341,66,64,64,3,5171,5171,1.0,4.90187,37.695581180595255,0.974079622313476,0.9924662843816945,0.9955450874810607,0.9993550469381475
chat_preview,ui_text,meme_card,1200,800,512,341,67,64,32,0,2083,4061,0.5129278502831814,3.61796,22.276347051166745,0.7686980588461543,0.9084819360890762,0.9093390172969706,0.9622711372952202
chat_preview,ui_text,meme_card,1200,800,512,341,67,64,32,1,2635,4061,0.648854961832061,3.37992,25.46724059110101,0.8665488993931915,0.9549159826794726,0.9548112064810867,0.9854863266722977
chat_preview,ui_text,meme_card,1200,800,512,341,67,64,32,2,3164,4061,0.7791184437330707,3.71037,29.976051210758342,0.9403188627516084,0.9847005067231617,0.9878838878077727,0.9964118136589794
chat_preview,ui_text,meme_card,1200,800,512,341,67,64,32,3,3592,4061,0.8845112041369121,3.86204,32.02302176285125,0.9520122993793899,0.9866209034143004,0.9915262471986187,0.9978704521360359
chat_preview,ui_text,meme_card,1200,800,512,341,67,64,32,4,4061,4061,1.0,4.21575,34.17223582229272,0.9585719979125091,0.988334092727312,0.9932588571985164,0.9985785273184777
chat_preview,ui_text,meme_card,1200,800,512,341,67,64,64,0,2774,5177,0.5358315626810894,3.60646,25.496969638175983,0.8670608192990462,0.9555749578712155,0.9549631532158138,0.9856010613136857
chat_preview,ui_text,meme_card,1200,800,512,341,67,64,64,1,3703,5177,0.7152791191809929,3.64487,30.175435526385822,0.944752395408496,0.986756820189064,0.9887682609408441,0.9967211071658718
chat_preview,ui_text,meme_card,1200,800,512,341,67,64,64,2,4485,5177,0.8663318524241839,3.77504,32.643420754285415,0.9590781470513984,0.9894416570375476,0.9926392897519267,0.998324155655851
chat_preview,ui_text,meme_card,1200,800,512,341,67,64,64,3,5177,5177,1.0,4.12754,37.76049179709758,0.974228609839031,0.9924244723604064,0.9955445548396876,0.9993571730569253
chat_preview,ui_text,meme_card,1200,800,512,341,68,64,32,0,2110,4115,0.5127582017010935,3.51008,22.270315947426155,0.7684909427537745,0.9087233964347359,0.9094437950236655,0.9621701089934644
chat_preview,ui_text,meme_card,1200,800,512,341,68,64,32,1,2670,4115,0.6488456865127582,3.49358,25.472886412926673,0.8667492779966574,0.9553897233012411,0.9548671213382116,0.9854786962765901
chat_preview,ui_text,meme_card,1200,800,512,341,68,64,32,2,3203,4115,0.7783718104495747,3.98108,30.00029232325886,0.9408515715069018,0.985241371811461,0.987917053988093,0.9964340060553938
chat_preview,ui_text,meme_card,1200,800,512,341,68,64,32,3,3640,4115,0.8845686512758202,4.54708,32.054165826449726,0.9525820810154549,0.9872282536222502,0.9915767155875744,0.997892559943412
chat_preview,ui_text,meme_card,1200,800,512,341,68,64,32,4,4115,4115,1.0,4.6165,34.353699721421044,0.9597010167054912,0.9891227867478861,0.993424191566372,0.9986370267830883
chat_preview,ui_text,meme_card,1200,800,512,341,68,64,64,0,2850,5272,0.5405918057663126,3.94917,25.499882866337174,0.8677571751170884,0.9561528797266394,0.9549786874695018,0.9855756955662813
chat_preview,ui_text,meme_card,1200,800,512,341,68,64,64,1,3785,5272,0.7179438543247344,3.66846,30.197047438658174,0.9454544404379397,0.9873161958363811,0.9887147889096997,0.9967257905361401
chat_preview,ui_text,meme_card,1200,800,512,341,68,64,64,2,4568,5272,0.866464339908953,4.44337,32.686094129079606,0.9599907819696673,0.9900526358972718,0.9925998525616339,0.9983350798432982
chat_preview,ui_text,meme_card,1200,800,512,341,68,64,64,3,5272,5272,1.0,4.54646,37.9539577383739,0.9754274857339343,0.9930654651012594,0.9955395125231071,0.9993746764380373
chat_preview,ui_text,meme_card,1200,800,512,341,69,64,32,0,2110,4161,0.5070896419130017,3.42783,22.270315947426155,0.7684909427537745,0.9087233964347359,0.9094437950236655,0.9621701089934644
chat_preview,ui_text,meme_card,1200,800,512,341,69,64,32,1,2670,4161,0.6416726748377793,3.54671,25.473106283368757,0.8667575220083691,0.955389964860264,0.9548670097095058,0.9854797506794005
chat_preview,ui_text,meme_card,1200,800,512,341,69,64,32,2,3219,4161,0.7736121124729632,3.81017,30.01511814309676,0.941013824971615,0.9853150228591286,0.9879984639695498,0.9964503692598892
chat_preview,ui_text,meme_card,1200,800,512,341,69,64,32,3,3676,4161,0.8834414804133621,3.97196,32.08331121498074,0.9525494055671627,0.9872370513218289,0.9915706617591734,0.9979042483390144
chat_preview,ui_text,meme_card,1200,800,512,341,69,64,32,4,4161,4161,1.0,3.98867,34.565453323231935,0.9602698977256293,0.9893673534238973,0.9935915645168123,0.9987026489085369
chat_preview,ui_text,meme_card,1200,800,512,341,69,64,64,0,2850,5304,0.5373303167420814,3.57737,25.499882866337174,0.8677571751170884,0.9561528797266394,0.9549786874695018,0.9855756955662813
chat_preview,ui_text,meme_card,1200,800,512,341,69,64,64,1,3785,5304,0.7136123680241327,3.50362,30.19676537055431,0.9454521771663372,0.9873151594089952,0.9887146755163326,0.9967255373529471
chat_preview,ui_text,meme_card,1200,800,512,341,69,64,64,2,4589,5304,0.8651960784313726,3.40354,32.70794375308973,0.9601889667010695,0.9900935714466784,0.9927285633536292,0.9983561852317078
chat_preview,ui_text,meme_card,1200,800,512,341,69,64,64,3,5304,5304,1.0,4.28933,38.04326350140641,0.9758031550693597,0.993138064752554,0.9956494732177488,0.9993855311962432
chat_preview,ui_text,meme_card,1200,800,512,341,70,64,32,0,2150,4231,0.5081541006854171,3.25692,22.270315947426155,0.7684909427537745,0.9087233964347359,0.9094437950236655,0.9621701089934644
chat_preview,ui_text,meme_card,1200,800,512,341,70,64,32,1,2714,4231,0.6414559205861499,3.5195,25.473895255757427,0.8666376424742683,0.9553817161735899,0.9548522718073715,0.9854833415633348
chat_preview,ui_text,meme_card,1200,800,512,341,70,64,32,2,3275,4231,0.774048688253368,3.36858,30.01855097068767,0.9409483360020667,0.9853111346613828,0.9879900229591645,0.996454535706305
chat_preview,ui_text,meme_card,1200,800,512,341,70,64,32,3,3741,4231,0.8841881351926258,3.37,32.088122783818555,0.9529332595780359,0.9873494234569157,0.9915673782563936,0.9979025209634491
chat_preview,ui_text,meme_card,1200,800,512,341,70,64,32,4,4231,4231,1.0,4.75492,34.65387343539873,0.9605423130971215,0.9895451100638711,0.9936289831843544,0.998726138167272
chat_preview,ui_text,meme_card,1200,800,512,341,70,64,64,0,2850,5308,0.5369253956292389,3.66217,25.499882866337174,0.8677571751170884,0.9561528797266394,0.9549786874695018,0.9855756955662813
chat_preview,ui_text,meme_card,1200,800,512,341,70,64,64,1,3786,5308,0.7132629992464204,3.48913,30.197970759407667,0.9454702930812505,0.9873210803811835,0.9887199974241142,0.9967268593052163
chat_preview,ui_text,meme_card,1200,800,512,341,70,64,64,2,4591,5308,0.8649208741522231,3.70008,32.71597548533816,0.9602010820705199,0.9901017427250135,0.9927326111637689,0.9983604386160875
chat_preview,ui_text,meme_card,1200,800,512,341,70,64,64,3,5308,5308,1.0,4.03433,38.06896194010858,0.9759347482588906,0.9931502279287604,0.9956754661936463,0.999390525938935
chat_preview,ui_text,meme_card,1200,800,512,341,71,64,32,0,2203,4336,0.5080719557195572,3.62337,22.2560439900088,0.7701329645068326,0.9094416423427428,0.910463078700413,0.9621362701288786
chat_preview,ui_text,meme_card,1200,800,512,341,71,64,32,1,2796,4336,0.6448339483394834,3.53579,25.469461154187236,0.8687725668961379,0.95643200110186,0.9559129544755576,0.9854717514081589
chat_preview,ui_text,meme_card,1200,800,512,341,71,64,32,2,3363,4336,0.7755996309963099,3.48779,30.02695830156062,0.943083349178722,0.9864824982393801,0.9890738323540917,0.996478006477615
chat_preview,ui_text,meme_card,1200,800,512,341,71,64,32,3,3836,4336,0.8846863468634686,3.75471,32.11920048805644,0.9549985918506843,0.9885310303929224,0.9926258173786602,0.9979398998687194
chat_preview,ui_text,meme_card,1200,800,512,341,71,64,32,4,4336,4336,1.0,4.30654,34.78856670610894,0.9629719840232056,0.9908327021159044,0.9947854216700796,0.9987777795128462
chat_preview,ui_text,meme_card,1200,800,512,341,71,64,64,0,3004,5531,0.5431205930211535,3.42637,25.49029300250691,0.868809185813109,0.9567205781999087,0.9561597954326311,0.9855277980874163
chat_preview,ui_text,meme_card,1200,800,512,341,71,64,64,1,3973,5531,0.7183149520882299,3.63362,30.19706838768242,0.9473120488934951,0.9881613529284484,0.990171232829909,0.9967296630240325
chat_preview,ui_text,meme_card,1200,800,512,341,71,64,64,2,4802,5531,0.8681974326523233,3.95667,32.71341766221191,0.9619875844494544,0.9908674636090832,0.9941532367506525,0.9983742108379106
chat_preview,ui_text,meme_card,1200,800,512,341,71,64,64,3,5531,5531,1.0,4.17396,38.195213814259496,0.9780828242351749,0.9939982901764391,0.9971791632648814,0.9994197108666462
chat_preview,ui_text,meme_card,1200,800,512,341,72,64,32,0,2203,4342,0.5073698756333487,3.77642,22.2560439900088,0.7701329645068326,0.9094416423427428,0.910463078700413,0.9621362701288786
chat_preview,ui_text,meme_card,1200,800,512,341,72,64,32,1,2796,4342,0.6439428834638415,3.53992,25.46918486380175,0.8687635525611562,0.9564296336578014,0.9559150732012442,0.9854705553686975
chat_preview,ui_text,meme_card,1200,800,512,341,72,64,32,2,3366,4342,0.775218793182865,3.61696,30.026494107543634,0.9431905595868549,0.9865112309336892,0.9890447354406412,0.996481082303796
chat_preview,ui_text,meme_card,1200,800,512,341,72,64,32,3,3841,4342,0.8846153846153846,3.67667,32.1239076894014,0.9551184560360727,0.9885522085051193,0.9926154686466907,0.997945830823091
chat_preview,ui_text,meme_card,1200,800,512,341,72,64,32,4,4342,4342,1.0,4.12921,34.84327320789173,0.963239763222255,0.9908701770486369,0.9947751908723298,0.9987913713323139
chat_preview,ui_text,meme_card,1200,800,512,341,72,64,64,0,3004,5535,0.5427280939476061,3.50504,25.49029300250691,0.868809185813109,0.9567205781999087,0.9561597954326311,0.9855277980874163
chat_preview,ui_text,meme_card,1200,800,512,341,72,64,64,1,3973,5535,0.7177958446251129,3.73967,30.1973025699594,0.9473134200457097,0.9881616090923157,0.9901712334536171,0.9967298646217195
chat_preview,ui_text,meme_card,1200,800,512,341,72,64,64,2,4803,5535,0.867750677506775,3.91171,32.71698749927602,0.9619998394168654,0.9908715247194966,0.9941573889872988,0.9983752357598127
chat_preview,ui_text,meme_card,1200,800,512,341,72,64,64,3,5535,5535,1.0,4.33875,38.20993978293677,0.97813485971862,0.9940047724385064,0.9971682686731302,0.9994211507833768
chat_preview,ui_text,meme_card,1200,800,512,341,73,64,32,0,2252,4410,0.5106575963718821,3.69167,22.26861783210667,0.77057043896529,0.9102231047712742,0.9104029367458888,0.9623101379570164
chat_preview,ui_text,meme_card,1200,800,512,341,73,64,32,1,2850,4410,0.6462585034013606,3.67367,25.472687684803983,0.8695275330977803,0.95721475883706,0.9559390020194897,0.9855176921743634
chat_preview,ui_text,meme_card,1200,800,512,341,73,64,32,2,3424,4410,0.7764172335600907,3.55271,30.05252747978937,0.9441881537016464,0.9872490844701675,0.9891634389111239,0.9965320131662687
chat_preview,ui_text,meme_card,1200,800,512,341,73,64,32,3,3908,4410,0.8861678004535147,4.17413,32.177981404767,0.9559097412521512,0.9892510881916743,0.992671241594782,0.9979916867558358
chat_preview,ui_text,meme_card,1200,800,512,341,73,64,32,4,4410,4410,1.0,4.38425,35.063330015749244,0.9646864228379132,0.9917418370998186,0.9949914254963855,0.9988735952115988
chat_preview,ui_text,meme_card,1200,800,512,341,73,64,64,0,3102,5651,0.5489293930277827,3.49087,25.501338380627313,0.8700816032823594,0.9575071145568601,0.9562435458327742,0.9855972198243014
chat_preview,ui_text,meme_card,1200,800,512,341,73,64,64,1,4072,5651,0.7205804282427889,3.57496,30.209576032935814,0.948523386842108,0.9888664673614159,0.9903072178964853,0.9967545103538061
chat_preview,ui_text,meme_card,1200,800,512,341,73,64,64,2,4914,5651,0.869580605202619,3.81108,32.7688582641592,0.9634105664646796,0.9916401931505706,0.9943319039831277,0.9984152222004871
chat_preview,ui_text,meme_card,1200,800,512,341,73,64,64,3,5651,5651,1.0,4.12421,38.384772924510095,0.9795690846863524,0.9947424508722936,0.9973552019034484,0.999459519512905
chat_preview,ui_text,meme_card,1200,800,512,341,74,64,32,0,2252,4464,0.5044802867383512,3.47121,22.26861783210667,0.77057043896529,0.9102231047712742,0.9104029367458888,0.9623101379570164
chat_preview,ui_text,meme_card,1200,800,512,341,74,64,32,1,2850,4464,0.6384408602150538,3.63883,25.472687684803983,0.8695275330977803,0.95721475883706,0.9559390020194897,0.9855176921743634
chat_preview,ui_text,meme_card,1200,800,512,341,74,64,32,2,3452,4464,0.7732974910394266,3.55221,30.072004912592586,0.944065250048455,0.9872226019840804,0.9891938107860507,0.9965636993505389
chat_preview,ui_text,meme_card,1200,800,512,341,74,64,32,3,3949,4464,0.8846326164874552,3.90479,32.206738022696925,0.9562469417307952,0.9892259175698664,0.9927472975975056,0.9979970093109953
chat_preview,ui_text,meme_card,1200,800,512,341,74,64,32,4,4464,4464,1.0,4.13558,35.13877236415751,0.9651934719793464,0.9918194692183867,0.995157697139638,0.9988978204668206
chat_preview,ui_text,meme_card,1200,800,512,341,74,64,64,0,3102,5713,0.542972168737966,3.62496,25.501338380627313,0.8700816032823594,0.9575071145568601,0.9562435458327742,0.9855972198243014
chat_preview,ui_text,meme_card,1200,800,512,341,74,64,64,1,4072,5713,0.7127603710834938,3.93775,30.209576032935814,0.948523386842108,0.9888664673614159,0.9903072178964853,0.9967545103538061
chat_preview,ui_text,meme_card,1200,800,512,341,74,64,64,2,4947,5713,0.8659198319621915,4.02979,32.79430502739335,0.9637495500786403,0.9917871189954148,0.9944224570977606,0.9984273080762532
chat_preview,ui_text,meme_card,1200,800,512,341,74,64,64,3,5713,5713,1.0,4.37858,38.56454119185435,0.9800173863470523,0.9949034628089782,0.9974041944072027,0.9994767076773778
chat_preview,ui_text,meme_card,1200,800,512,341,75,64,32,0,2252,4512,0.499113475177305,3.41812,22.26861783210667,0.77057043896529,0.9102231047712742,0.9104029367458888,0.9623101379570164
chat_preview,ui_text,meme_card,1200,800,512,341,75,64,32,1,2874,4512,0.636968085106383,3.85587,25.482331306865312,0.8697009955955511,0.9572046233848853,0.9558901455537673,0.9855575937661673
chat_preview,ui_text,meme_card,1200,800,512,341,75,64,32,2,3480,4512,0.7712765957446809,3.57671,30.087556786140187,0.9444327569302361,0.9874292924670388,0.9891561898098686,0.9965850633746675
chat_preview,ui_text,meme_card,1200,800,512,341,75,64,32,3,3980,4512,0.8820921985815603,3.69629,32.231941853761924,0.956671368900201,0.9894691198118498,0.9927470675954158,0.998022763037399
chat_preview,ui_text,meme_card,1200,800,512,341,75,64,32,4,4512,4512,1.0,4.3855,35.313258581877726,0.9656246114470584,0.9921085610779384,0.9951626734749457,0.9989339465909055
chat_preview,ui_text,meme_card,1200,800,512,341,75,64,64,0,3102,5784,0.5363070539419087,3.58312,25.501338380627313,0.8700816032823594,0.9575071145568601,0.9562435458327742,0.9855972198243014
chat_preview,ui_text,meme_card,1200,800,512,341,75,64,64,1,4106,5784,0.7098893499308437,3.61954,30.21457006333072,0.9487613759100757,0.9889364048847904,0.9902799183863371,0.9967650553624223
chat_preview,ui_text,meme_card,1200,800,512,341,75,64,64,2,4994,5784,0.8634163208852006,3.74175,32.815164875496706,0.9641548565308481,0.991841447876268,0.9944183516483548,0.9984346396722326
chat_preview,ui_text,meme_card,1200,800,512,341,75,64,64,3,5784,5784,1.0,4.24962,38.71904444773058,0.98055648265569,0.9949913615464574,0.9974367609482115,0.9994945866280324
chat_preview,ui_text,meme_card,1200,800,512,341,76,64,32,0,2252,4544,0.49559859154929575,3.37883,22.26861783210667,0.77057043896529,0.9102231047712742,0.9104029367458888,0.9623101379570164
chat_preview,ui_text,meme_card,1200,800,512,341,76,64,32,1,2874,4544,0.6324823943661971,3.52662,25.482546518905764,0.8697100452110861,0.9572073615507873,0.9558909398977491,0.9855581929630266
chat_preview,ui_text,meme_card,1200,800,512,341,76,64,32,2,3498,4544,0.769806338028169,3.68962,30.08675355507362,0.9448704845448326,0.9875202579866432,0.9892163645919626,0.9965835813525319
chat_preview,ui_text,meme_card,1200,800,512,341,76,64,32,3,4008,4544,0.8820422535211268,3.78929,32.21918221477209,0.9567184187002372,0.9893790029828121,0.9926946383168644,0.9980173054627742
chat_preview,ui_text,meme_card,1200,800,512,341,76,64,32,4,4544,4544,1.0,4.23104,35.389702262497316,0.9659468004723201,0.9921689030754722,0.9952012584161588,0.9989493206186308
chat_preview,ui_text,meme_card,1200,800,512,341,76,64,64,0,3102,5825,0.5325321888412017,3.73875,25.501338380627313,0.8700816032823594,0.9575071145568601,0.9562435458327742,0.9855972198243014
chat_preview,ui_text,meme_card,1200,800,512,341,76,64,64,1,4107,5825,0.7050643776824035,3.95521,30.214438772355816,0.9487588868243108,0.9889376270501181,0.9902816437377243,0.9967650254880993
chat_preview,ui_text,meme_card,1200,800,512,341,76,64,64,2,5014,5825,0.8607725321888412,3.8285,32.81298881196698,0.9643462143675,0.9918861507242515,0.994490899061333,0.9984309865109575
chat_preview,ui_text,meme_card,1200,800,512,341,76,64,64,3,5825,5825,1.0,4.53496,38.764727376020936,0.9809758497373678,0.9950688134295326,0.9974859911191645,0.9994990343359992
chat_preview,ui_text,meme_card,1200,800,512,341,77,64,32,0,2252,4654,0.48388483025354534,3.48887,22.26861783210667,0.77057043896529,0.9102231047712742,0.9104029367458888,0.9623101379570164
chat_preview,ui_text,meme_card,1200,800,512,341,77,64,32,1,2957,4654,0.6353674258702192,3.91333,25.491493784089027,0.8688079610345366,0.9570589093620242,0.9557268111772915,0.985594559329354
chat_preview,ui_text,meme_card,1200,800,512,341,77,64,32,2,3597,4654,0.7728835410399656,3.67396,30.08791174346949,0.9451143703954372,0.9873288187126149,0.9889123363639925,0.9965706603614779
chat_preview,ui_text,meme_card,1200,800,512,341,77,64,32,3,4103,4654,0.8816072195960464,3.77292,32.23541898075561,0.9564361194466001,0.9891222079253031,0.9923866747868519,0.9980136124741925
chat_preview,ui_text,meme_card,1200,800,512,341,77,64,32,4,4654,4654,1.0,4.43896,35.52295533381164,0.9662954112527563,0.9920781219980749,0.995010415317337,0.9989645263631504
chat_preview,ui_text,meme_card,1200,800,512,341,77,64,64,0,3102,5996,0.5173448965977319,3.64087,25.501338380627313,0.8700816032823594,0.9575071145568601,0.9562435458327742,0.9855972198243014
chat_preview,ui_text,meme_card,1200,800,512,341,77,64,64,1,4270,5996,0.7121414276184123,3.57046,30.2182909988614,0.9478315391360873,0.9886118730328235,0.9898508770268977,0.9967686632436037
chat_preview,ui_text,meme_card,1200,800,512,341,77,64,64,2,5186,5996,0.8649099399599733,3.9715,32.82052961368043,0.963515062907797,0.9915728322525084,0.9940560661027305,0.9984288875753701
chat_preview,ui_text,meme_card,1200,800,512,341,77,64,64,3,5996,5996,1.0,4.29704,38.824396069217585,0.9803235496552483,0.9948018519029026,0.9971222729026775,0.9995064219179284
chat_preview,ui_text,meme_card,1200,800,512,341,78,64,32,0,2346,4803,0.4884447220487195,3.70892,22.260028693378096,0.7705334091377116,0.9103209935403381,0.9104434499951369,0.9621575522282062
chat_preview,ui_text,meme_card,1200,800,512,341,78,64,32,1,3055,4803,0.6360607953362482,3.52121,25.484823300680503,0.8690195366229568,0.9573415791002109,0.95576003466,0.9855360780008615
chat_preview,ui_text,meme_card,1200,800,512,341,78,64,32,2,3698,4803,0.7699354570060379,3.83533,30.083907015029233,0.945734149562945,0.987702049437985,0.9889683296381203,0.9965536879325054
chat_preview,ui_text,meme_card,1200,800,512,341,78,64,32,3,4233,4803,0.8813241723922548,4.11842,32.25059657325139,0.9572536060843916,0.9896300236723112,0.99244868518204,0.998022912794052
chat_preview,ui_text,meme_card,1200,800,512,341,78,64,32,4,4803,4803,1.0,4.26792,35.718786817226345,0.9681643821227922,0.9926533382085608,0.9951283752735414,0.9989860203638244
chat_preview,ui_text,meme_card,1200,800,512,341,78,64,64,0,3219,6125,0.5255510204081633,4.00587,25.499580023568363,0.8708870205589858,0.9579103460249732,0.9562795721989684,0.9855693934497314
chat_preview,ui_text,meme_card,1200,800,512,341,78,64,64,1,4398,6125,0.7180408163265306,4.10767,30.220182174755877,0.9484680852365184,0.9890341322485368,0.9898764498760018,0.9967679678133606
chat_preview,ui_text,meme_card,1200,800,512,341,78,64,64,2,5315,6125,0.8677551020408163,3.93142,32.82087848156288,0.9641051302964304,0.9919923671215766,0.9940564364479482,0.9984313893845261
chat_preview,ui_text,meme_card,1200,800,512,341,78,64,64,3,6125,6125,1.0,4.46925,38.924982806940925,0.9812650228034551,0.9953026099110879,0.9971616275840745,0.999519856230186
chat_preview,ui_text,meme_card,1200,800,512,341,79,64,32,0,2346,4870,0.4817248459958932,3.32758,22.260028693378096,0.7705334091377116,0.9103209935403381,0.9104434499951369,0.9621575522282062
chat_preview,ui_text,meme_card,1200,800,512,341,79,64,32,1,3055,4870,0.6273100616016427,3.35217,25.484981555051817,0.8690256892414796,0.9573440089511956,0.9557595608882109,0.9855370586823132
chat_preview,ui_text,meme_card,1200,800,512,341,79,64,32,2,3745,4870,0.768993839835729,3.83883,30.113665768686296,0.9457328981604752,0.9879111932851891,0.9891483316325503,0.9966060373494064
chat_preview,ui_text,meme_card,1200,800,512,341,79,64,32,3,4293,4870,0.8815195071868583,3.81537,32.285015903088,0.9579560649380721,0.9898950520312111,0.992630269637581,0.9980644961564734
chat_preview,ui_text,meme_card,1200,800,512,341,79,64,32,4,4870,4870,1.0,4.38442,35.81559828700802,0.9688785166315177,0.992829857864105,0.9952320769093322,0.99901525145203
chat_preview,ui_text,meme_card,1200,800,512,341,79,64,64,0,3219,6181,0.520789516259505,3.56083,25.499580023568363,0.8708870205589858,0.9579103460249732,0.9562795721989684,0.9855693934497314
chat_preview,ui_text,meme_card,1200,800,512,341,79,64,64,1,4398,6181,0.7115353502669471,3.68904,30.219958023170193,0.9484720293245058,0.9890349618613863,0.9898764536042813,0.9967676891719718
chat_preview,ui_text,meme_card,1200,800,512,341,79,64,64,2,5365,6181,0.8679825270991749,3.86904,32.862842391305676,0.9646301903219013,0.9921364099250861,0.9941246192511652,0.9984513015807963
chat_preview,ui_text,meme_card,1200,800,512,341,79,64,64,3,6181,6181,1.0,4.28017,39.08009163538813,0.9819895159373319,0.9954278119746743,0.997235898630008,0.9995375892742092
chat_preview,ui_text,meme_card,1200,800,512,341,80,64,32,0,2346,4941,0.474802671523983,3.94912,22.260028693378096,0.7705334091377116,0.9103209935403381,0.9104434499951369,0.9621575522282062
chat_preview,ui_text,meme_card,1200,800,512,341,80,64,32,1,3076,4941,0.6225460433110707,3.50787,25.48778185265727,0.8688230947232617,0.9572763747382392,0.955832201747745,0.9855487320586729
chat_preview,ui_text,meme_card,1200,800,512,341,80,64,32,2,3770,4941,0.763003440599069,3.58792,30.115237323360716,0.9458712177292615,0.9879445618914294,0.9891367292529437,0.9966099126166014
chat_preview,ui_text,meme_card,1200,800,512,341,80,64,32,3,4364,4941,0.8832220198340417,4.07871,32.29106349335567,0.9579352477490392,0.9897541309230636,0.9925903161992559,0.9980711523170304
chat_preview,ui_text,meme_card,1200,800,512,341,80,64,32,4,4941,4941,1.0,4.68054,35.92858582803569,0.9690114503195955,0.9928456256743895,0.9953140416739045,0.9990358974669509
chat_preview,ui_text,meme_card,1200,800,512,341,80,64,64,0,3219,6237,0.5161135161135161,3.61287,25.499580023568363,0.8708870205589858,0.9579103460249732,0.9562795721989684,0.9855693934497314
chat_preview,ui_text,meme_card,1200,800,512,341,80,64,64,1,4444,6237,0.7125220458553791,3.61704,30.229249012371497,0.9486301205644141,0.9890757813471844,0.9898971451068708,0.9967800152452575
chat_preview,ui_text,meme_card,1200,800,512,341,80,64,64,2,5414,6237,0.8680455347122014,4.11592,32.86974510520211,0.9646965140243964,0.992157507493331,0.9941006812373558,0.9984546694897202
chat_preview,ui_text,meme_card,1200,800,512,341,80,64,64,3,6237,6237,1.0,4.46708,39.09394823141037,0.9821091906497538,0.9954265834356267,0.9972112187297194,0.9995406348648469
chat_preview,ui_text,meme_card,1200,800,512,341,81,64,32,0,2346,5001,0.46910617876424715,3.5005,22.260028693378096,0.7705334091377116,0.9103209935403381,0.9104434499951369,0.9621575522282062
chat_preview,ui_text,meme_card,1200,800,512,341,81,64,32,1,3078,5001,0.6154769046190762,3.61433,25.487625030123073,0.8688229628110681,0.9572671341495683,0.9558270991649944,0.9855473863716909
chat_preview,ui_text,meme_card,1200,800,512,341,81,64,32,2,3805,5001,0.7608478304339132,3.69054,30.110361781877735,0.9462768589634467,0.9879482973153081,0.9890996273992556,0.9965978388044366
chat_preview,ui_text,meme_card,1200,800,512,341,81,64,32,3,4414,5001,0.882623475304939,3.87546,32.316278415621746,0.9585040156596979,0.989890879274998,0.992619088849624,0.998087142811568
chat_preview,ui_text,meme_card,1200,800,512,341,81,64,32,4,5001,5001,1.0,4.31333,36.05697584248295,0.9699272912529916,0.9930314334942135,0.9954458381013432,0.9990612111078793
chat_preview,ui_text,meme_card,1200,800,512,341,81,64,64,0,3219,6266,0.5137248643472709,3.70679,25.499580023568363,0.8708870205589858,0.9579103460249732,0.9562795721989684,0.9855693934497314
chat_preview,ui_text,meme_card,1200,800,512,341,81,64,64,1,4445,6266,0.7093839770188318,3.90846,30.229093215438812,0.948632692313451,0.9890758056549555,0.9898977013387134,0.9967798684511668
chat_preview,ui_text,meme_card,1200,800,512,341,81,64,64,2,5436,6266,0.8675390999042452,4.79113,32.88149200843809,0.9650254951477762,0.9922364217502765,0.9941354463617866,0.9984607826976134
chat_preview,ui_text,meme_card,1200,800,512,341,81,64,64,3,6266,6266,1.0,4.66237,39.20167870795305,0.9825471204972956,0.9955396702467257,0.9972948083040488,0.9995512563590601
chat_preview,ui_text,meme_card,1200,800,512,341,82,64,32,0,2346,5027,0.46667992838671174,4.35125,22.260028693378096,0.7705334091377116,0.9103209935403381,0.9104434499951369,0.9621575522282062
chat_preview,ui_text,meme_card,1200,800,512,341,82,64,32,1,3078,5027,0.6122936144817983,3.79712,25.487625030123073,0.8688229628110681,0.9572671341495683,0.9558270991649944,0.9855473863716909
chat_preview,ui_text,meme_card,1200,800,512,341,82,64,32,2,3806,5027,0.7571115973741794,3.92546,30.111411023502544,0.9462092404332584,0.9879124162596383,0.989109142457052,0.996596334148638
chat_preview,ui_text,meme_card,1200,800,512,341,82,64,32,3,4434,5027,0.8820370001989258,4.20571,32.346183167623025,0.9584365162356843,0.9897909487461352,0.9924345149684664,0.9980982124671224
chat_preview,ui_text,meme_card,1200,800,512,341,82,64,32,4,5027,5027,1.0,4.57092,36.19865287117917,0.9701831700363109,0.9929370563515191,0.9953383937080694,0.9990757092660194
chat_preview,ui_text,meme_card,1200,800,512,341,82,64,64,0,3219,6287,0.5120089072689678,4.13825,25.499580023568363,0.8708870205589858,0.9579103460249732,0.9562795721989684,0.9855693934497314
chat_preview,ui_text,meme_card,1200,800,512,341,82,64,64,1,4445,6287,0.7070144743120725,3.94887,30.229093215438812,0.948632692313451,0.9890758056549555,0.9898977013387134,0.9967798684511668
chat_preview,ui_text,meme_card,1200,800,512,341,82,64,64,2,5437,6287,0.8648003817400987,4.29221,32.87548948320838,0.9649745546366996,0.9922195355427399,0.9941357931967851,0.9984572643456047
chat_preview,ui_text,meme_card,1200,800,512,341,82,64,64,3,6287,6287,1.0,4.75075,39.14753287643282,0.9824418624839942,0.9955264043213123,0.9972932746410184,0.999544763452391
chat_preview,ui_text,meme_card,1200,800,512,341,83,64,32,0,2485,5226,0.47550707998469194,3.69896,22.284117451970488,0.7705016220646442,0.9109125132062692,0.9106674208016438,0.9623351626963581
chat_preview,ui_text,meme_card,1200,800,512,341,83,64,32,1,3238,5226,0.6195943360122464,3.85733,25.495823073357148,0.8706634960251662,0.9579563334590254,0.9560620405762469,0.98557090209844
chat_preview,ui_text,meme_card,1200,800,512,341,83,64,32,2,3983,5226,0.7621507845388442,3.87917,30.17193471494211,0.9477598299510946,0.9888986067608684,0.989892451071899,0.9966912872560512
chat_preview,ui_text,meme_card,1200,800,512,341,83,64,32,3,4633,5226,0.8865288939915805,4.15046,32.45091043516535,0.960424880039478,0.9908827188047796,0.9932808619588811,0.9982025704191764
chat_preview,ui_text,meme_card,1200,800,512,341,83,64,32,4,5226,5226,1.0,4.82471,36.52145453586512,0.9723095857736775,0.9940105416881342,0.9961544724695346,0.999180572501783
chat_preview,ui_text,meme_card,1200,800,512,341,83,64,64,0,3689,6881,0.5361139369277721,3.45267,25.51928213909422,0.8721018046193088,0.958665364336896,0.9567958035543631,0.9856710500437253
chat_preview,ui_text,meme_card,1200,800,512,341,83,64,64,1,4993,6881,0.7256212759773288,3.64021,30.258203081346693,0.9507203874284568,0.9899405609734364,0.9906657273014876,0.9968211742473405
chat_preview,ui_text,meme_card,1200,800,512,341,83,64,64,2,6000,6881,0.8719662839703531,3.90279,32.971652329820316,0.9674665145688118,0.9932726791235389,0.9950292148541721,0.9985214165065761
chat_preview,ui_text,meme_card,1200,800,512,341,83,64,64,3,6881,6881,1.0,4.41029,39.58720096500869,0.9849263191106834,0.9965224431832241,0.9981294181531302,0.9996051990459036
chat_preview,ui_text,meme_card,1200,800,512,341,84,64,32,0,2485,5315,0.46754468485418627,3.56579,22.284117451970488,0.7705016220646442,0.9109125132062692,0.9106674208016438,0.9623351626963581
chat_preview,ui_text,meme_card,1200,800,512,341,84,64,32,1,3242,5315,0.6099717779868298,3.54212,25.495788133718428,0.870658259596214,0.9579513684055513,0.9560625159286759,0.9855706778640727
chat_preview,ui_text,meme_card,1200,800,512,341,84,64,32,2,4034,5315,0.7589840075258701,3.67062,30.187398819707635,0.947608762865327,0.9890070171981532,0.9899768351456937,0.9967188420737474
chat_preview,ui_text,meme_card,1200,800,512,341,84,64,32,3,4696,5315,0.8835371589840075,3.82329,32.518935957263146,0.9606768758727114,0.9909747596886636,0.9933252690168255,0.9982439720745352
chat_preview,ui_text,meme_card,1200,800,512,341,84,64,32,4,5315,5315,1.0,4.236,36.70773990814422,0.9729911603485498,0.994078264704382,0.9961840873553907,0.9992114716134817
chat_preview,ui_text,meme_card,1200,800,512,341,84,64,64,0,3689,6954,0.5304860511935576,3.66837,25.51928213909422,0.8721018046193088,0.958665364336896,0.9567958035543631,0.9856710500437253
chat_preview,ui_text,meme_card,1200,800,512,341,84,64,64,1,4996,6954,0.7184354328444061,3.95008,30.258393352739862,0.9507195332130759,0.9899413466251162,0.9906655478058719,0.9968213673404137
chat_preview,ui_text,meme_card,1200,800,512,341,84,64,64,2,6043,6954,0.868996261144665,4.03608,32.962567719640404,0.9676591519950155,0.9932740882789751,0.9950716254582775,0.9985170754225483
chat_preview,ui_text,meme_card,1200,800,512,341,84,64,64,3,6954,6954,1.0,4.47687,39.593032628922245,0.9852011475582138,0.996544627270795,0.9981713577745748,0.9996026858601313
chat_preview,ui_text,meme_card,1200,800,512,341,85,64,32,0,2485,5390,0.461038961038961,3.31621,22.284117451970488,0.7705016220646442,0.9109125132062692,0.9106674208016438,0.9623351626963581
chat_preview,ui_text,meme_card,1200,800,512,341,85,64,32,1,3266,5390,0.6059369202226345,3.67437,25.497817177722002,0.8706240736742221,0.9579694944555213,0.9561377906037929,0.9855861384919873
chat_preview,ui_text,meme_card,1200,800,512,341,85,64,32,2,4080,5390,0.7569573283858998,6.85262,30.190882943442613,0.9477936384430444,0.9890760175704053,0.9899311134568132,0.9967246931255921
chat_preview,ui_text,meme_card,1200,800,512,341,85,64,32,3,4756,5390,0.8823747680890538,4.07417,32.54655886814127,0.9608726366615751,0.9911070769087419,0.9933648941068907,0.9982614258413933
chat_preview,ui_text,meme_card,1200,800,512,341,85,64,32,4,5390,5390,1.0,4.33792,36.87091684484771,0.9735774038095718,0.9942612694865826,0.9962716187238511,0.9992413411618614
chat_preview,ui_text,meme_card,1200,800,512,341,85,64,64,0,3689,7042,0.5238568588469185,3.51096,25.51928213909422,0.8721018046193088,0.958665364336896,0.9567958035543631,0.9856710500437253
chat_preview,ui_text,meme_card,1200,800,512,341,85,64,64,1,5046,7042,0.716557796080659,3.66596,30.262105989291964,0.9508877270071432,0.9900045007622095,0.9906518919148881,0.9968305516493207
chat_preview,ui_text,meme_card,1200,800,512,341,85,64,64,2,6104,7042,0.8667992047713717,4.11483,32.97641154117158,0.967806035160628,0.9933322596966021,0.9950415001364986,0.9985260992758108
chat_preview,ui_text,meme_card,1200,800,512,341,85,64,64,3,7042,7042,1.0,4.24008,39.68712358622142,0.9853962295604713,0.996613336600212,0.9981608561435128,0.9996141710963151
chat_preview,ui_text,meme_card,1200,800,512,341,86,64,32,0,2485,5480,0.4534671532846715,3.49737,22.284117451970488,0.7705016220646442,0.9109125132062692,0.9106674208016438,0.9623351626963581
chat_preview,ui_text,meme_card,1200,800,512,341,86,64,32,1,3268,5480,0.5963503649635037,3.44717,25.49828496884343,0.8706266122988224,0.9579651395167161,0.9561389556136102,0.985588078419519
chat_preview,ui_text,meme_card,1200,800,512,341,86,64,32,2,4109,5480,0.7498175182481752,4.04817,30.19060527247026,0.9485681628056634,0.9891809592870221,0.9900748757243014,0.9967229760431999
chat_preview,ui_text,meme_card,1200,800,512,341,86,64,32,3,4810,5480,0.8777372262773723,3.91417,32.60518025458816,0.9620170997761027,0.9915853797449762,0.9937142782131541,0.9983123621348066
chat_preview,ui_text,meme_card,1200,800,512,341,86,64,32,4,5480,5480,1.0,4.29875,37.18434608602528,0.9752539990921857,0.9946110269073399,0.9965388653528444,0.9992865744351827
chat_preview,ui_text,meme_card,1200,800,512,341,86,64,64,0,3689,7105,0.5192118226600986,3.59146,25.51928213909422,0.8721018046193088,0.958665364336896,0.9567958035543631,0.9856710500437253
chat_preview,ui_text,meme_card,1200,800,512,341,86,64,64,1,5051,7105,0.7109078114004223,3.64804,30.26203041059942,0.9508735424204539,0.9900020279287994,0.9906536267496155,0.9968305963935642
chat_preview,ui_text,meme_card,1200,800,512,341,86,64,64,2,6139,7105,0.864039408866995,3.87717,32.97676126485103,0.9678552206691223,0.9933406377115724,0.9950278113130023,0.9985228837534756
chat_preview,ui_text,meme_card,1200,800,512,341,86,64,64,3,7105,7105,1.0,4.52542,39.8497123836235,0.9857286817528413,0.9966903764992431,0.9982485483121978,0.9996273630289152
chat_preview,ui_text,meme_card,1200,800,512,341,87,64,32,0,2578,5639,0.4571732576697996,3.54887,22.280080611313625,0.7705479580963773,0.9109892364980757,0.9106557201988797,0.9622405008114545
chat_preview,ui_text,meme_card,1200,800,512,341,87,64,32,1,3379,5639,0.5992197198084767,3.5955,25.503413035114264,0.8710556598577467,0.958279306640511,0.9562513368804388,0.9855674079352197
chat_preview,ui_text,meme_card,1200,800,512,341,87,64,32,2,4243,5639,0.7524383755985103,3.76721,30.21440179724653,0.9491289941053846,0.9895582466155487,0.9901538689145883,0.9967414141342914
chat_preview,ui_text,meme_card,1200,800,512,341,87,64,32,3,4961,5639,0.879765915942543,3.78017,32.65640262612203,0.9627696504829185,0.9919860830876813,0.9937672903043322,0.9983309293235465
chat_preview,ui_text,meme_card,1200,800,512,341,87,64,32,4,5639,5639,1.0,4.15942,37.54852788887731,0.9767321868270294,0.9951246314833805,0.9966768799962551,0.9993442934790403
chat_preview,ui_text,meme_card,1200,800,512,341,87,64,64,0,3971,7473,0.5313796333467148,3.52883,25.51783095762144,0.8721093753127237,0.9588676198078906,0.9567640096905465,0.9856421215146551
chat_preview,ui_text,meme_card,1200,800,512,341,87,64,64,1,5350,7473,0.7159106115348588,3.87496,30.26854774112424,0.9510950325334561,0.9902032501762034,0.9906601447432558,0.9968272653259593
chat_preview,ui_text,meme_card,1200,800,512,341,87,64,64,2,6499,7473,0.8696641241803827,3.85433,33.00074925151888,0.9683246674745689,0.9936007620165532,0.9950409131048851,0.9985310553413999
chat_preview,ui_text,meme_card,1200,800,512,341,87,64,64,3,7473,7473,1.0,4.47467,39.96902081662632,0.9862216599533106,0.9969575937325436,0.9982696656608431,0.9996381160415988
chat_preview,ui_text,meme_card,1200,800,512,341,88,64,32,0,2578,5695,0.4526777875329236,3.74962,22.280080611313625,0.7705479580963773,0.9109892364980757,0.9106557201988797,0.9622405008114545
chat_preview,ui_text,meme_card,1200,800,512,341,88,64,32,1,3379,5695,0.5933274802458297,3.74075,25.503493633007793,0.8710580194345923,0.9582830694871046,0.9562516205979845,0.9855682891936642
chat_preview,ui_text,meme_card,1200,800,512,341,88,64,32,2,4255,5695,0.7471466198419666,3.56692,30.214695999219778,0.9491524718720156,0.9895633398102371,0.990129900941534,0.9967431503740684
chat_preview,ui_text,meme_card,1200,800,512,341,88,64,32,3,5012,5695,0.880070237050044,3.93671,32.69770427975571,0.9629713974291518,0.9922255082256427,0.9939708001288768,0.9983523297655309
chat_preview,ui_text,meme_card,1200,800,512,341,88,64,32,4,5695,5695,1.0,4.21746,37.71323826614211,0.9774303058346704,0.9951798716699649,0.996753019307575,0.9993650043486629
chat_preview,ui_text,meme_card,1200,800,512,341,88,64,64,0,3971,7526,0.5276375232527238,4.14896,25.51783095762144,0.8721093753127237,0.9588676198078906,0.9567640096905465,0.9856421215146551
chat_preview,ui_text,meme_card,1200,800,512,341,88,64,64,1,5351,7526,0.7110018602179112,3.59579,30.268729648790856,0.9510956014410676,0.9902039721683121,0.9906592299454059,0.9968273134105102
chat_preview,ui_text,meme_card,1200,800,512,341,88,64,64,2,6510,7526,0.8650013287270795,4.25608,32.99866896449479,0.9682990851691131,0.9935992675050489,0.995040145611885,0.9985294581589168
chat_preview,ui_text,meme_card,1200,800,512,341,88,64,64,3,7526,7526,1.0,4.42367,39.93157262425812,0.9861883285993732,0.9969514542777137,0.9982781051735313,0.9996351813145152
chat_preview,ui_text,meme_card,1200,800,512,341,89,64,32,0,2578,5985,0.4307435254803676,3.43704,22.280080611313625,0.7705479580963773,0.9109892364980757,0.9106557201988797,0.9622405008114545
chat_preview,ui_text,meme_card,1200,800,512,341,89,64,32,1,3603,5985,0.6020050125313283,3.55979,25.509537618152386,0.8693026878657482,0.9574179968648804,0.9550167859573584,0.9855853152849758
chat_preview,ui_text,meme_card,1200,800,512,341,89,64,32,2,4531,5985,0.7570593149540518,3.79746,30.203450399959173,0.9480531604472376,0.988719948710662,0.9888673464298127,0.9967329276639804
chat_preview,ui_text,meme_card,1200,800,512,341,89,64,32,3,5298,5985,0.8852130325814537,3.89975,32.69485978109173,0.9619112896842389,0.9912848142078401,0.9926082076076044,0.9983425848980448
chat_preview,ui_text,meme_card,1200,800,512,341,89,64,32,4,5985,5985,1.0,4.26675,37.77395423166746,0.9768129198643966,0.994282383735226,0.9954639385070533,0.9993661974703791
chat_preview,ui_text,meme_card,1200,800,512,341,89,64,64,0,3971,8455,0.4696629213483146,3.61325,25.51783095762144,0.8721093753127237,0.9588676198078906,0.9567640096905465,0.9856421215146551
chat_preview,ui_text,meme_card,1200,800,512,341,89,64,64,1,6118,8455,0.7235955056179775,3.91412,30.24002842227743,0.9481769083876969,0.9891956923219046,0.989361699812541,0.9967988718203761
chat_preview,ui_text,meme_card,1200,800,512,341,89,64,64,2,7432,8455,0.8790065050266115,4.00817,32.979066299058324,0.9656956835188003,0.9926362961673325,0.9937761957215353,0.998522848944969
chat_preview,ui_text,meme_card,1200,800,512,341,89,64,64,3,8455,8455,1.0,4.36579,39.701401739966734,0.983547806585617,0.9959460055983729,0.9969700555853076,0.9996092032390117
chat_preview,ui_text,meme_card,1200,800,512,341,90,64,32,0,2578,6124,0.4209666884389288,4.49704,22.280080611313625,0.7705479580963773,0.9109892364980757,0.9106557201988797,0.9622405008114545
chat_preview,ui_text,meme_card,1200,800,512,341,90,64,32,1,3702,6124,0.6045068582625734,3.44837,25.5090919174175,0.8691918874727135,0.9573061948995889,0.9549645483698014,0.9855941392067119
chat_preview,ui_text,meme_card,1200,800,512,341,90,64,32,2,4637,6124,0.757184846505552,3.69708,30.20032191657357,0.9478511501803949,0.9885728224524737,0.9887254231559334,0.9967276239247257
chat_preview,ui_text,meme_card,1200,800,512,341,90,64,32,3,5420,6124,0.8850424559111691,4.22721,32.700230778953674,0.9621014964079873,0.9912219734635896,0.9925525484256325,0.9983437906716596
chat_preview,ui_text,meme_card,1200,800,512,341,90,64,32,4,6124,6124,1.0,4.26617,38.00603269991289,0.9777115456953691,0.99428359965879,0.995527634028649,0.9993895535673678
chat_preview,ui_text,meme_card,1200,800,512,341,90,64,64,0,3971,8638,0.45971289650382036,3.55262,25.51783095762144,0.8721093753127237,0.9588676198078906,0.9567640096905465,0.9856421215146551
chat_preview,ui_text,meme_card,1200,800,512,341,90,64,64,1,6280,8638,0.727020143551748,4.11875,30.24599916117137,0.9480969872158859,0.9891773437913188,0.9892873952150267,0.9968061526255001
chat_preview,ui_text,meme_card,1200,800,512,341,90,64,64,2,7606,8638,0.8805278999768464,4.54562,32.979997924529584,0.965514124874857,0.9925914309870997,0.9936532879434828,0.998521715160756
chat_preview,ui_text,meme_card,1200,800,512,341,90,64,64,3,8638,8638,1.0,4.24242,39.70091845821265,0.9834134600201582,0.9959099021525977,0.9968510205502816,0.9996100341556119
chat_preview,ui_text,meme_card,1200,800,512,341,91,64,32,0,2578,6194,0.41620923474329996,3.58554,22.280080611313625,0.7705479580963773,0.9109892364980757,0.9106557201988797,0.9622405008114545
chat_preview,ui_text,meme_card,1200,800,512,341,91,64,32,1,3703,6194,0.5978366160800775,3.64204,25.509088607705213,0.8691958753952177,0.9573132538330259,0.9549663937108992,0.9855938186773707
chat_preview,ui_text,meme_card,1200,800,512,341,91,64,32,2,4672,6194,0.7542783338714886,3.50262,30.2027836383242,0.9484704568120564,0.988630242418659,0.988811097291763,0.9967185014584924
chat_preview,ui_text,meme_card,1200,800,512,341,91,64,32,3,5477,6194,0.8842428156280271,4.05537,32.73257547803172,0.9625182988052527,0.991341334553072,0.9927845234767462,0.9983745602602898
chat_preview,ui_text,meme_card,1200,800,512,341,91,64,32,4,6194,6194,1.0,4.36729,38.16751269493346,0.9784282625388543,0.9944402694116569,0.9957612394990261,0.9994127228108639
chat_preview,ui_text,meme_card,1200,800,512,341,91,64,64,0,3971,8790,0.45176336746302614,3.41262,25.51783095762144,0.8721093753127237,0.9588676198078906,0.9567640096905465,0.9856421215146551
chat_preview,ui_text,meme_card,1200,800,512,341,91,64,64,1,6280,8790,0.714448236632537,3.72775,30.24570701408114,0.9480948460815818,0.9891765111065779,0.9892872908788162,0.9968058660259156
chat_preview,ui_text,meme_card,1200,800,512,341,91,64,64,2,7675,8790,0.873151308304892,4.03354,32.989558181630464,0.9656725862391969,0.9926559158016176,0.9936935233250891,0.9985264718454882
chat_preview,ui_text,meme_card,1200,800,512,341,91,64,64,3,8790,8790,1.0,4.48029,39.87090858717251,0.983750342178428,0.9959857561473591,0.9969037385995676,0.9996234533733958
chat_preview,ui_text,meme_card,1200,800,512,341,92,64,32,0,2667,6362,0.41920779629047467,3.416,22.287874544846474,0.7710203953946553,0.9113179866789194,0.910761440512774,0.9623672045856546
chat_preview,ui_text,meme_card,1200,800,512,341,92,64,32,1,3813,6362,0.5993398302420623,3.47112,25.507664985244926,0.8697219908820529,0.9576445646902266,0.9549872329940564,0.9856189685298603
chat_preview,ui_text,meme_card,1200,800,512,341,92,64,32,2,4783,6362,0.7518076076705439,3.62775,30.210849234355766,0.9488871604980164,0.988847724981591,0.9888889216084364,0.9967462059859494
chat_preview,ui_text,meme_card,1200,800,512,341,92,64,32,3,5625,6362,0.8841559258094939,4.02408,32.787575118291976,0.9635373049533351,0.9916509185713652,0.9929173202243385,0.9984165675689672
chat_preview,ui_text,meme_card,1200,800,512,341,92,64,32,4,6362,6362,1.0,4.53412,38.432918703865994,0.9797611059266181,0.9947676953670405,0.9959625342099584,0.9994632404506698
chat_preview,ui_text,meme_card,1200,800,512,341,92,64,64,0,4365,9269,0.4709245873341245,3.68458,25.52661347464191,0.8727464871983881,0.9592035066583953,0.956857540352665,0.9856974526146006
chat_preview,ui_text,meme_card,1200,800,512,341,92,64,64,1,6713,9269,0.7242420973136261,3.66146,30.253277196984868,0.9484710732954986,0.9894445579709196,0.9892575073011274,0.9968236988743101
chat_preview,ui_text,meme_card,1200,800,512,341,92,64,64,2,8125,9269,0.876577840112202,4.14863,32.99979815405812,0.9661358750835504,0.9929348548701679,0.9936864929534193,0.9985410838745932
chat_preview,ui_text,meme_card,1200,800,512,341,92,64,64,3,9269,9269,1.0,4.44971,39.885397618338146,0.9842302895233684,0.9962589936006561,0.9968982468482329,0.99963382769936
chat_preview,ui_text,meme_card,1200,800,512,341,93,64,32,0,2667,6502,0.41018148262073206,3.74162,22.287874544846474,0.7710203953946553,0.9113179866789194,0.910761440512774,0.9623672045856546
chat_preview,ui_text,meme_card,1200,800,512,341,93,64,32,1,3820,6502,0.5875115349123347,3.51704,25.50956881438253,0.8697531770824609,0.9576835747703489,0.9550366640844983,0.9856262977144684
chat_preview,ui_text,meme_card,1200,800,512,341,93,64,32,2,4824,6502,0.7419255613657336,3.79825,30.212465866641033,0.9490688285058311,0.9889137938184843,0.9889138843788926,0.996749365421999
chat_preview,ui_text,meme_card,1200,800,512,341,93,64,32,3,5712,6502,0.8784989234081821,4.17446,32.83517587378559,0.964230072810497,0.9918469144452282,0.9930475304315665,0.9984332628406011
chat_preview,ui_text,meme_card,1200,800,512,341,93,64,32,4,6502,6502,1.0,4.41154,38.759306880051575,0.9807160082629989,0.9950285891368233,0.996102416371477,0.9994954805342618
chat_preview,ui_text,meme_card,1200,800,512,341,93,64,64,0,4365,9338,0.4674448490040694,3.74529,25.52661347464191,0.8727464871983881,0.9592035066583953,0.956857540352665,0.9856974526146006
chat_preview,ui_text,meme_card,1200,800,512,341,93,64,64,1,6720,9338,0.719640179910045,4.85717,30.253946754487558,0.9485977045919701,0.9894770593310088,0.9893029697351432,0.9968241201697948
chat_preview,ui_text,meme_card,1200,800,512,341,93,64,64,2,8158,9338,0.8736346112657957,4.339,32.99254252691527,0.9662216302769341,0.9929584842067531,0.9937260890405019,0.9985376278888546
chat_preview,ui_text,meme_card,1200,800,512,341,93,64,64,3,9338,9338,1.0,4.22429,39.943826917231064,0.9844818244943206,0.9963157890803349,0.99695829916551,0.9996363403912273
chat_preview,ui_text,meme_card,1200,800,512,341,94,64,32,0,2667,6725,0.3965799256505576,3.39567,22.287874544846474,0.7710203953946553,0.9113179866789194,0.910761440512774,0.9623672045856546
chat_preview,ui_text,meme_card,1200,800,512,341,94,64,32,1,3820,6725,0.5680297397769517,3.43171,25.50956881438253,0.8697531770824609,0.9576835747703489,0.9550366640844983,0.9856262977144684
chat_preview,ui_text,meme_card,1200,800,512,341,94,64,32,2,4999,6725,0.7433457249070632,3.69029,30.216836798046355,0.9482274455086994,0.9886277037927634,0.9885732933666447,0.9967549117890807
chat_preview,ui_text,meme_card,1200,800,512,341,94,64,32,3,5915,6725,0.8795539033457249,3.84354,32.83255693240137,0.9636968729373651,0.9916173436982634,0.9927525457604935,0.9984246733661835
chat_preview,ui_text,meme_card,1200,800,512,341,94,64,32,4,6725,6725,1.0,4.26875,38.950274210291724,0.9808581391579944,0.9949373705078188,0.9958714148402639,0.9995159576501099
chat_preview,ui_text,meme_card,1200,800,512,341,94,64,64,0,4365,9806,0.44513563124617583,3.50412,25.52661347464191,0.8727464871983881,0.9592035066583953,0.956857540352665,0.9856974526146006
chat_preview,ui_text,meme_card,1200,800,512,341,94,64,64,1,6720,9806,0.6852947175198858,4.08175,30.253946754487558,0.9485977045919701,0.9894770593310088,0.9893029697351432,0.9968241201697948
chat_preview,ui_text,meme_card,1200,800,512,341,94,64,64,2,8554,9806,0.8723230675096879,4.00483,32.9853786212625,0.965769980808466,0.992820542407027,0.9935830877425307,0.9985366368575199
chat_preview,ui_text,meme_card,1200,800,512,341,94,64,64,3,9806,9806,1.0,4.53062,39.923999032122495,0.984067571860949,0.996179058683106,0.9968114203614009,0.9996312018042851
chat_preview,ui_text,meme_card,1200,800,512,341,95,64,32,0,3167,10735,0.29501630181648814,4.86004,22.286760534285975,0.7709748562142967,0.9111820494731511,0.9110719567661517,0.9623553700587889
chat_preview,ui_text,meme_card,1200,800,512,341,95,64,32,1,4923,10735,0.4585933861201677,4.99133,25.53270528826458,0.871856899759803,0.9585091371990403,0.9563161507887444,0.9856939468518519
chat_preview,ui_text,meme_card,1200,800,512,341,95,64,32,2,6560,10735,0.6110852352119236,5.07917,30.35158185077001,0.9499586894937092,0.98989683567851,0.9898608774548783,0.9969314547810331
chat_preview,ui_text,meme_card,1200,800,512,341,95,64,32,3,8246,10735,0.768141592920354,5.52467,33.494671142170326,0.9699450469751731,0.9941612630394899,0.9945449888100226,0.9987373338421448
chat_preview,ui_text,meme_card,1200,800,512,341,95,64,32,4,10735,10735,1.0,6.34962,46.12371536607685,0.9902556783283561,0.9973539214001944,0.9976742987701599,0.9998846046852768
chat_preview,ui_text,meme_card,1200,800,512,341,95,64,64,0,5285,14952,0.35346441947565543,4.97037,25.544296371721465,0.8732470261638704,0.9593839967545059,0.9569908663733881,0.9857473711294078
chat_preview,ui_text,meme_card,1200,800,512,341,95,64,64,1,8994,14952,0.6015248796147673,5.15663,30.378477435398597,0.9516560024853624,0.990888750222446,0.9906972239059961,0.9969671620897117
chat_preview,ui_text,meme_card,1200,800,512,341,95,64,64,2,11746,14952,0.7855805243445693,5.40262,33.57213665069277,0.9716033465904172,0.9951182263469168,0.9952828688422757,0.9987909037926115
chat_preview,ui_text,meme_card,1200,800,512,341,95,64,64,3,14952,14952,1.0,6.45575,48.57257402194405,0.9925267356400552,0.9983772718356673,0.9984673260000331,0.9999405106132637
chat_preview,ui_text,meme_card,1200,800,512,341,96,64,32,0,3167,11836,0.2675735045623521,4.9125,22.286760534285975,0.7709748562142967,0.9111820494731511,0.9110719567661517,0.9623553700587889
chat_preview,ui_text,meme_card,1200,800,512,341,96,64,32,1,4949,11836,0.41813112538019603,5.10771,25.537140764426418,0.8725127761520319,0.9589532875915404,0.956941139041997,0.9857059293588368
chat_preview,ui_text,meme_card,1200,800,512,341,96,64,32,2,7394,11836,0.6247042919905373,5.2825,30.33850055703509,0.9484281268342146,0.9895729727393401,0.9893368806982888,0.9969168194199491
chat_preview,ui_text,meme_card,1200,800,512,341,96,64,32,3,9153,11836,0.773318688746198,5.55879,33.48979350809412,0.9685914882892573,0.9938020218270563,0.9939656230302873,0.9987349704066302
chat_preview,ui_text,meme_card,1200,800,512,341,96,64,32,4,11836,11836,1.0,6.53667,45.836736270867355,0.9891002488565864,0.9970180921890627,0.997119916866576,0.9998790010089488
chat_preview,ui_text,meme_card,1200,800,512,341,96,64,64,0,5285,17925,0.29483960948396093,4.80108,25.544296371721465,0.8732470261638704,0.9593839967545059,0.9569908663733881,0.9857473711294078
chat_preview,ui_text,meme_card,1200,800,512,341,96,64,64,1,9044,17925,0.5045467224546722,5.53883,30.383619349165958,0.9526978440679336,0.9912638061396818,0.9912288584267147,0.9969762333616052
chat_preview,ui_text,meme_card,1200,800,512,341,96,64,64,2,14582,17925,0.8135006973500697,5.7145,33.52421129456132,0.9688394387918989,0.9945921244784152,0.9946138584582918,0.9987775090598957
chat_preview,ui_text,meme_card,1200,800,512,341,96,64,64,3,17925,17925,1.0,6.89917,47.30401190927155,0.9897553873817929,0.9978320693930591,0.9977658156667998,0.9999237718997713
chat_preview,ui_text,meme_card,1200,800,512,341,97,64,32,0,3167,12395,0.25550625252117787,4.73687,22.286760534285975,0.7709748562142967,0.9111820494731511,0.9110719567661517,0.9623553700587889
chat_preview,ui_text,meme_card,1200,800,512,341,97,64,32,1,4949,12395,0.3992739007664381,4.83925,25.537140764426418,0.8725127761520319,0.9589532875915404,0.956941139041997,0.9857059293588368
chat_preview,ui_text,meme_card,1200,800,512,341,97,64,32,2,7394,12395,0.5965308592174264,5.32487,30.33850055703509,0.9484281268342146,0.9895729727393401,0.9893368806982888,0.9969168194199491
chat_preview,ui_text,meme_card,1200,800,512,341,97,64,32,3,9559,12395,0.7711980637353771,5.5795,33.488302559070796,0.968259381508187,0.9937050681216553,0.9938293825727939,0.9987385128643677
chat_preview,ui_text,meme_card,1200,800,512,341,97,64,32,4,12395,12395,1.0,6.70196,45.94623820586152,0.9888114629170947,0.9969306319902094,0.9969906028900969,0.9998800445282358
chat_preview,ui_text,meme_card,1200,800,512,341,97,64,64,0,5285,18681,0.2829077672501472,4.95433,25.544296371721465,0.8732470261638704,0.9593839967545059,0.9569908663733881,0.9857473711294078
chat_preview,ui_text,meme_card,1200,800,512,341,97,64,64,1,9044,18681,0.48412825865853004,5.42342,30.383619349165958,0.9526978440679336,0.9912638061396818,0.9912288584267147,0.9969762333616052
chat_preview,ui_text,meme_card,1200,800,512,341,97,64,64,2,14582,18681,0.7805791981157325,5.49258,33.52421129456132,0.9688394387918989,0.9945921244784152,0.9946138584582918,0.9987775090598957
chat_preview,ui_text,meme_card,1200,800,512,341,97,64,64,3,18681,18681,1.0,7.01508,47.294802722302634,0.989460667108854,0.9978120256982578,0.9977316586364635,0.9999238011914271
chat_preview,ui_text,meme_card,1200,800,512,341,98,64,32,0,3167,13932,0.2273184036749928,4.68096,22.286760534285975,0.7709748562142967,0.9111820494731511,0.9110719567661517,0.9623553700587889
chat_preview,ui_text,meme_card,1200,800,512,341,98,64,32,1,5277,13932,0.37876830318690785,5.08258,25.540685011354903,0.8722839773409116,0.9587883814608661,0.9569187367979398,0.9857213618069323
chat_preview,ui_text,meme_card,1200,800,512,341,98,64,32,2,8528,13932,0.6121159919609532,5.19958,30.339108382514354,0.9476396691136667,0.9892655057062635,0.9891188144245182,0.9969116513137539
chat_preview,ui_text,meme_card,1200,800,512,341,98,64,32,3,11042,13932,0.7925638817111685,5.60288,33.490535756425274,0.9671393541661549,0.9933156970719947,0.9935531558345808,0.9987329790541956
chat_preview,ui_text,meme_card,1200,800,512,341,98,64,32,4,13932,13932,1.0,6.45104,45.80027017913356,0.9877041376497128,0.9965481592635861,0.9967356931703769,0.9998733700690505
chat_preview,ui_text,meme_card,1200,800,512,341,98,64,64,0,5285,22720,0.2326144366197183,5.11633,25.544296371721465,0.8732470261638704,0.9593839967545059,0.9569908663733881,0.9857473711294078
chat_preview,ui_text,meme_card,1200,800,512,341,98,64,64,1,10566,22720,0.46505281690140843,6.52267,30.3712636617978,0.9514672680829422,0.9908709349066968,0.9911758541110621,0.9969623846735695
chat_preview,ui_text,meme_card,1200,800,512,341,98,64,64,2,18456,22720,0.8123239436619718,5.88417,33.5113663744301,0.966976216863599,0.9940645299773564,0.9944423483173784,0.9987663898022601
chat_preview,ui_text,meme_card,1200,800,512,341,98,64,64,3,22720,22720,1.0,7.27521,46.78674358118887,0.9876252901989213,0.9972966727464087,0.9975791078821946,0.9999104800183561
chat_preview,ui_text,meme_card,1200,800,512,341,99,64,32,0,3167,14686,0.21564755549502929,5.06354,22.286760534285975,0.7709748562142967,0.9111820494731511,0.9110719567661517,0.9623553700587889
chat_preview,ui_text,meme_card,1200,800,512,341,99,64,32,1,5470,14686,0.3724635707476508,4.76162,25.539162883240273,0.8721163364438644,0.9587395749538469,0.956924291760024,0.9857111311290663
chat_preview,ui_text,meme_card,1200,800,512,341,99,64,32,2,8963,14686,0.6103091379545145,5.372,30.334264409430997,0.947303234113436,0.9891654317791531,0.9890987064277484,0.9969038570080575
chat_preview,ui_text,meme_card,1200,800,512,341,99,64,32,3,11569,14686,0.7877570475282583,5.453,33.485484082303756,0.9671063547804201,0.9932744936908966,0.9936249365986244,0.9987271657827776
chat_preview,ui_text,meme_card,1200,800,512,341,99,64,32,4,14686,14686,1.0,6.66858,45.951355474145224,0.98788872989523,0.9965167003279704,0.9968118650429209,0.999873868927758
chat_preview,ui_text,meme_card,1200,800,512,341,99,64,64,0,5285,24544,0.21532757496740548,4.77075,25.544296371721465,0.8732470261638704,0.9593839967545059,0.9569908663733881,0.9857473711294078
chat_preview,ui_text,meme_card,1200,800,512,341,99,64,64,1,11324,24544,0.4613754889178618,5.26517,30.36828761923802,0.9512503281494222,0.9908150234701854,0.9911874140663666,0.9969593192225495
chat_preview,ui_text,meme_card,1200,800,512,341,99,64,64,2,20044,24544,0.8166558018252934,6.06987,33.50537827141175,0.9665853143705365,0.9939768306699147,0.9944371259564623,0.9987633126370438
chat_preview,ui_text,meme_card,1200,800,512,341,99,64,64,3,24544,24544,1.0,7.112,46.81716339418373,0.9875460412502074,0.997232469761472,0.9976055185405345,0.9999093327640798
chat_preview,ui_text,meme_card,1200,800,512,341,100,64,32,0,3167,86841,0.03646894899874483,4.78325,22.286760534285975,0.7709748562142967,0.9111820494731511,0.9110719567661517,0.9623553700587889
chat_preview,ui_text,meme_card,1200,800,512,341,100,64,32,1,5734,86841,0.06602871915339528,4.87475,25.544296371721465,0.8732470261638704,0.9593839967545059,0.9569908663733881,0.9857473711294078
chat_preview,ui_text,meme_card,1200,800,512,341,100,64,32,2,12207,86841,0.14056724358310016,5.27712,30.39057758640042,0.9530767059092975,0.9914434026661284,0.9912754869298911,0.9969870841872951
chat_preview,ui_text,meme_card,1200,800,512,341,100,64,32,3,30763,86841,0.3542451146347923,6.15529,33.62580641947765,0.9752325898214291,0.9962219112108236,0.996388737930411,0.9988261815692698
chat_preview,ui_text,meme_card,1200,800,512,341,100,64,32,4,86841,86841,1.0,9.79683,99.0,1.0,1.0,0.9999999999999881,1.0
chat_preview,ui_text,meme_card,1200,800,512,341,100,64,64,0,5285,86392,0.06117464580053709,5.13367,25.544296371721465,0.8732470261638704,0.9593839967545059,0.9569908663733881,0.9857473711294078
chat_preview,ui_text,meme_card,1200,800,512,341,100,64,64,1,11758,86392,0.13610056486711733,5.44704,30.39057758640042,0.9530767059092975,0.9914434026661284,0.9912754869298911,0.9969870841872951
chat_preview,ui_text,meme_card,1200,800,512,341,100,64,64,2,30314,86392,0.3508889712010371,6.31012,33.62580641947765,0.9752325898214291,0.9962219112108236,0.996388737930411,0.9988261815692698
chat_preview,ui_text,meme_card,1200,800,512,341,100,64,64,3,86392,86392,1.0,9.77917,99.0,1.0,1.0,0.9999999999999881,1.0
