profile,category,sample,source_width,source_height,width,height,quality,tile,base_target,layer,prefix_bytes,full_bytes,fraction_of_full,decode_ms,psnr,ssim_windowed,ms_ssim_windowed,ms_ssim_luma,legacy_ms_ssim_proxy
chat_preview,photo,kodak_01,768,512,512,341,1,64,32,0,1075,4318,0.2489578508568782,5.00762,19.42487100699782,0.24662811275490193,0.6104270756420361,0.6178544932570897,0.7695750718003527
chat_preview,photo,kodak_01,768,512,512,341,1,64,32,1,1866,4318,0.4321445113478462,5.33779,20.223405199989145,0.35358427565783285,0.7295853195838102,0.7420872711941581,0.8357651155499723
chat_preview,photo,kodak_01,768,512,512,341,1,64,32,2,2976,4318,0.6892079666512274,5.06133,21.266624802176096,0.5094516116520563,0.8308911501725337,0.8481403033249801,0.8949751932572336
chat_preview,photo,kodak_01,768,512,512,341,1,64,32,3,4059,4318,0.9400185270958777,5.94833,22.227867664062302,0.5997077083921115,0.8728990357797581,0.8920523462137006,0.9227262161678882
chat_preview,photo,kodak_01,768,512,512,341,1,64,32,4,4318,4318,1.0,5.7905,22.281385759251904,0.6005821699503073,0.8731593521760651,0.8922954252515983,0.9236736342324849
chat_preview,photo,kodak_01,768,512,512,341,1,64,64,0,2241,10509,0.21324578932343705,5.5335,20.315351861456662,0.35883451515425496,0.737107902487788,0.7504653217870019,0.839669740886149
chat_preview,photo,kodak_01,768,512,512,341,1,64,64,1,4617,10509,0.43933771053382814,5.39117,21.700662981400804,0.5505183187183387,0.8614565955443183,0.8734396199420237,0.9079245774457348
chat_preview,photo,kodak_01,768,512,512,341,1,64,64,2,8540,10509,0.812636787515463,5.67533,23.82891754712855,0.7294541188296692,0.9338502937815755,0.9459450623062992,0.9545322389433217
chat_preview,photo,kodak_01,768,512,512,341,1,64,64,3,10509,10509,1.0,6.41733,24.915849776087676,0.7787855241567895,0.9446159094629442,0.9564221120482537,0.9645790560774039
chat_preview,photo,kodak_01,768,512,512,341,2,64,32,0,1075,4326,0.24849745723532132,4.74746,19.42487100699782,0.24662811275490193,0.6104270756420361,0.6178544932570897,0.7695750718003527
chat_preview,photo,kodak_01,768,512,512,341,2,64,32,1,1866,4326,0.43134535367545074,5.45033,20.223405199989145,0.35358427565783285,0.7295853195838102,0.7420872711941581,0.8357651155499723
chat_preview,photo,kodak_01,768,512,512,341,2,64,32,2,2976,4326,0.6879334257975035,5.38146,21.26659126073534,0.5094524427240206,0.8308911328446835,0.8481404422415132,0.8949734733264386
chat_preview,photo,kodak_01,768,512,512,341,2,64,32,3,4064,4326,0.9394359685621821,5.59879,22.22746246134017,0.5997838694804445,0.872863250864392,0.8920190955181049,0.9227167744949942
chat_preview,photo,kodak_01,768,512,512,341,2,64,32,4,4326,4326,1.0,5.71971,22.288541222308073,0.6007179248463866,0.8731556460455289,0.8922882051262742,0.9238077843321884
chat_preview,photo,kodak_01,768,512,512,341,2,64,64,0,2241,10509,0.21324578932343705,5.15308,20.315351861456662,0.35883451515425496,0.737107902487788,0.7504653217870019,0.839669740886149
chat_preview,photo,kodak_01,768,512,512,341,2,64,64,1,4617,10509,0.43933771053382814,5.27504,21.700662981400804,0.5505183187183387,0.8614565955443183,0.8734396199420237,0.9079245774457348
chat_preview,photo,kodak_01,768,512,512,341,2,64,64,2,8540,10509,0.812636787515463,5.51108,23.82891754712855,0.7294541188296692,0.9338502937815755,0.9459450623062992,0.9545322389433217
chat_preview,photo,kodak_01,768,512,512,341,2,64,64,3,10509,10509,1.0,6.33729,24.9159144798997,0.7787862910765485,0.9446158421553298,0.9564220604369453,0.9645791645694773
chat_preview,photo,kodak_01,768,512,512,341,3,64,32,0,1075,4416,0.24343297101449277,5.16083,19.42487100699782,0.24662811275490193,0.6104270756420361,0.6178544932570897,0.7695750718003527
chat_preview,photo,kodak_01,768,512,512,341,3,64,32,1,1880,4416,0.4257246376811594,4.88987,20.225293877217613,0.35383876444974033,0.7297953176890876,0.7426517720199796,0.8358021315071241
chat_preview,photo,kodak_01,768,512,512,341,3,64,32,2,3021,4416,0.6841032608695652,5.09575,21.27237443962762,0.5122074882819384,0.8316597812497206,0.8491490261260691,0.8949044340800444
chat_preview,photo,kodak_01,768,512,512,341,3,64,32,3,4151,4416,0.9399909420289855,5.58988,22.245983912601254,0.6043831508970429,0.8743036770039453,0.8935806840860526,0.923187099953076
chat_preview,photo,kodak_01,768,512,512,341,3,64,32,4,4416,4416,1.0,5.80696,22.311280437171597,0.6054174508129709,0.8746108531411965,0.8938654393824557,0.9243510076107565
chat_preview,photo,kodak_01,768,512,512,341,3,64,64,0,2241,10760,0.20827137546468402,4.90725,20.315351861456662,0.35883451515425496,0.737107902487788,0.7504653217870019,0.839669740886149
chat_preview,photo,kodak_01,768,512,512,341,3,64,64,1,4648,10760,0.43197026022304835,5.22475,21.702499401845667,0.5505759732311039,0.8613781479246004,0.8733774972830379,0.9079679907493263
chat_preview,photo,kodak_01,768,512,512,341,3,64,64,2,8687,10760,0.8073420074349442,5.60229,23.851981073122644,0.731763580209531,0.9346158994219165,0.9466501295372106,0.954874011752319
chat_preview,photo,kodak_01,768,512,512,341,3,64,64,3,10760,10760,1.0,6.34167,24.97592594598611,0.7827486890640726,0.9455376409598624,0.9573292482066551,0.9651307344573122
chat_preview,photo,kodak_01,768,512,512,341,4,64,32,0,1075,4487,0.23958101181190106,4.982,19.42487100699782,0.24662811275490193,0.6104270756420361,0.6178544932570897,0.7695750718003527
chat_preview,photo,kodak_01,768,512,512,341,4,64,32,1,1880,4487,0.41898818809895255,5.04921,20.225293877217613,0.35383876444974033,0.7297953176890876,0.7426517720199796,0.8358021315071241
chat_preview,photo,kodak_01,768,512,512,341,4,64,32,2,3036,4487,0.6766213505683084,4.96079,21.27200656453098,0.5126514043627884,0.8317557480745168,0.849275213242563,0.8948980267029868
chat_preview,photo,kodak_01,768,512,512,341,4,64,32,3,4219,4487,0.9402718965901493,5.34737,22.252455686025606,0.6071478541341526,0.8749503847222716,0.8942883408340185,0.9233857846678809
chat_preview,photo,kodak_01,768,512,512,341,4,64,32,4,4487,4487,1.0,5.64375,22.32706286285117,0.608253902846393,0.875256784024824,0.8945670005555667,0.9246771837952775
chat_preview,photo,kodak_01,768,512,512,341,4,64,64,0,2241,10896,0.20567180616740088,5.16538,20.315351861456662,0.35883451515425496,0.737107902487788,0.7504653217870019,0.839669740886149
chat_preview,photo,kodak_01,768,512,512,341,4,64,64,1,4648,10896,0.4265785609397944,5.47879,21.702499401845667,0.5505759732311039,0.8613781479246004,0.8733774972830379,0.9079679907493263
chat_preview,photo,kodak_01,768,512,512,341,4,64,64,2,8719,10896,0.8002019089574156,5.79875,23.854788371551802,0.7320832750021662,0.9346257371980448,0.9466745819302856,0.9548848625320041
chat_preview,photo,kodak_01,768,512,512,341,4,64,64,3,10896,10896,1.0,7.00529,25.00857088646294,0.7850870462561764,0.9460201249823023,0.9578316119258,0.9654056009062789
chat_preview,photo,kodak_01,768,512,512,341,5,64,32,0,1075,4509,0.23841206475937016,4.92242,19.42487100699782,0.24662811275490193,0.6104270756420361,0.6178544932570897,0.7695750718003527
chat_preview,photo,kodak_01,768,512,512,341,5,64,32,1,1901,4509,0.4216012419605234,4.81037,20.219260772421848,0.3556744490255949,0.7311790836052722,0.7443278607663815,0.8357352040044318
chat_preview,photo,kodak_01,768,512,512,341,5,64,32,2,3057,4509,0.677977378576181,5.41642,21.26779881338758,0.5135642473133855,0.8327118916697079,0.8503423373379958,0.8950613067254428
chat_preview,photo,kodak_01,768,512,512,341,5,64,32,3,4240,4509,0.9403415391439344,5.61371,22.26198183473808,0.6079503632938857,0.8758988112778864,0.8952312384168459,0.9237182035304704
chat_preview,photo,kodak_01,768,512,512,341,5,64,32,4,4509,4509,1.0,5.91187,22.341442947045564,0.6090692104142357,0.8762051201562587,0.895509385359729,0.9250800250983121
chat_preview,photo,kodak_01,768,512,512,341,5,64,64,0,2241,10992,0.2038755458515284,5.24758,20.315351861456662,0.35883451515425496,0.737107902487788,0.7504653217870019,0.839669740886149
chat_preview,photo,kodak_01,768,512,512,341,5,64,64,1,4744,10992,0.4315866084425036,5.14854,21.70568739674248,0.5526474196903749,0.8620968966993422,0.8741271095699805,0.9084010776300077
chat_preview,photo,kodak_01,768,512,512,341,5,64,64,2,8815,10992,0.8019468704512372,5.51742,23.860128499209885,0.7335629712752403,0.9352348006490744,0.9472968891047479,0.9552097207373236
chat_preview,photo,kodak_01,768,512,512,341,5,64,64,3,10992,10992,1.0,6.12742,25.03071493123009,0.7865276478070039,0.9466506524276369,0.9584579613547834,0.9657784321567338
chat_preview,photo,kodak_01,768,512,512,341,6,64,32,0,1091,4586,0.23789795028347144,4.79225,19.431333644990666,0.24658150575717616,0.6112386206734267,0.6175889648222879,0.7704800786762598
chat_preview,photo,kodak_01,768,512,512,341,6,64,32,1,1917,4586,0.41801133885739206,5.14775,20.226594157826987,0.3559175844661479,0.7318261681681769,0.7439621083327164,0.8366361548923745
chat_preview,photo,kodak_01,768,512,512,341,6,64,32,2,3077,4586,0.6709550806803315,4.87337,21.298103408109554,0.5134349865610844,0.8334719697096742,0.8505223927143915,0.8960121050637684
chat_preview,photo,kodak_01,768,512,512,341,6,64,32,3,4317,4586,0.9413432184910597,5.30158,22.312375086609446,0.6115861751921335,0.8775893074291646,0.8967149233754484,0.9248867762537264
chat_preview,photo,kodak_01,768,512,512,341,6,64,32,4,4586,4586,1.0,5.6825,22.386279996889257,0.6127154730585539,0.8778855211645995,0.8969830589621492,0.9260950412548932
chat_preview,photo,kodak_01,768,512,512,341,6,64,64,0,2253,11122,0.20257147994964933,4.86342,20.322832820244866,0.359459197874541,0.7377260245243714,0.749663851283316,0.840100441991786
chat_preview,photo,kodak_01,768,512,512,341,6,64,64,1,4756,11122,0.4276209314871426,4.93554,21.715962040053377,0.5535227995143412,0.8625597079578592,0.8739354210956145,0.9088337547875279
chat_preview,photo,kodak_01,768,512,512,341,6,64,64,2,8844,11122,0.7951807228915663,5.76421,23.896368349692857,0.734598559164521,0.9359055933779891,0.9476978241831762,0.955717243834044
chat_preview,photo,kodak_01,768,512,512,341,6,64,64,3,11122,11122,1.0,6.9415,25.110616436139587,0.7897312939522125,0.9476655432921457,0.9593725278702864,0.9665266606394367
chat_preview,photo,kodak_01,768,512,512,341,7,64,32,0,1091,4605,0.23691639522258415,4.89579,19.431333644990666,0.24658150575717616,0.6112386206734267,0.6175889648222879,0.7704800786762598
chat_preview,photo,kodak_01,768,512,512,341,7,64,32,1,1918,4605,0.4165038002171553,4.92529,20.227196436172026,0.35576441479305787,0.7316728975716109,0.7438310477256223,0.8366277827813543
chat_preview,photo,kodak_01,768,512,512,341,7,64,32,2,3089,4605,0.6707926167209555,4.83671,21.297803595165426,0.513669419101483,0.8335206395253719,0.850576756106407,0.895988154648929
chat_preview,photo,kodak_01,768,512,512,341,7,64,32,3,4335,4605,0.9413680781758957,5.26525,22.322297831672113,0.6119711636240591,0.8778364614178162,0.8969638483693807,0.9250336056428566
chat_preview,photo,kodak_01,768,512,512,341,7,64,32,4,4605,4605,1.0,5.84058,22.400209611202463,0.6131895547144907,0.8781473771548468,0.8972475133620593,0.9262998768645815
chat_preview,photo,kodak_01,768,512,512,341,7,64,64,0,2253,11162,0.20184554739294033,4.74375,20.322832820244866,0.359459197874541,0.7377260245243714,0.749663851283316,0.840100441991786
chat_preview,photo,kodak_01,768,512,512,341,7,64,64,1,4759,11162,0.42635728364092457,5.13462,21.71669004190062,0.5534564762625863,0.8625235203186095,0.8738844466084155,0.9088031716788618
chat_preview,photo,kodak_01,768,512,512,341,7,64,64,2,8884,11162,0.7959147106253359,5.75979,23.901518460041657,0.7350925773982045,0.9360788943730561,0.947847556089707,0.9557830841554695
chat_preview,photo,kodak_01,768,512,512,341,7,64,64,3,11162,11162,1.0,6.33746,25.135697164149025,0.790338779723201,0.9478434628041005,0.9595113738734499,0.9666756868717313
chat_preview,photo,kodak_01,768,512,512,341,8,64,32,0,1091,4700,0.2321276595744681,5.1475,19.431333644990666,0.24658150575717616,0.6112386206734267,0.6175889648222879,0.7704800786762598
chat_preview,photo,kodak_01,768,512,512,341,8,64,32,1,1923,4700,0.40914893617021275,5.19096,20.228452853304326,0.3557176390033085,0.7316095437094838,0.7439825311914767,0.8366094042220956
chat_preview,photo,kodak_01,768,512,512,341,8,64,32,2,3128,4700,0.6655319148936171,5.401,21.301585645967343,0.5178218095705001,0.8342135828361789,0.8516031386034574,0.8958847602726174
chat_preview,photo,kodak_01,768,512,512,341,8,64,32,3,4421,4700,0.9406382978723404,5.65467,22.34542092709839,0.6176481535642314,0.8788600238050099,0.8982928342063345,0.925423122216544
chat_preview,photo,kodak_01,768,512,512,341,8,64,32,4,4700,4700,1.0,5.91412,22.421917361721697,0.6190479579980185,0.8791822690525183,0.898582276038244,0.9266094807414863
chat_preview,photo,kodak_01,768,512,512,341,8,64,64,0,2253,11420,0.19728546409807354,4.81092,20.322832820244866,0.359459197874541,0.7377260245243714,0.749663851283316,0.840100441991786
chat_preview,photo,kodak_01,768,512,512,341,8,64,64,1,4773,11420,0.4179509632224168,5.11762,21.7181395745745,0.5535180077261621,0.8625842628829993,0.8738987134184533,0.9088385734097073
chat_preview,photo,kodak_01,768,512,512,341,8,64,64,2,9032,11420,0.7908931698774081,5.41342,23.92326470381333,0.737718322417786,0.9367993155237957,0.9485884957221427,0.9559477408955126
chat_preview,photo,kodak_01,768,512,512,341,8,64,64,3,11420,11420,1.0,6.22012,25.187667944483394,0.7945177198158696,0.9487717095956972,0.9604822324432829,0.9669771775212989
chat_preview,photo,kodak_01,768,512,512,341,9,64,32,0,1111,4735,0.23463569165786693,4.87492,19.431333644990666,0.24658150575717616,0.6112386206734267,0.6175889648222879,0.7704800786762598
chat_preview,photo,kodak_01,768,512,512,341,9,64,32,1,1943,4735,0.41034846884899684,4.82517,20.228452853304326,0.3557176390033085,0.7316095437094838,0.7439825311914767,0.8366094042220956
chat_preview,photo,kodak_01,768,512,512,341,9,64,32,2,3159,4735,0.6671594508975712,5.05179,21.302036109165954,0.5178428154466266,0.8342442728982252,0.8516036472223635,0.8959107605416481
chat_preview,photo,kodak_01,768,512,512,341,9,64,32,3,4454,4735,0.9406546990496304,5.34858,22.36126244717412,0.6178077113290424,0.879121374781405,0.8984440911114759,0.9256712917189412
chat_preview,photo,kodak_01,768,512,512,341,9,64,32,4,4735,4735,1.0,5.78358,22.44052071627919,0.6193520293449984,0.8794763652144013,0.8987702789705714,0.9269121651430825
chat_preview,photo,kodak_01,768,512,512,341,9,64,64,0,2253,11420,0.19728546409807354,4.81046,20.322832820244866,0.359459197874541,0.7377260245243714,0.749663851283316,0.840100441991786
chat_preview,photo,kodak_01,768,512,512,341,9,64,64,1,4773,11420,0.4179509632224168,5.22129,21.7181395745745,0.5535180077261621,0.8625842628829993,0.8738987134184533,0.9088385734097073
chat_preview,photo,kodak_01,768,512,512,341,9,64,64,2,9032,11420,0.7908931698774081,5.62675,23.92326470381333,0.737718322417786,0.9367993155237957,0.9485884957221427,0.9559477408955126
chat_preview,photo,kodak_01,768,512,512,341,9,64,64,3,11420,11420,1.0,6.79079,25.208325346623074,0.7947351626383092,0.9488221353941794,0.9605149951834878,0.9670690251356109
chat_preview,photo,kodak_01,768,512,512,341,10,64,32,0,1111,4800,0.23145833333333332,5.12362,19.431333644990666,0.24658150575717616,0.6112386206734267,0.6175889648222879,0.7704800786762598
chat_preview,photo,kodak_01,768,512,512,341,10,64,32,1,1949,4800,0.4060416666666667,5.38462,20.230052470199382,0.3558989326518371,0.7317705915970295,0.7440798024010216,0.8368083592661476
chat_preview,photo,kodak_01,768,512,512,341,10,64,32,2,3183,4800,0.663125,5.60804,21.302276029959856,0.5182796535151678,0.8342072262263467,0.8515482567823001,0.895952746243245
chat_preview,photo,kodak_01,768,512,512,341,10,64,32,3,4519,4800,0.9414583333333333,6.10317,22.37900470222384,0.620940088301484,0.8798445967936246,0.8992153922594067,0.9261022770183528
chat_preview,photo,kodak_01,768,512,512,341,10,64,32,4,4800,4800,1.0,5.78463,22.458423631239967,0.622493612499385,0.8802171173268339,0.8995584071173852,0.9273293593805049
chat_preview,photo,kodak_01,768,512,512,341,10,64,64,0,2253,11603,0.19417392053779195,5.11983,20.322832820244866,0.359459197874541,0.7377260245243714,0.749663851283316,0.840100441991786
chat_preview,photo,kodak_01,768,512,512,341,10,64,64,1,4799,11603,0.4135999310523141,5.18721,21.71856363545661,0.5539943902150973,0.8626707207340271,0.8739934906927286,0.9088802205480087
chat_preview,photo,kodak_01,768,512,512,341,10,64,64,2,9101,11603,0.7843661122123589,5.60312,23.926088749501055,0.7383694634506784,0.9369150608534889,0.9487229116054604,0.955989592761315
chat_preview,photo,kodak_01,768,512,512,341,10,64,64,3,11603,11603,1.0,6.75558,25.24207770523958,0.7973646108343759,0.9492714517768827,0.961045491746124,0.9672926899795519
chat_preview,photo,kodak_01,768,512,512,341,11,64,32,0,1137,4844,0.2347233691164327,4.82742,19.452486169870973,0.24626563685562,0.6118578479278439,0.617062995060878,0.7718678777616408
chat_preview,photo,kodak_01,768,512,512,341,11,64,32,1,1985,4844,0.40978530140379854,4.70608,20.264276336091633,0.35556015727363866,0.7327102315045778,0.7430728181677816,0.8386465521594522
chat_preview,photo,kodak_01,768,512,512,341,11,64,32,2,3223,4844,0.6653592072667217,5.03987,21.356656260935075,0.5184823309563628,0.8358821552513747,0.8511168327185296,0.8977267620045607
chat_preview,photo,kodak_01,768,512,512,341,11,64,32,3,4561,4844,0.9415772089182494,5.14625,22.460074046676045,0.6219073634213548,0.8822712147124303,0.8996007978094197,0.9280839160398727
chat_preview,photo,kodak_01,768,512,512,341,11,64,32,4,4844,4844,1.0,5.72425,22.54234998071899,0.6235108287457726,0.8826429052418566,0.899952073498401,0.9293080718242654
chat_preview,photo,kodak_01,768,512,512,341,11,64,64,0,2355,11762,0.2002210508416936,5.05342,20.342639588306767,0.3601386552786119,0.7392397895989987,0.7497080004509634,0.8416547174376846
chat_preview,photo,kodak_01,768,512,512,341,11,64,64,1,4943,11762,0.4202516578813127,5.1175,21.7559802317591,0.554011472304408,0.8643185493969593,0.874247503272947,0.9106256103220919
chat_preview,photo,kodak_01,768,512,512,341,11,64,64,2,9260,11762,0.7872810746471689,5.57154,24.003974692528793,0.7397863056559301,0.9390949893475762,0.949530058317417,0.9575950672099729
chat_preview,photo,kodak_01,768,512,512,341,11,64,64,3,11762,11762,1.0,6.39675,25.37169578499252,0.7993681352771982,0.9515763015058777,0.961961613189722,0.9689840573155489
chat_preview,photo,kodak_01,768,512,512,341,12,64,32,0,1137,4912,0.23147394136807817,5.26746,19.452486169870973,0.24626563685562,0.6118578479278439,0.617062995060878,0.7718678777616408
chat_preview,photo,kodak_01,768,512,512,341,12,64,32,1,1985,4912,0.40411237785016285,4.65746,20.264276336091633,0.35556015727363866,0.7327102315045778,0.7430728181677816,0.8386465521594522
chat_preview,photo,kodak_01,768,512,512,341,12,64,32,2,3223,4912,0.6561482084690554,5.16892,21.3566015229028,0.5184832758262418,0.8358819003213114,0.8511170531790869,0.8977234802917526
chat_preview,photo,kodak_01,768,512,512,341,12,64,32,3,4625,4912,0.941571661237785,5.44575,22.471087557783704,0.6254246094784912,0.883233987422794,0.9005993178250654,0.9284268166170907
chat_preview,photo,kodak_01,768,512,512,341,12,64,32,4,4912,4912,1.0,5.802,22.55848226523475,0.6272371230703758,0.8836637391253989,0.9010099984068343,0.9297102153256189
chat_preview,photo,kodak_01,768,512,512,341,12,64,64,0,2355,11891,0.1980489445799344,4.78525,20.342639588306767,0.3601386552786119,0.7392397895989987,0.7497080004509634,0.8416547174376846
chat_preview,photo,kodak_01,768,512,512,341,12,64,64,1,4943,11891,0.4156925405769069,5.44121,21.7559802317591,0.554011472304408,0.8643185493969593,0.874247503272947,0.9106256103220919
chat_preview,photo,kodak_01,768,512,512,341,12,64,64,2,9260,11891,0.7787402236985955,5.97908,24.003974692528793,0.7397863056559301,0.9390949893475762,0.949530058317417,0.9575950672099729
chat_preview,photo,kodak_01,768,512,512,341,12,64,64,3,11891,11891,1.0,6.25629,25.40826010753196,0.8016094628176552,0.9519784297764254,0.9623667554382824,0.9692811060879202
chat_preview,photo,kodak_01,768,512,512,341,13,64,32,0,1137,4970,0.22877263581488932,5.21462,19.452486169870973,0.24626563685562,0.6118578479278439,0.617062995060878,0.7718678777616408
chat_preview,photo,kodak_01,768,512,512,341,13,64,32,1,1992,4970,0.40080482897384306,4.93492,20.267487103936922,0.3555812277896844,0.7329267152524505,0.743200832427874,0.8386511732219226
chat_preview,photo,kodak_01,768,512,512,341,13,64,32,2,3273,4970,0.6585513078470825,5.39554,21.369007823576737,0.521768458661349,0.8375953229354272,0.8529539054365293,0.8980408671929834
chat_preview,photo,kodak_01,768,512,512,341,13,64,32,3,4681,4970,0.9418511066398391,5.32375,22.498429426260643,0.6281956439788532,0.8846988442476968,0.9021168335849324,0.9286772966794323
chat_preview,photo,kodak_01,768,512,512,341,13,64,32,4,4970,4970,1.0,6.00913,22.58789199149749,0.6300286084009127,0.8851315236331176,0.9025322152803823,0.9299795538123622
chat_preview,photo,kodak_01,768,512,512,341,13,64,64,0,2355,12093,0.19474075911684446,4.93,20.342639588306767,0.3601386552786119,0.7392397895989987,0.7497080004509634,0.8416547174376846
chat_preview,photo,kodak_01,768,512,512,341,13,64,64,1,4963,12093,0.4104027123129083,5.61817,21.759414506782374,0.5540187183834495,0.8644316127074845,0.8741949007471294,0.9106998274769182
chat_preview,photo,kodak_01,768,512,512,341,13,64,64,2,9461,12093,0.7823534276027454,6.05608,24.029157923853823,0.7428752536447325,0.9398630214651487,0.9500595548771501,0.9578713484931292
chat_preview,photo,kodak_01,768,512,512,341,13,64,64,3,12093,12093,1.0,6.96929,25.46380676873865,0.8044257596584493,0.9526476664802673,0.9627714544063461,0.9695762799071117
chat_preview,photo,kodak_01,768,512,512,341,14,64,32,0,1137,5026,0.22622363708714682,5.33329,19.452486169870973,0.24626563685562,0.6118578479278439,0.617062995060878,0.7718678777616408
chat_preview,photo,kodak_01,768,512,512,341,14,64,32,1,1992,5026,0.3963390370075607,5.28204,20.267487103936922,0.3555812277896844,0.7329267152524505,0.743200832427874,0.8386511732219226
chat_preview,photo,kodak_01,768,512,512,341,14,64,32,2,3273,5026,0.6512136888181457,5.35633,21.370510869105473,0.52175949624027,0.8375949341897498,0.8529400493033307,0.8980781002213395
chat_preview,photo,kodak_01,768,512,512,341,14,64,32,3,4737,5026,0.9424990051730999,5.63883,22.51873092181594,0.6310792940263601,0.8856185185828589,0.9030835014046853,0.9290609957521412
chat_preview,photo,kodak_01,768,512,512,341,14,64,32,4,5026,5026,1.0,5.93267,22.6090717792153,0.6329082768242525,0.8860431961762901,0.9034863928303395,0.9303618956871822
chat_preview,photo,kodak_01,768,512,512,341,14,64,64,0,2355,12232,0.19252779594506214,4.76883,20.342639588306767,0.3601386552786119,0.7392397895989987,0.7497080004509634,0.8416547174376846
chat_preview,photo,kodak_01,768,512,512,341,14,64,64,1,4963,12232,0.40573904512753434,5.42137,21.759414506782374,0.5540187183834495,0.8644316127074845,0.8741949007471294,0.9106998274769182
chat_preview,photo,kodak_01,768,512,512,341,14,64,64,2,9461,12232,0.7734630477436233,5.68204,24.03383373778127,0.7429414981230092,0.9399149194175331,0.9500922545987665,0.957918346078061
chat_preview,photo,kodak_01,768,512,512,341,14,64,64,3,12232,12232,1.0,6.78183,25.510188523147384,0.8068569824188612,0.9530882590746973,0.9632273590386238,0.9701374974274334
chat_preview,photo,kodak_01,768,512,512,341,15,64,32,0,1155,5067,0.22794552989934871,4.66375,19.457692356373737,0.2464280982829947,0.6118881708450638,0.6170569554841707,0.7733561490491194
chat_preview,photo,kodak_01,768,512,512,341,15,64,32,1,2010,5067,0.39668442865600945,4.93429,20.275331050275504,0.35589830434021313,0.7332281594647804,0.743007537452149,0.8402628945931757
chat_preview,photo,kodak_01,768,512,512,341,15,64,32,2,3305,5067,0.6522597197552793,4.99712,21.375497569962697,0.5222487682075048,0.8376794723968817,0.8528209822584802,0.8991675091207768
chat_preview,photo,kodak_01,768,512,512,341,15,64,32,3,4774,5067,0.9421748569173081,5.23583,22.535005595168847,0.6315409946250518,0.8858010269201969,0.903092476050937,0.9301245126568132
chat_preview,photo,kodak_01,768,512,512,341,15,64,32,4,5067,5067,1.0,5.88954,22.629632767479414,0.6335520201204102,0.8862627756257968,0.9035214276496438,0.9314765438581603
chat_preview,photo,kodak_01,768,512,512,341,15,64,64,0,2405,12313,0.19532201738000488,4.83283,20.348488454712804,0.35969776262025527,0.7397654764306795,0.74914550945738,0.8427302501145739
chat_preview,photo,kodak_01,768,512,512,341,15,64,64,1,5013,12313,0.4071306748964509,5.23883,21.76840674699453,0.5539582090077214,0.8647688718899939,0.8740793358408553,0.911601384592172
chat_preview,photo,kodak_01,768,512,512,341,15,64,64,2,9539,12313,0.7747096564606514,5.51996,24.048574293127302,0.7431286857884292,0.9403080412773267,0.9503194550329334,0.9586307547818805
chat_preview,photo,kodak_01,768,512,512,341,15,64,64,3,12313,12313,1.0,6.73479,25.558847359066476,0.8072885390521672,0.9534966627644472,0.9634815948327142,0.9709222084244109
chat_preview,photo,kodak_01,768,512,512,341,16,64,32,0,1155,5128,0.2252340093603744,6.66837,19.457692356373737,0.2464280982829947,0.6118881708450638,0.6170569554841707,0.7733561490491194
chat_preview,photo,kodak_01,768,512,512,341,16,64,32,1,2010,5128,0.3919656786271451,5.10621,20.275331050275504,0.35589830434021313,0.7332281594647804,0.743007537452149,0.8402628945931757
chat_preview,photo,kodak_01,768,512,512,341,16,64,32,2,3309,5128,0.6452808112324493,5.29771,21.39356324571391,0.5217066650207955,0.8381087981020713,0.8530097504438691,0.8995417335748599
chat_preview,photo,kodak_01,768,512,512,341,16,64,32,3,4833,5128,0.9424726989079563,5.2765,22.57094569842479,0.6351763981130015,0.8876950142738652,0.9048680945986572,0.9307602867958878
chat_preview,photo,kodak_01,768,512,512,341,16,64,32,4,5128,5128,1.0,5.78012,22.66867392685959,0.6372068058970831,0.8881546633922971,0.9052926823676082,0.9321437101590516
chat_preview,photo,kodak_01,768,512,512,341,16,64,64,0,2405,12484,0.1926465876321692,5.04087,20.348488454712804,0.35969776262025527,0.7397654764306795,0.74914550945738,0.8427302501145739
chat_preview,photo,kodak_01,768,512,512,341,16,64,64,1,5013,12484,0.4015539891060558,5.35562,21.76840674699453,0.5539582090077214,0.8647688718899939,0.8740793358408553,0.911601384592172
chat_preview,photo,kodak_01,768,512,512,341,16,64,64,2,9559,12484,0.7657000961230375,5.50417,24.069879596330168,0.7432267725918088,0.9405673621791807,0.9504769923713936,0.9588275401550269
chat_preview,photo,kodak_01,768,512,512,341,16,64,64,3,12484,12484,1.0,6.43604,25.63716945445198,0.8104183228863974,0.954421101103838,0.9642912963584349,0.971861291775272
chat_preview,photo,kodak_01,768,512,512,341,17,64,32,0,1155,5179,0.22301602625989572,4.51196,19.457692356373737,0.2464280982829947,0.6118881708450638,0.6170569554841707,0.7733561490491194
chat_preview,photo,kodak_01,768,512,512,341,17,64,32,1,2046,5179,0.3950569608032439,4.84246,20.27721557850927,0.35812937725753996,0.7352376342965847,0.7453698379143987,0.8405139930114458
chat_preview,photo,kodak_01,768,512,512,341,17,64,32,2,3350,5179,0.6468430198880093,5.17854,21.40306136601861,0.5232284675124074,0.8394294736694522,0.8546648978120315,0.899955607821566
chat_preview,photo,kodak_01,768,512,512,341,17,64,32,3,4876,5179,0.9414944970071443,5.83637,22.592180243611608,0.6365344323745233,0.888761000512647,0.9062250207660224,0.9310784154627882
chat_preview,photo,kodak_01,768,512,512,341,17,64,32,4,5179,5179,1.0,5.85438,22.696997227688694,0.6391101223350844,0.8893612094221277,0.9067835919663438,0.9325814478195409
chat_preview,photo,kodak_01,768,512,512,341,17,64,64,0,2405,12604,0.19081244049508092,5.44617,20.348488454712804,0.35969776262025527,0.7397654764306795,0.74914550945738,0.8427302501145739
chat_preview,photo,kodak_01,768,512,512,341,17,64,64,1,5131,12604,0.4070929863535386,5.18196,21.775909692710286,0.5562178593331917,0.8656376049046708,0.8751189228150411,0.9124535669482469
chat_preview,photo,kodak_01,768,512,512,341,17,64,64,2,9677,12604,0.7677721358298952,11.5512,24.081806102084503,0.7447295149988168,0.941082456447203,0.9511804683222845,0.9593362343165114
chat_preview,photo,kodak_01,768,512,512,341,17,64,64,3,12604,12604,1.0,13.0072,25.68044524267473,0.8120317513168329,0.954928436159704,0.9649528648607404,0.9722018995193887
chat_preview,photo,kodak_01,768,512,512,341,18,64,32,0,1155,5316,0.2172686230248307,5.66458,19.457692356373737,0.2464280982829947,0.6118881708450638,0.6170569554841707,0.7733561490491194
chat_preview,photo,kodak_01,768,512,512,341,18,64,32,1,2061,5316,0.3876975169300226,5.44687,20.27910478662399,0.3582161447384629,0.7353663174919788,0.7455510267036491,0.8406114353539629
chat_preview,photo,kodak_01,768,512,512,341,18,64,32,2,3424,5316,0.6440933032355154,5.81546,21.413003889125164,0.5273179159314397,0.8413291143643247,0.8565364381615035,0.9002430236913033
chat_preview,photo,kodak_01,768,512,512,341,18,64,32,3,5011,5316,0.9426260346124906,5.77192,22.626816498709964,0.6422446344686877,0.8911047997938232,0.908657314247963,0.9318899744908121
chat_preview,photo,kodak_01,768,512,512,341,18,64,32,4,5316,5316,1.0,5.71812,22.733065783966957,0.6448611273574788,0.8917248592376371,0.9092384130447609,0.9334102268221105
chat_preview,photo,kodak_01,768,512,512,341,18,64,64,0,2405,12952,0.18568560840024706,5.03946,20.348488454712804,0.35969776262025527,0.7397654764306795,0.74914550945738,0.8427302501145739
chat_preview,photo,kodak_01,768,512,512,341,18,64,64,1,5148,12952,0.397467572575664,5.65387,21.778212902613525,0.5563268936016579,0.8657095132749446,0.8751587862381475,0.9125280282661312
chat_preview,photo,kodak_01,768,512,512,341,18,64,64,2,9882,12952,0.7629709697344039,6.01358,24.102687348669413,0.7475126684345094,0.9418478110292202,0.951915167521787,0.9595478568584167
chat_preview,photo,kodak_01,768,512,512,341,18,64,64,3,12952,12952,1.0,7.08079,25.73464095426027,0.8167812726896817,0.955896036383954,0.965969487012186,0.9726845611255829
chat_preview,photo,kodak_01,768,512,512,341,19,64,32,0,1155,5330,0.21669793621013134,5.58929,19.457692356373737,0.2464280982829947,0.6118881708450638,0.6170569554841707,0.7733561490491194
chat_preview,photo,kodak_01,768,512,512,341,19,64,32,1,2061,5330,0.38667917448405253,5.35392,20.27910478662399,0.3582161447384629,0.7353663174919788,0.7455510267036491,0.8406114353539629
chat_preview,photo,kodak_01,768,512,512,341,19,64,32,2,3424,5330,0.6424015009380863,5.47204,21.413027105032324,0.5273246483010844,0.8413300600725857,0.8565364068200332,0.9002411885070442
chat_preview,photo,kodak_01,768,512,512,341,19,64,32,3,5017,5330,0.9412757973733583,5.34596,22.626384031529945,0.6422758790605511,0.8911130649753448,0.9086643188850303,0.931839985175892
chat_preview,photo,kodak_01,768,512,512,341,19,64,32,4,5330,5330,1.0,6.11262,22.738571397280207,0.6453374549850653,0.8918194936575806,0.9093321520264525,0.9334430767336553
chat_preview,photo,kodak_01,768,512,512,341,19,64,64,0,2405,12952,0.18568560840024706,5.13204,20.348488454712804,0.35969776262025527,0.7397654764306795,0.74914550945738,0.8427302501145739
chat_preview,photo,kodak_01,768,512,512,341,19,64,64,1,5148,12952,0.397467572575664,5.38225,21.778212902613525,0.5563268936016579,0.8657095132749446,0.8751587862381475,0.9125280282661312
chat_preview,photo,kodak_01,768,512,512,341,19,64,64,2,9882,12952,0.7629709697344039,5.97283,24.102687348669413,0.7475126684345094,0.9418478110292202,0.951915167521787,0.9595478568584167
chat_preview,photo,kodak_01,768,512,512,341,19,64,64,3,12952,12952,1.0,6.88742,25.73466655122799,0.8167814218686332,0.9558959788734599,0.965969399482888,0.9726845546173086
chat_preview,photo,kodak_01,768,512,512,341,20,64,32,0,1162,5362,0.21671018276762402,5.22562,19.463016909944074,0.2468088049747824,0.6130429800986423,0.6166395124013383,0.7745251276443487
chat_preview,photo,kodak_01,768,512,512,341,20,64,32,1,2070,5362,0.38604998135024243,5.58554,20.28851387031217,0.35832464020679566,0.7364933196339202,0.7452472076950089,0.8416578963588914
chat_preview,photo,kodak_01,768,512,512,341,20,64,32,2,3433,5362,0.6402461767997016,5.42575,21.426235341009786,0.5277797964018505,0.8424203816139629,0.8564878424086496,0.9011425145386873
chat_preview,photo,kodak_01,768,512,512,341,20,64,32,3,5038,5362,0.9395747855277882,5.99792,22.657906634194692,0.6431030553522917,0.8924563840483782,0.9089019758661718,0.9328259548727531
chat_preview,photo,kodak_01,768,512,512,341,20,64,32,4,5362,5362,1.0,6.36921,22.782913119736335,0.6468150801842549,0.8933854026941149,0.9098002249508356,0.9346032132064693
chat_preview,photo,kodak_01,768,512,512,341,20,64,64,0,2428,12984,0.18699938385705484,4.99525,20.35798895710205,0.3604382899559185,0.7406968723521127,0.7491378617656259,0.8440770229314266
chat_preview,photo,kodak_01,768,512,512,341,20,64,64,1,5177,12984,0.3987215033887862,5.12312,21.7905268997921,0.5566417255163598,0.8665161083976765,0.8750701134829424,0.9133976027091062
chat_preview,photo,kodak_01,768,512,512,341,20,64,64,2,9912,12984,0.7634011090573013,5.89892,24.136490300608497,0.7479793385221942,0.9425838069804544,0.9518739573984651,0.9602753093085373
chat_preview,photo,kodak_01,768,512,512,341,20,64,64,3,12984,12984,1.0,7.20162,25.815316151864547,0.8175805555741286,0.9566641188613327,0.9659601891552263,0.9734354266979965
chat_preview,photo,kodak_01,768,512,512,341,21,64,32,0,1162,5440,0.21360294117647058,5.20675,19.463016909944074,0.2468088049747824,0.6130429800986423,0.6166395124013383,0.7745251276443487
chat_preview,photo,kodak_01,768,512,512,341,21,64,32,1,2070,5440,0.3805147058823529,4.68037,20.28851387031217,0.35832464020679566,0.7364933196339202,0.7452472076950089,0.8416578963588914
chat_preview,photo,kodak_01,768,512,512,341,21,64,32,2,3452,5440,0.6345588235294117,5.17167,21.440693352194824,0.5275887689390815,0.843000133755671,0.8568126557881355,0.9014931064920509
chat_preview,photo,kodak_01,768,512,512,341,21,64,32,3,5112,5440,0.9397058823529412,5.30008,22.689027958290065,0.6456954673754066,0.8936011231115838,0.9099274173182442,0.9334961803736079
chat_preview,photo,kodak_01,768,512,512,341,21,64,32,4,5440,5440,1.0,5.9185,22.81627819253366,0.649570797760237,0.8945527179950808,0.910851201041708,0.9352892021942947
chat_preview,photo,kodak_01,768,512,512,341,21,64,64,0,2448,13216,0.18523002421307505,4.833,20.35798895710205,0.3604382899559185,0.7406968723521127,0.7491378617656259,0.8440770229314266
chat_preview,photo,kodak_01,768,512,512,341,21,64,64,1,5197,13216,0.3932354721549637,5.49521,21.7905268997921,0.5566417255163598,0.8665161083976765,0.8750701134829424,0.9133976027091062
chat_preview,photo,kodak_01,768,512,512,341,21,64,64,2,10013,13216,0.7576422518159807,6.44533,24.16073130834564,0.7484036643854896,0.9429809055984538,0.9521857868848915,0.9605295030571023
chat_preview,photo,kodak_01,768,512,512,341,21,64,64,3,13216,13216,1.0,6.58812,25.884696755835265,0.8206447006512646,0.9574942683683171,0.9666870491203772,0.9737570652758066
chat_preview,photo,kodak_01,768,512,512,341,22,64,32,0,1162,5450,0.21321100917431193,4.83812,19.463016909944074,0.2468088049747824,0.6130429800986423,0.6166395124013383,0.7745251276443487
chat_preview,photo,kodak_01,768,512,512,341,22,64,32,1,2070,5450,0.3798165137614679,4.77729,20.28851387031217,0.35832464020679566,0.7364933196339202,0.7452472076950089,0.8416578963588914
chat_preview,photo,kodak_01,768,512,512,341,22,64,32,2,3452,5450,0.633394495412844,5.40642,21.44206557962942,0.527520217749088,0.8430035448201375,0.8568030819887124,0.901508512776563
chat_preview,photo,kodak_01,768,512,512,341,22,64,32,3,5116,5450,0.9387155963302752,5.30317,22.708354253303856,0.6458974584717673,0.8939467134604898,0.9101507445434142,0.9337280991308202
chat_preview,photo,kodak_01,768,512,512,341,22,64,32,4,5450,5450,1.0,5.83392,22.8440747282748,0.6500930538355676,0.8949603170107165,0.9111341811626805,0.9356252202201529
chat_preview,photo,kodak_01,768,512,512,341,22,64,64,0,2448,13219,0.18518798698842576,4.96137,20.35798895710205,0.3604382899559185,0.7406968723521127,0.7491378617656259,0.8440770229314266
chat_preview,photo,kodak_01,768,512,512,341,22,64,64,1,5197,13219,0.3931462289129284,5.46042,21.7905268997921,0.5566417255163598,0.8665161083976765,0.8750701134829424,0.9133976027091062
chat_preview,photo,kodak_01,768,512,512,341,22,64,64,2,10015,13219,0.7576216052651487,6.29212,24.16528949687091,0.7485313418194933,0.9430471811088698,0.952244821473891,0.9605667053472429
chat_preview,photo,kodak_01,768,512,512,341,22,64,64,3,13219,13219,1.0,7.00254,25.923716866360216,0.8211554236431038,0.9576473121264968,0.9668075963625653,0.9739179100112156
chat_preview,photo,kodak_01,768,512,512,341,23,64,32,0,1191,5616,0.21207264957264957,5.14225,19.457442017692085,0.2470061954477031,0.6130758303958481,0.6168253618881782,0.7745011460452592
chat_preview,photo,kodak_01,768,512,512,341,23,64,32,1,2119,5616,0.3773148148148148,5.42737,20.29036273859745,0.3574088902430644,0.7361711410068116,0.745154674564607,0.8415511705584758
chat_preview,photo,kodak_01,768,512,512,341,23,64,32,2,3546,5616,0.6314102564102564,5.47129,21.445683393145217,0.5302158180582506,0.8445775406190826,0.8586241802664224,0.9018178271425792
chat_preview,photo,kodak_01,768,512,512,341,23,64,32,3,5279,5616,0.9399928774928775,5.5135,22.737175126863022,0.6511085754728947,0.8958638982987804,0.912399928073616,0.934441137479863
chat_preview,photo,kodak_01,768,512,512,341,23,64,32,4,5616,5616,1.0,5.98296,22.87780962274852,0.6554996182114673,0.8969122646512457,0.9134169228500922,0.9363585933041316
chat_preview,photo,kodak_01,768,512,512,341,23,64,64,0,2530,13719,0.184415773744442,5.24533,20.353043184917283,0.3607353487681239,0.7412017346635636,0.7498214097118847,0.8443454259598883
chat_preview,photo,kodak_01,768,512,512,341,23,64,64,1,5362,13719,0.390844813761936,5.57692,21.79291240702748,0.5563101277721846,0.866747723089729,0.8754017989221647,0.9133255268835073
chat_preview,photo,kodak_01,768,512,512,341,23,64,64,2,10337,13719,0.7534805743858882,5.78542,24.189574496571637,0.7512206548475878,0.9443123778275267,0.9535022928866096,0.9609483963028594
chat_preview,photo,kodak_01,768,512,512,341,23,64,64,3,13719,13719,1.0,7.10333,26.008173704247632,0.8259778701171415,0.9591928934176585,0.9683755132342052,0.9747379551400546
chat_preview,photo,kodak_01,768,512,512,341,24,64,32,0,1191,5632,0.21147017045454544,4.57012,19.457442017692085,0.2470061954477031,0.6130758303958481,0.6168253618881782,0.7745011460452592
chat_preview,photo,kodak_01,768,512,512,341,24,64,32,1,2119,5632,0.3762428977272727,4.79517,20.29036273859745,0.3574088902430644,0.7361711410068116,0.745154674564607,0.8415511705584758
chat_preview,photo,kodak_01,768,512,512,341,24,64,32,2,3558,5632,0.6317471590909091,5.16571,21.44605186904721,0.5306974684442012,0.84470167457521,0.8587684035272509,0.9018084874653951
chat_preview,photo,kodak_01,768,512,512,341,24,64,32,3,5292,5632,0.9396306818181818,5.91983,22.749703014376635,0.6515435188232362,0.8960931991773174,0.9125858498607377,0.9345767377508619
chat_preview,photo,kodak_01,768,512,512,341,24,64,32,4,5632,5632,1.0,5.71008,22.894512709128577,0.6561099300904386,0.8971713120987169,0.9136359998720253,0.9365410399524677
chat_preview,photo,kodak_01,768,512,512,341,24,64,64,0,2530,13764,0.18381284510316767,5.01737,20.353043184917283,0.3607353487681239,0.7412017346635636,0.7498214097118847,0.8443454259598883
chat_preview,photo,kodak_01,768,512,512,341,24,64,64,1,5362,13764,0.38956698634117987,5.49417,21.79291240702748,0.5563101277721846,0.866747723089729,0.8754017989221647,0.9133255268835073
chat_preview,photo,kodak_01,768,512,512,341,24,64,64,2,10380,13764,0.7541412380122058,6.31258,24.191595234285966,0.7514954147322129,0.9443669001289622,0.9535675570904382,0.9609585202342158
chat_preview,photo,kodak_01,768,512,512,341,24,64,64,3,13764,13764,1.0,7.36679,26.046383764021282,0.8265791845809815,0.9593052524799157,0.9684726140940764,0.9748950284235799
chat_preview,photo,kodak_01,768,512,512,341,25,64,32,0,1193,5696,0.20944522471910113,5.20842,19.46207672486269,0.2467733155370301,0.613765078658004,0.6168124077840307,0.7766875338136292
chat_preview,photo,kodak_01,768,512,512,341,25,64,32,1,2122,5696,0.37254213483146065,5.20646,20.29426688607404,0.35762281015237657,0.7367603604944101,0.7449916865653712,0.8431633704126272
chat_preview,photo,kodak_01,768,512,512,341,25,64,32,2,3563,5696,0.6255266853932584,5.39412,21.453986876185297,0.5308236829516487,0.8455382141951548,0.8587813437057132,0.9029144277731247
chat_preview,photo,kodak_01,768,512,512,341,25,64,32,3,5350,5696,0.9392556179775281,5.31683,22.76757420393283,0.6534500448363669,0.8972262405922873,0.9129334094437289,0.9357088870824508
chat_preview,photo,kodak_01,768,512,512,341,25,64,32,4,5696,5696,1.0,6.20042,22.92107004193179,0.6582125103357267,0.8983584512192171,0.9140318517404723,0.937839496798017
chat_preview,photo,kodak_01,768,512,512,341,25,64,64,0,2512,13930,0.1803302225412778,5.18942,20.357902012347203,0.36065007575749136,0.7421129270410532,0.7494269007808678,0.8455046239604505
chat_preview,photo,kodak_01,768,512,512,341,25,64,64,1,5344,13930,0.383632447954056,5.21479,21.800830990276015,0.5564441328726238,0.8676302110960319,0.8753464076865672,0.9142675350019541
chat_preview,photo,kodak_01,768,512,512,341,25,64,64,2,10380,13930,0.7451543431442929,5.65925,24.206492433529384,0.7518271840873881,0.9452967762784708,0.9536883764001572,0.9616783092392801
chat_preview,photo,kodak_01,768,512,512,341,25,64,64,3,13930,13930,1.0,6.92346,26.111466527081877,0.8294873936146404,0.9606063376181658,0.9690280371680469,0.9757500594587706
chat_preview,photo,kodak_01,768,512,512,341,26,64,32,0,1193,5715,0.20874890638670165,5.02692,19.46207672486269,0.2467733155370301,0.613765078658004,0.6168124077840307,0.7766875338136292
chat_preview,photo,kodak_01,768,512,512,341,26,64,32,1,2122,5715,0.37130358705161853,5.11708,20.29426688607404,0.35762281015237657,0.7367603604944101,0.7449916865653712,0.8431633704126272
chat_preview,photo,kodak_01,768,512,512,341,26,64,32,2,3569,5715,0.6244969378827646,5.57383,21.45928751045032,0.5299860145064171,0.8457790786229831,0.8586306929756656,0.9027792202551065
chat_preview,photo,kodak_01,768,512,512,341,26,64,32,3,5359,5715,0.9377077865266842,5.66025,22.80140736795017,0.6532555372629342,0.8980078341990593,0.913248723363945,0.9361177647801955
chat_preview,photo,kodak_01,768,512,512,341,26,64,32,4,5715,5715,1.0,6.08321,22.96221711924801,0.6583121457496806,0.8992001635892976,0.9144086366421551,0.9383551250847367
chat_preview,photo,kodak_01,768,512,512,341,26,64,64,0,2512,13959,0.17995558421090335,5.01558,20.357902012347203,0.36065007575749136,0.7421129270410532,0.7494269007808678,0.8455046239604505
chat_preview,photo,kodak_01,768,512,512,341,26,64,64,1,5344,13959,0.3828354466652339,5.49383,21.800830990276015,0.5564441328726238,0.8676302110960319,0.8753464076865672,0.9142675350019541
chat_preview,photo,kodak_01,768,512,512,341,26,64,64,2,10407,13959,0.7455405114979583,5.90275,24.231081333275306,0.7521710172174917,0.9456618877706778,0.9539835363363334,0.9618848032146033
chat_preview,photo,kodak_01,768,512,512,341,26,64,64,3,13959,13959,1.0,6.38767,26.185800699105812,0.8304365453162849,0.9611811012849948,0.9694993219366604,0.9761221663848983
chat_preview,photo,kodak_01,768,512,512,341,27,64,32,0,1193,5815,0.20515907136715392,5.09783,19.46207672486269,0.2467733155370301,0.613765078658004,0.6168124077840307,0.7766875338136292
chat_preview,photo,kodak_01,768,512,512,341,27,64,32,1,2138,5815,0.36766981943250215,4.87046,20.294208443384147,0.3575004930698749,0.7367539562195083,0.7451498667874897,0.8432376933761755
chat_preview,photo,kodak_01,768,512,512,341,27,64,32,2,3598,5815,0.6187446259673259,4.99154,21.462876469141698,0.5304611385748387,0.846191890474541,0.8589859007510676,0.9029570359386456
chat_preview,photo,kodak_01,768,512,512,341,27,64,32,3,5451,5815,0.9374032674118659,5.73196,22.825493718061644,0.6567610612144138,0.8991010171662127,0.9143787154964387,0.936659723538649
chat_preview,photo,kodak_01,768,512,512,341,27,64,32,4,5815,5815,1.0,6.34983,22.993361739761042,0.6620441332557035,0.9003510523991851,0.9155995455935426,0.9389765513339406
chat_preview,photo,kodak_01,768,512,512,341,27,64,64,0,2512,14189,0.17703855099020369,5.02775,20.357902012347203,0.36065007575749136,0.7421129270410532,0.7494269007808678,0.8455046239604505
chat_preview,photo,kodak_01,768,512,512,341,27,64,64,1,5368,14189,0.3783212347593206,5.27742,21.803566824970886,0.5562770608812801,0.8676088605606123,0.8753694819079415,0.9143307109947734
chat_preview,photo,kodak_01,768,512,512,341,27,64,64,2,10480,14189,0.7386003241947988,5.85704,24.237730916930694,0.752574117976709,0.9457692536873005,0.9540147354538091,0.9619660774513049
chat_preview,photo,kodak_01,768,512,512,341,27,64,64,3,14189,14189,1.0,7.20796,26.235480294587184,0.8330481031895663,0.9615974765407929,0.9698997404767832,0.9764251129131877
chat_preview,photo,kodak_01,768,512,512,341,28,64,32,0,1193,5887,0.2026499065738067,4.80946,19.46207672486269,0.2467733155370301,0.613765078658004,0.6168124077840307,0.7766875338136292
chat_preview,photo,kodak_01,768,512,512,341,28,64,32,1,2138,5887,0.3631730932563275,5.13133,20.294208443384147,0.3575004930698749,0.7367539562195083,0.7451498667874897,0.8432376933761755
chat_preview,photo,kodak_01,768,512,512,341,28,64,32,2,3641,5887,0.6184813996942415,5.05025,21.473786586783042,0.5335387366719643,0.8472640414268309,0.8602124886398839,0.9031753009815692
chat_preview,photo,kodak_01,768,512,512,341,28,64,32,3,5501,5887,0.9344317988788857,5.74746,22.856918546663,0.6592860945774665,0.9001145386595395,0.9154914164512313,0.9371323248562841
chat_preview,photo,kodak_01,768,512,512,341,28,64,32,4,5887,5887,1.0,6.07604,23.04550094265242,0.6654355379849096,0.9015932223712326,0.9169374797438222,0.9397421177982537
chat_preview,photo,kodak_01,768,512,512,341,28,64,64,0,2512,14351,0.17504006689429308,4.94317,20.357902012347203,0.36065007575749136,0.7421129270410532,0.7494269007808678,0.8455046239604505
chat_preview,photo,kodak_01,768,512,512,341,28,64,64,1,5368,14351,0.3740505888091422,5.33204,21.803566824970886,0.5562770608812801,0.8676088605606123,0.8753694819079415,0.9143307109947734
chat_preview,photo,kodak_01,768,512,512,341,28,64,64,2,10633,14351,0.7409239774231761,5.82817,24.26070724958519,0.7546509965568516,0.946441598413667,0.9547020356132546,0.9620803610745701
chat_preview,photo,kodak_01,768,512,512,341,28,64,64,3,14351,14351,1.0,6.58204,26.31171388703999,0.8352800462897695,0.962323103462342,0.9706004839676456,0.9768526366081007
chat_preview,photo,kodak_01,768,512,512,341,29,64,32,0,1193,6038,0.19758198078834052,5.11379,19.46207672486269,0.2467733155370301,0.613765078658004,0.6168124077840307,0.7766875338136292
chat_preview,photo,kodak_01,768,512,512,341,29,64,32,1,2171,6038,0.35955614441868167,5.78796,20.30039914057034,0.3586857615154136,0.7379838831579363,0.7462520608963615,0.8438425556413061
chat_preview,photo,kodak_01,768,512,512,341,29,64,32,2,3699,6038,0.6126200728718119,5.142,21.47910688595836,0.5349745317801905,0.8483563376085098,0.8610346775694612,0.9035198169036367
chat_preview,photo,kodak_01,768,512,512,341,29,64,32,3,5640,6038,0.9340841338191455,5.2415,22.890509371012627,0.6635050506214634,0.9020496823559024,0.9171916182953049,0.938343590724962
chat_preview,photo,kodak_01,768,512,512,341,29,64,32,4,6038,6038,1.0,5.81208,23.088338111766674,0.670169133823471,0.9036026292640845,0.9187157909180119,0.9410190984335868
chat_preview,photo,kodak_01,768,512,512,341,29,64,64,0,2512,14713,0.17073336505131517,5.00712,20.357902012347203,0.36065007575749136,0.7421129270410532,0.7494269007808678,0.8455046239604505
chat_preview,photo,kodak_01,768,512,512,341,29,64,64,1,5495,14713,0.3734792360497519,5.11983,21.80550108669255,0.5584458294944151,0.8683154571985914,0.8761593914031197,0.9142717763467738
chat_preview,photo,kodak_01,768,512,512,341,29,64,64,2,10817,14713,0.7352001631210494,5.71196,24.27010963115322,0.75636850855931,0.9471571129689376,0.9554326838022463,0.9622185167194667
chat_preview,photo,kodak_01,768,512,512,341,29,64,64,3,14713,14713,1.0,6.90912,26.37496463000026,0.8386558615415337,0.963294113117028,0.9716115647685041,0.9773938082340718
chat_preview,photo,kodak_01,768,512,512,341,30,64,32,0,1207,6093,0.19809617593960283,4.83879,19.467544331176093,0.2469470418700225,0.6138011537187914,0.6164660253614457,0.7768012571412878
chat_preview,photo,kodak_01,768,512,512,341,30,64,32,1,2195,6093,0.3602494666010176,5.14258,20.313005753136824,0.3591789070899854,0.7388009782241683,0.7465630715083114,0.8443018954923956
chat_preview,photo,kodak_01,768,512,512,341,30,64,32,2,3723,6093,0.6110290497291975,5.09204,21.49571231580218,0.535387019819408,0.8489098504830581,0.8612632818296208,0.9039418815890856
chat_preview,photo,kodak_01,768,512,512,341,30,64,32,3,5683,6093,0.9327096668307895,5.36075,22.931710843839635,0.6642169407248537,0.9026654508710686,0.9174101912597205,0.9388841593227795
chat_preview,photo,kodak_01,768,512,512,341,30,64,32,4,6093,6093,1.0,5.60879,23.13831393101661,0.6713779317268439,0.904353071916014,0.9190698550375314,0.9416376179341163
chat_preview,photo,kodak_01,768,512,512,341,30,64,64,0,2522,14755,0.17092511013215858,4.85679,20.363273394034582,0.3608141159815217,0.7425958629011671,0.7493175209106753,0.8461310427323211
chat_preview,photo,kodak_01,768,512,512,341,30,64,64,1,5534,14755,0.3750593019315486,5.08742,21.813897697171956,0.5593612201668722,0.8691204691452902,0.876360980650305,0.9147542658237453
chat_preview,photo,kodak_01,768,512,512,341,30,64,64,2,10856,14755,0.7357505930193154,5.53542,24.29507215039432,0.757146103991146,0.9478257217947146,0.9555646355803971,0.9627016574503898
chat_preview,photo,kodak_01,768,512,512,341,30,64,64,3,14755,14755,1.0,6.80675,26.457394097828942,0.8398385109730665,0.9640291985390927,0.9717879013610242,0.9779496852616093
chat_preview,photo,kodak_01,768,512,512,341,31,64,32,0,1227,6218,0.19733033129623673,4.70829,19.467544331176093,0.2469470418700225,0.6138011537187914,0.6164660253614457,0.7768012571412878
chat_preview,photo,kodak_01,768,512,512,341,31,64,32,1,2228,6218,0.3583145706014796,4.89629,20.313049031738537,0.3591799646754225,0.7387929386930656,0.7465561254378325,0.8443050071834565
chat_preview,photo,kodak_01,768,512,512,341,31,64,32,2,3770,6218,0.6063042779028627,5.45075,21.514282785884692,0.5347725525814845,0.8493091038404513,0.8614351895961955,0.9046320439648513
chat_preview,photo,kodak_01,768,512,512,341,31,64,32,3,5795,6218,0.9319716950788035,5.90154,22.970838540858733,0.6668736013149309,0.9040911758129218,0.9187104712001934,0.9399845267969752
chat_preview,photo,kodak_01,768,512,512,341,31,64,32,4,6218,6218,1.0,5.935,23.188268076949182,0.6746429634803005,0.9059391736550989,0.9205324875328177,0.9428612646314437
chat_preview,photo,kodak_01,768,512,512,341,31,64,64,0,2522,14989,0.16825672159583693,4.78554,20.363273394034582,0.3608141159815217,0.7425958629011671,0.7493175209106753,0.8461310427323211
chat_preview,photo,kodak_01,768,512,512,341,31,64,64,1,5534,14989,0.36920408299419577,5.48667,21.813897697171956,0.5593612201668722,0.8691204691452902,0.876360980650305,0.9147542658237453
chat_preview,photo,kodak_01,768,512,512,341,31,64,64,2,10895,14989,0.7268663686703583,5.66358,24.31282037833922,0.7575674597398415,0.9482037790434216,0.9558807161184979,0.9629185990843393
chat_preview,photo,kodak_01,768,512,512,341,31,64,64,3,14989,14989,1.0,6.88158,26.541339622877942,0.8428578420742056,0.9647930761055573,0.9725521636497473,0.9784342454206248
chat_preview,photo,kodak_01,768,512,512,341,32,64,32,0,1227,6275,0.19553784860557769,4.81508,19.467544331176093,0.2469470418700225,0.6138011537187914,0.6164660253614457,0.7768012571412878
chat_preview,photo,kodak_01,768,512,512,341,32,64,32,1,2247,6275,0.35808764940239046,5.14317,20.314780035995103,0.35926694154917665,0.7387344412534139,0.7467259129440319,0.8442814430581058
chat_preview,photo,kodak_01,768,512,512,341,32,64,32,2,3809,6275,0.607011952191235,5.36829,21.51792001414188,0.5353643008730268,0.84961636254691,0.8616363691705473,0.9047330073359839
chat_preview,photo,kodak_01,768,512,512,341,32,64,32,3,5844,6275,0.9313147410358565,5.24475,22.99411824736122,0.6677066902270843,0.9047755265926973,0.919160550692316,0.9403833483887929
chat_preview,photo,kodak_01,768,512,512,341,32,64,32,4,6275,6275,1.0,6.41117,23.220027340867233,0.6759327830909282,0.9067100886242655,0.9210720877623628,0.9433482326962463
chat_preview,photo,kodak_01,768,512,512,341,32,64,64,0,2522,15071,0.1673412514099927,4.81242,20.363273394034582,0.3608141159815217,0.7425958629011671,0.7493175209106753,0.8461310427323211
chat_preview,photo,kodak_01,768,512,512,341,32,64,64,1,5557,15071,0.3687213854422401,5.583,21.815263197315048,0.5594352626542731,0.8691414757369365,0.8763907425821625,0.9147774623503395
chat_preview,photo,kodak_01,768,512,512,341,32,64,64,2,10973,15071,0.7280870546081879,5.79558,24.31822708605729,0.7581747424332622,0.9483394419524437,0.9559916530953824,0.9629649139636094
chat_preview,photo,kodak_01,768,512,512,341,32,64,64,3,15071,15071,1.0,7.00862,26.590059333374832,0.8438117607224941,0.9649749722786471,0.972661522523375,0.9786183240977311
chat_preview,photo,kodak_01,768,512,512,341,33,64,32,0,1227,6419,0.1911512696681726,4.72904,19.467544331176093,0.2469470418700225,0.6138011537187914,0.6164660253614457,0.7768012571412878
chat_preview,photo,kodak_01,768,512,512,341,33,64,32,1,2250,6419,0.3505218881445708,4.85233,20.316645704885595,0.3592700772639874,0.7387418700340952,0.74671802400492,0.8443805964258108
chat_preview,photo,kodak_01,768,512,512,341,33,64,32,2,3865,6419,0.6021187100794516,5.06479,21.533706182651176,0.5376358115428314,0.8509120899672187,0.863075498234039,0.9055067201629824
chat_preview,photo,kodak_01,768,512,512,341,33,64,32,3,5979,6419,0.9314534974295061,5.30579,23.036927518089186,0.6724714121982137,0.9068704367198513,0.9214073315575535,0.9419080009527164
chat_preview,photo,kodak_01,768,512,512,341,33,64,32,4,6419,6419,1.0,6.20325,23.270086198260294,0.6809738332235401,0.9088530489927269,0.9233684354302707,0.9449140537805363
chat_preview,photo,kodak_01,768,512,512,341,33,64,64,0,2522,15484,0.16287780935158874,5.25362,20.363273394034582,0.3608141159815217,0.7425958629011671,0.7493175209106753,0.8461310427323211
chat_preview,photo,kodak_01,768,512,512,341,33,64,64,1,5564,15484,0.35933867217773185,5.42567,21.815696267918167,0.559352634588973,0.8691678392254555,0.8764029290957176,0.9147629762392671
chat_preview,photo,kodak_01,768,512,512,341,33,64,64,2,11167,15484,0.7211960733660553,5.78046,24.333598586936805,0.7603808756531892,0.9489098111990751,0.9565944789652905,0.9630369966325553
chat_preview,photo,kodak_01,768,512,512,341,33,64,64,3,15484,15484,1.0,6.85129,26.665330019806813,0.8476806618846466,0.9658183381027324,0.973540828494651,0.9791408261563639
chat_preview,photo,kodak_01,768,512,512,341,34,64,32,0,1227,6445,0.19038013964313422,5.33967,19.467544331176093,0.2469470418700225,0.6138011537187914,0.6164660253614457,0.7768012571412878
chat_preview,photo,kodak_01,768,512,512,341,34,64,32,1,2250,6445,0.3491078355314197,5.12025,20.316645704885595,0.3592700772639874,0.7387418700340952,0.74671802400492,0.8443805964258108
chat_preview,photo,kodak_01,768,512,512,341,34,64,32,2,3865,6445,0.5996896819239721,5.12029,21.536141454871952,0.537623201462144,0.8509845465137449,0.8631309653853498,0.9055438253689287
chat_preview,photo,kodak_01,768,512,512,341,34,64,32,3,5988,6445,0.9290923196276183,5.59604,23.058416015265518,0.6728098839590455,0.9072706283938591,0.921686362337415,0.9421580357030703
chat_preview,photo,kodak_01,768,512,512,341,34,64,32,4,6445,6445,1.0,6.2745,23.30251679723989,0.6820575356204307,0.9094331200294318,0.9238237202231929,0.9453147262394834
chat_preview,photo,kodak_01,768,512,512,341,34,64,64,0,2522,15489,0.1628252308089612,5.29404,20.363273394034582,0.3608141159815217,0.7425958629011671,0.7493175209106753,0.8461310427323211
chat_preview,photo,kodak_01,768,512,512,341,34,64,64,1,5564,15489,0.3592226741558525,5.08737,21.815696267918167,0.559352634588973,0.8691678392254555,0.8764029290957176,0.9147629762392671
chat_preview,photo,kodak_01,768,512,512,341,34,64,64,2,11168,15489,0.7210278261992382,5.77608,24.338801437134777,0.7604799107481476,0.9489737164755886,0.956648214593806,0.96307427383506
chat_preview,photo,kodak_01,768,512,512,341,34,64,64,3,15489,15489,1.0,6.79992,26.718840972592037,0.8483780635770749,0.9660169572939309,0.9736945748728079,0.9793294004286861
chat_preview,photo,kodak_01,768,512,512,341,35,64,32,0,1258,6626,0.18985813462118925,5.31712,19.48640134653577,0.24729063208847815,0.6145472548467813,0.6168467025677976,0.7783814796867466
chat_preview,photo,kodak_01,768,512,512,341,35,64,32,1,2302,6626,0.34741925747057045,5.30788,20.33601157971061,0.3587842391216787,0.738786578114237,0.7462760532234863,0.8453910019065748
chat_preview,photo,kodak_01,768,512,512,341,35,64,32,2,3940,6626,0.5946272260790824,5.362,21.567571174256514,0.5379019136999698,0.8517887419376226,0.8633966135979549,0.9065726816038202
chat_preview,photo,kodak_01,768,512,512,341,35,64,32,3,6154,6626,0.928765469363115,5.62371,23.116737407908133,0.675729859382058,0.9091823853293178,0.9231150613052705,0.9438536700208666
chat_preview,photo,kodak_01,768,512,512,341,35,64,32,4,6626,6626,1.0,5.96621,23.373798755954205,0.6853555020831358,0.9113927096201723,0.9253211582192016,0.947079081130896
chat_preview,photo,kodak_01,768,512,512,341,35,64,64,0,2647,15952,0.16593530591775327,4.69708,20.388176832772768,0.36122524105436565,0.7435761216031741,0.7496544606547295,0.8472367972245323
chat_preview,photo,kodak_01,768,512,512,341,35,64,64,1,5753,15952,0.3606444332998997,5.18337,21.853889675759564,0.5587080859328671,0.8700728286668772,0.8767022298954488,0.9157997553887615
chat_preview,photo,kodak_01,768,512,512,341,35,64,64,2,11411,15952,0.7153335005015045,5.76721,24.391486623367197,0.7609339261716475,0.9501226488399662,0.9572350877825546,0.9639436840885649
chat_preview,photo,kodak_01,768,512,512,341,35,64,64,3,15952,15952,1.0,6.98258,26.851373973194647,0.8513556290373391,0.9674500709289324,0.9746452700918413,0.9802795683063157
chat_preview,photo,kodak_01,768,512,512,341,36,64,32,0,1258,6687,0.18812621504411545,5.00717,19.48640134653577,0.24729063208847815,0.6145472548467813,0.6168467025677976,0.7783814796867466
chat_preview,photo,kodak_01,768,512,512,341,36,64,32,1,2303,6687,0.34439958127710485,5.34933,20.3360508309998,0.35876914211263733,0.7388031014367451,0.7462571037039691,0.8453934715078432
chat_preview,photo,kodak_01,768,512,512,341,36,64,32,2,3953,6687,0.5911470016449828,4.96492,21.581774128297972,0.5372701859211909,0.8520930587122164,0.8634976391470758,0.9070911383870253
chat_preview,photo,kodak_01,768,512,512,341,36,64,32,3,6188,6687,0.9253775983251085,5.46675,23.155603978956727,0.676166731513714,0.9101093771071534,0.9237809808715621,0.9446325297198686
chat_preview,photo,kodak_01,768,512,512,341,36,64,32,4,6687,6687,1.0,6.25879,23.431626534221127,0.6869775532615169,0.9126100095677797,0.9262673612567757,0.948077898868645
chat_preview,photo,kodak_01,768,512,512,341,36,64,64,0,2647,15993,0.16550991058588133,5.05396,20.388176832772768,0.36122524105436565,0.7435761216031741,0.7496544606547295,0.8472367972245323
chat_preview,photo,kodak_01,768,512,512,341,36,64,64,1,5753,15993,0.3597198774463828,5.68537,21.853889675759564,0.5587080859328671,0.8700728286668772,0.8767022298954488,0.9157997553887615
chat_preview,photo,kodak_01,768,512,512,341,36,64,64,2,11446,15993,0.715688113549678,6.26917,24.41366921328621,0.7610772602760073,0.950398243476189,0.9574117880527191,0.9640909942449163
chat_preview,photo,kodak_01,768,512,512,341,36,64,64,3,15993,15993,1.0,7.53238,26.94169299883509,0.8524695530414425,0.9679991544137906,0.975057587448209,0.980666617369342
chat_preview,photo,kodak_01,768,512,512,341,37,64,32,0,1258,6743,0.18656384398635623,5.3305,19.48640134653577,0.24729063208847815,0.6145472548467813,0.6168467025677976,0.7783814796867466
chat_preview,photo,kodak_01,768,512,512,341,37,64,32,1,2331,6743,0.34569182856295416,5.33083,20.338222383592914,0.3590596565639903,0.7392696694521659,0.7466804658350463,0.8455374687345119
chat_preview,photo,kodak_01,768,512,512,341,37,64,32,2,3994,6743,0.5923179593652677,5.51429,21.58978335860043,0.5377196608244106,0.8528046211650443,0.863685222979181,0.9074561853486298
chat_preview,photo,kodak_01,768,512,512,341,37,64,32,3,6229,6743,0.9237728014236987,5.89379,23.166655463794775,0.6766343287209825,0.910779133192746,0.9238727240430876,0.9449583209895257
chat_preview,photo,kodak_01,768,512,512,341,37,64,32,4,6743,6743,1.0,6.39996,23.454097181861275,0.6880720068539027,0.9134073281692671,0.9264738286479997,0.9485146424216657
chat_preview,photo,kodak_01,768,512,512,341,37,64,64,0,2647,16064,0.16477838645418327,5.30758,20.388176832772768,0.36122524105436565,0.7435761216031741,0.7496544606547295,0.8472367972245323
chat_preview,photo,kodak_01,768,512,512,341,37,64,64,1,5822,16064,0.36242529880478086,5.55554,21.853804204160635,0.5588919685331951,0.8700905888543705,0.8767135554063856,0.9158859946085571
chat_preview,photo,kodak_01,768,512,512,341,37,64,64,2,11517,16064,0.7169447211155379,6.27833,24.41891754299309,0.7613479658969178,0.9505483165011408,0.9575362474709812,0.9642361231754304
chat_preview,photo,kodak_01,768,512,512,341,37,64,64,3,16064,16064,1.0,7.43954,26.95309172897857,0.8527665238007303,0.9681728668718453,0.9751712737633348,0.9807683938813649
chat_preview,photo,kodak_01,768,512,512,341,38,64,32,0,1258,6920,0.18179190751445087,4.62008,19.48640134653577,0.24729063208847815,0.6145472548467813,0.6168467025677976,0.7783814796867466
chat_preview,photo,kodak_01,768,512,512,341,38,64,32,1,2335,6920,0.3374277456647399,5.01358,20.338326799929504,0.3590866033329075,0.7393019865690089,0.7466819904676794,0.8455478805074809
chat_preview,photo,kodak_01,768,512,512,341,38,64,32,2,4061,6920,0.5868497109826589,5.47408,21.607053195838304,0.5406982806818806,0.8542188124571289,0.8651173083637924,0.9085470907977183
chat_preview,photo,kodak_01,768,512,512,341,38,64,32,3,6381,6920,0.9221098265895954,4.86125,23.19932915652653,0.6819843859054266,0.9128892226407679,0.9261409063184145,0.9464303192379315
chat_preview,photo,kodak_01,768,512,512,341,38,64,32,4,6920,6920,1.0,6.11825,23.49688548103778,0.6943368857609196,0.9157799173779706,0.9290025516721545,0.9500475530455789
chat_preview,photo,kodak_01,768,512,512,341,38,64,64,0,2647,16521,0.16022032564614733,5.35962,20.388176832772768,0.36122524105436565,0.7435761216031741,0.7496544606547295,0.8472367972245323
chat_preview,photo,kodak_01,768,512,512,341,38,64,64,1,5822,16521,0.35239997578839055,4.93046,21.853804204160635,0.5588919685331951,0.8700905888543705,0.8767135554063856,0.9158859946085571
chat_preview,photo,kodak_01,768,512,512,341,38,64,64,2,11763,16521,0.712002905393136,5.62683,24.436609071906574,0.763909947612961,0.9513442114007394,0.9584079660194511,0.9643899592343228
chat_preview,photo,kodak_01,768,512,512,341,38,64,64,3,16521,16521,1.0,6.7105,27.041651411730058,0.8566368195910848,0.9690351131668757,0.976109564516214,0.9812586793917929
chat_preview,photo,kodak_01,768,512,512,341,39,64,32,0,1287,7003,0.1837783806939883,4.57979,19.488649365732506,0.24736733626999804,0.6154532708742073,0.6167028197922659,0.7785910078284631
chat_preview,photo,kodak_01,768,512,512,341,39,64,32,1,2366,7003,0.3378552049121805,4.79008,20.34375015392378,0.3593689963470535,0.7401459003468208,0.7465149704335029,0.8457378207717298
chat_preview,photo,kodak_01,768,512,512,341,39,64,32,2,4112,7003,0.5871769241753534,4.90079,21.62249338978331,0.541234236786278,0.8551965949148915,0.8651294870288044,0.9089969156495208
chat_preview,photo,kodak_01,768,512,512,341,39,64,32,3,6449,7003,0.9208910466942739,5.60008,23.24363416000422,0.6829368649424669,0.9141663913031532,0.9264189358970236,0.9471162781062141
chat_preview,photo,kodak_01,768,512,512,341,39,64,32,4,7003,7003,1.0,6.62046,23.556932318835493,0.6960639981233064,0.91724994773267,0.9294710984050312,0.9508866204427324
chat_preview,photo,kodak_01,768,512,512,341,39,64,64,0,2674,16556,0.1615124426189901,5.02992,20.39206864132774,0.3617367621143092,0.7438903553747892,0.7496742684344552,0.8476097943245025
chat_preview,photo,kodak_01,768,512,512,341,39,64,64,1,5850,16556,0.3533462188934525,4.67758,21.86062916916864,0.559488231859647,0.8704359162461491,0.8767856147341773,0.9161535591130444
chat_preview,photo,kodak_01,768,512,512,341,39,64,64,2,11793,16556,0.7123097366513651,6.12942,24.45945828791757,0.7645969275939075,0.951726294575275,0.9585421248454445,0.9646880969184998
chat_preview,photo,kodak_01,768,512,512,341,39,64,64,3,16556,16556,1.0,6.51692,27.13710395702011,0.8579662822834907,0.9695480921552638,0.9763143256669097,0.9816768045808635
chat_preview,photo,kodak_01,768,512,512,341,40,64,32,0,1287,7110,0.1810126582278481,4.57846,19.488649365732506,0.24736733626999804,0.6154532708742073,0.6167028197922659,0.7785910078284631
chat_preview,photo,kodak_01,768,512,512,341,40,64,32,1,2368,7110,0.3330520393811533,5.42175,20.34588771138257,0.35931598256756153,0.7402199165546296,0.7465391950873104,0.8458238429601658
chat_preview,photo,kodak_01,768,512,512,341,40,64,32,2,4114,7110,0.5786216596343179,5.38387,21.623106309851522,0.5412201395764883,0.85525913647369,0.8651699715459535,0.9089906556766417
chat_preview,photo,kodak_01,768,512,512,341,40,64,32,3,6538,7110,0.919549929676512,6.24933,23.262966003847488,0.6855728060133012,0.9153746672746558,0.927687936161881,0.9481031576212909
chat_preview,photo,kodak_01,768,512,512,341,40,64,32,4,7110,7110,1.0,6.34446,23.58796468739023,0.6990396361908514,0.9184630142828851,0.9307461282006435,0.9519003556805556
chat_preview,photo,kodak_01,768,512,512,341,40,64,64,0,2674,16820,0.15897740784780023,5.29967,20.39206864132774,0.3617367621143092,0.7438903553747892,0.7496742684344552,0.8476097943245025
chat_preview,photo,kodak_01,768,512,512,341,40,64,64,1,5858,16820,0.3482758620689655,5.14979,21.86322871207833,0.5594793663440644,0.870500560334988,0.8768378619045393,0.9161931495814176
chat_preview,photo,kodak_01,768,512,512,341,40,64,64,2,11801,16820,0.7016052318668252,6.04117,24.462244053830776,0.7646740291495778,0.951767364888989,0.9585832911544098,0.9647073483969185
chat_preview,photo,kodak_01,768,512,512,341,40,64,64,3,16820,16820,1.0,6.98567,27.192702739671873,0.8603362766707031,0.9699380463466024,0.9767465975897647,0.9819157511044451
chat_preview,photo,kodak_01,768,512,512,341,41,64,32,0,1287,7211,0.17847732630703092,5.19867,19.488649365732506,0.24736733626999804,0.6154532708742073,0.6167028197922659,0.7785910078284631
chat_preview,photo,kodak_01,768,512,512,341,41,64,32,1,2404,7211,0.3333795590070725,4.94313,20.342623030502946,0.36073580476040146,0.7411331508608708,0.7476070421265768,0.8458557668166523
chat_preview,photo,kodak_01,768,512,512,341,41,64,32,2,4182,7211,0.5799473027319373,4.97237,21.641840353166394,0.5418610242497025,0.8561921381284859,0.8659252410571924,0.9098485450911009
chat_preview,photo,kodak_01,768,512,512,341,41,64,32,3,6622,7211,0.9183192345028429,5.46217,23.3038111874046,0.6871288912391202,0.916693475201265,0.9287809535682523,0.9488003660044922
chat_preview,photo,kodak_01,768,512,512,341,41,64,32,4,7211,7211,1.0,5.98283,23.64555919002594,0.7014568809025702,0.9199851143871824,0.9320451533586399,0.9527454480773964
chat_preview,photo,kodak_01,768,512,512,341,41,64,64,0,2674,17077,0.15658488024828718,5.0235,20.39206864132774,0.3617367621143092,0.7438903553747892,0.7496742684344552,0.8476097943245025
chat_preview,photo,kodak_01,768,512,512,341,41,64,64,1,6004,17077,0.35158400187386546,6.157,21.867912535474254,0.5617338515533968,0.8711120166152821,0.8775220365868758,0.9166127155531004
chat_preview,photo,kodak_01,768,512,512,341,41,64,64,2,12055,17077,0.7059202436025063,6.35592,24.494857362664774,0.7663943093356625,0.9526658129731901,0.9593579123873408,0.9652652519398106
chat_preview,photo,kodak_01,768,512,512,341,41,64,64,3,17077,17077,1.0,7.18125,27.30305139323071,0.8627193914021971,0.9708494432630778,0.9775297961409656,0.9823840344929939
chat_preview,photo,kodak_01,768,512,512,341,42,64,32,0,1287,7345,0.1752212389380531,5.73833,19.488649365732506,0.24736733626999804,0.6154532708742073,0.6167028197922659,0.7785910078284631
chat_preview,photo,kodak_01,768,512,512,341,42,64,32,1,2419,7345,0.32933968686181075,4.64762,20.342651647946948,0.36064394107727105,0.7410563022037026,0.7475966835676751,0.8457418756502441
chat_preview,photo,kodak_01,768,512,512,341,42,64,32,2,4197,7345,0.5714091218515998,5.03287,21.642953791707242,0.5418575409984147,0.8562345982248102,0.8659823573731564,0.9097742005228894
chat_preview,photo,kodak_01,768,512,512,341,42,64,32,3,6724,7345,0.9154526889040163,5.30387,23.32628425100718,0.6896963056571779,0.9175141613093394,0.9296047012067623,0.9494217626731962
chat_preview,photo,kodak_01,768,512,512,341,42,64,32,4,7345,7345,1.0,6.11738,23.68546400091369,0.705195074943647,0.9210855750289876,0.9331416059502214,0.9535236829577759
chat_preview,photo,kodak_01,768,512,512,341,42,64,64,0,2674,17353,0.15409439290036306,4.71,20.39206864132774,0.3617367621143092,0.7438903553747892,0.7496742684344552,0.8476097943245025
chat_preview,photo,kodak_01,768,512,512,341,42,64,64,1,6040,17353,0.34806661672333317,5.30354,21.86966538897188,0.5617556217978487,0.8711487992092186,0.8775768770719852,0.9167409166791569
chat_preview,photo,kodak_01,768,512,512,341,42,64,64,2,12092,17353,0.6968247565262491,5.51267,24.504094635172834,0.7665224510241866,0.952770858061931,0.9593806799679386,0.9654132740510599
chat_preview,photo,kodak_01,768,512,512,341,42,64,64,3,17353,17353,1.0,6.81137,27.380625520510474,0.8649787307935585,0.9713433635471822,0.9778832033302471,0.9827558761151522
chat_preview,photo,kodak_01,768,512,512,341,43,64,32,0,1287,7506,0.17146282973621102,5.49817,19.488649365732506,0.24736733626999804,0.6154532708742073,0.6167028197922659,0.7785910078284631
chat_preview,photo,kodak_01,768,512,512,341,43,64,32,1,2430,7506,0.3237410071942446,5.44404,20.341709179022747,0.36118135163122994,0.7413289772745321,0.7479066257820819,0.845680737472903
chat_preview,photo,kodak_01,768,512,512,341,43,64,32,2,4286,7506,0.5710098587796429,5.39971,21.65056879125669,0.5444592955754661,0.8577918100210651,0.867314756318409,0.9107378132367572
chat_preview,photo,kodak_01,768,512,512,341,43,64,32,3,6836,7506,0.9107380762057021,5.64213,23.365453368414308,0.6921279874534733,0.9189942303654758,0.9307236378599925,0.9504022557588521
chat_preview,photo,kodak_01,768,512,512,341,43,64,32,4,7506,7506,1.0,6.29421,23.74903322621912,0.708533293415964,0.9227436329237371,0.9344342375740128,0.954721294470252
chat_preview,photo,kodak_01,768,512,512,341,43,64,64,0,2674,17669,0.151338502461939,5.68662,20.39206864132774,0.3617367621143092,0.7438903553747892,0.7496742684344552,0.8476097943245025
chat_preview,photo,kodak_01,768,512,512,341,43,64,64,1,6072,17669,0.3436527251117777,6.049,21.87062260591061,0.5620651433465516,0.871235457017551,0.8776521680267445,0.9167825173886228
chat_preview,photo,kodak_01,768,512,512,341,43,64,64,2,12398,17669,0.7016809100684815,5.99133,24.52145962890985,0.7692070909164839,0.9534526577004656,0.9601401361505343,0.9656922141814375
chat_preview,photo,kodak_01,768,512,512,341,43,64,64,3,17669,17669,1.0,6.77425,27.465843093955694,0.8675805778017764,0.9719527090419101,0.978552707671278,0.9830586779025535
chat_preview,photo,kodak_01,768,512,512,341,44,64,32,0,1304,7648,0.1705020920502092,4.77942,19.493354745140895,0.24784409259733411,0.6156793269126021,0.616743275684083,0.7794703129490764
chat_preview,photo,kodak_01,768,512,512,341,44,64,32,1,2449,7648,0.3202144351464435,5.00725,20.34664850318005,0.3618572068678107,0.7416858208161203,0.7480213454962543,0.8464921854790305
chat_preview,photo,kodak_01,768,512,512,341,44,64,32,2,4305,7648,0.5628922594142259,5.54087,21.654805484059718,0.545085563897895,0.8579357760728267,0.8674524791282977,0.9111061205602015
chat_preview,photo,kodak_01,768,512,512,341,44,64,32,3,6947,7648,0.908342050209205,5.63604,23.382328660590193,0.6960686664362258,0.9200735809149866,0.9319118465237384,0.9509341882398736
chat_preview,photo,kodak_01,768,512,512,341,44,64,32,4,7648,7648,1.0,5.97496,23.785425301333788,0.7135250656738483,0.9240828198227744,0.9358659104356327,0.9554468721943895
chat_preview,photo,kodak_01,768,512,512,341,44,64,64,0,2821,18091,0.15593388977944833,5.13837,20.395749512938835,0.36166506062998066,0.7435567477146859,0.7502927369445684,0.847966853605754
chat_preview,photo,kodak_01,768,512,512,341,44,64,64,1,6223,18091,0.3439831960643414,5.31421,21.871601714894055,0.5621918611524547,0.8710332285719837,0.8779167019470083,0.9168148398712618
chat_preview,photo,kodak_01,768,512,512,341,44,64,64,2,12549,18091,0.6936598308551213,5.92958,24.52081373532949,0.7694412880268015,0.9533677300831725,0.9601921065500479,0.9657746244014107
chat_preview,photo,kodak_01,768,512,512,341,44,64,64,3,18091,18091,1.0,7.15692,27.514531540395804,0.8699244866544998,0.9721529708602384,0.9789805207128528,0.9831142015766517
chat_preview,photo,kodak_01,768,512,512,341,45,64,32,0,1304,7736,0.16856256463288521,5.11583,19.493354745140895,0.24784409259733411,0.6156793269126021,0.616743275684083,0.7794703129490764
chat_preview,photo,kodak_01,768,512,512,341,45,64,32,1,2449,7736,0.3165718717683557,5.02229,20.346671484643295,0.36186439583784374,0.7416916810447322,0.7480249088163923,0.8464926620240918
chat_preview,photo,kodak_01,768,512,512,341,45,64,32,2,4317,7736,0.5580403309203723,5.37688,21.65915350367404,0.5450421722063478,0.858194579272439,0.8674624107401513,0.9112701580565857
chat_preview,photo,kodak_01,768,512,512,341,45,64,32,3,6981,7736,0.9024043433298863,6.02,23.4135890345501,0.696734427572059,0.9208378198372068,0.932253901511789,0.951431005409405
chat_preview,photo,kodak_01,768,512,512,341,45,64,32,4,7736,7736,1.0,5.81767,23.852212976917397,0.7158095295461102,0.9252137475759147,0.9365847440137309,0.9563084053236629
chat_preview,photo,kodak_01,768,512,512,341,45,64,64,0,2821,18108,0.15578749723878949,4.86517,20.395749512938835,0.36166506062998066,0.7435567477146859,0.7502927369445684,0.847966853605754
chat_preview,photo,kodak_01,768,512,512,341,45,64,64,1,6223,18108,0.3436602606582726,5.25408,21.871601714894055,0.5621918611524547,0.8710332285719837,0.8779167019470083,0.9168148398712618
chat_preview,photo,kodak_01,768,512,512,341,45,64,64,2,12553,18108,0.693229511817981,6.36604,24.52534948023136,0.769500866834104,0.9534325488645646,0.9602433876720672,0.9658087919899235
chat_preview,photo,kodak_01,768,512,512,341,45,64,64,3,18108,18108,1.0,7.53592,27.577461436671964,0.8706605984298862,0.9723050063793947,0.9790889860780678,0.9832965268159034
chat_preview,photo,kodak_01,768,512,512,341,46,64,32,0,1304,7904,0.16497975708502025,5.13829,19.493354745140895,0.24784409259733411,0.6156793269126021,0.616743275684083,0.7794703129490764
chat_preview,photo,kodak_01,768,512,512,341,46,64,32,1,2449,7904,0.3098431174089069,5.10917,20.346671484643295,0.36186439583784374,0.7416916810447322,0.7480249088163923,0.8464926620240918
chat_preview,photo,kodak_01,768,512,512,341,46,64,32,2,4341,7904,0.5492155870445344,5.38713,21.67313299441609,0.5452248641077356,0.8585346218084441,0.8675010914491207,0.9116445787724736
chat_preview,photo,kodak_01,768,512,512,341,46,64,32,3,7116,7904,0.9003036437246964,5.4585,23.45288824915443,0.7003730947808435,0.9222533863242489,0.9334019394500164,0.9520973966693477
chat_preview,photo,kodak_01,768,512,512,341,46,64,32,4,7904,7904,1.0,6.18446,23.912011237145755,0.720661588378773,0.9268982253645945,0.9379964503601282,0.9571687514181408
chat_preview,photo,kodak_01,768,512,512,341,46,64,64,0,2821,18501,0.1524782444192206,4.74433,20.395749512938835,0.36166506062998066,0.7435567477146859,0.7502927369445684,0.847966853605754
chat_preview,photo,kodak_01,768,512,512,341,46,64,64,1,6223,18501,0.33636019674612183,5.32554,21.871601714894055,0.5621918611524547,0.8710332285719837,0.8779167019470083,0.9168148398712618
chat_preview,photo,kodak_01,768,512,512,341,46,64,64,2,12667,18501,0.6846656937462839,6.29871,24.54766999711937,0.7701073170442182,0.953728554392257,0.9604484301080979,0.9659722204228296
chat_preview,photo,kodak_01,768,512,512,341,46,64,64,3,18501,18501,1.0,7.36908,27.683234924721447,0.8735907031049089,0.9730057128348383,0.9796868371093244,0.9837135340755885
chat_preview,photo,kodak_01,768,512,512,341,47,64,32,0,1363,8106,0.16814705156674067,4.72079,19.486746786982536,0.24794811966074382,0.6161131730042957,0.617250025700518,0.7794419187959417
chat_preview,photo,kodak_01,768,512,512,341,47,64,32,1,2566,8106,0.3165556377991611,5.38254,20.353151042652794,0.3607941577041593,0.7412720286961197,0.7476831382397411,0.846674913481479
chat_preview,photo,kodak_01,768,512,512,341,47,64,32,2,4480,8106,0.5526770293609672,5.48129,21.678452839337183,0.5451687935551705,0.8589604144469455,0.8677789037848119,0.911838339438003
chat_preview,photo,kodak_01,768,512,512,341,47,64,32,3,7279,8106,0.8979768073032321,5.59183,23.490121636848215,0.7010272829338545,0.9235883921704356,0.9343839162296379,0.9527505276880077
chat_preview,photo,kodak_01,768,512,512,341,47,64,32,4,8106,8106,1.0,6.23508,23.96888111133974,0.7226116661689769,0.9284678720982237,0.9392130840492388,0.9580133666285874
chat_preview,photo,kodak_01,768,512,512,341,47,64,64,0,2933,18759,0.15635161789007943,4.81446,20.390150696189373,0.36178136973726044,0.7439665225615105,0.7506229622357042,0.8481438766107241
chat_preview,photo,kodak_01,768,512,512,341,47,64,64,1,6466,18759,0.3446878831494216,5.66637,21.876118533555303,0.5611104501217118,0.8711933121378754,0.8779100333123838,0.9169604903643263
chat_preview,photo,kodak_01,768,512,512,341,47,64,64,2,12917,18759,0.6885761501146117,6.01587,24.561537389617424,0.7704637394684136,0.9542959596618968,0.9607898110051475,0.9662181832580791
chat_preview,photo,kodak_01,768,512,512,341,47,64,64,3,18759,18759,1.0,7.22125,27.773933610345072,0.8750338479415946,0.9738698823570501,0.9802588229799353,0.984208251689181
chat_preview,photo,kodak_01,768,512,512,341,48,64,32,0,1363,8282,0.1645737744506158,4.99483,19.486746786982536,0.24794811966074382,0.6161131730042957,0.617250025700518,0.7794419187959417
chat_preview,photo,kodak_01,768,512,512,341,48,64,32,1,2566,8282,0.30982854382999275,4.86371,20.353163200675297,0.36079471334083585,0.7412743358986504,0.7476857813344638,0.8466764334045314
chat_preview,photo,kodak_01,768,512,512,341,48,64,32,2,4534,8282,0.5474523062062304,5.1405,21.688472393929157,0.5474465615681336,0.8604278303964917,0.8691852275161173,0.911999139548788
chat_preview,photo,kodak_01,768,512,512,341,48,64,32,3,7409,8282,0.8945906785800531,5.49354,23.537068089034754,0.70568118145904,0.9255016399688225,0.9362922014310036,0.9535198834821745
chat_preview,photo,kodak_01,768,512,512,341,48,64,32,4,8282,8282,1.0,6.45904,24.04662311509462,0.7286925261201667,0.9305412559137692,0.9412969299361834,0.9589773545496321
chat_preview,photo,kodak_01,768,512,512,341,48,64,64,0,2933,19284,0.15209500103712922,4.77696,20.390150696189373,0.36178136973726044,0.7439665225615105,0.7506229622357042,0.8481438766107241
chat_preview,photo,kodak_01,768,512,512,341,48,64,64,1,6466,19284,0.33530387886330637,5.44446,21.876118533555303,0.5611104501217118,0.8711933121378754,0.8779100333123838,0.9169604903643263
chat_preview,photo,kodak_01,768,512,512,341,48,64,64,2,13139,19284,0.6813420452188342,5.94725,24.584140752138172,0.7726149110373582,0.9550189699767114,0.9615553377020061,0.96664401609813
chat_preview,photo,kodak_01,768,512,512,341,48,64,64,3,19284,19284,1.0,7.50304,27.865893192917802,0.8786737933901594,0.9744105867037054,0.9809102483486886,0.984472730208398
chat_preview,photo,kodak_01,768,512,512,341,49,64,32,0,1382,8424,0.16405508072174738,5.06762,19.485194424076994,0.2475252556451565,0.6157427851886806,0.6175000403953417,0.7790496294024203
chat_preview,photo,kodak_01,768,512,512,341,49,64,32,1,2588,8424,0.30721747388414056,4.91142,20.35413888574205,0.3603880764783152,0.7408835550179039,0.7477603558359943,0.8464095049396334
chat_preview,photo,kodak_01,768,512,512,341,49,64,32,2,4588,8424,0.5446343779677113,5.395,21.694715061264024,0.5475049348044418,0.8602818950022999,0.8691863289027711,0.9121077514265075
chat_preview,photo,kodak_01,768,512,512,341,49,64,32,3,7505,8424,0.8909069325735992,5.58846,23.57138032541531,0.7065067166604746,0.9260932579105524,0.9367925970069689,0.9540878365036781
chat_preview,photo,kodak_01,768,512,512,341,49,64,32,4,8424,8424,1.0,5.85387,24.113166745303374,0.7312441518355088,0.9314087055210747,0.9420628515427392,0.9597861230773881
chat_preview,photo,kodak_01,768,512,512,341,49,64,64,0,3052,19506,0.1564646775351174,5.20121,20.389864354494982,0.36158567215429677,0.7439253425353959,0.7507736870962303,0.848190062104744
chat_preview,photo,kodak_01,768,512,512,341,49,64,64,1,6601,19506,0.3384086947605865,5.46833,21.876627705157233,0.5611195030347813,0.8712120522281407,0.8780222379826954,0.9170969660397815
chat_preview,photo,kodak_01,768,512,512,341,49,64,64,2,13339,19506,0.6838408694760586,6.05842,24.59868935376379,0.7732810873081833,0.9552922262037105,0.9617430208182765,0.9668998580042732
chat_preview,photo,kodak_01,768,512,512,341,49,64,64,3,19506,19506,1.0,7.40733,27.957206064265996,0.8799860561406478,0.9748619121268355,0.9811777408323953,0.9849223974708655
chat_preview,photo,kodak_01,768,512,512,341,50,64,32,0,1382,8573,0.16120377930712704,5.18237,19.485194424076994,0.2475252556451565,0.6157427851886806,0.6175000403953417,0.7790496294024203
chat_preview,photo,kodak_01,768,512,512,341,50,64,32,1,2597,8573,0.30292779657062874,5.2795,20.354860000483797,0.3607380646439396,0.7411046969965414,0.7480154580917207,0.8464912806176106
chat_preview,photo,kodak_01,768,512,512,341,50,64,32,2,4599,8573,0.5364516505307361,5.13933,21.696219029086844,0.547760663347897,0.8604455227288672,0.8693538138392269,0.912131458831318
chat_preview,photo,kodak_01,768,512,512,341,50,64,32,3,7599,8573,0.886387495625802,5.87329,23.59322913246466,0.70895226623903,0.9266301641195883,0.9373484284948995,0.954361049231041
chat_preview,photo,kodak_01,768,512,512,341,50,64,32,4,8573,8573,1.0,6.01504,24.16628729169642,0.7351679849738191,0.9323429620673854,0.9429857836263599,0.960349821971891
chat_preview,photo,kodak_01,768,512,512,341,50,64,64,0,3052,19903,0.1533437170275838,5.12096,20.389864354494982,0.36158567215429677,0.7439253425353959,0.7507736870962303,0.848190062104744
chat_preview,photo,kodak_01,768,512,512,341,50,64,64,1,6639,19903,0.333567803848666,5.63317,21.877964677688766,0.5615035466875281,0.8713952625104051,0.8781993921023915,0.9171593175734664
chat_preview,photo,kodak_01,768,512,512,341,50,64,64,2,13383,19903,0.6724111942923178,6.04071,24.60430764296436,0.7735310534798622,0.9553742798965877,0.9618211762684974,0.9669679571451638
chat_preview,photo,kodak_01,768,512,512,341,50,64,64,3,19903,19903,1.0,7.04962,28.02315589444333,0.8824256357075043,0.9751865824435355,0.9815216779315721,0.9851443345847858
chat_preview,photo,kodak_01,768,512,512,341,51,64,32,0,1382,8681,0.15919824904964866,4.6125,19.485194424076994,0.2475252556451565,0.6157427851886806,0.6175000403953417,0.7790496294024203
chat_preview,photo,kodak_01,768,512,512,341,51,64,32,1,2618,8681,0.30157815919824904,4.91458,20.358300873097722,0.3609591529780484,0.7412092202624839,0.748103177974804,0.8466140715183522
chat_preview,photo,kodak_01,768,512,512,341,51,64,32,2,4642,8681,0.5347310217716853,5.18875,21.709587252995227,0.5471102605926584,0.8604799460431166,0.8691345636267032,0.912342590612521
chat_preview,photo,kodak_01,768,512,512,341,51,64,32,3,7668,8681,0.8833083746112199,5.78971,23.62868216459601,0.709396808603474,0.9272853838575948,0.9376485340752063,0.9547260864739818
chat_preview,photo,kodak_01,768,512,512,341,51,64,32,4,8681,8681,1.0,5.87604,24.232621829831093,0.7372901463449848,0.9334365119485709,0.9437215477599734,0.9609998950580854
chat_preview,photo,kodak_01,768,512,512,341,51,64,64,0,3052,20049,0.15222704374283005,4.83921,20.389864354494982,0.36158567215429677,0.7439253425353959,0.7507736870962303,0.848190062104744
chat_preview,photo,kodak_01,768,512,512,341,51,64,64,1,6685,20049,0.3334330889321163,5.33133,21.87912638282082,0.561721607562876,0.8715174172071305,0.8782864371727557,0.9172274091226131
chat_preview,photo,kodak_01,768,512,512,341,51,64,64,2,13514,20049,0.6740485809766074,5.87937,24.625700960070557,0.7737997228675386,0.9557645763207206,0.9619647849508713,0.9673995982417793
chat_preview,photo,kodak_01,768,512,512,341,51,64,64,3,20049,20049,1.0,7.38833,28.140489130976285,0.8841908031643717,0.9759190996180571,0.9819478495183861,0.9855629496053931
chat_preview,photo,kodak_01,768,512,512,341,52,64,32,0,1382,8874,0.15573585756141536,5.09467,19.485194424076994,0.2475252556451565,0.6157427851886806,0.6175000403953417,0.7790496294024203
chat_preview,photo,kodak_01,768,512,512,341,52,64,32,1,2620,8874,0.29524453459544736,4.87212,20.35848807499468,0.36097152762811585,0.7412318724726944,0.7481076390504999,0.8466253729256326
chat_preview,photo,kodak_01,768,512,512,341,52,64,32,2,4658,8874,0.524904214559387,5.6195,21.71035407787601,0.5473499566941645,0.8605828701382109,0.8692140210874413,0.9123515430458976
chat_preview,photo,kodak_01,768,512,512,341,52,64,32,3,7815,8874,0.8806626098715348,5.58042,23.643842300216555,0.7118258680698973,0.9276619780316301,0.9381361939967754,0.9548219589002265
chat_preview,photo,kodak_01,768,512,512,341,52,64,32,4,8874,8874,1.0,6.20817,24.271604672766493,0.7407393743225829,0.9341294336593333,0.944504479911753,0.9613072136534688
chat_preview,photo,kodak_01,768,512,512,341,52,64,64,0,3052,20489,0.14895797745131534,4.72933,20.389864354494982,0.36158567215429677,0.7439253425353959,0.7507736870962303,0.848190062104744
chat_preview,photo,kodak_01,768,512,512,341,52,64,64,1,6688,20489,0.32641905412660455,5.40487,21.879147177762253,0.5617236378826248,0.87152118925908,0.8782863491716674,0.9172289525108756
chat_preview,photo,kodak_01,768,512,512,341,52,64,64,2,13576,20489,0.662599443603885,6.26717,24.63038460085016,0.7742627886998057,0.9558729292785765,0.9620603113303083,0.9674432432227316
chat_preview,photo,kodak_01,768,512,512,341,52,64,64,3,20489,20489,1.0,7.39058,28.219413980906403,0.886817016980253,0.9763276536444788,0.9823876101658041,0.9858108387193825
chat_preview,photo,kodak_01,768,512,512,341,53,64,32,0,1382,9084,0.1521356230735359,4.75333,19.485194424076994,0.2475252556451565,0.6157427851886806,0.6175000403953417,0.7790496294024203
chat_preview,photo,kodak_01,768,512,512,341,53,64,32,1,2675,9084,0.29447380008806695,5.31663,20.35759281107768,0.3618475288602281,0.7421221456855521,0.7488116405446531,0.8473778731865982
chat_preview,photo,kodak_01,768,512,512,341,53,64,32,2,4729,9084,0.5205856450902686,5.49983,21.708690388650478,0.5481213477606154,0.8613866043397406,0.8698901539280025,0.9127763795453415
chat_preview,photo,kodak_01,768,512,512,341,53,64,32,3,7919,9084,0.8717525319242624,5.57858,23.668125784038075,0.713121111118885,0.9286601535819833,0.9388783634178139,0.9554485761495941
chat_preview,photo,kodak_01,768,512,512,341,53,64,32,4,9084,9084,1.0,6.26067,24.354073972226406,0.7456291306678917,0.9358582437521967,0.9459540096008379,0.9624133215014048
chat_preview,photo,kodak_01,768,512,512,341,53,64,64,0,3052,20732,0.14721203935944432,4.90296,20.389864354494982,0.36158567215429677,0.7439253425353959,0.7507736870962303,0.848190062104744
chat_preview,photo,kodak_01,768,512,512,341,53,64,64,1,6882,20732,0.3319506077561258,5.61883,21.872724723915166,0.5628430687196732,0.8720618041191358,0.8788550545155791,0.9173690399817083
chat_preview,photo,kodak_01,768,512,512,341,53,64,64,2,13784,20732,0.6648659077754197,6.13779,24.63401441760253,0.7751432555865533,0.9563145806526022,0.9625138027828497,0.9676577009699961
chat_preview,photo,kodak_01,768,512,512,341,53,64,64,3,20732,20732,1.0,6.84133,28.287833316984752,0.8883111533677489,0.9768009302046897,0.9828437188062076,0.9860954331951306
chat_preview,photo,kodak_01,768,512,512,341,54,64,32,0,1410,9255,0.15235008103727715,5.11754,19.48877506187813,0.247555475160395,0.6157988547552197,0.6178670454342746,0.7798775238106674
chat_preview,photo,kodak_01,768,512,512,341,54,64,32,1,2703,9255,0.2920583468395462,5.29625,20.358980449796498,0.3621451104986099,0.7424893296361746,0.7490038644068605,0.8479831924834147
chat_preview,photo,kodak_01,768,512,512,341,54,64,32,2,4821,9255,0.5209076175040519,5.21,21.70886919106419,0.5505412847707286,0.862822669414836,0.8710526225493315,0.9130334372790071
chat_preview,photo,kodak_01,768,512,512,341,54,64,32,3,8035,9255,0.8681793625067531,5.56,23.67221902588449,0.7150543605845147,0.9297698193848488,0.9396874965276173,0.9558230550327279
chat_preview,photo,kodak_01,768,512,512,341,54,64,32,4,9255,9255,1.0,6.5375,24.39229218230348,0.7486827964385859,0.9371532452742097,0.9469400837873337,0.9630542241185382
chat_preview,photo,kodak_01,768,512,512,341,54,64,64,0,3087,21027,0.1468112426879726,4.96842,20.394250798818533,0.3619713991546674,0.7440893170545282,0.7515449740307484,0.8487080201812717
chat_preview,photo,kodak_01,768,512,512,341,54,64,64,1,6921,21027,0.32914823797974035,5.73025,21.878622499546495,0.5632472104728454,0.8722066963858808,0.8791988203008368,0.9176773210043354
chat_preview,photo,kodak_01,768,512,512,341,54,64,64,2,14052,21027,0.6682836353260094,6.45033,24.647989752289607,0.7767597444541178,0.9571782499636097,0.9632261973546363,0.9682498394143867
chat_preview,photo,kodak_01,768,512,512,341,54,64,64,3,21027,21027,1.0,7.07225,28.306240571377487,0.8897457743625615,0.977357548385998,0.9832288742616323,0.9861774548515796
chat_preview,photo,kodak_01,768,512,512,341,55,64,32,0,1410,9486,0.14864010120177104,4.88262,19.48877506187813,0.247555475160395,0.6157988547552197,0.6178670454342746,0.7798775238106674
chat_preview,photo,kodak_01,768,512,512,341,55,64,32,1,2709,9486,0.2855787476280835,5.37754,20.359125740943878,0.36217793618606947,0.7425351260975109,0.7490093029624117,0.848004914924151
chat_preview,photo,kodak_01,768,512,512,341,55,64,32,2,4854,9486,0.5117014547754586,5.13221,21.712477825499285,0.551137036800437,0.8631700877225458,0.8711877337795045,0.9132099687186975
chat_preview,photo,kodak_01,768,512,512,341,55,64,32,3,8194,9486,0.8637992831541219,5.73129,23.694097252831504,0.7183117029609796,0.9306030615424413,0.9404267963249588,0.9561414576055812
chat_preview,photo,kodak_01,768,512,512,341,55,64,32,4,9486,9486,1.0,6.26117,24.451016566627608,0.753646544564949,0.938364770288508,0.9480740506450678,0.9636417898425113
chat_preview,photo,kodak_01,768,512,512,341,55,64,64,0,3087,21549,0.14325490742029792,4.88596,20.394250798818533,0.3619713991546674,0.7440893170545282,0.7515449740307484,0.8487080201812717
chat_preview,photo,kodak_01,768,512,512,341,55,64,64,1,6929,21549,0.32154624344517146,5.65333,21.878679708719737,0.563254874200079,0.8722109510866335,0.8792004808971576,0.9176800306192436
chat_preview,photo,kodak_01,768,512,512,341,55,64,64,2,14130,21549,0.6557148823611304,5.99404,24.654671854018364,0.7772536877482882,0.9573100185025282,0.9633295627404803,0.9683159996167495
chat_preview,photo,kodak_01,768,512,512,341,55,64,64,3,21549,21549,1.0,7.26092,28.382862105207487,0.8922380156356172,0.9777811471800026,0.9836148071864533,0.9864625837609721
chat_preview,photo,kodak_01,768,512,512,341,56,64,32,0,1410,9656,0.146023198011599,5.03779,19.48877506187813,0.247555475160395,0.6157988547552197,0.6178670454342746,0.7798775238106674
chat_preview,photo,kodak_01,768,512,512,341,56,64,32,1,2737,9656,0.2834507042253521,5.0685,20.360683819634858,0.36226339730345214,0.7426474990496694,0.74899423637487,0.8480411471910105
chat_preview,photo,kodak_01,768,512,512,341,56,64,32,2,4903,9656,0.5077671913835957,5.17012,21.729938579114545,0.5504041912036749,0.8634819618426501,0.8712879483810066,0.9134002329978216
chat_preview,photo,kodak_01,768,512,512,341,56,64,32,3,8282,9656,0.8577050538525269,5.72908,23.744170711393306,0.7188922949139381,0.9315385776964834,0.9410384250957378,0.956603534542517
chat_preview,photo,kodak_01,768,512,512,341,56,64,32,4,9656,9656,1.0,6.41725,24.55217962372351,0.7566298589546064,0.9398735503262231,0.9492688370676716,0.9645219935799066
chat_preview,photo,kodak_01,768,512,512,341,56,64,64,0,3087,21740,0.1419963201471941,5.13079,20.394250798818533,0.3619713991546674,0.7440893170545282,0.7515449740307484,0.8487080201812717
chat_preview,photo,kodak_01,768,512,512,341,56,64,64,1,6995,21740,0.3217571297148114,5.20038,21.876865006352403,0.563264248911505,0.8721545081181007,0.8792527743885749,0.9174969151773997
chat_preview,photo,kodak_01,768,512,512,341,56,64,64,2,14276,21740,0.6566697332106716,6.09983,24.681823648474097,0.7775169115653284,0.9576464933442143,0.9635045603501712,0.9684627738576745
chat_preview,photo,kodak_01,768,512,512,341,56,64,64,3,21740,21740,1.0,7.42625,28.533824963182685,0.894100152763984,0.9784292287552997,0.9840427079315072,0.9869364813621831
chat_preview,photo,kodak_01,768,512,512,341,57,64,32,0,1430,10025,0.142643391521197,4.83679,19.48877506187813,0.247555475160395,0.6157988547552197,0.6178670454342746,0.7798775238106674
chat_preview,photo,kodak_01,768,512,512,341,57,64,32,1,2771,10025,0.2764089775561097,4.83338,20.36087415879684,0.3625628905623275,0.7430228986947739,0.7493589833277037,0.8480130579753493
chat_preview,photo,kodak_01,768,512,512,341,57,64,32,2,4986,10025,0.497356608478803,5.07667,21.734845293363264,0.5507690521079751,0.8637285550228828,0.8715319662430643,0.9135062509695003
chat_preview,photo,kodak_01,768,512,512,341,57,64,32,3,8465,10025,0.8443890274314214,5.47354,23.77082149603076,0.7222072346230765,0.9326361038538736,0.9421070546437501,0.9569145873458486
chat_preview,photo,kodak_01,768,512,512,341,57,64,32,4,10025,10025,1.0,6.25025,24.635952811938818,0.7618410795974707,0.9414505676781575,0.9507677487916552,0.9652547488465877
chat_preview,photo,kodak_01,768,512,512,341,57,64,64,0,3087,22257,0.13869793772745653,5.09604,20.394250798818533,0.3619713991546674,0.7440893170545282,0.7515449740307484,0.8487080201812717
chat_preview,photo,kodak_01,768,512,512,341,57,64,64,1,7040,22257,0.31630498270207125,5.33062,21.877593256234036,0.5634038718529268,0.8721736095097815,0.8792836323115377,0.9175217109134036
chat_preview,photo,kodak_01,768,512,512,341,57,64,64,2,14388,22257,0.6464483083973581,6.44517,24.68545048626979,0.777976784729033,0.9577606152277527,0.9636165345257861,0.9685041775046838
chat_preview,photo,kodak_01,768,512,512,341,57,64,64,3,22257,22257,1.0,7.74296,28.610385563486172,0.8965349068092158,0.9788026134122222,0.9844498890226419,0.9871553546775506
chat_preview,photo,kodak_01,768,512,512,341,58,64,32,0,1430,10130,0.14116485686080948,4.9435,19.48877506187813,0.247555475160395,0.6157988547552197,0.6178670454342746,0.7798775238106674
chat_preview,photo,kodak_01,768,512,512,341,58,64,32,1,2771,10130,0.27354392892398816,5.32821,20.36087415879684,0.3625628905623275,0.7430228986947739,0.7493589833277037,0.8480130579753493
chat_preview,photo,kodak_01,768,512,512,341,58,64,32,2,4986,10130,0.4922013820335637,5.51104,21.735215561690467,0.55082265007585,0.8637574726690005,0.8715387819544828,0.913510709581821
chat_preview,photo,kodak_01,768,512,512,341,58,64,32,3,8504,10130,0.8394866732477789,5.568,23.789855137528562,0.722716479481166,0.9331007003679529,0.9424578424867363,0.9571730304934792
chat_preview,photo,kodak_01,768,512,512,341,58,64,32,4,10130,10130,1.0,6.21162,24.69611266988567,0.764119056528303,0.9422930937226693,0.9515035815162536,0.9658226916919498
chat_preview,photo,kodak_01,768,512,512,341,58,64,64,0,3087,22297,0.13844911871552226,5.28225,20.394250798818533,0.3619713991546674,0.7440893170545282,0.7515449740307484,0.8487080201812717
chat_preview,photo,kodak_01,768,512,512,341,58,64,64,1,7040,22297,0.31573754316724223,5.68512,21.877593256234036,0.5634038718529268,0.8721736095097815,0.8792836323115377,0.9175217109134036
chat_preview,photo,kodak_01,768,512,512,341,58,64,64,2,14388,22297,0.6452886038480513,6.39283,24.685702497936134,0.777980955897141,0.9577616323751407,0.9636173159133073,0.9685060573487168
chat_preview,photo,kodak_01,768,512,512,341,58,64,64,3,22297,22297,1.0,7.30467,28.681784771222766,0.8973656833761896,0.9789580411111766,0.9845671053956665,0.9873338732152349
chat_preview,photo,kodak_01,768,512,512,341,59,64,32,0,1472,10501,0.14017712598800114,5.31,19.50186062233809,0.24769359715729314,0.6157068981681645,0.6172768018482894,0.7795276701584588
chat_preview,photo,kodak_01,768,512,512,341,59,64,32,1,2849,10501,0.271307494524331,4.95833,20.379348753222764,0.36186035351347784,0.7428307071936954,0.7484988947947576,0.8476105694445155
chat_preview,photo,kodak_01,768,512,512,341,59,64,32,2,5154,10501,0.49081039900961815,5.30304,21.765067189957374,0.5534262930008785,0.8655581617168154,0.8728097863242585,0.9134383601158397
chat_preview,photo,kodak_01,768,512,512,341,59,64,32,3,8806,10501,0.8385868012570231,5.9555,23.862379341693174,0.7270056820611241,0.9352556399329655,0.9440826558944889,0.957964832558851
chat_preview,photo,kodak_01,768,512,512,341,59,64,32,4,10501,10501,1.0,6.78521,24.815886960948504,0.7699194375490572,0.9446416219482033,0.9533891463324411,0.96675448674285
chat_preview,photo,kodak_01,768,512,512,341,59,64,64,0,3286,23384,0.14052343482723229,5.32212,20.41004937074975,0.3625152126838102,0.7444539678148775,0.751150243400566,0.8487693401745787
chat_preview,photo,kodak_01,768,512,512,341,59,64,64,1,7365,23384,0.3149589462880602,5.54579,21.91119414482344,0.5637782807698393,0.872824380221391,0.8792147407053589,0.9179860837296041
chat_preview,photo,kodak_01,768,512,512,341,59,64,64,2,14994,23384,0.6412076633595621,6.31592,24.7519823531149,0.7807182303288881,0.9590881254537634,0.9644761828079627,0.9690726765639576
chat_preview,photo,kodak_01,768,512,512,341,59,64,64,3,23384,23384,1.0,7.64542,28.924881263533884,0.9019655003573047,0.9804763442133649,0.9856356836488267,0.9882654365511696
chat_preview,photo,kodak_01,768,512,512,341,60,64,32,0,1472,10671,0.1379439602661419,4.84225,19.50186062233809,0.24769359715729314,0.6157068981681645,0.6172768018482894,0.7795276701584588
chat_preview,photo,kodak_01,768,512,512,341,60,64,32,1,2858,10671,0.26782869459282166,5.33196,20.379361193537612,0.3616437483024499,0.7425481543591662,0.7481949579734873,0.8475500529971636
chat_preview,photo,kodak_01,768,512,512,341,60,64,32,2,5179,10671,0.48533408302876957,5.58675,21.764613275586363,0.5533658316013392,0.8654249267619609,0.8726201643765369,0.9133974376982672
chat_preview,photo,kodak_01,768,512,512,341,60,64,32,3,8878,10671,0.8319745103551682,5.66212,23.890682584356245,0.7280711201710051,0.9359416274276035,0.9446266735399717,0.9582720269825622
chat_preview,photo,kodak_01,768,512,512,341,60,64,32,4,10671,10671,1.0,6.40546,24.89440107321795,0.7732688461927498,0.945828052677356,0.954435531651551,0.9673934388831668
chat_preview,photo,kodak_01,768,512,512,341,60,64,64,0,3286,23528,0.13966337980278817,5.21354,20.41004937074975,0.3625152126838102,0.7444539678148775,0.751150243400566,0.8487693401745787
chat_preview,photo,kodak_01,768,512,512,341,60,64,64,1,7388,23528,0.3140088405304318,5.552,21.91208852981594,0.5636135061273759,0.8727996622822075,0.8791713451955444,0.9180194583887018
chat_preview,photo,kodak_01,768,512,512,341,60,64,64,2,15086,23528,0.6411934716082965,6.76358,24.758444509338112,0.7812087031596139,0.9592165954708346,0.9645828606097852,0.9691231028683946
chat_preview,photo,kodak_01,768,512,512,341,60,64,64,3,23528,23528,1.0,7.715,29.026329006906032,0.9033439179554827,0.9808153538266636,0.9859182385998877,0.9884944365376689
chat_preview,photo,kodak_01,768,512,512,341,61,64,32,0,1472,11103,0.13257678105016663,5.33308,19.50186062233809,0.24769359715729314,0.6157068981681645,0.6172768018482894,0.7795276701584588
chat_preview,photo,kodak_01,768,512,512,341,61,64,32,1,2888,11103,0.26010988021255516,5.48842,20.382035394092387,0.3616582888377131,0.7424790117799294,0.7483472868990718,0.8475612722286157
chat_preview,photo,kodak_01,768,512,512,341,61,64,32,2,5263,11103,0.47401603170314327,5.6245,21.778067342772154,0.5535820759421247,0.8657125586377358,0.8729132571737047,0.9136682268048855
chat_preview,photo,kodak_01,768,512,512,341,61,64,32,3,9134,11103,0.822660542195803,5.79533,23.933796967567375,0.7314062327090928,0.9372653947848625,0.9457620262451172,0.958729591052296
chat_preview,photo,kodak_01,768,512,512,341,61,64,32,4,11103,11103,1.0,6.68962,25.01607222997821,0.7800798970764671,0.9477516793522737,0.956185499186406,0.9683284089775168
chat_preview,photo,kodak_01,768,512,512,341,61,64,64,0,3286,24185,0.1358693405003101,5.25679,20.41004937074975,0.3625152126838102,0.7444539678148775,0.751150243400566,0.8487693401745787
chat_preview,photo,kodak_01,768,512,512,341,61,64,64,1,7440,24185,0.30762869547240024,5.6935,21.91350211881394,0.5636424300026065,0.8728127607494379,0.8792167760749143,0.9180664341950394
chat_preview,photo,kodak_01,768,512,512,341,61,64,64,2,15237,24185,0.630018606574323,6.14054,24.77721744851436,0.7814850571657317,0.9594263945702552,0.9646291552943325,0.9692305694998928
chat_preview,photo,kodak_01,768,512,512,341,61,64,64,3,24185,24185,1.0,7.75317,29.1646042886701,0.9064344268899859,0.981526580302427,0.9864643640520494,0.9889130687340112
chat_preview,photo,kodak_01,768,512,512,341,62,64,32,0,1472,11156,0.13194693438508426,4.86633,19.50186062233809,0.24769359715729314,0.6157068981681645,0.6172768018482894,0.7795276701584588
chat_preview,photo,kodak_01,768,512,512,341,62,64,32,1,2888,11156,0.2588741484403012,4.79642,20.382035394092387,0.3616582888377131,0.7424790117799294,0.7483472868990718,0.8475612722286157
chat_preview,photo,kodak_01,768,512,512,341,62,64,32,2,5264,11156,0.4718537110075296,5.87492,21.77984488940185,0.5534821159126988,0.8657459611092753,0.8728928421293338,0.9136943573212785
chat_preview,photo,kodak_01,768,512,512,341,62,64,32,3,9187,11156,0.8235030476873432,5.54525,23.958096056730266,0.7320255945905215,0.9377452229407108,0.9461226563231759,0.9590132993412888
chat_preview,photo,kodak_01,768,512,512,341,62,64,32,4,11156,11156,1.0,6.69471,25.082494414075505,0.7812567958814305,0.9484035551265425,0.9567141482130779,0.9687922000595365
chat_preview,photo,kodak_01,768,512,512,341,62,64,64,0,3286,24265,0.13542138883165053,5.22679,20.41004937074975,0.3625152126838102,0.7444539678148775,0.751150243400566,0.8487693401745787
chat_preview,photo,kodak_01,768,512,512,341,62,64,64,1,7440,24265,0.3066144652792087,5.5185,21.91350211881394,0.5636424300026065,0.8728127607494379,0.8792167760749143,0.9180664341950394
chat_preview,photo,kodak_01,768,512,512,341,62,64,64,2,15248,24265,0.6283948073356687,6.13942,24.78103724207131,0.781499059756969,0.9594689438605051,0.9646586695883232,0.9692577409118559
chat_preview,photo,kodak_01,768,512,512,341,62,64,64,3,24265,24265,1.0,7.23037,29.26421499378105,0.907537672016427,0.9817255617314623,0.9866238833572395,0.9891139273350174
chat_preview,photo,kodak_01,768,512,512,341,63,64,32,0,1510,11613,0.1300266942219926,4.87529,19.501127312239404,0.2479203924267651,0.6158307077519359,0.6171647476644389,0.7791496264977539
chat_preview,photo,kodak_01,768,512,512,341,63,64,32,1,2958,11613,0.2547145440454663,5.44492,20.38302512248253,0.3621269245809012,0.7432051829197769,0.7486116287482532,0.8476026474817691
chat_preview,photo,kodak_01,768,512,512,341,63,64,32,2,5365,11613,0.46198226125893394,5.77075,21.783694264469755,0.5539550727297976,0.866214517641982,0.8730901407816692,0.9138225342053455
chat_preview,photo,kodak_01,768,512,512,341,63,64,32,3,9436,11613,0.812537673297167,5.5655,23.983470989498954,0.7349457657719349,0.9389332815964391,0.947067632467149,0.9594918907651029
chat_preview,photo,kodak_01,768,512,512,341,63,64,32,4,11613,11613,1.0,6.36821,25.176853993917913,0.787751744605278,0.9501652020866437,0.9582938917427933,0.9697175111937725
chat_preview,photo,kodak_01,768,512,512,341,63,64,64,0,3375,24967,0.13517843553490608,5.10954,20.40873014945074,0.36291725790236345,0.7448069082470878,0.7509444622928291,0.848716022987815
chat_preview,photo,kodak_01,768,512,512,341,63,64,64,1,7596,24967,0.30424159891056196,5.38717,21.91567720886902,0.5644962595617679,0.8735997898354496,0.879241533220079,0.9181479086590381
chat_preview,photo,kodak_01,768,512,512,341,63,64,64,2,15495,24967,0.6206192173669244,6.38512,24.784589558432735,0.7822468094087264,0.9600057309013006,0.9647686470442172,0.969458882103151
chat_preview,photo,kodak_01,768,512,512,341,63,64,64,3,24967,24967,1.0,7.78608,29.355001629114955,0.9099902102892145,0.982392741411998,0.986981730732228,0.9894887764057618
chat_preview,photo,kodak_01,768,512,512,341,64,64,32,0,1510,11830,0.12764158918005072,4.94779,19.501127312239404,0.2479203924267651,0.6158307077519359,0.6171647476644389,0.7791496264977539
chat_preview,photo,kodak_01,768,512,512,341,64,64,32,1,2958,11830,0.2500422654268808,5.20829,20.382963397989226,0.36211926100668695,0.7432011040414629,0.7486112858864001,0.8475986440174312
chat_preview,photo,kodak_01,768,512,512,341,64,64,32,2,5464,11830,0.46187658495350803,5.62617,21.791084801193477,0.5558146538249612,0.8667331054904411,0.8735947033821252,0.9142023729151897
chat_preview,photo,kodak_01,768,512,512,341,64,64,32,3,9552,11830,0.8074387151310228,5.62962,24.022092927359502,0.7368953072373028,0.9399020184860986,0.9478960731902403,0.9599959328503269
chat_preview,photo,kodak_01,768,512,512,341,64,64,32,4,11830,11830,1.0,6.88779,25.27796206573701,0.7919110381167779,0.9515879073144967,0.9596091524019664,0.970565076425695
chat_preview,photo,kodak_01,768,512,512,341,64,64,64,0,3375,25322,0.13328331095490087,5.35871,20.40873014945074,0.36291725790236345,0.7448069082470878,0.7509444622928291,0.848716022987815
chat_preview,photo,kodak_01,768,512,512,341,64,64,64,1,7596,25322,0.2999763051891636,5.52371,21.915679190971822,0.5644952055152982,0.8735996650643557,0.8792414966253477,0.9181479885366455
chat_preview,photo,kodak_01,768,512,512,341,64,64,64,2,15821,25322,0.6247926704051813,6.63912,24.80003977651386,0.7842452307525276,0.9604125337503026,0.9652169506786394,0.9695571808418726
chat_preview,photo,kodak_01,768,512,512,341,64,64,64,3,25322,25322,1.0,7.34354,29.486203373621525,0.9122159044890467,0.982921532592831,0.9875212379175379,0.9897843359763754
chat_preview,photo,kodak_01,768,512,512,341,65,64,32,0,1510,12196,0.12381108560183667,5.27233,19.501127312239404,0.2479203924267651,0.6158307077519359,0.6171647476644389,0.7791496264977539
chat_preview,photo,kodak_01,768,512,512,341,65,64,32,1,3029,12196,0.24836011807149885,5.03396,20.388608632872497,0.36337241195719444,0.7445401793958997,0.7499146681897307,0.848006553555968
chat_preview,photo,kodak_01,768,512,512,341,65,64,32,2,5549,12196,0.4549852410626435,5.23875,21.79462022754377,0.5568439887858324,0.867499765633367,0.8743085672665563,0.914372008008575
chat_preview,photo,kodak_01,768,512,512,341,65,64,32,3,9808,12196,0.8041980977369629,5.66125,24.052780176795064,0.7406601219670507,0.9412664600740405,0.9492645226921088,0.960382568757846
chat_preview,photo,kodak_01,768,512,512,341,65,64,32,4,12196,12196,1.0,6.70554,25.38351991712981,0.7974429621269118,0.9531975529618109,0.9612045880054383,0.9712342238695549
chat_preview,photo,kodak_01,768,512,512,341,65,64,64,0,3375,26138,0.12912235060065805,5.07967,20.40873014945074,0.36291725790236345,0.7448069082470878,0.7509444622928291,0.848716022987815
chat_preview,photo,kodak_01,768,512,512,341,65,64,64,1,7826,26138,0.2994108194965185,5.68171,21.913545366658333,0.5660435997172012,0.8743055327474846,0.8799498418730242,0.9182580091446945
chat_preview,photo,kodak_01,768,512,512,341,65,64,64,2,16082,26138,0.6152727829214171,6.38925,24.805355268763634,0.7851888882675003,0.9608438503905168,0.9656155751312204,0.9697533041243942
chat_preview,photo,kodak_01,768,512,512,341,65,64,64,3,26138,26138,1.0,8.22862,29.579965789243815,0.9149010579586786,0.983449963006923,0.9880759303092799,0.9900298080627071
chat_preview,photo,kodak_01,768,512,512,341,66,64,32,0,1510,12459,0.12119752789148407,4.96579,19.501127312239404,0.2479203924267651,0.6158307077519359,0.6171647476644389,0.7791496264977539
chat_preview,photo,kodak_01,768,512,512,341,66,64,32,1,3052,12459,0.24496348021510556,5.00592,20.388004478907412,0.36345610697682185,0.744562648362136,0.7500297146113692,0.8480346760305444
chat_preview,photo,kodak_01,768,512,512,341,66,64,32,2,5640,12459,0.45268480616421863,5.38708,21.808495233779585,0.5567932159644502,0.8680972512178973,0.8747644980032123,0.914988889553906
chat_preview,photo,kodak_01,768,512,512,341,66,64,32,3,9957,12459,0.7991813147122562,5.78871,24.089250617043596,0.7419190776183672,0.9422415865364479,0.9500491633839353,0.9609354990826108
chat_preview,photo,kodak_01,768,512,512,341,66,64,32,4,12459,12459,1.0,6.65696,25.488993944389698,0.8012766168145994,0.9546171999919485,0.9624806048797695,0.9721230952256039
chat_preview,photo,kodak_01,768,512,512,341,66,64,64,0,3375,26537,0.1271809172099333,5.36729,20.40873014945074,0.36291725790236345,0.7448069082470878,0.7509444622928291,0.848716022987815
chat_preview,photo,kodak_01,768,512,512,341,66,64,64,1,7925,26537,0.29863963522628784,5.05846,21.914301471160925,0.5659945176287859,0.8743073316076792,0.8800409337956789,0.9182808692355384
chat_preview,photo,kodak_01,768,512,512,341,66,64,64,2,16375,26537,0.6170629686852319,6.09567,24.821137034202515,0.7856389122652083,0.9611186517642687,0.9657541874927834,0.9697129126315447
chat_preview,photo,kodak_01,768,512,512,341,66,64,64,3,26537,26537,1.0,7.49283,29.74891555421435,0.9170822231464646,0.9840921832103434,0.9884606433399862,0.9904230716307127
chat_preview,photo,kodak_01,768,512,512,341,67,64,32,0,1510,12799,0.11797796702867412,4.77108,19.501127312239404,0.2479203924267651,0.6158307077519359,0.6171647476644389,0.7791496264977539
chat_preview,photo,kodak_01,768,512,512,341,67,64,32,1,3061,12799,0.2391593093210407,5.13254,20.38856672828208,0.36323319660155695,0.7443642683640368,0.74982261178387,0.8480194562034906
chat_preview,photo,kodak_01,768,512,512,341,67,64,32,2,5669,12799,0.44292522853347915,5.26879,21.81427492222266,0.5567268993770198,0.8682644720952712,0.8747734379282937,0.9151049017873658
chat_preview,photo,kodak_01,768,512,512,341,67,64,32,3,10167,12799,0.7943589342917415,5.86412,24.118826465908157,0.7450543521584697,0.9430257156484884,0.9506638976860328,0.9612421731509692
chat_preview,photo,kodak_01,768,512,512,341,67,64,32,4,12799,12799,1.0,6.82171,25.589505546819883,0.8064233373694196,0.9557263677662196,0.9634008676577073,0.9727388506017423
chat_preview,photo,kodak_01,768,512,512,341,67,64,64,0,3395,27333,0.12420883181502214,5.03262,20.40873014945074,0.36291725790236345,0.7448069082470878,0.7509444622928291,0.848716022987815
chat_preview,photo,kodak_01,768,512,512,341,67,64,64,1,7969,27333,0.29155233600409763,5.25629,21.914871479725754,0.5657903275824983,0.8742104412509532,0.8799490687276271,0.9182556006324856
chat_preview,photo,kodak_01,768,512,512,341,67,64,64,2,16504,27333,0.6038122416127026,6.41196,24.8287301234577,0.7857236233800945,0.9612020728258206,0.9657678149469867,0.9697717267280753
chat_preview,photo,kodak_01,768,512,512,341,67,64,64,3,27333,27333,1.0,7.90829,29.8589741995773,0.9194950917380926,0.9844954815802468,0.9888021984089904,0.9906537344084051
chat_preview,photo,kodak_01,768,512,512,341,68,64,32,0,1535,13022,0.11787743818153894,5.39658,19.50585593350945,0.24779700148160247,0.6158149178701811,0.6167997853676642,0.7787184527073208
chat_preview,photo,kodak_01,768,512,512,341,68,64,32,1,3094,13022,0.23759791122715404,5.35525,20.39481968088577,0.3631699939063691,0.7445071483548116,0.7495935887568894,0.847864982446684
chat_preview,photo,kodak_01,768,512,512,341,68,64,32,2,5702,13022,0.4378743664567655,5.72496,21.823128142799945,0.5568653391748318,0.8684664024160756,0.8747303749328226,0.9150819990404013
chat_preview,photo,kodak_01,768,512,512,341,68,64,32,3,10248,13022,0.7869758869605283,6.31954,24.167585583394832,0.7456916058372048,0.9437545105590663,0.9509921534262262,0.9616616493101665
chat_preview,photo,kodak_01,768,512,512,341,68,64,32,4,13022,13022,1.0,6.64837,25.72789458676851,0.8100134638240261,0.9569175404848668,0.9642416471574171,0.9737284307034485
chat_preview,photo,kodak_01,768,512,512,341,68,64,64,0,3498,27600,0.1267391304347826,5.02908,20.414870899300492,0.36327051225419277,0.7453000678565344,0.7508667616753352,0.8484895844581174
chat_preview,photo,kodak_01,768,512,512,341,68,64,64,1,8112,27600,0.29391304347826086,5.53879,21.921548277766234,0.5660473107397589,0.8744094144358451,0.8798222467948835,0.9180851901405647
chat_preview,photo,kodak_01,768,512,512,341,68,64,64,2,16647,27600,0.6031521739130434,6.22896,24.84830686493521,0.7860651982998336,0.9613769007588707,0.9657480499517003,0.9698011404418645
chat_preview,photo,kodak_01,768,512,512,341,68,64,64,3,27600,27600,1.0,7.58246,30.034840104440743,0.9210155246124193,0.9848444015826897,0.9889579876163306,0.9909670069371801
chat_preview,photo,kodak_01,768,512,512,341,69,64,32,0,1535,13641,0.11252840700828386,4.9435,19.50585593350945,0.24779700148160247,0.6158149178701811,0.6167997853676642,0.7787184527073208
chat_preview,photo,kodak_01,768,512,512,341,69,64,32,1,3094,13641,0.22681621581995454,4.95771,20.39489192232911,0.3631887771111652,0.744517160797554,0.7495961755682327,0.847868767022993
chat_preview,photo,kodak_01,768,512,512,341,69,64,32,2,5837,13641,0.42790118026537644,5.32187,21.832043933101495,0.5591978585807219,0.8694005391169104,0.8757970865760356,0.9159014668941802
chat_preview,photo,kodak_01,768,512,512,341,69,64,32,3,10571,13641,0.7749431859834323,5.67158,24.199800957917937,0.7499037955967408,0.9449452000363827,0.9523073417502707,0.9622759050926919
chat_preview,photo,kodak_01,768,512,512,341,69,64,32,4,13641,13641,1.0,6.64471,25.877191757959395,0.8189325101769601,0.9588347168368717,0.9664031664270963,0.9748812346822274
chat_preview,photo,kodak_01,768,512,512,341,69,64,64,0,3518,28809,0.12211461695997779,4.90921,20.414870899300492,0.36327051225419277,0.7453000678565344,0.7508667616753352,0.8484895844581174
chat_preview,photo,kodak_01,768,512,512,341,69,64,64,1,8132,28809,0.2822729008296019,5.39562,21.921536686644924,0.5660477217242653,0.8744072387001456,0.8798214610139206,0.9180841694301615
chat_preview,photo,kodak_01,768,512,512,341,69,64,64,2,17167,28809,0.5958901732097608,6.69475,24.864929772675275,0.7880261594486857,0.9619923371032355,0.9663808007072057,0.9700524927389161
chat_preview,photo,kodak_01,768,512,512,341,69,64,64,3,28809,28809,1.0,7.71,30.177745552397926,0.9244272686189611,0.9854526457583153,0.989615071316013,0.9912333229798037
chat_preview,photo,kodak_01,768,512,512,341,70,64,32,0,1555,13854,0.11224195178287859,4.79396,19.50585593350945,0.24779700148160247,0.6158149178701811,0.6167997853676642,0.7787184527073208
chat_preview,photo,kodak_01,768,512,512,341,70,64,32,1,3132,13854,0.22607189259419663,4.718,20.394247252179618,0.36338679319378264,0.7445922665162502,0.7496708176991248,0.8478253344821952
chat_preview,photo,kodak_01,768,512,512,341,70,64,32,2,5881,13854,0.42449833982965207,5.23979,21.833490575914873,0.5592633150458916,0.8694220169778636,0.8757552845650562,0.9158880033295134
chat_preview,photo,kodak_01,768,512,512,341,70,64,32,3,10652,13854,0.7688754150425869,5.81912,24.22944774376186,0.7502397841357967,0.9453913719907144,0.9526063200830358,0.962574204294702
chat_preview,photo,kodak_01,768,512,512,341,70,64,32,4,13854,13854,1.0,6.51371,25.987184871492737,0.8223200482596456,0.9597671460438478,0.9671834051286731,0.9752788825371137
chat_preview,photo,kodak_01,768,512,512,341,70,64,64,0,3518,28939,0.12156605273160787,4.86412,20.414870899300492,0.36327051225419277,0.7453000678565344,0.7508667616753352,0.8484895844581174
chat_preview,photo,kodak_01,768,512,512,341,70,64,64,1,8201,28939,0.2833891979681399,5.37842,21.92298988677264,0.5663376897660467,0.8745976971919672,0.8800050906662129,0.9181665698898236
chat_preview,photo,kodak_01,768,512,512,341,70,64,64,2,17257,28939,0.596323300736031,6.44996,24.869988138333397,0.788168953535839,0.9620662591829537,0.9664529435144305,0.9700960626807192
chat_preview,photo,kodak_01,768,512,512,341,70,64,64,3,28939,28939,1.0,7.46125,30.313571396541647,0.9256857687324452,0.9856863420348279,0.9898288747125386,0.9914564194663247
chat_preview,photo,kodak_01,768,512,512,341,71,64,32,0,1610,14439,0.11150356672899785,4.79654,19.499147278531506,0.2477591472029711,0.6160433422293426,0.6169696678092448,0.7787691540265637
chat_preview,photo,kodak_01,768,512,512,341,71,64,32,1,3255,14439,0.22543112403906088,4.93321,20.393588032576268,0.3626125665506166,0.7439722977188662,0.749231971271857,0.8480204894717582
chat_preview,photo,kodak_01,768,512,512,341,71,64,32,2,6087,14439,0.42156659048410555,5.33637,21.838540819494618,0.5580537655221196,0.869110531094123,0.8752968769021908,0.9158621490454143
chat_preview,photo,kodak_01,768,512,512,341,71,64,32,3,11062,14439,0.7661195373640833,6.31779,24.272532625129667,0.753139695921245,0.9469704881233175,0.9537559331935874,0.9632568044809394
chat_preview,photo,kodak_01,768,512,512,341,71,64,32,4,14439,14439,1.0,7.09792,26.13155345667287,0.8277772730440981,0.9617283289457822,0.9687231823421841,0.976467927404556
chat_preview,photo,kodak_01,768,512,512,341,71,64,64,0,3712,30502,0.1216969379057111,4.90154,20.407626767135678,0.3631928614629533,0.7454922462292002,0.7510404394009348,0.8486186052438862
chat_preview,photo,kodak_01,768,512,512,341,71,64,64,1,8716,30502,0.28575175398334535,5.37704,21.92388831307143,0.5653433676437621,0.874483230413763,0.8799543591341084,0.9181289467347358
chat_preview,photo,kodak_01,768,512,512,341,71,64,64,2,18057,30502,0.5919939676086814,6.603,24.89397810769104,0.7885926213416387,0.9627499019382203,0.9668244254059525,0.9703665710561207
chat_preview,photo,kodak_01,768,512,512,341,71,64,64,3,30502,30502,1.0,7.84808,30.529992284665745,0.9294203868709298,0.9869328508330911,0.9906852090593227,0.9920660149919371
chat_preview,photo,kodak_01,768,512,512,341,72,64,32,0,1630,14693,0.11093718097053018,4.63279,19.499147278531506,0.2477591472029711,0.6160433422293426,0.6169696678092448,0.7787691540265637
chat_preview,photo,kodak_01,768,512,512,341,72,64,32,1,3275,14693,0.22289525624447015,4.90238,20.393677467793268,0.3626202606403857,0.7439751815732771,0.7492441568735922,0.8480206691140486
chat_preview,photo,kodak_01,768,512,512,341,72,64,32,2,6107,14693,0.4156401007282379,5.45854,21.838327624878207,0.5581156292452669,0.8691517038004859,0.8753023513123535,0.9158869646268003
chat_preview,photo,kodak_01,768,512,512,341,72,64,32,3,11143,14693,0.758388348193017,6.15771,24.28091171948202,0.7536444466448887,0.947140698832098,0.9539025917098326,0.9633337609853462
chat_preview,photo,kodak_01,768,512,512,341,72,64,32,4,14693,14693,1.0,6.84342,26.2238118440025,0.8311356292788856,0.9623671742623827,0.9693161672842531,0.9769665255999495
chat_preview,photo,kodak_01,768,512,512,341,72,64,64,0,3712,30619,0.1212319148241288,5.03471,20.407626767135678,0.3631928614629533,0.7454922462292002,0.7510404394009348,0.8486186052438862
chat_preview,photo,kodak_01,768,512,512,341,72,64,64,1,8716,30619,0.28465985172605246,5.52408,21.92391778323603,0.565351525162566,0.8744828276830594,0.879954585564894,0.9181280563745619
chat_preview,photo,kodak_01,768,512,512,341,72,64,64,2,18057,30619,0.5897318658349391,6.64729,24.894242908882468,0.7886116564020641,0.9627564036226272,0.966825850371498,0.9703700067008496
chat_preview,photo,kodak_01,768,512,512,341,72,64,64,3,30619,30619,1.0,7.87454,30.55168807432951,0.92973894855642,0.9869709019373508,0.990721344665648,0.9920945258554638
chat_preview,photo,kodak_01,768,512,512,341,73,64,32,0,1676,15027,0.11153257469887536,4.92754,19.499727110439434,0.2480041684921294,0.6164801667981294,0.6177918543282936,0.7795899452406354
chat_preview,photo,kodak_01,768,512,512,341,73,64,32,1,3347,15027,0.2227324149863579,5.06771,20.396429373302936,0.36288878322337365,0.7444352130723986,0.7497060807832829,0.8487162867508847
chat_preview,photo,kodak_01,768,512,512,341,73,64,32,2,6203,15027,0.41279031077394024,5.30938,21.842670221312652,0.5582472190594095,0.8695022985106472,0.8756340758050738,0.9163295855689513
chat_preview,photo,kodak_01,768,512,512,341,73,64,32,3,11315,15027,0.7529779729819658,5.90483,24.31271673390936,0.754517917176548,0.9477531149963726,0.9542899284745884,0.9638284489946973
chat_preview,photo,kodak_01,768,512,512,341,73,64,32,4,15027,15027,1.0,6.89608,26.393554554597408,0.8352893376178413,0.9635384902121581,0.9702181549507487,0.9778581576901005
chat_preview,photo,kodak_01,768,512,512,341,73,64,64,0,3810,30993,0.12293098441583583,5.00471,20.408216651258076,0.3631851856527717,0.7455305450412325,0.7513733518104325,0.8490311214593405
chat_preview,photo,kodak_01,768,512,512,341,73,64,64,1,8876,30993,0.286387248733585,5.77679,21.927406088015246,0.5656878289316533,0.8747788563215216,0.8802232293244897,0.9184172660082737
chat_preview,photo,kodak_01,768,512,512,341,73,64,64,2,18272,30993,0.589552479592166,6.86921,24.90079665650846,0.7892568198411883,0.9631162542384321,0.9669909171688205,0.9705569978599657
chat_preview,photo,kodak_01,768,512,512,341,73,64,64,3,30993,30993,1.0,8.19825,30.720423854395584,0.931830356285809,0.9876190429333164,0.9910676378727135,0.9924485046165834
chat_preview,photo,kodak_01,768,512,512,341,74,64,32,0,1676,15578,0.10758762357170369,4.80721,19.499727110439434,0.2480041684921294,0.6164801667981294,0.6177918543282936,0.7795899452406354
chat_preview,photo,kodak_01,768,512,512,341,74,64,32,1,3347,15578,0.2148542816792913,4.91592,20.396429373302936,0.36288878322337365,0.7444352130723986,0.7497060807832829,0.8487162867508847
chat_preview,photo,kodak_01,768,512,512,341,74,64,32,2,6359,15578,0.40820387726280655,5.73637,21.84429576929775,0.5609144537243842,0.8703888481319125,0.8765611946483862,0.9163452220562438
chat_preview,photo,kodak_01,768,512,512,341,74,64,32,3,11681,15578,0.749839517267942,5.78062,24.34908994352785,0.7587091213089626,0.9492444708650293,0.9558303479003233,0.9641617377765211
chat_preview,photo,kodak_01,768,512,512,341,74,64,32,4,15578,15578,1.0,7.16275,26.54157941801012,0.8412744930789167,0.9653592322366515,0.9720890544591907,0.9788626883132244
chat_preview,photo,kodak_01,768,512,512,341,74,64,64,0,3810,32334,0.11783262200779365,4.72921,20.408216651258076,0.3631851856527717,0.7455305450412325,0.7513733518104325,0.8490311214593405
chat_preview,photo,kodak_01,768,512,512,341,74,64,64,1,8876,32334,0.27450980392156865,5.13942,21.927406088015246,0.5656878289316533,0.8747788563215216,0.8802232293244897,0.9184172660082737
chat_preview,photo,kodak_01,768,512,512,341,74,64,64,2,18831,32334,0.5823900538133234,11.5506,24.9139253575499,0.7913548510960391,0.9636993274557689,0.9676612359006541,0.9709612199405775
chat_preview,photo,kodak_01,768,512,512,341,74,64,64,3,32334,32334,1.0,7.73567,30.886150302649185,0.935014877447261,0.9880396271308861,0.9916310282793208,0.9927304345639122
chat_preview,photo,kodak_01,768,512,512,341,75,64,32,0,1676,15945,0.10511132016306052,4.82429,19.499727110439434,0.2480041684921294,0.6164801667981294,0.6177918543282936,0.7795899452406354
chat_preview,photo,kodak_01,768,512,512,341,75,64,32,1,3396,15945,0.2129821260583255,5.08117,20.396010149119846,0.3626979556912507,0.744217226325102,0.7498679611406333,0.848597656548278
chat_preview,photo,kodak_01,768,512,512,341,75,64,32,2,6431,15945,0.4033239259956099,5.54183,21.848184358374766,0.5610212181561125,0.8704211911852727,0.8767092504256108,0.9164568995218761
chat_preview,photo,kodak_01,768,512,512,341,75,64,32,3,11847,15945,0.742991533396049,6.31817,24.375238702256638,0.7597406352966728,0.9498410172627745,0.9562966342686978,0.9644651767315972
chat_preview,photo,kodak_01,768,512,512,341,75,64,32,4,15945,15945,1.0,7.26254,26.680769908876858,0.8452336464370865,0.9663743815357998,0.9729731646216775,0.9795824041636831
chat_preview,photo,kodak_01,768,512,512,341,75,64,64,0,3810,32784,0.11621522693997072,5.27321,20.408216651258076,0.3631851856527717,0.7455305450412325,0.7513733518104325,0.8490311214593405
chat_preview,photo,kodak_01,768,512,512,341,75,64,64,1,9030,32784,0.27543923865300146,5.58446,21.925623680002925,0.5655132279164322,0.874608939435981,0.8803331258410461,0.9180290278136475
chat_preview,photo,kodak_01,768,512,512,341,75,64,64,2,19032,32784,0.5805270863836017,6.50929,24.91363460801344,0.7913157186857539,0.963733366338608,0.9677050373098701,0.9707833838034272
chat_preview,photo,kodak_01,768,512,512,341,75,64,64,3,32784,32784,1.0,8.30471,31.040893789787923,0.9365977413777795,0.988409100379036,0.9918052835811776,0.9929678184024981
chat_preview,photo,kodak_01,768,512,512,341,76,64,32,0,1676,16486,0.1016620162562174,5.29575,19.499727110439434,0.2480041684921294,0.6164801667981294,0.6177918543282936,0.7795899452406354
chat_preview,photo,kodak_01,768,512,512,341,76,64,32,1,3401,16486,0.20629625136479438,12.0042,20.396002899314173,0.36269477752077933,0.7442340459975215,0.7498712792329822,0.8486101353467567
chat_preview,photo,kodak_01,768,512,512,341,76,64,32,2,6507,16486,0.3946985320878321,5.36171,21.85826482784487,0.5600886489470639,0.8706164590750959,0.8767685541701197,0.916604163554193
chat_preview,photo,kodak_01,768,512,512,341,76,64,32,3,12165,16486,0.7378988232439646,6.4655,24.40794991225921,0.7622920545509703,0.9507763357072984,0.9572123973224443,0.9647003517188592
chat_preview,photo,kodak_01,768,512,512,341,76,64,32,4,16486,16486,1.0,6.74767,26.83331931899041,0.8502432657844494,0.9676959975198854,0.9742515788024692,0.9804344313654731
chat_preview,photo,kodak_01,768,512,512,341,76,64,64,0,3810,33956,0.11220402874307928,5.07662,20.408216651258076,0.3631851856527717,0.7455305450412325,0.7513733518104325,0.8490311214593405
chat_preview,photo,kodak_01,768,512,512,341,76,64,64,1,9041,33956,0.26625633172340674,5.80796,21.925619925241566,0.5654966875604163,0.8746013358951515,0.8803286936182205,0.9180261740111524
chat_preview,photo,kodak_01,768,512,512,341,76,64,64,2,19273,33956,0.5675874661326422,6.53617,24.92936213123961,0.7910472491778567,0.9637779118642883,0.9676535915612356,0.9707602346148919
chat_preview,photo,kodak_01,768,512,512,341,76,64,64,3,33956,33956,1.0,7.83267,31.271284595135718,0.9397731452205292,0.9890536541244815,0.9923557829152095,0.9933582153512442
chat_preview,photo,kodak_01,768,512,512,341,77,64,32,0,1676,16911,0.09910709005972444,5.18217,19.499727110439434,0.2480041684921294,0.6164801667981294,0.6177918543282936,0.7795899452406354
chat_preview,photo,kodak_01,768,512,512,341,77,64,32,1,3494,16911,0.2066110815445568,5.10583,20.395076574294002,0.3636741079874781,0.7451862070408465,0.7508515526132507,0.8487538075053621
chat_preview,photo,kodak_01,768,512,512,341,77,64,32,2,6669,16911,0.3943587014369345,5.864,21.861088768444912,0.5613382810929252,0.8714332699436277,0.8775629640809683,0.9168666618953298
chat_preview,photo,kodak_01,768,512,512,341,77,64,32,3,12364,16911,0.731121755070664,5.77442,24.438481933932476,0.7633307973567959,0.9515762562558571,0.9579011563776346,0.9650611790078331
chat_preview,photo,kodak_01,768,512,512,341,77,64,32,4,16911,16911,1.0,6.79825,26.989898383386873,0.8544472298578055,0.9690633926842401,0.975476569010876,0.9812529113527388
chat_preview,photo,kodak_01,768,512,512,341,77,64,64,0,3810,34576,0.11019204072188801,5.00183,20.408216651258076,0.3631851856527717,0.7455305450412325,0.7513733518104325,0.8490311214593405
chat_preview,photo,kodak_01,768,512,512,341,77,64,64,1,9405,34576,0.27200948634891253,5.41854,21.924109642073702,0.5673733389792249,0.8751409922901338,0.8809281484345056,0.9182178446039845
chat_preview,photo,kodak_01,768,512,512,341,77,64,64,2,19822,34576,0.5732878297084683,6.47696,24.936145789201206,0.7922739207639808,0.9640984596066701,0.9680008682164446,0.9709663680474523
chat_preview,photo,kodak_01,768,512,512,341,77,64,64,3,34576,34576,1.0,8.16117,31.457665152769753,0.9417669066641013,0.9894894690349941,0.9927131636332663,0.993663689735995
chat_preview,photo,kodak_01,768,512,512,341,78,64,32,0,1719,17686,0.09719552188171435,5.37271,19.50176859793337,0.24804118035219092,0.6168070806008004,0.6173458135934647,0.7797745856868514
chat_preview,photo,kodak_01,768,512,512,341,78,64,32,1,3544,17686,0.20038448490331334,5.38404,20.398535913245887,0.363883884968549,0.7456728973273101,0.7505603656467135,0.8488838389194847
chat_preview,photo,kodak_01,768,512,512,341,78,64,32,2,6728,17686,0.38041388669003734,5.69833,21.86753522940591,0.561487390348682,0.8718440018662726,0.8774713431211077,0.9169681004019203
chat_preview,photo,kodak_01,768,512,512,341,78,64,32,3,12671,17686,0.7164423838064006,5.91012,24.479718255370653,0.7662035279226478,0.9527361099465592,0.9588395117159951,0.9654424927429691
chat_preview,photo,kodak_01,768,512,512,341,78,64,32,4,17686,17686,1.0,6.45137,27.227613584609287,0.8615577337898846,0.970779382410983,0.9770167066668404,0.9823869467633192
chat_preview,photo,kodak_01,768,512,512,341,78,64,64,0,3944,35718,0.1104205162663083,5.48787,20.409281763599083,0.36337023111439803,0.745793553242785,0.7511675700426678,0.8491018651239043
chat_preview,photo,kodak_01,768,512,512,341,78,64,64,1,9551,35718,0.26740019038020046,5.39062,21.929874482547852,0.567828886448486,0.8754938447024362,0.880831544638098,0.918539937503967
chat_preview,photo,kodak_01,768,512,512,341,78,64,64,2,20001,35718,0.559969763144633,7.02412,24.949676537857005,0.7926238203804741,0.9643241494570317,0.968001700692893,0.9711651860703812
chat_preview,photo,kodak_01,768,512,512,341,78,64,64,3,35718,35718,1.0,8.23888,31.679712256802553,0.944481829913668,0.9899718023953469,0.9930315988259936,0.9939488714313576
chat_preview,photo,kodak_01,768,512,512,341,79,64,32,0,1719,18241,0.09423825448166219,4.69433,19.50176859793337,0.24804118035219092,0.6168070806008004,0.6173458135934647,0.7797745856868514
chat_preview,photo,kodak_01,768,512,512,341,79,64,32,1,3562,18241,0.19527438188695795,4.89337,20.39878655487765,0.3638517348992994,0.7456650830318258,0.7506120157522205,0.8488890489931251
chat_preview,photo,kodak_01,768,512,512,341,79,64,32,2,6928,18241,0.379803738830108,5.37433,21.874326458033515,0.5637109465355296,0.8724405672750623,0.878229274628947,0.9174521949600295
chat_preview,photo,kodak_01,768,512,512,341,79,64,32,3,12980,18241,0.711583794748095,6.11342,24.517834298605766,0.7679534389863938,0.9536255741253962,0.9595892170818673,0.9660564522166238
chat_preview,photo,kodak_01,768,512,512,341,79,64,32,4,18241,18241,1.0,7.36208,27.40874637791756,0.8661156975468721,0.9720648051520827,0.9780926816025522,0.983155270700409
chat_preview,photo,kodak_01,768,512,512,341,79,64,64,0,3944,36712,0.10743081281324908,5.34237,20.409281763599083,0.36337023111439803,0.745793553242785,0.7511675700426678,0.8491018651239043
chat_preview,photo,kodak_01,768,512,512,341,79,64,64,1,9572,36712,0.26073218566136414,5.954,21.92989739119424,0.5678239536675626,0.875493935043996,0.8808385705862576,0.9185394538103386
chat_preview,photo,kodak_01,768,512,512,341,79,64,64,2,20682,36712,0.5633580300719111,6.94908,24.963288518620715,0.79408569538057,0.9646275241220494,0.9683380632718542,0.9711835393738031
chat_preview,photo,kodak_01,768,512,512,341,79,64,64,3,36712,36712,1.0,8.10929,31.92969682532486,0.9469248683777575,0.9904620775380293,0.9934804933005201,0.9942981576722598
chat_preview,photo,kodak_01,768,512,512,341,80,64,32,0,1719,18943,0.09074592197645569,4.86604,19.50176859793337,0.24804118035219092,0.6168070806008004,0.6173458135934647,0.7797745856868514
chat_preview,photo,kodak_01,768,512,512,341,80,64,32,1,3665,18943,0.19347516232909254,5.11238,20.401198133158815,0.3635025628806872,0.7453845065711863,0.7507958795887819,0.8490073978668997
chat_preview,photo,kodak_01,768,512,512,341,80,64,32,2,7067,18943,0.37306656812542893,5.47262,21.87638943480131,0.5638870564736037,0.8724604242489304,0.8783020419448947,0.917575005077541
chat_preview,photo,kodak_01,768,512,512,341,80,64,32,3,13393,18943,0.7070157841946894,6.63658,24.537317455599155,0.770757122380728,0.9544098723806606,0.9603725720057341,0.966405386650604
chat_preview,photo,kodak_01,768,512,512,341,80,64,32,4,18943,18943,1.0,7.45646,27.559008241939907,0.871027278945624,0.9731484837690177,0.9791233691411863,0.9837521048118635
chat_preview,photo,kodak_01,768,512,512,341,80,64,64,0,3944,38230,0.10316505362280931,5.04596,20.409281763599083,0.36337023111439803,0.745793553242785,0.7511675700426678,0.8491018651239043
chat_preview,photo,kodak_01,768,512,512,341,80,64,64,1,9898,38230,0.25890661783939317,5.43512,21.929464295052014,0.5673172753655812,0.8752951718601775,0.8809091773654132,0.9184595832574037
chat_preview,photo,kodak_01,768,512,512,341,80,64,64,2,21145,38230,0.5530996599529165,7.07737,24.969480548492605,0.7944885175250848,0.9647571147778956,0.9684499791916237,0.9712180956688131
chat_preview,photo,kodak_01,768,512,512,341,80,64,64,3,38230,38230,1.0,8.79,32.117460350480265,0.949491068893177,0.9908876327400864,0.993812393705795,0.9945588430277442
chat_preview,photo,kodak_01,768,512,512,341,81,64,32,0,1719,19502,0.08814480566095785,5.08208,19.50176859793337,0.24804118035219092,0.6168070806008004,0.6173458135934647,0.7797745856868514
chat_preview,photo,kodak_01,768,512,512,341,81,64,32,1,3678,19502,0.18859604143164804,5.24987,20.40120895795358,0.3635132078231691,0.7453732215809062,0.7507701978333239,0.8490086889284418
chat_preview,photo,kodak_01,768,512,512,341,81,64,32,2,7211,19502,0.36975694800533276,5.31854,21.8843190102723,0.562785050424384,0.8723902133366135,0.87809314353754,0.9176784883299081
chat_preview,photo,kodak_01,768,512,512,341,81,64,32,3,13662,19502,0.7005435339965131,6.56783,24.580196115383707,0.7716683249162561,0.9551961796242491,0.9608005787476396,0.9667963801211963
chat_preview,photo,kodak_01,768,512,512,341,81,64,32,4,19502,19502,1.0,7.08804,27.758170404579225,0.8753589063132609,0.9745601375886094,0.9801110138577732,0.984654641934677
chat_preview,photo,kodak_01,768,512,512,341,81,64,64,0,3944,39057,0.1009806180710244,5.32267,20.409281763599083,0.36337023111439803,0.745793553242785,0.7511675700426678,0.8491018651239043
chat_preview,photo,kodak_01,768,512,512,341,81,64,64,1,9925,39057,0.25411577950175385,5.3515,21.929565307186465,0.5672991836955439,0.8752863930323352,0.8809191951338474,0.9184620550157895
chat_preview,photo,kodak_01,768,512,512,341,81,64,64,2,21612,39057,0.5533451109916276,6.77671,24.979400248414734,0.7943321445779904,0.9649126888168084,0.9685279388711932,0.9713492582447159
chat_preview,photo,kodak_01,768,512,512,341,81,64,64,3,39057,39057,1.0,8.45217,32.42269524236541,0.951997356502371,0.9914294372310476,0.9941575714499686,0.9949175272799985
chat_preview,photo,kodak_01,768,512,512,341,82,64,32,0,1739,20152,0.08629416435093291,5.11554,19.50176859793337,0.24804118035219092,0.6168070806008004,0.6173458135934647,0.7797745856868514
chat_preview,photo,kodak_01,768,512,512,341,82,64,32,1,3698,20152,0.18350535926955142,5.82904,20.40120895795358,0.3635132078231691,0.7453732215809062,0.7507701978333239,0.8490086889284418
chat_preview,photo,kodak_01,768,512,512,341,82,64,32,2,7247,20152,0.35961691147280667,5.70492,21.883857516775535,0.5628541183610777,0.8724242555188043,0.8780736244702879,0.917641966704443
chat_preview,photo,kodak_01,768,512,512,341,82,64,32,3,13985,20152,0.6939757840412862,6.28762,24.60989196393335,0.7743814606613016,0.9560536833597081,0.9616900813667899,0.9672720084250742
chat_preview,photo,kodak_01,768,512,512,341,82,64,32,4,20152,20152,1.0,7.46475,27.983678136190267,0.8808076796991123,0.9755123605677629,0.9810848467092368,0.9852879319914252
chat_preview,photo,kodak_01,768,512,512,341,82,64,64,0,3944,40220,0.09806066633515664,5.74463,20.409281763599083,0.36337023111439803,0.745793553242785,0.7511675700426678,0.8491018651239043
chat_preview,photo,kodak_01,768,512,512,341,82,64,64,1,9925,40220,0.24676777722526105,5.60754,21.929565307186465,0.5672991836955439,0.8752863930323352,0.8809191951338474,0.9184620550157895
chat_preview,photo,kodak_01,768,512,512,341,82,64,64,2,21612,40220,0.5373446046742913,6.81508,24.980050125717334,0.794365210604493,0.9649246575368432,0.9685262851977193,0.971356327070689
chat_preview,photo,kodak_01,768,512,512,341,82,64,64,3,40220,40220,1.0,8.67958,32.63974201413876,0.9542606149321876,0.9916770449418021,0.9944207525296325,0.9950943870948559
chat_preview,photo,kodak_01,768,512,512,341,83,64,32,0,1906,21002,0.0907532615941339,4.96833,19.509635057777107,0.24795334642087416,0.6168653477516864,0.6177394980120892,0.779808535406425
chat_preview,photo,kodak_01,768,512,512,341,83,64,32,1,3983,21002,0.18964860489477192,5.12263,20.409977885729905,0.36334715313872845,0.7453844825633786,0.7505543134942552,0.8489306007764631
chat_preview,photo,kodak_01,768,512,512,341,83,64,32,2,7616,21002,0.3626321302733073,5.45246,21.900440096778645,0.5634095260868383,0.8727614440511484,0.878171355833334,0.9178568937536563
chat_preview,photo,kodak_01,768,512,512,341,83,64,32,3,14445,21002,0.6877916388915342,6.159,24.652147325717543,0.7751240847985056,0.9568972513633853,0.9620532795492689,0.9679015609586292
chat_preview,photo,kodak_01,768,512,512,341,83,64,32,4,21002,21002,1.0,7.36321,28.195603805871315,0.8853549036536847,0.9769540799169733,0.9820342064918148,0.9860666291478726
chat_preview,photo,kodak_01,768,512,512,341,83,64,64,0,4499,41591,0.1081724411531341,4.96329,20.41884830327585,0.36354536404915105,0.7460196770814372,0.7513973101030287,0.8492319704246541
chat_preview,photo,kodak_01,768,512,512,341,83,64,64,1,10923,41591,0.26262893414440625,6.13308,21.944746809995607,0.5668451495805026,0.8754298786851981,0.8807183674434125,0.9184941781493309
chat_preview,photo,kodak_01,768,512,512,341,83,64,64,2,22850,41591,0.5493977062345219,6.98742,25.000408596049382,0.7950406042917374,0.9654380718183737,0.968806171313451,0.9715102452034957
chat_preview,photo,kodak_01,768,512,512,341,83,64,64,3,41591,41591,1.0,8.51425,32.93259797036945,0.9566895942091259,0.9924561423099392,0.9949121088916655,0.9954959339950838
chat_preview,photo,kodak_01,768,512,512,341,84,64,32,0,1906,21941,0.08686933138872431,5.37892,19.509635057777107,0.24795334642087416,0.6168653477516864,0.6177394980120892,0.779808535406425
chat_preview,photo,kodak_01,768,512,512,341,84,64,32,1,4001,21941,0.18235267307779957,5.15108,20.410147315966253,0.3633200499932319,0.7453641144960406,0.7505537274591708,0.8489455748509696
chat_preview,photo,kodak_01,768,512,512,341,84,64,32,2,7835,21941,0.35709402488491865,5.59371,21.900250465770668,0.5645101345952459,0.87338155517844,0.878725154017114,0.9180900947084882
chat_preview,photo,kodak_01,768,512,512,341,84,64,32,3,14966,21941,0.682102000820382,6.08867,24.68370679669951,0.777665400765839,0.9581020053347741,0.9632473691033687,0.9686859533603339
chat_preview,photo,kodak_01,768,512,512,341,84,64,32,4,21941,21941,1.0,7.34042,28.38735946366318,0.8904951318865585,0.9782055305661789,0.9833181028632217,0.9867212517419286
chat_preview,photo,kodak_01,768,512,512,341,84,64,64,0,4499,43649,0.10307223533185182,5.16754,20.41884830327585,0.36354536404915105,0.7460196770814372,0.7513973101030287,0.8492319704246541
chat_preview,photo,kodak_01,768,512,512,341,84,64,64,1,10971,43649,0.2513459643978098,5.72275,21.94466547767846,0.5668322623778397,0.8754224609424343,0.880724350360534,0.91849288103417
chat_preview,photo,kodak_01,768,512,512,341,84,64,64,2,23699,43649,0.5429448555522464,7.23517,25.010510348409124,0.7964676134253997,0.9658938216121963,0.969301349474562,0.9717134360300502
chat_preview,photo,kodak_01,768,512,512,341,84,64,64,3,43649,43649,1.0,8.56325,33.197158940022746,0.9594912084760207,0.9929039367732133,0.9954170028915638,0.9957501314628636
chat_preview,photo,kodak_01,768,512,512,341,85,64,32,0,1906,22805,0.08357816268362202,4.9685,19.509635057777107,0.24795334642087416,0.6168653477516864,0.6177394980120892,0.779808535406425
chat_preview,photo,kodak_01,768,512,512,341,85,64,32,1,4107,22805,0.1800920850690638,4.93712,20.408932833693306,0.3629837017003729,0.7450418262221034,0.7508261762502719,0.8487742115221525
chat_preview,photo,kodak_01,768,512,512,341,85,64,32,2,8060,22805,0.3534312650734488,5.8675,21.901740895173667,0.5645412389262637,0.8733130806428052,0.878973992725061,0.9179837683885319
chat_preview,photo,kodak_01,768,512,512,341,85,64,32,3,15341,22805,0.672703354527516,8.61212,24.7170411565474,0.7784407297632375,0.9586455306726632,0.9636388431409377,0.9689349506295677
chat_preview,photo,kodak_01,768,512,512,341,85,64,32,4,22805,22805,1.0,7.76054,28.61679485459451,0.8949216912911403,0.9793882984801164,0.9842134625824281,0.9875302670585847
chat_preview,photo,kodak_01,768,512,512,341,85,64,64,0,4499,44811,0.1003994554908393,4.84833,20.41884830327585,0.36354536404915105,0.7460196770814372,0.7513973101030287,0.8492319704246541
chat_preview,photo,kodak_01,768,512,512,341,85,64,64,1,11375,44811,0.253843922251233,5.72037,21.945725591082148,0.566446972796839,0.8752783108415766,0.8810471741344962,0.918702594476236
chat_preview,photo,kodak_01,768,512,512,341,85,64,64,2,24371,44811,0.5438619981700922,6.83583,25.01739168885475,0.7968213862917373,0.9660805239972658,0.9694596199839457,0.9719045718988454
chat_preview,photo,kodak_01,768,512,512,341,85,64,64,3,44811,44811,1.0,8.85463,33.51933995948132,0.9617763681300379,0.993388666511844,0.9956713627383245,0.9960544378306969
chat_preview,photo,kodak_01,768,512,512,341,86,64,32,0,1906,24213,0.07871804402593648,4.97254,19.509635057777107,0.24795334642087416,0.6168653477516864,0.6177394980120892,0.779808535406425
chat_preview,photo,kodak_01,768,512,512,341,86,64,32,1,4127,24213,0.17044562838144797,5.28971,20.40937718337998,0.36303564935304644,0.7450764379677383,0.7508453011873248,0.8487949888037004
chat_preview,photo,kodak_01,768,512,512,341,86,64,32,2,8206,24213,0.3389088506174369,5.75971,21.91184363239813,0.56411003141067,0.8732699363529748,0.8788232769351576,0.918107916422464
chat_preview,photo,kodak_01,768,512,512,341,86,64,32,3,15823,24213,0.6534919258249701,6.13058,24.749867652422015,0.7810038108984863,0.9593952634330026,0.9642937017981347,0.9691968875528038
chat_preview,photo,kodak_01,768,512,512,341,86,64,32,4,24213,24213,1.0,7.56233,28.912278665163655,0.902098607549747,0.9806923660543801,0.9854572776323637,0.988397240453427
chat_preview,photo,kodak_01,768,512,512,341,86,64,64,0,4499,46634,0.09647467512973366,5.19796,20.41884830327585,0.36354536404915105,0.7460196770814372,0.7513973101030287,0.8492319704246541
chat_preview,photo,kodak_01,768,512,512,341,86,64,64,1,11430,46634,0.24510014152764079,5.55233,21.945625180331998,0.5664339566611201,0.8752492122560022,0.8810455886824166,0.9186895100067083
chat_preview,photo,kodak_01,768,512,512,341,86,64,64,2,24819,46634,0.5322082600677617,7.06817,25.026696714029953,0.7965923317686744,0.9660936966607556,0.9693809611650295,0.9719097729081522
chat_preview,photo,kodak_01,768,512,512,341,86,64,64,3,46634,46634,1.0,8.72217,33.79555813989655,0.964316766023341,0.9937760613375936,0.9959820430587508,0.9962641302457046
chat_preview,photo,kodak_01,768,512,512,341,87,64,32,0,1986,25141,0.07899447118253053,4.88308,19.513242158265864,0.2478615114538603,0.6167451085221773,0.6174268857252933,0.7798426430397548
chat_preview,photo,kodak_01,768,512,512,341,87,64,32,1,4242,25141,0.1687283719820214,4.92796,20.414102537745983,0.36323326064681405,0.7453102188073152,0.7505996854336737,0.848895299703465
chat_preview,photo,kodak_01,768,512,512,341,87,64,32,2,8396,25141,0.3339564854222187,5.23108,21.921408571089067,0.5643552216572911,0.8735469191122868,0.8787827445439651,0.9182917799972102
chat_preview,photo,kodak_01,768,512,512,341,87,64,32,3,16193,25141,0.6440873473608846,5.69171,24.79225742087719,0.7819336496967053,0.960009391617172,0.9645233448627296,0.9695158224903389
chat_preview,photo,kodak_01,768,512,512,341,87,64,32,4,25141,25141,1.0,7.35308,29.20307757833648,0.9068093012556789,0.9819937751459268,0.9863922398260606,0.98920194743913
chat_preview,photo,kodak_01,768,512,512,341,87,64,64,0,4755,47826,0.09942290804165098,5.11171,20.42225161887465,0.36350523407496543,0.7461020238325798,0.7512764752336637,0.8494057662541492
chat_preview,photo,kodak_01,768,512,512,341,87,64,64,1,11799,47826,0.24670681219420398,5.49067,21.952255555551826,0.5668303506069988,0.8756116761445006,0.8809710388635482,0.9188352703756099
chat_preview,photo,kodak_01,768,512,512,341,87,64,64,2,25424,47826,0.5315936938067161,7.15312,25.044195064556888,0.7968870685082337,0.966194743637864,0.9693918527254346,0.9719655023452795
chat_preview,photo,kodak_01,768,512,512,341,87,64,64,3,47826,47826,1.0,8.96604,34.2263397846261,0.9664973430750261,0.9942193634639668,0.9962265607223135,0.9965799435999977
chat_preview,photo,kodak_01,768,512,512,341,88,64,32,0,1986,26151,0.07594355856372605,5.15367,19.513242158265864,0.2478615114538603,0.6167451085221773,0.6174268857252933,0.7798426430397548
chat_preview,photo,kodak_01,768,512,512,341,88,64,32,1,4243,26151,0.16225000955986388,5.76425,20.414177485311605,0.36324613750855517,0.7453349286290819,0.7505918397407881,0.8488989364702151
chat_preview,photo,kodak_01,768,512,512,341,88,64,32,2,8464,26151,0.32365875109938436,6.27025,21.92090608894064,0.5646423056578636,0.8737361136320073,0.8788965363683595,0.9182543797483053
chat_preview,photo,kodak_01,768,512,512,341,88,64,32,3,16679,26151,0.6377958777867003,6.73137,24.811234976015484,0.7843764598909707,0.960575749595348,0.9650616555468338,0.9696630754720501
chat_preview,photo,kodak_01,768,512,512,341,88,64,32,4,26151,26151,1.0,7.62683,29.428084172306956,0.911360699968433,0.9828738534730022,0.98720484635418,0.9897625639589162
chat_preview,photo,kodak_01,768,512,512,341,88,64,64,0,4755,49617,0.09583408912267972,5.48733,20.42225161887465,0.36350523407496543,0.7461020238325798,0.7512764752336637,0.8494057662541492
chat_preview,photo,kodak_01,768,512,512,341,88,64,64,1,11799,49617,0.23780155994921096,6.01792,21.952306447005366,0.5668360132743017,0.8756158589355213,0.8809668853514364,0.9188349289798562
chat_preview,photo,kodak_01,768,512,512,341,88,64,64,2,25639,49617,0.5167382147247919,7.18079,25.047375343817432,0.7971999864231826,0.9662866437196166,0.9694379058461059,0.9720099100855838
chat_preview,photo,kodak_01,768,512,512,341,88,64,64,3,49617,49617,1.0,8.77929,34.51921882401332,0.9686752020610139,0.9945033238381115,0.9964969636106177,0.9967860880153595
chat_preview,photo,kodak_01,768,512,512,341,89,64,32,0,1986,27389,0.07251086202490051,5.03521,19.513242158265864,0.2478615114538603,0.6167451085221773,0.6174268857252933,0.7798426430397548
chat_preview,photo,kodak_01,768,512,512,341,89,64,32,1,4375,27389,0.15973566030158093,4.718,20.415670786712944,0.3644342899729567,0.7462587480978563,0.7514782262006713,0.8491166960883375
chat_preview,photo,kodak_01,768,512,512,341,89,64,32,2,8925,27389,0.3258607470152251,5.51704,21.921265653764387,0.5670389282470328,0.8749395606971814,0.8802702880852503,0.9184507878713564
chat_preview,photo,kodak_01,768,512,512,341,89,64,32,3,17258,27389,0.630106977253642,6.18842,24.82905129713145,0.7864128746404333,0.9612759652893641,0.9657799989726359,0.9699580686656958
chat_preview,photo,kodak_01,768,512,512,341,89,64,32,4,27389,27389,1.0,7.94533,29.65934533437376,0.9158844473104549,0.9838153561460293,0.9881179960556419,0.9902918440421411
chat_preview,photo,kodak_01,768,512,512,341,89,64,64,0,4755,51688,0.09199427333230151,5.38796,20.42225161887465,0.36350523407496543,0.7461020238325798,0.7512764752336637,0.8494057662541492
chat_preview,photo,kodak_01,768,512,512,341,89,64,64,1,12354,51688,0.23901098901098902,6.03004,21.953342195663062,0.5683603057819523,0.8760745547210503,0.8814877678797576,0.9190176772513923
chat_preview,photo,kodak_01,768,512,512,341,89,64,64,2,27306,51688,0.5282850951865037,7.24329,25.059113559412552,0.7991066359648706,0.9667874879252354,0.9700255466315764,0.9722282048595128
chat_preview,photo,kodak_01,768,512,512,341,89,64,64,3,51688,51688,1.0,8.92192,34.69039237974335,0.9699633023479386,0.9947483912377152,0.9967858415007674,0.9969054933414842
chat_preview,photo,kodak_01,768,512,512,341,90,64,32,0,2026,28692,0.07061201728704865,8.17554,19.513242158265864,0.2478615114538603,0.6167451085221773,0.6174268857252933,0.7798426430397548
chat_preview,photo,kodak_01,768,512,512,341,90,64,32,1,4590,28692,0.1599749058971142,4.91463,20.418263109153575,0.36445049427447196,0.7463841665269838,0.7520130909599679,0.8492250630607144
chat_preview,photo,kodak_01,768,512,512,341,90,64,32,2,9204,28692,0.3207862818904224,5.95162,21.925998159256107,0.5671054105340708,0.8750965496160292,0.8805375048585925,0.9184559427300336
chat_preview,photo,kodak_01,768,512,512,341,90,64,32,3,17739,28692,0.6182559598494354,6.52867,24.853468971243238,0.7865514677751273,0.9615998078874005,0.9658674531428165,0.9699716053920443
chat_preview,photo,kodak_01,768,512,512,341,90,64,32,4,28692,28692,1.0,7.86408,30.055889912090503,0.9212811480730263,0.9849966420765357,0.988958154608095,0.9910705712246177
chat_preview,photo,kodak_01,768,512,512,341,90,64,64,0,4755,52869,0.08993928389037054,4.93333,20.42225161887465,0.36350523407496543,0.7461020238325798,0.7512764752336637,0.8494057662541492
chat_preview,photo,kodak_01,768,512,512,341,90,64,64,1,13071,52869,0.24723372865005958,6.20371,21.952345745370078,0.5681211827064468,0.8759083461161362,0.881725012534674,0.9189277857771738
chat_preview,photo,kodak_01,768,512,512,341,90,64,64,2,28137,52869,0.532202235714691,7.46471,25.06666204671533,0.7991936841811857,0.9669240008570132,0.9700987704843878,0.9722943403588911
chat_preview,photo,kodak_01,768,512,512,341,90,64,64,3,52869,52869,1.0,8.86117,35.07711554767806,0.9717641201149051,0.9950537345214778,0.9969683311135429,0.9971460410744768
chat_preview,photo,kodak_01,768,512,512,341,91,64,32,0,2046,30469,0.06715021825461945,4.88567,19.513242158265864,0.2478615114538603,0.6167451085221773,0.6174268857252933,0.7798426430397548
chat_preview,photo,kodak_01,768,512,512,341,91,64,32,1,4611,30469,0.1513341428993403,4.93633,20.418115629534995,0.3644327711885002,0.7463810214681761,0.7519940938687247,0.849225183060274
chat_preview,photo,kodak_01,768,512,512,341,91,64,32,2,9615,30469,0.31556664150447994,5.60112,21.934107673312017,0.5662590323109215,0.874904339427402,0.8804661941463178,0.9183867165339997
chat_preview,photo,kodak_01,768,512,512,341,91,64,32,3,18671,30469,0.6127867668778102,69.9361,24.886203953584104,0.7887596285661408,0.9626042834065239,0.9667158508720701,0.9702711318627374
chat_preview,photo,kodak_01,768,512,512,341,91,64,32,4,30469,30469,1.0,8.02754,30.394429447047177,0.9267154369149623,0.9862758807643216,0.9900423788613933,0.9917530379375324
chat_preview,photo,kodak_01,768,512,512,341,91,64,64,0,4755,55718,0.08534046448185506,5.574,20.42225161887465,0.36350523407496543,0.7461020238325798,0.7512764752336637,0.8494057662541492
chat_preview,photo,kodak_01,768,512,512,341,91,64,64,1,13072,55718,0.23461000035895044,5.65013,21.952430859731095,0.5681332629529046,0.8759171206215214,0.881725749284906,0.9189312598258214
chat_preview,photo,kodak_01,768,512,512,341,91,64,64,2,29199,55718,0.5240496787393661,7.41554,25.075588826040807,0.7991800960366233,0.9669140110815565,0.9700839128763052,0.9722844165662896
chat_preview,photo,kodak_01,768,512,512,341,91,64,64,3,55718,55718,1.0,9.4155,35.517715158437994,0.9743918104364355,0.9954783745420178,0.9972953234311923,0.9973976207122748
chat_preview,photo,kodak_01,768,512,512,341,92,64,32,0,2159,32008,0.06745188702824294,5.05237,19.51238881349108,0.2481740056344187,0.6172045235398014,0.6180083196463554,0.7799276429849266
chat_preview,photo,kodak_01,768,512,512,341,92,64,32,1,4825,32008,0.15074356410897274,5.32096,20.41681545903751,0.36459388532913267,0.7466008367555922,0.7520477046096624,0.8492835911089568
chat_preview,photo,kodak_01,768,512,512,341,92,64,32,2,9891,32008,0.30901649587603097,5.54417,21.932116662404884,0.5665109106511206,0.875221141123565,0.8804182966495511,0.9185203239932854
chat_preview,photo,kodak_01,768,512,512,341,92,64,32,3,19287,32008,0.6025681079730068,6.99392,24.906498078909046,0.7894781779319905,0.9631659851115897,0.9669103280436996,0.9706170669199032
chat_preview,photo,kodak_01,768,512,512,341,92,64,32,4,32008,32008,1.0,7.94542,30.73567140054069,0.9317568105753865,0.9875475074873495,0.9908870546251349,0.9924562740714477
chat_preview,photo,kodak_01,768,512,512,341,92,64,64,0,5165,57409,0.08996847184239405,5.38121,20.420340936195736,0.36356516358480934,0.7461686383386823,0.7514435947588787,0.8493409947029996
chat_preview,photo,kodak_01,768,512,512,341,92,64,64,1,13732,57409,0.23919594488669024,5.68933,21.952701745588215,0.5685136375254433,0.876152432934027,0.8816917063118899,0.9190976419266442
chat_preview,photo,kodak_01,768,512,512,341,92,64,64,2,30049,57409,0.5234196728735913,7.15775,25.07410201748411,0.7994697135364777,0.9671008226899555,0.9700977184870474,0.972390669206558
chat_preview,photo,kodak_01,768,512,512,341,92,64,64,3,57409,57409,1.0,9.51204,35.92229141834728,0.9766300170300987,0.9958663273130594,0.9975585679278123,0.9976218901383734
chat_preview,photo,kodak_01,768,512,512,341,93,64,32,0,2159,33844,0.06379269589882992,4.71029,19.51238881349108,0.2481740056344187,0.6172045235398014,0.6180083196463554,0.7799276429849266
chat_preview,photo,kodak_01,768,512,512,341,93,64,32,1,4870,33844,0.1438955206240397,5.2075,20.416888951570186,0.36438217431899095,0.7464094962176228,0.7518316410213888,0.8491597479339373
chat_preview,photo,kodak_01,768,512,512,341,93,64,32,2,10090,33844,0.2981326084387188,5.47879,21.932907827061765,0.5663134550061734,0.8750117828748646,0.8804629447600594,0.9182306562422654
chat_preview,photo,kodak_01,768,512,512,341,93,64,32,3,20092,33844,0.5936650514123626,6.70358,24.924462984379243,0.791581731580301,0.9638184835788778,0.9676299435231822,0.9709088841746151
chat_preview,photo,kodak_01,768,512,512,341,93,64,32,4,33844,33844,1.0,8.17754,31.069867609747245,0.9365931634946629,0.9883863658320103,0.991650710133393,0.9930023856765341
chat_preview,photo,kodak_01,768,512,512,341,93,64,64,0,5165,60004,0.08607759482701154,5.13417,20.420340936195736,0.36356516358480934,0.7461686383386823,0.7514435947588787,0.8493409947029996
chat_preview,photo,kodak_01,768,512,512,341,93,64,64,1,13848,60004,0.23078461435904274,5.73033,21.953964443328143,0.5684510009089649,0.8761614228005984,0.8816836902680177,0.9191209165011012
chat_preview,photo,kodak_01,768,512,512,341,93,64,64,2,30538,60004,0.5089327378174788,7.00212,25.07717810209857,0.7994785096141204,0.9671127231059454,0.9701492988593847,0.9724006544583988
chat_preview,photo,kodak_01,768,512,512,341,93,64,64,3,60004,60004,1.0,10.1173,36.21839197164992,0.9782497629919171,0.9961017954832782,0.9977458682574946,0.9977578597254038
chat_preview,photo,kodak_01,768,512,512,341,94,64,32,0,2159,36611,0.05897134740924859,6.54688,19.51238881349108,0.2481740056344187,0.6172045235398014,0.6180083196463554,0.7799276429849266
chat_preview,photo,kodak_01,768,512,512,341,94,64,32,1,4870,36611,0.133020130561853,5.19492,20.416888951570186,0.36438217431899095,0.7464094962176228,0.7518316410213888,0.8491597479339373
chat_preview,photo,kodak_01,768,512,512,341,94,64,32,2,10477,36611,0.286170822976701,5.20296,21.932333178192568,0.5681165298724095,0.8755443170942167,0.8809688661042382,0.9184370351706896
chat_preview,photo,kodak_01,768,512,512,341,94,64,32,3,20894,36611,0.5707027942421676,6.50625,24.946559410282767,0.7926476613281724,0.964199015578624,0.9679270026968289,0.9711070692759939
chat_preview,photo,kodak_01,768,512,512,341,94,64,32,4,36611,36611,1.0,8.11283,31.611735063916207,0.9439777845982514,0.989687863907768,0.9928355056724996,0.9937948683322531
chat_preview,photo,kodak_01,768,512,512,341,94,64,64,0,5185,62864,0.08247963858488165,5.34746,20.420340936195736,0.36356516358480934,0.7461686383386823,0.7514435947588787,0.8493409947029996
chat_preview,photo,kodak_01,768,512,512,341,94,64,64,1,13868,62864,0.22060320692288113,5.51221,21.953964443328143,0.5684510009089649,0.8761614228005984,0.8816836902680177,0.9191209165011012
chat_preview,photo,kodak_01,768,512,512,341,94,64,64,2,32290,62864,0.5136485110715194,7.24196,25.08375166435161,0.8007454994037931,0.9674076203835414,0.9704561796800967,0.9725685148095061
chat_preview,photo,kodak_01,768,512,512,341,94,64,64,3,62864,62864,1.0,10.6073,36.71525868414758,0.9802920821197908,0.996321876058322,0.9980128840686631,0.9979322568564067
chat_preview,photo,kodak_01,768,512,512,341,95,64,32,0,2510,72232,0.03474914165466829,6.23229,19.512369233187655,0.2479039719411362,0.6168064002513735,0.6174886416736535,0.7797372474567281
chat_preview,photo,kodak_01,768,512,512,341,95,64,32,1,6019,72232,0.08332871857348544,6.86429,20.4240882614522,0.36401301743016967,0.7464437528196207,0.7512316103331651,0.8494229901970778
chat_preview,photo,kodak_01,768,512,512,341,95,64,32,2,14856,72232,0.20567061690109648,7.78608,21.959378319492657,0.5667689659586551,0.8758920334409135,0.8808864813497512,0.9189705753683414
chat_preview,photo,kodak_01,768,512,512,341,95,64,32,3,34318,72232,0.4751079853804408,9.99258,25.10886123021109,0.7996329552556273,0.9673296182415179,0.9699537819827284,0.9726133575838573
chat_preview,photo,kodak_01,768,512,512,341,95,64,32,4,72232,72232,1.0,13.1702,38.651941455538655,0.9857118447674877,0.9969850538770441,0.9981972552089423,0.9985536624645608
chat_preview,photo,kodak_01,768,512,512,341,95,64,64,0,6117,102995,0.05939123258410602,6.91725,20.426195730366203,0.36393048063731454,0.7466008874832806,0.7511787444943718,0.8495270701681471
chat_preview,photo,kodak_01,768,512,512,341,95,64,64,1,18061,102995,0.17535802708869364,8.22325,21.96851794514155,0.5678607756781173,0.8766442137956328,0.8812197808111104,0.9192517559421483
chat_preview,photo,kodak_01,768,512,512,341,95,64,64,2,47786,102995,0.46396427011019953,10.1566,25.144378464826808,0.8014677089483918,0.9682578980146251,0.97080339973783,0.9729722086529755
chat_preview,photo,kodak_01,768,512,512,341,95,64,64,3,102995,102995,1.0,15.413,42.1620987521394,0.9928967866157121,0.9986351666991299,0.999218721800169,0.9993754218089316
chat_preview,photo,kodak_01,768,512,512,341,96,64,32,0,2530,78448,0.03225066285947379,7.14037,19.512369233187655,0.2479039719411362,0.6168064002513735,0.6174886416736535,0.7797372474567281
chat_preview,photo,kodak_01,768,512,512,341,96,64,32,1,6166,78448,0.07859983683459107,7.28121,20.424927844198034,0.36386114622867477,0.7464241331574408,0.7511498285796555,0.8494307832608154
chat_preview,photo,kodak_01,768,512,512,341,96,64,32,2,15820,78448,0.20166224760350807,7.78762,21.96337109611662,0.5686675173922887,0.8766873616144409,0.8814290825065206,0.9193241446738443
chat_preview,photo,kodak_01,768,512,512,341,96,64,32,3,36574,78448,0.46621966143177646,9.3935,25.11689842413545,0.8005298235204745,0.9676627536998094,0.9703053227956863,0.972816888952919
chat_preview,photo,kodak_01,768,512,512,341,96,64,32,4,78448,78448,1.0,14.967,39.19819993471853,0.9873060454705124,0.9973775510428133,0.9984705999793331,0.9987507916355283
chat_preview,photo,kodak_01,768,512,512,341,96,64,64,0,6117,108414,0.056422602246942274,7.29283,20.426195730366203,0.36393048063731454,0.7466008874832806,0.7511787444943718,0.8495270701681471
chat_preview,photo,kodak_01,768,512,512,341,96,64,64,1,18527,108414,0.17089121331193388,7.56017,21.969508902017076,0.5679315513847745,0.8767292641060943,0.8812571175965686,0.9192758789568389
chat_preview,photo,kodak_01,768,512,512,341,96,64,64,2,51785,108414,0.4776597118453336,10.9969,25.152762385227202,0.8028473659242136,0.9686268758315651,0.971063022893733,0.9731159891836493
chat_preview,photo,kodak_01,768,512,512,341,96,64,64,3,108414,108414,1.0,15.9969,42.45211593993534,0.9933470428091553,0.9988022963387557,0.999336117950837,0.9994397157180289
chat_preview,photo,kodak_01,768,512,512,341,97,64,32,0,2530,82805,0.030553710524726767,7.18812,19.512369233187655,0.2479039719411362,0.6168064002513735,0.6174886416736535,0.7797372474567281
chat_preview,photo,kodak_01,768,512,512,341,97,64,32,1,6166,82805,0.0744641024092748,7.27321,20.424927844198034,0.36386114622867477,0.7464241331574408,0.7511498285796555,0.8494307832608154
chat_preview,photo,kodak_01,768,512,512,341,97,64,32,2,15820,82805,0.19105126502022823,7.8525,21.96337109611662,0.5686675173922887,0.8766873616144409,0.8814290825065206,0.9193241446738443
chat_preview,photo,kodak_01,768,512,512,341,97,64,32,3,38822,82805,0.46883642292132116,9.45017,25.12286060040607,0.8016654856507531,0.9679971225160213,0.9705825693545265,0.9729982909267022
chat_preview,photo,kodak_01,768,512,512,341,97,64,32,4,82805,82805,1.0,14.6165,39.92125578328308,0.9890099783648806,0.9976459224442878,0.9986820373056768,0.998905483681591
chat_preview,photo,kodak_01,768,512,512,341,97,64,64,0,6117,114985,0.05319824324911945,7.18554,20.426195730366203,0.36393048063731454,0.7466008874832806,0.7511787444943718,0.8495270701681471
chat_preview,photo,kodak_01,768,512,512,341,97,64,64,1,18527,114985,0.16112536417793624,7.92279,21.969508902017076,0.5679315513847745,0.8767292641060943,0.8812571175965686,0.9192758789568389
chat_preview,photo,kodak_01,768,512,512,341,97,64,64,2,51785,114985,0.4503630908379354,9.88667,25.152762385227202,0.8028473659242136,0.9686268758315651,0.971063022893733,0.9731159891836493
chat_preview,photo,kodak_01,768,512,512,341,97,64,64,3,114985,114985,1.0,16.3557,42.94592502646531,0.9939212812770385,0.998865160919245,0.9994046219236006,0.9994843077386837
chat_preview,photo,kodak_01,768,512,512,341,98,64,32,0,2530,88129,0.02870791680377628,7.34375,19.512369233187655,0.2479039719411362,0.6168064002513735,0.6174886416736535,0.7797372474567281
chat_preview,photo,kodak_01,768,512,512,341,98,64,32,1,6530,88129,0.07409592756073483,7.69058,20.4254162775978,0.36373757616051705,0.7463553727879896,0.7513950957048743,0.8493873838115961
chat_preview,photo,kodak_01,768,512,512,341,98,64,32,2,17206,88129,0.1952365282710572,7.829,21.964598552876243,0.5684731492022738,0.8765623306186807,0.8816496299776645,0.9192619151659649
chat_preview,photo,kodak_01,768,512,512,341,98,64,32,3,42382,88129,0.4809086679753543,9.84275,25.125942411921574,0.8016928268758976,0.9680099338327158,0.9707983431265198,0.9729570428501317
chat_preview,photo,kodak_01,768,512,512,341,98,64,32,4,88129,88129,1.0,14.1081,40.18023916680086,0.9895081697652266,0.9977932433104232,0.9987100915385,0.9989849079869417
chat_preview,photo,kodak_01,768,512,512,341,98,64,64,0,6117,125747,0.04864529571282019,7.19183,20.426195730366203,0.36393048063731454,0.7466008874832806,0.7511787444943718,0.8495270701681471
chat_preview,photo,kodak_01,768,512,512,341,98,64,64,1,19764,125747,0.15717273573126994,8.317,21.97047714188575,0.5679030410932339,0.8766880007542159,0.8813684232984047,0.9192912847215596
chat_preview,photo,kodak_01,768,512,512,341,98,64,64,2,56859,125747,0.45216983307752867,10.5004,25.153957757804722,0.8029035595804226,0.9686856020435911,0.9711613644090324,0.9731434014232992
chat_preview,photo,kodak_01,768,512,512,341,98,64,64,3,125747,125747,1.0,16.9307,43.256434605164465,0.9941747823404857,0.9989448394758395,0.999404587061961,0.9995229106553504
chat_preview,photo,kodak_01,768,512,512,341,99,64,32,0,2530,95782,0.02641414879622476,6.55683,19.512369233187655,0.2479039719411362,0.6168064002513735,0.6174886416736535,0.7797372474567281
chat_preview,photo,kodak_01,768,512,512,341,99,64,32,1,6693,95782,0.06987742999728551,6.88829,20.42531819837346,0.36367535392531253,0.7462863070494982,0.7513349509608636,0.8494342008461773
chat_preview,photo,kodak_01,768,512,512,341,99,64,32,2,17662,95782,0.18439790357269634,7.74071,21.964084875668917,0.5684604778943205,0.8765637492421515,0.8816449043562582,0.9192583237746976
chat_preview,photo,kodak_01,768,512,512,341,99,64,32,3,44746,95782,0.4671650205675388,10.3314,25.134634204403447,0.8015629470997122,0.9680186747740652,0.970674442202995,0.9729491678728507
chat_preview,photo,kodak_01,768,512,512,341,99,64,32,4,95782,95782,1.0,15.0419,40.83797765892031,0.9909351890772596,0.9980787783799291,0.9988957853638923,0.9991182597086651
chat_preview,photo,kodak_01,768,512,512,341,99,64,64,0,6117,131241,0.046608910325279446,7.06858,20.426195730366203,0.36393048063731454,0.7466008874832806,0.7511787444943718,0.8495270701681471
chat_preview,photo,kodak_01,768,512,512,341,99,64,64,1,20318,131241,0.1548144253701206,7.96837,21.969813709114053,0.5677656665950406,0.8766400111990705,0.8813454151689044,0.9192703918398049
chat_preview,photo,kodak_01,768,512,512,341,99,64,64,2,58663,131241,0.44698684100243063,11.0475,25.15420659841775,0.8028143269205442,0.9686639455648752,0.9711691997787661,0.9731360705147581
chat_preview,photo,kodak_01,768,512,512,341,99,64,64,3,131241,131241,1.0,18.3033,44.08673852478902,0.995120885306901,0.9990474099122945,0.9994770654871735,0.9995870666004552
chat_preview,photo,kodak_01,768,512,512,341,100,64,32,0,2530,260239,0.009721832623088776,6.92096,19.512369233187655,0.2479039719411362,0.6168064002513735,0.6174886416736535,0.7797372474567281
chat_preview,photo,kodak_01,768,512,512,341,100,64,32,1,7205,260239,0.027686088557057165,6.83908,20.426195730366203,0.36393048063731454,0.7466008874832806,0.7511787444943718,0.8495270701681471
chat_preview,photo,kodak_01,768,512,512,341,100,64,32,2,23362,260239,0.08977132558916996,7.90642,21.971585116297266,0.5682226855160314,0.8768669550750491,0.8812667907911335,0.9193666739076795
chat_preview,photo,kodak_01,768,512,512,341,100,64,32,3,80298,260239,0.3085548284461591,11.8938,25.171916111114193,0.8036689373978524,0.9690982472011608,0.9711390258885025,0.973324733248631
chat_preview,photo,kodak_01,768,512,512,341,100,64,32,4,260239,260239,1.0,23.8325,99.0,1.0,1.0,1.0,1.0
chat_preview,photo,kodak_01,768,512,512,341,100,64,64,0,6117,259151,0.023603999212814152,6.74396,20.426195730366203,0.36393048063731454,0.7466008874832806,0.7511787444943718,0.8495270701681471
chat_preview,photo,kodak_01,768,512,512,341,100,64,64,1,22274,259151,0.08594989021844407,7.60204,21.971585116297266,0.5682226855160314,0.8768669550750491,0.8812667907911335,0.9193666739076795
chat_preview,photo,kodak_01,768,512,512,341,100,64,64,2,79210,259151,0.3056519172220057,11.7377,25.171916111114193,0.8036689373978524,0.9690982472011608,0.9711390258885025,0.973324733248631
chat_preview,photo,kodak_01,768,512,512,341,100,64,64,3,259151,259151,1.0,24.5742,99.0,1.0,1.0,1.0,1.0
chat_preview,photo,kodak_02,768,512,512,341,1,64,32,0,1064,2365,0.44989429175475687,5.10508,24.744130947976437,0.5787177807637703,0.7521775060127941,0.7876128261057538,0.831534477916267
chat_preview,photo,kodak_02,768,512,512,341,1,64,32,1,1630,2365,0.6892177589852009,4.98079,25.72181790461532,0.6174686437015654,0.8020203679289085,0.8445649754286693,0.8768314941448443
chat_preview,photo,kodak_02,768,512,512,341,1,64,32,2,2096,2365,0.8862579281183932,5.05017,26.742410841086453,0.6487031473359345,0.8287670430791554,0.8725775363065859,0.9141426425275745
chat_preview,photo,kodak_02,768,512,512,341,1,64,32,3,2365,2365,1.0,5.82687,27.0250929101574,0.6592775498397712,0.8355188483736141,0.8799254951577598,0.920248599310052
chat_preview,photo,kodak_02,768,512,512,341,1,64,32,4,2365,2365,1.0,5.11404,27.0250929101574,0.6592775498397712,0.8355188483736141,0.8799254951577598,0.920248599310052
chat_preview,photo,kodak_02,768,512,512,341,1,64,64,0,2190,5154,0.42491268917345754,5.6205,26.00408857334679,0.633475180113754,0.8304208037544482,0.8593517266457235,0.8887000855661102
chat_preview,photo,kodak_02,768,512,512,341,1,64,64,1,3544,5154,0.6876212650368646,5.48242,27.57353648781223,0.6940976401621336,0.8738790421497665,0.9057374600532268,0.9374973637700008
chat_preview,photo,kodak_02,768,512,512,341,1,64,64,2,4687,5154,0.9093907644547924,5.3755,28.547265405278708,0.7338147775576688,0.8931673845144608,0.9283629759811529,0.9530712681826333
chat_preview,photo,kodak_02,768,512,512,341,1,64,64,3,5154,5154,1.0,6.15462,28.718722887805303,0.7375333488223283,0.8942515664999072,0.9295100695031647,0.9546400190483885
chat_preview,photo,kodak_02,768,512,512,341,2,64,32,0,1064,2367,0.44951415293620617,4.78558,24.744130947976437,0.5787177807637703,0.7521775060127941,0.7876128261057538,0.831534477916267
chat_preview,photo,kodak_02,768,512,512,341,2,64,32,1,1630,2367,0.6886354034643009,5.30271,25.72181790461532,0.6174686437015654,0.8020203679289085,0.8445649754286693,0.8768314941448443
chat_preview,photo,kodak_02,768,512,512,341,2,64,32,2,2096,2367,0.8855090832277144,5.56225,26.743840109287863,0.6487374244226202,0.8288335157438617,0.8726102296687093,0.9142778965018051
chat_preview,photo,kodak_02,768,512,512,341,2,64,32,3,2367,2367,1.0,5.09983,27.024711046695185,0.6593037596558973,0.8355691781447341,0.8799370577808627,0.9203537840023926
chat_preview,photo,kodak_02,768,512,512,341,2,64,32,4,2367,2367,1.0,5.79058,27.024711046695185,0.6593037596558973,0.8355691781447341,0.8799370577808627,0.9203537840023926
chat_preview,photo,kodak_02,768,512,512,341,2,64,64,0,2190,5154,0.42491268917345754,5.09079,26.00408857334679,0.633475180113754,0.8304208037544482,0.8593517266457235,0.8887000855661102
chat_preview,photo,kodak_02,768,512,512,341,2,64,64,1,3544,5154,0.6876212650368646,5.08621,27.57353648781223,0.6940976401621336,0.8738790421497665,0.9057374600532268,0.9374973637700008
chat_preview,photo,kodak_02,768,512,512,341,2,64,64,2,4687,5154,0.9093907644547924,6.17079,28.54587088837912,0.7338085100448138,0.893160130696721,0.9283633203312769,0.9530533829999768
chat_preview,photo,kodak_02,768,512,512,341,2,64,64,3,5154,5154,1.0,6.17433,28.717300410825054,0.7375268921458934,0.8942439880622111,0.9295101914394204,0.9546219756214354
chat_preview,photo,kodak_02,768,512,512,341,3,64,32,0,1064,2414,0.4407622203811102,4.75146,24.744130947976437,0.5787177807637703,0.7521775060127941,0.7876128261057538,0.831534477916267
chat_preview,photo,kodak_02,768,512,512,341,3,64,32,1,1641,2414,0.679784589892295,4.98871,25.725413819098144,0.6176580591792495,0.8019914402566379,0.8446190357706644,0.8769719219070231
chat_preview,photo,kodak_02,768,512,512,341,3,64,32,2,2138,2414,0.8856669428334715,5.49883,26.785060782564976,0.6500920230729581,0.8295262923346693,0.8730657402304552,0.9153449409966093
chat_preview,photo,kodak_02,768,512,512,341,3,64,32,3,2414,2414,1.0,5.27908,27.059517148839753,0.6605652423354474,0.8358817552156467,0.8799251237615084,0.9211495791474134
chat_preview,photo,kodak_02,768,512,512,341,3,64,32,4,2414,2414,1.0,5.25083,27.059517148839753,0.6605652423354474,0.8358817552156467,0.8799251237615084,0.9211495791474134
chat_preview,photo,kodak_02,768,512,512,341,3,64,64,0,2210,5312,0.41603915662650603,4.94458,26.00408857334679,0.633475180113754,0.8304208037544482,0.8593517266457235,0.8887000855661102
chat_preview,photo,kodak_02,768,512,512,341,3,64,64,1,3610,5312,0.6795933734939759,5.26508,27.58991920225618,0.6949704318009147,0.8744894037821376,0.9059841316347288,0.9378021495645997
chat_preview,photo,kodak_02,768,512,512,341,3,64,64,2,4840,5312,0.911144578313253,5.66429,28.590305081881226,0.7361086984507317,0.8944378530002877,0.9292600818371332,0.9536854041738623
chat_preview,photo,kodak_02,768,512,512,341,3,64,64,3,5312,5312,1.0,6.43187,28.767260249971972,0.7398683685567016,0.8955105682610442,0.9303913942521561,0.9552580879421898
chat_preview,photo,kodak_02,768,512,512,341,4,64,32,0,1064,2426,0.4385820280296785,4.75146,24.744130947976437,0.5787177807637703,0.7521775060127941,0.7876128261057538,0.831534477916267
chat_preview,photo,kodak_02,768,512,512,341,4,64,32,1,1643,2426,0.6772464962901896,5.30446,25.726362571723943,0.6178768884327872,0.8022044123472826,0.8445712276349617,0.8770289430843299
chat_preview,photo,kodak_02,768,512,512,341,4,64,32,2,2142,2426,0.8829348722176422,5.07012,26.78480192961985,0.6504707106099937,0.8296936398744471,0.8729670384516864,0.9152465660410203
chat_preview,photo,kodak_02,768,512,512,341,4,64,32,3,2426,2426,1.0,5.41867,27.068155869288397,0.6615354257806564,0.8365361832125164,0.8803741152887649,0.921255278657309
chat_preview,photo,kodak_02,768,512,512,341,4,64,32,4,2426,2426,1.0,5.85546,27.068155869288397,0.6615354257806564,0.8365361832125164,0.8803741152887649,0.921255278657309
chat_preview,photo,kodak_02,768,512,512,341,4,64,64,0,2210,5338,0.4140127388535032,5.18271,26.00408857334679,0.633475180113754,0.8304208037544482,0.8593517266457235,0.8887000855661102
chat_preview,photo,kodak_02,768,512,512,341,4,64,64,1,3614,5338,0.6770325964780817,5.21671,27.59020464419539,0.6949497906127265,0.874481808347218,0.9059892948672787,0.9378024837590437
chat_preview,photo,kodak_02,768,512,512,341,4,64,64,2,4852,5338,0.9089546646684151,5.51483,28.5937643031356,0.736236831108072,0.8944246104112971,0.9292542702659011,0.9536992427962332
chat_preview,photo,kodak_02,768,512,512,341,4,64,64,3,5338,5338,1.0,6.31954,28.779678105747966,0.7404291281619789,0.895611095828812,0.9304900125117489,0.9553424253516486
chat_preview,photo,kodak_02,768,512,512,341,5,64,32,0,1064,2448,0.434640522875817,5.87379,24.744130947976437,0.5787177807637703,0.7521775060127941,0.7876128261057538,0.831534477916267
chat_preview,photo,kodak_02,768,512,512,341,5,64,32,1,1661,2448,0.6785130718954249,5.42604,25.72877277382,0.6183657617276076,0.8031959576999768,0.8457213073898144,0.8776628817986196
chat_preview,photo,kodak_02,768,512,512,341,5,64,32,2,2159,2448,0.8819444444444444,5.06021,26.794284391851356,0.6510710132611828,0.8301588505927736,0.8733785449942645,0.9159463792151237
chat_preview,photo,kodak_02,768,512,512,341,5,64,32,3,2448,2448,1.0,5.97958,27.080982203843128,0.6622305348900525,0.8369936852490992,0.8807709348570801,0.9219658939933326
chat_preview,photo,kodak_02,768,512,512,341,5,64,32,4,2448,2448,1.0,5.55225,27.080982203843128,0.6622305348900525,0.8369936852490992,0.8807709348570801,0.9219658939933326
chat_preview,photo,kodak_02,768,512,512,341,5,64,64,0,2210,5444,0.40595150624540777,4.86367,26.00408857334679,0.633475180113754,0.8304208037544482,0.8593517266457235,0.8887000855661102
chat_preview,photo,kodak_02,768,512,512,341,5,64,64,1,3672,5444,0.674504041146216,4.97713,27.607116862872687,0.6968852660397463,0.8758530166930291,0.9073094972111926,0.9384824242771843
chat_preview,photo,kodak_02,768,512,512,341,5,64,64,2,4914,5444,0.9026451138868479,5.93496,28.600833306346804,0.7377628924051524,0.8955307859874031,0.9302082888355807,0.9540762434197096
chat_preview,photo,kodak_02,768,512,512,341,5,64,64,3,5444,5444,1.0,6.65896,28.79109383202703,0.7419780593362172,0.8967541712863049,0.9314888073283035,0.9557557379845265
chat_preview,photo,kodak_02,768,512,512,341,6,64,32,0,1060,2447,0.4331834899877401,4.95642,24.762854468597265,0.5802522991790761,0.7567098156362465,0.7888928382355777,0.8325541694438751
chat_preview,photo,kodak_02,768,512,512,341,6,64,32,1,1658,2447,0.6775643645279935,5.03737,25.756338958969515,0.6197522451761038,0.8079007477260493,0.8475763005923499,0.8788540073077711
chat_preview,photo,kodak_02,768,512,512,341,6,64,32,2,2156,2447,0.8810788720882714,5.05938,26.83210107080887,0.6529006033264358,0.8346380511746389,0.8755413531441358,0.916778794834465
chat_preview,photo,kodak_02,768,512,512,341,6,64,32,3,2447,2447,1.0,5.80512,27.1273878469634,0.6644370708325923,0.8415858885846168,0.8831207300327347,0.9228416253032053
chat_preview,photo,kodak_02,768,512,512,341,6,64,32,4,2447,2447,1.0,5.27242,27.1273878469634,0.6644370708325923,0.8415858885846168,0.8831207300327347,0.9228416253032053
chat_preview,photo,kodak_02,768,512,512,341,6,64,64,0,2198,5454,0.403006967363403,4.95379,26.059244292196027,0.6380862982143006,0.8380450976306962,0.8618629762916286,0.8923865377088219
chat_preview,photo,kodak_02,768,512,512,341,6,64,64,1,3663,5454,0.6716171617161716,5.43742,27.66381267903921,0.7015396703664912,0.8824900109613186,0.9092585009850644,0.94059521866405
chat_preview,photo,kodak_02,768,512,512,341,6,64,64,2,4908,5454,0.8998899889988999,6.09804,28.692488793931425,0.7425258524309349,0.9021299202653786,0.932449615389843,0.9561397988402079
chat_preview,photo,kodak_02,768,512,512,341,6,64,64,3,5454,5454,1.0,6.70112,28.893876973128087,0.7471870929664899,0.9034444864797888,0.9338424205693131,0.9578739587808583
chat_preview,photo,kodak_02,768,512,512,341,7,64,32,0,1060,2453,0.4321239298817774,4.83263,24.762854468597265,0.5802522991790761,0.7567098156362465,0.7888928382355777,0.8325541694438751
chat_preview,photo,kodak_02,768,512,512,341,7,64,32,1,1658,2453,0.6759070525886669,5.10787,25.75567745197545,0.6198186519467391,0.8078126904108527,0.847624448831519,0.8787479747806697
chat_preview,photo,kodak_02,768,512,512,341,7,64,32,2,2161,2453,0.8809620872401142,5.43237,26.835225442803,0.6533840500458111,0.8348330655569939,0.8758813237075751,0.9167440627554977
chat_preview,photo,kodak_02,768,512,512,341,7,64,32,3,2453,2453,1.0,5.69204,27.133465380894673,0.6648527783347769,0.8417616372368766,0.8834347550412495,0.9228949095744654
chat_preview,photo,kodak_02,768,512,512,341,7,64,32,4,2453,2453,1.0,5.56625,27.133465380894673,0.6648527783347769,0.8417616372368766,0.8834347550412495,0.9228949095744654
chat_preview,photo,kodak_02,768,512,512,341,7,64,64,0,2198,5469,0.4019016273541781,5.1745,26.059244292196027,0.6380862982143006,0.8380450976306962,0.8618629762916286,0.8923865377088219
chat_preview,photo,kodak_02,768,512,512,341,7,64,64,1,3666,5469,0.6703236423477784,5.26487,27.669406429033657,0.7016997174225653,0.8826020032403674,0.9094119562307189,0.9406620119070641
chat_preview,photo,kodak_02,768,512,512,341,7,64,64,2,4923,5469,0.90016456390565,5.37071,28.699503072677196,0.7430100919749366,0.902286373002524,0.9326394690638782,0.9561998109814517
chat_preview,photo,kodak_02,768,512,512,341,7,64,64,3,5469,5469,1.0,6.24962,28.903704878094167,0.7476939733591393,0.9035979631290236,0.934029955651295,0.9579428719251329
chat_preview,photo,kodak_02,768,512,512,341,8,64,32,0,1060,2512,0.42197452229299365,4.68754,24.762854468597265,0.5802522991790761,0.7567098156362465,0.7888928382355777,0.8325541694438751
chat_preview,photo,kodak_02,768,512,512,341,8,64,32,1,1675,2512,0.6667993630573248,4.91304,25.760544840689832,0.6200735104409121,0.8081213635954212,0.8472846315195361,0.8790348450538268
chat_preview,photo,kodak_02,768,512,512,341,8,64,32,2,2205,2512,0.8777866242038217,5.53883,26.87031270956666,0.6553930862268411,0.8360377417933331,0.8769010500964115,0.9172883769054018
chat_preview,photo,kodak_02,768,512,512,341,8,64,32,3,2512,2512,1.0,5.21067,27.18156103898544,0.6680006861435697,0.8437319285455117,0.8853269250315879,0.9236988669824168
chat_preview,photo,kodak_02,768,512,512,341,8,64,32,4,2512,2512,1.0,5.59621,27.18156103898544,0.6680006861435697,0.8437319285455117,0.8853269250315879,0.9236988669824168
chat_preview,photo,kodak_02,768,512,512,341,8,64,64,0,2198,5575,0.39426008968609866,4.86088,26.059244292196027,0.6380862982143006,0.8380450976306962,0.8618629762916286,0.8923865377088219
chat_preview,photo,kodak_02,768,512,512,341,8,64,64,1,3690,5575,0.6618834080717488,4.98667,27.66995476917657,0.7019856995000447,0.8828094745349563,0.9095445488355987,0.9407006536659065
chat_preview,photo,kodak_02,768,512,512,341,8,64,64,2,5013,5575,0.8991928251121076,5.75358,28.732851045146603,0.7447921664376272,0.9032498137902616,0.9334475226241415,0.956624934983511
chat_preview,photo,kodak_02,768,512,512,341,8,64,64,3,5575,5575,1.0,6.87904,28.948780153139914,0.7500382779265226,0.9046996829773114,0.9350256618948266,0.958520902526106
chat_preview,photo,kodak_02,768,512,512,341,9,64,32,0,1080,2546,0.42419481539670073,4.68487,24.762854468597265,0.5802522991790761,0.7567098156362465,0.7888928382355777,0.8325541694438751
chat_preview,photo,kodak_02,768,512,512,341,9,64,32,1,1706,2546,0.6700706991358995,5.22746,25.75991775759413,0.620154570884376,0.808191890764426,0.8472464120004268,0.8790489852246309
chat_preview,photo,kodak_02,768,512,512,341,9,64,32,2,2239,2546,0.8794186959937156,4.89,26.88139329563398,0.6555114757784722,0.8363322641530847,0.8767827893856301,0.9175703552671585
chat_preview,photo,kodak_02,768,512,512,341,9,64,32,3,2546,2546,1.0,5.10121,27.1970663593955,0.6681438261938681,0.844050328540082,0.8852723613706925,0.9240149524423071
chat_preview,photo,kodak_02,768,512,512,341,9,64,32,4,2546,2546,1.0,5.47533,27.1970663593955,0.6681438261938681,0.844050328540082,0.8852723613706925,0.9240149524423071
chat_preview,photo,kodak_02,768,512,512,341,9,64,64,0,2198,5578,0.39404804589458586,4.77246,26.059244292196027,0.6380862982143006,0.8380450976306962,0.8618629762916286,0.8923865377088219
chat_preview,photo,kodak_02,768,512,512,341,9,64,64,1,3690,5578,0.6615274291860882,5.25071,27.669957080792305,0.7019871154450081,0.8828165592646497,0.9095440669217835,0.9407014040251611
chat_preview,photo,kodak_02,768,512,512,341,9,64,64,2,5013,5578,0.8987092147723198,6.11617,28.733468373675617,0.7447944749868567,0.9032544730298969,0.9334471436125404,0.9566278666938532
chat_preview,photo,kodak_02,768,512,512,341,9,64,64,3,5578,5578,1.0,6.09479,28.953321485074138,0.7501100297339033,0.9047168522994653,0.9350397949439418,0.9585480364910196
chat_preview,photo,kodak_02,768,512,512,341,10,64,32,0,1080,2569,0.42039704165044767,4.9245,24.762854468597265,0.5802522991790761,0.7567098156362465,0.7888928382355777,0.8325541694438751
chat_preview,photo,kodak_02,768,512,512,341,10,64,32,1,1715,2569,0.667574931880109,5.14967,25.76313795987733,0.6201506563454895,0.8081681004432645,0.847285768845888,0.8791910433840573
chat_preview,photo,kodak_02,768,512,512,341,10,64,32,2,2253,2569,0.8769949396652394,4.81425,26.878210750446424,0.6555465468556374,0.8361173295222315,0.8765802217470455,0.9174697234171275
chat_preview,photo,kodak_02,768,512,512,341,10,64,32,3,2569,2569,1.0,5.34508,27.200650542228093,0.6686316719552909,0.8438440070869885,0.8851270396124451,0.9239653261368133
chat_preview,photo,kodak_02,768,512,512,341,10,64,32,4,2569,2569,1.0,5.13321,27.200650542228093,0.6686316719552909,0.8438440070869885,0.8851270396124451,0.9239653261368133
chat_preview,photo,kodak_02,768,512,512,341,10,64,64,0,2198,5616,0.39138176638176636,5.13687,26.059244292196027,0.6380862982143006,0.8380450976306962,0.8618629762916286,0.8923865377088219
chat_preview,photo,kodak_02,768,512,512,341,10,64,64,1,3706,5616,0.6599002849002849,5.95675,27.671413643321113,0.7021568625224366,0.8828905483999421,0.9096534985079073,0.9407254911174028
chat_preview,photo,kodak_02,768,512,512,341,10,64,64,2,5037,5616,0.8969017094017094,5.362,28.736085826775017,0.7449294745331775,0.903274178799148,0.9335000239136717,0.9566414104201587
chat_preview,photo,kodak_02,768,512,512,341,10,64,64,3,5616,5616,1.0,6.35221,28.959590639971225,0.7504420549896625,0.9048246717146918,0.9351974843642832,0.9586210635917856
chat_preview,photo,kodak_02,768,512,512,341,11,64,32,0,1113,2607,0.42692750287687,5.06612,24.84845655049488,0.581688238144921,0.7604630640478911,0.790248317803447,0.8341979355733782
chat_preview,photo,kodak_02,768,512,512,341,11,64,32,1,1750,2607,0.6712696586114307,5.60283,25.867141991683255,0.6223692859153429,0.811748278886447,0.8477361697375668,0.8808659955976574
chat_preview,photo,kodak_02,768,512,512,341,11,64,32,2,2291,2607,0.8787878787878788,5.09283,27.036944848385826,0.6576235236449012,0.8405217859735602,0.878106155356279,0.9203260184785549
chat_preview,photo,kodak_02,768,512,512,341,11,64,32,3,2607,2607,1.0,5.4085,27.375747270903652,0.6709139169619656,0.8484325949899866,0.8869526611359803,0.92687270333815
chat_preview,photo,kodak_02,768,512,512,341,11,64,32,4,2607,2607,1.0,5.10392,27.375747270903652,0.6709139169619656,0.8484325949899866,0.8869526611359803,0.92687270333815
chat_preview,photo,kodak_02,768,512,512,341,11,64,64,0,2264,5693,0.39768136307746355,4.94217,26.201232055254234,0.6402115595677006,0.8410577158995248,0.8600887792447255,0.8939019756987032
chat_preview,photo,kodak_02,768,512,512,341,11,64,64,1,3782,5693,0.6643246091691551,5.04325,27.865426408961646,0.7047926728131881,0.8877426515791466,0.9096817994212355,0.9427295096395149
chat_preview,photo,kodak_02,768,512,512,341,11,64,64,2,5114,5693,0.8982961531705603,5.52663,29.001971153257415,0.7479912477087538,0.9085261302278608,0.9339538757601545,0.9588789785948442
chat_preview,photo,kodak_02,768,512,512,341,11,64,64,3,5693,5693,1.0,6.32946,29.247446073871703,0.7536217737522626,0.9101219410026412,0.9356904586482434,0.9609323198776192
chat_preview,photo,kodak_02,768,512,512,341,12,64,32,0,1113,2617,0.42529614061902943,5.05429,24.84845655049488,0.581688238144921,0.7604630640478911,0.790248317803447,0.8341979355733782
chat_preview,photo,kodak_02,768,512,512,341,12,64,32,1,1754,2617,0.6702330913259458,5.22271,25.86767115077393,0.6225091696254316,0.8118312987452819,0.8477185463640226,0.8808753543831821
chat_preview,photo,kodak_02,768,512,512,341,12,64,32,2,2295,2617,0.876958349254872,5.07271,27.038429101017716,0.6578740127430288,0.8407052572849327,0.8780843312298516,0.9204064546155437
chat_preview,photo,kodak_02,768,512,512,341,12,64,32,3,2617,2617,1.0,5.29125,27.384994978524585,0.6716342313611828,0.848772024161029,0.8871364647773428,0.9270577389472233
chat_preview,photo,kodak_02,768,512,512,341,12,64,32,4,2617,2617,1.0,5.26417,27.384994978524585,0.6716342313611828,0.848772024161029,0.8871364647773428,0.9270577389472233
chat_preview,photo,kodak_02,768,512,512,341,12,64,64,0,2264,5714,0.39621981099054954,4.98321,26.201232055254234,0.6402115595677006,0.8410577158995248,0.8600887792447255,0.8939019756987032
chat_preview,photo,kodak_02,768,512,512,341,12,64,64,1,3785,5714,0.6624081204060203,5.04179,27.86544645530304,0.7047994143759433,0.8877410634090702,0.9096826198180276,0.9427296653002152
chat_preview,photo,kodak_02,768,512,512,341,12,64,64,2,5117,5714,0.8955197759887994,5.37804,29.00001878337145,0.7479951050973771,0.9085308290634738,0.933946313699777,0.958859790745469
chat_preview,photo,kodak_02,768,512,512,341,12,64,64,3,5714,5714,1.0,6.14996,29.25479141392327,0.753989141529669,0.9102759196527156,0.9359166276923375,0.961101183801524
chat_preview,photo,kodak_02,768,512,512,341,13,64,32,0,1113,2661,0.4182638105975197,4.672,24.84845655049488,0.581688238144921,0.7604630640478911,0.790248317803447,0.8341979355733782
chat_preview,photo,kodak_02,768,512,512,341,13,64,32,1,1766,2661,0.6636602780909433,4.95296,25.873341930728166,0.6227269027609176,0.8121818743419403,0.8479372378882398,0.8810747923951526
chat_preview,photo,kodak_02,768,512,512,341,13,64,32,2,2339,2661,0.8789928598271327,5.12854,27.05951410369616,0.6593115592174643,0.8414642625590942,0.8787377685192842,0.920926357756012
chat_preview,photo,kodak_02,768,512,512,341,13,64,32,3,2661,2661,1.0,5.29733,27.419461692056167,0.6731113912557563,0.849838502315665,0.8881053480532518,0.9277755038221036
chat_preview,photo,kodak_02,768,512,512,341,13,64,32,4,2661,2661,1.0,5.25283,27.419461692056167,0.6731113912557563,0.849838502315665,0.8881053480532518,0.9277755038221036
chat_preview,photo,kodak_02,768,512,512,341,13,64,64,0,2264,5862,0.386216308427158,5.18288,26.201232055254234,0.6402115595677006,0.8410577158995248,0.8600887792447255,0.8939019756987032
chat_preview,photo,kodak_02,768,512,512,341,13,64,64,1,3839,5862,0.6548959399522347,5.09987,27.887498930733493,0.7056791632695282,0.8883163412859479,0.9096647930203,0.9430305743267857
chat_preview,photo,kodak_02,768,512,512,341,13,64,64,2,5265,5862,0.898157625383828,5.67258,29.04534837945053,0.7509217401101039,0.9098995244564962,0.9347922659294056,0.9594028361951309
chat_preview,photo,kodak_02,768,512,512,341,13,64,64,3,5862,5862,1.0,6.36558,29.306043777141525,0.756891953099119,0.9116145305804314,0.9367225124699942,0.9616130075512955
chat_preview,photo,kodak_02,768,512,512,341,14,64,32,0,1113,2670,0.41685393258426967,4.82042,24.84845655049488,0.581688238144921,0.7604630640478911,0.790248317803447,0.8341979355733782
chat_preview,photo,kodak_02,768,512,512,341,14,64,32,1,1766,2670,0.6614232209737828,4.93879,25.873341930728166,0.6227269027609176,0.8121818743419403,0.8479372378882398,0.8810747923951526
chat_preview,photo,kodak_02,768,512,512,341,14,64,32,2,2339,2670,0.8760299625468165,4.97846,27.061683305138445,0.6594291013926796,0.8416045235162158,0.8788188019173002,0.9210307897251198
chat_preview,photo,kodak_02,768,512,512,341,14,64,32,3,2670,2670,1.0,5.02029,27.428463767648083,0.6737066984603285,0.8501478498654933,0.8883641592584728,0.9279883613711197
chat_preview,photo,kodak_02,768,512,512,341,14,64,32,4,2670,2670,1.0,5.18254,27.428463767648083,0.6737066984603285,0.8501478498654933,0.8883641592584728,0.9279883613711197
chat_preview,photo,kodak_02,768,512,512,341,14,64,64,0,2264,5883,0.3848376678565358,4.88046,26.201232055254234,0.6402115595677006,0.8410577158995248,0.8600887792447255,0.8939019756987032
chat_preview,photo,kodak_02,768,512,512,341,14,64,64,1,3839,5883,0.6525582185959544,5.00033,27.887498930733493,0.7056791632695282,0.8883163412859479,0.9096647930203,0.9430305743267857
chat_preview,photo,kodak_02,768,512,512,341,14,64,64,2,5265,5883,0.8949515553289138,6.42133,29.046609120546,0.7509892489858361,0.9099555523101573,0.9348687433393669,0.9594198806543665
chat_preview,photo,kodak_02,768,512,512,341,14,64,64,3,5883,5883,1.0,6.23792,29.323285672769654,0.7575409459825678,0.9119054794747994,0.9371487483938421,0.9619053836951009
chat_preview,photo,kodak_02,768,512,512,341,15,64,32,0,1141,2735,0.41718464351005485,4.83204,24.864601791698483,0.5819468716818003,0.7621675514552818,0.7915503132721178,0.8341096323463044
chat_preview,photo,kodak_02,768,512,512,341,15,64,32,1,1798,2735,0.6574040219378428,5.01517,25.894152891887856,0.623324196924136,0.8146000998724866,0.8489576529822804,0.8813796120867429
chat_preview,photo,kodak_02,768,512,512,341,15,64,32,2,2376,2735,0.8687385740402194,5.01554,27.097993778623106,0.660545906820341,0.8445108443323122,0.8798470457524024,0.9213427080250127
chat_preview,photo,kodak_02,768,512,512,341,15,64,32,3,2707,2735,0.989762340036563,5.92167,27.47116491901309,0.674859468561534,0.8530532434361188,0.8894288756814688,0.9283973102289723
chat_preview,photo,kodak_02,768,512,512,341,15,64,32,4,2735,2735,1.0,5.81796,27.475030616203817,0.6749406676276778,0.8531444468365029,0.8895012971888713,0.9284802008587383
chat_preview,photo,kodak_02,768,512,512,341,15,64,64,0,2263,5916,0.38252197430696416,5.54283,26.197056724954987,0.6407221673052973,0.8420041820624945,0.8614113371969602,0.8922564452651598
chat_preview,photo,kodak_02,768,512,512,341,15,64,64,1,3844,5916,0.649763353617309,5.43758,27.91468608580857,0.7054219507238154,0.8893564188229265,0.9105273949656605,0.9430324259560411
chat_preview,photo,kodak_02,768,512,512,341,15,64,64,2,5298,5916,0.8955375253549696,5.49667,29.093702625600038,0.7508574706740149,0.9110315919046307,0.9357654156903051,0.9596824471352283
chat_preview,photo,kodak_02,768,512,512,341,15,64,64,3,5916,5916,1.0,6.37287,29.376651017188383,0.7574579561659828,0.9129811088313207,0.9380522306441165,0.9621882372300704
chat_preview,photo,kodak_02,768,512,512,341,16,64,32,0,1141,2745,0.4156648451730419,4.81658,24.864601791698483,0.5819468716818003,0.7621675514552818,0.7915503132721178,0.8341096323463044
chat_preview,photo,kodak_02,768,512,512,341,16,64,32,1,1798,2745,0.6550091074681239,4.98275,25.89441378796223,0.6233643601824896,0.8146469453243462,0.8489615225689153,0.8813856032446153
chat_preview,photo,kodak_02,768,512,512,341,16,64,32,2,2376,2745,0.8655737704918033,5.17883,27.106136576776212,0.6607997612137012,0.8448052093486281,0.8799584310419649,0.9213746723102995
chat_preview,photo,kodak_02,768,512,512,341,16,64,32,3,2717,2745,0.989799635701275,5.08154,27.489611444091363,0.6761294655751046,0.8539709294829864,0.8902809643721552,0.9286582946148328
chat_preview,photo,kodak_02,768,512,512,341,16,64,32,4,2745,2745,1.0,5.50954,27.493557469878155,0.6762088783227355,0.8540628223505822,0.8903537056077415,0.9287422835661193
chat_preview,photo,kodak_02,768,512,512,341,16,64,64,0,2263,5968,0.37918900804289546,5.41196,26.197056724954987,0.6407221673052973,0.8420041820624945,0.8614113371969602,0.8922564452651598
chat_preview,photo,kodak_02,768,512,512,341,16,64,64,1,3844,5968,0.6441018766756033,5.14671,27.91482477824249,0.7054241023501139,0.8893587115765776,0.9105277326210779,0.9430341448116867
chat_preview,photo,kodak_02,768,512,512,341,16,64,64,2,5299,5968,0.8879021447721179,5.35175,29.10931495267535,0.7510364949891573,0.9112226370575432,0.9359959614938997,0.9597724846604863
chat_preview,photo,kodak_02,768,512,512,341,16,64,64,3,5968,5968,1.0,6.22708,29.42629739030017,0.7588591490262174,0.9137416459212734,0.9391248229612436,0.9630903168155346
chat_preview,photo,kodak_02,768,512,512,341,17,64,32,0,1141,2777,0.4108750450126035,4.9645,24.864601791698483,0.5819468716818003,0.7621675514552818,0.7915503132721178,0.8341096323463044
chat_preview,photo,kodak_02,768,512,512,341,17,64,32,1,1823,2777,0.6564638098667627,4.90567,25.914972859398375,0.6242137660514201,0.8158630211615902,0.8499644968407017,0.8824974216501391
chat_preview,photo,kodak_02,768,512,512,341,17,64,32,2,2408,2777,0.8671227943824271,5.17233,27.127118096890218,0.6614971307932095,0.8453017778383263,0.8803394011455244,0.9219357481734209
chat_preview,photo,kodak_02,768,512,512,341,17,64,32,3,2749,2777,0.9899171768095066,5.06975,27.516212471061724,0.6769277102389474,0.8544970941948159,0.8906939018543356,0.9291792499514533
chat_preview,photo,kodak_02,768,512,512,341,17,64,32,4,2777,2777,1.0,5.61604,27.52020623722151,0.6770064338190117,0.8545935878261487,0.8907703209127004,0.9292647756041457
chat_preview,photo,kodak_02,768,512,512,341,17,64,64,0,2263,6077,0.3723876912950469,5.55842,26.197056724954987,0.6407221673052973,0.8420041820624945,0.8614113371969602,0.8922564452651598
chat_preview,photo,kodak_02,768,512,512,341,17,64,64,1,3950,6077,0.6499917722560474,5.5495,27.934075009838637,0.7074165750169267,0.8906496255786203,0.9120367340995251,0.9437306704465138
chat_preview,photo,kodak_02,768,512,512,341,17,64,64,2,5408,6077,0.8899127859141024,6.49096,29.125582641730112,0.7524125528904166,0.9116055792951642,0.9364252001117824,0.960125814038005
chat_preview,photo,kodak_02,768,512,512,341,17,64,64,3,6077,6077,1.0,6.22442,29.446707360371903,0.7602246263756799,0.91400551931453,0.9394069274629206,0.9633786818834646
chat_preview,photo,kodak_02,768,512,512,341,18,64,32,0,1141,2849,0.4004914004914005,4.94921,24.864601791698483,0.5819468716818003,0.7621675514552818,0.7915503132721178,0.8341096323463044
chat_preview,photo,kodak_02,768,512,512,341,18,64,32,1,1838,2849,0.6451386451386452,5.06196,25.920820678109212,0.6245284859197275,0.8161662896815002,0.8499305960226747,0.8827799108174897
chat_preview,photo,kodak_02,768,512,512,341,18,64,32,2,2466,2849,0.8655668655668656,5.43671,27.141120557149545,0.6635891075789363,0.8464046661409789,0.8817602483018275,0.9221347826799129
chat_preview,photo,kodak_02,768,512,512,341,18,64,32,3,2816,2849,0.9884169884169884,5.17212,27.542014797565805,0.6796075206758568,0.8557009739766763,0.8921314728494988,0.9294895645138465
chat_preview,photo,kodak_02,768,512,512,341,18,64,32,4,2849,2849,1.0,5.47092,27.545312003097578,0.6797024173509169,0.8558073348129888,0.8922104730618514,0.9295804736419448
chat_preview,photo,kodak_02,768,512,512,341,18,64,64,0,2263,6277,0.36052254261589933,8.57971,26.197056724954987,0.6407221673052973,0.8420041820624945,0.8614113371969602,0.8922564452651598
chat_preview,photo,kodak_02,768,512,512,341,18,64,64,1,4009,6277,0.6386808985184005,5.28754,27.96079910198479,0.7078377447413029,0.8908512245976813,0.9119720219969965,0.9441641871895404
chat_preview,photo,kodak_02,768,512,512,341,18,64,64,2,5571,6277,0.8875258881631353,5.40112,29.165416619531634,0.7543399265588357,0.9119277184197222,0.9367508656106267,0.9604880984989526
chat_preview,photo,kodak_02,768,512,512,341,18,64,64,3,6277,6277,1.0,6.37529,29.528534646079052,0.7629450655621389,0.9149494483819183,0.9406590281348335,0.964867230362305
chat_preview,photo,kodak_02,768,512,512,341,19,64,32,0,1161,2882,0.4028452463566967,5.02954,24.864601791698483,0.5819468716818003,0.7621675514552818,0.7915503132721178,0.8341096323463044
chat_preview,photo,kodak_02,768,512,512,341,19,64,32,1,1858,2882,0.6446911866759195,4.78062,25.92102695055756,0.6245427226239905,0.8162098245699773,0.8499328520644159,0.8827846619574055
chat_preview,photo,kodak_02,768,512,512,341,19,64,32,2,2495,2882,0.8657182512144345,5.04137,27.141942970460818,0.6635857790894395,0.8464512035839667,0.8818160495320685,0.9221022082315536
chat_preview,photo,kodak_02,768,512,512,341,19,64,32,3,2847,2882,0.9878556557945871,5.28079,27.54489611101405,0.6796141999864277,0.8557420350885844,0.8921947267715852,0.9294733376952247
chat_preview,photo,kodak_02,768,512,512,341,19,64,32,4,2882,2882,1.0,5.58058,27.549078436473987,0.6797337537668883,0.8558439142926527,0.8922668643800762,0.9295808586966969
chat_preview,photo,kodak_02,768,512,512,341,19,64,64,0,2263,6286,0.3600063633471206,5.40433,26.197056724954987,0.6407221673052973,0.8420041820624945,0.8614113371969602,0.8922564452651598
chat_preview,photo,kodak_02,768,512,512,341,19,64,64,1,4009,6286,0.6377664651606745,4.99404,27.96067854731735,0.7078334594512844,0.890849092002863,0.9119713371337527,0.9441623667542174
chat_preview,photo,kodak_02,768,512,512,341,19,64,64,2,5580,6286,0.8876869233216672,5.78042,29.167875790685006,0.7542997542868658,0.9119457745359374,0.9367460850110609,0.9605315607367773
chat_preview,photo,kodak_02,768,512,512,341,19,64,64,3,6286,6286,1.0,7.09696,29.531336542109695,0.7629044650823572,0.9149664295276926,0.9406529496386448,0.9649095219284802
chat_preview,photo,kodak_02,768,512,512,341,20,64,32,0,1153,2975,0.387563025210084,4.72358,24.866910380084107,0.5818413724017807,0.7618150417758969,0.792079725294355,0.833876767212298
chat_preview,photo,kodak_02,768,512,512,341,20,64,32,1,1855,2975,0.6235294117647059,5.00362,25.928496143247536,0.6252508542417736,0.8175056264710853,0.8503936715818156,0.8829298016525771
chat_preview,photo,kodak_02,768,512,512,341,20,64,32,2,2495,2975,0.838655462184874,5.203,27.154408881273525,0.6641766087098903,0.8477136019183688,0.8823518144891388,0.9226704533499898
chat_preview,photo,kodak_02,768,512,512,341,20,64,32,3,2848,2975,0.9573109243697479,5.186,27.56449284301236,0.6803362185521168,0.8571857245210771,0.8928760568525189,0.9301422590503243
chat_preview,photo,kodak_02,768,512,512,341,20,64,32,4,2975,2975,1.0,5.12992,27.57079820978804,0.6805191369116873,0.8573102214973177,0.8929717213740489,0.9302837000301873
chat_preview,photo,kodak_02,768,512,512,341,20,64,64,0,2285,6318,0.3616650838873061,4.89996,26.214596865243543,0.641987143421945,0.8442051846050482,0.8624816384030292,0.8927633313325064
chat_preview,photo,kodak_02,768,512,512,341,20,64,64,1,4039,6318,0.6392845837290282,4.99783,27.993260230303505,0.7095823439100499,0.8932805801769931,0.9129395900362188,0.9447991827318766
chat_preview,photo,kodak_02,768,512,512,341,20,64,64,2,5610,6318,0.8879392212725546,5.83167,29.20885143739394,0.7561211212961162,0.9144075231600882,0.9377128422881388,0.961042319351663
chat_preview,photo,kodak_02,768,512,512,341,20,64,64,3,6318,6318,1.0,6.31158,29.58018087487514,0.7647022493019134,0.9173257782999827,0.9414011351092761,0.965506226194541
chat_preview,photo,kodak_02,768,512,512,341,21,64,32,0,1153,2999,0.3844614871623875,5.30383,24.866910380084107,0.5818413724017807,0.7618150417758969,0.792079725294355,0.833876767212298
chat_preview,photo,kodak_02,768,512,512,341,21,64,32,1,1856,2999,0.6188729576525509,4.82404,25.928663180156214,0.6252014986311859,0.81736771471093,0.8504043262801072,0.8829245242449281
chat_preview,photo,kodak_02,768,512,512,341,21,64,32,2,2509,2999,0.8366122040680227,4.97321,27.160344663616907,0.6643388668665972,0.8481575532013427,0.8832725288637662,0.9225101027351366
chat_preview,photo,kodak_02,768,512,512,341,21,64,32,3,2872,2999,0.9576525508502834,5.11971,27.5760601950013,0.6807352828586245,0.8577356859054558,0.8939442739730817,0.9300600257952653
chat_preview,photo,kodak_02,768,512,512,341,21,64,32,4,2999,2999,1.0,5.54271,27.582570647952274,0.6809202000305113,0.8578557220605983,0.8940365296157,0.9301992578073337
chat_preview,photo,kodak_02,768,512,512,341,21,64,64,0,2285,6383,0.35798214005953316,4.96421,26.214596865243543,0.641987143421945,0.8442051846050482,0.8624816384030292,0.8927633313325064
chat_preview,photo,kodak_02,768,512,512,341,21,64,64,1,4039,6383,0.6327745574181419,4.89062,27.993110816798996,0.7095839555167319,0.893284924148325,0.9129389117667834,0.9447988631086619
chat_preview,photo,kodak_02,768,512,512,341,21,64,64,2,5642,6383,0.8839103869653768,5.90104,29.22109607638704,0.7567848552551187,0.9146815008740465,0.9381062744028077,0.9611843097864278
chat_preview,photo,kodak_02,768,512,512,341,21,64,64,3,6383,6383,1.0,6.14171,29.60952847636541,0.7661865662995546,0.9178321947714796,0.9422054934979139,0.966383910925305
chat_preview,photo,kodak_02,768,512,512,341,22,64,32,0,1153,3001,0.3842052649116961,4.78775,24.866910380084107,0.5818413724017807,0.7618150417758969,0.792079725294355,0.833876767212298
chat_preview,photo,kodak_02,768,512,512,341,22,64,32,1,1856,3001,0.6184605131622792,5.07717,25.928663180156214,0.6252014986311859,0.81736771471093,0.8504043262801072,0.8829245242449281
chat_preview,photo,kodak_02,768,512,512,341,22,64,32,2,2509,3001,0.8360546484505165,5.23854,27.164271584646347,0.6643886754175107,0.8482447519155517,0.8833600081552219,0.9226444984135227
chat_preview,photo,kodak_02,768,512,512,341,22,64,32,3,2874,3001,0.9576807730756415,5.46429,27.585778561311454,0.6808281330386613,0.85786028196642,0.8940939082152197,0.9302456169209418
chat_preview,photo,kodak_02,768,512,512,341,22,64,32,4,3001,3001,1.0,5.31979,27.59250885262755,0.6810142214633169,0.8579803526338265,0.8941859434019475,0.9303848159993072
chat_preview,photo,kodak_02,768,512,512,341,22,64,64,0,2285,6383,0.35798214005953316,4.99262,26.214596865243543,0.641987143421945,0.8442051846050482,0.8624816384030292,0.8927633313325064
chat_preview,photo,kodak_02,768,512,512,341,22,64,64,1,4039,6383,0.6327745574181419,5.27642,27.993110816798996,0.7095839555167319,0.893284924148325,0.9129389117667834,0.9447988631086619
chat_preview,photo,kodak_02,768,512,512,341,22,64,64,2,5642,6383,0.8839103869653768,6.05758,29.223655237485495,0.7567930744234438,0.9146961064951912,0.9381231988134789,0.961198907242279
chat_preview,photo,kodak_02,768,512,512,341,22,64,64,3,6383,6383,1.0,7.03529,29.62162556977273,0.7662424422390801,0.9178420573630474,0.9422055150762364,0.9664292979923212
chat_preview,photo,kodak_02,768,512,512,341,23,64,32,0,1163,3092,0.3761319534282018,4.80633,24.855752456652368,0.5833599514654589,0.7645989046990538,0.7942549222371971,0.8345886683610353
chat_preview,photo,kodak_02,768,512,512,341,23,64,32,1,1905,3092,0.6161060802069858,4.64867,25.938675647180265,0.6272055474118557,0.8212905054920309,0.8532546273797775,0.8839207870945796
chat_preview,photo,kodak_02,768,512,512,341,23,64,32,2,2588,3092,0.8369987063389392,5.17146,27.17973590604017,0.6678473471197215,0.8523144089945386,0.8875027460356771,0.9233285539774159
chat_preview,photo,kodak_02,768,512,512,341,23,64,32,3,2965,3092,0.9589262613195343,5.53733,27.617598939922125,0.685073012442739,0.8624288740957908,0.8991397635256149,0.9310320226982479
chat_preview,photo,kodak_02,768,512,512,341,23,64,32,4,3092,3092,1.0,5.46467,27.625044324292038,0.6852680058251126,0.8625711856966246,0.8992544667826363,0.9311831902520663
chat_preview,photo,kodak_02,768,512,512,341,23,64,64,0,2339,6656,0.35141225961538464,5.38125,26.202966760221283,0.6433459334997745,0.8463478528335354,0.864866750533351,0.8937086691199715
chat_preview,photo,kodak_02,768,512,512,341,23,64,64,1,4177,6656,0.6275540865384616,5.61792,28.023022515297495,0.7120821108456733,0.8951267240316988,0.9147179771625965,0.9454491621468016
chat_preview,photo,kodak_02,768,512,512,341,23,64,64,2,5888,6656,0.8846153846153846,5.55596,29.297147279000235,0.7615131393706974,0.9181661258811776,0.9419555453625091,0.962697247091927
chat_preview,photo,kodak_02,768,512,512,341,23,64,64,3,6656,6656,1.0,6.54604,29.706563352066482,0.7722578627022169,0.9213312847368852,0.9459747100182105,0.9676996315471492
chat_preview,photo,kodak_02,768,512,512,341,24,64,32,0,1163,3098,0.37540348612007746,4.92771,24.855752456652368,0.5833599514654589,0.7645989046990538,0.7942549222371971,0.8345886683610353
chat_preview,photo,kodak_02,768,512,512,341,24,64,32,1,1905,3098,0.6149128469980633,5.03621,25.938587605695545,0.6272470584364352,0.8213122358704066,0.8532553626005603,0.8839122956648122
chat_preview,photo,kodak_02,768,512,512,341,24,64,32,2,2592,3098,0.8366688185926404,5.32837,27.180597310523055,0.668174843233595,0.8524104476145008,0.8874749456668636,0.9233009331600392
chat_preview,photo,kodak_02,768,512,512,341,24,64,32,3,2969,3098,0.9583602324080052,5.28421,27.624843073377065,0.6855002231027281,0.8626666789582792,0.8992919433109537,0.9311578013924667
chat_preview,photo,kodak_02,768,512,512,341,24,64,32,4,3098,3098,1.0,5.41933,27.633929168589262,0.6857236271398041,0.8628114608336063,0.8994121150370319,0.9313269517530586
chat_preview,photo,kodak_02,768,512,512,341,24,64,64,0,2339,6672,0.3505695443645084,4.70304,26.202966760221283,0.6433459334997745,0.8463478528335354,0.864866750533351,0.8937086691199715
chat_preview,photo,kodak_02,768,512,512,341,24,64,64,1,4177,6672,0.6260491606714629,5.17929,28.022919713426777,0.712083403083902,0.8951285717042111,0.9147149020199278,0.9454495137478671
chat_preview,photo,kodak_02,768,512,512,341,24,64,64,2,5904,6672,0.8848920863309353,6.29696,29.294929169977216,0.761574120730297,0.9181804361054994,0.9419646949994673,0.9626743745888091
chat_preview,photo,kodak_02,768,512,512,341,24,64,64,3,6672,6672,1.0,6.47858,29.71627176689958,0.7724048032237745,0.9213709980925208,0.9460556846234066,0.9677313305560722
chat_preview,photo,kodak_02,768,512,512,341,25,64,32,0,1192,3154,0.3779327837666455,4.82487,24.836640306456506,0.5828551810992915,0.7651213022702533,0.7949708589932724,0.8340839939968435
chat_preview,photo,kodak_02,768,512,512,341,25,64,32,1,1939,3154,0.6147748890298034,5.006,25.905296988957545,0.6274200430343791,0.8222843843965179,0.8537965010114545,0.883310407119358
chat_preview,photo,kodak_02,768,512,512,341,25,64,32,2,2631,3154,0.8341788205453392,5.10787,27.1632542859862,0.6681137011461401,0.8533828952660215,0.8878634129313875,0.9235110752381
chat_preview,photo,kodak_02,768,512,512,341,25,64,32,3,3025,3154,0.9590995561192137,5.36787,27.61184441485915,0.6858322965942106,0.8636021111392833,0.8997791841326975,0.9315026518947901
chat_preview,photo,kodak_02,768,512,512,341,25,64,32,4,3154,3154,1.0,5.40608,27.621260198758012,0.6860589814970889,0.8637467671418766,0.8998997730216104,0.9316748448542573
chat_preview,photo,kodak_02,768,512,512,341,25,64,64,0,2400,6774,0.354295837023915,5.37029,26.177871954062567,0.6428221544814569,0.8458308750884949,0.8655264898283835,0.8930019211626293
chat_preview,photo,kodak_02,768,512,512,341,25,64,64,1,4241,6774,0.6260702686743431,5.13392,27.99218055222213,0.7114885744833442,0.8953576580730088,0.91475802842864,0.945191710409014
chat_preview,photo,kodak_02,768,512,512,341,25,64,64,2,5976,6774,0.8821966341895483,5.42046,29.25898321586322,0.7610389514527277,0.918283646486735,0.9418864142641127,0.9624950644742823
chat_preview,photo,kodak_02,768,512,512,341,25,64,64,3,6774,6774,1.0,6.21292,29.69740319037532,0.7727467520722596,0.9216574241597061,0.9461214525094966,0.9678539453817807
chat_preview,photo,kodak_02,768,512,512,341,26,64,32,0,1212,3270,0.3706422018348624,4.55608,24.836640306456506,0.5828551810992915,0.7651213022702533,0.7949708589932724,0.8340839939968435
chat_preview,photo,kodak_02,768,512,512,341,26,64,32,1,1959,3270,0.5990825688073395,5.02971,25.90546199351245,0.6274640636672301,0.8223407433182698,0.8537931546711032,0.8833101659124468
chat_preview,photo,kodak_02,768,512,512,341,26,64,32,2,2652,3270,0.8110091743119267,5.60612,27.177626649561955,0.6684248544015539,0.8538445144527751,0.8883253166372643,0.9236456201336627
chat_preview,photo,kodak_02,768,512,512,341,26,64,32,3,3050,3270,0.9327217125382263,5.48508,27.630947329295896,0.6862924487908013,0.8642915290771419,0.9005318705851156,0.9317713174161399
chat_preview,photo,kodak_02,768,512,512,341,26,64,32,4,3270,3270,1.0,5.65346,27.64473978596147,0.6865873577504317,0.864455463158976,0.9006654005269029,0.9319889236967105
chat_preview,photo,kodak_02,768,512,512,341,26,64,64,0,2400,6778,0.35408675125405725,4.89858,26.177871954062567,0.6428221544814569,0.8458308750884949,0.8655264898283835,0.8930019211626293
chat_preview,photo,kodak_02,768,512,512,341,26,64,64,1,4241,6778,0.6257007966951903,5.35162,27.992111886642192,0.7114933953986046,0.8953616817468374,0.9147566854281958,0.9451910072240154
chat_preview,photo,kodak_02,768,512,512,341,26,64,64,2,5978,6778,0.8819710829153142,5.70479,29.277597349008573,0.7613188727815513,0.9185262889034472,0.9420811015384418,0.9626016401316297
chat_preview,photo,kodak_02,768,512,512,341,26,64,64,3,6778,6778,1.0,6.31533,29.732283274935376,0.7731582737592707,0.9219331531299924,0.9463522854138644,0.9680184218611263
chat_preview,photo,kodak_02,768,512,512,341,27,64,32,0,1212,3328,0.3641826923076923,4.99892,24.836640306456506,0.5828551810992915,0.7651213022702533,0.7949708589932724,0.8340839939968435
chat_preview,photo,kodak_02,768,512,512,341,27,64,32,1,1980,3328,0.5949519230769231,4.78963,25.919874532532937,0.6281414066364439,0.8238410219467228,0.8539353866732062,0.8841539986080946
chat_preview,photo,kodak_02,768,512,512,341,27,64,32,2,2689,3328,0.8079927884615384,5.48967,27.200328083540114,0.669346199709887,0.8550319618245622,0.8882143440679138,0.9244265657596656
chat_preview,photo,kodak_02,768,512,512,341,27,64,32,3,3106,3328,0.9332932692307693,5.24117,27.664031605320595,0.687954823308169,0.8657432277131862,0.9007871723213865,0.9328056648058853
chat_preview,photo,kodak_02,768,512,512,341,27,64,32,4,3328,3328,1.0,6.15792,27.678679060860475,0.6882558324189582,0.8659100031056087,0.9009234518752454,0.9330456778451197
chat_preview,photo,kodak_02,768,512,512,341,27,64,64,0,2400,6886,0.3485332558814987,4.81758,26.177871954062567,0.6428221544814569,0.8458308750884949,0.8655264898283835,0.8930019211626293
chat_preview,photo,kodak_02,768,512,512,341,27,64,64,1,4283,6886,0.6219866395585245,5.16692,28.008214379893616,0.7123181201251271,0.8961698809127211,0.9152391550065027,0.945545292660918
chat_preview,photo,kodak_02,768,512,512,341,27,64,64,2,6046,6886,0.8780133604414755,5.65442,29.30578490128624,0.7623674585761452,0.9194711950349445,0.9425052151260329,0.9631161663557019
chat_preview,photo,kodak_02,768,512,512,341,27,64,64,3,6886,6886,1.0,6.18542,29.777222708553936,0.7748453321202303,0.9228626599379061,0.9467514091412192,0.9684750446549878
chat_preview,photo,kodak_02,768,512,512,341,28,64,32,0,1232,3406,0.361714621256606,4.97012,24.836640306456506,0.5828551810992915,0.7651213022702533,0.7949708589932724,0.8340839939968435
chat_preview,photo,kodak_02,768,512,512,341,28,64,32,1,2001,3406,0.5874926600117439,4.99637,25.91996902318947,0.6281797225368739,0.8238955130064043,0.8539335366417963,0.8841714041748767
chat_preview,photo,kodak_02,768,512,512,341,28,64,32,2,2741,3406,0.8047563123899002,5.18246,27.22396496536772,0.6711869832832932,0.856008362070574,0.8896065620732286,0.925181479546289
chat_preview,photo,kodak_02,768,512,512,341,28,64,32,3,3182,3406,0.9342337052260716,5.5865,27.695013320531743,0.6898375667311445,0.8667112742540487,0.9021503664375767,0.9336350701909206
chat_preview,photo,kodak_02,768,512,512,341,28,64,32,4,3406,3406,1.0,6.31092,27.711743141789317,0.6901478904579404,0.8668767169466288,0.9022874471322303,0.9338872502042735
chat_preview,photo,kodak_02,768,512,512,341,28,64,64,0,2400,7001,0.3428081702613912,5.11687,26.177871954062567,0.6428221544814569,0.8458308750884949,0.8655264898283835,0.8930019211626293
chat_preview,photo,kodak_02,768,512,512,341,28,64,64,1,4283,7001,0.6117697471789745,5.09042,28.00825540971512,0.7123218672693553,0.8961728504413654,0.9152389070530669,0.9455459199909848
chat_preview,photo,kodak_02,768,512,512,341,28,64,64,2,6161,7001,0.8800171404085131,5.55046,29.34324298531547,0.7643313962418884,0.9202153908059172,0.9433813492489276,0.9637272374400494
chat_preview,photo,kodak_02,768,512,512,341,28,64,64,3,7001,7001,1.0,6.13583,29.826320377542004,0.7768557640607758,0.9232577756137613,0.9471927710440652,0.968455429654502
chat_preview,photo,kodak_02,768,512,512,341,29,64,32,0,1232,3474,0.3546344271732873,4.68842,24.836640306456506,0.5828551810992915,0.7651213022702533,0.7949708589932724,0.8340839939968435
chat_preview,photo,kodak_02,768,512,512,341,29,64,32,1,2035,3474,0.5857800805987334,4.68221,25.92597254552714,0.6290674544213615,0.8258111675541978,0.8555281955893866,0.8847342704598622
chat_preview,photo,kodak_02,768,512,512,341,29,64,32,2,2783,3474,0.8010938399539436,5.03925,27.234670569658658,0.6722727848465055,0.8572917406857679,0.8903054549294627,0.9260229224191827
chat_preview,photo,kodak_02,768,512,512,341,29,64,32,3,3247,3474,0.934657455382844,5.16254,27.718829040155512,0.6918062402635675,0.8683161621736799,0.9031075186850586,0.9346526710003052
chat_preview,photo,kodak_02,768,512,512,341,29,64,32,4,3474,3474,1.0,5.74004,27.73934427349402,0.6921837536800286,0.868502391733561,0.9032597419434418,0.934956793322623
chat_preview,photo,kodak_02,768,512,512,341,29,64,64,0,2400,7199,0.333379636060564,4.87671,26.177871954062567,0.6428221544814569,0.8458308750884949,0.8655264898283835,0.8930019211626293
chat_preview,photo,kodak_02,768,512,512,341,29,64,64,1,4397,7199,0.6107792748992915,5.06758,28.02715536963596,0.714216762290143,0.8972917903224235,0.9163162339435201,0.9458181471955156
chat_preview,photo,kodak_02,768,512,512,341,29,64,64,2,6304,7199,0.875677177385748,5.55067,29.360367494824406,0.7662661967764487,0.9210968433658581,0.9441770066076042,0.9638187413064856
chat_preview,photo,kodak_02,768,512,512,341,29,64,64,3,7199,7199,1.0,6.55775,29.879879616023768,0.7800805589376338,0.9247473697222924,0.9487225894540701,0.9692767752620309
chat_preview,photo,kodak_02,768,512,512,341,30,64,32,0,1260,3529,0.35704165485973366,4.79113,24.853727999908692,0.5818565344059393,0.7632071203879076,0.7936769935434934,0.8349870780947646
chat_preview,photo,kodak_02,768,512,512,341,30,64,32,1,2071,3529,0.5868517993765939,4.86071,25.949018291771935,0.6286249549578415,0.8244006678237127,0.8545418937452791,0.8853677711286768
chat_preview,photo,kodak_02,768,512,512,341,30,64,32,2,2819,3529,0.7988098611504676,5.00317,27.253501955307044,0.6720455400593507,0.8560441707138907,0.889191296520003,0.9262807032457845
chat_preview,photo,kodak_02,768,512,512,341,30,64,32,3,3302,3529,0.9356758288466988,5.32275,27.75509415206222,0.6917381812393417,0.867196883206498,0.9020744221389924,0.9351653311923837
chat_preview,photo,kodak_02,768,512,512,341,30,64,32,4,3529,3529,1.0,5.68562,27.775792519484423,0.692121210427722,0.867380204687816,0.9022264009981865,0.93546618818841
chat_preview,photo,kodak_02,768,512,512,341,30,64,64,0,2510,7340,0.3419618528610354,5.09025,26.17479541480007,0.6403200783335202,0.8427941643851034,0.8641157427236326,0.8929853109479132
chat_preview,photo,kodak_02,768,512,512,341,30,64,64,1,4538,7340,0.6182561307901907,5.30237,28.02977693735255,0.7124343055769331,0.8948388158947096,0.9150077175260957,0.9458103504002373
chat_preview,photo,kodak_02,768,512,512,341,30,64,64,2,6445,7340,0.8780653950953679,6.40342,29.36742806852356,0.7644120029476159,0.918667181436693,0.9428787487563047,0.9638039194820405
chat_preview,photo,kodak_02,768,512,512,341,30,64,64,3,7340,7340,1.0,7.05362,29.900472998785986,0.7782775794136346,0.9222307771283913,0.9476712406007545,0.96923087586077
chat_preview,photo,kodak_02,768,512,512,341,31,64,32,0,1260,3571,0.3528423410809297,5.17592,24.853727999908692,0.5818565344059393,0.7632071203879076,0.7936769935434934,0.8349870780947646
chat_preview,photo,kodak_02,768,512,512,341,31,64,32,1,2073,3571,0.5805096611593391,5.00654,25.94843418011088,0.6286755366586338,0.8243857735629593,0.8545248333012728,0.885347505601839
chat_preview,photo,kodak_02,768,512,512,341,31,64,32,2,2829,3571,0.7922150658078969,5.08142,27.272839636097814,0.6723614942166302,0.8564666610822158,0.8891489604473853,0.9271156202972634
chat_preview,photo,kodak_02,768,512,512,341,31,64,32,3,3343,3571,0.9361523382805936,6.16033,27.803209023921905,0.6929469988135165,0.86800944993339,0.9022513157770607,0.9366088376309766
chat_preview,photo,kodak_02,768,512,512,341,31,64,32,4,3571,3571,1.0,6.03146,27.82668116047661,0.693337219418977,0.8681858991762588,0.902397214802692,0.9369355554263598
chat_preview,photo,kodak_02,768,512,512,341,31,64,64,0,2510,7389,0.3396941399377453,5.11542,26.17479541480007,0.6403200783335202,0.8427941643851034,0.8641157427236326,0.8929853109479132
chat_preview,photo,kodak_02,768,512,512,341,31,64,64,1,4540,7389,0.6144268507240492,5.49029,28.029938959411282,0.7124189913624162,0.8948215558460842,0.9150059190752047,0.9458133360031399
chat_preview,photo,kodak_02,768,512,512,341,31,64,64,2,6448,7389,0.8726485316010285,5.45246,29.383367711301748,0.7648093541065375,0.9189901574274383,0.9432796669600397,0.9640039869995297
chat_preview,photo,kodak_02,768,512,512,341,31,64,64,3,7389,7389,1.0,6.93837,29.946540632664373,0.779790115648047,0.9228448499952019,0.948334123344285,0.9696901166820525
chat_preview,photo,kodak_02,768,512,512,341,32,64,32,0,1260,3611,0.34893381334810303,5.60375,24.853727999908692,0.5818565344059393,0.7632071203879076,0.7936769935434934,0.8349870780947646
chat_preview,photo,kodak_02,768,512,512,341,32,64,32,1,2098,3611,0.5810024923843811,5.24083,25.96453040206864,0.6290986896669443,0.8249663550911737,0.854353326865412,0.8860312237625857
chat_preview,photo,kodak_02,768,512,512,341,32,64,32,2,2861,3611,0.7923013015785101,5.36079,27.2856233964607,0.6733140681657414,0.8570496983206614,0.8892270038083399,0.9273116788056595
chat_preview,photo,kodak_02,768,512,512,341,32,64,32,3,3381,3611,0.9363057324840764,6.20967,27.826165776208867,0.6940625022212509,0.8686464854026825,0.9024524583411808,0.9370521288607795
chat_preview,photo,kodak_02,768,512,512,341,32,64,32,4,3611,3611,1.0,5.62829,27.852136492105334,0.6944881265714812,0.8688324554068988,0.9026095013180127,0.9374098319650187
chat_preview,photo,kodak_02,768,512,512,341,32,64,64,0,2510,7501,0.3346220503932809,5.16463,26.17479541480007,0.6403200783335202,0.8427941643851034,0.8641157427236326,0.8929853109479132
chat_preview,photo,kodak_02,768,512,512,341,32,64,64,1,4594,7501,0.612451673110252,5.13158,28.041292057960007,0.7129621679230818,0.8951583505120655,0.9152648088617591,0.9458983532528661
chat_preview,photo,kodak_02,768,512,512,341,32,64,64,2,6528,7501,0.8702839621383816,5.77571,29.409740187073506,0.765554307525388,0.9194041816689457,0.9432442026250316,0.964257076780754
chat_preview,photo,kodak_02,768,512,512,341,32,64,64,3,7501,7501,1.0,6.66442,29.99575615925336,0.7806974711329321,0.9231841629891783,0.9482724348338937,0.969875559900679
chat_preview,photo,kodak_02,768,512,512,341,33,64,32,0,1260,3687,0.3417412530512612,4.86546,24.853727999908692,0.5818565344059393,0.7632071203879076,0.7936769935434934,0.8349870780947646
chat_preview,photo,kodak_02,768,512,512,341,33,64,32,1,2102,3687,0.57011120151885,4.97438,25.965731146399733,0.6291440039981328,0.8249178023098719,0.8543561780399256,0.8860992572923935
chat_preview,photo,kodak_02,768,512,512,341,33,64,32,2,2897,3687,0.7857336588011934,5.40733,27.30743619969717,0.675030440846033,0.8583203614103141,0.8907608839312169,0.9284124239087447
chat_preview,photo,kodak_02,768,512,512,341,33,64,32,3,3453,3687,0.9365337672904801,5.37054,27.867001303663645,0.6966900530799918,0.8700233088618186,0.903986628766894,0.9385849032154743
chat_preview,photo,kodak_02,768,512,512,341,33,64,32,4,3687,3687,1.0,5.78179,27.896194743171773,0.697150621470386,0.8702174475043286,0.9041468850964305,0.9389747093703378
chat_preview,photo,kodak_02,768,512,512,341,33,64,64,0,2530,7710,0.32814526588845655,5.33087,26.17479541480007,0.6403200783335202,0.8427941643851034,0.8641157427236326,0.8929853109479132
chat_preview,photo,kodak_02,768,512,512,341,33,64,64,1,4643,7710,0.6022049286640726,5.12613,28.043709487284975,0.7131173028263064,0.8953824424385107,0.9155009337480946,0.9458947811559854
chat_preview,photo,kodak_02,768,512,512,341,33,64,64,2,6701,7710,0.8691309987029832,5.52321,29.441382716498783,0.7671961175940748,0.9204412124557897,0.9446242737205985,0.9651885557782297
chat_preview,photo,kodak_02,768,512,512,341,33,64,64,3,7710,7710,1.0,6.20383,30.039181825040217,0.7831710144785062,0.9237181905191841,0.9489439989760334,0.9697581134807891
chat_preview,photo,kodak_02,768,512,512,341,34,64,32,0,1260,3690,0.34146341463414637,4.90171,24.853727999908692,0.5818565344059393,0.7632071203879076,0.7936769935434934,0.8349870780947646
chat_preview,photo,kodak_02,768,512,512,341,34,64,32,1,2102,3690,0.5696476964769648,4.78937,25.965731146399733,0.6291440039981328,0.8249178023098719,0.8543561780399256,0.8860992572923935
chat_preview,photo,kodak_02,768,512,512,341,34,64,32,2,2897,3690,0.7850948509485095,5.58542,27.31233922610722,0.6751050553790415,0.85841590989551,0.8907634908994101,0.9285468268260246
chat_preview,photo,kodak_02,768,512,512,341,34,64,32,3,3455,3690,0.9363143631436315,5.99908,27.881750632114493,0.6969441103948301,0.8702345043914481,0.9040963770449978,0.938841513011498
chat_preview,photo,kodak_02,768,512,512,341,34,64,32,4,3690,3690,1.0,5.85829,27.912863141744616,0.6974416139551295,0.8704379683101354,0.9042692583603176,0.939253283960707
chat_preview,photo,kodak_02,768,512,512,341,34,64,64,0,2530,7711,0.3281027104136947,4.96679,26.17479541480007,0.6403200783335202,0.8427941643851034,0.8641157427236326,0.8929853109479132
chat_preview,photo,kodak_02,768,512,512,341,34,64,64,1,4643,7711,0.6021268317987291,4.99337,28.043709487284975,0.7131173028263064,0.8953824424385107,0.9155009337480946,0.9458947811559854
chat_preview,photo,kodak_02,768,512,512,341,34,64,64,2,6701,7711,0.8690182855660744,5.46604,29.44670129827955,0.7672824020296996,0.9204957090838635,0.9446701173353101,0.9652166824559064
chat_preview,photo,kodak_02,768,512,512,341,34,64,64,3,7711,7711,1.0,6.40937,30.06068383105452,0.783366294866504,0.9237832337815038,0.949003720176947,0.969848944865888
chat_preview,photo,kodak_02,768,512,512,341,35,64,32,0,1329,3820,0.34790575916230365,5.09858,24.88964076013461,0.5824754974635181,0.7649465178587683,0.7946628734082343,0.8359267276279793
chat_preview,photo,kodak_02,768,512,512,341,35,64,32,1,2177,3820,0.5698952879581152,4.69912,26.00762450263098,0.6307790400981401,0.8266288142871213,0.8566875338270966,0.8869874775871165
chat_preview,photo,kodak_02,768,512,512,341,35,64,32,2,2999,3820,0.7850785340314136,4.89604,27.40103983624557,0.6772049256996947,0.860683331012241,0.8927645679099212,0.930456769733918
chat_preview,photo,kodak_02,768,512,512,341,35,64,32,3,3583,3820,0.9379581151832461,5.30846,28.004791971559605,0.7003676721024922,0.8732621244481985,0.9070432661716201,0.9412136493650831
chat_preview,photo,kodak_02,768,512,512,341,35,64,32,4,3820,3820,1.0,5.915,28.039790555988656,0.7008695528334772,0.873455948874769,0.9072022791758226,0.9416549784262211
chat_preview,photo,kodak_02,768,512,512,341,35,64,64,0,2719,7997,0.34000250093785167,4.74362,26.228712299450127,0.6420407944210266,0.8452211935707137,0.8659041762847901,0.8943997618148768
chat_preview,photo,kodak_02,768,512,512,341,35,64,64,1,4850,7997,0.6064774290358884,5.18975,28.10428666054002,0.7152586663757807,0.8976837307829553,0.9177825523203672,0.9461188832156922
chat_preview,photo,kodak_02,768,512,512,341,35,64,64,2,6936,7997,0.8673252469676128,5.54612,29.555614814695694,0.7700502166133583,0.92279487966305,0.9472178285777928,0.9656869348206939
chat_preview,photo,kodak_02,768,512,512,341,35,64,64,3,7997,7997,1.0,6.20479,30.220529089245435,0.7871797556617217,0.9267285625164555,0.9523455169153321,0.9708369713600213
chat_preview,photo,kodak_02,768,512,512,341,36,64,32,0,1329,3825,0.3474509803921569,4.70167,24.88964076013461,0.5824754974635181,0.7649465178587683,0.7946628734082343,0.8359267276279793
chat_preview,photo,kodak_02,768,512,512,341,36,64,32,1,2179,3825,0.569673202614379,4.79117,26.00868106164651,0.6309013110609073,0.8267448734071549,0.8566733363411811,0.8870071186309741
chat_preview,photo,kodak_02,768,512,512,341,36,64,32,2,3002,3825,0.7848366013071896,5.07071,27.415866445721385,0.6776243992960085,0.8612036952345224,0.8930056175230621,0.930571153224203
chat_preview,photo,kodak_02,768,512,512,341,36,64,32,3,3588,3825,0.9380392156862745,5.65196,28.040817651005135,0.7011373598482105,0.8740899890983228,0.9076285503387774,0.941737368326247
chat_preview,photo,kodak_02,768,512,512,341,36,64,32,4,3825,3825,1.0,5.71654,28.076536950929736,0.7016476080760038,0.8742820860073066,0.9077853043206312,0.9421656648951408
chat_preview,photo,kodak_02,768,512,512,341,36,64,64,0,2719,8007,0.33957786936430623,4.82475,26.228712299450127,0.6420407944210266,0.8452211935707137,0.8659041762847901,0.8943997618148768
chat_preview,photo,kodak_02,768,512,512,341,36,64,64,1,4855,8007,0.6063444486074685,6.978,28.104896300073573,0.7152963223876113,0.8976942442321404,0.9177768765849736,0.946127078638732
chat_preview,photo,kodak_02,768,512,512,341,36,64,64,2,6944,8007,0.8672411639815162,5.3575,29.581133491938218,0.7705023088185282,0.9230563272758134,0.9475136248220654,0.965795901701135
chat_preview,photo,kodak_02,768,512,512,341,36,64,64,3,8007,8007,1.0,6.14558,30.263833280256094,0.7878067993029806,0.9270883326458804,0.952775825958898,0.9710260323370895
chat_preview,photo,kodak_02,768,512,512,341,37,64,32,0,1329,3863,0.34403313486927256,5.2355,24.88964076013461,0.5824754974635181,0.7649465178587683,0.7946628734082343,0.8359267276279793
chat_preview,photo,kodak_02,768,512,512,341,37,64,32,1,2205,3863,0.5707998964535336,5.22925,26.016357652164306,0.6315286006577043,0.8275683039793491,0.8565541407409525,0.8872192841912587
chat_preview,photo,kodak_02,768,512,512,341,37,64,32,2,3035,3863,0.7856588143929588,5.44808,27.42312634944277,0.6782679026029715,0.8617688120298931,0.8923627796876544,0.9310265146626562
chat_preview,photo,kodak_02,768,512,512,341,37,64,32,3,3621,3863,0.9373543877815169,4.96225,28.052821910642088,0.7017047092877751,0.8745307809265718,0.9069352383716606,0.9422209895494285
chat_preview,photo,kodak_02,768,512,512,341,37,64,32,4,3863,3863,1.0,5.88825,28.089454815586024,0.7023301268372787,0.8747114799104502,0.9070777525253068,0.9426817155387935
chat_preview,photo,kodak_02,768,512,512,341,37,64,64,0,2719,8091,0.3360524039055741,4.97687,26.228712299450127,0.6420407944210266,0.8452211935707137,0.8659041762847901,0.8943997618148768
chat_preview,photo,kodak_02,768,512,512,341,37,64,64,1,4936,8091,0.6100605611172908,5.26979,28.10458590645664,0.7165506339075819,0.8981397787519397,0.918012180636335,0.9457414856416191
chat_preview,photo,kodak_02,768,512,512,341,37,64,64,2,7028,8091,0.8686194537140032,5.48483,29.585577244090487,0.7716357262010506,0.9235733380540355,0.9476009239417791,0.9656017183147072
chat_preview,photo,kodak_02,768,512,512,341,37,64,64,3,8091,8091,1.0,6.41012,30.274294603274544,0.788871794373409,0.9277553726326874,0.9528312807189799,0.9711432073888193
chat_preview,photo,kodak_02,768,512,512,341,38,64,32,0,1329,3942,0.3371385083713851,4.876,24.88964076013461,0.5824754974635181,0.7649465178587683,0.7946628734082343,0.8359267276279793
chat_preview,photo,kodak_02,768,512,512,341,38,64,32,1,2206,3942,0.5596144089294774,4.90504,26.016765522005926,0.6315684874473808,0.8276197855941292,0.8565579740108359,0.8872317689305684
chat_preview,photo,kodak_02,768,512,512,341,38,64,32,2,3086,3942,0.7828513444951801,4.79204,27.4507018916198,0.6797152720678737,0.8628441727168951,0.8944641274660361,0.9323483529617952
chat_preview,photo,kodak_02,768,512,512,341,38,64,32,3,3696,3942,0.9375951293759512,5.48875,28.09218133221846,0.703948495152194,0.8756455477258193,0.9091619955466983,0.9435457918647504
chat_preview,photo,kodak_02,768,512,512,341,38,64,32,4,3942,3942,1.0,5.66721,28.133829938644904,0.7047009427730133,0.8757899468497706,0.9092589357543329,0.9440275263095851
chat_preview,photo,kodak_02,768,512,512,341,38,64,64,0,2719,8318,0.3268814618898774,5.15429,26.228712299450127,0.6420407944210266,0.8452211935707137,0.8659041762847901,0.8943997618148768
chat_preview,photo,kodak_02,768,512,512,341,38,64,64,1,4944,8318,0.594373647511421,5.50771,28.104722061520164,0.7165073166651488,0.898117200077615,0.9179985449181626,0.9457429070156513
chat_preview,photo,kodak_02,768,512,512,341,38,64,64,2,7203,8318,0.8659533541716758,6.18867,29.626546331519762,0.7735290795545763,0.9244334419268876,0.9489470577431827,0.9663736292348466
chat_preview,photo,kodak_02,768,512,512,341,38,64,64,3,8318,8318,1.0,6.51404,30.332668297437042,0.7917486112281086,0.928401091124725,0.9538154640541819,0.9711579079635042
chat_preview,photo,kodak_02,768,512,512,341,39,64,32,0,1341,3969,0.3378684807256236,4.90654,24.919980057144706,0.5838888830246715,0.7687237019945186,0.794758650871417,0.8378999911408836
chat_preview,photo,kodak_02,768,512,512,341,39,64,32,1,2220,3969,0.5593348450491308,4.81471,26.06750688705173,0.6332036950645881,0.8320654203295906,0.8566133600588267,0.8894565909552722
chat_preview,photo,kodak_02,768,512,512,341,39,64,32,2,3106,3969,0.782564877802973,5.04458,27.512691890558287,0.6820635722388794,0.8678090362603466,0.8942048036000626,0.9340880874529309
chat_preview,photo,kodak_02,768,512,512,341,39,64,32,3,3720,3969,0.9372637944066515,5.45292,28.171775470874753,0.7063625175776084,0.8805658955866379,0.9089307186753894,0.9452428247732009
chat_preview,photo,kodak_02,768,512,512,341,39,64,32,4,3969,3969,1.0,5.89863,28.215295786514805,0.7071464680516518,0.8807122691768381,0.9090246587103232,0.9457355071595245
chat_preview,photo,kodak_02,768,512,512,341,39,64,64,0,2737,8348,0.3278629611883086,4.75413,26.28320976704458,0.6450493303131525,0.8502886144126113,0.8660304402068922,0.8965159679111366
chat_preview,photo,kodak_02,768,512,512,341,39,64,64,1,4964,8348,0.5946334451365597,4.98204,28.18884374972448,0.7199872141171101,0.903422708768208,0.9191462198573989,0.9478240765688284
chat_preview,photo,kodak_02,768,512,512,341,39,64,64,2,7233,8348,0.866435074269286,6.54842,29.751055562129146,0.77699384969011,0.9297157106219988,0.9500656720541595,0.9683476739538992
chat_preview,photo,kodak_02,768,512,512,341,39,64,64,3,8348,8348,1.0,6.47379,30.47806737233465,0.7952847472984198,0.9335800948334896,0.9548466756397481,0.9728894249040116
chat_preview,photo,kodak_02,768,512,512,341,40,64,32,0,1341,3996,0.3355855855855856,4.81029,24.919980057144706,0.5838888830246715,0.7687237019945186,0.794758650871417,0.8378999911408836
chat_preview,photo,kodak_02,768,512,512,341,40,64,32,1,2220,3996,0.5555555555555556,4.91125,26.069773365517847,0.633228310028726,0.8322028900851822,0.8567561823657337,0.8895883176229819
chat_preview,photo,kodak_02,768,512,512,341,40,64,32,2,3106,3996,0.7772772772772772,4.97367,27.515569928860238,0.6822820220550545,0.8680531165557329,0.8943258062810941,0.9341870505825082
chat_preview,photo,kodak_02,768,512,512,341,40,64,32,3,3745,3996,0.9371871871871872,5.28021,28.186893141713355,0.707295247437241,0.8807466031299244,0.9090951260464062,0.9454963412835302
chat_preview,photo,kodak_02,768,512,512,341,40,64,32,4,3996,3996,1.0,5.82504,28.233096134990852,0.708080899807266,0.8809056249639468,0.9092061771752047,0.9460199969032035
chat_preview,photo,kodak_02,768,512,512,341,40,64,64,0,2737,8393,0.32610508757297746,4.78837,26.28320976704458,0.6450493303131525,0.8502886144126113,0.8660304402068922,0.8965159679111366
chat_preview,photo,kodak_02,768,512,512,341,40,64,64,1,4965,8393,0.5915643989038485,4.94083,28.19447524894692,0.7202079334933903,0.9036017109038342,0.9193138966591737,0.9479398609827212
chat_preview,photo,kodak_02,768,512,512,341,40,64,64,2,7234,8393,0.8619087334683665,5.55779,29.753736363092614,0.7771655129857806,0.9298275848845033,0.9501610027061269,0.9683962485234834
chat_preview,photo,kodak_02,768,512,512,341,40,64,64,3,8393,8393,1.0,6.45,30.51033240104426,0.7962584391926182,0.9339437760929991,0.955175536668174,0.9732206542367721
chat_preview,photo,kodak_02,768,512,512,341,41,64,32,0,1361,4084,0.3332517140058766,4.52625,24.919980057144706,0.5838888830246715,0.7687237019945186,0.794758650871417,0.8378999911408836
chat_preview,photo,kodak_02,768,512,512,341,41,64,32,1,2272,4084,0.5563173359451518,4.92854,26.0809816645555,0.633943191656757,0.832951226199909,0.8576787636298873,0.8896372996197682
chat_preview,photo,kodak_02,768,512,512,341,41,64,32,2,3189,4084,0.7808521057786484,5.02804,27.53872472372063,0.6840066009787241,0.8692980605971172,0.8951511022137302,0.9345926926953801
chat_preview,photo,kodak_02,768,512,512,341,41,64,32,3,3833,4084,0.9385406464250735,5.36396,28.221784048719677,0.7089956747699047,0.8819448132404245,0.909997602972228,0.9461096340826698
chat_preview,photo,kodak_02,768,512,512,341,41,64,32,4,4084,4084,1.0,5.83579,28.269578829126782,0.7097922914026443,0.8821186827567105,0.9101177708072418,0.9466459949275435
chat_preview,photo,kodak_02,768,512,512,341,41,64,64,0,2737,8584,0.3188490214352283,4.74842,26.28320976704458,0.6450493303131525,0.8502886144126113,0.8660304402068922,0.8965159679111366
chat_preview,photo,kodak_02,768,512,512,341,41,64,64,1,5108,8584,0.5950605778191985,5.40196,28.22127088565962,0.7220713270753688,0.9047461275077584,0.9206406413459497,0.9485391714311723
chat_preview,photo,kodak_02,768,512,512,341,41,64,64,2,7423,8584,0.8647483690587139,5.47004,29.79583445085124,0.7789569640232544,0.9308883299806142,0.9511725018405488,0.9689017957800465
chat_preview,photo,kodak_02,768,512,512,341,41,64,64,3,8584,8584,1.0,6.44667,30.58044538451671,0.7982022439415163,0.9350602858197927,0.9562961698780676,0.9737182975073916
chat_preview,photo,kodak_02,768,512,512,341,42,64,32,0,1361,4135,0.32914147521160825,4.71913,24.919980057144706,0.5838888830246715,0.7687237019945186,0.794758650871417,0.8378999911408836
chat_preview,photo,kodak_02,768,512,512,341,42,64,32,1,2293,4135,0.5545344619105199,4.8665,26.101469772634815,0.6337556568144708,0.8333591978584344,0.8577389170792042,0.8905634701240446
chat_preview,photo,kodak_02,768,512,512,341,42,64,32,2,3210,4135,0.7762998790810157,5.13258,27.557798092534163,0.6847093307134763,0.8698807569855185,0.8952134134403893,0.9348818966961687
chat_preview,photo,kodak_02,768,512,512,341,42,64,32,3,3881,4135,0.9385731559854897,5.80713,28.253411939250924,0.7107451071850365,0.8825324364229795,0.9102077411255035,0.9464961634328993
chat_preview,photo,kodak_02,768,512,512,341,42,64,32,4,4135,4135,1.0,5.78908,28.30766367697084,0.7116162158281166,0.8827224993082664,0.9103478241622477,0.947069425280901
chat_preview,photo,kodak_02,768,512,512,341,42,64,64,0,2737,8724,0.3137322329206786,5.22383,26.28320976704458,0.6450493303131525,0.8502886144126113,0.8660304402068922,0.8965159679111366
chat_preview,photo,kodak_02,768,512,512,341,42,64,64,1,5170,8724,0.5926180651077487,5.11808,28.225307215100266,0.7230091888512531,0.90503064316994,0.9204356401676733,0.9485238251387623
chat_preview,photo,kodak_02,768,512,512,341,42,64,64,2,7486,8724,0.8580926180651077,5.68704,29.80702987601463,0.7799172279899235,0.9312620380079397,0.9509981679767366,0.9689525547453784
chat_preview,photo,kodak_02,768,512,512,341,42,64,64,3,8724,8724,1.0,7.02683,30.63602861857154,0.800632759555301,0.9357961411652472,0.9565395270052132,0.9741429343977875
chat_preview,photo,kodak_02,768,512,512,341,43,64,32,0,1361,4197,0.3242792470812485,4.76025,24.919980057144706,0.5838888830246715,0.7687237019945186,0.794758650871417,0.8378999911408836
chat_preview,photo,kodak_02,768,512,512,341,43,64,32,1,2303,4197,0.5487252799618775,4.64337,26.099060023884867,0.6339259508275782,0.8331254216999859,0.8573467576060516,0.8904722243019101
chat_preview,photo,kodak_02,768,512,512,341,43,64,32,2,3269,4197,0.7788896831069811,5.28163,27.57581756533923,0.6866583849334708,0.8709341625771422,0.896714357091814,0.9361690920498648
chat_preview,photo,kodak_02,768,512,512,341,43,64,32,3,3943,4197,0.9394805813676436,5.54617,28.286562967494792,0.7125068467125516,0.8839123585627572,0.9121118091319221,0.9479633447429019
chat_preview,photo,kodak_02,768,512,512,341,43,64,32,4,4197,4197,1.0,5.96962,28.342677147311708,0.7133799707917041,0.8840885057140317,0.9122379900909378,0.9485317253165804
chat_preview,photo,kodak_02,768,512,512,341,43,64,64,0,2737,8951,0.3057758909619037,4.87,26.28320976704458,0.6450493303131525,0.8502886144126113,0.8660304402068922,0.8965159679111366
chat_preview,photo,kodak_02,768,512,512,341,43,64,64,1,5202,8951,0.5811641157412579,5.6065,28.224499377929483,0.7231969566362366,0.9050080638360679,0.9204187079852766,0.9485178684048362
chat_preview,photo,kodak_02,768,512,512,341,43,64,64,2,7709,8951,0.8612445536811529,5.71475,29.829932037773283,0.7820515952171756,0.9318789247635774,0.9517860571260935,0.9692348785197475
chat_preview,photo,kodak_02,768,512,512,341,43,64,64,3,8951,8951,1.0,6.78292,30.673161477003084,0.8025302112163363,0.9360566694454294,0.9568793791285239,0.9742795703635914
chat_preview,photo,kodak_02,768,512,512,341,44,64,32,0,1364,4235,0.3220779220779221,4.84246,24.923159926345996,0.5848436227417578,0.770724656874136,0.7951935324491749,0.8373032278219675
chat_preview,photo,kodak_02,768,512,512,341,44,64,32,1,2312,4235,0.5459268004722551,4.92179,26.105764824982124,0.6350142597515265,0.8355369838615992,0.8576283297032657,0.8902153259701289
chat_preview,photo,kodak_02,768,512,512,341,44,64,32,2,3278,4235,0.7740259740259741,5.11892,27.595243926584715,0.6875709091811649,0.8731799077690067,0.8970579320580053,0.9365827005652888
chat_preview,photo,kodak_02,768,512,512,341,44,64,32,3,3977,4235,0.9390791027154664,5.396,28.33540211794116,0.71447392504267,0.8867716342803429,0.9130552830154341,0.9487656686066598
chat_preview,photo,kodak_02,768,512,512,341,44,64,32,4,4235,4235,1.0,5.90196,28.395062424059653,0.7153768856926813,0.8869913604890337,0.9132441377257834,0.9493828091812748
chat_preview,photo,kodak_02,768,512,512,341,44,64,64,0,2709,8999,0.30103344816090677,5.06067,26.29322434923367,0.6472766832469481,0.8527678455975382,0.8662363899124872,0.8964089386783297
chat_preview,photo,kodak_02,768,512,512,341,44,64,64,1,5185,8999,0.5761751305700633,5.44779,28.246801346941716,0.7252132342524882,0.9076250023029488,0.9205835464130173,0.9491502953882625
chat_preview,photo,kodak_02,768,512,512,341,44,64,64,2,7694,8999,0.8549838870985665,5.64175,29.866294182673073,0.7842432193134394,0.9345184464090308,0.9520589593733861,0.9698646662533206
chat_preview,photo,kodak_02,768,512,512,341,44,64,64,3,8999,8999,1.0,6.65829,30.744394778995417,0.8059514658698722,0.9390067069166547,0.9576109262871202,0.9750702180731631
chat_preview,photo,kodak_02,768,512,512,341,45,64,32,0,1364,4265,0.3198124267291911,4.66487,24.923159926345996,0.5848436227417578,0.770724656874136,0.7951935324491749,0.8373032278219675
chat_preview,photo,kodak_02,768,512,512,341,45,64,32,1,2312,4265,0.5420867526377491,5.17992,26.105971644515957,0.6350398152180438,0.8355640149516201,0.8576244352880318,0.8902145351983112
chat_preview,photo,kodak_02,768,512,512,341,45,64,32,2,3290,4265,0.7713950762016413,5.0885,27.595443444016144,0.6875384526299421,0.8732249426640376,0.8971379483689857,0.9364921281785118
chat_preview,photo,kodak_02,768,512,512,341,45,64,32,3,3995,4265,0.936694021101993,5.54267,28.349967959324495,0.7147315658401898,0.8870448791745522,0.9133541952425638,0.9488846982155597
chat_preview,photo,kodak_02,768,512,512,341,45,64,32,4,4265,4265,1.0,5.76592,28.414366446371325,0.7158239133168579,0.8873180718854728,0.9135964147014574,0.9495362154588681
chat_preview,photo,kodak_02,768,512,512,341,45,64,64,0,2709,9026,0.30013294925769995,4.87025,26.29322434923367,0.6472766832469481,0.8527678455975382,0.8662363899124872,0.8964089386783297
chat_preview,photo,kodak_02,768,512,512,341,45,64,64,1,5185,9026,0.5744515843119876,5.18042,28.24707250661841,0.7252290909294108,0.9076341776917441,0.9205838858047123,0.9491543514368895
chat_preview,photo,kodak_02,768,512,512,341,45,64,64,2,7716,9026,0.8548637270108576,5.73971,29.876670636755996,0.7843958492915967,0.9346138109612586,0.9521277873118826,0.9699462510535084
chat_preview,photo,kodak_02,768,512,512,341,45,64,64,3,9026,9026,1.0,6.70096,30.776529727836504,0.8062932706546132,0.9391599139415718,0.9577426382046313,0.9752177305793536
chat_preview,photo,kodak_02,768,512,512,341,46,64,32,0,1364,4312,0.3163265306122449,4.73879,24.923159926345996,0.5848436227417578,0.770724656874136,0.7951935324491749,0.8373032278219675
chat_preview,photo,kodak_02,768,512,512,341,46,64,32,1,2312,4312,0.536178107606679,4.84379,26.105971644515957,0.6350398152180438,0.8355640149516201,0.8576244352880318,0.8902145351983112
chat_preview,photo,kodak_02,768,512,512,341,46,64,32,2,3301,4312,0.7655380333951762,4.90346,27.61226367753819,0.6880218567385606,0.8738251385481121,0.8976649259490989,0.9366276158532024
chat_preview,photo,kodak_02,768,512,512,341,46,64,32,3,4037,4312,0.9362244897959183,5.05479,28.395324142385356,0.7166138050336698,0.8883582175931858,0.9147253247431177,0.9494294774862596
chat_preview,photo,kodak_02,768,512,512,341,46,64,32,4,4312,4312,1.0,5.53012,28.465899111227515,0.7177648344092274,0.8886732419377843,0.9150054221659675,0.9501191704487635
chat_preview,photo,kodak_02,768,512,512,341,46,64,64,0,2709,9148,0.29613030170529075,4.81933,26.29322434923367,0.6472766832469481,0.8527678455975382,0.8662363899124872,0.8964089386783297
chat_preview,photo,kodak_02,768,512,512,341,46,64,64,1,5185,9148,0.5667905553126367,5.34679,28.24707250661841,0.7252290909294108,0.9076341776917441,0.9205838858047123,0.9491543514368895
chat_preview,photo,kodak_02,768,512,512,341,46,64,64,2,7768,9148,0.8491473546130301,5.65721,29.906327470198917,0.7849008284122458,0.9350087603271708,0.9525446993229214,0.9701481986876881
chat_preview,photo,kodak_02,768,512,512,341,46,64,64,3,9148,9148,1.0,6.32221,30.84325078749619,0.8079215659490848,0.9397684088438228,0.9583752748323221,0.9756871676178449
chat_preview,photo,kodak_02,768,512,512,341,47,64,32,0,1393,4399,0.31666287792680153,4.75437,24.900406486657847,0.5852723129391283,0.7719217576054799,0.7963943303770799,0.8382981862047073
chat_preview,photo,kodak_02,768,512,512,341,47,64,32,1,2384,4399,0.541941350306888,4.88579,26.10788644124757,0.6354131140469664,0.8375034167654191,0.8605347467974488,0.8916197409057067
chat_preview,photo,kodak_02,768,512,512,341,47,64,32,2,3380,4399,0.7683564446465105,5.27071,27.604534576110108,0.6892615149734058,0.8757668469695657,0.9007736123852517,0.93719940384361
chat_preview,photo,kodak_02,768,512,512,341,47,64,32,3,4121,4399,0.936803819049784,5.11729,28.40020062657707,0.7181630458945767,0.8906136956925451,0.918178674932937,0.9501930229682222
chat_preview,photo,kodak_02,768,512,512,341,47,64,32,4,4399,4399,1.0,5.73621,28.471996636070152,0.7193248371444407,0.8909347315039072,0.9184640352851512,0.9508904343021819
chat_preview,photo,kodak_02,768,512,512,341,47,64,64,0,2803,9352,0.2997219846022241,5.08742,26.26261148609965,0.6482647552413082,0.8540179463151146,0.8678009106123373,0.8965779782876385
chat_preview,photo,kodak_02,768,512,512,341,47,64,64,1,5367,9352,0.5738879384088965,5.24717,28.228532859023495,0.727478296523799,0.909273344493536,0.9221774743447646,0.949138452603205
chat_preview,photo,kodak_02,768,512,512,341,47,64,64,2,7967,9352,0.8519033361847733,6.077,29.91821017704182,0.7874006191754556,0.9371358538830892,0.9546677678010425,0.9707940552972849
chat_preview,photo,kodak_02,768,512,512,341,47,64,64,3,9352,9352,1.0,6.44354,30.876916826271497,0.810613635835231,0.9419692912671941,0.9607078599117254,0.9764207031793657
chat_preview,photo,kodak_02,768,512,512,341,48,64,32,0,1393,4474,0.31135449262405007,4.77037,24.900406486657847,0.5852723129391283,0.7719217576054799,0.7963943303770799,0.8382981862047073
chat_preview,photo,kodak_02,768,512,512,341,48,64,32,1,2384,4474,0.532856504246759,4.90967,26.108052403689843,0.6354369768852363,0.8375262764033341,0.8605349000568278,0.8916219770533925
chat_preview,photo,kodak_02,768,512,512,341,48,64,32,2,3423,4474,0.7650871703173894,4.8155,27.628733509934158,0.6906741006365831,0.876938639041625,0.9027493531448988,0.938778317845171
chat_preview,photo,kodak_02,768,512,512,341,48,64,32,3,4192,4474,0.9369691551184622,5.53129,28.4557470964749,0.7202925634388094,0.8924828360354802,0.9208124798105041,0.9521826120391781
chat_preview,photo,kodak_02,768,512,512,341,48,64,32,4,4474,4474,1.0,5.77258,28.531824524239525,0.7215099813687192,0.8928415971273341,0.9211249528058086,0.9529249185632624
chat_preview,photo,kodak_02,768,512,512,341,48,64,64,0,2803,9622,0.2913115776345874,4.76958,26.26261148609965,0.6482647552413082,0.8540179463151146,0.8678009106123373,0.8965779782876385
chat_preview,photo,kodak_02,768,512,512,341,48,64,64,1,5367,9622,0.5577842444398254,4.97392,28.228628941979483,0.7274849664327023,0.9092821074249979,0.9221762458298128,0.9491419348366383
chat_preview,photo,kodak_02,768,512,512,341,48,64,64,2,8152,9622,0.8472251091249221,5.55858,29.949906171242418,0.7896926389841473,0.9376266424774325,0.9551848030508753,0.9709272472983751
chat_preview,photo,kodak_02,768,512,512,341,48,64,64,3,9622,9622,1.0,6.84804,30.958299816679595,0.8139531222339335,0.9427014628360951,0.9614036424532166,0.976967975446195
chat_preview,photo,kodak_02,768,512,512,341,49,64,32,0,1421,4575,0.3106010928961749,4.77567,24.90461397209268,0.5846568858513397,0.7712237853445862,0.7968235508984425,0.8378295333828044
chat_preview,photo,kodak_02,768,512,512,341,49,64,32,1,2422,4575,0.5293989071038251,4.93662,26.11974228622565,0.635902082900187,0.837981525968535,0.8606174995325772,0.8914309130306883
chat_preview,photo,kodak_02,768,512,512,341,49,64,32,2,3501,4575,0.7652459016393443,5.10558,27.653210431231848,0.6911183678996388,0.8776207689201653,0.9027406979425308,0.9394333250991301
chat_preview,photo,kodak_02,768,512,512,341,49,64,32,3,4287,4575,0.9370491803278689,5.523,28.49062655488359,0.7210030419088896,0.8932631182081625,0.9210860660261281,0.9529276206175026
chat_preview,photo,kodak_02,768,512,512,341,49,64,32,4,4575,4575,1.0,6.06221,28.57272245587861,0.72228573846585,0.8936191771038509,0.9213994869147131,0.9537177970893027
chat_preview,photo,kodak_02,768,512,512,341,49,64,64,0,2916,9858,0.295800365185636,5.41821,26.251523362848026,0.6474090327728469,0.8538146538157206,0.868167549009917,0.8961810085408345
chat_preview,photo,kodak_02,768,512,512,341,49,64,64,1,5495,9858,0.5574152972205315,5.12087,28.215170239002795,0.7270348043048919,0.9094039047291114,0.9218012546361534,0.9489917822733436
chat_preview,photo,kodak_02,768,512,512,341,49,64,64,2,8376,9858,0.8496652465003043,5.61929,29.946196917440165,0.7898206877047519,0.9377429227550106,0.9547358908657863,0.9709090487881145
chat_preview,photo,kodak_02,768,512,512,341,49,64,64,3,9858,9858,1.0,6.39375,30.976282964309586,0.8142066268153059,0.942919916726312,0.9608473196530225,0.977259690718155
chat_preview,photo,kodak_02,768,512,512,341,50,64,32,0,1421,4658,0.3050665521683126,4.62175,24.90461397209268,0.5846568858513397,0.7712237853445862,0.7968235508984425,0.8378295333828044
chat_preview,photo,kodak_02,768,512,512,341,50,64,32,1,2431,4658,0.5218978102189781,4.80308,26.125552882278313,0.6362736903018348,0.8381886303575338,0.860749005751481,0.8915579383289695
chat_preview,photo,kodak_02,768,512,512,341,50,64,32,2,3510,4658,0.7535422928295405,5.40125,27.65805634775714,0.6913334937947938,0.877806026507086,0.9028458983763002,0.939501535993838
chat_preview,photo,kodak_02,768,512,512,341,50,64,32,3,4337,4658,0.9310863031343924,5.34354,28.511129987610012,0.7222991223625668,0.893979161243356,0.9219770120300995,0.953257417993145
chat_preview,photo,kodak_02,768,512,512,341,50,64,32,4,4658,4658,1.0,5.92129,28.59711827253554,0.723825918771682,0.8943899713869067,0.9223430804765075,0.9540716074039388
chat_preview,photo,kodak_02,768,512,512,341,50,64,64,0,2916,9995,0.29174587293646825,5.38558,26.251523362848026,0.6474090327728469,0.8538146538157206,0.868167549009917,0.8961810085408345
chat_preview,photo,kodak_02,768,512,512,341,50,64,64,1,5530,9995,0.5532766383191596,5.67117,28.215715826392533,0.7274123295158534,0.909606174183672,0.9219669812139905,0.9490313745697058
chat_preview,photo,kodak_02,768,512,512,341,50,64,64,2,8411,9995,0.8415207603801901,5.97842,29.957012352401215,0.7901948005741946,0.9379707524986353,0.9548765713928603,0.971025505405864
chat_preview,photo,kodak_02,768,512,512,341,50,64,64,3,9995,9995,1.0,6.68292,31.020600012926938,0.816119855827523,0.9434068898861815,0.9612784112714376,0.9775803137593035
chat_preview,photo,kodak_02,768,512,512,341,51,64,32,0,1421,4692,0.30285592497868713,4.79325,24.90461397209268,0.5846568858513397,0.7712237853445862,0.7968235508984425,0.8378295333828044
chat_preview,photo,kodak_02,768,512,512,341,51,64,32,1,2445,4692,0.5210997442455243,4.88529,26.132169738256916,0.6367145542661404,0.8388604729924906,0.8605812312094324,0.8917100277318032
chat_preview,photo,kodak_02,768,512,512,341,51,64,32,2,3533,4692,0.7529838022165388,5.16367,27.677527059387998,0.6921396027801289,0.8788098912034509,0.9029913532860262,0.9395241980709563
chat_preview,photo,kodak_02,768,512,512,341,51,64,32,3,4366,4692,0.9305200341005968,5.74308,28.550186098137125,0.7234225638332914,0.8953063127566887,0.9225077936189139,0.9535158193297297
chat_preview,photo,kodak_02,768,512,512,341,51,64,32,4,4692,4692,1.0,6.19908,28.63753514775993,0.7250093843548401,0.8957096493091834,0.922863150086706,0.9543347211985063
chat_preview,photo,kodak_02,768,512,512,341,51,64,64,0,2916,10137,0.2876590707309855,4.24362,26.251523362848026,0.6474090327728469,0.8538146538157206,0.868167549009917,0.8961810085408345
chat_preview,photo,kodak_02,768,512,512,341,51,64,64,1,5608,10137,0.553220874025846,5.24383,28.241335776644508,0.7281463811368227,0.9098697540678685,0.9218944074393097,0.949631426580654
chat_preview,photo,kodak_02,768,512,512,341,51,64,64,2,8550,10137,0.8434448061556673,5.85062,30.008721588930484,0.7917646838972332,0.9387009622529887,0.9555389014694514,0.9715857594985655
chat_preview,photo,kodak_02,768,512,512,341,51,64,64,3,10137,10137,1.0,6.40108,31.103783821668824,0.8180309152633157,0.9443149410929012,0.9620691632574394,0.9781181098394607
chat_preview,photo,kodak_02,768,512,512,341,52,64,32,0,1421,4786,0.29690764730463853,5.00842,24.90461397209268,0.5846568858513397,0.7712237853445862,0.7968235508984425,0.8378295333828044
chat_preview,photo,kodak_02,768,512,512,341,52,64,32,1,2451,4786,0.512118679481822,4.60479,26.132485526840092,0.636674178073258,0.8388175629596448,0.8605420941355082,0.8917186899321018
chat_preview,photo,kodak_02,768,512,512,341,52,64,32,2,3562,4786,0.7442540743836189,4.84037,27.67273071282546,0.692410173577601,0.8786930424969307,0.9028673404231065,0.939439807076974
chat_preview,photo,kodak_02,768,512,512,341,52,64,32,3,4451,4786,0.9300041788549938,5.13362,28.557001897483563,0.7250521915723825,0.8956528826571999,0.9229563177981724,0.9536030537578404
chat_preview,photo,kodak_02,768,512,512,341,52,64,32,4,4786,4786,1.0,5.85279,28.655967293685592,0.726910248861338,0.8961654071307684,0.9234380106424971,0.9545240310833688
chat_preview,photo,kodak_02,768,512,512,341,52,64,64,0,2916,10304,0.2829968944099379,4.3615,26.251523362848026,0.6474090327728469,0.8538146538157206,0.868167549009917,0.8961810085408345
chat_preview,photo,kodak_02,768,512,512,341,52,64,64,1,5615,10304,0.5449340062111802,5.08263,28.241706710579457,0.7281716099497443,0.9098780204810192,0.9218911902701385,0.9496366090647351
chat_preview,photo,kodak_02,768,512,512,341,52,64,64,2,8605,10304,0.8351125776397516,5.96458,30.012593993657273,0.7921035090820578,0.938697248576216,0.9555249455522956,0.9716129045338149
chat_preview,photo,kodak_02,768,512,512,341,52,64,64,3,10304,10304,1.0,6.72971,31.14202602165618,0.8197724155205699,0.9445932702924148,0.9622935334067878,0.9783519095455991
chat_preview,photo,kodak_02,768,512,512,341,53,64,32,0,1421,4873,0.2916068130515083,5.371,24.90461397209268,0.5846568858513397,0.7712237853445862,0.7968235508984425,0.8378295333828044
chat_preview,photo,kodak_02,768,512,512,341,53,64,32,1,2499,4873,0.5128257746767905,4.78146,26.132001491037897,0.6371561636875476,0.8399422921148819,0.8620192000011503,0.8924435009291236
chat_preview,photo,kodak_02,768,512,512,341,53,64,32,2,3629,4873,0.7447157808331624,4.97921,27.664853273024622,0.6931093666445441,0.879524078685851,0.9041827206378453,0.939711407646854
chat_preview,photo,kodak_02,768,512,512,341,53,64,32,3,4523,4873,0.9281756618099734,5.377,28.558370074873224,0.7260853921925388,0.8965146618880712,0.9241843525290727,0.95395469620455
chat_preview,photo,kodak_02,768,512,512,341,53,64,32,4,4873,4873,1.0,6.39871,28.664128713083755,0.7281669564261616,0.8970519771265396,0.9246784141134651,0.9549436850160299
chat_preview,photo,kodak_02,768,512,512,341,53,64,64,0,2916,10541,0.27663409543686557,4.65242,26.251523362848026,0.6474090327728469,0.8538146538157206,0.868167549009917,0.8961810085408345
chat_preview,photo,kodak_02,768,512,512,341,53,64,64,1,5789,10541,0.5491888815102931,4.84779,28.247921863761206,0.7294944228819951,0.9110878611659793,0.9231676677661129,0.9501350830173365
chat_preview,photo,kodak_02,768,512,512,341,53,64,64,2,8834,10541,0.8380609050374728,5.62296,30.047948575622996,0.7937386342394714,0.939700540447903,0.9565078788099792,0.9719775953168748
chat_preview,photo,kodak_02,768,512,512,341,53,64,64,3,10541,10541,1.0,6.51104,31.207636004288233,0.8215716900262344,0.9456658567920039,0.9631017381274481,0.9787728802516282
chat_preview,photo,kodak_02,768,512,512,341,54,64,32,0,1445,4965,0.29103726082578046,4.69329,24.91157924187575,0.5853382311750122,0.7726291174912167,0.7965925878454286,0.8389606461620379
chat_preview,photo,kodak_02,768,512,512,341,54,64,32,1,2524,4965,0.5083585095669688,4.93646,26.137961834047935,0.638315064364099,0.8414640249268742,0.862213538421792,0.8932641904378463
chat_preview,photo,kodak_02,768,512,512,341,54,64,32,2,3708,4965,0.7468277945619335,5.85871,27.699745530619644,0.6956229962185573,0.8820442330329192,0.9057892868231207,0.9414753923203653
chat_preview,photo,kodak_02,768,512,512,341,54,64,32,3,4609,4965,0.9282980866062437,5.72012,28.592710643613145,0.7284028851391575,0.8987033712234554,0.9253720962299697,0.9553669477287753
chat_preview,photo,kodak_02,768,512,512,341,54,64,32,4,4965,4965,1.0,6.38338,28.702388776129872,0.7305357990668554,0.8992734623544001,0.9258966564719744,0.9563858240296714
chat_preview,photo,kodak_02,768,512,512,341,54,64,64,0,3040,10896,0.2790014684287812,4.97058,26.262094287267992,0.6481035401700461,0.8544667331708822,0.8688545338714595,0.8964379561070084
chat_preview,photo,kodak_02,768,512,512,341,54,64,64,1,5920,10896,0.5433186490455213,5.394,28.266939383553673,0.7301709018974374,0.911795110945054,0.9236432089953728,0.9502510787856162
chat_preview,photo,kodak_02,768,512,512,341,54,64,64,2,9184,10896,0.8428781204111601,6.02917,30.10053456284863,0.7960797935139854,0.9404554088513993,0.9573321989747821,0.9721809884009033
chat_preview,photo,kodak_02,768,512,512,341,54,64,64,3,10896,10896,1.0,6.62179,31.287857019429467,0.8236865261716799,0.9465102419568338,0.9641045493445795,0.9793298112012081
chat_preview,photo,kodak_02,768,512,512,341,55,64,32,0,1445,5053,0.28596873144666535,5.43554,24.91157924187575,0.5853382311750122,0.7726291174912167,0.7965925878454286,0.8389606461620379
chat_preview,photo,kodak_02,768,512,512,341,55,64,32,1,2529,5053,0.5004947555907382,4.7895,26.137567154050828,0.6383548039319346,0.841480900482993,0.8622211162366049,0.8932794050172889
chat_preview,photo,kodak_02,768,512,512,341,55,64,32,2,3735,5053,0.7391648525628339,5.26579,27.697821167832526,0.6959962619008889,0.8821268172553309,0.9059395303293657,0.9413077855704063
chat_preview,photo,kodak_02,768,512,512,341,55,64,32,3,4687,5053,0.9275677815159311,5.10892,28.587704735281505,0.7298397827309274,0.899143006488815,0.9260136343691469,0.9552794677640934
chat_preview,photo,kodak_02,768,512,512,341,55,64,32,4,5053,5053,1.0,5.71408,28.705290026820464,0.7322635909139165,0.8997996014119032,0.9266402603351038,0.9563650758898755
chat_preview,photo,kodak_02,768,512,512,341,55,64,64,0,3040,11098,0.2739232294107046,4.56279,26.262094287267992,0.6481035401700461,0.8544667331708822,0.8688545338714595,0.8964379561070084
chat_preview,photo,kodak_02,768,512,512,341,55,64,64,1,5934,11098,0.5346909353036583,5.25275,28.26783721922891,0.7301860213745641,0.9118017894222251,0.9236339150073414,0.9502699432847659
chat_preview,photo,kodak_02,768,512,512,341,55,64,64,2,9283,11098,0.8364570192827536,5.57621,30.128671088002005,0.7965890949051307,0.9404109988344095,0.9573739203560496,0.9721663897726852
chat_preview,photo,kodak_02,768,512,512,341,55,64,64,3,11098,11098,1.0,6.38396,31.360063418572267,0.8255757236474622,0.946871265555897,0.9643618169033144,0.9796653959087993
chat_preview,photo,kodak_02,768,512,512,341,56,64,32,0,1445,5095,0.28361138370951916,4.57083,24.91157924187575,0.5853382311750122,0.7726291174912167,0.7965925878454286,0.8389606461620379
chat_preview,photo,kodak_02,768,512,512,341,56,64,32,1,2561,5095,0.5026496565260059,4.83113,26.145473036277636,0.6387260071225515,0.8417918806200322,0.8625750554993238,0.8934962961106332
chat_preview,photo,kodak_02,768,512,512,341,56,64,32,2,3768,5095,0.7395485770363102,4.98862,27.713353575124245,0.696618276122158,0.8827106909393295,0.9067488028450092,0.9413408086004935
chat_preview,photo,kodak_02,768,512,512,341,56,64,32,3,4727,5095,0.9277723258096173,5.56104,28.62953520375936,0.730896419557538,0.8998548545996753,0.9270506243306837,0.9555475382056452
chat_preview,photo,kodak_02,768,512,512,341,56,64,32,4,5095,5095,1.0,5.64425,28.751333327138298,0.7333810590898507,0.9005257295791526,0.9276949004103383,0.9566638859406095
chat_preview,photo,kodak_02,768,512,512,341,56,64,64,0,3040,11209,0.2712106343117138,4.87346,26.262094287267992,0.6481035401700461,0.8544667331708822,0.8688545338714595,0.8964379561070084
chat_preview,photo,kodak_02,768,512,512,341,56,64,64,1,6029,11209,0.5378713533767508,5.11238,28.28937243411549,0.7312305683279196,0.9124731373731959,0.9237430504211432,0.9507707350714223
chat_preview,photo,kodak_02,768,512,512,341,56,64,64,2,9390,11209,0.8377196895351949,6.08396,30.18004630774254,0.7980560795692053,0.9415086572826538,0.9580047186141395,0.972599384893587
chat_preview,photo,kodak_02,768,512,512,341,56,64,64,3,11209,11209,1.0,6.67575,31.455715100950428,0.8275013182272067,0.9480051401257331,0.9650832106750749,0.9800979889888588
chat_preview,photo,kodak_02,768,512,512,341,57,64,32,0,1445,5197,0.2780450259765249,4.82946,24.91157924187575,0.5853382311750122,0.7726291174912167,0.7965925878454286,0.8389606461620379
chat_preview,photo,kodak_02,768,512,512,341,57,64,32,1,2583,5197,0.4970175101019819,4.86871,26.149897027581154,0.6394181882801085,0.8423734490906906,0.8629388957267581,0.8936326283999855
chat_preview,photo,kodak_02,768,512,512,341,57,64,32,2,3827,5197,0.7363863767558206,5.23671,27.721722587292756,0.6976124259647936,0.8834142152637918,0.9070571920480764,0.9415358888332456
chat_preview,photo,kodak_02,768,512,512,341,57,64,32,3,4827,5197,0.9288050798537618,5.32583,28.65499357847781,0.732925133429383,0.9008933696137681,0.9277659517409138,0.9558936019608613
chat_preview,photo,kodak_02,768,512,512,341,57,64,32,4,5197,5197,1.0,5.83775,28.786384022824038,0.7354655040556913,0.9015921230119951,0.9284386604572376,0.9570676283073745
chat_preview,photo,kodak_02,768,512,512,341,57,64,64,0,3040,11516,0.26398054880166727,5.02837,26.262094287267992,0.6481035401700461,0.8544667331708822,0.8688545338714595,0.8964379561070084
chat_preview,photo,kodak_02,768,512,512,341,57,64,64,1,6091,11516,0.5289162903786037,5.21417,28.292578472154197,0.7314336387573978,0.912447669711034,0.9236956464136968,0.9507666323261461
chat_preview,photo,kodak_02,768,512,512,341,57,64,64,2,9543,11516,0.8286731503994442,5.77408,30.215230195550802,0.7989820166115852,0.9416555945557414,0.9581504252508874,0.9726840085333219
chat_preview,photo,kodak_02,768,512,512,341,57,64,64,3,11516,11516,1.0,6.73175,31.54369843151369,0.8301421836822822,0.9484978421773277,0.9653842198118308,0.9804703816453887
chat_preview,photo,kodak_02,768,512,512,341,58,64,32,0,1445,5208,0.277457757296467,4.88762,24.91157924187575,0.5853382311750122,0.7726291174912167,0.7965925878454286,0.8389606461620379
chat_preview,photo,kodak_02,768,512,512,341,58,64,32,1,2583,5208,0.4959677419354839,4.5685,26.149897027581154,0.6394181882801085,0.8423734490906906,0.8629388957267581,0.8936326283999855
chat_preview,photo,kodak_02,768,512,512,341,58,64,32,2,3826,5208,0.7346390168970814,5.4035,27.722216516788627,0.6976610070881194,0.883460631734938,0.9070414251068528,0.9414176897609606
chat_preview,photo,kodak_02,768,512,512,341,58,64,32,3,4832,5208,0.9278033794162827,5.36192,28.669851324814132,0.7333427643430963,0.9011186148121587,0.927985727588682,0.9559794149180242
chat_preview,photo,kodak_02,768,512,512,341,58,64,32,4,5208,5208,1.0,5.5015,28.804112313688922,0.7360292996174924,0.9018548226181956,0.9286957729705986,0.9571715453164875
chat_preview,photo,kodak_02,768,512,512,341,58,64,64,0,3040,11516,0.26398054880166727,4.87142,26.262094287267992,0.6481035401700461,0.8544667331708822,0.8688545338714595,0.8964379561070084
chat_preview,photo,kodak_02,768,512,512,341,58,64,64,1,6091,11516,0.5289162903786037,4.91342,28.292578472154197,0.7314336387573978,0.912447669711034,0.9236956464136968,0.9507666323261461
chat_preview,photo,kodak_02,768,512,512,341,58,64,64,2,9543,11516,0.8286731503994442,5.67025,30.215869522126674,0.7989955472252954,0.9416739591136306,0.9581479854117992,0.9726895586949126
chat_preview,photo,kodak_02,768,512,512,341,58,64,64,3,11516,11516,1.0,6.71808,31.5652465561218,0.8304294367224675,0.9485908706633284,0.9654869493236093,0.9805466289866176
chat_preview,photo,kodak_02,768,512,512,341,59,64,32,0,1508,5427,0.27786990971070574,5.24987,24.969594627192677,0.5862947392640129,0.7746553550502707,0.7973506822171514,0.838460675793945
chat_preview,photo,kodak_02,768,512,512,341,59,64,32,1,2660,5427,0.49014188317670904,5.44071,26.22211752072863,0.6410215633222396,0.8455725972943466,0.8639757819686814,0.8937103030412474
chat_preview,photo,kodak_02,768,512,512,341,59,64,32,2,3974,5427,0.7322646029113691,5.30483,27.858604251576647,0.7011244859859405,0.8882847003357642,0.9098414801682831,0.943182826538014
chat_preview,photo,kodak_02,768,512,512,341,59,64,32,3,5036,5427,0.9279528284503409,5.85817,28.85079730668781,0.7381854886936994,0.9062014136593232,0.9310438949668298,0.9577729988073629
chat_preview,photo,kodak_02,768,512,512,341,59,64,32,4,5427,5427,1.0,5.97092,28.998341769275136,0.7411131065597342,0.9069551382295414,0.9318238713799752,0.9590023778636777
chat_preview,photo,kodak_02,768,512,512,341,59,64,64,0,3185,12130,0.2625721352019786,5.06479,26.34202699072143,0.6503921833718783,0.8576754419986424,0.8691491577535729,0.8976808785346986
chat_preview,photo,kodak_02,768,512,512,341,59,64,64,1,6280,12130,0.517724649629019,5.21379,28.397123993151126,0.7345067711770782,0.916522259485678,0.9254751937708284,0.9519425317885061
chat_preview,photo,kodak_02,768,512,512,341,59,64,64,2,10026,12130,0.8265457543281122,5.82496,30.4421812201682,0.8050672804600847,0.9467419075473776,0.9610188770834016,0.974115600726192
chat_preview,photo,kodak_02,768,512,512,341,59,64,64,3,12130,12130,1.0,7.17679,31.90331342405979,0.8376875618545522,0.9539244325902052,0.9684327930738875,0.9823141632986923
chat_preview,photo,kodak_02,768,512,512,341,60,64,32,0,1508,5474,0.2754841066861527,4.90146,24.969594627192677,0.5862947392640129,0.7746553550502707,0.7973506822171514,0.838460675793945
chat_preview,photo,kodak_02,768,512,512,341,60,64,32,1,2671,5474,0.48794300328827184,4.90738,26.226415750843756,0.6411959389911801,0.846075601402017,0.8643520184380902,0.8938357245087856
chat_preview,photo,kodak_02,768,512,512,341,60,64,32,2,4001,5474,0.7309097552064304,5.02675,27.8655131471048,0.7014857338759087,0.88874946459519,0.9100305493580796,0.9433418082860279
chat_preview,photo,kodak_02,768,512,512,341,60,64,32,3,5074,5474,0.9269272926561929,5.53163,28.880809439748056,0.738763416320844,0.9067670987949231,0.9312819803133031,0.958103529980052
chat_preview,photo,kodak_02,768,512,512,341,60,64,32,4,5474,5474,1.0,5.92554,29.04129879577864,0.7419055952711563,0.9075602556035446,0.9321046960213231,0.9594180738023442
chat_preview,photo,kodak_02,768,512,512,341,60,64,64,0,3185,12217,0.26070230007366785,5.103,26.34202699072143,0.6503921833718783,0.8576754419986424,0.8691491577535729,0.8976808785346986
chat_preview,photo,kodak_02,768,512,512,341,60,64,64,1,6296,12217,0.5153474666448392,5.4585,28.402490952190412,0.7345423755252973,0.9166197964310778,0.9255118540895652,0.9520372780095265
chat_preview,photo,kodak_02,768,512,512,341,60,64,64,2,10103,12217,0.8269624294016534,5.76746,30.452341049126836,0.8055860927563211,0.9468692170845004,0.9610754668998062,0.9741866526758084
chat_preview,photo,kodak_02,768,512,512,341,60,64,64,3,12217,12217,1.0,6.64825,31.944142700486672,0.8384338239441463,0.9541547410952377,0.9686410033483821,0.9824573769579963
chat_preview,photo,kodak_02,768,512,512,341,61,64,32,0,1508,5619,0.26837515572165865,4.91012,24.969594627192677,0.5862947392640129,0.7746553550502707,0.7973506822171514,0.838460675793945
chat_preview,photo,kodak_02,768,512,512,341,61,64,32,1,2705,5619,0.4814023847659726,5.01629,26.237937790538595,0.641715484996754,0.8467025118848307,0.864250748690106,0.8940282762456928
chat_preview,photo,kodak_02,768,512,512,341,61,64,32,2,4057,5619,0.7220145933440114,5.30267,27.897720641899873,0.7026623396943797,0.8901253649703246,0.910520159686796,0.9436557624634946
chat_preview,photo,kodak_02,768,512,512,341,61,64,32,3,5193,5619,0.9241857981847303,5.52837,28.944026379103548,0.7419338946911097,0.9088823388028072,0.9326704883354556,0.9587827072282533
chat_preview,photo,kodak_02,768,512,512,341,61,64,32,4,5619,5619,1.0,5.73883,29.125055536494887,0.7456357005258738,0.9099484377045556,0.9338367003494656,0.9602947430697034
chat_preview,photo,kodak_02,768,512,512,341,61,64,64,0,3185,12558,0.2536231884057971,4.84371,26.34202699072143,0.6503921833718783,0.8576754419986424,0.8691491577535729,0.8976808785346986
chat_preview,photo,kodak_02,768,512,512,341,61,64,64,1,6407,12558,0.5101927058448797,5.14087,28.416528854616786,0.7354349767146989,0.917281542048066,0.9256000203222912,0.9523189618828454
chat_preview,photo,kodak_02,768,512,512,341,61,64,64,2,10270,12558,0.8178053830227743,5.53729,30.509319872722283,0.8074153377080858,0.9481010006061029,0.9619945320810974,0.9746792349557272
chat_preview,photo,kodak_02,768,512,512,341,61,64,64,3,12558,12558,1.0,6.53817,32.069609663958374,0.8424858010534916,0.9557413941854005,0.9698115721848128,0.9830418663919717
chat_preview,photo,kodak_02,768,512,512,341,62,64,32,0,1528,5689,0.26858850413077867,4.62613,24.969594627192677,0.5862947392640129,0.7746553550502707,0.7973506822171514,0.838460675793945
chat_preview,photo,kodak_02,768,512,512,341,62,64,32,1,2725,5689,0.47899455088767795,4.86512,26.237937790538595,0.641715484996754,0.8467025118848307,0.864250748690106,0.8940282762456928
chat_preview,photo,kodak_02,768,512,512,341,62,64,32,2,4079,5689,0.716997714888381,5.02967,27.896427274336858,0.7027070386105839,0.8902825055925293,0.9105069178625469,0.9435588684357678
chat_preview,photo,kodak_02,768,512,512,341,62,64,32,3,5222,5689,0.9179117595359466,5.36058,28.957029760446126,0.7424170249214369,0.9092986144681737,0.9329846509725993,0.9588695554519336
chat_preview,photo,kodak_02,768,512,512,341,62,64,32,4,5689,5689,1.0,6.17263,29.14567915284213,0.7461606952296189,0.9103689097082853,0.9341512369401355,0.9604245245053954
chat_preview,photo,kodak_02,768,512,512,341,62,64,64,0,3185,12576,0.2532601781170484,4.84162,26.34202699072143,0.6503921833718783,0.8576754419986424,0.8691491577535729,0.8976808785346986
chat_preview,photo,kodak_02,768,512,512,341,62,64,64,1,6407,12576,0.5094624681933843,5.33617,28.416528854616786,0.7354349767146989,0.917281542048066,0.9256000203222912,0.9523189618828454
chat_preview,photo,kodak_02,768,512,512,341,62,64,64,2,10272,12576,0.816793893129771,6.19521,30.514798027133455,0.8075435032591195,0.9482234977641655,0.9620967125940854,0.9747146990374935
chat_preview,photo,kodak_02,768,512,512,341,62,64,64,3,12576,12576,1.0,6.88608,32.108335997974066,0.8430593150881708,0.95593054296008,0.97002995594393,0.9831640590948194
chat_preview,photo,kodak_02,768,512,512,341,63,64,32,0,1584,5936,0.2668463611859838,5.50379,24.960683656823367,0.5861812339061652,0.7749170866655396,0.7976785958247326,0.8387004939048986
chat_preview,photo,kodak_02,768,512,512,341,63,64,32,1,2808,5936,0.47304582210242585,4.97254,26.237647645491474,0.6424033003406987,0.8476262154123074,0.8649283531404389,0.8945050139544527
chat_preview,photo,kodak_02,768,512,512,341,63,64,32,2,4212,5936,0.7095687331536388,5.70337,27.912030167807323,0.7044046146829355,0.8919616285510396,0.9111164041259909,0.9440967084454331
chat_preview,photo,kodak_02,768,512,512,341,63,64,32,3,5450,5936,0.9181266846361186,6.01654,29.005041647306825,0.7455252675619808,0.9114324326192363,0.9340117227791375,0.9597384288577223
chat_preview,photo,kodak_02,768,512,512,341,63,64,32,4,5936,5936,1.0,6.19663,29.20895707904155,0.7497190556713716,0.9125804187445691,0.9352651274600441,0.9613577988423593
chat_preview,photo,kodak_02,768,512,512,341,63,64,64,0,3319,13060,0.2541347626339969,5.19658,26.332751584714348,0.6501522207100251,0.8578171044429411,0.8696854911368868,0.8979688073811711
chat_preview,photo,kodak_02,768,512,512,341,63,64,64,1,6621,13060,0.506967840735069,6.06892,28.39591143578867,0.7357517952873902,0.9178007429288231,0.9261552777714943,0.9519465749418748
chat_preview,photo,kodak_02,768,512,512,341,63,64,64,2,10585,13060,0.8104900459418071,6.15846,30.513789193695352,0.8084707761186988,0.9488797498988338,0.9626249791524645,0.9745736777725748
chat_preview,photo,kodak_02,768,512,512,341,63,64,64,3,13060,13060,1.0,6.80713,32.16291530045888,0.8457449751742909,0.9568223123721302,0.970753657056856,0.9833805001857824
chat_preview,photo,kodak_02,768,512,512,341,64,64,32,0,1584,6067,0.2610845557936377,5.24504,24.960683656823367,0.5861812339061652,0.7749170866655396,0.7976785958247326,0.8387004939048986
chat_preview,photo,kodak_02,768,512,512,341,64,64,32,1,2808,6067,0.4628317125432668,5.385,26.238096088893975,0.642462552939052,0.8476775197364375,0.8649452611650101,0.8945023254612441
chat_preview,photo,kodak_02,768,512,512,341,64,64,32,2,4276,6067,0.7047964397560573,5.30517,27.937562983357957,0.7066420641680699,0.8934313986494823,0.9124537048829582,0.9447479258546186
chat_preview,photo,kodak_02,768,512,512,341,64,64,32,3,5521,6067,0.9100049447832537,5.568,29.051002871981957,0.7477086469324646,0.9129395028284257,0.9353049448011153,0.9603563388607942
chat_preview,photo,kodak_02,768,512,512,341,64,64,32,4,6067,6067,1.0,6.39075,29.269238406430233,0.7523783808253719,0.9142314260127389,0.9366932449963336,0.9620725769638566
chat_preview,photo,kodak_02,768,512,512,341,64,64,64,0,3319,13326,0.2490619840912502,4.89692,26.332751584714348,0.6501522207100251,0.8578171044429411,0.8696854911368868,0.8979688073811711
chat_preview,photo,kodak_02,768,512,512,341,64,64,64,1,6622,13326,0.4969233078193006,5.30817,28.396141739228234,0.735769346133166,0.917802125946552,0.9261606282186157,0.9519462075920926
chat_preview,photo,kodak_02,768,512,512,341,64,64,64,2,10849,13326,0.8141227675221372,15.2482,30.532722160098146,0.8102952054214777,0.9493981242695586,0.963060985324414,0.9746436176803638
chat_preview,photo,kodak_02,768,512,512,341,64,64,64,3,13326,13326,1.0,7.26037,32.22768262829619,0.847664405740844,0.9574181811054702,0.9713547701568515,0.983696117701337
chat_preview,photo,kodak_02,768,512,512,341,65,64,32,0,1584,6251,0.2533994560870261,5.4905,24.960683656823367,0.5861812339061652,0.7749170866655396,0.7976785958247326,0.8387004939048986
chat_preview,photo,kodak_02,768,512,512,341,65,64,32,1,2874,6251,0.4597664373700208,5.29746,26.252734531496415,0.6428189349440571,0.8486761544010261,0.865830751212512,0.894903948287721
chat_preview,photo,kodak_02,768,512,512,341,65,64,32,2,4366,6251,0.6984482482802752,5.30258,27.952657544076057,0.7072615787899537,0.8940814004387221,0.9127780282063976,0.9448775646128549
chat_preview,photo,kodak_02,768,512,512,341,65,64,32,3,5689,6251,0.9100943848984162,5.97792,29.102214498789248,0.7502266831425591,0.9144957569740638,0.9363533372276681,0.9607697742848372
chat_preview,photo,kodak_02,768,512,512,341,65,64,32,4,6251,6251,1.0,6.20087,29.340351014576747,0.7555025064060049,0.9159375942661092,0.9379537489786404,0.9626817162288229
chat_preview,photo,kodak_02,768,512,512,341,65,64,64,0,3319,13888,0.23898329493087558,5.54371,26.332751584714348,0.6501522207100251,0.8578171044429411,0.8696854911368868,0.8979688073811711
chat_preview,photo,kodak_02,768,512,512,341,65,64,64,1,6885,13888,0.4957517281105991,5.50233,28.413704791963635,0.7371698037489457,0.918458393398585,0.9269249111399904,0.9521652889481593
chat_preview,photo,kodak_02,768,512,512,341,65,64,64,2,11164,13888,0.8038594470046083,6.12304,30.56428099535813,0.8116804861761459,0.9497770474334569,0.9633671515524639,0.9747676745288526
chat_preview,photo,kodak_02,768,512,512,341,65,64,64,3,13888,13888,1.0,7.32179,32.32222541520745,0.8507722272204372,0.9581223383908769,0.9720297099060864,0.9839889719931527
chat_preview,photo,kodak_02,768,512,512,341,66,64,32,0,1584,6352,0.24937027707808565,5.05454,24.960683656823367,0.5861812339061652,0.7749170866655396,0.7976785958247326,0.8387004939048986
chat_preview,photo,kodak_02,768,512,512,341,66,64,32,1,2923,6352,0.46017002518891686,5.09042,26.262816743370976,0.6432208881008262,0.848948595051244,0.8655390978789507,0.8955069521164476
chat_preview,photo,kodak_02,768,512,512,341,66,64,32,2,4441,6352,0.6991498740554156,5.39575,27.96811997702692,0.70797305302145,0.8947140281342048,0.912937163071134,0.944853161041657
chat_preview,photo,kodak_02,768,512,512,341,66,64,32,3,5773,6352,0.9088476070528967,5.98888,29.144786831564513,0.7513168798466866,0.9153671264029186,0.936989216378428,0.9610433704052385
chat_preview,photo,kodak_02,768,512,512,341,66,64,32,4,6352,6352,1.0,6.34246,29.397304141926035,0.7569275407736279,0.9169177102022341,0.9387216714802709,0.9630699191174782
chat_preview,photo,kodak_02,768,512,512,341,66,64,64,0,3319,14156,0.2344588866911557,4.98542,26.332751584714348,0.6501522207100251,0.8578171044429411,0.8696854911368868,0.8979688073811711
chat_preview,photo,kodak_02,768,512,512,341,66,64,64,1,7021,14156,0.4959734388245267,5.8545,28.42267739041261,0.7381093857487183,0.919136686230568,0.9267996871451626,0.9524735582293264
chat_preview,photo,kodak_02,768,512,512,341,66,64,64,2,11412,14156,0.8061599321842329,6.11854,30.603814871771583,0.8135025096831586,0.9508871718239821,0.9639964830366647,0.9751294386678142
chat_preview,photo,kodak_02,768,512,512,341,66,64,64,3,14156,14156,1.0,7.20487,32.417358412026644,0.8532004575940914,0.9593995028519607,0.9728255983793691,0.9843521610695665
chat_preview,photo,kodak_02,768,512,512,341,67,64,32,0,1584,6522,0.24287028518859247,4.82542,24.960683656823367,0.5861812339061652,0.7749170866655396,0.7976785958247326,0.8387004939048986
chat_preview,photo,kodak_02,768,512,512,341,67,64,32,1,2924,6522,0.448328733517326,4.70742,26.261148217082784,0.6430044594870252,0.8488279400141657,0.8654298623530565,0.8954020530514422
chat_preview,photo,kodak_02,768,512,512,341,67,64,32,2,4499,6522,0.6898190739037106,5.31162,27.991254983336056,0.7087021313360397,0.8953173476852679,0.913080016633557,0.945271487657296
chat_preview,photo,kodak_02,768,512,512,341,67,64,32,3,5925,6522,0.9084636614535418,5.65888,29.186499800060094,0.754074211087494,0.916859580873636,0.93809826655759,0.9616649590091982
chat_preview,photo,kodak_02,768,512,512,341,67,64,32,4,6522,6522,1.0,6.42296,29.45647168090016,0.7600509647242872,0.9185388653311763,0.9400101468982535,0.9638622223264401
chat_preview,photo,kodak_02,768,512,512,341,67,64,64,0,3339,14517,0.23000619962802232,5.16904,26.332751584714348,0.6501522207100251,0.8578171044429411,0.8696854911368868,0.8979688073811711
chat_preview,photo,kodak_02,768,512,512,341,67,64,64,1,7051,14517,0.4857064131707653,5.263,28.42498670158005,0.7381767607318697,0.9192575288530263,0.9269445093340325,0.952523718197647
chat_preview,photo,kodak_02,768,512,512,341,67,64,64,2,11525,14517,0.7938968106358063,6.34475,30.629612686660245,0.8141953819677726,0.951267147044763,0.9642915657189874,0.9752950632599646
chat_preview,photo,kodak_02,768,512,512,341,67,64,64,3,14517,14517,1.0,7.49767,32.50683307261027,0.8560506117874751,0.9601119342603383,0.9734796472745473,0.9846298605104231
chat_preview,photo,kodak_02,768,512,512,341,68,64,32,0,1612,6624,0.2433574879227053,5.12371,24.978788789508904,0.5864925153694678,0.775795959960237,0.7977671138130226,0.8393652381641575
chat_preview,photo,kodak_02,768,512,512,341,68,64,32,1,2970,6624,0.4483695652173913,4.99233,26.28178975535226,0.6436907122719777,0.8501804692958727,0.8656344233416923,0.8959424257840083
chat_preview,photo,kodak_02,768,512,512,341,68,64,32,2,4551,6624,0.6870471014492754,5.53521,28.02083532585465,0.7095515411096901,0.896827336602839,0.9133364955445323,0.9459244772366822
chat_preview,photo,kodak_02,768,512,512,341,68,64,32,3,6006,6624,0.9067028985507246,6.47492,29.242189571906515,0.7552879321641814,0.9186883374780944,0.9385671160256083,0.9623622604615396
chat_preview,photo,kodak_02,768,512,512,341,68,64,32,4,6624,6624,1.0,6.4675,29.535251351447304,0.7619087214230064,0.9205792594536177,0.9407975023046458,0.9648612037029498
chat_preview,photo,kodak_02,768,512,512,341,68,64,64,0,3411,14651,0.23281687256842537,5.57104,26.351712345918852,0.6511368025038621,0.8590893043099218,0.8696453528417418,0.8983456066179113
chat_preview,photo,kodak_02,768,512,512,341,68,64,64,1,7164,14651,0.4889768616476691,5.71758,28.46145661934305,0.7392204825894836,0.9204576293611891,0.9268051954637542,0.9531260541772323
chat_preview,photo,kodak_02,768,512,512,341,68,64,64,2,11638,14651,0.7943485086342229,9.33129,30.679835374339433,0.8153776715013477,0.95244205600632,0.9641772390650749,0.9758420817020484
chat_preview,photo,kodak_02,768,512,512,341,68,64,64,3,14651,14651,1.0,6.93954,32.62410138199025,0.8577935501504378,0.9614508328702862,0.9734910469055063,0.9852584089314245
chat_preview,photo,kodak_02,768,512,512,341,69,64,32,0,1612,6986,0.23074720870312052,4.9,24.978788789508904,0.5864925153694678,0.775795959960237,0.7977671138130226,0.8393652381641575
chat_preview,photo,kodak_02,768,512,512,341,69,64,32,1,2972,6986,0.4254222731176639,4.99571,26.28185443161131,0.6437016773846982,0.8501900983811771,0.8656505678380417,0.8959478534754939
chat_preview,photo,kodak_02,768,512,512,341,69,64,32,2,4718,6986,0.6753507014028056,5.13546,28.06342479844023,0.712064355867806,0.8981427432199173,0.9146188813564666,0.9468175327795912
chat_preview,photo,kodak_02,768,512,512,341,69,64,32,3,6280,6986,0.8989407386200974,5.66679,29.29548012161797,0.758676502636927,0.9191046255746996,0.9391199308759847,0.9628641951194004
chat_preview,photo,kodak_02,768,512,512,341,69,64,32,4,6986,6986,1.0,6.60304,29.671427902830537,0.7672715658758956,0.9222015120958605,0.9430636122377174,0.9674490067438888
chat_preview,photo,kodak_02,768,512,512,341,69,64,64,0,3411,15354,0.22215709261430247,4.89996,26.351712345918852,0.6511368025038621,0.8590893043099218,0.8696453528417418,0.8983456066179113
chat_preview,photo,kodak_02,768,512,512,341,69,64,64,1,7164,15354,0.46658851113716293,5.70392,28.461585913330524,0.73922309410961,0.9204669235192161,0.9268003609078383,0.9531295619771059
chat_preview,photo,kodak_02,768,512,512,341,69,64,64,2,12074,15354,0.7863748860231862,6.05221,30.71200893670551,0.8178274274527241,0.9528336632760293,0.9642779391667107,0.9758221132046521
chat_preview,photo,kodak_02,768,512,512,341,69,64,64,3,15354,15354,1.0,7.05067,32.727892681170864,0.861619194450827,0.9620303488878758,0.9737598575740717,0.9854839507837163
chat_preview,photo,kodak_02,768,512,512,341,70,64,32,0,1612,7064,0.22819932049830124,5.30771,24.978788789508904,0.5864925153694678,0.775795959960237,0.7977671138130226,0.8393652381641575
chat_preview,photo,kodak_02,768,512,512,341,70,64,32,1,2989,7064,0.42313137032842585,5.288,26.282187795043555,0.6439275862464648,0.8503554842140914,0.8655990308734691,0.8959583166521992
chat_preview,photo,kodak_02,768,512,512,341,70,64,32,2,4743,7064,0.6714326160815403,6.13717,28.08273477114538,0.7125461535378815,0.8986289148582296,0.9150967503642562,0.9471570312462775
chat_preview,photo,kodak_02,768,512,512,341,70,64,32,3,6323,7064,0.8951019252548131,5.51446,29.33635456272468,0.7595958821382962,0.92002367845408,0.9400804916492519,0.9633758702823702
chat_preview,photo,kodak_02,768,512,512,341,70,64,32,4,7064,7064,1.0,6.31687,29.737182986854126,0.7690491576926451,0.9234504998550103,0.9445175826208322,0.9688271871877276
chat_preview,photo,kodak_02,768,512,512,341,70,64,64,0,3411,15431,0.2210485386559523,5.03492,26.351712345918852,0.6511368025038621,0.8590893043099218,0.8696453528417418,0.8983456066179113
chat_preview,photo,kodak_02,768,512,512,341,70,64,64,1,7235,15431,0.46886138293046464,5.35554,28.46093116166138,0.7392740518668993,0.9203293384921117,0.9265748341580979,0.9530685111371244
chat_preview,photo,kodak_02,768,512,512,341,70,64,64,2,12147,15431,0.7871816473332901,6.16787,30.723774869341703,0.8182148402985692,0.9529284678636532,0.9643157043835991,0.9758797669177082
chat_preview,photo,kodak_02,768,512,512,341,70,64,64,3,15431,15431,1.0,7.25387,32.78718579330482,0.8625155632705345,0.9622844372521927,0.9740447181971171,0.9856628840002478
chat_preview,photo,kodak_02,768,512,512,341,71,64,32,0,1668,7458,0.2236524537409493,4.98317,24.952159424603696,0.5868394166629062,0.7769248556830609,0.7993704624469258,0.8398592430024749
chat_preview,photo,kodak_02,768,512,512,341,71,64,32,1,3141,7458,0.42115848753016893,5.03721,26.26952713623705,0.6456176151735215,0.8521723395887744,0.8676896076845049,0.8961953200429256
chat_preview,photo,kodak_02,768,512,512,341,71,64,32,2,4979,7458,0.6676052561008313,5.18162,28.100521435262355,0.714799653363723,0.9008646569459161,0.9172401141229496,0.9474752871021924
chat_preview,photo,kodak_02,768,512,512,341,71,64,32,3,6690,7458,0.8970233306516492,5.98325,29.394528028143792,0.7641928578615568,0.9234686794241559,0.9440230843306205,0.9645575991252229
chat_preview,photo,kodak_02,768,512,512,341,71,64,32,4,7458,7458,1.0,6.51983,29.81428682521656,0.7749762812404457,0.9268015817935266,0.9483996429034368,0.9696250125823592
chat_preview,photo,kodak_02,768,512,512,341,71,64,64,0,3622,16366,0.22131247708664303,4.98796,26.322618971328183,0.6516312996495156,0.8600967034421824,0.8709566178577385,0.8985612332910261
chat_preview,photo,kodak_02,768,512,512,341,71,64,64,1,7708,16366,0.47097641451790295,5.28933,28.4437438078212,0.7408290232197822,0.921438688741925,0.927319260686118,0.9529642522628439
chat_preview,photo,kodak_02,768,512,512,341,71,64,64,2,12795,16366,0.7818037394598558,6.427,30.755192260394104,0.8218674477452698,0.9551525575472327,0.9663483251107435,0.9763140923622174
chat_preview,photo,kodak_02,768,512,512,341,71,64,64,3,16366,16366,1.0,7.11729,32.89310916485866,0.8685841169606601,0.9650302966241001,0.9767762268045124,0.9863485713666929
chat_preview,photo,kodak_02,768,512,512,341,72,64,32,0,1668,7515,0.2219560878243513,5.01962,24.952159424603696,0.5868394166629062,0.7769248556830609,0.7993704624469258,0.8398592430024749
chat_preview,photo,kodak_02,768,512,512,341,72,64,32,1,3141,7515,0.4179640718562874,5.24712,26.270105346878225,0.6457917201457509,0.8522884322728251,0.8676951450795855,0.8962157419126486
chat_preview,photo,kodak_02,768,512,512,341,72,64,32,2,4982,7515,0.6629407850964737,5.16958,28.10723741214114,0.7151499654236559,0.9011094562942489,0.9172459898553841,0.9476438392168482
chat_preview,photo,kodak_02,768,512,512,341,72,64,32,3,6717,7515,0.893812375249501,5.59796,29.403530884481263,0.7645720978141745,0.9237152790885134,0.9440654926803302,0.9647114044158512
chat_preview,photo,kodak_02,768,512,512,341,72,64,32,4,7515,7515,1.0,6.14425,29.854246061195898,0.7763234561054831,0.9271481259822028,0.9486673928155357,0.9699085514423413
chat_preview,photo,kodak_02,768,512,512,341,72,64,64,0,3622,16385,0.22105584375953616,6.16967,26.322618971328183,0.6516312996495156,0.8600967034421824,0.8709566178577385,0.8985612332910261
chat_preview,photo,kodak_02,768,512,512,341,72,64,64,1,7709,16385,0.47049130302105585,7.48346,28.443970334631107,0.7408257496127879,0.9214311456763692,0.9273110513403818,0.9529604261171117
chat_preview,photo,kodak_02,768,512,512,341,72,64,64,2,12795,16385,0.7808971620384498,8.96121,30.757553702644902,0.821952727245128,0.955201073932982,0.966352135511014,0.9763402971901485
chat_preview,photo,kodak_02,768,512,512,341,72,64,64,3,16385,16385,1.0,6.82054,32.904367462892544,0.8687485197467838,0.9650776193949531,0.9767940548554397,0.98638312783568
chat_preview,photo,kodak_02,768,512,512,341,73,64,32,0,1719,7706,0.223072930184272,4.96283,24.950926894246415,0.5872122939039256,0.7773699187256802,0.7993317939930339,0.8396095376350542
chat_preview,photo,kodak_02,768,512,512,341,73,64,32,1,3220,7706,0.41785621593563455,4.76571,26.269404362813482,0.646301291056166,0.8531854358737178,0.8679178262145938,0.8962454194435256
chat_preview,photo,kodak_02,768,512,512,341,73,64,32,2,5103,7706,0.6622112639501687,6.58083,28.134181679125856,0.7161162933662513,0.9029965914095396,0.9177390232136148,0.948167048109181
chat_preview,photo,kodak_02,768,512,512,341,73,64,32,3,6866,7706,0.8909940306254867,5.70254,29.471901513012444,0.7662428274664103,0.926028137737582,0.9448591605533424,0.9655782749986942
chat_preview,photo,kodak_02,768,512,512,341,73,64,32,4,7706,7706,1.0,6.43842,29.98241795229246,0.7789014846296937,0.9296148854333591,0.9496083208493089,0.9710148588092528
chat_preview,photo,kodak_02,768,512,512,341,73,64,64,0,3788,16765,0.2259469132120489,5.35721,26.32846923911062,0.652102063919536,0.8606210245874264,0.8707721455085432,0.8986053634548107
chat_preview,photo,kodak_02,768,512,512,341,73,64,64,1,7955,16765,0.4745004473605726,5.37879,28.455775959179924,0.74185120982551,0.9224263867185014,0.9276804946966721,0.9531787748111911
chat_preview,photo,kodak_02,768,512,512,341,73,64,64,2,13143,16765,0.7839546674619744,6.32512,30.800965015052487,0.823355042896325,0.9564579490070576,0.966787736332514,0.9767885327952329
chat_preview,photo,kodak_02,768,512,512,341,73,64,64,3,16765,16765,1.0,9.15017,33.01218456547072,0.8707905367559953,0.966479368293145,0.9774074743979204,0.9868663672643788
chat_preview,photo,kodak_02,768,512,512,341,74,64,32,0,1719,8050,0.21354037267080744,5.19904,24.950926894246415,0.5872122939039256,0.7773699187256802,0.7993317939930339,0.8396095376350542
chat_preview,photo,kodak_02,768,512,512,341,74,64,32,1,3220,8050,0.4,5.26717,26.269404362813482,0.646301291056166,0.8531854358737178,0.8679178262145938,0.8962454194435256
chat_preview,photo,kodak_02,768,512,512,341,74,64,32,2,5248,8050,0.6519254658385093,5.59854,28.15273338637112,0.7183481134265506,0.9042806555046367,0.9187750465682037,0.9483459552835798
chat_preview,photo,kodak_02,768,512,512,341,74,64,32,3,7155,8050,0.8888198757763975,6.15963,29.531655925393814,0.7704543483299363,0.9278188206716944,0.9466090378051631,0.9662126427531174
chat_preview,photo,kodak_02,768,512,512,341,74,64,32,4,8050,8050,1.0,6.51987,30.09141590121695,0.7843693247942077,0.9316240119870932,0.9516797155860884,0.9718255596885864
chat_preview,photo,kodak_02,768,512,512,341,74,64,64,0,3788,17652,0.21459324722411058,4.89521,26.32846923911062,0.652102063919536,0.8606210245874264,0.8707721455085432,0.8986053634548107
chat_preview,photo,kodak_02,768,512,512,341,74,64,64,1,7955,17652,0.4506571493315205,5.36121,28.455775959179924,0.74185120982551,0.9224263867185014,0.9276804946966721,0.9531787748111911
chat_preview,photo,kodak_02,768,512,512,341,74,64,64,2,13649,17652,0.7732268298209835,6.29221,30.82303013958043,0.8259517527952006,0.9571552598040759,0.9675545837423415,0.9768224884237464
chat_preview,photo,kodak_02,768,512,512,341,74,64,64,3,17652,17652,1.0,7.05633,33.11673074334105,0.8751361860685627,0.9673740893651375,0.978414855846604,0.9870918407685698
chat_preview,photo,kodak_02,768,512,512,341,75,64,32,0,1719,8267,0.20793516390468125,5.00621,24.950926894246415,0.5872122939039256,0.7773699187256802,0.7993317939930339,0.8396095376350542
chat_preview,photo,kodak_02,768,512,512,341,75,64,32,1,3276,8267,0.39627434377646065,5.26938,26.271243410754575,0.6470727677329017,0.8539297352784317,0.8678776472747415,0.8962508995376989
chat_preview,photo,kodak_02,768,512,512,341,75,64,32,2,5360,8267,0.6483609531873715,5.59533,28.175790167840653,0.7194908858723118,0.9054698041485487,0.9189364209558541,0.9486636576813443
chat_preview,photo,kodak_02,768,512,512,341,75,64,32,3,7294,8267,0.882303132938188,5.67625,29.58967376668702,0.772185588259883,0.9293013719913451,0.9468478768794679,0.9668953407015602
chat_preview,photo,kodak_02,768,512,512,341,75,64,32,4,8267,8267,1.0,6.47179,30.202469266997344,0.7873228580335132,0.9332606092068345,0.9521936987821794,0.9726501720159008
chat_preview,photo,kodak_02,768,512,512,341,75,64,64,0,3788,17985,0.21061996107867667,5.06258,26.32846923911062,0.652102063919536,0.8606210245874264,0.8707721455085432,0.8986053634548107
chat_preview,photo,kodak_02,768,512,512,341,75,64,64,1,8148,17985,0.4530442035029191,5.94971,28.465996740408556,0.7425924180032157,0.9228780322170191,0.9276598338139208,0.9533435399865874
chat_preview,photo,kodak_02,768,512,512,341,75,64,64,2,13948,17985,0.7755351681957187,6.06229,30.839274147217477,0.8270056345039443,0.9577643945204858,0.9675312235918732,0.9769066994569136
chat_preview,photo,kodak_02,768,512,512,341,75,64,64,3,17985,17985,1.0,7.02854,33.19314482278812,0.8769850095488329,0.968133441970857,0.9786082016922627,0.9873336276028235
chat_preview,photo,kodak_02,768,512,512,341,76,64,32,0,1739,8535,0.2037492677211482,4.94971,24.950926894246415,0.5872122939039256,0.7773699187256802,0.7993317939930339,0.8396095376350542
chat_preview,photo,kodak_02,768,512,512,341,76,64,32,1,3308,8535,0.38758055067369657,4.92737,26.272274430757726,0.647241466559548,0.854017272208686,0.8678680476180204,0.8963038874335028
chat_preview,photo,kodak_02,768,512,512,341,76,64,32,2,5439,8535,0.6372583479789103,5.13346,28.18525766878382,0.7203094316860698,0.9062979246037962,0.9196632020349987,0.9484946707834788
chat_preview,photo,kodak_02,768,512,512,341,76,64,32,3,7525,8535,0.8816637375512595,5.78646,29.657650934073303,0.7751426892091873,0.9312627346205975,0.9491610379447113,0.9679985960175003
chat_preview,photo,kodak_02,768,512,512,341,76,64,32,4,8535,8535,1.0,6.73371,30.308561947545165,0.7912125009276231,0.9348799994904115,0.9539704948442128,0.9730930565312206
chat_preview,photo,kodak_02,768,512,512,341,76,64,64,0,3788,18524,0.2044914705247247,4.84087,26.32846923911062,0.652102063919536,0.8606210245874264,0.8707721455085432,0.8986053634548107
chat_preview,photo,kodak_02,768,512,512,341,76,64,64,1,8188,18524,0.4420211617361261,5.52267,28.466016714355476,0.7426516890939766,0.9228955762593718,0.9276351341571852,0.9533485736515168
chat_preview,photo,kodak_02,768,512,512,341,76,64,64,2,14051,18524,0.7585294752753186,6.18825,30.875349012439983,0.828017483907626,0.9582510482945152,0.9680161117990271,0.977050272782366
chat_preview,photo,kodak_02,768,512,512,341,76,64,64,3,18524,18524,1.0,7.22633,33.32793959876963,0.8808788532424058,0.9691982986357227,0.9796863406327603,0.9877088413705088
chat_preview,photo,kodak_02,768,512,512,341,77,64,32,0,1739,8810,0.1973893303064699,4.96525,24.950926894246415,0.5872122939039256,0.7773699187256802,0.7993317939930339,0.8396095376350542
chat_preview,photo,kodak_02,768,512,512,341,77,64,32,1,3438,8810,0.39023836549375707,4.99625,26.275616741133796,0.6479461698399436,0.8544406641919764,0.8681430244530364,0.8966452962465485
chat_preview,photo,kodak_02,768,512,512,341,77,64,32,2,5655,8810,0.6418842224744609,5.31492,28.193178498530422,0.7221409355633219,0.9071473284684565,0.9201737599111198,0.9485280039183792
chat_preview,photo,kodak_02,768,512,512,341,77,64,32,3,7747,8810,0.8793416572077185,5.84917,29.70287215185681,0.7773105211353961,0.9324392677720024,0.9498011030522696,0.9682768561276273
chat_preview,photo,kodak_02,768,512,512,341,77,64,32,4,8810,8810,1.0,6.40842,30.414613926627272,0.794455578854711,0.9366332583624007,0.9550445959275352,0.9740101235170148
chat_preview,photo,kodak_02,768,512,512,341,77,64,64,0,3788,19246,0.19682011846617478,5.01404,26.32846923911062,0.652102063919536,0.8606210245874264,0.8707721455085432,0.8986053634548107
chat_preview,photo,kodak_02,768,512,512,341,77,64,64,1,8658,19246,0.44985971110880185,5.435,28.482729892924816,0.7441083908586629,0.9237712824956162,0.9285938044287371,0.9539474202714779
chat_preview,photo,kodak_02,768,512,512,341,77,64,64,2,14754,19246,0.7666008521251169,6.28579,30.893712559170545,0.8295957049231998,0.9590403860284037,0.9686416169467039,0.9774380672639017
chat_preview,photo,kodak_02,768,512,512,341,77,64,64,3,19246,19246,1.0,7.14312,33.407689884468176,0.8826833323794956,0.9700293857116286,0.9802968299474815,0.9881840623575848
chat_preview,photo,kodak_02,768,512,512,341,78,64,32,0,1774,9135,0.19419813902572522,4.89138,24.959859357897724,0.5870463281936731,0.7779549829868303,0.7992187013838294,0.8401809417008443
chat_preview,photo,kodak_02,768,512,512,341,78,64,32,1,3483,9135,0.3812807881773399,5.02008,26.287740643724632,0.6481164052093286,0.8554641287984013,0.8680730660017406,0.8970804671807988
chat_preview,photo,kodak_02,768,512,512,341,78,64,32,2,5711,9135,0.6251778872468527,5.19417,28.216234168308564,0.72309752285233,0.9087293036409473,0.9204767099334934,0.9489467440982362
chat_preview,photo,kodak_02,768,512,512,341,78,64,32,3,7980,9135,0.8735632183908046,5.67033,29.789644144893185,0.7803661157694967,0.9349328761669166,0.9513695058164757,0.9695053765859148
chat_preview,photo,kodak_02,768,512,512,341,78,64,32,4,9135,9135,1.0,6.85996,30.565891490284635,0.7993402561928876,0.9391380412202829,0.956358893208483,0.974809029633268
chat_preview,photo,kodak_02,768,512,512,341,78,64,64,0,3956,19973,0.19806739097782006,5.18225,26.335464047016846,0.6526234734445451,0.8615248915452808,0.8710599077354926,0.898787712856457
chat_preview,photo,kodak_02,768,512,512,341,78,64,64,1,8865,19973,0.44384919641516046,5.24708,28.498477861031898,0.7448691759070076,0.9249158934699139,0.928948664530686,0.9542335016396574
chat_preview,photo,kodak_02,768,512,512,341,78,64,64,2,14976,19973,0.7498122465328193,6.38329,30.926877390444723,0.8306364750700167,0.9603082141405194,0.9689773407754804,0.9778141599349452
chat_preview,photo,kodak_02,768,512,512,341,78,64,64,3,19973,19973,1.0,7.10762,33.53463044502836,0.8862118156820488,0.9714783172373117,0.9807311742213797,0.9886962390101177
chat_preview,photo,kodak_02,768,512,512,341,79,64,32,0,1774,9477,0.18719003904189088,4.88558,24.959859357897724,0.5870463281936731,0.7779549829868303,0.7992187013838294,0.8401809417008443
chat_preview,photo,kodak_02,768,512,512,341,79,64,32,1,3490,9477,0.36825999788962754,5.02987,26.28874542269752,0.6481889898433121,0.8555721382923297,0.8680659004225956,0.8971030100111492
chat_preview,photo,kodak_02,768,512,512,341,79,64,32,2,5923,9477,0.6249868101719953,5.15821,28.25233741463896,0.7259683997235337,0.9101924855181208,0.9216493776005918,0.9496350566667399
chat_preview,photo,kodak_02,768,512,512,341,79,64,32,3,8239,9477,0.8693679434420175,5.80854,29.845740879863992,0.7830543087614359,0.9362336874051213,0.9521877486888487,0.9701190721263903
chat_preview,photo,kodak_02,768,512,512,341,79,64,32,4,9477,9477,1.0,6.32892,30.689358303523747,0.8036971904466906,0.9408063863131715,0.9576462586128317,0.9756639866639001
chat_preview,photo,kodak_02,768,512,512,341,79,64,64,0,3956,20702,0.19109264805332818,4.83338,26.335464047016846,0.6526234734445451,0.8615248915452808,0.8710599077354926,0.898787712856457
chat_preview,photo,kodak_02,768,512,512,341,79,64,64,1,8902,20702,0.4300067626316298,5.36421,28.499069795145108,0.7449079128827468,0.9249291880365674,0.9289296156600597,0.9542438502424948
chat_preview,photo,kodak_02,768,512,512,341,79,64,64,2,15657,20702,0.7563037387692011,17.3642,30.962319684222344,0.8328607051609765,0.9611381151591708,0.9696002309470441,0.9780621098167723
chat_preview,photo,kodak_02,768,512,512,341,79,64,64,3,20702,20702,1.0,7.37479,33.664344604291365,0.8889993599935195,0.9722970839792616,0.9814267585477214,0.9890421908010508
chat_preview,photo,kodak_02,768,512,512,341,80,64,32,0,1774,9873,0.17968196090347413,4.84537,24.959859357897724,0.5870463281936731,0.7779549829868303,0.7992187013838294,0.8401809417008443
chat_preview,photo,kodak_02,768,512,512,341,80,64,32,1,3579,9873,0.36250379823761775,4.95504,26.297635158310495,0.6485878221412756,0.8564109029388911,0.8683569776975992,0.8975628837934427
chat_preview,photo,kodak_02,768,512,512,341,80,64,32,2,6055,9873,0.6132887673452851,5.73358,28.260445123900006,0.7270641435357547,0.9109740104597174,0.9218647878445282,0.9499664076113028
chat_preview,photo,kodak_02,768,512,512,341,80,64,32,3,8564,9873,0.8674161855565684,6.25096,29.879408306356083,0.7858356975234629,0.9375122076884187,0.9531932969029814,0.9706823117907697
chat_preview,photo,kodak_02,768,512,512,341,80,64,32,4,9873,9873,1.0,6.88454,30.772771516029387,0.8075235471903438,0.9420197478766058,0.9586197085558615,0.9762040519577855
chat_preview,photo,kodak_02,768,512,512,341,80,64,64,0,3956,21646,0.18275893929594383,5.53512,26.335464047016846,0.6526234734445451,0.8615248915452808,0.8710599077354926,0.898787712856457
chat_preview,photo,kodak_02,768,512,512,341,80,64,64,1,9169,21646,0.42358865379284855,5.42912,28.507514832531534,0.7458329162596028,0.9252626091527371,0.9289983497694209,0.9542772487780486
chat_preview,photo,kodak_02,768,512,512,341,80,64,64,2,16045,21646,0.7412454957035942,6.5295,30.98769854725253,0.8340561205610024,0.9615978634330787,0.96982723224072,0.9782207882808581
chat_preview,photo,kodak_02,768,512,512,341,80,64,64,3,21646,21646,1.0,7.40933,33.79460424753093,0.8924997830696008,0.9730404255815749,0.9820010101658638,0.9893767107763316
chat_preview,photo,kodak_02,768,512,512,341,81,64,32,0,1774,10142,0.17491619010057188,4.83287,24.959859357897724,0.5870463281936731,0.7779549829868303,0.7992187013838294,0.8401809417008443
chat_preview,photo,kodak_02,768,512,512,341,81,64,32,1,3594,10142,0.3543679747584303,5.06183,26.29824751797059,0.6486716481637008,0.856530517064702,0.8684094137202889,0.8975561141928016
chat_preview,photo,kodak_02,768,512,512,341,81,64,32,2,6158,10142,0.6071780713863143,5.61258,28.267679765834387,0.7285552266127042,0.9118757944333389,0.9222506896539586,0.9498844784916977
chat_preview,photo,kodak_02,768,512,512,341,81,64,32,3,8758,10142,0.8635377637546835,6.13758,29.967473818351813,0.7882293791051502,0.9393278332215548,0.9544921457378888,0.9714113731651001
chat_preview,photo,kodak_02,768,512,512,341,81,64,32,4,10142,10142,1.0,6.4945,30.92541152196622,0.8112486512861262,0.9442004662063024,0.9604788388108357,0.9773001280257179
chat_preview,photo,kodak_02,768,512,512,341,81,64,64,0,3956,22038,0.17950812233415012,5.51788,26.335464047016846,0.6526234734445451,0.8615248915452808,0.8710599077354926,0.898787712856457
chat_preview,photo,kodak_02,768,512,512,341,81,64,64,1,9228,22038,0.41873128233052004,5.509,28.507936977671232,0.7458827573594199,0.925284059805867,0.9289878063011157,0.9542817877365759
chat_preview,photo,kodak_02,768,512,512,341,81,64,64,2,16362,22038,0.7424448679553498,6.46942,31.02815643500858,0.8359409191052686,0.9626679151160659,0.9707001260857708,0.9787601255420361
chat_preview,photo,kodak_02,768,512,512,341,81,64,64,3,22038,22038,1.0,7.83579,33.9611576311568,0.8958655877897702,0.9742052266267592,0.9830355726211502,0.9898450708435717
chat_preview,photo,kodak_02,768,512,512,341,82,64,32,0,1794,10556,0.16995073891625614,4.69583,24.959859357897724,0.5870463281936731,0.7779549829868303,0.7992187013838294,0.8401809417008443
chat_preview,photo,kodak_02,768,512,512,341,82,64,32,1,3614,10556,0.34236453201970446,5.03004,26.29824751797059,0.6486716481637008,0.856530517064702,0.8684094137202889,0.8975561141928016
chat_preview,photo,kodak_02,768,512,512,341,82,64,32,2,6193,10556,0.5866805608184918,5.33012,28.26615763990756,0.7287170262220298,0.9120669531231554,0.9222226970650506,0.9499092747569247
chat_preview,photo,kodak_02,768,512,512,341,82,64,32,3,9074,10556,0.8596059113300493,5.833,30.015357048753643,0.79121177332252,0.940083546009577,0.9552153928351308,0.9716703908956308
chat_preview,photo,kodak_02,768,512,512,341,82,64,32,4,10556,10556,1.0,6.91387,31.067623625606004,0.815546132097523,0.9453223542690931,0.9614596153940399,0.9781181752195276
chat_preview,photo,kodak_02,768,512,512,341,82,64,64,0,3956,22733,0.1740201469229754,5.154,26.335464047016846,0.6526234734445451,0.8615248915452808,0.8710599077354926,0.898787712856457
chat_preview,photo,kodak_02,768,512,512,341,82,64,64,1,9228,22733,0.40592970571416004,5.42446,28.507936977671232,0.7458827573594199,0.925284059805867,0.9289878063011157,0.9542817877365759
chat_preview,photo,kodak_02,768,512,512,341,82,64,64,2,16365,22733,0.71987859059517,6.38621,31.02559929513132,0.8359990748054383,0.9627002847790255,0.9706998661196051,0.9787538131155271
chat_preview,photo,kodak_02,768,512,512,341,82,64,64,3,22733,22733,1.0,7.13587,34.06124498430004,0.8982499031585913,0.9744972550600705,0.9833264002225717,0.9900024724888591
chat_preview,photo,kodak_02,768,512,512,341,83,64,32,0,1954,11107,0.17592509228414513,4.79554,24.986195533117055,0.5879074093047038,0.7789755773279978,0.7996794042374622,0.8401916200881222
chat_preview,photo,kodak_02,768,512,512,341,83,64,32,1,3878,11107,0.34914918519852345,4.90108,26.326406757935523,0.650183949195203,0.8577985961292279,0.8694817652257543,0.8974784445030545
chat_preview,photo,kodak_02,768,512,512,341,83,64,32,2,6570,11107,0.5915188619789322,5.0385,28.342221665508298,0.7311242336608155,0.9141138590907074,0.9235476198732553,0.9509393584542214
chat_preview,photo,kodak_02,768,512,512,341,83,64,32,3,9512,11107,0.856396866840731,5.59571,30.16668374817032,0.7945283769853012,0.9426686604465936,0.9571828378384254,0.9728825179809822
chat_preview,photo,kodak_02,768,512,512,341,83,64,32,4,11107,11107,1.0,6.43242,31.311872879920774,0.8208889031583042,0.9483086290357515,0.9637542175317625,0.9794678006163812
chat_preview,photo,kodak_02,768,512,512,341,83,64,64,0,4508,23972,0.18805272818288002,4.77708,26.371182213276036,0.653640222956597,0.8623995943276362,0.8714834685253345,0.8989803664431586
chat_preview,photo,kodak_02,768,512,512,341,83,64,64,1,10133,23972,0.4227014850659102,5.33658,28.55200762990944,0.7478949067045931,0.9270297155907404,0.9300817713261715,0.9543688574722885
chat_preview,photo,kodak_02,768,512,512,341,83,64,64,2,17587,23972,0.7336475888536627,6.36175,31.130316491345855,0.8392233145838532,0.9648747317314332,0.971962620041094,0.9791706374563156
chat_preview,photo,kodak_02,768,512,512,341,83,64,64,3,23972,23972,1.0,7.31787,34.34092297440196,0.9025847658732505,0.9768879932615219,0.9851249905018916,0.9906720803432936
chat_preview,photo,kodak_02,768,512,512,341,84,64,32,0,1954,11753,0.1662554241470263,4.74433,24.986195533117055,0.5879074093047038,0.7789755773279978,0.7996794042374622,0.8401916200881222
chat_preview,photo,kodak_02,768,512,512,341,84,64,32,1,3897,11753,0.33157491704245723,4.85733,26.327064896020342,0.6502033266199424,0.8578635930955482,0.8693890703537619,0.8974746401137396
chat_preview,photo,kodak_02,768,512,512,341,84,64,32,2,6777,11753,0.5766187356419638,5.18471,28.36435759404587,0.7325113580157933,0.9155927926577535,0.9246426559562989,0.9516149290631637
chat_preview,photo,kodak_02,768,512,512,341,84,64,32,3,10041,11753,0.8543350633880711,5.80058,30.241249520078316,0.7982362955105331,0.9439984270634193,0.9581538284082232,0.9733950860226956
chat_preview,photo,kodak_02,768,512,512,341,84,64,32,4,11753,11753,1.0,6.632,31.47098599207544,0.825865515457591,0.9500220670841407,0.9648263060514327,0.9804802709644874
chat_preview,photo,kodak_02,768,512,512,341,84,64,64,0,4508,25523,0.1766250048975434,5.19163,26.371182213276036,0.653640222956597,0.8623995943276362,0.8714834685253345,0.8989803664431586
chat_preview,photo,kodak_02,768,512,512,341,84,64,64,1,10199,25523,0.39960036045919367,6.26167,28.552466650006295,0.7479576662660151,0.9270500657986965,0.9300932161755431,0.9543706398282371
chat_preview,photo,kodak_02,768,512,512,341,84,64,64,2,18360,25523,0.7193511734513968,7.02792,31.159708100563872,0.8414490259753734,0.9656118950487748,0.972653851145584,0.9794523990558992
chat_preview,photo,kodak_02,768,512,512,341,84,64,64,3,25523,25523,1.0,7.52425,34.49263350297782,0.9068420453240206,0.977860019465825,0.9860922670516097,0.990973997850455
chat_preview,photo,kodak_02,768,512,512,341,85,64,32,0,1954,12211,0.16001965440995825,4.97979,24.986195533117055,0.5879074093047038,0.7789755773279978,0.7996794042374622,0.8401916200881222
chat_preview,photo,kodak_02,768,512,512,341,85,64,32,1,3995,12211,0.32716403242977643,5.55683,26.335568355706194,0.6500614615585522,0.8580882529037663,0.8694480052319958,0.89798610195881
chat_preview,photo,kodak_02,768,512,512,341,85,64,32,2,7031,12211,0.5757923184014413,5.33029,28.379053785556025,0.7340387907537739,0.9162506294533402,0.9246943537963102,0.9519351813724956
chat_preview,photo,kodak_02,768,512,512,341,85,64,32,3,10392,12211,0.8510359511915486,5.72342,30.318143432871164,0.800727353720638,0.9451714358834596,0.9589216197536435,0.9737654988975583
chat_preview,photo,kodak_02,768,512,512,341,85,64,32,4,12211,12211,1.0,6.75896,31.63881695494137,0.8301697434374207,0.9516616477686081,0.9659954275432586,0.9812185331228066
chat_preview,photo,kodak_02,768,512,512,341,85,64,64,0,4508,26469,0.17031244096868034,4.70679,26.371182213276036,0.653640222956597,0.8623995943276362,0.8714834685253345,0.8989803664431586
chat_preview,photo,kodak_02,768,512,512,341,85,64,64,1,10563,26469,0.39907061090332085,5.29004,28.56483064386677,0.7491411149786914,0.9277506567212574,0.9302181549949088,0.9545878724589028
chat_preview,photo,kodak_02,768,512,512,341,85,64,64,2,19165,26469,0.7240545543843742,6.29562,31.195027268208634,0.8434272531680792,0.9666626246045228,0.9725878852871962,0.9797844650296209
chat_preview,photo,kodak_02,768,512,512,341,85,64,64,3,26469,26469,1.0,7.86725,34.660326127622284,0.9099462126510779,0.9789828851438429,0.9863998535844607,0.9913284252242656
chat_preview,photo,kodak_02,768,512,512,341,86,64,32,0,1954,12945,0.15094631131711087,4.73846,24.986195533117055,0.5879074093047038,0.7789755773279978,0.7996794042374622,0.8401916200881222
chat_preview,photo,kodak_02,768,512,512,341,86,64,32,1,4028,12945,0.3111626110467362,4.95008,26.337762928778076,0.6502789627126747,0.8582149548735513,0.8693746448534878,0.8980423756393631
chat_preview,photo,kodak_02,768,512,512,341,86,64,32,2,7123,12945,0.5502510621861723,5.18567,28.388015092737454,0.7344297113413399,0.9166884631199549,0.9250640150345407,0.9520028541777069
chat_preview,photo,kodak_02,768,512,512,341,86,64,32,3,10841,12945,0.8374662031672461,5.75175,30.41205891612657,0.8047101028669669,0.946746208862212,0.9605491013902977,0.9741088171815209
chat_preview,photo,kodak_02,768,512,512,341,86,64,32,4,12945,12945,1.0,6.54696,31.866350928302328,0.8373502010764357,0.9538328914393196,0.967956319222621,0.9822047915720269
chat_preview,photo,kodak_02,768,512,512,341,86,64,64,0,4508,27628,0.16316780078181556,4.71225,26.371182213276036,0.653640222956597,0.8623995943276362,0.8714834685253345,0.8989803664431586
chat_preview,photo,kodak_02,768,512,512,341,86,64,64,1,10645,27628,0.3852975242507601,5.26946,28.56600120165506,0.7492372419878706,0.9277734896129196,0.9302218258225616,0.9546024036300907
chat_preview,photo,kodak_02,768,512,512,341,86,64,64,2,19420,27628,0.7029100912118141,6.58162,31.218201479305513,0.8444993424038282,0.9670904776845791,0.9730454745863582,0.9797159675509352
chat_preview,photo,kodak_02,768,512,512,341,86,64,64,3,27628,27628,1.0,7.55854,34.80711903184165,0.9136878358474817,0.9797419299206162,0.9872196623283301,0.9914922030021828
chat_preview,photo,kodak_02,768,512,512,341,87,64,32,0,2039,13526,0.1507467100399231,5.22954,25.00003381023538,0.5879672588662724,0.7792775596942306,0.7999868239930203,0.8405285032432502
chat_preview,photo,kodak_02,768,512,512,341,87,64,32,1,4153,13526,0.30703829661392873,5.17146,26.354332302818367,0.6505834235694753,0.8588404577814025,0.8695036622917702,0.8982342412132808
chat_preview,photo,kodak_02,768,512,512,341,87,64,32,2,7375,13526,0.5452461925181132,5.36088,28.425526374249927,0.73561807530265,0.9180401283343681,0.9253145392176103,0.9524708039622185
chat_preview,photo,kodak_02,768,512,512,341,87,64,32,3,11238,13526,0.830844299866923,6.54533,30.530550427183876,0.8077617719882553,0.9489831174482375,0.9618721204047685,0.9749338056275342
chat_preview,photo,kodak_02,768,512,512,341,87,64,32,4,13526,13526,1.0,6.75033,32.10961648202471,0.8429202230968836,0.9565731180992523,0.9696453418290928,0.9833778225175072
chat_preview,photo,kodak_02,768,512,512,341,87,64,64,0,4794,28490,0.16826956826956826,5.108,26.384951332286345,0.653787564811544,0.8627761417436101,0.8716021454437506,0.8991931441331983
chat_preview,photo,kodak_02,768,512,512,341,87,64,64,1,11051,28490,0.3878904878904879,5.99325,28.581943561238646,0.74950676868222,0.9283550058751572,0.9304818667764637,0.9548069471973903
chat_preview,photo,kodak_02,768,512,512,341,87,64,64,2,20112,28490,0.7059319059319059,6.80217,31.265682548435436,0.8460098083308235,0.9679622259566286,0.9731871848597462,0.9799570637245233
chat_preview,photo,kodak_02,768,512,512,341,87,64,64,3,28490,28490,1.0,7.768,35.01424999095302,0.9170939098594525,0.980977049726354,0.9879119515928101,0.9919444114928344
chat_preview,photo,kodak_02,768,512,512,341,88,64,32,0,2039,14156,0.14403786380333428,4.97729,25.00003381023538,0.5879672588662724,0.7792775596942306,0.7999868239930203,0.8405285032432502
chat_preview,photo,kodak_02,768,512,512,341,88,64,32,1,4154,14156,0.29344447584063293,5.22442,26.354328392161243,0.6506211731450545,0.8588813955308937,0.8695166105323237,0.8982200847686637
chat_preview,photo,kodak_02,768,512,512,341,88,64,32,2,7456,14156,0.5267024583215597,5.46825,28.41798103898663,0.7361323020110383,0.9184982394202231,0.9257356599018799,0.9522994372561018
chat_preview,photo,kodak_02,768,512,512,341,88,64,32,3,11681,14156,0.8251624752755016,6.27725,30.563234326876763,0.8106431804943911,0.9500762119629801,0.9627040630235765,0.9750302173338438
chat_preview,photo,kodak_02,768,512,512,341,88,64,32,4,14156,14156,1.0,6.92379,32.23865441493008,0.8476944977581781,0.9579856963742004,0.9708058550975414,0.9839478788458053
chat_preview,photo,kodak_02,768,512,512,341,88,64,64,0,4794,29876,0.16046324809211407,5.17612,26.384951332286345,0.653787564811544,0.8627761417436101,0.8716021454437506,0.8991931441331983
chat_preview,photo,kodak_02,768,512,512,341,88,64,64,1,11053,29876,0.36996251171508904,5.75167,28.58209111981406,0.7495077679127059,0.9283751855282683,0.9304958385630961,0.9548117999787356
chat_preview,photo,kodak_02,768,512,512,341,88,64,64,2,20381,29876,0.6821863703307002,6.68954,31.274012155879074,0.8464426649374145,0.9680915015829622,0.9733734997661193,0.9799657660230916
chat_preview,photo,kodak_02,768,512,512,341,88,64,64,3,29876,29876,1.0,7.70037,35.15633314606284,0.9203587544633192,0.981563467326343,0.9884716632872957,0.992256907356149
chat_preview,photo,kodak_02,768,512,512,341,89,64,32,0,2039,15151,0.13457857567157283,4.89775,25.00003381023538,0.5879672588662724,0.7792775596942306,0.7999868239930203,0.8405285032432502
chat_preview,photo,kodak_02,768,512,512,341,89,64,32,1,4342,15151,0.2865817437792885,4.86775,26.360802596077622,0.6510312043269194,0.8597164092707986,0.8702693362215733,0.8983644172279233
chat_preview,photo,kodak_02,768,512,512,341,89,64,32,2,8044,15151,0.5309220513497459,5.34317,28.455091080153856,0.7390300276435727,0.9202683088652877,0.9265702578810975,0.9528133445524966
chat_preview,photo,kodak_02,768,512,512,341,89,64,32,3,12408,15151,0.818955844498713,5.99496,30.621317443377297,0.8137539412605829,0.9514747134709068,0.9631899980742243,0.9752742539307028
chat_preview,photo,kodak_02,768,512,512,341,89,64,32,4,15151,15151,1.0,6.76321,32.41054158746063,0.8527400605345073,0.9598870885150065,0.9718762795729515,0.9845828793079349
chat_preview,photo,kodak_02,768,512,512,341,89,64,64,0,4794,32101,0.1493411420204978,7.56271,26.384951332286345,0.653787564811544,0.8627761417436101,0.8716021454437506,0.8991931441331983
chat_preview,photo,kodak_02,768,512,512,341,89,64,64,1,11793,32101,0.36737173296782033,5.67633,28.59317555412174,0.750397380663911,0.9289233916759153,0.9310926880168177,0.9551747606930235
chat_preview,photo,kodak_02,768,512,512,341,89,64,64,2,22445,32101,0.6991994018877916,6.50667,31.333704469193172,0.8493152274675452,0.9690437990278937,0.9738803351209162,0.9803236701795636
chat_preview,photo,kodak_02,768,512,512,341,89,64,64,3,32101,32101,1.0,8.471,35.31230565013053,0.9225913657043656,0.9822366840870407,0.9886983829162228,0.9925362556639921
chat_preview,photo,kodak_02,768,512,512,341,90,64,32,0,2059,15773,0.1305395295758575,4.96913,25.00003381023538,0.5879672588662724,0.7792775596942306,0.7999868239930203,0.8405285032432502
chat_preview,photo,kodak_02,768,512,512,341,90,64,32,1,4533,15773,0.2873898434032841,5.18921,26.372184474071204,0.651476878496669,0.8602259842288568,0.8700283319711433,0.8987270316559698
chat_preview,photo,kodak_02,768,512,512,341,90,64,32,2,8286,15773,0.5253280923096431,5.57833,28.47588853944218,0.7396638388995204,0.9207571305707521,0.9265461914939164,0.9532195116923864
chat_preview,photo,kodak_02,768,512,512,341,90,64,32,3,12760,15773,0.8089773663855956,5.96042,30.70163152658564,0.8157825321463169,0.9527455190601981,0.964006143133421,0.9758884420213235
chat_preview,photo,kodak_02,768,512,512,341,90,64,32,4,15773,15773,1.0,7.05742,32.65868905599142,0.8580301221560642,0.9618046928736951,0.9734773210943307,0.9854386246513104
chat_preview,photo,kodak_02,768,512,512,341,90,64,64,0,4794,32902,0.14570542824144428,5.26317,26.384951332286345,0.653787564811544,0.8627761417436101,0.8716021454437506,0.8991931441331983
chat_preview,photo,kodak_02,768,512,512,341,90,64,64,1,12479,32902,0.37927785544951675,6.07133,28.604556236896297,0.751289347432465,0.9293110916694519,0.9311169730526161,0.955278243612449
chat_preview,photo,kodak_02,768,512,512,341,90,64,64,2,23198,32902,0.7050635219743481,7.18808,31.361182734545686,0.8502653230977087,0.9694301432776808,0.9741411850681995,0.9804589929584766
chat_preview,photo,kodak_02,768,512,512,341,90,64,64,3,32902,32902,1.0,9.28383,35.509785561819726,0.9251589317442438,0.9828626980673422,0.9891871550199098,0.9928486974460543
chat_preview,photo,kodak_02,768,512,512,341,91,64,32,0,2059,16832,0.12232652091254753,5.22592,25.00003381023538,0.5879672588662724,0.7792775596942306,0.7999868239930203,0.8405285032432502
chat_preview,photo,kodak_02,768,512,512,341,91,64,32,1,4536,16832,0.26948669201520914,5.11742,26.372316658808824,0.6515082739814941,0.8602756253248823,0.8700221605766134,0.8987237024334321
chat_preview,photo,kodak_02,768,512,512,341,91,64,32,2,8622,16832,0.5122385931558935,6.07779,28.48734587526223,0.7408858716736203,0.9212633693482558,0.9262461241652507,0.9530637707560047
chat_preview,photo,kodak_02,768,512,512,341,91,64,32,3,13534,16832,0.8040636882129277,6.028,30.775680957661148,0.8200390445900609,0.9539904162836347,0.9644616913386453,0.9759987912870561
chat_preview,photo,kodak_02,768,512,512,341,91,64,32,4,16832,16832,1.0,7.27742,32.87055108343814,0.8642672044789165,0.9635730077218384,0.9746766808939762,0.9860287374844697
chat_preview,photo,kodak_02,768,512,512,341,91,64,64,0,4814,35454,0.13578157612681221,5.05092,26.384951332286345,0.653787564811544,0.8627761417436101,0.8716021454437506,0.8991931441331983
chat_preview,photo,kodak_02,768,512,512,341,91,64,64,1,12504,35454,0.35268234895921474,5.63279,28.604819792355908,0.7513150629664178,0.9293198884666397,0.9311185749182017,0.9552800885300898
chat_preview,photo,kodak_02,768,512,512,341,91,64,64,2,24294,35454,0.6852259265527162,7.15421,31.418734761635907,0.8523907626811104,0.9703675240307262,0.9747423088364164,0.9810062777775808
chat_preview,photo,kodak_02,768,512,512,341,91,64,64,3,35454,35454,1.0,8.49308,35.77690733791381,0.930257070276137,0.984048280244981,0.9900623310579951,0.9932608028895306
chat_preview,photo,kodak_02,768,512,512,341,92,64,32,0,2159,17671,0.12217757908437553,5.63808,24.992870668704576,0.5880169259510984,0.7794257077387824,0.7999679744843302,0.8404953716204691
chat_preview,photo,kodak_02,768,512,512,341,92,64,32,1,4726,17671,0.2674438345311527,5.66838,26.366628170050802,0.6521077077456496,0.8608004382163594,0.8703063608213455,0.8986354753654541
chat_preview,photo,kodak_02,768,512,512,341,92,64,32,2,8893,17671,0.5032539188500934,6.10721,28.481594327134466,0.7416416226187043,0.9221385771273801,0.9267423225069625,0.9530800053840757
chat_preview,photo,kodak_02,768,512,512,341,92,64,32,3,14049,17671,0.79503140739064,6.08292,30.839696184908334,0.8230593369850068,0.9560695141296378,0.96574615464049,0.9766567798498669
chat_preview,photo,kodak_02,768,512,512,341,92,64,32,4,17671,17671,1.0,7.53146,33.078737960159444,0.870438260481638,0.9661419345803343,0.9764857007038548,0.9868090088513973
chat_preview,photo,kodak_02,768,512,512,341,92,64,64,0,5215,36521,0.14279455655650175,4.88604,26.380348757672465,0.6541712132612466,0.8632659869415793,0.8717131359912454,0.8993679820458323
chat_preview,photo,kodak_02,768,512,512,341,92,64,64,1,13167,36521,0.36053229648695273,5.69767,28.60351040305892,0.7518234944521746,0.9298156231633187,0.9311706226012875,0.9554123290809765
chat_preview,photo,kodak_02,768,512,512,341,92,64,64,2,25056,36521,0.6860710276279401,6.99492,31.429178889703188,0.8533376937040721,0.9710045503998707,0.9749900944997346,0.9811560852046427
chat_preview,photo,kodak_02,768,512,512,341,92,64,64,3,36521,36521,1.0,8.64121,35.980693174483896,0.933545373055242,0.9850732434577258,0.9907554272161813,0.9936113468812638
chat_preview,photo,kodak_02,768,512,512,341,93,64,32,0,2179,18973,0.11484741474727243,5.62175,24.992870668704576,0.5880169259510984,0.7794257077387824,0.7999679744843302,0.8404953716204691
chat_preview,photo,kodak_02,768,512,512,341,93,64,32,1,4776,18973,0.2517261371422548,5.01679,26.366797968424297,0.652040964814971,0.8609178658816888,0.8703804229698604,0.8986325042037101
chat_preview,photo,kodak_02,768,512,512,341,93,64,32,2,9136,18973,0.48152637959205186,5.72146,28.500806624863323,0.7427175400384577,0.9228172845477226,0.9269379713321335,0.9533474118823095
chat_preview,photo,kodak_02,768,512,512,341,93,64,32,3,14936,18973,0.7872239498234334,6.38533,30.89338486032846,0.8270601256533192,0.9576105792302295,0.9666570898447515,0.9768728689785852
chat_preview,photo,kodak_02,768,512,512,341,93,64,32,4,18973,18973,1.0,7.48792,33.284185330835456,0.8769701098848484,0.9680011517073538,0.9778033078137185,0.9873580996126258
chat_preview,photo,kodak_02,768,512,512,341,93,64,64,0,5215,38909,0.1340306869875864,5.09946,26.380348757672465,0.6541712132612466,0.8632659869415793,0.8717131359912454,0.8993679820458323
chat_preview,photo,kodak_02,768,512,512,341,93,64,64,1,13278,38909,0.3412578066771184,6.36971,28.604415033235483,0.7518795349853842,0.9298250954061763,0.9311742604379404,0.9554028621567086
chat_preview,photo,kodak_02,768,512,512,341,93,64,64,2,25712,38909,0.6608239738877895,7.12654,31.44857684285585,0.8542946472570225,0.9713407615037118,0.9749241262424372,0.9813285511780995
chat_preview,photo,kodak_02,768,512,512,341,93,64,64,3,38909,38909,1.0,8.63042,36.15218778822281,0.9370186732597876,0.985746410267348,0.9912237854633008,0.9938103999754687
chat_preview,photo,kodak_02,768,512,512,341,94,64,32,0,2179,20778,0.10487053614399847,5.42563,24.992870668704576,0.5880169259510984,0.7794257077387824,0.7999679744843302,0.8404953716204691
chat_preview,photo,kodak_02,768,512,512,341,94,64,32,1,4776,20778,0.229858504187121,4.89433,26.366797968424297,0.652040964814971,0.8609178658816888,0.8703804229698604,0.8986325042037101
chat_preview,photo,kodak_02,768,512,512,341,94,64,32,2,9685,20778,0.4661180094330542,5.61375,28.5203102579783,0.7443803691559099,0.9239708663406697,0.9280097564484642,0.9539911392570355
chat_preview,photo,kodak_02,768,512,512,341,94,64,32,3,15781,20778,0.7595052459331986,6.30788,30.956659438708716,0.8298802565888383,0.9591375122799373,0.9678342593994136,0.977518925468554
chat_preview,photo,kodak_02,768,512,512,341,94,64,32,4,20778,20778,1.0,8.02238,33.570452367140206,0.8852350548706603,0.9704375339186919,0.9797662972093425,0.9885364140844918
chat_preview,photo,kodak_02,768,512,512,341,94,64,64,0,5215,41237,0.12646409777626888,4.97892,26.380348757672465,0.6541712132612466,0.8632659869415793,0.8717131359912454,0.8993679820458323
chat_preview,photo,kodak_02,768,512,512,341,94,64,64,1,13278,41237,0.32199238547906006,5.64308,28.604415033235483,0.7518795349853842,0.9298250954061763,0.9311742604379404,0.9554028621567086
chat_preview,photo,kodak_02,768,512,512,341,94,64,64,2,27573,41237,0.6686470887794942,7.11171,31.45356811443672,0.855869221960828,0.9718655991262923,0.9755076917603942,0.981303431971314
chat_preview,photo,kodak_02,768,512,512,341,94,64,64,3,41237,41237,1.0,8.42558,36.35837764233935,0.9403249561019984,0.9864409936522268,0.9919757207080432,0.9940815649337331
chat_preview,photo,kodak_02,768,512,512,341,95,64,32,0,2499,50502,0.04948318878460259,6.91896,24.988748579835637,0.5876709300102062,0.7785660903268566,0.8001921804164799,0.8392946784038555
chat_preview,photo,kodak_02,768,512,512,341,95,64,32,1,5910,50502,0.11702506831412618,6.78229,26.376298521586897,0.6546065401400997,0.8621841677339775,0.8711313578605779,0.8975157642065259
chat_preview,photo,kodak_02,768,512,512,341,95,64,32,2,13853,50502,0.2743059680804721,8.05021,28.589240834903066,0.7526379484060163,0.929221788760125,0.9299577915171999,0.9547200119742586
chat_preview,photo,kodak_02,768,512,512,341,95,64,32,3,29603,50502,0.5861748049582195,9.53167,31.863979338045645,0.8613813467984919,0.9722573828451934,0.9742818873444186,0.9830403782991934
chat_preview,photo,kodak_02,768,512,512,341,95,64,32,4,50502,50502,1.0,11.8951,39.052799491268466,0.9545286565099896,0.9881314640103357,0.9918125363153419,0.9966007966412969
chat_preview,photo,kodak_02,768,512,512,341,95,64,64,0,6116,79941,0.0765064234873219,7.41112,26.386282247167458,0.6552543300140853,0.8631606707747168,0.8716160874903898,0.8978290772619661
chat_preview,photo,kodak_02,768,512,512,341,95,64,64,1,17462,79941,0.21843609662125818,8.23675,28.625470503633956,0.7566450535546169,0.9322457096349082,0.9320623341717341,0.9554149610495506
chat_preview,photo,kodak_02,768,512,512,341,95,64,64,2,43059,79941,0.5386347431230533,9.49263,32.05389878904526,0.8709861261623063,0.9772157117493236,0.9774859726548423,0.9841868683474357
chat_preview,photo,kodak_02,768,512,512,341,95,64,64,3,79941,79941,1.0,13.511,42.167287661888146,0.9753059099002322,0.994420834625018,0.99618147419458,0.9984240277250105
chat_preview,photo,kodak_02,768,512,512,341,96,64,32,0,2499,57001,0.04384133611691023,6.826,24.988748579835637,0.5876709300102062,0.7785660903268566,0.8001921804164799,0.8392946784038555
chat_preview,photo,kodak_02,768,512,512,341,96,64,32,1,6032,57001,0.10582270486482694,6.84854,26.380610470049888,0.6549152126739973,0.8626249367547413,0.8716220937207817,0.8976400800200226
chat_preview,photo,kodak_02,768,512,512,341,96,64,32,2,15015,57001,0.2634164312906791,7.41342,28.60644040884332,0.754345559818924,0.9304593226298743,0.931143724422503,0.9551906702111744
chat_preview,photo,kodak_02,768,512,512,341,96,64,32,3,32095,57001,0.5630602971877686,8.96917,31.909050549022986,0.8634096866607249,0.9735885621640921,0.9751681847619857,0.9834950139891376
chat_preview,photo,kodak_02,768,512,512,341,96,64,32,4,57001,57001,1.0,12.3275,39.534885534249696,0.958766196946788,0.9896392305074336,0.9928260383034743,0.9970197199622163
chat_preview,photo,kodak_02,768,512,512,341,96,64,64,0,6116,86408,0.07078048328858438,7.08583,26.386282247167458,0.6552543300140853,0.8631606707747168,0.8716160874903898,0.8978290772619661
chat_preview,photo,kodak_02,768,512,512,341,96,64,64,1,17956,86408,0.2078048328858439,7.76567,28.632024576836148,0.757096039717439,0.9326290837508973,0.9324643923079534,0.9555287482070104
chat_preview,photo,kodak_02,768,512,512,341,96,64,64,2,47520,86408,0.549949078789001,9.34004,32.08744781627384,0.87309958554474,0.9781355619084872,0.9782568900511665,0.9843904416038761
chat_preview,photo,kodak_02,768,512,512,341,96,64,64,3,86408,86408,1.0,14.538,42.54657078654745,0.9772032225401591,0.9952230973669977,0.9967542160432943,0.9986044579562152
chat_preview,photo,kodak_02,768,512,512,341,97,64,32,0,2519,60646,0.04153612769185107,6.58587,24.988748579835637,0.5876709300102062,0.7785660903268566,0.8001921804164799,0.8392946784038555
chat_preview,photo,kodak_02,768,512,512,341,97,64,32,1,6052,60646,0.09979223691587244,7.18354,26.380610470049888,0.6549152126739973,0.8626249367547413,0.8716220937207817,0.8976400800200226
chat_preview,photo,kodak_02,768,512,512,341,97,64,32,2,15035,60646,0.24791412459189394,7.37775,28.60644040884332,0.754345559818924,0.9304593226298743,0.931143724422503,0.9551906702111744
chat_preview,photo,kodak_02,768,512,512,341,97,64,32,3,34367,60646,0.5666820565247502,10.0247,31.929244661420512,0.8653618236612525,0.9742777486439285,0.9757858053689283,0.9835401203452867
chat_preview,photo,kodak_02,768,512,512,341,97,64,32,4,60646,60646,1.0,13.239,40.15665727770801,0.9634172581992101,0.9905848144742668,0.9936282846328689,0.9973610780552005
chat_preview,photo,kodak_02,768,512,512,341,97,64,64,0,6116,92775,0.06592293182430611,8.935,26.386282247167458,0.6552543300140853,0.8631606707747168,0.8716160874903898,0.8978290772619661
chat_preview,photo,kodak_02,768,512,512,341,97,64,64,1,17956,92775,0.1935435192670439,7.39183,28.632024576836148,0.757096039717439,0.9326290837508973,0.9324643923079534,0.9555287482070104
chat_preview,photo,kodak_02,768,512,512,341,97,64,64,2,47520,92775,0.5122069523039612,9.85233,32.08744781627384,0.87309958554474,0.9781355619084872,0.9782568900511665,0.9843904416038761
chat_preview,photo,kodak_02,768,512,512,341,97,64,64,3,92775,92775,1.0,15.0327,42.991087167543405,0.9790369649131176,0.9954927381657731,0.997000781158663,0.9987181883215974
chat_preview,photo,kodak_02,768,512,512,341,98,64,32,0,2519,66429,0.03792018546116907,6.69508,24.988748579835637,0.5876709300102062,0.7785660903268566,0.8001921804164799,0.8392946784038555
chat_preview,photo,kodak_02,768,512,512,341,98,64,32,1,6346,66429,0.09553056646946363,6.78983,26.38470477779031,0.6550214273533758,0.8628180301682832,0.8714742700332154,0.8978176843534504
chat_preview,photo,kodak_02,768,512,512,341,98,64,32,2,16424,66429,0.24724141564678076,7.13021,28.6144682316292,0.7554817710665108,0.9310695147633922,0.9313335882515249,0.9554080685592975
chat_preview,photo,kodak_02,768,512,512,341,98,64,32,3,37784,66429,0.5687877282512156,9.24867,31.955170241938692,0.8671700029014153,0.9749358208108463,0.9759263762604402,0.9837793717242422
chat_preview,photo,kodak_02,768,512,512,341,98,64,32,4,66429,66429,1.0,13.3022,40.39021863309837,0.9652077322251823,0.9911657324001008,0.9937811725291393,0.9975109316515591
chat_preview,photo,kodak_02,768,512,512,341,98,64,64,0,6116,104295,0.05864135385205427,6.93579,26.386282247167458,0.6552543300140853,0.8631606707747168,0.8716160874903898,0.8978290772619661
chat_preview,photo,kodak_02,768,512,512,341,98,64,64,1,19186,104295,0.18395896255812838,7.64288,28.636347388014883,0.7572767923240277,0.9327519096296294,0.9324251939013011,0.9556063776180472
chat_preview,photo,kodak_02,768,512,512,341,98,64,64,2,53019,104295,0.5083561052782971,9.67704,32.09969602607321,0.8740000209685741,0.9783614353068772,0.9783120061777143,0.9844568565738774
chat_preview,photo,kodak_02,768,512,512,341,98,64,64,3,104295,104295,1.0,16.124,43.21784630440262,0.979881995168912,0.9957191150365253,0.9971001479291572,0.9987915797765562
chat_preview,photo,kodak_02,768,512,512,341,99,64,32,0,2519,74068,0.034009288761678455,7.03421,24.988748579835637,0.5876709300102062,0.7785660903268566,0.8001921804164799,0.8392946784038555
chat_preview,photo,kodak_02,768,512,512,341,99,64,32,1,6497,74068,0.08771669276880704,7.70267,26.386101975582044,0.6550486575695885,0.8629191934930539,0.8716119359814176,0.897872477221991
chat_preview,photo,kodak_02,768,512,512,341,99,64,32,2,16919,74068,0.22842523086893124,7.37367,28.615139501666405,0.7555428976674873,0.9310870643293921,0.9313773687335595,0.955432423108725
chat_preview,photo,kodak_02,768,512,512,341,99,64,32,3,40012,74068,0.5402062969163471,9.586,31.993436715410407,0.8684706204750317,0.9753962018863085,0.9762955257345565,0.9838784821682821
chat_preview,photo,kodak_02,768,512,512,341,99,64,32,4,74068,74068,1.0,13.6189,40.95675003359517,0.9692033085836266,0.992061243879339,0.9945245513960136,0.9977704000650286
chat_preview,photo,kodak_02,768,512,512,341,99,64,64,0,6116,109331,0.0559402182363648,6.73083,26.386282247167458,0.6552543300140853,0.8631606707747168,0.8716160874903898,0.8978290772619661
chat_preview,photo,kodak_02,768,512,512,341,99,64,64,1,19762,109331,0.180753857551838,7.287,28.635907359336702,0.7573226628064784,0.9327560498570161,0.9324361036702404,0.9556103982288273
chat_preview,photo,kodak_02,768,512,512,341,99,64,64,2,54876,109331,0.5019253459677493,9.88596,32.10201682144587,0.8740845423118687,0.978397817526384,0.9783354609969248,0.9844556962406271
chat_preview,photo,kodak_02,768,512,512,341,99,64,64,3,109331,109331,1.0,15.4184,44.027761515094895,0.9831363924718831,0.9961022002156502,0.997474845856034,0.9989458250769486
chat_preview,photo,kodak_02,768,512,512,341,100,64,32,0,2519,241598,0.010426410814659061,6.97546,24.988748579835637,0.5876709300102062,0.7785660903268566,0.8001921804164799,0.8392946784038555
chat_preview,photo,kodak_02,768,512,512,341,100,64,32,1,6964,241598,0.028824741926671577,6.93887,26.386282247167458,0.6552543300140853,0.8631606707747168,0.8716160874903898,0.8978290772619661
chat_preview,photo,kodak_02,768,512,512,341,100,64,32,2,22448,241598,0.09291467644599707,12.4078,28.638926326890306,0.757867543226804,0.9331541111218199,0.9325131987117774,0.9556502140487032
chat_preview,photo,kodak_02,768,512,512,341,100,64,32,3,76535,241598,0.3167865628026722,11.957,32.18568385574855,0.8785647094382775,0.9804982746659711,0.9794792575765134,0.9849012863910761
chat_preview,photo,kodak_02,768,512,512,341,100,64,32,4,241598,241598,1.0,24.5625,99.0,1.0,1.0,1.0,1.0
chat_preview,photo,kodak_02,768,512,512,341,100,64,64,0,6116,240750,0.025403946002076842,7.41496,26.386282247167458,0.6552543300140853,0.8631606707747168,0.8716160874903898,0.8978290772619661
chat_preview,photo,kodak_02,768,512,512,341,100,64,64,1,21600,240750,0.08971962616822429,7.79962,28.638926326890306,0.757867543226804,0.9331541111218199,0.9325131987117774,0.9556502140487032
chat_preview,photo,kodak_02,768,512,512,341,100,64,64,2,75687,240750,0.31438006230529597,11.6893,32.18568385574855,0.8785647094382775,0.9804982746659711,0.9794792575765134,0.9849012863910761
chat_preview,photo,kodak_02,768,512,512,341,100,64,64,3,240750,240750,1.0,23.1041,99.0,1.0,1.0,1.0,1.0
chat_preview,ui_text,chat_ui,1200,800,512,341,1,64,32,0,784,1844,0.42516268980477223,4.81096,25.256275357088608,0.8141143571453759,0.7844790038243983,0.7841232232930447,0.6246300181378096
chat_preview,ui_text,chat_ui,1200,800,512,341,1,64,32,1,1224,1844,0.6637744034707158,4.79421,27.48088812954481,0.8421965906759977,0.888749643760001,0.891799006457651,0.8419481085637626
chat_preview,ui_text,chat_ui,1200,800,512,341,1,64,32,2,1680,1844,0.911062906724512,5.59587,28.74920206566599,0.8849602250712293,0.9336681654424153,0.9383246852911304,0.8994325596500856
chat_preview,ui_text,chat_ui,1200,800,512,341,1,64,32,3,1844,1844,1.0,5.70225,29.18631773258081,0.9006746469881844,0.9467461349181227,0.9520071386194215,0.9138323125606099
chat_preview,ui_text,chat_ui,1200,800,512,341,1,64,32,4,1844,1844,1.0,5.70192,29.18631773258081,0.9006746469881844,0.9467461349181227,0.9520071386194215,0.9138323125606099
chat_preview,ui_text,chat_ui,1200,800,512,341,1,64,64,0,1219,3687,0.3306211011662598,5.3735,27.612087961962324,0.8488216970544338,0.8998394996905582,0.8998168813236453,0.8513413258174782
chat_preview,ui_text,chat_ui,1200,800,512,341,1,64,64,1,2157,3687,0.5850284784377543,5.967,29.373337788473663,0.904835382007373,0.9543587358401462,0.9557856322420264,0.9216082164621898
chat_preview,ui_text,chat_ui,1200,800,512,341,1,64,64,2,3215,3687,0.8719826417141308,5.82529,31.020802441682022,0.9408381808986642,0.9782077095054152,0.9804562992971511,0.9542529118296227
chat_preview,ui_text,chat_ui,1200,800,512,341,1,64,64,3,3687,3687,1.0,6.73621,31.13888397188415,0.9436661018829092,0.9787637325819633,0.9810158575493884,0.9555046116464606
chat_preview,ui_text,chat_ui,1200,800,512,341,2,64,32,0,784,1846,0.4247020585048754,4.89087,25.256275357088608,0.8141143571453759,0.7844790038243983,0.7841232232930447,0.6246300181378096
chat_preview,ui_text,chat_ui,1200,800,512,341,2,64,32,1,1224,1846,0.6630552546045504,5.5315,27.48088812954481,0.8421965906759977,0.888749643760001,0.891799006457651,0.8419481085637626
chat_preview,ui_text,chat_ui,1200,800,512,341,2,64,32,2,1682,1846,0.9111592632719393,5.23912,28.751179235339745,0.8850142796061166,0.9336708620305331,0.9383308655968821,0.8994738745514336
chat_preview,ui_text,chat_ui,1200,800,512,341,2,64,32,3,1846,1846,1.0,5.76771,29.189449679966778,0.9007089682868012,0.9467481644981487,0.9520165165954969,0.9138812596840364
chat_preview,ui_text,chat_ui,1200,800,512,341,2,64,32,4,1846,1846,1.0,5.85021,29.189449679966778,0.9007089682868012,0.9467481644981487,0.9520165165954969,0.9138812596840364
chat_preview,ui_text,chat_ui,1200,800,512,341,2,64,64,0,1219,3687,0.3306211011662598,5.46129,27.612087961962324,0.8488216970544338,0.8998394996905582,0.8998168813236453,0.8513413258174782
chat_preview,ui_text,chat_ui,1200,800,512,341,2,64,64,1,2157,3687,0.5850284784377543,5.51608,29.373337788473663,0.904835382007373,0.9543587358401462,0.9557856322420264,0.9216082164621898
chat_preview,ui_text,chat_ui,1200,800,512,341,2,64,64,2,3215,3687,0.8719826417141308,6.19417,31.020965198017862,0.9408390373630616,0.9782081118710128,0.9804568105146652,0.9542529353784105
chat_preview,ui_text,chat_ui,1200,800,512,341,2,64,64,3,3687,3687,1.0,7.01133,31.139286591007178,0.9436683382507124,0.978764204859317,0.9810164363842839,0.9555057830375833
chat_preview,ui_text,chat_ui,1200,800,512,341,3,64,32,0,804,1928,0.4170124481327801,5.07692,25.256275357088608,0.8141143571453759,0.7844790038243983,0.7841232232930447,0.6246300181378096
chat_preview,ui_text,chat_ui,1200,800,512,341,3,64,32,1,1253,1928,0.649896265560166,5.29442,27.486053312930498,0.8422855081264701,0.8887820168996434,0.8919121420522008,0.8421349434079977
chat_preview,ui_text,chat_ui,1200,800,512,341,3,64,32,2,1722,1928,0.8931535269709544,5.55467,28.780694533158176,0.885597546136748,0.9344344577218452,0.9392187144983286,0.9004022024930781
chat_preview,ui_text,chat_ui,1200,800,512,341,3,64,32,3,1928,1928,1.0,5.8125,29.25058755832712,0.9024276964543798,0.9483288490269656,0.9537245589245033,0.9156365185244325
chat_preview,ui_text,chat_ui,1200,800,512,341,3,64,32,4,1928,1928,1.0,5.76229,29.25058755832712,0.9024276964543798,0.9483288490269656,0.9537245589245033,0.9156365185244325
chat_preview,ui_text,chat_ui,1200,800,512,341,3,64,64,0,1219,3727,0.3270727126375101,5.42571,27.612087961962324,0.8488216970544338,0.8998394996905582,0.8998168813236453,0.8513413258174782
chat_preview,ui_text,chat_ui,1200,800,512,341,3,64,64,1,2170,3727,0.5822377247115642,5.12487,29.375945536550184,0.9051029618798013,0.9544505914664748,0.9557750712903595,0.9216844575771642
chat_preview,ui_text,chat_ui,1200,800,512,341,3,64,64,2,3245,3727,0.8706734639119935,5.6255,31.044425474059647,0.9413076560569563,0.9782957094111618,0.9804192003678894,0.9544622726607352
chat_preview,ui_text,chat_ui,1200,800,512,341,3,64,64,3,3727,3727,1.0,6.73429,31.160526408653787,0.9441160188645937,0.9787878514670728,0.9809083582256677,0.9556346829158593
chat_preview,ui_text,chat_ui,1200,800,512,341,4,64,32,0,804,1942,0.4140061791967044,5.12712,25.256275357088608,0.8141143571453759,0.7844790038243983,0.7841232232930447,0.6246300181378096
chat_preview,ui_text,chat_ui,1200,800,512,341,4,64,32,1,1258,1942,0.6477857878475798,5.31254,27.489120311513922,0.8421521187385114,0.8887870774776637,0.8919233529923662,0.8424526858355306
chat_preview,ui_text,chat_ui,1200,800,512,341,4,64,32,2,1731,1942,0.8913491246138002,5.04879,28.794458668593748,0.8855719849858401,0.9345288718616303,0.9393313040892,0.9009489971038729
chat_preview,ui_text,chat_ui,1200,800,512,341,4,64,32,3,1942,1942,1.0,5.06496,29.27951430566068,0.9027743029083717,0.9486723232691302,0.9540418157859972,0.9164440966155031
chat_preview,ui_text,chat_ui,1200,800,512,341,4,64,32,4,1942,1942,1.0,5.1825,29.27951430566068,0.9027743029083717,0.9486723232691302,0.9540418157859972,0.9164440966155031
chat_preview,ui_text,chat_ui,1200,800,512,341,4,64,64,0,1219,3747,0.32532692820923403,5.19329,27.612087961962324,0.8488216970544338,0.8998394996905582,0.8998168813236453,0.8513413258174782
chat_preview,ui_text,chat_ui,1200,800,512,341,4,64,64,1,2174,3747,0.5801974913263944,5.61171,29.37875190076955,0.905144688913813,0.9544598193678847,0.9557780174257515,0.9217496066849623
chat_preview,ui_text,chat_ui,1200,800,512,341,4,64,64,2,3256,3747,0.8689618361355751,6.18046,31.050235613232,0.9412999825881468,0.9783118622181927,0.9804302221507203,0.9545655366576452
chat_preview,ui_text,chat_ui,1200,800,512,341,4,64,64,3,3747,3747,1.0,6.46829,31.171071933916767,0.9441673506036651,0.9788486619935135,0.9809648776705956,0.9558077399752908
chat_preview,ui_text,chat_ui,1200,800,512,341,5,64,32,0,804,1952,0.41188524590163933,5.65129,25.256275357088608,0.8141143571453759,0.7844790038243983,0.7841232232930447,0.6246300181378096
chat_preview,ui_text,chat_ui,1200,800,512,341,5,64,32,1,1267,1952,0.649077868852459,5.27771,27.494115414304538,0.8417333889108448,0.8894008671441048,0.8922236673616092,0.8430244095807344
chat_preview,ui_text,chat_ui,1200,800,512,341,5,64,32,2,1741,1952,0.891905737704918,5.5885,28.809177746495315,0.8865397364647539,0.9356521249818383,0.9401337026963877,0.9015219332727563
chat_preview,ui_text,chat_ui,1200,800,512,341,5,64,32,3,1952,1952,1.0,5.78238,29.301326659750945,0.9037948606777432,0.9498244352405939,0.954888549317481,0.9170350850843023
chat_preview,ui_text,chat_ui,1200,800,512,341,5,64,32,4,1952,1952,1.0,5.71762,29.301326659750945,0.9037948606777432,0.9498244352405939,0.954888549317481,0.9170350850843023
chat_preview,ui_text,chat_ui,1200,800,512,341,5,64,64,0,1219,3780,0.3224867724867725,4.81721,27.612087961962324,0.8488216970544338,0.8998394996905582,0.8998168813236453,0.8513413258174782
chat_preview,ui_text,chat_ui,1200,800,512,341,5,64,64,1,2205,3780,0.5833333333333334,5.66146,29.39329698695552,0.905705240952125,0.9540877033690793,0.9554227509769829,0.9216342474902003
chat_preview,ui_text,chat_ui,1200,800,512,341,5,64,64,2,3289,3780,0.8701058201058202,5.98637,31.082901672314158,0.9420039233176212,0.9785184630738102,0.9806510261390232,0.9547216370739647
chat_preview,ui_text,chat_ui,1200,800,512,341,5,64,64,3,3780,3780,1.0,6.60379,31.209055782534875,0.9448665649199958,0.9790815777564937,0.9812132473330235,0.9560020384232167
chat_preview,ui_text,chat_ui,1200,800,512,341,6,64,32,0,812,1973,0.41155600608210846,5.59817,25.26197980023761,0.8139702931184648,0.7850206029825081,0.7845139283787137,0.6271863578055384
chat_preview,ui_text,chat_ui,1200,800,512,341,6,64,32,1,1275,1973,0.6462240243284338,5.18442,27.498784634918533,0.8418746740709294,0.8895976346350084,0.8921919554230963,0.8438913877879135
chat_preview,ui_text,chat_ui,1200,800,512,341,6,64,32,2,1750,1973,0.8869741510390269,4.96358,28.825929674219054,0.8868506774697202,0.9357947708691997,0.9401166589424721,0.9021907995238428
chat_preview,ui_text,chat_ui,1200,800,512,341,6,64,32,3,1973,1973,1.0,5.82071,29.353559229131477,0.9049453509461585,0.9508869504258831,0.9558137733832023,0.9186822324609113
chat_preview,ui_text,chat_ui,1200,800,512,341,6,64,32,4,1973,1973,1.0,5.49825,29.353559229131477,0.9049453509461585,0.9508869504258831,0.9558137733832023,0.9186822324609113
chat_preview,ui_text,chat_ui,1200,800,512,341,6,64,64,0,1232,3815,0.3229357798165138,5.01421,27.615857398726607,0.8488795076214178,0.8998888144034701,0.8998533526048217,0.8514059995089068
chat_preview,ui_text,chat_ui,1200,800,512,341,6,64,64,1,2219,3815,0.581651376146789,7.54021,29.392421163894298,0.9057614445200919,0.9540725848206054,0.9554699065815383,0.9216071308794224
chat_preview,ui_text,chat_ui,1200,800,512,341,6,64,64,2,3306,3815,0.8665792922673656,5.72612,31.104154753735887,0.9423315532101566,0.9785917104312,0.9808250550917376,0.9548970773013277
chat_preview,ui_text,chat_ui,1200,800,512,341,6,64,64,3,3815,3815,1.0,6.537,31.238088477989724,0.9452466888073926,0.9791751971168097,0.9814036445243512,0.9562430184838575
chat_preview,ui_text,chat_ui,1200,800,512,341,7,64,32,0,812,1975,0.4111392405063291,5.02167,25.26197980023761,0.8139702931184648,0.7850206029825081,0.7845139283787137,0.6271863578055384
chat_preview,ui_text,chat_ui,1200,800,512,341,7,64,32,1,1276,1975,0.6460759493670886,5.12992,27.499457177183075,0.8419975194685231,0.8895983670822049,0.8920737517869028,0.8438925657735966
chat_preview,ui_text,chat_ui,1200,800,512,341,7,64,32,2,1752,1975,0.8870886075949367,5.2605,28.830939383063757,0.8870129253696911,0.9358284470831694,0.9399697847482513,0.9021704947957983
chat_preview,ui_text,chat_ui,1200,800,512,341,7,64,32,3,1975,1975,1.0,5.27067,29.362915158749683,0.9051972939487153,0.9509342496960295,0.9556941930104048,0.9187201617782457
chat_preview,ui_text,chat_ui,1200,800,512,341,7,64,32,4,1975,1975,1.0,5.37971,29.362915158749683,0.9051972939487153,0.9509342496960295,0.9556941930104048,0.9187201617782457
chat_preview,ui_text,chat_ui,1200,800,512,341,7,64,64,0,1232,3831,0.32158705298877577,4.87375,27.615857398726607,0.8488795076214178,0.8998888144034701,0.8998533526048217,0.8514059995089068
chat_preview,ui_text,chat_ui,1200,800,512,341,7,64,64,1,2222,3831,0.580005220569042,5.18837,29.395525760203483,0.9058010683347426,0.9540579309070017,0.9554466288459386,0.9216788281344293
chat_preview,ui_text,chat_ui,1200,800,512,341,7,64,64,2,3322,3831,0.867136517880449,6.28238,31.11391806536856,0.942454499926713,0.978650409760964,0.9808878138675512,0.9550351741033952
chat_preview,ui_text,chat_ui,1200,800,512,341,7,64,64,3,3831,3831,1.0,7.06358,31.251923393578068,0.9453855833472473,0.9792456790669637,0.9814776611134006,0.9564038090865185
chat_preview,ui_text,chat_ui,1200,800,512,341,8,64,32,0,832,2055,0.4048661800486618,4.82829,25.26197980023761,0.8139702931184648,0.7850206029825081,0.7845139283787137,0.6271863578055384
chat_preview,ui_text,chat_ui,1200,800,512,341,8,64,32,1,1299,2055,0.6321167883211679,5.08087,27.509534401309878,0.8419248061593662,0.8897030553996371,0.8917991349660238,0.844546196650449
chat_preview,ui_text,chat_ui,1200,800,512,341,8,64,32,2,1784,2055,0.8681265206812652,5.39496,28.857731558486826,0.8877023152709547,0.9367438590483288,0.9409927353680478,0.9038645180672156
chat_preview,ui_text,chat_ui,1200,800,512,341,8,64,32,3,2055,2055,1.0,5.72879,29.41660896203984,0.9062260333427323,0.9517212759223885,0.956552306096339,0.9208321196273035
chat_preview,ui_text,chat_ui,1200,800,512,341,8,64,32,4,2055,2055,1.0,5.54137,29.41660896203984,0.9062260333427323,0.9517212759223885,0.956552306096339,0.9208321196273035
chat_preview,ui_text,chat_ui,1200,800,512,341,8,64,64,0,1232,3873,0.31809966434288667,5.23712,27.615857398726607,0.8488795076214178,0.8998888144034701,0.8998533526048217,0.8514059995089068
chat_preview,ui_text,chat_ui,1200,800,512,341,8,64,64,1,2233,3873,0.5765556416214821,5.1555,29.39171732930341,0.9057976883389346,0.954015186947179,0.9554602297400573,0.9216030535111713
chat_preview,ui_text,chat_ui,1200,800,512,341,8,64,64,2,3358,3873,0.8670281435579654,6.22442,31.132749023016743,0.9428880501756041,0.979036127591416,0.9813157154484082,0.9555672379381759
chat_preview,ui_text,chat_ui,1200,800,512,341,8,64,64,3,3873,3873,1.0,6.66308,31.274479655708063,0.9458265108909849,0.9796244604942831,0.9818966673395865,0.9569475762949516
chat_preview,ui_text,chat_ui,1200,800,512,341,9,64,32,0,832,2060,0.40388349514563104,5.07179,25.26197980023761,0.8139702931184648,0.7850206029825081,0.7845139283787137,0.6271863578055384
chat_preview,ui_text,chat_ui,1200,800,512,341,9,64,32,1,1299,2060,0.6305825242718447,5.43512,27.50946246597386,0.8419667343120653,0.8897081474553512,0.8917994492175728,0.8444751818957568
chat_preview,ui_text,chat_ui,1200,800,512,341,9,64,32,2,1789,2060,0.8684466019417476,5.14037,28.859750043347724,0.8876668076172568,0.9367259574074888,0.9409315740548614,0.9040011072386862
chat_preview,ui_text,chat_ui,1200,800,512,341,9,64,32,3,2060,2060,1.0,5.48604,29.424127820826683,0.9062301940671403,0.9517318349479975,0.9565416025215896,0.9209957791729804
chat_preview,ui_text,chat_ui,1200,800,512,341,9,64,32,4,2060,2060,1.0,5.61525,29.424127820826683,0.9062301940671403,0.9517318349479975,0.9565416025215896,0.9209957791729804
chat_preview,ui_text,chat_ui,1200,800,512,341,9,64,64,0,1232,3881,0.3174439577428498,4.9605,27.615857398726607,0.8488795076214178,0.8998888144034701,0.8998533526048217,0.8514059995089068
chat_preview,ui_text,chat_ui,1200,800,512,341,9,64,64,1,2233,3881,0.5753671734089152,5.50767,29.39165015559045,0.9057913036884552,0.9540121091920427,0.9554594205764405,0.9215918117636958
chat_preview,ui_text,chat_ui,1200,800,512,341,9,64,64,2,3364,3881,0.8667869105900541,5.81937,31.140271830940517,0.9429379355082709,0.97906538927158,0.9813287681566271,0.9556743657305177
chat_preview,ui_text,chat_ui,1200,800,512,341,9,64,64,3,3881,3881,1.0,6.71862,31.286965489852683,0.9459260028451665,0.9796605293870169,0.9819162881810075,0.9570778986938205
chat_preview,ui_text,chat_ui,1200,800,512,341,10,64,32,0,832,2073,0.4013506994693681,5.18646,25.26197980023761,0.8139702931184648,0.7850206029825081,0.7845139283787137,0.6271863578055384
chat_preview,ui_text,chat_ui,1200,800,512,341,10,64,32,1,1300,2073,0.6271104679208876,5.14942,27.506137565768405,0.8418542968420835,0.8896828503187368,0.8918512278144721,0.8445424188215861
chat_preview,ui_text,chat_ui,1200,800,512,341,10,64,32,2,1796,2073,0.8663772310660878,5.59567,28.86899762379553,0.8876179167541552,0.9367055150346455,0.9409967701022222,0.9043621735415791
chat_preview,ui_text,chat_ui,1200,800,512,341,10,64,32,3,2073,2073,1.0,5.28417,29.445503078575868,0.9067386778452521,0.952271442157572,0.9571402401555191,0.9217270581035847
chat_preview,ui_text,chat_ui,1200,800,512,341,10,64,32,4,2073,2073,1.0,5.779,29.445503078575868,0.9067386778452521,0.952271442157572,0.9571402401555191,0.9217270581035847
chat_preview,ui_text,chat_ui,1200,800,512,341,10,64,64,0,1232,3918,0.3144461459928535,5.32429,27.615857398726607,0.8488795076214178,0.8998888144034701,0.8998533526048217,0.8514059995089068
chat_preview,ui_text,chat_ui,1200,800,512,341,10,64,64,1,2239,3918,0.5714650331801939,4.89858,29.391784282354823,0.9058441045245361,0.9539871254450053,0.9554286476829922,0.9215780619859208
chat_preview,ui_text,chat_ui,1200,800,512,341,10,64,64,2,3377,3918,0.8619193466054109,5.73442,31.14355309924092,0.9429457022602489,0.9790250127244732,0.9812766435847463,0.9557005059027506
chat_preview,ui_text,chat_ui,1200,800,512,341,10,64,64,3,3918,3918,1.0,6.911,31.302386692966312,0.9460921402771089,0.9796712899005052,0.9819155581494505,0.9572442387827392
chat_preview,ui_text,chat_ui,1200,800,512,341,11,64,32,0,842,2087,0.4034499281264974,4.87879,25.31158565149241,0.8146727596474083,0.7912926729259229,0.7909681853235538,0.6489448186394313
chat_preview,ui_text,chat_ui,1200,800,512,341,11,64,32,1,1311,2087,0.6281744130330618,5.13254,27.573436865246464,0.8431538016264529,0.893560601733069,0.8954783362566866,0.8585340549319908
chat_preview,ui_text,chat_ui,1200,800,512,341,11,64,32,2,1808,2087,0.8663152850982271,4.94604,28.989650413221455,0.8895499343584791,0.9414574850120173,0.945555513194705,0.9177868364271476
chat_preview,ui_text,chat_ui,1200,800,512,341,11,64,32,3,2087,2087,1.0,5.64363,29.590357167036842,0.9088780511779598,0.9572135964732231,0.9618779918631287,0.934709089651991
chat_preview,ui_text,chat_ui,1200,800,512,341,11,64,32,4,2087,2087,1.0,5.95496,29.590357167036842,0.9088780511779598,0.9572135964732231,0.9618779918631287,0.934709089651991
chat_preview,ui_text,chat_ui,1200,800,512,341,11,64,64,0,1253,3951,0.3171349025563149,4.96462,27.690419692453393,0.8494722005627849,0.9029028781780347,0.902913849417859,0.8673347203261591
chat_preview,ui_text,chat_ui,1200,800,512,341,11,64,64,1,2266,3951,0.5735256896988105,5.0775,29.511033239865224,0.9075607398603754,0.9569224943400755,0.9583343017848511,0.9351753256937924
chat_preview,ui_text,chat_ui,1200,800,512,341,11,64,64,2,3410,3951,0.8630726398380157,6.21733,31.3528324101739,0.9456522883381018,0.9824993612457313,0.9846846831452665,0.9683428423847619
chat_preview,ui_text,chat_ui,1200,800,512,341,11,64,64,3,3951,3951,1.0,6.30954,31.52402585301222,0.9488407582612663,0.9831268007567012,0.9853058676149337,0.9698248274637751
chat_preview,ui_text,chat_ui,1200,800,512,341,12,64,32,0,842,2099,0.401143401619819,4.89546,25.31158565149241,0.8146727596474083,0.7912926729259229,0.7909681853235538,0.6489448186394313
chat_preview,ui_text,chat_ui,1200,800,512,341,12,64,32,1,1311,2099,0.6245831348261077,4.97817,27.573161128318514,0.8432106981821792,0.8935844620146227,0.8954895099390664,0.858489441828192
chat_preview,ui_text,chat_ui,1200,800,512,341,12,64,32,2,1808,2099,0.8613625535969509,5.45921,28.98988959804186,0.8896283742749541,0.9414894393242758,0.9455714050027856,0.9177633252351061
chat_preview,ui_text,chat_ui,1200,800,512,341,12,64,32,3,2099,2099,1.0,5.64383,29.612192687398696,0.9096515545857885,0.9577750123500622,0.9624273795547593,0.9354373846566522
chat_preview,ui_text,chat_ui,1200,800,512,341,12,64,32,4,2099,2099,1.0,5.86383,29.612192687398696,0.9096515545857885,0.9577750123500622,0.9624273795547593,0.9354373846566522
chat_preview,ui_text,chat_ui,1200,800,512,341,12,64,64,0,1253,3970,0.31561712846347606,4.75908,27.690419692453393,0.8494722005627849,0.9029028781780347,0.902913849417859,0.8673347203261591
chat_preview,ui_text,chat_ui,1200,800,512,341,12,64,64,1,2271,3970,0.5720403022670025,5.3275,29.51289011299638,0.9075568706280563,0.9569243988391767,0.9583328119383074,0.9352133772213321
chat_preview,ui_text,chat_ui,1200,800,512,341,12,64,64,2,3415,3970,0.8602015113350125,13.3075,31.35457985335225,0.9456450964059705,0.982500315161559,0.9846823578815548,0.9683711463492632
chat_preview,ui_text,chat_ui,1200,800,512,341,12,64,64,3,3970,3970,1.0,6.18396,31.53613976577194,0.948893623340889,0.9831438394882092,0.9853328413807154,0.9699432341698373
chat_preview,ui_text,chat_ui,1200,800,512,341,13,64,32,0,842,2122,0.39679547596606973,5.23513,25.31158565149241,0.8146727596474083,0.7912926729259229,0.7909681853235538,0.6489448186394313
chat_preview,ui_text,chat_ui,1200,800,512,341,13,64,32,1,1313,2122,0.61875589066918,5.33658,27.569727005246428,0.8434652687978731,0.8937614906280338,0.8957349782270236,0.8582889545175318
chat_preview,ui_text,chat_ui,1200,800,512,341,13,64,32,2,1831,2122,0.8628652214891611,5.04029,29.006074688984633,0.8903601837100461,0.9427700157066949,0.9471632382144087,0.9188431530632284
chat_preview,ui_text,chat_ui,1200,800,512,341,13,64,32,3,2122,2122,1.0,5.354,29.624738242992883,0.9100772280483,0.9581920831723659,0.9630845474359693,0.9359011800060046
chat_preview,ui_text,chat_ui,1200,800,512,341,13,64,32,4,2122,2122,1.0,5.88192,29.624738242992883,0.9100772280483,0.9581920831723659,0.9630845474359693,0.9359011800060046
chat_preview,ui_text,chat_ui,1200,800,512,341,13,64,64,0,1253,4001,0.31317170707323166,4.77817,27.690419692453393,0.8494722005627849,0.9029028781780347,0.902913849417859,0.8673347203261591
chat_preview,ui_text,chat_ui,1200,800,512,341,13,64,64,1,2276,4001,0.5688577855536116,5.04812,29.514192129825755,0.9076957528086375,0.9569679604611937,0.958380989752064,0.9351829746003797
chat_preview,ui_text,chat_ui,1200,800,512,341,13,64,64,2,3444,4001,0.8607848037990502,5.58758,31.382588358349945,0.9461723742485623,0.9828499296726951,0.9850721355955093,0.9686623149864536
chat_preview,ui_text,chat_ui,1200,800,512,341,13,64,64,3,4001,4001,1.0,6.90196,31.569522661691334,0.9494209101521954,0.9834864879555593,0.9857144971222688,0.9702556815608566
chat_preview,ui_text,chat_ui,1200,800,512,341,14,64,32,0,842,2145,0.39254079254079255,5.30846,25.31158565149241,0.8146727596474083,0.7912926729259229,0.7909681853235538,0.6489448186394313
chat_preview,ui_text,chat_ui,1200,800,512,341,14,64,32,1,1313,2145,0.6121212121212121,5.52667,27.569727005246428,0.8434652687978731,0.8937614906280338,0.8957349782270236,0.8582889545175318
chat_preview,ui_text,chat_ui,1200,800,512,341,14,64,32,2,1831,2145,0.8536130536130536,5.03337,29.00918645446115,0.8904500687013602,0.9427967383474433,0.9471621153479576,0.9188790983883548
chat_preview,ui_text,chat_ui,1200,800,512,341,14,64,32,3,2145,2145,1.0,5.8785,29.669480028403058,0.9110546598371073,0.958656472796877,0.9634508332754851,0.936992135762162
chat_preview,ui_text,chat_ui,1200,800,512,341,14,64,32,4,2145,2145,1.0,5.78267,29.669480028403058,0.9110546598371073,0.958656472796877,0.9634508332754851,0.936992135762162
chat_preview,ui_text,chat_ui,1200,800,512,341,14,64,64,0,1253,4022,0.3115365489806067,5.83692,27.690419692453393,0.8494722005627849,0.9029028781780347,0.902913849417859,0.8673347203261591
chat_preview,ui_text,chat_ui,1200,800,512,341,14,64,64,1,2276,4022,0.5658876181004475,5.80275,29.514192129825755,0.9076957528086375,0.9569679604611937,0.958380989752064,0.9351829746003797
chat_preview,ui_text,chat_ui,1200,800,512,341,14,64,64,2,3444,4022,0.8562904027846843,6.00175,31.38413806205618,0.946239437774934,0.9828519441575064,0.9850688674808271,0.9686453660875601
chat_preview,ui_text,chat_ui,1200,800,512,341,14,64,64,3,4022,4022,1.0,5.99217,31.574300230065777,0.9495974724773427,0.9834898246021916,0.9857202155290824,0.9702771574778485
chat_preview,ui_text,chat_ui,1200,800,512,341,15,64,32,0,848,2161,0.3924109208699676,4.75767,25.32363844226719,0.814531271775856,0.79146627646508,0.7908089620781427,0.6504403486900209
chat_preview,ui_text,chat_ui,1200,800,512,341,15,64,32,1,1320,2161,0.6108283202221194,4.85317,27.578820048728062,0.8435844575580518,0.8940125574562464,0.8957047899024192,0.8589534631959332
chat_preview,ui_text,chat_ui,1200,800,512,341,15,64,32,2,1847,2161,0.8546968995835261,4.85892,29.022246104648595,0.8904217748581106,0.9430133950113446,0.947111340876477,0.919375956980346
chat_preview,ui_text,chat_ui,1200,800,512,341,15,64,32,3,2161,2161,1.0,5.26396,29.694071043273787,0.9111691254244138,0.9587588695278798,0.9632743334508469,0.9374232160467939
chat_preview,ui_text,chat_ui,1200,800,512,341,15,64,32,4,2161,2161,1.0,5.61604,29.694071043273787,0.9111691254244138,0.9587588695278798,0.9632743334508469,0.9374232160467939
chat_preview,ui_text,chat_ui,1200,800,512,341,15,64,64,0,1249,4046,0.30869995056846267,5.22767,27.687135523345646,0.8496151070206174,0.9029320654762399,0.9029330315940347,0.8671061792800385
chat_preview,ui_text,chat_ui,1200,800,512,341,15,64,64,1,2273,4046,0.5617894216510133,5.63012,29.513516733259536,0.9078394663614983,0.9570173160035287,0.9583823475384541,0.9351144448319156
chat_preview,ui_text,chat_ui,1200,800,512,341,15,64,64,2,3468,4046,0.8571428571428571,6.20542,31.399331368890007,0.9463830895411135,0.9829919524520024,0.9851302707101222,0.9689029371436091
chat_preview,ui_text,chat_ui,1200,800,512,341,15,64,64,3,4046,4046,1.0,6.84458,31.596398509020176,0.9497883448251557,0.9836239200314735,0.9857753950557722,0.9705503062484045
chat_preview,ui_text,chat_ui,1200,800,512,341,16,64,32,0,868,2213,0.3922277451423407,5.05425,25.32363844226719,0.814531271775856,0.79146627646508,0.7908089620781427,0.6504403486900209
chat_preview,ui_text,chat_ui,1200,800,512,341,16,64,32,1,1340,2213,0.605512878445549,5.06762,27.57850315456104,0.8436078215476774,0.8940115321761936,0.8957096182059123,0.8588825846678575
chat_preview,ui_text,chat_ui,1200,800,512,341,16,64,32,2,1869,2213,0.8445549028468142,4.94771,29.03373997727168,0.8906091508872,0.9431624600740153,0.9472748184923776,0.9197336754395515
chat_preview,ui_text,chat_ui,1200,800,512,341,16,64,32,3,2213,2213,1.0,6.078,29.727276036456345,0.9117555323570904,0.9593924535533214,0.9639577985032822,0.9382392062460126
chat_preview,ui_text,chat_ui,1200,800,512,341,16,64,32,4,2213,2213,1.0,5.72662,29.727276036456345,0.9117555323570904,0.9593924535533214,0.9639577985032822,0.9382392062460126
chat_preview,ui_text,chat_ui,1200,800,512,341,16,64,64,0,1249,4078,0.3062775870524767,5.31808,27.687135523345646,0.8496151070206174,0.9029320654762399,0.9029330315940347,0.8671061792800385
chat_preview,ui_text,chat_ui,1200,800,512,341,16,64,64,1,2273,4078,0.5573810691515448,5.43717,29.513307317811858,0.9078487633074029,0.9570240720570652,0.9583804439277196,0.9351139771305326
chat_preview,ui_text,chat_ui,1200,800,512,341,16,64,64,2,3471,4078,0.8511525257479157,6.12975,31.418897401795295,0.9466627939423874,0.9831371819619311,0.985270880600338,0.9690607828278875
chat_preview,ui_text,chat_ui,1200,800,512,341,16,64,64,3,4078,4078,1.0,6.57417,31.624604325893536,0.9502617803939705,0.983814390689962,0.9859728119578398,0.9708253894804713
chat_preview,ui_text,chat_ui,1200,800,512,341,17,64,32,0,868,2232,0.3888888888888889,5.14363,25.32363844226719,0.814531271775856,0.79146627646508,0.7908089620781427,0.6504403486900209
chat_preview,ui_text,chat_ui,1200,800,512,341,17,64,32,1,1357,2232,0.6079749103942652,4.74,27.583924206907398,0.843622324653379,0.8939420896246043,0.8959386748377807,0.8602204221277802
chat_preview,ui_text,chat_ui,1200,800,512,341,17,64,32,2,1888,2232,0.8458781362007168,5.30004,29.042761505482083,0.8911788575299839,0.943695583110018,0.9479878121378024,0.9208592648712695
chat_preview,ui_text,chat_ui,1200,800,512,341,17,64,32,3,2232,2232,1.0,5.23842,29.74329098078607,0.9121031557396332,0.9600216706592768,0.9647935821875535,0.9392838316229447
chat_preview,ui_text,chat_ui,1200,800,512,341,17,64,32,4,2232,2232,1.0,5.35629,29.74329098078607,0.9121031557396332,0.9600216706592768,0.9647935821875535,0.9392838316229447
chat_preview,ui_text,chat_ui,1200,800,512,341,17,64,64,0,1249,4119,0.30322893906287934,4.90021,27.687135523345646,0.8496151070206174,0.9029320654762399,0.9029330315940347,0.8671061792800385
chat_preview,ui_text,chat_ui,1200,800,512,341,17,64,64,1,2312,4119,0.5613012867200777,4.98283,29.506085645776757,0.9079881183132046,0.9572995381179985,0.9586857709337531,0.9354294917984365
chat_preview,ui_text,chat_ui,1200,800,512,341,17,64,64,2,3512,4119,0.8526341344986648,5.65804,31.41831121867505,0.9466754035165384,0.9835369804305093,0.9857063770750297,0.9695396635843523
chat_preview,ui_text,chat_ui,1200,800,512,341,17,64,64,3,4119,4119,1.0,6.61142,31.631548499743317,0.9503418924609658,0.9842146284012651,0.9864063665198357,0.9713308259803014
chat_preview,ui_text,chat_ui,1200,800,512,341,18,64,32,0,868,2275,0.38153846153846155,5.42646,25.32363844226719,0.814531271775856,0.79146627646508,0.7908089620781427,0.6504403486900209
chat_preview,ui_text,chat_ui,1200,800,512,341,18,64,32,1,1365,2275,0.6,5.80133,27.58516359713747,0.843707966940829,0.8940426596428764,0.8958940211095474,0.8604810381528694
chat_preview,ui_text,chat_ui,1200,800,512,341,18,64,32,2,1925,2275,0.8461538461538461,5.18958,29.054735119924544,0.8924041307530985,0.9449491382572157,0.9492328102362769,0.9219994383110878
chat_preview,ui_text,chat_ui,1200,800,512,341,18,64,32,3,2275,2275,1.0,5.54271,29.760402836530744,0.9134034688201753,0.9606809676969431,0.9654011093689935,0.9403801129607398
chat_preview,ui_text,chat_ui,1200,800,512,341,18,64,32,4,2275,2275,1.0,5.91221,29.760402836530744,0.9134034688201753,0.9606809676969431,0.9654011093689935,0.9403801129607398
chat_preview,ui_text,chat_ui,1200,800,512,341,18,64,64,0,1249,4191,0.29801956573610117,4.83104,27.687135523345646,0.8496151070206174,0.9029320654762399,0.9029330315940347,0.8671061792800385
chat_preview,ui_text,chat_ui,1200,800,512,341,18,64,64,1,2318,4191,0.5530899546647579,4.98525,29.507046050883684,0.908003319668183,0.9573274448311949,0.9587033955437905,0.9355036727054351
chat_preview,ui_text,chat_ui,1200,800,512,341,18,64,64,2,3551,4191,0.8472918157957529,5.88646,31.43380019881719,0.9471266781511974,0.9840499034818279,0.9862210005985257,0.9701520849425342
chat_preview,ui_text,chat_ui,1200,800,512,341,18,64,64,3,4191,4191,1.0,6.16112,31.65403313830692,0.9508742658457886,0.984738115603223,0.9869475346328885,0.9720250474027041
chat_preview,ui_text,chat_ui,1200,800,512,341,19,64,32,0,868,2277,0.38120333772507686,4.81579,25.32363844226719,0.814531271775856,0.79146627646508,0.7908089620781427,0.6504403486900209
chat_preview,ui_text,chat_ui,1200,800,512,341,19,64,32,1,1365,2277,0.5994729907773386,4.98637,27.584362277887582,0.8436816269543446,0.8940294792308733,0.8958961599018503,0.8604528401873023
chat_preview,ui_text,chat_ui,1200,800,512,341,19,64,32,2,1927,2277,0.8462889767237594,5.36517,29.053234330099016,0.8923593383476872,0.9449224973002875,0.949260864122441,0.921946077837593
chat_preview,ui_text,chat_ui,1200,800,512,341,19,64,32,3,2277,2277,1.0,5.47467,29.759172781999048,0.9133564369065295,0.9606552693485989,0.9654256306699476,0.9403295408016517
chat_preview,ui_text,chat_ui,1200,800,512,341,19,64,32,4,2277,2277,1.0,5.64075,29.759172781999048,0.9133564369065295,0.9606552693485989,0.9654256306699476,0.9403295408016517
chat_preview,ui_text,chat_ui,1200,800,512,341,19,64,64,0,1249,4200,0.29738095238095236,5.27267,27.687135523345646,0.8496151070206174,0.9029320654762399,0.9029330315940347,0.8671061792800385
chat_preview,ui_text,chat_ui,1200,800,512,341,19,64,64,1,2318,4200,0.5519047619047619,5.46546,29.508216625460886,0.9080533365652236,0.9573400832003519,0.9587037510026521,0.9355350575921589
chat_preview,ui_text,chat_ui,1200,800,512,341,19,64,64,2,3559,4200,0.8473809523809523,5.78433,31.43592216928663,0.9471569097055866,0.9840585077683649,0.9862233378380161,0.9701739577290253
chat_preview,ui_text,chat_ui,1200,800,512,341,19,64,64,3,4200,4200,1.0,6.53792,31.655377020991974,0.9509047895809468,0.9847486463315538,0.986949825146028,0.9720455306713963
chat_preview,ui_text,chat_ui,1200,800,512,341,20,64,32,0,886,2308,0.38388214904679374,5.34212,25.315842820073943,0.8147539816867625,0.7910989841234293,0.790903383112709,0.6485512214006663
chat_preview,ui_text,chat_ui,1200,800,512,341,20,64,32,1,1383,2308,0.5992201039861352,5.27954,27.579862530813575,0.8437551770395224,0.8940150586411946,0.8958647719936879,0.8594907952436543
chat_preview,ui_text,chat_ui,1200,800,512,341,20,64,32,2,1956,2308,0.8474870017331022,5.11417,29.0551320944894,0.8924944370875049,0.9448694131412783,0.9491862596720017,0.9216039804747949
chat_preview,ui_text,chat_ui,1200,800,512,341,20,64,32,3,2308,2308,1.0,5.43517,29.77028087041159,0.9135905410352598,0.9604393974636891,0.9651565475879312,0.9399780761641846
chat_preview,ui_text,chat_ui,1200,800,512,341,20,64,32,4,2308,2308,1.0,5.56187,29.77028087041159,0.9135905410352598,0.9604393974636891,0.9651565475879312,0.9399780761641846
chat_preview,ui_text,chat_ui,1200,800,512,341,20,64,64,0,1253,4213,0.2974127699976264,4.88842,27.68231076148972,0.8495287226643967,0.9028706618181418,0.9028692005325507,0.8670058293461698
chat_preview,ui_text,chat_ui,1200,800,512,341,20,64,64,1,2329,4213,0.5528127225255163,5.13642,29.50646566217729,0.90818868383962,0.9574192426298612,0.9588465600896932,0.9356217728346982
chat_preview,ui_text,chat_ui,1200,800,512,341,20,64,64,2,3570,4213,0.8473771659150249,5.37633,31.43265190333897,0.947281554029138,0.9840841756677342,0.9863127268906584,0.9702051468992412
chat_preview,ui_text,chat_ui,1200,800,512,341,20,64,64,3,4213,4213,1.0,6.20992,31.65991476329293,0.9511109705834754,0.9847891369151633,0.9870489428515413,0.9721217230538116
chat_preview,ui_text,chat_ui,1200,800,512,341,21,64,32,0,906,2390,0.3790794979079498,5.73187,25.315842820073943,0.8147539816867625,0.7910989841234293,0.790903383112709,0.6485512214006663
chat_preview,ui_text,chat_ui,1200,800,512,341,21,64,32,1,1403,2390,0.5870292887029289,5.24329,27.579074676071663,0.8437774307817064,0.8940233738891307,0.8958588209637476,0.8594464271130895
chat_preview,ui_text,chat_ui,1200,800,512,341,21,64,32,2,1986,2390,0.8309623430962343,5.11367,29.088830744419575,0.8927004865416638,0.94503154660477,0.9493298513504927,0.9220632987974331
chat_preview,ui_text,chat_ui,1200,800,512,341,21,64,32,3,2349,2390,0.9828451882845188,5.8775,29.845344876675096,0.9148052000479273,0.9613001976220718,0.9660124473813702,0.9411821761352706
chat_preview,ui_text,chat_ui,1200,800,512,341,21,64,32,4,2390,2390,1.0,6.58175,29.845372686782945,0.9149497514664469,0.9612894620940233,0.9660011140467095,0.9411717581631417
chat_preview,ui_text,chat_ui,1200,800,512,341,21,64,64,0,1253,4255,0.2944770857814336,5.42521,27.68231076148972,0.8495287226643967,0.9028706618181418,0.9028692005325507,0.8670058293461698
chat_preview,ui_text,chat_ui,1200,800,512,341,21,64,64,1,2329,4255,0.5473560517038778,5.49892,29.506819987147086,0.9082170608948874,0.9574219600455111,0.9588477516971923,0.935610565191953
chat_preview,ui_text,chat_ui,1200,800,512,341,21,64,64,2,3583,4255,0.8420681551116334,5.73058,31.460467377202853,0.9476174204185656,0.9840924898053052,0.9863033453326576,0.9702613499551745
chat_preview,ui_text,chat_ui,1200,800,512,341,21,64,64,3,4255,4255,1.0,6.74692,31.695882821907407,0.9515727962248254,0.9847911109578719,0.9870445599947221,0.972213504386654
chat_preview,ui_text,chat_ui,1200,800,512,341,22,64,32,0,906,2392,0.3787625418060201,4.94071,25.315842820073943,0.8147539816867625,0.7910989841234293,0.790903383112709,0.6485512214006663
chat_preview,ui_text,chat_ui,1200,800,512,341,22,64,32,1,1403,2392,0.5865384615384616,5.22325,27.579074676071663,0.8437774307817064,0.8940233738891307,0.8958588209637476,0.8594464271130895
chat_preview,ui_text,chat_ui,1200,800,512,341,22,64,32,2,1986,2392,0.830267558528428,5.39237,29.09073378830493,0.8927446760213718,0.9450625462903078,0.9493462266198776,0.9220945233056792
chat_preview,ui_text,chat_ui,1200,800,512,341,22,64,32,3,2351,2392,0.9828595317725752,5.92162,29.85243791374547,0.9148243440368303,0.9613616723741772,0.9661011890758331,0.9412759147906247
chat_preview,ui_text,chat_ui,1200,800,512,341,22,64,32,4,2392,2392,1.0,5.73958,29.852665077396665,0.9149700626983974,0.9613519775606837,0.9660909474473066,0.9412679455472511
chat_preview,ui_text,chat_ui,1200,800,512,341,22,64,64,0,1253,4255,0.2944770857814336,5.31021,27.68231076148972,0.8495287226643967,0.9028706618181418,0.9028692005325507,0.8670058293461698
chat_preview,ui_text,chat_ui,1200,800,512,341,22,64,64,1,2329,4255,0.5473560517038778,5.74042,29.506819987147086,0.9082170608948874,0.9574219600455111,0.9588477516971923,0.935610565191953
chat_preview,ui_text,chat_ui,1200,800,512,341,22,64,64,2,3583,4255,0.8420681551116334,6.04558,31.461329194973672,0.9476555457625025,0.9841079388059951,0.9863082171894592,0.9702684590627049
chat_preview,ui_text,chat_ui,1200,800,512,341,22,64,64,3,4255,4255,1.0,6.58858,31.704960991295486,0.951654900902044,0.9848203463816093,0.9870640499280681,0.9722701166829748
chat_preview,ui_text,chat_ui,1200,800,512,341,23,64,32,0,903,2409,0.37484433374844334,5.27196,25.40984524722823,0.8164887406456547,0.7886244132223049,0.7879006947610033,0.6307750974962649
chat_preview,ui_text,chat_ui,1200,800,512,341,23,64,32,1,1404,2409,0.5828144458281445,5.38321,27.769200934591275,0.8459524511716926,0.8937804286091359,0.8945232120528026,0.8555961976876663
chat_preview,ui_text,chat_ui,1200,800,512,341,23,64,32,2,1994,2409,0.8277293482772935,5.07571,29.364919840106328,0.8947587875357631,0.9460946768703075,0.9493528110656987,0.9217620697726843
chat_preview,ui_text,chat_ui,1200,800,512,341,23,64,32,3,2368,2409,0.9829804898298049,5.37325,30.208237385785136,0.9174824299665398,0.9632853740686107,0.9670131040601996,0.9423985840717628
chat_preview,ui_text,chat_ui,1200,800,512,341,23,64,32,4,2409,2409,1.0,6.08875,30.20858829755123,0.91762881430625,0.9632768545182477,0.9670041545557327,0.9423920359032225
chat_preview,ui_text,chat_ui,1200,800,512,341,23,64,64,0,1308,4397,0.2974755515123948,4.59733,27.833600046485092,0.8489977207717737,0.898191694986228,0.8980453703862199,0.8606211742158926
chat_preview,ui_text,chat_ui,1200,800,512,341,23,64,64,1,2408,4397,0.547646122356152,5.00079,29.777445123733596,0.9077368170134913,0.9543953933742109,0.9555822775997121,0.9324346697450636
chat_preview,ui_text,chat_ui,1200,800,512,341,23,64,64,2,3695,4397,0.8403456902433477,6.23017,31.924998129890476,0.9476927814312438,0.9820267503805643,0.9839641111291221,0.9692462999092671
chat_preview,ui_text,chat_ui,1200,800,512,341,23,64,64,3,4397,4397,1.0,6.78283,32.209696571895755,0.951710431466179,0.9826908195041749,0.9846623592296965,0.9713761808105128
chat_preview,ui_text,chat_ui,1200,800,512,341,24,64,32,0,903,2412,0.3743781094527363,5.38804,25.40984524722823,0.8164887406456547,0.7886244132223049,0.7879006947610033,0.6307750974962649
chat_preview,ui_text,chat_ui,1200,800,512,341,24,64,32,1,1404,2412,0.582089552238806,5.56075,27.767635935623783,0.8459601982492381,0.8937744151651681,0.8945487828313731,0.8555612024682757
chat_preview,ui_text,chat_ui,1200,800,512,341,24,64,32,2,1997,2412,0.8279436152570481,5.55667,29.36772570065074,0.8947665773935395,0.9461285861030936,0.9493941832254329,0.9217824520992763
chat_preview,ui_text,chat_ui,1200,800,512,341,24,64,32,3,2371,2412,0.9830016583747927,5.89987,30.219863188130546,0.9176403935741567,0.9634105901658884,0.9671473450678161,0.9426923095729366
chat_preview,ui_text,chat_ui,1200,800,512,341,24,64,32,4,2412,2412,1.0,7.04913,30.22053204068635,0.9177903276413542,0.9634028443236674,0.9671391707532975,0.942688329911185
chat_preview,ui_text,chat_ui,1200,800,512,341,24,64,64,0,1308,4408,0.2967332123411978,5.07892,27.833600046485092,0.8489977207717737,0.898191694986228,0.8980453703862199,0.8606211742158926
chat_preview,ui_text,chat_ui,1200,800,512,341,24,64,64,1,2408,4408,0.5462794918330308,5.53354,29.777207202909494,0.9077371053499954,0.9544020203483212,0.9555849139396215,0.9324449806818013
chat_preview,ui_text,chat_ui,1200,800,512,341,24,64,64,2,3706,4408,0.8407441016333939,5.4235,31.928695924139767,0.9477437098782193,0.9820268511848805,0.9839476313084368,0.9692585393135218
chat_preview,ui_text,chat_ui,1200,800,512,341,24,64,64,3,4408,4408,1.0,6.04946,32.221357223263524,0.951822265295989,0.98273371106235,0.9846884665425778,0.9714772035352511
chat_preview,ui_text,chat_ui,1200,800,512,341,25,64,32,0,914,2438,0.3748974569319114,5.32229,25.415689922365328,0.8158277737760455,0.7866279827631152,0.788275584668063,0.6299015908451446
chat_preview,ui_text,chat_ui,1200,800,512,341,25,64,32,1,1418,2438,0.5816242821985234,4.747,27.778594991327484,0.8456726301703615,0.891731390919645,0.8946861003406203,0.853706459477941
chat_preview,ui_text,chat_ui,1200,800,512,341,25,64,32,2,2013,2438,0.8256767842493847,5.48337,29.388712931511016,0.8945671083592183,0.9440849619267087,0.9495202372733889,0.9200009995682812
chat_preview,ui_text,chat_ui,1200,800,512,341,25,64,32,3,2397,2438,0.98318293683347,6.04983,30.258700565258437,0.9179409934284172,0.9615958323624348,0.9675011183383027,0.9411024732847167
chat_preview,ui_text,chat_ui,1200,800,512,341,25,64,32,4,2438,2438,1.0,6.01525,30.25947925009904,0.9180899972911186,0.961588577880066,0.9674934714540422,0.9410995393257822
chat_preview,ui_text,chat_ui,1200,800,512,341,25,64,64,0,1321,4477,0.2950636587000223,5.19437,27.85310739167596,0.8481092648366778,0.8964222748716452,0.8982224898389946,0.8590939112287223
chat_preview,ui_text,chat_ui,1200,800,512,341,25,64,64,1,2427,4477,0.542104087558633,5.44808,29.80415398889802,0.9069851540758664,0.9526146280198301,0.9557674434789832,0.9307566070536212
chat_preview,ui_text,chat_ui,1200,800,512,341,25,64,64,2,3735,4477,0.8342640160821979,5.84933,31.98036601317764,0.9470970421170407,0.9802608782051973,0.9841503089433098,0.9676054591413062
chat_preview,ui_text,chat_ui,1200,800,512,341,25,64,64,3,4477,4477,1.0,6.38358,32.29833437629608,0.9513235027788683,0.9809975478011569,0.9849391434396945,0.969971228823012
chat_preview,ui_text,chat_ui,1200,800,512,341,26,64,32,0,914,2439,0.37474374743747435,5.29796,25.415689922365328,0.8158277737760455,0.7866279827631152,0.788275584668063,0.6299015908451446
chat_preview,ui_text,chat_ui,1200,800,512,341,26,64,32,1,1418,2439,0.5813858138581386,5.2875,27.778643618319073,0.845676726494113,0.891717570608603,0.8946985505036523,0.8536635352219192
chat_preview,ui_text,chat_ui,1200,800,512,341,26,64,32,2,2014,2439,0.8257482574825749,5.37121,29.40509516493586,0.8947962188911583,0.9440354174352388,0.9494692046795737,0.9198620951737883
chat_preview,ui_text,chat_ui,1200,800,512,341,26,64,32,3,2398,2439,0.983189831898319,5.82529,30.292021999333755,0.9183307401945194,0.9617941792663945,0.9677292750934622,0.9412342577887867
chat_preview,ui_text,chat_ui,1200,800,512,341,26,64,32,4,2439,2439,1.0,5.39792,30.293032715700768,0.9184833284896219,0.9617874518265591,0.9677221279199113,0.9412337483536177
chat_preview,ui_text,chat_ui,1200,800,512,341,26,64,64,0,1321,4482,0.29473449352967424,5.27183,27.85310739167596,0.8481092648366778,0.8964222748716452,0.8982224898389946,0.8590939112287223
chat_preview,ui_text,chat_ui,1200,800,512,341,26,64,64,1,2427,4482,0.5414993306559571,5.53662,29.80390740920455,0.9069809996659638,0.9526130790020745,0.9557676392524379,0.9307526655766966
chat_preview,ui_text,chat_ui,1200,800,512,341,26,64,64,2,3740,4482,0.8344489067380634,5.99917,31.997875966390247,0.9473843700477933,0.9802739531860984,0.9841625278669067,0.9676498432902757
chat_preview,ui_text,chat_ui,1200,800,512,341,26,64,64,3,4482,4482,1.0,7.08008,32.3292999373152,0.9516871031090144,0.9809889975681753,0.9849273921268864,0.9700567461263655
chat_preview,ui_text,chat_ui,1200,800,512,341,27,64,32,0,914,2490,0.3670682730923695,5.51446,25.415689922365328,0.8158277737760455,0.7866279827631152,0.788275584668063,0.6299015908451446
chat_preview,ui_text,chat_ui,1200,800,512,341,27,64,32,1,1425,2490,0.572289156626506,5.16929,27.781228054602146,0.845825499891209,0.8917148120896198,0.8947456021923877,0.8538489479718225
chat_preview,ui_text,chat_ui,1200,800,512,341,27,64,32,2,2034,2490,0.8168674698795181,5.38304,29.42245039266105,0.894791275446424,0.9440821215144957,0.949663546375417,0.9204568448059438
chat_preview,ui_text,chat_ui,1200,800,512,341,27,64,32,3,2449,2490,0.9835341365461847,5.98738,30.33461587520533,0.9189654310237941,0.9622547136922575,0.9684180114485788,0.9423150114062059
chat_preview,ui_text,chat_ui,1200,800,512,341,27,64,32,4,2490,2490,1.0,5.54767,30.33502508220628,0.9190620597418061,0.9622350449610289,0.9683978940703388,0.9422968215597687
chat_preview,ui_text,chat_ui,1200,800,512,341,27,64,64,0,1321,4555,0.2900109769484083,5.3385,27.85310739167596,0.8481092648366778,0.8964222748716452,0.8982224898389946,0.8590939112287223
chat_preview,ui_text,chat_ui,1200,800,512,341,27,64,64,1,2437,4555,0.5350164654226125,5.59221,29.814084750285318,0.907058428091366,0.952787219956097,0.955852352038568,0.9310996386530315
chat_preview,ui_text,chat_ui,1200,800,512,341,27,64,64,2,3775,4555,0.8287596048298573,5.88033,32.00898993662032,0.947446988216015,0.9803523005709142,0.9841957170530847,0.9678466277268339
chat_preview,ui_text,chat_ui,1200,800,512,341,27,64,64,3,4555,4555,1.0,6.647,32.363947749062724,0.9518852882181235,0.9811065163655281,0.9849948933240258,0.9703861719373793
chat_preview,ui_text,chat_ui,1200,800,512,341,28,64,32,0,914,2513,0.3637087146836451,5.02496,25.415689922365328,0.8158277737760455,0.7866279827631152,0.788275584668063,0.6299015908451446
chat_preview,ui_text,chat_ui,1200,800,512,341,28,64,32,1,1426,2513,0.5674492638280939,4.77562,27.782506462799198,0.8458538830491138,0.8917372366682446,0.894740305969899,0.853928020543207
chat_preview,ui_text,chat_ui,1200,800,512,341,28,64,32,2,2042,2513,0.8125746120175089,5.36154,29.431591589478877,0.8953615812263452,0.94403553650519,0.9496139026000426,0.9202503601189683
chat_preview,ui_text,chat_ui,1200,800,512,341,28,64,32,3,2472,2513,0.9836848388380421,5.29096,30.357876562053914,0.9196075992820573,0.9622586687728952,0.9684053418288148,0.9425296206892135
chat_preview,ui_text,chat_ui,1200,800,512,341,28,64,32,4,2513,2513,1.0,6.19046,30.35854873246671,0.9197066992571242,0.9622396949337949,0.9683859465772369,0.9425135609719509
chat_preview,ui_text,chat_ui,1200,800,512,341,28,64,64,0,1321,4580,0.2884279475982533,4.6975,27.85310739167596,0.8481092648366778,0.8964222748716452,0.8982224898389946,0.8590939112287223
chat_preview,ui_text,chat_ui,1200,800,512,341,28,64,64,1,2438,4580,0.5323144104803493,5.03163,29.814693080479785,0.9070738322347967,0.9527982525319595,0.955848132079096,0.9311146829824878
chat_preview,ui_text,chat_ui,1200,800,512,341,28,64,64,2,3800,4580,0.8296943231441049,5.95987,32.031913063731764,0.9478928948752268,0.9805255919818613,0.9843659713017664,0.9679187145513853
chat_preview,ui_text,chat_ui,1200,800,512,341,28,64,64,3,4580,4580,1.0,6.56513,32.39928539560176,0.9524336848956825,0.9812667563362973,0.9851602859130227,0.9704951980335971
chat_preview,ui_text,chat_ui,1200,800,512,341,29,64,32,0,914,2551,0.35829086632693063,4.77229,25.415689922365328,0.8158277737760455,0.7866279827631152,0.788275584668063,0.6299015908451446
chat_preview,ui_text,chat_ui,1200,800,512,341,29,64,32,1,1435,2551,0.5625245001960015,5.16625,27.798145124263336,0.8454628833287439,0.8943536826018565,0.8976758956015204,0.8560038506324238
chat_preview,ui_text,chat_ui,1200,800,512,341,29,64,32,2,2062,2551,0.8083104664837318,4.96092,29.439459551691076,0.8957522061583402,0.944460980186797,0.9500444815377517,0.9209802847479158
chat_preview,ui_text,chat_ui,1200,800,512,341,29,64,32,3,2510,2551,0.9839278714229713,5.65883,30.36502886418561,0.9202371243963573,0.9620895745967718,0.9682199071843794,0.9429601294812383
chat_preview,ui_text,chat_ui,1200,800,512,341,29,64,32,4,2551,2551,1.0,5.51912,30.365903702538702,0.9203402031791512,0.9620711036933366,0.9682010060240905,0.9429460038136026
chat_preview,ui_text,chat_ui,1200,800,512,341,29,64,64,0,1321,4719,0.27993218902309813,5.02483,27.85310739167596,0.8481092648366778,0.8964222748716452,0.8982224898389946,0.8590939112287223
chat_preview,ui_text,chat_ui,1200,800,512,341,29,64,64,1,2489,4719,0.527442254714982,5.14117,29.826588816900916,0.9073130218248876,0.9533840937755089,0.9564981159161369,0.9319697625782668
chat_preview,ui_text,chat_ui,1200,800,512,341,29,64,64,2,3881,4719,0.8224200042381861,5.75992,32.04592061869263,0.9479945706768005,0.980687950460991,0.984563258564307,0.9684328726089594
chat_preview,ui_text,chat_ui,1200,800,512,341,29,64,64,3,4719,4719,1.0,6.22621,32.45387681136518,0.9527762136973812,0.9815194900479051,0.9854520104223743,0.971328603132746
chat_preview,ui_text,chat_ui,1200,800,512,341,30,64,32,0,916,2554,0.3586530931871574,5.21704,25.42650508794162,0.8159158737269289,0.7869605789728964,0.7879001600247726,0.6301500482561712
chat_preview,ui_text,chat_ui,1200,800,512,341,30,64,32,1,1438,2554,0.5630383711824589,5.38654,27.812081151519138,0.8459943843836136,0.8951412367327918,0.8982008692068525,0.8566919166535966
chat_preview,ui_text,chat_ui,1200,800,512,341,30,64,32,2,2065,2554,0.8085356303837118,5.45842,29.458631356282396,0.8961307854482804,0.9450763687361415,0.9502644469665154,0.9214989642527537
chat_preview,ui_text,chat_ui,1200,800,512,341,30,64,32,3,2513,2554,0.9839467501957714,5.64567,30.40411724564969,0.9206735525079855,0.9626774337398797,0.9684424504155619,0.9435594514167935
chat_preview,ui_text,chat_ui,1200,800,512,341,30,64,32,4,2554,2554,1.0,5.42308,30.405145013423166,0.9207779874777047,0.9626596583125621,0.9684242477425288,0.9435473260315013
chat_preview,ui_text,chat_ui,1200,800,512,341,30,64,64,0,1322,4732,0.279374471682164,4.91538,27.85227747838753,0.8482644180428425,0.8965368160589348,0.8981238855252417,0.8588481312168753
chat_preview,ui_text,chat_ui,1200,800,512,341,30,64,64,1,2501,4732,0.5285291631445478,5.0,29.835803485421124,0.9073249148978152,0.9535942877398659,0.9565142666107228,0.932082926788892
chat_preview,ui_text,chat_ui,1200,800,512,341,30,64,64,2,3893,4732,0.8226965342349958,5.91604,32.055199139641225,0.9479914231993115,0.9808944457241499,0.9845570445851077,0.9685401779810431
chat_preview,ui_text,chat_ui,1200,800,512,341,30,64,64,3,4732,4732,1.0,6.73979,32.47641452288474,0.9528673297489084,0.9817360762962525,0.9854598953285628,0.9714738416769517
chat_preview,ui_text,chat_ui,1200,800,512,341,31,64,32,0,916,2575,0.35572815533980584,4.74971,25.42650508794162,0.8159158737269289,0.7869605789728964,0.7879001600247726,0.6301500482561712
chat_preview,ui_text,chat_ui,1200,800,512,341,31,64,32,1,1438,2575,0.5584466019417476,5.23621,27.81189955104697,0.8459938824063674,0.8951361395131311,0.8981887966363865,0.8566431605122047
chat_preview,ui_text,chat_ui,1200,800,512,341,31,64,32,2,2073,2575,0.8050485436893204,5.34671,29.473029446358257,0.8963409735379414,0.9454842839697553,0.950639132355632,0.9220121635934183
chat_preview,ui_text,chat_ui,1200,800,512,341,31,64,32,3,2534,2575,0.9840776699029126,5.62054,30.451790320368296,0.9216269689612336,0.9635535499919646,0.9693539136373271,0.9445593038322938
chat_preview,ui_text,chat_ui,1200,800,512,341,31,64,32,4,2575,2575,1.0,5.70617,30.45290189635141,0.9217325192117186,0.9635357268143866,0.9693356552980995,0.9445475406714228
chat_preview,ui_text,chat_ui,1200,800,512,341,31,64,64,0,1322,4813,0.2746727612715562,5.03825,27.85227747838753,0.8482644180428425,0.8965368160589348,0.8981238855252417,0.8588481312168753
chat_preview,ui_text,chat_ui,1200,800,512,341,31,64,64,1,2502,4813,0.519842094327862,5.16008,29.83568807081145,0.9073401543899703,0.9535962112103404,0.9565144716698494,0.9320774726590068
chat_preview,ui_text,chat_ui,1200,800,512,341,31,64,64,2,3905,4813,0.811344275919385,5.82383,32.07487689167418,0.9483595431803145,0.9810471784507052,0.9846851928329466,0.9688401733236992
chat_preview,ui_text,chat_ui,1200,800,512,341,31,64,64,3,4813,4813,1.0,6.59975,32.52343742393848,0.9533228185595471,0.9819097952491065,0.9856072815365436,0.9718870987905393
chat_preview,ui_text,chat_ui,1200,800,512,341,32,64,32,0,916,2589,0.3538045577443028,4.90425,25.42650508794162,0.8159158737269289,0.7869605789728964,0.7879001600247726,0.6301500482561712
chat_preview,ui_text,chat_ui,1200,800,512,341,32,64,32,1,1441,2589,0.5565855542680571,4.82421,27.8149885632882,0.8461494138514737,0.8952978781796306,0.8982410791133797,0.8568899905380507
chat_preview,ui_text,chat_ui,1200,800,512,341,32,64,32,2,2087,2589,0.8061027423715721,5.77013,29.478451633735688,0.8965325126607174,0.9456246091921393,0.9506031923924193,0.9221813773282895
chat_preview,ui_text,chat_ui,1200,800,512,341,32,64,32,3,2548,2589,0.9841637697952877,5.31167,30.47214172343354,0.9220086497360397,0.9638480186941271,0.9695106696128446,0.9450976712567762
chat_preview,ui_text,chat_ui,1200,800,512,341,32,64,32,4,2589,2589,1.0,5.47846,30.473434704380878,0.9221146392660869,0.9638310469455101,0.9694933030529039,0.9450875578651405
chat_preview,ui_text,chat_ui,1200,800,512,341,32,64,64,0,1322,4845,0.27285861713106296,4.84754,27.85227747838753,0.8482644180428425,0.8965368160589348,0.8981238855252417,0.8588481312168753
chat_preview,ui_text,chat_ui,1200,800,512,341,32,64,64,1,2515,4845,0.5190918472652218,4.98833,29.83991940677968,0.9075495941022947,0.9536961760667979,0.9565398266989649,0.9322524213152366
chat_preview,ui_text,chat_ui,1200,800,512,341,32,64,64,2,3935,4845,0.8121775025799793,5.58575,32.08411637887158,0.9485279448720499,0.9811672991208485,0.9847096941605905,0.9690125184759946
chat_preview,ui_text,chat_ui,1200,800,512,341,32,64,64,3,4845,4845,1.0,6.63983,32.54503083269186,0.9535776714703944,0.9820668302227644,0.9856793294124346,0.9721562602517186
chat_preview,ui_text,chat_ui,1200,800,512,341,33,64,32,0,916,2626,0.3488194973343488,6.20892,25.42650508794162,0.8159158737269289,0.7869605789728964,0.7879001600247726,0.6301500482561712
chat_preview,ui_text,chat_ui,1200,800,512,341,33,64,32,1,1443,2626,0.5495049504950495,5.06971,27.822119889374175,0.846194521177952,0.8953199129739967,0.8982250154484456,0.857217656596749
chat_preview,ui_text,chat_ui,1200,800,512,341,33,64,32,2,2096,2626,0.7981721249047982,5.3865,29.499922393734725,0.8979369729087558,0.947125664375121,0.9520984833825383,0.9234462474495555
chat_preview,ui_text,chat_ui,1200,800,512,341,33,64,32,3,2585,2626,0.9843869002284844,5.2845,30.510517409064803,0.9233441271237366,0.9645574212378266,0.9701892247125206,0.9462209885480374
chat_preview,ui_text,chat_ui,1200,800,512,341,33,64,32,4,2626,2626,1.0,5.52467,30.512098329971206,0.9234517568376251,0.9645417663752841,0.9701731454181907,0.9462135505288763
chat_preview,ui_text,chat_ui,1200,800,512,341,33,64,64,0,1322,4940,0.2676113360323887,5.20962,27.85227747838753,0.8482644180428425,0.8965368160589348,0.8981238855252417,0.8588481312168753
chat_preview,ui_text,chat_ui,1200,800,512,341,33,64,64,1,2523,4940,0.5107287449392712,4.97954,29.840820231008458,0.9075994920059927,0.9536938025114933,0.9565389614876918,0.9322364621155518
chat_preview,ui_text,chat_ui,1200,800,512,341,33,64,64,2,3979,4940,0.8054655870445344,5.69512,32.10978498942363,0.9489312146824127,0.9813744886623889,0.9849172330677354,0.9694100473772219
chat_preview,ui_text,chat_ui,1200,800,512,341,33,64,64,3,4940,4940,1.0,6.59883,32.59988810281627,0.9543258511209132,0.9823226897342532,0.9859278382833094,0.9727127604556041
chat_preview,ui_text,chat_ui,1200,800,512,341,34,64,32,0,916,2630,0.3482889733840304,5.09696,25.42650508794162,0.8159158737269289,0.7869605789728964,0.7879001600247726,0.6301500482561712
chat_preview,ui_text,chat_ui,1200,800,512,341,34,64,32,1,1443,2630,0.5486692015209126,4.70121,27.822119889374175,0.846194521177952,0.8953199129739967,0.8982250154484456,0.857217656596749
chat_preview,ui_text,chat_ui,1200,800,512,341,34,64,32,2,2096,2630,0.7969581749049429,5.08454,29.501769973623603,0.8980207084395108,0.9471904420924323,0.9521479102572051,0.9234633167421618
chat_preview,ui_text,chat_ui,1200,800,512,341,34,64,32,3,2589,2630,0.9844106463878327,5.37188,30.52867818122553,0.9235694674247975,0.9647004609318048,0.9702974769420525,0.9463881612209778
chat_preview,ui_text,chat_ui,1200,800,512,341,34,64,32,4,2630,2630,1.0,5.47242,30.530414126598874,0.9236797131268316,0.9646855749097213,0.9702821760801152,0.9463824125678099
chat_preview,ui_text,chat_ui,1200,800,512,341,34,64,64,0,1322,4940,0.2676113360323887,5.14167,27.85227747838753,0.8482644180428425,0.8965368160589348,0.8981238855252417,0.8588481312168753
chat_preview,ui_text,chat_ui,1200,800,512,341,34,64,64,1,2523,4940,0.5107287449392712,5.14742,29.840820231008458,0.9075994920059927,0.9536938025114933,0.9565389614876918,0.9322364621155518
chat_preview,ui_text,chat_ui,1200,800,512,341,34,64,64,2,3979,4940,0.8054655870445344,5.63475,32.11065851386565,0.948957287274832,0.9813753294049296,0.9849188848449412,0.9693800247831011
chat_preview,ui_text,chat_ui,1200,800,512,341,34,64,64,3,4940,4940,1.0,6.28804,32.618501367664045,0.9544615458971152,0.9823493252950707,0.9859554972597304,0.9727749847636733
chat_preview,ui_text,chat_ui,1200,800,512,341,35,64,32,0,940,2712,0.3466076696165192,5.28925,25.429885402438313,0.8158595857490175,0.7892040954371415,0.7898495982369819,0.6406299977037815
chat_preview,ui_text,chat_ui,1200,800,512,341,35,64,32,1,1472,2712,0.5427728613569321,5.19088,27.848261045283063,0.8472191335696798,0.8962625995561594,0.8989441049038078,0.8607798708716854
chat_preview,ui_text,chat_ui,1200,800,512,341,35,64,32,2,2143,2712,0.7901917404129793,5.26183,29.550103767048537,0.8990699991564913,0.9486834194992017,0.9536171714407886,0.9262844686475274
chat_preview,ui_text,chat_ui,1200,800,512,341,35,64,32,3,2671,2712,0.984882005899705,5.41592,30.623231535964898,0.9252377372185135,0.9671151782819419,0.9727516571053889,0.9495904423704534
chat_preview,ui_text,chat_ui,1200,800,512,341,35,64,32,4,2712,2712,1.0,5.29737,30.625093755205715,0.9253485052016971,0.9670997683525598,0.9727357431800081,0.9495845885831332
chat_preview,ui_text,chat_ui,1200,800,512,341,35,64,64,0,1330,5047,0.2635228848821082,4.99296,27.91159489918979,0.8512383072243906,0.9012833189049149,0.9037010975172798,0.8649083934420424
chat_preview,ui_text,chat_ui,1200,800,512,341,35,64,64,1,2553,5047,0.5058450564691896,5.40833,29.90581060730613,0.9108855021136404,0.9575021293894092,0.9612057901266903,0.9360290726236808
chat_preview,ui_text,chat_ui,1200,800,512,341,35,64,64,2,4037,5047,0.7998811174955419,5.92508,32.21856477892266,0.952440799901953,0.9850701118652311,0.9895514621445386,0.9723024798810773
chat_preview,ui_text,chat_ui,1200,800,512,341,35,64,64,3,5047,5047,1.0,6.90825,32.78105398805768,0.9583004462335952,0.9861618600841932,0.9907096029599849,0.9758788772741072
chat_preview,ui_text,chat_ui,1200,800,512,341,36,64,32,0,940,2715,0.3462246777163904,5.7215,25.429885402438313,0.8158595857490175,0.7892040954371415,0.7898495982369819,0.6406299977037815
chat_preview,ui_text,chat_ui,1200,800,512,341,36,64,32,1,1473,2715,0.5425414364640884,4.82429,27.847536769556932,0.8472443215454021,0.8962518190884695,0.898936403524241,0.8607020795790988
chat_preview,ui_text,chat_ui,1200,800,512,341,36,64,32,2,2146,2715,0.7904235727440148,5.56192,29.567758805654393,0.8991728453626742,0.9489078848689535,0.9538207132674851,0.9265843278404106
chat_preview,ui_text,chat_ui,1200,800,512,341,36,64,32,3,2674,2715,0.9848987108655617,5.7885,30.66364171916648,0.9257142320889845,0.9675900795064606,0.9732100458019517,0.9501229660014551
chat_preview,ui_text,chat_ui,1200,800,512,341,36,64,32,4,2715,2715,1.0,6.00925,30.66566686314879,0.9258257988401004,0.9675749242181039,0.9731943930110655,0.9501183610748923
chat_preview,ui_text,chat_ui,1200,800,512,341,36,64,64,0,1330,5056,0.26305379746835444,5.37812,27.91159489918979,0.8512383072243906,0.9012833189049149,0.9037010975172798,0.8649083934420424
chat_preview,ui_text,chat_ui,1200,800,512,341,36,64,64,1,2556,5056,0.5055379746835443,5.42712,29.90753588657061,0.9109466144110315,0.9575261219054191,0.9612080941621048,0.9360657775078238
chat_preview,ui_text,chat_ui,1200,800,512,341,36,64,64,2,4044,5056,0.7998417721518988,5.51437,32.23692274485158,0.9526297084904846,0.9850621723958889,0.9894898486533259,0.9724033475525229
chat_preview,ui_text,chat_ui,1200,800,512,341,36,64,64,3,5056,5056,1.0,6.79283,32.823211416479495,0.9587119195393804,0.9862219172638401,0.9907198629478827,0.9760870379789119
chat_preview,ui_text,chat_ui,1200,800,512,341,37,64,32,0,940,2736,0.3435672514619883,5.10817,25.429885402438313,0.8158595857490175,0.7892040954371415,0.7898495982369819,0.6406299977037815
chat_preview,ui_text,chat_ui,1200,800,512,341,37,64,32,1,1489,2736,0.5442251461988304,4.75838,27.840865102067585,0.8471642146025177,0.8961184585146258,0.898913111886528,0.8603679312543894
chat_preview,ui_text,chat_ui,1200,800,512,341,37,64,32,2,2167,2736,0.79203216374269,5.89062,29.563095693302248,0.8992503551055947,0.9488600709690956,0.9538250778856939,0.9265350738416971
chat_preview,ui_text,chat_ui,1200,800,512,341,37,64,32,3,2695,2736,0.985014619883041,5.88979,30.661166703069043,0.9258034217583537,0.9676096103226398,0.9733057908512108,0.9501749944215818
chat_preview,ui_text,chat_ui,1200,800,512,341,37,64,32,4,2736,2736,1.0,6.27783,30.663299879816293,0.9259156787838266,0.9675945980316619,0.9732902491010779,0.9501710847211751
chat_preview,ui_text,chat_ui,1200,800,512,341,37,64,64,0,1330,5085,0.2615535889872173,5.14096,27.91159489918979,0.8512383072243906,0.9012833189049149,0.9037010975172798,0.8649083934420424
chat_preview,ui_text,chat_ui,1200,800,512,341,37,64,64,1,2578,5085,0.5069813176007866,5.35371,29.910448725482325,0.9110000165332685,0.9575870683296822,0.9612619787805256,0.9361567689796263
chat_preview,ui_text,chat_ui,1200,800,512,341,37,64,64,2,4073,5085,0.8009832841691249,6.00017,32.246379981398974,0.9526848819980266,0.9851801358129996,0.9895944506398837,0.9725622679826317
chat_preview,ui_text,chat_ui,1200,800,512,341,37,64,64,3,5085,5085,1.0,6.56046,32.835227313412474,0.9587683062167817,0.9863271277423795,0.9908116846331632,0.9762417945956007
chat_preview,ui_text,chat_ui,1200,800,512,341,38,64,32,0,940,2794,0.3364352183249821,5.40717,25.429885402438313,0.8158595857490175,0.7892040954371415,0.7898495982369819,0.6406299977037815
chat_preview,ui_text,chat_ui,1200,800,512,341,38,64,32,1,1490,2794,0.5332856120257695,5.48337,27.843317117818607,0.8472285825636442,0.8961802925273745,0.8989417694691666,0.8605207960341849
chat_preview,ui_text,chat_ui,1200,800,512,341,38,64,32,2,2186,2794,0.7823908375089478,5.29292,29.58322910485836,0.9001757863266637,0.9496959348792182,0.9546150743556867,0.9272194658910018
chat_preview,ui_text,chat_ui,1200,800,512,341,38,64,32,3,2753,2794,0.9853256979241232,5.46629,30.727985748431802,0.9273009100962737,0.968756365767351,0.9743541489236363,0.9515816084584289
chat_preview,ui_text,chat_ui,1200,800,512,341,38,64,32,4,2794,2794,1.0,5.97387,30.73044151715375,0.9274176994988864,0.9687439619999599,0.9743412912633499,0.9515812169529757
chat_preview,ui_text,chat_ui,1200,800,512,341,38,64,64,0,1330,5217,0.25493578685068047,4.82196,27.91159489918979,0.8512383072243906,0.9012833189049149,0.9037010975172798,0.8649083934420424
chat_preview,ui_text,chat_ui,1200,800,512,341,38,64,64,1,2582,5217,0.4949204523672609,4.99567,29.910731784690014,0.9110122951809423,0.9575860925648255,0.9612665376963905,0.9361564834950783
chat_preview,ui_text,chat_ui,1200,800,512,341,38,64,64,2,4132,5217,0.7920260686218134,5.89329,32.26768691366223,0.9530606940465133,0.985475408680529,0.9899030891321006,0.9729559350072553
chat_preview,ui_text,chat_ui,1200,800,512,341,38,64,64,3,5217,5217,1.0,6.83129,32.887451274730076,0.9594544226927759,0.9865496047192125,0.9910440640132705,0.9766719727662325
chat_preview,ui_text,chat_ui,1200,800,512,341,39,64,32,0,942,2849,0.3306423306423306,5.40233,25.435359186008416,0.8158851629523065,0.7895219884723925,0.7896824322480192,0.6409979591052157
chat_preview,ui_text,chat_ui,1200,800,512,341,39,64,32,1,1493,2849,0.5240435240435241,5.177,27.848115994016396,0.8471542913505387,0.8964624714170256,0.8988495025744105,0.860902335291216
chat_preview,ui_text,chat_ui,1200,800,512,341,39,64,32,2,2195,2849,0.7704457704457705,5.50462,29.594802589431893,0.900373732679102,0.9499833658975154,0.954565700640815,0.9274994054337842
chat_preview,ui_text,chat_ui,1200,800,512,341,39,64,32,3,2767,2849,0.9712179712179713,5.24292,30.762875941098113,0.9275347544294994,0.9691338396630055,0.9744269501278172,0.9520769633501287
chat_preview,ui_text,chat_ui,1200,800,512,341,39,64,32,4,2849,2849,1.0,5.645,30.767369737667288,0.9277655888477742,0.9691381570131403,0.9744302311029746,0.9521219653561538
chat_preview,ui_text,chat_ui,1200,800,512,341,39,64,64,0,1334,5238,0.2546773577701413,5.70296,27.920432512967757,0.8516222232869545,0.901888886146943,0.9038294895718262,0.8654848947430993
chat_preview,ui_text,chat_ui,1200,800,512,341,39,64,64,1,2587,5238,0.49389079801450936,5.54283,29.92484553012284,0.9113863406174829,0.9581348249819741,0.9613818891348666,0.9365978350125037
chat_preview,ui_text,chat_ui,1200,800,512,341,39,64,64,2,4146,5238,0.7915234822451317,5.88279,32.28853364143517,0.9534020109028495,0.9859981919003262,0.9900143276263443,0.9733185516980621
chat_preview,ui_text,chat_ui,1200,800,512,341,39,64,64,3,5238,5238,1.0,6.96042,32.936421874050886,0.9599818224531435,0.9871066302491182,0.9911879325697468,0.9771436824134063
chat_preview,ui_text,chat_ui,1200,800,512,341,40,64,32,0,942,2897,0.3251639627200552,5.26092,25.435359186008416,0.8158851629523065,0.7895219884723925,0.7896824322480192,0.6409979591052157
chat_preview,ui_text,chat_ui,1200,800,512,341,40,64,32,1,1493,2897,0.5153607179841215,4.68,27.84527483635054,0.8472833078295426,0.8965151049666803,0.8988720290871127,0.8606140065145182
chat_preview,ui_text,chat_ui,1200,800,512,341,40,64,32,2,2197,2897,0.7583707283396617,5.63004,29.59419966970017,0.9005428551387847,0.9500791043167757,0.9545952398563622,0.9274123147054695
chat_preview,ui_text,chat_ui,1200,800,512,341,40,64,32,3,2799,2897,0.9661719019675526,5.944,30.79964741281148,0.9285398856710717,0.9702627273025493,0.9754898860092048,0.9530065535446879
chat_preview,ui_text,chat_ui,1200,800,512,341,40,64,32,4,2897,2897,1.0,5.36238,30.80702693202848,0.9289628507716773,0.9703240505359544,0.9755502296604333,0.9531213081641908
chat_preview,ui_text,chat_ui,1200,800,512,341,40,64,64,0,1334,5315,0.25098777046095955,4.94204,27.920432512967757,0.8516222232869545,0.901888886146943,0.9038294895718262,0.8654848947430993
chat_preview,ui_text,chat_ui,1200,800,512,341,40,64,64,1,2590,5315,0.4873000940733772,4.66071,29.925975119423267,0.9114376961978929,0.9581358477627355,0.9613898693522557,0.9366184647876741
chat_preview,ui_text,chat_ui,1200,800,512,341,40,64,64,2,4151,5315,0.7809971777986829,5.56462,32.289764464722346,0.9534306326011176,0.9860203423018402,0.9900322843728407,0.9733529271755134
chat_preview,ui_text,chat_ui,1200,800,512,341,40,64,64,3,5315,5315,1.0,6.14908,32.98488824643468,0.9604666843359584,0.9872991244976336,0.9913730838939588,0.9774909553814723
chat_preview,ui_text,chat_ui,1200,800,512,341,41,64,32,0,942,2943,0.3200815494393476,4.81792,25.435359186008416,0.8158851629523065,0.7895219884723925,0.7896824322480192,0.6409979591052157
chat_preview,ui_text,chat_ui,1200,800,512,341,41,64,32,1,1511,2943,0.5134216785592932,4.46967,27.859566004441096,0.8469992504522672,0.8986558404371957,0.9012085199772938,0.8625162128118444
chat_preview,ui_text,chat_ui,1200,800,512,341,41,64,32,2,2227,2943,0.7567108392796467,4.89592,29.604793429350075,0.9008273627470705,0.951005645711843,0.9556130366437712,0.9281973258798242
chat_preview,ui_text,chat_ui,1200,800,512,341,41,64,32,3,2838,2943,0.9643221202854231,5.56321,30.829952133928494,0.9289211244258039,0.9708673726758903,0.9761557705970382,0.9537063991055517
chat_preview,ui_text,chat_ui,1200,800,512,341,41,64,32,4,2943,2943,1.0,5.70667,30.842465819148867,0.9294567199365015,0.9709370194742651,0.9762240093588495,0.9538624660049276
chat_preview,ui_text,chat_ui,1200,800,512,341,41,64,64,0,1334,5393,0.24735768588911553,4.61183,27.920432512967757,0.8516222232869545,0.901888886146943,0.9038294895718262,0.8654848947430993
chat_preview,ui_text,chat_ui,1200,800,512,341,41,64,64,1,2640,5393,0.4895234563322826,5.00508,29.923168484097356,0.9113897471419796,0.9582878306185618,0.9615393911685266,0.9367017808648548
chat_preview,ui_text,chat_ui,1200,800,512,341,41,64,64,2,4227,5393,0.7837938067865752,5.98625,32.313363248344345,0.953788862220124,0.986130987904581,0.9901165114231235,0.9735490698171118
chat_preview,ui_text,chat_ui,1200,800,512,341,41,64,64,3,5393,5393,1.0,6.76096,33.03589494167554,0.9610461612459925,0.9875291292497185,0.9915825250125508,0.9778549020947368
chat_preview,ui_text,chat_ui,1200,800,512,341,42,64,32,0,942,2985,0.3155778894472362,5.21658,25.435359186008416,0.8158851629523065,0.7895219884723925,0.7896824322480192,0.6409979591052157
chat_preview,ui_text,chat_ui,1200,800,512,341,42,64,32,1,1518,2985,0.5085427135678392,5.28521,27.86131293904762,0.847128647300452,0.8987634018797142,0.9013539435550985,0.8628269574321065
chat_preview,ui_text,chat_ui,1200,800,512,341,42,64,32,2,2237,2985,0.7494137353433836,5.44154,29.61261091127286,0.9011941132759324,0.9511681593099018,0.9557214635601672,0.928420585224267
chat_preview,ui_text,chat_ui,1200,800,512,341,42,64,32,3,2876,2985,0.9634840871021776,5.43204,30.884876640897325,0.930062515628434,0.9719921117170282,0.9772408031949359,0.9547417760449177
chat_preview,ui_text,chat_ui,1200,800,512,341,42,64,32,4,2985,2985,1.0,5.88912,30.899297578172224,0.9306451643324337,0.9720762208900764,0.9773231922613297,0.9549241256085815
chat_preview,ui_text,chat_ui,1200,800,512,341,42,64,64,0,1334,5463,0.24418817499542375,5.54946,27.920432512967757,0.8516222232869545,0.901888886146943,0.9038294895718262,0.8654848947430993
chat_preview,ui_text,chat_ui,1200,800,512,341,42,64,64,1,2651,5463,0.48526450668131066,4.92988,29.930614127864715,0.9115103440584732,0.9583265371221037,0.9615538320547425,0.936805734575879
chat_preview,ui_text,chat_ui,1200,800,512,341,42,64,64,2,4238,5463,0.7757642321069009,6.00217,32.32468829622776,0.9538945568466408,0.986158111150913,0.990116898631703,0.9736070695500074
chat_preview,ui_text,chat_ui,1200,800,512,341,42,64,64,3,5463,5463,1.0,7.23808,33.08619183701466,0.9614713972451384,0.9876556617237449,0.9916853097991688,0.9781378791116576
chat_preview,ui_text,chat_ui,1200,800,512,341,43,64,32,0,942,3020,0.3119205298013245,5.2335,25.435359186008416,0.8158851629523065,0.7895219884723925,0.7896824322480192,0.6409979591052157
chat_preview,ui_text,chat_ui,1200,800,512,341,43,64,32,1,1519,3020,0.5029801324503311,5.29583,27.85661506176989,0.8469984511428033,0.8985077743809381,0.9010812477857821,0.862568905050246
chat_preview,ui_text,chat_ui,1200,800,512,341,43,64,32,2,2268,3020,0.7509933774834437,5.74725,29.626875134502693,0.9015771966469807,0.9512262571279008,0.9557930216164315,0.928682672531636
chat_preview,ui_text,chat_ui,1200,800,512,341,43,64,32,3,2908,3020,0.9629139072847682,5.8705,30.925373650784568,0.9302840076462252,0.9720019494502573,0.9772916848581276,0.9551500619445621
chat_preview,ui_text,chat_ui,1200,800,512,341,43,64,32,4,3020,3020,1.0,5.94158,30.943758334204965,0.9309952289413195,0.9721211340790226,0.9774090381026,0.955388640829901
chat_preview,ui_text,chat_ui,1200,800,512,341,43,64,64,0,1334,5530,0.24122965641952984,4.92933,27.920432512967757,0.8516222232869545,0.901888886146943,0.9038294895718262,0.8654848947430993
chat_preview,ui_text,chat_ui,1200,800,512,341,43,64,64,1,2661,5530,0.48119349005424955,5.43242,29.929561117630442,0.911479545171047,0.9583153614493908,0.961559304130867,0.9368365948107884
chat_preview,ui_text,chat_ui,1200,800,512,341,43,64,64,2,4300,5530,0.7775768535262206,6.29242,32.34100549760403,0.9539540922783246,0.9861129345436196,0.990094807054848,0.9736751549153807
chat_preview,ui_text,chat_ui,1200,800,512,341,43,64,64,3,5530,5530,1.0,6.28604,33.134772677559106,0.9616767449884221,0.9876680115444576,0.9917253839734822,0.9783423949974774
chat_preview,ui_text,chat_ui,1200,800,512,341,44,64,32,0,950,3053,0.31116934163118243,4.99754,25.50294075246547,0.8165178716994806,0.7908487220736024,0.7902231661286523,0.639690411914634
chat_preview,ui_text,chat_ui,1200,800,512,341,44,64,32,1,1527,3053,0.5001637733377006,4.7475,27.971489617906627,0.8476667507981183,0.8997560946034558,0.9010686339399658,0.8603412934163911
chat_preview,ui_text,chat_ui,1200,800,512,341,44,64,32,2,2276,3053,0.7454962332132329,5.89658,29.801449569089122,0.9022922671815071,0.9525313139453635,0.9556739024668658,0.9265517843764232
chat_preview,ui_text,chat_ui,1200,800,512,341,44,64,32,3,2939,3053,0.9626596790042581,5.491,31.20021641841816,0.9315747466087442,0.9739146955184843,0.9777352685639112,0.9536816715094969
chat_preview,ui_text,chat_ui,1200,800,512,341,44,64,32,4,3053,3053,1.0,6.388,31.218618609958643,0.9323051515738165,0.9740305473187512,0.9778483436106803,0.9539115305306423
chat_preview,ui_text,chat_ui,1200,800,512,341,44,64,64,0,1400,5679,0.24652227504842403,5.25279,28.030294943103616,0.8521987546705847,0.9035613705273761,0.9039870901465338,0.8627021829699573
chat_preview,ui_text,chat_ui,1200,800,512,341,44,64,64,1,2733,5679,0.48124669836238776,4.899,30.10778037415657,0.9121241316969537,0.9600676343830689,0.9615998491186047,0.9341943689106748
chat_preview,ui_text,chat_ui,1200,800,512,341,44,64,64,2,4372,5679,0.7698538475083642,5.49796,32.66218286489566,0.9546245817479111,0.9879116343158111,0.9901029434207422,0.9710661463153711
chat_preview,ui_text,chat_ui,1200,800,512,341,44,64,64,3,5679,5679,1.0,6.38308,33.575504854864064,0.9628460155796059,0.9896873009325091,0.9919510116142264,0.9760822673773297
chat_preview,ui_text,chat_ui,1200,800,512,341,45,64,32,0,950,3076,0.3088426527958388,5.44442,25.50294075246547,0.8165178716994806,0.7908487220736024,0.7902231661286523,0.639690411914634
chat_preview,ui_text,chat_ui,1200,800,512,341,45,64,32,1,1527,3076,0.4964239271781534,4.91262,27.973189012597153,0.8477055264620662,0.8997653830205969,0.9010851608088509,0.8604081895854899
chat_preview,ui_text,chat_ui,1200,800,512,341,45,64,32,2,2281,3076,0.7415474642392718,5.08742,29.8114295725061,0.902638507841989,0.9526828150262077,0.9556662091275258,0.9268333373968776
chat_preview,ui_text,chat_ui,1200,800,512,341,45,64,32,3,2951,3076,0.9593628088426528,5.48996,31.2465531926191,0.9321404723589729,0.9740406014013399,0.9776730080217217,0.954116424154982
chat_preview,ui_text,chat_ui,1200,800,512,341,45,64,32,4,3076,3076,1.0,5.99325,31.272117022916454,0.9330914097479895,0.9742152403639189,0.9778447656063158,0.9544406089161968
chat_preview,ui_text,chat_ui,1200,800,512,341,45,64,64,0,1400,5697,0.245743373705459,5.33871,28.030294943103616,0.8521987546705847,0.9035613705273761,0.9039870901465338,0.8627021829699573
chat_preview,ui_text,chat_ui,1200,800,512,341,45,64,64,1,2733,5697,0.47972617166929965,5.61567,30.108556779540173,0.9121371694598396,0.9600762985252104,0.9615979074435276,0.9342083439415856
chat_preview,ui_text,chat_ui,1200,800,512,341,45,64,64,2,4387,5697,0.7700544146041777,6.48825,32.6691727962747,0.9547155946952155,0.9879515791657013,0.9901284846007021,0.9711253114296936
chat_preview,ui_text,chat_ui,1200,800,512,341,45,64,64,3,5697,5697,1.0,6.55708,33.61833003287899,0.96318488969507,0.9897313450020206,0.991966429170538,0.9762292934982202
chat_preview,ui_text,chat_ui,1200,800,512,341,46,64,32,0,950,3150,0.30158730158730157,5.54487,25.50294075246547,0.8165178716994806,0.7908487220736024,0.7902231661286523,0.639690411914634
chat_preview,ui_text,chat_ui,1200,800,512,341,46,64,32,1,1527,3150,0.4847619047619048,5.45562,27.973189012597153,0.8477055264620662,0.8997653830205969,0.9010851608088509,0.8604081895854899
chat_preview,ui_text,chat_ui,1200,800,512,341,46,64,32,2,2290,3150,0.726984126984127,4.76608,29.821167868124117,0.9027274003812101,0.9526371846525529,0.9556289915577353,0.9267483224089382
chat_preview,ui_text,chat_ui,1200,800,512,341,46,64,32,3,2999,3150,0.9520634920634921,5.99087,31.30928606440216,0.9328434029863097,0.974959123394301,0.9786559632253123,0.9551844393922777
chat_preview,ui_text,chat_ui,1200,800,512,341,46,64,32,4,3150,3150,1.0,5.74421,31.339422953713196,0.9338599232941353,0.9751361876317803,0.9788302336867409,0.9555340762243543
chat_preview,ui_text,chat_ui,1200,800,512,341,46,64,64,0,1400,5789,0.2418379685610641,4.59537,28.030294943103616,0.8521987546705847,0.9035613705273761,0.9039870901465338,0.8627021829699573
chat_preview,ui_text,chat_ui,1200,800,512,341,46,64,64,1,2733,5789,0.47210226291242013,4.86917,30.108556779540173,0.9121371694598396,0.9600762985252104,0.9615979074435276,0.9342083439415856
chat_preview,ui_text,chat_ui,1200,800,512,341,46,64,64,2,4406,5789,0.7610986353428917,5.55596,32.6845372681866,0.9548052161764321,0.987938345620848,0.9901206735703524,0.9711895162403648
chat_preview,ui_text,chat_ui,1200,800,512,341,46,64,64,3,5789,5789,1.0,6.42162,33.6828748345393,0.963744188984763,0.9898725497135891,0.9921214136875042,0.9765529467761255
chat_preview,ui_text,chat_ui,1200,800,512,341,47,64,32,0,956,3184,0.30025125628140703,5.26087,25.54926318841655,0.8170350127328604,0.7913141714403528,0.7909557533560079,0.6438332317384289
chat_preview,ui_text,chat_ui,1200,800,512,341,47,64,32,1,1547,3184,0.48586683417085424,4.91817,28.06002690026613,0.8490794749635843,0.8993578299188228,0.9007344307881051,0.861054961618593
chat_preview,ui_text,chat_ui,1200,800,512,341,47,64,32,2,2318,3184,0.7280150753768844,5.58467,29.983802207498314,0.9037301062024493,0.9533419517233259,0.9562682282736076,0.9279184442365178
chat_preview,ui_text,chat_ui,1200,800,512,341,47,64,32,3,3033,3184,0.9525753768844221,5.27033,31.56492256692488,0.934031177234219,0.9762047847994997,0.9798813059722741,0.9565761331518317
chat_preview,ui_text,chat_ui,1200,800,512,341,47,64,32,4,3184,3184,1.0,5.59879,31.598083542799852,0.9350555203393113,0.9763880300623473,0.9800618979321994,0.9569331666537396
chat_preview,ui_text,chat_ui,1200,800,512,341,47,64,64,0,1471,5938,0.24772650724149545,4.75221,28.09872621947445,0.8522619974127096,0.9026999518061394,0.9031369864823178,0.8630682410479458
chat_preview,ui_text,chat_ui,1200,800,512,341,47,64,64,1,2834,5938,0.4772650724149545,4.84337,30.270635457343758,0.913226313851972,0.9603082700411538,0.9617972020398,0.934800192813633
chat_preview,ui_text,chat_ui,1200,800,512,341,47,64,64,2,4547,5938,0.7657460424385315,5.61238,32.98128921082564,0.9558193507809115,0.9881711381555572,0.990343253566237,0.9715932356176162
chat_preview,ui_text,chat_ui,1200,800,512,341,47,64,64,3,5938,5938,1.0,6.76079,34.10133368860978,0.9649853870771349,0.9900601809539902,0.9922886893014861,0.9770051798522514
chat_preview,ui_text,chat_ui,1200,800,512,341,48,64,32,0,996,3324,0.2996389891696751,4.952,25.54926318841655,0.8170350127328604,0.7913141714403528,0.7909557533560079,0.6438332317384289
chat_preview,ui_text,chat_ui,1200,800,512,341,48,64,32,1,1587,3324,0.47743682310469315,4.85496,28.059398486198145,0.8491108128589623,0.8993695342790159,0.9007467274855411,0.8609623335811979
chat_preview,ui_text,chat_ui,1200,800,512,341,48,64,32,2,2372,3324,0.7135980746089049,5.04058,29.989573376915253,0.9038784350165106,0.9533423736291935,0.9562794599582876,0.9281275205323776
chat_preview,ui_text,chat_ui,1200,800,512,341,48,64,32,3,3138,3324,0.944043321299639,5.4425,31.615918280960322,0.9350268958617823,0.9767417854425121,0.9804579775649953,0.9574012167976056
chat_preview,ui_text,chat_ui,1200,800,512,341,48,64,32,4,3324,3324,1.0,6.09,31.654581466879833,0.9361880530606056,0.976962446519734,0.9806756896966232,0.9578212970598985
chat_preview,ui_text,chat_ui,1200,800,512,341,48,64,64,0,1471,6052,0.2430601454064772,4.96883,28.09872621947445,0.8522619974127096,0.9026999518061394,0.9031369864823178,0.8630682410479458
chat_preview,ui_text,chat_ui,1200,800,512,341,48,64,64,1,2835,6052,0.46844018506278917,5.16567,30.270254391562915,0.9132343164926985,0.9603092697140173,0.9618001158037921,0.9347945690149781
chat_preview,ui_text,chat_ui,1200,800,512,341,48,64,64,2,4598,6052,0.7597488433575678,5.97883,32.99329922205738,0.9561311307783557,0.9885569045967051,0.9907878288181642,0.9718441747044217
chat_preview,ui_text,chat_ui,1200,800,512,341,48,64,64,3,6052,6052,1.0,7.02925,34.162795197577694,0.9655383340242553,0.9904394655511747,0.9927393574730858,0.9773979796835789
chat_preview,ui_text,chat_ui,1200,800,512,341,49,64,32,0,996,3360,0.29642857142857143,5.25387,25.57804714178152,0.8171227360213335,0.7912705383863892,0.790940808457291,0.6448202258359091
chat_preview,ui_text,chat_ui,1200,800,512,341,49,64,32,1,1591,3360,0.47351190476190474,5.56308,28.11675309978363,0.8493571371887899,0.899529440901984,0.9007827178766225,0.8621834260428913
chat_preview,ui_text,chat_ui,1200,800,512,341,49,64,32,2,2388,3360,0.7107142857142857,4.92687,30.08746232657719,0.9041702120287646,0.9535561548130388,0.9563098827433644,0.9293767243961126
chat_preview,ui_text,chat_ui,1200,800,512,341,49,64,32,3,3172,3360,0.944047619047619,5.9575,31.78783977750662,0.9356603901526764,0.9770571149164181,0.9805621799907919,0.9589295504759249
chat_preview,ui_text,chat_ui,1200,800,512,341,49,64,32,4,3360,3360,1.0,5.69175,31.835397819112373,0.9370284821270687,0.9773139142876017,0.9808163698142747,0.9594194605237931
chat_preview,ui_text,chat_ui,1200,800,512,341,49,64,64,0,1477,6095,0.24232977850697293,4.91975,28.154927589265895,0.8525938096555955,0.9028937902188253,0.9031296960565083,0.8641359066716849
chat_preview,ui_text,chat_ui,1200,800,512,341,49,64,64,1,2845,6095,0.4667760459392945,4.95092,30.36427969766132,0.913606801058806,0.9604801803404168,0.9618219888641659,0.9358234314233265
chat_preview,ui_text,chat_ui,1200,800,512,341,49,64,64,2,4636,6095,0.7606234618539787,5.94896,33.18741774672471,0.956579518713724,0.9887708112874147,0.9908202190248224,0.9729753679611507
chat_preview,ui_text,chat_ui,1200,800,512,341,49,64,64,3,6095,6095,1.0,6.90033,34.461650721886,0.9662495223678923,0.9906927946705976,0.9928103339821274,0.9786645004499944
chat_preview,ui_text,chat_ui,1200,800,512,341,50,64,32,0,996,3398,0.29311359623307826,5.31112,25.57804714178152,0.8171227360213335,0.7912705383863892,0.790940808457291,0.6448202258359091
chat_preview,ui_text,chat_ui,1200,800,512,341,50,64,32,1,1597,3398,0.46998234255444377,5.27708,28.11016557803301,0.8494275474268568,0.8996128029317566,0.9007766011204318,0.8617893957496867
chat_preview,ui_text,chat_ui,1200,800,512,341,50,64,32,2,2395,3398,0.7048263684520306,5.83975,30.08881032635221,0.9044344199550748,0.9537594004248144,0.9565038550099378,0.9293509314169144
chat_preview,ui_text,chat_ui,1200,800,512,341,50,64,32,3,3207,3398,0.9437904649793997,5.34296,31.81562764080926,0.9361875359378904,0.9773014407133861,0.980825562676779,0.9591979344854596
chat_preview,ui_text,chat_ui,1200,800,512,341,50,64,32,4,3398,3398,1.0,6.20712,31.865686634911356,0.9375787923269187,0.977564969302978,0.9810867939040124,0.9596977057710031
chat_preview,ui_text,chat_ui,1200,800,512,341,50,64,64,0,1477,6194,0.23845657087504035,5.1365,28.154927589265895,0.8525938096555955,0.9028937902188253,0.9031296960565083,0.8641359066716849
chat_preview,ui_text,chat_ui,1200,800,512,341,50,64,64,1,2861,6194,0.4618986115595738,5.4565,30.367923841641193,0.9136051288796686,0.9605417241055706,0.9618724594257362,0.9358932940172026
chat_preview,ui_text,chat_ui,1200,800,512,341,50,64,64,2,4657,6194,0.7518566354536649,6.26858,33.19906564106348,0.9566717696912361,0.9888426188563736,0.9908789232781774,0.9730794733166485
chat_preview,ui_text,chat_ui,1200,800,512,341,50,64,64,3,6194,6194,1.0,7.05567,34.5280573234967,0.9666838254765389,0.9908955512874403,0.9930112002357585,0.9790045700216349
chat_preview,ui_text,chat_ui,1200,800,512,341,51,64,32,0,1016,3485,0.29153515064562413,5.46521,25.57804714178152,0.8171227360213335,0.7912705383863892,0.790940808457291,0.6448202258359091
chat_preview,ui_text,chat_ui,1200,800,512,341,51,64,32,1,1625,3485,0.46628407460545196,5.66233,28.113765897210126,0.849632304186149,0.8996615514369646,0.9006968238088117,0.862323777270774
chat_preview,ui_text,chat_ui,1200,800,512,341,51,64,32,2,2433,3485,0.6981348637015782,5.53646,30.11020613740124,0.9046499225149752,0.9539245105173532,0.9566602121553681,0.9302169982383836
chat_preview,ui_text,chat_ui,1200,800,512,341,51,64,32,3,3281,3485,0.9414634146341463,6.02517,31.859553287980795,0.9367233176001744,0.9774785872611106,0.9809884758575639,0.9598425351815372
chat_preview,ui_text,chat_ui,1200,800,512,341,51,64,32,4,3485,3485,1.0,6.80879,31.91076813657776,0.9381877426278331,0.9777482230844705,0.9812553482549091,0.9603493419128333
chat_preview,ui_text,chat_ui,1200,800,512,341,51,64,64,0,1477,6229,0.23711671215283353,4.691,28.154927589265895,0.8525938096555955,0.9028937902188253,0.9031296960565083,0.8641359066716849
chat_preview,ui_text,chat_ui,1200,800,512,341,51,64,64,1,2872,6229,0.4610691924867555,5.38962,30.3697249844997,0.9136220644315207,0.9605685804358566,0.9618879119098753,0.9360034434283724
chat_preview,ui_text,chat_ui,1200,800,512,341,51,64,64,2,4685,6229,0.7521271472146412,6.20746,33.22003483496744,0.9569901704745115,0.9888931796158751,0.9908869528119012,0.9732711754756452
chat_preview,ui_text,chat_ui,1200,800,512,341,51,64,64,3,6229,6229,1.0,6.5125,34.608550601710654,0.9672440696982786,0.9910212583701181,0.9931002999426943,0.9793477291120504
chat_preview,ui_text,chat_ui,1200,800,512,341,52,64,32,0,1016,3528,0.28798185941043086,5.23963,25.57804714178152,0.8171227360213335,0.7912705383863892,0.790940808457291,0.6448202258359091
chat_preview,ui_text,chat_ui,1200,800,512,341,52,64,32,1,1625,3528,0.4606009070294785,5.68987,28.112787711981497,0.8496306961332362,0.899636399402731,0.900701724925839,0.8622374248178625
chat_preview,ui_text,chat_ui,1200,800,512,341,52,64,32,2,2444,3528,0.6927437641723356,5.12325,30.11245057339087,0.9045033816273809,0.9538613776553672,0.9565925313219309,0.9302838408886179
chat_preview,ui_text,chat_ui,1200,800,512,341,52,64,32,3,3322,3528,0.941609977324263,5.80496,31.887183617731985,0.9371435876158202,0.9776906855381271,0.9812401508422365,0.9601159636548382
chat_preview,ui_text,chat_ui,1200,800,512,341,52,64,32,4,3528,3528,1.0,6.62208,31.94668784376821,0.9387980735145546,0.9780043406157279,0.9815494235442707,0.9606972275857072
chat_preview,ui_text,chat_ui,1200,800,512,341,52,64,64,0,1477,6330,0.23333333333333334,4.74892,28.154927589265895,0.8525938096555955,0.9028937902188253,0.9031296960565083,0.8641359066716849
chat_preview,ui_text,chat_ui,1200,800,512,341,52,64,64,1,2876,6330,0.45434439178515007,5.04921,30.37156298953509,0.9136634090138142,0.9605777678448609,0.9618974621174805,0.9360169076222572
chat_preview,ui_text,chat_ui,1200,800,512,341,52,64,64,2,4705,6330,0.7432859399684044,6.45104,33.23097742535358,0.9571322534238423,0.9889350651434579,0.9909148607302967,0.9733440895348174
chat_preview,ui_text,chat_ui,1200,800,512,341,52,64,64,3,6330,6330,1.0,6.274,34.67346456028797,0.9677469228193781,0.9911384053546265,0.9932175451114836,0.979574703720586
chat_preview,ui_text,chat_ui,1200,800,512,341,53,64,32,0,1016,3654,0.27805145046524354,4.95,25.57804714178152,0.8171227360213335,0.7912705383863892,0.790940808457291,0.6448202258359091
chat_preview,ui_text,chat_ui,1200,800,512,341,53,64,32,1,1644,3654,0.44991789819376027,4.92762,28.135575727828034,0.8496990629910655,0.9021287245848776,0.9032684971277714,0.8636786788046644
chat_preview,ui_text,chat_ui,1200,800,512,341,53,64,32,2,2472,3654,0.6765188834154351,5.16083,30.135105234662166,0.904937094161984,0.9544287848461437,0.9571884059235815,0.9308770871538625
chat_preview,ui_text,chat_ui,1200,800,512,341,53,64,32,3,3358,3654,0.9189928845101258,5.74592,31.95804949693195,0.9379251912019967,0.9779896418766721,0.9815928086148592,0.9608960210320348
chat_preview,ui_text,chat_ui,1200,800,512,341,53,64,32,4,3654,3654,1.0,5.82971,32.027552794883164,0.9398207494766622,0.9783872359844201,0.981988038555423,0.9616085356284495
chat_preview,ui_text,chat_ui,1200,800,512,341,53,64,64,0,1477,6420,0.23006230529595015,4.84442,28.154927589265895,0.8525938096555955,0.9028937902188253,0.9031296960565083,0.8641359066716849
chat_preview,ui_text,chat_ui,1200,800,512,341,53,64,64,1,2939,6420,0.4577881619937695,11.8943,30.38260877769156,0.914407624495873,0.9615119427213386,0.9628798589739486,0.936716408095661
chat_preview,ui_text,chat_ui,1200,800,512,341,53,64,64,2,4787,6420,0.7456386292834891,5.79583,33.25859622701329,0.9577189291450168,0.9890866329252831,0.9910719271475253,0.9736432577694949
chat_preview,ui_text,chat_ui,1200,800,512,341,53,64,64,3,6420,6420,1.0,6.27787,34.75916533744189,0.9685629914497801,0.9912781354041046,0.9933695686032371,0.9799867882618327
chat_preview,ui_text,chat_ui,1200,800,512,341,54,64,32,0,1026,3702,0.2771474878444084,5.11754,25.606602655913733,0.817199751783992,0.7915260397538434,0.7908674423924058,0.6475888216443264
chat_preview,ui_text,chat_ui,1200,800,512,341,54,64,32,1,1655,3702,0.4470556455969746,5.13017,28.181260050905358,0.8499568001149589,0.9024112947749181,0.903106547451878,0.867119974078454
chat_preview,ui_text,chat_ui,1200,800,512,341,54,64,32,2,2494,3702,0.6736898973527823,5.1785,30.229308697923027,0.9057382346269277,0.9552346214033793,0.9572336426320956,0.9353067372096228
chat_preview,ui_text,chat_ui,1200,800,512,341,54,64,32,3,3398,3702,0.917882225823879,5.52412,32.12528783373732,0.9386817250117963,0.9785387627333537,0.9813935985994535,0.965524211026726
chat_preview,ui_text,chat_ui,1200,800,512,341,54,64,32,4,3702,3702,1.0,6.04875,32.2026889222824,0.9407211408940572,0.9789453868613487,0.9817989634510896,0.9662836587019795
chat_preview,ui_text,chat_ui,1200,800,512,341,54,64,64,0,1475,6483,0.2275181243251581,4.87208,28.21057507753143,0.8527775291635322,0.9031217354662705,0.9030016699307035,0.8684428075542976
chat_preview,ui_text,chat_ui,1200,800,512,341,54,64,64,1,2938,6483,0.45318525374055224,5.7595,30.473583164480566,0.9147131702114653,0.9618086548631325,0.9627290308569305,0.9411889653482559
chat_preview,ui_text,chat_ui,1200,800,512,341,54,64,64,2,4834,6483,0.745642449483264,5.7745,33.454051817860766,0.9582093799480372,0.9895506428484455,0.9910834858272866,0.9784293422594059
chat_preview,ui_text,chat_ui,1200,800,512,341,54,64,64,3,6483,6483,1.0,6.90467,35.04252227976438,0.969068608758462,0.9916881266241037,0.9933260882124838,0.9847138416909845
chat_preview,ui_text,chat_ui,1200,800,512,341,55,64,32,0,1026,3753,0.2733812949640288,4.70971,25.606602655913733,0.817199751783992,0.7915260397538434,0.7908674423924058,0.6475888216443264
chat_preview,ui_text,chat_ui,1200,800,512,341,55,64,32,1,1656,3753,0.4412470023980815,4.8475,28.183139397816724,0.849973990848401,0.9024785530681116,0.9030850259774323,0.8673170681208223
chat_preview,ui_text,chat_ui,1200,800,512,341,55,64,32,2,2507,3753,0.6679989341859845,5.68896,30.23226886660222,0.9057743715270208,0.9552998743448192,0.9572682208253515,0.9354207798670418
chat_preview,ui_text,chat_ui,1200,800,512,341,55,64,32,3,3444,3753,0.9176658673061551,5.61533,32.16251707760301,0.9390870144691946,0.9787689358846334,0.981574591319354,0.965980275606773
chat_preview,ui_text,chat_ui,1200,800,512,341,55,64,32,4,3753,3753,1.0,6.06354,32.2498196714372,0.9412483060385125,0.979186922147984,0.9819911130947259,0.9667883655721901
chat_preview,ui_text,chat_ui,1200,800,512,341,55,64,64,0,1475,6609,0.223180511423816,5.53475,28.21057507753143,0.8527775291635322,0.9031217354662705,0.9030016699307035,0.8684428075542976
chat_preview,ui_text,chat_ui,1200,800,512,341,55,64,64,1,2941,6609,0.4449992434558935,5.62825,30.47458369605748,0.9147349173355169,0.9618213619139805,0.9627296610900512,0.9412128809569793
chat_preview,ui_text,chat_ui,1200,800,512,341,55,64,64,2,4875,6609,0.7376305038583749,6.00737,33.471243811448964,0.9582726740542822,0.9895894191933826,0.9910902490047547,0.9785736166628282
chat_preview,ui_text,chat_ui,1200,800,512,341,55,64,64,3,6609,6609,1.0,7.0575,35.12319096400242,0.9694888218295011,0.9918380868422956,0.9934441668929762,0.9850626037539041
chat_preview,ui_text,chat_ui,1200,800,512,341,56,64,32,0,1046,3926,0.26642893530310746,4.68837,25.606602655913733,0.817199751783992,0.7915260397538434,0.7908674423924058,0.6475888216443264
chat_preview,ui_text,chat_ui,1200,800,512,341,56,64,32,1,1679,3926,0.4276617422312787,4.87567,28.180241135338683,0.8501121444306984,0.9025303228364638,0.9030809871603053,0.8670532912566739
chat_preview,ui_text,chat_ui,1200,800,512,341,56,64,32,2,2536,3926,0.6459500764136525,6.08346,30.235337263920957,0.9061478606772909,0.9553513792643304,0.9571850609135467,0.9352680532531429
chat_preview,ui_text,chat_ui,1200,800,512,341,56,64,32,3,3485,3926,0.8876719307182883,6.0275,32.20020684105797,0.9398312515849806,0.978960813399477,0.9816593995264835,0.9661584481659357
chat_preview,ui_text,chat_ui,1200,800,512,341,56,64,32,4,3926,3926,1.0,6.61433,32.29799691728032,0.9421502822780697,0.9794298591028187,0.9821274433944375,0.9670623322042887
chat_preview,ui_text,chat_ui,1200,800,512,341,56,64,64,0,1475,6648,0.22187123947051746,5.8195,28.21057507753143,0.8527775291635322,0.9031217354662705,0.9030016699307035,0.8684428075542976
chat_preview,ui_text,chat_ui,1200,800,512,341,56,64,64,1,2956,6648,0.4446450060168472,5.70771,30.477942673336536,0.9148552073809121,0.961879830818502,0.9627557431390904,0.9412942852644595
chat_preview,ui_text,chat_ui,1200,800,512,341,56,64,64,2,4901,6648,0.7372141997593261,6.43542,33.49218533486406,0.9585544734609804,0.9896691160456469,0.9911250339117568,0.978631676738105
chat_preview,ui_text,chat_ui,1200,800,512,341,56,64,64,3,6648,6648,1.0,7.07612,35.21709711361736,0.9700802184777989,0.992040580228859,0.9935983569805783,0.985357022891231
chat_preview,ui_text,chat_ui,1200,800,512,341,57,64,32,0,1046,3973,0.2632771205638057,5.02117,25.606602655913733,0.817199751783992,0.7915260397538434,0.7908674423924058,0.6475888216443264
chat_preview,ui_text,chat_ui,1200,800,512,341,57,64,32,1,1686,3973,0.42436446010571355,4.96608,28.18431999552853,0.8500643185943365,0.9025413572011587,0.9031152670478931,0.867484691782387
chat_preview,ui_text,chat_ui,1200,800,512,341,57,64,32,2,2560,3973,0.6443493581676315,5.94204,30.245327859402693,0.9062339163691132,0.9554506440050287,0.9573262383750689,0.9356639170264017
chat_preview,ui_text,chat_ui,1200,800,512,341,57,64,32,3,3530,3973,0.8884973571608357,5.62662,32.23504434775257,0.9403769201464289,0.9794280414362561,0.9821704398378136,0.9667233692931994
chat_preview,ui_text,chat_ui,1200,800,512,341,57,64,32,4,3973,3973,1.0,6.10004,32.34544915584336,0.9427363891689988,0.9798943697875169,0.9826366532243709,0.9676710212020343
chat_preview,ui_text,chat_ui,1200,800,512,341,57,64,64,0,1475,6757,0.21829214148290663,5.12617,28.21057507753143,0.8527775291635322,0.9031217354662705,0.9030016699307035,0.8684428075542976
chat_preview,ui_text,chat_ui,1200,800,512,341,57,64,64,1,2972,6757,0.43984016575403284,5.11571,30.478898932882288,0.9149294735422794,0.9618818745887818,0.9627750690704462,0.9413264254705566
chat_preview,ui_text,chat_ui,1200,800,512,341,57,64,64,2,4941,6757,0.7312416752996892,5.65546,33.50881178307035,0.9587847101801773,0.9897321093575552,0.991195629948933,0.9787452288378864
chat_preview,ui_text,chat_ui,1200,800,512,341,57,64,64,3,6757,6757,1.0,6.90525,35.295718137436516,0.9706695286119859,0.9922025699016462,0.9937780960438415,0.9856635070698748
chat_preview,ui_text,chat_ui,1200,800,512,341,58,64,32,0,1046,3988,0.2622868605817452,15.0485,25.606602655913733,0.817199751783992,0.7915260397538434,0.7908674423924058,0.6475888216443264
chat_preview,ui_text,chat_ui,1200,800,512,341,58,64,32,1,1686,3988,0.4227683049147442,4.89687,28.18431999552853,0.8500643185943365,0.9025413572011587,0.9031152670478931,0.867484691782387
chat_preview,ui_text,chat_ui,1200,800,512,341,58,64,32,2,2564,3988,0.6429287863590772,5.31871,30.246112111988566,0.9062242781057636,0.9554501897803768,0.9573293522340999,0.9356475700198637
chat_preview,ui_text,chat_ui,1200,800,512,341,58,64,32,3,3541,3988,0.8879137412236711,6.11379,32.25829324286329,0.9406172855379978,0.9794407533450941,0.982173091386065,0.9668562864030195
chat_preview,ui_text,chat_ui,1200,800,512,341,58,64,32,4,3988,3988,1.0,6.97517,32.373352982633435,0.9430366537611697,0.9799110802146888,0.9826434754111866,0.9678225959764827
chat_preview,ui_text,chat_ui,1200,800,512,341,58,64,64,0,1475,6772,0.21780862374483165,5.53362,28.21057507753143,0.8527775291635322,0.9031217354662705,0.9030016699307035,0.8684428075542976
chat_preview,ui_text,chat_ui,1200,800,512,341,58,64,64,1,2972,6772,0.4388659184878913,5.192,30.478898932882288,0.9149294735422794,0.9618818745887818,0.9627750690704462,0.9413264254705566
chat_preview,ui_text,chat_ui,1200,800,512,341,58,64,64,2,4944,6772,0.7300649734199646,6.30054,33.509830234808284,0.958794195152675,0.9897299273133199,0.9911944543946827,0.9787399554857269
chat_preview,ui_text,chat_ui,1200,800,512,341,58,64,64,3,6772,6772,1.0,7.12725,35.36269721071453,0.971059494650144,0.9922153739227602,0.9937878184346993,0.9857878408209544
chat_preview,ui_text,chat_ui,1200,800,512,341,59,64,32,0,1065,4071,0.26160648489314664,5.36817,25.63068175630882,0.8178187049286686,0.7910888234532306,0.7901863229917873,0.6421033449531863
chat_preview,ui_text,chat_ui,1200,800,512,341,59,64,32,1,1713,4071,0.42078113485630064,5.54546,28.237418281071875,0.8509924380165647,0.9019161047669867,0.9023822654844317,0.8665538423133895
chat_preview,ui_text,chat_ui,1200,800,512,341,59,64,32,2,2624,4071,0.6445590763940063,5.47325,30.357202280531585,0.9075939283117315,0.9572330851915293,0.9591035190570205,0.9368574762286354
chat_preview,ui_text,chat_ui,1200,800,512,341,59,64,32,3,3619,4071,0.8889707688528617,6.21808,32.44089276482996,0.9424526733066259,0.9808244882648568,0.9835531993338125,0.9683641882275718
chat_preview,ui_text,chat_ui,1200,800,512,341,59,64,32,4,4071,4071,1.0,6.61933,32.566668588805705,0.9449347506163067,0.981295100348948,0.9840248011314823,0.9693699521677758
chat_preview,ui_text,chat_ui,1200,800,512,341,59,64,64,0,1539,7019,0.21926200313434963,5.40554,28.2789895018226,0.8535031073567936,0.9033714127228659,0.9033037820036601,0.8682873255087187
chat_preview,ui_text,chat_ui,1200,800,512,341,59,64,64,1,3053,7019,0.43496224533409317,5.48121,30.591955630732595,0.9156464843737538,0.9621539260118986,0.9630561385281782,0.9419857142557305
chat_preview,ui_text,chat_ui,1200,800,512,341,59,64,64,2,5105,7019,0.7273115828465594,6.05525,33.767740710642606,0.960280038284322,0.9908067246523026,0.9922733697275857,0.980398461306073
chat_preview,ui_text,chat_ui,1200,800,512,341,59,64,64,3,7019,7019,1.0,7.02492,35.849598566263566,0.9728750858576433,0.9932491371329721,0.9948336820728194,0.9876608907403995
chat_preview,ui_text,chat_ui,1200,800,512,341,60,64,32,0,1065,4098,0.25988286969253294,4.74512,25.63068175630882,0.8178187049286686,0.7910888234532306,0.7901863229917873,0.6421033449531863
chat_preview,ui_text,chat_ui,1200,800,512,341,60,64,32,1,1718,4098,0.4192288921425085,5.2475,28.23254029620547,0.8509712393637608,0.9017019925738623,0.9021686284303873,0.8662860607289646
chat_preview,ui_text,chat_ui,1200,800,512,341,60,64,32,2,2637,4098,0.6434846266471449,5.38329,30.355878943981978,0.9076266517258998,0.9572553081940106,0.9591281104607653,0.9368033576648319
chat_preview,ui_text,chat_ui,1200,800,512,341,60,64,32,3,3638,4098,0.887750122010737,5.35992,32.482379990649,0.9427428603797657,0.9810043062585799,0.983733005444909,0.9685951456603461
chat_preview,ui_text,chat_ui,1200,800,512,341,60,64,32,4,4098,4098,1.0,6.08429,32.61719520797511,0.9453162863543532,0.9814881096301292,0.9842175354167525,0.9696455521571586
chat_preview,ui_text,chat_ui,1200,800,512,341,60,64,64,0,1539,7064,0.2178652321630804,4.91292,28.2789895018226,0.8535031073567936,0.9033714127228659,0.9033037820036601,0.8682873255087187
chat_preview,ui_text,chat_ui,1200,800,512,341,60,64,64,1,3058,7064,0.4328992072480181,5.31363,30.59519650405432,0.9156889433678955,0.9621603337601846,0.9630661645873692,0.9420122058564916
chat_preview,ui_text,chat_ui,1200,800,512,341,60,64,64,2,5135,7064,0.7269252548131371,5.67129,33.77307497036178,0.9602742284905833,0.9908109660843403,0.9922746472260969,0.9804180630152329
chat_preview,ui_text,chat_ui,1200,800,512,341,60,64,64,3,7064,7064,1.0,6.88737,35.92487264955311,0.9731199318389233,0.9932647414136224,0.9948493446700734,0.9877912572983291
chat_preview,ui_text,chat_ui,1200,800,512,341,61,64,32,0,1065,4161,0.25594808940158614,4.74092,25.63068175630882,0.8178187049286686,0.7910888234532306,0.7901863229917873,0.6421033449531863
chat_preview,ui_text,chat_ui,1200,800,512,341,61,64,32,1,1722,4161,0.4138428262436914,4.72063,28.239425726142123,0.8510298429146163,0.9017686244848001,0.9021380574933664,0.8665634577753485
chat_preview,ui_text,chat_ui,1200,800,512,341,61,64,32,2,2659,4161,0.6390290795481856,5.14983,30.365609203422956,0.9077902832385728,0.9572712426119004,0.9591215221862309,0.9369208466694825
chat_preview,ui_text,chat_ui,1200,800,512,341,61,64,32,3,3689,4161,0.8865657293919731,5.74092,32.526260996758786,0.9436271128698387,0.9816363190009931,0.9843768285960004,0.9691978007381123
chat_preview,ui_text,chat_ui,1200,800,512,341,61,64,32,4,4161,4161,1.0,6.30638,32.68241029493769,0.9463727277127688,0.9821608228066415,0.9849032568931114,0.9703741597113624
chat_preview,ui_text,chat_ui,1200,800,512,341,61,64,64,0,1539,7201,0.21372031662269128,4.79542,28.2789895018226,0.8535031073567936,0.9033714127228659,0.9033037820036601,0.8682873255087187
chat_preview,ui_text,chat_ui,1200,800,512,341,61,64,64,1,3076,7201,0.4271628940424941,4.82296,30.594389166070467,0.9157241726154278,0.9621633663109005,0.9630649254278558,0.9420049160252534
chat_preview,ui_text,chat_ui,1200,800,512,341,61,64,64,2,5189,7201,0.7205943618941814,6.10658,33.80198541488683,0.9606091123196322,0.9908309063546223,0.9922554070847749,0.9805352658308185
chat_preview,ui_text,chat_ui,1200,800,512,341,61,64,64,3,7201,7201,1.0,7.24729,36.03840090138538,0.9737093914513123,0.9934083635785441,0.9949757660105943,0.9881067607029116
chat_preview,ui_text,chat_ui,1200,800,512,341,62,64,32,0,1085,4210,0.25771971496437057,5.23687,25.63068175630882,0.8178187049286686,0.7910888234532306,0.7901863229917873,0.6421033449531863
chat_preview,ui_text,chat_ui,1200,800,512,341,62,64,32,1,1742,4210,0.4137767220902613,4.91637,28.239425726142123,0.8510298429146163,0.9017686244848001,0.9021380574933664,0.8665634577753485
chat_preview,ui_text,chat_ui,1200,800,512,341,62,64,32,2,2680,4210,0.6365795724465558,5.48362,30.365951839714604,0.9079061107888716,0.9573102541764728,0.9591544146760996,0.9369006177705539
chat_preview,ui_text,chat_ui,1200,800,512,341,62,64,32,3,3738,4210,0.8878859857482185,5.59638,32.5627268843872,0.9440317966210406,0.9817657617056584,0.9845006818324993,0.9694308174246525
chat_preview,ui_text,chat_ui,1200,800,512,341,62,64,32,4,4210,4210,1.0,6.28238,32.733056596501925,0.9468592062499184,0.9823038874250422,0.9850408743881987,0.9706560157294553
chat_preview,ui_text,chat_ui,1200,800,512,341,62,64,64,0,1539,7216,0.21327605321507762,4.88429,28.2789895018226,0.8535031073567936,0.9033714127228659,0.9033037820036601,0.8682873255087187
chat_preview,ui_text,chat_ui,1200,800,512,341,62,64,64,1,3076,7216,0.4262749445676275,5.00113,30.594389166070467,0.9157241726154278,0.9621633663109005,0.9630649254278558,0.9420049160252534
chat_preview,ui_text,chat_ui,1200,800,512,341,62,64,64,2,5195,7216,0.7199279379157428,6.073,33.798524427546084,0.960645842605793,0.9908275813338204,0.9922531536100935,0.9805053438451636
chat_preview,ui_text,chat_ui,1200,800,512,341,62,64,64,3,7216,7216,1.0,6.98458,36.127752100717885,0.9741435203679689,0.9934662562135294,0.9950254939491433,0.9882876341064014
chat_preview,ui_text,chat_ui,1200,800,512,341,63,64,32,0,1086,4280,0.25373831775700934,4.74708,25.631182593175154,0.8179284736591533,0.7915610610346895,0.7903418807700863,0.6436969060439152
chat_preview,ui_text,chat_ui,1200,800,512,341,63,64,32,1,1752,4280,0.4093457943925234,5.23117,28.233477827253417,0.8513310661015989,0.9023532778073123,0.9025138077875869,0.8674467191391477
chat_preview,ui_text,chat_ui,1200,800,512,341,63,64,32,2,2707,4280,0.6324766355140187,5.01138,30.359546655643733,0.9083716254309046,0.9576863782029942,0.9591739070543792,0.9374240509739049
chat_preview,ui_text,chat_ui,1200,800,512,341,63,64,32,3,3789,4280,0.8852803738317757,5.83892,32.5903206160175,0.9448618062551571,0.9821381667237344,0.9844722712436851,0.9701007768415888
chat_preview,ui_text,chat_ui,1200,800,512,341,63,64,32,4,4280,4280,1.0,6.45633,32.76409403229934,0.9477279725921502,0.9826540299253107,0.9849840850804852,0.9713053712208701
chat_preview,ui_text,chat_ui,1200,800,512,341,63,64,64,0,1545,7367,0.20971901723903896,4.66133,28.279440973720995,0.8535666570846535,0.9036011476545549,0.9033229396767829,0.8692037668916696
chat_preview,ui_text,chat_ui,1200,800,512,341,63,64,64,1,3107,7367,0.4217456223700285,5.27208,30.584681431965496,0.9157115443626539,0.9622241544373953,0.9629062105334828,0.9424046416821086
chat_preview,ui_text,chat_ui,1200,800,512,341,63,64,64,2,5258,7367,0.7137233609338944,5.59375,33.782053300928645,0.960761187650245,0.9909749874893309,0.9922325212115447,0.9808537594640964
chat_preview,ui_text,chat_ui,1200,800,512,341,63,64,64,3,7367,7367,1.0,8.82621,36.17210876168827,0.9746630047714827,0.9936836280164975,0.9950781060982482,0.988784644939126
chat_preview,ui_text,chat_ui,1200,800,512,341,64,64,32,0,1086,4338,0.2503457814661134,4.77112,25.631182593175154,0.8179284736591533,0.7915610610346895,0.7903418807700863,0.6436969060439152
chat_preview,ui_text,chat_ui,1200,800,512,341,64,64,32,1,1752,4338,0.40387275242047027,5.56129,28.23177269692581,0.8513599232408624,0.9023429447482343,0.9025172851955354,0.86730773447278
chat_preview,ui_text,chat_ui,1200,800,512,341,64,64,32,2,2742,4338,0.632088520055325,4.93754,30.382327625486,0.9091352942212767,0.9575712741198975,0.9590610843150918,0.9376558515648432
chat_preview,ui_text,chat_ui,1200,800,512,341,64,64,32,3,3829,4338,0.8826648224988474,5.53346,32.6714336444577,0.9459767357505476,0.9826794176747432,0.9850430677418655,0.970845564155292
chat_preview,ui_text,chat_ui,1200,800,512,341,64,64,32,4,4338,4338,1.0,6.84737,32.864714579924566,0.9488927472415289,0.9832414030008435,0.9855962680520759,0.9721473650180769
chat_preview,ui_text,chat_ui,1200,800,512,341,64,64,64,0,1545,7428,0.2079967689822294,4.80037,28.279440973720995,0.8535666570846535,0.9036011476545549,0.9033229396767829,0.8692037668916696
chat_preview,ui_text,chat_ui,1200,800,512,341,64,64,64,1,3107,7428,0.41828217555196556,5.37025,30.583860876396542,0.9156997370818362,0.9622150417329601,0.9629049166166381,0.942386669618099
chat_preview,ui_text,chat_ui,1200,800,512,341,64,64,64,2,5317,7428,0.7158050619278407,6.45258,33.817638307284405,0.9609352547770506,0.9910716426822198,0.9923331789275786,0.9810544291259915
chat_preview,ui_text,chat_ui,1200,800,512,341,64,64,64,3,7428,7428,1.0,6.86637,36.30525052820913,0.9751827415057956,0.993818523557417,0.9952157271361312,0.9891038036827849
chat_preview,ui_text,chat_ui,1200,800,512,341,65,64,32,0,1086,4434,0.2449255751014885,5.06633,25.631182593175154,0.8179284736591533,0.7915610610346895,0.7903418807700863,0.6436969060439152
chat_preview,ui_text,chat_ui,1200,800,512,341,65,64,32,1,1787,4434,0.40302210193955795,5.08271,28.224118897498883,0.8507547376036819,0.9013607800449922,0.90162525020823,0.8675623486456828
chat_preview,ui_text,chat_ui,1200,800,512,341,65,64,32,2,2788,4434,0.6287776274244474,5.77421,30.36639911091622,0.9086140518064051,0.9568812567004142,0.958470343363377,0.9376908683276473
chat_preview,ui_text,chat_ui,1200,800,512,341,65,64,32,3,3919,4434,0.8838520523229589,5.95725,32.69219656181911,0.9460060533389862,0.9822792560878347,0.984691698291494,0.9712973548905643
chat_preview,ui_text,chat_ui,1200,800,512,341,65,64,32,4,4434,4434,1.0,6.72621,32.903978476301695,0.9489706789741231,0.9828798957461983,0.985281492180015,0.972676512949763
chat_preview,ui_text,chat_ui,1200,800,512,341,65,64,64,0,1545,7632,0.202437106918239,4.71492,28.279440973720995,0.8535666570846535,0.9036011476545549,0.9033229396767829,0.8692037668916696
chat_preview,ui_text,chat_ui,1200,800,512,341,65,64,64,1,3223,7632,0.42230083857442346,5.41412,30.591338839160226,0.9165163488155365,0.9635497057877918,0.9642258487389481,0.9429558010268083
chat_preview,ui_text,chat_ui,1200,800,512,341,65,64,64,2,5446,7632,0.7135744234800838,5.65075,33.8212845487713,0.9615780811188217,0.9915585052037098,0.992801824924201,0.9813000365268766
chat_preview,ui_text,chat_ui,1200,800,512,341,65,64,64,3,7632,7632,1.0,6.94954,36.37185657373771,0.97622438202513,0.994329447850118,0.9957168317298746,0.9894787854141711
chat_preview,ui_text,chat_ui,1200,800,512,341,66,64,32,0,1086,4493,0.24170932561762742,4.81246,25.631182593175154,0.8179284736591533,0.7915610610346895,0.7903418807700863,0.6436969060439152
chat_preview,ui_text,chat_ui,1200,800,512,341,66,64,32,1,1795,4493,0.39951034943245045,4.82433,28.227991001127116,0.8505864005844304,0.9013530216576102,0.9015549955483201,0.8679448115809444
chat_preview,ui_text,chat_ui,1200,800,512,341,66,64,32,2,2808,4493,0.6249721789450255,4.97412,30.37238246135541,0.9087390288205329,0.9569062795937725,0.9585634393281209,0.9379763018865666
chat_preview,ui_text,chat_ui,1200,800,512,341,66,64,32,3,3952,4493,0.8795904740707767,5.62146,32.74419342675817,0.9466549775174573,0.9826291452148328,0.9851037127927361,0.9718716331769635
chat_preview,ui_text,chat_ui,1200,800,512,341,66,64,32,4,4493,4493,1.0,6.54212,32.982506127124395,0.9498570106732319,0.9832744840962376,0.9857421651407694,0.9734014877775976
chat_preview,ui_text,chat_ui,1200,800,512,341,66,64,64,0,1545,7709,0.20041509923466078,5.10367,28.279440973720995,0.8535666570846535,0.9036011476545549,0.9033229396767829,0.8692037668916696
chat_preview,ui_text,chat_ui,1200,800,512,341,66,64,64,1,3239,7709,0.42015825658321443,4.99,30.592136695636466,0.9165677176634529,0.963564824362368,0.9642244941986292,0.9429946923999027
chat_preview,ui_text,chat_ui,1200,800,512,341,66,64,64,2,5501,7709,0.7135815280840576,5.76658,33.82734524011892,0.9617191046310604,0.9915687913418871,0.9928025018520545,0.9813176525358043
chat_preview,ui_text,chat_ui,1200,800,512,341,66,64,64,3,7709,7709,1.0,6.73358,36.490331299235386,0.9768419347964356,0.994448037104542,0.9958198568350484,0.9897422632041585
chat_preview,ui_text,chat_ui,1200,800,512,341,67,64,32,0,1086,4543,0.23904908650671364,5.09321,25.631182593175154,0.8179284736591533,0.7915610610346895,0.7903418807700863,0.6436969060439152
chat_preview,ui_text,chat_ui,1200,800,512,341,67,64,32,1,1795,4543,0.39511336121505614,5.12308,28.229764968171782,0.850720089107829,0.9014183675178852,0.9016020760913801,0.8678770831239934
chat_preview,ui_text,chat_ui,1200,800,512,341,67,64,32,2,2818,4543,0.6202949592780101,5.39746,30.38109099469989,0.9090974861020878,0.9571348620096053,0.9587521887971653,0.9380755217035294
chat_preview,ui_text,chat_ui,1200,800,512,341,67,64,32,3,3986,4543,0.87739379264803,5.59458,32.78934460036588,0.9473433788402921,0.9830610754507462,0.9855114930698878,0.9722577383053026
chat_preview,ui_text,chat_ui,1200,800,512,341,67,64,32,4,4543,4543,1.0,6.69921,33.04953608066411,0.9505934131352843,0.9837112862878845,0.9861641472798964,0.973890568692236
chat_preview,ui_text,chat_ui,1200,800,512,341,67,64,64,0,1545,7800,0.19807692307692307,4.75575,28.279440973720995,0.8535666570846535,0.9036011476545549,0.9033229396767829,0.8692037668916696
chat_preview,ui_text,chat_ui,1200,800,512,341,67,64,64,1,3242,7800,0.4156410256410256,5.04433,30.59013838521689,0.9166056776656392,0.9635057157902857,0.9641630362230538,0.9429602560339516
chat_preview,ui_text,chat_ui,1200,800,512,341,67,64,64,2,5517,7800,0.7073076923076923,5.59754,33.83044729816375,0.9618419600685918,0.9916049127993167,0.9928452853703195,0.9813421175327321
chat_preview,ui_text,chat_ui,1200,800,512,341,67,64,64,3,7800,7800,1.0,6.45275,36.57061052914979,0.9772850701539707,0.9945795061787063,0.9959551093838168,0.989929315584576
chat_preview,ui_text,chat_ui,1200,800,512,341,68,64,32,0,1089,4598,0.23684210526315788,5.25317,25.64837466763286,0.8180841599039709,0.791469811408256,0.7901583052951824,0.6429440144952502
chat_preview,ui_text,chat_ui,1200,800,512,341,68,64,32,1,1798,4598,0.39103958242714226,5.24096,28.268320054848285,0.8509689532289778,0.9014701411880711,0.9015418206790791,0.8674563459989683
chat_preview,ui_text,chat_ui,1200,800,512,341,68,64,32,2,2822,4598,0.6137451065680731,5.28388,30.450856420262305,0.9094177602988746,0.9572398989797571,0.9587574968816428,0.938057416674539
chat_preview,ui_text,chat_ui,1200,800,512,341,68,64,32,3,4020,4598,0.8742931709438887,5.67912,32.96174877137331,0.9479291128853559,0.9833709778473341,0.9856771782600094,0.972803591401652
chat_preview,ui_text,chat_ui,1200,800,512,341,68,64,32,4,4598,4598,1.0,6.29183,33.246820374589156,0.9513584045910215,0.9840330191772187,0.9863513781638632,0.9745248141874578
chat_preview,ui_text,chat_ui,1200,800,512,341,68,64,64,0,1554,7838,0.19826486348558306,4.86813,28.312795338953187,0.8537973582150727,0.903598003427715,0.9033241238643239,0.8687768811023657
chat_preview,ui_text,chat_ui,1200,800,512,341,68,64,64,1,3257,7838,0.4155396784894106,5.15246,30.657371369590955,0.9167884303867487,0.9635047205128711,0.9641803617437137,0.9428724185394244
chat_preview,ui_text,chat_ui,1200,800,512,341,68,64,64,2,5535,7838,0.7061750446542485,5.74383,33.975570218206194,0.962011393994216,0.9916064175991718,0.99286411758541,0.9814056945466347
chat_preview,ui_text,chat_ui,1200,800,512,341,68,64,64,3,7838,7838,1.0,6.687,36.95500208260921,0.9778556260931676,0.994647994052511,0.9960368328681037,0.9902099195881195
chat_preview,ui_text,chat_ui,1200,800,512,341,69,64,32,0,1089,4740,0.22974683544303798,4.93846,25.64837466763286,0.8180841599039709,0.791469811408256,0.7901583052951824,0.6429440144952502
chat_preview,ui_text,chat_ui,1200,800,512,341,69,64,32,1,1798,4740,0.3793248945147679,4.87379,28.267842182526547,0.8510007850813314,0.9014777512019183,0.9015446281412768,0.8674244290988143
chat_preview,ui_text,chat_ui,1200,800,512,341,69,64,32,2,2867,4740,0.6048523206751055,5.2645,30.44689513110641,0.9096983259214078,0.9573621052580302,0.9588475512011845,0.938159725436436
chat_preview,ui_text,chat_ui,1200,800,512,341,69,64,32,3,4100,4740,0.8649789029535865,5.93646,33.00129130231498,0.9486067650684037,0.9840032147003438,0.9863056425478228,0.9734561858635091
chat_preview,ui_text,chat_ui,1200,800,512,341,69,64,32,4,4740,4740,1.0,6.28608,33.322082246743804,0.9523617302881838,0.9846809953119796,0.9870196830050664,0.9753647909408456
chat_preview,ui_text,chat_ui,1200,800,512,341,69,64,64,0,1554,8060,0.19280397022332507,5.00496,28.312795338953187,0.8537973582150727,0.903598003427715,0.9033241238643239,0.8687768811023657
chat_preview,ui_text,chat_ui,1200,800,512,341,69,64,64,1,3257,8060,0.40409429280397025,5.50587,30.65678704756529,0.9167904223034414,0.9635101308463284,0.9641862318178226,0.9428698368051333
chat_preview,ui_text,chat_ui,1200,800,512,341,69,64,64,2,5672,8060,0.7037220843672457,5.85279,34.000208765446274,0.962296122742944,0.9917409833472949,0.9929839360893392,0.9815896024368355
chat_preview,ui_text,chat_ui,1200,800,512,341,69,64,64,3,8060,8060,1.0,6.79567,37.06806848876665,0.9784558798462188,0.9948055316352713,0.9961854053514699,0.9904900094141853
chat_preview,ui_text,chat_ui,1200,800,512,341,70,64,32,0,1089,4801,0.22682774421995416,5.02137,25.64837466763286,0.8180841599039709,0.791469811408256,0.7901583052951824,0.6429440144952502
chat_preview,ui_text,chat_ui,1200,800,512,341,70,64,32,1,1809,4801,0.37679650072901477,4.92617,28.26625695409763,0.8507676257139195,0.9011607463461219,0.9012142312954965,0.8674607109130344
chat_preview,ui_text,chat_ui,1200,800,512,341,70,64,32,2,2885,4801,0.600916475734222,5.29271,30.456171337738994,0.9100887724055148,0.9573902075383306,0.9588408419623243,0.9384049283229541
chat_preview,ui_text,chat_ui,1200,800,512,341,70,64,32,3,4129,4801,0.8600291605915434,5.94779,33.050911023342785,0.9493628671982149,0.9842215581852741,0.9864622990582447,0.9738922261951497
chat_preview,ui_text,chat_ui,1200,800,512,341,70,64,32,4,4801,4801,1.0,11.3394,33.394275624531545,0.9533038251282817,0.9849593802491167,0.9872502000805675,0.9759175481680952
chat_preview,ui_text,chat_ui,1200,800,512,341,70,64,64,0,1554,8083,0.19225535073611283,5.22713,28.312795338953187,0.8537973582150727,0.903598003427715,0.9033241238643239,0.8687768811023657
chat_preview,ui_text,chat_ui,1200,800,512,341,70,64,64,1,3271,8083,0.40467648150439195,5.36946,30.659369992093858,0.9167927859122974,0.9635720866131745,0.9642500471587411,0.9429399417497075
chat_preview,ui_text,chat_ui,1200,800,512,341,70,64,64,2,5693,8083,0.7043177038228381,6.36167,34.00407285961934,0.9624954043668242,0.9918247567404094,0.9930812944602366,0.9816557031320738
chat_preview,ui_text,chat_ui,1200,800,512,341,70,64,64,3,8083,8083,1.0,6.93237,37.174052961760175,0.9790262440319802,0.9948825862462615,0.9962683384219542,0.9906848206485237
chat_preview,ui_text,chat_ui,1200,800,512,341,71,64,32,0,1115,4942,0.22561715904492108,5.18292,25.658893551784185,0.8181353794543629,0.7916917496516013,0.790482188045753,0.6424701110539249
chat_preview,ui_text,chat_ui,1200,800,512,341,71,64,32,1,1855,4942,0.37535410764872523,5.37604,28.29625603534494,0.8516269886861924,0.9017749027330643,0.9017663008368506,0.8671386742245889
chat_preview,ui_text,chat_ui,1200,800,512,341,71,64,32,2,2955,4942,0.5979360582760016,5.43308,30.52787735363559,0.9105813476617004,0.9582932267081851,0.9595617299064659,0.9388504182099351
chat_preview,ui_text,chat_ui,1200,800,512,341,71,64,32,3,4242,4942,0.8583569405099151,5.97567,33.21955791479456,0.9507088642111619,0.9855808883575362,0.9876207660090289,0.9749485481266923
chat_preview,ui_text,chat_ui,1200,800,512,341,71,64,32,4,4942,4942,1.0,6.50237,33.605109370122996,0.9547053327050495,0.986258034745959,0.9883462337193104,0.9770297364005055
chat_preview,ui_text,chat_ui,1200,800,512,341,71,64,64,0,1648,8399,0.1962138349803548,5.25113,28.320664942056677,0.853569879765792,0.9041440192316333,0.9038629740147721,0.8686018499206027
chat_preview,ui_text,chat_ui,1200,800,512,341,71,64,64,1,3439,8399,0.40945350636980593,4.94579,30.694592783694944,0.9171180331339638,0.9635238686461237,0.9641422091127595,0.9429225347367588
chat_preview,ui_text,chat_ui,1200,800,512,341,71,64,64,2,5932,8399,0.7062745564948208,5.82967,34.120936169984894,0.9632836343259571,0.9920181596515251,0.9931901937009449,0.9818890519923145
chat_preview,ui_text,chat_ui,1200,800,512,341,71,64,64,3,8399,8399,1.0,6.80296,37.52095725623576,0.9802142478408807,0.9951739259609852,0.9964732067019375,0.9911316803199838
chat_preview,ui_text,chat_ui,1200,800,512,341,72,64,32,0,1115,5015,0.22233300099700898,4.56833,25.658893551784185,0.8181353794543629,0.7916917496516013,0.790482188045753,0.6424701110539249
chat_preview,ui_text,chat_ui,1200,800,512,341,72,64,32,1,1859,5015,0.3706879361914257,5.25871,28.297628482456254,0.851662951278977,0.9018125025255518,0.9017854852015027,0.8672863244014739
chat_preview,ui_text,chat_ui,1200,800,512,341,72,64,32,2,2965,5015,0.5912263210368893,5.84608,30.53005495326312,0.9106541040761157,0.9583215651550723,0.9595643155606283,0.9388933103416314
chat_preview,ui_text,chat_ui,1200,800,512,341,72,64,32,3,4273,5015,0.8520438683948156,5.87012,33.244650876975015,0.950925439100852,0.9856547551236262,0.9876383738597878,0.9751024061398085
chat_preview,ui_text,chat_ui,1200,800,512,341,72,64,32,4,5015,5015,1.0,6.47271,33.673651831145456,0.9551370434043354,0.9863975349141928,0.9884489819561901,0.9774101212856824
chat_preview,ui_text,chat_ui,1200,800,512,341,72,64,64,0,1648,8435,0.1953764078245406,5.19846,28.320664942056677,0.853569879765792,0.9041440192316333,0.9038629740147721,0.8686018499206027
chat_preview,ui_text,chat_ui,1200,800,512,341,72,64,64,1,3441,8435,0.4079430942501482,5.62487,30.694683909102352,0.9171101639203357,0.9635220326565372,0.9641362023064813,0.942913124361051
chat_preview,ui_text,chat_ui,1200,800,512,341,72,64,64,2,5940,8435,0.7042086544161233,6.08296,34.122277143258096,0.9632862089743123,0.9920213918750284,0.993192277357901,0.9818977271804171
chat_preview,ui_text,chat_ui,1200,800,512,341,72,64,64,3,8435,8435,1.0,7.25337,37.558083175144795,0.9803359186208159,0.9951951281502239,0.9964930342530387,0.9911881752241974
chat_preview,ui_text,chat_ui,1200,800,512,341,73,64,32,0,1125,5109,0.22019964768056371,5.31871,25.65900637223097,0.8180240911478694,0.7921336847412634,0.7906536314445829,0.644530836231998
chat_preview,ui_text,chat_ui,1200,800,512,341,73,64,32,1,1874,5109,0.366803679780779,5.43442,28.284857231742908,0.8520375348158948,0.90224259115913,0.9020581970666028,0.8677121149666316
chat_preview,ui_text,chat_ui,1200,800,512,341,73,64,32,2,2991,5109,0.5854374633000587,5.45633,30.515991187554995,0.9109823441742164,0.95866322829993,0.9597383387305644,0.9393353205926513
chat_preview,ui_text,chat_ui,1200,800,512,341,73,64,32,3,4329,5109,0.8473282442748091,6.45262,33.23291192029055,0.9514637022290167,0.9859205459230777,0.9878011843899603,0.9753816274412175
chat_preview,ui_text,chat_ui,1200,800,512,341,73,64,32,4,5109,5109,1.0,6.4805,33.72580271590255,0.9560084385353548,0.9866990715655035,0.9886325923384405,0.977937405010154
chat_preview,ui_text,chat_ui,1200,800,512,341,73,64,64,0,1664,8528,0.1951219512195122,5.43617,28.312379896848896,0.8536098964208456,0.9042483799849367,0.9038711278733567,0.8690352249703232
chat_preview,ui_text,chat_ui,1200,800,512,341,73,64,64,1,3480,8528,0.4080675422138837,6.31237,30.670311110171976,0.9172800250404999,0.9635174325496833,0.9641243101064751,0.9429778021412158
chat_preview,ui_text,chat_ui,1200,800,512,341,73,64,64,2,6002,8528,0.7037992495309568,6.40308,34.081328421617755,0.9634957667183882,0.9920346351821042,0.9931864536288306,0.981990054317572
chat_preview,ui_text,chat_ui,1200,800,512,341,73,64,64,3,8528,8528,1.0,6.20162,37.551435876757566,0.9807997910766283,0.9952859995854096,0.9965594942990478,0.9913960397560531
chat_preview,ui_text,chat_ui,1200,800,512,341,74,64,32,0,1125,5283,0.21294718909710392,4.73712,25.65900637223097,0.8180240911478694,0.7921336847412634,0.7906536314445829,0.644530836231998
chat_preview,ui_text,chat_ui,1200,800,512,341,74,64,32,1,1874,5283,0.354722695438198,5.50083,28.284857231742908,0.8520375348158948,0.90224259115913,0.9020581970666028,0.8677121149666316
chat_preview,ui_text,chat_ui,1200,800,512,341,74,64,32,2,3053,5283,0.5778913496119629,5.17008,30.53270082516824,0.9111606782115484,0.9591003973710234,0.96026724059627,0.9400016837815337
chat_preview,ui_text,chat_ui,1200,800,512,341,74,64,32,3,4445,5283,0.8413780049214461,6.60288,33.28090420007336,0.9519774443476817,0.9862220839177084,0.9881717947377093,0.9759128165599346
chat_preview,ui_text,chat_ui,1200,800,512,341,74,64,32,4,5283,5283,1.0,6.90862,33.84909147172498,0.9568454890523097,0.9870710222216449,0.9890784796579112,0.9787691452199602
chat_preview,ui_text,chat_ui,1200,800,512,341,74,64,64,0,1664,8738,0.19043259327077133,5.21946,28.312379896848896,0.8536098964208456,0.9042483799849367,0.9038711278733567,0.8690352249703232
chat_preview,ui_text,chat_ui,1200,800,512,341,74,64,64,1,3480,8738,0.3982604715037766,5.44654,30.670311110171976,0.9172800250404999,0.9635174325496833,0.9641243101064751,0.9429778021412158
chat_preview,ui_text,chat_ui,1200,800,512,341,74,64,64,2,6124,8738,0.7008468757152666,6.29758,34.107082297992164,0.9636634900475611,0.9921757847742255,0.9933332465669271,0.9822418930756747
chat_preview,ui_text,chat_ui,1200,800,512,341,74,64,64,3,8738,8738,1.0,7.32929,37.68175345681292,0.9811993718190748,0.9953443074605985,0.9966280446286736,0.9916162082810023
chat_preview,ui_text,chat_ui,1200,800,512,341,75,64,32,0,1125,5405,0.20814061054579094,4.90092,25.65900637223097,0.8180240911478694,0.7921336847412634,0.7906536314445829,0.644530836231998
chat_preview,ui_text,chat_ui,1200,800,512,341,75,64,32,1,1882,5405,0.3481961147086031,4.88467,28.28398464490594,0.852055834698921,0.9022944136045007,0.9020664758306003,0.8678157599881885
chat_preview,ui_text,chat_ui,1200,800,512,341,75,64,32,2,3075,5405,0.5689176688251619,5.07808,30.538141165314588,0.9114572150529544,0.9592672846633409,0.96029287310543,0.9402509435520306
chat_preview,ui_text,chat_ui,1200,800,512,341,75,64,32,3,4495,5405,0.8316373728029602,6.43371,33.3259028055997,0.9526102284243372,0.9865010545369373,0.9882705848827457,0.976336016163848
chat_preview,ui_text,chat_ui,1200,800,512,341,75,64,32,4,5405,5405,1.0,6.9185,33.95046356734224,0.95763954182772,0.9873930398714381,0.9892317082623754,0.9793786315420925
chat_preview,ui_text,chat_ui,1200,800,512,341,75,64,64,0,1664,8837,0.18829919655991853,5.20508,28.312379896848896,0.8536098964208456,0.9042483799849367,0.9038711278733567,0.8690352249703232
chat_preview,ui_text,chat_ui,1200,800,512,341,75,64,64,1,3509,8837,0.3970804571687224,5.42283,30.673467314150614,0.9173153745887399,0.9635519323701968,0.9641125271525195,0.9430440568513613
chat_preview,ui_text,chat_ui,1200,800,512,341,75,64,64,2,6188,8837,0.700237637207197,5.55429,34.11630178571018,0.9637731735595002,0.992222413410983,0.9933333611866979,0.9823253564475464
chat_preview,ui_text,chat_ui,1200,800,512,341,75,64,64,3,8837,8837,1.0,6.56479,37.81149184442918,0.9816556397428942,0.9954292405808344,0.9966698468837294,0.9918562311565321
chat_preview,ui_text,chat_ui,1200,800,512,341,76,64,32,0,1125,5550,0.20270270270270271,5.675,25.65900637223097,0.8180240911478694,0.7921336847412634,0.7906536314445829,0.644530836231998
chat_preview,ui_text,chat_ui,1200,800,512,341,76,64,32,1,1884,5550,0.33945945945945943,5.10392,28.28617563597149,0.8520517460263336,0.9022970291530624,0.9020580778100807,0.8679069519622237
chat_preview,ui_text,chat_ui,1200,800,512,341,76,64,32,2,3107,5550,0.5598198198198199,5.58054,30.541867046103764,0.9117715871023647,0.9592582891661737,0.9602919538158206,0.9401098622810836
chat_preview,ui_text,chat_ui,1200,800,512,341,76,64,32,3,4589,5550,0.8268468468468468,5.88033,33.373808433475645,0.9534264045703603,0.9869189105396617,0.9887027116673168,0.976741813753217
chat_preview,ui_text,chat_ui,1200,800,512,341,76,64,32,4,5550,5550,1.0,6.37771,34.07103822544109,0.9589466087352855,0.9878924752224951,0.989735268789896,0.9800507875379793
chat_preview,ui_text,chat_ui,1200,800,512,341,76,64,64,0,1664,8977,0.18536259329397348,4.84983,28.312379896848896,0.8536098964208456,0.9042483799849367,0.9038711278733567,0.8690352249703232
chat_preview,ui_text,chat_ui,1200,800,512,341,76,64,64,1,3512,8977,0.3912220118079537,5.03479,30.67273343050342,0.9173242064460121,0.9635558065265192,0.9641235792829517,0.9430413265784544
chat_preview,ui_text,chat_ui,1200,800,512,341,76,64,64,2,6233,8977,0.6943299543277264,5.51583,34.13144446095822,0.9640753949914188,0.9923320653102917,0.9934216755789194,0.9823940969707028
chat_preview,ui_text,chat_ui,1200,800,512,341,76,64,64,3,8977,8977,1.0,6.71329,37.93852223506352,0.9822643642138654,0.995619109266573,0.9968497375469864,0.9921009163198586
chat_preview,ui_text,chat_ui,1200,800,512,341,77,64,32,0,1125,5693,0.1976111013525382,4.76833,25.65900637223097,0.8180240911478694,0.7921336847412634,0.7906536314445829,0.644530836231998
chat_preview,ui_text,chat_ui,1200,800,512,341,77,64,32,1,1938,5693,0.3404180572633058,4.84825,28.29290130625941,0.8517746267533542,0.9032984242471352,0.9033011239766431,0.8689917484474756
chat_preview,ui_text,chat_ui,1200,800,512,341,77,64,32,2,3186,5693,0.5596346390303882,4.96242,30.551642611701375,0.912240448415626,0.9597619935997385,0.960879891829217,0.940661500510535
chat_preview,ui_text,chat_ui,1200,800,512,341,77,64,32,3,4681,5693,0.8222378359388723,5.62475,33.40630507699143,0.9538476284813608,0.9871957172812708,0.9890048454762527,0.9770517556671052
chat_preview,ui_text,chat_ui,1200,800,512,341,77,64,32,4,5693,5693,1.0,6.36454,34.19208201850738,0.9599300403046284,0.9883117572392863,0.9901866814474571,0.9807096257725345
chat_preview,ui_text,chat_ui,1200,800,512,341,77,64,64,0,1664,9166,0.18154047567095788,5.20038,28.312379896848896,0.8536098964208456,0.9042483799849367,0.9038711278733567,0.8690352249703232
chat_preview,ui_text,chat_ui,1200,800,512,341,77,64,64,1,3642,9166,0.3973379882173249,6.16579,30.684059371577472,0.9178210449728108,0.9640879868464077,0.9646682346103322,0.9434404680338532
chat_preview,ui_text,chat_ui,1200,800,512,341,77,64,64,2,6412,9166,0.6995417848570805,5.98525,34.15879597364967,0.9645939182343136,0.9926934149259575,0.9937975012298411,0.9826767473580237
chat_preview,ui_text,chat_ui,1200,800,512,341,77,64,64,3,9166,9166,1.0,6.45317,38.090935385917305,0.9831350075875798,0.9960019667239072,0.9972437992426553,0.9924629790831697
chat_preview,ui_text,chat_ui,1200,800,512,341,78,64,32,0,1133,5927,0.1911591024126877,5.20679,25.653842959590555,0.8181130031332731,0.791751697781323,0.7903522823672057,0.6430451141321895
chat_preview,ui_text,chat_ui,1200,800,512,341,78,64,32,1,1950,5927,0.3290028682301333,5.2705,28.28646241438961,0.8517989346758762,0.9032698364697849,0.9033020345606956,0.8683590224557965
chat_preview,ui_text,chat_ui,1200,800,512,341,78,64,32,2,3206,5927,0.5409144592542602,5.00617,30.544512898975057,0.9123154358285716,0.9597016281193474,0.9608670551433118,0.9403122978350469
chat_preview,ui_text,chat_ui,1200,800,512,341,78,64,32,3,4767,5927,0.804285473257972,5.88971,33.43339835141684,0.9543176721394668,0.9874338768810942,0.9893189310428522,0.9771609236571895
chat_preview,ui_text,chat_ui,1200,800,512,341,78,64,32,4,5927,5927,1.0,6.80821,34.36396106947977,0.9613529445327352,0.9886928045303843,0.9906350997473526,0.9812797739817821
chat_preview,ui_text,chat_ui,1200,800,512,341,78,64,64,0,1690,9332,0.1810972996142306,5.4255,28.302381942682505,0.8534418420114536,0.9040895958889547,0.9038062733267465,0.8686914116165726
chat_preview,ui_text,chat_ui,1200,800,512,341,78,64,64,1,3674,9332,0.3936990998714102,5.40888,30.67366908316419,0.917822508828312,0.9640369810333388,0.9646692323230137,0.943274967360306
chat_preview,ui_text,chat_ui,1200,800,512,341,78,64,64,2,6462,9332,0.6924560651521646,6.1345,34.14505977129463,0.964646407003411,0.9926632006010697,0.993804480194849,0.9826204044304749
chat_preview,ui_text,chat_ui,1200,800,512,341,78,64,64,3,9332,9332,1.0,7.33696,38.168841618389365,0.9834889359097767,0.9960383761084426,0.9973238068333653,0.9925529776426074
chat_preview,ui_text,chat_ui,1200,800,512,341,79,64,32,0,1133,6082,0.18628740545873068,4.73117,25.653842959590555,0.8181130031332731,0.791751697781323,0.7903522823672057,0.6430451141321895
chat_preview,ui_text,chat_ui,1200,800,512,341,79,64,32,1,1953,6082,0.32111147648799737,5.71233,28.288836690679915,0.8518455601786484,0.9033254113925769,0.9033065349648213,0.8684937342298531
chat_preview,ui_text,chat_ui,1200,800,512,341,79,64,32,2,3270,6082,0.537652088128905,5.6565,30.558007809840802,0.9125260008964711,0.9597874107062442,0.9609087961576716,0.9404665329985777
chat_preview,ui_text,chat_ui,1200,800,512,341,79,64,32,3,4857,6082,0.7985859914501808,6.02271,33.484389118089595,0.9549038502371636,0.9875223068242432,0.9893459909200633,0.9774350141832384
chat_preview,ui_text,chat_ui,1200,800,512,341,79,64,32,4,6082,6082,1.0,6.69792,34.50721235530164,0.9624808866701805,0.9889911527384183,0.9908839436146248,0.981957017996905
chat_preview,ui_text,chat_ui,1200,800,512,341,79,64,64,0,1690,9571,0.1765750705255459,5.65275,28.302381942682505,0.8534418420114536,0.9040895958889547,0.9038062733267465,0.8686914116165726
chat_preview,ui_text,chat_ui,1200,800,512,341,79,64,64,1,3681,9571,0.38459931041688433,5.188,30.674344146833782,0.9178024097218098,0.9640285639427807,0.9646657541930428,0.9432833613707232
chat_preview,ui_text,chat_ui,1200,800,512,341,79,64,64,2,6649,9571,0.6947027478842336,5.7295,34.17045291919008,0.9647893242475418,0.9927893422501315,0.9939446806234499,0.9827829783256297
chat_preview,ui_text,chat_ui,1200,800,512,341,79,64,64,3,9571,9571,1.0,7.17317,38.33337519383074,0.9839398358655345,0.9961288498930955,0.9974172951907223,0.9928091425787235
chat_preview,ui_text,chat_ui,1200,800,512,341,80,64,32,0,1133,6247,0.18136705618696974,5.19758,25.653842959590555,0.8181130031332731,0.791751697781323,0.7903522823672057,0.6430451141321895
chat_preview,ui_text,chat_ui,1200,800,512,341,80,64,32,1,1965,6247,0.3145509844725468,5.33417,28.292501704685783,0.8519132913292697,0.9033242496925679,0.903202579696139,0.8686232699029587
chat_preview,ui_text,chat_ui,1200,800,512,341,80,64,32,2,3298,6247,0.5279334080358572,5.75312,30.56226091494356,0.9126307536957606,0.9598204503699649,0.9608987770036631,0.9405559350521949
chat_preview,ui_text,chat_ui,1200,800,512,341,80,64,32,3,4937,6247,0.7902993436849688,6.47567,33.51210745273081,0.9550713502624579,0.9875886490269045,0.9893611506147665,0.9776589596405783
chat_preview,ui_text,chat_ui,1200,800,512,341,80,64,32,4,6247,6247,1.0,7.19133,34.654986145233806,0.9633117067181871,0.9893210170687663,0.9911632780213302,0.98263684398443
chat_preview,ui_text,chat_ui,1200,800,512,341,80,64,64,0,1690,9769,0.17299621250895691,4.82212,28.302381942682505,0.8534418420114536,0.9040895958889547,0.9038062733267465,0.8686914116165726
chat_preview,ui_text,chat_ui,1200,800,512,341,80,64,64,1,3719,9769,0.38069403214249153,5.17967,30.68040490882766,0.9180266702197272,0.9640771978947869,0.9646578929233812,0.943410221360146
chat_preview,ui_text,chat_ui,1200,800,512,341,80,64,64,2,6717,9769,0.6875831712560139,5.61475,34.183479861936725,0.964969248657439,0.9928681267944603,0.9939835123027273,0.9829121995368011
chat_preview,ui_text,chat_ui,1200,800,512,341,80,64,64,3,9769,9769,1.0,6.89571,38.44761296087222,0.9842033885289437,0.996195507326163,0.9974526304572878,0.9930239826418875
chat_preview,ui_text,chat_ui,1200,800,512,341,81,64,32,0,1153,6457,0.17856589747560786,6.16258,25.653842959590555,0.8181130031332731,0.791751697781323,0.7903522823672057,0.6430451141321895
chat_preview,ui_text,chat_ui,1200,800,512,341,81,64,32,1,1990,6457,0.3081926591296268,4.65808,28.291180174427755,0.851904015925446,0.9033370308429864,0.9032212680782187,0.8685941523435496
chat_preview,ui_text,chat_ui,1200,800,512,341,81,64,32,2,3353,6457,0.5192814000309741,5.88062,30.575292603594484,0.9132922251180315,0.9602148647228071,0.9612124671083732,0.940892683139239
chat_preview,ui_text,chat_ui,1200,800,512,341,81,64,32,3,5066,6457,0.7845748799752207,6.49742,33.562904624319316,0.9558311704594783,0.9878733676732406,0.9895893574501743,0.9780105229277969
chat_preview,ui_text,chat_ui,1200,800,512,341,81,64,32,4,6457,6457,1.0,6.60383,34.829719499764906,0.9647946366640606,0.9897481071373061,0.9915282439989913,0.9833705800229215
chat_preview,ui_text,chat_ui,1200,800,512,341,81,64,64,0,1690,9903,0.17065535696253661,5.3085,28.302381942682505,0.8534418420114536,0.9040895958889547,0.9038062733267465,0.8686914116165726
chat_preview,ui_text,chat_ui,1200,800,512,341,81,64,64,1,3723,9903,0.37594668282338684,5.37479,30.680019991373108,0.9180323566146423,0.9640738405803247,0.964658049641388,0.9434055830721825
chat_preview,ui_text,chat_ui,1200,800,512,341,81,64,64,2,6794,9903,0.6860547308896294,6.6,34.195514925656084,0.9652640172576641,0.9928661776788349,0.9939554784330829,0.9829626457916943
chat_preview,ui_text,chat_ui,1200,800,512,341,81,64,64,3,9903,9903,1.0,7.58625,38.62832824408775,0.9848580434411115,0.9963401128718545,0.9975655176539052,0.9933042756271653
chat_preview,ui_text,chat_ui,1200,800,512,341,82,64,32,0,1153,6608,0.17448547215496368,5.48279,25.653842959590555,0.8181130031332731,0.791751697781323,0.7903522823672057,0.6430451141321895
chat_preview,ui_text,chat_ui,1200,800,512,341,82,64,32,1,1990,6608,0.3011501210653753,5.02504,28.291180174427755,0.851904015925446,0.9033370308429864,0.9032212680782187,0.8685941523435496
chat_preview,ui_text,chat_ui,1200,800,512,341,82,64,32,2,3358,6608,0.5081719128329297,5.866,30.575164208100816,0.9133424801944874,0.9602328067749037,0.9612272422783269,0.9408865275406479
chat_preview,ui_text,chat_ui,1200,800,512,341,82,64,32,3,5149,6608,0.7792070217917676,6.02871,33.59689778903562,0.9562774978010083,0.9883428258521948,0.990080701334772,0.9783394304992159
chat_preview,ui_text,chat_ui,1200,800,512,341,82,64,32,4,6608,6608,1.0,6.57562,35.02084690568695,0.9659393886045189,0.9902839114787708,0.992094700546805,0.9840771571480534
chat_preview,ui_text,chat_ui,1200,800,512,341,82,64,64,0,1690,10027,0.16854492869253015,5.07937,28.302381942682505,0.8534418420114536,0.9040895958889547,0.9038062733267465,0.8686914116165726
chat_preview,ui_text,chat_ui,1200,800,512,341,82,64,64,1,3723,10027,0.37129749675875134,5.01692,30.680019991373108,0.9180323566146423,0.9640738405803247,0.964658049641388,0.9434055830721825
chat_preview,ui_text,chat_ui,1200,800,512,341,82,64,64,2,6802,10027,0.6783684053056747,5.69187,34.19128864949341,0.965221931777905,0.9928590326425463,0.9939556789771535,0.9829380714985101
chat_preview,ui_text,chat_ui,1200,800,512,341,82,64,64,3,10027,10027,1.0,7.77112,38.734719302109156,0.9851610386180573,0.9963858164993956,0.9976240829787226,0.9933869905657777
chat_preview,ui_text,chat_ui,1200,800,512,341,83,64,32,0,1220,6851,0.1780761932564589,6.40754,25.641264340864996,0.8181199715620694,0.7921775445641698,0.7909408905289189,0.6451952122074375
chat_preview,ui_text,chat_ui,1200,800,512,341,83,64,32,1,2091,6851,0.3052109181141439,5.51708,28.253737589756046,0.8526142938896449,0.9033190576682456,0.9031802933718887,0.868228429702561
chat_preview,ui_text,chat_ui,1200,800,512,341,83,64,32,2,3486,6851,0.5088308276164064,5.39367,30.531817103370123,0.9138081931483687,0.9610317093851267,0.9619798210748239,0.941127006911328
chat_preview,ui_text,chat_ui,1200,800,512,341,83,64,32,3,5300,6851,0.7736096920157641,5.71833,33.53427853611932,0.9572064757794703,0.9893546414821675,0.991020716893269,0.9787511280084528
chat_preview,ui_text,chat_ui,1200,800,512,341,83,64,32,4,6851,6851,1.0,6.70071,35.04834755371778,0.9674561120259266,0.9915072719583499,0.9932607171251223,0.9848709576905242
chat_preview,ui_text,chat_ui,1200,800,512,341,83,64,64,0,1919,10426,0.18405908306157684,4.74246,28.28069962863678,0.8537009941971295,0.9045214179582386,0.9042093788485673,0.8692741180937321
chat_preview,ui_text,chat_ui,1200,800,512,341,83,64,64,1,4049,10426,0.388356032994437,5.72192,30.632070517882063,0.9182008469063841,0.9641782479173598,0.9647736700972311,0.9433666703114545
chat_preview,ui_text,chat_ui,1200,800,512,341,83,64,64,2,7182,10426,0.688854786111644,6.44404,34.09027324574997,0.9657707174584017,0.9932942456320041,0.9943737640635991,0.9828885050656047
chat_preview,ui_text,chat_ui,1200,800,512,341,83,64,64,3,10426,10426,1.0,6.75617,38.529294574431,0.9860505335469746,0.9969281255597752,0.998140738256248,0.9934770083018808
chat_preview,ui_text,chat_ui,1200,800,512,341,84,64,32,0,1220,7099,0.1718551908719538,5.34583,25.641264340864996,0.8181199715620694,0.7921775445641698,0.7909408905289189,0.6451952122074375
chat_preview,ui_text,chat_ui,1200,800,512,341,84,64,32,1,2093,7099,0.2948302577827863,5.06842,28.257013449673,0.8525568881299203,0.9033387572052307,0.9031613002373758,0.8684334905667931
chat_preview,ui_text,chat_ui,1200,800,512,341,84,64,32,2,3556,7099,0.5009156219185801,5.66754,30.5521091330032,0.9148063016815365,0.9620585509991351,0.9630209252582124,0.9418973985866472
chat_preview,ui_text,chat_ui,1200,800,512,341,84,64,32,3,5450,7099,0.7677137625017608,6.35683,33.60731041109545,0.9582337671920662,0.9897744190969652,0.9913684401955942,0.9793701603955324
chat_preview,ui_text,chat_ui,1200,800,512,341,84,64,32,4,7099,7099,1.0,7.00825,35.26804630883146,0.969088618352756,0.9919387016518232,0.9936379921486734,0.985720650443901
chat_preview,ui_text,chat_ui,1200,800,512,341,84,64,64,0,1919,10765,0.17826288899210405,4.88321,28.28069962863678,0.8537009941971295,0.9045214179582386,0.9042093788485673,0.8692741180937321
chat_preview,ui_text,chat_ui,1200,800,512,341,84,64,64,1,4052,10765,0.37640501625638645,5.05729,30.632319194763042,0.9182111323421998,0.9641842081976542,0.9647745078900225,0.9433847175450375
chat_preview,ui_text,chat_ui,1200,800,512,341,84,64,64,2,7372,10765,0.6848118903855086,6.202,34.10810342092461,0.9660353379944274,0.9933783647648857,0.9944551757369468,0.9830127707874116
chat_preview,ui_text,chat_ui,1200,800,512,341,84,64,64,3,10765,10765,1.0,7.59679,38.66363467874055,0.986481971336751,0.996968930624106,0.9981772873798581,0.9936225479030241
chat_preview,ui_text,chat_ui,1200,800,512,341,85,64,32,0,1220,7296,0.16721491228070176,5.52092,25.641264340864996,0.8181199715620694,0.7921775445641698,0.7909408905289189,0.6451952122074375
chat_preview,ui_text,chat_ui,1200,800,512,341,85,64,32,1,2110,7296,0.2891995614035088,5.47358,28.259245702303517,0.8525664972313663,0.9033164637592727,0.9030831054333922,0.8685172985889817
chat_preview,ui_text,chat_ui,1200,800,512,341,85,64,32,2,3604,7296,0.49396929824561403,4.87058,30.559693292463216,0.9150270393141892,0.9621585948921075,0.9630244427274522,0.9421375086291789
chat_preview,ui_text,chat_ui,1200,800,512,341,85,64,32,3,5549,7296,0.7605537280701754,6.50304,33.653683890131504,0.9586811263371953,0.9899689294796689,0.9914129540790065,0.9797002268745816
chat_preview,ui_text,chat_ui,1200,800,512,341,85,64,32,4,7296,7296,1.0,7.08012,35.46341266400222,0.9702111439249738,0.9923821013740414,0.9939323536043917,0.9864966581915138
chat_preview,ui_text,chat_ui,1200,800,512,341,85,64,64,0,1919,10931,0.1755557588509743,5.35821,28.28069962863678,0.8537009941971295,0.9045214179582386,0.9042093788485673,0.8692741180937321
chat_preview,ui_text,chat_ui,1200,800,512,341,85,64,64,1,4083,10931,0.37352483761778427,5.62833,30.635733230103316,0.9183416671963718,0.9642147463261015,0.9647696042028631,0.9434274361597632
chat_preview,ui_text,chat_ui,1200,800,512,341,85,64,64,2,7466,10931,0.6830116183331809,6.47233,34.12983332922975,0.9662427129931794,0.9934512078698328,0.994486300415212,0.9831550132855965
chat_preview,ui_text,chat_ui,1200,800,512,341,85,64,64,3,10931,10931,1.0,7.25104,38.819888773985454,0.9869746836007792,0.9970937999866548,0.9982504013058405,0.9938745712941605
chat_preview,ui_text,chat_ui,1200,800,512,341,86,64,32,0,1220,7577,0.1610135937706216,4.86808,25.641264340864996,0.8181199715620694,0.7921775445641698,0.7909408905289189,0.6451952122074375
chat_preview,ui_text,chat_ui,1200,800,512,341,86,64,32,1,2113,7577,0.27887026527649467,5.34504,28.25840625300473,0.852507641622514,0.903287289821546,0.9030670812877769,0.8684595218827065
chat_preview,ui_text,chat_ui,1200,800,512,341,86,64,32,2,3627,7577,0.4786854955787251,5.64883,30.559663411581294,0.9150127700334929,0.9618494798057942,0.9627108269206647,0.9419180733007407
chat_preview,ui_text,chat_ui,1200,800,512,341,86,64,32,3,5663,7577,0.7473934274778936,6.57454,33.69566815067684,0.9596089777952415,0.9904288663319495,0.9918926230127125,0.9801297623174251
chat_preview,ui_text,chat_ui,1200,800,512,341,86,64,32,4,7577,7577,1.0,7.12008,35.730415559515535,0.9721883547362191,0.9928483224086548,0.9944286006926429,0.9873622428884489
chat_preview,ui_text,chat_ui,1200,800,512,341,86,64,64,0,1919,11161,0.17193799838724128,4.84262,28.28069962863678,0.8537009941971295,0.9045214179582386,0.9042093788485673,0.8692741180937321
chat_preview,ui_text,chat_ui,1200,800,512,341,86,64,64,1,4087,11161,0.36618582564286356,4.99283,30.635958054182453,0.9183539337635079,0.964223985121416,0.9647744381957378,0.943434426490748
chat_preview,ui_text,chat_ui,1200,800,512,341,86,64,64,2,7545,11161,0.676014694023833,6.34417,34.13700268125915,0.9663748602921091,0.9934825321857077,0.9945119107734801,0.9831563256315835
chat_preview,ui_text,chat_ui,1200,800,512,341,86,64,64,3,11161,11161,1.0,7.22642,38.91400995371501,0.9874196538236321,0.9972213516769912,0.9983924781130653,0.9940347611960684
chat_preview,ui_text,chat_ui,1200,800,512,341,87,64,32,0,1239,7800,0.15884615384615386,5.22887,25.646273972714205,0.8182634133138399,0.7922240543079934,0.790778216618902,0.6450356250682306
chat_preview,ui_text,chat_ui,1200,800,512,341,87,64,32,1,2138,7800,0.2741025641025641,5.45479,28.26848549102584,0.8530283084746667,0.9037322440694339,0.903432155458553,0.8687835629004466
chat_preview,ui_text,chat_ui,1200,800,512,341,87,64,32,2,3675,7800,0.47115384615384615,5.93117,30.579188051955978,0.9153581829919798,0.962103421110326,0.9628682593079927,0.9422802179494977
chat_preview,ui_text,chat_ui,1200,800,512,341,87,64,32,3,5788,7800,0.742051282051282,5.98321,33.77218040642549,0.9603111084706257,0.9906828957388956,0.9920055825539547,0.9807347808245837
chat_preview,ui_text,chat_ui,1200,800,512,341,87,64,32,4,7800,7800,1.0,7.27162,35.99407428939824,0.9734009003312005,0.9932534572975104,0.9947215587346204,0.9883170963975906
chat_preview,ui_text,chat_ui,1200,800,512,341,87,64,64,0,1948,11340,0.17178130511463846,5.40958,28.28849747800499,0.8538864038755393,0.9046610406357957,0.9041798912341248,0.8695336640518905
chat_preview,ui_text,chat_ui,1200,800,512,341,87,64,64,1,4139,11340,0.36499118165784833,5.00821,30.6466551400261,0.9184681585014286,0.9642546030232055,0.96473092797803,0.9436882659870357
chat_preview,ui_text,chat_ui,1200,800,512,341,87,64,64,2,7650,11340,0.6746031746031746,6.27667,34.17800837093675,0.9665871319649723,0.9936030756665609,0.9945450796136581,0.98359752368823
chat_preview,ui_text,chat_ui,1200,800,512,341,87,64,64,3,11340,11340,1.0,7.01971,39.124751041441684,0.9878476984642965,0.9973792363041549,0.9984668701382899,0.9945716670243745
chat_preview,ui_text,chat_ui,1200,800,512,341,88,64,32,0,1239,8014,0.1546044422261043,5.089,25.646273972714205,0.8182634133138399,0.7922240543079934,0.790778216618902,0.6450356250682306
chat_preview,ui_text,chat_ui,1200,800,512,341,88,64,32,1,2137,8014,0.2666583478911904,4.693,28.26830867224937,0.8530464468626452,0.9037151494348569,0.9033887908512896,0.8687283714933296
chat_preview,ui_text,chat_ui,1200,800,512,341,88,64,32,2,3699,8014,0.4615672572997255,5.03021,30.57888543132925,0.9152908221512611,0.9619801292778538,0.9627225489292016,0.9422326183057445
chat_preview,ui_text,chat_ui,1200,800,512,341,88,64,32,3,5905,8014,0.7368355378088345,6.13554,33.81080604995625,0.9604857884855763,0.990704045166205,0.9920333271981575,0.9809547561897681
chat_preview,ui_text,chat_ui,1200,800,512,341,88,64,32,4,8014,8014,1.0,6.46137,36.21830762838225,0.974342307394505,0.9933489730262988,0.9948138801019749,0.9888536310198045
chat_preview,ui_text,chat_ui,1200,800,512,341,88,64,64,0,1948,11610,0.167786391042205,4.61958,28.28849747800499,0.8538864038755393,0.9046610406357957,0.9041798912341248,0.8695336640518905
chat_preview,ui_text,chat_ui,1200,800,512,341,88,64,64,1,4143,11610,0.35684754521963824,5.80892,30.64586436894227,0.918468663941988,0.9642602325847895,0.9647321043037216,0.9436896291507787
chat_preview,ui_text,chat_ui,1200,800,512,341,88,64,64,2,7708,11610,0.663910422049957,5.75617,34.183483871414296,0.9666626032150437,0.9936637343644946,0.9945911403685672,0.9836779270310914
chat_preview,ui_text,chat_ui,1200,800,512,341,88,64,64,3,11610,11610,1.0,6.86171,39.22757904923921,0.9880625703093656,0.997402076372374,0.9984812055191168,0.9947054450102282
chat_preview,ui_text,chat_ui,1200,800,512,341,89,64,32,0,1239,8374,0.1479579651301648,5.21983,25.646273972714205,0.8182634133138399,0.7922240543079934,0.790778216618902,0.6450356250682306
chat_preview,ui_text,chat_ui,1200,800,512,341,89,64,32,1,2228,8374,0.2660616192978266,4.96675,28.266754243539133,0.85244035733482,0.9039773353462949,0.9038388856722758,0.8694378579485569
chat_preview,ui_text,chat_ui,1200,800,512,341,89,64,32,2,3921,8374,0.4682350131358968,5.48383,30.566688607741415,0.9160949814172797,0.962954935440762,0.9637022013924501,0.9427536039393346
chat_preview,ui_text,chat_ui,1200,800,512,341,89,64,32,3,6170,8374,0.7368043945545737,5.77033,33.76267015766778,0.9609827928757064,0.9905561703173156,0.9918622927008507,0.980876461040161
chat_preview,ui_text,chat_ui,1200,800,512,341,89,64,32,4,8374,8374,1.0,6.78862,36.28145225190953,0.9756084981175354,0.9933214492530421,0.9947721598557423,0.9890878102240251
chat_preview,ui_text,chat_ui,1200,800,512,341,89,64,64,0,1948,12165,0.16013152486642004,5.01112,28.28849747800499,0.8538864038755393,0.9046610406357957,0.9041798912341248,0.8695336640518905
chat_preview,ui_text,chat_ui,1200,800,512,341,89,64,64,1,4329,12165,0.3558569667077682,5.33712,30.63697189996724,0.9183644284174007,0.9645721123511892,0.9650657340216484,0.943855549895159
chat_preview,ui_text,chat_ui,1200,800,512,341,89,64,64,2,8201,12165,0.6741471434443075,6.34592,34.15029756239875,0.9667522184822749,0.9936407416499661,0.9946037270620931,0.983754240470944
chat_preview,ui_text,chat_ui,1200,800,512,341,89,64,64,3,12165,12165,1.0,7.25675,39.12889863712833,0.98807280757741,0.997221971974885,0.9983348772336782,0.9946486653441861
chat_preview,ui_text,chat_ui,1200,800,512,341,90,64,32,0,1239,8554,0.1448445171849427,5.29263,25.646273972714205,0.8182634133138399,0.7922240543079934,0.790778216618902,0.6450356250682306
chat_preview,ui_text,chat_ui,1200,800,512,341,90,64,32,1,2270,8554,0.265372924947393,5.19742,28.271678282567578,0.8524300430533233,0.9038570708055245,0.9037664758627955,0.8697650698134906
chat_preview,ui_text,chat_ui,1200,800,512,341,90,64,32,2,3973,8554,0.4644610708440496,5.18175,30.572634484838197,0.9161091446887045,0.9629803121093575,0.9637666839877983,0.9428339598817475
chat_preview,ui_text,chat_ui,1200,800,512,341,90,64,32,3,6251,8554,0.7307692307692307,5.93912,33.78124551401056,0.9611687438613655,0.9906545526239929,0.9920199623757046,0.9809360550580054
chat_preview,ui_text,chat_ui,1200,800,512,341,90,64,32,4,8554,8554,1.0,6.93333,36.575649486273754,0.9769516418457287,0.9936288712092963,0.9951308495674478,0.9896668148011885
chat_preview,ui_text,chat_ui,1200,800,512,341,90,64,64,0,1948,12324,0.15806556312885428,4.98946,28.28849747800499,0.8538864038755393,0.9046610406357957,0.9041798912341248,0.8695336640518905
chat_preview,ui_text,chat_ui,1200,800,512,341,90,64,64,1,4413,12324,0.35808179162609544,5.55762,30.643564937093508,0.9185534035711012,0.9646830176346913,0.9651718624129092,0.9439828136555342
chat_preview,ui_text,chat_ui,1200,800,512,341,90,64,64,2,8318,12324,0.6749432002596559,6.25983,34.163752339902935,0.9669866869497997,0.9937311650411269,0.994661777607288,0.9838164811310085
chat_preview,ui_text,chat_ui,1200,800,512,341,90,64,64,3,12324,12324,1.0,7.18875,39.249425393698026,0.9885757571026336,0.9973541726329843,0.9984261164300732,0.9948008945259561
chat_preview,ui_text,chat_ui,1200,800,512,341,91,64,32,0,1239,8889,0.13938575767802902,5.23567,25.646273972714205,0.8182634133138399,0.7922240543079934,0.790778216618902,0.6450356250682306
chat_preview,ui_text,chat_ui,1200,800,512,341,91,64,32,1,2271,8889,0.25548430644616943,7.12867,28.272128995026353,0.8525082493168302,0.9038961590792544,0.9037626434251147,0.869735051031255
chat_preview,ui_text,chat_ui,1200,800,512,341,91,64,32,2,4062,8889,0.45696928788390145,5.27517,30.588721846905802,0.9165423927435558,0.9630132697624383,0.9637220817847301,0.9430317016323502
chat_preview,ui_text,chat_ui,1200,800,512,341,91,64,32,3,6484,8889,0.7294408819889752,6.11537,33.845583172913,0.9623621526669881,0.9912437562759987,0.992533627646893,0.9814477869637105
chat_preview,ui_text,chat_ui,1200,800,512,341,91,64,32,4,8889,8889,1.0,7.35417,36.86381261027901,0.9788577851367184,0.9942816076615585,0.9957079065138905,0.9904394335972689
chat_preview,ui_text,chat_ui,1200,800,512,341,91,64,64,0,1948,12806,0.15211619553334374,5.58883,28.28849747800499,0.8538864038755393,0.9046610406357957,0.9041798912341248,0.8695336640518905
chat_preview,ui_text,chat_ui,1200,800,512,341,91,64,64,1,4416,12806,0.3448383570201468,5.64138,30.642467792426732,0.9185423559996814,0.9646852741098687,0.96517771079616,0.9439717186206227
chat_preview,ui_text,chat_ui,1200,800,512,341,91,64,64,2,8521,12806,0.6653912228642823,5.77196,34.18935035904443,0.9674052379104099,0.9938572971396807,0.9947876057676069,0.983848284119302
chat_preview,ui_text,chat_ui,1200,800,512,341,91,64,64,3,12806,12806,1.0,7.49287,39.44095599544079,0.9892562129246377,0.9975984765118403,0.9986800437762627,0.9950102905132455
chat_preview,ui_text,chat_ui,1200,800,512,341,92,64,32,0,1268,9175,0.13820163487738418,4.912,25.644401185009464,0.8180462836614725,0.792161177464903,0.7907734670232085,0.6452522794665786
chat_preview,ui_text,chat_ui,1200,800,512,341,92,64,32,1,2313,9175,0.2520980926430518,4.91708,28.269385786538137,0.8523153540051944,0.903741312998842,0.9036643609197275,0.8698086641842675
chat_preview,ui_text,chat_ui,1200,800,512,341,92,64,32,2,4129,9175,0.45002724795640325,5.79329,30.58413510705352,0.9165920185496367,0.9629890988853127,0.963687578442501,0.94306559448957
chat_preview,ui_text,chat_ui,1200,800,512,341,92,64,32,3,6649,9175,0.7246866485013624,6.56962,33.87883153118851,0.9627229981171608,0.9912563001033686,0.992479823166417,0.9816769480203189
chat_preview,ui_text,chat_ui,1200,800,512,341,92,64,32,4,9175,9175,1.0,7.30021,37.115266897324595,0.9799840964820589,0.9945172543655151,0.9958593256119828,0.9910401891587519
chat_preview,ui_text,chat_ui,1200,800,512,341,92,64,64,0,1991,13038,0.1527074704709311,5.42408,28.289776908293838,0.853837563525815,0.9046221847913255,0.904238499692954,0.8696942494416842
chat_preview,ui_text,chat_ui,1200,800,512,341,92,64,64,1,4480,13038,0.3436109832796441,5.52212,30.641696704039283,0.9186182934086283,0.9647175734760153,0.9651819986290965,0.944004171169966
chat_preview,ui_text,chat_ui,1200,800,512,341,92,64,64,2,8637,13038,0.6624482282558675,6.19942,34.18445327124776,0.967483884349246,0.9938965010378992,0.9947851778343006,0.9838815664326385
chat_preview,ui_text,chat_ui,1200,800,512,341,92,64,64,3,13038,13038,1.0,7.79896,39.53995679061247,0.9896784742403774,0.9976617520788439,0.9986965949866522,0.9951442260826693
chat_preview,ui_text,chat_ui,1200,800,512,341,93,64,32,0,1268,9502,0.13344559040202061,4.81321,25.644401185009464,0.8180462836614725,0.792161177464903,0.7907734670232085,0.6452522794665786
chat_preview,ui_text,chat_ui,1200,800,512,341,93,64,32,1,2329,9502,0.24510629341191328,5.40379,28.270394753553262,0.8523445270708443,0.9038022879688062,0.9036713243442032,0.8697838083677742
chat_preview,ui_text,chat_ui,1200,800,512,341,93,64,32,2,4174,9502,0.43927594190696695,6.09075,30.587904615618303,0.9166701394204323,0.9629863295743556,0.9636233040270558,0.9431126584221795
chat_preview,ui_text,chat_ui,1200,800,512,341,93,64,32,3,6853,9502,0.7212165859818985,6.19504,33.926592643922525,0.9630483448793968,0.9914075263449457,0.9925679466788205,0.9820289290273618
chat_preview,ui_text,chat_ui,1200,800,512,341,93,64,32,4,9502,9502,1.0,6.77392,37.38025000618307,0.9808852486433146,0.9946377426401357,0.9959246788367608,0.9915263507910496
chat_preview,ui_text,chat_ui,1200,800,512,341,93,64,64,0,1991,13464,0.14787581699346405,5.10575,28.289776908293838,0.853837563525815,0.9046221847913255,0.904238499692954,0.8696942494416842
chat_preview,ui_text,chat_ui,1200,800,512,341,93,64,64,1,4520,13464,0.33571004159239454,5.72371,30.63908539314298,0.918608465752692,0.9646663746567871,0.965131254654765,0.9439564623851925
chat_preview,ui_text,chat_ui,1200,800,512,341,93,64,64,2,8728,13464,0.6482471776589424,6.10458,34.188318318030056,0.9675308165902102,0.9939090669219773,0.9947908220347772,0.9839071347347731
chat_preview,ui_text,chat_ui,1200,800,512,341,93,64,64,3,13464,13464,1.0,8.24846,39.63446183053384,0.9898194941348158,0.9976812026841412,0.9987155781576603,0.9952464994475093
chat_preview,ui_text,chat_ui,1200,800,512,341,94,64,32,0,1268,9965,0.12724535875564474,5.2515,25.644401185009464,0.8180462836614725,0.792161177464903,0.7907734670232085,0.6452522794665786
chat_preview,ui_text,chat_ui,1200,800,512,341,94,64,32,1,2329,9965,0.2337180130456598,4.73133,28.270394753553262,0.8523445270708443,0.9038022879688062,0.9036713243442032,0.8697838083677742
chat_preview,ui_text,chat_ui,1200,800,512,341,94,64,32,2,4313,9965,0.43281485198193675,5.82058,30.60090860023148,0.917050006355158,0.9632645751253833,0.9639480083135985,0.9434051471328558
chat_preview,ui_text,chat_ui,1200,800,512,341,94,64,32,3,7095,9965,0.7119919719016558,6.444,33.97175907526933,0.9636348021959792,0.9917042369034039,0.9928759693679386,0.9823494861713928
chat_preview,ui_text,chat_ui,1200,800,512,341,94,64,32,4,9965,9965,1.0,10.1375,37.711731471979334,0.982407501570406,0.9951621422314139,0.9964744408905496,0.9922688631740038
chat_preview,ui_text,chat_ui,1200,800,512,341,94,64,64,0,1991,13995,0.14226509467667023,4.79971,28.289776908293838,0.853837563525815,0.9046221847913255,0.904238499692954,0.8696942494416842
chat_preview,ui_text,chat_ui,1200,800,512,341,94,64,64,1,4520,13995,0.3229724901750625,5.10258,30.63908539314298,0.918608465752692,0.9646663746567871,0.965131254654765,0.9439564623851925
chat_preview,ui_text,chat_ui,1200,800,512,341,94,64,64,2,9107,13995,0.6507324044301537,6.44158,34.21031717549196,0.9678332904520364,0.9941099720795429,0.9950069776619918,0.9840950639691477
chat_preview,ui_text,chat_ui,1200,800,512,341,94,64,64,3,13995,13995,1.0,6.95129,39.79467240443687,0.9903913468234351,0.9978194947244154,0.9988623663692225,0.995421422647
chat_preview,ui_text,chat_ui,1200,800,512,341,95,64,32,0,1449,17645,0.08211958061773873,7.34604,25.660238436485173,0.8185067648256088,0.7914486404434617,0.7902867195064366,0.6417562259734012
chat_preview,ui_text,chat_ui,1200,800,512,341,95,64,32,1,2685,17645,0.15216775290450552,7.31804,28.364714159739872,0.854191331345461,0.9048068377510031,0.9040704516516725,0.8706556328195799
chat_preview,ui_text,chat_ui,1200,800,512,341,95,64,32,2,5091,17645,0.2885236610937943,7.98187,30.831199904682865,0.9197808292394468,0.9645645837802244,0.9645892283308808,0.9453674546862622
chat_preview,ui_text,chat_ui,1200,800,512,341,95,64,32,3,9762,17645,0.5532445451969397,8.28096,34.864681957327306,0.9706376281993782,0.9945895267105502,0.9947227438218251,0.9862400920720761
chat_preview,ui_text,chat_ui,1200,800,512,341,95,64,32,4,17645,17645,1.0,11.3582,47.01691176087705,0.9959416346781834,0.9986953642819959,0.998831824837067,0.9987688705417564
chat_preview,ui_text,chat_ui,1200,800,512,341,95,64,64,0,2310,21799,0.1059681636772329,6.72342,28.370107777147506,0.8544024808404577,0.9049127055089095,0.9042024160136919,0.8708154661215097
chat_preview,ui_text,chat_ui,1200,800,512,341,95,64,64,1,5342,21799,0.24505711271159228,7.18067,30.848767371357848,0.9204635019418766,0.9650517460958293,0.9651030162853247,0.9457013030352932
chat_preview,ui_text,chat_ui,1200,800,512,341,95,64,64,2,11110,21799,0.5096564062571678,8.47571,34.94240493999412,0.9719435262010759,0.9953249674669156,0.9954208503140918,0.9867793305143147
chat_preview,ui_text,chat_ui,1200,800,512,341,95,64,64,3,21799,21799,1.0,11.2447,50.90420885860198,0.9980999033521526,0.9994907414209901,0.9995737642508693,0.999503122258724
chat_preview,ui_text,chat_ui,1200,800,512,341,96,64,32,0,1449,18649,0.07769853611453698,6.33017,25.660238436485173,0.8185067648256088,0.7914486404434617,0.7902867195064366,0.6417562259734012
chat_preview,ui_text,chat_ui,1200,800,512,341,96,64,32,1,2723,18649,0.1460131910558207,7.13808,28.36771703526681,0.8544330076984886,0.9048868321129174,0.904176094506816,0.8706665903920858
chat_preview,ui_text,chat_ui,1200,800,512,341,96,64,32,2,5337,18649,0.28618156469515793,7.38567,30.83476687441225,0.9198940558186391,0.9650242910322798,0.9651083538367878,0.9455304015476128
chat_preview,ui_text,chat_ui,1200,800,512,341,96,64,32,3,10093,18649,0.541208643895115,8.58837,34.86998727737968,0.9706138896505502,0.9946664807890345,0.9948246747703965,0.9862990021139765
chat_preview,ui_text,chat_ui,1200,800,512,341,96,64,32,4,18649,18649,1.0,11.273,47.36835403234724,0.9959985164489473,0.998713244203539,0.9988718726598848,0.9988320773475448
chat_preview,ui_text,chat_ui,1200,800,512,341,96,64,64,0,2310,22761,0.1014893897456175,7.33817,28.370107777147506,0.8544024808404577,0.9049127055089095,0.9042024160136919,0.8708154661215097
chat_preview,ui_text,chat_ui,1200,800,512,341,96,64,64,1,5439,22761,0.23896138131013575,7.43962,30.852124907823303,0.9206170914393071,0.9651367861147708,0.9651825697081969,0.9457610477299896
chat_preview,ui_text,chat_ui,1200,800,512,341,96,64,64,2,11854,22761,0.5208031281578138,7.51175,34.964021688779056,0.9723829350152275,0.9955658876955216,0.9956321866235196,0.9869641172869767
chat_preview,ui_text,chat_ui,1200,800,512,341,96,64,64,3,22761,22761,1.0,10.5774,51.47894050551035,0.9984724673656755,0.9996260298675014,0.9996784919337524,0.9995939833845865
chat_preview,ui_text,chat_ui,1200,800,512,341,97,64,32,0,1449,19380,0.07476780185758514,7.29446,25.660238436485173,0.8185067648256088,0.7914486404434617,0.7902867195064366,0.6417562259734012
chat_preview,ui_text,chat_ui,1200,800,512,341,97,64,32,1,2723,19380,0.14050567595459237,6.9135,28.36771703526681,0.8544330076984886,0.9048868321129174,0.904176094506816,0.8706665903920858
chat_preview,ui_text,chat_ui,1200,800,512,341,97,64,32,2,5337,19380,0.2753869969040248,5.93225,30.83476687441225,0.9198940558186391,0.9650242910322798,0.9651083538367878,0.9455304015476128
chat_preview,ui_text,chat_ui,1200,800,512,341,97,64,32,3,10487,19380,0.541124871001032,7.48967,34.896422534148485,0.9710213164730038,0.9948786482386875,0.9950323255018702,0.986506494507075
chat_preview,ui_text,chat_ui,1200,800,512,341,97,64,32,4,19380,19380,1.0,10.5927,48.22210191680226,0.9966092504716904,0.9988683719945756,0.9990139250833453,0.9990083734064304
chat_preview,ui_text,chat_ui,1200,800,512,341,97,64,64,0,2310,23833,0.09692443250954559,6.81304,28.370107777147506,0.8544024808404577,0.9049127055089095,0.9042024160136919,0.8708154661215097
chat_preview,ui_text,chat_ui,1200,800,512,341,97,64,64,1,5439,23833,0.22821298199974824,6.28717,30.852124907823303,0.9206170914393071,0.9651367861147708,0.9651825697081969,0.9457610477299896
chat_preview,ui_text,chat_ui,1200,800,512,341,97,64,64,2,11854,23833,0.4973775857004993,8.45954,34.964021688779056,0.9723829350152275,0.9955658876955216,0.9956321866235196,0.9869641172869767
chat_preview,ui_text,chat_ui,1200,800,512,341,97,64,64,3,23833,23833,1.0,10.7515,52.02327959379935,0.9985470273122182,0.9996665161466917,0.9997205473708916,0.9996347132538653
chat_preview,ui_text,chat_ui,1200,800,512,341,98,64,32,0,1449,20169,0.07184292726461401,6.77596,25.660238436485173,0.8185067648256088,0.7914486404434617,0.7902867195064366,0.6417562259734012
chat_preview,ui_text,chat_ui,1200,800,512,341,98,64,32,1,2795,20169,0.138579007387575,7.42708,28.367272315906902,0.8541872695397988,0.9046303699021928,0.9040436589287705,0.8706940024055548
chat_preview,ui_text,chat_ui,1200,800,512,341,98,64,32,2,5572,20169,0.27626555605136593,6.84096,30.830533980927385,0.9198964077766575,0.9648156453802957,0.9648537964630259,0.945490402675522
chat_preview,ui_text,chat_ui,1200,800,512,341,98,64,32,3,10935,20169,0.5421686746987951,8.70838,34.89065189754681,0.9710278965051092,0.994715785975134,0.9948760386081078,0.986439211215545
chat_preview,ui_text,chat_ui,1200,800,512,341,98,64,32,4,20169,20169,1.0,10.8831,48.11582993429951,0.9966514915189091,0.9987471707759354,0.9989073148348396,0.998929291424381
chat_preview,ui_text,chat_ui,1200,800,512,341,98,64,64,0,2310,25031,0.09228556589828613,6.60758,28.370107777147506,0.8544024808404577,0.9049127055089095,0.9042024160136919,0.8708154661215097
chat_preview,ui_text,chat_ui,1200,800,512,341,98,64,64,1,5588,25031,0.2232431784587112,6.77767,30.849068308418687,0.920616342265174,0.9650687965439385,0.965150504131022,0.9456959775321591
chat_preview,ui_text,chat_ui,1200,800,512,341,98,64,64,2,12445,25031,0.497183492469338,8.57383,34.959262987471156,0.9723297007712116,0.9954686065355234,0.9955820190443467,0.986904449393595
chat_preview,ui_text,chat_ui,1200,800,512,341,98,64,64,3,25031,25031,1.0,10.8143,51.75563472414979,0.998445949992726,0.99957633347885,0.9996767663507122,0.9995771941499004
chat_preview,ui_text,chat_ui,1200,800,512,341,99,64,32,0,1449,21303,0.06801858893113646,6.36079,25.660238436485173,0.8185067648256088,0.7914486404434617,0.7902867195064366,0.6417562259734012
chat_preview,ui_text,chat_ui,1200,800,512,341,99,64,32,1,2825,21303,0.13261043045580434,6.90933,28.36739113093519,0.8541723736343778,0.9046121720078416,0.9039733842473758,0.8707113300270247
chat_preview,ui_text,chat_ui,1200,800,512,341,99,64,32,2,5638,21303,0.2646575599680796,7.81917,30.832241532047036,0.9198992721066724,0.9648303566101822,0.9648743919566544,0.9455303759106478
chat_preview,ui_text,chat_ui,1200,800,512,341,99,64,32,3,11193,21303,0.5254189550767497,7.56212,34.88506641688352,0.9711829449128572,0.9947104696635015,0.994869544036535,0.9863529727858862
chat_preview,ui_text,chat_ui,1200,800,512,341,99,64,32,4,21303,21303,1.0,11.5289,48.526100265216016,0.9970685695715096,0.998839207119174,0.9989941889238321,0.9989750439059802
chat_preview,ui_text,chat_ui,1200,800,512,341,99,64,64,0,2310,25875,0.08927536231884058,7.39275,28.370107777147506,0.8544024808404577,0.9049127055089095,0.9042024160136919,0.8708154661215097
chat_preview,ui_text,chat_ui,1200,800,512,341,99,64,64,1,5682,25875,0.21959420289855072,6.97104,30.848126651090674,0.9205974573743365,0.9650513613191848,0.9651270522991016,0.9456687885151506
chat_preview,ui_text,chat_ui,1200,800,512,341,99,64,64,2,12646,25875,0.4887342995169082,8.46117,34.95859272778696,0.972309305920994,0.995457848354841,0.9955741225025693,0.9868936866735155
chat_preview,ui_text,chat_ui,1200,800,512,341,99,64,64,3,25875,25875,1.0,10.6504,52.337680704600764,0.9987193605788506,0.9995997312783623,0.9997022229038757,0.99959373725411
chat_preview,ui_text,chat_ui,1200,800,512,341,100,64,32,0,1449,40426,0.03584326918319893,6.38771,25.660238436485173,0.8185067648256088,0.7914486404434617,0.7902867195064366,0.6417562259734012
chat_preview,ui_text,chat_ui,1200,800,512,341,100,64,32,1,2893,40426,0.07156285558798793,6.53775,28.370107777147506,0.8544024808404577,0.9049127055089095,0.9042024160136919,0.8708154661215097
chat_preview,ui_text,chat_ui,1200,800,512,341,100,64,32,2,6410,40426,0.15856132192153566,6.87033,30.85419115706649,0.9208954187379074,0.9652666407989976,0.9652305553657962,0.9458031103163609
chat_preview,ui_text,chat_ui,1200,800,512,341,100,64,32,3,15447,40426,0.3821055756196507,9.04467,34.98801757732204,0.972843226824787,0.99569429785082,0.9957106261530831,0.9870633217998637
chat_preview,ui_text,chat_ui,1200,800,512,341,100,64,32,4,40426,40426,1.0,11.937,99.0,1.0,1.0,0.9999999999975234,1.0
chat_preview,ui_text,chat_ui,1200,800,512,341,100,64,64,0,2310,39843,0.057977561930577515,6.35687,28.370107777147506,0.8544024808404577,0.9049127055089095,0.9042024160136919,0.8708154661215097
chat_preview,ui_text,chat_ui,1200,800,512,341,100,64,64,1,5827,39843,0.14624902743267323,7.24454,30.85419115706649,0.9208954187379074,0.9652666407989976,0.9652305553657962,0.9458031103163609
chat_preview,ui_text,chat_ui,1200,800,512,341,100,64,64,2,14864,39843,0.3730642772883568,8.80042,34.98801757732204,0.972843226824787,0.99569429785082,0.9957106261530831,0.9870633217998637
chat_preview,ui_text,chat_ui,1200,800,512,341,100,64,64,3,39843,39843,1.0,12.0468,99.0,1.0,1.0,0.9999999999975234,1.0
chat_preview,ui_text,meme_card,1200,800,512,341,1,64,32,0,1002,1720,0.5825581395348837,4.62783,22.16175482816121,0.7574419555290706,0.8906903792331632,0.8998455984788242,0.9611277601757996
chat_preview,ui_text,meme_card,1200,800,512,341,1,64,32,1,1321,1720,0.7680232558139535,4.98167,25.207993519498324,0.8454159987219775,0.9352639285675549,0.9441267408603685,0.9841996129558525
chat_preview,ui_text,meme_card,1200,800,512,341,1,64,32,2,1597,1720,0.9284883720930233,4.93692,28.719496114911642,0.9022003993926896,0.9583043416534881,0.9732528920736309,0.9942185869799269
chat_preview,ui_text,meme_card,1200,800,512,341,1,64,32,3,1720,1720,1.0,5.16175,29.592007865757928,0.9054195178286516,0.957630246979162,0.9739754220142581,0.994918791164827
chat_preview,ui_text,meme_card,1200,800,512,341,1,64,32,4,1720,1720,1.0,5.04892,29.592007865757928,0.9054195178286516,0.957630246979162,0.9739754220142581,0.994918791164827
chat_preview,ui_text,meme_card,1200,800,512,341,1,64,64,0,1560,2810,0.5551601423487544,4.97892,25.29534296482325,0.838443019727385,0.9331407069808332,0.9435014420984875,0.9846819798063163
chat_preview,ui_text,meme_card,1200,800,512,341,1,64,64,1,2061,2810,0.7334519572953737,5.213,29.502471973568074,0.9090308926622224,0.9627217639740668,0.9763176304909752,0.9956349563597638
chat_preview,ui_text,meme_card,1200,800,512,341,1,64,64,2,2374,2810,0.8448398576512456,5.23558,31.221456195193575,0.9194112411537261,0.9641972411518257,0.9793399524855931,0.9970723661311883
chat_preview,ui_text,meme_card,1200,800,512,341,1,64,64,3,2810,2810,1.0,5.82979,32.50852153043078,0.9247101910334351,0.9656490957160476,0.9809129153604983,0.9976577578732077
chat_preview,ui_text,meme_card,1200,800,512,341,2,64,32,0,1002,1720,0.5825581395348837,4.76621,22.16175482816121,0.7574419555290706,0.8906903792331632,0.8998455984788242,0.9611277601757996
chat_preview,ui_text,meme_card,1200,800,512,341,2,64,32,1,1321,1720,0.7680232558139535,4.95758,25.207993519498324,0.8454159987219775,0.9352639285675549,0.9441267408603685,0.9841996129558525
chat_preview,ui_text,meme_card,1200,800,512,341,2,64,32,2,1597,1720,0.9284883720930233,5.02396,28.72392802051147,0.9022678388055412,0.9583321796578606,0.9732596285112788,0.9942260955427643
chat_preview,ui_text,meme_card,1200,800,512,341,2,64,32,3,1720,1720,1.0,5.31858,29.593548294539108,0.905475995004189,0.9576461678327964,0.9739754824570676,0.9949214211055332
chat_preview,ui_text,meme_card,1200,800,512,341,2,64,32,4,1720,1720,1.0,5.3495,29.593548294539108,0.905475995004189,0.9576461678327964,0.9739754824570676,0.9949214211055332
chat_preview,ui_text,meme_card,1200,800,512,341,2,64,64,0,1560,2810,0.5551601423487544,4.94088,25.29534296482325,0.838443019727385,0.9331407069808332,0.9435014420984875,0.9846819798063163
chat_preview,ui_text,meme_card,1200,800,512,341,2,64,64,1,2061,2810,0.7334519572953737,5.09925,29.502471973568074,0.9090308926622224,0.9627217639740668,0.9763176304909752,0.9956349563597638
chat_preview,ui_text,meme_card,1200,800,512,341,2,64,64,2,2374,2810,0.8448398576512456,5.23517,31.22175977105153,0.9194112461044354,0.964198414747769,0.9793395855498572,0.9970726449861159
chat_preview,ui_text,meme_card,1200,800,512,341,2,64,64,3,2810,2810,1.0,5.67229,32.50925999692045,0.924712833798782,0.9656500178907769,0.9809130453917889,0.9976580329684515
chat_preview,ui_text,meme_card,1200,800,512,341,3,64,32,0,1002,1734,0.5778546712802768,4.89196,22.16175482816121,0.7574419555290706,0.8906903792331632,0.8998455984788242,0.9611277601757996
chat_preview,ui_text,meme_card,1200,800,512,341,3,64,32,1,1324,1734,0.7635524798154556,4.84912,25.216482114068114,0.8453856373600251,0.9352514565105802,0.9440571155420561,0.9842330122680866
chat_preview,ui_text,meme_card,1200,800,512,341,3,64,32,2,1610,1734,0.9284890426758939,4.95662,28.760310690710433,0.9016509192597667,0.9581674353706133,0.9727502042139043,0.9942530812500537
chat_preview,ui_text,meme_card,1200,800,512,341,3,64,32,3,1734,1734,1.0,5.03029,29.657738024865708,0.9056528928897803,0.9574248756946141,0.9733175642917801,0.9949286643321192
chat_preview,ui_text,meme_card,1200,800,512,341,3,64,32,4,1734,1734,1.0,5.01146,29.657738024865708,0.9056528928897803,0.9574248756946141,0.9733175642917801,0.9949286643321192
chat_preview,ui_text,meme_card,1200,800,512,341,3,64,64,0,1560,2820,0.5531914893617021,4.77796,25.29534296482325,0.838443019727385,0.9331407069808332,0.9435014420984875,0.9846819798063163
chat_preview,ui_text,meme_card,1200,800,512,341,3,64,64,1,2064,2820,0.7319148936170212,5.38212,29.506003592093172,0.9089685422835986,0.9626988700630074,0.9762780627574684,0.9956370529457551
chat_preview,ui_text,meme_card,1200,800,512,341,3,64,64,2,2376,2820,0.8425531914893617,5.13196,31.24940960460644,0.9193937549129387,0.9641339457639536,0.9793384739218974,0.9970914097138963
chat_preview,ui_text,meme_card,1200,800,512,341,3,64,64,3,2820,2820,1.0,5.74125,32.58832420620046,0.9248198334072443,0.9656202478394165,0.9809286390540215,0.997690566636066
chat_preview,ui_text,meme_card,1200,800,512,341,4,64,32,0,1022,1784,0.5728699551569507,4.80933,22.16175482816121,0.7574419555290706,0.8906903792331632,0.8998455984788242,0.9611277601757996
chat_preview,ui_text,meme_card,1200,800,512,341,4,64,32,1,1346,1784,0.7544843049327354,4.91196,25.21595912142835,0.8453720033755682,0.9352500037656647,0.9440641884788933,0.9842309780550158
chat_preview,ui_text,meme_card,1200,800,512,341,4,64,32,2,1632,1784,0.9147982062780269,5.08812,28.759495855508064,0.9018222650214872,0.9582022114857658,0.9727537540452225,0.9942530994311688
chat_preview,ui_text,meme_card,1200,800,512,341,4,64,32,3,1756,1784,0.984304932735426,5.08275,29.679803664077976,0.9058036808055924,0.9574981389317282,0.9733426050446674,0.9949524855475824
chat_preview,ui_text,meme_card,1200,800,512,341,4,64,32,4,1784,1784,1.0,5.31917,29.681899093850003,0.9058696636924869,0.9575168157532756,0.9733587792912163,0.9949548599950133
chat_preview,ui_text,meme_card,1200,800,512,341,4,64,64,0,1560,2822,0.5527994330262226,4.9305,25.29534296482325,0.838443019727385,0.9331407069808332,0.9435014420984875,0.9846819798063163
chat_preview,ui_text,meme_card,1200,800,512,341,4,64,64,1,2064,2822,0.7313961729270021,5.05829,29.505977530984076,0.9089685653043632,0.9626988848289931,0.9762780677010969,0.9956369968985938
chat_preview,ui_text,meme_card,1200,800,512,341,4,64,64,2,2378,2822,0.8426647767540751,5.21592,31.248569618369807,0.9193772867404189,0.9641359794154929,0.9793398960153877,0.9970913795278623
chat_preview,ui_text,meme_card,1200,800,512,341,4,64,64,3,2822,2822,1.0,5.75721,32.61859131748323,0.9248193873487013,0.965638542264676,0.9809397769214119,0.9976993182971678
chat_preview,ui_text,meme_card,1200,800,512,341,5,64,32,0,1022,1794,0.5696767001114827,4.84138,22.16175482816121,0.7574419555290706,0.8906903792331632,0.8998455984788242,0.9611277601757996
chat_preview,ui_text,meme_card,1200,800,512,341,5,64,32,1,1353,1794,0.754180602006689,5.22471,25.22122502241748,0.8458449772161317,0.9358786364608328,0.9448697796241228,0.9842833832156319
chat_preview,ui_text,meme_card,1200,800,512,341,5,64,32,2,1642,1794,0.915273132664437,4.97554,28.764212363426562,0.9024725741327146,0.9586445281520888,0.9736487269237651,0.9942745965282777
chat_preview,ui_text,meme_card,1200,800,512,341,5,64,32,3,1766,1794,0.9843924191750278,5.08408,29.71264021911392,0.9060809679264837,0.9579199827785524,0.9741911505665973,0.9950113250375817
chat_preview,ui_text,meme_card,1200,800,512,341,5,64,32,4,1794,1794,1.0,5.15412,29.714984646843195,0.9061500574963833,0.9579385164404454,0.9742071743916697,0.995013715155831
chat_preview,ui_text,meme_card,1200,800,512,341,5,64,64,0,1560,2834,0.5504587155963303,4.84196,25.29534296482325,0.838443019727385,0.9331407069808332,0.9435014420984875,0.9846819798063163
chat_preview,ui_text,meme_card,1200,800,512,341,5,64,64,1,2075,2834,0.7321806633733239,5.11333,29.50051327464079,0.9086952714131482,0.9625907608301466,0.9762990379823766,0.9956366896626629
chat_preview,ui_text,meme_card,1200,800,512,341,5,64,64,2,2390,2834,0.8433309809456598,5.09975,31.22000263628545,0.919326225249479,0.9640406436154993,0.9794055710445317,0.9970718657724323
chat_preview,ui_text,meme_card,1200,800,512,341,5,64,64,3,2834,2834,1.0,5.9825,32.578733873560196,0.9246024337193212,0.9654672337749259,0.9809461986298179,0.997670587089004
chat_preview,ui_text,meme_card,1200,800,512,341,6,64,32,0,1025,1803,0.5684969495285636,5.00029,22.179460163906928,0.7588369623269942,0.8926361511883117,0.9001359856462015,0.9613689300298499
chat_preview,ui_text,meme_card,1200,800,512,341,6,64,32,1,1357,1803,0.7526344980587909,5.11862,25.236987045528473,0.8471856652200324,0.9380638311115371,0.9454748160783643,0.984410063627527
chat_preview,ui_text,meme_card,1200,800,512,341,6,64,32,2,1650,1803,0.9151414309484193,4.95096,28.803841513780327,0.9046833673149609,0.9609864379445372,0.9744181539822528,0.994385549363325
chat_preview,ui_text,meme_card,1200,800,512,341,6,64,32,3,1775,1803,0.9844703272323905,5.16717,29.796802959031155,0.9084049525419857,0.9603243531715894,0.9749311813432385,0.9951495534090528
chat_preview,ui_text,meme_card,1200,800,512,341,6,64,32,4,1803,1803,1.0,5.38,29.79932428318131,0.9084751976642872,0.9603435780239655,0.9749478053778268,0.995152060465519
chat_preview,ui_text,meme_card,1200,800,512,341,6,64,64,0,1580,2862,0.5520614954577219,4.71717,25.330389727086008,0.8397359517569583,0.935012068832814,0.9437329933051549,0.9848319164337721
chat_preview,ui_text,meme_card,1200,800,512,341,6,64,64,1,2097,2862,0.7327044025157232,4.86658,29.572193046621923,0.9104165046877996,0.9646977304212482,0.9764755074881577,0.9957559168542044
chat_preview,ui_text,meme_card,1200,800,512,341,6,64,64,2,2414,2862,0.843466107617051,5.33554,31.351911428011455,0.9210143001479131,0.9661762793928158,0.979690514487249,0.9972045245490868
chat_preview,ui_text,meme_card,1200,800,512,341,6,64,64,3,2862,2862,1.0,6.17696,32.796030402940175,0.9265065697164451,0.9676324067440745,0.9812585047995471,0.9978138975257053
chat_preview,ui_text,meme_card,1200,800,512,341,7,64,32,0,1025,1803,0.5684969495285636,4.95883,22.179460163906928,0.7588369623269942,0.8926361511883117,0.9001359856462015,0.9613689300298499
chat_preview,ui_text,meme_card,1200,800,512,341,7,64,32,1,1357,1803,0.7526344980587909,4.84983,25.23778171249045,0.8472508516447084,0.9380877049121373,0.9454926789908484,0.9844128513895722
chat_preview,ui_text,meme_card,1200,800,512,341,7,64,32,2,1650,1803,0.9151414309484193,5.22746,28.808328687665245,0.9048941677007428,0.9610398283645624,0.9744323226857435,0.9943930077389109
chat_preview,ui_text,meme_card,1200,800,512,341,7,64,32,3,1775,1803,0.9844703272323905,5.08688,29.80356626740354,0.9088905170394277,0.9603936318617182,0.9750398407434296,0.9951563079225652
chat_preview,ui_text,meme_card,1200,800,512,341,7,64,32,4,1803,1803,1.0,5.12883,29.806245542747725,0.9089610808078773,0.9604128661967694,0.9750565444896246,0.9951588819477577
chat_preview,ui_text,meme_card,1200,800,512,341,7,64,64,0,1580,2863,0.5518686692280824,5.53129,25.330389727086008,0.8397359517569583,0.935012068832814,0.9437329933051549,0.9848319164337721
chat_preview,ui_text,meme_card,1200,800,512,341,7,64,64,1,2098,2863,0.7327977645826057,5.45688,29.572414565554066,0.9103983597721412,0.9646889425408111,0.9764812719468786,0.9957567374248302
chat_preview,ui_text,meme_card,1200,800,512,341,7,64,64,2,2415,2863,0.843520782396088,5.73471,31.35109176147502,0.9210267897106119,0.966168389883535,0.9796950420131862,0.9972037348036872
chat_preview,ui_text,meme_card,1200,800,512,341,7,64,64,3,2863,2863,1.0,5.82096,32.80089689165688,0.926558411910681,0.9676245686823686,0.9812638450919676,0.997814320534628
chat_preview,ui_text,meme_card,1200,800,512,341,8,64,32,0,1025,1815,0.5647382920110193,5.18687,22.179460163906928,0.7588369623269942,0.8926361511883117,0.9001359856462015,0.9613689300298499
chat_preview,ui_text,meme_card,1200,800,512,341,8,64,32,1,1357,1815,0.7476584022038567,4.88112,25.245600485016123,0.8471371663599099,0.938062428763561,0.9454364304172175,0.9844395669607322
chat_preview,ui_text,meme_card,1200,800,512,341,8,64,32,2,1659,1815,0.9140495867768595,5.36687,28.845793782826842,0.9045299172107878,0.9611754173635708,0.974416107330983,0.9944546399470326
chat_preview,ui_text,meme_card,1200,800,512,341,8,64,32,3,1787,1815,0.984573002754821,5.06329,29.86553727439796,0.9088315899366654,0.9606144265556917,0.9750863581909729,0.9952183429469238
chat_preview,ui_text,meme_card,1200,800,512,341,8,64,32,4,1815,1815,1.0,5.77379,29.86825333553055,0.9088966111081266,0.9606378662986654,0.9751054998965024,0.9952216520718339
chat_preview,ui_text,meme_card,1200,800,512,341,8,64,64,0,1620,2996,0.540720961281709,4.68258,25.330389727086008,0.8397359517569583,0.935012068832814,0.9437329933051549,0.9848319164337721
chat_preview,ui_text,meme_card,1200,800,512,341,8,64,64,1,2142,2996,0.7149532710280374,5.18296,29.583699233613277,0.9106070712421586,0.9647655903905239,0.976495448901816,0.9957715341423141
chat_preview,ui_text,meme_card,1200,800,512,341,8,64,64,2,2542,2996,0.8484646194926568,5.34833,31.38506572906435,0.9211814919623206,0.9663340713941899,0.9797673313494359,0.9972346318778709
chat_preview,ui_text,meme_card,1200,800,512,341,8,64,64,3,2996,2996,1.0,5.80971,32.924593417789325,0.926897728642949,0.96783475910771,0.9813678738842746,0.9978685936514332
chat_preview,ui_text,meme_card,1200,800,512,341,9,64,32,0,1025,1818,0.5638063806380638,4.66208,22.179460163906928,0.7588369623269942,0.8926361511883117,0.9001359856462015,0.9613689300298499
chat_preview,ui_text,meme_card,1200,800,512,341,9,64,32,1,1357,1818,0.7464246424642464,5.02792,25.245659454780945,0.8471407974983585,0.9380640262475586,0.9454363807164391,0.9844397526262674
chat_preview,ui_text,meme_card,1200,800,512,341,9,64,32,2,1662,1818,0.9141914191419142,5.36754,28.855117070769456,0.9045828333638656,0.9612283516593658,0.9744490959011007,0.994467113547313
chat_preview,ui_text,meme_card,1200,800,512,341,9,64,32,3,1790,1818,0.9845984598459846,5.38346,29.889824135035173,0.9087842891581137,0.96071440673945,0.975212945317355,0.9952477662487574
chat_preview,ui_text,meme_card,1200,800,512,341,9,64,32,4,1818,1818,1.0,5.65637,29.89262360313546,0.9088492198861576,0.9607376666639719,0.9752320097818118,0.9952510790593393
chat_preview,ui_text,meme_card,1200,800,512,341,9,64,64,0,1620,3005,0.5391014975041597,5.49629,25.330389727086008,0.8397359517569583,0.935012068832814,0.9437329933051549,0.9848319164337721
chat_preview,ui_text,meme_card,1200,800,512,341,9,64,64,1,2142,3005,0.7128119800332778,4.89175,29.58381242894136,0.9106068935583295,0.9647654972251892,0.9764954197130796,0.9957716477682972
chat_preview,ui_text,meme_card,1200,800,512,341,9,64,64,2,2550,3005,0.848585690515807,5.256,31.383503945813622,0.9211571131651622,0.9663139489399115,0.9797641485125416,0.9972337142330183
chat_preview,ui_text,meme_card,1200,800,512,341,9,64,64,3,3005,3005,1.0,5.97821,32.933202733987216,0.9269031436695685,0.9678189424682971,0.9813727992766482,0.9978706295114093
chat_preview,ui_text,meme_card,1200,800,512,341,10,64,32,0,1025,1915,0.5352480417754569,4.88017,22.179460163906928,0.7588369623269942,0.8926361511883117,0.9001359856462015,0.9613689300298499
chat_preview,ui_text,meme_card,1200,800,512,341,10,64,32,1,1357,1915,0.7086161879895562,5.3005,25.24586423372068,0.847083224433117,0.9380597553538773,0.945432967337203,0.9844374286826979
chat_preview,ui_text,meme_card,1200,800,512,341,10,64,32,2,1664,1915,0.8689295039164491,7.86367,28.857682840934036,0.9045954959294611,0.9612573784331615,0.9744485454686722,0.9944704904082313
chat_preview,ui_text,meme_card,1200,800,512,341,10,64,32,3,1796,1915,0.9378590078328982,4.95042,29.910001564504988,0.9088681778484166,0.960778172406541,0.9752088076604609,0.9952640578008186
chat_preview,ui_text,meme_card,1200,800,512,341,10,64,32,4,1915,1915,1.0,5.34383,29.91327089861557,0.908961570789821,0.960797093678717,0.9752244164145307,0.995266761776902
chat_preview,ui_text,meme_card,1200,800,512,341,10,64,64,0,1620,3021,0.5362462760675273,4.74546,25.330389727086008,0.8397359517569583,0.935012068832814,0.9437329933051549,0.9848319164337721
chat_preview,ui_text,meme_card,1200,800,512,341,10,64,64,1,2142,3021,0.7090367428003972,5.20971,29.583862597312823,0.9105719023948438,0.9647516711148137,0.9764964082776056,0.9957727763099896
chat_preview,ui_text,meme_card,1200,800,512,341,10,64,64,2,2555,3021,0.8457464415756372,5.31933,31.38495136046408,0.9211654572079281,0.9663188083693504,0.9797792581616814,0.9972350709582957
chat_preview,ui_text,meme_card,1200,800,512,341,10,64,64,3,3021,3021,1.0,5.87337,33.074233618256685,0.9272772232693328,0.9679248947705411,0.9814765355815587,0.9979155555210569
chat_preview,ui_text,meme_card,1200,800,512,341,11,64,32,0,1052,1951,0.5392106611993849,5.1935,22.20924466589782,0.7581357714118045,0.8940142622967843,0.9019990953943853,0.9614491468617408
chat_preview,ui_text,meme_card,1200,800,512,341,11,64,32,1,1390,1951,0.7124551512045105,5.06233,25.306340171818857,0.8495055852129462,0.9396660233129625,0.9475086420695993,0.9846253506785861
chat_preview,ui_text,meme_card,1200,800,512,341,11,64,32,2,1700,1951,0.8713480266529985,5.00425,29.007197459792565,0.9079914464027959,0.9636432045926869,0.9772009217823755,0.9947302219522063
chat_preview,ui_text,meme_card,1200,800,512,341,11,64,32,3,1832,1951,0.93900563813429,5.58121,30.094676568360832,0.9122626309637686,0.9631278670232896,0.9780179639838729,0.9955141187819272
chat_preview,ui_text,meme_card,1200,800,512,341,11,64,32,4,1951,1951,1.0,5.16579,30.098588194234722,0.9123614690897055,0.9631476572628781,0.9780342830561298,0.9955171052247026
chat_preview,ui_text,meme_card,1200,800,512,341,11,64,64,0,1663,3074,0.5409889394925179,4.91596,25.368905934298812,0.8424320578496084,0.9383036487874126,0.9458401697030028,0.9850401354473168
chat_preview,ui_text,meme_card,1200,800,512,341,11,64,64,1,2188,3074,0.7117761873780091,5.12254,29.69035113811371,0.9135966663053678,0.9677103183998869,0.9784024775266158,0.9959299362632696
chat_preview,ui_text,meme_card,1200,800,512,341,11,64,64,2,2608,3074,0.8484059856864021,5.42537,31.560619387419916,0.924808076889983,0.9695479083658731,0.98191330876602,0.9973719224272262
chat_preview,ui_text,meme_card,1200,800,512,341,11,64,64,3,3074,3074,1.0,5.56808,33.336111181640106,0.930839092079716,0.9711571160856897,0.9836214659989266,0.9980564742920992
chat_preview,ui_text,meme_card,1200,800,512,341,12,64,32,0,1052,1954,0.5383828045035824,4.97421,22.20924466589782,0.7581357714118045,0.8940142622967843,0.9019990953943853,0.9614491468617408
chat_preview,ui_text,meme_card,1200,800,512,341,12,64,32,1,1390,1954,0.7113613101330604,4.868,25.306301574663546,0.849511622983467,0.9396694429605489,0.9475088807376083,0.9846252565286596
chat_preview,ui_text,meme_card,1200,800,512,341,12,64,32,2,1700,1954,0.8700102354145343,5.03379,29.0088996176955,0.9081880437562773,0.9636893832100784,0.9771994658669118,0.9947316878076722
chat_preview,ui_text,meme_card,1200,800,512,341,12,64,32,3,1835,1954,0.9390992835209826,5.13929,30.129113229912086,0.9125376104637376,0.9632505325544077,0.9780123419493053,0.9955381233512259
chat_preview,ui_text,meme_card,1200,800,512,341,12,64,32,4,1954,1954,1.0,5.07517,30.133463094963652,0.9126375921771864,0.9632703839623509,0.9780286294631714,0.9955413101112304
chat_preview,ui_text,meme_card,1200,800,512,341,12,64,64,0,1663,3077,0.5404614884627884,4.89975,25.368905934298812,0.8424320578496084,0.9383036487874126,0.9458401697030028,0.9850401354473168
chat_preview,ui_text,meme_card,1200,800,512,341,12,64,64,1,2188,3077,0.7110822229444264,5.04383,29.69029889325803,0.9135988285601803,0.9677108074632829,0.9784025377413997,0.9959298653846026
chat_preview,ui_text,meme_card,1200,800,512,341,12,64,64,2,2608,3077,0.8475788105297367,5.60483,31.563101217551562,0.9248238931232472,0.969555924209391,0.9819133343094901,0.9973735150034589
chat_preview,ui_text,meme_card,1200,800,512,341,12,64,64,3,3077,3077,1.0,6.95304,33.40342734185962,0.931017114361727,0.9712177024146965,0.9836483992262387,0.9980738487734324
chat_preview,ui_text,meme_card,1200,800,512,341,13,64,32,0,1052,1966,0.5350966429298067,4.82613,22.20924466589782,0.7581357714118045,0.8940142622967843,0.9019990953943853,0.9614491468617408
chat_preview,ui_text,meme_card,1200,800,512,341,13,64,32,1,1392,1966,0.7080366225839267,4.73375,25.306521133011323,0.8494224321362852,0.9396530244524177,0.9475997318656004,0.9846233019162146
chat_preview,ui_text,meme_card,1200,800,512,341,13,64,32,2,1711,1966,0.87029501525941,4.81117,29.032786775001753,0.908005315808146,0.9636913327046251,0.9773074309700698,0.9947738429944842
chat_preview,ui_text,meme_card,1200,800,512,341,13,64,32,3,1846,1966,0.9389623601220752,5.2095,30.161411462888815,0.912712096107276,0.9631656298664838,0.9780705269636656,0.995552485211126
chat_preview,ui_text,meme_card,1200,800,512,341,13,64,32,4,1966,1966,1.0,5.21113,30.162367743095185,0.9128129487240703,0.9631656002104361,0.9780693812481882,0.995551166463334
chat_preview,ui_text,meme_card,1200,800,512,341,13,64,64,0,1663,3089,0.538361929426999,4.73262,25.368905934298812,0.8424320578496084,0.9383036487874126,0.9458401697030028,0.9850401354473168
chat_preview,ui_text,meme_card,1200,800,512,341,13,64,64,1,2192,3089,0.7096147620589187,4.98612,29.689987099528373,0.9135734063235578,0.967723575028215,0.9783934059728421,0.995933626344365
chat_preview,ui_text,meme_card,1200,800,512,341,13,64,64,2,2620,3089,0.8481709291032696,5.27646,31.58268286703708,0.9250534610487441,0.9697256677871143,0.9819973103276914,0.9973970498700724
chat_preview,ui_text,meme_card,1200,800,512,341,13,64,64,3,3089,3089,1.0,6.15537,33.45714194633826,0.9313736711829353,0.9714170043920274,0.9837542919518971,0.9981045959324093
chat_preview,ui_text,meme_card,1200,800,512,341,14,64,32,0,1052,1966,0.5350966429298067,5.04237,22.20924466589782,0.7581357714118045,0.8940142622967843,0.9019990953943853,0.9614491468617408
chat_preview,ui_text,meme_card,1200,800,512,341,14,64,32,1,1392,1966,0.7080366225839267,5.19912,25.306521133011323,0.8494224321362852,0.9396530244524177,0.9475997318656004,0.9846233019162146
chat_preview,ui_text,meme_card,1200,800,512,341,14,64,32,2,1711,1966,0.87029501525941,5.45729,29.040245892503528,0.908138873201112,0.9637342779017269,0.9773187109149077,0.9947840818797034
chat_preview,ui_text,meme_card,1200,800,512,341,14,64,32,3,1846,1966,0.9389623601220752,5.12412,30.187034971971656,0.9129114504845908,0.9633063031168452,0.9781274318777908,0.9955801002027487
chat_preview,ui_text,meme_card,1200,800,512,341,14,64,32,4,1966,1966,1.0,5.31329,30.1883423298225,0.9130097258118562,0.9633055975706889,0.9781257491210472,0.9955790102901805
chat_preview,ui_text,meme_card,1200,800,512,341,14,64,64,0,1663,3093,0.5376656967345619,5.37637,25.368905934298812,0.8424320578496084,0.9383036487874126,0.9458401697030028,0.9850401354473168
chat_preview,ui_text,meme_card,1200,800,512,341,14,64,64,1,2192,3093,0.7086970578726156,4.76442,29.689987099528373,0.9135734063235578,0.967723575028215,0.9783934059728421,0.995933626344365
chat_preview,ui_text,meme_card,1200,800,512,341,14,64,64,2,2620,3093,0.8470740381506627,5.48742,31.5843870123311,0.9250717714801008,0.9697316408866703,0.9819976291199429,0.9973983439966116
chat_preview,ui_text,meme_card,1200,800,512,341,14,64,64,3,3093,3093,1.0,6.23708,33.53928160096012,0.9317359133928641,0.9715545227338033,0.9838244322920279,0.9981303752072451
chat_preview,ui_text,meme_card,1200,800,512,341,15,64,32,0,1064,1988,0.5352112676056338,4.96862,22.220742773963174,0.7591233416536834,0.8955153971186975,0.9020552817761416,0.9616087536989095
chat_preview,ui_text,meme_card,1200,800,512,341,15,64,32,1,1405,1988,0.7067404426559356,4.80692,25.318653455706976,0.8508194671345753,0.941054719918986,0.9476908095469192,0.9847123630850849
chat_preview,ui_text,meme_card,1200,800,512,341,15,64,32,2,1730,1988,0.8702213279678068,5.45783,29.093652222754066,0.9094133410885389,0.9653584679761021,0.977549028062978,0.9949030608699012
chat_preview,ui_text,meme_card,1200,800,512,341,15,64,32,3,1865,1988,0.9381287726358148,5.23492,30.25160625442063,0.9143089612358569,0.9649255725253663,0.9783243011590539,0.9956849757659907
chat_preview,ui_text,meme_card,1200,800,512,341,15,64,32,4,1988,1988,1.0,5.19129,30.252771954211838,0.9144588480941617,0.964916146315456,0.9783132099627208,0.9956831095106173
chat_preview,ui_text,meme_card,1200,800,512,341,15,64,64,0,1677,3117,0.5380173243503369,4.783,25.40496518598787,0.844895507577088,0.9402519288160431,0.9461508199725455,0.9852193721213774
chat_preview,ui_text,meme_card,1200,800,512,341,15,64,64,1,2210,3117,0.7090150786012192,4.92612,29.749989699876576,0.9167109824887167,0.9697844936261509,0.9786611920648038,0.9960480962642588
chat_preview,ui_text,meme_card,1200,800,512,341,15,64,64,2,2642,3117,0.847609881296118,5.35354,31.64873016819826,0.9281158675452431,0.9717210860599175,0.9823734473169112,0.9974922504997935
chat_preview,ui_text,meme_card,1200,800,512,341,15,64,64,3,3117,3117,1.0,5.95267,33.685770485628375,0.9349519536840694,0.9735919167138842,0.984172459276887,0.9982364440374947
chat_preview,ui_text,meme_card,1200,800,512,341,16,64,32,0,1064,1991,0.5344048216976394,4.90567,22.220742773963174,0.7591233416536834,0.8955153971186975,0.9020552817761416,0.9616087536989095
chat_preview,ui_text,meme_card,1200,800,512,341,16,64,32,1,1405,1991,0.7056755399296836,5.07717,25.318716159625758,0.8508197964298616,0.9410550958113318,0.9476905113670934,0.9847126226363601
chat_preview,ui_text,meme_card,1200,800,512,341,16,64,32,2,1732,1991,0.8699146157709694,5.00708,29.08870710230392,0.9102969459155026,0.9656363684995569,0.9778689420704462,0.9949011331501035
chat_preview,ui_text,meme_card,1200,800,512,341,16,64,32,3,1868,1991,0.9382219989954796,4.91583,30.30331828778096,0.9154396877570847,0.9653388637286487,0.9787012950060023,0.9957511741056028
chat_preview,ui_text,meme_card,1200,800,512,341,16,64,32,4,1991,1991,1.0,5.15492,30.304689989556614,0.9155894186210102,0.9653288800768814,0.9786890356660489,0.9957492147075578
chat_preview,ui_text,meme_card,1200,800,512,341,16,64,64,0,1677,3132,0.5354406130268199,4.87437,25.40496518598787,0.844895507577088,0.9402519288160431,0.9461508199725455,0.9852193721213774
chat_preview,ui_text,meme_card,1200,800,512,341,16,64,64,1,2210,3132,0.7056194125159643,5.36033,29.75005362256661,0.9167110457419375,0.9697843590996711,0.978661233821044,0.996048194494558
chat_preview,ui_text,meme_card,1200,800,512,341,16,64,64,2,2647,3132,0.8451468710089399,5.11525,31.660266848950926,0.9281440152672124,0.9718357643138265,0.9824266976107148,0.9975032138795052
chat_preview,ui_text,meme_card,1200,800,512,341,16,64,64,3,3132,3132,1.0,5.78633,33.75591044074861,0.9352583808213182,0.9737950763448996,0.9842730725138362,0.9982650223856515
chat_preview,ui_text,meme_card,1200,800,512,341,17,64,32,0,1064,2004,0.530938123752495,5.08967,22.220742773963174,0.7591233416536834,0.8955153971186975,0.9020552817761416,0.9616087536989095
chat_preview,ui_text,meme_card,1200,800,512,341,17,64,32,1,1416,2004,0.7065868263473054,4.88058,25.316749076521514,0.8512346831183631,0.9411170640234552,0.9475116342058565,0.9847160298026366
chat_preview,ui_text,meme_card,1200,800,512,341,17,64,32,2,1745,2004,0.8707584830339321,5.38737,29.11276802682048,0.9117230690564632,0.9661694716324613,0.9778634380520682,0.9949413799133178
chat_preview,ui_text,meme_card,1200,800,512,341,17,64,32,3,1881,2004,0.938622754491018,5.27696,30.350353666078153,0.9166011392831847,0.9659199138921871,0.9787118729290178,0.9958141299106203
chat_preview,ui_text,meme_card,1200,800,512,341,17,64,32,4,2004,2004,1.0,5.31171,30.352073553792657,0.9167462340518394,0.9659069252719693,0.9786972855411713,0.9958120939994483
chat_preview,ui_text,meme_card,1200,800,512,341,17,64,64,0,1677,3145,0.5332273449920508,5.36954,25.40496518598787,0.844895507577088,0.9402519288160431,0.9461508199725455,0.9852193721213774
chat_preview,ui_text,meme_card,1200,800,512,341,17,64,64,1,2222,3145,0.7065182829888712,5.1375,29.763151357716144,0.9170232868709401,0.9699053959820296,0.978836353306138,0.996064768139972
chat_preview,ui_text,meme_card,1200,800,512,341,17,64,64,2,2660,3145,0.8457869634340223,4.95708,31.680625087374267,0.9284820115531697,0.971955830570804,0.9825764169654897,0.9975192626830873
chat_preview,ui_text,meme_card,1200,800,512,341,17,64,64,3,3145,3145,1.0,6.09046,33.78964506259863,0.9355441405707782,0.9738954082992962,0.9844098455974478,0.998278435502612
chat_preview,ui_text,meme_card,1200,800,512,341,18,64,32,0,1064,2015,0.5280397022332506,5.03517,22.220742773963174,0.7591233416536834,0.8955153971186975,0.9020552817761416,0.9616087536989095
chat_preview,ui_text,meme_card,1200,800,512,341,18,64,32,1,1423,2015,0.7062034739454094,4.81854,25.327384821462672,0.8517591532039587,0.9412219752245594,0.9476165542709863,0.9847566099541842
chat_preview,ui_text,meme_card,1200,800,512,341,18,64,32,2,1756,2015,0.8714640198511167,5.10283,29.151909771597882,0.9123815422707482,0.9664535934303355,0.9780476875596587,0.9950129600661833
chat_preview,ui_text,meme_card,1200,800,512,341,18,64,32,3,1891,2015,0.9384615384615385,5.294,30.422145769441528,0.9172358671113218,0.9660814357662423,0.978756672713329,0.9958910318123213
chat_preview,ui_text,meme_card,1200,800,512,341,18,64,32,4,2015,2015,1.0,5.552,30.4268019571566,0.9174243621650439,0.9660742364262012,0.9787460704688133,0.9958906248593832
chat_preview,ui_text,meme_card,1200,800,512,341,18,64,64,0,1677,3168,0.5293560606060606,5.15637,25.40496518598787,0.844895507577088,0.9402519288160431,0.9461508199725455,0.9852193721213774
chat_preview,ui_text,meme_card,1200,800,512,341,18,64,64,1,2226,3168,0.7026515151515151,5.08358,29.763026507934317,0.917039936415144,0.9699147256202799,0.9788414366190306,0.9960674798285785
chat_preview,ui_text,meme_card,1200,800,512,341,18,64,64,2,2683,3168,0.8469065656565656,5.36333,31.691910304951293,0.9283771372953589,0.9719351455716342,0.9825156204547371,0.9975187891135074
chat_preview,ui_text,meme_card,1200,800,512,341,18,64,64,3,3168,3168,1.0,6.19746,33.89359746924696,0.9358886477619719,0.9740669805651662,0.9845471911982794,0.9983189595542743
chat_preview,ui_text,meme_card,1200,800,512,341,19,64,32,0,1064,2018,0.5272547076313181,5.23917,22.220742773963174,0.7591233416536834,0.8955153971186975,0.9020552817761416,0.9616087536989095
chat_preview,ui_text,meme_card,1200,800,512,341,19,64,32,1,1423,2018,0.7051536174430129,4.95471,25.327111379753195,0.8517590764503421,0.9412198098895868,0.9476159434055588,0.9847554067718349
chat_preview,ui_text,meme_card,1200,800,512,341,19,64,32,2,1759,2018,0.8716551040634292,5.16504,29.166391175148227,0.9125317845272066,0.9665520092504957,0.9780873179601729,0.9950359438607671
chat_preview,ui_text,meme_card,1200,800,512,341,19,64,32,3,1894,2018,0.9385530227948464,5.09863,30.442877722248433,0.917465988557078,0.9662143477341377,0.9788003961668351,0.9959153012440001
chat_preview,ui_text,meme_card,1200,800,512,341,19,64,32,4,2018,2018,1.0,5.87029,30.44836030925191,0.9176578768434495,0.9662075962007747,0.9787901773196472,0.9959152184187431
chat_preview,ui_text,meme_card,1200,800,512,341,19,64,64,0,1677,3172,0.5286885245901639,4.76325,25.40496518598787,0.844895507577088,0.9402519288160431,0.9461508199725455,0.9852193721213774
chat_preview,ui_text,meme_card,1200,800,512,341,19,64,64,1,2226,3172,0.701765447667087,5.34987,29.76297845259193,0.917042416367901,0.9699152351190939,0.9788414747716102,0.9960673707681933
chat_preview,ui_text,meme_card,1200,800,512,341,19,64,64,2,2687,3172,0.8470996216897856,7.64854,31.679424854394966,0.928387221023257,0.9719110846662717,0.9825074133057772,0.9975101979231418
chat_preview,ui_text,meme_card,1200,800,512,341,19,64,64,3,3172,3172,1.0,6.232,33.88366602498398,0.935918785017035,0.9740702942656161,0.984547202892108,0.9983152913830167
chat_preview,ui_text,meme_card,1200,800,512,341,20,64,32,0,1074,2029,0.5293247905372105,4.87896,22.227061640467024,0.7601182565334718,0.8967486001589684,0.9018943877160459,0.9616631556839272
chat_preview,ui_text,meme_card,1200,800,512,341,20,64,32,1,1434,2029,0.7067520946278956,4.94192,25.344036342805868,0.8530199912367794,0.9426193761242291,0.9474806670530604,0.9848364315574257
chat_preview,ui_text,meme_card,1200,800,512,341,20,64,32,2,1770,2029,0.8723509117792015,5.18996,29.199854762070405,0.9148724206147882,0.968298726182334,0.977901783374448,0.995109777447411
chat_preview,ui_text,meme_card,1200,800,512,341,20,64,32,3,1905,2029,0.9388861508132085,20.1807,30.4834610399432,0.9199689338716913,0.9679453977899355,0.978665111771543,0.9959801152684101
chat_preview,ui_text,meme_card,1200,800,512,341,20,64,32,4,2029,2029,1.0,5.1215,30.490292713540285,0.9201656090105917,0.9679391221807961,0.9786558895573442,0.9959805832066283
chat_preview,ui_text,meme_card,1200,800,512,341,20,64,64,0,1714,3222,0.531967721911856,4.79183,25.401402298910494,0.846395198489339,0.9416108478454716,0.9467283174027269,0.9851933709502666
chat_preview,ui_text,meme_card,1200,800,512,341,20,64,64,1,2275,3222,0.7060831781502173,5.57163,29.789341536222857,0.9194337481242852,0.97146765262592,0.9795343118070627,0.9961024962482802
chat_preview,ui_text,meme_card,1200,800,512,341,20,64,64,2,2736,3222,0.8491620111731844,5.36271,31.728295411279326,0.9306815246986697,0.9734481490390806,0.9831784302450927,0.9975533087954417
chat_preview,ui_text,meme_card,1200,800,512,341,20,64,64,3,3222,3222,1.0,6.33692,33.97288096320492,0.9383532038775614,0.9756126401271628,0.9852168229237548,0.9983578813508551
chat_preview,ui_text,meme_card,1200,800,512,341,21,64,32,0,1074,2041,0.5262126408623224,4.997,22.227061640467024,0.7601182565334718,0.8967486001589684,0.9018943877160459,0.9616631556839272
chat_preview,ui_text,meme_card,1200,800,512,341,21,64,32,1,1434,2041,0.7025967662910338,5.23588,25.34407113021227,0.8530202581590202,0.9426196696772902,0.9474806189911318,0.9848365903561712
chat_preview,ui_text,meme_card,1200,800,512,341,21,64,32,2,1782,2041,0.8731014208721215,4.9415,29.239860194337908,0.9156731884256427,0.9686082943096376,0.9781029372403103,0.995177648146211
chat_preview,ui_text,meme_card,1200,800,512,341,21,64,32,3,1917,2041,0.9392454679078883,5.22863,30.555333293147832,0.9211703848579352,0.9683080032765091,0.9788774511819132,0.9960552942968451
chat_preview,ui_text,meme_card,1200,800,512,341,21,64,32,4,2041,2041,1.0,5.29842,30.563234472048407,0.9213732407719334,0.9683038056241936,0.9788697779574747,0.9960564708557378
chat_preview,ui_text,meme_card,1200,800,512,341,21,64,64,0,1714,3236,0.5296662546353523,4.82883,25.401402298910494,0.846395198489339,0.9416108478454716,0.9467283174027269,0.9851933709502666
chat_preview,ui_text,meme_card,1200,800,512,341,21,64,64,1,2275,3236,0.7030284301606922,4.91583,29.789224920284397,0.9194339752819364,0.9714668005387899,0.9795341785481029,0.9961022992960051
chat_preview,ui_text,meme_card,1200,800,512,341,21,64,64,2,2744,3236,0.8479604449938195,5.56575,31.73770362745139,0.9311269552894684,0.9735348511957023,0.9831870766539957,0.99755183023779
chat_preview,ui_text,meme_card,1200,800,512,341,21,64,64,3,3236,3236,1.0,5.868,34.03534282792114,0.9385991487575739,0.9757221637802851,0.9852443177021166,0.9983745324288895
chat_preview,ui_text,meme_card,1200,800,512,341,22,64,32,0,1074,2042,0.5259549461312438,4.80687,22.227061640467024,0.7601182565334718,0.8967486001589684,0.9018943877160459,0.9616631556839272
chat_preview,ui_text,meme_card,1200,800,512,341,22,64,32,1,1434,2042,0.702252693437806,4.64567,25.34407113021227,0.8530202581590202,0.9426196696772902,0.9474806189911318,0.9848365903561712
chat_preview,ui_text,meme_card,1200,800,512,341,22,64,32,2,1782,2042,0.8726738491674828,5.40283,29.24683278042105,0.9157816277933066,0.9686466898605026,0.9781123180604013,0.9951895531277737
chat_preview,ui_text,meme_card,1200,800,512,341,22,64,32,3,1917,2042,0.9387855044074437,5.18533,30.574722859345748,0.9213744242368729,0.9684363560723392,0.9789762248299783,0.9960832908410114
chat_preview,ui_text,meme_card,1200,800,512,341,22,64,32,4,2042,2042,1.0,5.4105,30.586848589840912,0.9216154297197718,0.9684427134138814,0.9789803202651101,0.9960867517976645
chat_preview,ui_text,meme_card,1200,800,512,341,22,64,64,0,1714,3238,0.5293390982087709,5.02325,25.401402298910494,0.846395198489339,0.9416108478454716,0.9467283174027269,0.9851933709502666
chat_preview,ui_text,meme_card,1200,800,512,341,22,64,64,1,2275,3238,0.7025941939468808,5.08487,29.789224920284397,0.9194339752819364,0.9714668005387899,0.9795341785481029,0.9961022992960051
chat_preview,ui_text,meme_card,1200,800,512,341,22,64,64,2,2744,3238,0.8474366893143916,5.24183,31.741331721828622,0.9311375728250222,0.9735460106285571,0.9831846761961476,0.997554732785806
chat_preview,ui_text,meme_card,1200,800,512,341,22,64,64,3,3238,3238,1.0,5.80488,34.0542624276351,0.9386553670634569,0.9757239609705701,0.9852439740296484,0.9983793000215927
chat_preview,ui_text,meme_card,1200,800,512,341,23,64,32,0,1097,2080,0.5274038461538462,4.83692,22.23489454626517,0.7603831150579747,0.8986954316691481,0.9047602528465334,0.9620038465746268
chat_preview,ui_text,meme_card,1200,800,512,341,23,64,32,1,1463,2080,0.7033653846153847,5.10504,25.336854937410983,0.8552812902228936,0.9443011173385608,0.9495203104982515,0.9848728620823025
chat_preview,ui_text,meme_card,1200,800,512,341,23,64,32,2,1813,2080,0.8716346153846154,4.99463,29.27193350295692,0.9176518758872086,0.9704367758905343,0.9806114470644293,0.9952868756795121
chat_preview,ui_text,meme_card,1200,800,512,341,23,64,32,3,1955,2080,0.9399038461538461,5.14412,30.620227080664577,0.9233767654906418,0.9702951487450445,0.9816594814353126,0.9962072065498463
chat_preview,ui_text,meme_card,1200,800,512,341,23,64,32,4,2080,2080,1.0,5.65554,30.634181183879225,0.9236355636907114,0.970305527783307,0.9816671639983239,0.9962117362593323
chat_preview,ui_text,meme_card,1200,800,512,341,23,64,64,0,1753,3293,0.5323413300941391,5.03633,25.372656654638263,0.8477930379669497,0.9430043396631188,0.9488345047717512,0.9849244393003479
chat_preview,ui_text,meme_card,1200,800,512,341,23,64,64,1,2320,3293,0.7045247494685697,5.22208,29.75599157920438,0.9211669792519688,0.9734272266619914,0.9821197517693934,0.9960455058706014
chat_preview,ui_text,meme_card,1200,800,512,341,23,64,64,2,2793,3293,0.8481627695110842,5.44312,31.69401589660035,0.9319036687777135,0.9750315446567414,0.9852501504326846,0.9975353034286534
chat_preview,ui_text,meme_card,1200,800,512,341,23,64,64,3,3293,3293,1.0,6.57179,34.02919300750608,0.9400351477388976,0.9774243040899558,0.9875093740774468,0.9983719418753166
chat_preview,ui_text,meme_card,1200,800,512,341,24,64,32,0,1097,2081,0.5271504084574724,4.59883,22.23489454626517,0.7603831150579747,0.8986954316691481,0.9047602528465334,0.9620038465746268
chat_preview,ui_text,meme_card,1200,800,512,341,24,64,32,1,1463,2081,0.7030273906775588,4.91862,25.336720334321676,0.8552816915995399,0.9443014420556795,0.9495201128112497,0.9848722818584387
chat_preview,ui_text,meme_card,1200,800,512,341,24,64,32,2,1814,2081,0.8716962998558385,5.06442,29.272887390630622,0.9178553769830599,0.9704814456994785,0.9805787244800568,0.9952882859150424
chat_preview,ui_text,meme_card,1200,800,512,341,24,64,32,3,1956,2081,0.9399327246516098,6.32079,30.616247932388934,0.9237923414792908,0.9703054275482669,0.9816462038237838,0.9961997924080278
chat_preview,ui_text,meme_card,1200,800,512,341,24,64,32,4,2081,2081,1.0,7.76687,30.631117535852404,0.9240526585188764,0.9703176572487203,0.9816557684720534,0.9962049208996926
chat_preview,ui_text,meme_card,1200,800,512,341,24,64,64,0,1753,3295,0.5320182094081942,5.04271,25.372656654638263,0.8477930379669497,0.9430043396631188,0.9488345047717512,0.9849244393003479
chat_preview,ui_text,meme_card,1200,800,512,341,24,64,64,1,2320,3295,0.7040971168437026,5.04429,29.756014724349047,0.9211690005294894,0.9734270717706718,0.9821201658320493,0.996045482426758
chat_preview,ui_text,meme_card,1200,800,512,341,24,64,64,2,2795,3295,0.8482549317147192,5.34667,31.697738862527125,0.9319168910598082,0.9750376236864571,0.9852502699677675,0.9975375166627924
chat_preview,ui_text,meme_card,1200,800,512,341,24,64,64,3,3295,3295,1.0,6.01821,34.04523635674429,0.9401081331785731,0.9774330726767557,0.9875177827763894,0.998376602090151
chat_preview,ui_text,meme_card,1200,800,512,341,25,64,32,0,1109,2097,0.5288507391511683,5.09229,22.22897131226468,0.7611647603967756,0.8993650067059763,0.9058144526207341,0.9619609322191031
chat_preview,ui_text,meme_card,1200,800,512,341,25,64,32,1,1476,2097,0.703862660944206,4.58804,25.320394574395028,0.8562645662793166,0.944824120285519,0.950475446872331,0.9848188903239867
chat_preview,ui_text,meme_card,1200,800,512,341,25,64,32,2,1829,2097,0.8721983786361469,4.95046,29.27660615534418,0.9177629537686808,0.9707062835788115,0.9817000028960793,0.9952962113209111
chat_preview,ui_text,meme_card,1200,800,512,341,25,64,32,3,1972,2097,0.9403910348116357,5.37325,30.623672248436623,0.9238657891685329,0.9706247727603293,0.9827391894694542,0.9962295049122561
chat_preview,ui_text,meme_card,1200,800,512,341,25,64,32,4,2097,2097,1.0,5.22087,30.639282911824637,0.9241268326677199,0.9706376807332969,0.982746540904057,0.9962348914073426
chat_preview,ui_text,meme_card,1200,800,512,341,25,64,64,0,1771,3317,0.5339161893277058,4.90738,25.39065896276526,0.8498772528365492,0.944335310390298,0.949330415987012,0.9850020356754139
chat_preview,ui_text,meme_card,1200,800,512,341,25,64,64,1,2341,3317,0.7057582152547482,5.82279,29.78260202479669,0.9229687622665392,0.9745830773830862,0.9826052530426934,0.9960843271235106
chat_preview,ui_text,meme_card,1200,800,512,341,25,64,64,2,2816,3317,0.8489599035272837,5.88646,31.747566435614583,0.9336297336485732,0.9761996129993874,0.9857704083820671,0.997583989065522
chat_preview,ui_text,meme_card,1200,800,512,341,25,64,64,3,3317,3317,1.0,6.25712,34.17245344589779,0.9420588429047289,0.978653903531436,0.9880517728485633,0.9984318433409781
chat_preview,ui_text,meme_card,1200,800,512,341,26,64,32,0,1109,2098,0.5285986653956148,5.09063,22.22897131226468,0.7611647603967756,0.8993650067059763,0.9058144526207341,0.9619609322191031
chat_preview,ui_text,meme_card,1200,800,512,341,26,64,32,1,1476,2098,0.7035271687321258,5.77529,25.32039735268727,0.8562661853687578,0.9448236323882028,0.9504754892017081,0.9848189000732435
chat_preview,ui_text,meme_card,1200,800,512,341,26,64,32,2,1830,2098,0.8722592945662536,5.03392,29.28123618394941,0.918705838750102,0.9708950550568983,0.9819524842806772,0.9952975886090447
chat_preview,ui_text,meme_card,1200,800,512,341,26,64,32,3,1973,2098,0.940419447092469,5.40804,30.651411088952138,0.9248371120932548,0.9709995484172117,0.983156490564217,0.9962805508855785
chat_preview,ui_text,meme_card,1200,800,512,341,26,64,32,4,2098,2098,1.0,9.84333,30.66799840418378,0.9250942254935229,0.9710136596558159,0.9831650352809231,0.9962862886568308
chat_preview,ui_text,meme_card,1200,800,512,341,26,64,64,0,1771,3322,0.5331125827814569,4.81588,25.39065896276526,0.8498772528365492,0.944335310390298,0.949330415987012,0.9850020356754139
chat_preview,ui_text,meme_card,1200,800,512,341,26,64,64,1,2341,3322,0.7046959662853702,5.03175,29.782636106915202,0.9229746587412976,0.9745846842140319,0.9826054171485805,0.996084413237574
chat_preview,ui_text,meme_card,1200,800,512,341,26,64,64,2,2821,3322,0.8491872366044552,5.29358,31.753966128830093,0.9335220371462628,0.9761553327915408,0.9857007763438247,0.9975772465665269
chat_preview,ui_text,meme_card,1200,800,512,341,26,64,64,3,3322,3322,1.0,6.06021,34.214377608091354,0.9421562999859621,0.9786934685410699,0.9880728677199251,0.9984494460364758
chat_preview,ui_text,meme_card,1200,800,512,341,27,64,32,0,1109,2115,0.5243498817966903,4.96042,22.22897131226468,0.7611647603967756,0.8993650067059763,0.9058144526207341,0.9619609322191031
chat_preview,ui_text,meme_card,1200,800,512,341,27,64,32,1,1488,2115,0.7035460992907802,5.40554,25.32921122223351,0.8560826201105304,0.9448517198248635,0.950476541438474,0.9848725599652728
chat_preview,ui_text,meme_card,1200,800,512,341,27,64,32,2,1842,2115,0.8709219858156029,5.42062,29.30824321409245,0.9192264456247159,0.971102371250312,0.9818304317461276,0.9953416412920926
chat_preview,ui_text,meme_card,1200,800,512,341,27,64,32,3,1990,2115,0.9408983451536643,5.188,30.695998632061038,0.9253231154351482,0.9712198004774141,0.9831091260765951,0.9963578395174809
chat_preview,ui_text,meme_card,1200,800,512,341,27,64,32,4,2115,2115,1.0,5.29212,30.714374966506973,0.925582848634758,0.9712378933789516,0.9831212345440813,0.9963644867068997
chat_preview,ui_text,meme_card,1200,800,512,341,27,64,64,0,1771,3331,0.5316721705193636,4.89333,25.39065896276526,0.8498772528365492,0.944335310390298,0.949330415987012,0.9850020356754139
chat_preview,ui_text,meme_card,1200,800,512,341,27,64,64,1,2345,3331,0.7039927949564695,4.75196,29.787271340154,0.9232361535210393,0.9746176069880831,0.9826191620354957,0.9960885885544537
chat_preview,ui_text,meme_card,1200,800,512,341,27,64,64,2,2829,3331,0.849294506154308,5.39304,31.75883389350073,0.9336742014728614,0.9761817738937805,0.985675160930133,0.9975818666848536
chat_preview,ui_text,meme_card,1200,800,512,341,27,64,64,3,3331,3331,1.0,6.35662,34.28095986578319,0.9426245406601471,0.9787655258961893,0.9880874724220404,0.9984662078288342
chat_preview,ui_text,meme_card,1200,800,512,341,28,64,32,0,1109,2120,0.5231132075471698,5.19329,22.22897131226468,0.7611647603967756,0.8993650067059763,0.9058144526207341,0.9619609322191031
chat_preview,ui_text,meme_card,1200,800,512,341,28,64,32,1,1488,2120,0.7018867924528301,4.91517,25.32922553343484,0.8560826849760885,0.9448520813472833,0.9504763018831465,0.9848725668909379
chat_preview,ui_text,meme_card,1200,800,512,341,28,64,32,2,1845,2120,0.8702830188679245,4.99454,29.297775855228064,0.9193508879236371,0.9710986172429038,0.9818317838593287,0.9953104680263481
chat_preview,ui_text,meme_card,1200,800,512,341,28,64,32,3,1993,2120,0.9400943396226416,5.22867,30.710000964161427,0.9258085098544356,0.9713249211566172,0.9832500857474462,0.9963737537519356
chat_preview,ui_text,meme_card,1200,800,512,341,28,64,32,4,2120,2120,1.0,5.68267,30.72947243725595,0.9260800121132658,0.9713390204461315,0.9832594082814717,0.9963805692842771
chat_preview,ui_text,meme_card,1200,800,512,341,28,64,64,0,1771,3339,0.5303983228511531,4.78021,25.39065896276526,0.8498772528365492,0.944335310390298,0.949330415987012,0.9850020356754139
chat_preview,ui_text,meme_card,1200,800,512,341,28,64,64,1,2345,3339,0.7023060796645703,5.14737,29.787418380658764,0.9232345684480306,0.9746163516384537,0.9826189230936268,0.9960887410627869
chat_preview,ui_text,meme_card,1200,800,512,341,28,64,64,2,2837,3339,0.8496555855046422,5.37667,31.776153895748184,0.9337621537245727,0.9761204250041421,0.9856697072452287,0.9975836099136222
chat_preview,ui_text,meme_card,1200,800,512,341,28,64,64,3,3339,3339,1.0,5.82792,34.31850309231527,0.9428612799681821,0.9787870228126495,0.9881402501010944,0.9984815355980011
chat_preview,ui_text,meme_card,1200,800,512,341,29,64,32,0,1109,2136,0.5191947565543071,4.86908,22.22897131226468,0.7611647603967756,0.8993650067059763,0.9058144526207341,0.9619609322191031
chat_preview,ui_text,meme_card,1200,800,512,341,29,64,32,1,1493,2136,0.6989700374531835,4.52712,25.33288626901036,0.8567812500525281,0.9450577869056417,0.9507518468236309,0.9848758358957789
chat_preview,ui_text,meme_card,1200,800,512,341,29,64,32,2,1856,2136,0.8689138576779026,4.85233,29.315833798774747,0.9200786152657106,0.9715693594726001,0.9826420093307151,0.9953493637444412
chat_preview,ui_text,meme_card,1200,800,512,341,29,64,32,3,2009,2136,0.9405430711610487,5.39071,30.75619365622501,0.9266585811142999,0.9718834449946544,0.9840163794352413,0.9964546636391697
chat_preview,ui_text,meme_card,1200,800,512,341,29,64,32,4,2136,2136,1.0,5.49708,30.777815472420134,0.926935527803451,0.9719039217935884,0.9840319500472563,0.9964629542725083
chat_preview,ui_text,meme_card,1200,800,512,341,29,64,64,0,1771,3382,0.5236546422235364,4.89967,25.39065896276526,0.8498772528365492,0.944335310390298,0.949330415987012,0.9850020356754139
chat_preview,ui_text,meme_card,1200,800,512,341,29,64,64,1,2370,3382,0.7007687758722649,5.04737,29.79980658593485,0.9230376552695638,0.9746171573436953,0.9826246345844654,0.9961148729598672
chat_preview,ui_text,meme_card,1200,800,512,341,29,64,64,2,2867,3382,0.8477232406859846,5.27379,31.774638381215116,0.9337626616883062,0.9761205101875223,0.9856840774121329,0.9975790018004302
chat_preview,ui_text,meme_card,1200,800,512,341,29,64,64,3,3382,3382,1.0,7.03046,34.325628522885786,0.9428601411209686,0.9787903671455206,0.9881700984733319,0.9984818995965594
chat_preview,ui_text,meme_card,1200,800,512,341,30,64,32,0,1122,2153,0.5211333023687877,4.93167,22.22512326453943,0.7613168945944747,0.9001376966297409,0.9053316839364597,0.9618712027498901
chat_preview,ui_text,meme_card,1200,800,512,341,30,64,32,1,1510,2153,0.7013469577333953,5.12479,25.34831296048807,0.8574025296769747,0.9459758151459164,0.9502236146979659,0.9849190228703364
chat_preview,ui_text,meme_card,1200,800,512,341,30,64,32,2,1873,2153,0.8699489084997678,5.42304,29.368860968661785,0.9217341719032639,0.9728598751347556,0.9821211374571472,0.9954234898201031
chat_preview,ui_text,meme_card,1200,800,512,341,30,64,32,3,2026,2153,0.9410125406409661,5.26592,30.841361839488627,0.9283808713721419,0.9732247630386218,0.9835863865315119,0.9965457691048809
chat_preview,ui_text,meme_card,1200,800,512,341,30,64,32,4,2153,2153,1.0,5.23354,30.864851655775677,0.9286629360651467,0.973247072166243,0.9836039776997318,0.9965548055708628
chat_preview,ui_text,meme_card,1200,800,512,341,30,64,64,0,1799,3413,0.5271022560796953,5.24079,25.38711360713379,0.8510232588038814,0.9450515945900957,0.9495298509327676,0.9850055804003932
chat_preview,ui_text,meme_card,1200,800,512,341,30,64,64,1,2401,3413,0.7034866686199824,5.29871,29.818318682064024,0.9245393202174809,0.975467880970949,0.9828036134540019,0.9961529547903467
chat_preview,ui_text,meme_card,1200,800,512,341,30,64,64,2,2898,3413,0.8491063580427776,5.28712,31.79719767422813,0.9352843810808219,0.9769530032988243,0.9858437897384614,0.9976109097711384
chat_preview,ui_text,meme_card,1200,800,512,341,30,64,64,3,3413,3413,1.0,5.94442,34.3618641084401,0.9444575197703103,0.9796495906082808,0.9883407301625843,0.9985142356573545
chat_preview,ui_text,meme_card,1200,800,512,341,31,64,32,0,1122,2162,0.5189639222941721,5.22875,22.22512326453943,0.7613168945944747,0.9001376966297409,0.9053316839364597,0.9618712027498901
chat_preview,ui_text,meme_card,1200,800,512,341,31,64,32,1,1510,2162,0.6984273820536541,4.88462,25.348363816836617,0.8574056324280255,0.9459766226463092,0.9502234240861293,0.9849192068604623
chat_preview,ui_text,meme_card,1200,800,512,341,31,64,32,2,1876,2162,0.8677150786308974,5.52979,29.389682958688677,0.9218860582055334,0.9729023666916877,0.9820082155315473,0.9954483811352492
chat_preview,ui_text,meme_card,1200,800,512,341,31,64,32,3,2035,2162,0.9412580943570767,5.10229,30.87674330762569,0.9285661106224631,0.9732914873354369,0.9835382528217338,0.9965917576225951
chat_preview,ui_text,meme_card,1200,800,512,341,31,64,32,4,2162,2162,1.0,5.36137,30.90162399219217,0.9288562685772693,0.9733168355183311,0.9835587403254904,0.9966014121490969
chat_preview,ui_text,meme_card,1200,800,512,341,31,64,64,0,1799,3430,0.5244897959183673,4.968,25.38711360713379,0.8510232588038814,0.9450515945900957,0.9495298509327676,0.9850055804003932
chat_preview,ui_text,meme_card,1200,800,512,341,31,64,64,1,2401,3430,0.7,5.20621,29.818337025572312,0.9245386147088874,0.9754675388005539,0.9828035078941441,0.9961529244260584
chat_preview,ui_text,meme_card,1200,800,512,341,31,64,64,2,2899,3430,0.8451895043731779,5.47254,31.788989305648187,0.9354423584487281,0.9769773080715752,0.9859193219189292,0.9976091958596907
chat_preview,ui_text,meme_card,1200,800,512,341,31,64,64,3,3430,3430,1.0,5.93475,34.45540241534264,0.9446711380942813,0.9797602180931196,0.9884517788717276,0.998527631793339
chat_preview,ui_text,meme_card,1200,800,512,341,32,64,32,0,1142,2302,0.49609035621198955,5.12771,22.22512326453943,0.7613168945944747,0.9001376966297409,0.9053316839364597,0.9618712027498901
chat_preview,ui_text,meme_card,1200,800,512,341,32,64,32,1,1533,2302,0.6659426585577759,4.85708,25.358105874972154,0.8576060904336837,0.9460266623642304,0.9503208908242586,0.984948410999998
chat_preview,ui_text,meme_card,1200,800,512,341,32,64,32,2,1900,2302,0.8253692441355344,5.09717,29.396809925979895,0.9224389695697264,0.9731192321545087,0.9819106012369878,0.9954583022833278
chat_preview,ui_text,meme_card,1200,800,512,341,32,64,32,3,2059,2302,0.8944396177237185,5.37325,30.88920104173431,0.9295600545180324,0.9735601635052308,0.9836026575620143,0.9966063666185498
chat_preview,ui_text,meme_card,1200,800,512,341,32,64,32,4,2302,2302,1.0,5.56396,30.91598548139597,0.9298731593621063,0.9735949149013101,0.9836324235370122,0.9966177715697295
chat_preview,ui_text,meme_card,1200,800,512,341,32,64,64,0,1799,3437,0.5234215885947047,4.67517,25.38711360713379,0.8510232588038814,0.9450515945900957,0.9495298509327676,0.9850055804003932
chat_preview,ui_text,meme_card,1200,800,512,341,32,64,64,1,2405,3437,0.6997381437299971,4.73492,29.82368832109129,0.9247098352687825,0.9755415447766027,0.9828049125493862,0.9961623917211794
chat_preview,ui_text,meme_card,1200,800,512,341,32,64,64,2,2905,3437,0.845213849287169,5.25137,31.817512907751446,0.935797420478548,0.9771483756374227,0.9859735031324319,0.9976334395002626
chat_preview,ui_text,meme_card,1200,800,512,341,32,64,64,3,3437,3437,1.0,5.91337,34.50112214901166,0.9450349530526106,0.9799016556402562,0.9884915463392966,0.9985474029332017
chat_preview,ui_text,meme_card,1200,800,512,341,33,64,32,0,1162,2370,0.490295358649789,5.03108,22.22512326453943,0.7613168945944747,0.9001376966297409,0.9053316839364597,0.9618712027498901
chat_preview,ui_text,meme_card,1200,800,512,341,33,64,32,1,1553,2370,0.6552742616033755,4.81454,25.357423295739395,0.857627032292915,0.9460316132271216,0.9503310445672165,0.9849445256363363
chat_preview,ui_text,meme_card,1200,800,512,341,33,64,32,2,1927,2370,0.8130801687763713,4.96392,29.42185496825132,0.9224150559390282,0.9731530970425554,0.9815829725147728,0.9954849155541322
chat_preview,ui_text,meme_card,1200,800,512,341,33,64,32,3,2123,2370,0.8957805907172995,5.35933,30.911390065341937,0.9294857532144016,0.9734068209882359,0.9831821721985987,0.9966134577866295
chat_preview,ui_text,meme_card,1200,800,512,341,33,64,32,4,2370,2370,1.0,5.64333,30.943170150826987,0.9297941095934505,0.9734041400031597,0.9831775873973957,0.9966231831760719
chat_preview,ui_text,meme_card,1200,800,512,341,33,64,64,0,1799,3449,0.5216004639025804,5.16996,25.38711360713379,0.8510232588038814,0.9450515945900957,0.9495298509327676,0.9850055804003932
chat_preview,ui_text,meme_card,1200,800,512,341,33,64,64,1,2405,3449,0.6973035662510872,5.10858,29.82451279520665,0.9247183370934637,0.9755433779114432,0.9828050054211407,0.9961633810492015
chat_preview,ui_text,meme_card,1200,800,512,341,33,64,64,2,2913,3449,0.8445926355465352,5.5025,31.812620386415183,0.935634789878526,0.9769810888269316,0.9858898309474976,0.9976203050969843
chat_preview,ui_text,meme_card,1200,800,512,341,33,64,64,3,3449,3449,1.0,5.85325,34.54355613356824,0.9450117474393006,0.9799017692069029,0.9885194315995097,0.9985558142197948
chat_preview,ui_text,meme_card,1200,800,512,341,34,64,32,0,1162,2370,0.490295358649789,4.80396,22.22512326453943,0.7613168945944747,0.9001376966297409,0.9053316839364597,0.9618712027498901
chat_preview,ui_text,meme_card,1200,800,512,341,34,64,32,1,1553,2370,0.6552742616033755,5.00792,25.357423295739395,0.857627032292915,0.9460316132271216,0.9503310445672165,0.9849445256363363
chat_preview,ui_text,meme_card,1200,800,512,341,34,64,32,2,1927,2370,0.8130801687763713,5.12258,29.42743712211612,0.9224940800128366,0.9731683453892894,0.9815815626307424,0.9954922062362261
chat_preview,ui_text,meme_card,1200,800,512,341,34,64,32,3,2123,2370,0.8957805907172995,5.07625,30.9317866326835,0.9297017315898652,0.9735291467212682,0.9832648231895622,0.9966390077901376
chat_preview,ui_text,meme_card,1200,800,512,341,34,64,32,4,2370,2370,1.0,5.67296,30.964526139889106,0.9300120296631071,0.9735269429839032,0.9832607918659996,0.9966490793601795
chat_preview,ui_text,meme_card,1200,800,512,341,34,64,64,0,1799,3449,0.5216004639025804,4.72396,25.38711360713379,0.8510232588038814,0.9450515945900957,0.9495298509327676,0.9850055804003932
chat_preview,ui_text,meme_card,1200,800,512,341,34,64,64,1,2405,3449,0.6973035662510872,5.13933,29.82451279520665,0.9247183370934637,0.9755433779114432,0.9828050054211407,0.9961633810492015
chat_preview,ui_text,meme_card,1200,800,512,341,34,64,64,2,2913,3449,0.8445926355465352,5.50038,31.81652861532551,0.93565572271984,0.9769933030810699,0.9858925180903214,0.9976230816466118
chat_preview,ui_text,meme_card,1200,800,512,341,34,64,64,3,3449,3449,1.0,6.41583,34.55566072819076,0.945055129278944,0.9798982358396451,0.9885165747342838,0.9985581120848841
chat_preview,ui_text,meme_card,1200,800,512,341,35,64,32,0,1199,2401,0.4993752603082049,4.83033,22.240255457735785,0.7645782666373434,0.9021495292816831,0.9060844026085374,0.9618742498421763
chat_preview,ui_text,meme_card,1200,800,512,341,35,64,32,1,1583,2401,0.6593086214077468,5.36287,25.366165123138032,0.8610443659798057,0.9486325482606516,0.9517132000607103,0.9849244510184179
chat_preview,ui_text,meme_card,1200,800,512,341,35,64,32,2,1959,2401,0.8159100374843815,4.90079,29.53135966512867,0.925018071637048,0.975706053180366,0.9831522893907034,0.9956605623245145
chat_preview,ui_text,meme_card,1200,800,512,341,35,64,32,3,2154,2401,0.8971261974177426,5.07204,31.09131963746649,0.9314543681048236,0.9759206092145195,0.9845485184897728,0.9968346192130991
chat_preview,ui_text,meme_card,1200,800,512,341,35,64,32,4,2401,2401,1.0,5.66867,31.12564041435028,0.931757755902265,0.975929247613407,0.9845565474016834,0.9968461563560918
chat_preview,ui_text,meme_card,1200,800,512,341,35,64,64,0,1858,3542,0.5245623941276115,4.65396,25.457364297605956,0.8562675418193589,0.9478665906519002,0.951556048156535,0.9853975994933332
chat_preview,ui_text,meme_card,1200,800,512,341,35,64,64,1,2482,3542,0.7007340485601355,4.98246,29.963520660205063,0.9307530023192309,0.9781132399270144,0.9848123763842092,0.9963746898168256
chat_preview,ui_text,meme_card,1200,800,512,341,35,64,64,2,2992,3542,0.84472049689441,5.32088,32.026192378885206,0.9422288572656806,0.9799156436448766,0.9882538432229213,0.9978147120504115
chat_preview,ui_text,meme_card,1200,800,512,341,35,64,64,3,3542,3542,1.0,5.94467,35.09402980524948,0.9519392062956059,0.9828426414039934,0.990859000437989,0.9987676621422549
chat_preview,ui_text,meme_card,1200,800,512,341,36,64,32,0,1199,2401,0.4993752603082049,4.86667,22.240255457735785,0.7645782666373434,0.9021495292816831,0.9060844026085374,0.9618742498421763
chat_preview,ui_text,meme_card,1200,800,512,341,36,64,32,1,1583,2401,0.6593086214077468,4.88146,25.366199561798183,0.861043940869846,0.9486324966342354,0.9517130378012192,0.9849245610152557
chat_preview,ui_text,meme_card,1200,800,512,341,36,64,32,2,1957,2401,0.8150770512286547,5.32,29.54150502430311,0.9256465471933625,0.9759128969200376,0.9833104234515653,0.995679796487602
chat_preview,ui_text,meme_card,1200,800,512,341,36,64,32,3,2152,2401,0.8962932111620159,5.23442,31.09081505319892,0.9327453692049059,0.976230961938955,0.9848380971919618,0.9968431492079338
chat_preview,ui_text,meme_card,1200,800,512,341,36,64,32,4,2401,2401,1.0,5.49225,31.131005358009766,0.933093996817102,0.9762462054787174,0.9848521076263407,0.9968572968573907
chat_preview,ui_text,meme_card,1200,800,512,341,36,64,64,0,1858,3541,0.524710533747529,4.97788,25.457364297605956,0.8562675418193589,0.9478665906519002,0.951556048156535,0.9853975994933332
chat_preview,ui_text,meme_card,1200,800,512,341,36,64,64,1,2482,3541,0.7009319401299068,4.99617,29.963498784833867,0.9307560097040692,0.9781140841715289,0.9848123265403782,0.9963746460339393
chat_preview,ui_text,meme_card,1200,800,512,341,36,64,64,2,2990,3541,0.8443942389155605,5.30608,32.039745796697204,0.9421209607729676,0.9799465965835705,0.9882964250576747,0.9978213362663856
chat_preview,ui_text,meme_card,1200,800,512,341,36,64,64,3,3541,3541,1.0,6.02275,35.13283667109953,0.9519776226335988,0.9828641229545246,0.9909017852123712,0.9987736079056873
chat_preview,ui_text,meme_card,1200,800,512,341,37,64,32,0,1199,2416,0.4962748344370861,4.83725,22.240255457735785,0.7645782666373434,0.9021495292816831,0.9060844026085374,0.9618742498421763
chat_preview,ui_text,meme_card,1200,800,512,341,37,64,32,1,1590,2416,0.6581125827814569,5.22254,25.368665026418483,0.8611007118255385,0.9487084460979965,0.9517047323270119,0.984940305125516
chat_preview,ui_text,meme_card,1200,800,512,341,37,64,32,2,1969,2416,0.8149834437086093,6.00158,29.5563649479505,0.9259356990985754,0.9760063999639795,0.9833254669640804,0.9957068419658587
chat_preview,ui_text,meme_card,1200,800,512,341,37,64,32,3,2164,2416,0.8956953642384106,5.17492,31.11130220137422,0.9330875249338638,0.9763483275386854,0.9847876833285227,0.9968672809981907
chat_preview,ui_text,meme_card,1200,800,512,341,37,64,32,4,2416,2416,1.0,5.484,31.159973579920667,0.9334570475274084,0.9763686451073686,0.9848069571302123,0.9968860523603461
chat_preview,ui_text,meme_card,1200,800,512,341,37,64,64,0,1858,3555,0.5226441631504922,4.9295,25.457364297605956,0.8562675418193589,0.9478665906519002,0.951556048156535,0.9853975994933332
chat_preview,ui_text,meme_card,1200,800,512,341,37,64,64,1,2498,3555,0.7026722925457103,5.29742,29.968617716122196,0.9309957351672016,0.9782023879784353,0.9848124922623459,0.9963802217715699
chat_preview,ui_text,meme_card,1200,800,512,341,37,64,64,2,3004,3555,0.8450070323488045,5.3515,32.037660456474214,0.9422503110285709,0.9799935908186943,0.9882876336934189,0.99782083533839
chat_preview,ui_text,meme_card,1200,800,512,341,37,64,64,3,3555,3555,1.0,5.78004,35.1316298893928,0.9521372474056689,0.982934977730424,0.9908979284393857,0.9987756507411236
chat_preview,ui_text,meme_card,1200,800,512,341,38,64,32,0,1219,2453,0.49694251936404404,4.60392,22.240255457735785,0.7645782666373434,0.9021495292816831,0.9060844026085374,0.9618742498421763
chat_preview,ui_text,meme_card,1200,800,512,341,38,64,32,1,1619,2453,0.6600081532816959,4.742,25.368478823616314,0.8611064758486835,0.9487104490206568,0.951705394682329,0.9849406611253178
chat_preview,ui_text,meme_card,1200,800,512,341,38,64,32,2,2000,2453,0.8153281695882593,5.40846,29.55902092678928,0.9253450505685367,0.9758817366836606,0.9832948498450573,0.9957214756761236
chat_preview,ui_text,meme_card,1200,800,512,341,38,64,32,3,2199,2453,0.896453322462291,5.38217,31.117347368137537,0.9326058962319586,0.9762662691109879,0.9848319794873149,0.9968954893411561
chat_preview,ui_text,meme_card,1200,800,512,341,38,64,32,4,2453,2453,1.0,5.87446,31.171270311186426,0.9330123455411669,0.9762947822053105,0.9848629174533077,0.9969165198961387
chat_preview,ui_text,meme_card,1200,800,512,341,38,64,64,0,1858,3575,0.5197202797202797,5.15067,25.457364297605956,0.8562675418193589,0.9478665906519002,0.951556048156535,0.9853975994933332
chat_preview,ui_text,meme_card,1200,800,512,341,38,64,64,1,2498,3575,0.6987412587412587,5.16838,29.96863176830558,0.9309946640143288,0.9782013791836944,0.9848121954056008,0.99638021869232
chat_preview,ui_text,meme_card,1200,800,512,341,38,64,64,2,3015,3575,0.8433566433566434,5.25387,32.061291862782596,0.9423487351819149,0.980111985680395,0.9883737674339884,0.9978474604934351
chat_preview,ui_text,meme_card,1200,800,512,341,38,64,64,3,3575,3575,1.0,5.98879,35.21393508933292,0.9525786491808046,0.9830202521097345,0.9909518567650503,0.9987906554280608
chat_preview,ui_text,meme_card,1200,800,512,341,39,64,32,0,1229,2479,0.4957644211375555,4.78825,22.241359695124263,0.7656374447976267,0.9031318665068385,0.9062917880978406,0.9618504049282457
chat_preview,ui_text,meme_card,1200,800,512,341,39,64,32,1,1631,2479,0.6579265832997176,4.77579,25.366692788470495,0.861800652757814,0.9495827691466242,0.9517306624455656,0.984929820325933
chat_preview,ui_text,meme_card,1200,800,512,341,39,64,32,2,2014,2479,0.8124243646631706,4.87554,29.58833558812174,0.9266983607396538,0.976893645919534,0.9835038104136649,0.9957689320996194
chat_preview,ui_text,meme_card,1200,800,512,341,39,64,32,3,2215,2479,0.8935054457442517,5.16158,31.16513516414059,0.9341127528929424,0.9773212480518052,0.9851041111988469,0.9969541196069419
chat_preview,ui_text,meme_card,1200,800,512,341,39,64,32,4,2479,2479,1.0,5.70596,31.256503858213808,0.9346436368610984,0.977385631825996,0.9851736570448785,0.9969911886233618
chat_preview,ui_text,meme_card,1200,800,512,341,39,64,64,0,1906,3644,0.5230515916575192,4.79212,25.45822932595001,0.8583317371414587,0.949149929593157,0.9515162820474291,0.9853889864682986
chat_preview,ui_text,meme_card,1200,800,512,341,39,64,64,1,2549,3644,0.6995060373216246,4.76417,30.000189541157916,0.9334022946589114,0.9795422406548028,0.9847855012015083,0.9964165845153804
chat_preview,ui_text,meme_card,1200,800,512,341,39,64,64,2,3084,3644,0.8463227222832053,5.42371,32.10024405216166,0.9447709143925224,0.9814143678976275,0.9882515236399969,0.997877420154924
chat_preview,ui_text,meme_card,1200,800,512,341,39,64,64,3,3644,3644,1.0,6.02583,35.31847502570275,0.9551241775524794,0.984365749267964,0.9908558948913097,0.9988275759192796
chat_preview,ui_text,meme_card,1200,800,512,341,40,64,32,0,1229,2483,0.49496576721707614,5.07304,22.241359695124263,0.7656374447976267,0.9031318665068385,0.9062917880978406,0.9618504049282457
chat_preview,ui_text,meme_card,1200,800,512,341,40,64,32,1,1632,2483,0.657269432138542,5.20258,25.36493279368544,0.8617585692889912,0.9495450180819383,0.9517042276223661,0.9849217255994095
chat_preview,ui_text,meme_card,1200,800,512,341,40,64,32,2,2015,2483,0.8115183246073299,5.16067,29.59045440658968,0.9270288614555375,0.9769735678626619,0.9834873203287738,0.9957737742196265
chat_preview,ui_text,meme_card,1200,800,512,341,40,64,32,3,2210,2483,0.8900523560209425,5.52408,31.161015001933265,0.9341779056147499,0.9774313040635819,0.9851273763828902,0.9969803434855657
chat_preview,ui_text,meme_card,1200,800,512,341,40,64,32,4,2483,2483,1.0,6.01533,31.31363048968886,0.9349593749500462,0.977598305098779,0.9853032559215311,0.9970456133377703
chat_preview,ui_text,meme_card,1200,800,512,341,40,64,64,0,1906,3655,0.5214774281805745,4.55279,25.45822932595001,0.8583317371414587,0.949149929593157,0.9515162820474291,0.9853889864682986
chat_preview,ui_text,meme_card,1200,800,512,341,40,64,64,1,2549,3655,0.6974008207934337,5.18775,30.00008191585787,0.9334224137662135,0.9795398085090438,0.9847818862175,0.9964157743452101
chat_preview,ui_text,meme_card,1200,800,512,341,40,64,64,2,3084,3655,0.8437756497948017,5.37525,32.104875047804285,0.9447854609655318,0.9814239921578275,0.9882554943397388,0.9978799624096245
chat_preview,ui_text,meme_card,1200,800,512,341,40,64,64,3,3655,3655,1.0,6.19779,35.40967131748932,0.9556274838008338,0.9844289372794277,0.990912337590447,0.9988431972230495
chat_preview,ui_text,meme_card,1200,800,512,341,41,64,32,0,1229,2500,0.4916,4.87454,22.241359695124263,0.7656374447976267,0.9031318665068385,0.9062917880978406,0.9618504049282457
chat_preview,ui_text,meme_card,1200,800,512,341,41,64,32,1,1640,2500,0.656,4.79033,25.370859765896387,0.8619492353841526,0.9493123998272411,0.9512813943868822,0.9849634479818038
chat_preview,ui_text,meme_card,1200,800,512,341,41,64,32,2,2027,2500,0.8108,4.96567,29.595193585397244,0.9273839639579345,0.9770527614360679,0.9836779804584311,0.9957994498977871
chat_preview,ui_text,meme_card,1200,800,512,341,41,64,32,3,2223,2500,0.8892,5.47221,31.191847994332825,0.9349350759544256,0.9775971160756352,0.9854812692005723,0.997031729026185
chat_preview,ui_text,meme_card,1200,800,512,341,41,64,32,4,2500,2500,1.0,5.60558,31.398604585146455,0.9359242552777829,0.9778480054064463,0.9857453347162238,0.9971253305127802
chat_preview,ui_text,meme_card,1200,800,512,341,41,64,64,0,1906,3709,0.5138851442437314,5.262,25.45822932595001,0.8583317371414587,0.949149929593157,0.9515162820474291,0.9853889864682986
chat_preview,ui_text,meme_card,1200,800,512,341,41,64,64,1,2590,3709,0.6983014289565921,5.02712,30.0269534258543,0.9331233826307709,0.9796723383880077,0.9848567392638818,0.9964674239968643
chat_preview,ui_text,meme_card,1200,800,512,341,41,64,64,2,3138,3709,0.8460501482879482,5.71883,32.12705941209988,0.9451456385610079,0.9815878656934647,0.9883313196122765,0.9979122044396164
chat_preview,ui_text,meme_card,1200,800,512,341,41,64,64,3,3709,3709,1.0,6.30863,35.425698969886426,0.9557198702557431,0.984493265586016,0.9908672755050468,0.9988510984884841
chat_preview,ui_text,meme_card,1200,800,512,341,42,64,32,0,1229,2516,0.4884737678855326,4.98892,22.241359695124263,0.7656374447976267,0.9031318665068385,0.9062917880978406,0.9618504049282457
chat_preview,ui_text,meme_card,1200,800,512,341,42,64,32,1,1647,2516,0.654610492845787,4.64796,25.379098061208765,0.8620533025837354,0.9493409164298677,0.9512734533818457,0.9849893353226982
chat_preview,ui_text,meme_card,1200,800,512,341,42,64,32,2,2034,2516,0.8084260731319555,4.64921,29.609469269515472,0.9278440418111523,0.9771897288616463,0.9836556264328742,0.9958150796356358
chat_preview,ui_text,meme_card,1200,800,512,341,42,64,32,3,2235,2516,0.8883147853736089,4.87983,31.221340649357433,0.9356695894984073,0.9779007393866149,0.9855596626294197,0.9970659348711004
chat_preview,ui_text,meme_card,1200,800,512,341,42,64,32,4,2516,2516,1.0,5.52804,31.47443477627693,0.9368464551359668,0.9782567224822314,0.9859261376587173,0.9971840123367871
chat_preview,ui_text,meme_card,1200,800,512,341,42,64,64,0,1906,3721,0.5122278957269552,5.3685,25.45822932595001,0.8583317371414587,0.949149929593157,0.9515162820474291,0.9853889864682986
chat_preview,ui_text,meme_card,1200,800,512,341,42,64,64,1,2596,3721,0.6976619188390217,4.97671,30.01975387665862,0.9331576780381554,0.9796843887340033,0.9848656845885477,0.996464516370784
chat_preview,ui_text,meme_card,1200,800,512,341,42,64,64,2,3144,3721,0.8449341574845471,5.42592,32.13640799495762,0.9453268459212066,0.981635668191886,0.98836282177571,0.9979189362034756
chat_preview,ui_text,meme_card,1200,800,512,341,42,64,64,3,3721,3721,1.0,5.95658,35.496926867676954,0.9562022333771103,0.9845782645120909,0.9909404339338417,0.998873126123984
chat_preview,ui_text,meme_card,1200,800,512,341,43,64,32,0,1229,2526,0.48653998416468724,5.14692,22.241359695124263,0.7656374447976267,0.9031318665068385,0.9062917880978406,0.9618504049282457
chat_preview,ui_text,meme_card,1200,800,512,341,43,64,32,1,1647,2526,0.6520190023752969,4.82933,25.379659865575043,0.8620735828713596,0.9493446344508043,0.9512756945268747,0.9849924557573624
chat_preview,ui_text,meme_card,1200,800,512,341,43,64,32,2,2040,2526,0.8076009501187649,5.27233,29.635841620839642,0.9274907493311871,0.9771115572566739,0.9836495888959065,0.9958357415127955
chat_preview,ui_text,meme_card,1200,800,512,341,43,64,32,3,2244,2526,0.8883610451306413,5.26033,31.274697520294716,0.9358367416494363,0.977986494268746,0.9857014739000414,0.9971075939014546
chat_preview,ui_text,meme_card,1200,800,512,341,43,64,32,4,2526,2526,1.0,5.83492,31.573069671755455,0.9372401068379185,0.978413668685293,0.9861480992869565,0.997248133684498
chat_preview,ui_text,meme_card,1200,800,512,341,43,64,64,0,1906,3770,0.5055702917771884,4.82942,25.45822932595001,0.8583317371414587,0.949149929593157,0.9515162820474291,0.9853889864682986
chat_preview,ui_text,meme_card,1200,800,512,341,43,64,64,1,2599,3770,0.6893899204244032,5.25804,30.01918965280261,0.9331266098481551,0.979679618259281,0.9848633007789434,0.9964645053862021
chat_preview,ui_text,meme_card,1200,800,512,341,43,64,64,2,3193,3770,0.8469496021220159,5.39296,32.133865328280756,0.9451788805802032,0.9814482474348406,0.9882623208558672,0.9979178589779034
chat_preview,ui_text,meme_card,1200,800,512,341,43,64,64,3,3770,3770,1.0,6.06137,35.49303723715489,0.9559656182463864,0.9844835583023506,0.9909184356979672,0.9988713196248118
chat_preview,ui_text,meme_card,1200,800,512,341,44,64,32,0,1247,2558,0.4874902267396403,5.36675,22.247810625732882,0.7654973717515835,0.9040660692707764,0.9064535473904995,0.9619423479452048
chat_preview,ui_text,meme_card,1200,800,512,341,44,64,32,1,1666,2558,0.6512900703674745,4.939,25.398606565799216,0.8629375096998985,0.9506045849155565,0.9517671282159067,0.9850978145973673
chat_preview,ui_text,meme_card,1200,800,512,341,44,64,32,2,2059,2558,0.8049257232212667,4.92225,29.67680776895897,0.9288011511642217,0.9784985355995316,0.984078165799989,0.9959098983415938
chat_preview,ui_text,meme_card,1200,800,512,341,44,64,32,3,2274,2558,0.8889757623143081,5.4105,31.350416858113853,0.9370570916780513,0.9794171327283762,0.9861284363015635,0.9971974353679277
chat_preview,ui_text,meme_card,1200,800,512,341,44,64,32,4,2558,2558,1.0,5.65454,31.68716921296364,0.9385944656774102,0.9798904467984163,0.9866285068105254,0.9973535744961406
chat_preview,ui_text,meme_card,1200,800,512,341,44,64,64,0,1944,3809,0.5103701758991861,5.5945,25.468092857702672,0.8592259781059409,0.9501683372119896,0.9518312215090641,0.9854533261792259
chat_preview,ui_text,meme_card,1200,800,512,341,44,64,64,1,2638,3809,0.6925702284064059,5.51992,30.04199906261766,0.9344947007127805,0.9807538192512743,0.9851628132880901,0.9965060126175657
chat_preview,ui_text,meme_card,1200,800,512,341,44,64,64,2,3232,3809,0.8485166710422684,5.64946,32.17243357249148,0.9464829558489828,0.9825208805484918,0.9885925750548111,0.9979602880119239
chat_preview,ui_text,meme_card,1200,800,512,341,44,64,64,3,3809,3809,1.0,6.14417,35.6411390338633,0.957437053225453,0.9855902273014426,0.9912995651834352,0.9989214063002712
chat_preview,ui_text,meme_card,1200,800,512,341,45,64,32,0,1247,2568,0.4855919003115265,4.92237,22.247810625732882,0.7654973717515835,0.9040660692707764,0.9064535473904995,0.9619423479452048
chat_preview,ui_text,meme_card,1200,800,512,341,45,64,32,1,1666,2568,0.6487538940809969,5.11033,25.39830084745272,0.862942550480312,0.9506055826195059,0.9517671782115555,0.9850965118914533
chat_preview,ui_text,meme_card,1200,800,512,341,45,64,32,2,2061,2568,0.802570093457944,5.71404,29.69032418443923,0.9289830307938044,0.9785928573314759,0.9841012843117936,0.9959300647826094
chat_preview,ui_text,meme_card,1200,800,512,341,45,64,32,3,2279,2568,0.8874610591900312,5.95846,31.36433885041217,0.9375489919454583,0.9795195718748603,0.9861314428387021,0.9972036564967902
chat_preview,ui_text,meme_card,1200,800,512,341,45,64,32,4,2568,2568,1.0,5.42404,31.772253816975876,0.9393742346251489,0.9800935045250027,0.9867549991005705,0.9973906542793648
chat_preview,ui_text,meme_card,1200,800,512,341,45,64,64,0,1944,3813,0.5098347757671126,5.19912,25.468092857702672,0.8592259781059409,0.9501683372119896,0.9518312215090641,0.9854533261792259
chat_preview,ui_text,meme_card,1200,800,512,341,45,64,64,1,2638,3813,0.6918436926304747,5.66283,30.042086229455037,0.9344986051309382,0.9807539509229564,0.9851628164689183,0.9965060413504538
chat_preview,ui_text,meme_card,1200,800,512,341,45,64,64,2,3236,3813,0.8486755835300288,5.83854,32.17288401949438,0.9464784807298322,0.9825248404728856,0.9885792096008729,0.9979614324004169
chat_preview,ui_text,meme_card,1200,800,512,341,45,64,64,3,3813,3813,1.0,7.47637,35.659230238450476,0.9574940616357933,0.9855782741957388,0.9912858733836336,0.9989251350269861
chat_preview,ui_text,meme_card,1200,800,512,341,46,64,32,0,1247,2584,0.48258513931888547,4.76337,22.247810625732882,0.7654973717515835,0.9040660692707764,0.9064535473904995,0.9619423479452048
chat_preview,ui_text,meme_card,1200,800,512,341,46,64,32,1,1666,2584,0.6447368421052632,5.40912,25.39830084745272,0.862942550480312,0.9506055826195059,0.9517671782115555,0.9850965118914533
chat_preview,ui_text,meme_card,1200,800,512,341,46,64,32,2,2071,2584,0.8014705882352942,5.29375,29.69197199071929,0.92971979898695,0.9787367625976507,0.9843759500372299,0.9959404498146043
chat_preview,ui_text,meme_card,1200,800,512,341,46,64,32,3,2296,2584,0.8885448916408669,5.06508,31.379442081758274,0.9380944243600023,0.9798000054282135,0.9865346924006788,0.9972532698417282
chat_preview,ui_text,meme_card,1200,800,512,341,46,64,32,4,2584,2584,1.0,6.0905,31.862399780229374,0.9402134351241793,0.9804826433747448,0.9872950616690734,0.9974756420674893
chat_preview,ui_text,meme_card,1200,800,512,341,46,64,64,0,1944,3833,0.5071745369162536,4.80912,25.468092857702672,0.8592259781059409,0.9501683372119896,0.9518312215090641,0.9854533261792259
chat_preview,ui_text,meme_card,1200,800,512,341,46,64,64,1,2638,3833,0.6882337594573441,4.95329,30.042086229455037,0.9344986051309382,0.9807539509229564,0.9851628164689183,0.9965060413504538
chat_preview,ui_text,meme_card,1200,800,512,341,46,64,64,2,3246,3833,0.8468562483694234,5.39642,32.18953662117553,0.9466126074901924,0.9825646648786246,0.9885809226977803,0.9979714658906796
chat_preview,ui_text,meme_card,1200,800,512,341,46,64,64,3,3833,3833,1.0,6.06333,35.73638853249663,0.9577351395181638,0.9856531551299947,0.991359341832249,0.9989408467264703
chat_preview,ui_text,meme_card,1200,800,512,341,47,64,32,0,1273,2636,0.48292867981790594,4.80921,22.239578575046398,0.765456277947191,0.9049459499716606,0.9074325220063203,0.9620689647527966
chat_preview,ui_text,meme_card,1200,800,512,341,47,64,32,1,1709,2636,0.6483308042488619,5.05579,25.392873676328087,0.8636408854940623,0.9509031542629609,0.9518476406348529,0.9851101557858464
chat_preview,ui_text,meme_card,1200,800,512,341,47,64,32,2,2116,2636,0.802731411229135,4.97142,29.728021921428134,0.9320563748481238,0.9800055336684276,0.9853455053960214,0.9960150256429962
chat_preview,ui_text,meme_card,1200,800,512,341,47,64,32,3,2344,2636,0.8892261001517451,5.44933,31.433985224465797,0.9403251552086571,0.9811534465738925,0.9875325619671728,0.9973276176393395
chat_preview,ui_text,meme_card,1200,800,512,341,47,64,32,4,2636,2636,1.0,5.64696,32.00893201769611,0.9426348896332676,0.9819153607614056,0.9884241598221978,0.9975872092054986
chat_preview,ui_text,meme_card,1200,800,512,341,47,64,64,0,2000,3924,0.509683995922528,4.95133,25.464419577523017,0.8608417005044146,0.9512624718504786,0.9533233350847268,0.9854507937890165
chat_preview,ui_text,meme_card,1200,800,512,341,47,64,64,1,2727,3924,0.694954128440367,4.83954,30.05206080301062,0.9373359375172939,0.982180901956981,0.9869022309919918,0.9965265554830559
chat_preview,ui_text,meme_card,1200,800,512,341,47,64,64,2,3336,3924,0.8501529051987767,5.29804,32.19340844371031,0.9494990338854389,0.9839538794167965,0.9902624114470913,0.9979924759344685
chat_preview,ui_text,meme_card,1200,800,512,341,47,64,64,3,3924,3924,1.0,6.63892,35.77936351846271,0.9608608592898786,0.9870915033275359,0.9931356822516861,0.9989662027330065
chat_preview,ui_text,meme_card,1200,800,512,341,48,64,32,0,1273,2652,0.48001508295625944,4.78692,22.239578575046398,0.765456277947191,0.9049459499716606,0.9074325220063203,0.9620689647527966
chat_preview,ui_text,meme_card,1200,800,512,341,48,64,32,1,1709,2652,0.6444193061840121,4.94712,25.39303161699103,0.863642726634171,0.9509034083535891,0.9518474980129189,0.9851107250961656
chat_preview,ui_text,meme_card,1200,800,512,341,48,64,32,2,2135,2652,0.805052790346908,5.32088,29.749284325511184,0.9326675784081543,0.9802249430755906,0.98526411185261,0.9960429218925149
chat_preview,ui_text,meme_card,1200,800,512,341,48,64,32,3,2361,2652,0.8902714932126696,5.15117,31.47658189430828,0.9412491070276062,0.9813590433464735,0.9874165417049444,0.9973551047828508
chat_preview,ui_text,meme_card,1200,800,512,341,48,64,32,4,2652,2652,1.0,5.50287,32.112258634445695,0.9438107272820426,0.982177345440626,0.9883966299998755,0.9976401205720816
chat_preview,ui_text,meme_card,1200,800,512,341,48,64,64,0,2000,3941,0.5074854097944684,5.21004,25.464419577523017,0.8608417005044146,0.9512624718504786,0.9533233350847268,0.9854507937890165
chat_preview,ui_text,meme_card,1200,800,512,341,48,64,64,1,2727,3941,0.6919563562547577,5.07646,30.05195407839253,0.9373343957736665,0.9821796798425049,0.9869022187076936,0.9965264110269973
chat_preview,ui_text,meme_card,1200,800,512,341,48,64,64,2,3348,3941,0.8495305759959401,5.58979,32.21117681480062,0.9493978547535077,0.9838710471904126,0.9901046936452869,0.997997884587061
chat_preview,ui_text,meme_card,1200,800,512,341,48,64,64,3,3941,3941,1.0,6.01971,35.86927576304403,0.9610390182350429,0.9870660471788648,0.9930543996088075,0.9989734229445145
chat_preview,ui_text,meme_card,1200,800,512,341,49,64,32,0,1293,2684,0.48174366616989567,4.86933,22.239974807614548,0.7665207081599207,0.9055369661757671,0.907603454155698,0.9620180157320553
chat_preview,ui_text,meme_card,1200,800,512,341,49,64,32,1,1731,2684,0.6449329359165424,4.77467,25.394335972654552,0.8641262378145195,0.9513784713589254,0.9519853641512406,0.9850859608315039
chat_preview,ui_text,meme_card,1200,800,512,341,49,64,32,2,2165,2684,0.8066318926974665,5.1685,29.75584475506606,0.9331640922125514,0.9808136213256716,0.985382420942032,0.9960507335441753
chat_preview,ui_text,meme_card,1200,800,512,341,49,64,32,3,2392,2684,0.8912071535022354,5.35321,31.488373050360934,0.9421553042227707,0.9820358154907335,0.9876886392991289,0.9973703972481665
chat_preview,ui_text,meme_card,1200,800,512,341,49,64,32,4,2684,2684,1.0,5.68379,32.16756029301956,0.9447722418454427,0.9829066850391884,0.9887314052650227,0.9976720947633363
chat_preview,ui_text,meme_card,1200,800,512,341,49,64,64,0,2044,3993,0.5118958176809416,4.92012,25.46277335179623,0.8618518693922819,0.9519667863888852,0.9534073842711519,0.9854409875417292
chat_preview,ui_text,meme_card,1200,800,512,341,49,64,64,1,2772,3993,0.6942148760330579,5.18442,30.04924502903567,0.9381282959402523,0.9827466743982155,0.9870190387175961,0.9965220381143626
chat_preview,ui_text,meme_card,1200,800,512,341,49,64,64,2,3400,3993,0.8514901076884548,5.49825,32.212503055541546,0.9503743657104557,0.9844812715711554,0.9901956543136365,0.9979985436916811
chat_preview,ui_text,meme_card,1200,800,512,341,49,64,64,3,3993,3993,1.0,6.15783,35.90079794033549,0.9622134595824127,0.9876777596184274,0.9931575719282042,0.9989800250579477
chat_preview,ui_text,meme_card,1200,800,512,341,50,64,32,0,1293,2695,0.47977736549165123,4.77487,22.239974807614548,0.7665207081599207,0.9055369661757671,0.907603454155698,0.9620180157320553
chat_preview,ui_text,meme_card,1200,800,512,341,50,64,32,1,1733,2695,0.6430426716141002,5.05542,25.39583471693672,0.864138449116265,0.9514035957061804,0.9520005260934883,0.9850931934769402
chat_preview,ui_text,meme_card,1200,800,512,341,50,64,32,2,2167,2695,0.8040816326530612,5.61542,29.761605115608077,0.9332871974357041,0.9808518407677288,0.9853870778849027,0.9960597092544917
chat_preview,ui_text,meme_card,1200,800,512,341,50,64,32,3,2402,2695,0.8912801484230055,5.24688,31.50681253255431,0.9422678953408766,0.9820305729654981,0.9876607088788536,0.997375390863923
chat_preview,ui_text,meme_card,1200,800,512,341,50,64,32,4,2695,2695,1.0,6.17983,32.25297481217353,0.945169643464128,0.9829659031768468,0.9887828290872359,0.997706039563982
chat_preview,ui_text,meme_card,1200,800,512,341,50,64,64,0,2044,3991,0.5121523427712352,4.83554,25.46277335179623,0.8618518693922819,0.9519667863888852,0.9534073842711519,0.9854409875417292
chat_preview,ui_text,meme_card,1200,800,512,341,50,64,64,1,2774,3991,0.6950638937609621,5.45942,30.05032888460574,0.9381995956785733,0.9827718749501635,0.9870440801679891,0.9965244572343067
chat_preview,ui_text,meme_card,1200,800,512,341,50,64,64,2,3402,3991,0.8524179403658231,5.5775,32.2218697738655,0.9504573874092067,0.9845183402741032,0.9902203729731294,0.9980061960763226
chat_preview,ui_text,meme_card,1200,800,512,341,50,64,64,3,3991,3991,1.0,6.55221,35.95095289790228,0.9624746674025029,0.9877356267040723,0.9932035747007272,0.9989952829783425
chat_preview,ui_text,meme_card,1200,800,512,341,51,64,32,0,1293,2721,0.47519294377067256,5.41767,22.239974807614548,0.7665207081599207,0.9055369661757671,0.907603454155698,0.9620180157320553
chat_preview,ui_text,meme_card,1200,800,512,341,51,64,32,1,1746,2721,0.6416758544652701,5.68992,25.399028206904383,0.8644685518623798,0.9514349244000008,0.952048020029701,0.9851044643855041
chat_preview,ui_text,meme_card,1200,800,512,341,51,64,32,2,2188,2721,0.8041161337743477,5.54254,29.775929752211496,0.9338735825718626,0.9810235648995841,0.9853800823546122,0.9960818877239636
chat_preview,ui_text,meme_card,1200,800,512,341,51,64,32,3,2426,2721,0.8915839764792356,5.11888,31.522602138890225,0.9428212204125835,0.9821799531319684,0.9875894810064892,0.997387435081962
chat_preview,ui_text,meme_card,1200,800,512,341,51,64,32,4,2721,2721,1.0,6.08658,32.30407476158943,0.9459156068299887,0.9831729448323978,0.9887792366686925,0.9977310654720376
chat_preview,ui_text,meme_card,1200,800,512,341,51,64,64,0,2044,4029,0.5073219161082154,4.68454,25.46277335179623,0.8618518693922819,0.9519667863888852,0.9534073842711519,0.9854409875417292
chat_preview,ui_text,meme_card,1200,800,512,341,51,64,64,1,2789,4029,0.6922313229089104,5.82746,30.052413387140263,0.9382932919038313,0.9828003866614301,0.9870534158961134,0.9965314257378769
chat_preview,ui_text,meme_card,1200,800,512,341,51,64,64,2,3439,4029,0.8535616778356913,5.57483,32.233855592649,0.951146565442988,0.9846817256691068,0.990346301870788,0.9980265309955215
chat_preview,ui_text,meme_card,1200,800,512,341,51,64,64,3,4029,4029,1.0,6.62383,35.99123933229929,0.9630144833262698,0.9878276621007881,0.9932709211127017,0.9990084427659834
chat_preview,ui_text,meme_card,1200,800,512,341,52,64,32,0,1293,2731,0.47345294763822776,5.44742,22.239974807614548,0.7665207081599207,0.9055369661757671,0.907603454155698,0.9620180157320553
chat_preview,ui_text,meme_card,1200,800,512,341,52,64,32,1,1746,2731,0.6393262541193702,5.37787,25.399191189962792,0.8644704184536068,0.9514360999350311,0.9520474807252306,0.985104740772498
chat_preview,ui_text,meme_card,1200,800,512,341,52,64,32,2,2190,2731,0.8019040644452582,4.79525,29.776506962720084,0.9341607528586966,0.9811045399591096,0.9853601957227214,0.9960840907356765
chat_preview,ui_text,meme_card,1200,800,512,341,52,64,32,3,2436,2731,0.8919809593555474,5.64354,31.53344548875571,0.9431858836917525,0.9822460001402223,0.9876194952039741,0.9973950403963756
chat_preview,ui_text,meme_card,1200,800,512,341,52,64,32,4,2731,2731,1.0,5.63796,32.374273457740436,0.9465549597266235,0.9832881593028069,0.9888728729031341,0.9977649027503098
chat_preview,ui_text,meme_card,1200,800,512,341,52,64,64,0,2044,4056,0.5039447731755424,5.41733,25.46277335179623,0.8618518693922819,0.9519667863888852,0.9534073842711519,0.9854409875417292
chat_preview,ui_text,meme_card,1200,800,512,341,52,64,64,1,2797,4056,0.689595660749507,4.83712,30.052894300221553,0.9383008048244689,0.982802407696437,0.9870545140252626,0.996532110508173
chat_preview,ui_text,meme_card,1200,800,512,341,52,64,64,2,3448,4056,0.8500986193293886,5.87708,32.2393902421701,0.9512065371385394,0.9847071002629745,0.9903601679632059,0.9980296031692432
chat_preview,ui_text,meme_card,1200,800,512,341,52,64,64,3,4056,4056,1.0,6.09567,36.06564505868303,0.9632374443407922,0.9878841859513562,0.9932808819603786,0.9990178447309546
chat_preview,ui_text,meme_card,1200,800,512,341,53,64,32,0,1293,2754,0.46949891067538124,5.26629,22.239974807614548,0.7665207081599207,0.9055369661757671,0.907603454155698,0.9620180157320553
chat_preview,ui_text,meme_card,1200,800,512,341,53,64,32,1,1766,2754,0.6412490922294843,5.48137,25.40541644102854,0.8644421387728279,0.9516847472758219,0.9522466141229977,0.9851248358481981
chat_preview,ui_text,meme_card,1200,800,512,341,53,64,32,2,2213,2754,0.8035584604212055,5.68012,29.776001566293786,0.9340329309583217,0.9811146035287167,0.9852381836677021,0.9960786211393328
chat_preview,ui_text,meme_card,1200,800,512,341,53,64,32,3,2460,2754,0.8932461873638344,5.52592,31.54961387099291,0.943460972932075,0.9823319775681019,0.9876148602938868,0.9974105488039291
chat_preview,ui_text,meme_card,1200,800,512,341,53,64,32,4,2754,2754,1.0,5.49613,32.47900728603978,0.9472758117216684,0.9834679126849459,0.9890011815847587,0.9978130300589751
chat_preview,ui_text,meme_card,1200,800,512,341,53,64,64,0,2044,4101,0.49841502072665206,4.984,25.46277335179623,0.8618518693922819,0.9519667863888852,0.9534073842711519,0.9854409875417292
chat_preview,ui_text,meme_card,1200,800,512,341,53,64,64,1,2832,4101,0.6905632772494513,5.08442,30.055957207964067,0.9379671594082414,0.9828405133512225,0.9870703424330807,0.9965443507037166
chat_preview,ui_text,meme_card,1200,800,512,341,53,64,64,2,3484,4101,0.8495488905145087,5.45079,32.248758265873434,0.9511148403656867,0.9847362059114163,0.9903565573738695,0.9980387695967092
chat_preview,ui_text,meme_card,1200,800,512,341,53,64,64,3,4101,4101,1.0,6.31954,36.07785390065067,0.9633588362071915,0.9879115836704768,0.993291925606892,0.9990276528886209
chat_preview,ui_text,meme_card,1200,800,512,341,54,64,32,0,1315,2784,0.4723419540229885,4.93683,22.24921111336151,0.7678218742266135,0.9068025222649597,0.908061315406487,0.9621810411651645
chat_preview,ui_text,meme_card,1200,800,512,341,54,64,32,1,1790,2784,0.6429597701149425,5.13971,25.41083423112429,0.8655597424302722,0.9529172750024486,0.9525949171620072,0.9851989788193236
chat_preview,ui_text,meme_card,1200,800,512,341,54,64,32,2,2243,2784,0.8056752873563219,6.12737,29.816299657749376,0.9349499847705293,0.9822603946662108,0.9855315430108808,0.9961670177426973
chat_preview,ui_text,meme_card,1200,800,512,341,54,64,32,3,2490,2784,0.8943965517241379,5.24804,31.624065699703397,0.9451508322262617,0.9834451362856962,0.9879557846628019,0.9974756087929192
chat_preview,ui_text,meme_card,1200,800,512,341,54,64,32,4,2784,2784,1.0,5.53621,32.58259076139757,0.9490394921584479,0.9845753327225889,0.9893448611618206,0.997881318872393
chat_preview,ui_text,meme_card,1200,800,512,341,54,64,64,0,2094,4167,0.5025197984161267,4.94792,25.47242368720856,0.8634294426270644,0.9530382703656609,0.9536358454529302,0.9854894638308307
chat_preview,ui_text,meme_card,1200,800,512,341,54,64,64,1,2886,4167,0.6925845932325414,5.83521,30.080991015880798,0.9395542721399069,0.9838847692407268,0.9872641526647595,0.9965798292293667
chat_preview,ui_text,meme_card,1200,800,512,341,54,64,64,2,3548,4167,0.851451883849292,5.53104,32.32485642920073,0.9526252959913805,0.9857832324723795,0.9905501119688195,0.9980987197212442
chat_preview,ui_text,meme_card,1200,800,512,341,54,64,64,3,4167,4167,1.0,6.43308,36.23516769908001,0.9649103015320556,0.9889028754701946,0.9934449291646009,0.9990692510974143
chat_preview,ui_text,meme_card,1200,800,512,341,55,64,32,0,1355,2970,0.4562289562289562,4.84454,22.24921111336151,0.7678218742266135,0.9068025222649597,0.908061315406487,0.9621810411651645
chat_preview,ui_text,meme_card,1200,800,512,341,55,64,32,1,1830,2970,0.6161616161616161,5.10846,25.411016363447242,0.8655558771905985,0.9529175452564774,0.9525942299543398,0.9851994655654451
chat_preview,ui_text,meme_card,1200,800,512,341,55,64,32,2,2301,2970,0.7747474747474747,5.82683,29.824343062952522,0.9350012801322021,0.9822781989674124,0.985603388133153,0.996176014053678
chat_preview,ui_text,meme_card,1200,800,512,341,55,64,32,3,2555,2970,0.8602693602693603,5.66296,31.633027701676685,0.9450604900009677,0.9834023983116934,0.9881193816111484,0.9974989131341305
chat_preview,ui_text,meme_card,1200,800,512,341,55,64,32,4,2970,2970,1.0,6.25771,32.64191542782749,0.9491922081612264,0.9845657080939912,0.989535218785016,0.9979257117739813
chat_preview,ui_text,meme_card,1200,800,512,341,55,64,64,0,2094,4188,0.5,4.84167,25.47242368720856,0.8634294426270644,0.9530382703656609,0.9536358454529302,0.9854894638308307
chat_preview,ui_text,meme_card,1200,800,512,341,55,64,64,1,2890,4188,0.6900668576886342,5.2195,30.080988417592582,0.9395449041488536,0.9838867927091344,0.9872651465438106,0.9965798754253772
chat_preview,ui_text,meme_card,1200,800,512,341,55,64,64,2,3557,4188,0.8493314231136581,5.37083,32.31985725481617,0.9526182175993568,0.9857621421285135,0.9905409302023953,0.9980939577151099
chat_preview,ui_text,meme_card,1200,800,512,341,55,64,64,3,4188,4188,1.0,6.35825,36.278386077710685,0.9649993997850507,0.9889414967456919,0.9934882397294111,0.9990717667676104
chat_preview,ui_text,meme_card,1200,800,512,341,56,64,32,0,1355,2983,0.4542406972846128,5.673,22.24921111336151,0.7678218742266135,0.9068025222649597,0.908061315406487,0.9621810411651645
chat_preview,ui_text,meme_card,1200,800,512,341,56,64,32,1,1838,2983,0.616158229969829,5.31579,25.410893670402732,0.8657093353327528,0.953047351953512,0.952481864290027,0.9851931739398684
chat_preview,ui_text,meme_card,1200,800,512,341,56,64,32,2,2308,2983,0.7737177338250084,5.66992,29.820925704544013,0.9361971872830441,0.982494407530408,0.9857333831956357,0.9961637277679168
chat_preview,ui_text,meme_card,1200,800,512,341,56,64,32,3,2566,2983,0.860207844451894,5.23058,31.674583547467556,0.9460225900173375,0.9837446165568086,0.9884230386341191,0.9975465023253999
chat_preview,ui_text,meme_card,1200,800,512,341,56,64,32,4,2983,2983,1.0,6.04417,32.72114313678665,0.9502025880867474,0.9849009407549608,0.9898289257070991,0.9979859925887965
chat_preview,ui_text,meme_card,1200,800,512,341,56,64,64,0,2094,4216,0.49667931688804556,5.14829,25.47242368720856,0.8634294426270644,0.9530382703656609,0.9536358454529302,0.9854894638308307
chat_preview,ui_text,meme_card,1200,800,512,341,56,64,64,1,2906,4216,0.6892789373814042,5.55154,30.089930138825565,0.9397574059453503,0.9839815422270384,0.9872869589386708,0.9965896420655538
chat_preview,ui_text,meme_card,1200,800,512,341,56,64,64,2,3582,4216,0.8496204933586338,5.38821,32.36493173620478,0.9529942023350634,0.9859684124727304,0.9906552556567192,0.9981187340279403
chat_preview,ui_text,meme_card,1200,800,512,341,56,64,64,3,4216,4216,1.0,6.70433,36.408083774741684,0.9656461088047038,0.9891374962302293,0.9936013038837888,0.9991019637043986
chat_preview,ui_text,meme_card,1200,800,512,341,57,64,32,0,1355,2992,0.45287433155080214,4.86146,22.24921111336151,0.7678218742266135,0.9068025222649597,0.908061315406487,0.9621810411651645
chat_preview,ui_text,meme_card,1200,800,512,341,57,64,32,1,1839,2992,0.6146390374331551,4.88729,25.412980411519484,0.8657617173213872,0.9530978737586818,0.9525244250797547,0.9852001585285746
chat_preview,ui_text,meme_card,1200,800,512,341,57,64,32,2,2317,2992,0.7743983957219251,5.00904,29.828962121050434,0.9364246034726076,0.9825620669695363,0.985802108375752,0.9961733793683065
chat_preview,ui_text,meme_card,1200,800,512,341,57,64,32,3,2575,2992,0.8606283422459893,5.30558,31.68602639033687,0.9462122648309329,0.9838293939871946,0.9885475987012354,0.9975601716138912
chat_preview,ui_text,meme_card,1200,800,512,341,57,64,32,4,2992,2992,1.0,6.25762,32.78355006394363,0.9506567446153035,0.9850083061998377,0.9899649147280968,0.9980188198643359
chat_preview,ui_text,meme_card,1200,800,512,341,57,64,64,0,2094,4236,0.4943342776203966,4.88833,25.47242368720856,0.8634294426270644,0.9530382703656609,0.9536358454529302,0.9854894638308307
chat_preview,ui_text,meme_card,1200,800,512,341,57,64,64,1,2908,4236,0.6864966949952785,4.94408,30.089533101481575,0.9397784757845894,0.9839784253678093,0.9872848416205636,0.9965884532030435
chat_preview,ui_text,meme_card,1200,800,512,341,57,64,64,2,3591,4236,0.8477337110481586,6.07404,32.37281122919905,0.9530708364837609,0.9859916618295589,0.9906531753271389,0.9981231731958562
chat_preview,ui_text,meme_card,1200,800,512,341,57,64,64,3,4236,4236,1.0,6.53217,36.493366610007755,0.9658719887900195,0.9892047963222751,0.9936179869190155,0.9991162461935523
chat_preview,ui_text,meme_card,1200,800,512,341,58,64,32,0,1375,3053,0.45037667867671144,5.08771,22.24921111336151,0.7678218742266135,0.9068025222649597,0.908061315406487,0.9621810411651645
chat_preview,ui_text,meme_card,1200,800,512,341,58,64,32,1,1859,3053,0.6089092695709138,4.92546,25.412980411519484,0.8657617173213872,0.9530978737586818,0.9525244250797547,0.9852001585285746
chat_preview,ui_text,meme_card,1200,800,512,341,58,64,32,2,2339,3053,0.7661316737635113,5.51017,29.831813516446886,0.9364517003060547,0.9825628396072285,0.9857987925753149,0.9961757990279562
chat_preview,ui_text,meme_card,1200,800,512,341,58,64,32,3,2635,3053,0.8630854896822797,5.39471,31.692918345853002,0.9464582802874358,0.9838491801728497,0.9886421415861905,0.9975678708144449
chat_preview,ui_text,meme_card,1200,800,512,341,58,64,32,4,3053,3053,1.0,6.3505,32.80611920022817,0.9508115279698149,0.9850224567332838,0.990073924514122,0.9980308802826265
chat_preview,ui_text,meme_card,1200,800,512,341,58,64,64,0,2094,4237,0.49421760679726223,5.60483,25.47242368720856,0.8634294426270644,0.9530382703656609,0.9536358454529302,0.9854894638308307
chat_preview,ui_text,meme_card,1200,800,512,341,58,64,64,1,2908,4237,0.6863346707576116,5.89325,30.089533101481575,0.9397784757845894,0.9839784253678093,0.9872848416205636,0.9965884532030435
chat_preview,ui_text,meme_card,1200,800,512,341,58,64,64,2,3591,4237,0.8475336322869955,5.70942,32.38074254828445,0.9530941178492939,0.986009777671354,0.9906604895677069,0.9981281779252628
chat_preview,ui_text,meme_card,1200,800,512,341,58,64,64,3,4237,4237,1.0,5.9145,36.5332804930449,0.9661112707241832,0.9892088050889637,0.9936432437086542,0.9991231374609123
chat_preview,ui_text,meme_card,1200,800,512,341,59,64,32,0,1435,3145,0.4562798092209857,5.02642,22.268520657293344,0.7681753909691272,0.9079738457672976,0.9092043511296735,0.9621559416832605
chat_preview,ui_text,meme_card,1200,800,512,341,59,64,32,1,1932,3145,0.614308426073132,5.61467,25.448680463893844,0.8668594581476938,0.9544327223357048,0.9539466587050001,0.9852909772859474
chat_preview,ui_text,meme_card,1200,800,512,341,59,64,32,2,2423,3145,0.770429252782194,5.13871,29.919976693993803,0.9373619870898958,0.9838445839874502,0.9872452501454798,0.9962985607455934
chat_preview,ui_text,meme_card,1200,800,512,341,59,64,32,3,2723,3145,0.865818759936407,5.38742,31.827621974676347,0.9478534878093283,0.9851263579049113,0.9899562694766255,0.9976801626282132
chat_preview,ui_text,meme_card,1200,800,512,341,59,64,32,4,3145,3145,1.0,6.3415,33.12072949138517,0.9528017348648792,0.9863846713555947,0.9914540603042128,0.9981868950254481
chat_preview,ui_text,meme_card,1200,800,512,341,59,64,64,0,2257,4474,0.5044702726866339,5.12742,25.488357082518938,0.8655712996828596,0.9546558022764797,0.9547380314858557,0.9855331447479566
chat_preview,ui_text,meme_card,1200,800,512,341,59,64,64,1,3098,4474,0.6924452391595888,5.55804,30.153896940585497,0.942658414653535,0.985604167131496,0.9885252890241182,0.996655305013196
chat_preview,ui_text,meme_card,1200,800,512,341,59,64,64,2,3804,4474,0.8502458649977649,5.96512,32.53034372395716,0.9562458469698241,0.9879953067733735,0.99205812965233,0.9982353254121987
chat_preview,ui_text,meme_card,1200,800,512,341,59,64,64,3,4474,4474,1.0,6.31775,36.986989861985656,0.9694270730445677,0.9910223137664155,0.9949048050384106,0.9992122395529167
chat_preview,ui_text,meme_card,1200,800,512,341,60,64,32,0,1435,3161,0.45397026257513445,5.45946,22.268520657293344,0.7681753909691272,0.9079738457672976,0.9092043511296735,0.9621559416832605
chat_preview,ui_text,meme_card,1200,800,512,341,60,64,32,1,1935,3161,0.6121480544131604,5.40687,25.447776297732027,0.8668739945713625,0.9544239657046765,0.9539420464629532,0.985287765635645
chat_preview,ui_text,meme_card,1200,800,512,341,60,64,32,2,2426,3161,0.7674786459981019,5.787,29.923528548320565,0.9376721853865712,0.9839148674265226,0.987232903647392,0.9963055817143395
chat_preview,ui_text,meme_card,1200,800,512,341,60,64,32,3,2729,3161,0.8633343878519456,6.06762,31.845154892932438,0.9483211881467071,0.9853076898256049,0.9900861644857776,0.9977021703130342
chat_preview,ui_text,meme_card,1200,800,512,341,60,64,32,4,3161,3161,1.0,5.909,33.21541637186527,0.9534304767820153,0.9865980518530194,0.9915700359243024,0.9982306396462639
chat_preview,ui_text,meme_card,1200,800,512,341,60,64,64,0,2257,4485,0.5032329988851728,5.31896,25.488357082518938,0.8655712996828596,0.9546558022764797,0.9547380314858557,0.9855331447479566
chat_preview,ui_text,meme_card,1200,800,512,341,60,64,64,1,3101,4485,0.6914158305462653,5.33887,30.153248574656295,0.9426635415976778,0.985604520738192,0.9885290175214655,0.9966542510308641
chat_preview,ui_text,meme_card,1200,800,512,341,60,64,64,2,3809,4485,0.8492753623188406,5.64742,32.52988819829123,0.9562200669207425,0.9880053659853307,0.9920637469341652,0.9982365494500117
chat_preview,ui_text,meme_card,1200,800,512,341,60,64,64,3,4485,4485,1.0,6.35346,37.031738247147786,0.9696108334287352,0.9910202740002934,0.9949294107119021,0.9992185575003109
chat_preview,ui_text,meme_card,1200,800,512,341,61,64,32,0,1435,3194,0.4492798998121478,4.9015,22.268520657293344,0.7681753909691272,0.9079738457672976,0.9092043511296735,0.9621559416832605
chat_preview,ui_text,meme_card,1200,800,512,341,61,64,32,1,1947,3194,0.6095804633688165,5.85221,25.450363758682602,0.8665600319583447,0.954279386672222,0.9540447728388889,0.9853057358367759
chat_preview,ui_text,meme_card,1200,800,512,341,61,64,32,2,2448,3194,0.7664370695053225,5.94917,29.92849092760503,0.937718047835752,0.9838835303334535,0.9871267806820332,0.9963030900280956
chat_preview,ui_text,meme_card,1200,800,512,341,61,64,32,3,2758,3194,0.8634940513462742,5.24887,31.858764828631756,0.9483313227617097,0.9854713326099932,0.990359970085624,0.997728541391607
chat_preview,ui_text,meme_card,1200,800,512,341,61,64,32,4,3194,3194,1.0,6.42833,33.36165312086564,0.9538369965018557,0.9868500618906714,0.991884452862688,0.9982956410265439
chat_preview,ui_text,meme_card,1200,800,512,341,61,64,64,0,2257,4517,0.4996679211866283,5.15929,25.488357082518938,0.8655712996828596,0.9546558022764797,0.9547380314858557,0.9855331447479566
chat_preview,ui_text,meme_card,1200,800,512,341,61,64,64,1,3121,4517,0.6909453176887315,5.12379,30.156719411097825,0.9426970916429737,0.9856123029962524,0.9885348014245001,0.9966620599480914
chat_preview,ui_text,meme_card,1200,800,512,341,61,64,64,2,3839,4517,0.8499003763559885,5.4975,32.543799262641414,0.9564812268576067,0.9880523535547128,0.9921087457759599,0.9982399402025269
chat_preview,ui_text,meme_card,1200,800,512,341,61,64,64,3,4517,4517,1.0,6.15579,37.22046214942216,0.9703061572066137,0.9911637131055239,0.9950112408542009,0.9992533370259709
chat_preview,ui_text,meme_card,1200,800,512,341,62,64,32,0,1435,3197,0.4488583046606193,4.83879,22.268520657293344,0.7681753909691272,0.9079738457672976,0.9092043511296735,0.9621559416832605
chat_preview,ui_text,meme_card,1200,800,512,341,62,64,32,1,1947,3197,0.6090084454175789,4.86862,25.450363758682602,0.8665600319583447,0.954279386672222,0.9540447728388889,0.9853057358367759
chat_preview,ui_text,meme_card,1200,800,512,341,62,64,32,2,2448,3197,0.7657178604942133,5.06158,29.931780491638982,0.9377766874838319,0.9838742108506849,0.987136997930787,0.9963074389053751
chat_preview,ui_text,meme_card,1200,800,512,341,62,64,32,3,2761,3197,0.8636221457616515,5.30746,31.867045311685715,0.9487814410340535,0.985540508224732,0.9905074874771166,0.9977384912143368
chat_preview,ui_text,meme_card,1200,800,512,341,62,64,32,4,3197,3197,1.0,5.88017,33.40310293427643,0.9543159209048682,0.986925261948711,0.9920359650868686,0.9983152244548895
chat_preview,ui_text,meme_card,1200,800,512,341,62,64,64,0,2257,4523,0.49900508512049524,4.8975,25.488357082518938,0.8655712996828596,0.9546558022764797,0.9547380314858557,0.9855331447479566
chat_preview,ui_text,meme_card,1200,800,512,341,62,64,64,1,3121,4523,0.6900287419854079,5.04921,30.156719411097825,0.9426970916429737,0.9856123029962524,0.9885348014245001,0.9966620599480914
chat_preview,ui_text,meme_card,1200,800,512,341,62,64,64,2,3840,4523,0.848994030510723,5.35525,32.55148487255378,0.9565089024331065,0.9880673506198702,0.9921115455387283,0.9982444497586188
chat_preview,ui_text,meme_card,1200,800,512,341,62,64,64,3,4523,4523,1.0,6.03346,37.28604508294702,0.9705843518564711,0.9911849943086635,0.9950570305242472,0.9992640519577217
chat_preview,ui_text,meme_card,1200,800,512,341,63,64,32,0,1463,3242,0.4512646514497224,4.76071,22.276347051166745,0.7686980588461543,0.9084819360890762,0.9093390172969706,0.9622711372952202
chat_preview,ui_text,meme_card,1200,800,512,341,63,64,32,1,1980,3242,0.6107341147439852,5.09017,25.454795499033345,0.8672599713495974,0.9548266546734413,0.9542804464003146,0.9853537300170642
chat_preview,ui_text,meme_card,1200,800,512,341,63,64,32,2,2484,3242,0.7661937075879087,5.16225,29.9404576574937,0.9387057264747874,0.9844293105654213,0.9874001419477948,0.9963329684554825
chat_preview,ui_text,meme_card,1200,800,512,341,63,64,32,3,2798,3242,0.8630475015422578,5.45342,31.897867718569355,0.9495344898141068,0.9860052540710221,0.990793308060949,0.9977745905685879
chat_preview,ui_text,meme_card,1200,800,512,341,63,64,32,4,3242,3242,1.0,5.81846,33.537177527125095,0.9552267286153108,0.9874422571293787,0.992340373560752,0.9983723017834405
chat_preview,ui_text,meme_card,1200,800,512,341,63,64,64,0,2334,4615,0.5057421451787649,5.35504,25.496969638175983,0.8670608192990462,0.9555749578712155,0.9549631532158138,0.9856010613136857
chat_preview,ui_text,meme_card,1200,800,512,341,63,64,64,1,3210,4615,0.695557963163597,5.15525,30.164920487096616,0.9443608120080436,0.9865881577824377,0.98862451525098,0.9966957300872948
chat_preview,ui_text,meme_card,1200,800,512,341,63,64,64,2,3932,4615,0.8520043336944746,5.46012,32.57482204136683,0.9581642987227498,0.9890406699021485,0.9922396044872926,0.9982801719790348
chat_preview,ui_text,meme_card,1200,800,512,341,63,64,64,3,4615,4615,1.0,6.14142,37.450656234119634,0.9724625366274267,0.9921790267183948,0.9952366409565198,0.9993085208939133
chat_preview,ui_text,meme_card,1200,800,512,341,64,64,32,0,1463,3263,0.44836040453570336,4.83992,22.276347051166745,0.7686980588461543,0.9084819360890762,0.9093390172969706,0.9622711372952202
chat_preview,ui_text,meme_card,1200,800,512,341,64,64,32,1,1980,3263,0.6068035550107264,4.85796,25.45492534916552,0.8672635256307815,0.9548283643076517,0.9542797974539214,0.9853541545149518
chat_preview,ui_text,meme_card,1200,800,512,341,64,64,32,2,2498,3263,0.7655531719276739,5.12746,29.942124785327614,0.9389722882874514,0.9844284202256682,0.9874382292611134,0.9963481249075251
chat_preview,ui_text,meme_card,1200,800,512,341,64,64,32,3,2815,3263,0.862703034017775,5.39458,31.91745551871123,0.9499661805516949,0.9860583974630949,0.9909320706989141,0.9977886673112817
chat_preview,ui_text,meme_card,1200,800,512,341,64,64,32,4,3263,3263,1.0,5.81058,33.61229613017405,0.9557112164062037,0.9874659163814131,0.9924377639547756,0.998393568400048
chat_preview,ui_text,meme_card,1200,800,512,341,64,64,64,0,2334,4646,0.5023676280671545,4.83092,25.496969638175983,0.8670608192990462,0.9555749578712155,0.9549631532158138,0.9856010613136857
chat_preview,ui_text,meme_card,1200,800,512,341,64,64,64,1,3210,4646,0.6909169177787344,5.25533,30.16487068636083,0.9443568429559998,0.9865861155091294,0.9886239232384297,0.9966956316763227
chat_preview,ui_text,meme_card,1200,800,512,341,64,64,64,2,3967,4646,0.853852776582006,5.60092,32.612271168924,0.9580699750120242,0.9892327638892411,0.9924436262009623,0.9983014085723146
chat_preview,ui_text,meme_card,1200,800,512,341,64,64,64,3,4646,4646,1.0,6.07267,37.52415688209341,0.9726431442645397,0.9921641060562302,0.9952525132966954,0.9993209183625735
chat_preview,ui_text,meme_card,1200,800,512,341,65,64,32,0,1503,3424,0.4389602803738318,4.75258,22.276347051166745,0.7686980588461543,0.9084819360890762,0.9093390172969706,0.9622711372952202
chat_preview,ui_text,meme_card,1200,800,512,341,65,64,32,1,2040,3424,0.5957943925233645,4.979,25.47091455130454,0.8663018559778258,0.9550194968604383,0.9547976466373892,0.9854807443237871
chat_preview,ui_text,meme_card,1200,800,512,341,65,64,32,2,2562,3424,0.7482476635514018,4.93383,29.947797962842742,0.9395842590851039,0.9845077297884485,0.9878159284878983,0.9963580443703509
chat_preview,ui_text,meme_card,1200,800,512,341,65,64,32,3,2970,3424,0.8674065420560748,5.46671,31.960791064695044,0.9509232266365061,0.9862831204735105,0.9913923056702157,0.9978138163912708
chat_preview,ui_text,meme_card,1200,800,512,341,65,64,32,4,3424,3424,1.0,6.05883,33.78786270314642,0.9568542273719031,0.9877660797164989,0.9929920453004231,0.9984492543397913
chat_preview,ui_text,meme_card,1200,800,512,341,65,64,64,0,2334,4690,0.4976545842217484,4.88942,25.496969638175983,0.8670608192990462,0.9555749578712155,0.9549631532158138,0.9856010613136857
chat_preview,ui_text,meme_card,1200,800,512,341,65,64,64,1,3240,4690,0.6908315565031983,5.12525,30.171920254632152,0.9445469900979998,0.9866813301028948,0.9887452233208689,0.9967088497943066
chat_preview,ui_text,meme_card,1200,800,512,341,65,64,64,2,4005,4690,0.8539445628997868,5.49746,32.628122099221216,0.9583737696107185,0.9892786928695055,0.9925213072155556,0.9983085996250206
chat_preview,ui_text,meme_card,1200,800,512,341,65,64,64,3,4690,4690,1.0,6.10471,37.61780678116362,0.973189725513029,0.9922544505121037,0.9953566120787056,0.9993327531024025
chat_preview,ui_text,meme_card,1200,800,512,341,66,64,32,0,1503,3465,0.43376623376623374,5.05462,22.276347051166745,0.7686980588461543,0.9084819360890762,0.9093390172969706,0.9622711372952202
chat_preview,ui_text,meme_card,1200,800,512,341,66,64,32,1,2054,3465,0.5927849927849927,5.01683,25.468173027331048,0.8665577873409663,0.9549294623599484,0.954827853705007,0.9854899504878478
chat_preview,ui_text,meme_card,1200,800,512,341,66,64,32,2,2579,3465,0.7443001443001444,5.20279,29.970117251896916,0.940185352294245,0.9846486027357703,0.9878737482823364,0.9964059160270128
chat_preview,ui_text,meme_card,1200,800,512,341,66,64,32,3,2999,3465,0.8655122655122656,5.36013,31.990935427886498,0.9516822161681108,0.9864204912371543,0.9914168248746748,0.9978438542009276
chat_preview,ui_text,meme_card,1200,800,512,341,66,64,32,4,3465,3465,1.0,6.1025,34.02145728182773,0.9579152198178517,0.9880460139918302,0.9931214176352777,0.9985314068585897
chat_preview,ui_text,meme_card,1200,800,512,341,66,64,64,0,2334,4731,0.4933417882054534,5.20579,25.496969638175983,0.8670608192990462,0.9555749578712155,0.9549631532158138,0.9856010613136857
chat_preview,ui_text,meme_card,1200,800,512,341,66,64,64,1,3262,4731,0.6894948213908265,5.13721,30.175075998490932,0.9447691899958047,0.9867608911156562,0.9887726802653799,0.9967214078261765
chat_preview,ui_text,meme_card,1200,800,512,341,66,64,64,2,4043,4731,0.854576199534982,5.97267,32.63926714191891,0.9590476793565405,0.9894743876302204,0.9926649729824062,0.9983263436111546
chat_preview,ui_text,meme_card,1200,800,512,341,66,64,64,3,4731,4731,1.0,6.07133,37.695581180595255,0.974079622313476,0.9924662843816945,0.9955450874810607,0.9993550469381475
chat_preview,ui_text,meme_card,1200,800,512,341,67,64,32,0,1503,3481,0.43177247917265155,5.05404,22.276347051166745,0.7686980588461543,0.9084819360890762,0.9093390172969706,0.9622711372952202
chat_preview,ui_text,meme_card,1200,800,512,341,67,64,32,1,2055,3481,0.5903476012640047,4.81142,25.46724059110101,0.8665488993931915,0.9549159826794726,0.9548112064810867,0.9854863266722977
chat_preview,ui_text,meme_card,1200,800,512,341,67,64,32,2,2584,3481,0.7423154266015513,4.80567,29.976051210758342,0.9403188627516084,0.9847005067231617,0.9878838878077727,0.9964118136589794
chat_preview,ui_text,meme_card,1200,800,512,341,67,64,32,3,3012,3481,0.8652686009767309,5.64179,32.02302176285125,0.9520122993793899,0.9866209034143004,0.9915262471986187,0.9978704521360359
chat_preview,ui_text,meme_card,1200,800,512,341,67,64,32,4,3481,3481,1.0,6.28342,34.17223582229272,0.9585719979125091,0.988334092727312,0.9932588571985164,0.9985785273184777
chat_preview,ui_text,meme_card,1200,800,512,341,67,64,64,0,2334,4737,0.4927169094363521,4.97292,25.496969638175983,0.8670608192990462,0.9555749578712155,0.9549631532158138,0.9856010613136857
chat_preview,ui_text,meme_card,1200,800,512,341,67,64,64,1,3263,4737,0.6888325944690733,5.15337,30.175435526385822,0.944752395408496,0.986756820189064,0.9887682609408441,0.9967211071658718
chat_preview,ui_text,meme_card,1200,800,512,341,67,64,64,2,4045,4737,0.8539159805784252,6.06121,32.643420754285415,0.9590781470513984,0.9894416570375476,0.9926392897519267,0.998324155655851
chat_preview,ui_text,meme_card,1200,800,512,341,67,64,64,3,4737,4737,1.0,6.27317,37.76049179709758,0.974228609839031,0.9924244723604064,0.9955445548396876,0.9993571730569253
chat_preview,ui_text,meme_card,1200,800,512,341,68,64,32,0,1530,3535,0.4328147100424328,5.0075,22.270315947426155,0.7684909427537745,0.9087233964347359,0.9094437950236655,0.9621701089934644
chat_preview,ui_text,meme_card,1200,800,512,341,68,64,32,1,2090,3535,0.5912305516265912,4.953,25.472886412926673,0.8667492779966574,0.9553897233012411,0.9548671213382116,0.9854786962765901
chat_preview,ui_text,meme_card,1200,800,512,341,68,64,32,2,2623,3535,0.742008486562942,5.09762,30.00029232325886,0.9408515715069018,0.985241371811461,0.987917053988093,0.9964340060553938
chat_preview,ui_text,meme_card,1200,800,512,341,68,64,32,3,3060,3535,0.8656294200848657,5.44229,32.054165826449726,0.9525820810154549,0.9872282536222502,0.9915767155875744,0.997892559943412
chat_preview,ui_text,meme_card,1200,800,512,341,68,64,32,4,3535,3535,1.0,6.23954,34.353699721421044,0.9597010167054912,0.9891227867478861,0.993424191566372,0.9986370267830883
chat_preview,ui_text,meme_card,1200,800,512,341,68,64,64,0,2410,4832,0.49875827814569534,4.76508,25.499882866337174,0.8677571751170884,0.9561528797266394,0.9549786874695018,0.9855756955662813
chat_preview,ui_text,meme_card,1200,800,512,341,68,64,64,1,3345,4832,0.6922599337748344,4.90267,30.197047438658174,0.9454544404379397,0.9873161958363811,0.9887147889096997,0.9967257905361401
chat_preview,ui_text,meme_card,1200,800,512,341,68,64,64,2,4128,4832,0.8543046357615894,5.84079,32.686094129079606,0.9599907819696673,0.9900526358972718,0.9925998525616339,0.9983350798432982
chat_preview,ui_text,meme_card,1200,800,512,341,68,64,64,3,4832,4832,1.0,6.07583,37.9539577383739,0.9754274857339343,0.9930654651012594,0.9955395125231071,0.9993746764380373
chat_preview,ui_text,meme_card,1200,800,512,341,69,64,32,0,1530,3581,0.4272549567160011,4.92317,22.270315947426155,0.7684909427537745,0.9087233964347359,0.9094437950236655,0.9621701089934644
chat_preview,ui_text,meme_card,1200,800,512,341,69,64,32,1,2090,3581,0.5836358559061715,4.95167,25.473106283368757,0.8667575220083691,0.955389964860264,0.9548670097095058,0.9854797506794005
chat_preview,ui_text,meme_card,1200,800,512,341,69,64,32,2,2639,3581,0.7369449874336778,5.39983,30.01511814309676,0.941013824971615,0.9853150228591286,0.9879984639695498,0.9964503692598892
chat_preview,ui_text,meme_card,1200,800,512,341,69,64,32,3,3096,3581,0.8645629712370846,5.60871,32.08331121498074,0.9525494055671627,0.9872370513218289,0.9915706617591734,0.9979042483390144
chat_preview,ui_text,meme_card,1200,800,512,341,69,64,32,4,3581,3581,1.0,5.90446,34.565453323231935,0.9602698977256293,0.9893673534238973,0.9935915645168123,0.9987026489085369
chat_preview,ui_text,meme_card,1200,800,512,341,69,64,64,0,2410,4864,0.4954769736842105,5.10233,25.499882866337174,0.8677571751170884,0.9561528797266394,0.9549786874695018,0.9855756955662813
chat_preview,ui_text,meme_card,1200,800,512,341,69,64,64,1,3345,4864,0.6877055921052632,5.18496,30.19676537055431,0.9454521771663372,0.9873151594089952,0.9887146755163326,0.9967255373529471
chat_preview,ui_text,meme_card,1200,800,512,341,69,64,64,2,4149,4864,0.8530016447368421,5.77771,32.70794375308973,0.9601889667010695,0.9900935714466784,0.9927285633536292,0.9983561852317078
chat_preview,ui_text,meme_card,1200,800,512,341,69,64,64,3,4864,4864,1.0,6.22367,38.04326350140641,0.9758031550693597,0.993138064752554,0.9956494732177488,0.9993855311962432
chat_preview,ui_text,meme_card,1200,800,512,341,70,64,32,0,1550,3631,0.42687964748003304,4.75904,22.270315947426155,0.7684909427537745,0.9087233964347359,0.9094437950236655,0.9621701089934644
chat_preview,ui_text,meme_card,1200,800,512,341,70,64,32,1,2114,3631,0.5822087579179289,4.91171,25.473895255757427,0.8666376424742683,0.9553817161735899,0.9548522718073715,0.9854833415633348
chat_preview,ui_text,meme_card,1200,800,512,341,70,64,32,2,2675,3631,0.7367116496832828,4.879,30.01855097068767,0.9409483360020667,0.9853111346613828,0.9879900229591645,0.996454535706305
chat_preview,ui_text,meme_card,1200,800,512,341,70,64,32,3,3141,3631,0.8650509501514734,5.42154,32.088122783818555,0.9529332595780359,0.9873494234569157,0.9915673782563936,0.9979025209634491
chat_preview,ui_text,meme_card,1200,800,512,341,70,64,32,4,3631,3631,1.0,5.92604,34.65387343539873,0.9605423130971215,0.9895451100638711,0.9936289831843544,0.998726138167272
chat_preview,ui_text,meme_card,1200,800,512,341,70,64,64,0,2410,4868,0.4950698438783895,5.31312,25.499882866337174,0.8677571751170884,0.9561528797266394,0.9549786874695018,0.9855756955662813
chat_preview,ui_text,meme_card,1200,800,512,341,70,64,64,1,3346,4868,0.6873459326211997,5.28671,30.197970759407667,0.9454702930812505,0.9873210803811835,0.9887199974241142,0.9967268593052163
chat_preview,ui_text,meme_card,1200,800,512,341,70,64,64,2,4151,4868,0.8527115858668858,5.53158,32.71597548533816,0.9602010820705199,0.9901017427250135,0.9927326111637689,0.9983604386160875
chat_preview,ui_text,meme_card,1200,800,512,341,70,64,64,3,4868,4868,1.0,5.97896,38.06896194010858,0.9759347482588906,0.9931502279287604,0.9956754661936463,0.999390525938935
chat_preview,ui_text,meme_card,1200,800,512,341,71,64,32,0,1603,3736,0.42906852248394006,4.84917,22.2560439900088,0.7701329645068326,0.9094416423427428,0.910463078700413,0.9621362701288786
chat_preview,ui_text,meme_card,1200,800,512,341,71,64,32,1,2196,3736,0.5877944325481799,4.92371,25.469461154187236,0.8687725668961379,0.95643200110186,0.9559129544755576,0.9854717514081589
chat_preview,ui_text,meme_card,1200,800,512,341,71,64,32,2,2763,3736,0.7395610278372591,5.02412,30.02695830156062,0.943083349178722,0.9864824982393801,0.9890738323540917,0.996478006477615
chat_preview,ui_text,meme_card,1200,800,512,341,71,64,32,3,3236,3736,0.8661670235546038,5.498,32.11920048805644,0.9549985918506843,0.9885310303929224,0.9926258173786602,0.9979398998687194
chat_preview,ui_text,meme_card,1200,800,512,341,71,64,32,4,3736,3736,1.0,6.72346,34.78856670610894,0.9629719840232056,0.9908327021159044,0.9947854216700796,0.9987777795128462
chat_preview,ui_text,meme_card,1200,800,512,341,71,64,64,0,2564,5091,0.5036338636810057,4.7975,25.49029300250691,0.868809185813109,0.9567205781999087,0.9561597954326311,0.9855277980874163
chat_preview,ui_text,meme_card,1200,800,512,341,71,64,64,1,3533,5091,0.693969750540169,5.09579,30.19706838768242,0.9473120488934951,0.9881613529284484,0.990171232829909,0.9967296630240325
chat_preview,ui_text,meme_card,1200,800,512,341,71,64,64,2,4362,5091,0.8568061284619918,6.00175,32.71341766221191,0.9619875844494544,0.9908674636090832,0.9941532367506525,0.9983742108379106
chat_preview,ui_text,meme_card,1200,800,512,341,71,64,64,3,5091,5091,1.0,6.13742,38.195213814259496,0.9780828242351749,0.9939982901764391,0.9971791632648814,0.9994197108666462
chat_preview,ui_text,meme_card,1200,800,512,341,72,64,32,0,1603,3742,0.42838054516301444,4.82112,22.2560439900088,0.7701329645068326,0.9094416423427428,0.910463078700413,0.9621362701288786
chat_preview,ui_text,meme_card,1200,800,512,341,72,64,32,1,2196,3742,0.586851950828434,4.83575,25.46918486380175,0.8687635525611562,0.9564296336578014,0.9559150732012442,0.9854705553686975
chat_preview,ui_text,meme_card,1200,800,512,341,72,64,32,2,2766,3742,0.7391769107429182,5.11463,30.026494107543634,0.9431905595868549,0.9865112309336892,0.9890447354406412,0.996481082303796
chat_preview,ui_text,meme_card,1200,800,512,341,72,64,32,3,3241,3742,0.8661143773383218,5.55262,32.1239076894014,0.9551184560360727,0.9885522085051193,0.9926154686466907,0.997945830823091
chat_preview,ui_text,meme_card,1200,800,512,341,72,64,32,4,3742,3742,1.0,6.29017,34.84327320789173,0.963239763222255,0.9908701770486369,0.9947751908723298,0.9987913713323139
chat_preview,ui_text,meme_card,1200,800,512,341,72,64,64,0,2564,5095,0.5032384690873405,4.80167,25.49029300250691,0.868809185813109,0.9567205781999087,0.9561597954326311,0.9855277980874163
chat_preview,ui_text,meme_card,1200,800,512,341,72,64,64,1,3533,5095,0.6934249263984298,5.0605,30.1973025699594,0.9473134200457097,0.9881616090923157,0.9901712334536171,0.9967298646217195
chat_preview,ui_text,meme_card,1200,800,512,341,72,64,64,2,4363,5095,0.8563297350343474,5.98642,32.71698749927602,0.9619998394168654,0.9908715247194966,0.9941573889872988,0.9983752357598127
chat_preview,ui_text,meme_card,1200,800,512,341,72,64,64,3,5095,5095,1.0,6.54779,38.20993978293677,0.97813485971862,0.9940047724385064,0.9971682686731302,0.9994211507833768
chat_preview,ui_text,meme_card,1200,800,512,341,73,64,32,0,1652,3810,0.4335958005249344,4.98171,22.26861783210667,0.77057043896529,0.9102231047712742,0.9104029367458888,0.9623101379570164
chat_preview,ui_text,meme_card,1200,800,512,341,73,64,32,1,2250,3810,0.5905511811023622,4.98275,25.472687684803983,0.8695275330977803,0.95721475883706,0.9559390020194897,0.9855176921743634
chat_preview,ui_text,meme_card,1200,800,512,341,73,64,32,2,2824,3810,0.7412073490813649,5.39171,30.05252747978937,0.9441881537016464,0.9872490844701675,0.9891634389111239,0.9965320131662687
chat_preview,ui_text,meme_card,1200,800,512,341,73,64,32,3,3308,3810,0.8682414698162729,5.47771,32.177981404767,0.9559097412521512,0.9892510881916743,0.992671241594782,0.9979916867558358
chat_preview,ui_text,meme_card,1200,800,512,341,73,64,32,4,3810,3810,1.0,5.93337,35.063330015749244,0.9646864228379132,0.9917418370998186,0.9949914254963855,0.9988735952115988
chat_preview,ui_text,meme_card,1200,800,512,341,73,64,64,0,2662,5211,0.5108424486662828,5.02312,25.501338380627313,0.8700816032823594,0.9575071145568601,0.9562435458327742,0.9855972198243014
chat_preview,ui_text,meme_card,1200,800,512,341,73,64,64,1,3632,5211,0.6969871425829975,5.06008,30.209576032935814,0.948523386842108,0.9888664673614159,0.9903072178964853,0.9967545103538061
chat_preview,ui_text,meme_card,1200,800,512,341,73,64,64,2,4474,5211,0.858568412972558,5.50287,32.7688582641592,0.9634105664646796,0.9916401931505706,0.9943319039831277,0.9984152222004871
chat_preview,ui_text,meme_card,1200,800,512,341,73,64,64,3,5211,5211,1.0,6.21479,38.384772924510095,0.9795690846863524,0.9947424508722936,0.9973552019034484,0.999459519512905
chat_preview,ui_text,meme_card,1200,800,512,341,74,64,32,0,1652,3864,0.427536231884058,4.97117,22.26861783210667,0.77057043896529,0.9102231047712742,0.9104029367458888,0.9623101379570164
chat_preview,ui_text,meme_card,1200,800,512,341,74,64,32,1,2250,3864,0.5822981366459627,5.14517,25.472687684803983,0.8695275330977803,0.95721475883706,0.9559390020194897,0.9855176921743634
chat_preview,ui_text,meme_card,1200,800,512,341,74,64,32,2,2852,3864,0.7380952380952381,5.13479,30.072004912592586,0.944065250048455,0.9872226019840804,0.9891938107860507,0.9965636993505389
chat_preview,ui_text,meme_card,1200,800,512,341,74,64,32,3,3349,3864,0.8667184265010351,5.40133,32.206738022696925,0.9562469417307952,0.9892259175698664,0.9927472975975056,0.9979970093109953
chat_preview,ui_text,meme_card,1200,800,512,341,74,64,32,4,3864,3864,1.0,6.25008,35.13877236415751,0.9651934719793464,0.9918194692183867,0.995157697139638,0.9988978204668206
chat_preview,ui_text,meme_card,1200,800,512,341,74,64,64,0,2662,5273,0.5048359567608572,4.84346,25.501338380627313,0.8700816032823594,0.9575071145568601,0.9562435458327742,0.9855972198243014
chat_preview,ui_text,meme_card,1200,800,512,341,74,64,64,1,3632,5273,0.6887919590366015,5.54437,30.209576032935814,0.948523386842108,0.9888664673614159,0.9903072178964853,0.9967545103538061
chat_preview,ui_text,meme_card,1200,800,512,341,74,64,64,2,4507,5273,0.8547316518111132,5.70425,32.79430502739335,0.9637495500786403,0.9917871189954148,0.9944224570977606,0.9984273080762532
chat_preview,ui_text,meme_card,1200,800,512,341,74,64,64,3,5273,5273,1.0,6.45408,38.56454119185435,0.9800173863470523,0.9949034628089782,0.9974041944072027,0.9994767076773778
chat_preview,ui_text,meme_card,1200,800,512,341,75,64,32,0,1652,3912,0.4222903885480573,5.25667,22.26861783210667,0.77057043896529,0.9102231047712742,0.9104029367458888,0.9623101379570164
chat_preview,ui_text,meme_card,1200,800,512,341,75,64,32,1,2274,3912,0.5812883435582822,4.95763,25.482331306865312,0.8697009955955511,0.9572046233848853,0.9558901455537673,0.9855575937661673
chat_preview,ui_text,meme_card,1200,800,512,341,75,64,32,2,2880,3912,0.7361963190184049,5.07467,30.087556786140187,0.9444327569302361,0.9874292924670388,0.9891561898098686,0.9965850633746675
chat_preview,ui_text,meme_card,1200,800,512,341,75,64,32,3,3380,3912,0.8640081799591002,5.51283,32.231941853761924,0.956671368900201,0.9894691198118498,0.9927470675954158,0.998022763037399
chat_preview,ui_text,meme_card,1200,800,512,341,75,64,32,4,3912,3912,1.0,6.05554,35.313258581877726,0.9656246114470584,0.9921085610779384,0.9951626734749457,0.9989339465909055
chat_preview,ui_text,meme_card,1200,800,512,341,75,64,64,0,2662,5344,0.4981287425149701,5.03046,25.501338380627313,0.8700816032823594,0.9575071145568601,0.9562435458327742,0.9855972198243014
chat_preview,ui_text,meme_card,1200,800,512,341,75,64,64,1,3666,5344,0.6860029940119761,5.12479,30.21457006333072,0.9487613759100757,0.9889364048847904,0.9902799183863371,0.9967650553624223
chat_preview,ui_text,meme_card,1200,800,512,341,75,64,64,2,4554,5344,0.8521706586826348,5.77979,32.815164875496706,0.9641548565308481,0.991841447876268,0.9944183516483548,0.9984346396722326
chat_preview,ui_text,meme_card,1200,800,512,341,75,64,64,3,5344,5344,1.0,6.19275,38.71904444773058,0.98055648265569,0.9949913615464574,0.9974367609482115,0.9994945866280324
chat_preview,ui_text,meme_card,1200,800,512,341,76,64,32,0,1652,3944,0.41886409736308317,4.85133,22.26861783210667,0.77057043896529,0.9102231047712742,0.9104029367458888,0.9623101379570164
chat_preview,ui_text,meme_card,1200,800,512,341,76,64,32,1,2274,3944,0.5765720081135902,5.05767,25.482546518905764,0.8697100452110861,0.9572073615507873,0.9558909398977491,0.9855581929630266
chat_preview,ui_text,meme_card,1200,800,512,341,76,64,32,2,2898,3944,0.7347870182555781,5.14621,30.08675355507362,0.9448704845448326,0.9875202579866432,0.9892163645919626,0.9965835813525319
chat_preview,ui_text,meme_card,1200,800,512,341,76,64,32,3,3408,3944,0.8640973630831643,5.45025,32.21918221477209,0.9567184187002372,0.9893790029828121,0.9926946383168644,0.9980173054627742
chat_preview,ui_text,meme_card,1200,800,512,341,76,64,32,4,3944,3944,1.0,6.29825,35.389702262497316,0.9659468004723201,0.9921689030754722,0.9952012584161588,0.9989493206186308
chat_preview,ui_text,meme_card,1200,800,512,341,76,64,64,0,2662,5385,0.4943361188486537,4.84517,25.501338380627313,0.8700816032823594,0.9575071145568601,0.9562435458327742,0.9855972198243014
chat_preview,ui_text,meme_card,1200,800,512,341,76,64,64,1,3667,5385,0.6809656453110492,5.22767,30.214438772355816,0.9487588868243108,0.9889376270501181,0.9902816437377243,0.9967650254880993
chat_preview,ui_text,meme_card,1200,800,512,341,76,64,64,2,4574,5385,0.8493964716805943,5.552,32.81298881196698,0.9643462143675,0.9918861507242515,0.994490899061333,0.9984309865109575
chat_preview,ui_text,meme_card,1200,800,512,341,76,64,64,3,5385,5385,1.0,6.14475,38.764727376020936,0.9809758497373678,0.9950688134295326,0.9974859911191645,0.9994990343359992
chat_preview,ui_text,meme_card,1200,800,512,341,77,64,32,0,1652,4054,0.407498766650222,4.83108,22.26861783210667,0.77057043896529,0.9102231047712742,0.9104029367458888,0.9623101379570164
chat_preview,ui_text,meme_card,1200,800,512,341,77,64,32,1,2357,4054,0.5814010853478047,4.88117,25.491493784089027,0.8688079610345366,0.9570589093620242,0.9557268111772915,0.985594559329354
chat_preview,ui_text,meme_card,1200,800,512,341,77,64,32,2,2997,4054,0.7392698569314258,5.11912,30.08791174346949,0.9451143703954372,0.9873288187126149,0.9889123363639925,0.9965706603614779
chat_preview,ui_text,meme_card,1200,800,512,341,77,64,32,3,3503,4054,0.8640848544647262,5.40771,32.23541898075561,0.9564361194466001,0.9891222079253031,0.9923866747868519,0.9980136124741925
chat_preview,ui_text,meme_card,1200,800,512,341,77,64,32,4,4054,4054,1.0,6.04792,35.52295533381164,0.9662954112527563,0.9920781219980749,0.995010415317337,0.9989645263631504
chat_preview,ui_text,meme_card,1200,800,512,341,77,64,64,0,2662,5556,0.4791216702663787,5.07592,25.501338380627313,0.8700816032823594,0.9575071145568601,0.9562435458327742,0.9855972198243014
chat_preview,ui_text,meme_card,1200,800,512,341,77,64,64,1,3830,5556,0.6893448524118071,5.20592,30.2182909988614,0.9478315391360873,0.9886118730328235,0.9898508770268977,0.9967686632436037
chat_preview,ui_text,meme_card,1200,800,512,341,77,64,64,2,4746,5556,0.8542116630669546,5.62887,32.82052961368043,0.963515062907797,0.9915728322525084,0.9940560661027305,0.9984288875753701
chat_preview,ui_text,meme_card,1200,800,512,341,77,64,64,3,5556,5556,1.0,6.81025,38.824396069217585,0.9803235496552483,0.9948018519029026,0.9971222729026775,0.9995064219179284
chat_preview,ui_text,meme_card,1200,800,512,341,78,64,32,0,1726,4183,0.41262251972268704,4.86721,22.260028693378096,0.7705334091377116,0.9103209935403381,0.9104434499951369,0.9621575522282062
chat_preview,ui_text,meme_card,1200,800,512,341,78,64,32,1,2435,4183,0.5821180970595267,5.04192,25.484823300680503,0.8690195366229568,0.9573415791002109,0.95576003466,0.9855360780008615
chat_preview,ui_text,meme_card,1200,800,512,341,78,64,32,2,3078,4183,0.7358355247430074,5.2155,30.083907015029233,0.945734149562945,0.987702049437985,0.9889683296381203,0.9965536879325054
chat_preview,ui_text,meme_card,1200,800,512,341,78,64,32,3,3613,4183,0.8637341620846283,5.34,32.25059657325139,0.9572536060843916,0.9896300236723112,0.99244868518204,0.998022912794052
chat_preview,ui_text,meme_card,1200,800,512,341,78,64,32,4,4183,4183,1.0,6.12763,35.718786817226345,0.9681643821227922,0.9926533382085608,0.9951283752735414,0.9989860203638244
chat_preview,ui_text,meme_card,1200,800,512,341,78,64,64,0,2779,5685,0.488830255057168,4.81892,25.499580023568363,0.8708870205589858,0.9579103460249732,0.9562795721989684,0.9855693934497314
chat_preview,ui_text,meme_card,1200,800,512,341,78,64,64,1,3958,5685,0.6962181178540018,5.16758,30.220182174755877,0.9484680852365184,0.9890341322485368,0.9898764498760018,0.9967679678133606
chat_preview,ui_text,meme_card,1200,800,512,341,78,64,64,2,4875,5685,0.8575197889182058,5.67417,32.82087848156288,0.9641051302964304,0.9919923671215766,0.9940564364479482,0.9984313893845261
chat_preview,ui_text,meme_card,1200,800,512,341,78,64,64,3,5685,5685,1.0,6.40663,38.924982806940925,0.9812650228034551,0.9953026099110879,0.9971616275840745,0.999519856230186
chat_preview,ui_text,meme_card,1200,800,512,341,79,64,32,0,1726,4250,0.4061176470588235,4.81383,22.260028693378096,0.7705334091377116,0.9103209935403381,0.9104434499951369,0.9621575522282062
chat_preview,ui_text,meme_card,1200,800,512,341,79,64,32,1,2435,4250,0.5729411764705883,4.864,25.484981555051817,0.8690256892414796,0.9573440089511956,0.9557595608882109,0.9855370586823132
chat_preview,ui_text,meme_card,1200,800,512,341,79,64,32,2,3125,4250,0.7352941176470589,5.08583,30.113665768686296,0.9457328981604752,0.9879111932851891,0.9891483316325503,0.9966060373494064
chat_preview,ui_text,meme_card,1200,800,512,341,79,64,32,3,3673,4250,0.8642352941176471,5.51729,32.285015903088,0.9579560649380721,0.9898950520312111,0.992630269637581,0.9980644961564734
chat_preview,ui_text,meme_card,1200,800,512,341,79,64,32,4,4250,4250,1.0,6.23154,35.81559828700802,0.9688785166315177,0.992829857864105,0.9952320769093322,0.99901525145203
chat_preview,ui_text,meme_card,1200,800,512,341,79,64,64,0,2779,5741,0.48406201010276956,4.88492,25.499580023568363,0.8708870205589858,0.9579103460249732,0.9562795721989684,0.9855693934497314
chat_preview,ui_text,meme_card,1200,800,512,341,79,64,64,1,3958,5741,0.6894269291064274,5.14513,30.219958023170193,0.9484720293245058,0.9890349618613863,0.9898764536042813,0.9967676891719718
chat_preview,ui_text,meme_card,1200,800,512,341,79,64,64,2,4925,5741,0.8578644835394531,5.51575,32.862842391305676,0.9646301903219013,0.9921364099250861,0.9941246192511652,0.9984513015807963
chat_preview,ui_text,meme_card,1200,800,512,341,79,64,64,3,5741,5741,1.0,6.01929,39.08009163538813,0.9819895159373319,0.9954278119746743,0.997235898630008,0.9995375892742092
chat_preview,ui_text,meme_card,1200,800,512,341,80,64,32,0,1726,4321,0.3994445730155057,5.17179,22.260028693378096,0.7705334091377116,0.9103209935403381,0.9104434499951369,0.9621575522282062
chat_preview,ui_text,meme_card,1200,800,512,341,80,64,32,1,2456,4321,0.5683869474658644,5.00512,25.48778185265727,0.8688230947232617,0.9572763747382392,0.955832201747745,0.9855487320586729
chat_preview,ui_text,meme_card,1200,800,512,341,80,64,32,2,3150,4321,0.7289979171488081,5.06846,30.115237323360716,0.9458712177292615,0.9879445618914294,0.9891367292529437,0.9966099126166014
chat_preview,ui_text,meme_card,1200,800,512,341,80,64,32,3,3744,4321,0.8664660958111549,5.52525,32.29106349335567,0.9579352477490392,0.9897541309230636,0.9925903161992559,0.9980711523170304
chat_preview,ui_text,meme_card,1200,800,512,341,80,64,32,4,4321,4321,1.0,5.98696,35.92858582803569,0.9690114503195955,0.9928456256743895,0.9953140416739045,0.9990358974669509
chat_preview,ui_text,meme_card,1200,800,512,341,80,64,64,0,2779,5797,0.4793858892530619,4.96458,25.499580023568363,0.8708870205589858,0.9579103460249732,0.9562795721989684,0.9855693934497314
chat_preview,ui_text,meme_card,1200,800,512,341,80,64,64,1,4004,5797,0.6907020872865275,5.40963,30.229249012371497,0.9486301205644141,0.9890757813471844,0.9898971451068708,0.9967800152452575
chat_preview,ui_text,meme_card,1200,800,512,341,80,64,64,2,4974,5797,0.8580300155252717,5.61362,32.86974510520211,0.9646965140243964,0.992157507493331,0.9941006812373558,0.9984546694897202
chat_preview,ui_text,meme_card,1200,800,512,341,80,64,64,3,5797,5797,1.0,6.14296,39.09394823141037,0.9821091906497538,0.9954265834356267,0.9972112187297194,0.9995406348648469
chat_preview,ui_text,meme_card,1200,800,512,341,81,64,32,0,1726,4381,0.39397397854371147,4.92042,22.260028693378096,0.7705334091377116,0.9103209935403381,0.9104434499951369,0.9621575522282062
chat_preview,ui_text,meme_card,1200,800,512,341,81,64,32,1,2458,4381,0.5610591189226204,4.96092,25.487625030123073,0.8688229628110681,0.9572671341495683,0.9558270991649944,0.9855473863716909
chat_preview,ui_text,meme_card,1200,800,512,341,81,64,32,2,3185,4381,0.7270029673590505,5.25004,30.110361781877735,0.9462768589634467,0.9879482973153081,0.9890996273992556,0.9965978388044366
chat_preview,ui_text,meme_card,1200,800,512,341,81,64,32,3,3794,4381,0.8660123259529787,6.40963,32.316278415621746,0.9585040156596979,0.989890879274998,0.992619088849624,0.998087142811568
chat_preview,ui_text,meme_card,1200,800,512,341,81,64,32,4,4381,4381,1.0,6.50346,36.05697584248295,0.9699272912529916,0.9930314334942135,0.9954458381013432,0.9990612111078793
chat_preview,ui_text,meme_card,1200,800,512,341,81,64,64,0,2779,5826,0.4769996567112942,4.96021,25.499580023568363,0.8708870205589858,0.9579103460249732,0.9562795721989684,0.9855693934497314
chat_preview,ui_text,meme_card,1200,800,512,341,81,64,64,1,4005,5826,0.6874356333676622,5.03762,30.229093215438812,0.948632692313451,0.9890758056549555,0.9898977013387134,0.9967798684511668
chat_preview,ui_text,meme_card,1200,800,512,341,81,64,64,2,4996,5826,0.8575351870923447,5.39108,32.88149200843809,0.9650254951477762,0.9922364217502765,0.9941354463617866,0.9984607826976134
chat_preview,ui_text,meme_card,1200,800,512,341,81,64,64,3,5826,5826,1.0,6.24317,39.20167870795305,0.9825471204972956,0.9955396702467257,0.9972948083040488,0.9995512563590601
chat_preview,ui_text,meme_card,1200,800,512,341,82,64,32,0,1726,4407,0.3916496482868164,4.85213,22.260028693378096,0.7705334091377116,0.9103209935403381,0.9104434499951369,0.9621575522282062
chat_preview,ui_text,meme_card,1200,800,512,341,82,64,32,1,2458,4407,0.5577490356251418,5.05371,25.487625030123073,0.8688229628110681,0.9572671341495683,0.9558270991649944,0.9855473863716909
chat_preview,ui_text,meme_card,1200,800,512,341,82,64,32,2,3186,4407,0.7229407760381211,5.11212,30.111411023502544,0.9462092404332584,0.9879124162596383,0.989109142457052,0.996596334148638
chat_preview,ui_text,meme_card,1200,800,512,341,82,64,32,3,3814,4407,0.8654413433174495,5.3185,32.346183167623025,0.9584365162356843,0.9897909487461352,0.9924345149684664,0.9980982124671224
chat_preview,ui_text,meme_card,1200,800,512,341,82,64,32,4,4407,4407,1.0,6.13229,36.19865287117917,0.9701831700363109,0.9929370563515191,0.9953383937080694,0.9990757092660194
chat_preview,ui_text,meme_card,1200,800,512,341,82,64,64,0,2779,5847,0.47528647169488625,4.87188,25.499580023568363,0.8708870205589858,0.9579103460249732,0.9562795721989684,0.9855693934497314
chat_preview,ui_text,meme_card,1200,800,512,341,82,64,64,1,4005,5847,0.6849666495638789,5.17729,30.229093215438812,0.948632692313451,0.9890758056549555,0.9898977013387134,0.9967798684511668
chat_preview,ui_text,meme_card,1200,800,512,341,82,64,64,2,4997,5847,0.8546263040875662,5.5825,32.87548948320838,0.9649745546366996,0.9922195355427399,0.9941357931967851,0.9984572643456047
chat_preview,ui_text,meme_card,1200,800,512,341,82,64,64,3,5847,5847,1.0,6.22796,39.14753287643282,0.9824418624839942,0.9955264043213123,0.9972932746410184,0.999544763452391
chat_preview,ui_text,meme_card,1200,800,512,341,83,64,32,0,1865,4606,0.4049066435084672,4.98325,22.284117451970488,0.7705016220646442,0.9109125132062692,0.9106674208016438,0.9623351626963581
chat_preview,ui_text,meme_card,1200,800,512,341,83,64,32,1,2618,4606,0.5683890577507599,4.89942,25.495823073357148,0.8706634960251662,0.9579563334590254,0.9560620405762469,0.98557090209844
chat_preview,ui_text,meme_card,1200,800,512,341,83,64,32,2,3363,4606,0.7301346070343031,5.02879,30.17193471494211,0.9477598299510946,0.9888986067608684,0.989892451071899,0.9966912872560512
chat_preview,ui_text,meme_card,1200,800,512,341,83,64,32,3,4013,4606,0.8712548849326965,5.48088,32.45091043516535,0.960424880039478,0.9908827188047796,0.9932808619588811,0.9982025704191764
chat_preview,ui_text,meme_card,1200,800,512,341,83,64,32,4,4606,4606,1.0,6.10642,36.52145453586512,0.9723095857736775,0.9940105416881342,0.9961544724695346,0.999180572501783
chat_preview,ui_text,meme_card,1200,800,512,341,83,64,64,0,3249,6441,0.504424778761062,4.84633,25.51928213909422,0.8721018046193088,0.958665364336896,0.9567958035543631,0.9856710500437253
chat_preview,ui_text,meme_card,1200,800,512,341,83,64,64,1,4553,6441,0.7068778140040366,5.16608,30.258203081346693,0.9507203874284568,0.9899405609734364,0.9906657273014876,0.9968211742473405
chat_preview,ui_text,meme_card,1200,800,512,341,83,64,64,2,5560,6441,0.8632199968948921,5.45933,32.971652329820316,0.9674665145688118,0.9932726791235389,0.9950292148541721,0.9985214165065761
chat_preview,ui_text,meme_card,1200,800,512,341,83,64,64,3,6441,6441,1.0,6.11075,39.58720096500869,0.9849263191106834,0.9965224431832241,0.9981294181531302,0.9996051990459036
chat_preview,ui_text,meme_card,1200,800,512,341,84,64,32,0,1865,4695,0.3972310969116081,4.87054,22.284117451970488,0.7705016220646442,0.9109125132062692,0.9106674208016438,0.9623351626963581
chat_preview,ui_text,meme_card,1200,800,512,341,84,64,32,1,2622,4695,0.5584664536741214,5.04988,25.495788133718428,0.870658259596214,0.9579513684055513,0.9560625159286759,0.9855706778640727
chat_preview,ui_text,meme_card,1200,800,512,341,84,64,32,2,3414,4695,0.7271565495207668,5.14733,30.187398819707635,0.947608762865327,0.9890070171981532,0.9899768351456937,0.9967188420737474
chat_preview,ui_text,meme_card,1200,800,512,341,84,64,32,3,4076,4695,0.868157614483493,5.70325,32.518935957263146,0.9606768758727114,0.9909747596886636,0.9933252690168255,0.9982439720745352
chat_preview,ui_text,meme_card,1200,800,512,341,84,64,32,4,4695,4695,1.0,6.439,36.70773990814422,0.9729911603485498,0.994078264704382,0.9961840873553907,0.9992114716134817
chat_preview,ui_text,meme_card,1200,800,512,341,84,64,64,0,3249,6514,0.4987718759594719,4.93758,25.51928213909422,0.8721018046193088,0.958665364336896,0.9567958035543631,0.9856710500437253
chat_preview,ui_text,meme_card,1200,800,512,341,84,64,64,1,4556,6514,0.6994166410807492,5.10621,30.258393352739862,0.9507195332130759,0.9899413466251162,0.9906655478058719,0.9968213673404137
chat_preview,ui_text,meme_card,1200,800,512,341,84,64,64,2,5603,6514,0.8601473748848634,5.62646,32.962567719640404,0.9676591519950155,0.9932740882789751,0.9950716254582775,0.9985170754225483
chat_preview,ui_text,meme_card,1200,800,512,341,84,64,64,3,6514,6514,1.0,6.46475,39.593032628922245,0.9852011475582138,0.996544627270795,0.9981713577745748,0.9996026858601313
chat_preview,ui_text,meme_card,1200,800,512,341,85,64,32,0,1865,4770,0.3909853249475891,4.91283,22.284117451970488,0.7705016220646442,0.9109125132062692,0.9106674208016438,0.9623351626963581
chat_preview,ui_text,meme_card,1200,800,512,341,85,64,32,1,2646,4770,0.5547169811320755,5.05217,25.497817177722002,0.8706240736742221,0.9579694944555213,0.9561377906037929,0.9855861384919873
chat_preview,ui_text,meme_card,1200,800,512,341,85,64,32,2,3460,4770,0.7253668763102725,5.10288,30.190882943442613,0.9477936384430444,0.9890760175704053,0.9899311134568132,0.9967246931255921
chat_preview,ui_text,meme_card,1200,800,512,341,85,64,32,3,4136,4770,0.8670859538784067,5.60625,32.54655886814127,0.9608726366615751,0.9911070769087419,0.9933648941068907,0.9982614258413933
chat_preview,ui_text,meme_card,1200,800,512,341,85,64,32,4,4770,4770,1.0,6.18408,36.87091684484771,0.9735774038095718,0.9942612694865826,0.9962716187238511,0.9992413411618614
chat_preview,ui_text,meme_card,1200,800,512,341,85,64,64,0,3249,6602,0.49212359890942137,4.9915,25.51928213909422,0.8721018046193088,0.958665364336896,0.9567958035543631,0.9856710500437253
chat_preview,ui_text,meme_card,1200,800,512,341,85,64,64,1,4606,6602,0.6976673735231748,5.12575,30.262105989291964,0.9508877270071432,0.9900045007622095,0.9906518919148881,0.9968305516493207
chat_preview,ui_text,meme_card,1200,800,512,341,85,64,64,2,5664,6602,0.8579218418661012,5.58683,32.97641154117158,0.967806035160628,0.9933322596966021,0.9950415001364986,0.9985260992758108
chat_preview,ui_text,meme_card,1200,800,512,341,85,64,64,3,6602,6602,1.0,6.22796,39.68712358622142,0.9853962295604713,0.996613336600212,0.9981608561435128,0.9996141710963151
chat_preview,ui_text,meme_card,1200,800,512,341,86,64,32,0,1865,4860,0.3837448559670782,4.90342,22.284117451970488,0.7705016220646442,0.9109125132062692,0.9106674208016438,0.9623351626963581
chat_preview,ui_text,meme_card,1200,800,512,341,86,64,32,1,2648,4860,0.5448559670781893,5.06008,25.49828496884343,0.8706266122988224,0.9579651395167161,0.9561389556136102,0.985588078419519
chat_preview,ui_text,meme_card,1200,800,512,341,86,64,32,2,3489,4860,0.7179012345679012,5.19833,30.19060527247026,0.9485681628056634,0.9891809592870221,0.9900748757243014,0.9967229760431999
chat_preview,ui_text,meme_card,1200,800,512,341,86,64,32,3,4190,4860,0.8621399176954733,5.47129,32.60518025458816,0.9620170997761027,0.9915853797449762,0.9937142782131541,0.9983123621348066
chat_preview,ui_text,meme_card,1200,800,512,341,86,64,32,4,4860,4860,1.0,6.27079,37.18434608602528,0.9752539990921857,0.9946110269073399,0.9965388653528444,0.9992865744351827
chat_preview,ui_text,meme_card,1200,800,512,341,86,64,64,0,3249,6665,0.48747186796699177,4.91342,25.51928213909422,0.8721018046193088,0.958665364336896,0.9567958035543631,0.9856710500437253
chat_preview,ui_text,meme_card,1200,800,512,341,86,64,64,1,4611,6665,0.6918229557389347,5.34488,30.26203041059942,0.9508735424204539,0.9900020279287994,0.9906536267496155,0.9968305963935642
chat_preview,ui_text,meme_card,1200,800,512,341,86,64,64,2,5699,6665,0.8550637659414854,6.20717,32.97676126485103,0.9678552206691223,0.9933406377115724,0.9950278113130023,0.9985228837534756
chat_preview,ui_text,meme_card,1200,800,512,341,86,64,64,3,6665,6665,1.0,6.22329,39.8497123836235,0.9857286817528413,0.9966903764992431,0.9982485483121978,0.9996273630289152
chat_preview,ui_text,meme_card,1200,800,512,341,87,64,32,0,1958,5019,0.3901175532974696,4.67725,22.280080611313625,0.7705479580963773,0.9109892364980757,0.9106557201988797,0.9622405008114545
chat_preview,ui_text,meme_card,1200,800,512,341,87,64,32,1,2759,5019,0.5497110978282527,4.66646,25.503413035114264,0.8710556598577467,0.958279306640511,0.9562513368804388,0.9855674079352197
chat_preview,ui_text,meme_card,1200,800,512,341,87,64,32,2,3623,5019,0.7218569436142658,5.28992,30.21440179724653,0.9491289941053846,0.9895582466155487,0.9901538689145883,0.9967414141342914
chat_preview,ui_text,meme_card,1200,800,512,341,87,64,32,3,4341,5019,0.8649133293484758,5.52942,32.65640262612203,0.9627696504829185,0.9919860830876813,0.9937672903043322,0.9983309293235465
chat_preview,ui_text,meme_card,1200,800,512,341,87,64,32,4,5019,5019,1.0,6.115,37.54852788887731,0.9767321868270294,0.9951246314833805,0.9966768799962551,0.9993442934790403
chat_preview,ui_text,meme_card,1200,800,512,341,87,64,64,0,3511,7013,0.5006416654783973,4.92937,25.51783095762144,0.8721093753127237,0.9588676198078906,0.9567640096905465,0.9856421215146551
chat_preview,ui_text,meme_card,1200,800,512,341,87,64,64,1,4890,7013,0.6972764865250249,5.25333,30.26854774112424,0.9510950325334561,0.9902032501762034,0.9906601447432558,0.9968272653259593
chat_preview,ui_text,meme_card,1200,800,512,341,87,64,64,2,6039,7013,0.861115072009126,5.79617,33.00074925151888,0.9683246674745689,0.9936007620165532,0.9950409131048851,0.9985310553413999
chat_preview,ui_text,meme_card,1200,800,512,341,87,64,64,3,7013,7013,1.0,6.57704,39.96902081662632,0.9862216599533106,0.9969575937325436,0.9982696656608431,0.9996381160415988
chat_preview,ui_text,meme_card,1200,800,512,341,88,64,32,0,1958,5075,0.3858128078817734,4.94071,22.280080611313625,0.7705479580963773,0.9109892364980757,0.9106557201988797,0.9622405008114545
chat_preview,ui_text,meme_card,1200,800,512,341,88,64,32,1,2759,5075,0.5436453201970444,5.18788,25.503493633007793,0.8710580194345923,0.9582830694871046,0.9562516205979845,0.9855682891936642
chat_preview,ui_text,meme_card,1200,800,512,341,88,64,32,2,3635,5075,0.716256157635468,5.32271,30.214695999219778,0.9491524718720156,0.9895633398102371,0.990129900941534,0.9967431503740684
chat_preview,ui_text,meme_card,1200,800,512,341,88,64,32,3,4392,5075,0.8654187192118227,5.53171,32.69770427975571,0.9629713974291518,0.9922255082256427,0.9939708001288768,0.9983523297655309
chat_preview,ui_text,meme_card,1200,800,512,341,88,64,32,4,5075,5075,1.0,6.12921,37.71323826614211,0.9774303058346704,0.9951798716699649,0.996753019307575,0.9993650043486629
chat_preview,ui_text,meme_card,1200,800,512,341,88,64,64,0,3511,7066,0.4968864987262949,5.14025,25.51783095762144,0.8721093753127237,0.9588676198078906,0.9567640096905465,0.9856421215146551
chat_preview,ui_text,meme_card,1200,800,512,341,88,64,64,1,4891,7066,0.6921879422587036,5.53304,30.268729648790856,0.9510956014410676,0.9902039721683121,0.9906592299454059,0.9968273134105102
chat_preview,ui_text,meme_card,1200,800,512,341,88,64,64,2,6050,7066,0.8562128502688933,5.83196,32.99866896449479,0.9682990851691131,0.9935992675050489,0.995040145611885,0.9985294581589168
chat_preview,ui_text,meme_card,1200,800,512,341,88,64,64,3,7066,7066,1.0,6.28433,39.93157262425812,0.9861883285993732,0.9969514542777137,0.9982781051735313,0.9996351813145152
chat_preview,ui_text,meme_card,1200,800,512,341,89,64,32,0,1958,5365,0.36495806150978566,4.81754,22.280080611313625,0.7705479580963773,0.9109892364980757,0.9106557201988797,0.9622405008114545
chat_preview,ui_text,meme_card,1200,800,512,341,89,64,32,1,2983,5365,0.5560111835973905,4.94712,25.509537618152386,0.8693026878657482,0.9574179968648804,0.9550167859573584,0.9855853152849758
chat_preview,ui_text,meme_card,1200,800,512,341,89,64,32,2,3911,5365,0.7289841565703634,5.32912,30.203450399959173,0.9480531604472376,0.988719948710662,0.9888673464298127,0.9967329276639804
chat_preview,ui_text,meme_card,1200,800,512,341,89,64,32,3,4678,5365,0.8719478098788443,5.61192,32.69485978109173,0.9619112896842389,0.9912848142078401,0.9926082076076044,0.9983425848980448
chat_preview,ui_text,meme_card,1200,800,512,341,89,64,32,4,5365,5365,1.0,6.20625,37.77395423166746,0.9768129198643966,0.994282383735226,0.9954639385070533,0.9993661974703791
chat_preview,ui_text,meme_card,1200,800,512,341,89,64,64,0,3511,7995,0.4391494684177611,5.25625,25.51783095762144,0.8721093753127237,0.9588676198078906,0.9567640096905465,0.9856421215146551
chat_preview,ui_text,meme_card,1200,800,512,341,89,64,64,1,5658,7995,0.7076923076923077,5.19821,30.24002842227743,0.9481769083876969,0.9891956923219046,0.989361699812541,0.9967988718203761
chat_preview,ui_text,meme_card,1200,800,512,341,89,64,64,2,6972,7995,0.8720450281425891,5.98425,32.979066299058324,0.9656956835188003,0.9926362961673325,0.9937761957215353,0.998522848944969
chat_preview,ui_text,meme_card,1200,800,512,341,89,64,64,3,7995,7995,1.0,6.37725,39.701401739966734,0.983547806585617,0.9959460055983729,0.9969700555853076,0.9996092032390117
chat_preview,ui_text,meme_card,1200,800,512,341,90,64,32,0,1958,5504,0.35574127906976744,5.16671,22.280080611313625,0.7705479580963773,0.9109892364980757,0.9106557201988797,0.9622405008114545
chat_preview,ui_text,meme_card,1200,800,512,341,90,64,32,1,3082,5504,0.5599563953488372,5.54688,25.5090919174175,0.8691918874727135,0.9573061948995889,0.9549645483698014,0.9855941392067119
chat_preview,ui_text,meme_card,1200,800,512,341,90,64,32,2,4017,5504,0.7298328488372093,5.42887,30.20032191657357,0.9478511501803949,0.9885728224524737,0.9887254231559334,0.9967276239247257
chat_preview,ui_text,meme_card,1200,800,512,341,90,64,32,3,4800,5504,0.872093023255814,5.54192,32.700230778953674,0.9621014964079873,0.9912219734635896,0.9925525484256325,0.9983437906716596
chat_preview,ui_text,meme_card,1200,800,512,341,90,64,32,4,5504,5504,1.0,6.22317,38.00603269991289,0.9777115456953691,0.99428359965879,0.995527634028649,0.9993895535673678
chat_preview,ui_text,meme_card,1200,800,512,341,90,64,64,0,3511,8178,0.4293225727561751,4.99792,25.51783095762144,0.8721093753127237,0.9588676198078906,0.9567640096905465,0.9856421215146551
chat_preview,ui_text,meme_card,1200,800,512,341,90,64,64,1,5820,8178,0.7116654438738078,5.42708,30.24599916117137,0.9480969872158859,0.9891773437913188,0.9892873952150267,0.9968061526255001
chat_preview,ui_text,meme_card,1200,800,512,341,90,64,64,2,7146,8178,0.8738077769625825,5.95987,32.979997924529584,0.965514124874857,0.9925914309870997,0.9936532879434828,0.998521715160756
chat_preview,ui_text,meme_card,1200,800,512,341,90,64,64,3,8178,8178,1.0,6.85296,39.70091845821265,0.9834134600201582,0.9959099021525977,0.9968510205502816,0.9996100341556119
chat_preview,ui_text,meme_card,1200,800,512,341,91,64,32,0,1958,5574,0.35127377108001434,4.84758,22.280080611313625,0.7705479580963773,0.9109892364980757,0.9106557201988797,0.9622405008114545
chat_preview,ui_text,meme_card,1200,800,512,341,91,64,32,1,3083,5574,0.5531036957301758,5.11533,25.509088607705213,0.8691958753952177,0.9573132538330259,0.9549663937108992,0.9855938186773707
chat_preview,ui_text,meme_card,1200,800,512,341,91,64,32,2,4052,5574,0.7269465374955149,5.55558,30.2027836383242,0.9484704568120564,0.988630242418659,0.988811097291763,0.9967185014584924
chat_preview,ui_text,meme_card,1200,800,512,341,91,64,32,3,4857,5574,0.871367061356297,6.2265,32.73257547803172,0.9625182988052527,0.991341334553072,0.9927845234767462,0.9983745602602898
chat_preview,ui_text,meme_card,1200,800,512,341,91,64,32,4,5574,5574,1.0,6.45671,38.16751269493346,0.9784282625388543,0.9944402694116569,0.9957612394990261,0.9994127228108639
chat_preview,ui_text,meme_card,1200,800,512,341,91,64,64,0,3511,8330,0.4214885954381753,4.79838,25.51783095762144,0.8721093753127237,0.9588676198078906,0.9567640096905465,0.9856421215146551
chat_preview,ui_text,meme_card,1200,800,512,341,91,64,64,1,5820,8330,0.6986794717887155,5.28729,30.24570701408114,0.9480948460815818,0.9891765111065779,0.9892872908788162,0.9968058660259156
chat_preview,ui_text,meme_card,1200,800,512,341,91,64,64,2,7215,8330,0.8661464585834334,5.67729,32.989558181630464,0.9656725862391969,0.9926559158016176,0.9936935233250891,0.9985264718454882
chat_preview,ui_text,meme_card,1200,800,512,341,91,64,64,3,8330,8330,1.0,6.76592,39.87090858717251,0.983750342178428,0.9959857561473591,0.9969037385995676,0.9996234533733958
chat_preview,ui_text,meme_card,1200,800,512,341,92,64,32,0,2047,5742,0.3564959944270289,4.92375,22.287874544846474,0.7710203953946553,0.9113179866789194,0.910761440512774,0.9623672045856546
chat_preview,ui_text,meme_card,1200,800,512,341,92,64,32,1,3193,5742,0.556078021595263,4.99837,25.507664985244926,0.8697219908820529,0.9576445646902266,0.9549872329940564,0.9856189685298603
chat_preview,ui_text,meme_card,1200,800,512,341,92,64,32,2,4163,5742,0.7250087077673285,5.13608,30.210849234355766,0.9488871604980164,0.988847724981591,0.9888889216084364,0.9967462059859494
chat_preview,ui_text,meme_card,1200,800,512,341,92,64,32,3,5005,5742,0.8716475095785441,5.58167,32.787575118291976,0.9635373049533351,0.9916509185713652,0.9929173202243385,0.9984165675689672
chat_preview,ui_text,meme_card,1200,800,512,341,92,64,32,4,5742,5742,1.0,6.32571,38.432918703865994,0.9797611059266181,0.9947676953670405,0.9959625342099584,0.9994632404506698
chat_preview,ui_text,meme_card,1200,800,512,341,92,64,64,0,3885,8789,0.44202980998975994,5.29275,25.52661347464191,0.8727464871983881,0.9592035066583953,0.956857540352665,0.9856974526146006
chat_preview,ui_text,meme_card,1200,800,512,341,92,64,64,1,6233,8789,0.709181931960405,5.62475,30.253277196984868,0.9484710732954986,0.9894445579709196,0.9892575073011274,0.9968236988743101
chat_preview,ui_text,meme_card,1200,800,512,341,92,64,64,2,7645,8789,0.869837296620776,6.34175,32.99979815405812,0.9661358750835504,0.9929348548701679,0.9936864929534193,0.9985410838745932
chat_preview,ui_text,meme_card,1200,800,512,341,92,64,64,3,8789,8789,1.0,6.69813,39.885397618338146,0.9842302895233684,0.9962589936006561,0.9968982468482329,0.99963382769936
chat_preview,ui_text,meme_card,1200,800,512,341,93,64,32,0,2047,5882,0.3480108806528392,4.82521,22.287874544846474,0.7710203953946553,0.9113179866789194,0.910761440512774,0.9623672045856546
chat_preview,ui_text,meme_card,1200,800,512,341,93,64,32,1,3200,5882,0.5440326419585175,4.92292,25.50956881438253,0.8697531770824609,0.9576835747703489,0.9550366640844983,0.9856262977144684
chat_preview,ui_text,meme_card,1200,800,512,341,93,64,32,2,4204,5882,0.7147228833730024,5.73604,30.212465866641033,0.9490688285058311,0.9889137938184843,0.9889138843788926,0.996749365421999
chat_preview,ui_text,meme_card,1200,800,512,341,93,64,32,3,5092,5882,0.865691941516491,5.818,32.83517587378559,0.964230072810497,0.9918469144452282,0.9930475304315665,0.9984332628406011
chat_preview,ui_text,meme_card,1200,800,512,341,93,64,32,4,5882,5882,1.0,6.20067,38.759306880051575,0.9807160082629989,0.9950285891368233,0.996102416371477,0.9994954805342618
chat_preview,ui_text,meme_card,1200,800,512,341,93,64,64,0,3885,8858,0.43858658839467146,5.03354,25.52661347464191,0.8727464871983881,0.9592035066583953,0.956857540352665,0.9856974526146006
chat_preview,ui_text,meme_card,1200,800,512,341,93,64,64,1,6240,8858,0.7044479566493566,5.33783,30.253946754487558,0.9485977045919701,0.9894770593310088,0.9893029697351432,0.9968241201697948
chat_preview,ui_text,meme_card,1200,800,512,341,93,64,64,2,7678,8858,0.8667870851207947,5.70821,32.99254252691527,0.9662216302769341,0.9929584842067531,0.9937260890405019,0.9985376278888546
chat_preview,ui_text,meme_card,1200,800,512,341,93,64,64,3,8858,8858,1.0,6.44546,39.943826917231064,0.9844818244943206,0.9963157890803349,0.99695829916551,0.9996363403912273
chat_preview,ui_text,meme_card,1200,800,512,341,94,64,32,0,2047,6105,0.3352989352989353,5.20096,22.287874544846474,0.7710203953946553,0.9113179866789194,0.910761440512774,0.9623672045856546
chat_preview,ui_text,meme_card,1200,800,512,341,94,64,32,1,3200,6105,0.5241605241605242,5.40142,25.50956881438253,0.8697531770824609,0.9576835747703489,0.9550366640844983,0.9856262977144684
chat_preview,ui_text,meme_card,1200,800,512,341,94,64,32,2,4379,6105,0.7172809172809173,5.33483,30.216836798046355,0.9482274455086994,0.9886277037927634,0.9885732933666447,0.9967549117890807
chat_preview,ui_text,meme_card,1200,800,512,341,94,64,32,3,5295,6105,0.8673218673218673,5.74267,32.83255693240137,0.9636968729373651,0.9916173436982634,0.9927525457604935,0.9984246733661835
chat_preview,ui_text,meme_card,1200,800,512,341,94,64,32,4,6105,6105,1.0,6.55817,38.950274210291724,0.9808581391579944,0.9949373705078188,0.9958714148402639,0.9995159576501099
chat_preview,ui_text,meme_card,1200,800,512,341,94,64,64,0,3885,9326,0.4165773107441561,5.29696,25.52661347464191,0.8727464871983881,0.9592035066583953,0.956857540352665,0.9856974526146006
chat_preview,ui_text,meme_card,1200,800,512,341,94,64,64,1,6240,9326,0.6690971477589535,5.78204,30.253946754487558,0.9485977045919701,0.9894770593310088,0.9893029697351432,0.9968241201697948
chat_preview,ui_text,meme_card,1200,800,512,341,94,64,64,2,8074,9326,0.8657516620201587,5.9255,32.9853786212625,0.965769980808466,0.992820542407027,0.9935830877425307,0.9985366368575199
chat_preview,ui_text,meme_card,1200,800,512,341,94,64,64,3,9326,9326,1.0,6.69704,39.923999032122495,0.984067571860949,0.996179058683106,0.9968114203614009,0.9996312018042851
chat_preview,ui_text,meme_card,1200,800,512,341,95,64,32,0,2387,9955,0.23977900552486187,6.81204,22.286760534285975,0.7709748562142967,0.9111820494731511,0.9110719567661517,0.9623553700587889
chat_preview,ui_text,meme_card,1200,800,512,341,95,64,32,1,4143,9955,0.4161727774987444,6.645,25.53270528826458,0.871856899759803,0.9585091371990403,0.9563161507887444,0.9856939468518519
chat_preview,ui_text,meme_card,1200,800,512,341,95,64,32,2,5780,9955,0.5806127574083375,7.22729,30.35158185077001,0.9499586894937092,0.98989683567851,0.9898608774548783,0.9969314547810331
chat_preview,ui_text,meme_card,1200,800,512,341,95,64,32,3,7466,9955,0.7499748869914615,8.18175,33.494671142170326,0.9699450469751731,0.9941612630394899,0.9945449888100226,0.9987373338421448
chat_preview,ui_text,meme_card,1200,800,512,341,95,64,32,4,9955,9955,1.0,9.41854,46.12371536607685,0.9902556783283561,0.9973539214001944,0.9976742987701599,0.9998846046852768
chat_preview,ui_text,meme_card,1200,800,512,341,95,64,64,0,4685,14352,0.32643534002229657,6.90621,25.544296371721465,0.8732470261638704,0.9593839967545059,0.9569908663733881,0.9857473711294078
chat_preview,ui_text,meme_card,1200,800,512,341,95,64,64,1,8394,14352,0.584866220735786,7.10517,30.378477435398597,0.9516560024853624,0.990888750222446,0.9906972239059961,0.9969671620897117
chat_preview,ui_text,meme_card,1200,800,512,341,95,64,64,2,11146,14352,0.7766164994425864,7.86354,33.57213665069277,0.9716033465904172,0.9951182263469168,0.9952828688422757,0.9987909037926115
chat_preview,ui_text,meme_card,1200,800,512,341,95,64,64,3,14352,14352,1.0,9.62083,48.57257402194405,0.9925267356400552,0.9983772718356673,0.9984673260000331,0.9999405106132637
chat_preview,ui_text,meme_card,1200,800,512,341,96,64,32,0,2387,11056,0.21590086830680175,7.05225,22.286760534285975,0.7709748562142967,0.9111820494731511,0.9110719567661517,0.9623553700587889
chat_preview,ui_text,meme_card,1200,800,512,341,96,64,32,1,4169,11056,0.3770803183791606,7.41175,25.537140764426418,0.8725127761520319,0.9589532875915404,0.956941139041997,0.9857059293588368
chat_preview,ui_text,meme_card,1200,800,512,341,96,64,32,2,6614,11056,0.5982272069464544,7.32583,30.33850055703509,0.9484281268342146,0.9895729727393401,0.9893368806982888,0.9969168194199491
chat_preview,ui_text,meme_card,1200,800,512,341,96,64,32,3,8373,11056,0.7573263386396527,7.90125,33.48979350809412,0.9685914882892573,0.9938020218270563,0.9939656230302873,0.9987349704066302
chat_preview,ui_text,meme_card,1200,800,512,341,96,64,32,4,11056,11056,1.0,9.52517,45.836736270867355,0.9891002488565864,0.9970180921890627,0.997119916866576,0.9998790010089488
chat_preview,ui_text,meme_card,1200,800,512,341,96,64,64,0,4685,17325,0.2704184704184704,6.8535,25.544296371721465,0.8732470261638704,0.9593839967545059,0.9569908663733881,0.9857473711294078
chat_preview,ui_text,meme_card,1200,800,512,341,96,64,64,1,8444,17325,0.48738816738816737,7.31887,30.383619349165958,0.9526978440679336,0.9912638061396818,0.9912288584267147,0.9969762333616052
chat_preview,ui_text,meme_card,1200,800,512,341,96,64,64,2,13982,17325,0.807041847041847,8.09517,33.52421129456132,0.9688394387918989,0.9945921244784152,0.9946138584582918,0.9987775090598957
chat_preview,ui_text,meme_card,1200,800,512,341,96,64,64,3,17325,17325,1.0,9.77208,47.30401190927155,0.9897553873817929,0.9978320693930591,0.9977658156667998,0.9999237718997713
chat_preview,ui_text,meme_card,1200,800,512,341,97,64,32,0,2387,11615,0.20551011622901422,6.73333,22.286760534285975,0.7709748562142967,0.9111820494731511,0.9110719567661517,0.9623553700587889
chat_preview,ui_text,meme_card,1200,800,512,341,97,64,32,1,4169,11615,0.3589324149806285,7.07046,25.537140764426418,0.8725127761520319,0.9589532875915404,0.956941139041997,0.9857059293588368
chat_preview,ui_text,meme_card,1200,800,512,341,97,64,32,2,6614,11615,0.5694360740421869,7.42725,30.33850055703509,0.9484281268342146,0.9895729727393401,0.9893368806982888,0.9969168194199491
chat_preview,ui_text,meme_card,1200,800,512,341,97,64,32,3,8779,11615,0.755832974601808,7.83825,33.488302559070796,0.968259381508187,0.9937050681216553,0.9938293825727939,0.9987385128643677
chat_preview,ui_text,meme_card,1200,800,512,341,97,64,32,4,11615,11615,1.0,9.31754,45.94623820586152,0.9888114629170947,0.9969306319902094,0.9969906028900969,0.9998800445282358
chat_preview,ui_text,meme_card,1200,800,512,341,97,64,64,0,4685,18081,0.2591117747912173,6.65088,25.544296371721465,0.8732470261638704,0.9593839967545059,0.9569908663733881,0.9857473711294078
chat_preview,ui_text,meme_card,1200,800,512,341,97,64,64,1,8444,18081,0.4670095680548642,7.37221,30.383619349165958,0.9526978440679336,0.9912638061396818,0.9912288584267147,0.9969762333616052
chat_preview,ui_text,meme_card,1200,800,512,341,97,64,64,2,13982,18081,0.7732979370610032,7.97025,33.52421129456132,0.9688394387918989,0.9945921244784152,0.9946138584582918,0.9987775090598957
chat_preview,ui_text,meme_card,1200,800,512,341,97,64,64,3,18081,18081,1.0,10.1703,47.294802722302634,0.989460667108854,0.9978120256982578,0.9977316586364635,0.9999238011914271
chat_preview,ui_text,meme_card,1200,800,512,341,98,64,32,0,2387,13152,0.1814933090024331,6.85371,22.286760534285975,0.7709748562142967,0.9111820494731511,0.9110719567661517,0.9623553700587889
chat_preview,ui_text,meme_card,1200,800,512,341,98,64,32,1,4497,13152,0.3419251824817518,6.84508,25.540685011354903,0.8722839773409116,0.9587883814608661,0.9569187367979398,0.9857213618069323
chat_preview,ui_text,meme_card,1200,800,512,341,98,64,32,2,7748,13152,0.5891119221411192,7.24437,30.339108382514354,0.9476396691136667,0.9892655057062635,0.9891188144245182,0.9969116513137539
chat_preview,ui_text,meme_card,1200,800,512,341,98,64,32,3,10262,13152,0.7802615571776156,7.91512,33.490535756425274,0.9671393541661549,0.9933156970719947,0.9935531558345808,0.9987329790541956
chat_preview,ui_text,meme_card,1200,800,512,341,98,64,32,4,13152,13152,1.0,10.0499,45.80027017913356,0.9877041376497128,0.9965481592635861,0.9967356931703769,0.9998733700690505
chat_preview,ui_text,meme_card,1200,800,512,341,98,64,64,0,4685,22120,0.21179927667269438,6.85271,25.544296371721465,0.8732470261638704,0.9593839967545059,0.9569908663733881,0.9857473711294078
chat_preview,ui_text,meme_card,1200,800,512,341,98,64,64,1,9966,22120,0.45054249547920433,7.25188,30.3712636617978,0.9514672680829422,0.9908709349066968,0.9911758541110621,0.9969623846735695
chat_preview,ui_text,meme_card,1200,800,512,341,98,64,64,2,17856,22120,0.8072332730560579,8.495,33.5113663744301,0.966976216863599,0.9940645299773564,0.9944423483173784,0.9987663898022601
chat_preview,ui_text,meme_card,1200,800,512,341,98,64,64,3,22120,22120,1.0,10.641,46.78674358118887,0.9876252901989213,0.9972966727464087,0.9975791078821946,0.9999104800183561
chat_preview,ui_text,meme_card,1200,800,512,341,99,64,32,0,2387,13906,0.17165252409032072,6.57258,22.286760534285975,0.7709748562142967,0.9111820494731511,0.9110719567661517,0.9623553700587889
chat_preview,ui_text,meme_card,1200,800,512,341,99,64,32,1,4690,13906,0.3372644901481375,6.81237,25.539162883240273,0.8721163364438644,0.9587395749538469,0.956924291760024,0.9857111311290663
chat_preview,ui_text,meme_card,1200,800,512,341,99,64,32,2,8183,13906,0.5884510283330936,7.09033,30.334264409430997,0.947303234113436,0.9891654317791531,0.9890987064277484,0.9969038570080575
chat_preview,ui_text,meme_card,1200,800,512,341,99,64,32,3,10789,13906,0.7758521501510139,8.23758,33.485484082303756,0.9671063547804201,0.9932744936908966,0.9936249365986244,0.9987271657827776
chat_preview,ui_text,meme_card,1200,800,512,341,99,64,32,4,13906,13906,1.0,9.5865,45.951355474145224,0.98788872989523,0.9965167003279704,0.9968118650429209,0.999873868927758
chat_preview,ui_text,meme_card,1200,800,512,341,99,64,64,0,4685,23944,0.1956648847310391,6.29812,25.544296371721465,0.8732470261638704,0.9593839967545059,0.9569908663733881,0.9857473711294078
chat_preview,ui_text,meme_card,1200,800,512,341,99,64,64,1,10724,23944,0.44787838289341797,7.43342,30.36828761923802,0.9512503281494222,0.9908150234701854,0.9911874140663666,0.9969593192225495
chat_preview,ui_text,meme_card,1200,800,512,341,99,64,64,2,19444,23944,0.8120614767791513,9.10163,33.50537827141175,0.9665853143705365,0.9939768306699147,0.9944371259564623,0.9987633126370438
chat_preview,ui_text,meme_card,1200,800,512,341,99,64,64,3,23944,23944,1.0,10.5655,46.81716339418373,0.9875460412502074,0.997232469761472,0.9976055185405345,0.9999093327640798
chat_preview,ui_text,meme_card,1200,800,512,341,100,64,32,0,2387,86061,0.027736140644426626,7.06004,22.286760534285975,0.7709748562142967,0.9111820494731511,0.9110719567661517,0.9623553700587889
chat_preview,ui_text,meme_card,1200,800,512,341,100,64,32,1,4954,86061,0.05756382101067847,6.65342,25.544296371721465,0.8732470261638704,0.9593839967545059,0.9569908663733881,0.9857473711294078
chat_preview,ui_text,meme_card,1200,800,512,341,100,64,32,2,11427,86061,0.1327779133405375,7.49579,30.39057758640042,0.9530767059092975,0.9914434026661284,0.9912754869298911,0.9969870841872951
chat_preview,ui_text,meme_card,1200,800,512,341,100,64,32,3,29983,86061,0.3483924193304749,9.65642,33.62580641947765,0.9752325898214291,0.9962219112108236,0.996388737930411,0.9988261815692698
chat_preview,ui_text,meme_card,1200,800,512,341,100,64,32,4,86061,86061,1.0,16.0035,99.0,1.0,1.0,0.9999999999999881,1.0
chat_preview,ui_text,meme_card,1200,800,512,341,100,64,64,0,4685,85792,0.05460882133532264,7.08867,25.544296371721465,0.8732470261638704,0.9593839967545059,0.9569908663733881,0.9857473711294078
chat_preview,ui_text,meme_card,1200,800,512,341,100,64,64,1,11158,85792,0.13005874673629242,7.58304,30.39057758640042,0.9530767059092975,0.9914434026661284,0.9912754869298911,0.9969870841872951
chat_preview,ui_text,meme_card,1200,800,512,341,100,64,64,2,29714,85792,0.3463493099589705,8.98704,33.62580641947765,0.9752325898214291,0.9962219112108236,0.996388737930411,0.9988261815692698
chat_preview,ui_text,meme_card,1200,800,512,341,100,64,64,3,85792,85792,1.0,14.9275,99.0,1.0,1.0,0.9999999999999881,1.0
