desc: I1 cache:         32768 B, 64 B, 8-way associative
desc: D1 cache:         32768 B, 64 B, 8-way associative
desc: LL cache:         58720256 B, 64 B, 28-way associative
cmd: /content/brushie/build/brushie encode /content/track/smoke_box2/in.ppm /content/prof/smoke_box2/out.brbr --quality 50
events: Ir I1mr ILmr Dr D1mr DLmr Dw D1mw DLmw 
fl=./csu/../csu/libc-start.c
fn=__libc_start_main@@GLIBC_2.34
128 2 1 1 2 0 0 0 0 0
134 3 0 0 1 1 0 0 0 0
135 7 0 0 3 1 0 2 0 0
138 1 0 0 1 1 0 0 0 0
139 2 0 0 0 0 0 0 0 0
142 3 1 1 2 1 0 0 0 0
143 2 0 0 2 0 0 0 0 0
144 21 3 1 5 0 0 1 0 0
145 12 0 0 3 0 0 6 0 0
242 12 1 1 0 0 0 6 0 0
343 3 0 0 0 0 0 0 0 0
344 3 0 0 0 0 0 1 0 0
369 6 1 1 2 0 0 1 0 0
372 2 0 0 0 0 0 0 0 0
375 2 0 0 2 0 0 0 0 0
382 2 1 0 1 1 0 1 0 0
384 2 0 0 0 0 0 0 0 0
392 4 0 0 0 0 0 1 0 0
fl=./csu/../sysdeps/nptl/libc_start_call_main.h
fn=(below main)
29 9 1 1 1 0 0 5 0 0
44 3 1 1 0 0 0 1 0 0
46 2 0 0 0 0 0 0 0 0
51 2 0 0 1 1 0 1 0 0
52 2 0 0 1 1 0 1 0 0
55 2 0 0 0 0 0 1 0 0
58 7 2 1 5 2 0 1 0 0
74 1 0 0 0 0 0 1 0 0
fl=./csu/./csu/errno-loc.c
fn=__errno_location
25 2 2 1 0 0 0 0 0 0
26 4 0 0 4 1 0 0 0 0
27 2 0 0 2 0 0 0 0 0
fl=./csu/./csu/init-first.c
fn=_init_first
46 4 1 1 0 0 0 1 0 0
51 2 1 1 1 0 0 0 0 0
55 5 0 0 4 2 0 0 0 0
61 1 0 0 0 0 0 1 1 0
62 1 0 0 0 0 0 1 0 0
63 2 0 0 1 1 0 1 1 1
71 2 0 0 0 0 0 0 0 0
72 2 0 0 1 0 0 0 0 0
fl=./ctype/./ctype/ctype-info.c
fn=__ctype_init
29 121 2 1 0 0 0 0 0 0
31 847 0 0 605 73 0 121 0 0
33 484 0 0 242 1 0 121 0 0
35 484 9 1 242 0 0 121 0 0
36 121 0 0 121 0 0 0 0 0
fl=./dlfcn/./dlfcn/libc_dlerror_result.c
fn=__libc_dlerror_result_free
29 240 1 1 0 0 0 120 0 0
30 480 0 0 240 14 0 0 0 0
39 240 1 1 240 0 0 0 0 0
fl=./elf/../bits/stdlib-bsearch.h
fn=intel_check_word.constprop.0
27 102 0 0 0 0 0 0 0 0
28 51 0 0 0 0 0 0 0 0
29 971 0 0 0 0 0 0 0 0
31 690 1 1 0 0 0 0 0 0
32 345 0 0 0 0 0 0 0 0
37 63 1 1 0 0 0 0 0 0
fl=./elf/../elf/dl-sysdep.c
fn=_dl_sysdep_start
85 10 1 1 0 0 0 6 0 0
86 1 0 0 0 0 0 0 0 0
87 1 0 0 0 0 0 0 0 0
109 1 0 0 0 0 0 1 0 0
110 60 1 1 18 4 4 4 3 3
113 2 0 0 0 0 0 1 1 1
114 1 0 0 0 0 0 1 0 0
119 1 1 1 0 0 0 1 1 1
121 140 4 4 33 1 1 10 1 1
122 119 1 1 17 3 3 0 0 0
125 1 0 0 1 0 0 0 0 0
126 1 0 0 0 0 0 0 0 0
128 1 0 0 1 1 1 0 0 0
131 2 1 1 1 1 1 1 0 0
132 1 0 0 0 0 0 1 0 0
134 2 1 1 1 0 0 1 0 0
135 1 0 0 0 0 0 1 0 0
150 2 1 1 1 1 1 1 0 0
151 1 0 0 0 0 0 1 0 0
153 2 0 0 1 1 1 1 0 0
154 1 0 0 0 0 0 0 0 0
156 2 1 1 1 0 0 1 0 0
157 1 0 0 0 0 0 0 0 0
162 2 1 1 1 0 0 1 0 0
163 1 0 0 0 0 0 0 0 0
178 2 1 1 1 0 0 1 0 0
179 1 0 0 0 0 0 0 0 0
224 1 0 0 0 0 0 1 0 0
227 1 0 0 0 0 0 1 0 0
238 3 0 0 1 0 0 0 0 0
239 2 1 1 0 0 0 2 0 0
241 5 0 0 0 0 0 1 0 0
253 3 0 0 1 0 0 0 0 0
256 5 0 0 1 0 0 1 0 0
258 9 1 1 8 2 0 0 0 0
fn=_dl_sysdep_start_cleanup
262 1 1 1 0 0 0 0 0 0
263 1 0 0 1 0 0 0 0 0
fl=./elf/../elf/dl-tls.c
fn=_dl_add_to_slotinfo
1015 16 1 1 0 0 0 8 0 0
1021 2 0 0 2 0 0 0 0 0
1024 2 0 0 2 2 0 0 0 0
1025 2 0 0 0 0 0 0 0 0
1029 6 1 1 2 1 0 0 0 0
1063 4 0 0 0 0 0 0 0 0
1066 6 0 0 0 0 0 2 2 0
1067 6 0 0 2 0 0 2 0 0
1070 12 0 0 10 0 0 0 0 0
fn=_dl_allocate_tls
370 64 1 1 64 0 0 0 0 0
374 64 0 0 0 0 0 0 0 0
375 64 0 0 0 0 0 0 0 0
376 128 0 0 0 0 0 0 0 0
379 64 0 0 0 0 0 64 0 0
385 256 0 0 64 0 0 128 0 0
535 128 0 0 0 0 0 0 0 0
536 64 0 0 0 0 0 64 0 0
539 128 1 1 64 2 0 64 0 0
542 256 0 0 192 0 0 0 0 0
554 64 0 0 64 0 0 0 0 0
559 1152 8 1 192 2 0 0 0 0
565 384 2 1 0 0 0 0 0 0
568 384 0 0 128 3 0 0 0 0
569 256 0 0 0 0 0 0 0 0
575 384 0 0 256 0 0 0 0 0
576 512 0 0 128 0 0 128 0 0
578 768 6 1 384 7 0 128 0 0
581 256 0 0 0 0 0 0 0 0
582 256 0 0 128 0 0 0 0 0
585 256 0 0 0 0 0 0 0 0
586 512 1 1 256 2 0 0 0 0
588 256 0 0 0 0 0 0 0 0
589 256 0 0 128 0 0 0 0 0
598 128 0 0 0 0 0 128 0 0
608 1024 0 0 128 0 0 256 0 0
614 128 0 0 128 0 0 0 0 0
620 128 0 0 64 0 0 64 0 0
623 192 1 1 128 0 0 64 0 0
625 64 0 0 64 0 0 0 0 0
631 576 1 1 0 0 0 448 0 0
632 128 0 0 0 0 0 0 0 0
635 512 0 0 448 0 0 0 0 0
fn=_dl_allocate_tls_init
528 570 11 2 0 0 0 456 0 0
529 114 0 0 0 0 0 0 0 0
533 114 0 0 57 1 0 57 0 0
535 57 0 0 0 0 0 57 0 0
536 57 0 0 0 0 0 0 0 0
539 114 0 0 57 24 0 57 0 0
542 171 0 0 114 1 0 0 0 0
554 57 3 1 57 0 0 0 0 0
559 1311 8 1 228 21 0 0 0 0
565 342 2 1 0 0 0 0 0 0
568 342 0 0 114 24 0 0 0 0
569 228 0 0 0 0 0 0 0 0
575 342 0 0 228 0 0 0 0 0
576 228 0 0 0 0 0 0 0 0
578 855 8 1 342 68 0 114 1 1
581 228 0 0 0 0 0 0 0 0
582 228 0 0 114 0 0 0 0 0
585 228 0 0 0 0 0 0 0 0
586 456 3 1 228 23 0 0 0 0
588 228 0 0 0 0 0 0 0 0
589 228 0 0 114 0 0 0 0 0
598 114 0 0 0 0 0 114 0 0
606 228 0 0 114 43 0 0 0 0
608 912 0 0 114 0 0 228 0 0
614 114 0 0 114 0 0 0 0 0
620 114 0 0 57 23 0 57 0 0
623 114 14 1 57 0 0 57 0 0
626 513 0 0 456 0 0 0 0 0
fn=_dl_allocate_tls_storage
370 1 0 0 1 0 0 0 0 0
374 1 0 0 0 0 0 0 0 0
375 1 0 0 0 0 0 0 0 0
376 2 0 0 0 0 0 0 0 0
379 1 0 0 0 0 0 1 1 1
385 2 0 0 0 0 0 1 0 0
422 4 1 1 0 0 0 3 0 0
424 1 0 0 1 0 0 0 0 0
435 1 0 0 1 0 0 0 0 0
436 1 0 0 0 0 0 0 0 0
437 3 0 0 0 0 0 0 0 0
445 4 1 1 0 0 0 0 0 0
446 1 0 0 0 0 0 0 0 0
450 321 1 1 0 0 0 313 39 39
469 1 0 0 0 0 0 1 1 1
475 5 0 0 4 0 0 0 0 0
fn=_dl_assign_tls_modid
131 4 1 1 0 0 0 0 0 0
134 4 0 0 2 0 0 0 0 0
147 2 1 1 2 0 0 0 0 0
186 2 0 0 0 0 0 0 0 0
188 2 0 0 0 0 0 2 0 0
191 2 0 0 0 0 0 2 0 0
192 4 0 0 2 0 0 0 0 0
fn=_dl_count_modids
197 1 1 1 0 0 0 0 0 0
199 2 0 0 1 0 0 0 0 0
200 1 0 0 1 0 0 0 0 0
215 2 0 0 1 0 0 0 0 0
fn=_dl_deallocate_tls
641 480 13 2 0 0 0 240 0 0
642 60 0 0 60 46 0 0 0 0
645 2160 0 0 1020 21 0 0 0 0
646 2880 0 0 0 0 0 0 0 0
649 120 0 0 60 0 0 0 0 0
650 60 1 1 0 0 0 0 0 0
652 120 0 0 0 0 0 0 0 0
654 360 0 0 300 0 0 0 0 0
fn=_dl_determine_tlsoffset
221 8 2 2 0 0 0 6 0 0
222 1 0 0 0 0 0 0 0 0
223 1 0 0 0 0 0 0 0 0
224 1 0 0 0 0 0 0 0 0
227 3 0 0 1 0 0 0 0 0
230 2 0 0 1 0 0 0 0 0
264 1 0 0 0 0 0 0 0 0
266 16 0 0 3 0 0 0 0 0
268 7 2 2 3 0 0 1 0 0
270 6 0 0 2 0 0 0 0 0
271 4 0 0 2 0 0 0 0 0
273 4 1 1 0 0 0 0 0 0
275 10 0 0 2 0 0 0 0 0
286 2 0 0 0 0 0 2 0 0
291 16 0 0 0 0 0 0 0 0
293 4 0 0 0 0 0 0 0 0
294 2 0 0 0 0 0 0 0 0
306 1 0 0 0 0 0 1 0 0
307 9 1 1 1 0 0 1 0 0
309 2 0 0 0 0 0 0 0 0
360 8 1 1 7 0 0 0 0 0
fn=_dl_tls_static_surplus_init
83 3 0 0 0 0 0 0 0 0
97 6 1 1 0 0 0 3 0 0
101 6 1 1 1 0 0 1 0 0
102 6 0 0 1 0 0 1 0 0
108 2 0 0 0 0 0 0 0 0
110 4 0 0 0 0 0 0 0 0
113 1 0 0 0 0 0 0 0 0
115 1 0 0 0 0 0 1 0 0
117 3 0 0 0 0 0 1 1 0
118 5 0 0 4 0 0 0 0 0
fl=./elf/../include/list.h
fn=__tls_init_tp
43 2 1 1 1 1 0 1 0 0
44 2 0 0 0 0 0 1 0 0
45 1 0 0 0 0 0 1 0 0
47 1 0 0 0 0 0 1 0 0
fl=./elf/../include/rtld-malloc.h
fn=__minimal_calloc
56 17 0 0 17 0 0 0 0 0
fn=_dl_allocate_tls
44 128 0 0 64 2 0 64 0 0
fn=_dl_allocate_tls_storage
44 2 0 0 1 0 0 1 0 0
56 1 0 0 1 0 0 1 0 0
fn=_dl_check_map_versions
44 18 0 0 6 0 0 6 0 0
fn=_dl_deallocate_tls
50 1980 0 0 1980 115 0 1020 0 0
fn=_dl_find_object_init
56 2 0 0 1 0 0 1 0 0
fn=_dl_important_hwcaps
56 3 1 1 2 0 0 3 0 0
fn=_dl_init_paths
56 5 0 0 3 0 0 3 0 0
fn=_dl_map_object_deps
56 12 0 0 6 0 0 6 0 0
fn=_dl_new_object
44 24 1 1 6 0 0 12 0 0
56 15 0 0 5 0 0 5 0 0
fn=do_lookup_x
44 12 1 1 3 1 0 4 0 0
fn=fillin_rpath.isra.0
50 2 0 0 2 0 0 1 0 0
51 1 0 0 0 0 0 0 0 0
56 2 0 0 1 0 0 1 0 0
fn=init_tls
44 2 0 0 1 0 0 1 0 0
fn=open_verify.constprop.0
50 8 0 0 4 0 0 4 0 0
fn=open_verify.constprop.1
50 2 1 1 1 0 0 1 0 0
fl=./elf/../include/scratch_buffer.h
fn=_dl_map_object_deps
77 3 0 0 0 0 0 2 1 1
78 1 0 0 0 0 0 1 0 0
85 3 1 1 2 0 0 0 0 0
131 15 0 0 0 0 0 5 0 0
fl=./elf/../misc/sbrk.c
fn=sbrk
37 5 0 0 0 0 0 2 0 0
40 1 1 1 1 0 0 0 0 0
58 2 0 0 0 0 0 0 0 0
62 2 0 0 0 0 0 0 0 0
78 5 0 0 3 0 0 0 0 0
fl=./elf/../nptl/nptl-stack.h
fn=__libc_early_init
58 8 0 0 2 1 0 0 0 0
fl=./elf/../sysdeps/generic/dl-cache.h
fn=_dl_load_cache_lookup
125 20 1 1 4 0 0 0 0 0
194 1 0 0 1 0 0 0 0 0
195 5 0 0 0 0 0 0 0 0
fl=./elf/../sysdeps/generic/dl-debug.h
fn=dl_main
29 3 0 0 1 0 0 0 0 0
30 2 0 0 1 0 0 1 0 0
fl=./elf/../sysdeps/generic/dl-hash.h
fn=__rtld_malloc_init_real
43 1 0 0 0 0 0 0 0 0
44 1 0 0 0 0 0 0 0 0
45 19 2 2 6 1 1 0 0 0
48 18 0 0 0 0 0 0 0 0
62 24 0 0 0 0 0 0 0 0
67 1 0 0 0 0 0 0 0 0
72 1 0 0 0 0 0 1 0 0
fl=./elf/../sysdeps/generic/dl-protected.h
fn=do_lookup_x
29 4490 0 0 0 0 0 0 0 0
44 15820 0 0 0 0 0 4520 0 0
fl=./elf/../sysdeps/generic/ldsodefs.h
fn=_dl_relocate_object
138 10212 0 0 3404 0 0 0 0 0
fn=_dl_start
80 3 0 0 2 0 0 0 0 0
fn=do_lookup_x
137 4490 2 1 2245 0 0 0 0 0
138 6735 0 0 0 0 0 0 0 0
fl=./elf/../sysdeps/nptl/dl-mutex.c
fn=__rtld_mutex_init
30 4 1 1 0 0 0 3 0 0
37 1 0 0 1 0 0 0 0 0
40 7 1 1 0 0 0 1 0 0
44 2 0 0 0 0 0 0 0 0
45 9 0 0 3 0 0 1 0 0
47 6 1 1 0 0 0 1 0 0
51 2 0 0 0 0 0 0 0 0
52 7 0 0 3 0 0 1 0 0
53 4 0 0 4 0 0 0 0 0
fl=./elf/../sysdeps/nptl/dl-tls_init_tp.c
fn=__tls_init_tp
68 3 0 0 0 0 0 1 0 0
69 1 0 0 1 0 0 0 0 0
72 1 0 0 0 0 0 0 0 0
75 4 1 1 0 0 0 1 0 0
76 2 0 0 0 0 0 1 0 0
77 1 0 0 0 0 0 1 0 0
82 2 0 0 1 0 0 1 0 0
87 4 0 0 0 0 0 1 0 0
90 1 1 1 0 0 0 1 0 0
93 3 0 0 0 0 0 0 0 0
106 4 0 0 0 0 0 1 0 0
123 3 0 0 2 1 0 1 1 0
130 2 1 1 1 0 0 1 0 0
132 1 0 0 0 0 0 1 0 0
133 1 0 0 0 0 0 1 0 0
134 3 0 0 2 0 0 0 0 0
fn=__tls_pre_init_tp
53 3 1 1 0 0 0 0 0 0
56 10 1 1 0 0 0 3 1 1
61 2 0 0 0 0 0 1 0 0
62 1 0 0 0 0 0 1 0 0
64 1 0 0 1 0 0 0 0 0
fn=rtld_mutex_dummy
42 258 0 0 0 0 0 0 0 0
44 516 0 0 258 0 0 0 0 0
fl=./elf/../sysdeps/nptl/pthread_early_init.h
fn=__libc_early_init
33 6 0 0 0 0 0 1 0 0
34 6 0 0 1 0 0 0 0 0
45 2 1 1 2 1 0 0 0 0
46 1 0 0 0 0 0 0 0 0
52 7 1 1 0 0 0 1 0 0
53 1 0 0 0 0 0 1 0 0
54 1 0 0 0 0 0 1 1 1
57 1 0 0 0 0 0 1 0 0
fl=./elf/../sysdeps/posix/dl-fileid.h
fn=_dl_map_object_from_fd
37 25 1 1 5 0 0 5 0 0
40 20 1 1 15 0 0 5 0 0
49 69 1 1 33 1 1 0 0 0
fl=./elf/../sysdeps/unix/sysv/linux/brk.c
fn=brk
35 1 1 1 0 0 0 0 0 0
36 3 0 0 0 0 0 1 1 1
37 2 0 0 0 0 0 0 0 0
43 1 0 0 0 0 0 0 0 0
44 1 0 0 1 0 0 0 0 0
fl=./elf/../sysdeps/unix/sysv/linux/dl-osinfo.h
fn=dl_main
64 2 0 0 1 1 0 0 0 0
fl=./elf/../sysdeps/unix/sysv/linux/dl-sysdep.c
fn=_dl_discover_osversion
46 5 1 1 0 0 0 3 0 0
48 3 0 0 1 0 0 0 0 0
88 4 1 1 0 0 0 1 1 1
103 1 0 0 0 0 0 0 0 0
107 1 0 0 0 0 0 0 0 0
108 1 0 0 0 0 0 0 0 0
110 12 1 1 3 1 1 0 0 0
112 6 0 0 0 0 0 0 0 0
114 21 0 0 5 0 0 0 0 0
116 2 0 0 0 0 0 0 0 0
117 8 0 0 0 0 0 0 0 0
120 3 1 1 0 0 0 0 0 0
121 3 0 0 0 0 0 0 0 0
122 3 0 0 0 0 0 0 0 0
124 13 0 0 0 0 0 0 0 0
129 2 0 0 0 0 0 0 0 0
133 5 0 0 4 0 0 0 0 0
fn=_dl_sysdep_start
36 2 0 0 0 0 0 1 0 0
fl=./elf/../sysdeps/unix/sysv/linux/dl-vdso-setup.h
fn=dl_main
30 3 1 1 0 0 0 2 0 0
33 1 1 1 0 0 0 1 0 0
36 1 0 0 0 0 0 1 0 0
39 1 0 0 0 0 0 1 0 0
45 1 1 1 0 0 0 1 0 0
fl=./elf/../sysdeps/unix/sysv/linux/dl-vdso.h
fn=dl_main
40 1 1 1 1 0 0 0 0 0
41 2 0 0 0 0 0 0 0 0
55 2 0 0 0 0 0 0 0 0
fl=./elf/../sysdeps/unix/sysv/linux/rseq-internal.h
fn=__tls_init_tp
32 3 0 0 1 0 0 0 0 0
34 7 1 1 0 0 0 0 0 0
37 2 0 0 0 0 0 0 0 0
40 1 0 0 0 0 0 1 0 0
fl=./elf/../sysdeps/unix/sysv/linux/x86/cpu-features.c
fn=init_cpu_features.constprop.0
27 6 0 0 0 0 0 0 0 0
fl=./elf/../sysdeps/unix/sysv/linux/x86/dl-minsigstacksize.h
fn=get_common_indices.constprop.0
24 2 1 1 1 0 0 0 0 0
27 2 0 0 1 0 0 0 0 0
28 2 0 0 1 0 0 0 0 0
65 3 0 0 0 0 0 0 0 0
72 1 0 0 0 0 0 0 0 0
74 1 1 1 0 0 0 1 0 0
fl=./elf/../sysdeps/x86/cpu-features.c
fn=get_common_indices.constprop.0
325 1 1 1 0 0 0 1 0 0
329 4 0 0 0 0 0 0 0 0
332 5 1 1 0 0 0 3 0 0
336 1 0 0 0 0 0 1 0 0
337 4 0 0 0 0 0 1 0 0
338 4 0 0 0 0 0 1 0 0
339 4 0 0 0 0 0 1 0 0
340 3 0 0 0 0 0 1 0 0
341 2 0 0 1 0 0 0 0 0
348 2 1 1 1 0 0 0 0 0
350 9 0 0 0 0 0 4 1 1
355 8 0 0 0 0 0 4 1 1
362 2 1 1 1 0 0 0 0 0
363 7 1 1 0 0 0 4 1 1
369 2 0 0 1 0 0 0 0 0
384 2 0 0 2 0 0 0 0 0
fn=init_cpu_features.constprop.0
303 3 0 0 0 0 0 0 0 0
304 2 0 0 0 0 0 0 0 0
305 6 1 1 0 0 0 4 0 0
310 2 0 0 0 0 0 0 0 0
311 6 0 0 0 0 0 4 0 0
316 2 0 0 0 0 0 0 0 0
317 6 1 1 0 0 0 4 0 0
399 7 2 2 0 0 0 6 0 0
402 1 0 0 0 0 0 1 1 1
403 1 0 0 0 0 0 1 0 0
404 1 0 0 0 0 0 1 0 0
415 3 0 0 0 0 0 1 0 0
418 6 1 1 0 0 0 0 0 0
419 1 1 1 0 0 0 0 0 0
422 2 0 0 0 0 0 0 0 0
424 6 2 2 0 0 0 1 1 1
429 1 0 0 0 0 0 1 0 0
431 3 0 0 1 0 0 0 0 0
433 4 1 1 2 0 0 1 0 0
434 15 2 2 0 0 0 0 0 0
489 3 1 1 1 0 0 0 0 0
503 1 0 0 1 0 0 0 0 0
513 11 1 1 1 1 1 0 0 0
516 1 0 0 1 0 0 0 0 0
555 1 0 0 1 0 0 0 0 0
556 1 0 0 0 0 0 0 0 0
564 2 1 1 1 0 0 0 0 0
571 2 0 0 1 0 0 0 0 0
573 1 0 0 1 0 0 0 0 0
577 2 0 0 1 0 0 0 0 0
583 2 0 0 1 0 0 0 0 0
593 1 1 1 0 0 0 0 0 0
687 5 1 1 1 0 0 0 0 0
688 1 0 0 1 0 0 0 0 0
691 2 0 0 0 0 0 0 0 0
692 1 0 0 1 0 0 0 0 0
698 1 0 0 0 0 0 1 0 0
699 1 0 0 0 0 0 1 0 0
701 1 0 0 0 0 0 1 0 0
706 4 0 0 0 0 0 1 0 0
710 3 1 1 1 0 0 0 0 0
723 2 0 0 0 0 0 0 0 0
724 4 0 0 1 0 0 0 0 0
770 1 0 0 0 0 0 1 0 0
771 2 1 1 1 0 0 0 0 0
775 3 1 1 1 0 0 0 0 0
792 2 1 1 0 0 0 0 0 0
793 2 0 0 0 0 0 0 0 0
795 3 1 1 0 0 0 0 0 0
796 2 0 0 1 0 0 0 0 0
798 3 0 0 0 0 0 0 0 0
799 2 0 0 0 0 0 0 0 0
802 2 0 0 0 0 0 1 0 0
817 4 1 1 0 0 0 1 0 0
819 4 0 0 0 0 0 1 0 0
829 2 1 1 1 0 0 0 0 0
874 8 0 0 7 0 0 0 0 0
fn=update_active.constprop.0
43 7 1 1 0 0 0 6 1 1
47 1 0 0 1 0 0 0 0 0
55 3 0 0 1 0 0 0 0 0
56 3 0 0 0 0 0 0 0 0
57 1 0 0 1 0 0 0 0 0
65 4 1 1 1 0 0 1 0 0
66 1 0 0 1 0 0 0 0 0
74 4 1 1 1 0 0 1 0 0
75 1 0 0 1 0 0 0 0 0
76 3 0 0 0 0 0 1 0 0
80 4 0 0 0 0 0 1 0 0
83 3 0 0 1 0 0 0 0 0
84 1 0 0 1 0 0 0 0 0
87 3 0 0 1 0 0 0 0 0
88 2 0 0 1 0 0 1 1 1
92 8 1 1 1 0 0 2 0 0
93 3 0 0 2 0 0 0 0 0
94 3 1 1 2 0 0 0 0 0
95 1 0 0 1 0 0 0 0 0
97 4 0 0 1 0 0 1 0 0
98 3 1 1 2 1 1 0 0 0
100 2 0 0 0 0 0 0 0 0
101 4 0 0 0 0 0 1 0 0
104 4 0 0 0 0 0 1 0 0
105 4 1 1 0 0 0 1 0 0
109 2 0 0 0 0 0 0 0 0
113 2 0 0 0 0 0 0 0 0
115 4 0 0 0 0 0 0 0 0
119 2 1 1 0 0 0 0 0 0
121 1 0 0 0 0 0 0 0 0
124 2 1 1 0 0 0 0 0 0
126 2 0 0 0 0 0 1 0 0
130 1 0 0 0 0 0 0 0 0
131 1 0 0 1 1 1 0 0 0
134 4 0 0 0 0 0 1 0 0
140 4 0 0 0 0 0 1 0 0
142 4 1 1 2 0 0 1 0 0
144 3 0 0 0 0 0 1 0 0
149 4 0 0 0 0 0 0 0 0
198 3 0 0 0 0 0 0 0 0
210 2 0 0 0 0 0 1 0 0
211 1 0 0 1 0 0 0 0 0
214 4 1 1 1 0 0 1 0 0
218 2 0 0 1 0 0 0 0 0
222 3 1 1 0 0 0 0 0 0
223 2 0 0 0 0 0 0 0 0
225 1 0 0 0 0 0 0 0 0
226 1 0 0 0 0 0 0 0 0
229 2 0 0 0 0 0 1 0 0
231 1 0 0 0 0 0 1 0 0
234 2 0 0 0 0 0 0 0 0
285 3 0 0 1 0 0 0 0 0
289 3 0 0 1 0 0 0 0 0
296 1 0 0 0 0 0 1 0 0
297 8 0 0 7 0 0 0 0 0
fl=./elf/../sysdeps/x86/dl-cacheinfo.h
fn=get_common_cache_info.constprop.0
481 9 1 1 0 0 0 6 0 0
496 1 0 0 1 0 0 0 0 0
497 1 0 0 1 0 0 0 0 0
498 2 0 0 1 0 0 1 0 0
499 1 0 0 1 0 0 0 0 0
505 1 0 0 0 0 0 1 0 0
507 8 1 1 3 0 0 2 0 0
510 4 1 1 0 0 0 2 0 0
521 1 0 0 0 0 0 0 0 0
526 3 0 0 1 0 0 0 0 0
530 2 0 0 0 0 0 0 0 0
535 6 1 1 1 0 0 1 0 0
538 23 2 2 0 0 0 0 0 0
545 8 0 0 0 0 0 0 0 0
548 26 0 0 0 0 0 0 0 0
553 2 1 1 0 0 0 0 0 0
557 3 0 0 0 0 0 0 0 0
558 1 0 0 0 0 0 0 0 0
562 6 0 0 0 0 0 0 0 0
566 3 0 0 0 0 0 0 0 0
569 4 0 0 0 0 0 1 0 0
570 1 0 0 0 0 0 0 0 0
575 4 0 0 0 0 0 0 0 0
581 4 0 0 0 0 0 0 0 0
589 7 0 0 1 0 0 0 0 0
591 2 0 0 0 0 0 0 0 0
593 5 0 0 0 0 0 0 0 0
595 12 1 1 0 0 0 0 0 0
597 1 0 0 0 0 0 0 0 0
598 1 0 0 0 0 0 0 0 0
599 9 0 0 1 0 0 0 0 0
601 4 1 1 0 0 0 0 0 0
604 2 0 0 0 0 0 0 0 0
609 1 0 0 0 0 0 0 0 0
611 5 0 0 0 0 0 0 0 0
612 3 0 0 0 0 0 0 0 0
613 1 1 1 0 0 0 0 0 0
616 2 0 0 0 0 0 0 0 0
619 2 1 1 0 0 0 0 0 0
626 1 0 0 0 0 0 0 0 0
628 4 0 0 0 0 0 0 0 0
629 1 0 0 0 0 0 0 0 0
634 2 1 1 0 0 0 0 0 0
639 2 0 0 0 0 0 0 0 0
640 1 0 0 0 0 0 0 0 0
641 2 0 0 0 0 0 0 0 0
642 3 0 0 0 0 0 0 0 0
643 2 0 0 1 0 0 0 0 0
681 4 1 1 0 0 0 0 0 0
682 5 0 0 0 0 0 0 0 0
686 2 0 0 1 0 0 0 0 0
693 1 0 0 0 0 0 1 0 0
694 1 0 0 0 0 0 1 0 0
695 7 0 0 7 0 0 0 0 0
fn=handle_intel.constprop.0
250 96 0 0 0 0 0 72 0 0
255 24 1 1 12 0 0 0 0 0
261 24 0 0 0 0 0 12 1 1
263 12 0 0 0 0 0 12 0 0
264 36 1 1 0 0 0 12 0 0
266 15 0 0 1 0 0 0 0 0
272 60 0 0 0 0 0 12 0 0
277 24 0 0 0 0 0 0 0 0
279 24 0 0 0 0 0 12 0 0
280 12 0 0 0 0 0 0 0 0
284 48 1 1 0 0 0 12 0 0
286 24 0 0 0 0 0 0 0 0
289 60 0 0 0 0 0 12 0 0
291 24 0 0 0 0 0 0 0 0
294 5 0 0 0 0 0 1 0 0
296 2 0 0 0 0 0 0 0 0
299 5 0 0 1 0 0 1 0 0
301 2 0 0 0 0 0 0 0 0
305 3 0 0 0 0 0 0 0 0
310 96 1 1 84 0 0 0 0 0
fn=init_cpu_features.constprop.0
706 1 0 0 0 0 0 1 0 0
708 1 1 1 0 0 0 1 0 0
722 2 0 0 0 0 0 0 0 0
724 5 1 1 0 0 0 3 1 1
725 3 0 0 0 0 0 1 0 0
726 4 1 1 0 0 0 2 0 0
729 3 0 0 0 0 0 2 0 0
731 3 0 0 0 0 0 2 0 0
732 1 0 0 0 0 0 1 0 0
734 3 0 0 0 0 0 2 0 0
736 3 0 0 0 0 0 2 0 0
737 1 0 0 0 0 0 1 0 0
739 3 1 1 0 0 0 2 0 0
741 3 0 0 0 0 0 2 0 0
744 3 0 0 0 0 0 2 0 0
746 3 0 0 0 0 0 1 0 0
748 3 1 1 0 0 0 2 0 0
750 4 0 0 0 0 0 1 0 0
840 18 3 3 10 0 0 6 2 2
863 15 1 1 2 0 0 1 0 0
885 2 0 0 1 0 0 0 0 0
886 1 0 0 1 0 0 0 0 0
893 11 2 2 0 0 0 0 0 0
910 4 1 1 1 0 0 0 0 0
923 4 0 0 1 0 0 1 0 0
931 5 0 0 1 0 0 1 0 0
933 2 1 1 0 0 0 0 0 0
936 5 0 0 1 0 0 1 0 0
938 4 0 0 1 0 0 1 0 0
941 5 1 1 1 0 0 1 0 0
942 5 0 0 0 0 0 1 0 0
946 6 1 1 1 0 0 2 0 0
947 3 0 0 1 0 0 0 0 0
953 8 0 0 3 0 0 2 0 0
956 15 2 2 1 0 0 6 0 0
957 9 1 1 1 0 0 4 0 0
958 12 1 1 1 0 0 5 0 0
961 8 0 0 0 0 0 4 0 0
963 8 1 1 0 0 0 4 0 0
967 7 1 1 4 0 0 3 0 0
970 1 0 0 0 0 0 0 0 0
fn=intel_check_word.constprop.0
110 690 0 0 345 8 8 0 0 0
113 345 0 0 0 0 0 0 0 0
119 104 0 0 0 0 0 78 0 0
123 78 1 1 0 0 0 0 0 0
125 15 0 0 0 0 0 0 0 0
129 156 0 0 0 0 0 0 0 0
131 154 1 1 0 0 0 0 0 0
133 63 1 1 0 0 0 0 0 0
135 126 0 0 0 0 0 0 0 0
143 126 0 0 0 0 0 0 0 0
152 54 1 1 0 0 0 0 0 0
155 120 2 2 0 0 0 0 0 0
158 99 0 0 0 0 0 0 0 0
162 64 0 0 0 0 0 0 0 0
164 186 0 0 0 0 0 0 0 0
166 84 0 0 0 0 0 0 0 0
168 44 0 0 0 0 0 0 0 0
169 32 0 0 0 0 0 0 0 0
170 10 0 0 0 0 0 0 0 0
172 11 1 1 0 0 0 0 0 0
174 22 0 0 0 0 0 0 0 0
176 12 1 1 0 0 0 0 0 0
177 16 0 0 0 0 0 0 0 0
178 12 1 1 0 0 0 0 0 0
179 20 0 0 0 0 0 0 0 0
180 14 0 0 0 0 0 0 0 0
181 12 1 1 0 0 0 0 0 0
183 8 0 0 0 0 0 0 0 0
184 12 0 0 0 0 0 0 0 0
187 21 0 0 0 0 0 0 0 0
194 204 0 0 0 0 0 0 0 0
202 200 0 0 50 0 0 0 0 0
216 51 0 0 0 0 0 0 0 0
246 104 0 0 104 0 0 0 0 0
fl=./elf/../sysdeps/x86/dl-cet.c
fn=_dl_cet_check
41 2 0 0 0 0 0 0 0 0
42 1 0 0 1 1 1 0 0 0
44 1 0 0 0 0 0 0 0 0
45 1 0 0 0 0 0 0 0 0
48 4 1 1 0 0 0 0 0 0
49 2 0 0 0 0 0 0 0 0
51 1 0 0 1 0 0 0 0 0
62 2 0 0 0 0 0 0 0 0
252 8 1 1 0 0 0 6 0 0
254 8 1 1 7 0 0 0 0 0
fl=./elf/../sysdeps/x86/dl-get-cpu-features.c
fn=__x86_cpu_features
39 3 0 0 1 1 0 0 0 0
71 3 1 0 1 0 0 0 0 0
fn=_dl_x86_init_cpu_features
37 1 1 1 0 0 0 0 0 0
39 3 0 0 1 0 0 0 0 0
41 1 1 1 0 0 0 0 0 0
fl=./elf/../sysdeps/x86/dl-hwcap.h
fn=_dl_important_hwcaps
57 3 0 0 0 0 0 0 0 0
fl=./elf/../sysdeps/x86/dl-procinfo.h
fn=_dl_load_cache_lookup
39 8 1 1 0 0 0 0 0 0
42 28 0 0 0 0 0 12 0 0
fl=./elf/../sysdeps/x86/dl-prop.h
fn=_dl_map_object_from_fd
95 40 0 0 20 0 0 0 0 0
100 5 0 0 0 0 0 0 0 0
101 10 0 0 0 0 0 5 0 0
102 5 1 1 0 0 0 5 0 0
103 5 0 0 0 0 0 0 0 0
105 35 0 0 0 0 0 0 0 0
108 15 1 1 5 0 0 0 0 0
109 10 0 0 5 0 0 0 0 0
110 10 0 0 5 0 0 0 0 0
114 15 0 0 5 0 0 0 0 0
118 15 0 0 0 0 0 5 0 0
121 15 1 1 5 0 0 0 0 0
122 10 0 0 0 0 0 0 0 0
126 5 0 0 0 0 0 0 0 0
127 20 0 0 0 0 0 5 0 0
131 18 1 1 7 0 0 0 0 0
132 7 0 0 7 0 0 0 0 0
135 14 0 0 0 0 0 0 0 0
138 7 0 0 0 0 0 0 0 0
139 28 0 0 0 0 0 0 0 0
144 14 1 1 0 0 0 0 0 0
146 28 0 0 0 0 0 0 0 0
151 14 0 0 0 0 0 0 0 0
164 14 0 0 0 0 0 0 0 0
165 17 0 0 7 3 3 5 0 0
166 4 0 0 0 0 0 0 0 0
170 6 0 0 2 0 0 2 0 0
185 15 0 0 0 0 0 0 0 0
187 20 0 0 0 0 0 0 0 0
192 5 0 0 0 0 0 0 0 0
193 20 0 0 0 0 0 0 0 0
198 20 0 0 5 0 0 0 0 0
200 20 0 0 5 0 0 5 0 0
201 5 0 0 0 0 0 5 0 0
203 5 0 0 0 0 0 5 0 0
212 15 0 0 10 0 0 0 0 0
213 5 0 0 5 0 0 0 0 0
fn=dl_main
36 1 1 1 1 0 0 0 0 0
37 24 1 1 0 0 0 0 0 0
40 8 0 0 8 0 0 0 0 0
49 47 0 0 13 0 0 0 0 0
53 39 0 0 7 1 0 0 0 0
71 3 0 0 0 0 0 1 0 0
95 8 0 0 4 0 0 0 0 0
100 1 1 1 0 0 0 0 0 0
101 2 0 0 0 0 0 1 0 0
102 1 0 0 0 0 0 1 0 0
103 1 0 0 0 0 0 0 0 0
105 9 0 0 0 0 0 1 0 0
108 3 1 1 1 0 0 0 0 0
109 2 0 0 1 0 0 0 0 0
110 2 0 0 1 0 0 0 0 0
114 3 0 0 1 0 0 0 0 0
118 3 0 0 0 0 0 1 0 0
121 3 1 1 1 0 0 0 0 0
122 2 0 0 0 0 0 0 0 0
126 1 0 0 0 0 0 0 0 0
127 4 0 0 0 0 0 1 0 0
131 4 1 1 1 0 0 0 0 0
132 1 0 0 1 0 0 0 0 0
135 2 0 0 0 0 0 0 0 0
138 1 0 0 0 0 0 0 0 0
139 4 0 0 0 0 0 0 0 0
144 2 1 1 0 0 0 0 0 0
146 4 0 0 0 0 0 0 0 0
151 2 0 0 0 0 0 0 0 0
164 2 0 0 0 0 0 0 0 0
165 1 0 0 1 0 0 0 0 0
166 2 0 0 0 0 0 0 0 0
170 3 1 1 1 0 0 1 0 0
192 1 0 0 0 0 0 0 0 0
193 4 0 0 0 0 0 0 0 0
198 4 1 1 1 0 0 0 0 0
200 4 0 0 1 0 0 1 0 0
201 1 0 0 0 0 0 1 0 0
203 2 0 0 0 0 0 1 0 0
212 5 0 0 4 0 0 0 0 0
213 2 0 0 2 0 0 0 0 0
fl=./elf/../sysdeps/x86/get-isa-level.h
fn=_dl_hwcaps_subdirs_active
30 2 0 0 0 0 0 0 0 0
31 3 1 1 1 0 0 0 0 0
32 3 0 0 1 0 0 0 0 0
36 3 0 0 0 0 0 0 0 0
39 4 0 0 1 0 0 0 0 0
40 4 1 1 1 0 0 0 0 0
45 4 0 0 0 0 0 0 0 0
48 2 0 0 0 0 0 0 0 0
49 3 0 0 1 0 0 0 0 0
51 4 1 1 0 0 0 0 0 0
52 2 0 0 0 0 0 0 0 0
53 2 0 0 0 0 0 0 0 0
56 2 0 0 0 0 0 0 0 0
59 2 0 0 0 0 0 0 0 0
fn=update_active.constprop.0
28 1 0 0 0 0 0 0 0 0
30 2 0 0 0 0 0 0 0 0
31 2 1 1 0 0 0 0 0 0
32 3 0 0 0 0 0 0 0 0
36 3 0 0 0 0 0 0 0 0
38 1 0 0 0 0 0 0 0 0
39 3 1 1 1 0 0 0 0 0
40 4 0 0 1 0 0 0 0 0
45 4 1 1 0 0 0 0 0 0
47 1 0 0 0 0 0 0 0 0
48 2 0 0 0 0 0 0 0 0
49 3 0 0 1 0 0 0 0 0
51 4 1 1 0 0 0 0 0 0
52 2 0 0 0 0 0 0 0 0
53 2 0 0 0 0 0 0 0 0
55 1 0 0 0 0 0 0 0 0
56 2 0 0 0 0 0 0 0 0
59 2 0 0 0 0 0 0 0 0
fl=./elf/../sysdeps/x86_64/dl-hwcaps-subdirs.c
fn=_dl_hwcaps_subdirs_active
29 1 1 1 0 0 0 0 0 0
38 3 0 0 0 0 0 0 0 0
43 1 0 0 0 0 0 0 0 0
48 1 0 0 0 0 0 0 0 0
52 1 0 0 1 0 0 0 0 0
fl=./elf/../sysdeps/x86_64/dl-irel.h
fn=_dl_fixup
32 8 4 1 0 0 0 8 0 0
fl=./elf/../sysdeps/x86_64/dl-machine.h
fn=_dl_fixup
229 158 0 0 0 0 0 158 0 0
fn=_dl_relocate_object
71 28 0 0 7 0 0 0 0 0
77 20 0 0 15 3 0 0 0 0
81 15 0 0 5 5 5 0 0 0
87 5 0 0 0 0 0 5 0 0
95 15 1 1 5 0 0 0 0 0
115 10 0 0 5 1 0 0 0 0
117 10 0 0 0 0 0 5 0 0
119 25 0 0 5 3 0 0 0 0
262 6842 0 0 0 0 0 0 0 0
283 6842 0 0 0 0 0 0 0 0
287 6842 0 0 0 0 0 0 0 0
294 141822 11 11 33356 1785 1334 15994 3 0
296 27258 4 4 10224 0 0 0 0 0
299 13611 1 1 3389 0 0 0 0 0
300 4 0 0 0 0 0 0 0 0
316 2 0 0 0 0 0 0 0 0
326 20526 0 0 3421 8 3 0 0 0
360 6 1 1 0 0 0 0 0 0
361 9 0 0 6 2 0 3 1 1
368 6 0 0 2 0 0 0 0 0
370 4 0 0 4 1 1 0 0 0
379 4 0 0 2 0 0 2 1 0
422 54 1 1 18 0 0 0 0 0
426 72 0 0 18 1 0 0 0 0
431 54 0 0 36 2 2 0 0 0
440 36 0 0 18 0 0 18 6 6
450 10188 2 2 6790 425 424 3398 1165 432
474 28 0 0 0 0 0 7 0 0
484 18 0 0 0 0 0 6 0 0
507 4 0 0 4 0 0 0 0 0
508 6 1 1 2 0 0 0 0 0
509 2 0 0 0 0 0 2 0 0
510 4 0 0 2 0 0 2 1 0
529 6408 0 0 2136 267 267 0 0 0
530 2136 1 1 0 0 0 2136 483 474
534 4272 0 0 0 0 0 0 0 0
535 4272 0 0 2136 267 267 0 0 0
545 2496 0 0 1248 0 0 0 0 0
549 2382 0 0 0 0 0 0 0 0
552 3573 0 0 1191 0 0 0 0 0
553 1191 0 0 1191 153 151 0 0 0
579 114 0 0 114 0 0 0 0 0
581 57 0 0 0 0 0 57 0 0
582 57 0 0 0 0 0 57 1 1
fn=_dl_start
45 1 0 0 0 0 0 0 0 0
71 1 0 0 1 0 0 0 0 0
287 21 0 0 0 0 0 0 0 0
296 70 1 1 28 7 7 0 0 0
299 14 0 0 0 0 0 0 0 0
326 47 2 2 0 0 0 0 0 0
346 12 1 1 6 1 1 6 2 2
347 6 0 0 0 0 0 0 0 0
414 1 1 1 0 0 0 0 0 0
534 284 0 0 142 18 18 0 0 0
535 426 0 0 142 18 18 142 20 20
fn=_dl_sysdep_start
215 1 0 0 0 0 0 1 0 0
fl=./elf/../sysdeps/x86_64/dl-runtime.h
fn=_dl_fixup
28 158 0 0 0 0 0 0 0 0
fl=./elf/../sysdeps/x86_64/dl-trampoline.h
fn=_dl_runtime_resolve_xsave
67 158 1 1 0 0 0 0 0 0
72 158 0 0 0 0 0 158 0 0
75 158 0 0 0 0 0 0 0 0
77 158 0 0 0 0 0 0 0 0
87 158 0 0 158 8 0 0 0 0
93 158 0 0 0 0 0 158 12 3
94 158 0 0 0 0 0 158 0 0
95 158 1 1 0 0 0 158 0 0
96 158 0 0 0 0 0 158 0 0
97 158 0 0 0 0 0 158 0 0
98 158 0 0 0 0 0 158 0 0
99 158 0 0 0 0 0 158 0 0
103 158 0 0 0 0 0 0 0 0
104 158 0 0 0 0 0 0 0 0
107 158 0 0 0 0 0 158 10 2
108 158 0 0 0 0 0 158 0 0
110 158 0 0 0 0 0 158 0 0
111 158 0 0 0 0 0 158 0 0
112 158 1 1 0 0 0 158 0 0
113 158 0 0 0 0 0 158 0 0
114 158 0 0 0 0 0 158 0 0
115 158 0 0 0 0 0 158 0 0
117 158 0 0 158 0 0 5214 77 18
124 158 0 0 158 0 0 0 0 0
125 158 0 0 158 0 0 0 0 0
126 158 0 0 0 0 0 158 10 2
127 158 0 0 0 0 0 0 0 0
132 158 0 0 0 0 0 0 0 0
133 158 0 0 0 0 0 0 0 0
134 158 0 0 5688 0 0 0 0 0
136 158 1 1 158 0 0 0 0 0
137 158 0 0 158 0 0 0 0 0
138 158 0 0 158 0 0 0 0 0
139 158 0 0 158 0 0 0 0 0
140 158 0 0 158 0 0 0 0 0
141 158 0 0 158 0 0 0 0 0
142 158 0 0 158 0 0 0 0 0
144 158 0 0 0 0 0 0 0 0
146 158 0 0 158 0 0 0 0 0
150 158 0 0 0 0 0 0 0 0
152 158 0 0 0 0 0 0 0 0
fl=./elf/../sysdeps/x86_64/tls_get_addr.S
fn=__tls_get_addr
29 2 1 1 0 0 0 0 0 0
30 2 0 0 2 0 0 0 0 0
31 2 0 0 2 1 0 0 0 0
33 2 0 0 2 1 0 0 0 0
34 2 0 0 0 0 0 0 0 0
35 2 0 0 2 1 0 0 0 0
38 2 0 0 0 0 0 0 0 0
39 2 0 0 2 0 0 0 0 0
43 2 0 0 0 0 0 0 0 0
44 2 0 0 0 0 0 0 0 0
45 2 0 0 2 0 0 0 0 0
46 2 0 0 2 0 0 0 0 0
fl=./elf/./dl-find_object.h
fn=_dl_find_object_from_map
95 14 1 1 7 5 0 7 2 1
96 14 1 1 7 1 0 7 0 0
97 7 0 0 0 0 0 7 3 3
103 35 0 0 14 6 0 0 0 0
104 200 0 0 0 0 0 0 0 0
105 138 1 1 69 59 8 0 0 0
107 21 0 0 14 3 0 7 0 0
112 7 0 0 7 0 0 0 0 0
fl=./elf/./dl-hwcaps.h
fn=_dl_important_hwcaps
54 12 2 2 3 0 0 6 0 0
56 8 0 0 2 0 0 6 0 0
57 1 0 0 0 0 0 0 0 0
88 9 1 1 4 0 0 5 0 0
89 8 0 0 3 0 0 5 0 0
90 6 0 0 0 0 0 0 0 0
fl=./elf/./dl-load.h
fn=_dl_map_object_from_fd
91 40 0 0 0 0 0 0 0 0
92 15 0 0 10 0 0 5 0 0
94 40 1 1 20 1 1 0 0 0
95 20 1 1 12 0 0 0 0 0
96 24 0 0 8 0 0 0 0 0
97 16 1 1 4 0 0 0 0 0
99 16 0 0 0 0 0 4 0 0
fl=./elf/./dl-main.h
fn=dl_main
109 5 1 1 4 0 0 1 0 0
fl=./elf/./dl-map-segments.h
fn=_dl_map_object_from_fd
28 15 0 0 10 0 0 0 0 0
29 45 1 1 20 0 0 10 1 1
96 10 0 0 5 0 0 0 0 0
102 5 0 0 0 0 0 5 0 0
103 15 0 0 5 0 0 0 0 0
106 15 1 1 5 0 0 5 0 0
107 10 0 0 0 0 0 5 0 0
109 10 0 0 5 0 0 0 0 0
116 16 0 0 6 0 0 2 0 0
119 14 0 0 2 0 0 2 0 0
126 5 1 1 5 0 0 0 0 0
128 5 0 0 0 0 0 0 0 0
136 100 0 0 0 0 0 0 0 0
138 60 0 0 30 0 0 0 0 0
140 165 1 1 60 0 0 30 0 0
141 15 0 0 15 0 0 0 0 0
150 80 0 0 40 0 0 0 0 0
156 5 0 0 5 0 0 0 0 0
157 5 0 0 5 0 0 0 0 0
158 25 0 0 5 0 0 0 0 0
159 10 0 0 0 0 0 0 0 0
166 10 1 1 0 0 0 0 0 0
169 10 0 0 0 0 0 0 0 0
177 35 0 0 0 0 0 15 0 0
178 10 0 0 10 0 0 0 0 0
183 10 0 0 0 0 0 0 0 0
187 16 1 1 0 0 0 2 0 0
190 4 0 0 0 0 0 0 0 0
195 20 1 1 0 0 0 0 0 0
fl=./elf/./dl-sym-post.h
fn=lookup_malloc_symbol
41 8 0 0 0 0 0 0 0 0
53 12 0 0 4 1 0 0 0 0
fl=./elf/./dl-tunable-types.h
fn=__GI___tunable_set_val
90 10 0 0 0 0 0 0 0 0
fl=./elf/./elf/dl-audit.c
fn=_dl_audit_activity_map
28 6 1 1 0 0 0 4 0 0
29 1 0 0 1 0 0 0 0 0
30 3 1 1 1 0 0 0 0 0
36 6 1 1 5 0 0 0 0 0
fn=_dl_audit_activity_nsid
40 18 2 1 0 0 0 12 0 0
44 12 0 0 3 0 0 0 0 0
45 3 0 0 3 1 0 0 0 0
46 12 2 1 0 0 0 0 0 0
50 18 0 0 15 0 0 0 0 0
fn=_dl_audit_objclose
96 7 1 1 0 0 0 0 0 0
97 28 0 0 14 0 0 0 0 0
fn=_dl_audit_objopen
76 5 1 1 0 0 0 0 0 0
77 20 0 0 10 0 0 0 0 0
fn=_dl_audit_preinit
117 1 1 1 0 0 0 0 0 0
118 4 0 0 2 1 0 0 0 0
fl=./elf/./elf/dl-cache.c
fn=_dl_cache_libcmp
370 120 1 1 0 0 0 0 0 0
371 484 1 1 40 0 0 0 0 0
373 651 0 0 0 0 0 0 0 0
375 227 1 1 0 0 0 0 0 0
381 15 0 0 0 0 0 0 0 0
382 15 0 0 0 0 0 0 0 0
383 197 0 0 182 0 0 0 0 0
385 197 0 0 182 3 3 0 0 0
387 10 0 0 0 0 0 0 0 0
393 424 0 0 0 0 0 0 0 0
395 424 0 0 0 0 0 0 0 0
396 105 1 1 35 0 0 0 0 0
399 177 0 0 0 0 0 0 0 0
400 177 0 0 0 0 0 0 0 0
403 55 0 0 45 32 32 0 0 0
fn=_dl_load_cache_lookup
194 70 0 0 0 0 0 0 0 0
208 4 0 0 4 0 0 0 0 0
212 32 2 2 4 0 0 12 0 0
218 48 1 1 16 0 0 16 0 0
219 8 0 0 0 0 0 0 0 0
221 20 0 0 0 0 0 0 0 0
228 86 1 1 18 0 0 8 0 0
230 125 0 0 39 0 0 0 0 0
231 70 0 0 35 28 28 0 0 0
235 70 0 0 35 0 0 0 0 0
239 105 1 1 0 0 0 35 0 0
240 70 0 0 0 0 0 0 0 0
248 18 1 1 0 0 0 0 0 0
250 10 0 0 5 0 0 0 0 0
253 10 0 0 0 0 0 0 0 0
255 30 0 0 0 0 0 5 0 0
257 5 0 0 0 0 0 0 0 0
267 8 0 0 0 0 0 0 0 0
277 8 1 1 4 0 0 0 0 0
278 12 0 0 4 0 0 0 0 0
294 8 0 0 0 0 0 0 0 0
303 8 0 0 4 0 0 0 0 0
306 8 0 0 4 0 0 0 0 0
308 12 0 0 4 0 0 0 0 0
309 8 0 0 4 0 0 0 0 0
314 24 1 1 4 0 0 4 0 0
315 16 0 0 4 0 0 0 0 0
322 8 0 0 0 0 0 0 0 0
343 16 0 0 4 0 0 4 0 0
359 31 0 0 0 0 0 0 0 0
360 18 0 0 0 0 0 0 0 0
362 26 0 0 0 0 0 13 0 0
416 40 1 1 0 0 0 24 0 0
418 8 0 0 4 0 0 0 0 0
421 12 1 1 4 0 0 0 0 0
424 5 1 1 0 0 0 1 0 0
432 5 1 1 1 0 0 0 0 0
433 8 0 0 3 1 1 0 0 0
436 7 1 1 0 0 0 0 0 0
437 1 0 0 1 0 0 0 0 0
444 1 1 1 0 0 0 1 0 0
445 2 0 0 0 0 0 1 0 0
490 9 0 0 3 0 0 0 0 0
495 12 0 0 4 0 0 0 0 0
498 12 0 0 4 0 0 4 1 1
513 8 0 0 4 0 0 0 0 0
525 72 2 2 8 0 0 4 0 0
526 16 0 0 4 0 0 4 0 0
527 4 0 0 0 0 0 4 0 0
528 32 0 0 28 0 0 0 0 0
fn=_dl_unload_cache
537 2 1 1 0 0 0 0 0 0
538 4 0 0 1 1 0 0 0 0
540 2 0 0 1 1 0 1 0 0
541 1 1 1 0 0 0 1 0 0
545 1 0 0 0 0 0 1 0 0
547 2 0 0 1 0 0 0 0 0
fl=./elf/./elf/dl-call-libc-early-init.c
fn=_dl_call_libc_early_init
27 4 1 1 0 0 0 2 0 0
29 2 0 0 0 0 0 0 0 0
33 7 1 1 0 0 0 1 0 0
37 2 0 0 0 0 0 0 0 0
39 4 0 0 3 0 0 0 0 0
40 2 0 0 0 0 0 0 0 0
41 3 0 0 2 0 0 0 0 0
fl=./elf/./elf/dl-debug.c
fn=_dl_debug_initialize
56 1 1 1 0 0 0 0 0 0
57 1 0 0 0 0 0 0 0 0
59 2 0 0 0 0 0 0 0 0
61 1 0 0 0 0 0 0 0 0
63 3 0 0 1 1 1 0 0 0
64 2 1 1 0 0 0 1 0 0
85 2 1 1 1 0 0 0 0 0
90 3 0 0 1 0 0 1 0 0
91 2 0 0 0 0 0 1 0 0
92 1 0 0 0 0 0 1 0 0
95 2 0 0 1 0 0 0 0 0
96 6 1 1 1 0 0 1 0 0
99 2 0 0 0 0 0 0 0 0
107 2 1 1 1 0 0 0 0 0
fn=_dl_debug_state
116 2 1 1 0 0 0 0 0 0
117 2 0 0 2 0 0 0 0 0
fn=_dl_debug_update
38 6 1 0 0 0 0 0 0 0
40 12 0 0 0 0 0 0 0 0
41 6 0 0 0 0 0 0 0 0
44 12 0 0 6 1 0 0 0 0
48 6 0 0 6 0 0 0 0 0
fl=./elf/./elf/dl-deps.c
fn=_dl_map_object_deps
144 6 1 1 0 0 0 3 1 1
145 8 0 0 0 0 0 2 0 0
146 5 1 1 0 0 0 0 0 0
148 3 0 0 0 0 0 1 0 0
152 8 0 0 2 0 0 2 0 0
159 15 2 2 0 0 0 7 1 1
160 22 2 2 1 1 1 2 0 0
176 7 0 0 0 0 0 0 0 0
177 1 0 0 1 0 0 0 0 0
180 1 0 0 0 0 0 1 0 0
198 2 0 0 1 0 0 1 0 0
199 3 0 0 1 0 0 1 0 0
200 2 1 1 0 0 0 2 0 0
202 1 0 0 0 0 0 0 0 0
204 19 1 1 13 0 0 0 0 0
206 7 0 0 0 0 0 0 0 0
209 7 0 0 0 0 0 7 0 0
213 28 0 0 7 2 0 7 1 1
214 46 2 2 20 2 1 0 0 0
217 15 0 0 0 0 0 0 0 0
221 15 1 1 5 0 0 5 0 0
224 22 1 1 11 3 0 0 0 0
226 25 2 2 15 0 0 5 0 0
231 10 0 0 5 0 0 5 0 0
232 5 0 0 0 0 0 5 0 0
233 10 1 1 5 0 0 5 0 0
237 574 0 0 151 11 0 5 0 0
238 277 0 0 0 0 0 0 0 0
244 108 2 2 24 0 0 12 0 0
246 12 0 0 0 0 0 12 0 0
248 48 1 1 0 0 0 12 0 0
249 24 1 1 12 0 0 0 0 0
258 12 0 0 12 0 0 0 0 0
260 24 0 0 12 0 0 0 0 0
265 35 1 1 5 0 0 0 0 0
268 5 0 0 0 0 0 5 0 0
269 5 0 0 0 0 0 5 0 0
270 5 0 0 0 0 0 5 0 0
271 10 0 0 5 0 0 5 0 0
273 5 0 0 5 0 0 0 0 0
275 25 1 1 5 0 0 10 0 0
279 36 0 0 12 0 0 0 0 0
280 24 0 0 0 0 0 8 0 0
282 372 1 1 0 0 0 0 0 0
298 1 0 0 0 0 0 1 0 0
380 12 1 1 0 0 0 6 0 0
433 21 0 0 7 0 0 0 0 0
435 15 0 0 0 0 0 5 1 1
438 10 1 1 0 0 0 0 0 0
439 10 0 0 0 0 0 0 0 0
445 5 0 0 0 0 0 5 1 1
446 25 0 0 5 0 0 5 0 0
447 25 0 0 0 0 0 5 0 0
450 5 0 0 0 0 0 5 0 0
451 5 0 0 5 0 0 0 0 0
455 28 1 1 14 0 0 0 0 0
457 7 0 0 7 0 0 0 0 0
458 32 0 0 6 0 0 0 0 0
464 6 1 1 2 0 0 0 0 0
465 1 0 0 0 0 0 1 0 0
468 4 0 0 1 0 0 1 0 0
479 3 1 1 1 0 0 0 0 0
481 2 0 0 0 0 0 0 0 0
486 5 0 0 2 0 0 1 0 0
487 1 0 0 0 0 0 1 0 0
488 9 0 0 1 0 0 0 0 0
490 27 1 1 7 0 0 1 0 0
494 7 0 0 7 0 0 0 0 0
499 14 1 1 0 0 0 0 0 0
501 15 0 0 0 0 0 7 1 1
506 7 0 0 7 0 0 0 0 0
509 2 0 0 1 0 0 0 0 0
560 2 1 1 0 0 0 0 0 0
561 3 1 1 1 0 0 0 0 0
598 3 1 1 1 0 0 0 0 0
599 2 0 0 0 0 0 0 0 0
602 1 0 0 1 0 0 0 0 0
613 5 0 0 0 0 0 1 0 0
618 8 1 1 1 0 0 1 0 0
619 4 1 1 2 0 0 0 0 0
623 1 0 0 0 0 0 1 0 0
625 1 0 0 0 0 0 1 0 0
626 1 0 0 1 0 0 0 0 0
627 2 0 0 0 0 0 0 0 0
634 3 0 0 1 0 0 0 0 0
637 3 0 0 1 0 0 0 0 0
640 8 0 0 7 0 0 0 0 0
fn=openaux
61 36 0 0 0 0 0 12 0 0
64 132 1 1 48 0 0 24 1 0
65 12 0 0 12 0 0 0 0 0
68 12 0 0 12 0 0 0 0 0
69 24 0 0 24 0 0 0 0 0
fl=./elf/./elf/dl-environ.c
fn=_dl_next_ld_env_entry
28 3 1 1 0 0 0 0 0 0
29 3 0 0 3 0 0 0 0 0
32 52 0 0 17 0 0 0 0 0
34 32 0 0 16 0 0 0 0 0
35 12 1 1 6 0 0 0 0 0
37 2 0 0 0 0 0 0 0 0
40 4 0 0 0 0 0 2 0 0
42 2 0 0 2 0 0 0 0 0
45 14 0 0 0 0 0 0 0 0
49 1 0 0 1 0 0 0 0 0
fl=./elf/./elf/dl-error-skeleton.c
fn=_dl_catch_error
225 10 1 1 0 0 0 3 0 0
227 2 0 0 0 0 0 1 0 0
228 2 0 0 1 0 0 1 0 0
229 2 0 0 1 0 0 1 0 0
230 2 1 1 1 0 0 1 0 0
232 5 0 0 4 0 0 0 0 0
fn=_dl_catch_exception
175 78 2 2 0 0 0 52 2 2
178 26 0 0 0 0 0 0 0 0
180 26 0 0 13 0 0 13 0 0
199 13 0 0 0 0 0 13 0 0
200 26 0 0 0 0 0 13 0 0
203 26 0 0 0 0 0 13 0 0
206 91 0 0 0 0 0 13 1 1
208 39 1 1 26 0 0 13 0 0
209 26 0 0 13 0 0 13 0 0
210 52 0 0 13 0 0 26 0 0
219 52 0 0 26 0 0 0 0 0
fn=_dl_receive_error
238 6 0 0 0 0 0 2 0 0
239 1 0 0 1 0 0 0 0 0
240 1 0 0 1 0 0 0 0 0
243 1 1 1 0 0 0 1 0 0
244 1 0 0 0 0 0 1 0 0
246 1 0 0 0 0 0 1 0 0
248 1 0 0 0 0 0 1 0 0
249 1 0 0 0 0 0 1 0 0
250 4 0 0 3 0 0 0 0 0
fl=./elf/./elf/dl-find_object.c
fn=_dl_find_object_init
561 4 1 1 0 0 0 2 0 0
564 1 1 1 1 1 0 0 0 0
566 2 0 0 1 0 0 0 0 0
567 3 1 1 0 0 0 1 0 0
579 2 0 0 0 0 0 1 0 0
580 3 0 0 1 0 0 1 0 0
582 2 1 1 0 0 0 0 0 0
585 2 1 1 0 0 0 0 0 0
590 1 0 0 0 0 0 1 0 0
591 1 0 0 0 0 0 1 0 0
594 3 0 0 1 0 0 0 0 0
596 2 1 1 0 0 0 1 0 0
599 6 0 0 3 0 0 1 0 0
601 1 0 0 0 0 0 0 0 0
604 4 0 0 3 0 0 0 0 0
fn=_dlfo_process_initial
474 4 0 0 0 0 0 2 0 0
475 2 0 0 2 0 0 0 0 0
477 2 0 0 0 0 0 0 0 0
478 4 0 0 2 0 0 0 0 0
504 24 2 2 4 1 0 0 0 0
505 34 0 0 2 0 0 0 0 0
506 14 0 0 14 1 0 0 0 0
508 52 1 1 12 0 0 0 0 0
511 48 0 0 12 0 0 0 0 0
513 36 1 1 12 1 0 0 0 0
515 12 0 0 0 0 0 6 0 0
516 12 0 0 0 0 0 0 0 0
517 24 0 0 0 0 0 0 0 0
529 2 0 0 0 0 0 2 0 0
531 8 0 0 4 0 0 0 0 0
fn=_dlfo_sort_mappings
536 1 1 1 0 0 0 0 0 0
537 2 0 0 0 0 0 0 0 0
540 24 0 0 5 0 0 0 0 0
544 10 0 0 5 0 0 0 0 0
545 70 0 0 0 0 0 0 0 0
546 85 1 1 15 0 0 0 0 0
553 20 0 0 10 0 0 0 0 0
554 25 0 0 10 0 0 10 0 0
555 10 0 0 0 0 0 10 0 0
557 1 0 0 1 0 0 0 0 0
fl=./elf/./elf/dl-fini.c
fn=_dl_fini
31 9 1 1 0 0 0 6 0 0
48 7 1 1 0 0 0 1 0 0
51 7 0 0 1 1 0 0 0 0
54 2 0 0 1 1 0 1 0 0
56 1 0 0 1 1 0 0 0 0
59 2 0 0 0 0 0 0 0 0
61 6 1 1 3 0 0 0 0 0
66 1 0 0 0 0 0 1 0 0
68 3 0 0 0 0 0 1 0 0
73 17 2 2 1 0 0 0 0 0
78 25 1 1 8 1 0 0 0 0
80 14 0 0 7 0 0 0 0 0
82 14 0 0 0 0 0 0 0 0
84 14 0 0 0 0 0 7 0 0
85 7 0 0 0 0 0 7 5 0
86 7 0 0 0 0 0 0 0 0
90 7 0 0 7 0 0 0 0 0
92 6 1 1 0 0 0 0 0 0
93 6 0 0 0 0 0 0 0 0
99 5 0 0 0 0 0 2 0 0
108 2 1 1 1 1 0 1 0 0
113 27 0 0 8 0 0 1 0 0
115 7 0 0 7 0 0 0 0 0
117 21 0 0 7 0 0 0 0 0
120 14 0 0 0 0 0 7 0 0
123 21 1 1 7 5 0 0 0 0
124 9 0 0 3 3 0 0 0 0
127 10 0 0 5 0 0 0 0 0
138 16 0 0 8 4 0 4 0 0
139 4 0 0 4 2 0 0 0 0
140 8 0 0 4 0 0 0 0 0
141 40 1 1 8 0 0 0 0 0
142 8 0 0 4 4 0 8 0 0
146 12 0 0 4 3 0 0 0 0
147 15 0 0 10 3 0 5 0 0
153 14 0 0 0 0 0 7 0 0
158 7 1 1 7 0 0 0 0 0
162 5 0 0 1 0 0 1 0 0
168 6 1 1 2 0 0 0 0 0
174 2 0 0 1 0 0 0 0 0
181 8 0 0 7 0 0 0 0 0
fl=./elf/./elf/dl-hwcaps.c
fn=_dl_important_hwcaps
55 16 2 2 0 0 0 4 0 0
57 2 0 0 0 0 0 0 0 0
58 6 0 0 2 0 0 0 0 0
59 2 0 0 0 0 0 0 0 0
80 16 2 2 0 0 0 4 0 0
82 2 0 0 0 0 0 2 1 1
83 16 0 0 4 0 0 8 1 1
87 2 0 0 0 0 0 2 0 0
89 6 0 0 2 0 0 2 0 0
90 2 0 0 0 0 0 0 0 0
91 2 0 0 0 0 0 0 0 0
103 6 0 0 0 0 0 4 0 0
105 2 1 1 0 0 0 0 0 0
108 3 0 0 2 0 0 1 0 0
111 1 0 0 0 0 0 0 0 0
115 4 1 1 0 0 0 1 0 0
128 12 1 1 0 0 0 3 0 0
130 12 1 1 5 0 0 3 0 0
131 8 0 0 2 0 0 2 0 0
132 2 0 0 0 0 0 0 0 0
133 2 0 0 0 0 0 0 0 0
136 2 0 0 1 0 0 0 0 0
145 15 1 1 6 0 0 2 0 0
146 4 0 0 0 0 0 0 0 0
154 2 0 0 2 0 0 0 0 0
158 7 1 1 2 0 0 1 0 0
159 2 0 0 0 0 0 0 0 0
160 3 0 0 0 0 0 0 0 0
164 1 0 0 1 0 0 0 0 0
165 3 0 0 1 0 0 1 0 0
166 2 0 0 0 0 0 2 0 0
175 14 2 2 0 0 0 10 1 1
176 7 0 0 1 0 0 2 2 2
178 2 0 0 1 0 0 1 0 0
179 4 0 0 1 0 0 1 0 0
204 2 0 0 0 0 0 2 0 0
205 3 1 1 0 0 0 0 0 0
215 3 0 0 1 0 0 1 0 0
216 6 1 1 2 0 0 1 0 0
220 19 0 0 3 0 0 0 0 0
221 6 0 0 0 0 0 0 0 0
222 4 0 0 0 0 0 0 0 0
225 3 0 0 0 0 0 1 0 0
228 21 3 3 1 0 0 3 0 0
230 9 1 1 2 0 0 0 0 0
231 4 1 1 2 0 0 2 1 1
233 6 0 0 0 0 0 3 1 1
234 2 0 0 0 0 0 2 0 0
235 6 0 0 0 0 0 0 0 0
236 2 0 0 1 0 0 0 0 0
238 3 0 0 1 0 0 0 0 0
240 4 0 0 0 0 0 1 0 0
241 2 1 1 1 0 0 1 0 0
242 1 0 0 0 0 0 0 0 0
245 5 0 0 1 0 0 1 0 0
246 1 0 0 0 0 0 1 0 0
249 2 0 0 1 0 0 0 0 0
252 3 0 0 1 0 0 0 0 0
253 5 1 1 3 0 0 1 0 0
256 8 0 0 6 0 0 1 0 0
257 3 0 0 1 0 0 0 0 0
259 2 1 1 0 0 0 0 0 0
260 8 2 2 1 0 0 0 0 0
261 4 1 1 2 0 0 0 0 0
262 4 1 1 1 0 0 1 0 0
272 4 0 0 1 0 0 0 0 0
276 10 1 1 3 0 0 3 1 1
282 2 0 0 0 0 0 0 0 0
283 2 0 0 0 0 0 0 0 0
291 3 0 0 1 0 0 0 0 0
304 2 0 0 1 0 0 0 0 0
306 1 0 0 0 0 0 1 0 0
315 2 0 0 1 0 0 1 0 0
328 1 1 1 0 0 0 1 0 0
331 2 0 0 1 0 0 0 0 0
338 1 0 0 1 0 0 0 0 0
341 2 0 0 0 0 0 0 0 0
344 14 1 1 7 0 0 5 0 0
347 17 0 0 4 0 0 2 0 0
348 17 2 2 1 0 0 1 0 0
349 5 0 0 2 0 0 2 0 0
352 12 0 0 4 0 0 4 0 0
354 5 1 1 1 0 0 0 0 0
359 34 1 1 3 0 0 0 0 0
360 8 0 0 0 0 0 8 1 1
364 23 0 0 1 0 0 0 0 0
367 48 0 0 0 0 0 0 0 0
368 72 0 0 0 0 0 0 0 0
369 48 1 1 24 0 0 12 0 0
371 9 0 0 0 0 0 0 0 0
374 3 0 0 1 0 0 0 0 0
375 2 1 1 0 0 0 0 0 0
376 15 0 0 2 0 0 1 0 0
378 6 0 0 0 0 0 0 0 0
379 2 0 0 2 0 0 0 0 0
381 1 1 1 1 0 0 0 0 0
382 7 1 1 0 0 0 2 0 0
389 22 0 0 6 0 0 5 0 0
390 4 0 0 0 0 0 0 0 0
392 8 0 0 0 0 0 0 0 0
395 4 0 0 2 0 0 0 0 0
401 9 0 0 8 0 0 0 0 0
fl=./elf/./elf/dl-hwcaps_split.c
fn=_dl_hwcaps_contains
66 6 1 1 0 0 0 0 0 0
67 12 0 0 0 0 0 0 0 0
68 6 0 0 0 0 0 0 0 0
77 6 0 0 6 0 0 0 0 0
fn=_dl_hwcaps_split
25 4 1 1 0 0 0 2 0 0
26 3 0 0 1 0 0 0 0 0
27 1 0 0 0 0 0 0 0 0
47 4 1 1 3 0 0 0 0 0
fn=_dl_hwcaps_split_masked
26 42 0 0 14 0 0 0 0 0
30 24 0 0 12 0 0 12 0 0
34 72 1 1 18 1 1 0 0 0
35 12 0 0 0 0 0 6 0 0
36 24 0 0 0 0 0 0 0 0
41 27 0 0 0 0 0 9 0 0
42 18 0 0 0 0 0 0 0 0
43 9 0 0 0 0 0 3 0 0
45 6 0 0 0 0 0 0 0 0
51 55 1 1 0 0 0 22 0 0
55 5 1 1 0 0 0 0 0 0
56 18 0 0 9 0 0 9 0 0
57 27 0 0 0 0 0 9 0 0
58 54 0 0 6 0 0 6 0 0
62 44 0 0 33 0 0 0 0 0
fl=./elf/./elf/dl-init.c
fn=_dl_init
31 48 2 2 16 0 0 0 0 0
33 44 0 0 8 0 0 7 1 0
77 12 1 1 0 0 0 6 0 0
78 1 0 0 1 1 0 0 0 0
79 1 0 0 1 0 0 0 0 0
82 3 1 1 1 0 0 0 0 0
85 2 1 1 0 0 0 1 0 0
90 2 0 0 0 0 0 0 0 0
115 1 0 0 1 0 0 0 0 0
116 26 0 0 0 0 0 0 0 0
117 14 0 0 14 2 0 0 0 0
123 8 1 1 7 0 0 0 0 0
fn=call_init.part.0
26 63 1 1 0 0 0 35 0 0
39 21 1 1 7 0 0 7 0 0
42 21 0 0 14 6 0 0 0 0
43 2 0 0 0 0 0 0 0 0
47 12 0 0 6 0 0 0 0 0
55 18 0 0 6 5 0 0 0 0
56 24 0 0 8 4 0 4 0 0
59 6 1 1 6 5 0 0 0 0
60 12 0 0 0 0 0 0 0 0
66 12 0 0 8 3 0 0 0 0
68 8 0 0 8 0 0 0 0 0
69 100 0 0 0 0 0 0 0 0
70 80 0 0 20 5 0 20 0 0
72 42 1 1 42 0 0 0 0 0
fl=./elf/./elf/dl-load.c
fn=_dl_dst_count
238 72 1 1 0 0 0 60 1 1
241 24 0 0 0 0 0 12 0 0
244 24 0 0 0 0 0 0 0 0
245 12 1 1 0 0 0 0 0 0
264 84 0 0 72 0 0 0 0 0
fn=_dl_init_paths
706 13 1 1 0 0 0 8 0 0
720 4 1 1 0 0 0 2 1 1
725 1 0 0 0 0 0 1 0 0
727 2 0 0 0 0 0 0 0 0
734 5 0 0 0 0 0 0 0 0
735 2 1 1 1 0 0 0 0 0
739 4 0 0 0 0 0 1 1 1
741 4 0 0 2 0 0 0 0 0
747 1 0 0 0 0 0 1 0 0
748 1 1 1 0 0 0 1 0 0
756 8 0 0 0 0 0 4 0 0
758 8 0 0 0 0 0 4 1 1
759 4 0 0 0 0 0 4 1 1
761 5 0 0 0 0 0 4 0 0
762 7 0 0 3 1 1 4 1 1
763 7 1 1 0 0 0 0 0 0
766 9 0 0 3 1 1 0 0 0
767 10 0 0 5 0 0 1 0 0
768 18 0 0 0 0 0 4 0 0
770 26 3 3 6 0 0 6 0 0
776 1 0 0 0 0 0 1 0 0
777 1 0 0 0 0 0 1 0 0
782 1 0 0 1 0 0 0 0 0
785 3 0 0 0 0 0 0 0 0
787 4 0 0 1 0 0 0 0 0
789 3 1 1 1 0 0 0 0 0
806 1 0 0 0 0 0 1 0 0
808 3 2 2 1 0 0 0 0 0
822 2 1 1 0 0 0 1 0 0
825 5 1 1 2 0 0 0 0 0
827 23 1 1 2 0 0 2 0 0
831 2 0 0 0 0 0 0 0 0
832 60 1 1 15 0 0 0 0 0
833 14 0 0 0 0 0 0 0 0
834 28 0 0 0 0 0 0 0 0
836 1 0 0 0 0 0 1 0 0
837 1 0 0 0 0 0 0 0 0
838 2 1 1 0 0 0 0 0 0
844 6 0 0 1 0 0 1 0 0
847 3 0 0 2 0 0 0 0 0
853 1 0 0 0 0 0 1 0 0
857 8 0 0 7 0 0 0 0 0
fn=_dl_map_object
682 36 1 1 12 0 0 0 0 0
696 20 0 0 4 0 0 8 0 0
2022 130 1 1 0 0 0 104 5 5
2024 5 0 0 0 0 0 5 0 0
2030 26 0 0 0 0 0 0 0 0
2031 52 1 1 13 1 1 0 0 0
2034 254 0 0 63 0 0 0 0 0
2039 406 1 1 116 0 0 0 0 0
2041 290 0 0 0 0 0 58 0 0
2045 100 0 0 50 0 0 0 0 0
2046 150 0 0 50 0 0 0 0 0
2049 140 0 0 84 0 0 0 0 0
2050 84 1 1 28 0 0 0 0 0
2051 112 0 0 0 0 0 28 0 0
2068 35 2 2 10 0 0 5 0 0
2069 15 0 0 0 0 0 5 0 0
2077 15 0 0 5 0 0 0 0 0
2092 5 0 0 0 0 0 5 2 2
2094 25 0 0 0 0 0 5 0 0
2098 16 1 1 0 0 0 8 0 0
2100 8 0 0 4 0 0 0 0 0
2107 16 0 0 4 0 0 0 0 0
2111 8 1 1 4 0 0 4 0 0
2112 4 1 1 0 0 0 0 0 0
2116 12 0 0 4 0 0 0 0 0
2117 4 0 0 0 0 0 0 0 0
2131 20 1 1 8 0 0 0 0 0
2132 40 1 1 8 0 0 4 0 0
2133 4 0 0 0 0 0 0 0 0
2142 8 1 1 0 0 0 0 0 0
2157 12 1 1 4 0 0 0 0 0
2158 56 1 1 4 0 0 16 0 0
2164 20 1 1 4 0 0 0 0 0
2165 4 0 0 0 0 0 0 0 0
2173 4 1 1 0 0 0 4 0 0
2187 8 0 0 0 0 0 0 0 0
2189 12 0 0 4 0 0 0 0 0
2193 12 1 1 0 0 0 4 0 0
2195 8 0 0 0 0 0 0 0 0
2199 8 0 0 0 0 0 0 0 0
2207 12 0 0 4 0 0 0 0 0
2230 28 1 1 0 0 0 8 0 0
2234 12 0 0 4 0 0 0 0 0
2235 8 0 0 0 0 0 4 0 0
2252 8 1 1 4 0 0 0 0 0
2258 1 0 0 0 0 0 1 0 0
2259 4 1 1 0 0 0 1 0 0
2260 2 0 0 0 0 0 0 0 0
2261 3 0 0 0 0 0 0 0 0
2265 6 0 0 0 0 0 2 0 0
2268 3 1 1 1 0 0 0 0 0
2280 20 0 0 5 0 0 0 0 0
2282 16 1 1 0 0 0 0 0 0
2326 10 0 0 5 0 0 5 0 0
2327 75 1 1 15 0 0 25 0 0
2329 117 0 0 91 0 0 0 0 0
fn=_dl_map_object_from_fd
944 70 1 1 0 0 0 55 2 2
954 15 0 0 5 0 0 10 1 1
961 20 0 0 5 0 0 5 1 1
999 95 0 0 30 0 0 0 0 0
1000 40 0 0 20 0 0 0 0 0
1018 10 1 1 5 0 0 0 0 0
1046 20 1 1 5 0 0 5 0 0
1056 10 0 0 5 0 0 0 0 0
1063 40 1 1 25 0 0 5 0 0
1064 10 0 0 0 0 0 0 0 0
1075 15 0 0 10 0 0 5 3 3
1076 20 0 0 10 0 0 10 0 0
1077 10 1 1 5 0 0 5 0 0
1079 15 0 0 0 0 0 0 0 0
1080 20 0 0 10 0 0 0 0 0
1081 8 0 0 0 0 0 4 0 0
1084 17 3 3 1 0 0 1 0 0
1085 6 0 0 1 0 0 1 1 1
1096 10 0 0 0 0 0 5 0 0
1098 5 0 0 0 0 0 5 0 0
1100 110 2 2 10 0 0 5 0 0
1101 5 0 0 0 0 0 0 0 0
1102 5 0 0 0 0 0 5 0 0
1103 5 1 1 0 0 0 5 0 0
1104 5 0 0 0 0 0 0 0 0
1110 202 1 1 5 0 0 0 0 0
1111 504 2 2 59 1 1 0 0 0
1117 10 1 1 5 0 0 0 0 0
1124 12 0 0 7 0 0 5 0 0
1125 15 0 0 5 0 0 5 0 0
1126 50 1 1 10 0 0 5 0 0
1131 2 0 0 1 0 0 1 0 0
1132 1 0 0 0 0 0 0 0 0
1137 135 0 0 45 0 0 5 0 0
1145 40 0 0 0 0 0 0 0 0
1146 150 0 0 0 0 0 25 5 5
1147 60 1 1 20 0 0 0 0 0
1148 60 0 0 0 0 0 20 0 0
1149 40 1 1 20 0 0 20 2 2
1151 140 0 0 20 0 0 0 0 0
1153 40 0 0 20 0 0 20 0 0
1157 40 0 0 0 0 0 0 0 0
1158 75 0 0 30 0 0 15 0 0
1162 40 1 1 0 0 0 0 0 0
1163 160 0 0 20 0 0 20 2 2
1173 20 0 0 0 0 0 0 0 0
1176 6 0 0 2 0 0 0 0 0
1180 8 0 0 0 0 0 2 2 2
1181 2 0 0 2 0 0 0 0 0
1185 10 1 1 0 0 0 2 0 0
1186 4 0 0 2 0 0 2 0 0
1189 2 0 0 0 0 0 2 1 1
1194 8 0 0 2 0 0 0 0 0
1195 10 0 0 5 0 0 5 0 0
1201 25 1 1 5 0 0 5 0 0
1209 10 1 1 5 0 0 5 0 0
1210 5 0 0 0 0 0 0 0 0
1213 20 0 0 10 0 0 5 2 2
1218 15 0 0 0 0 0 0 0 0
1228 90 0 0 0 0 0 0 0 0
1229 40 0 0 0 0 0 20 0 0
1235 10 1 1 0 0 0 0 0 0
1245 20 0 0 10 0 0 0 0 0
1252 35 1 1 15 0 0 5 0 0
1268 20 2 2 10 0 0 0 0 0
1269 15 0 0 5 0 0 5 0 0
1275 18 2 2 4 0 0 0 0 0
1276 10 0 0 0 0 0 0 0 0
1278 10 1 1 0 0 0 0 0 0
1288 15 0 0 5 0 0 0 0 0
1307 15 0 0 5 0 0 5 0 0
1309 25 1 1 10 0 0 0 0 0
1361 15 0 0 5 3 3 0 0 0
1362 4 0 0 2 0 0 2 0 0
1368 183 1 1 74 0 0 15 0 0
1369 275 0 0 59 49 49 0 0 0
1375 79 1 1 5 0 0 5 0 0
1380 20 1 1 5 0 0 5 0 0
1393 10 0 0 5 0 0 0 0 0
1395 20 0 0 10 0 0 5 0 0
1397 10 1 1 5 0 0 0 0 0
1413 10 0 0 0 0 0 5 0 0
1417 10 0 0 5 0 0 0 0 0
1418 10 0 0 5 0 0 0 0 0
1435 10 0 0 5 0 0 0 0 0
1436 1 0 0 0 0 0 1 0 0
1439 10 1 1 5 0 0 5 0 0
1444 10 0 0 5 0 0 0 0 0
1454 10 0 0 5 0 0 0 0 0
1461 30 0 0 10 0 0 0 0 0
1462 15 1 1 5 0 0 0 0 0
1463 36 0 0 12 0 0 4 0 0
1464 12 0 0 4 0 0 0 0 0
1465 5 0 0 1 0 0 1 0 0
1471 10 1 1 5 0 0 0 0 0
1472 8 0 0 2 0 0 0 0 0
1477 4 0 0 0 0 0 2 0 0
1484 15 0 0 5 0 0 5 0 0
1487 20 0 0 10 0 0 0 0 0
1506 25 2 2 10 0 0 0 0 0
1510 35 1 1 15 0 0 0 0 0
1511 20 0 0 5 0 0 5 0 0
1515 45 1 1 35 0 0 0 0 0
fn=_dl_process_pt_gnu_property
868 12 1 1 0 0 0 0 0 0
869 12 1 1 12 0 0 0 0 0
870 6 0 0 6 0 0 0 0 0
876 12 0 0 6 0 0 0 0 0
882 30 0 0 0 0 0 0 0 0
885 18 0 0 6 5 5 0 0 0
886 12 0 0 6 1 1 0 0 0
887 12 1 1 6 0 0 0 0 0
930 6 0 0 6 0 0 0 0 0
fn=expand_dynamic_string_token
241 6 1 1 0 0 0 2 0 0
244 4 0 0 0 0 0 0 0 0
385 18 1 1 0 0 0 12 0 0
399 4 0 0 0 0 0 0 0 0
410 14 0 0 12 0 0 0 0 0
fn=fillin_rpath.isra.0
468 15 2 2 0 0 0 11 0 0
472 1 0 0 0 0 0 0 0 0
474 12 0 0 2 0 0 2 0 0
481 2 0 0 1 0 0 0 0 0
483 4 0 0 1 0 0 1 0 0
487 2 0 0 0 0 0 0 0 0
492 3 1 1 0 0 0 1 0 0
493 2 0 0 0 0 0 0 0 0
500 5 0 0 1 0 0 0 0 0
505 4 1 1 0 0 0 2 0 0
509 15 1 1 5 0 0 0 0 0
510 8 0 0 4 0 0 0 0 0
528 6 2 2 1 0 0 1 0 0
532 3 1 1 2 0 0 0 0 0
534 2 0 0 0 0 0 0 0 0
538 1 0 0 0 0 0 1 0 0
539 2 0 0 1 0 0 0 0 0
540 4 0 0 0 0 0 2 0 0
541 1 0 0 0 0 0 1 0 0
543 2 1 1 1 0 0 0 0 0
549 4 0 0 1 0 0 0 0 0
550 28 2 2 1 0 0 0 0 0
551 9 0 0 0 0 0 4 0 0
553 2 0 0 1 0 0 1 0 0
554 3 0 0 1 0 0 0 0 0
555 1 0 0 0 0 0 1 0 0
561 2 0 0 1 0 0 1 0 0
562 2 0 0 0 0 0 1 0 0
565 2 1 1 0 0 0 1 0 0
571 1 0 0 0 0 0 1 0 0
574 8 0 0 7 0 0 0 0 0
fn=open_path
1870 56 2 2 4 0 0 44 3 3
1871 8 0 0 4 0 0 4 0 0
1874 4 0 0 0 0 0 4 0 0
1875 8 1 1 0 0 0 8 0 0
1877 8 0 0 0 0 0 0 0 0
1882 84 2 2 12 0 0 0 0 0
1885 8 0 0 8 0 0 0 0 0
1889 4 0 0 0 0 0 4 0 0
1894 24 1 1 4 0 0 4 0 0
1901 20 0 0 8 0 0 4 1 1
1902 225 2 2 17 0 0 0 0 0
1905 80 0 0 40 0 0 0 0 0
1910 156 1 1 65 0 0 26 0 0
1913 26 0 0 0 0 0 13 0 0
1919 39 0 0 13 0 0 0 0 0
1922 91 1 1 39 0 0 13 0 0
1924 39 0 0 13 0 0 0 0 0
1926 20 0 0 0 0 0 0 0 0
1931 20 1 1 0 0 0 0 0 0
1932 70 0 0 30 0 0 0 0 0
1938 30 1 1 20 0 0 10 0 0
1940 60 0 0 10 0 0 10 0 0
1941 2 0 0 1 1 1 0 0 0
1943 38 1 1 1 0 0 11 0 0
1950 12 0 0 3 0 0 0 0 0
1952 6 0 0 0 0 0 0 0 0
1960 20 0 0 0 0 0 4 0 0
1988 4 0 0 0 0 0 0 0 0
1991 32 2 2 8 0 0 0 0 0
1996 8 0 0 8 0 0 0 0 0
1998 16 0 0 12 0 0 0 0 0
2001 12 0 0 4 0 0 0 0 0
2015 36 0 0 28 0 0 0 0 0
fn=open_verify.constprop.0
1568 187 1 1 0 0 0 102 0 0
1607 51 0 0 17 0 0 0 0 0
1612 26 1 1 0 0 0 0 0 0
1626 85 0 0 0 0 0 17 1 1
1628 34 1 1 0 0 0 0 0 0
1633 4 0 0 0 0 0 0 0 0
1639 4 0 0 0 0 0 4 0 0
1640 4 0 0 0 0 0 4 0 0
1645 40 0 0 4 0 0 8 0 0
1647 8 1 1 0 0 0 0 0 0
1649 8 0 0 4 0 0 4 0 0
1651 8 0 0 0 0 0 0 0 0
1657 8 0 0 0 0 0 0 0 0
1674 65 3 3 23 0 0 0 0 0
1748 8 1 1 4 0 0 0 0 0
1753 8 0 0 4 0 0 0 0 0
1755 16 0 0 4 0 0 0 0 0
1761 8 0 0 4 1 1 0 0 0
1767 20 1 1 4 0 0 0 0 0
1768 16 0 0 4 0 0 0 0 0
1769 6 0 0 3 0 0 0 0 0
1772 16 3 3 1 0 0 0 0 0
1773 9 1 1 1 0 0 2 0 0
1789 243 0 0 1 0 0 0 0 0
1790 102 0 0 47 12 12 0 0 0
1791 32 1 1 8 0 0 0 0 0
1795 32 0 0 16 0 0 0 0 0
1796 18 0 0 6 0 0 0 0 0
1801 4 0 0 0 0 0 0 0 0
1802 32 1 1 2 0 0 0 0 0
1812 28 1 1 6 0 0 8 1 1
1820 72 2 2 20 1 1 0 0 0
1822 8 0 0 0 0 0 0 0 0
1823 72 2 2 24 0 0 0 0 0
1826 24 0 0 0 0 0 0 0 0
1831 2 0 0 0 0 0 0 0 0
1832 16 0 0 6 0 0 0 0 0
1835 4 0 0 0 0 0 0 0 0
1838 6 0 0 2 0 0 0 0 0
1839 10 0 0 2 0 0 0 0 0
1840 4 0 0 2 0 0 0 0 0
1841 6 0 0 2 0 0 0 0 0
1842 6 0 0 2 0 0 0 0 0
1856 153 1 1 119 0 0 0 0 0
fn=open_verify.constprop.1
1568 11 1 1 0 0 0 6 0 0
1607 3 1 1 1 0 0 0 0 0
1626 5 0 0 0 0 0 1 1 1
1628 2 0 0 0 0 0 0 0 0
1633 1 0 0 0 0 0 0 0 0
1639 1 0 0 0 0 0 1 0 0
1640 1 0 0 0 0 0 1 1 1
1645 10 1 1 1 0 0 2 0 0
1647 2 0 0 0 0 0 0 0 0
1649 2 0 0 1 0 0 1 0 0
1651 2 0 0 0 0 0 0 0 0
1657 2 0 0 0 0 0 0 0 0
1674 14 2 2 5 0 0 0 0 0
1748 2 0 0 1 0 0 0 0 0
1753 2 0 0 1 0 0 0 0 0
1755 4 1 1 1 0 0 0 0 0
1761 2 0 0 1 0 0 0 0 0
1767 5 0 0 1 1 1 0 0 0
1768 4 0 0 1 0 0 0 0 0
1769 2 0 0 1 0 0 0 0 0
1789 70 1 1 0 0 0 0 0 0
1790 28 1 1 13 7 7 0 0 0
1791 8 0 0 2 1 1 0 0 0
1795 8 0 0 4 0 0 0 0 0
1796 6 1 1 2 0 0 0 0 0
1820 15 1 1 4 2 2 0 0 0
1822 2 0 0 0 0 0 0 0 0
1823 18 1 1 6 0 0 0 0 0
1826 6 0 0 0 0 0 0 0 0
1832 4 1 1 2 0 0 0 0 0
1856 9 0 0 7 0 0 0 0 0
fl=./elf/./elf/dl-lookup-direct.c
fn=_dl_lookup_direct
32 15 1 1 9 0 0 0 0 0
33 9 0 0 0 0 0 0 0 0
35 6 0 0 3 3 3 0 0 0
36 6 0 0 3 0 0 0 0 0
48 12 0 0 3 0 0 6 0 0
51 6 1 1 6 0 0 0 0 0
53 18 0 0 3 0 0 3 0 0
57 9 0 0 9 2 1 0 0 0
58 21 1 1 9 0 0 0 0 0
59 15 0 0 6 0 0 3 0 0
74 36 2 2 0 0 0 24 0 0
76 6 0 0 3 0 0 0 0 0
78 21 0 0 9 3 0 0 0 0
79 6 1 1 0 0 0 0 0 0
81 12 0 0 3 0 0 3 0 0
84 25 0 0 5 4 3 0 0 0
86 9 0 0 3 0 0 0 0 0
93 6 1 1 0 0 0 0 0 0
115 3 0 0 0 0 0 0 0 0
116 27 0 0 21 0 0 0 0 0
fl=./elf/./elf/dl-lookup.c
fn=_dl_lookup_symbol_x
204 13560 0 0 4520 0 0 4520 3 0
580 4520 0 0 0 0 0 0 0 0
581 393996 0 0 98499 2052 1700 0 0 0
582 384956 2 1 0 0 0 0 0 0
583 2260 0 0 0 0 0 0 0 0
840 31640 6 2 0 0 0 22600 29 4
842 4520 0 0 0 0 0 2260 0 0
843 4520 0 0 0 0 0 2260 0 0
846 2260 0 0 2260 10 0 0 0 0
850 18026 2 1 6762 0 0 2260 11 2
852 13560 3 1 2260 0 0 2260 0 0
853 4520 0 0 2260 0 0 0 0 0
855 4520 0 0 4520 5 0 0 0 0
859 4595 0 0 15 0 0 0 0 0
860 38420 3 1 13560 0 0 15820 14 3
865 6780 0 0 2260 0 0 0 0 0
867 90 1 1 15 0 0 0 0 0
884 2260 3 1 0 0 0 2260 0 0
885 45 1 1 0 0 0 0 0 0
888 4520 0 0 2260 0 0 0 0 0
889 15699 0 0 2241 0 0 0 0 0
896 2245 3 1 2245 0 0 0 0 0
929 8980 0 0 2245 0 0 0 0 0
943 6735 0 0 2245 28 0 0 0 0
944 2 1 1 0 0 0 1 0 0
946 6735 0 0 2245 0 0 0 0 0
953 20340 0 0 15820 0 0 0 0 0
1008 4490 0 0 2245 0 0 0 0 0
fn=check_match
70 29315 3 1 4510 0 0 11275 3 1
73 15785 2 1 4510 347 234 0 0 0
78 2244 2 1 0 0 0 0 0 0
86 11250 0 0 0 0 0 0 0 0
89 5214 0 0 238 0 0 119 17 2
93 2250 0 0 2250 17 0 0 0 0
94 4500 0 0 0 0 0 0 0 0
96 4494 2 1 0 0 0 0 0 0
115 4494 0 0 4494 97 25 0 0 0
116 17976 0 0 6741 44 0 0 0 0
117 11210 4 2 4484 16 0 2242 5 0
118 10 0 0 5 0 0 0 0 0
119 10 0 0 0 0 0 0 0 0
144 6 0 0 0 0 0 0 0 0
146 18 0 0 6 3 1 0 0 0
147 12 0 0 0 0 0 0 0 0
150 2 0 0 0 0 0 0 0 0
151 7 0 0 3 0 0 1 0 0
153 3 0 0 1 0 0 1 0 0
155 16 0 0 0 0 0 0 0 0
162 13530 0 0 13530 0 0 0 0 0
fn=do_lookup_x
170 301 0 0 0 0 0 0 0 0
171 760 2 2 321 0 0 4 0 0
172 940 2 2 250 47 47 0 0 0
174 98 0 0 0 0 0 0 0 0
175 294 0 0 0 0 0 0 0 0
176 528 1 1 0 0 0 0 0 0
179 152 0 0 0 0 0 152 0 0
180 152 0 0 0 0 0 152 0 0
182 152 0 0 0 0 0 152 44 35
183 70 0 0 0 0 0 0 0 0
222 488 1 1 122 0 0 122 0 0
224 1342 1 1 244 2 0 488 0 0
226 366 0 0 122 2 1 122 0 0
227 122 0 0 122 0 0 0 0 0
228 366 0 0 122 0 0 0 0 0
230 2684 2 2 308 0 0 484 0 0
231 726 0 0 0 0 0 0 0 0
234 759 0 0 253 67 25 0 0 0
235 413 0 0 293 0 0 40 0 0
237 200 1 1 120 0 0 0 0 0
247 40 0 0 40 0 0 0 0 0
248 80 0 0 80 0 0 0 0 0
250 160 0 0 80 0 0 120 0 0
251 40 0 0 0 0 0 0 0 0
254 426 0 0 0 0 0 0 0 0
257 132 0 0 0 0 0 0 0 0
258 396 0 0 0 0 0 0 0 0
259 132 1 1 0 0 0 0 0 0
262 1134 0 0 405 0 0 0 0 0
269 10 1 1 0 0 0 4 0 0
272 4 0 0 0 0 0 0 0 0
279 286 1 1 2 0 0 0 0 0
280 276 0 0 92 4 1 0 0 0
281 350 1 1 210 7 0 0 0 0
285 16 0 0 6 0 0 4 0 0
286 2 0 0 0 0 0 2 0 0
288 2 0 0 0 0 0 2 0 0
289 6 1 1 4 0 0 2 0 0
305 3 1 1 0 0 0 1 0 0
313 2 0 0 1 0 0 0 0 0
315 2 0 0 0 0 0 0 0 0
318 1 0 0 0 0 0 1 0 0
319 1 1 1 0 0 0 1 0 0
320 2 0 0 1 0 0 1 0 0
323 574 0 0 246 0 0 0 0 0
324 492 1 1 164 0 0 0 0 0
331 328 0 0 82 0 0 0 0 0
342 410 1 1 164 0 0 0 0 0
347 164 0 0 164 1 0 82 0 0
349 328 0 0 164 0 0 82 0 0
363 29380 4 2 4520 0 0 20340 32 5
364 2260 0 0 2260 12 0 0 0 0
370 2260 0 0 2260 0 0 0 0 0
374 14508 2 1 14508 81 0 0 0 0
377 14508 0 0 0 0 0 0 0 0
381 28068 2 1 2260 0 0 6780 18 3
385 14508 0 0 7254 60 0 0 0 0
389 14508 2 1 7254 7 0 0 0 0
395 21762 2 1 7254 35 0 0 0 0
399 7254 0 0 0 0 0 7254 0 0
400 7254 0 0 0 0 0 7254 0 0
403 36270 0 0 21762 130 0 0 0 0
404 21762 4 1 14508 31 0 7254 0 0
407 7254 0 0 7254 0 0 0 0 0
408 14508 0 0 0 0 0 0 0 0
410 7254 0 0 7254 979 115 0 0 0
411 6780 0 0 0 0 0 2260 0 0
412 14508 0 0 14508 0 0 0 0 0
415 36270 0 0 14508 0 0 0 0 0
418 50778 0 0 0 0 0 0 0 0
421 4628 0 0 4628 1192 203 0 0 0
422 9256 1 1 0 0 0 0 0 0
423 4628 0 0 0 0 0 0 0 0
425 27684 1 1 6921 0 0 11535 0 0
428 28520 2 1 5704 1771 484 0 0 0
430 6765 0 0 2255 0 0 0 0 0
431 31570 2 1 11275 0 0 13530 19 3
432 4510 0 0 0 0 0 0 0 0
435 6765 0 0 0 0 0 0 0 0
438 10402 0 0 11 0 0 0 0 0
452 17952 3 1 11220 0 0 0 0 0
469 127 1 1 64 0 0 0 0 0
471 2 0 0 0 0 0 0 0 0
477 4490 2 1 2245 0 0 0 0 0
528 4490 0 0 0 0 0 0 0 0
535 11672 0 0 2245 0 0 0 0 0
539 4533 3 1 1511 6 0 0 0 0
551 4246 0 0 2123 0 0 2123 0 0
552 2123 0 0 0 0 0 2123 0 0
553 4490 0 0 0 0 0 0 0 0
570 15027 0 0 0 0 0 0 0 0
573 15 0 0 0 0 0 0 0 0
574 18080 1 1 15820 0 0 0 0 0
fl=./elf/./elf/dl-minimal-malloc.c
fn=__minimal_calloc
78 85 2 2 0 0 0 0 0 0
82 17 0 0 0 0 0 0 0 0
85 17 0 0 0 0 0 0 0 0
86 51 0 0 0 0 0 0 0 0
fn=__minimal_free
95 8 0 0 0 0 0 0 0 0
97 32 2 1 16 0 0 0 0 0
fn=__minimal_malloc
35 210 1 1 0 0 0 84 1 1
36 126 0 0 42 4 1 0 0 0
41 3 0 0 0 0 0 1 0 0
42 2 1 1 1 0 0 0 0 0
43 2 0 0 0 0 0 0 0 0
47 168 1 1 42 0 0 42 0 0
50 282 0 0 0 0 0 0 0 0
55 12 1 1 3 0 0 0 0 0
56 12 0 0 0 0 0 0 0 0
58 3 0 0 0 0 0 0 0 0
59 24 0 0 0 0 0 3 0 0
61 6 0 0 0 0 0 0 0 0
63 6 0 0 3 0 0 0 0 0
65 8 0 0 0 0 0 3 0 0
68 43 0 0 1 0 0 42 4 1
69 46 0 0 0 0 0 42 0 0
71 168 0 0 126 0 0 0 0 0
fl=./elf/./elf/dl-minimal.c
fn=__rtld_malloc_init_real
76 8 1 1 0 0 0 5 0 0
86 2 0 0 0 0 0 1 0 0
87 1 0 0 0 0 0 1 0 0
89 1 0 0 0 0 0 1 0 0
91 6 0 0 0 0 0 1 0 0
92 5 1 1 0 0 0 1 0 0
93 5 0 0 0 0 0 1 0 0
94 4 0 0 0 0 0 1 0 0
99 1 0 0 0 0 0 1 0 0
100 1 0 0 0 0 0 1 0 0
101 1 1 1 0 0 0 1 0 0
102 1 0 0 0 0 0 1 0 0
103 7 0 0 6 0 0 0 0 0
fn=__rtld_malloc_init_stubs
42 1 1 1 0 0 0 0 0 0
43 2 0 0 0 0 0 1 1 1
44 2 0 0 0 0 0 1 0 0
45 2 1 1 0 0 0 1 0 0
46 2 0 0 0 0 0 1 0 0
47 1 0 0 1 0 0 0 0 0
fn=lookup_malloc_symbol
61 28 1 1 0 0 0 12 0 0
63 4 0 0 0 0 0 4 0 0
64 28 1 1 4 0 0 12 0 0
68 28 0 0 16 0 0 0 0 0
69 28 0 0 12 0 0 0 0 0
71 4 1 1 0 0 0 4 0 0
72 20 0 0 16 0 0 0 0 0
fn=strsep
239 2 1 1 0 0 0 0 0 0
242 4 0 0 2 1 1 0 0 0
244 2 0 0 2 0 0 0 0 0
245 4 0 0 0 0 0 0 0 0
249 77 1 1 15 0 0 0 0 0
254 56 0 0 28 0 0 0 0 0
256 84 0 0 28 1 1 0 0 0
264 14 0 0 0 0 0 0 0 0
267 1 0 0 0 0 0 1 0 0
271 4 0 0 2 0 0 0 0 0
fl=./elf/./elf/dl-misc.c
fn=_dl_higher_prime_number
87 2 1 1 0 0 0 0 0 0
124 2 0 0 0 0 0 0 0 0
125 2 0 0 0 0 0 0 0 0
127 26 1 1 0 0 0 0 0 0
129 80 0 0 0 0 0 0 0 0
130 37 0 0 10 4 2 0 0 0
131 6 0 0 0 0 0 0 0 0
145 2 0 0 2 0 0 0 0 0
146 2 0 0 2 0 0 0 0 0
fn=_dl_name_match_p
68 744 1 1 0 0 0 248 1 1
69 496 0 0 124 0 0 124 0 0
70 20 0 0 0 0 0 0 0 0
72 124 0 0 124 0 0 0 0 0
74 488 0 0 0 0 0 0 0 0
75 700 1 1 140 0 0 140 0 0
80 120 0 0 120 0 0 0 0 0
82 104 0 0 0 0 0 0 0 0
83 496 0 0 372 0 0 0 0 0
fn=_dl_sysdep_read_whole_file
36 9 1 1 0 0 0 4 0 0
39 3 0 0 0 0 0 1 0 0
40 2 0 0 0 0 0 0 0 0
42 6 1 1 0 0 0 1 0 0
44 2 0 0 1 0 0 1 1 1
47 2 0 0 0 0 0 0 0 0
49 8 0 0 0 0 0 1 0 0
60 3 0 0 0 0 0 1 0 0
63 7 0 0 5 0 0 0 0 0
fl=./elf/./elf/dl-object.c
fn=_dl_add_to_namespace_list
31 36 2 2 0 0 0 18 0 0
33 18 0 0 6 0 0 6 0 0
35 47 0 0 6 0 0 0 0 0
38 80 0 0 20 0 0 0 0 0
40 5 0 0 0 0 0 5 0 0
42 5 0 0 0 0 0 5 0 0
45 2 0 0 0 0 0 1 0 0
46 18 1 1 6 0 0 0 0 0
47 12 0 0 6 0 0 6 0 0
48 12 0 0 0 0 0 6 0 0
50 12 0 0 6 0 0 0 0 0
51 18 0 0 18 0 0 0 0 0
fn=_dl_new_object
59 84 1 1 0 0 0 48 3 3
62 12 1 1 0 0 0 0 0 0
64 2 2 2 0 0 0 0 0 0
66 3 0 0 1 0 0 0 0 0
67 2 1 1 0 0 0 0 0 0
71 2 0 0 0 0 0 0 0 0
77 5 0 0 0 0 0 1 0 0
80 10 0 0 5 0 0 5 0 0
83 20 0 0 0 0 0 5 0 0
87 10 0 0 0 0 0 0 0 0
92 11 0 0 0 0 0 6 0 0
95 12 0 0 0 0 0 0 0 0
98 6 0 0 0 0 0 6 5 5
99 6 0 0 0 0 0 6 6 6
100 12 0 0 6 0 0 0 0 0
103 12 0 0 0 0 0 6 1 1
104 42 1 1 12 0 0 18 2 2
106 6 0 0 0 0 0 6 0 0
119 22 0 0 11 0 0 0 0 0
125 1 0 0 0 0 0 0 0 0
127 42 1 1 12 6 6 12 0 0
130 12 0 0 6 0 0 0 0 0
131 17 1 1 0 0 0 6 6 6
132 6 0 0 0 0 0 6 0 0
136 6 0 0 0 0 0 6 0 0
139 75 1 1 7 0 0 0 0 0
141 16 0 0 0 0 0 16 4 4
149 12 1 1 0 0 0 6 0 0
150 6 0 0 0 0 0 6 6 6
153 1 1 1 0 0 0 0 0 0
155 36 0 0 6 1 1 0 0 0
157 20 0 0 0 0 0 5 3 3
160 14 0 0 0 0 0 0 0 0
164 20 0 0 5 0 0 0 0 0
168 30 1 1 5 0 0 0 0 0
176 2 1 1 0 0 0 1 0 0
179 12 0 0 0 0 0 6 2 2
189 18 0 0 6 0 0 0 0 0
191 25 1 1 0 0 0 15 0 0
195 15 0 0 0 0 0 0 0 0
200 20 0 0 0 0 0 0 0 0
208 5 0 0 0 0 0 0 0 0
212 5 0 0 0 0 0 0 0 0
245 20 0 0 5 0 0 5 0 0
250 168 0 0 0 0 0 0 0 0
251 168 0 0 84 0 0 0 0 0
253 10 0 0 0 0 0 0 0 0
256 5 0 0 0 0 0 5 0 0
259 5 0 0 0 0 0 5 2 2
263 54 1 1 42 0 0 0 0 0
fl=./elf/./elf/dl-profstub.c
fn=_dl_mcount_wrapper_check
36 256 1 1 0 0 0 0 0 0
37 384 1 1 256 0 0 0 0 0
39 128 0 0 128 0 0 0 0 0
fl=./elf/./elf/dl-reloc.c
fn=_dl_relocate_object
194 91 1 1 0 0 0 56 1 0
204 14 0 0 0 0 0 0 0 0
205 21 0 0 0 0 0 14 0 0
208 14 0 0 0 0 0 7 0 0
210 21 1 1 0 0 0 0 0 0
212 7 0 0 7 0 0 0 0 0
213 21 0 0 7 3 0 0 0 0
232 14 1 1 7 0 0 0 0 0
238 35 0 0 14 0 0 0 0 0
239 14 1 1 7 6 0 0 0 0
242 14 0 0 0 0 0 0 0 0
249 28 1 1 7 1 0 7 0 0
288 409 7 7 177 30 0 53 1 0
291 42 0 0 14 0 0 0 0 0
308 3254 1 1 0 0 0 0 0 0
315 7 0 0 7 1 0 0 0 0
318 14 0 0 7 0 0 0 0 0
335 21 0 0 7 5 0 0 0 0
337 56 0 0 49 2 0 0 0 0
343 42 2 2 21 2 0 0 0 0
346 14 0 0 0 0 0 0 0 0
350 14 0 0 0 0 0 0 0 0
351 42 0 0 0 0 0 7 1 0
fl=./elf/./elf/dl-runtime.c
fn=_dl_fixup
46 1264 3 2 0 0 0 632 0 0
48 790 0 0 632 32 0 0 0 0
49 474 0 0 316 0 0 0 0 0
54 158 0 0 158 18 0 0 0 0
55 632 1 1 158 20 0 0 0 0
56 1106 0 0 158 148 0 158 0 0
58 316 0 0 158 17 0 0 0 0
63 316 0 0 0 0 0 0 0 0
67 316 0 0 158 153 83 0 0 0
69 632 0 0 158 38 0 0 0 0
71 474 2 1 158 19 0 0 0 0
75 474 0 0 316 143 1 0 0 0
76 632 0 0 158 1 0 0 0 0
84 158 0 0 0 0 0 0 0 0
85 474 0 0 158 3 0 0 0 0
87 37 1 0 0 0 0 37 0 0
88 37 0 0 0 0 0 0 0 0
95 1738 1 1 316 20 0 474 11 2
99 790 2 1 474 0 0 0 0 0
100 148 2 1 74 0 0 0 0 0
109 1580 0 0 632 2 0 158 0 0
124 632 0 0 158 0 0 0 0 0
125 16 0 0 0 0 0 8 0 0
133 474 3 1 158 9 0 0 0 0
159 474 0 0 158 4 0 0 0 0
163 948 0 0 790 0 0 0 0 0
fl=./elf/./elf/dl-setup_hash.c
fn=_dl_setup_hash
25 14 1 1 0 0 0 0 0 0
28 21 1 1 7 0 0 0 0 0
31 21 0 0 14 0 0 0 0 0
32 14 0 0 7 5 5 7 1 1
33 7 0 0 7 0 0 0 0 0
34 7 0 0 7 0 0 0 0 0
36 21 0 0 0 0 0 0 0 0
37 7 0 0 0 0 0 7 0 0
38 21 0 0 7 0 0 7 0 0
40 28 1 1 0 0 0 7 0 0
41 14 0 0 0 0 0 0 0 0
45 21 0 0 0 0 0 7 0 0
50 7 0 0 7 0 0 0 0 0
fl=./elf/./elf/dl-sort-maps.c
fn=_dl_sort_maps
145 70 0 0 14 0 0 14 0 0
186 2 0 0 0 0 0 0 0 0
187 50 0 0 0 0 0 0 0 0
188 28 0 0 28 0 0 0 0 0
223 38 6 3 2 0 0 0 0 0
228 4 0 0 0 0 0 2 0 0
230 2 0 0 0 0 0 2 0 0
231 16 0 0 0 0 0 0 0 0
233 36 0 0 0 0 0 0 0 0
235 14 2 1 14 0 0 0 0 0
238 28 0 0 14 0 0 0 0 0
256 4 0 0 2 0 0 0 0 0
269 2 2 1 0 0 0 0 0 0
276 10 2 1 0 0 0 2 0 0
290 22 4 1 0 0 0 14 0 0
298 6 0 0 2 2 0 0 0 0
302 18 4 2 14 0 0 0 0 0
fn=_dl_sort_maps_init
281 2 1 1 0 0 0 0 0 0
282 4 0 0 0 0 0 1 0 0
283 1 0 0 0 0 0 1 0 0
284 3 0 0 1 0 0 0 0 0
285 2 0 0 1 0 0 0 0 0
fn=dfs_traversal.part.0
140 112 2 1 0 0 0 56 0 0
148 14 2 1 14 0 0 0 0 0
150 42 0 0 14 2 0 0 0 0
152 176 0 0 44 6 0 0 0 0
155 66 0 0 33 0 0 0 0 0
161 49 1 0 7 0 0 0 0 0
176 42 0 0 14 0 0 14 0 0
177 14 0 0 0 0 0 14 0 0
178 84 1 1 70 0 0 0 0 0
fl=./elf/./elf/dl-tunables.c
fn=__GI___tunable_set_val
102 45 1 1 5 0 0 0 0 0
111 5 0 0 5 0 0 0 0 0
112 25 0 0 10 0 0 0 0 0
113 40 1 1 10 0 0 0 0 0
116 15 0 0 0 0 0 0 0 0
119 10 0 0 0 0 0 0 0 0
123 10 0 0 0 0 0 0 0 0
130 10 1 1 0 0 0 0 0 0
131 10 0 0 0 0 0 0 0 0
134 30 0 0 0 0 0 5 0 0
135 5 0 0 0 0 0 5 0 0
136 5 0 0 0 0 0 5 0 0
137 5 0 0 0 0 0 5 0 0
157 25 1 1 0 0 0 0 0 0
161 5 0 0 5 0 0 0 0 0
fn=__GI___tunables_init
71 85 0 0 17 0 0 0 0 0
74 32 0 0 0 0 0 0 0 0
77 980 1 1 140 7 7 0 0 0
81 32 1 1 0 0 0 0 0 0
86 64 0 0 0 0 0 0 0 0
273 7 0 0 1 0 0 0 0 0
282 9 2 2 0 0 0 6 1 1
305 2240 0 0 0 0 0 0 0 0
311 3520 1 1 1120 35 35 0 0 0
323 64 0 0 16 0 0 0 0 0
357 8 0 0 7 0 0 0 0 0
fn=__tunable_get_val
405 36 1 1 0 0 0 0 0 0
408 390 1 1 36 28 17 0 0 0
417 46 0 0 36 4 0 10 0 0
427 26 0 0 0 0 0 26 0 0
428 26 0 0 0 0 0 0 0 0
434 180 0 0 36 7 0 0 0 0
436 36 1 1 36 0 0 0 0 0
fl=./elf/./elf/dl-tunables.h
fn=__GI___tunable_set_val
121 10 0 0 0 0 0 0 0 0
122 5 0 0 0 0 0 0 0 0
131 20 1 1 0 0 0 0 0 0
fn=__GI___tunables_init
140 406 0 0 228 1 1 0 0 0
141 776 1 1 0 0 0 0 0 0
fl=./elf/./elf/dl-version.c
fn=_dl_check_all_versions
361 6 1 1 0 0 0 4 0 0
363 2 0 0 0 0 0 0 0 0
365 26 0 0 7 0 0 0 0 0
366 7 0 0 0 0 0 0 0 0
367 63 1 1 7 0 0 7 0 0
370 7 0 0 5 0 0 0 0 0
fn=_dl_check_map_versions
36 192 1 1 24 0 0 0 0 0
37 54 0 0 54 0 0 0 0 0
38 330 1 1 0 0 0 66 0 0
56 188 0 0 141 0 0 0 0 0
64 141 1 1 47 0 0 0 0 0
70 141 0 0 47 1 0 0 0 0
86 47 0 0 47 1 0 0 0 0
87 94 0 0 0 0 0 0 0 0
89 47 0 0 47 0 0 0 0 0
94 1737 1 1 704 36 36 94 0 0
108 1408 0 0 704 10 10 0 0 0
110 47 1 1 47 0 0 0 0 0
113 388 0 0 59 3 2 47 0 0
120 1971 0 0 657 11 11 0 0 0
124 657 0 0 0 0 0 0 0 0
142 24 0 0 0 0 0 24 0 0
155 70 2 2 0 0 0 56 0 0
156 7 0 0 0 0 0 7 0 0
164 7 1 1 0 0 0 0 0 0
170 21 0 0 7 0 0 0 0 0
172 35 0 0 14 1 0 7 0 0
174 14 0 0 7 1 0 7 0 0
175 14 1 1 7 0 0 7 0 0
177 14 0 0 0 0 0 0 0 0
180 15 0 0 10 0 0 5 0 0
184 15 0 0 5 4 4 0 0 0
197 7 0 0 0 0 0 0 0 0
198 7 0 0 0 0 0 0 0 0
200 24 0 0 24 1 1 0 0 0
208 36 0 0 12 0 0 0 0 0
213 48 0 0 24 1 1 0 0 0
217 451 1 1 359 1 0 0 0 0
219 47 0 0 47 5 5 0 0 0
221 129 0 0 47 7 7 47 0 0
224 188 1 1 47 0 0 0 0 0
227 141 0 0 47 0 0 0 0 0
232 35 0 0 0 0 0 0 0 0
236 48 1 1 24 0 0 0 0 0
241 14 0 0 0 0 0 7 0 0
250 15 2 2 7 0 0 0 0 0
253 20 0 0 15 0 0 0 0 0
256 484 0 0 121 6 6 0 0 0
259 363 0 0 121 2 2 0 0 0
263 116 0 0 0 0 0 0 0 0
267 12 1 1 0 0 0 0 0 0
272 6 0 0 0 0 0 6 1 0
273 12 0 0 0 0 0 0 0 0
274 12 0 0 0 0 0 0 0 0
284 6 0 0 0 0 0 6 0 0
287 30 1 1 18 2 0 6 1 0
289 18 0 0 6 0 0 0 0 0
292 20 0 0 15 0 0 0 0 0
294 7 0 0 0 0 0 0 0 0
296 36 0 0 12 0 0 0 0 0
299 141 2 2 47 0 0 0 0 0
301 188 0 0 0 0 0 0 0 0
303 235 0 0 47 0 0 47 0 0
304 94 0 0 0 0 0 47 19 19
305 141 0 0 47 0 0 47 3 3
306 141 0 0 47 0 0 47 0 0
309 141 0 0 47 0 0 0 0 0
314 35 0 0 0 0 0 0 0 0
317 36 0 0 12 0 0 0 0 0
322 7 0 0 0 0 0 0 0 0
327 18 1 1 6 0 0 0 0 0
330 20 0 0 15 0 0 0 0 0
334 116 0 0 116 0 0 0 0 0
336 242 0 0 121 0 0 0 0 0
340 116 0 0 116 0 0 0 0 0
341 580 0 0 116 0 0 116 30 30
342 348 0 0 116 0 0 116 0 0
343 116 0 0 0 0 0 116 15 15
346 363 0 0 121 0 0 0 0 0
350 116 0 0 0 0 0 0 0 0
356 63 1 1 56 0 0 0 0 0
fl=./elf/./elf/do-rel.h
fn=_dl_relocate_object
49 42 0 0 14 0 0 14 0 0
50 14 1 1 7 0 0 0 0 0
52 11 0 0 0 0 0 6 0 0
53 13 1 1 0 0 0 8 2 0
60 42 0 0 14 0 0 0 0 0
63 3784 1 1 5 0 0 0 0 0
65 4992 1 1 1248 467 467 0 0 0
67 171 0 0 0 0 0 0 0 0
76 30 0 0 0 0 0 0 0 0
77 195 0 0 2 0 0 0 0 0
78 114 0 0 57 0 0 0 0 0
86 54 1 1 27 1 0 9 0 0
88 18 0 0 0 0 0 0 0 0
100 27 1 1 0 0 0 0 0 0
110 14 0 0 0 0 0 0 0 0
113 6428 0 0 0 0 0 0 0 0
114 4272 0 0 2136 271 268 0 0 0
120 36 0 0 9 7 0 9 1 0
124 28 0 0 14 4 0 7 0 0
126 10265 1 1 3424 0 0 0 0 0
128 17085 0 0 10251 2037 1097 0 0 0
129 13668 0 0 3417 0 0 3417 0 0
130 10251 1 1 6834 0 0 3417 0 0
131 13668 0 0 3417 2 0 0 0 0
133 10251 1 1 0 0 0 0 0 0
135 10 1 1 2 0 0 4 0 0
138 2 0 0 0 0 0 0 0 0
142 3415 0 0 0 0 0 3415 0 0
145 10302 2 2 3415 0 0 0 0 0
146 12 1 1 4 0 0 0 0 0
158 30 1 1 12 0 0 0 0 0
159 16 1 1 2 0 0 0 0 0
160 6 1 1 2 0 0 0 0 0
163 6 0 0 4 0 0 0 0 0
165 8 0 0 2 0 0 2 0 0
166 2 0 0 2 0 0 0 0 0
167 6 0 0 4 0 0 2 0 0
175 25 0 0 8 0 0 1 0 0
177 42 1 1 12 1 1 6 0 0
178 12 0 0 12 0 0 0 0 0
180 18 0 0 0 0 0 0 0 0
188 6 0 0 0 0 0 6 0 0
191 18 0 0 6 0 0 0 0 0
205 4 0 0 1 0 0 0 0 0
fn=_dl_start
49 4 0 0 2 0 0 0 0 0
50 1 0 0 1 0 0 0 0 0
86 10 0 0 4 0 0 0 0 0
88 4 0 0 0 0 0 0 0 0
113 431 0 0 0 0 0 0 0 0
114 284 1 1 142 18 18 0 0 0
118 4 0 0 2 0 0 0 0 0
126 28 0 0 0 0 0 0 0 0
128 21 1 1 7 2 2 0 0 0
129 14 0 0 0 0 0 0 0 0
130 14 0 0 7 0 0 0 0 0
fl=./elf/./elf/get-dynamic-info.h
fn=_dl_map_object_from_fd
39 10 0 0 0 0 0 0 0 0
43 5 0 0 0 0 0 0 0 0
45 499 0 0 126 36 36 0 0 0
49 242 0 0 0 0 0 0 0 0
54 129 1 1 0 0 0 0 0 0
55 88 0 0 0 0 0 0 0 0
56 25 0 0 0 0 0 0 0 0
58 5 0 0 0 0 0 0 0 0
59 25 1 1 0 0 0 0 0 0
61 5 0 0 0 0 0 0 0 0
62 25 2 2 0 0 0 0 0 0
64 25 0 0 0 0 0 0 0 0
68 121 0 0 0 0 0 121 29 29
72 20 0 0 5 0 0 0 0 0
82 17 1 1 7 0 0 0 0 0
83 20 0 0 10 0 0 0 0 0
84 20 0 0 10 0 0 0 0 0
85 20 0 0 10 0 0 0 0 0
87 20 0 0 10 0 0 0 0 0
92 19 1 1 9 1 1 0 0 0
93 19 0 0 9 1 1 0 0 0
94 20 0 0 10 0 0 0 0 0
97 15 0 0 5 0 0 0 0 0
102 8 0 0 4 0 0 0 0 0
109 10 1 1 5 0 0 0 0 0
110 15 0 0 10 0 0 0 0 0
132 15 0 0 5 1 1 0 0 0
137 4 0 0 2 0 0 2 0 0
139 4 0 0 0 0 0 0 0 0
141 4 0 0 0 0 0 0 0 0
143 4 0 0 0 0 0 0 0 0
147 15 1 1 5 0 0 0 0 0
149 3 0 0 1 0 0 1 0 0
150 2 0 0 0 0 0 0 0 0
159 2 1 1 1 0 0 0 0 0
160 3 1 1 0 0 0 0 0 0
165 2 0 0 0 0 0 0 0 0
169 10 0 0 5 0 0 0 0 0
fl=./elf/./elf/libc_early_init.c
fn=__libc_early_init
33 7 1 1 1 0 0 2 0 0
35 1 0 0 0 0 0 1 0 0
38 2 1 1 1 1 0 1 1 1
41 1 0 0 0 0 0 1 1 1
47 4 0 0 2 0 0 0 0 0
49 2 0 0 1 0 0 0 0 0
fl=./elf/./elf/rtld.c
fn=_dl_start
85 8 1 1 0 0 0 2 1 1
488 3 0 0 0 0 0 1 0 0
489 1 0 0 0 0 0 1 0 0
490 6 0 0 0 0 0 1 0 0
492 2 1 1 0 0 0 1 1 1
501 1 0 0 0 0 0 1 0 0
507 4 1 0 1 0 0 1 0 0
509 2 0 0 1 0 0 0 0 0
527 10 2 2 0 0 0 7 1 1
553 1 0 0 0 0 0 1 1 1
556 2 1 1 0 0 0 1 1 1
557 1 0 0 1 1 1 0 0 0
573 56 3 3 12 0 0 8 1 1
575 1 1 1 1 0 0 0 0 0
588 1 0 0 0 0 0 1 1 1
592 2 0 0 0 0 0 1 0 0
607 9 0 0 7 1 0 0 0 0
fn=dl_main
85 16 3 3 0 0 0 1 0 0
92 12 1 1 0 0 0 0 0 0
93 2 0 0 1 0 0 1 0 0
101 7 0 0 3 0 0 0 0 0
205 2 0 0 0 0 0 1 0 0
207 1 1 1 0 0 0 1 0 0
232 2 1 1 2 1 1 0 0 0
233 4 1 1 3 0 0 0 0 0
234 4 0 0 0 0 0 0 0 0
304 3 0 0 0 0 0 3 0 0
310 1 0 0 0 0 0 1 0 0
311 2 0 0 0 0 0 1 0 0
862 1 0 0 1 0 0 0 0 0
864 1 1 1 0 0 0 1 0 0
870 1 0 0 1 0 0 0 0 0
873 1 0 0 0 0 0 1 0 0
875 1 0 0 0 0 0 1 0 0
880 1 0 0 0 0 0 1 0 0
1140 2 0 0 1 0 0 1 0 0
1143 1 0 0 0 0 0 1 0 0
1146 1 0 0 0 0 0 1 0 0
1148 2 0 0 1 1 1 1 1 1
1150 1 0 0 1 0 0 0 0 0
1151 1 0 0 1 0 0 0 0 0
1166 1 0 0 0 0 0 0 0 0
1169 46 4 4 2 0 0 0 0 0
1170 117 1 1 22 7 7 0 0 0
1174 3 1 1 2 0 0 1 0 0
1179 3 1 1 2 0 0 1 0 0
1180 9 0 0 2 0 0 1 0 0
1189 2 0 0 0 0 0 1 0 0
1190 2 0 0 2 1 1 0 0 0
1192 1 0 0 0 0 0 1 0 0
1199 3 1 1 1 0 0 0 0 0
1211 1 0 0 0 0 0 0 0 0
1217 1 0 0 0 0 0 1 0 0
1225 8 0 0 4 0 0 0 0 0
1226 18 2 2 5 1 1 0 0 0
1227 8 0 0 4 0 0 0 0 0
1228 1 0 0 0 0 0 1 0 0
1230 12 0 0 4 0 0 0 0 0
1231 14 1 1 0 0 0 0 0 0
1235 8 0 0 4 3 3 0 0 0
1236 8 0 0 4 0 0 0 0 0
1237 4 0 0 0 0 0 4 0 0
1238 10 0 0 5 0 0 0 0 0
1239 1 0 0 0 0 0 1 0 0
1243 12 1 1 0 0 0 0 0 0
1271 2 0 0 1 0 0 1 1 1
1275 4 0 0 2 1 1 1 0 0
1277 1 0 0 0 0 0 0 0 0
1281 26 0 0 13 0 0 0 0 0
1282 61 1 1 13 0 0 0 0 0
1288 17 0 0 0 0 0 1 0 0
1294 3 0 0 1 1 1 0 0 0
1297 4 0 0 2 0 0 0 0 0
1299 3 1 1 1 0 0 0 0 0
1301 2 0 0 1 0 0 0 0 0
1320 14 2 2 0 0 0 10 1 1
1325 1 0 0 0 0 0 0 0 0
1326 1 0 0 0 0 0 1 0 0
1332 1 0 0 0 0 0 1 1 1
1348 3 0 0 2 0 0 1 0 0
1349 4 1 1 2 0 0 0 0 0
1627 10 2 2 0 0 0 2 0 0
1629 2 0 0 0 0 0 0 0 0
1630 2 0 0 1 0 0 1 0 0
1631 2 0 0 1 0 0 1 0 0
1632 3 1 1 2 0 0 1 0 0
1636 3 0 0 0 0 0 1 0 0
1637 2 0 0 1 0 0 0 0 0
1662 3 0 0 1 0 0 0 0 0
1663 6 0 0 2 0 0 1 0 0
1664 3 1 1 2 0 0 0 0 0
1665 3 0 0 3 0 0 0 0 0
1668 1 0 0 0 0 0 1 0 0
1670 1 0 0 0 0 0 1 1 1
1671 1 1 1 0 0 0 1 1 1
1673 2 0 0 1 0 0 0 0 0
1674 2 0 0 0 0 0 1 0 0
1678 2 0 0 1 0 0 0 0 0
1680 2 0 0 1 0 0 0 0 0
1688 3 0 0 1 0 0 0 0 0
1695 2 1 1 0 0 0 1 0 0
1698 2 0 0 1 0 0 0 0 0
1723 9 0 0 1 0 0 2 0 0
1731 4 0 0 1 0 0 2 0 0
1733 1 0 0 0 0 0 1 0 0
1738 2 0 0 1 0 0 0 0 0
1741 4 1 1 2 0 0 1 0 0
1742 4 0 0 1 0 0 1 0 0
1743 2 0 0 0 0 0 1 0 0
1744 1 0 0 0 0 0 1 0 0
1745 1 1 1 1 0 0 0 0 0
1746 1 0 0 1 0 0 0 0 0
1751 2 0 0 1 0 0 0 0 0
1752 3 1 1 1 0 0 1 0 0
1764 2 0 0 1 1 1 0 0 0
1765 2 0 0 1 0 0 0 0 0
1767 2 0 0 1 0 0 0 0 0
1769 1 0 0 0 0 0 1 0 0
1770 3 1 1 1 0 0 1 0 0
1775 5 0 0 0 0 0 0 0 0
1776 5 0 0 1 1 1 0 0 0
1778 4 1 1 2 1 1 1 1 1
1784 2 0 0 1 1 1 0 0 0
1786 3 1 1 2 0 0 0 0 0
1793 2 1 1 1 0 0 0 0 0
1797 1 1 1 0 0 0 1 0 0
1798 2 0 0 1 0 0 0 0 0
1822 2 0 0 0 0 0 2 0 0
1828 2 0 0 1 0 0 1 0 0
1829 1 0 0 0 0 0 1 0 0
1830 1 1 1 0 0 0 0 0 0
1834 3 0 0 0 0 0 1 0 0
1839 3 0 0 2 0 0 0 0 0
1841 1 0 0 0 0 0 0 0 0
1843 2 0 0 1 0 0 0 0 0
1847 5 0 0 1 0 0 1 0 0
1852 2 0 0 1 0 0 0 0 0
1868 6 1 1 0 0 0 1 0 0
1944 4 0 0 2 0 0 0 0 0
1948 19 3 3 1 0 0 0 0 0
1949 1 0 0 0 0 0 0 0 0
1952 3 0 0 0 0 0 1 0 0
1953 1 0 0 1 0 0 0 0 0
1954 2 0 0 0 0 0 0 0 0
1955 2 0 0 0 0 0 0 0 0
1960 3 0 0 1 0 0 0 0 0
1970 8 0 0 1 0 0 1 0 0
1976 31 1 1 1 0 0 0 0 0
1977 17 0 0 15 0 0 0 0 0
1980 4 0 0 3 0 0 1 0 0
1981 3 1 1 1 0 0 0 0 0
1982 1 0 0 0 0 0 1 0 0
1984 23 0 0 0 0 0 0 0 0
1985 22 1 1 7 0 0 0 0 0
1995 2 1 1 0 0 0 1 0 0
1997 3 0 0 1 0 0 1 0 0
1998 2 0 0 0 0 0 0 0 0
2000 2 0 0 0 0 0 1 0 0
2002 3 0 0 0 0 0 0 0 0
2004 3 0 0 1 1 0 0 0 0
2005 1 0 0 1 0 0 0 0 0
2006 2 1 1 0 0 0 0 0 0
2018 2 0 0 0 0 0 0 0 0
2019 2 0 0 0 0 0 1 0 0
2020 3 0 0 1 0 0 0 0 0
2031 4 1 1 0 0 0 1 0 0
2032 4 0 0 0 0 0 1 0 0
2033 5 1 1 0 0 0 1 0 0
2043 2 0 0 1 1 0 1 0 0
2044 2 0 0 0 0 0 0 0 0
2045 4 1 1 0 0 0 1 0 0
2047 2 0 0 1 0 0 0 0 0
2052 3 0 0 1 0 0 0 0 0
2282 3 0 0 1 1 0 0 0 0
2331 1 0 0 1 0 0 0 0 0
2338 2 0 0 0 0 0 1 0 0
2342 2 1 1 1 0 0 1 1 0
2348 2 0 0 1 0 0 1 0 0
2351 2 0 0 0 0 0 0 0 0
2359 2 0 0 2 0 0 0 0 0
2361 2 0 0 0 0 0 0 0 0
2415 3 1 1 1 0 0 0 0 0
2418 1 1 1 1 0 0 0 0 0
2422 1 0 0 1 0 0 0 0 0
2423 35 2 2 1 1 0 1 0 0
2425 14 0 0 14 4 0 0 0 0
2430 14 0 0 14 6 0 0 0 0
2432 16 0 0 0 0 0 0 0 0
2434 1 1 1 0 0 0 1 0 0
2435 1 0 0 1 0 0 0 0 0
2438 7 0 0 7 1 0 0 0 0
2440 21 1 1 0 0 0 0 0 0
2441 48 0 0 12 6 0 6 0 0
2445 18 0 0 9 3 0 0 0 0
2446 6 0 0 0 0 0 2 0 0
2454 2 1 1 1 0 0 0 0 0
2459 4 0 0 2 0 0 0 0 0
2461 1 0 0 1 0 0 0 0 0
2468 3 0 0 0 0 0 1 0 0
2471 2 1 1 1 0 0 0 0 0
2481 3 1 1 2 1 0 0 0 0
2483 4 0 0 1 0 0 0 0 0
2493 1 0 0 0 0 0 1 0 0
2498 2 0 0 0 0 0 1 0 0
2501 1 0 0 0 0 0 1 0 0
2507 1 0 0 1 0 0 0 0 0
2508 5 0 0 1 0 0 1 0 0
2516 3 0 0 1 0 0 1 0 0
2523 1 0 0 0 0 0 1 0 0
2527 3 1 1 0 0 0 1 0 0
2532 3 0 0 0 0 0 1 0 0
2533 1 0 0 0 0 0 1 0 0
2534 1 0 0 0 0 0 1 0 0
2535 1 0 0 0 0 0 0 0 0
2539 1 0 0 0 0 0 1 0 0
2544 8 0 0 7 2 0 0 0 0
2677 3 0 0 1 0 0 2 0 0
2679 1 0 0 0 0 0 0 0 0
2683 6 1 1 1 0 0 1 1 1
2685 16 0 0 0 0 0 3 0 0
2687 2 0 0 0 0 0 0 0 0
2689 107 0 0 21 0 0 0 0 0
2690 19 1 1 0 0 0 0 0 0
2698 13 0 0 2 1 1 0 0 0
2719 2 1 1 1 0 0 0 0 0
2726 6 1 1 3 0 0 0 0 0
2728 2 0 0 0 0 0 1 0 0
2729 1 0 0 0 0 0 0 0 0
2774 3 1 1 1 0 0 0 0 0
2775 5 1 1 2 0 0 0 0 0
2777 2 1 1 0 0 0 1 0 0
2778 2 0 0 0 0 0 1 0 0
2779 1 0 0 0 0 0 0 0 0
2818 1 0 0 0 0 0 0 0 0
2829 1 0 0 0 0 0 0 0 0
2845 4 1 1 1 0 0 0 0 0
2877 2 0 0 0 0 0 0 0 0
fn=handle_preload_list
191 3 1 1 1 0 0 0 0 0
831 1 1 1 0 0 0 1 0 0
835 1 0 0 0 0 0 1 0 0
836 2 0 0 1 0 0 1 0 0
837 1 0 0 0 0 0 1 0 0
839 1 0 0 1 0 0 0 0 0
841 7 0 0 0 0 0 1 0 0
842 3 0 0 1 0 0 0 0 0
850 3 0 0 1 0 0 0 0 0
894 12 1 1 1 1 1 8 1 1
895 3 1 1 0 0 0 0 0 0
899 5 0 0 2 0 0 0 0 0
902 4 0 0 0 0 0 1 1 1
903 3 0 0 0 0 0 0 0 0
905 5 1 1 0 0 0 1 0 0
906 2 0 0 0 0 0 1 0 0
912 1 0 0 0 0 0 0 0 0
914 2 0 0 1 0 0 0 0 0
916 2 0 0 1 0 0 0 0 0
917 1 0 0 0 0 0 0 0 0
920 9 0 0 7 0 0 0 0 0
fn=init_tls
756 3 1 1 0 0 0 2 0 0
758 2 0 0 1 0 0 1 0 0
762 3 0 0 1 0 0 0 0 0
768 2 1 1 0 0 0 1 0 0
771 1 0 0 0 0 0 1 0 0
772 1 0 0 0 0 0 0 0 0
773 1 0 0 0 0 0 0 0 0
777 1 0 0 0 0 0 0 0 0
779 1 0 0 0 0 0 1 0 0
783 2 0 0 1 1 1 0 0 0
784 2 0 0 0 0 0 0 0 0
785 18 1 1 1 0 0 0 0 0
786 7 1 1 7 0 0 0 0 0
787 14 0 0 7 4 0 0 0 0
791 6 0 0 0 0 0 2 1 1
793 2 0 0 0 0 0 0 0 0
795 3 0 0 1 0 0 0 0 0
798 2 1 1 0 0 0 1 0 0
801 1 0 0 0 0 0 1 0 0
808 2 0 0 0 0 0 1 0 0
809 2 0 0 0 0 0 0 0 0
815 2 0 0 1 0 0 1 0 0
818 8 0 0 0 0 0 2 0 0
821 1 0 0 0 0 0 1 0 0
822 1 0 0 0 0 0 1 0 0
825 5 0 0 3 0 0 0 0 0
fn=map_doit
663 3 1 1 0 0 0 1 0 0
665 4 0 0 1 0 0 0 0 0
666 6 1 1 2 0 0 2 0 0
668 2 0 0 2 0 0 0 0 0
fn=version_check_doit
696 3 1 1 0 0 0 1 0 0
698 6 1 1 2 0 0 1 0 0
702 2 0 0 2 0 0 0 0 0
fl=./elf/./get-dynamic-info.h
fn=_dl_start
45 75 0 0 19 5 5 0 0 0
49 36 1 1 0 0 0 0 0 0
54 21 0 0 0 0 0 0 0 0
55 14 0 0 0 0 0 0 0 0
56 5 0 0 0 0 0 0 0 0
58 1 0 0 0 0 0 0 0 0
59 5 1 1 0 0 0 0 0 0
61 1 0 0 0 0 0 0 0 0
62 5 1 1 0 0 0 0 0 0
64 5 0 0 0 0 0 0 0 0
68 19 0 0 0 0 0 18 6 6
72 3 0 0 0 0 0 0 0 0
82 4 1 1 2 0 0 0 0 0
83 4 0 0 2 0 0 0 0 0
84 4 0 0 2 0 0 0 0 0
85 4 0 0 2 0 0 0 0 0
87 4 1 1 2 0 0 0 0 0
92 4 0 0 2 0 0 0 0 0
93 4 0 0 2 0 0 0 0 0
94 4 0 0 2 0 0 0 0 0
97 3 1 1 1 0 0 0 0 0
102 2 0 0 1 0 0 0 0 0
109 3 0 0 1 0 0 0 0 0
110 3 0 0 2 0 0 0 0 0
118 2 0 0 1 1 1 0 0 0
119 2 1 1 1 0 0 0 0 0
124 3 0 0 1 0 0 0 0 0
127 3 0 0 1 0 0 0 0 0
fn=dl_main
39 3 1 1 1 0 0 0 0 0
43 1 0 0 0 0 0 0 0 0
45 115 0 0 29 8 8 0 0 0
49 56 1 1 0 0 0 0 0 0
54 25 0 0 0 0 0 0 0 0
55 17 0 0 0 0 0 0 0 0
56 5 0 0 0 0 0 0 0 0
58 1 0 0 0 0 0 0 0 0
59 5 1 1 0 0 0 0 0 0
61 1 0 0 0 0 0 0 0 0
62 5 0 0 0 0 0 0 0 0
64 5 0 0 0 0 0 0 0 0
68 28 0 0 0 0 0 28 6 6
72 5 2 2 2 0 0 0 0 0
82 3 0 0 1 0 0 0 0 0
83 4 0 0 2 0 0 0 0 0
84 4 1 1 2 0 0 0 0 0
85 4 0 0 2 0 0 0 0 0
87 4 0 0 2 0 0 0 0 0
92 4 0 0 2 0 0 0 0 0
93 4 1 1 2 0 0 0 0 0
94 5 0 0 2 0 0 0 0 0
97 3 0 0 1 0 0 0 0 0
102 2 0 0 1 0 0 0 0 0
109 2 0 0 1 0 0 0 0 0
110 3 0 0 2 0 0 0 0 0
132 3 1 1 1 0 0 0 0 0
147 3 1 1 1 0 0 0 0 0
149 3 0 0 1 0 0 1 0 0
150 2 0 0 0 0 0 0 0 0
159 2 0 0 1 0 0 0 0 0
160 3 1 1 0 0 0 0 0 0
165 2 0 0 0 0 0 0 0 0
169 2 1 1 1 0 0 0 0 0
fl=./elf/./setup-vdso.h
fn=dl_main
24 2 0 0 1 1 1 0 0 0
fl=./iconv/./iconv/gconv_simple.c
fn=__gconv_btwoc_ascii
49 128 1 1 0 0 0 0 0 0
51 512 1 1 0 0 0 0 0 0
54 128 0 0 128 0 0 0 0 0
fl=./io/../sysdeps/posix/isatty.c
fn=isatty
24 5 2 2 1 0 0 1 0 0
27 4 0 0 0 0 0 1 0 0
28 6 0 0 3 0 0 0 0 0
fl=./io/../sysdeps/unix/sysv/linux/access.c
fn=access
25 1 1 1 0 0 0 0 0 0
27 7 0 0 0 0 0 1 0 0
31 1 0 0 1 0 0 0 0 0
fl=./io/../sysdeps/unix/sysv/linux/close_nocancel.c
fn=__GI___close_nocancel
25 6 1 1 0 0 0 0 0 0
26 24 0 0 0 0 0 0 0 0
27 6 0 0 6 0 0 0 0 0
fn=__close_nocancel
25 2 2 1 0 0 0 0 0 0
26 8 0 0 0 0 0 0 0 0
27 2 0 0 2 0 0 0 0 0
fl=./io/../sysdeps/unix/sysv/linux/fstat64.c
fn=fstat
29 14 2 2 0 0 0 0 0 0
30 14 0 0 0 0 0 0 0 0
35 21 0 0 0 0 0 0 0 0
fl=./io/../sysdeps/unix/sysv/linux/fstatat64.c
fn=fstatat
98 34 0 0 0 0 0 0 0 0
153 34 2 2 0 0 0 0 0 0
167 18 0 0 0 0 0 9 0 0
168 60 1 1 9 0 0 0 0 0
169 8 0 0 8 0 0 0 0 0
fl=./io/../sysdeps/unix/sysv/linux/open64.c
fn=open
30 20 4 2 2 0 0 8 0 0
33 10 0 0 0 0 0 0 0 0
36 5 2 1 0 0 0 3 0 0
37 1 0 0 1 0 0 0 0 0
38 2 0 0 0 0 0 1 0 0
41 28 2 2 4 0 0 3 0 0
43 14 0 0 10 0 0 0 0 0
fl=./io/../sysdeps/unix/sysv/linux/open64_nocancel.c
fn=__open_nocancel
28 76 1 1 0 0 0 19 2 2
31 133 1 1 0 0 0 0 0 0
39 172 0 0 0 0 0 13 0 0
41 19 0 0 19 0 0 0 0 0
fl=./io/../sysdeps/unix/sysv/linux/pread64_nocancel.c
fn=__pread64_nocancel
25 8 1 1 0 0 0 0 0 0
26 16 0 0 0 0 0 0 0 0
27 4 0 0 4 0 0 0 0 0
fl=./io/../sysdeps/unix/sysv/linux/read.c
fn=read
25 2 1 1 0 0 0 0 0 0
26 12 0 0 2 0 0 0 0 0
27 2 0 0 2 0 0 0 0 0
fl=./io/../sysdeps/unix/sysv/linux/read_nocancel.c
fn=__read_nocancel
25 5 1 1 0 0 0 0 0 0
26 20 0 0 0 0 0 0 0 0
27 5 0 0 5 0 0 0 0 0
fl=./io/../sysdeps/unix/sysv/linux/stat64.c
fn=stat
28 20 1 1 0 0 0 0 0 0
29 40 0 0 0 0 0 0 0 0
fl=./io/../sysdeps/unix/sysv/linux/write.c
fn=write
25 5 2 2 0 0 0 3 0 0
26 16 1 1 5 0 0 3 0 0
27 2 0 0 1 0 0 0 0 0
fl=./libio/../include/sys/sysmacros.h
fn=_IO_file_doallocate
47 6 0 0 0 0 0 0 0 0
fl=./libio/./libio/filedoalloc.c
fn=_IO_file_doallocate
68 2 1 0 2 0 0 0 0 0
69 2 0 0 1 0 0 1 0 0
70 1 0 0 0 0 0 1 0 0
78 9 1 1 1 0 0 4 0 0
84 9 1 1 3 2 0 1 0 0
86 4 1 1 1 0 0 0 0 0
89 2 0 0 0 0 0 0 0 0
91 5 1 1 1 0 0 0 0 0
97 4 0 0 1 0 0 0 0 0
101 3 0 0 0 0 0 1 0 0
102 2 0 0 0 0 0 0 0 0
104 4 0 0 0 0 0 1 0 0
105 1 1 1 0 0 0 0 0 0
106 8 0 0 6 0 0 0 0 0
fl=./libio/./libio/fileno.c
fn=fileno
32 3 2 1 0 0 0 0 0 0
35 15 0 0 6 2 0 0 0 0
42 3 0 0 3 0 0 0 0 0
fl=./libio/./libio/fileops.c
fn=_IO_do_write@@GLIBC_2.2.5
423 11 2 2 0 0 0 6 0 0
425 10 0 0 0 0 0 0 0 0
426 9 0 0 8 0 0 0 0 0
433 2 0 0 1 0 0 0 0 0
440 4 1 1 2 0 0 0 0 0
443 1 0 0 1 0 0 0 0 0
448 5 0 0 1 0 0 1 0 0
449 5 0 0 1 0 0 0 0 0
451 3 0 0 1 0 0 2 0 0
452 2 0 0 0 0 0 1 0 0
453 1 0 0 0 0 0 1 0 0
454 3 1 1 1 0 0 0 0 0
455 5 1 1 2 0 0 0 0 0
fn=_IO_file_close
1164 2 2 1 0 0 0 0 0 0
1167 4 0 0 2 0 0 0 0 0
fn=_IO_file_close_it@@GLIBC_2.2.5
128 8 2 1 0 0 0 6 0 0
130 6 0 0 2 0 0 0 0 0
133 4 0 0 0 0 0 0 0 0
134 6 0 0 2 0 0 0 0 0
137 2 0 0 0 0 0 0 0 0
139 4 0 0 0 0 0 2 0 0
142 14 4 2 6 2 0 2 0 0
145 6 0 0 2 0 0 0 0 0
153 10 2 1 0 0 0 2 0 0
154 8 0 0 0 0 0 6 0 0
157 4 0 0 0 0 0 2 0 0
158 2 0 0 0 0 0 2 0 0
159 2 0 0 0 0 0 2 0 0
160 2 0 0 0 0 0 2 0 0
162 4 2 1 0 0 0 0 0 0
163 10 0 0 8 0 0 0 0 0
fn=_IO_file_finish@@GLIBC_2.2.5
168 10 2 1 0 0 0 4 0 0
169 4 2 1 2 0 0 0 0 0
175 6 0 0 0 0 0 0 0 0
176 6 2 1 4 0 0 0 0 0
fn=_IO_file_fopen@@GLIBC_2.2.5
213 22 2 1 2 0 0 14 0 0
214 2 0 0 0 0 0 0 0 0
222 4 0 0 2 0 0 0 0 0
224 17 2 0 2 2 1 0 0 0
227 1 0 0 0 0 0 0 0 0
228 1 1 1 0 0 0 0 0 0
247 46 7 4 6 3 2 0 0 0
280 10 0 0 0 0 0 2 0 0
283 4 0 0 0 0 0 0 0 0
286 8 0 0 0 0 0 2 0 0
287 4 0 0 0 0 0 0 0 0
356 24 1 1 18 0 0 0 0 0
fn=_IO_file_open
182 18 2 1 0 0 0 6 0 0
184 4 0 0 2 0 0 0 0 0
185 2 0 0 0 0 0 0 0 0
188 4 0 0 0 0 0 2 0 0
189 4 2 1 0 0 0 0 0 0
191 2 0 0 0 0 0 2 0 0
192 12 0 0 2 0 0 2 0 0
195 6 0 0 0 0 0 0 0 0
205 4 2 1 0 0 0 2 0 0
206 2 0 0 0 0 0 0 0 0
207 8 0 0 8 0 0 0 0 0
fn=_IO_file_overflow@@GLIBC_2.2.5
731 5 1 1 0 0 0 3 0 0
732 4 0 0 1 0 0 0 0 0
739 3 0 0 1 0 0 0 0 0
742 2 1 1 0 0 0 0 0 0
744 2 1 1 0 0 0 1 0 0
745 6 0 0 1 0 0 2 0 0
754 3 1 1 1 0 0 0 0 0
763 3 0 0 1 0 0 0 0 0
765 1 0 0 0 0 0 1 0 0
766 1 0 0 0 0 0 1 0 0
767 2 0 0 0 0 0 1 0 0
768 3 0 0 1 0 0 2 0 0
770 3 0 0 0 0 0 1 0 0
771 5 1 1 1 0 0 0 0 0
774 2 0 0 0 0 0 0 0 0
775 2 0 0 0 0 0 0 0 0
776 1 0 0 0 0 0 0 0 0
787 3 0 0 3 0 0 0 0 0
fn=_IO_file_setbuf@@GLIBC_2.2.5
381 3 0 0 0 0 0 1 0 0
382 3 0 0 0 0 0 1 0 0
385 1 0 0 1 0 0 0 0 0
387 3 1 1 0 0 0 3 0 0
389 2 0 0 0 0 0 0 0 0
390 2 0 0 2 0 0 0 0 0
fn=_IO_file_stat
1146 1 1 1 0 0 0 0 0 0
1147 2 0 0 1 0 0 0 0 0
fn=_IO_file_sync@@GLIBC_2.2.5
792 55 1 1 0 0 0 22 0 0
797 44 1 1 22 1 1 0 0 0
798 7 1 1 1 0 0 1 0 0
799 11 0 0 11 0 0 0 0 0
800 22 0 0 11 0 0 0 0 0
811 22 1 1 0 0 0 11 0 0
815 44 0 0 33 0 0 0 0 0
fn=_IO_file_write@@GLIBC_2.2.5
1173 7 1 1 0 0 0 4 0 0
1175 8 0 0 0 0 0 0 0 0
1179 3 1 1 1 0 0 0 0 0
1180 3 0 0 1 0 0 1 0 0
1181 2 0 0 0 0 0 0 0 0
1186 1 0 0 0 0 0 0 0 0
1187 1 0 0 0 0 0 0 0 0
1189 3 1 1 0 0 0 0 0 0
1190 3 0 0 1 0 0 0 0 0
1193 6 0 0 5 0 0 0 0 0
fn=_IO_file_xsputn@@GLIBC_2.2.5
1197 152 1 1 0 0 0 114 0 0
1203 76 0 0 0 0 0 0 0 0
1204 19 0 0 0 0 0 0 0 0
1210 76 0 0 19 0 0 0 0 0
1212 38 0 0 19 0 0 0 0 0
1227 57 0 0 19 0 0 0 0 0
1228 18 0 0 0 0 0 0 0 0
1231 55 1 1 0 0 0 0 0 0
1233 18 0 0 0 0 0 0 0 0
1235 72 0 0 0 0 0 36 0 0
1236 18 0 0 0 0 0 0 0 0
1237 54 0 0 0 0 0 0 0 0
1239 36 0 0 0 0 0 0 0 0
1243 6 0 0 2 0 0 1 0 0
1249 2 0 0 2 0 0 0 0 0
1250 7 0 0 0 0 0 0 0 0
1252 2 0 0 0 0 0 0 0 0
1263 3 1 1 0 0 0 0 0 0
1264 4 0 0 0 0 0 1 0 0
1266 3 0 0 0 0 0 0 0 0
1267 171 1 1 133 0 0 0 0 0
fn=_IO_new_file_init_internal
106 6 2 1 0 0 0 2 0 0
110 2 0 0 0 0 0 2 0 0
111 2 0 0 2 0 0 0 0 0
113 2 0 0 0 0 0 2 0 0
114 2 0 0 0 0 0 2 0 0
115 4 0 0 4 0 0 0 0 0
fl=./libio/./libio/genops.c
fn=_IO_cleanup
786 6 1 1 0 0 0 3 0 0
787 11 1 1 4 0 0 2 0 0
790 12 0 0 4 0 0 0 0 0
799 9 1 1 3 1 0 0 0 0
801 6 0 0 2 0 0 0 0 0
807 13 1 1 5 0 0 2 0 0
815 5 1 1 2 1 0 0 0 0
817 2 0 0 0 0 0 1 0 0
819 4 2 2 2 0 0 1 0 0
820 1 0 0 0 0 0 1 0 0
824 5 0 0 2 0 0 1 0 0
826 3 0 0 1 0 0 0 0 0
830 5 1 1 1 0 0 0 0 0
831 8 0 0 3 0 0 2 0 0
838 3 0 0 0 0 0 3 0 0
842 9 1 1 3 0 0 2 0 0
843 2 0 0 0 0 0 1 0 0
863 11 1 1 1 0 0 7 0 0
866 3 0 0 0 0 0 1 0 0
878 12 0 0 9 0 0 0 0 0
fn=_IO_default_finish
54 4 0 0 2 0 0 0 0 0
601 6 2 1 0 0 0 2 0 0
603 6 2 1 2 0 0 0 0 0
609 6 0 0 2 0 0 0 0 0
612 6 0 0 2 0 0 0 0 0
624 4 0 0 4 0 0 0 0 0
fn=_IO_default_setbuf
330 5 1 1 1 0 0 0 0 0
332 4 0 0 0 0 0 1 0 0
337 2 0 0 0 0 0 1 0 0
452 9 2 2 0 0 0 4 0 0
453 5 0 0 2 0 0 1 0 0
455 4 0 0 0 0 0 0 0 0
457 3 1 1 1 0 0 1 0 0
458 2 0 0 0 0 0 0 0 0
462 1 0 0 0 0 0 0 0 0
466 4 0 0 0 0 0 3 0 0
467 1 0 0 0 0 0 0 0 0
468 6 0 0 5 0 0 0 0 0
fn=_IO_default_xsputn
371 17 1 1 0 0 0 6 0 0
374 10 0 0 0 0 0 0 0 0
375 1 0 0 0 0 0 0 0 0
379 4 1 1 2 0 0 0 0 0
381 3 0 0 0 0 0 0 0 0
384 2 0 0 0 0 0 0 0 0
389 2 1 1 0 0 0 0 0 0
393 21 1 1 0 0 0 0 0 0
394 12 3 3 3 1 1 4 0 0
397 1 0 0 0 0 0 0 0 0
399 2 0 0 0 0 0 0 0 0
404 12 1 1 11 0 0 0 0 0
fn=_IO_doallocbuf
343 4 1 1 0 0 0 3 0 0
344 2 0 0 1 0 0 0 0 0
346 4 0 0 1 0 0 0 0 0
347 5 0 0 2 1 0 1 0 0
350 4 1 1 4 0 0 0 0 0
fn=_IO_enable_locks
518 88 2 1 0 0 0 0 0 0
521 264 0 0 88 23 0 0 0 0
523 1 0 0 0 0 0 1 0 0
524 9 0 0 0 0 0 0 0 0
525 3 0 0 3 3 0 0 0 0
526 88 7 0 88 0 0 0 0 0
1067 1 0 0 1 1 0 0 0 0
1081 3 0 0 3 0 0 0 0 0
fn=_IO_flush_all_lockp
686 12 2 2 1 0 0 7 0 0
687 1 0 0 0 0 0 0 0 0
691 6 0 0 0 0 0 3 0 0
692 11 1 1 4 0 0 2 0 0
695 12 0 0 4 1 0 0 0 0
697 3 1 1 0 0 0 3 0 0
698 6 0 0 0 0 0 0 0 0
701 21 2 2 9 2 1 0 0 0
709 6 1 1 0 0 0 0 0 0
711 3 0 0 0 0 0 3 0 0
715 9 0 0 3 0 0 2 0 0
716 2 1 1 0 0 0 1 0 0
720 12 0 0 9 0 0 0 0 0
fn=_IO_link_in
87 40 2 1 4 0 0 24 0 0
88 16 0 0 4 0 0 0 0 0
90 4 2 1 0 0 0 2 0 0
92 14 2 1 0 0 0 6 0 0
93 24 2 1 8 2 1 4 0 0
94 2 0 0 0 0 0 2 0 0
95 26 2 1 14 0 0 2 0 0
97 4 0 0 2 2 0 2 0 0
98 2 0 0 0 0 0 2 0 0
100 26 2 1 12 0 0 4 0 0
101 2 2 1 0 0 0 2 0 0
102 14 0 0 4 0 0 4 0 0
103 4 0 0 0 0 0 2 0 0
106 42 0 0 32 0 0 0 0 0
fn=_IO_no_init
563 40 2 1 0 0 0 16 0 0
564 4 0 0 0 0 0 4 0 0
565 4 0 0 0 0 0 4 2 1
566 8 0 0 0 0 0 0 0 0
568 2 2 1 0 0 0 2 0 0
572 12 0 0 0 0 0 10 0 0
579 2 0 0 0 0 0 2 2 1
581 2 0 0 0 0 0 2 1 0
586 4 1 1 0 0 0 2 0 0
587 4 0 0 0 0 0 4 0 0
588 24 0 0 20 0 0 0 0 0
fn=_IO_old_init
531 4 2 1 0 0 0 0 0 0
532 8 0 0 0 0 0 4 0 0
534 24 0 0 4 2 1 4 0 0
539 28 0 0 0 0 0 24 2 1
544 4 2 1 0 0 0 4 0 0
550 8 0 0 0 0 0 4 0 0
555 12 0 0 4 0 0 0 0 0
556 4 0 0 0 0 0 4 2 1
558 4 0 0 4 0 0 0 0 0
fn=_IO_setb
329 45 2 1 0 0 0 10 0 0
330 24 2 1 10 0 0 0 0 0
332 5 0 0 0 0 0 5 0 0
335 30 0 0 0 0 0 5 0 0
338 20 0 0 15 0 0 0 0 0
fn=_IO_un_link
53 4 2 1 0 0 0 0 0 0
54 8 0 0 4 0 0 0 0 0
82 4 1 0 2 0 0 0 0 0
fn=_IO_unsave_markers
960 6 2 1 0 0 0 2 0 0
962 4 0 0 2 0 0 0 0 0
967 6 2 1 2 2 0 0 0 0
969 4 0 0 4 0 0 0 0 0
fn=__GI__IO_un_link.part.0
52 18 4 2 2 0 0 10 0 0
58 12 0 0 0 0 0 6 0 0
59 24 2 1 8 1 0 4 0 0
60 2 0 0 0 0 0 2 0 0
61 28 2 1 14 2 0 2 0 0
63 6 0 0 2 1 0 0 0 0
65 4 0 0 0 0 0 0 0 0
66 4 0 0 2 0 0 2 0 0
74 6 0 0 2 0 0 2 0 0
76 26 4 2 8 0 0 4 0 0
77 2 0 0 0 0 0 2 0 0
78 18 2 1 6 0 0 4 0 0
79 4 0 0 0 0 0 2 0 0
82 18 0 0 14 0 0 0 0 0
fl=./libio/./libio/iofclose.c
fn=fclose@@GLIBC_2.2.5
34 10 1 1 0 0 0 6 0 0
48 6 2 1 2 0 0 0 0 0
49 2 2 1 0 0 0 2 0 0
51 28 2 1 14 0 0 2 0 0
52 6 2 1 2 0 0 0 0 0
53 6 0 0 0 0 0 2 0 0
57 8 0 0 4 1 0 2 0 0
58 6 0 0 2 0 0 0 0 0
71 4 0 0 2 0 0 0 0 0
76 10 0 0 8 0 0 0 0 0
fl=./libio/./libio/iofflush.c
fn=fflush
32 40 2 2 0 0 0 30 0 0
33 20 0 0 0 0 0 0 0 0
39 140 1 1 70 1 0 10 0 0
40 50 0 0 20 2 0 10 0 0
44 50 0 0 40 0 0 0 0 0
fl=./libio/./libio/iofopen.c
fn=fopen@@GLIBC_2.2.5
37 4 0 0 2 0 0 0 0 0
65 4 2 1 0 0 0 2 0 0
67 6 0 0 0 0 0 0 0 0
70 4 0 0 0 0 0 2 2 1
72 14 2 1 0 0 0 2 0 0
73 4 0 0 0 0 0 2 0 0
74 4 0 0 0 0 0 2 0 0
75 14 0 0 0 0 0 2 0 0
85 16 2 1 0 0 0 8 0 0
87 14 2 1 10 0 0 0 0 0
fl=./libio/./libio/iofwrite.c
fn=fwrite
31 152 2 1 0 0 0 114 0 0
32 38 0 0 0 0 0 0 0 0
35 38 1 1 0 0 0 0 0 0
37 323 2 1 133 2 1 19 0 0
38 94 1 0 19 1 0 1 0 0
39 114 0 0 38 1 0 19 0 0
45 114 0 0 0 0 0 0 0 0
46 19 0 0 0 0 0 0 0 0
49 171 0 0 133 0 0 0 0 0
fl=./libio/./libio/libioP.h
fn=_IO_cleanup
940 4 0 0 0 0 0 0 0 0
942 2 0 0 0 0 0 0 0 0
943 2 0 0 0 0 0 0 0 0
fn=_IO_default_setbuf
940 3 0 0 0 0 0 0 0 0
942 2 0 0 0 0 0 0 0 0
943 2 0 0 0 0 0 0 0 0
fn=_IO_default_xsputn
940 3 0 0 0 0 0 0 0 0
fn=_IO_do_write@@GLIBC_2.2.5
940 4 0 0 0 0 0 0 0 0
942 2 1 1 0 0 0 0 0 0
943 2 0 0 0 0 0 0 0 0
fn=_IO_doallocbuf
940 3 1 1 0 0 0 0 0 0
942 2 0 0 0 0 0 0 0 0
943 2 0 0 0 0 0 0 0 0
fn=_IO_file_close_it@@GLIBC_2.2.5
940 6 0 0 0 0 0 0 0 0
942 4 0 0 0 0 0 0 0 0
943 4 0 0 0 0 0 0 0 0
fn=_IO_file_doallocate
940 3 0 0 0 0 0 0 0 0
942 2 0 0 0 0 0 0 0 0
943 2 0 0 0 0 0 0 0 0
fn=_IO_file_xsputn@@GLIBC_2.2.5
940 3 0 0 0 0 0 0 0 0
942 2 1 1 0 0 0 0 0 0
943 2 0 0 0 0 0 0 0 0
fn=_IO_flush_all_lockp
940 4 1 1 0 0 0 0 0 0
fn=fclose@@GLIBC_2.2.5
855 8 0 0 4 1 0 0 0 0
856 8 0 0 2 2 0 0 0 0
862 4 0 0 0 0 0 2 0 0
883 14 0 0 2 0 0 0 0 0
884 14 0 0 8 0 0 2 0 0
940 6 2 1 0 0 0 0 0 0
942 4 0 0 0 0 0 0 0 0
943 4 0 0 0 0 0 0 0 0
fn=fflush
883 20 0 0 10 0 0 0 0 0
884 90 1 1 40 0 0 20 0 0
940 30 0 0 0 0 0 0 0 0
942 20 0 0 0 0 0 0 0 0
943 20 0 0 0 0 0 0 0 0
fn=fwrite
883 38 0 0 19 0 0 0 0 0
884 152 1 1 76 0 0 19 0 0
940 57 0 0 0 0 0 0 0 0
942 38 2 1 0 0 0 0 0 0
943 38 0 0 0 0 0 0 0 0
fl=./libio/./libio/strops.c
fn=_IO_str_init_static_internal
36 28 2 2 0 0 0 12 0 0
40 4 0 0 0 0 0 0 0 0
42 2 1 1 0 0 0 0 0 0
43 10 0 0 0 0 0 0 0 0
46 10 0 0 0 0 0 2 0 0
50 20 0 0 2 0 0 6 0 0
51 6 1 1 0 0 0 0 0 0
64 2 0 0 0 0 0 2 0 0
65 14 0 0 12 0 0 0 0 0
fl=./libio/./libio/vsnprintf.c
fn=__vsnprintf_internal
95 28 2 2 2 0 0 14 0 0
99 2 0 0 0 0 0 2 0 0
104 6 0 0 0 0 0 0 0 0
110 16 0 0 0 0 0 4 0 0
111 4 1 1 0 0 0 2 0 0
112 2 0 0 0 0 0 2 0 0
113 14 1 1 0 0 0 2 0 0
114 10 0 0 0 0 0 2 0 0
116 6 0 0 4 0 0 0 0 0
117 4 0 0 2 0 0 2 0 0
119 22 1 1 18 0 0 0 0 0
fn=vsnprintf
123 2 2 1 0 0 0 0 0 0
124 4 0 0 0 0 0 0 0 0
fl=./libio/./libio/vtables.c
fn=check_stdfiles_vtables
83 1 1 1 0 0 0 0 0 0
84 4 0 0 2 1 0 0 0 0
85 3 1 1 2 1 0 0 0 0
86 3 0 0 2 2 0 0 0 0
88 1 0 0 1 0 0 0 0 0
fl=./locale/./locale/newlocale.c
fn=newlocale
43 17 2 2 1 0 0 8 0 0
55 2 0 0 0 0 0 0 0 0
56 2 1 1 0 0 0 1 0 0
63 2 0 0 0 0 0 0 0 0
66 3 0 0 0 0 0 0 0 0
72 2 1 1 0 0 0 0 0 0
73 7 2 2 3 0 0 0 0 0
75 1 0 0 0 0 0 0 0 0
277 12 1 1 9 0 0 0 0 0
fl=./locale/./locale/uselocale.c
fn=uselocale
30 6 2 1 0 0 0 0 0 0
31 18 0 0 12 3 0 0 0 0
33 12 0 0 0 0 0 0 0 0
36 12 0 0 0 0 0 0 0 0
37 6 0 0 0 0 0 6 0 0
65 18 0 0 12 5 0 6 0 0
66 18 2 1 12 0 0 6 0 0
68 18 0 0 12 1 0 6 0 0
72 18 0 0 0 0 0 0 0 0
73 6 0 0 6 0 0 0 0 0
fl=./malloc/../sysdeps/unix/sysv/linux/tls-internal.h
fn=__libc_thread_freeres
34 360 0 0 240 19 0 120 0 0
35 360 0 0 240 19 0 120 0 0
fl=./malloc/./malloc/arena.c
fn=__malloc_arena_thread_freeres
61 45 0 0 45 0 0 0 0 0
156 225 0 0 0 0 0 0 0 0
162 705 1 1 45 0 0 0 0 0
999 960 9 1 0 0 0 720 0 0
1005 240 0 0 240 0 0 0 0 0
1006 120 0 0 0 0 0 120 0 0
1008 240 0 0 0 0 0 0 0 0
1010 480 8 1 120 0 0 0 0 0
1013 360 0 0 120 0 0 0 0 0
1014 360 0 0 0 0 0 120 0 0
1016 240 0 0 120 0 0 120 0 0
1017 120 0 0 0 0 0 120 0 0
1019 480 0 0 240 0 0 0 0 0
1021 960 0 0 840 0 0 0 0 0
fn=_int_free
61 16035 0 0 3207 0 0 0 0 0
156 6414 1 1 0 0 0 0 0 0
645 3207 0 0 0 0 0 0 0 0
651 9621 1 1 0 0 0 0 0 0
691 12828 2 2 3207 0 0 0 0 0
692 6414 1 1 3207 0 0 0 0 0
697 48 0 0 8 0 0 0 0 0
701 24 0 0 8 0 0 0 0 0
702 16 0 0 0 0 0 0 0 0
fn=alloc_new_heap
51 8 1 1 2 0 0 0 0 0
61 4 0 0 0 0 0 0 0 0
484 16 1 1 0 0 0 12 1 0
491 6 0 0 0 0 0 0 0 0
493 6 0 0 0 0 0 0 0 0
499 14 1 1 0 0 0 2 0 0
506 6 0 0 2 0 0 0 0 0
508 4 0 0 0 0 0 0 0 0
518 16 2 2 0 0 0 2 1 1
519 4 0 0 0 0 0 0 0 0
521 4 0 0 0 0 0 0 0 0
522 6 0 0 0 0 0 0 0 0
524 6 0 0 0 0 0 0 0 0
525 10 1 1 2 0 0 4 0 0
527 2 0 0 0 0 0 0 0 0
528 8 1 1 0 0 0 2 0 0
545 12 0 0 0 0 0 2 0 0
554 4 0 0 2 0 0 2 0 0
556 2 0 0 0 0 0 2 2 2
557 2 0 0 0 0 0 0 0 0
559 18 1 1 14 0 0 0 0 0
fn=arena_get2.part.0
565 6 2 1 2 0 0 0 0 0
576 16 0 0 4 3 0 2 0 0
725 4 0 0 0 0 0 0 0 0
744 4 2 1 2 0 0 0 0 0
746 4 0 0 0 0 0 0 0 0
755 6 2 1 0 0 0 2 0 0
757 2 0 0 0 0 0 2 0 0
759 6 0 0 2 0 0 4 2 2
762 2 0 0 0 0 0 0 0 0
763 2 2 1 0 0 0 0 0 0
764 4 0 0 0 0 0 0 0 0
765 4 0 0 0 0 0 0 0 0
766 2 2 1 0 0 0 2 0 0
767 8 0 0 0 0 0 2 0 0
769 2 0 0 0 0 0 0 0 0
770 4 0 0 4 0 0 0 0 0
771 2 0 0 0 0 0 2 0 0
772 2 0 0 0 0 0 2 0 0
774 8 0 0 2 0 0 0 0 0
777 4 2 1 2 2 0 2 0 0
782 2 0 0 0 0 0 2 0 0
784 8 0 0 4 0 0 0 0 0
786 8 0 0 2 0 0 0 0 0
788 8 2 1 4 0 0 0 0 0
800 8 0 0 2 0 0 0 0 0
924 14 0 0 0 0 0 10 0 0
934 6 2 2 2 0 0 0 0 0
936 6 0 0 2 1 0 0 0 0
938 6 2 1 4 1 0 0 0 0
959 6 0 0 0 0 0 0 0 0
961 14 2 1 4 0 0 0 0 0
971 14 2 1 12 0 0 0 0 0
fn=calloc
162 192 0 0 0 0 0 0 0 0
fn=free
61 10104 0 0 10104 208 0 0 0 0
156 50520 0 0 0 0 0 0 0 0
162 53070 0 0 10104 210 0 0 0 0
fn=get_free_list
725 236 0 0 0 0 0 0 0 0
809 360 2 1 0 0 0 360 11 0
810 240 0 0 240 0 0 0 0 0
811 2 1 1 0 0 0 0 0 0
812 240 0 0 120 1 0 0 0 0
814 472 1 1 118 0 0 0 0 0
815 118 0 0 118 0 0 0 0 0
816 236 0 0 0 0 0 0 0 0
818 236 0 0 118 11 0 118 0 0
821 236 0 0 118 0 0 0 0 0
822 118 0 0 0 0 0 118 0 0
826 472 6 1 236 0 0 0 0 0
828 236 0 0 0 0 0 0 0 0
830 118 0 0 0 0 0 0 0 0
831 472 0 0 118 11 0 0 0 0
832 118 0 0 0 0 0 118 0 0
837 600 1 0 480 0 0 0 0 0
fn=malloc
61 3117 0 0 3117 20 0 0 0 0
156 15585 0 0 0 0 0 0 0 0
162 16298 4 1 3117 0 0 0 0 0
315 1 1 1 0 0 0 1 0 0
fn=ptmalloc_init.part.0
313 6 1 1 1 0 0 3 0 0
318 1 0 0 0 0 0 1 0 0
343 2 2 2 1 0 0 0 0 0
347 3 0 0 1 1 0 1 0 0
352 4 0 0 0 0 0 1 0 0
353 4 1 1 0 0 0 1 0 0
354 4 0 0 0 0 0 1 0 0
355 4 0 0 0 0 0 1 0 0
356 4 1 1 0 0 0 1 0 0
357 4 0 0 0 0 0 1 0 0
358 4 0 0 0 0 0 1 0 0
360 4 1 1 0 0 0 1 0 0
361 4 0 0 0 0 0 1 0 0
362 4 0 0 0 0 0 1 0 0
365 4 0 0 0 0 0 1 0 0
366 4 1 1 0 0 0 1 0 0
367 2 0 0 1 1 1 0 0 0
430 7 0 0 5 0 0 0 0 0
fn=sysmalloc
565 22 7 1 0 0 0 22 0 0
fn=tcache_init.part.0
930 240 1 0 0 0 0 120 0 0
931 246 1 1 0 0 0 2 0 0
fl=./malloc/./malloc/malloc.c
fn=__malloc_arena_thread_freeres
3206 240 0 0 240 0 0 0 0 0
3208 240 0 0 120 0 0 120 0 0
3210 240 0 0 0 0 0 0 0 0
3214 360 0 0 0 0 0 120 0 0
3218 23160 8 1 7680 0 0 120 0 0
3220 23670 0 0 7845 108 0 0 0 0
3223 330 0 0 0 0 0 0 0 0
3224 165 2 1 0 0 0 165 0 0
3226 660 0 0 165 0 0 165 0 0
3231 360 0 0 0 0 0 120 0 0
3241 495 0 0 330 0 0 0 0 0
3364 330 0 0 330 0 0 0 0 0
3366 165 0 0 0 0 0 0 0 0
3368 495 2 1 165 0 0 0 0 0
3385 330 1 1 165 0 0 0 0 0
3391 495 2 1 0 0 0 165 0 0
3394 165 0 0 0 0 0 165 0 0
fn=_int_free
2012 10569 2 1 3523 23 0 0 0 0
3181 15192 2 1 7596 0 0 7596 0 0
3183 30384 0 0 7596 165 0 7596 0 0
3184 7596 0 0 0 0 0 7596 0 0
3185 15192 0 0 0 0 0 7596 0 0
4421 122309 4 2 11119 245 0 77833 281 0
4431 33357 0 0 11119 0 0 0 0 0
4437 55595 0 0 0 0 0 0 0 0
4438 22238 0 0 0 0 0 0 0 0
4442 44476 0 0 0 0 0 0 0 0
4449 21668 0 0 0 0 0 0 0 0
4450 77263 1 1 33072 125 0 0 0 0
4453 7653 0 0 0 0 0 0 0 0
4459 22959 0 0 15306 211 0 0 0 0
4479 38265 0 0 15306 143 0 0 0 0
4482 7596 0 0 0 0 0 0 0 0
4493 7046 1 1 3523 34 0 0 0 0
4504 484 0 0 121 0 0 0 0 0
4506 363 0 0 121 14 0 0 0 0
4527 121 0 0 0 0 0 121 14 0
4528 121 0 0 0 0 0 0 0 0
4529 242 3 2 0 0 0 0 0 0
4532 363 0 0 121 0 0 0 0 0
4534 363 0 0 121 0 0 0 0 0
4548 242 0 0 0 0 0 0 0 0
4551 726 0 0 0 0 0 121 0 0
4553 484 0 0 242 0 0 0 0 0
4554 242 0 0 0 0 0 0 0 0
4560 484 0 0 0 0 0 0 0 0
4569 6804 1 1 3402 0 0 0 0 0
4572 3402 0 0 3402 0 0 0 0 0
4575 13609 0 0 0 0 0 1 0 0
4576 17005 2 0 3401 6 0 3401 3 0
4578 3402 1 1 0 0 0 0 0 0
4582 10206 0 0 3402 38 0 0 0 0
4585 7134 0 0 3402 1 0 0 0 0
4587 495 2 1 165 6 0 0 0 0
4590 10206 0 0 3402 34 0 0 0 0
4593 6804 0 0 0 0 0 0 0 0
4594 6804 0 0 0 0 0 0 0 0
4595 6804 4 1 3402 41 0 0 0 0
4601 6804 0 0 3402 0 0 0 0 0
4602 97 0 0 97 0 0 0 0 0
4603 97 0 0 0 0 0 0 0 0
4604 97 0 0 0 0 0 0 0 0
4605 388 0 0 97 1 0 0 0 0
4607 194 0 0 0 0 0 97 0 0
4610 6804 5 1 3402 0 0 0 0 0
4615 382 0 0 191 74 0 0 0 0
4616 148 1 0 0 0 0 74 7 0
4617 148 0 0 0 0 0 0 0 0
4619 117 0 0 117 0 0 0 0 0
4627 191 0 0 0 0 0 0 0 0
4628 764 0 0 191 0 0 0 0 0
4629 382 0 0 191 0 0 0 0 0
4631 191 0 0 0 0 0 191 10 0
4633 382 0 0 0 0 0 0 0 0
4635 453 1 1 0 0 0 151 13 0
4638 191 0 0 0 0 0 191 0 0
4639 191 0 0 0 0 0 191 0 0
4641 573 0 0 0 0 0 191 0 0
4642 191 0 0 0 0 0 191 0 0
4653 3211 1 1 0 0 0 0 0 0
4654 9633 0 0 0 0 0 3211 0 0
4655 6422 0 0 0 0 0 3211 0 0
4672 6804 1 1 0 0 0 0 0 0
4673 9843 5 1 3281 0 0 0 0 0
4674 9 0 0 0 0 0 3 0 0
4676 9843 3 1 0 0 0 0 0 0
4678 3577 3 1 3429 7 0 0 0 0
4687 9621 0 0 3207 0 0 0 0 0
4688 6414 0 0 3207 44 0 3207 0 0
4692 10206 0 0 3402 0 0 0 0 0
4693 13604 1 0 6802 0 0 0 0 0
4702 122309 1 1 100071 0 0 0 0 0
fn=_int_malloc
1343 7088 2 1 0 0 0 0 0 0
1362 17716 2 1 0 0 0 0 0 0
2005 10642 9 3 3549 0 0 0 0 0
3177 53 0 0 6 0 0 47 0 0
3181 535 0 0 198 0 0 198 6 0
3183 508 5 1 88 3 0 192 0 0
3185 135 0 0 41 0 0 47 0 0
3186 12 0 0 0 0 0 0 0 0
3771 31896 1 1 0 0 0 21264 175 13
3811 7088 2 1 0 0 0 0 0 0
3838 7096 0 0 3544 113 0 0 0 0
3841 65 0 0 0 0 0 0 0 0
3843 96 0 0 92 2 0 0 0 0
3845 265 1 1 0 0 0 0 0 0
3847 130 1 1 0 0 0 0 0 0
3850 195 0 0 65 0 0 0 0 0
3851 65 0 0 65 0 0 0 0 0
3853 1322 2 2 195 0 0 0 0 0
3856 130 0 0 65 0 0 0 0 0
3857 130 1 1 0 0 0 0 0 0
3863 130 0 0 0 0 0 0 0 0
3864 390 0 0 195 0 0 0 0 0
3869 106 0 0 65 0 0 0 0 0
3870 530 2 2 212 0 0 0 0 0
3872 82 0 0 0 0 0 0 0 0
3874 164 0 0 41 0 0 0 0 0
3875 41 0 0 41 0 0 0 0 0
3878 590 0 0 123 0 0 0 0 0
3901 6904 0 0 0 0 0 0 0 0
3903 240 0 0 0 0 0 240 141 17
3904 1179 5 2 0 0 0 0 0 0
3906 756 0 0 252 77 0 0 0 0
3908 12 0 0 12 11 0 0 0 0
3909 24 0 0 12 4 0 0 0 0
3911 12 0 0 12 3 0 0 0 0
3912 12 0 0 0 0 0 12 0 0
3913 12 0 0 0 0 0 12 0 0
3915 36 5 1 0 0 0 0 0 0
3921 24 0 0 0 0 0 0 0 0
3922 72 0 0 36 0 0 0 0 0
3927 78 0 0 24 0 0 0 0 0
3928 36 0 0 0 0 0 0 0 0
3932 6 0 0 6 0 0 0 0 0
3933 6 0 0 6 4 0 0 0 0
3934 12 0 0 0 0 0 0 0 0
3936 6 0 0 0 0 0 6 0 0
3937 6 0 0 0 0 0 6 1 0
3944 12 0 0 0 0 0 0 0 0
3963 104038 8 4 0 0 0 32499 162 0
3964 9681 1 0 3227 3 0 0 0 0
3965 22 0 0 0 0 0 6 0 0
3982 16972 0 0 3346 0 0 6813 180 17
3983 10401 0 0 0 0 0 0 0 0
3984 10401 0 0 6934 0 0 0 0 0
3988 3467 0 0 0 0 0 3467 0 0
3993 139 0 0 0 0 0 0 0 0
3994 14255 0 0 3596 117 0 0 0 0
3996 175 0 0 175 12 0 0 0 0
3997 700 0 0 175 31 0 0 0 0
3998 175 0 0 0 0 0 0 0 0
4000 350 1 1 0 0 0 0 0 0
4001 525 0 0 175 37 0 0 0 0
4003 175 0 0 175 40 0 0 0 0
4004 700 0 0 0 0 0 0 0 0
4006 700 0 0 175 0 0 0 0 0
4008 350 1 1 175 2 0 0 0 0
4009 350 0 0 175 0 0 0 0 0
4011 350 0 0 0 0 0 0 0 0
4022 700 0 0 0 0 0 0 0 0
4023 146 1 1 73 0 0 0 0 0
4024 116 0 0 58 0 0 0 0 0
4025 278 0 0 0 0 0 139 0 0
4028 82 0 0 41 0 0 0 0 0
4029 41 0 0 0 0 0 0 0 0
4030 41 0 0 0 0 0 41 0 0
4031 123 0 0 0 0 0 41 0 0
4032 41 0 0 0 0 0 41 35 0
4033 82 0 0 0 0 0 0 0 0
4035 36 0 0 0 0 0 18 7 0
4039 328 1 1 0 0 0 41 0 0
4041 123 0 0 0 0 0 41 8 0
4042 41 0 0 0 0 0 41 0 0
4045 46 0 0 0 0 0 0 0 0
4053 134 0 0 0 0 0 134 0 0
4054 134 0 0 0 0 0 134 0 0
4058 268 0 0 0 0 0 0 0 0
4060 10 1 1 0 0 0 5 0 0
4061 13883 3 1 0 0 0 6934 0 0
4066 10 0 0 5 0 0 0 0 0
4067 437 1 1 288 0 0 139 0 0
4087 258 1 1 0 0 0 0 0 0
4089 84 0 0 0 0 0 0 0 0
4090 168 0 0 0 0 0 0 0 0
4091 42 0 0 42 23 0 0 0 0
4095 1356 4 2 0 0 0 0 0 0
4096 348 1 1 0 0 0 0 0 0
4097 87 0 0 87 58 0 0 0 0
4100 174 0 0 0 0 0 0 0 0
4103 8 2 1 0 0 0 4 0 0
4105 16 0 0 8 1 0 0 0 0
4106 8 0 0 4 0 0 0 0 0
4112 8 0 0 0 0 0 2 0 0
4113 2 0 0 2 0 0 0 0 0
4114 6 0 0 0 0 0 4 0 0
4118 10 2 1 4 0 0 0 0 0
4119 6 0 0 0 0 0 0 0 0
4121 1 0 0 1 0 0 0 0 0
4122 3 0 0 1 0 0 0 0 0
4125 2 0 0 0 0 0 0 0 0
4131 6 0 0 2 0 0 2 1 0
4133 6 0 0 4 0 0 0 0 0
4135 2 0 0 0 0 0 2 0 0
4136 6 0 0 2 0 0 2 0 0
4138 2 0 0 2 0 0 0 0 0
4139 4 0 0 2 0 0 0 0 0
4144 249 1 1 0 0 0 83 13 0
4147 774 2 1 129 47 0 0 0 0
4149 516 0 0 0 0 0 129 0 0
4150 129 0 0 0 0 0 129 3 0
4151 129 0 0 0 0 0 129 0 0
4156 258 0 0 258 0 0 0 0 0
4157 258 0 0 0 0 0 0 0 0
4158 417 0 0 139 0 0 139 0 0
4166 387 0 0 0 0 0 0 0 0
4183 6842 3 1 0 0 0 0 0 0
4185 12908 0 0 3227 0 0 0 0 0
4188 9681 0 0 3227 157 0 0 0 0
4189 4 0 0 2 1 0 0 0 0
4192 4 2 1 4 0 0 0 0 0
4193 12 0 0 2 0 0 0 0 0
4199 4 0 0 2 0 0 0 0 0
4204 4 0 0 0 0 0 0 0 0
4205 6 2 1 0 0 0 4 0 0
4208 6 0 0 2 0 0 0 0 0
4210 2 0 0 2 0 0 0 0 0
4211 6 2 1 0 0 0 0 0 0
4239 2 0 0 0 0 0 0 0 0
4256 6838 3 1 3419 0 0 0 0 0
4257 6838 0 0 0 0 0 0 0 0
4258 6838 0 0 0 0 0 0 0 0
4259 6838 0 0 3419 72 0 0 0 0
4260 10257 0 0 0 0 0 0 0 0
4265 7159 4 1 0 0 0 0 0 0
4269 20336 1 1 0 0 0 0 0 0
4272 14103 9 1 3518 0 0 0 0 0
4274 204 0 0 0 0 0 0 0 0
4275 102 0 0 0 0 0 0 0 0
4279 2210 0 0 0 0 0 0 0 0
4281 970 0 0 0 0 0 0 0 0
4283 1940 0 0 0 0 0 0 0 0
4287 135 0 0 135 57 0 0 0 0
4290 270 0 0 0 0 0 0 0 0
4292 255 1 1 0 0 0 51 0 0
4293 51 0 0 0 0 0 0 0 0
4294 51 0 0 0 0 0 0 0 0
4299 252 12 1 168 25 0 0 0 0
4302 168 0 0 0 0 0 0 0 0
4304 168 0 0 0 0 0 0 0 0
4307 336 0 0 0 0 0 252 2 0
4310 336 0 0 168 0 0 0 0 0
4312 1 0 0 1 0 0 0 0 0
4313 3 1 1 0 0 0 0 0 0
4320 83 0 0 0 0 0 0 0 0
4325 332 4 1 83 0 0 0 0 0
4326 166 0 0 83 0 0 0 0 0
4329 83 0 0 0 0 0 83 80 0
4330 83 0 0 0 0 0 83 0 0
4331 83 0 0 0 0 0 83 0 0
4334 166 0 0 0 0 0 0 0 0
4335 33 0 0 0 0 0 33 0 0
4336 166 0 0 0 0 0 0 0 0
4338 122 1 0 0 0 0 61 21 0
4341 664 1 1 0 0 0 83 0 0
4343 249 0 0 0 0 0 83 22 0
4344 83 0 0 0 0 0 83 0 0
4347 84 0 0 0 0 0 0 0 0
4369 3335 0 0 3335 0 0 0 0 0
4370 6670 0 0 3335 48 0 0 0 0
4372 6670 0 0 3335 45 0 0 0 0
4375 10061 5 1 0 0 0 56 0 0
4377 3307 0 0 0 0 0 0 0 0
4378 6614 5 1 3307 0 0 0 0 0
4379 3307 0 0 0 0 0 3307 0 0
4380 26456 2 1 0 0 0 3307 0 0
4382 6614 0 0 0 0 0 3307 145 66
4385 3307 0 0 0 0 0 0 0 0
4392 84 0 0 28 0 0 0 0 0
4397 7080 0 0 0 0 0 0 0 0
4399 3600 6 3 0 0 0 2160 32 0
4407 140 5 1 28 0 0 28 3 0
4408 56 0 0 0 0 0 0 0 0
4413 31896 3 2 24808 0 0 0 0 0
fn=alloc_new_heap
2028 8 0 0 2 0 0 0 0 0
fn=arena_get2.part.0
1966 766 0 0 0 0 0 0 0 0
1969 762 0 0 0 0 0 254 66 66
1973 6 0 0 0 0 0 0 0 0
1975 2 0 0 2 0 0 0 0 0
1978 2 0 0 0 0 0 2 0 0
fn=calloc
3624 384 8 1 0 0 0 256 0 0
3634 576 8 1 0 0 0 0 0 0
3642 128 0 0 64 0 0 0 0 0
3645 192 0 0 128 0 0 0 0 0
3647 192 0 0 64 0 0 0 0 0
3650 504 6 1 189 0 0 0 0 0
3657 64 1 1 64 15 0 0 0 0
3658 129 1 1 64 11 0 0 0 0
3665 190 0 0 0 0 0 0 0 0
3679 192 9 1 0 0 0 64 0 0
3681 448 15 1 64 3 0 0 0 0
3684 192 0 0 64 0 0 0 0 0
3686 126 0 0 0 0 0 0 0 0
3693 126 15 1 0 0 0 0 0 0
3694 252 0 0 126 0 0 0 0 0
3698 128 5 1 0 0 0 0 0 0
3701 256 2 1 0 0 0 0 0 0
3709 128 0 0 64 0 0 0 0 0
3712 128 0 0 0 0 0 0 0 0
3714 64 0 0 64 0 0 0 0 0
3721 256 0 0 0 0 0 0 0 0
3732 64 0 0 0 0 0 0 0 0
3734 128 0 0 0 0 0 0 0 0
3736 128 0 0 0 0 0 0 0 0
3737 192 0 0 0 0 0 0 0 0
3762 320 1 1 256 0 0 0 0 0
fn=free
3241 1086 2 2 442 0 0 423 0 0
3352 45936 2 1 0 0 0 21920 0 0
3356 26112 0 0 0 0 0 0 0 0
3364 21920 0 0 21920 613 0 0 0 0
3366 10960 0 0 0 0 0 0 0 0
3368 32880 2 1 10960 395 0 0 0 0
3372 18 0 0 6 6 0 0 0 0
3374 24 0 0 6 4 0 0 0 0
3376 8 0 0 0 0 0 4 0 0
3377 8 1 0 0 0 0 4 0 0
3378 4 0 0 0 0 0 0 0 0
3381 12 1 0 0 0 0 6 0 0
3385 32862 0 0 21908 248 0 0 0 0
3388 404 0 0 303 0 0 0 0 0
3391 21908 3 1 0 0 0 10954 144 0
3394 10960 0 0 0 0 0 10960 0 0
3395 45936 0 0 34976 0 0 0 0 0
fn=malloc
1343 21564 0 0 0 0 0 0 0 0
1362 53716 3 2 0 0 0 0 0 0
3193 14846 0 0 7423 271 0 0 0 0
3194 14846 0 0 0 0 0 0 0 0
3196 29692 0 0 7423 326 0 7423 0 0
3197 14846 0 0 0 0 0 7423 0 0
3198 7423 0 0 0 0 0 7423 0 0
3241 80 0 0 40 0 0 20 11 0
3287 64692 1 1 0 0 0 32346 47 0
3294 21564 0 0 10782 217 1 0 0 0
3304 31764 2 1 0 0 0 0 0 0
3306 43128 0 0 21564 462 0 0 0 0
3309 21564 0 0 10782 215 0 0 0 0
3310 60 0 0 15 0 0 0 0 0
3311 22779 3 1 7593 213 0 0 0 0
3319 10077 4 1 3359 74 0 0 0 0
3321 40 2 1 0 0 0 10 0 0
3322 50 0 0 10 0 0 0 0 0
3327 26792 0 0 10047 100 0 0 0 0
3329 10047 0 0 0 0 0 3349 43 0
3332 6698 1 1 0 0 0 0 0 0
3340 13396 0 0 6698 0 0 0 0 0
3344 26558 0 0 3349 6 0 0 0 0
3347 53910 4 0 43128 0 0 0 0 0
fn=malloc_consolidate
4715 72 3 1 0 0 0 54 0 0
4730 9 0 0 0 0 0 9 0 0
4732 18 0 0 0 0 0 9 0 0
4743 9 2 1 0 0 0 0 0 0
4745 180 0 0 180 0 0 0 0 0
4746 180 0 0 0 0 0 0 0 0
4749 30 9 1 0 0 0 0 0 0
4753 45 0 0 15 0 0 0 0 0
4754 60 0 0 0 0 0 0 0 0
4759 75 7 1 15 0 0 0 0 0
4762 30 0 0 0 0 0 0 0 0
4763 15 0 0 0 0 0 0 0 0
4764 45 0 0 15 0 0 0 0 0
4766 30 0 0 0 0 0 0 0 0
4775 30 2 1 15 1 0 0 0 0
4778 30 2 1 15 9 0 0 0 0
4779 1 1 1 0 0 0 0 0 0
4780 7 0 0 2 0 0 3 0 0
4782 28 0 0 0 0 0 14 0 0
4784 15 0 0 15 0 0 0 0 0
4785 30 0 0 0 0 0 15 0 0
4786 30 0 0 15 0 0 15 0 0
4788 30 0 0 0 0 0 0 0 0
4793 45 0 0 0 0 0 15 0 0
4795 15 0 0 0 0 0 15 0 0
4796 16 0 0 0 0 0 15 0 0
4805 36 0 0 0 0 0 0 0 0
4808 270 0 0 90 0 0 0 0 0
4809 72 0 0 63 0 0 0 0 0
fn=munmap_chunk
3044 6 3 1 0 0 0 0 0 0
3045 12 0 0 12 9 0 0 0 0
3046 18 0 0 6 0 0 0 0 0
3048 12 0 0 0 0 0 0 0 0
3050 6 0 0 0 0 0 0 0 0
3051 12 0 0 6 0 0 0 0 0
3052 12 3 1 6 0 0 0 0 0
3058 24 0 0 0 0 0 0 0 0
3059 30 0 0 0 0 0 0 0 0
3062 6 0 0 12 0 0 0 0 0
3063 18 0 0 12 0 0 0 0 0
3068 12 4 1 0 0 0 0 0 0
3069 6 0 0 0 0 0 0 0 0
fn=ptmalloc_init.part.0
1966 385 1 1 0 0 0 0 0 0
1969 381 0 0 0 0 0 127 33 32
1977 1 0 0 0 0 0 1 1 1
1978 1 0 0 0 0 0 1 1 1
1980 1 0 0 0 0 0 1 0 0
3162 7 1 1 0 0 0 1 0 0
fn=sysmalloc
2028 92 0 0 23 0 0 0 0 0
2548 252 2 1 0 0 0 168 19 0
2568 112 0 0 84 44 0 28 4 0
2579 56 8 1 0 0 0 0 0 0
2580 78 0 0 28 25 1 22 8 0
2581 18 2 0 12 5 0 0 0 0
2585 30 0 0 6 0 0 0 0 0
2594 24 3 0 0 0 0 6 0 0
2595 12 0 0 0 0 0 0 0 0
2606 22 0 0 22 0 0 0 0 0
2607 66 0 0 22 0 0 0 0 0
2608 22 0 0 0 0 0 0 0 0
2610 44 6 1 0 0 0 0 0 0
2617 235 3 0 0 0 0 0 0 0
2623 66 1 1 0 0 0 0 0 0
2626 66 0 0 0 0 0 0 0 0
2687 44 3 1 22 0 0 0 0 0
2696 88 0 0 22 0 0 0 0 0
2709 66 0 0 22 19 0 0 0 0
2713 3 1 1 0 0 0 1 0 0
2717 110 0 0 0 0 0 22 0 0
2725 44 3 1 0 0 0 0 0 0
2727 44 7 1 0 0 0 22 6 0
2728 66 0 0 22 0 0 0 0 0
2729 44 0 0 22 0 0 0 0 0
2730 22 0 0 0 0 0 0 0 0
2733 44 0 0 0 0 0 0 0 0
2764 44 4 1 22 1 0 0 0 0
2765 2 1 1 0 0 0 1 0 0
2766 110 0 0 44 0 0 22 0 0
2772 86 3 1 0 0 0 0 0 0
2773 84 0 0 0 0 0 21 0 0
2775 4 2 2 1 0 0 0 0 0
2815 3 1 1 0 0 0 0 0 0
2837 2 0 0 0 0 0 0 0 0
2838 7 0 0 0 0 0 0 0 0
2840 2 1 1 0 0 0 0 0 0
2841 4 0 0 0 0 0 2 0 0
2853 3 0 0 1 0 0 0 0 0
2895 1 0 0 0 0 0 1 0 0
2896 4 0 0 0 0 0 1 1 1
2897 5 1 1 2 0 0 1 0 0
2908 2 1 1 0 0 0 0 0 0
2941 44 4 1 22 0 0 0 0 0
2942 22 0 0 0 0 0 22 0 0
2946 21 0 0 21 0 0 0 0 0
2947 44 0 0 22 0 0 0 0 0
2950 44 0 0 0 0 0 0 0 0
2952 22 0 0 0 0 0 0 0 0
2953 22 0 0 0 0 0 0 0 0
2954 22 0 0 0 0 0 22 0 0
2955 176 4 1 0 0 0 22 0 0
2956 44 0 0 0 0 0 22 22 22
2958 44 0 0 0 0 0 0 0 0
2964 308 3 1 252 0 0 0 0 0
fn=sysmalloc_mmap.constprop.0
2028 24 0 0 6 0 0 0 0 0
2420 18 2 1 0 0 0 18 3 0
2433 18 0 0 0 0 0 0 0 0
2438 12 1 1 0 0 0 0 0 0
2441 60 0 0 0 0 0 6 0 0
2444 12 3 1 0 0 0 0 0 0
2448 12 0 0 0 0 0 0 0 0
2466 18 0 0 0 0 0 0 0 0
2484 6 0 0 0 0 0 6 6 6
2485 18 0 0 0 0 0 6 0 0
2489 18 2 1 12 0 0 0 0 0
2490 30 0 0 12 0 0 0 0 0
2493 18 0 0 12 0 0 0 0 0
2494 30 3 1 12 0 0 0 0 0
2499 30 0 0 24 0 0 0 0 0
fn=tcache_init.part.0
3235 363 2 1 0 0 0 242 100 13
3244 488 0 0 243 0 0 0 0 0
3245 486 1 1 0 0 0 121 0 0
3246 242 0 0 0 0 0 0 0 0
3253 6 2 1 0 0 0 0 0 0
3254 484 1 0 242 0 0 0 0 0
3261 242 0 0 0 0 0 0 0 0
3263 242 0 0 121 0 0 121 0 0
3264 10648 1 1 0 0 0 9801 146 27
3267 484 0 0 363 0 0 0 0 0
fn=unlink_chunk.constprop.0
1626 258 1 1 0 0 0 0 0 0
1628 1290 0 0 516 32 0 0 0 0
1631 1290 1 1 516 7 0 0 0 0
1632 258 0 0 258 0 0 0 0 0
1634 1032 0 0 516 12 0 0 0 0
1637 258 0 0 0 0 0 258 0 0
1638 258 0 0 0 0 0 258 0 0
1639 1128 0 0 204 1 0 0 0 0
1641 164 0 0 82 1 0 0 0 0
1642 492 0 0 164 0 0 0 0 0
1645 164 0 0 82 14 0 0 0 0
1659 82 0 0 0 0 0 82 0 0
1660 164 0 0 82 0 0 82 0 0
1663 516 1 1 258 0 0 0 0 0
fl=./malloc/./malloc/morecore.c
fn=__glibc_morecore
25 46 13 2 0 0 0 0 0 0
26 46 0 0 23 0 0 0 0 0
29 23 0 0 0 0 0 23 0 0
30 46 0 0 0 0 0 0 0 0
34 46 0 0 23 0 0 0 0 0
fl=./malloc/./malloc/scratch_buffer_set_array_size.c
fn=__libc_scratch_buffer_set_array_size
30 50 2 2 0 0 0 15 0 0
34 5 0 0 0 0 0 0 0 0
35 10 0 0 0 0 0 0 0 0
45 10 0 0 5 0 0 0 0 0
46 5 0 0 0 0 0 0 0 0
63 20 1 1 20 0 0 0 0 0
fl=./malloc/./malloc/thread-freeres.c
fn=__libc_thread_freeres
34 240 2 1 0 0 0 0 0 0
36 120 0 0 0 0 0 120 0 0
38 120 0 0 0 0 0 120 0 0
40 120 2 0 0 0 0 120 0 0
44 120 0 0 0 0 0 0 0 0
45 120 0 0 0 0 0 0 0 0
fl=./math/../sysdeps/ieee754/dbl-64/e_exp2.c
fn=exp2@@GLIBC_2.29
86 42 0 0 0 0 0 0 0 0
91 21 1 1 0 0 0 0 0 0
97 21 0 0 0 0 0 0 0 0
98 63 1 1 0 0 0 0 0 0
101 18 1 1 0 0 0 0 0 0
104 18 1 1 18 1 1 0 0 0
123 48 0 0 12 1 1 0 0 0
125 12 0 0 0 0 0 0 0 0
126 12 0 0 0 0 0 0 0 0
128 36 0 0 0 0 0 0 0 0
129 24 0 0 0 0 0 0 0 0
132 12 0 0 12 2 2 0 0 0
135 24 0 0 0 0 0 0 0 0
138 156 1 1 72 1 1 0 0 0
139 24 0 0 0 0 0 0 0 0
144 36 0 0 12 0 0 0 0 0
fl=./math/../sysdeps/ieee754/dbl-64/math_config.h
fn=exp2@@GLIBC_2.29
67 33 0 0 0 0 0 0 0 0
79 12 0 0 0 0 0 0 0 0
fl=./math/../sysdeps/ieee754/dbl-64/s_llround.c
fn=lround
33 393216 1 1 0 0 0 0 0 0
39 393216 0 0 0 0 0 0 0 0
40 1572864 0 0 0 0 0 0 0 0
41 1179648 0 0 0 0 0 0 0 0
42 23172 0 0 0 0 0 0 0 0
43 11586 0 0 0 0 0 0 0 0
45 786432 0 0 0 0 0 0 0 0
47 786432 1 1 0 0 0 0 0 0
48 1144890 0 0 0 0 0 0 0 0
49 23172 0 0 0 0 0 0 0 0
53 46344 1 1 0 0 0 0 0 0
55 46344 0 0 0 0 0 0 0 0
73 11586 0 0 0 0 0 0 0 0
74 786432 0 0 393216 0 0 0 0 0
fl=./math/../sysdeps/x86_64/fpu/multiarch/e_asin.c
fn=__acos_finite@GLIBC_2.15
35 1 1 1 0 0 0 0 0 0
fn=__asin_finite@GLIBC_2.15
27 2 1 1 1 0 0 0 0 0
fl=./math/../sysdeps/x86_64/fpu/multiarch/e_atan2.c
fn=__atan2_finite@GLIBC_2.15
26 2 1 1 1 0 0 0 0 0
fl=./math/../sysdeps/x86_64/fpu/multiarch/e_exp.c
fn=__exp_finite@GLIBC_2.15
27 2 2 2 1 0 0 0 0 0
fl=./math/../sysdeps/x86_64/fpu/multiarch/e_exp2f.c
fn=exp2f@@GLIBC_2.27
27 2 1 1 1 0 0 0 0 0
fl=./math/../sysdeps/x86_64/fpu/multiarch/e_expf.c
fn=expf@@GLIBC_2.27
27 2 1 1 1 0 0 0 0 0
fl=./math/../sysdeps/x86_64/fpu/multiarch/e_log.c
fn=__log_finite@GLIBC_2.15
27 2 2 2 1 0 0 0 0 0
fl=./math/../sysdeps/x86_64/fpu/multiarch/e_log2f.c
fn=log2f@@GLIBC_2.27
27 2 1 1 1 0 0 0 0 0
fl=./math/../sysdeps/x86_64/fpu/multiarch/e_logf.c
fn=logf@@GLIBC_2.27
27 2 1 1 1 0 0 0 0 0
fl=./math/../sysdeps/x86_64/fpu/multiarch/e_pow.c
fn=__pow_finite@GLIBC_2.15
27 2 1 1 1 0 0 0 0 0
fl=./math/../sysdeps/x86_64/fpu/multiarch/e_powf.c
fn=powf@@GLIBC_2.27
30 1 1 1 0 0 0 0 0 0
fl=./math/../sysdeps/x86_64/fpu/multiarch/ifunc-avx-fma4.h
fn=__atan2_finite@GLIBC_2.15
32 5 1 1 2 0 0 0 0 0
33 2 0 0 1 0 0 0 0 0
fn=__exp_finite@GLIBC_2.15
32 5 0 0 2 0 0 0 0 0
33 2 0 0 1 0 0 0 0 0
fn=__log_finite@GLIBC_2.15
32 5 0 0 2 0 0 0 0 0
33 2 0 0 1 0 0 0 0 0
fn=cos
32 5 1 1 2 0 0 0 0 0
33 2 0 0 1 0 0 0 0 0
fn=sin
32 5 0 0 2 0 0 0 0 0
33 2 0 0 1 0 0 0 0 0
fl=./math/../sysdeps/x86_64/fpu/multiarch/ifunc-fma.h
fn=cosf
29 4 1 1 2 0 0 0 0 0
30 3 0 0 1 0 0 0 0 0
fn=exp2f@@GLIBC_2.27
29 4 0 0 2 0 0 0 0 0
30 3 1 1 1 0 0 0 0 0
fn=expf@@GLIBC_2.27
29 4 1 1 2 0 0 0 0 0
30 3 0 0 1 0 0 0 0 0
fn=log2f@@GLIBC_2.27
29 4 0 0 2 0 0 0 0 0
30 3 1 1 1 0 0 0 0 0
fn=logf@@GLIBC_2.27
29 4 0 0 2 0 0 0 0 0
30 3 0 0 1 0 0 0 0 0
fn=powf@@GLIBC_2.27
29 4 0 0 2 0 0 0 0 0
30 4 0 0 2 0 0 0 0 0
fn=sincosf
29 4 1 1 2 0 0 0 0 0
30 3 0 0 1 0 0 0 0 0
fn=sinf
29 4 0 0 2 0 0 0 0 0
30 3 0 0 1 0 0 0 0 0
fl=./math/../sysdeps/x86_64/fpu/multiarch/ifunc-fma4.h
fn=__acos_finite@GLIBC_2.15
31 4 0 0 2 0 0 0 0 0
32 2 1 1 1 0 0 0 0 0
35 1 0 0 1 0 0 0 0 0
fn=__asin_finite@GLIBC_2.15
31 4 0 0 2 0 0 0 0 0
32 2 0 0 1 0 0 0 0 0
fn=__pow_finite@GLIBC_2.15
31 4 0 0 2 0 0 0 0 0
32 2 0 0 1 0 0 0 0 0
fl=./math/../sysdeps/x86_64/fpu/multiarch/s_cosf.c
fn=cosf
26 2 1 1 1 0 0 0 0 0
fl=./math/../sysdeps/x86_64/fpu/multiarch/s_fma.c
fn=fma
49 6 1 1 3 0 0 0 0 0
fl=./math/../sysdeps/x86_64/fpu/multiarch/s_sin.c
fn=cos
34 2 1 1 1 0 0 0 0 0
fn=sin
27 2 1 1 1 0 0 0 0 0
fl=./math/../sysdeps/x86_64/fpu/multiarch/s_sincosf.c
fn=sincosf
26 2 1 1 1 0 0 0 0 0
fl=./math/../sysdeps/x86_64/fpu/multiarch/s_sinf.c
fn=sinf
26 2 1 1 1 0 0 0 0 0
fl=./misc/../sysdeps/unix/syscall-template.S
fn=madvise
117 600 2 2 0 0 0 0 0 0
122 120 0 0 120 0 0 0 0 0
fn=mprotect
117 375 2 2 0 0 0 0 0 0
122 75 0 0 75 0 0 0 0 0
fn=munmap
117 355 11 2 0 0 0 0 0 0
122 71 0 0 71 0 0 0 0 0
fl=./misc/../sysdeps/unix/sysv/linux/brk.c
fn=brk
35 23 7 1 0 0 0 0 0 0
36 92 0 0 23 0 0 23 0 0
37 46 0 0 0 0 0 0 0 0
43 23 0 0 0 0 0 0 0 0
44 23 0 0 23 0 0 0 0 0
fl=./misc/../sysdeps/unix/sysv/linux/clone-internal.c
fn=__clone_internal
49 1080 7 2 0 0 0 600 6 0
53 240 0 0 240 17 0 0 0 0
54 480 0 0 0 0 0 120 0 0
55 480 0 0 120 0 0 0 0 0
60 120 1 1 0 0 0 120 0 0
66 240 0 0 240 0 0 0 0 0
81 240 0 0 240 0 0 0 0 0
83 960 0 0 360 0 0 240 0 0
88 240 0 0 240 0 0 0 0 0
89 720 0 0 720 17 0 0 0 0
fl=./misc/../sysdeps/unix/sysv/linux/getpagesize.c
fn=getpagesize
27 240 2 1 0 0 0 0 0 0
28 960 0 0 480 39 0 0 0 0
30 240 0 0 240 0 0 0 0 0
fl=./misc/../sysdeps/unix/sysv/linux/mmap64.c
fn=mmap
47 196 2 2 0 0 0 0 0 0
50 196 0 0 0 0 0 0 0 0
58 392 0 0 0 0 0 0 0 0
60 98 0 0 98 0 0 0 0 0
fl=./misc/../sysdeps/unix/sysv/linux/writev.c
fn=writev
25 5 1 1 0 0 0 3 0 0
26 16 1 1 5 0 0 3 0 0
27 2 0 0 1 0 0 0 0 0
fl=./misc/../sysdeps/unix/sysv/linux/x86_64/clone.S
fn=clone
52 120 1 1 0 0 0 0 0 0
54 120 0 0 0 0 0 0 0 0
55 120 0 0 0 0 0 0 0 0
56 120 0 0 0 0 0 0 0 0
59 120 0 0 0 0 0 0 0 0
60 120 0 0 0 0 0 0 0 0
63 120 0 0 0 0 0 120 112 14
65 120 0 0 0 0 0 0 0 0
69 120 0 0 0 0 0 120 0 0
72 120 0 0 0 0 0 0 0 0
73 120 0 0 0 0 0 0 0 0
74 120 0 0 0 0 0 0 0 0
75 120 0 0 120 0 0 0 0 0
76 120 0 0 0 0 0 0 0 0
81 120 0 0 0 0 0 0 0 0
83 240 0 0 0 0 0 0 0 0
84 240 0 0 0 0 0 0 0 0
85 240 0 0 0 0 0 0 0 0
87 120 0 0 120 17 0 0 0 0
95 120 0 0 0 0 0 0 0 0
98 120 1 1 120 7 0 0 0 0
99 120 0 0 120 0 0 0 0 0
100 120 0 0 0 0 0 120 0 0
fl=./misc/../sysdeps/unix/sysv/linux/x86_64/clone3.S
fn=clone3
42 120 7 1 0 0 0 0 0 0
44 120 0 0 0 0 0 0 0 0
45 120 0 0 0 0 0 0 0 0
46 120 0 0 0 0 0 0 0 0
47 120 0 0 0 0 0 0 0 0
48 120 0 0 0 0 0 0 0 0
52 120 0 0 0 0 0 0 0 0
55 120 0 0 0 0 0 0 0 0
60 120 0 0 0 0 0 0 0 0
62 120 0 0 0 0 0 0 0 0
63 120 0 0 0 0 0 0 0 0
89 600 0 0 240 0 0 120 0 0
fl=./misc/./misc/init-misc.c
fn=__init_misc
30 5 2 2 0 0 0 2 0 0
31 5 0 0 1 0 0 0 0 0
33 3 0 0 0 0 0 1 0 0
37 5 0 0 1 0 0 1 1 0
38 3 0 0 2 0 0 1 0 0
40 4 0 0 3 0 0 0 0 0
fl=./misc/./misc/sbrk.c
fn=sbrk
37 115 7 1 0 0 0 69 7 0
40 46 0 0 46 43 0 0 0 0
43 46 0 0 23 21 0 0 0 0
58 46 3 1 0 0 0 0 0 0
59 4 0 0 0 0 0 1 0 0
62 46 0 0 0 0 0 0 0 0
63 2 0 0 2 0 0 0 0 0
66 88 5 1 0 0 0 0 0 0
74 66 0 0 0 0 0 22 0 0
78 115 0 0 92 0 0 0 0 0
fl=./nptl/../include/list.h
fn=__nptl_deallocate_stack
43 120 0 0 0 0 0 120 0 0
44 240 8 1 0 0 0 120 0 0
45 120 0 0 0 0 0 120 0 0
47 120 0 0 0 0 0 120 0 0
55 360 2 1 240 0 0 120 0 0
56 120 0 0 0 0 0 120 105 0
fn=__nptl_free_stacks
55 180 0 0 120 0 0 60 0 0
56 60 0 0 0 0 0 60 3 0
fn=__nptl_stack_list_add
45 120 0 0 0 0 0 120 16 0
47 120 0 0 0 0 0 120 0 0
fn=__nptl_stack_list_del
55 168 0 0 112 0 0 56 35 0
56 56 0 0 0 0 0 56 0 0
fl=./nptl/../sysdeps/nptl/futex-internal.h
fn=__pthread_once_slow
146 2 0 0 0 0 0 0 0 0
147 2 0 0 0 0 0 0 0 0
209 16 0 0 0 0 0 0 0 0
fl=./nptl/../sysdeps/unix/sysv/linux/internal-signals.h
fn=pthread_create@@GLIBC_2.34
76 840 2 1 0 0 0 0 0 0
110 720 0 0 0 0 0 0 0 0
fn=start_thread
110 600 1 1 0 0 0 0 0 0
fl=./nptl/../sysdeps/unix/sysv/linux/rseq-internal.h
fn=start_thread
32 360 7 1 0 0 0 0 0 0
40 120 0 0 0 0 0 120 69 14
fl=./nptl/../sysdeps/unix/sysv/linux/sigsetops.h
fn=pthread_create@@GLIBC_2.34
54 1 0 0 0 0 0 1 0 0
104 2 0 0 1 0 0 0 0 0
112 120 2 1 120 0 0 0 0 0
113 120 0 0 0 0 0 0 0 0
fn=start_thread
112 360 1 1 120 0 0 120 25 0
fl=./nptl/../sysdeps/unix/sysv/linux/x86/elision-conf.c
fn=__lll_elision_init
96 6 1 1 1 0 0 2 0 0
101 5 1 1 0 0 0 1 0 0
103 4 0 0 0 0 0 1 0 0
105 4 0 0 0 0 0 1 0 0
107 4 0 0 0 0 0 1 0 0
109 4 1 1 0 0 0 1 0 0
113 3 0 0 1 1 1 0 0 0
114 1 0 0 0 0 0 1 1 1
115 6 0 0 4 0 0 0 0 0
fl=./nptl/../sysdeps/x86/nptl/tls-setup.h
fn=pthread_create@@GLIBC_2.34
22 240 0 0 120 25 0 120 110 14
fl=./nptl/./nptl-stack.h
fn=pthread_create@@GLIBC_2.34
58 1200 1 1 360 25 0 120 0 0
fl=./nptl/./nptl/alloca_cutoff.c
fn=__libc_alloca_cutoff
27 2 1 1 0 0 0 0 0 0
28 18 0 0 2 1 0 0 0 0
35 2 0 0 2 0 0 0 0 0
fl=./nptl/./nptl/allocatestack.c
fn=pthread_create@@GLIBC_2.34
60 168 0 0 56 0 0 0 0 0
63 480 0 0 120 24 0 0 0 0
71 480 1 1 120 24 0 0 0 0
75 56 0 0 0 0 0 0 0 0
76 336 1 1 112 70 0 0 0 0
78 56 0 0 0 0 0 0 0 0
80 112 5 1 0 0 0 0 0 0
93 224 1 1 112 0 0 0 0 0
96 256 10 1 128 0 0 0 0 0
102 56 0 0 0 0 0 56 46 0
105 280 0 0 0 0 0 112 0 0
108 168 1 1 0 0 0 56 0 0
111 168 0 0 112 0 0 56 0 0
114 224 0 0 112 0 0 0 0 0
117 112 0 0 56 0 0 56 0 0
118 112 0 0 56 0 0 56 0 0
121 56 0 0 0 0 0 56 49 0
122 56 1 1 0 0 0 56 47 0
123 112 0 0 0 0 0 56 0 0
124 56 0 0 0 0 0 56 0 0
125 56 1 1 0 0 0 56 0 0
128 56 0 0 0 0 0 56 48 0
131 56 0 0 0 0 0 56 0 0
132 112 0 0 0 0 0 56 45 0
135 56 0 0 56 47 0 0 0 0
136 2856 0 0 952 49 0 0 0 0
137 4480 0 0 896 192 0 896 0 0
138 280 0 0 0 0 0 56 0 0
141 168 0 0 0 0 0 56 0 0
167 128 0 0 0 0 0 0 0 0
171 448 0 0 128 0 0 128 0 0
220 480 1 1 0 0 0 120 0 0
224 240 0 0 0 0 0 0 0 0
229 360 0 0 120 0 0 0 0 0
239 240 0 0 120 0 0 0 0 0
332 240 0 0 0 0 0 120 0 0
333 720 0 0 240 50 0 0 0 0
337 240 0 0 0 0 0 0 0 0
347 720 1 1 120 0 0 120 0 0
351 480 0 0 0 0 0 0 0 0
355 240 0 0 0 0 0 0 0 0
356 360 0 0 120 0 0 0 0 0
357 120 0 0 0 0 0 0 0 0
370 832 1 1 192 0 0 320 0 0
373 320 0 0 192 0 0 0 0 0
378 128 0 0 64 0 0 0 0 0
383 128 0 0 64 0 0 0 0 0
384 64 0 0 0 0 0 0 0 0
393 192 1 1 64 0 0 0 0 0
405 128 0 0 64 0 0 64 64 14
406 64 0 0 0 0 0 64 0 0
414 128 0 0 0 0 0 64 64 14
417 64 0 0 0 0 0 64 64 14
419 64 0 0 0 0 0 64 16 0
427 64 1 1 0 0 0 64 64 14
430 256 0 0 0 0 0 64 0 0
443 256 1 1 64 0 0 0 0 0
446 320 0 0 0 0 0 128 0 0
448 256 0 0 128 0 0 0 0 0
455 448 1 1 128 0 0 64 0 0
478 360 1 1 240 0 0 0 0 0
507 600 1 1 360 0 0 0 0 0
545 240 0 0 120 0 0 120 0 0
550 120 2 1 0 0 0 120 0 0
555 120 0 0 0 0 0 120 0 0
558 120 0 0 0 0 0 120 0 0
560 480 2 1 0 0 0 120 0 0
571 360 0 0 120 0 0 0 0 0
576 240 0 0 120 0 0 0 0 0
fn=start_thread
190 240 0 0 0 0 0 120 0 0
192 600 1 1 0 0 0 0 0 0
193 240 0 0 120 0 0 0 0 0
194 240 0 0 0 0 0 0 0 0
195 600 1 1 0 0 0 120 0 0
fl=./nptl/./nptl/cancellation.c
fn=__pthread_disable_asynccancel
56 9 5 1 0 0 0 0 0 0
59 18 0 0 0 0 0 0 0 0
63 18 0 0 9 0 0 9 0 0
64 9 0 0 9 0 0 0 0 0
fn=__pthread_enable_asynccancel
31 9 2 1 0 0 0 0 0 0
32 9 0 0 9 0 0 0 0 0
34 27 3 1 9 6 0 0 0 0
35 9 0 0 0 0 0 9 0 0
37 9 0 0 9 1 0 0 0 0
39 18 0 0 9 0 0 0 0 0
42 27 0 0 0 0 0 0 0 0
49 9 0 0 9 0 0 0 0 0
fl=./nptl/./nptl/cleanup_compat.c
fn=_pthread_cleanup_pop@@GLIBC_2.34
40 122 3 1 0 0 0 0 0 0
43 244 0 0 122 0 0 122 0 0
47 244 0 0 0 0 0 0 0 0
49 122 0 0 122 0 0 0 0 0
fn=_pthread_cleanup_push@@GLIBC_2.34
25 122 10 1 0 0 0 0 0 0
28 122 0 0 0 0 0 122 0 0
29 122 0 0 0 0 0 122 0 0
30 244 0 0 122 2 0 122 0 0
32 122 0 0 0 0 0 122 0 0
33 122 0 0 122 0 0 0 0 0
fl=./nptl/./nptl/futex-internal.c
fn=__futex_abstimed_wait_cancelable64
57 114 6 2 24 0 0 18 0 0
77 12 2 1 0 0 0 0 0 0
80 12 0 0 0 0 0 0 0 0
83 18 0 0 0 0 0 0 0 0
84 12 0 0 0 0 0 0 0 0
103 48 0 0 6 0 0 6 0 0
113 6 0 0 0 0 0 0 0 0
138 36 2 1 0 0 0 18 0 0
141 42 1 1 24 0 0 12 0 0
fl=./nptl/./nptl/libc-cleanup.c
fn=__libc_cleanup_pop_restore
39 6 3 1 0 0 0 0 0 0
42 12 0 0 6 0 0 6 0 0
44 12 0 0 6 0 0 6 0 0
45 12 0 0 0 0 0 0 0 0
47 6 0 0 6 0 0 0 0 0
fn=__libc_cleanup_push_defer
24 6 3 1 0 0 0 0 0 0
27 12 0 0 6 1 0 6 0 0
30 24 0 0 6 3 0 6 0 0
31 6 0 0 0 0 0 6 0 0
33 6 0 0 0 0 0 6 0 0
34 6 0 0 6 0 0 0 0 0
fl=./nptl/./nptl/nptl-stack.c
fn=__nptl_deallocate_stack
28 120 0 0 0 0 0 120 0 0
36 120 0 0 0 0 0 120 0 0
43 480 0 0 120 0 0 120 0 0
51 120 0 0 0 0 0 120 0 0
103 360 0 0 240 0 0 120 0 0
104 360 8 1 120 0 0 0 0 0
106 120 6 1 0 0 0 60 0 0
111 600 2 1 0 0 0 240 0 0
112 600 0 0 240 0 0 0 0 0
116 120 0 0 0 0 0 0 0 0
122 240 0 0 120 0 0 0 0 0
128 480 0 0 240 0 0 0 0 0
129 480 0 0 360 0 0 0 0 0
fn=__nptl_free_stacks
28 60 1 1 0 0 0 60 0 0
36 60 0 0 0 0 0 60 0 0
57 420 0 0 0 0 0 300 0 0
64 360 1 1 180 0 0 0 0 0
68 60 0 0 0 0 0 0 0 0
69 180 0 0 60 0 0 0 0 0
75 180 0 0 120 14 0 60 0 0
78 120 8 1 0 0 0 60 0 0
82 300 0 0 120 0 0 60 0 0
86 120 0 0 60 0 0 0 0 0
90 360 0 0 360 0 0 0 0 0
fn=__nptl_stack_list_add
42 120 1 1 0 0 0 0 0 0
43 1080 1 1 240 0 0 240 64 14
51 120 0 0 0 0 0 120 0 0
52 120 0 0 120 0 0 0 0 0
fn=__nptl_stack_list_del
27 56 0 0 0 0 0 0 0 0
28 112 0 0 56 0 0 56 0 0
36 56 0 0 0 0 0 56 0 0
37 56 0 0 56 0 0 0 0 0
fl=./nptl/./nptl/nptl_deallocate_tsd.c
fn=__nptl_deallocate_tsd
23 120 8 1 0 0 0 0 0 0
28 480 8 1 120 0 0 0 0 0
110 120 1 1 120 0 0 0 0 0
fl=./nptl/./nptl/nptl_free_tcb.c
fn=__nptl_free_tcb
25 360 1 1 0 0 0 120 0 0
27 480 0 0 240 87 0 0 0 0
30 360 0 0 120 114 0 0 0 0
41 240 0 0 0 0 0 0 0 0
43 120 0 0 120 0 0 0 0 0
fl=./nptl/./nptl/pthread_attr_copy.c
fn=__pthread_attr_copy
25 1320 3 2 120 0 0 600 24 0
29 960 0 0 480 24 0 480 7 0
32 120 2 1 0 0 0 120 0 0
38 360 0 0 120 0 0 0 0 0
61 960 2 1 480 0 0 480 20 0
62 120 0 0 0 0 0 0 0 0
63 1200 0 0 840 0 0 0 0 0
fl=./nptl/./nptl/pthread_attr_destroy.c
fn=pthread_attr_destroy
26 120 7 1 0 0 0 0 0 0
36 360 0 0 120 1 0 0 0 0
44 240 0 0 120 0 0 0 0 0
fl=./nptl/./nptl/pthread_create.c
fn=create_thread
234 1680 10 2 120 0 0 840 0 0
238 360 0 0 120 0 0 0 0 0
239 240 0 0 0 0 0 0 0 0
242 240 1 1 120 0 0 0 0 0
245 360 0 0 120 0 0 120 0 0
246 240 0 0 0 0 0 0 0 0
285 1440 1 1 120 0 0 1080 0 0
288 120 0 0 0 0 0 0 0 0
295 480 1 1 0 0 0 120 0 0
296 240 0 0 0 0 0 0 0 0
301 120 0 0 0 0 0 120 17 0
304 240 0 0 0 0 0 0 0 0
307 240 0 0 0 0 0 0 0 0
319 240 1 1 120 0 0 0 0 0
330 120 0 0 0 0 0 0 0 0
331 1200 0 0 960 34 0 0 0 0
fn=pthread_create@@GLIBC_2.34
79 2 0 0 0 0 0 1 0 0
80 1 1 1 0 0 0 1 0 0
81 4 1 1 0 0 0 1 0 0
88 6 0 0 0 0 0 0 0 0
604 480 2 1 120 0 0 0 0 0
621 1800 2 2 120 0 0 1320 8 0
627 360 0 0 240 25 0 0 0 0
630 2 1 1 0 0 0 1 0 0
636 120 0 0 120 0 0 0 0 0
637 480 0 0 120 0 0 0 0 0
639 480 0 0 0 0 0 120 7 0
640 240 0 0 0 0 0 0 0 0
642 240 0 0 0 0 0 120 0 0
666 120 0 0 0 0 0 120 0 0
669 120 0 0 0 0 0 120 0 0
675 240 0 0 120 0 0 120 64 14
676 240 0 0 120 0 0 120 0 0
677 120 0 0 0 0 0 120 64 14
680 120 0 0 120 0 0 0 0 0
681 960 2 1 120 0 0 120 64 14
682 360 0 0 120 26 0 0 0 0
686 120 0 0 120 24 0 0 0 0
692 480 0 0 0 0 0 120 0 0
695 480 0 0 240 25 0 240 0 0
700 240 2 1 120 24 0 120 0 0
701 240 0 0 120 0 0 120 0 0
705 240 0 0 120 0 0 120 0 0
710 240 0 0 120 0 0 120 0 0
722 240 7 1 0 0 0 0 0 0
723 240 4 1 0 0 0 0 0 0
743 240 0 0 120 12 0 0 0 0
744 264 0 0 88 0 0 88 0 0
747 360 0 0 120 0 0 120 0 0
749 120 0 0 0 0 0 0 0 0
759 120 0 0 240 0 0 0 0 0
764 240 0 0 0 0 0 240 0 0
772 360 0 0 120 0 0 0 0 0
783 1920 9 2 960 20 0 960 220 28
828 840 2 1 0 0 0 120 0 0
835 328 0 0 0 0 0 88 0 0
875 240 0 0 120 0 0 0 0 0
885 240 1 0 0 0 0 120 0 0
889 240 0 0 120 17 0 0 0 0
890 240 0 0 0 0 0 120 0 0
893 2400 2 2 1080 33 0 120 21 0
fn=start_thread
336 960 1 1 120 4 0 480 111 14
343 240 0 0 120 4 0 0 0 0
365 480 1 1 240 10 0 120 6 0
368 120 0 0 0 0 0 120 0 0
372 120 0 0 120 9 0 0 0 0
373 240 0 0 0 0 0 0 0 0
383 600 0 0 120 0 0 0 0 0
400 480 6 1 0 0 0 120 0 0
414 240 0 0 0 0 0 120 0 0
418 600 0 0 360 0 0 0 0 0
421 240 0 0 0 0 0 0 0 0
424 240 0 0 0 0 0 120 0 0
426 240 0 0 120 0 0 0 0 0
428 120 0 0 0 0 0 0 0 0
432 240 0 0 120 7 0 0 0 0
442 480 6 2 360 5 0 120 0 0
443 120 0 0 0 0 0 120 18 0
450 120 1 1 0 0 0 120 0 0
453 120 0 0 0 0 0 120 0 0
456 120 0 0 0 0 0 120 0 0
459 360 0 0 240 0 0 0 0 0
490 240 0 0 360 17 0 0 0 0
492 480 0 0 240 14 0 0 0 0
505 120 0 0 0 0 0 0 0 0
506 600 0 0 0 0 0 0 0 0
513 600 1 1 120 0 0 0 0 0
514 240 0 0 120 0 0 120 0 0
515 480 0 0 240 0 0 0 0 0
550 360 0 0 240 0 0 0 0 0
551 240 0 0 240 25 0 0 0 0
554 360 0 0 240 2 0 0 0 0
571 360 1 1 240 0 0 0 0 0
594 600 0 0 0 0 0 0 0 0
fl=./nptl/./nptl/pthread_getattr_default_np.c
fn=pthread_getattr_default_np@@GLIBC_2.34
24 480 2 2 0 0 0 120 0 0
25 480 0 0 120 26 1 0 0 0
26 360 0 0 0 0 0 120 0 0
27 480 0 0 240 0 0 0 0 0
29 360 0 0 240 0 0 0 0 0
fl=./nptl/./nptl/pthread_join.c
fn=pthread_join@@GLIBC_2.34
23 120 2 1 0 0 0 0 0 0
24 480 2 1 0 0 0 0 0 0
fl=./nptl/./nptl/pthread_join_common.c
fn=__pthread_clockjoin_ex
39 1320 8 1 120 0 0 840 0 0
43 720 0 0 120 15 0 0 0 0
48 240 0 0 120 61 0 0 0 0
52 480 8 1 120 0 0 0 0 0
55 120 0 0 0 0 0 0 0 0
57 240 0 0 0 0 0 0 0 0
58 240 0 0 120 0 0 0 0 0
77 480 0 0 120 0 0 0 0 0
87 240 0 0 0 0 0 0 0 0
92 480 30 2 0 0 0 240 0 0
97 618 0 0 126 0 0 0 0 0
105 36 0 0 0 0 0 6 0 0
107 24 0 0 0 0 0 0 0 0
114 480 6 1 120 0 0 120 0 0
117 120 0 0 120 0 0 0 0 0
121 120 2 1 0 0 0 120 0 0
124 240 0 0 0 0 0 0 0 0
128 360 0 0 0 0 0 120 0 0
133 120 0 0 0 0 0 0 0 0
136 1440 0 0 1080 0 0 0 0 0
fl=./nptl/./nptl/pthread_mutex_conf.c
fn=__pthread_tunables_init
50 6 2 2 1 0 0 2 0 0
51 5 0 0 0 0 0 1 0 0
53 4 0 0 0 0 0 1 0 0
55 6 0 0 4 0 0 0 0 0
fl=./nptl/./nptl/pthread_mutex_lock.c
fn=pthread_mutex_lock@@GLIBC_2.2.5
44 121 3 1 121 0 0 0 0 0
45 608 0 0 122 0 0 0 0 0
46 1 0 0 0 0 0 1 0 0
48 480 2 0 120 0 0 0 0 0
77 363 2 1 0 0 0 121 0 0
80 363 0 0 121 25 1 0 0 0
82 121 0 0 0 0 0 0 0 0
84 242 2 1 0 0 0 0 0 0
88 242 0 0 0 0 0 0 0 0
97 242 2 1 0 0 0 0 0 0
108 484 2 1 121 0 0 0 0 0
112 121 0 0 121 25 0 0 0 0
115 242 0 0 121 0 0 0 0 0
130 363 0 0 121 0 0 0 0 0
131 242 1 1 0 0 0 121 0 0
167 121 2 1 121 0 0 0 0 0
170 121 0 0 0 0 0 121 0 0
172 121 0 0 121 0 0 0 0 0
175 121 0 0 0 0 0 0 0 0
177 121 0 0 0 0 0 0 0 0
178 363 0 0 242 0 0 0 0 0
fl=./nptl/./nptl/pthread_mutex_unlock.c
fn=pthread_mutex_unlock@@GLIBC_2.2.5
39 121 0 0 121 0 0 0 0 0
40 605 0 0 121 0 0 0 0 0
41 2 0 0 0 0 0 1 0 0
43 480 0 0 240 0 0 0 0 0
51 363 0 0 121 0 0 0 0 0
52 242 2 1 0 0 0 0 0 0
57 242 0 0 0 0 0 0 0 0
62 121 0 0 0 0 0 121 0 0
65 121 0 0 121 0 0 0 0 0
70 121 0 0 0 0 0 0 0 0
74 242 6 1 0 0 0 0 0 0
80 484 2 1 121 0 0 0 0 0
84 363 0 0 242 0 0 0 0 0
87 363 2 1 121 0 0 0 0 0
367 242 2 1 0 0 0 0 0 0
369 242 0 0 121 0 0 0 0 0
fl=./nptl/./nptl/pthread_once.c
fn=__pthread_once_slow
68 18 2 1 2 0 0 8 0 0
76 2 0 0 2 0 0 0 0 0
80 4 0 0 0 0 0 0 0 0
88 4 2 1 2 2 1 0 0 0
92 4 0 0 2 0 0 0 0 0
101 8 0 0 0 0 0 0 0 0
114 26 4 2 0 0 0 14 0 0
116 2 0 0 0 0 0 2 0 0
118 6 0 0 0 0 0 2 0 0
124 2 2 1 0 0 0 2 0 0
132 18 0 0 12 0 0 0 0 0
fn=pthread_once@@GLIBC_2.34
136 20 3 1 0 0 0 0 0 0
139 20 0 0 20 3 1 0 0 0
140 40 0 0 0 0 0 0 0 0
143 2 0 0 0 0 0 0 0 0
144 36 0 0 18 0 0 0 0 0
fl=./posix/../malloc/dynarray-skeleton.c
fn=__unregister_atfork
243 5 0 0 5 0 0 0 0 0
fl=./posix/../sysdeps/unix/syscall-template.S
fn=uname
120 5 1 1 0 0 0 0 0 0
122 1 0 0 1 0 0 0 0 0
fl=./posix/../sysdeps/unix/sysv/linux/_exit.c
fn=_Exit
27 2 1 1 1 1 0 0 0 0
30 3 0 0 0 0 0 0 0 0
31 2 0 0 0 0 0 0 0 0
fl=./posix/./posix/register-atfork.c
fn=__unregister_atfork
65 10 0 0 0 0 0 0 0 0
76 15 1 1 0 0 0 5 0 0
77 20 0 0 5 1 1 0 0 0
103 20 1 1 10 0 0 0 0 0
104 10 0 0 10 0 0 0 0 0
fl=./resolv/./resolv/res-close.c
fn=__res_thread_freeres
131 480 1 1 0 0 0 360 0 0
132 120 0 0 0 0 0 120 0 0
134 600 1 1 360 134 14 0 0 0
142 480 0 0 480 0 0 0 0 0
fl=./resolv/./resolv/resolv_context.c
fn=__resolv_context_freeres
242 720 1 1 0 0 0 600 0 0
244 240 0 0 240 0 0 0 0 0
245 120 0 0 0 0 0 120 0 0
246 240 0 0 0 0 0 0 0 0
252 720 1 1 720 0 0 0 0 0
fl=./resource/../sysdeps/unix/sysv/linux/getrlimit64.c
fn=getrlimit
38 2 1 1 0 0 0 0 0 0
39 7 0 0 0 0 0 0 0 0
40 1 0 0 1 0 0 0 0 0
fl=./setjmp/../sysdeps/x86_64/bsd-_setjmp.S
fn=_setjmp
28 121 3 1 0 0 0 0 0 0
30 121 0 0 0 0 0 0 0 0
32 121 0 0 0 0 0 0 0 0
fl=./setjmp/../sysdeps/x86_64/setjmp.S
fn=__sigsetjmp
30 134 3 2 0 0 0 0 0 0
32 134 0 0 0 0 0 134 1 1
41 134 0 0 0 0 0 0 0 0
42 268 1 1 134 0 0 0 0 0
43 134 0 0 0 0 0 134 0 0
47 134 0 0 0 0 0 134 111 14
48 134 0 0 0 0 0 134 0 0
49 134 0 0 0 0 0 134 0 0
50 134 0 0 0 0 0 134 0 0
51 134 0 0 0 0 0 0 0 0
53 268 3 1 134 0 0 0 0 0
55 134 0 0 0 0 0 134 0 0
56 134 0 0 134 0 0 0 0 0
57 134 0 0 0 0 0 0 0 0
59 268 0 0 134 0 0 0 0 0
61 134 1 1 0 0 0 134 0 0
66 121 0 0 121 4 0 0 0 0
67 121 0 0 0 0 0 0 0 0
69 13 0 0 0 0 0 0 0 0
72 13 0 0 0 0 0 0 0 0
73 13 0 0 0 0 0 13 1 1
80 13 0 0 0 0 0 0 0 0
81 13 0 0 13 0 0 0 0 0
84 121 3 1 0 0 0 0 0 0
fl=./setjmp/./setjmp/sigjmp.c
fn=__sigjmp_save
28 363 0 0 0 0 0 121 0 0
29 121 0 0 0 0 0 121 0 0
30 242 0 0 0 0 0 0 0 0
34 363 0 0 242 0 0 0 0 0
fl=./signal/../sysdeps/unix/sysv/linux/libc_sigaction.c
fn=__libc_sigaction
43 6 2 2 1 0 0 1 0 0
48 2 0 0 0 0 0 0 0 0
50 2 1 1 1 0 0 1 0 0
51 16 0 0 8 0 0 8 0 0
53 6 1 1 1 0 0 2 0 0
58 11 1 1 0 0 0 0 0 0
63 4 0 0 0 0 0 0 0 0
71 6 2 2 3 0 0 0 0 0
fl=./stdio-common/../include/../locale/localeinfo.h
fn=__printf_fp_l
315 6 0 0 4 2 0 2 0 0
fl=./stdio-common/../include/rounding-mode.h
fn=__printf_fp_l
52 4 0 0 0 0 0 0 0 0
fl=./stdio-common/../libio/libioP.h
fn=__vfprintf_internal
940 8 0 0 2 1 0 2 0 0
942 12 0 0 0 0 0 0 0 0
943 8 0 0 2 0 0 0 0 0
fl=./stdio-common/../sysdeps/generic/get-rounding-mode.h
fn=__printf_fp_l
94 2 1 1 0 0 0 2 0 0
95 14 1 1 2 0 0 0 0 0
fl=./stdio-common/../sysdeps/pthread/allocalim.h
fn=__printf_fp_l
27 4 0 0 0 0 0 2 0 0
29 10 0 0 2 0 0 0 0 0
fl=./stdio-common/./stdio-common/printf-parse.h
fn=__vfprintf_internal
88 2 0 0 0 0 0 0 0 0
111 16 0 0 2 0 0 6 0 0
fl=./stdio-common/./stdio-common/printf_fp.c
fn=__printf_fp
1278 6 1 1 0 0 0 0 0 0
1279 8 0 0 4 0 0 0 0 0
fn=__printf_fp_l
216 32 2 2 2 0 0 18 3 0
233 2 0 0 0 0 0 2 0 0
234 2 0 0 0 0 0 2 0 0
257 2 0 0 0 0 0 2 0 0
260 4 0 0 0 0 0 0 0 0
266 12 0 0 2 0 0 2 0 0
274 2 1 1 0 0 0 2 1 0
277 6 0 0 0 0 0 0 0 0
280 4 0 0 2 0 0 2 0 0
298 6 1 1 2 0 0 0 0 0
306 2 0 0 0 0 0 2 0 0
387 4 0 0 0 0 0 0 0 0
388 4 0 0 2 0 0 2 0 0
392 4 1 1 0 0 0 0 0 0
396 34 5 4 6 2 2 2 1 0
432 10 0 0 2 0 0 0 0 0
433 2 0 0 0 0 0 0 0 0
434 4 0 0 0 0 0 0 0 0
437 36 3 3 2 0 0 2 0 0
438 32 1 1 2 1 0 2 0 0
439 32 2 2 2 1 0 2 0 0
445 2 0 0 0 0 0 2 0 0
446 4 0 0 0 0 0 0 0 0
449 1 0 0 0 0 0 0 0 0
459 1 0 0 0 0 0 0 0 0
460 7 0 0 0 0 0 1 0 0
463 3 0 0 0 0 0 0 0 0
467 4 0 0 0 0 0 0 0 0
471 4 0 0 0 0 0 1 1 0
472 1 0 0 0 0 0 0 0 0
474 6 1 1 0 0 0 0 0 0
475 9 1 1 2 0 0 1 0 0
476 2 0 0 0 0 0 0 0 0
477 5 1 1 1 0 0 2 0 0
479 2 1 1 0 0 0 0 0 0
484 13 0 0 0 0 0 0 0 0
488 77 1 1 25 5 5 0 0 0
490 6 1 1 1 0 0 0 0 0
493 3 0 0 2 0 0 0 0 0
503 2 0 0 2 0 0 0 0 0
534 2 0 0 1 0 0 1 0 0
535 5 0 0 1 0 0 1 0 0
541 6 0 0 2 0 0 1 0 0
543 1 0 0 1 0 0 0 0 0
546 2 0 0 2 0 0 0 0 0
547 2 0 0 0 0 0 0 0 0
548 3 2 2 0 0 0 1 0 0
551 17 1 1 7 0 0 2 0 0
554 12 2 2 6 0 0 4 0 0
555 8 0 0 6 0 0 0 0 0
556 10 0 0 0 0 0 0 0 0
557 8 0 0 0 0 0 0 0 0
560 13 1 1 0 0 0 0 0 0
562 26 1 1 0 0 0 0 0 0
563 2 0 0 1 0 0 1 0 0
569 2 0 0 0 0 0 0 0 0
573 12 1 1 4 0 0 0 0 0
577 3 0 0 1 0 0 0 0 0
579 2 0 0 0 0 0 0 0 0
605 1 0 0 0 0 0 0 0 0
608 8 2 2 0 0 0 0 0 0
624 3 0 0 0 0 0 1 0 0
626 3 0 0 1 0 0 0 0 0
627 6 0 0 2 0 0 1 0 0
629 6 1 1 3 0 0 0 0 0
643 2 1 1 0 0 0 1 0 0
649 2 1 1 0 0 0 0 0 0
652 1 0 0 0 0 0 1 0 0
662 1 0 0 0 0 0 0 0 0
665 5 1 1 0 0 0 1 0 0
666 5 1 1 2 0 0 2 0 0
669 1 0 0 0 0 0 1 0 0
670 5 0 0 1 0 0 1 0 0
675 12 1 1 0 0 0 0 0 0
677 24 0 0 12 0 0 0 0 0
690 1 0 0 0 0 0 1 0 0
787 12 0 0 0 0 0 0 0 0
789 58 1 1 0 0 0 0 0 0
791 3 1 1 1 0 0 0 0 0
795 5 0 0 3 0 0 1 0 0
796 2 0 0 1 0 0 1 0 0
799 3 1 1 2 0 0 0 0 0
800 7 0 0 1 0 0 0 0 0
808 4 1 1 1 0 0 1 0 0
809 2 0 0 1 0 0 1 0 0
810 1 0 0 1 0 0 0 0 0
813 5 1 1 1 0 0 1 0 0
831 6 1 1 4 0 0 2 0 0
835 2 0 0 0 0 0 1 0 0
840 4 1 1 0 0 0 2 0 0
841 12 0 0 8 1 1 2 0 0
843 4 1 1 0 0 0 0 0 0
847 4 0 0 2 0 0 2 0 0
853 4 0 0 2 0 0 0 0 0
861 2 0 0 2 0 0 0 0 0
873 12 0 0 0 0 0 4 0 0
874 8 2 2 3 0 0 0 0 0
875 2 0 0 0 0 0 0 0 0
883 4 0 0 0 0 0 0 0 0
887 2 0 0 0 0 0 2 0 0
888 5 0 0 1 0 0 3 0 0
889 4 0 0 1 0 0 1 0 0
895 6 0 0 2 0 0 2 0 0
898 12 1 1 6 0 0 2 0 0
901 4 0 0 2 0 0 0 0 0
915 8 2 1 2 0 0 2 0 0
916 2 1 1 2 0 0 0 0 0
922 2 0 0 0 0 0 0 0 0
932 36 2 2 2 0 0 6 0 0
933 6 0 0 0 0 0 0 0 0
936 8 0 0 3 0 0 0 0 0
939 13 1 1 2 0 0 0 0 0
942 20 1 1 1 0 0 9 0 0
944 1 0 0 0 0 0 0 0 0
946 6 0 0 3 0 0 0 0 0
947 5 2 2 2 0 0 0 0 0
948 3 0 0 1 0 0 1 0 0
954 1 0 0 0 0 0 1 0 0
955 2 1 1 1 0 0 0 0 0
956 3 0 0 1 0 0 1 0 0
960 6 0 0 0 0 0 2 0 0
961 8 0 0 0 0 0 4 0 0
962 30 1 1 12 0 0 0 0 0
963 65 1 1 22 0 0 0 0 0
965 8 0 0 0 0 0 0 0 0
966 24 0 0 0 0 0 16 0 0
967 8 0 0 0 0 0 0 0 0
969 32 0 0 0 0 0 0 0 0
978 6 0 0 4 0 0 0 0 0
979 10 1 1 0 0 0 6 0 0
981 16 0 0 4 0 0 0 0 0
1097 12 1 1 3 0 0 0 0 0
1099 1 0 0 0 0 0 0 0 0
1100 1 0 0 0 0 0 0 0 0
1104 4 0 0 0 0 0 0 0 0
1107 6 1 1 2 0 0 0 0 0
1120 6 1 1 2 0 0 0 0 0
1166 14 1 1 6 0 0 0 0 0
1168 14 1 1 2 0 0 2 0 0
1170 16 1 1 4 0 0 0 0 0
1175 6 0 0 0 0 0 0 0 0
1177 4 1 1 0 0 0 0 0 0
1180 10 1 1 4 0 0 0 0 0
1188 6 1 1 2 0 0 0 0 0
1195 6 0 0 4 0 0 0 0 0
1200 8 1 1 2 0 0 4 0 0
1202 8 0 0 4 0 0 0 0 0
1203 4 0 0 0 0 0 0 0 0
1207 8 1 1 2 0 0 2 0 0
1209 6 0 0 2 0 0 0 0 0
1220 32 1 1 2 0 0 2 0 0
1227 66 1 1 6 0 0 6 0 0
1228 42 1 1 14 0 0 0 0 0
1229 8 0 0 2 0 0 2 0 0
1230 24 0 0 0 0 0 0 0 0
1233 24 0 0 0 0 0 12 0 0
1237 12 1 1 10 0 0 0 0 0
1254 214 2 2 42 0 0 28 0 0
1257 6 2 1 2 0 0 0 0 0
1268 6 0 0 4 0 0 0 0 0
1272 24 1 1 18 0 0 0 0 0
fn=hack_digit
170 56 2 1 0 0 0 28 0 0
173 98 1 1 28 0 0 7 0 0
175 42 0 0 14 0 0 0 0 0
177 42 0 0 35 0 0 0 0 0
178 35 0 0 0 0 0 14 0 0
183 14 1 1 0 0 0 0 0 0
187 56 1 1 14 0 0 7 0 0
189 28 0 0 21 0 0 7 0 0
190 7 0 0 7 0 0 0 0 0
192 14 0 0 7 0 0 7 0 0
193 42 1 1 14 0 0 0 0 0
200 14 0 0 0 0 0 0 0 0
204 21 0 0 0 0 0 7 0 0
205 14 0 0 0 0 0 0 0 0
206 30 0 0 12 0 0 12 0 0
209 7 0 0 0 0 0 0 0 0
210 70 0 0 42 0 0 0 0 0
fl=./stdio-common/./stdio-common/vfprintf-internal.c
fn=__vfprintf_internal
127 58 2 1 0 0 0 0 0 0
239 28 3 3 10 1 0 4 0 0
351 6 0 0 0 0 0 0 0 0
352 6 0 0 0 0 0 0 0 0
354 4 1 1 0 0 0 2 0 0
1180 24 3 2 0 0 0 18 3 0
1210 10 0 0 6 0 0 4 0 0
1214 2 0 0 0 0 0 2 0 0
1218 10 3 2 2 0 0 0 0 0
1222 10 0 0 4 0 0 0 0 0
1233 4 0 0 0 0 0 0 0 0
1240 2 0 0 0 0 0 2 0 0
1244 12 1 1 6 0 0 6 0 0
1248 2 0 0 0 0 0 2 0 0
1259 8 0 0 0 0 0 4 0 0
1263 8 0 0 4 0 0 0 0 0
1267 6 1 1 4 0 0 0 0 0
1271 16 1 1 6 2 1 2 0 0
1291 2 0 0 0 0 0 2 0 0
1292 2 0 0 0 0 0 2 0 0
1293 2 0 0 0 0 0 2 0 0
1294 2 0 0 0 0 0 2 0 0
1295 2 0 0 0 0 0 2 0 0
1298 2 0 0 0 0 0 0 0 0
1299 2 0 0 0 0 0 0 0 0
1300 2 0 0 0 0 0 0 0 0
1301 2 0 0 0 0 0 0 0 0
1302 2 0 0 0 0 0 2 0 0
1303 2 0 0 0 0 0 0 0 0
1306 2 2 1 0 0 0 2 0 0
1307 4 1 1 0 0 0 2 0 0
1313 30 1 1 6 2 2 0 0 0
1352 6 0 0 4 0 0 2 0 0
1421 2 1 1 0 0 0 0 0 0
1422 6 0 0 2 0 0 0 0 0
1426 4 0 0 0 0 0 2 0 0
1427 8 1 1 2 0 0 0 0 0
1442 18 1 1 6 0 0 2 0 0
1445 4 1 1 2 0 0 0 0 0
1463 36 1 1 8 2 2 0 0 0
1499 4 1 1 0 0 0 0 0 0
1501 4 0 0 0 0 0 0 0 0
1516 6 1 1 0 0 0 2 0 0
1532 12 0 0 4 0 0 2 0 0
1535 68 2 2 16 0 0 12 0 0
1555 34 3 3 8 0 0 6 0 0
1556 4 1 1 0 0 0 2 0 0
1559 4 0 0 0 0 0 0 0 0
1564 4 1 1 0 0 0 0 0 0
1583 2 0 0 2 0 0 0 0 0
1589 2 1 1 0 0 0 0 0 0
1593 8 0 0 0 0 0 0 0 0
1595 6 0 0 2 0 0 0 0 0
1608 4 1 1 2 0 0 0 0 0
1609 4 0 0 2 0 0 0 0 0
1612 24 0 0 18 0 0 0 0 0
fl=./stdlib/../stdlib/strtol.c
fn=strtoul
105 3 2 1 0 0 0 0 0 0
106 12 0 0 6 1 0 0 0 0
fl=./stdlib/../stdlib/strtol_l.c
fn=____strtoul_l_internal
225 33 2 2 0 0 0 21 0 0
239 3 0 0 3 2 0 0 0 0
244 3 0 0 0 0 0 0 0 0
245 3 0 0 0 0 0 0 0 0
251 6 0 0 0 0 0 0 0 0
279 3 0 0 0 0 0 0 0 0
282 12 0 0 0 0 0 0 0 0
291 18 1 1 9 4 1 0 0 0
293 6 0 0 0 0 0 0 0 0
297 3 0 0 0 0 0 3 0 0
298 6 0 0 0 0 0 0 0 0
303 6 1 1 0 0 0 0 0 0
307 6 0 0 0 0 0 0 0 0
309 3 0 0 3 2 0 0 0 0
317 6 0 0 0 0 0 0 0 0
324 6 1 1 0 0 0 0 0 0
327 12 0 0 0 0 0 0 0 0
372 9 0 0 3 2 1 0 0 0
373 9 1 1 3 2 1 3 0 0
377 3 0 0 0 0 0 0 0 0
431 16 0 0 8 0 0 0 0 0
433 44 0 0 0 0 0 0 0 0
435 24 0 0 0 0 0 0 0 0
449 6 0 0 0 0 0 3 0 0
459 12 0 0 3 0 0 0 0 0
463 24 1 1 0 0 0 0 0 0
466 24 0 0 0 0 0 0 0 0
471 14 1 1 0 0 0 0 0 0
472 24 0 0 0 0 0 0 0 0
477 6 0 0 0 0 0 0 0 0
482 9 1 1 3 0 0 0 0 0
483 3 0 0 0 0 0 3 0 0
495 6 0 0 0 0 0 0 0 0
506 18 0 0 3 0 0 0 0 0
524 27 0 0 21 0 0 0 0 0
fl=./stdlib/../sysdeps/ieee754/dbl-64/dbl2mpn.c
fn=__mpn_extract_double
33 6 2 1 0 0 0 0 0 0
35 2 0 0 0 0 0 0 0 0
37 6 0 0 0 0 0 2 0 0
38 10 0 0 0 0 0 2 0 0
47 6 0 0 0 0 0 2 0 0
56 6 1 1 0 0 0 0 0 0
103 4 0 0 0 0 0 2 0 0
107 4 0 0 2 0 0 0 0 0
fl=./stdlib/../sysdeps/unix/sysv/linux/getrandom.c
fn=getrandom
28 1 1 1 0 0 0 0 0 0
29 7 1 1 1 0 0 0 0 0
30 1 0 0 1 0 0 0 0 0
fl=./stdlib/../sysdeps/x86_64/lshift.S
fn=__mpn_lshift
28 2 1 1 0 0 0 0 0 0
29 2 0 0 0 0 0 0 0 0
30 2 0 0 0 0 0 0 0 0
32 2 0 0 0 0 0 0 0 0
33 2 0 0 0 0 0 0 0 0
34 2 0 0 0 0 0 0 0 0
46 2 1 1 0 0 0 0 0 0
47 2 0 0 0 0 0 0 0 0
48 2 0 0 2 0 0 0 0 0
49 2 0 0 0 0 0 0 0 0
50 2 0 0 0 0 0 0 0 0
51 2 0 0 0 0 0 0 0 0
52 2 0 0 0 0 0 0 0 0
58 2 0 0 0 0 0 0 0 0
59 2 0 0 0 0 0 2 0 0
60 2 0 0 2 0 0 0 0 0
fl=./stdlib/../sysdeps/x86_64/mul_1.S
fn=__mpn_mul_1
31 16 1 1 0 0 0 0 0 0
32 16 0 0 0 0 0 16 0 0
35 16 0 0 0 0 0 0 0 0
36 16 0 0 16 0 0 0 0 0
37 16 0 0 0 0 0 0 0 0
38 16 0 0 0 0 0 0 0 0
39 16 0 0 0 0 0 0 0 0
41 16 0 0 0 0 0 0 0 0
42 16 0 0 0 0 0 0 0 0
44 16 0 0 0 0 0 0 0 0
45 16 0 0 0 0 0 0 0 0
46 16 1 1 0 0 0 0 0 0
47 16 0 0 0 0 0 0 0 0
48 14 0 0 0 0 0 0 0 0
50 14 0 0 0 0 0 0 0 0
51 14 0 0 0 0 0 0 0 0
52 14 0 0 0 0 0 14 0 0
53 14 0 0 0 0 0 0 0 0
79 2 1 1 0 0 0 0 0 0
80 2 0 0 0 0 0 0 0 0
81 2 0 0 0 0 0 0 0 0
82 2 0 0 0 0 0 0 0 0
83 2 0 0 0 0 0 0 0 0
84 2 0 0 0 0 0 0 0 0
85 2 0 0 2 0 0 0 0 0
86 2 0 0 0 0 0 0 0 0
87 2 0 0 0 0 0 0 0 0
113 2 1 1 0 0 0 0 0 0
114 2 0 0 0 0 0 0 0 0
115 2 0 0 0 0 0 0 0 0
117 2 0 0 0 0 0 2 0 0
118 2 0 0 0 0 0 0 0 0
119 2 0 0 0 0 0 0 0 0
120 2 0 0 0 0 0 2 0 0
121 2 0 0 0 0 0 0 0 0
122 16 0 0 0 0 0 0 0 0
124 16 0 0 16 0 0 0 0 0
127 16 0 0 16 0 0 0 0 0
fl=./stdlib/../sysdeps/x86_64/rshift.S
fn=__mpn_rshift
28 3 1 1 0 0 0 0 0 0
29 3 0 0 0 0 0 0 0 0
30 3 0 0 0 0 0 0 0 0
31 3 0 0 0 0 0 0 0 0
44 3 1 1 0 0 0 0 0 0
45 3 0 0 0 0 0 0 0 0
61 3 1 1 0 0 0 0 0 0
62 3 0 0 3 0 0 0 0 0
63 3 0 0 3 0 0 0 0 0
64 3 0 0 0 0 0 0 0 0
65 3 0 0 0 0 0 0 0 0
66 3 0 0 0 0 0 0 0 0
67 3 0 0 0 0 0 0 0 0
72 3 0 0 0 0 0 0 0 0
73 3 0 0 0 0 0 3 0 0
74 3 0 0 0 0 0 0 0 0
75 3 0 0 0 0 0 3 0 0
76 3 0 0 3 0 0 0 0 0
fl=./stdlib/./stdlib/cmp.c
fn=__mpn_cmp
31 2 1 1 0 0 0 0 0 0
35 4 0 0 0 0 0 0 0 0
37 2 0 0 2 0 0 0 0 0
38 2 0 0 2 0 0 0 0 0
39 4 1 1 0 0 0 0 0 0
47 10 0 0 2 0 0 0 0 0
fl=./stdlib/./stdlib/cxa_atexit.c
fn=__cxa_atexit
41 22 0 0 0 0 0 0 0 0
43 66 0 0 11 2 0 0 0 0
44 22 2 1 0 0 0 11 0 0
46 22 0 0 0 0 0 0 0 0
53 33 0 0 11 0 0 0 0 0
55 11 0 0 0 0 0 11 0 0
56 22 0 0 11 0 0 11 5 2
58 11 0 0 0 0 0 11 0 0
59 44 2 1 22 0 0 0 0 0
60 11 0 0 0 0 0 0 0 0
69 99 2 1 0 0 0 44 0 0
71 66 0 0 44 0 0 0 0 0
fn=__new_exitfn
82 55 2 1 0 0 0 22 0 0
83 22 0 0 0 0 0 0 0 0
88 22 0 0 11 0 0 0 0 0
93 48 0 0 12 2 0 0 0 0
95 44 2 1 11 2 0 0 0 0
96 50 0 0 10 1 0 0 0 0
103 1 0 0 0 0 0 1 0 0
106 20 1 0 0 0 0 0 0 0
124 1 0 0 0 0 0 0 0 0
125 2 1 1 0 0 0 1 0 0
131 30 0 0 0 0 0 0 0 0
132 20 0 0 0 0 0 10 0 0
138 11 1 1 0 0 0 11 1 0
139 11 0 0 11 0 0 0 0 0
143 55 0 0 33 0 0 0 0 0
fl=./stdlib/./stdlib/cxa_finalize.c
fn=__cxa_finalize
30 45 1 1 0 0 0 30 0 0
33 30 1 1 5 0 0 0 0 0
36 30 1 1 10 0 0 0 0 0
40 176 0 0 5 0 0 0 0 0
41 108 1 1 54 3 0 0 0 0
43 9 0 0 9 0 0 0 0 0
45 9 0 0 9 0 0 0 0 0
76 9 0 0 0 0 0 9 0 0
79 27 1 1 18 0 0 0 0 0
82 36 0 0 18 0 0 0 0 0
83 27 0 0 0 0 0 9 0 0
84 36 0 0 9 0 0 0 0 0
88 18 0 0 9 0 0 0 0 0
94 35 1 1 10 1 0 0 0 0
98 30 0 0 5 1 1 0 0 0
105 10 0 0 0 0 0 0 0 0
106 10 0 0 0 0 0 5 0 0
107 20 0 0 10 0 0 0 0 0
108 40 1 1 35 0 0 0 0 0
fl=./stdlib/./stdlib/cxa_thread_atexit_impl.c
fn=__call_tls_dtors
149 484 2 1 0 0 0 242 0 0
150 484 0 0 242 0 0 0 0 0
168 484 2 1 363 0 0 0 0 0
fl=./stdlib/./stdlib/divrem.c
fn=__mpn_divrem
46 91 1 1 0 0 0 56 1 0
47 7 0 0 0 0 0 7 0 0
49 14 0 0 0 0 0 0 0 0
62 7 1 1 7 0 0 0 0 0
63 7 0 0 7 0 0 0 0 0
65 14 0 0 0 0 0 0 0 0
72 69 1 1 6 0 0 0 0 0
73 18 0 0 6 0 0 6 0 0
76 14 0 0 0 0 0 0 0 0
79 7 1 1 0 0 0 7 0 0
234 63 0 0 56 0 0 0 0 0
fl=./stdlib/./stdlib/exit.c
fn=__run_exit_handlers
40 11 1 1 0 0 0 7 0 0
45 2 0 0 0 0 0 0 0 0
46 2 0 0 0 0 0 1 0 0
48 5 1 1 1 1 0 0 0 0
56 1 0 0 1 1 0 0 0 0
58 3 0 0 0 0 0 0 0 0
62 1 0 0 0 0 0 1 0 0
66 27 0 0 3 1 0 0 0 0
68 22 0 0 0 0 0 11 0 0
71 95 1 1 11 2 0 0 0 0
98 1 0 0 0 0 0 0 0 0
105 4 1 1 0 0 0 2 0 0
106 2 0 0 2 0 0 0 0 0
107 2 0 0 2 0 0 0 0 0
109 4 1 1 2 0 0 0 0 0
112 8 0 0 4 0 0 0 0 0
113 6 0 0 0 0 0 2 0 0
114 8 0 0 2 0 0 0 0 0
124 2 1 1 1 0 0 1 0 0
125 2 0 0 0 0 0 0 0 0
131 4 0 0 2 0 0 0 0 0
133 2 0 0 1 0 0 0 0 0
134 9 1 1 1 1 0 1 0 0
136 2 0 0 0 0 0 1 0 0
fn=exit
142 4 1 1 1 0 0 1 0 0
143 4 1 1 0 0 0 1 0 0
fl=./stdlib/./stdlib/getenv.c
fn=getenv
34 432 2 2 0 0 0 324 1 0
38 432 0 0 162 23 3 0 0 0
41 108 0 0 54 0 0 0 0 0
65 108 2 2 0 0 0 54 1 0
67 54 0 0 54 0 0 0 0 0
72 54 0 0 0 0 0 0 0 0
73 54 0 0 0 0 0 0 0 0
75 3618 0 0 918 24 0 0 0 0
84 1728 0 0 864 54 0 0 0 0
91 486 0 0 378 0 0 0 0 0
fl=./stdlib/./stdlib/mul.c
fn=__mpn_mul
48 17 2 2 1 0 0 9 1 0
54 2 0 0 0 0 0 0 0 0
66 2 0 0 0 0 0 0 0 0
71 1 0 0 1 0 0 0 0 0
72 2 1 1 0 0 0 0 0 0
81 1 1 1 0 0 0 1 1 0
83 3 0 0 1 0 0 1 0 0
84 1 1 1 0 0 0 0 0 0
88 2 0 0 0 0 0 0 0 0
142 11 0 0 9 0 0 0 0 0
fl=./string/../include/rtld-malloc.h
fn=strdup
56 12 0 0 6 0 0 6 0 0
fl=./string/../string/strstr.c
fn=__GI_strstr
77 22 2 1 2 0 0 14 0 0
82 6 0 0 2 2 1 0 0 0
84 10 2 1 0 0 0 2 0 0
85 4 0 0 0 0 0 0 0 0
129 2 2 1 0 0 0 0 0 0
161 24 0 0 18 0 0 0 0 0
fl=./string/../sysdeps/x86/cacheinfo.c
fn=__x86_cacheinfo
86 3 1 1 1 0 0 0 0 0
fl=./string/../sysdeps/x86/cacheinfo.h
fn=__x86_cacheinfo
61 1 0 0 1 1 0 0 0 0
64 3 0 0 1 1 0 0 0 0
66 3 0 0 0 0 0 1 0 0
67 1 1 1 0 0 0 1 1 1
73 3 0 0 1 0 0 0 0 0
75 3 0 0 0 0 0 1 0 0
76 1 0 0 0 0 0 1 0 0
80 2 1 1 1 0 0 1 1 1
82 2 0 0 1 0 0 1 1 1
83 2 0 0 1 1 0 1 0 0
84 2 0 0 1 0 0 1 0 0
86 2 0 0 1 0 0 0 0 0
fl=./string/../sysdeps/x86_64/memcmp.S
fn=bcmp
22 1 1 1 0 0 0 0 0 0
27 1 0 0 0 0 0 0 0 0
28 1 0 0 0 0 0 0 0 0
29 1 0 0 0 0 0 0 0 0
30 1 0 0 0 0 0 0 0 0
31 1 0 0 0 0 0 0 0 0
32 1 0 0 0 0 0 0 0 0
33 1 0 0 0 0 0 0 0 0
34 1 0 0 0 0 0 0 0 0
37 1 0 0 0 0 0 0 0 0
38 1 0 0 0 0 0 0 0 0
39 1 1 1 1 0 0 0 0 0
40 1 0 0 1 0 0 0 0 0
41 1 0 0 0 0 0 0 0 0
42 1 0 0 0 0 0 0 0 0
43 1 0 0 0 0 0 0 0 0
44 1 0 0 0 0 0 0 0 0
45 1 0 0 0 0 0 0 0 0
47 1 0 0 0 0 0 0 0 0
48 1 0 0 0 0 0 0 0 0
65 1 1 1 0 0 0 0 0 0
66 1 0 0 0 0 0 0 0 0
83 1 0 0 0 0 0 0 0 0
84 1 0 0 0 0 0 0 0 0
85 1 0 0 1 0 0 0 0 0
86 1 0 0 1 0 0 0 0 0
87 1 0 0 0 0 0 0 0 0
91 1 0 0 0 0 0 0 0 0
93 1 0 0 0 0 0 0 0 0
94 1 0 0 0 0 0 0 0 0
98 1 0 0 0 0 0 0 0 0
138 1 1 1 0 0 0 0 0 0
139 1 0 0 0 0 0 0 0 0
140 1 0 0 0 0 0 0 0 0
141 1 0 0 0 0 0 0 0 0
142 1 0 0 0 0 0 0 0 0
143 1 0 0 0 0 0 0 0 0
144 1 1 1 0 0 0 0 0 0
145 1 0 0 0 0 0 0 0 0
146 1 0 0 0 0 0 0 0 0
147 1 0 0 0 0 0 0 0 0
148 1 0 0 0 0 0 0 0 0
149 1 0 0 0 0 0 0 0 0
150 1 0 0 1 0 0 0 0 0
fl=./string/../sysdeps/x86_64/multiarch/../strchr.S
fn=index
23 28 1 1 0 0 0 0 0 0
24 28 0 0 0 0 0 0 0 0
25 28 0 0 0 0 0 0 0 0
26 28 0 0 0 0 0 0 0 0
27 28 0 0 0 0 0 0 0 0
28 28 0 0 0 0 0 0 0 0
29 28 0 0 0 0 0 0 0 0
30 28 0 0 0 0 0 0 0 0
31 28 0 0 0 0 0 0 0 0
32 28 0 0 28 5 5 0 0 0
33 28 0 0 0 0 0 0 0 0
34 28 1 1 0 0 0 0 0 0
35 28 0 0 0 0 0 0 0 0
36 28 0 0 0 0 0 0 0 0
37 28 0 0 0 0 0 0 0 0
38 28 0 0 0 0 0 0 0 0
39 28 0 0 0 0 0 0 0 0
40 28 0 0 0 0 0 0 0 0
41 24 0 0 0 0 0 0 0 0
45 24 0 0 0 0 0 0 0 0
46 24 0 0 0 0 0 0 0 0
47 24 0 0 24 0 0 0 0 0
48 24 0 0 0 0 0 0 0 0
50 24 0 0 24 0 0 0 0 0
54 4 0 0 4 0 0 0 0 0
55 4 0 0 0 0 0 0 0 0
56 4 0 0 0 0 0 0 0 0
57 4 1 1 0 0 0 0 0 0
58 4 0 0 0 0 0 0 0 0
59 4 0 0 0 0 0 0 0 0
60 4 0 0 4 0 0 0 0 0
61 4 0 0 0 0 0 0 0 0
62 4 0 0 0 0 0 0 0 0
63 4 0 0 0 0 0 0 0 0
64 4 0 0 0 0 0 0 0 0
65 4 0 0 0 0 0 0 0 0
66 4 0 0 0 0 0 0 0 0
67 4 0 0 4 0 0 0 0 0
68 4 0 0 0 0 0 0 0 0
69 4 0 0 0 0 0 0 0 0
70 4 0 0 0 0 0 0 0 0
71 4 0 0 0 0 0 0 0 0
72 4 0 0 0 0 0 0 0 0
73 4 1 1 0 0 0 0 0 0
74 4 0 0 0 0 0 0 0 0
75 4 0 0 0 0 0 0 0 0
76 4 0 0 0 0 0 0 0 0
77 4 0 0 0 0 0 0 0 0
129 4 2 1 0 0 0 0 0 0
133 4 0 0 0 0 0 0 0 0
134 4 0 0 0 0 0 0 0 0
135 4 0 0 4 0 0 0 0 0
136 4 0 0 0 0 0 0 0 0
138 4 0 0 4 0 0 0 0 0
fl=./string/../sysdeps/x86_64/multiarch/ifunc-avx2.h
fn=memrchr
32 2 0 0 0 0 0 0 0 0
33 5 1 1 2 0 0 0 0 0
34 3 0 0 1 0 0 0 0 0
36 2 0 0 0 0 0 0 0 0
37 2 0 0 0 0 0 0 0 0
40 3 0 0 0 0 0 0 0 0
43 4 0 0 0 0 0 0 0 0
fn=rindex
32 2 1 1 0 0 0 0 0 0
33 5 0 0 2 0 0 0 0 0
34 3 0 0 1 0 0 0 0 0
36 2 0 0 0 0 0 0 0 0
37 2 0 0 0 0 0 0 0 0
40 3 0 0 0 0 0 0 0 0
43 4 0 0 0 0 0 0 0 0
fn=strchrnul
32 2 0 0 0 0 0 0 0 0
33 5 0 0 2 0 0 0 0 0
34 3 1 1 1 0 0 0 0 0
36 2 0 0 0 0 0 0 0 0
37 2 1 1 0 0 0 0 0 0
40 3 0 0 0 0 0 0 0 0
43 4 0 0 0 0 0 0 0 0
fn=strlen
32 6 2 1 0 0 0 0 0 0
33 15 0 0 6 2 0 0 0 0
34 9 0 0 3 0 0 0 0 0
36 6 0 0 0 0 0 0 0 0
37 6 0 0 0 0 0 0 0 0
40 9 0 0 0 0 0 0 0 0
43 12 0 0 0 0 0 0 0 0
fn=strnlen
32 4 1 1 0 0 0 0 0 0
33 10 0 0 4 1 0 0 0 0
34 6 0 0 2 0 0 0 0 0
36 4 0 0 0 0 0 0 0 0
37 4 0 0 0 0 0 0 0 0
40 6 0 0 0 0 0 0 0 0
43 8 0 0 0 0 0 0 0 0
fl=./string/../sysdeps/x86_64/multiarch/ifunc-evex.h
fn=memchr
34 4 0 0 0 0 0 0 0 0
35 10 2 1 4 1 0 0 0 0
36 6 0 0 2 0 0 0 0 0
38 4 0 0 0 0 0 0 0 0
39 4 2 1 0 0 0 0 0 0
41 4 0 0 0 0 0 0 0 0
47 6 0 0 0 0 0 0 0 0
50 8 0 0 0 0 0 0 0 0
fn=rawmemchr
34 2 0 0 0 0 0 0 0 0
35 5 0 0 2 0 0 0 0 0
36 3 0 0 1 0 0 0 0 0
38 2 0 0 0 0 0 0 0 0
39 2 0 0 0 0 0 0 0 0
41 2 1 1 0 0 0 0 0 0
47 3 0 0 0 0 0 0 0 0
50 4 0 0 0 0 0 0 0 0
fl=./string/../sysdeps/x86_64/multiarch/ifunc-memcmp.h
fn=bcmp
34 8 0 0 4 0 0 0 0 0
35 6 0 0 2 1 0 0 0 0
36 4 2 1 0 0 0 0 0 0
37 6 0 0 2 0 0 0 0 0
39 4 0 0 0 0 0 0 0 0
40 4 0 0 0 0 0 0 0 0
43 6 0 0 0 0 0 0 0 0
46 6 0 0 0 0 0 0 0 0
fl=./string/../sysdeps/x86_64/multiarch/ifunc-memmove.h
fn=memcpy@@GLIBC_2.14
52 6 0 0 0 0 0 0 0 0
53 9 0 0 6 1 0 0 0 0
56 9 0 0 3 1 0 0 0 0
57 6 3 1 0 0 0 0 0 0
70 6 0 0 0 0 0 0 0 0
72 6 2 1 0 0 0 0 0 0
80 6 0 0 0 0 0 0 0 0
88 6 0 0 0 0 0 0 0 0
90 15 2 1 3 0 0 0 0 0
fn=memmove
52 6 0 0 0 0 0 0 0 0
53 9 0 0 6 1 0 0 0 0
56 9 2 1 3 1 0 0 0 0
57 6 2 1 0 0 0 0 0 0
70 6 0 0 0 0 0 0 0 0
72 6 0 0 0 0 0 0 0 0
80 6 0 0 0 0 0 0 0 0
88 6 0 0 0 0 0 0 0 0
90 15 3 1 3 0 0 0 0 0
fn=mempcpy
52 2 0 0 0 0 0 0 0 0
53 3 0 0 2 0 0 0 0 0
56 3 0 0 1 0 0 0 0 0
57 2 1 1 0 0 0 0 0 0
70 2 0 0 0 0 0 0 0 0
72 2 1 1 0 0 0 0 0 0
80 2 0 0 0 0 0 0 0 0
88 2 0 0 0 0 0 0 0 0
90 5 1 1 1 0 0 0 0 0
fl=./string/../sysdeps/x86_64/multiarch/ifunc-memset.h
fn=memset
50 10 0 0 4 0 0 0 0 0
53 6 0 0 2 1 0 0 0 0
54 4 2 1 0 0 0 0 0 0
60 4 2 1 0 0 0 0 0 0
69 4 0 0 0 0 0 0 0 0
71 4 0 0 0 0 0 0 0 0
81 4 0 0 0 0 0 0 0 0
89 4 0 0 0 0 0 0 0 0
91 10 0 0 2 0 0 0 0 0
fl=./string/../sysdeps/x86_64/multiarch/ifunc-sse4_2.h
fn=strcspn
30 5 1 1 2 0 0 0 0 0
fn=strpbrk
30 5 1 1 2 1 0 0 0 0
fn=strspn
30 5 0 0 2 0 0 0 0 0
fl=./string/../sysdeps/x86_64/multiarch/ifunc-strcasecmp.h
fn=strcasecmp
32 5 1 1 2 0 0 0 0 0
fn=strcasecmp_l
32 5 0 0 2 0 0 0 0 0
fn=strncasecmp
32 5 0 0 2 0 0 0 0 0
fn=strncasecmp_l
32 5 0 0 2 0 0 0 0 0
fl=./string/../sysdeps/x86_64/multiarch/ifunc-strcpy.h
fn=stpcpy
36 4 0 0 2 0 0 0 0 0
37 3 0 0 1 0 0 0 0 0
39 2 1 1 0 0 0 0 0 0
40 2 0 0 0 0 0 0 0 0
43 3 0 0 0 0 0 0 0 0
46 3 0 0 0 0 0 0 0 0
fn=stpncpy
36 4 0 0 2 0 0 0 0 0
37 3 1 1 1 0 0 0 0 0
39 2 0 0 0 0 0 0 0 0
40 2 0 0 0 0 0 0 0 0
43 3 0 0 0 0 0 0 0 0
46 3 0 0 0 0 0 0 0 0
fn=strcat
36 4 0 0 2 0 0 0 0 0
37 3 0 0 1 0 0 0 0 0
39 2 1 1 0 0 0 0 0 0
40 2 0 0 0 0 0 0 0 0
43 3 0 0 0 0 0 0 0 0
46 3 0 0 0 0 0 0 0 0
fn=strcpy
36 4 0 0 2 0 0 0 0 0
37 3 0 0 1 0 0 0 0 0
39 2 1 1 0 0 0 0 0 0
40 2 0 0 0 0 0 0 0 0
43 3 0 0 0 0 0 0 0 0
46 3 0 0 0 0 0 0 0 0
fn=strncpy
36 4 0 0 2 0 0 0 0 0
37 3 0 0 1 0 0 0 0 0
39 2 1 1 0 0 0 0 0 0
40 2 0 0 0 0 0 0 0 0
43 3 0 0 0 0 0 0 0 0
46 3 0 0 0 0 0 0 0 0
fl=./string/../sysdeps/x86_64/multiarch/memchr-avx2.S
fn=__memchr_avx2
60 2 1 1 0 0 0 0 0 0
67 2 0 0 0 0 0 0 0 0
69 2 0 0 0 0 0 0 0 0
72 2 0 0 0 0 0 0 0 0
73 2 0 0 0 0 0 0 0 0
75 2 0 0 0 0 0 0 0 0
76 2 0 0 0 0 0 0 0 0
77 2 0 0 0 0 0 0 0 0
78 2 0 0 0 0 0 0 0 0
81 2 0 0 2 0 0 0 0 0
82 2 0 0 0 0 0 0 0 0
85 2 0 0 0 0 0 0 0 0
86 2 0 0 0 0 0 0 0 0
98 2 1 1 0 0 0 0 0 0
103 2 0 0 0 0 0 0 0 0
104 2 0 0 0 0 0 0 0 0
105 2 0 0 0 0 0 0 0 0
106 2 0 0 0 0 0 0 0 0
107 4 0 0 2 0 0 0 0 0
fl=./string/../sysdeps/x86_64/multiarch/memchr.c
fn=memchr
29 4 2 1 2 0 0 0 0 0
fl=./string/../sysdeps/x86_64/multiarch/memcmp-avx2-movbe.S
fn=__memcmp_avx2_movbe
71 54 2 1 0 0 0 0 0 0
78 54 0 0 0 0 0 0 0 0
79 54 0 0 0 0 0 0 0 0
82 1 0 0 1 0 0 0 0 0
83 1 0 0 1 0 0 0 0 0
84 1 0 0 0 0 0 0 0 0
88 1 0 0 0 0 0 0 0 0
89 1 0 0 0 0 0 0 0 0
91 1 0 0 0 0 0 0 0 0
92 1 0 0 0 0 0 0 0 0
95 1 0 0 1 0 0 0 0 0
96 1 0 0 1 0 0 0 0 0
97 1 0 0 0 0 0 0 0 0
100 1 0 0 0 0 0 0 0 0
101 1 1 1 0 0 0 0 0 0
104 1 0 0 0 0 0 0 0 0
105 1 0 0 0 0 0 0 0 0
108 1 0 0 1 0 0 0 0 0
109 1 0 0 1 0 0 0 0 0
110 1 0 0 0 0 0 0 0 0
111 1 0 0 0 0 0 0 0 0
112 1 0 0 0 0 0 0 0 0
113 1 0 0 1 0 0 0 0 0
114 1 0 0 1 0 0 0 0 0
115 1 0 0 0 0 0 0 0 0
116 1 0 0 0 0 0 0 0 0
117 1 0 0 0 0 0 0 0 0
120 1 1 1 0 0 0 0 0 0
121 1 0 0 0 0 0 0 0 0
127 1 0 0 1 0 0 0 0 0
128 1 0 0 1 0 0 0 0 0
129 1 0 0 0 0 0 0 0 0
130 1 0 0 0 0 0 0 0 0
134 1 0 0 1 0 0 0 0 0
135 1 0 0 1 0 0 0 0 0
137 1 0 0 1 0 0 0 0 0
138 1 0 0 1 0 0 0 0 0
139 1 0 0 1 0 0 0 0 0
140 1 0 0 1 0 0 0 0 0
143 1 0 0 0 0 0 0 0 0
144 1 1 0 0 0 0 0 0 0
145 1 0 0 0 0 0 0 0 0
146 1 0 0 0 0 0 0 0 0
147 1 0 0 0 0 0 0 0 0
148 1 0 0 0 0 0 0 0 0
150 2 0 0 1 0 0 0 0 0
154 39 1 1 0 0 0 0 0 0
164 39 0 0 39 0 0 0 0 0
165 39 0 0 39 0 0 0 0 0
166 39 0 0 0 0 0 0 0 0
169 78 0 0 39 0 0 0 0 0
399 53 1 1 0 0 0 0 0 0
400 53 0 0 0 0 0 0 0 0
405 53 0 0 0 0 0 0 0 0
406 53 0 0 0 0 0 0 0 0
407 53 0 0 0 0 0 0 0 0
408 53 0 0 0 0 0 0 0 0
409 53 0 0 0 0 0 0 0 0
412 53 0 0 53 0 0 0 0 0
413 53 0 0 53 0 0 0 0 0
414 53 1 1 0 0 0 0 0 0
415 53 0 0 0 0 0 0 0 0
418 53 0 0 0 0 0 0 0 0
419 53 0 0 0 0 0 0 0 0
420 14 0 0 0 0 0 0 0 0
421 28 0 0 14 0 0 0 0 0
fl=./string/../sysdeps/x86_64/multiarch/memcmp.c
fn=bcmp
29 6 4 2 2 0 0 0 0 0
fl=./string/../sysdeps/x86_64/multiarch/memcpy.c
fn=memcpy@@GLIBC_2.14
29 3 2 1 0 0 0 0 0 0
fl=./string/../sysdeps/x86_64/multiarch/memmove-vec-unaligned-erms.S
fn=__memcpy_avx_unaligned_erms
307 8067 9 1 0 0 0 0 0 0
308 8067 0 0 0 0 0 0 0 0
314 8087 0 0 0 0 0 0 0 0
315 8087 0 0 0 0 0 0 0 0
317 7804 0 0 7804 1745 0 0 0 0
318 7804 0 0 0 0 0 0 0 0
319 7804 0 0 0 0 0 0 0 0
322 98 0 0 98 0 0 0 0 0
323 98 0 0 0 0 0 98 0 0
324 98 0 0 0 0 0 98 0 0
327 196 0 0 98 0 0 0 0 0
357 283 0 0 0 0 0 0 0 0
358 283 0 0 0 0 0 0 0 0
360 226 0 0 0 0 0 0 0 0
361 226 0 0 0 0 0 0 0 0
363 163 0 0 0 0 0 0 0 0
367 163 0 0 0 0 0 0 0 0
368 107 1 0 0 0 0 0 0 0
369 107 0 0 0 0 0 0 0 0
370 107 0 0 107 0 0 0 0 0
371 107 0 0 0 0 0 0 0 0
372 53 0 0 53 0 0 0 0 0
373 53 0 0 0 0 0 53 0 0
375 107 0 0 0 0 0 107 0 0
377 107 0 0 107 0 0 0 0 0
383 56 1 1 56 0 0 0 0 0
384 56 0 0 56 0 0 0 0 0
385 56 0 0 0 0 0 56 1 0
386 56 0 0 0 0 0 56 0 0
387 56 0 0 56 0 0 0 0 0
394 57 2 0 57 2 1 0 0 0
395 57 0 0 57 0 0 0 0 0
396 57 0 0 0 0 0 57 0 0
397 57 0 0 0 0 0 57 0 0
399 57 0 0 57 0 0 0 0 0
416 63 2 1 63 1 1 0 0 0
417 63 0 0 63 0 0 0 0 0
418 63 0 0 0 0 0 63 2 2
419 63 0 0 0 0 0 63 0 0
420 63 0 0 63 0 0 0 0 0
427 45 0 0 45 2 0 0 0 0
428 45 0 0 45 0 0 0 0 0
429 45 0 0 0 0 0 45 31 1
430 45 0 0 0 0 0 45 1 0
431 45 0 0 0 0 0 45 1 0
432 45 0 0 0 0 0 45 0 0
433 90 0 0 45 0 0 0 0 0
438 7706 3 1 7706 6 0 0 0 0
439 7706 0 0 0 0 0 0 0 0
444 7656 0 0 0 0 0 0 0 0
445 7656 0 0 0 0 0 0 0 0
447 278 0 0 278 132 0 0 0 0
448 278 0 0 0 0 0 0 0 0
449 278 0 0 0 0 0 0 0 0
451 233 0 0 233 68 0 0 0 0
452 233 0 0 233 128 0 0 0 0
453 233 0 0 233 192 0 0 0 0
454 233 0 0 233 0 0 0 0 0
455 233 0 0 233 64 0 0 0 0
456 233 0 0 233 0 0 0 0 0
457 233 0 0 0 0 0 233 43 0
458 233 0 0 0 0 0 233 26 1
459 233 0 0 0 0 0 233 51 0
460 233 0 0 0 0 0 233 26 1
461 233 0 0 0 0 0 233 87 1
462 233 0 0 0 0 0 233 54 0
463 233 0 0 0 0 0 233 22 0
464 233 0 0 0 0 0 233 0 0
465 466 0 0 233 0 0 0 0 0
469 7378 2 1 0 0 0 0 0 0
470 7378 0 0 0 0 0 0 0 0
474 7378 0 0 0 0 0 0 0 0
476 7378 3 1 0 0 0 0 0 0
480 7378 0 0 7378 165 0 0 0 0
481 7378 0 0 0 0 0 0 0 0
492 7378 0 0 0 0 0 0 0 0
495 7378 0 0 0 0 0 0 0 0
497 7378 0 0 0 0 0 0 0 0
499 7378 0 0 0 0 0 0 0 0
503 7378 0 0 0 0 0 0 0 0
504 7378 0 0 0 0 0 0 0 0
513 6064 0 0 6064 2109 1 0 0 0
514 6064 0 0 6064 17 1 0 0 0
516 6064 0 0 0 0 0 0 0 0
518 6064 0 0 0 0 0 0 0 0
519 6064 3 1 6064 2094 0 0 0 0
520 6064 0 0 6064 19 1 0 0 0
523 6064 0 0 0 0 0 0 0 0
525 6064 0 0 0 0 0 0 0 0
527 6064 0 0 0 0 0 0 0 0
529 12128 0 0 0 0 0 0 0 0
535 43380 0 0 43380 1819 0 0 0 0
536 43380 0 0 43380 14807 62 0 0 0
537 43380 0 0 43380 1625 0 0 0 0
538 43380 0 0 43380 12909 62 0 0 0
539 43380 0 0 0 0 0 0 0 0
540 43380 0 0 0 0 0 43380 602 195
541 43380 0 0 0 0 0 43380 3227 142
542 43380 3 1 0 0 0 43380 298 194
543 43380 0 0 0 0 0 43380 3227 141
544 43380 0 0 0 0 0 0 0 0
545 43380 0 0 0 0 0 0 0 0
546 43380 0 0 0 0 0 0 0 0
548 6064 0 0 0 0 0 6064 785 23
549 6064 0 0 0 0 0 6064 24 4
550 6064 0 0 0 0 0 6064 0 0
551 6064 0 0 0 0 0 6064 0 0
553 6064 0 0 0 0 0 6064 0 0
557 12128 0 0 6064 0 0 0 0 0
570 1314 0 0 1314 113 0 0 0 0
571 1314 0 0 1314 129 0 0 0 0
573 1314 5 1 0 0 0 0 0 0
574 1314 0 0 1314 113 0 0 0 0
575 1314 0 0 1314 226 0 0 0 0
577 1314 0 0 0 0 0 0 0 0
579 1314 0 0 0 0 0 0 0 0
581 2628 0 0 0 0 0 0 0 0
587 17013 0 0 17013 115 0 0 0 0
588 17013 0 0 17013 1207 0 0 0 0
589 17013 0 0 17013 115 0 0 0 0
590 17013 0 0 17013 1093 0 0 0 0
591 17013 0 0 0 0 0 0 0 0
592 17013 0 0 0 0 0 17013 498 31
593 17013 8 1 0 0 0 17013 517 21
594 17013 0 0 0 0 0 17013 421 30
595 17013 0 0 0 0 0 17013 517 21
596 17013 0 0 0 0 0 0 0 0
597 17013 0 0 0 0 0 0 0 0
598 17013 0 0 0 0 0 0 0 0
600 1314 0 0 0 0 0 1314 81 1
601 1314 0 0 0 0 0 1314 52 2
602 1314 0 0 0 0 0 1314 0 0
603 1314 0 0 0 0 0 1314 0 0
605 1314 0 0 0 0 0 1314 32 0
606 2628 0 0 1314 0 0 0 0 0
615 50 1 1 50 25 0 0 0 0
622 50 0 0 0 0 0 0 0 0
623 50 0 0 0 0 0 0 0 0
629 28 0 0 0 0 0 0 0 0
632 28 0 0 0 0 0 0 0 0
634 28 0 0 0 0 0 0 0 0
637 28 0 0 0 0 0 0 0 0
638 28 0 0 0 0 0 0 0 0
640 28 0 0 0 0 0 0 0 0
642 2816924 0 0 2816896 44004 0 2816896 44029 42474
644 28 0 0 0 0 0 28 28 3
646 28 0 0 0 0 0 28 12 0
648 56 0 0 28 28 0 0 0 0
653 50 2 1 0 0 0 0 0 0
654 50 0 0 0 0 0 0 0 0
658 50 0 0 0 0 0 0 0 0
660 50 0 0 0 0 0 0 0 0
663 50 0 0 0 0 0 0 0 0
667 50 0 0 50 38 0 0 0 0
668 50 0 0 0 0 0 0 0 0
671 50 0 0 50 0 0 0 0 0
672 50 0 0 0 0 0 0 0 0
696 22 0 0 0 0 0 0 0 0
698 22 0 0 0 0 0 0 0 0
700 22 0 0 0 0 0 0 0 0
702 22 1 1 0 0 0 0 0 0
705 22 0 0 0 0 0 0 0 0
706 22 0 0 0 0 0 0 0 0
708 354197 0 0 354175 5303 0 354175 5537 3230
711 22 0 0 0 0 0 22 15 0
713 22 0 0 0 0 0 22 0 0
715 44 0 0 22 21 0 0 0 0
fn=__mempcpy_avx_unaligned_erms
294 20 1 1 0 0 0 0 0 0
295 20 0 0 0 0 0 0 0 0
296 20 0 0 0 0 0 0 0 0
297 20 0 0 0 0 0 0 0 0
fn=memcpy
212 31 2 1 0 0 0 0 0 0
213 31 0 0 0 0 0 0 0 0
219 316 0 0 0 0 0 0 0 0
220 316 0 0 0 0 0 0 0 0
222 151 0 0 151 25 0 0 0 0
223 151 1 0 0 0 0 0 0 0
224 151 0 0 0 0 0 0 0 0
226 136 0 0 136 0 0 0 0 0
227 136 0 0 0 0 0 136 116 19
228 136 0 0 0 0 0 136 0 0
230 136 0 0 136 0 0 0 0 0
360 165 3 1 0 0 0 0 0 0
361 165 0 0 0 0 0 0 0 0
363 133 0 0 0 0 0 0 0 0
367 133 0 0 0 0 0 0 0 0
368 128 0 0 0 0 0 0 0 0
369 128 0 0 0 0 0 0 0 0
370 3 0 0 3 2 2 0 0 0
371 3 0 0 0 0 0 0 0 0
372 2 0 0 2 0 0 0 0 0
373 2 0 0 0 0 0 2 1 1
375 3 0 0 0 0 0 3 1 1
377 128 0 0 128 0 0 0 0 0
383 5 0 0 5 0 0 0 0 0
384 5 0 0 5 0 0 0 0 0
385 5 0 0 0 0 0 5 0 0
386 5 0 0 0 0 0 5 0 0
387 5 0 0 5 0 0 0 0 0
416 32 1 1 32 0 0 0 0 0
417 32 0 0 32 0 0 0 0 0
418 32 0 0 0 0 0 32 7 7
419 32 0 0 0 0 0 32 1 1
420 32 0 0 32 0 0 0 0 0
427 15 1 0 15 0 0 0 0 0
428 15 0 0 15 0 0 0 0 0
429 15 0 0 0 0 0 15 4 4
430 15 0 0 0 0 0 15 3 3
431 15 0 0 0 0 0 15 3 3
432 15 0 0 0 0 0 15 0 0
433 15 0 0 15 0 0 0 0 0
444 15 2 1 0 0 0 0 0 0
445 15 0 0 0 0 0 0 0 0
447 15 0 0 15 0 0 0 0 0
448 15 0 0 0 0 0 0 0 0
449 15 0 0 0 0 0 0 0 0
fn=mempcpy
199 285 1 0 0 0 0 0 0 0
200 285 0 0 0 0 0 0 0 0
201 285 0 0 0 0 0 0 0 0
202 285 0 0 0 0 0 0 0 0
fl=./string/../sysdeps/x86_64/multiarch/memmove.c
fn=memmove
29 3 2 1 0 0 0 0 0 0
fl=./string/../sysdeps/x86_64/multiarch/mempcpy.c
fn=mempcpy
33 1 1 1 0 0 0 0 0 0
fl=./string/../sysdeps/x86_64/multiarch/memrchr.c
fn=memrchr
29 3 2 2 1 0 0 0 0 0
fl=./string/../sysdeps/x86_64/multiarch/memset-vec-unaligned-erms.S
fn=__memset_avx2_unaligned_erms
181 6840 2 1 0 0 0 0 0 0
182 20520 0 0 0 0 0 0 0 0
187 6840 0 0 0 0 0 0 0 0
188 6840 0 0 0 0 0 0 0 0
189 6821 0 0 0 0 0 0 0 0
190 6821 0 0 0 0 0 0 0 0
193 4 0 0 0 0 0 4 0 0
194 4 0 0 0 0 0 4 0 0
195 8 0 0 4 0 0 0 0 0
259 6817 1 1 6817 0 0 0 0 0
260 6817 0 0 0 0 0 0 0 0
283 6782 0 0 0 0 0 6782 141 6
284 6782 0 0 0 0 0 6782 161 6
289 6782 0 0 0 0 0 0 0 0
292 6782 0 0 0 0 0 0 0 0
293 6782 0 0 0 0 0 0 0 0
296 6782 0 0 0 0 0 6782 164 6
297 6782 0 0 0 0 0 6782 157 6
310 6782 0 0 0 0 0 0 0 0
311 6782 0 0 0 0 0 0 0 0
313 6782 0 0 0 0 0 0 0 0
316 6778 0 0 0 0 0 0 0 0
319 6778 0 0 0 0 0 0 0 0
322 53630 2 1 0 0 0 53630 1272 56
323 53630 0 0 0 0 0 53630 0 0
324 53630 0 0 0 0 0 53630 1562 66
325 53630 0 0 0 0 0 53630 0 0
326 53630 0 0 0 0 0 0 0 0
327 53630 0 0 0 0 0 0 0 0
328 60408 0 0 0 0 0 0 0 0
331 6782 0 0 0 0 0 6782 32 2
332 6782 0 0 0 0 0 6782 30 4
333 6782 0 0 0 0 0 6782 18 2
334 6782 0 0 0 0 0 6782 0 0
337 13564 0 0 6782 0 0 0 0 0
348 35 4 1 0 0 0 0 0 0
349 35 0 0 0 0 0 0 0 0
350 35 0 0 0 0 0 0 0 0
351 7536538 0 0 0 0 0 7536503 117710 110746
352 35 0 0 0 0 0 0 0 0
353 70 0 0 35 23 0 0 0 0
365 19 1 0 0 0 0 0 0 0
366 19 0 0 0 0 0 0 0 0
368 7 0 0 0 0 0 0 0 0
369 7 0 0 0 0 0 0 0 0
370 7 0 0 0 0 0 0 0 0
394 12 1 1 0 0 0 12 4 0
395 12 0 0 0 0 0 12 0 0
396 24 0 0 12 0 0 0 0 0
402 7 1 0 0 0 0 7 0 0
403 7 0 0 0 0 0 7 0 0
404 14 0 0 7 0 0 0 0 0
fn=memset
125 251 4 1 0 0 0 0 0 0
126 1255 0 0 0 0 0 0 0 0
132 251 0 0 0 0 0 0 0 0
133 251 3 1 0 0 0 0 0 0
134 250 0 0 0 0 0 0 0 0
135 250 0 0 0 0 0 0 0 0
137 122 0 0 0 0 0 122 112 16
138 122 0 0 0 0 0 122 0 0
139 122 0 0 122 0 0 0 0 0
204 4 0 0 0 0 0 4 0 0
205 4 0 0 0 0 0 4 0 0
207 4 0 0 4 0 0 0 0 0
283 128 0 0 0 0 0 128 4 4
284 128 0 0 0 0 0 128 2 2
289 128 0 0 0 0 0 0 0 0
292 128 0 0 0 0 0 0 0 0
293 128 0 0 0 0 0 0 0 0
296 124 0 0 0 0 0 124 112 16
297 124 0 0 0 0 0 124 1 1
310 124 0 0 0 0 0 0 0 0
311 124 0 0 0 0 0 0 0 0
313 124 0 0 0 0 0 0 0 0
316 3 1 1 0 0 0 0 0 0
319 6 0 0 0 0 0 0 0 0
322 85 0 0 0 0 0 85 79 79
323 85 0 0 0 0 0 85 0 0
324 85 0 0 0 0 0 85 4 4
325 85 0 0 0 0 0 85 0 0
326 85 0 0 0 0 0 0 0 0
327 85 0 0 0 0 0 0 0 0
328 85 0 0 0 0 0 0 0 0
331 124 2 0 0 0 0 124 2 2
332 124 0 0 0 0 0 124 0 0
333 124 0 0 0 0 0 124 0 0
334 124 0 0 0 0 0 124 0 0
339 124 0 0 124 0 0 0 0 0
368 1 1 1 0 0 0 0 0 0
369 1 0 0 0 0 0 0 0 0
370 1 0 0 0 0 0 0 0 0
402 1 0 0 0 0 0 1 1 1
403 1 0 0 0 0 0 1 0 0
404 1 0 0 1 0 0 0 0 0
fl=./string/../sysdeps/x86_64/multiarch/memset.c
fn=memset
29 2 2 1 0 0 0 0 0 0
fl=./string/../sysdeps/x86_64/multiarch/rawmemchr.c
fn=rawmemchr
31 2 1 1 1 0 0 0 0 0
fl=./string/../sysdeps/x86_64/multiarch/stpcpy.c
fn=stpcpy
33 3 1 1 1 0 0 0 0 0
fl=./string/../sysdeps/x86_64/multiarch/stpncpy.c
fn=stpncpy
31 3 2 2 1 0 0 0 0 0
fl=./string/../sysdeps/x86_64/multiarch/strcasecmp.c
fn=strcasecmp
31 2 0 0 1 0 0 0 0 0
fl=./string/../sysdeps/x86_64/multiarch/strcasecmp_l.c
fn=strcasecmp_l
31 2 1 1 1 0 0 0 0 0
fl=./string/../sysdeps/x86_64/multiarch/strcat.c
fn=strcat
29 3 1 1 1 0 0 0 0 0
fl=./string/../sysdeps/x86_64/multiarch/strchr-avx2.S
fn=__strchr_avx2
51 2 2 1 0 0 0 0 0 0
53 2 0 0 0 0 0 0 0 0
54 2 0 0 0 0 0 0 0 0
55 2 0 0 0 0 0 0 0 0
56 2 0 0 0 0 0 0 0 0
57 2 0 0 0 0 0 0 0 0
60 2 0 0 0 0 0 0 0 0
61 2 0 0 0 0 0 0 0 0
65 2 0 0 2 0 0 0 0 0
66 2 0 0 0 0 0 0 0 0
67 2 0 0 0 0 0 0 0 0
68 2 0 0 0 0 0 0 0 0
69 2 0 0 0 0 0 0 0 0
70 2 0 0 0 0 0 0 0 0
71 2 2 1 0 0 0 0 0 0
72 2 0 0 0 0 0 0 0 0
75 2 0 0 2 0 0 0 0 0
76 2 0 0 0 0 0 0 0 0
99 2 0 0 0 0 0 0 0 0
100 4 0 0 2 0 0 0 0 0
fn=__strchrnul_avx2
51 4 1 1 0 0 0 0 0 0
53 4 0 0 0 0 0 0 0 0
54 4 0 0 0 0 0 0 0 0
55 4 0 0 0 0 0 0 0 0
56 4 0 0 0 0 0 0 0 0
57 4 0 0 0 0 0 0 0 0
60 4 0 0 0 0 0 0 0 0
61 4 0 0 0 0 0 0 0 0
65 4 0 0 4 0 0 0 0 0
66 4 0 0 0 0 0 0 0 0
67 4 0 0 0 0 0 0 0 0
68 4 0 0 0 0 0 0 0 0
69 4 0 0 0 0 0 0 0 0
70 4 0 0 0 0 0 0 0 0
71 4 0 0 0 0 0 0 0 0
72 4 1 1 0 0 0 0 0 0
78 4 0 0 0 0 0 0 0 0
79 8 0 0 4 0 0 0 0 0
fl=./string/../sysdeps/x86_64/multiarch/strchr.c
fn=index
40 2 1 1 0 0 0 0 0 0
41 4 0 0 2 0 0 0 0 0
42 3 0 0 1 0 0 0 0 0
44 2 0 0 0 0 0 0 0 0
45 2 0 0 0 0 0 0 0 0
48 3 0 0 0 0 0 0 0 0
51 3 0 0 0 0 0 0 0 0
61 3 1 1 1 0 0 0 0 0
fl=./string/../sysdeps/x86_64/multiarch/strchrnul.c
fn=strchrnul
31 3 1 1 1 0 0 0 0 0
fl=./string/../sysdeps/x86_64/multiarch/strcmp.c
fn=strcmp
41 4 0 0 2 0 0 0 0 0
42 3 1 1 1 0 0 0 0 0
44 2 0 0 0 0 0 0 0 0
49 3 0 0 0 0 0 0 0 0
52 3 1 1 0 0 0 0 0 0
65 2 1 1 1 0 0 0 0 0
fl=./string/../sysdeps/x86_64/multiarch/strcpy.c
fn=strcpy
29 3 1 1 1 0 0 0 0 0
fl=./string/../sysdeps/x86_64/multiarch/strcspn.c
fn=strcspn
29 2 1 1 1 0 0 0 0 0
fl=./string/../sysdeps/x86_64/multiarch/strlen-avx2.S
fn=__strlen_avx2
50 132 2 1 0 0 0 0 0 0
63 132 0 0 0 0 0 0 0 0
64 132 0 0 0 0 0 0 0 0
65 132 0 0 0 0 0 0 0 0
68 132 0 0 0 0 0 0 0 0
70 132 0 0 0 0 0 0 0 0
71 132 0 0 0 0 0 0 0 0
74 132 3 1 132 19 14 0 0 0
75 132 0 0 0 0 0 0 0 0
83 132 0 0 0 0 0 0 0 0
84 132 0 0 0 0 0 0 0 0
85 131 0 0 0 0 0 0 0 0
90 262 0 0 131 0 0 0 0 0
116 1 0 0 0 0 0 0 0 0
129 1 0 0 0 0 0 0 0 0
130 1 0 0 0 0 0 0 0 0
131 1 0 0 0 0 0 0 0 0
137 2 0 0 1 0 0 0 0 0
219 1 1 1 0 0 0 0 0 0
234 1 0 0 1 0 0 0 0 0
240 1 0 0 0 0 0 0 0 0
241 1 0 0 0 0 0 0 0 0
242 1 0 0 0 0 0 0 0 0
fl=./string/../sysdeps/x86_64/multiarch/strlen-vec.S
fn=strlen
41 31 1 1 0 0 0 0 0 0
85 31 0 0 0 0 0 0 0 0
86 31 0 0 0 0 0 0 0 0
87 31 0 0 0 0 0 0 0 0
88 31 0 0 0 0 0 0 0 0
89 31 0 0 0 0 0 0 0 0
90 31 0 0 0 0 0 0 0 0
91 31 0 0 0 0 0 0 0 0
93 31 0 0 0 0 0 0 0 0
95 31 0 0 0 0 0 0 0 0
126 31 0 0 31 5 5 0 0 0
127 31 0 0 0 0 0 0 0 0
128 31 0 0 0 0 0 0 0 0
129 31 0 0 0 0 0 0 0 0
130 31 0 0 0 0 0 0 0 0
131 16 0 0 0 0 0 0 0 0
133 16 0 0 16 0 0 0 0 0
137 15 1 1 0 0 0 0 0 0
138 15 0 0 15 0 0 0 0 0
139 15 0 0 15 0 0 0 0 0
140 15 0 0 15 0 0 0 0 0
141 15 0 0 0 0 0 0 0 0
142 15 0 0 0 0 0 0 0 0
143 15 0 0 0 0 0 0 0 0
144 15 0 0 0 0 0 0 0 0
145 15 0 0 0 0 0 0 0 0
146 15 0 0 0 0 0 0 0 0
147 15 0 0 0 0 0 0 0 0
148 15 0 0 0 0 0 0 0 0
153 120 1 1 15 0 0 0 0 0
fl=./string/../sysdeps/x86_64/multiarch/strlen.c
fn=strlen
29 9 3 1 3 0 0 0 0 0
fl=./string/../sysdeps/x86_64/multiarch/strncase.c
fn=strncasecmp
31 2 1 1 1 0 0 0 0 0
fl=./string/../sysdeps/x86_64/multiarch/strncase_l.c
fn=strncasecmp_l
31 2 2 2 1 0 0 0 0 0
fl=./string/../sysdeps/x86_64/multiarch/strncmp.c
fn=strncmp
41 4 1 1 2 0 0 0 0 0
42 3 0 0 1 0 0 0 0 0
44 2 0 0 0 0 0 0 0 0
49 3 0 0 0 0 0 0 0 0
52 3 0 0 0 0 0 0 0 0
66 2 2 2 1 0 0 0 0 0
fl=./string/../sysdeps/x86_64/multiarch/strncpy.c
fn=strncpy
29 3 1 1 1 0 0 0 0 0
fl=./string/../sysdeps/x86_64/multiarch/strnlen.c
fn=strnlen
31 6 2 2 2 0 0 0 0 0
fl=./string/../sysdeps/x86_64/multiarch/strpbrk.c
fn=strpbrk
29 2 1 1 1 0 0 0 0 0
fl=./string/../sysdeps/x86_64/multiarch/strrchr-avx2.S
fn=__strrchr_avx2
46 1 1 1 0 0 0 0 0 0
47 1 0 0 0 0 0 0 0 0
48 1 0 0 0 0 0 0 0 0
50 1 0 0 0 0 0 0 0 0
51 1 0 0 0 0 0 0 0 0
54 1 0 0 0 0 0 0 0 0
55 1 0 0 0 0 0 0 0 0
56 1 0 0 0 0 0 0 0 0
89 1 1 1 0 0 0 0 0 0
90 1 0 0 0 0 0 0 0 0
91 1 0 0 1 1 0 0 0 0
92 1 0 0 0 0 0 0 0 0
93 1 0 0 0 0 0 0 0 0
94 1 0 0 0 0 0 0 0 0
95 1 0 0 0 0 0 0 0 0
96 1 0 0 0 0 0 0 0 0
97 1 0 0 0 0 0 0 0 0
98 1 0 0 0 0 0 0 0 0
101 1 0 0 0 0 0 0 0 0
102 1 0 0 0 0 0 0 0 0
111 1 1 1 0 0 0 0 0 0
112 1 0 0 0 0 0 0 0 0
115 1 0 0 0 0 0 0 0 0
116 2 0 0 0 0 0 0 0 0
120 1 0 0 1 1 1 0 0 0
121 1 0 0 0 0 0 0 0 0
122 1 0 0 0 0 0 0 0 0
123 1 0 0 0 0 0 0 0 0
124 1 0 0 0 0 0 0 0 0
125 1 0 0 0 0 0 0 0 0
126 1 0 0 0 0 0 0 0 0
127 1 0 0 0 0 0 0 0 0
159 1 1 1 0 0 0 0 0 0
160 1 0 0 0 0 0 0 0 0
179 1 0 0 0 0 0 0 0 0
180 1 0 0 0 0 0 0 0 0
181 1 0 0 0 0 0 0 0 0
196 1 1 1 0 0 0 0 0 0
197 1 0 0 0 0 0 0 0 0
198 1 0 0 0 0 0 0 0 0
199 1 0 0 0 0 0 0 0 0
200 1 0 0 0 0 0 0 0 0
202 1 0 0 0 0 0 0 0 0
203 1 0 0 0 0 0 0 0 0
204 1 0 0 0 0 0 0 0 0
205 2 0 0 1 0 0 0 0 0
fl=./string/../sysdeps/x86_64/multiarch/strrchr.c
fn=rindex
28 3 1 1 1 0 0 0 0 0
fl=./string/../sysdeps/x86_64/multiarch/strspn.c
fn=strspn
29 2 1 1 1 0 0 0 0 0
fl=./string/../sysdeps/x86_64/strcmp.S
fn=strcmp
108 2755 4 1 0 0 0 0 0 0
141 2755 0 0 0 0 0 0 0 0
142 2755 0 0 0 0 0 0 0 0
144 2755 0 0 0 0 0 0 0 0
145 2755 0 0 0 0 0 0 0 0
166 2755 0 0 0 0 0 0 0 0
167 2755 0 0 0 0 0 0 0 0
168 2583 0 0 0 0 0 0 0 0
169 2583 0 0 0 0 0 0 0 0
170 2494 0 0 2494 120 35 0 0 0
171 2494 3 1 2494 31 8 0 0 0
172 2494 0 0 2494 0 0 0 0 0
173 2494 0 0 2494 0 0 0 0 0
194 2494 0 0 0 0 0 0 0 0
195 2494 0 0 0 0 0 0 0 0
196 2494 0 0 0 0 0 0 0 0
197 2494 0 0 0 0 0 0 0 0
198 2494 0 0 0 0 0 0 0 0
199 2494 0 0 0 0 0 0 0 0
200 2494 0 0 0 0 0 0 0 0
205 59 0 0 0 0 0 0 0 0
206 177 0 0 0 0 0 0 0 0
215 320 3 1 0 0 0 0 0 0
216 320 0 0 0 0 0 0 0 0
217 320 0 0 0 0 0 0 0 0
218 320 0 0 0 0 0 0 0 0
219 320 0 0 0 0 0 0 0 0
220 320 0 0 0 0 0 0 0 0
221 320 0 0 0 0 0 0 0 0
222 320 0 0 0 0 0 0 0 0
223 210 0 0 0 0 0 0 0 0
224 108 0 0 0 0 0 0 0 0
225 108 0 0 0 0 0 0 0 0
226 108 0 0 0 0 0 0 0 0
228 210 0 0 0 0 0 0 0 0
229 210 0 0 0 0 0 0 0 0
230 210 0 0 0 0 0 0 0 0
231 210 0 0 210 26 2 0 0 0
232 210 0 0 0 0 0 0 0 0
233 210 0 0 0 0 0 0 0 0
243 110 4 1 110 14 3 0 0 0
244 110 0 0 0 0 0 0 0 0
245 110 0 0 0 0 0 0 0 0
247 110 0 0 110 2 1 0 0 0
253 110 0 0 0 0 0 0 0 0
254 110 0 0 0 0 0 0 0 0
255 110 0 0 0 0 0 0 0 0
256 110 0 0 0 0 0 0 0 0
257 110 0 0 0 0 0 0 0 0
262 110 0 0 0 0 0 0 0 0
264 103 0 0 0 0 0 0 0 0
265 103 0 0 0 0 0 0 0 0
266 206 0 0 0 0 0 0 0 0
274 122 3 1 122 13 0 0 0 0
275 122 0 0 122 2 2 0 0 0
278 122 0 0 0 0 0 0 0 0
279 122 0 0 0 0 0 0 0 0
280 122 0 0 0 0 0 0 0 0
281 122 0 0 0 0 0 0 0 0
282 122 0 0 0 0 0 0 0 0
283 122 0 0 0 0 0 0 0 0
289 31 0 0 0 0 0 0 0 0
290 31 0 0 31 0 0 0 0 0
291 31 0 0 31 0 0 0 0 0
294 31 0 0 0 0 0 0 0 0
295 31 0 0 0 0 0 0 0 0
296 31 0 0 0 0 0 0 0 0
297 31 1 1 0 0 0 0 0 0
298 31 0 0 0 0 0 0 0 0
299 31 0 0 0 0 0 0 0 0
304 19 0 0 0 0 0 0 0 0
305 19 0 0 0 0 0 0 0 0
314 2 1 0 0 0 0 0 0 0
315 2 0 0 2 0 0 0 0 0
316 2 0 0 2 1 1 0 0 0
317 2 0 0 0 0 0 0 0 0
318 2 0 0 0 0 0 0 0 0
320 2 0 0 0 0 0 0 0 0
321 2 0 0 0 0 0 0 0 0
322 2 1 1 0 0 0 0 0 0
323 2 0 0 0 0 0 0 0 0
324 2 0 0 0 0 0 0 0 0
325 2 0 0 0 0 0 0 0 0
326 2 0 0 0 0 0 0 0 0
327 2 0 0 2 0 0 0 0 0
330 2 0 0 0 0 0 0 0 0
331 2 0 0 0 0 0 0 0 0
332 2 0 0 0 0 0 0 0 0
338 2 0 0 0 0 0 0 0 0
339 2 0 0 0 0 0 0 0 0
340 4 0 0 0 0 0 0 0 0
344 2 1 1 0 0 0 0 0 0
345 2 0 0 0 0 0 0 0 0
348 2 0 0 2 1 1 0 0 0
349 2 0 0 2 0 0 0 0 0
350 2 0 0 0 0 0 0 0 0
353 2 0 0 0 0 0 0 0 0
354 2 0 0 0 0 0 0 0 0
355 2 0 0 0 0 0 0 0 0
361 2 0 0 0 0 0 0 0 0
362 2 0 0 0 0 0 0 0 0
363 2 0 0 0 0 0 0 0 0
364 2 0 0 0 0 0 0 0 0
365 2 0 0 0 0 0 0 0 0
366 2 1 1 0 0 0 0 0 0
444 1 1 1 0 0 0 0 0 0
445 1 0 0 1 0 0 0 0 0
446 1 0 0 1 1 0 0 0 0
447 1 0 0 0 0 0 0 0 0
448 1 0 0 0 0 0 0 0 0
450 1 0 0 0 0 0 0 0 0
451 1 0 0 0 0 0 0 0 0
452 1 1 1 0 0 0 0 0 0
453 1 0 0 0 0 0 0 0 0
454 1 0 0 0 0 0 0 0 0
455 1 0 0 0 0 0 0 0 0
456 1 0 0 0 0 0 0 0 0
457 1 0 0 1 0 0 0 0 0
460 1 0 0 0 0 0 0 0 0
461 1 0 0 0 0 0 0 0 0
462 1 0 0 0 0 0 0 0 0
468 1 0 0 0 0 0 0 0 0
469 1 0 0 0 0 0 0 0 0
470 2 0 0 0 0 0 0 0 0
474 1 1 1 0 0 0 0 0 0
475 1 0 0 0 0 0 0 0 0
478 1 0 0 1 1 0 0 0 0
479 1 0 0 1 1 0 0 0 0
480 1 0 0 0 0 0 0 0 0
483 1 0 0 0 0 0 0 0 0
484 1 0 0 0 0 0 0 0 0
485 1 0 0 0 0 0 0 0 0
491 1 0 0 0 0 0 0 0 0
492 1 0 0 0 0 0 0 0 0
493 1 0 0 0 0 0 0 0 0
494 1 0 0 0 0 0 0 0 0
495 1 0 0 0 0 0 0 0 0
496 1 1 1 0 0 0 0 0 0
693 1 1 1 0 0 0 0 0 0
694 1 0 0 1 0 0 0 0 0
695 1 0 0 1 0 0 0 0 0
696 1 0 0 0 0 0 0 0 0
697 1 0 0 0 0 0 0 0 0
699 1 0 0 0 0 0 0 0 0
700 1 0 0 0 0 0 0 0 0
701 1 1 1 0 0 0 0 0 0
702 1 0 0 0 0 0 0 0 0
703 1 0 0 0 0 0 0 0 0
704 1 0 0 0 0 0 0 0 0
705 1 0 0 0 0 0 0 0 0
706 1 0 0 1 0 0 0 0 0
710 1 0 0 0 0 0 0 0 0
711 1 0 0 0 0 0 0 0 0
712 1 0 0 0 0 0 0 0 0
718 1 0 0 0 0 0 0 0 0
719 1 0 0 0 0 0 0 0 0
720 2 0 0 0 0 0 0 0 0
724 1 1 1 0 0 0 0 0 0
725 1 0 0 0 0 0 0 0 0
728 1 0 0 1 1 1 0 0 0
729 1 0 0 1 0 0 0 0 0
730 1 0 0 0 0 0 0 0 0
733 1 0 0 0 0 0 0 0 0
734 1 0 0 0 0 0 0 0 0
735 1 0 0 0 0 0 0 0 0
741 1 0 0 0 0 0 0 0 0
742 1 0 0 0 0 0 0 0 0
743 1 0 0 0 0 0 0 0 0
744 1 0 0 0 0 0 0 0 0
745 1 0 0 0 0 0 0 0 0
746 1 1 1 0 0 0 0 0 0
753 1 0 0 0 0 0 0 0 0
754 1 0 0 0 0 0 0 0 0
756 1 0 0 0 0 0 0 0 0
757 1 0 0 0 0 0 0 0 0
759 1 0 0 1 0 0 0 0 0
760 1 0 0 1 0 0 0 0 0
761 1 0 0 0 0 0 0 0 0
764 1 0 0 0 0 0 0 0 0
765 1 0 0 0 0 0 0 0 0
766 1 0 0 0 0 0 0 0 0
772 1 0 0 0 0 0 0 0 0
773 1 0 0 0 0 0 0 0 0
774 1 0 0 0 0 0 0 0 0
775 1 0 0 0 0 0 0 0 0
776 1 1 1 0 0 0 0 0 0
777 1 0 0 0 0 0 0 0 0
943 5 2 1 0 0 0 0 0 0
944 5 0 0 5 1 1 0 0 0
945 5 0 0 5 3 0 0 0 0
946 5 0 0 0 0 0 0 0 0
947 5 0 0 0 0 0 0 0 0
949 5 0 0 0 0 0 0 0 0
950 5 0 0 0 0 0 0 0 0
951 5 2 1 0 0 0 0 0 0
952 5 0 0 0 0 0 0 0 0
953 5 0 0 0 0 0 0 0 0
954 5 0 0 0 0 0 0 0 0
955 5 0 0 0 0 0 0 0 0
956 5 0 0 5 0 0 0 0 0
960 5 0 0 0 0 0 0 0 0
961 5 0 0 0 0 0 0 0 0
962 5 0 0 0 0 0 0 0 0
968 5 0 0 0 0 0 0 0 0
969 5 0 0 0 0 0 0 0 0
970 10 0 0 0 0 0 0 0 0
974 6 2 1 0 0 0 0 0 0
975 6 0 0 0 0 0 0 0 0
978 6 0 0 6 1 1 0 0 0
979 6 0 0 6 0 0 0 0 0
980 6 0 0 0 0 0 0 0 0
983 6 0 0 0 0 0 0 0 0
984 6 0 0 0 0 0 0 0 0
985 6 0 0 0 0 0 0 0 0
991 6 0 0 0 0 0 0 0 0
992 6 0 0 0 0 0 0 0 0
993 6 0 0 0 0 0 0 0 0
994 6 0 0 0 0 0 0 0 0
995 6 0 0 0 0 0 0 0 0
996 6 2 1 0 0 0 0 0 0
1003 3 0 0 0 0 0 0 0 0
1004 3 0 0 0 0 0 0 0 0
1006 3 0 0 0 0 0 0 0 0
1007 3 0 0 0 0 0 0 0 0
1009 3 0 0 3 0 0 0 0 0
1010 3 0 0 3 1 1 0 0 0
1011 3 0 0 0 0 0 0 0 0
1014 3 0 0 0 0 0 0 0 0
1015 3 0 0 0 0 0 0 0 0
1016 3 0 0 0 0 0 0 0 0
1022 3 0 0 0 0 0 0 0 0
1023 3 0 0 0 0 0 0 0 0
1024 3 0 0 0 0 0 0 0 0
1025 3 0 0 0 0 0 0 0 0
1026 3 2 1 0 0 0 0 0 0
1027 3 0 0 0 0 0 0 0 0
1034 1 0 0 0 0 0 0 0 0
1035 1 0 0 0 0 0 0 0 0
1036 1 0 0 0 0 0 0 0 0
1068 11 2 1 0 0 0 0 0 0
1069 11 0 0 11 2 2 0 0 0
1070 11 0 0 11 1 0 0 0 0
1071 11 0 0 0 0 0 0 0 0
1072 11 0 0 0 0 0 0 0 0
1074 11 0 0 0 0 0 0 0 0
1075 11 0 0 0 0 0 0 0 0
1076 11 2 1 0 0 0 0 0 0
1077 11 0 0 0 0 0 0 0 0
1078 11 0 0 0 0 0 0 0 0
1079 11 0 0 0 0 0 0 0 0
1080 11 0 0 0 0 0 0 0 0
1081 4 0 0 4 0 0 0 0 0
1085 4 0 0 0 0 0 0 0 0
1086 4 0 0 0 0 0 0 0 0
1087 4 0 0 0 0 0 0 0 0
1093 4 0 0 0 0 0 0 0 0
1094 4 0 0 0 0 0 0 0 0
1095 8 0 0 0 0 0 0 0 0
1099 5 2 1 0 0 0 0 0 0
1100 5 0 0 0 0 0 0 0 0
1103 5 0 0 5 0 0 0 0 0
1104 5 0 0 5 2 1 0 0 0
1105 5 0 0 0 0 0 0 0 0
1108 5 0 0 0 0 0 0 0 0
1109 5 0 0 0 0 0 0 0 0
1110 5 0 0 0 0 0 0 0 0
1116 5 0 0 0 0 0 0 0 0
1117 5 0 0 0 0 0 0 0 0
1118 5 0 0 0 0 0 0 0 0
1119 5 0 0 0 0 0 0 0 0
1120 5 0 0 0 0 0 0 0 0
1121 5 2 1 0 0 0 0 0 0
1128 2 0 0 0 0 0 0 0 0
1129 2 0 0 0 0 0 0 0 0
1131 2 0 0 0 0 0 0 0 0
1132 2 0 0 0 0 0 0 0 0
1134 2 0 0 2 0 0 0 0 0
1135 2 0 0 2 0 0 0 0 0
1136 2 0 0 0 0 0 0 0 0
1139 2 0 0 0 0 0 0 0 0
1140 2 0 0 0 0 0 0 0 0
1141 2 0 0 0 0 0 0 0 0
1147 2 0 0 0 0 0 0 0 0
1148 2 0 0 0 0 0 0 0 0
1149 2 0 0 0 0 0 0 0 0
1150 2 0 0 0 0 0 0 0 0
1151 2 2 1 0 0 0 0 0 0
1152 2 0 0 0 0 0 0 0 0
1159 1 0 0 0 0 0 0 0 0
1160 1 0 0 0 0 0 0 0 0
1161 1 0 0 0 0 0 0 0 0
1193 7 3 1 0 0 0 0 0 0
1194 7 0 0 7 1 1 0 0 0
1195 7 0 0 7 3 3 0 0 0
1196 7 0 0 0 0 0 0 0 0
1197 7 0 0 0 0 0 0 0 0
1199 7 0 0 0 0 0 0 0 0
1200 7 0 0 0 0 0 0 0 0
1201 7 3 1 0 0 0 0 0 0
1202 7 0 0 0 0 0 0 0 0
1203 7 0 0 0 0 0 0 0 0
1204 7 0 0 0 0 0 0 0 0
1205 7 0 0 0 0 0 0 0 0
1206 5 0 0 5 0 0 0 0 0
1210 5 0 0 0 0 0 0 0 0
1211 5 0 0 0 0 0 0 0 0
1212 5 0 0 0 0 0 0 0 0
1218 5 0 0 0 0 0 0 0 0
1219 5 0 0 0 0 0 0 0 0
1220 10 0 0 0 0 0 0 0 0
1224 5 3 1 0 0 0 0 0 0
1225 5 0 0 0 0 0 0 0 0
1228 5 0 0 5 2 1 0 0 0
1229 5 0 0 5 1 1 0 0 0
1230 5 0 0 0 0 0 0 0 0
1233 5 0 0 0 0 0 0 0 0
1234 5 0 0 0 0 0 0 0 0
1235 5 0 0 0 0 0 0 0 0
1241 5 0 0 0 0 0 0 0 0
1242 5 0 0 0 0 0 0 0 0
1243 5 0 0 0 0 0 0 0 0
1244 5 0 0 0 0 0 0 0 0
1245 5 0 0 0 0 0 0 0 0
1246 5 3 1 0 0 0 0 0 0
1253 1 0 0 0 0 0 0 0 0
1254 1 0 0 0 0 0 0 0 0
1256 1 0 0 0 0 0 0 0 0
1257 1 0 0 0 0 0 0 0 0
1259 1 0 0 1 0 0 0 0 0
1260 1 0 0 1 1 1 0 0 0
1261 1 0 0 0 0 0 0 0 0
1264 1 0 0 0 0 0 0 0 0
1265 1 0 0 0 0 0 0 0 0
1266 1 0 0 0 0 0 0 0 0
1272 1 0 0 0 0 0 0 0 0
1273 1 0 0 0 0 0 0 0 0
1274 1 0 0 0 0 0 0 0 0
1275 1 0 0 0 0 0 0 0 0
1276 1 1 1 0 0 0 0 0 0
1277 1 0 0 0 0 0 0 0 0
1318 32 2 1 0 0 0 0 0 0
1319 32 0 0 32 2 1 0 0 0
1320 32 0 0 32 2 1 0 0 0
1321 32 0 0 0 0 0 0 0 0
1322 32 0 0 0 0 0 0 0 0
1324 32 0 0 0 0 0 0 0 0
1325 32 0 0 0 0 0 0 0 0
1326 32 2 1 0 0 0 0 0 0
1327 32 0 0 0 0 0 0 0 0
1328 32 0 0 0 0 0 0 0 0
1329 32 0 0 0 0 0 0 0 0
1330 32 0 0 0 0 0 0 0 0
1331 9 0 0 9 0 0 0 0 0
1335 9 0 0 0 0 0 0 0 0
1336 9 0 0 0 0 0 0 0 0
1337 9 0 0 0 0 0 0 0 0
1343 9 0 0 0 0 0 0 0 0
1344 9 0 0 0 0 0 0 0 0
1345 18 0 0 0 0 0 0 0 0
1349 10 2 1 0 0 0 0 0 0
1350 10 0 0 0 0 0 0 0 0
1353 9 0 0 9 1 1 0 0 0
1354 9 0 0 9 1 0 0 0 0
1355 9 0 0 0 0 0 0 0 0
1358 9 0 0 0 0 0 0 0 0
1359 9 0 0 0 0 0 0 0 0
1360 9 0 0 0 0 0 0 0 0
1366 9 0 0 0 0 0 0 0 0
1367 9 0 0 0 0 0 0 0 0
1368 9 0 0 0 0 0 0 0 0
1369 9 0 0 0 0 0 0 0 0
1370 9 0 0 0 0 0 0 0 0
1371 9 2 1 0 0 0 0 0 0
1378 1 0 0 0 0 0 0 0 0
1379 1 0 0 0 0 0 0 0 0
1381 1 0 0 0 0 0 0 0 0
1382 1 0 0 0 0 0 0 0 0
1384 1 0 0 1 0 0 0 0 0
1385 1 0 0 1 0 0 0 0 0
1386 1 0 0 0 0 0 0 0 0
1389 1 0 0 0 0 0 0 0 0
1390 1 0 0 0 0 0 0 0 0
1391 1 0 0 0 0 0 0 0 0
1397 1 0 0 0 0 0 0 0 0
1398 1 0 0 0 0 0 0 0 0
1399 1 0 0 0 0 0 0 0 0
1400 1 0 0 0 0 0 0 0 0
1401 1 1 0 0 0 0 0 0 0
1402 1 0 0 0 0 0 0 0 0
1409 1 0 0 0 0 0 0 0 0
1410 1 0 0 0 0 0 0 0 0
1411 1 0 0 0 0 0 0 0 0
1415 1 1 1 0 0 0 0 0 0
1416 1 0 0 0 0 0 0 0 0
1417 1 0 0 0 0 0 0 0 0
1418 1 0 0 0 0 0 0 0 0
1431 1 0 0 1 0 0 0 0 0
1432 1 0 0 0 0 0 0 0 0
1433 1 0 0 0 0 0 0 0 0
1434 1 0 0 0 0 0 0 0 0
1443 8 2 1 0 0 0 0 0 0
1444 8 0 0 8 2 1 0 0 0
1445 8 0 0 8 3 2 0 0 0
1446 8 0 0 0 0 0 0 0 0
1447 8 0 0 0 0 0 0 0 0
1449 8 0 0 0 0 0 0 0 0
1450 8 0 0 0 0 0 0 0 0
1451 8 2 1 0 0 0 0 0 0
1452 8 0 0 0 0 0 0 0 0
1453 8 0 0 0 0 0 0 0 0
1454 8 0 0 0 0 0 0 0 0
1455 8 0 0 0 0 0 0 0 0
1456 8 0 0 8 0 0 0 0 0
1460 8 0 0 0 0 0 0 0 0
1461 8 0 0 0 0 0 0 0 0
1462 8 0 0 0 0 0 0 0 0
1468 8 0 0 0 0 0 0 0 0
1469 8 0 0 0 0 0 0 0 0
1470 16 0 0 0 0 0 0 0 0
1474 9 2 1 0 0 0 0 0 0
1475 9 0 0 0 0 0 0 0 0
1478 9 0 0 9 5 4 0 0 0
1479 9 0 0 9 1 0 0 0 0
1480 9 0 0 0 0 0 0 0 0
1483 9 0 0 0 0 0 0 0 0
1484 9 0 0 0 0 0 0 0 0
1485 9 0 0 0 0 0 0 0 0
1491 9 0 0 0 0 0 0 0 0
1492 9 0 0 0 0 0 0 0 0
1493 9 0 0 0 0 0 0 0 0
1494 9 0 0 0 0 0 0 0 0
1495 9 0 0 0 0 0 0 0 0
1496 9 2 1 0 0 0 0 0 0
1503 2 0 0 0 0 0 0 0 0
1504 2 0 0 0 0 0 0 0 0
1506 2 0 0 0 0 0 0 0 0
1507 2 0 0 0 0 0 0 0 0
1509 2 0 0 2 0 0 0 0 0
1510 2 0 0 2 0 0 0 0 0
1511 2 0 0 0 0 0 0 0 0
1514 2 0 0 0 0 0 0 0 0
1515 2 0 0 0 0 0 0 0 0
1516 2 0 0 0 0 0 0 0 0
1522 2 0 0 0 0 0 0 0 0
1523 2 0 0 0 0 0 0 0 0
1524 2 0 0 0 0 0 0 0 0
1525 2 0 0 0 0 0 0 0 0
1526 2 1 1 0 0 0 0 0 0
1527 2 0 0 0 0 0 0 0 0
1534 1 0 0 0 0 0 0 0 0
1535 1 0 0 0 0 0 0 0 0
1536 1 0 0 0 0 0 0 0 0
1568 23 5 1 0 0 0 0 0 0
1569 23 0 0 23 2 1 0 0 0
1570 23 0 0 23 1 1 0 0 0
1571 23 0 0 0 0 0 0 0 0
1572 23 0 0 0 0 0 0 0 0
1574 23 0 0 0 0 0 0 0 0
1575 23 0 0 0 0 0 0 0 0
1576 23 4 1 0 0 0 0 0 0
1577 23 0 0 0 0 0 0 0 0
1578 23 0 0 0 0 0 0 0 0
1579 23 0 0 0 0 0 0 0 0
1580 23 0 0 0 0 0 0 0 0
1581 8 0 0 8 0 0 0 0 0
1585 8 0 0 0 0 0 0 0 0
1586 8 0 0 0 0 0 0 0 0
1587 8 0 0 0 0 0 0 0 0
1593 8 0 0 0 0 0 0 0 0
1594 8 0 0 0 0 0 0 0 0
1595 16 0 0 0 0 0 0 0 0
1599 8 1 1 0 0 0 0 0 0
1600 8 0 0 0 0 0 0 0 0
1603 8 0 0 8 0 0 0 0 0
1604 8 0 0 8 0 0 0 0 0
1605 8 0 0 0 0 0 0 0 0
1608 8 0 0 0 0 0 0 0 0
1609 8 0 0 0 0 0 0 0 0
1610 8 0 0 0 0 0 0 0 0
1616 8 0 0 0 0 0 0 0 0
1617 8 0 0 0 0 0 0 0 0
1618 8 0 0 0 0 0 0 0 0
1619 8 0 0 0 0 0 0 0 0
1620 8 0 0 0 0 0 0 0 0
1621 8 2 1 0 0 0 0 0 0
1628 2 0 0 0 0 0 0 0 0
1629 2 0 0 0 0 0 0 0 0
1631 2 0 0 0 0 0 0 0 0
1632 2 0 0 0 0 0 0 0 0
1634 2 0 0 2 1 0 0 0 0
1635 2 0 0 2 1 0 0 0 0
1636 2 0 0 0 0 0 0 0 0
1639 2 0 0 0 0 0 0 0 0
1640 2 0 0 0 0 0 0 0 0
1641 2 0 0 0 0 0 0 0 0
1647 2 0 0 0 0 0 0 0 0
1648 2 0 0 0 0 0 0 0 0
1649 2 0 0 0 0 0 0 0 0
1650 2 0 0 0 0 0 0 0 0
1651 2 2 1 0 0 0 0 0 0
1652 2 0 0 0 0 0 0 0 0
1693 20 3 1 0 0 0 0 0 0
1694 20 0 0 20 4 2 0 0 0
1695 20 0 0 20 6 3 0 0 0
1696 20 0 0 0 0 0 0 0 0
1697 20 0 0 0 0 0 0 0 0
1699 20 0 0 0 0 0 0 0 0
1700 20 0 0 0 0 0 0 0 0
1701 20 3 1 0 0 0 0 0 0
1702 20 0 0 0 0 0 0 0 0
1703 20 0 0 0 0 0 0 0 0
1704 20 0 0 0 0 0 0 0 0
1705 20 0 0 0 0 0 0 0 0
1706 11 0 0 11 0 0 0 0 0
1710 11 0 0 0 0 0 0 0 0
1711 11 0 0 0 0 0 0 0 0
1712 11 0 0 0 0 0 0 0 0
1718 11 0 0 0 0 0 0 0 0
1719 11 0 0 0 0 0 0 0 0
1720 22 0 0 0 0 0 0 0 0
1724 12 3 1 0 0 0 0 0 0
1725 12 0 0 0 0 0 0 0 0
1728 12 0 0 12 3 2 0 0 0
1729 12 0 0 12 3 2 0 0 0
1730 12 0 0 0 0 0 0 0 0
1733 12 0 0 0 0 0 0 0 0
1734 12 0 0 0 0 0 0 0 0
1735 12 0 0 0 0 0 0 0 0
1741 12 0 0 0 0 0 0 0 0
1742 12 0 0 0 0 0 0 0 0
1743 12 0 0 0 0 0 0 0 0
1744 12 0 0 0 0 0 0 0 0
1745 12 0 0 0 0 0 0 0 0
1746 12 4 1 0 0 0 0 0 0
1753 4 0 0 0 0 0 0 0 0
1754 4 0 0 0 0 0 0 0 0
1756 4 0 0 0 0 0 0 0 0
1757 4 0 0 0 0 0 0 0 0
1759 4 0 0 4 1 1 0 0 0
1760 4 0 0 4 1 0 0 0 0
1761 4 0 0 0 0 0 0 0 0
1764 4 0 0 0 0 0 0 0 0
1765 4 0 0 0 0 0 0 0 0
1766 4 0 0 0 0 0 0 0 0
1772 4 0 0 0 0 0 0 0 0
1773 4 0 0 0 0 0 0 0 0
1774 4 0 0 0 0 0 0 0 0
1775 4 0 0 0 0 0 0 0 0
1776 4 3 1 0 0 0 0 0 0
1777 4 0 0 0 0 0 0 0 0
1784 1 0 0 0 0 0 0 0 0
1785 1 0 0 0 0 0 0 0 0
1786 1 0 0 0 0 0 0 0 0
1818 25 4 1 0 0 0 0 0 0
1819 25 0 0 25 5 3 0 0 0
1820 25 0 0 25 4 1 0 0 0
1821 25 0 0 0 0 0 0 0 0
1822 25 0 0 0 0 0 0 0 0
1824 25 0 0 0 0 0 0 0 0
1825 25 0 0 0 0 0 0 0 0
1826 25 4 1 0 0 0 0 0 0
1827 25 0 0 0 0 0 0 0 0
1828 25 0 0 0 0 0 0 0 0
1829 25 0 0 0 0 0 0 0 0
1830 25 0 0 0 0 0 0 0 0
1831 13 0 0 13 0 0 0 0 0
1835 13 0 0 0 0 0 0 0 0
1836 13 0 0 0 0 0 0 0 0
1837 13 0 0 0 0 0 0 0 0
1843 13 0 0 0 0 0 0 0 0
1844 13 0 0 0 0 0 0 0 0
1845 26 0 0 0 0 0 0 0 0
1849 15 3 1 0 0 0 0 0 0
1850 15 0 0 0 0 0 0 0 0
1853 15 0 0 15 2 0 0 0 0
1854 15 0 0 15 2 1 0 0 0
1855 15 0 0 0 0 0 0 0 0
1858 15 0 0 0 0 0 0 0 0
1859 15 0 0 0 0 0 0 0 0
1860 15 0 0 0 0 0 0 0 0
1866 15 0 0 0 0 0 0 0 0
1867 15 0 0 0 0 0 0 0 0
1868 15 0 0 0 0 0 0 0 0
1869 15 0 0 0 0 0 0 0 0
1870 15 0 0 0 0 0 0 0 0
1871 15 3 1 0 0 0 0 0 0
1878 5 0 0 0 0 0 0 0 0
1879 5 0 0 0 0 0 0 0 0
1881 5 0 0 0 0 0 0 0 0
1882 5 0 0 0 0 0 0 0 0
1884 5 0 0 5 1 0 0 0 0
1885 5 0 0 5 0 0 0 0 0
1886 5 0 0 0 0 0 0 0 0
1889 5 0 0 0 0 0 0 0 0
1890 5 0 0 0 0 0 0 0 0
1891 5 0 0 0 0 0 0 0 0
1897 5 0 0 0 0 0 0 0 0
1898 5 0 0 0 0 0 0 0 0
1899 5 0 0 0 0 0 0 0 0
1900 5 0 0 0 0 0 0 0 0
1901 5 2 1 0 0 0 0 0 0
1902 5 0 0 0 0 0 0 0 0
1909 2 0 0 0 0 0 0 0 0
1910 2 0 0 0 0 0 0 0 0
1911 2 0 0 0 0 0 0 0 0
1915 1 0 0 0 0 0 0 0 0
1916 1 0 0 0 0 0 0 0 0
1917 1 0 0 0 0 0 0 0 0
1918 1 0 0 0 0 0 0 0 0
1925 1 0 0 0 0 0 0 0 0
1926 1 0 0 0 0 0 0 0 0
1927 1 0 0 0 0 0 0 0 0
1943 14 3 1 0 0 0 0 0 0
1944 14 0 0 14 5 1 0 0 0
1945 14 0 0 14 8 3 0 0 0
1946 14 0 0 0 0 0 0 0 0
1947 14 0 0 0 0 0 0 0 0
1949 14 0 0 0 0 0 0 0 0
1950 14 0 0 0 0 0 0 0 0
1951 14 4 1 0 0 0 0 0 0
1952 14 0 0 0 0 0 0 0 0
1953 14 0 0 0 0 0 0 0 0
1954 14 0 0 0 0 0 0 0 0
1955 14 0 0 0 0 0 0 0 0
1956 8 0 0 8 0 0 0 0 0
1960 8 0 0 0 0 0 0 0 0
1961 8 0 0 0 0 0 0 0 0
1962 8 0 0 0 0 0 0 0 0
1968 8 0 0 0 0 0 0 0 0
1969 8 0 0 0 0 0 0 0 0
1970 16 0 0 0 0 0 0 0 0
1974 13 4 1 0 0 0 0 0 0
1975 13 0 0 0 0 0 0 0 0
1978 13 0 0 13 2 2 0 0 0
1979 13 0 0 13 3 2 0 0 0
1980 13 0 0 0 0 0 0 0 0
1983 13 0 0 0 0 0 0 0 0
1984 13 0 0 0 0 0 0 0 0
1985 13 0 0 0 0 0 0 0 0
1991 13 0 0 0 0 0 0 0 0
1992 13 0 0 0 0 0 0 0 0
1993 13 0 0 0 0 0 0 0 0
1994 13 0 0 0 0 0 0 0 0
1995 13 0 0 0 0 0 0 0 0
1996 13 3 1 0 0 0 0 0 0
2003 6 0 0 0 0 0 0 0 0
2004 6 0 0 0 0 0 0 0 0
2006 6 0 0 0 0 0 0 0 0
2007 6 0 0 0 0 0 0 0 0
2009 6 0 0 6 0 0 0 0 0
2010 6 0 0 6 1 0 0 0 0
2011 6 0 0 0 0 0 0 0 0
2014 6 0 0 0 0 0 0 0 0
2015 6 0 0 0 0 0 0 0 0
2016 6 0 0 0 0 0 0 0 0
2022 6 0 0 0 0 0 0 0 0
2023 6 0 0 0 0 0 0 0 0
2024 6 0 0 0 0 0 0 0 0
2025 6 0 0 0 0 0 0 0 0
2026 6 2 1 0 0 0 0 0 0
2027 6 0 0 0 0 0 0 0 0
2034 5 0 0 0 0 0 0 0 0
2035 5 0 0 0 0 0 0 0 0
2036 5 0 0 0 0 0 0 0 0
2068 61 3 1 0 0 0 0 0 0
2069 61 0 0 61 4 2 0 0 0
2070 61 0 0 61 12 6 0 0 0
2071 61 0 0 0 0 0 0 0 0
2072 61 0 0 0 0 0 0 0 0
2074 61 0 0 0 0 0 0 0 0
2075 61 0 0 0 0 0 0 0 0
2076 61 5 1 0 0 0 0 0 0
2077 61 0 0 0 0 0 0 0 0
2078 61 0 0 0 0 0 0 0 0
2079 61 0 0 0 0 0 0 0 0
2080 61 0 0 0 0 0 0 0 0
2082 22 0 0 22 0 0 0 0 0
2086 22 0 0 0 0 0 0 0 0
2087 22 0 0 0 0 0 0 0 0
2088 22 0 0 0 0 0 0 0 0
2094 22 0 0 0 0 0 0 0 0
2095 22 0 0 0 0 0 0 0 0
2097 44 0 0 0 0 0 0 0 0
2101 23 4 1 0 0 0 0 0 0
2102 23 0 0 0 0 0 0 0 0
2105 23 0 0 23 10 7 0 0 0
2106 23 0 0 23 3 2 0 0 0
2107 23 0 0 0 0 0 0 0 0
2110 23 0 0 0 0 0 0 0 0
2111 23 0 0 0 0 0 0 0 0
2112 23 0 0 0 0 0 0 0 0
2118 23 0 0 0 0 0 0 0 0
2119 23 0 0 0 0 0 0 0 0
2120 23 0 0 0 0 0 0 0 0
2121 23 0 0 0 0 0 0 0 0
2122 23 0 0 0 0 0 0 0 0
2123 23 4 1 0 0 0 0 0 0
2130 3 0 0 0 0 0 0 0 0
2131 3 0 0 0 0 0 0 0 0
2133 3 0 0 0 0 0 0 0 0
2134 3 0 0 0 0 0 0 0 0
2136 3 0 0 3 1 0 0 0 0
2137 3 0 0 3 1 0 0 0 0
2138 3 0 0 0 0 0 0 0 0
2141 3 0 0 0 0 0 0 0 0
2142 3 0 0 0 0 0 0 0 0
2143 3 0 0 0 0 0 0 0 0
2149 3 0 0 0 0 0 0 0 0
2150 3 0 0 0 0 0 0 0 0
2151 3 0 0 0 0 0 0 0 0
2152 3 0 0 0 0 0 0 0 0
2153 3 2 1 0 0 0 0 0 0
2154 3 0 0 0 0 0 0 0 0
2161 1 0 0 0 0 0 0 0 0
2162 1 0 0 0 0 0 0 0 0
2163 1 0 0 0 0 0 0 0 0
2167 1 0 0 0 0 0 0 0 0
2168 1 0 0 0 0 0 0 0 0
2169 1 0 0 0 0 0 0 0 0
2170 1 0 0 0 0 0 0 0 0
2177 1 0 0 0 0 0 0 0 0
2178 1 0 0 0 0 0 0 0 0
2179 1 0 0 0 0 0 0 0 0
2190 1 0 0 0 0 0 0 0 0
2191 1 0 0 0 0 0 0 0 0
2192 1 0 0 0 0 0 0 0 0
2193 2 0 0 0 0 0 0 0 0
2197 200 2 0 0 0 0 0 0 0
2199 320 1 1 0 0 0 0 0 0
2200 320 0 0 0 0 0 0 0 0
2201 320 0 0 0 0 0 0 0 0
2202 320 0 0 0 0 0 0 0 0
2203 216 0 0 0 0 0 0 0 0
2208 2755 3 1 0 0 0 0 0 0
2214 2755 0 0 2755 0 0 0 0 0
2215 2755 0 0 2755 0 0 0 0 0
2223 2755 0 0 0 0 0 0 0 0
2224 2755 0 0 2755 0 0 0 0 0
fl=./string/../sysdeps/x86_64/strcspn.S
fn=strcspn
25 1 1 1 0 0 0 0 0 0
27 1 0 0 0 0 0 0 0 0
34 1 0 0 0 0 0 0 0 0
35 1 1 1 0 0 0 0 0 0
37 1 0 0 0 0 0 0 0 0
38 1 0 0 0 0 0 0 0 0
39 1 0 0 0 0 0 0 0 0
40 1 0 0 0 0 0 0 0 0
41 33 0 0 0 0 0 32 4 4
44 3 0 0 0 0 0 0 0 0
51 1 0 0 1 1 1 0 0 0
52 1 0 0 0 0 0 0 0 0
53 1 0 0 0 0 0 0 0 0
54 1 0 0 0 0 0 1 0 0
56 1 0 0 1 0 0 0 0 0
57 1 0 0 0 0 0 0 0 0
58 1 0 0 0 0 0 0 0 0
59 1 0 0 0 0 0 1 0 0
61 1 0 0 1 0 0 0 0 0
62 1 0 0 0 0 0 0 0 0
63 1 0 0 0 0 0 0 0 0
72 3 1 1 0 0 0 0 0 0
84 13 0 0 0 0 0 0 0 0
86 13 0 0 13 1 1 0 0 0
87 13 0 0 13 0 0 0 0 0
88 13 0 0 0 0 0 0 0 0
90 13 0 0 13 0 0 0 0 0
91 13 0 0 13 0 0 0 0 0
92 13 0 0 0 0 0 0 0 0
94 13 0 0 13 0 0 0 0 0
95 13 0 0 13 0 0 0 0 0
96 13 0 0 0 0 0 0 0 0
98 13 0 0 13 0 0 0 0 0
99 13 0 0 13 0 0 0 0 0
100 13 0 0 0 0 0 0 0 0
102 1 0 0 0 0 0 0 0 0
103 1 0 0 0 0 0 0 0 0
104 1 0 0 0 0 0 0 0 0
106 1 0 0 0 0 0 0 0 0
113 1 0 0 0 0 0 0 0 0
117 1 0 0 1 0 0 0 0 0
fl=./string/./string/strdup.c
fn=strdup
40 30 1 1 0 0 0 12 0 0
41 12 0 0 0 0 0 6 0 0
44 12 0 0 0 0 0 0 0 0
47 24 0 0 0 0 0 0 0 0
48 18 0 0 12 0 0 0 0 0
fl=./sunrpc/./sunrpc/rpc_thread.c
fn=__rpc_thread_destroy
21 480 6 1 0 0 0 240 0 0
22 240 0 0 240 34 0 0 0 0
24 240 0 0 0 0 0 0 0 0
39 480 1 1 360 0 0 0 0 0
fl=./termios/../sysdeps/unix/sysv/linux/tcgetattr.c
fn=tcgetattr
34 6 1 1 1 0 0 1 0 0
38 10 2 2 1 0 0 1 0 0
40 1 0 0 0 0 0 0 0 0
77 6 1 1 3 0 0 0 0 0
fl=./time/../sysdeps/unix/sysv/linux/clock_gettime.c
fn=clock_gettime@@GLIBC_2.17
30 36 2 1 0 0 0 0 0 0
38 72 0 0 72 61 0 0 0 0
40 72 0 0 0 0 0 0 0 0
44 36 0 0 0 0 0 0 0 0
68 72 2 1 0 0 0 0 0 0
69 72 0 0 0 0 0 0 0 0
86 36 0 0 36 0 0 0 0 0
fl=./wcsmbs/../sysdeps/x86_64/multiarch/ifunc-avx2.h
fn=wcschr
32 4 0 0 0 0 0 0 0 0
33 10 1 1 4 0 0 0 0 0
34 6 0 0 2 0 0 0 0 0
36 4 0 0 0 0 0 0 0 0
37 4 0 0 0 0 0 0 0 0
40 6 0 0 0 0 0 0 0 0
43 8 0 0 0 0 0 0 0 0
fn=wcscmp
32 2 0 0 0 0 0 0 0 0
33 5 1 1 2 0 0 0 0 0
34 3 0 0 1 0 0 0 0 0
36 2 0 0 0 0 0 0 0 0
37 2 0 0 0 0 0 0 0 0
40 3 0 0 0 0 0 0 0 0
43 4 0 0 0 0 0 0 0 0
fl=./wcsmbs/../sysdeps/x86_64/multiarch/ifunc-evex.h
fn=wmemchr
34 4 0 0 0 0 0 0 0 0
35 10 1 1 4 0 0 0 0 0
36 6 0 0 2 0 0 0 0 0
38 4 0 0 0 0 0 0 0 0
39 4 1 1 0 0 0 0 0 0
41 4 0 0 0 0 0 0 0 0
47 6 0 0 0 0 0 0 0 0
50 8 0 0 0 0 0 0 0 0
fl=./wcsmbs/../sysdeps/x86_64/multiarch/ifunc-memcmp.h
fn=wmemcmp
34 4 0 0 2 0 0 0 0 0
35 3 0 0 1 0 0 0 0 0
36 2 1 1 0 0 0 0 0 0
37 3 0 0 1 0 0 0 0 0
39 2 0 0 0 0 0 0 0 0
40 2 0 0 0 0 0 0 0 0
43 3 0 0 0 0 0 0 0 0
46 3 0 0 0 0 0 0 0 0
fl=./wcsmbs/../sysdeps/x86_64/multiarch/ifunc-wcslen.h
fn=wcslen
33 2 0 0 0 0 0 0 0 0
34 4 0 0 2 0 0 0 0 0
35 3 1 1 1 0 0 0 0 0
37 2 0 0 0 0 0 0 0 0
38 2 0 0 0 0 0 0 0 0
41 3 0 0 0 0 0 0 0 0
44 3 0 0 0 0 0 0 0 0
fn=wcsnlen
33 2 0 0 0 0 0 0 0 0
34 4 0 0 2 0 0 0 0 0
35 3 1 1 1 0 0 0 0 0
37 2 0 0 0 0 0 0 0 0
38 2 0 0 0 0 0 0 0 0
41 3 0 0 0 0 0 0 0 0
44 3 0 0 0 0 0 0 0 0
fl=./wcsmbs/../sysdeps/x86_64/multiarch/ifunc-wmemset.h
fn=wmemset
33 10 0 0 4 0 0 0 0 0
34 6 0 0 2 0 0 0 0 0
36 4 0 0 0 0 0 0 0 0
44 6 0 0 0 0 0 0 0 0
47 8 1 1 0 0 0 0 0 0
fl=./wcsmbs/../sysdeps/x86_64/multiarch/wcschr.c
fn=wcschr
31 6 2 2 2 0 0 0 0 0
fl=./wcsmbs/../sysdeps/x86_64/multiarch/wcscmp.c
fn=wcscmp
30 3 1 1 1 0 0 0 0 0
fl=./wcsmbs/../sysdeps/x86_64/multiarch/wcscpy.c
fn=wcscpy
37 5 1 1 2 0 0 0 0 0
43 2 0 0 1 0 0 0 0 0
fl=./wcsmbs/../sysdeps/x86_64/multiarch/wcslen.c
fn=wcslen
29 3 1 1 1 0 0 0 0 0
fl=./wcsmbs/../sysdeps/x86_64/multiarch/wcsnlen.c
fn=wcsnlen
29 3 2 2 1 0 0 0 0 0
fl=./wcsmbs/../sysdeps/x86_64/multiarch/wmemchr.c
fn=wmemchr
31 4 1 1 2 0 0 0 0 0
fl=./wcsmbs/../sysdeps/x86_64/multiarch/wmemcmp.c
fn=wmemcmp
29 3 2 2 1 0 0 0 0 0
fl=./wcsmbs/../sysdeps/x86_64/multiarch/wmemset.c
fn=wmemset
31 4 1 1 2 0 0 0 0 0
fl=./wcsmbs/./wcsmbs/btowc.c
fn=btowc
32 3584 2 2 256 0 0 1280 0 0
37 1792 1 1 0 0 0 0 0 0
42 512 0 0 0 0 0 0 0 0
46 384 0 0 384 1 0 0 0 0
47 256 0 0 256 2 0 0 0 0
49 256 0 0 128 1 0 0 0 0
54 512 0 0 128 0 0 0 0 0
57 640 0 0 128 0 0 256 0 0
98 2304 1 1 1792 0 0 0 0 0
fl=./wcsmbs/./wcsmbs/wctob.c
fn=wctob
30 1664 2 2 128 0 0 512 0 0
39 384 0 0 0 0 0 0 0 0
44 256 0 0 0 0 0 0 0 0
45 128 0 0 0 0 0 0 0 0
81 1024 1 1 768 0 0 0 0 0
fl=./wcsmbs/./wcsmbsload.h
fn=btowc
69 384 0 0 128 1 0 0 0 0
71 384 1 1 0 0 0 0 0 0
72 128 0 0 0 0 0 0 0 0
fl=./wctype/./wctype/wctype_l.c
fn=wctype_l
26 100 1 1 0 0 0 60 0 0
29 20 0 0 0 0 0 10 0 0
32 20 0 0 20 1 0 0 0 0
33 68 0 0 0 0 0 0 0 0
35 174 1 1 0 0 0 58 0 0
37 410 0 0 0 0 0 49 0 0
40 48 0 0 0 0 0 0 0 0
41 96 0 0 48 0 0 0 0 0
45 10 0 0 10 1 0 0 0 0
46 10 0 0 10 2 0 0 0 0
47 80 0 0 70 0 0 0 0 0
fl=/build/gcc-11-0odw26/gcc-11-11.4.0/build/x86_64-linux-gnu/libgcc/../../../src/libgcc/config/i386/crtfastmath.c
fn=set_fast_math
84 1 1 1 0 0 0 0 0 0
94 1 0 0 0 0 0 1 0 0
96 2 1 1 2 0 0 0 0 0
98 1 0 0 1 0 0 0 0 0
fl=???
fn=(anonymous namespace)::read_ppm(std::__cxx11::basic_string<char, std::char_traits<char>, std::allocator<char> > const&, (anonymous namespace)::Ppm&, std::__cxx11::basic_string<char, std::char_traits<char>, std::allocator<char> >&)::$_1::operator()[abi:cxx11]() const
0 394 7 7 147 0 0 88 0 0
fn=(below main)
0 12 1 1 2 1 0 3 0 0
fn=???
0 483514 496 344 456313 1954 11 1183 135 27
fn=_GLOBAL__sub_I_main.cpp
0 9 1 0 2 1 0 2 0 0
fn=__cpu_indicator_init
0 367 34 34 47 4 2 13 0 0
fn=__cxa_get_globals
0 14 1 1 2 0 0 2 0 0
fn=__cxa_guard_acquire
0 145 4 2 54 13 0 10 0 0
fn=__cxa_guard_release
0 78 4 2 43 0 0 1 0 0
fn=__cxxabiv1::__si_class_type_info::__do_dyncast(long, __cxxabiv1::__class_type_info::__sub_kind, __cxxabiv1::__class_type_info const*, void const*, __cxxabiv1::__class_type_info const*, void const*, __cxxabiv1::__class_type_info::__dyncast_result&) const
0 148 8 4 44 0 0 36 0 0
fn=__dynamic_cast
0 220 10 5 76 8 0 44 0 0
fn=__gnu_cxx::stdio_sync_filebuf<char, std::char_traits<char> >::sync()
0 15 1 1 5 1 0 0 0 0
fn=__gnu_cxx::stdio_sync_filebuf<char, std::char_traits<char> >::xsputn(char const*, long)
0 114 2 2 19 1 0 0 0 0
fn=__gnu_cxx::stdio_sync_filebuf<wchar_t, std::char_traits<wchar_t> >::sync()
0 15 0 0 5 2 0 0 0 0
fn=bool std::has_facet<std::codecvt<char, char, __mbstate_t> >(std::locale const&)
0 44 2 1 18 5 0 6 0 0
fn=bool std::has_facet<std::ctype<char> >(std::locale const&)
0 24 2 1 8 0 0 0 0 0
fn=bool std::has_facet<std::ctype<wchar_t> >(std::locale const&)
0 12 1 1 4 0 0 0 0 0
fn=bool std::has_facet<std::num_get<char, std::istreambuf_iterator<char, std::char_traits<char> > > >(std::locale const&)
0 24 0 0 8 0 0 0 0 0
fn=bool std::has_facet<std::num_get<wchar_t, std::istreambuf_iterator<wchar_t, std::char_traits<wchar_t> > > >(std::locale const&)
0 12 0 0 4 0 0 0 0 0
fn=bool std::has_facet<std::num_put<char, std::ostreambuf_iterator<char, std::char_traits<char> > > >(std::locale const&)
0 24 2 1 8 0 0 0 0 0
fn=bool std::has_facet<std::num_put<wchar_t, std::ostreambuf_iterator<wchar_t, std::char_traits<wchar_t> > > >(std::locale const&)
0 12 1 1 4 0 0 0 0 0
fn=brushie::(anonymous namespace)::RangeEncoder::shift_low()
0 1517273 10 10 564342 2 0 415406 597 2
fn=brushie::(anonymous namespace)::build_band_pyramid(std::vector<int, std::allocator<int> >&, unsigned int, unsigned int, unsigned int, unsigned int, brushie::(anonymous namespace)::BandPyramid&)
0 374283 159 73 123079 25481 0 98077 23884 2
fn=brushie::(anonymous namespace)::build_band_pyramid(std::vector<int, std::allocator<int> >&, unsigned int, unsigned int, unsigned int, unsigned int, brushie::(anonymous namespace)::BandPyramid&)::$_20::operator()(unsigned long) const
0 158080 6 6 33280 1 0 29952 16 2
fn=brushie::(anonymous namespace)::build_band_pyramid(std::vector<int, std::allocator<int> >&, unsigned int, unsigned int, unsigned int, unsigned int, brushie::(anonymous namespace)::BandPyramid&)::$_21::operator()(unsigned long) const
0 9277056 6 5 3082368 509830 0 1042432 509529 0
fn=brushie::(anonymous namespace)::downsample_2x(std::vector<int, std::allocator<int> >&, unsigned int, unsigned int, unsigned int&, unsigned int&)
0 5904943 9 9 525344 32776 0 131114 8199 0
fn=brushie::(anonymous namespace)::encode_band_arith(int const*, unsigned int, unsigned int, bool, unsigned long, unsigned long, int const*, unsigned int, unsigned int, unsigned int, unsigned char, std::vector<unsigned char, std::allocator<unsigned char> >&)
0 63594347 95 95 14846318 58471 1 3381677 236 0
fn=brushie::(anonymous namespace)::encode_band_arith(int const*, unsigned int, unsigned int, bool, unsigned long, unsigned long, int const*, unsigned int, unsigned int, unsigned int, unsigned char, std::vector<unsigned char, std::allocator<unsigned char> >&)::$_22::operator()() const
0 8 1 0 2 0 0 2 0 0
fn=brushie::(anonymous namespace)::forward_line(int const*, int*, unsigned int)
0 24654312 60 10 3598592 35 0 323840 1828 0
fn=brushie::(anonymous namespace)::put_u64(std::vector<unsigned char, std::allocator<unsigned char> >&, unsigned long, unsigned long)
0 29 1 1 9 0 0 8 0 0
fn=brushie::(anonymous namespace)::quant_params(double&, double&, double&, double&, double&, double&, double&, double&)
0 1032 4 4 216 0 0 384 0 0
fn=brushie::(anonymous namespace)::quant_step(unsigned char, unsigned int, unsigned int, unsigned char, unsigned char)
0 1850 7 7 483 0 0 378 0 0
fn=brushie::encode(brushie::ImageView const&, brushie::EncodeOptions const&, brushie::EncodedImage&, std::__cxx11::basic_string<char, std::char_traits<char>, std::allocator<char> >*)
0 5160550 253 250 974504 34607 3 789411 275 9
fn=brushie::encode(brushie::ImageView const&, brushie::EncodeOptions const&, brushie::EncodedImage&, std::__cxx11::basic_string<char, std::char_traits<char>, std::allocator<char> >*)::$_0::operator()() const
0 8 2 2 2 0 0 2 0 0
fn=brushie::encode(brushie::ImageView const&, brushie::EncodeOptions const&, brushie::EncodedImage&, std::__cxx11::basic_string<char, std::char_traits<char>, std::allocator<char> >*)::$_13::operator()() const
0 8 2 2 2 0 0 2 0 0
fn=brushie::encode(brushie::ImageView const&, brushie::EncodeOptions const&, brushie::EncodedImage&, std::__cxx11::basic_string<char, std::char_traits<char>, std::allocator<char> >*)::$_14::operator()() const
0 8 1 1 2 0 0 2 0 0
fn=brushie::encode(brushie::ImageView const&, brushie::EncodeOptions const&, brushie::EncodedImage&, std::__cxx11::basic_string<char, std::char_traits<char>, std::allocator<char> >*)::$_1::operator()(std::vector<int, std::allocator<int> >&, unsigned int, unsigned int, unsigned char) const
0 209 6 6 62 3 2 57 1 0
fn=brushie::encode(brushie::ImageView const&, brushie::EncodeOptions const&, brushie::EncodedImage&, std::__cxx11::basic_string<char, std::char_traits<char>, std::allocator<char> >*)::$_2::operator()(brushie::(anonymous namespace)::BandPyramid&, unsigned char) const
0 1225 15 15 428 4 0 365 14 0
fn=brushie::encode(brushie::ImageView const&, brushie::EncodeOptions const&, brushie::EncodedImage&, std::__cxx11::basic_string<char, std::char_traits<char>, std::allocator<char> >*)::$_3::operator()() const
0 8 2 2 2 0 0 2 0 0
fn=brushie::encode(brushie::ImageView const&, brushie::EncodeOptions const&, brushie::EncodedImage&, std::__cxx11::basic_string<char, std::char_traits<char>, std::allocator<char> >*)::$_4::operator()() const
0 8 1 1 2 0 0 2 0 0
fn=brushie::encode(brushie::ImageView const&, brushie::EncodeOptions const&, brushie::EncodedImage&, std::__cxx11::basic_string<char, std::char_traits<char>, std::allocator<char> >*)::$_5::operator()() const
0 8 0 0 2 0 0 2 0 0
fn=brushie::encode(brushie::ImageView const&, brushie::EncodeOptions const&, brushie::EncodedImage&, std::__cxx11::basic_string<char, std::char_traits<char>, std::allocator<char> >*)::$_7::operator()(unsigned long) const
0 7131 19 19 2319 351 0 834 157 0
fn=brushie::track::Scope::~Scope()
0 165 3 2 40 5 0 45 0 0
fn=brushie::track::emit(char const*, char const*, double, unsigned long, unsigned long, unsigned long, unsigned long, unsigned long, std::__cxx11::basic_string<char, std::char_traits<char>, std::allocator<char> >)
0 146 8 5 47 7 1 35 1 1
fn=dump_track()
0 10 3 3 4 2 0 1 0 0
fn=main
0 535 59 58 107 21 1 140 2 0
fn=main::$_0::operator()[abi:cxx11](char const*) const
0 43 3 3 11 0 0 12 0 0
fn=operator delete(void*)
0 21556 2 1 0 0 0 0 0 0
fn=operator delete[](void*)
0 4 0 0 0 0 0 0 0 0
fn=operator new(unsigned long)
0 129336 2 2 21556 0 0 21556 3 0
fn=operator new[](unsigned long)
0 4 2 1 0 0 0 0 0 0
fn=std::__basic_file<char>::__basic_file(pthread_mutex_t*)
0 8 2 1 2 0 0 4 0 0
fn=std::__basic_file<char>::close()
0 50 2 1 12 0 0 12 0 0
fn=std::__basic_file<char>::fd()
0 9 0 0 3 1 0 0 0 0
fn=std::__basic_file<char>::is_open() const
0 48 0 0 24 0 0 0 0 0
fn=std::__basic_file<char>::open(char const*, std::_Ios_Openmode, int)
0 54 4 2 8 0 0 16 0 0
fn=std::__basic_file<char>::xsgetn(char*, long)
0 52 2 2 10 0 0 12 0 0
fn=std::__basic_file<char>::xsputn_2(char const*, long, char const*, long)
0 47 4 4 10 0 0 15 0 0
fn=std::__basic_file<char>::~__basic_file()
0 4 1 0 0 0 0 0 0 0
fn=std::__cxx11::basic_string<char, std::char_traits<char>, std::allocator<char> >::_M_create(unsigned long&, unsigned long)
0 12 2 2 1 0 0 0 0 0
fn=std::__cxx11::basic_string<char, std::char_traits<char>, std::allocator<char> >::compare(char const*) const
0 140 2 2 28 0 0 24 0 0
fn=std::__cxx11::messages<char>::messages(unsigned long)
0 20 2 2 4 1 0 8 1 1
fn=std::__cxx11::messages<wchar_t>::messages(unsigned long)
0 20 1 1 4 1 0 8 0 0
fn=std::__cxx11::moneypunct<char, false>::_M_initialize_moneypunct(__locale_struct*, char const*)
0 113 4 4 38 1 1 31 0 0
fn=std::__cxx11::moneypunct<char, true>::_M_initialize_moneypunct(__locale_struct*, char const*)
0 113 5 5 38 0 0 31 0 0
fn=std::__cxx11::moneypunct<wchar_t, false>::_M_initialize_moneypunct(__locale_struct*, char const*)
0 109 6 6 30 0 0 31 0 0
fn=std::__cxx11::moneypunct<wchar_t, true>::_M_initialize_moneypunct(__locale_struct*, char const*)
0 109 6 6 30 0 0 31 0 0
fn=std::__cxx11::numpunct<char>::_M_initialize_numpunct(__locale_struct*)
0 414 7 7 137 4 2 75 0 0
fn=std::__cxx11::numpunct<wchar_t>::_M_initialize_numpunct(__locale_struct*)
0 350 5 5 74 1 1 74 3 3
fn=std::__num_base::_S_format_float(std::ios_base const&, char*, char)
0 62 3 3 6 1 1 8 0 0
fn=std::__timepunct<char>::_M_initialize_timepunct(__locale_struct*)
0 149 14 14 6 0 0 29 0 0
fn=std::__timepunct<char>::__timepunct(std::__timepunct_cache<char>*, unsigned long)
0 23 2 2 4 0 0 9 1 1
fn=std::__timepunct<wchar_t>::_M_initialize_timepunct(__locale_struct*)
0 149 14 14 6 0 0 29 0 0
fn=std::__timepunct<wchar_t>::__timepunct(std::__timepunct_cache<wchar_t>*, unsigned long)
0 23 2 2 4 0 0 9 0 0
fn=std::basic_filebuf<char, std::char_traits<char> >::_M_allocate_internal_buffer()
0 26 4 2 10 0 0 8 0 0
fn=std::basic_filebuf<char, std::char_traits<char> >::_M_destroy_internal_buffer()
0 40 4 2 10 0 0 14 0 0
fn=std::basic_filebuf<char, std::char_traits<char> >::_M_terminate_output()
0 68 8 4 29 0 0 15 0 0
fn=std::basic_filebuf<char, std::char_traits<char> >::basic_filebuf()
0 112 10 5 16 3 0 66 1 0
fn=std::basic_filebuf<char, std::char_traits<char> >::close()
0 98 8 4 18 0 0 36 0 0
fn=std::basic_filebuf<char, std::char_traits<char> >::open(char const*, std::_Ios_Openmode)
0 94 6 3 14 0 0 32 0 0
fn=std::basic_filebuf<char, std::char_traits<char> >::underflow()
0 69 8 8 23 2 1 14 0 0
fn=std::basic_filebuf<char, std::char_traits<char> >::xsgetn(char*, long)
0 71 8 8 17 4 0 10 0 0
fn=std::basic_filebuf<char, std::char_traits<char> >::xsputn(char const*, long)
0 74 5 5 18 1 0 12 0 0
fn=std::basic_filebuf<char, std::char_traits<char> >::~basic_filebuf()
0 15 1 1 3 0 0 5 0 0
fn=std::basic_ios<char, std::char_traits<char> >::_M_cache_locale(std::locale const&)
0 248 4 2 24 0 0 88 0 0
fn=std::basic_ios<char, std::char_traits<char> >::clear(std::_Ios_Iostate)
0 14 2 1 6 0 0 2 0 0
fn=std::basic_ios<char, std::char_traits<char> >::init(std::basic_streambuf<char, std::char_traits<char> >*)
0 184 4 2 24 0 0 72 0 0
fn=std::basic_ios<wchar_t, std::char_traits<wchar_t> >::_M_cache_locale(std::locale const&)
0 124 2 2 12 0 0 44 0 0
fn=std::basic_ios<wchar_t, std::char_traits<wchar_t> >::init(std::basic_streambuf<wchar_t, std::char_traits<wchar_t> >*)
0 92 2 2 12 0 0 40 0 0
fn=std::basic_ofstream<char, std::char_traits<char> >::basic_ofstream(char const*, std::_Ios_Openmode)
0 58 4 4 10 2 0 20 0 0
fn=std::basic_ostream<char, std::char_traits<char> >& std::__ostream_insert<char, std::char_traits<char> >(std::basic_ostream<char, std::char_traits<char> >&, char const*, long)
0 560 5 5 240 2 0 120 0 0
fn=std::basic_ostream<wchar_t, std::char_traits<wchar_t> >::flush()
0 162 4 4 79 10 0 22 0 0
fn=std::basic_ostream<wchar_t, std::char_traits<wchar_t> >::sentry::sentry(std::basic_ostream<wchar_t, std::char_traits<wchar_t> >&)
0 99 3 3 34 1 0 21 0 0
fn=std::basic_streambuf<char, std::char_traits<char> >::uflow()
0 17 1 1 7 1 0 3 0 0
fn=std::chrono::_V2::steady_clock::now()
0 540 6 2 216 24 0 72 23 0
fn=std::codecvt<char, char, __mbstate_t> const& std::use_facet<std::codecvt<char, char, __mbstate_t> >(std::locale const&)
0 40 4 2 18 0 0 6 0 0
fn=std::codecvt<char, char, __mbstate_t>::codecvt(unsigned long)
0 18 2 2 4 0 0 6 2 2
fn=std::codecvt<char, char, __mbstate_t>::do_always_noconv() const
0 12 2 1 4 0 0 0 0 0
fn=std::codecvt<wchar_t, char, __mbstate_t>::codecvt(unsigned long)
0 18 2 2 4 0 0 6 1 1
fn=std::ctype<char> const& std::use_facet<std::ctype<char> >(std::locale const&)
0 110 5 2 60 4 0 20 0 0
fn=std::ctype<char>::_M_widen_init() const
0 732 11 10 36 6 3 38 4 0
fn=std::ctype<char>::ctype(unsigned short const*, bool, unsigned long)
0 116 4 4 8 1 0 79 9 9
fn=std::ctype<wchar_t> const& std::use_facet<std::ctype<wchar_t> >(std::locale const&)
0 44 2 2 24 2 0 8 0 0
fn=std::ctype<wchar_t>::_M_convert_to_wmask(unsigned short) const
0 146 7 7 12 0 0 0 0 0
fn=std::ctype<wchar_t>::_M_initialize_ctype()
0 2733 4 4 5 0 0 810 20 20
fn=std::ctype<wchar_t>::ctype(unsigned long)
0 20 2 2 3 0 0 7 1 1
fn=std::error_category::error_category()
0 10 1 1 4 1 0 2 0 0
fn=std::error_category::~error_category()
0 4 0 0 2 0 0 0 0 0
fn=std::future_category()
0 3 1 1 1 0 0 0 0 0
fn=std::ios_base::Init::Init()
0 273 28 28 51 12 1 146 16 4
fn=std::ios_base::Init::~Init()
0 24 3 3 11 6 0 6 0 0
fn=std::ios_base::_M_call_callbacks(std::ios_base::event)
0 22 4 2 10 0 0 6 0 0
fn=std::ios_base::_M_dispose_callbacks()
0 26 2 1 10 0 0 8 0 0
fn=std::ios_base::_M_init()
0 312 6 3 84 2 1 96 0 0
fn=std::ios_base::ios_base()
0 580 6 3 10 1 0 240 35 24
fn=std::ios_base::~ios_base()
0 34 4 2 6 2 0 8 0 0
fn=std::istream::get(char&)
0 571 4 4 211 1 0 120 0 0
fn=std::istream::read(char*, long)
0 37 3 3 13 1 0 8 1 0
fn=std::istream::sentry::sentry(std::istream&, bool)
0 448 3 3 144 3 0 96 0 0
fn=std::locale::_Impl::_Impl(unsigned long)
0 666 55 55 88 28 1 385 50 50
fn=std::locale::_Impl::_M_install_facet(std::locale::id const*, std::locale::facet const*)
0 12128 6 6 3552 1 0 256 0 0
fn=std::locale::facet::_S_create_c_locale(__locale_struct*&, char const*, __locale_struct*)
0 10 2 2 2 0 0 3 0 0
fn=std::locale::facet::_S_get_c_locale()
0 144 3 1 32 0 0 16 0 0
fn=std::locale::facet::_S_get_c_name()
0 21 1 1 7 0 0 0 0 0
fn=std::locale::id::_M_id() const
0 1110 4 2 370 14 4 96 0 0
fn=std::locale::locale()
0 510 6 3 180 0 0 180 3 1
fn=std::locale::locale(std::locale::_Impl*)
0 3 1 1 1 0 0 1 0 0
fn=std::locale::operator=(std::locale const&)
0 240 6 3 84 0 0 36 0 0
fn=std::locale::~locale()
0 128 2 1 64 1 0 16 0 0
fn=std::messages<char>::messages(unsigned long)
0 20 2 2 4 1 0 8 1 1
fn=std::messages<wchar_t>::messages(unsigned long)
0 20 2 2 4 0 0 8 0 0
fn=std::moneypunct<char, false>::_M_initialize_moneypunct(__locale_struct*, char const*)
0 113 4 4 38 0 0 31 1 0
fn=std::moneypunct<char, true>::_M_initialize_moneypunct(__locale_struct*, char const*)
0 113 5 5 38 0 0 31 0 0
fn=std::moneypunct<wchar_t, false>::_M_initialize_moneypunct(__locale_struct*, char const*)
0 109 5 5 30 0 0 31 0 0
fn=std::moneypunct<wchar_t, true>::_M_initialize_moneypunct(__locale_struct*, char const*)
0 109 6 6 30 0 0 31 0 0
fn=std::num_get<char, std::istreambuf_iterator<char, std::char_traits<char> > > const& std::use_facet<std::num_get<char, std::istreambuf_iterator<char, std::char_traits<char> > > >(std::locale const&)
0 88 2 1 48 1 0 16 0 0
fn=std::num_get<wchar_t, std::istreambuf_iterator<wchar_t, std::char_traits<wchar_t> > > const& std::use_facet<std::num_get<wchar_t, std::istreambuf_iterator<wchar_t, std::char_traits<wchar_t> > > >(std::locale const&)
0 44 1 1 24 0 0 8 0 0
fn=std::num_put<char, std::ostreambuf_iterator<char, std::char_traits<char> > > const& std::use_facet<std::num_put<char, std::ostreambuf_iterator<char, std::char_traits<char> > > >(std::locale const&)
0 88 2 1 48 3 0 16 0 0
fn=std::num_put<char, std::ostreambuf_iterator<char, std::char_traits<char> > >::do_put(std::ostreambuf_iterator<char, std::char_traits<char> >, std::ios_base&, char, double) const
0 8 2 1 0 0 0 0 0 0
fn=std::num_put<char, std::ostreambuf_iterator<char, std::char_traits<char> > >::do_put(std::ostreambuf_iterator<char, std::char_traits<char> >, std::ios_base&, char, unsigned long) const
0 21 1 1 0 0 0 0 0 0
fn=std::num_put<wchar_t, std::ostreambuf_iterator<wchar_t, std::char_traits<wchar_t> > > const& std::use_facet<std::num_put<wchar_t, std::ostreambuf_iterator<wchar_t, std::char_traits<wchar_t> > > >(std::locale const&)
0 44 1 1 24 0 0 8 0 0
fn=std::numpunct<char>::_M_initialize_numpunct(__locale_struct*)
0 414 5 5 137 0 0 75 0 0
fn=std::numpunct<wchar_t>::_M_initialize_numpunct(__locale_struct*)
0 350 6 6 74 0 0 74 0 0
fn=std::ostream& std::ostream::_M_insert<double>(double)
0 132 7 7 52 5 0 21 0 0
fn=std::ostream& std::ostream::_M_insert<unsigned long>(unsigned long)
0 399 5 5 161 1 0 63 0 0
fn=std::ostream::flush()
0 162 4 4 79 6 0 22 0 0
fn=std::ostream::sentry::sentry(std::ostream&)
0 559 5 3 194 4 0 121 0 0
fn=std::ostream::write(char const*, long)
0 43 3 3 18 1 0 7 0 0
fn=std::ostreambuf_iterator<char, std::char_traits<char> > std::num_put<char, std::ostreambuf_iterator<char, std::char_traits<char> > >::_M_insert_float<double>(std::ostreambuf_iterator<char, std::char_traits<char> >, std::ios_base&, char, char, double) const
0 294 13 13 64 1 0 58 0 0
fn=std::ostreambuf_iterator<char, std::char_traits<char> > std::num_put<char, std::ostreambuf_iterator<char, std::char_traits<char> > >::_M_insert_int<unsigned long>(std::ostreambuf_iterator<char, std::char_traits<char> >, std::ios_base&, char, unsigned long) const
0 623 7 7 133 0 0 126 0 0
fn=std::thread::_M_start_thread(std::unique_ptr<std::thread::_State, std::default_delete<std::thread::_State> >, void (*)())
0 1440 1 1 360 0 0 360 1 0
fn=std::thread::_State::~_State()
0 240 1 1 120 0 0 0 0 0
fn=std::thread::_State_impl<std::thread::_Invoker<std::tuple<brushie::(anonymous namespace)::parallel_for<brushie::(anonymous namespace)::build_band_pyramid(std::vector<int, std::allocator<int> >&, unsigned int, unsigned int, unsigned int, unsigned int, brushie::(anonymous namespace)::BandPyramid&)::$_20>(unsigned long, unsigned int, brushie::(anonymous namespace)::build_band_pyramid(std::vector<int, std::allocator<int> >&, unsigned int, unsigned int, unsigned int, unsigned int, brushie::(anonymous namespace)::BandPyramid&)::$_20&&)::{lambda()#1}> > >::_M_run()
0 13832 8 2 10376 3 0 1720 0 0
fn=std::thread::_State_impl<std::thread::_Invoker<std::tuple<brushie::(anonymous namespace)::parallel_for<brushie::(anonymous namespace)::build_band_pyramid(std::vector<int, std::allocator<int> >&, unsigned int, unsigned int, unsigned int, unsigned int, brushie::(anonymous namespace)::BandPyramid&)::$_20>(unsigned long, unsigned int, brushie::(anonymous namespace)::build_band_pyramid(std::vector<int, std::allocator<int> >&, unsigned int, unsigned int, unsigned int, unsigned int, brushie::(anonymous namespace)::BandPyramid&)::$_20&&)::{lambda()#1}> > >::~_State_impl()
0 336 0 0 56 0 0 112 0 0
fn=std::thread::_State_impl<std::thread::_Invoker<std::tuple<brushie::(anonymous namespace)::parallel_for<brushie::(anonymous namespace)::build_band_pyramid(std::vector<int, std::allocator<int> >&, unsigned int, unsigned int, unsigned int, unsigned int, brushie::(anonymous namespace)::BandPyramid&)::$_21>(unsigned long, unsigned int, brushie::(anonymous namespace)::build_band_pyramid(std::vector<int, std::allocator<int> >&, unsigned int, unsigned int, unsigned int, unsigned int, brushie::(anonymous namespace)::BandPyramid&)::$_21&&)::{lambda()#1}> > >::_M_run()
0 13838 12 2 10376 302 0 1720 0 0
fn=std::thread::_State_impl<std::thread::_Invoker<std::tuple<brushie::(anonymous namespace)::parallel_for<brushie::(anonymous namespace)::build_band_pyramid(std::vector<int, std::allocator<int> >&, unsigned int, unsigned int, unsigned int, unsigned int, brushie::(anonymous namespace)::BandPyramid&)::$_21>(unsigned long, unsigned int, brushie::(anonymous namespace)::build_band_pyramid(std::vector<int, std::allocator<int> >&, unsigned int, unsigned int, unsigned int, unsigned int, brushie::(anonymous namespace)::BandPyramid&)::$_21&&)::{lambda()#1}> > >::~_State_impl()
0 336 0 0 56 0 0 112 0 0
fn=std::thread::_State_impl<std::thread::_Invoker<std::tuple<brushie::(anonymous namespace)::parallel_for<brushie::(anonymous namespace)::input_planes(brushie::ImageView const&, std::array<std::vector<int, std::allocator<int> >, 4ul>&, unsigned int)::$_17>(unsigned long, unsigned int, brushie::(anonymous namespace)::input_planes(brushie::ImageView const&, std::array<std::vector<int, std::allocator<int> >, 4ul>&, unsigned int)::$_17&&)::{lambda()#1}> > >::_M_run()
0 10722074 7 7 2106976 12292 0 1049649 65541 1
fn=std::thread::_State_impl<std::thread::_Invoker<std::tuple<brushie::(anonymous namespace)::parallel_for<brushie::(anonymous namespace)::input_planes(brushie::ImageView const&, std::array<std::vector<int, std::allocator<int> >, 4ul>&, unsigned int)::$_17>(unsigned long, unsigned int, brushie::(anonymous namespace)::input_planes(brushie::ImageView const&, std::array<std::vector<int, std::allocator<int> >, 4ul>&, unsigned int)::$_17&&)::{lambda()#1}> > >::~_State_impl()
0 48 0 0 8 0 0 16 0 0
fn=std::thread::join()
0 1560 1 1 360 0 0 360 0 0
fn=std::uncaught_exception()
0 16 1 1 4 1 0 2 0 0
fn=std::vector<int, std::allocator<int> >::_M_default_append(unsigned long)
0 1675 28 5 300 37 0 325 3 1
fn=std::vector<int, std::allocator<int> >::operator=(std::vector<int, std::allocator<int> > const&)
0 2400 4 4 576 177 0 480 12 0
fn=std::vector<unsigned char, std::allocator<unsigned char> >::_M_fill_assign(unsigned long, unsigned char const&)
0 35 3 2 10 2 0 10 0 0
fn=std::vector<unsigned char, std::allocator<unsigned char> >::_M_fill_insert(__gnu_cxx::__normal_iterator<unsigned char*, std::vector<unsigned char, std::allocator<unsigned char> > >, unsigned long, unsigned char const&)
0 1037 7 7 225 0 0 193 0 0
fn=void std::vector<std::vector<unsigned long, std::allocator<unsigned long> >, std::allocator<std::vector<unsigned long, std::allocator<unsigned long> > > >::_M_realloc_insert<std::vector<unsigned long, std::allocator<unsigned long> > const&>(__gnu_cxx::__normal_iterator<std::vector<unsigned long, std::allocator<unsigned long> >*, std::vector<std::vector<unsigned long, std::allocator<unsigned long> >, std::allocator<std::vector<unsigned long, std::allocator<unsigned long> > > > >, std::vector<unsigned long, std::allocator<unsigned long> > const&)
0 513 10 10 90 0 0 123 1 0
fn=void std::vector<unsigned char, std::allocator<unsigned char> >::_M_range_insert<__gnu_cxx::__normal_iterator<unsigned char const*, std::vector<unsigned char, std::allocator<unsigned char> > > >(__gnu_cxx::__normal_iterator<unsigned char*, std::vector<unsigned char, std::allocator<unsigned char> > >, __gnu_cxx::__normal_iterator<unsigned char const*, std::vector<unsigned char, std::allocator<unsigned char> > >, __gnu_cxx::__normal_iterator<unsigned char const*, std::vector<unsigned char, std::allocator<unsigned char> > >, std::forward_iterator_tag)
0 1680 8 8 346 4 0 315 2 0
summary: 146587524 4811 3362 31507182 790260 8085 19122498 798799 159589
