# callgrind format
version: 1
creator: callgrind-3.18.1
pid: 9603
cmd:  /content/brushie/build/brushie encode /content/track/smoke_box2/in.ppm /content/prof/smoke_box2/out.brbr --quality 50
part: 1


desc: I1 cache: 32768 B, 64 B, 8-way associative
desc: D1 cache: 32768 B, 64 B, 8-way associative
desc: LL cache: 58720256 B, 64 B, 28-way associative

desc: Timerange: Basic block 0 - 31543335
desc: Trigger: Program termination

positions: line
events: Ir Dr Dw I1mr D1mr D1mw ILmr DLmr DLmw
summary: 146366741 30215807 20412300 4773 790152 798547 3354 7928 159605


ob=(7) /usr/lib/x86_64-linux-gnu/libstdc++.so.6.0.30
fl=(170) ???
fn=(856) std::locale::_Impl::_Impl(unsigned long)
0 22 1 12 2 0 2 2 0 2
0 48 0 47 0 0 5 0 0 5
0 4 0 1 0 0 1 0 0 1
0 48 0 47 0 0 5 0 0 5
0 3 0 1 1 0 1 1 0 1
0 11 0 10 0 0 1 0 0 1
0 5 0 3 0 0 1 0 0 1
cob=(2) ???
cfi=(51) ???
cfn=(858) 0x00000000048f0290
calls=1 0 
0 887 258 131 3 12 2 3 2
0 7 1 2 0 1 0 0 1
cob=(2)
cfi=(51)
cfn=(864) 0x00000000048ef6b0
calls=1 0 
0 4849 1445 799 33 67 10 33 17 9
0 4 1 1 1 0 0 1
cob=(2)
cfi=(51)
cfn=(904) 0x00000000048f0fc0
calls=1 0 
0 2222 642 273 12 15 0 12 3
0 4 0 1
cob=(2)
cfi=(51)
cfn=(916) 0x00000000048f0880
calls=1 0 
0 891 266 138 4 7 2 4 1 2
0 4 1 1
cob=(2)
cfi=(51)
cfn=(904)
calls=1 0 
0 398 117 11 0 1
0 23 1 15 3 0 4 3 0 4
cob=(2)
cfi=(51)
cfn=(922) 0x00000000048f25c0
calls=1 0 
0 1556 429 206 9 14 0 9 4
0 4 1 1
cob=(2)
cfi=(51)
cfn=(904)
calls=1 0 
0 398 117 11 0 1 0 0 1
0 8 2 3 1 1 0 1
cob=(2)
cfi=(51)
cfn=(904)
calls=1 0 
0 398 117 11 0 1 0 0 1
0 8 2 3 1 2 0 1
cob=(2)
cfi=(51)
cfn=(904)
calls=1 0 
0 398 117 11
0 5 1 3
cob=(2)
cfi=(51)
cfn=(870) 0x00000000048f22c0
calls=1 0 
0 19 6 1
0 5 1 2 1 1 0 1
cob=(2)
cfi=(51)
cfn=(904)
calls=1 0 
0 398 117 11
0 28 1 19 3 1 4 3 0 4
cob=(2)
cfi=(51)
cfn=(928) 0x00000000048f0d00
calls=1 0 
0 1335 340 162 6 11 0 6 2
0 4 1 1 1 0 0 1
cob=(2)
cfi=(51)
cfn=(904)
calls=1 0 
0 398 117 11
0 28 1 19 3 1 1 3 0 1
cob=(2)
cfi=(51)
cfn=(934) 0x00000000048f2410
calls=1 0 
0 1343 341 162 7 9 0 7 1
0 4 1 1 0 1
cob=(2)
cfi=(51)
cfn=(904)
calls=1 0 
0 398 117 11
0 8 2 3 1 1 0 1
cob=(2)
cfi=(51)
cfn=(904)
calls=1 0 
0 398 117 11
0 8 2 3 1 0 0 1
cob=(2)
cfi=(51)
cfn=(904)
calls=1 0 
0 398 117 11
0 35 0 28 4 0 6 4 0 6
cob=(2)
cfi=(51)
cfn=(940) 0x00000000048f18c0
calls=1 0 
0 2271 577 301 20 18 1 20 3 1
0 4 1 1
cob=(2)
cfi=(51)
cfn=(904)
calls=1 0 
0 398 117 11
0 8 2 3 1 2 0 1
cob=(2)
cfi=(51)
cfn=(904)
calls=1 0 
0 398 117 11
0 8 2 3 0 2
cob=(2)
cfi=(51)
cfn=(904)
calls=1 0 
0 398 117 11
0 4 0 1 1 0 0 1
cob=(2)
cfi=(51)
cfn=(952) 0x00000000048ef560
calls=1 0 
0 849 263 140 4 8 1 4 1 1
0 4 1 1
cob=(2)
cfi=(51)
cfn=(904)
calls=1 0 
0 398 117 11
0 4 0 1
cob=(2)
cfi=(51)
cfn=(958) 0x00000000048efa60
calls=1 0 
0 29015 7614 4013 54 95 21 49 21 21
0 4 1 1 1 0 0 1
cob=(2)
cfi=(51)
cfn=(904)
calls=1 0 
0 398 117 11
0 4 0 1
cob=(2)
cfi=(51)
cfn=(1014) 0x00000000048f0440
calls=1 0 
0 891 266 138 4 8 1 4 2 1
0 4 1 1 0 1
cob=(2)
cfi=(51)
cfn=(904)
calls=1 0 
0 398 117 11
0 23 1 15 3 1 4 3 0 4
cob=(2)
cfi=(51)
cfn=(1020) 0x00000000048efb40
calls=1 0 
0 1468 363 205 7 10 3 7 2 3
0 4 1 1 0 1
cob=(2)
cfi=(51)
cfn=(904)
calls=1 0 
0 398 117 11 0 2 0 0 1
0 8 2 3 1 0 0 1
cob=(2)
cfi=(51)
cfn=(904)
calls=1 0 
0 398 117 11 0 1 0 0 1
0 8 2 3 1 0 0 1
cob=(2)
cfi=(51)
cfn=(904)
calls=1 0 
0 398 117 11
0 5 1 3
cob=(2)
cfi=(51)
cfn=(870)
calls=1 0 
0 19 6 1
0 16 3 5 2 1 0 2
cob=(2)
cfi=(51)
cfn=(904)
calls=1 0 
0 398 117 11
0 27 1 19 3 1 4 3 0 4
cob=(2)
cfi=(51)
cfn=(1026) 0x00000000048f1c20
calls=1 0 
0 1355 335 162 8 9 0 8 1
0 4 1 1
cob=(2)
cfi=(51)
cfn=(904)
calls=1 0 
0 398 117 11
0 28 1 19 4 0 2 4 0 2
cob=(2)
cfi=(51)
cfn=(1032) 0x00000000048eff10
calls=1 0 
0 1323 331 162 8 9 0 8
0 4 1 1 0 1
cob=(2)
cfi=(51)
cfn=(904)
calls=1 0 
0 398 117 11
0 8 2 3 1 0 0 1
cob=(2)
cfi=(51)
cfn=(904)
calls=1 0 
0 398 117 11
0 8 2 3 1 2 1 1 0 1
cob=(2)
cfi=(51)
cfn=(904)
calls=1 0 
0 398 117 11
0 35 0 28 3 0 6 3 0 6
cob=(2)
cfi=(51)
cfn=(1038) 0x00000000048f22b0
calls=1 0 
0 2303 581 301 20 16 0 20 3
0 4 1 1 1 1 0 1
cob=(2)
cfi=(51)
cfn=(904)
calls=1 0 
0 398 117 11
0 8 2 3 0 1 1 0 0 1
cob=(2)
cfi=(51)
cfn=(904)
calls=1 0 
0 398 117 11
0 8 2 3 1 2 0 1
cob=(2)
cfi=(51)
cfn=(904)
calls=1 0 
0 398 117 11 0 1
0 4 0 1 1 0 0 1
cob=(2)
cfi=(51)
cfn=(1050) 0x00000000048efb80
calls=1 0 
0 849 263 140 3 8 0 3
0 4 1 1 0 1
cob=(2)
cfi=(51)
cfn=(904)
calls=1 0 
0 398 117 11
0 8 2 3 1 0 1 1 0 1
cob=(2)
cfi=(51)
cfn=(904)
calls=1 0 
0 398 117 11 0 1
0 8 2 3
cob=(2)
cfi=(51)
cfn=(904)
calls=1 0 
0 398 117 11
0 8 2 3 1 1 0 1
cob=(2)
cfi=(51)
cfn=(904)
calls=1 0 
0 398 117 11
0 8 2 3 1 0 0 1
cob=(2)
cfi=(51)
cfn=(904)
calls=1 0 
0 398 117 11
0 9 3 4 1 0 0 1
cfn=(1056) 0x00000000000dc6c0
calls=1 0 
0 10234 2830 1495 76 79 8 74 11 7
0 3 2 1
cob=(2)
cfi=(51)
cfn=(910) 0x00000000048f06b0
calls=1 0 
0 8 3
0 4 2 2
cob=(2)
cfi=(51)
cfn=(910)
calls=1 0 
0 8 3
0 4 2 2 1 0 0 1
cob=(2)
cfi=(51)
cfn=(910)
calls=1 0 
0 8 3
0 4 2 2
cob=(2)
cfi=(51)
cfn=(910)
calls=1 0 
0 8 3
0 5 2 2
cob=(2)
cfi=(51)
cfn=(910)
calls=1 0 
0 8 3
0 5 2 2 1 0 0 1
cob=(2)
cfi=(51)
cfn=(910)
calls=1 0 
0 8 3
0 4 2 2
cob=(2)
cfi=(51)
cfn=(910)
calls=1 0 
0 8 3
0 5 2 2
cob=(2)
cfi=(51)
cfn=(910)
calls=1 0 
0 8 3
0 13 9 1 1 1 0 1

fn=(874) std::locale::facet::_S_get_c_locale()
0 80 0 16 3 0 0 1
cob=(2)
cfi=(51)
cfn=(876) 0x00000000048f0630
calls=16 0 
0 3192 975 457 26 51 1 24 15
0 64 32

fn=(908) std::locale::_Impl::_M_install_facet(std::locale::id const*, std::locale::facet const*)
0 448 0 224 1 0 0 1
cob=(2)
cfi=(51)
cfn=(910)
calls=32 0 
0 1308 436 195 4 14 0 4 5
0 160 32 0 1 0 0 1
0 288 128 32 1 1 0 1
0 224 64 32 1 0 0 1
0 4608 1536
0 6144 1536 0 1 0 0 1
0 256 224 0 1 0 0 1

fn=(1056)
0 23 4 11 2 1 2 2 0 2
cob=(2)
cfi=(51)
cfn=(1058) 0x00000000048f05e0
calls=1 0 
0 1468 418 206 7 8 0 7 1
0 8 4 3 1 0 0 1
cob=(2)
cfi=(51)
cfn=(910)
calls=1 0 
0 17 6 2 0 1
0 7 2 4
cob=(2)
cfi=(51)
cfn=(870)
calls=1 0 
0 19 6 1
0 7 3 3 1 1 0 1
cob=(2)
cfi=(51)
cfn=(910)
calls=1 0 
0 17 6 2 0 1
0 12 1 5 1 0 1 1 0 1
cob=(2)
cfi=(51)
cfn=(1076) 0x00000000048ef930
calls=1 0 
0 1263 331 162 6 9 1 6 3
0 7 3 3 1 0 0 1
cob=(2)
cfi=(51)
cfn=(910)
calls=1 0 
0 17 6 2
0 13 3 5 1 1 0 1
cob=(2)
cfi=(51)
cfn=(1088) 0x00000000048f2ee0
calls=1 0 
0 1279 333 162 7 8 0 7 2
0 7 3 3
cob=(2)
cfi=(51)
cfn=(910)
calls=1 0 
0 17 6 2
0 12 5 5 1 0 0 1
cob=(2)
cfi=(51)
cfn=(910)
calls=1 0 
0 17 6 2
0 12 4 5 1 2 0 1
cob=(2)
cfi=(51)
cfn=(910)
calls=1 0 
0 17 6 2
0 12 4 5 2 0 0 2
cob=(2)
cfi=(51)
cfn=(910)
calls=1 0 
0 17 6 2
0 6 0 2
cob=(2)
cfi=(51)
cfn=(1112) 0x00000000048f3380
calls=1 0 
0 801 257 140 4 9 1 4 1 1
0 7 3 3 1 0 0 1
cob=(2)
cfi=(51)
cfn=(910)
calls=1 0 
0 17 6 2
0 16 5 7 1 0 1 1 0 1
cob=(2)
cfi=(51)
cfn=(1124) 0x00000000048f0f90
calls=1 0 
0 1412 356 205 8 7 0 6
0 7 3 3 1 1 0 1
cob=(2)
cfi=(51)
cfn=(910)
calls=1 0 
0 17 6 2
0 7 2 4 0 1
cob=(2)
cfi=(51)
cfn=(870)
calls=1 0 
0 19 6 1
0 7 3 3 1 1 0 1
cob=(2)
cfi=(51)
cfn=(910)
calls=1 0 
0 17 6 2
0 13 2 5 1 0 1 1 0 1
cob=(2)
cfi=(51)
cfn=(1142) 0x00000000048f15e0
calls=1 0 
0 1291 327 162 7 9 0 7 2
0 7 3 3 1 1 0 1
cob=(2)
cfi=(51)
cfn=(910)
calls=1 0 
0 17 6 2
0 13 3 5 1 0 0 1
cob=(2)
cfi=(51)
cfn=(1154) 0x00000000048f2160
calls=1 0 
0 1267 324 162 8 8 0 8
0 7 3 3 0 1
cob=(2)
cfi=(51)
cfn=(910)
calls=1 0 
0 17 6 2
0 12 5 5 1 1 0 1
cob=(2)
cfi=(51)
cfn=(910)
calls=1 0 
0 17 6 2
0 12 4 5 2 0 1 2 0 1
cob=(2)
cfi=(51)
cfn=(910)
calls=1 0 
0 17 6 2
0 12 4 5 1 0 0 1
cob=(2)
cfi=(51)
cfn=(910)
calls=1 0 
0 17 6 2
0 6 0 2
cob=(2)
cfi=(51)
cfn=(1178) 0x00000000048f1b30
calls=1 0 
0 801 257 140 4 8 0 4 2
0 6 3 2 1 0 0 1
cob=(2)
cfi=(51)
cfn=(910)
calls=1 0 
0 17 6 2
0 4 2 2
cob=(2)
cfi=(51)
cfn=(910)
calls=1 0 
0 8 3
0 4 2 2
cob=(2)
cfi=(51)
cfn=(910)
calls=1 0 
0 8 3
0 4 2 2 1 0 0 1
cob=(2)
cfi=(51)
cfn=(910)
calls=1 0 
0 8 3
0 5 3 2
cob=(2)
cfi=(51)
cfn=(910)
calls=1 0 
0 8 3
0 4 2 2 1 0 0 1
cob=(2)
cfi=(51)
cfn=(910)
calls=1 0 
0 8 3
0 5 3 2
cob=(2)
cfi=(51)
cfn=(910)
calls=1 0 
0 8 3
0 10 8 1

fn=(1092) std::moneypunct<char, true>::_M_initialize_moneypunct(__locale_struct*, char const*)
0 14 1 6 1 0 0 1
0 31 10 15 3 0 0 3
0 60 20 10
0 8 7 0 1 0 0 1

fn=(1270) std::num_put<char, std::ostreambuf_iterator<char, std::char_traits<char> > > const& std::use_facet<std::num_put<char, std::ostreambuf_iterator<char, std::char_traits<char> > > >(std::locale const&)
0 40 8 16 2 3 0 1
cob=(2)
cfi=(51)
cfn=(910)
calls=8 0 
0 64 24 0 0 1
0 48 40

fn=(1446) std::__basic_file<char>::open(char const*, std::_Ios_Openmode, int)
0 14 0 8 2 0 0 1
cfn=(1448) 0x00000000000d0980
calls=2 0 
0 18 4 0 4 2 0 2 1
0 12 0 2
cob=(2)
cfi=(51)
cfn=(1436) 0x00000000048f23d0
calls=2 0 
0 12 6
0 10 0 2
cob=(2)
cfi=(51)
cfn=(1454) 0x00000000048f2b60
calls=2 0 
0 1914 544 402 83 39 12 42 9 6
0 18 8 4 2 0 0 1

fn=(1678) std::ios_base::_M_call_callbacks(std::ios_base::event)
0 14 2 6 4 0 0 2
0 8 8

fn=(1800) std::thread::_State::~_State()
0 240 120 0 1 0 0 1

fn=(2008) std::basic_filebuf<char, std::char_traits<char> >::xsputn(char const*, long)
0 16 4 5 1 1 0 1
cfn=(1520) std::codecvt<char, char, __mbstate_t>::do_always_noconv() const
calls=1 0 
0 3 1 0 1
0 28 6 1 2 0 0 2
cob=(2)
cfi=(51)
cfn=(2010) 0x00000000048f2d60
calls=1 0 
0 1801 578 299 13 44 2 10 6
0 3
0 27 8 6 2 0 0 2

fn=(2064) std::ostream& std::ostream::_M_insert<double>(double)
0 34 2 16 2 0 0 2
cob=(2)
cfi=(51)
cfn=(2002) 0x00000000048f31f0
calls=2 0 
0 50 18 10
0 20 10 0 1 1 0 1
0 10 4 1
cfn=(2072) std::num_put<char, std::ostreambuf_iterator<char, std::char_traits<char> > >::do_put(std::ostreambuf_iterator<char, std::char_traits<char> >, std::ios_base&, char, double) const
calls=1 0 
0 2415 509 369 20 0 0 10
0 9 3 1 0 2
cfn=(2072)
calls=1 0 
0 7248 1903 1042 205 87 19 178 26
0 4
0 12 8 0 1 0 0 1
0 29 20 0 2 1 0 2
0 6 2 2
0 2 0 1
cob=(2)
cfi=(51)
cfn=(2066) 0x00000000048f0eb0
calls=1 0 
0 1633 310 171 18 17 4 14 4
0 6 3 0 1 1 0 1

fn=(2190) std::basic_filebuf<char, std::char_traits<char> >::~basic_filebuf()
0 7 1 3 1 0 0 1
cob=(2)
cfi=(51)
cfn=(2192) 0x00000000048f29d0
calls=1 0 
0 1759 491 275 62 25 1 2
0 2 0 1
cob=(2)
cfi=(51)
cfn=(2196) 0x00000000048f06c0
calls=1 0 
0 807 254 135 3 8 0 2
0 6 2 1
cob=(2)
cfi=(51)
cfn=(1236) 0x00000000048f1d50
calls=1 0 
0 10 5 1 1

fn=(2252) std::basic_ostream<wchar_t, std::char_traits<wchar_t> >::flush()
0 45 12 12 2 7 0 2
cob=(2)
cfi=(51)
cfn=(2254) 0x00000000048f1230
calls=3 0 
0 1251 361 172 5 9 0 5 2
0 21 18 3 0 3
cfn=(2260) __gnu_cxx::stdio_sync_filebuf<wchar_t, std::char_traits<wchar_t> >::sync()
calls=3 0 
0 213 72 39 0 2
0 24 12 0 1 0 0 1
0 25 15 1
cob=(2)
cfi=(51)
cfn=(2230) 0x00000000048f0820
calls=1 0 
0 33 13 2
0 7 3 1 1 0 0 1
cfn=(2260)
calls=1 0 
0 71 24 13
0 2

fn=(2253) std::basic_ostream<wchar_t, std::char_traits<wchar_t> >::flush()'2
0 15 4 4
cob=(2)
cfi=(51)
cfn=(2255) 0x00000000048f1230'2
calls=1 0 
0 25 9 5
0 7 6 1
cfn=(2260)
calls=1 0 
0 71 24 13
0 16 9

fn=(750) 0x00000000000aad40
0 50 25 12 3 12 0 3 2

fn=(802) 0x00000000000aaec0
0 7 0 2 1 0 0 1
cob=(2)
cfi=(51)
cfn=(620) 0x00000000048f04b0
calls=1 0 
0 77 15 15
0 4 0 1
cob=(2)
cfi=(51)
cfn=(620)
calls=1 0 
0 77 15 15 0 0 1 0 0 1
0 5 1 0 1 0 0 1
cob=(2)
cfi=(51)
cfn=(620)
calls=1 0 
0 77 15 15

fn=(842) 0x00000000000c2320
0 7 1 2 1 0 0 1
0 4 0 1
cob=(2)
cfi=(51)
cfn=(852) 0x00000000048f02c0
calls=1 0 
0 77497 21138 9787 335 437 99 328 80 95
0 9 2 2 0 1
cob=(2)
cfi=(51)
cfn=(1204) 0x00000000048ef690
calls=1 0 
0 785 248 132 1 9 0 1 3
0 120 60 0 2 3 0 1
0 78 26 0 0 1 0 0 1
0 41 25 4 1
cob=(2)
cfi=(51)
cfn=(876)
calls=4 0 
0 110 28 22 10 4
0 21 8 0 1 0 0 1

fn=(932) std::__cxx11::moneypunct<char, false>::_M_initialize_moneypunct(__locale_struct*, char const*)
0 14 1 6 1 0 0 1
0 31 10 15 3 1 0 3 1
0 60 20 10
0 8 7

fn=(1158) std::moneypunct<wchar_t, true>::_M_initialize_moneypunct(__locale_struct*, char const*)
0 17 2 7 2 0 0 2
0 41 18 14 4 0 0 4
0 50 10 10
0 1

fn=(1252) bool std::has_facet<std::ctype<char> >(std::locale const&)
0 24 8 0 2 0 0 1

fn=(1300) bool std::has_facet<std::ctype<wchar_t> >(std::locale const&)
0 12 4 0 1 0 0 1

fn=(1312) bool std::has_facet<std::num_put<wchar_t, std::ostreambuf_iterator<wchar_t, std::char_traits<wchar_t> > > >(std::locale const&)
0 12 4 0 1 0 0 1

fn=(1382) std::__cxx11::basic_string<char, std::char_traits<char>, std::allocator<char> >::_M_create(unsigned long&, unsigned long)
0 11 1 0 1 0 0 1
0 1 0 0 1 0 0 1
cob=(2)
cfi=(51)
cfn=(1384) 0x00000000048efba0
calls=1 0 
0 852 276 166 25 22 1 5 1 1

fn=(1402) std::basic_filebuf<char, std::char_traits<char> >::basic_filebuf()
0 40 2 26 4 2 0 2
cob=(2)
cfi=(51)
cfn=(836) 0x00000000048f0780
calls=2 0 
0 67 25 13 0 0 1
0 20 2 10 2 1 0 1
cob=(2)
cfi=(51)
cfn=(1404) 0x00000000048f2e20
calls=2 0 
0 952 270 135 5 10 0 3 2
0 30 0 26 4 0 1 2
cob=(2)
cfi=(51)
cfn=(1410) 0x00000000048f0c00
calls=2 0 
0 1971 601 308 26 35 1 14 1
0 4
0 4 0 2
cob=(2)
cfi=(51)
cfn=(1424) 0x00000000048f1fc0
calls=2 0 
0 1283 367 177 7 8 0 4
0 14 12 2

fn=(1408) std::__basic_file<char>::__basic_file(pthread_mutex_t*)
0 8 2 4 2 0 0 1

fn=(2166) std::ostream& std::ostream::_M_insert<unsigned long>(unsigned long)
0 119 7 56 1 0 0 1
cob=(2)
cfi=(51)
cfn=(2002)
calls=7 0 
0 175 63 35
0 140 63 7 2 1 0 2
cfn=(2168) std::num_put<char, std::ostreambuf_iterator<char, std::char_traits<char> > >::do_put(std::ostreambuf_iterator<char, std::char_traits<char> >, std::ios_base&, char, unsigned long) const
calls=7 0 
0 3550 800 475 10 7 0 10 2
0 14
0 42 28
0 84 63 0 2 0 0 2

fn=(2346) 0x00000000000aaf10
0 4 0 0 1
0 1 1

fn=(644) 0x00000000000aa900
0 9 0 5 1 0 1 1
cob=(2)
cfi=(51)
cfn=(646) 0x00000000048f00d0
calls=1 0 
0 2671 490 484 76 28 48 76 8 46
0 8 1 4 1 0 0 1

fn=(732) 0x00000000000aacc0
0 34 17 8 2 8 0 2 1

fn=(776) 0x00000000000aae00
0 50 25 12 3 10 0 3 2

fn=(834) std::ios_base::Init::Init()
0 17 3 7 2 2 0 2 1
0 22 4 10 3 3 3 3
cob=(2)
cfi=(51)
cfn=(836)
calls=1 0 
0 79037 21636 10061 344 457 102 337 86 95
0 16 3 11 2 1 1 2
cob=(2)
cfi=(51)
cfn=(836)
calls=1 0 
0 27 11 6 1 1
0 14 2 11 1 0 2 1
cob=(2)
cfi=(51)
cfn=(836)
calls=1 0 
0 27 11 6
0 7 1 4 1 0 0 1
cob=(2)
cfi=(51)
cfn=(1212) 0x00000000048f01b0
calls=1 0 
0 803 251 161 5 7 4 5 1 4
0 11 1 6 1 0 1 1 0 1
cob=(2)
cfi=(51)
cfn=(1218) 0x00000000048f25a0
calls=1 0 
0 11603 3141 1485 35 84 0 33 20
0 4 1 1 0 1
cob=(2)
cfi=(51)
cfn=(1212)
calls=1 0 
0 87 13 30 0 0 3 0 0 3
0 15 1 8 2 0 0 2
cob=(2)
cfi=(51)
cfn=(1218)
calls=1 0 
0 223 76 44
0 5 1 1 0 1
cob=(2)
cfi=(51)
cfn=(1212)
calls=1 0 
0 87 13 30 0 0 4 0 0 4
0 11 1 6 1 0 1 1 0 1
cob=(2)
cfi=(51)
cfn=(1218)
calls=1 0 
0 223 76 44
0 4 1 2 1 1 1 1
cob=(2)
cfi=(51)
cfn=(1212)
calls=1 0 
0 87 13 30 0 0 4 0 0 4
0 11 2 6 1 0 0 1
cob=(2)
cfi=(51)
cfn=(1218)
calls=1 0 
0 223 76 44
0 23 4 12 2 2 1 2
cob=(2)
cfi=(51)
cfn=(836)
calls=1 0 
0 27 11 6
0 16 3 11 2 0 3 2
cob=(2)
cfi=(51)
cfn=(836)
calls=1 0 
0 27 11 6
0 14 2 11 2 0 1 2
cob=(2)
cfi=(51)
cfn=(836)
calls=1 0 
0 27 11 6
0 7 1 4 1 0 0 1
cob=(2)
cfi=(51)
cfn=(1212)
calls=1 0 
0 87 13 30 0 0 4 0 0 4
0 11 1 7 1 0 1 1 0 1
cob=(2)
cfi=(51)
cfn=(1284) 0x00000000048f1a20
calls=1 0 
0 9351 2414 1093 26 60 0 26 17
0 4 1 1
cob=(2)
cfi=(51)
cfn=(1212)
calls=1 0 
0 87 13 30 0 0 4 0 0 4
0 15 1 9 2 0 0 2
cob=(2)
cfi=(51)
cfn=(1284)
calls=1 0 
0 223 76 45
0 5 1 1
cob=(2)
cfi=(51)
cfn=(1212)
calls=1 0 
0 87 13 30 0 0 4 0 0 2
0 11 1 7 1 0 1 1 0 1
cob=(2)
cfi=(51)
cfn=(1284)
calls=1 0 
0 223 76 45
0 4 1 2
cob=(2)
cfi=(51)
cfn=(1212)
calls=1 0 
0 87 13 30 0 0 4
0 11 2 7 2 0 0 2
cob=(2)
cfi=(51)
cfn=(1284)
calls=1 0 
0 223 76 45
0 15 9 4 0 1

fn=(848) 0x00000000000c22c0
0 11 4 2 1

fn=(886) 0x00000000000c0250
0 5 0 0 1 0 0 1
cob=(2)
cfi=(51)
cfn=(888) 0x00000000048f03a0
calls=1 0 
0 2021 592 284 13 25 0 13 5

fn=(892) std::locale::facet::_S_create_c_locale(__locale_struct*&, char const*, __locale_struct*)
0 5 0 2 2 0 0 2
cob=(2)
cfi=(51)
cfn=(894) 0x00000000048f1370
calls=1 0 
0 909 303 150 9 16 0 9 3
0 5 2 1

fn=(944) std::__timepunct<char>::__timepunct(std::__timepunct_cache<char>*, unsigned long)
0 15 1 7 2 0 1 2 0 1
cob=(2)
cfi=(51)
cfn=(858)
calls=1 0 
0 5 2
0 4 0 2
cob=(2)
cfi=(51)
cfn=(946) 0x00000000048f1d70
calls=1 0 
0 1262 298 161 16 9 0 16 2
0 4 3

fn=(1222) std::basic_ios<char, std::char_traits<char> >::init(std::basic_streambuf<char, std::char_traits<char> >*)
0 56 0 24 2 0 0 1
cob=(2)
cfi=(51)
cfn=(1224) 0x00000000048f2640
calls=8 0 
0 2966 988 539 21 28 0 11 4
0 24 0 8
cob=(2)
cfi=(51)
cfn=(1242) 0x00000000048f2800
calls=8 0 
0 8861 2364 1053 38 72 0 18 16
0 104 24 40 2 0 0 1

fn=(1388) operator new(unsigned long)
0 86224 0 21556 2 0 3 2
cob=(2)
cfi=(51)
cfn=(646)
calls=10778 0 
0 1076862 223575 148832 209 3194 993 42 0 90
0 43112 21556

fn=(1420) __dynamic_cast
0 140 32 44 6 8 0 3
cfn=(1422) __cxxabiv1::__si_class_type_info::__do_dyncast(long, __cxxabiv1::__class_type_info::__sub_kind, __cxxabiv1::__class_type_info const*, void const*, __cxxabiv1::__class_type_info const*, void const*, __cxxabiv1::__class_type_info::__dyncast_result&) const
calls=4 0 
0 148 44 36 8 0 0 4
0 44 16 0 2 0 0 1
0 36 28 0 2 0 0 1

fn=(1428) std::codecvt<char, char, __mbstate_t> const& std::use_facet<std::codecvt<char, char, __mbstate_t> >(std::locale const&)
0 10 2 4 2 0 0 1
cob=(2)
cfi=(51)
cfn=(910)
calls=2 0 
0 16 6
0 22 12 2 2 0 0 1
cob=(2)
cfi=(51)
cfn=(1416) 0x00000000048f21f0
calls=2 0 
0 188 62 40
0 8 4

fn=(1596) std::basic_filebuf<char, std::char_traits<char> >::_M_terminate_output()
0 30 6 14 2 0 0 1
0 4 2 0 2 0 0 1
0 5 3 1
cfn=(1520)
calls=1 0 
0 3 1
0 3
0 24 18 0 4 0 0 2

fn=(1602) std::basic_filebuf<char, std::char_traits<char> >::_M_destroy_internal_buffer()
0 18 4 4 2 0 0 1
cob=(2)
cfi=(51)
cfn=(1604) 0x00000000048ef170
calls=2 0 
0 1791 617 316 34 47 1 19 1
0 10 2 4
0 12 4 6 2 0 0 1

fn=(1672) std::ios_base::~ios_base()
0 16 2 6 2 1 0 1
cob=(2)
cfi=(51)
cfn=(1674) 0x00000000048f13b0
calls=2 0 
0 996 279 137 9 11 0 4 1
0 4 0 2 2 0 0 1
cob=(2)
cfi=(51)
cfn=(1680) 0x00000000048ef770
calls=2 0 
0 928 270 139 5 7 0 3 1
0 8 2 0 0 1
0 6 2
cob=(2)
cfi=(51)
cfn=(1236)
calls=2 0 
0 20 10 2 0 1

fn=(1696) std::chrono::_V2::steady_clock::now()
0 288 36 72 3 24 23 1
cob=(2)
cfi=(51)
cfn=(1698) 0x00000000048efb10
calls=36 0 
0 1363 437 141 6 111 0 4 5
0 252 180 0 3 0 0 1

fn=(2006) std::ostream::sentry::sentry(std::ostream&)
0 345 92 92 3 4 0 2
0 2
0 2 0 1
cob=(2)
cfi=(51)
cfn=(2207) 0x00000000048f1770'2
calls=1 0 
0 136 53 23
0 187 94 23 2 0 0 1

fn=(2007) std::ostream::sentry::sentry(std::ostream&)'2
0 15 4 4
0 8 4 1

fn=(2070) std::ctype<char>::_M_widen_init() const
0 675 11 19 6 4 0 6 3
0 4 0 1
0 41 19 17 4 2 4 4
cob=(2)
cfi=(51)
cfn=(1374) 0x00000000048f2500
calls=1 0 
0 49 18 0 5 1 0 2
0 12 6 1 1

fn=(2260)
0 15 5 0 0 2
cob=(2)
cfi=(51)
cfn=(2214) 0x00000000048f3340
calls=5 0 
0 340 115 65

fn=(2312) 0x00000000000aaf80
0 9 3 2 1 3 0 1
cob=(2)
cfi=(51)
cfn=(2318) 0x00000000048ef1e0
calls=1 0 
0 1157 350 183 11 10 0 7
0 1 0 1
cfn=(2346)
calls=1 0 
0 5 1 0 1
0 3 2 1

fn=(2330) 0x00000000000dbf00
0 2 1

fn=(602) 0x00000000000aafc0
0 9 0 0 1 0 0 1
0 3 1 0 1 0 0 1

fn=(638) std::future_category()
0 3 1 0 1 0 0 1

fn=(642) 0x00000000000aa8f0
0 3 1 1 0 0 1

fn=(704) 0x00000000000aaa60
0 44 13 28 5 3 6 5 3 6

fn=(714) 0x00000000000aac40
0 34 17 8 2 9 0 2 1

fn=(840) std::locale::locale()
0 210 0 150 2 0 2 1 0 1
cfn=(842)
calls=30 0 
0 78672 21536 9950 351 455 99 332 84 95
0 180 60 30 2 0 1 1
0 120 120 0 2 0 0 1

fn=(862) std::locale::facet::_S_get_c_name()
0 21 7 0 1 0 0 1

fn=(950) std::__timepunct<char>::_M_initialize_timepunct(__locale_struct*)
0 10 2 3 1 0 0 1
0 1 0 1 1 0 0 1
cob=(2)
cfi=(51)
cfn=(870)
calls=1 0 
0 19 6 1
0 138 4 25 12 0 0 12

fn=(1024) std::__cxx11::numpunct<wchar_t>::_M_initialize_numpunct(__locale_struct*)
0 12 1 4 1 0 0 1
0 28 10 9 3 1 0 3 1
0 175 35 35 0 0 2 0 0 2
0 9 3 1 1 0 1 1 0 1
0 125 25 25
0 1

fn=(1030) std::__cxx11::moneypunct<wchar_t, false>::_M_initialize_moneypunct(__locale_struct*, char const*)
0 17 2 7 2 0 0 2
0 41 18 14 4 0 0 4
0 50 10 10
0 1

fn=(1128) std::numpunct<wchar_t>::_M_initialize_numpunct(__locale_struct*)
0 12 1 4 2 0 0 2
0 28 10 9 3 0 0 3
0 175 35 35
0 9 3 1 1 0 0 1
0 125 25 25
0 1

fn=(1234) std::locale::operator=(std::locale const&)
0 132 24 24 4 0 0 2
0 108 60 12 2 0 0 1

fn=(1368) std::__cxx11::basic_string<char, std::char_traits<char>, std::allocator<char> >::compare(char const*) const
0 44 4 20 1 0 0 1
cob=(2)
cfi=(51)
cfn=(1370) 0x00000000048f0bb0
calls=4 0 
0 887 301 143 2 12 0 2 6
0 36 4 4 1 0 0 1
cob=(2)
cfi=(51)
cfn=(1374)
calls=4 0 
0 908 306 143 5 13 0 2 6
0 60 20

fn=(1422)
0 72 16 24 4 0 0 2
0 76 28 12 4 0 0 2

fn=(1518) std::basic_filebuf<char, std::char_traits<char> >::underflow()
0 33 10 8 3 1 0 3
cfn=(1520)
calls=1 0 
0 3 1 0 1 0 0 1
0 2 0 0 1 0 0 1
0 15 10 1 2 0 0 2
cob=(2)
cfi=(51)
cfn=(1522) 0x00000000048f0f00
calls=1 0 
0 3319 1086 550 11 37 2 8 10
0 19 3 5 2 1 0 2 1

fn=(1662) std::__basic_file<char>::~__basic_file()
0 4 0 0 1
cob=(2)
cfi=(51)
cfn=(1624) 0x00000000048f2900
calls=2 0 
0 34 12 4

fn=(2072)
0 8 0 0 1 0 0 1
cob=(2)
cfi=(51)
cfn=(2074) 0x00000000048f1440
calls=2 0 
0 9655 2412 1411 224 87 19 187 26

fn=(2212) __gnu_cxx::stdio_sync_filebuf<char, std::char_traits<char> >::sync()
0 15 5 0 1 1 0 1
cob=(2)
cfi=(51)
cfn=(2214)
calls=5 0 
0 1286 440 233 22 18 0 21 5

fn=(2240) __cxa_get_globals
0 8 0 2 1 0 0 1
cob=(2)
cfi=(51)
cfn=(2242) 0x00000000048f1020
calls=2 0 
0 933 325 146 3 27 0 3 2
0 6 2

fn=(2258) std::basic_ostream<wchar_t, std::char_traits<wchar_t> >::sentry::sentry(std::basic_ostream<wchar_t, std::char_traits<wchar_t> >&)
0 45 12 12 2 1 0 2
0 2
0 2 0 1
cob=(2)
cfi=(51)
cfn=(2249) 0x00000000048f2860'2
calls=1 0 
0 136 53 23
0 27 14 3 1 0 0 1

fn=(2259) std::basic_ostream<wchar_t, std::char_traits<wchar_t> >::sentry::sentry(std::basic_ostream<wchar_t, std::char_traits<wchar_t> >&)'2
0 15 4 4
0 8 4 1

fn=(2326) 0x00000000000e28b0
0 2 1 0 1 0 0 1

fn=(678) 0x00000000000aa970
0 13 2 3 1 1 1 1
0 8 1 2 1 0 1 1
0 10 0 9
0 12 2 3 0 0 1
0 8 1 2 0 0 1
0 10 0 9
0 9 1 4 1 0 0 1
0 8 0 4 1 0 0 1

fn=(956) std::__cxx11::messages<char>::messages(unsigned long)
0 13 1 5 2 1 1 2 0 1
cob=(2)
cfi=(51)
cfn=(870)
calls=1 0 
0 19 6 1
0 2 0 2
cob=(2)
cfi=(51)
cfn=(858)
calls=1 0 
0 5 2
0 5 3 1

fn=(968) std::ctype<wchar_t>::_M_initialize_ctype()
0 10 1 5 1 0 0 1
cob=(2)
cfi=(51)
cfn=(970) 0x00000000048f1eb0
calls=1 0 
0 863 300 145 4 21 0 4 5
0 2
0 512 0 128 0 0 2 0 0 2
0 256 0 128 1 0 0 1
cob=(2)
cfi=(51)
cfn=(976) 0x00000000048f0f30
calls=128 0 
0 4565 1319 658 7 15 0 5 3
0 256
0 4 0 2
cob=(2)
cfi=(51)
cfn=(982) 0x00000000048f2a60
calls=1 0 
0 816 293 146 6 11 0 6 3
0 510 0 255
cob=(2)
cfi=(51)
cfn=(982)
calls=255 0 
0 13150 3959 1531 5 5 0 5
0 1024 0 256 0 0 16 0 0 16
0 22
0 40 0 16 1 0 0 1
cob=(2)
cfi=(51)
cfn=(994) 0x00000000048f0de0
calls=8 0 
0 3493 895 371 22 27 0 19 8
0 56 0 8 0 0 2 0 0 2
0 16 0 8
cob=(2)
cfi=(51)
cfn=(994)
calls=4 0 
0 1736 326 78
0 16 0 4
0 7 4
cob=(2)
cfi=(51)
cfn=(970)
calls=1 0 
0 24 10 4 0 1
0 2 0 0 1 0 0 1

fn=(1116) std::messages<char>::messages(unsigned long)
0 13 1 5 2 1 1 2 0 1
cob=(2)
cfi=(51)
cfn=(870)
calls=1 0 
0 19 6 1
0 2 0 2
cob=(2)
cfi=(51)
cfn=(858)
calls=1 0 
0 5 2
0 5 3 1

fn=(1146) std::moneypunct<wchar_t, false>::_M_initialize_moneypunct(__locale_struct*, char const*)
0 17 2 7 1 0 0 1
0 41 18 14 4 0 0 4
0 50 10 10
0 1

fn=(1216) std::ios_base::ios_base()
0 190 10 80 4 1 17 2 0 10
0 350 0 140 0 0 17 0 0 14
0 40 0 20 2 0 1 1
cob=(2)
cfi=(51)
cfn=(836)
calls=10 0 
0 361 129 83 16 8 1 0 0 1

fn=(1318) std::num_put<wchar_t, std::ostreambuf_iterator<wchar_t, std::char_traits<wchar_t> > > const& std::use_facet<std::num_put<wchar_t, std::ostreambuf_iterator<wchar_t, std::char_traits<wchar_t> > > >(std::locale const&)
0 20 4 8 1 0 0 1
cob=(2)
cfi=(51)
cfn=(910)
calls=4 0 
0 32 12
0 24 20

fn=(1324) bool std::has_facet<std::num_get<wchar_t, std::istreambuf_iterator<wchar_t, std::char_traits<wchar_t> > > >(std::locale const&)
0 12 4

fn=(1434) std::basic_filebuf<char, std::char_traits<char> >::open(char const*, std::_Ios_Openmode)
0 24 0 10 2 0 0 1
cob=(2)
cfi=(51)
cfn=(1436)
calls=2 0 
0 893 272 136 3 10 0 2 1
0 14 0 2
cob=(2)
cfi=(51)
cfn=(1442) 0x00000000048f00f0
calls=2 0 
0 2974 834 549 92 52 12 46 12 6
0 4 0 2 2 0 0 1
cob=(2)
cfi=(51)
cfn=(1436)
calls=2 0 
0 12 6
0 8 0 2
cob=(2)
cfi=(51)
cfn=(1486) 0x00000000048efca0
calls=2 0 
0 2585 521 312 18 24 5 6 2 1
0 44 14 16 2 0 0 1

fn=(1494) operator new[](unsigned long)
0 4 0 0 2 0 0 1
cob=(2)
cfi=(51)
cfn=(1384)
calls=2 0 
0 1400 214 173 7 12 5 0 0 1

fn=(1508) std::istream::get(char&)
0 210 15 75 2 0 0 2
cob=(2)
cfi=(51)
cfn=(1510) 0x00000000048f2990
calls=15 0 
0 1189 392 221 5 8 1 5
0 30 15
0 30 15
0 210 150 0 1 0 0 1
0 84 14 42
0 3 0 2
0 2 2 1 1 1 0 1
cfn=(1516) std::basic_streambuf<char, std::char_traits<char> >::uflow()
calls=1 0 
0 3408 1117 567 21 40 2 18 11
0 2

fn=(1520)
0 12 4 0 2 0 0 1

fn=(1532) std::__basic_file<char>::fd()
0 9 3 0 0 1
cob=(2)
cfi=(51)
cfn=(1534) 0x00000000048ef4e0
calls=3 0 
0 843 297 141 4 14 0 1 4

fn=(1578) std::istream::read(char*, long)
0 16 1 6 2 0 1 2
cob=(2)
cfi=(51)
cfn=(1510)
calls=1 0 
0 30 10 6 0 4
0 9 6 1 0 1
cfn=(1580) std::basic_filebuf<char, std::char_traits<char> >::xsgetn(char*, long)
calls=1 0 
0 1986 643 439 16 194 131 15 129
0 12 6 1 1 0 0 1

fn=(1590) std::basic_filebuf<char, std::char_traits<char> >::close()
0 24 2 10 4 0 0 2
cob=(2)
cfi=(51)
cfn=(1436)
calls=2 0 
0 12 6 0 1 3
0 10 0 4
cob=(2)
cfi=(51)
cfn=(1592) 0x00000000048f0af0
calls=2 0 
0 1164 318 146 11 13 0 6 2
0 10 0 6 2 0 0 1
cob=(2)
cfi=(51)
cfn=(1598) 0x00000000048f0d40
calls=2 0 
0 2998 924 461 41 58 1 23 4
0 28 4 16 2 0 0 1
cob=(2)
cfi=(51)
cfn=(1624)
calls=2 0 
0 2493 780 440 69 44 0 34 8
0 26 12

fn=(2174) std::ostreambuf_iterator<char, std::char_traits<char> > std::num_put<char, std::ostreambuf_iterator<char, std::char_traits<char> > >::_M_insert_int<unsigned long>(std::ostreambuf_iterator<char, std::char_traits<char> >, std::ios_base&, char, unsigned long) const
0 140 7 70 2 0 0 2
cfn=(2080) 0x000000000012b240
calls=7 0 
0 203 84 35
0 42 7 0 1 0 0 1
0 147 0 42 1 0 0 1
cfn=(2176) 0x000000000012e8f0
calls=7 0 
0 280 22 15 3 0 0 3
0 168 49 21 2 0 0 2
cfn=(2028) __gnu_cxx::stdio_sync_filebuf<char, std::char_traits<char> >::xsputn(char const*, long)
calls=7 0 
0 1022 236 159
0 112 63

fn=(2210) std::ostream::flush()
0 45 12 12 2 4 0 2
cob=(2)
cfi=(51)
cfn=(2002)
calls=3 0 
0 218 82 39 0 1
0 21 18 3 1 2 0 1
cfn=(2212)
calls=3 0 
0 1159 397 207 23 19 0 22 5
0 24 12
0 25 15 1 1 0 0 1
cob=(2)
cfi=(51)
cfn=(2230)
calls=1 0 
0 2446 808 414 9 48 0 9 5
0 7 3 1
cfn=(2212)
calls=1 0 
0 71 24 13
0 2

fn=(2211) std::ostream::flush()'2
0 15 4 4
cob=(2)
cfi=(51)
cfn=(2003) 0x00000000048f31f0'2
calls=1 0 
0 25 9 5
0 7 6 1
cfn=(2212)
calls=1 0 
0 71 24 13
0 16 9

fn=(2320) 0x000000000018d820
0 2 1 0 1 0 0 1

fn=(2322) 0x000000000018d810
0 2 1

fn=(2334) 0x00000000000ac070
0 4 0 1 2 0 0 1
cob=(2)
cfi=(51)
cfn=(2336) 0x00000000048f1210
calls=1 0 
0 820 250 133 2 10

fn=(608) 0x00000000000aa840
0 9 0 4 1 0 1 1
cob=(2)
cfi=(51)
cfn=(610) 0x00000000048f0fb0
calls=1 0 
0 801 248 132 3 17 7 3 0 2
0 7 0 2 1 0 0 1
cob=(2)
cfi=(51)
cfn=(620)
calls=1 0 
0 1035 324 162 9 21 1 9 8
0 3 0 2
cob=(2)
cfi=(51)
cfn=(610)
calls=1 0 
0 7 3 1
0 9 2 1 1 0 0 1
cob=(2)
cfi=(51)
cfn=(620)
calls=1 0 
0 77 15 15 0 0 1

fn=(616) std::error_category::error_category()
0 10 4 2 1 1 0 1

fn=(706) 0x00000000000aabc0
0 5 0 0 1 0 0 1
cob=(2)
cfi=(51)
cfn=(620)
calls=1 0 
0 77 15 15

fn=(920) std::codecvt<char, char, __mbstate_t>::codecvt(unsigned long)
0 13 1 5 1 0 1 1 0 1
cob=(2)
cfi=(51)
cfn=(870)
calls=1 0 
0 19 6 1
0 5 3 1 1 0 1 1 0 1

fn=(962) std::ctype<wchar_t>::ctype(unsigned long)
0 13 1 5 2 0 1 2 0 1
cob=(2)
cfi=(51)
cfn=(870)
calls=1 0 
0 19 6 1
0 7 2 2
cob=(2)
cfi=(51)
cfn=(964) 0x00000000048f0950
calls=1 0 
0 28250 7365 3874 50 88 20 45 20 20

fn=(1042) std::__timepunct<wchar_t>::__timepunct(std::__timepunct_cache<wchar_t>*, unsigned long)
0 15 1 7 2 0 0 2
cob=(2)
cfi=(51)
cfn=(858)
calls=1 0 
0 5 2
0 4 0 2
cob=(2)
cfi=(51)
cfn=(1044) 0x00000000048f11f0
calls=1 0 
0 1286 301 161 16 10 0 16 3
0 4 3

fn=(1062) std::numpunct<char>::_M_initialize_numpunct(__locale_struct*)
0 12 1 4 1 0 0 1
0 31 12 10 3 0 0 3
0 210 70 35
0 10 4 1 1 0 0 1
0 150 50 25
0 1

fn=(1080) std::moneypunct<char, false>::_M_initialize_moneypunct(__locale_struct*, char const*)
0 14 1 6 1 0 0 1
0 31 10 15 3 0 1 3
0 60 20 10
0 8 7

fn=(1182) std::messages<wchar_t>::messages(unsigned long)
0 13 1 5 2 0 0 2
cob=(2)
cfi=(51)
cfn=(870)
calls=1 0 
0 19 6 1
0 2 0 2
cob=(2)
cfi=(51)
cfn=(858)
calls=1 0 
0 5 2
0 5 3 1

fn=(1276) bool std::has_facet<std::num_get<char, std::istreambuf_iterator<char, std::char_traits<char> > > >(std::locale const&)
0 24 8

fn=(1288) std::basic_ios<wchar_t, std::char_traits<wchar_t> >::init(std::basic_streambuf<wchar_t, std::char_traits<wchar_t> >*)
0 28 0 12 1 0 0 1
cob=(2)
cfi=(51)
cfn=(1224)
calls=4 0 
0 348 128 72
0 12 0 4
cob=(2)
cfi=(51)
cfn=(1290) 0x00000000048f3100
calls=4 0 
0 8449 2208 985 22 55 0 22 15
0 52 12 24 1 0 0 1

fn=(1414) bool std::has_facet<std::codecvt<char, char, __mbstate_t> >(std::locale const&)
0 10 2 4 0 1
cob=(2)
cfi=(51)
cfn=(910)
calls=2 0 
0 16 6 0 0 2
0 24 12 2 2 4 0 1
cob=(2)
cfi=(51)
cfn=(1416)
calls=2 0 
0 880 297 171 21 20 1 11
0 10 4

fn=(1514) std::istream::sentry::sentry(std::istream&, bool)
0 304 64 80 1 3 0 1
0 32 0 0 1 0 0 1
0 112 80 16 1 0 0 1

fn=(1526) std::__basic_file<char>::xsgetn(char*, long)
0 20 0 8 1 0 0 1
0 4 0 2 1 0 0 1
cob=(2)
cfi=(51)
cfn=(1528) 0x00000000048eff80
calls=2 0 
0 1648 546 272 4 22 1 3 5
0 8 0 2
cob=(2)
cfi=(51)
cfn=(1540) 0x00000000048f00a0
calls=2 0 
0 823 289 141 3 14 0 3 3
0 20 10

fn=(1606) operator delete[](void*)
0 4
cob=(2)
cfi=(51)
cfn=(1608) 0x00000000048f02e0
calls=2 0 
0 1783 615 316 32 45 1 18 1

fn=(1850) std::thread::join()
0 960 120 240 1 0 0 1
cob=(2)
cfi=(51)
cfn=(1852) 0x00000000048ef4f0
calls=120 0 
0 45439 13698 8056 177 644 111 35 5
0 600 240 120

fn=(2026) std::basic_ostream<char, std::char_traits<char> >& std::__ostream_insert<char, std::char_traits<char> >(std::basic_ostream<char, std::char_traits<char> >&, char const*, long)
0 180 10 90 2 0 0 2
cob=(2)
cfi=(51)
cfn=(2002)
calls=10 0 
0 250 90 50 2 3
0 90 40 10
0 70 40 10 1 0 0 1
0 170 130 10 2 2 0 2
cfn=(2028)
calls=10 0 
0 2845 751 461 53 26 1 44 8
0 50 20

fn=(2028)
0 114 19 0 2 1 0 2
cob=(2)
cfi=(51)
cfn=(2030) 0x00000000048f2bf0
calls=19 0 
0 4039 1036 666 55 25 1 42 8

fn=(2090) std::__num_base::_S_format_float(std::ios_base const&, char*, char)
0 12 2 2 1 0 0 1
0 4
0 22 2 2 1 1 0 1 1
0 20 2 4 1 0 0 1
0 4

fn=(2092) 0x00000000000fb400
0 52 4 32 2 0 0 2
cob=(2)
cfi=(51)
cfn=(970)
calls=2 0 
0 48 20 8 3 4
0 24 0 10 1 0 0 1
cob=(2)
cfi=(51)
cfn=(2098) 0x00000000048f1b50
calls=2 0 
0 5335 1254 804 175 40 19 158 20
0 6 0 2
cob=(2)
cfi=(51)
cfn=(970)
calls=2 0 
0 48 20 8 0 1
0 20 14 0 2 0 0 1

fn=(2204) std::ios_base::Init::~Init()
0 5 2 0 1 0 0 1
0 7 2 2 1 1 0 1
cob=(2)
cfi=(51)
cfn=(2206) 0x00000000048f1770
calls=1 0 
0 1795 617 324 28 25 1 27 5
0 2 1 1 0 1
cob=(2)
cfi=(51)
cfn=(2206)
calls=1 0 
0 2806 943 476 10 56 0 10 6
0 2 1 1 0 1
cob=(2)
cfi=(51)
cfn=(2206)
calls=1 0 
0 136 53 23 0 2
0 2 1 1 0 1
cob=(2)
cfi=(51)
cfn=(2248) 0x00000000048f2860
calls=1 0 
0 2146 604 289 10 21 0 10 4
0 2 1 1 0 1
cob=(2)
cfi=(51)
cfn=(2248)
calls=1 0 
0 393 148 64 1 5 0 1
0 2 1 1 1 1 0 1
cob=(2)
cfi=(51)
cfn=(2248)
calls=1 0 
0 136 53 23 0 2
0 2 1

fn=(632) 0x00000000000aa8d0
0 3 0 1
cob=(2)
cfi=(51)
cfn=(634) 0x00000000048f0400
calls=1 0 
0 791 246 131 3 9 0 3 1
0 4 2 1 0 1 1

fn=(868) std::ctype<char>::ctype(unsigned short const*, bool, unsigned long)
0 15 1 6 1 0 1 1 0 1
cob=(2)
cfi=(51)
cfn=(870)
calls=1 0 
0 3983 1194 589 27 58 1 27 16
0 11 2 4 1 1 0 1
0 14 0 6 1 0 3 1 0 3
0 31 0 30 0 0 2 0 0 2
0 8 0 3 0 0 1 0 0 1
0 31 0 30 0 0 2 0 0 2
0 6 5 0 1 0 0 1

fn=(914) std::locale::id::_M_id() const
0 452 113 0 2 14 0 1 4
0 658 257 96 2 0 0 1

fn=(926) std::__cxx11::numpunct<char>::_M_initialize_numpunct(__locale_struct*)
0 12 1 4 2 0 0 2
0 31 12 10 4 3 0 4 1
0 210 70 35 0 1 0 0 1
0 10 4 1 1 0 0 1
0 150 50 25
0 1

fn=(1036) std::__cxx11::moneypunct<wchar_t, true>::_M_initialize_moneypunct(__locale_struct*, char const*)
0 17 2 7 2 0 0 2
0 41 18 14 4 0 0 4
0 50 10 10
0 1

fn=(1048) std::__timepunct<wchar_t>::_M_initialize_timepunct(__locale_struct*)
0 10 2 3 1 0 0 1
0 1 0 1 1 0 0 1
cob=(2)
cfi=(51)
cfn=(870)
calls=1 0 
0 19 6 1
0 138 4 25 12 0 0 12

fn=(1228) std::ios_base::_M_init()
0 168 24 72 4 2 0 2 1
cob=(2)
cfi=(51)
cfn=(836)
calls=12 0 
0 350 138 74
0 36 0 12
cob=(2)
cfi=(51)
cfn=(1230) 0x00000000048f1880
calls=12 0 
0 996 336 167 9 9 0 5 1
0 24 0 12
cob=(2)
cfi=(51)
cfn=(1236)
calls=12 0 
0 860 301 143 3 8 0 1
0 84 60 0 2 0 0 1

fn=(1246) std::basic_ios<char, std::char_traits<char> >::_M_cache_locale(std::locale const&)
0 64 0 24 2 0 0 1
cob=(2)
cfi=(51)
cfn=(1248) 0x00000000048f3210
calls=8 0 
0 939 278 131 5 9 0 3 2
0 32 0 8
cob=(2)
cfi=(51)
cfn=(1254) 0x00000000048ef550
calls=8 0 
0 1075 343 147 9 14 0 2 2
0 24 0 16
cob=(2)
cfi=(51)
cfn=(1260) 0x00000000048f21b0
calls=8 0 
0 1291 322 131 5 7 0 3 3
0 32 0 8
cob=(2)
cfi=(51)
cfn=(1266) 0x00000000048ef9b0
calls=8 0 
0 1443 389 147 5 12 0 3 1
0 24 0 16 2 0 0 1
cob=(2)
cfi=(51)
cfn=(1272) 0x00000000048ef460
calls=8 0 
0 1291 322 131 3 9 0 2 2
0 32 0 8
cob=(2)
cfi=(51)
cfn=(1278) 0x00000000048f0890
calls=8 0 
0 1443 389 147 4 11 0 1 3
0 40 24 8

fn=(1258) std::ctype<char> const& std::use_facet<std::ctype<char> >(std::locale const&)
0 50 10 20 3 2 0 1
cob=(2)
cfi=(51)
cfn=(910)
calls=10 0 
0 80 30 0 3 3
0 60 50 0 2 2 0 1

fn=(1264) bool std::has_facet<std::num_put<char, std::ostreambuf_iterator<char, std::char_traits<char> > > >(std::locale const&)
0 24 8 0 2 0 0 1

fn=(1294) std::basic_ios<wchar_t, std::char_traits<wchar_t> >::_M_cache_locale(std::locale const&)
0 32 0 12 1 0 0 1
cob=(2)
cfi=(51)
cfn=(1296) 0x00000000048f0230
calls=4 0 
0 903 268 131 3 9 0 3 2
0 16 0 4
cob=(2)
cfi=(51)
cfn=(1302) 0x00000000048ef4c0
calls=4 0 
0 991 303 139 4 10 0 4 3
0 12 0 8 1 0 0 1
cob=(2)
cfi=(51)
cfn=(1308) 0x00000000048efdd0
calls=4 0 
0 1271 314 131 3 7 0 3 2
0 16 0 4
cob=(2)
cfi=(51)
cfn=(1314) 0x00000000048f1ed0
calls=4 0 
0 1375 351 139 3 7 0 3 3
0 12 0 8
cob=(2)
cfi=(51)
cfn=(1320) 0x00000000048f1820
calls=4 0 
0 1287 316 131 2 8 0 2 2
0 16 0 4
cob=(2)
cfi=(51)
cfn=(1326) 0x00000000048f2bd0
calls=4 0 
0 1383 352 139 3 5 0 3 1
0 20 12 4

fn=(1306) std::ctype<wchar_t> const& std::use_facet<std::ctype<wchar_t> >(std::locale const&)
0 20 4 8 1 1 0 1
cob=(2)
cfi=(51)
cfn=(910)
calls=4 0 
0 32 12
0 24 20 0 1 1 0 1

fn=(1448)
0 14 2 0 2 2 0 1 1
0 4 2 0 2 0 0 1

fn=(1490) std::basic_filebuf<char, std::char_traits<char> >::_M_allocate_internal_buffer()
0 14 4 2 4 0 0 2
0 4 2 2
cob=(2)
cfi=(51)
cfn=(1492) 0x00000000048ef1d0
calls=2 0 
0 1408 216 173 11 14 5 2 0 1
0 8 4 4

fn=(1724) __cxa_guard_release
0 36 18 0 2 0 0 1
0 42 17 9 2 0 0 1

fn=(2000) std::ostream::write(char const*, long)
0 16 1 6 2 0 0 2
cob=(2)
cfi=(51)
cfn=(2002)
calls=1 0 
0 778 253 138 5 8 0 5 2
0 9 6 1 0 1
cfn=(2008)
calls=1 0 
0 1878 597 311 19 45 2 15 6
0 8 4 0 1 0 0 1
0 10 7

fn=(2332) 0x00000000000d9870
0 2 1 0 1 0 0 1

fn=(2340) std::error_category::~error_category()
0 4 2

fn=(708) 0x00000000000aabe0
0 7 0 2 1 0 0 1
cob=(2)
cfi=(51)
cfn=(620)
calls=1 0 
0 77 15 15 0 0 1
0 5 1
cob=(2)
cfi=(51)
cfn=(620)
calls=1 0 
0 77 15 15

fn=(938) std::__cxx11::moneypunct<char, true>::_M_initialize_moneypunct(__locale_struct*, char const*)
0 14 1 6 2 0 0 2
0 31 10 15 3 0 0 3
0 60 20 10
0 8 7

fn=(1054) std::__cxx11::messages<wchar_t>::messages(unsigned long)
0 13 1 5 1 1 0 1
cob=(2)
cfi=(51)
cfn=(870)
calls=1 0 
0 19 6 1
0 2 0 2
cob=(2)
cfi=(51)
cfn=(858)
calls=1 0 
0 5 2
0 5 3 1

fn=(1240) std::locale::~locale()
0 96 32 16 2 1 0 1
0 32 32

fn=(1330) std::num_get<wchar_t, std::istreambuf_iterator<wchar_t, std::char_traits<wchar_t> > > const& std::use_facet<std::num_get<wchar_t, std::istreambuf_iterator<wchar_t, std::char_traits<wchar_t> > > >(std::locale const&)
0 20 4 8 1 0 0 1
cob=(2)
cfi=(51)
cfn=(910)
calls=4 0 
0 32 12
0 24 20

fn=(1440) std::__basic_file<char>::is_open() const
0 48 24 0 0 1

fn=(1500) std::basic_ios<char, std::char_traits<char> >::clear(std::_Ios_Iostate)
0 14 6 2 2 0 0 1

fn=(1516)
0 5 3 0 1 1 0 1
0 3 0 2
cfn=(1518)
calls=1 0 
0 3391 1110 564 20 39 2 17 11
0 9 4 1

fn=(1612) operator delete(void*)
0 21556 0 0 2 0 0 1
cob=(2)
cfi=(51)
cfn=(1614) 0x00000000048f0b30
calls=10778 0 
0 1291092 379858 181950 93 3091 931 49 0 96

fn=(1628) std::__basic_file<char>::close()
0 16 0 8 2 0 0 1
cob=(2)
cfi=(51)
cfn=(1436)
calls=4 0 
0 24 12
0 8
0 4 2
0 10 6 2
cob=(2)
cfi=(51)
cfn=(1630) 0x00000000048f2670
calls=2 0 
0 1617 512 301 64 35 0 31 6
0 6 0 2
0 6 4

fn=(1684) std::ios_base::_M_dispose_callbacks()
0 16 2 6 2 0 0 1
0 10 8 2

fn=(1732) std::thread::_M_start_thread(std::unique_ptr<std::thread::_State, std::default_delete<std::thread::_State> >, void (*)())
0 840 120 240 1 0 0 1
cob=(2)
cfi=(51)
cfn=(1734) 0x00000000048f0a20
calls=120 0 
0 139471 33934 26207 347 1434 2050 112 15 249
0 600 240 120 0 0 2

fn=(1972) std::basic_ofstream<char, std::char_traits<char> >::basic_ofstream(char const*, std::_Ios_Openmode)
0 15 0 7 1 0 0 1
cob=(2)
cfi=(51)
cfn=(1212)
calls=1 0 
0 178 32 53 20 9 5
0 12 0 7 1 0 0 1
cob=(2)
cfi=(51)
cfn=(1218)
calls=1 0 
0 236 79 45 31 20
0 8 1 3 1 1 0 1
cob=(2)
cfi=(51)
cfn=(1982) 0x00000000048f2d80
calls=1 0 
0 1315 383 221 25 29 3 2
0 3 0 1
cob=(2)
cfi=(51)
cfn=(1218)
calls=1 0 
0 236 79 45
0 5 0 1
cob=(2)
cfi=(51)
cfn=(1986) 0x00000000048f1ac0
calls=1 0 
0 2952 622 427 61 38 10 4
0 7 2 1 1 1 0 1
cob=(2)
cfi=(51)
cfn=(1992) 0x00000000048f2d10
calls=1 0 
0 1066 286 134 3 7 0 2
0 8 7

fn=(2014) std::__basic_file<char>::xsputn_2(char const*, long, char const*, long)
0 18 1 10 2 0 0 2
cob=(2)
cfi=(51)
cfn=(1528)
calls=1 0 
0 14 6 0 3 2
0 13 0 5 1 0 0 1
cob=(2)
cfi=(51)
cfn=(2016) 0x00000000048f2610
calls=1 0 
0 832 299 151 4 34 2 4 5
0 4
0 12 9 0 1 0 0 1

fn=(2078) std::ostreambuf_iterator<char, std::char_traits<char> > std::num_put<char, std::ostreambuf_iterator<char, std::char_traits<char> > >::_M_insert_float<double>(std::ostreambuf_iterator<char, std::char_traits<char> >, std::ios_base&, char, char, double) const
0 46 2 26 2 0 0 2
cfn=(2080)
calls=2 0 
0 58 24 10 1 2 0 1
0 22 2 4 1 0 0 1
cob=(2)
cfi=(51)
cfn=(2086) 0x00000000048f10b0
calls=2 0 
0 1060 281 141 5 10 0 5 2
0 10 2
0 16 0 6 1 0 0 1
cob=(2)
cfi=(51)
cfn=(870)
calls=2 0 
0 38 12 2 5 2
0 22 4 6 1 0 0 1
cfn=(2092)
calls=2 0 
0 5533 1312 864 183 45 19 162 20
0 6 0 2
0 4 2 2 1 0 0 1
cob=(2)
cfi=(51)
cfn=(1254)
calls=2 0 
0 42 20 4 1 2
0 24 2
0 8 0 0 1 0 0 1
0 18 4 4
0 12 2 2 2 0 0 2
cob=(2)
cfi=(51)
cfn=(2156) 0x00000000048efab0
calls=2 0 
0 891 298 145 9 15 0 4 3
0 54 18 6 2 1 0 2
cfn=(2028)
calls=2 0 
0 286 68 46 4
0 46 22 2 1 0 0 1
cob=(2)
cfi=(51)
cfn=(1582) 0x00000000048f30f0
calls=2 0 
0 32 8 4 1 1
0 2
0 4 0 2 1 0 0 1

fn=(2168)
0 21 0 0 1 0 0 1
cob=(2)
cfi=(51)
cfn=(2170) 0x00000000048f2d00
calls=7 0 
0 3529 800 475 9 7 0 9 2

fn=(2234) std::uncaught_exception()
0 6 0 2 1 0 0 1
cob=(2)
cfi=(51)
cfn=(2236) 0x00000000048f1d30
calls=2 0 
0 1681 569 281 6 38 0 6 4
0 10 4 0 0 1

fn=(2328) 0x00000000000dbf10
0 2 1 0 1 0 0 1

fn=(712) 0x00000000000aac20
0 5
cob=(2)
cfi=(51)
cfn=(620)
calls=1 0 
0 77 15 15 0 0 1

fn=(998) std::ctype<wchar_t>::_M_convert_to_wmask(unsigned short) const
0 36 0 0 1 0 0 1
0 11 0 0 1 0 0 1
0 14
0 6
0 8
0 6
0 3 1
cob=(2)
cfi=(51)
cfn=(1000) 0x00000000048f0420
calls=1 0 
0 612 116 28
0 8
0 9 0 0 1 0 0 1
0 4
0 3 1
cob=(2)
cfi=(51)
cfn=(1000)
calls=1 0 
0 392 76 20 0 1 0 0 1
0 4
0 3 1
cob=(2)
cfi=(51)
cfn=(1000)
calls=1 0 
0 502 96 24
0 4 0 0 1 0 0 1
0 5 1
cob=(2)
cfi=(51)
cfn=(1000)
calls=1 0 
0 202 42 13
0 3 1
cob=(2)
cfi=(51)
cfn=(1000)
calls=1 0 
0 257 52 15
0 3 1 0 1 0 0 1
cob=(2)
cfi=(51)
cfn=(1000)
calls=1 0 
0 969 313 150 12 17 0 9 5
0 3 1
cob=(2)
cfi=(51)
cfn=(1000)
calls=1 0 
0 557 106 26
0 3 1
cob=(2)
cfi=(51)
cfn=(1000)
calls=1 0 
0 192 38 13 0 1
0 3 1
cob=(2)
cfi=(51)
cfn=(1000)
calls=1 0 
0 337 66 18 0 1 0 0 1
0 7 3 0 2 0 0 2
cob=(2)
cfi=(51)
cfn=(1000)
calls=1 0 
0 147 32 11 1 0 0 1

fn=(1018) std::codecvt<wchar_t, char, __mbstate_t>::codecvt(unsigned long)
0 13 1 5 2 0 1 2 0 1
cob=(2)
cfi=(51)
cfn=(870)
calls=1 0 
0 19 6 1
0 5 3 1

fn=(1208) std::locale::locale(std::locale::_Impl*)
0 3 1 1 1 0 0 1

fn=(1282) std::num_get<char, std::istreambuf_iterator<char, std::char_traits<char> > > const& std::use_facet<std::num_get<char, std::istreambuf_iterator<char, std::char_traits<char> > > >(std::locale const&)
0 40 8 16 2 1 0 1
cob=(2)
cfi=(51)
cfn=(910)
calls=8 0 
0 64 24
0 48 40

fn=(1580)
0 13 1 6 2 1 0 2
0 15 5 1 2 2 0 2
cfn=(1520)
calls=1 0 
0 3 1
0 2
0 11 8 0 1 1 0 1
0 3 0 0 1 0 0 1
0 4 2 0 1 0 0 1
0 2
0 3
0 4 0 1
cob=(2)
cfi=(51)
cfn=(1522)
calls=1 0 
0 52 15 6 0 7
0 4
0 2 0 1
0 5 0 1 1 0 0 1
cob=(2)
cfi=(51)
cfn=(1582)
calls=1 0 
0 1860 611 422 8 183 131 7 129
0 3 0 1

fn=(1710) __cxa_guard_acquire
0 81 27 9 2 13 0 1
0 64 19 9 2 0 0 1

fn=(1788) 0x00000000000dc240
0 840 240 360 1 29 113 1 0 14
cob=(8) /content/brushie/build/brushie
cfi=(178) ???
cfn=(1908) std::thread::_State_impl<std::thread::_Invoker<std::tuple<brushie::(anonymous namespace)::parallel_for<brushie::(anonymous namespace)::build_band_pyramid(std::vector<int, std::allocator<int> >&, unsigned int, unsigned int, unsigned int, unsigned int, brushie::(anonymous namespace)::BandPyramid&)::$_21>(unsigned long, unsigned int, brushie::(anonymous namespace)::build_band_pyramid(std::vector<int, std::allocator<int> >&, unsigned int, unsigned int, unsigned int, unsigned int, brushie::(anonymous namespace)::BandPyramid&)::$_21&&)::{lambda()#1}> > >::_M_run()
calls=56 0 
0 23303396 4761060 2070504 31 515421 516441 7 0 10
cob=(8)
cfi=(178)
cfn=(1896) std::thread::_State_impl<std::thread::_Invoker<std::tuple<brushie::(anonymous namespace)::parallel_for<brushie::(anonymous namespace)::build_band_pyramid(std::vector<int, std::allocator<int> >&, unsigned int, unsigned int, unsigned int, unsigned int, brushie::(anonymous namespace)::BandPyramid&)::$_20>(unsigned long, unsigned int, brushie::(anonymous namespace)::build_band_pyramid(std::vector<int, std::allocator<int> >&, unsigned int, unsigned int, unsigned int, unsigned int, brushie::(anonymous namespace)::BandPyramid&)::$_20&&)::{lambda()#1}> > >::_M_run()
calls=56 0 
0 14668095 1855879 1188473 104 30812 456 21 6 117
cob=(8)
cfi=(178)
cfn=(1790) std::thread::_State_impl<std::thread::_Invoker<std::tuple<brushie::(anonymous namespace)::parallel_for<brushie::(anonymous namespace)::input_planes(brushie::ImageView const&, std::array<std::vector<int, std::allocator<int> >, 4ul>&, unsigned int)::$_17>(unsigned long, unsigned int, brushie::(anonymous namespace)::input_planes(brushie::ImageView const&, std::array<std::vector<int, std::allocator<int> >, 4ul>&, unsigned int)::$_17&&)::{lambda()#1}> > >::_M_run()
calls=8 0 
0 10722076 2106456 1050170 7 12297 65550 7 0 2
0 360 240 120 0 15
cob=(8)
cfi=(178)
cfn=(1912) std::thread::_State_impl<std::thread::_Invoker<std::tuple<brushie::(anonymous namespace)::parallel_for<brushie::(anonymous namespace)::build_band_pyramid(std::vector<int, std::allocator<int> >&, unsigned int, unsigned int, unsigned int, unsigned int, brushie::(anonymous namespace)::BandPyramid&)::$_21>(unsigned long, unsigned int, brushie::(anonymous namespace)::build_band_pyramid(std::vector<int, std::allocator<int> >&, unsigned int, unsigned int, unsigned int, unsigned int, brushie::(anonymous namespace)::BandPyramid&)::$_21&&)::{lambda()#1}> > >::~_State_impl()
calls=56 0 
0 20272 4004 6930 0 32 200 0 0 8
cob=(8)
cfi=(178)
cfn=(1906) std::thread::_State_impl<std::thread::_Invoker<std::tuple<brushie::(anonymous namespace)::parallel_for<brushie::(anonymous namespace)::build_band_pyramid(std::vector<int, std::allocator<int> >&, unsigned int, unsigned int, unsigned int, unsigned int, brushie::(anonymous namespace)::BandPyramid&)::$_20>(unsigned long, unsigned int, brushie::(anonymous namespace)::build_band_pyramid(std::vector<int, std::allocator<int> >&, unsigned int, unsigned int, unsigned int, unsigned int, brushie::(anonymous namespace)::BandPyramid&)::$_20&&)::{lambda()#1}> > >::~_State_impl()
calls=56 0 
0 20272 4004 6930 1 29 200 0 0 16
cob=(8)
cfi=(178)
cfn=(1794) std::thread::_State_impl<std::thread::_Invoker<std::tuple<brushie::(anonymous namespace)::parallel_for<brushie::(anonymous namespace)::input_planes(brushie::ImageView const&, std::array<std::vector<int, std::allocator<int> >, 4ul>&, unsigned int)::$_17>(unsigned long, unsigned int, brushie::(anonymous namespace)::input_planes(brushie::ImageView const&, std::array<std::vector<int, std::allocator<int> >, 4ul>&, unsigned int)::$_17&&)::{lambda()#1}> > >::~_State_impl()
calls=8 0 
0 4984 906 1406 38 68 95 32 0 94
0 600 360 0 0 16

fn=(2080)
0 72 9 45 1 1 0 1
cob=(2)
cfi=(51)
cfn=(910)
calls=9 0 
0 72 27
0 117 72 0 0 1

fn=(2176)
0 147 7 7 2 0 0 2
0 112 8 8
0 21 7 0 1 0 0 1

fn=(2324) 0x000000000018d800
0 2 1

fn=(2342) 0x00000000000ac0b0
0 4 0 1 1 0 0 1
cob=(2)
cfi=(51)
cfn=(2336)
calls=1 0 
0 4 2

ob=(5) /usr/libexec/valgrind/vgpreload_core-amd64-linux.so
fl=(163) ???
fn=(2304) 0x0000000000001070
0 4 0 0 1
0 1 1

fn=(2292) 0x00000000000010e0
0 11 3 4 2 2 0 1
cob=(2)
cfi=(51)
cfn=(2298) 0x000000000483f040
calls=1 0 
0 121 28 12 1 0 0 1
0 9 1
0 1 0 1 1
cfn=(2304)
calls=1 0 
0 5 1 0 1
0 5 4 1

fn=(552) 0x0000000000001170
0 9 0 0 2 0 0 2
0 3 1 0 1 0 0 1

fn=(560) 0x00000000000012f0
0 4 1 0 2 0 0 2
0 1 1

ob=(3) /usr/lib/x86_64-linux-gnu/libc.so.6
fl=(189) ./elf/./elf/dl-profstub.c
fn=(990) _dl_mcount_wrapper_check
36 128 0 0 1 0 0 1
+1 128 128
-1 128
+1 256 128 0 1 0 0 1
jcnd=128/128 +2 
* 
+2 128 128

fl=(165) ./misc/./misc/init-misc.c
fn=(568) __init_misc
30 1 0 0 1 0 0 1
+1 2
-1 4 0 2 1 0 0 1
+1 3 1
+2 3 0 1
cob=(2)
cfi=(51)
cfn=(570) 0x0000000004bac5f0
calls=1 -33 
* 50 4 0 6 2 0 6 1
+4 5 1 1 0 0 1
+1 3 2 1
+2 4 3

fl=(218) ./stdlib/./stdlib/getenv.c
fn=(1718) getenv
34 432 0 324 2 0 1 2
+4 432 162 0 0 23 0 0 3
+3 108 54
jcnd=54/54 +24 
* 
+50 486 378
-26 54 0 54 1 0 1 1
cob=(2)
cfi=(51)
cfn=(1006) 0x0000000004bac490
calls=54 -65 
* 864 162 0 5 15 0 0 5
+10 54 54 0 0 8
-8 54 54
+6 54
-8 54 0 0 1 0 0 1
+7 54
+3 108
jcnd=54/54 +9 
* 
* 3456 864 0 0 16
jcnd=54/864 +16 
* 
+9 1728 864 0 0 54
jcnd=864/864 -9 
* 

fl=(272) ./stdlib/./stdlib/divrem.c
fn=(2140) __mpn_divrem
46 91 0 56 1 0 1 1
+3 14
jcnd=7/7 +13 
* 
+13 7 7 0 1 0 0 1
+1 7 7
-16 7 0 7
+18 14
+7 49 7 0 1 0 0 1
+1 7 7
-1 14
+1 14 0 7
-1 14
+4 14
jcnd=7/7 +3 
* 
+3 7 0 7 1 0 0 1
234 63 56

fl=(183) ./locale/./locale/newlocale.c
fn=(898) newlocale
43 17 1 8 2 0 0 2
+12 2
jcnd=1/1 +1 
* 
+8 2
+3 3
+6 2 0 0 1 0 0 1
jcnd=1/1 +1 
* 
277 12 9 0 1 0 0 1
73 1 1 0 1 0 0 1
+2 1
-2 4 1
jcnd=1/1 * 
* 
-17 2 0 1 1 0 0 1
jump=1 +7 
* 
+17 2 1 0 1 0 0 1
jcnd=1/1 277 
* 

fl=(221) ./nptl/./nptl/pthread_getattr_default_np.c
fn=(1742) pthread_getattr_default_np@@GLIBC_2.34
24 240 0 120 1 0 0 1
+1 120
-1 120
+1 120
-1 120 0 0 1 0 0 1
+1 240 0 120 0 0 24 0 0 1
+1 360 0 120
cfi=(222) ./nptl/./nptl/pthread_attr_copy.c
cfn=(1744) __pthread_attr_copy
calls=120 -1 
* 5040 2040 1680 7 24 48 4
+1 480 120 120
+2 360 240

fl=(231) ./misc/../sysdeps/unix/sysv/linux/x86_64/clone3.S
fn=(1778) clone3
42 120 0 0 7 0 0 1
+2 120
+1 120
+1 120
+1 120
+1 120
+4 120
+3 120
+5 120
+2 120
+1 120
jcnd=120/120 +26 
* 
+26 600 240 120

fl=(242) ./dlfcn/./dlfcn/libc_dlerror_result.c
fn=(1832) __libc_dlerror_result_free
29 240 0 120 1 0 0 1
+1 480 240 0 0 15
jcnd=120/120 +9 
* 
+9 240 240 0 1 0 0 1

fl=(164) ./csu/./csu/init-first.c
fn=(566) _init_first
46 4 0 1 1 0 0 1
+5 2 1 0 1 0 0 1
+4 5 4 0 0 2
+8 1 1 0 0 1
-2 1 0 1 0 0 1
+10 1
-9 1 0 1
+1 1 0 1 0 0 1 0 0 1
+9 2 1
-1 1
cfi=(165)
cfn=(568)
calls=1 -41 
* 75 11 5 8 2 1 8 1

fl=(257) ./io/../sysdeps/posix/isatty.c
fn=(2050) isatty
24 5 1 1 2 0 0 2
+3 2 0 1
cfi=(258) ./termios/../sysdeps/unix/sysv/linux/tcgetattr.c
cfn=(2052) tcgetattr
calls=1 +7 
* 23 5 2 4 0 0 4
* 2
+1 6 3

fl=(104) ./string/../sysdeps/x86_64/multiarch/strncmp.c
fn=(344) strncmp
66 1 0 0 1 0 0 1
-25 4 2 0 1 0 0 1
+1 3 1
+2 2
+5 3
+3 3
jcnd=1/1 +14 
* 
+14 1 1 0 1 0 0 1

fl=(253) ./libio/./libio/iofwrite.c
fn=(2034) fwrite
31 95 0 76 2 0 0 1
+1 19
-1 19 0 19
+1 19
-1 38 0 19
+4 38 0 0 1 0 0 1
+2 323 95 57 2 2 0 1 1
+1 57 19 0 0 1
jcnd=18/19 * 
* 
* 1 0 1
+1 1 1
fi=(216) ./libio/./libio/libioP.h
940 3
+2 2 0 0 1 0 0 1
+1 2
fe=(253)
39 18 18
fi=(216)
940 54
+2 36 0 0 1
+1 36
fe=(253)
39 76 19 19 0 1
cfi=(202) ./libio/./libio/fileops.c
cfn=(2036) _IO_file_xsputn@@GLIBC_2.2.5
calls=19 1197 
* 1857 389 275 44 7 1 37 2
+6 19
-6 19
+6 19
fi=(216)
883 38 19
+1 152 38 57 1 0 0 1
fe=(253)
45 38
jcnd=19/19 +1 
* 
+1 19
+3 171 133
-11 36 0 0 1
jcnd=18/18 +1 
* 

fl=(89) ./string/../sysdeps/x86_64/multiarch/memset.c
fn=(306) memset
29 2 0 0 2 0 0 1
fi=(90) ./string/../sysdeps/x86_64/multiarch/ifunc-memset.h
+21 10 4
+3 6 2 0 0 1
+7 4 0 0 2 0 0 1
+9 4
+2 4
+10 4
+8 4
+2 10 2
fe=(89)

fl=(166) ./string/../sysdeps/x86_64/multiarch/strrchr-avx2.S
fn=(572) __strrchr_avx2
46 1 0 0 1 0 0 1
+1 1
+1 1
+2 1
+1 1
+3 1
+1 1
+1 1
jcnd=1/1 +33 
* 
+33 1 0 0 1 0 0 1
+1 1
+1 1 1 0 0 1
+1 1
+1 1
+1 1
+1 1
+1 1
+1 1
+1 1
+3 1
+1 1
jcnd=1/1 +9 
* 
+9 1 0 0 1 0 0 1
+1 1
+3 1
+1 2
+4 1 1 0 0 1 0 0 1
+1 1
+1 1
+1 1
+1 1
+1 1
+1 1
+1 1
jcnd=1/1 +32 
* 
+32 1 0 0 1 0 0 1
+1 1
jcnd=1/1 +19 
* 
+19 1
+1 1
+1 1
jcnd=1/1 +15 
* 
+15 1 0 0 1 0 0 1
+1 1
+1 1
+1 1
+1 1
+2 1
+1 1
+1 1
+1 2 1

fl=(240) ./resolv/./resolv/resolv_context.c
fn=(1828) __resolv_context_freeres
242 480 0 360 1 0 0 1
+2 120 120
-2 240 0 240
+2 120 120
+1 120 0 120
+1 240
jcnd=120/120 +6 
* 
+6 720 720 0 1 0 0 1

fl=(117) ./string/../sysdeps/x86_64/multiarch/strcasecmp_l.c
fn=(378) strcasecmp_l
31 1 0 0 1 0 0 1
fi=(285) ./string/../sysdeps/x86_64/multiarch/ifunc-strcasecmp.h
+1 5 2
jfi=(117)
jcnd=1/1 -1 
* 
fe=(117)
-1 1 1

fl=(125) ./string/../sysdeps/x86_64/multiarch/strspn.c
fn=(400) strspn
29 1 0 0 1 0 0 1
fi=(286) ./string/../sysdeps/x86_64/multiarch/ifunc-sse4_2.h
+1 5 2
fe=(125)
-1 1 1

fl=(154) ./elf/./elf/libc_early_init.c
fn=(510) __libc_early_init
33 7 1 2 1 0 0 1
+2 1 0 1
cfi=(155) ./ctype/./ctype/ctype-info.c
cfn=(512) __ctype_init
calls=1 -6 
* 17 10 3 2 5 0 2
+3 1 1 0 1 1 0 1
fi=(157) ./elf/../sysdeps/nptl/pthread_early_init.h
-5 2
fe=(154)
+8 1 0 1 0 0 1 0 0 1
-3 1 0 1 0 0 1 0 0 1
fi=(157)
-5 1 0 1
cfi=(156) ./resource/../sysdeps/unix/sysv/linux/getrlimit64.c
cfn=(514) getrlimit
calls=1 +5 
* 10 1 0 1 0 0 1
* 3
+1 6 1
+11 1 1 0 1 1 0 1
fi=(287) ./elf/../nptl/nptl-stack.h
+13 3 2 0 0 1
fi=(157)
-13 1 1
fi=(287)
+13 2
fi=(157)
-4 1 0 1 0 0 1 0 0 1
fi=(287)
+4 2
fi=(157)
-6 1
fi=(287)
+6 1
fi=(157)
-12 1
+6 6 0 1 1 0 0 1
+1 1 0 1
+4 1 0 1
cfi=(158) ./nptl/./nptl/pthread_mutex_conf.c
cfn=(518) __pthread_tunables_init
calls=1 -7 
* 1016 328 150 16 14 13 16 0 2
fe=(154)
-10 3 2
+2 2 1
-2 1
cfi=(161) ./nptl/../sysdeps/unix/sysv/linux/x86/elision-conf.c
cfn=(532) __lll_elision_init
calls=1 +49 
* 147 31 13 3 10 1 3 5 1

fl=(195) ./setjmp/../sysdeps/x86_64/bsd-_setjmp.S
fn=(1344) _setjmp
28 121 0 0 3 0 0 1
+2 121
+2 121
cfi=(196) ./setjmp/../sysdeps/x86_64/setjmp.S
cfn=(1346) __sigsetjmp
calls=121 -2 
* 3751 847 1210 8 14 113 3 0 14

fl=(92) ./string/../sysdeps/x86_64/multiarch/memcpy.c
fn=(314) memcpy@@GLIBC_2.14
29 3 0 0 2 0 0 1
fi=(93) ./string/../sysdeps/x86_64/multiarch/ifunc-memmove.h
+24 9 6 0 0 1
-1 6
+4 9 3 0 0 1
+14 6
+2 6 0 0 2 0 0 1
+8 6
jcnd=3/3 +8 
* 
+8 6
jcnd=3/3 +2 
* 
+2 15 3 0 2 0 0 1
fe=(92)

fl=(116) ./string/../sysdeps/x86_64/multiarch/strcpy.c
fn=(374) strcpy
29 1 0 0 1 0 0 1
fi=(101) ./string/../sysdeps/x86_64/multiarch/ifunc-strcpy.h
+7 2 2
+1 1 1
-1 2
+1 2
jcnd=1/1 +2 
* 
+2 2 0 0 1 0 0 1
+4 3
+3 3
fe=(116)
-17 1 1

fl=(244) ./nptl/./nptl/pthread_join.c
fn=(1856) pthread_join@@GLIBC_2.34
23 120 0 0 2 0 0 1
+1 480 0 0 2 0 0 1
cfi=(245) ./nptl/./nptl/pthread_join_common.c
cfn=(1858) __pthread_clockjoin_ex
calls=120 +15 
* 43703 13287 7913 163 586 111 33 2

fl=(254) ./libio/./libio/filedoalloc.c
fn=(2042) _IO_file_doallocate
78 9 1 4 1 0 0 1
+6 4 2 0 1 1 0 1
fi=(216)
940 3
+2 2
+1 2
fe=(254)
84 3 1 1 0 1
cfi=(202)
cfn=(2044) _IO_file_stat
calls=1 1146 
* 18 2 0 4 0 0 4
* 2
+2 4 1 0 1 0 0 1
jcnd=1/1 +5 
* 
+11 4 1
+4 2 0 1
cob=(2)
cfi=(51)
cfn=(1460) 0x0000000004bac380
calls=1 0 
* 312 64 48 4 2
* 1
+1 2
+2 4 0 1
cfi=(201) ./libio/./libio/genops.c
cfn=(1648) _IO_setb
calls=1 329 
* 24 5 4 2
+1 1 0 0 1 0 0 1
+1 8 6
-15 1 1 0 1 0 0 1
fi=(288) ./libio/../include/sys/sysmacros.h
-44 6
fe=(254)
+44 1
-2 2
jcnd=1/1 -21 
* 
-21 1 1 0 1
+1 1 1
-1 1 1
+1 1 0 1
cfi=(257)
cfn=(2050)
calls=1 -45 
* 38 9 4 6 0 0 6
+1 1 0 1
+21 3
jump=1 +6 
* 

fl=(85) ./string/../sysdeps/x86_64/multiarch/strpbrk.c
fn=(298) strpbrk
29 1 0 0 1 0 0 1
fi=(286)
+1 5 2 0 1 1 0 1
fe=(85)
-1 1 1

fl=(205) ./string/../string/strstr.c
fn=(1480) __GI_strstr
77 16 0 12 2 0 0 1
+5 2 2 0 0 2 0 0 1
-5 6 2 2
+5 4
+2 8 0 2
cob=(2)
cfi=(51)
cfn=(1482) 0x0000000004bac600
calls=2 -84 
* 46 8 0 6 2 0 3
* 2 0 0 2 0 0 1
+1 4
jcnd=2/2 +44 
* 
+44 2 0 0 2 0 0 1
+32 24 18

fl=(282) ./posix/./posix/register-atfork.c
fn=(2274) __unregister_atfork
76 10 0 5 1 0 0 1
+1 5
-1 5
+1 15 0 5 0 0 1 0 0 1
fi=(283) ./posix/../malloc/dynarray-skeleton.c
243 5 5
fe=(282)
65 10
jcnd=5/5 +38 
* 
+38 20 5 5 1 0 0 1
+1 10 10

fl=(215) ./io/../sysdeps/unix/sysv/linux/close_nocancel.c
fn=(1646) __close_nocancel
25 2 0 0 2 0 0 1
+1 8
+1 2 2

fl=(175) ./malloc/./malloc/morecore.c
fn=(668) __glibc_morecore
25 23 0 0 6 0 0 1
+1 46 23
-1 23 0 0 7 0 0 1
+4 23 0 23
cfi=(176) ./misc/./misc/sbrk.c
cfn=(670) sbrk
calls=23 +8 
* 781 209 115 21 64 7 4
+1 46
+4 46 23

fl=(179) ./csu/../csu/libc-start.c
fn=(812) __libc_start_main@@GLIBC_2.34
242 12 0 6 1 0 0 1
343 3
+1 3 0 1
cfi=(171) ./stdlib/./stdlib/cxa_atexit.c
cfn=(624) __cxa_atexit
calls=1 69 
* 75 14 15 0 0 1 0 0 1
+25 6 2 1 1 0 0 1
+6 2 2
-3 2
jcnd=1/1 128 
* 
+10 2 1 1 1 1
cob=(2)
cfi=(51)
cfn=(1336) 0x0000000004bac6d0
calls=1 0 
* 968 315 144 8 34 0 3 4
+2 2
+8 4 0 1
cfi=(194) ./csu/../sysdeps/nptl/libc_start_call_main.h
cfn=(1342) (below main)
calls=1 29 
* 95226837 20899967 15871138 2713 217551 212498 1529 410 157547
128 2 2 0 1 0 0 1
+6 3 1 0 0 1
+1 6 2 2 0 1
cob=(2)
cfi=(51)
cfn=(814) 0x000000000010b000
calls=1 0 
* 7 2 0 1 1 0 1
* 1 1
+3 1 1 0 0 1
+1 2
+3 2 2 0 1 1 0 1
+1 2 2
-1 1
+2 7 0 1
jump=1 +1 
* 
* 4 2
+1 8 2 4
cob=(8)
cfi=(178)
cfn=(826) _GLOBAL__sub_I_main.cpp
calls=1 0 
* 105050 28678 13751 453 682 151 431 127 124
cob=(8)
cfi=(180) /build/gcc-11-0odw26/gcc-11-11.4.0/build/x86_64-linux-gnu/libgcc/../../../src/libgcc/config/i386/crtfastmath.c
cfn=(824) set_fast_math
calls=1 -61 
* 5 2 2 2 0 0 2
* 4 1 2
cob=(8)
cfi=(178)
cfn=(818) 0x0000000000003620
calls=1 0 
* 12 1 0 3 0 0 3
-1 9 3 0 3 0 0 1
jcnd=2/3 * 
* 
* 1
jump=1 382 
* 

fl=(217) ./time/../sysdeps/unix/sysv/linux/clock_gettime.c
fn=(1702) clock_gettime@@GLIBC_2.17
30 36 0 0 2 0 0 1
+8 72 72 0 0 61
+2 72
jcnd=36/36 +28 
* 
+28 72 0 0 2 0 0 1
+1 72
jcnd=36/36 -25 
* 
-25 36
+42 36 36

fl=(277) ./libio/./libio/iofflush.c
fn=(2218) fflush
32 10 0 0 1 0 0 1
+1 20
-1 30 0 30 1 0 0 1
+7 140 50 30 1 1 0 1
+1 10 10 0 0 1
fi=(216)
940 30
+2 20
+1 20
fe=(277)
40 20 10 10 0 1
cfi=(202)
cfn=(2220) _IO_file_sync@@GLIBC_2.2.5
calls=10 792 
* 330 109 55 16 1 0 15 1
* 20
fi=(216)
883 20 10
+1 90 30 30 1 0 0 1
fe=(277)
44 50 40

fl=(187) ./wcsmbs/./wcsmbs/btowc.c
fn=(986) btowc
32 512 0 256 1 0 0 1
+5 256
-5 3072 256 1024 1 0 0 1
+5 1536 0 0 1 0 0 1
+5 512
jcnd=128/256 +56 
* 
+4 384 384 0 0 1
fi=(188) ./wcsmbs/./wcsmbsload.h
+23 384 128 0 0 1
jcnd=128/128 +2 
* 
fe=(187)
-22 128 128 0 0 1
+2 128 128 0 0 1
-2 128 128 0 0 1
+2 128
jcnd=128/128 +5 
* 
+5 512 128
+3 256 0 128
cfi=(189)
cfn=(990)
calls=128 -21 
* 768 384 0 2 0 0 2
* 384 128 128
cfi=(190) ./iconv/./iconv/gconv_simple.c
cfn=(992) __gconv_btwoc_ascii
calls=128 -8 
* 768 128 0 2 0 0 2
+41 2304 1792 0 1 0 0 1
fi=(188)
-27 128 0 0 1 0 0 1
+1 128
-1 256
jfi=(187)
jcnd=128/128 -24 
* 
fe=(187)

fl=(230) ./misc/../sysdeps/unix/sysv/linux/clone-internal.c
fn=(1776) __clone_internal
49 240 0 120 6 0 0 1
+5 120
-5 480 0 240 1 0 0 1
+5 240
-5 120 0 120 0 0 6
+4 120 120
-4 240 0 120
+4 120 120 0 0 17
+1 120 0 120
cfi=(231)
cfn=(1778)
calls=120 -12 
* 1920 240 120 7 0 0 1
+1 480 120
jcnd=120/120 +5 
* 
+5 120 0 120 1 0 0 1
+23 840 360 120
-17 120 120
+15 120 120
-15 120 120
+15 120 120
+2 120 0 120
cfi=(232) ./misc/../sysdeps/unix/sysv/linux/x86_64/clone.S
cfn=(1780) clone
calls=120 -31 
* 2280 240 240 1 16 106 1 0 14
+5 240 240
+1 720 720 0 0 16

fl=(232)
fn=(1780)
52 120 0 0 1 0 0 1
+2 120
+1 120
+1 120
+3 120
+1 120
+3 120 0 120 0 0 106 0 0 14
+2 120
+4 120 0 120
+3 120
+1 120
+1 120
+1 120 120
+1 120
+5 120
+2 132
+1 132
+1 132
jcnd=12/132 +10 
* 
+2 120 120 0 0 16
+8 12
+3 12 12 0 1 2 0 1
+1 12 12
+1 12 0 12
cfi=(219) ./nptl/./nptl/pthread_create.c
cfn=(1784) start_thread
calls=12 336 
* 48865619 8771655 4338375 310 559373 583429 115 20 303

fl=(211) ./stdlib/../stdlib/strtol_l.c
fn=(1558) ____strtoul_l_internal
225 9 0 6 1 0 0 1
+54 3
-54 9 0 6 1 0 0 1
+19 3
-19 9 0 6
+14 3 3 0 0 2
-14 6 0 3
+26 6
+31 12
+9 18 9 0 1 4 0 1 1
jcnd=3/3 +2 
* 
+2 6
+5 6
-1 3 0 3
+6 6 0 0 1 0 0 1
+4 6
+10 6
jcnd=3/3 +7 
* 
+10 12
-82 3
372 9 3 0 0 2 0 0 1
+1 9 3 3 1 2 0 1 1
+4 3
+56 12
309 3 3 0 0 2
449 3
+10 9
-10 3 0 3
+10 3 3
+12 6 0 0 1 0 0 1
jump=3 -36 
* 
-5 8
jcnd=8/8 +5 
* 
+5 8
+1 24
-41 16 8
+2 16
jcnd=3/8 +44 
* 
* 10
+2 24
jcnd=8/8 +28 
* 
+28 24 0 0 1 0 0 1
+3 16
jcnd=8/8 * 
* 
+11 6
+5 9 3 0 1 0 0 1
+1 3 0 3
+12 6
+11 18 3
jump=3 +18 
* 
+18 27 21
324 6 0 0 1 0 0 1
jcnd=3/3 +3 
* 

fl=(105) ./string/../sysdeps/x86_64/multiarch/strcasecmp.c
fn=(346) strcasecmp
31 1
fi=(285)
+1 5 2 0 1 0 0 1
jfi=(105)
jcnd=1/1 -1 
* 
fe=(105)
-1 1 1

fl=(275) ./string/../sysdeps/x86_64/multiarch/memchr-avx2.S
fn=(2160) __memchr_avx2
60 2 0 0 1 0 0 1
+7 2
+2 2
+3 2
+1 2
+2 2
+1 2
+1 2
+1 2
+3 2 2
+1 2
+3 2
+1 2
jcnd=2/2 +12 
* 
+12 2 0 0 1 0 0 1
+5 2
+1 2
+1 2
+1 2
+1 4 2

fl=(281) ./stdlib/./stdlib/cxa_finalize.c
fn=(2272) __cxa_finalize
30 10 0 5 1 0 0 1
+3 10
-3 35 0 25
+3 20 0 5 1 0 0 1
+3 15 5
+4 40 5
jcnd=5/5 +1 
* 
* 108
jcnd=4/36 -4 
* 
+1 90 45 0 1 3 0 1
jcnd=36/45 -1 
* 
* 18 9
+2 9 9
+36 9 9
-3 9 0 9
+6 9
-37 9 9
+34 18 9 0 1 0 0 1
+3 27 9 9
+1 27 0 9
cob=(7)
cfi=(170)
cfn=(2342)
calls=1 -83 
* 8 2 1 1 0 0 1
cob=(7)
cfi=(170)
cfn=(2334)
calls=1 -83 
* 824 250 134 4 10 0 1
cob=(7)
cfi=(170)
cfn=(2332)
calls=1 -83 
* 2 1 0 1 0 0 1
cob=(7)
cfi=(170)
cfn=(2330)
calls=1 -83 
* 2 1
cob=(7)
cfi=(170)
cfn=(2328)
calls=1 -83 
* 2 1 0 1 0 0 1
cob=(7)
cfi=(170)
cfn=(2326)
calls=1 -83 
* 2 1 0 1 0 0 1
cob=(7)
cfi=(170)
cfn=(2324)
calls=1 -83 
* 2 1
cob=(7)
cfi=(170)
cfn=(2322)
calls=1 -83 
* 2 1
cob=(7)
cfi=(170)
cfn=(2320)
calls=1 -83 
* 2 1 0 1 0 0 1
+1 36 0 9
+4 18 9
-48 27
jcnd=8/9 +1 
* 
* 1
-4 15 5 0 1 0 0 1
+58 20 5 0 0 1
+4 30 5 0 0 1 0 0 1
jcnd=5/5 -4 
* 
-4 15 5 0 1 0 0 1
+11 10
+1 10 0 5
cfi=(282)
cfn=(2274)
calls=5 -30 
* 80 20 15 2 0 1 2 0 1
+1 20 5 5
+1 40 35 0 1 0 0 1

fl=(158)
fn=(518)
50 2 0 1 1 0 0 1
+1 2
-1 4 1 1 1 0 0 1
+1 3 0 1
cob=(2)
cfi=(51)
cfn=(520) 0x0000000004bac650
calls=1 -51 
* 972 318 145 14 13 13 14 0 2
+2 4 0 1
cob=(2)
cfi=(51)
cfn=(520)
calls=1 -53 
* 23 5 1 0 1
+2 6 4

fl=(252) ./misc/../sysdeps/unix/sysv/linux/writev.c
fn=(2020) writev
25 1 0 0 1 0 0 1
+1 3 1
jcnd=1/1 -1 
* 
-1 4 0 3
+1 1 0 1
cfi=(248) ./nptl/./nptl/cancellation.c
cfn=(1874) __pthread_enable_asynccancel
calls=1 +5 
* 13 5 1
* 11 3 2 1 0 0 1
cfi=(248)
cfn=(1876) __pthread_disable_asynccancel
calls=1 +30 
* 6 2 1
* 1 1
+1 2 1

fl=(213) ./string/../sysdeps/x86_64/multiarch/memset-vec-unaligned-erms.S
fn=(1572) __memset_avx2_unaligned_erms
181 6840 0 0 2 0 0 1
+1 20520
+5 6840
+1 6840
jcnd=19/6840 365 
* 
+1 6821
+1 6821
jcnd=6817/6821 +69 
* 
+3 4 0 4
+1 4 0 4
+1 8 4
+64 6817 6817 0 1 0 0 1
+1 6817
jcnd=35/6817 +88 
* 
+23 6782 0 6782 0 0 138 0 0 5
+1 6782 0 6782 0 0 154 0 0 5
+5 6782
+3 6782
+1 6782
+3 6782 0 6782 0 0 158 0 0 5
+1 6782 0 6782 0 0 150 0 0 5
+13 6782
+1 6782
+2 6782
jcnd=4/6782 +18 
* 
+3 6778
+3 6778
+3 6778 0 6778 2 0 17 1 0 2
+1 6778 0 6778
+1 6778 0 6778 0 0 305 0 0 10
+1 6778 0 6778
+1 6778
+1 6778
+1 6778
jcnd=6658/6778 -6 
* 
-6 46852 0 46852 0 0 1169 0 0 27
+1 46852 0 46852
+1 46852 0 46852 0 0 1165 0 0 27
+1 46852 0 46852
+1 46852
+1 46852
+1 46852
jcnd=40194/46852 -6 
* 
* 6778
+3 6778 0 6778 0 0 26 0 0 1
+1 6778 0 6778 0 0 33 0 0 4
+1 6778 0 6778 0 0 13 0 0 1
+1 6778 0 6778
+3 13556 6778
-6 4 0 4 0 0 1
+1 4 0 4
+1 4 0 4 0 0 2
+1 4 0 4
+3 8 4
+11 35 0 0 4 0 0 1
+1 35
+1 35
+1 35 0 35
jcnd=35/35 * 
* 
* 7536503 0 7536468 0 0 117702 0 0 110742
jcnd=7536468/7536503 * 
* 
+1 35
+1 70 35 0 0 23
+12 19 0 0 1
+1 19
jcnd=12/19 +28 
* 
+2 7
+1 7
+1 7
jcnd=7/7 +32 
* 
+24 12 0 12 1 0 3 1 0 1
+1 12 0 12
+1 24 12
+6 7 0 7 1
+1 7 0 7
+1 14 7

fl=(276) ./stdlib/./stdlib/exit.c
fn=(2202) __run_exit_handlers
40 11 0 7 1 0 0 1
+5 2
jcnd=1/1 +1 
* 
+3 5 0 1 1 0 1 1
+50 1
-42 1 1 0 0 1
+2 3
+8 27 3 0 0 1
jcnd=1/9 +58 
* 
+2 11
+3 11
-3 11 0 11
+3 66 11 0 1 2 0 1
jcnd=2/11 +34 
* 
* 18
jcnd=9/9 -5 
* 
+34 2 0 0 1 0 0 1
+1 2 2
+1 2 2
-2 2 0 2
+7 2
-3 4 2 0 1 0 0 1
+3 6 2 2
+1 6 0 2
cob=(1) /usr/lib/x86_64-linux-gnu/ld-linux-x86-64.so.2
cfi=(280) ./elf/./elf/dl-fini.c
cfn=(2262) _dl_fini
calls=1 -82 
* 2861 802 424 89 68 6 41 1 1
cob=(7)
cfi=(170)
cfn=(2204)
calls=1 0 
* 7436 2428 1206 52 117 1 51 15
+1 8 0 2
jcnd=2/2 -48 
* 
+10 2 1 1 1 0 0 1
+1 2
-63 1 0 1
+69 4 1 1
+2 2 1
+1 6 1 1 1 1 0 1
cfi=(201)
cfn=(2390) _IO_cleanup
calls=1 863 
* 365 97 85 24 5 0 24 1
* 3
+2 2 0 1
cfi=(284) ./posix/../sysdeps/unix/sysv/linux/_exit.c
cfn=(2402) _Exit
calls=1 27 
* 7 1 0 1 1 0 1
-90 1 0 1
cfi=(235) ./stdlib/./stdlib/cxa_thread_atexit_impl.c
cfn=(1818) __call_tls_dtors
calls=1 149 
* 12 5 2 2
* 1
jump=1 +2 
* 

fn=(2200) exit
142 3 1 1 1 0 0 1
+1 3 0 0 1 0 0 1
-1 1
+1 1 0 1
cfn=(2202)
calls=1 40 
* 10906 3360 1750 175 196 8 124 17 1

fl=(174) ./stdlib/../sysdeps/unix/sysv/linux/getrandom.c
fn=(656) getrandom
28 1 0 0 1 0 0 1
+1 7 1 0 1 0 0 1
+1 1 1

fl=(284)
fn=(2402)
27 2 1 0 1 1 0 1
+3 1
+1 2
jump=1 -1 
* 

fl=(267) ./stdlib/./stdlib/mul.c
fn=(2128) __mpn_mul
48 17 1 9 2 0 1 2
+6 2
+12 2
jcnd=1/1 +5 
* 
+76 11 9
-71 1 1
+1 2 0 0 1 0 0 1
jcnd=1/1 +9 
* 
+9 1 0 1 1 0 1 1
cfi=(268) ./stdlib/../sysdeps/x86_64/mul_1.S
cfn=(2130) __mpn_mul_1
calls=1 -50 
* 33 4 3 4 0 0 4
+2 3 1 1
+1 1 0 0 1 0 0 1
+4 2
jcnd=1/1 +54 
* 

fl=(200) ./libio/./libio/iofopen.c
fn=(1458) fopen@@GLIBC_2.2.5
85 12 0 6 2 0 0 1
-20 2 0 0 2 0 0 1
+20 4 0 2
-20 2 0 2
cob=(2)
cfi=(51)
cfn=(1460)
calls=2 -65 
* 230 47 34 3 6 1 1 0 1
+2 6
+3 2
+2 4
-2 2 0 2 0 0 2 0 0 1
+2 10 0 2 2 0 0 1
cfi=(201)
cfn=(1462) _IO_no_init
calls=2 563 
* 110 16 54 8 2 9 4 1 4
+1 2
+1 2
-1 2 0 2
+1 2 0 2
cfi=(202)
cfn=(1466) _IO_new_file_init_internal
calls=2 +32 
* 226 66 76 20 6 0 10 1
+1 10 0 2
cfi=(202)
cfn=(1474) _IO_file_fopen@@GLIBC_2.2.5
calls=2 213 
* 470 116 77 41 10 0 21 4
* 4
-38 4 2
jcnd=2/2 +50 
* 
+50 14 10 0 2 0 0 1

fl=(260) ./libio/./libio/strops.c
fn=(2106) _IO_str_init_static_internal
36 28 0 12 2 0 0 2
+4 4
jcnd=2/2 +2 
* 
+6 10 0 2
cfi=(201)
cfn=(1648)
calls=2 329 
* 48 10 8
+5 6 0 0 1 0 0 1
-1 8 2
+14 2 0 2
-14 12 0 6
+15 14 12
-23 2 0 0 1 0 0 1
+1 10
jump=2 +3 
* 

fl=(265) ./stdlib/../sysdeps/x86_64/lshift.S
fn=(2122) __mpn_lshift
28 2 0 0 1 0 0 1
+1 2
+1 2
+2 2
+1 2
+1 2
jcnd=2/2 +12 
* 
+12 2 0 0 1 0 0 1
+1 2
+1 2 2
+1 2
+1 2
+1 2
+1 2
jcnd=2/2 +6 
* 
+6 2
+1 2 0 2
+1 2 2

fl=(182) ./nptl/./nptl/cleanup_compat.c
fn=(884) _pthread_cleanup_push@@GLIBC_2.34
25 122 0 0 10 0 0 1
+3 122 0 122
+1 122 0 122
+1 244 122 122 0 2
+2 122 0 122
+1 122 122

fn=(900) _pthread_cleanup_pop@@GLIBC_2.34
40 122 0 0 3 0 0 1
+3 244 122 122
+4 244
jcnd=122/122 +2 
* 
+2 122 122

fl=(214) ./libio/./libio/iofclose.c
fn=(1634) fclose@@GLIBC_2.2.5
34 10 0 6 1 0 0 1
+14 6 2 0 2 1 0 1
jcnd=2/2 +1 
* 
fi=(216)
883 4
+1 6 2 2
jcnd=2/2 * 
* 
fe=(214)
57 2 2
fi=(216)
940 6 0 0 2 0 0 1
+2 4
+1 4
fe=(214)
57 6 2 2 0 1
cfi=(202)
cfn=(1652) _IO_file_finish@@GLIBC_2.2.5
calls=2 168 
* 58 18 6 10 0 0 5
+1 6 2
+13 4 2
jfi=(216)
jcnd=2/2 855 
* 
fi=(216)
855 8 4 0 0 1
+1 8 2 0 0 2
+6 4 0 2
cob=(2)
cfi=(51)
cfn=(1656) 0x0000000004bac370
calls=2 0 
* 182 58 30 3 4 0 1
fe=(214)
76 10 8
-27 2 0 2 2 0 0 1
cfi=(201)
cfn=(1636) _IO_un_link
calls=2 +4 
* 216 62 62 18 7 0 8
+2 24 10 2 2 0 0 1
+1 2 2
-1 4 0 4
fi=(216)
883 4
fe=(214)
52 4 0 0 2 0 0 1
+1 4 0 2
cfi=(202)
cfn=(1640) _IO_file_close_it@@GLIBC_2.2.5
calls=2 +75 
* 200 46 36 20 4 0 11
fi=(216)
883 2 2
fe=(214)
53 2
fi=(216)
883 4
jump=2 * 
* 
+1 8 2 4
jfi=(214)
jcnd=2/2 57 
* 
fe=(214)

fl=(220) ./signal/../sysdeps/unix/sysv/linux/libc_sigaction.c
fn=(1740) __libc_sigaction
43 6 1 1 2 0 0 2
+5 2
+2 1 1
+1 1 1
+7 1
-7 4 4
-1 1 0 1 1 0 0 1
+3 1 1
-2 5 3 2
+7 1
-5 1
-2 1 0 1
+2 1
-2 1 0 1
+2 3 0 2 1 0 0 1
+5 3
-7 4 0 4
+7 6 0 0 1 0 0 1
+5 2
jcnd=1/1 +8 
* 
+8 6 3 0 2 0 0 2

fl=(248)
fn=(1874)
31 17 0 0 2 0 0 1
+1 17 17
+2 51 17 0 3 14 0 1
+1 17 0 17
+2 17 17 0 0 1
+2 34 17
+3 51
+7 17 17

fn=(1876)
56 17 0 0 7 0 0 1
+3 34
+4 34 17 17
+1 17 17

fl=(106) ./string/../sysdeps/x86_64/multiarch/strcspn.c
fn=(348) strcspn
29 1 0 0 1 0 0 1
fi=(286)
+1 5 2 0 1 0 0 1
fe=(106)
-1 1 1

fl=(199) ./string/../sysdeps/x86_64/multiarch/memmove-vec-unaligned-erms.S
fn=(1362) __memcpy_avx_unaligned_erms
307 8067 0 0 9 0 0 1
+1 8067
+6 8067
+1 8067
jcnd=263/8067 +42 
* 
+2 7804 7804 0 0 1747
+1 7804
+1 7804
jcnd=7706/7804 438 
* 
+3 98 98
+1 98 0 98
+1 98 0 98
+3 196 98
+30 263
+1 263
jcnd=57/263 +36 
* 
+2 206
+1 206
jcnd=59/206 +55 
* 
+2 147
+4 147
jcnd=50/147 +16 
* 
+1 97 0 0 1
+1 97
+1 97 97
+1 97
jcnd=48/97 +4 
* 
+1 49 49
+1 49 0 49
+2 49 0 49
+2 49 49
-2 48 0 48
+2 48 48
+6 50 50 0 1 1 0 1
+1 50 50
+1 50 0 50
+1 50 0 50
+1 50 50
+7 57 57 0 2 2 0 0 1
+1 57 57
+1 57 0 57
+1 57 0 57
+2 57 57
+17 59 59 0 2 0 0 1
+1 59 59
+1 59 0 59 0 0 2 0 0 2
+1 59 0 59
+1 59 59
+7 45 45 0 0 2
+1 45 45
+1 45 0 45 0 0 3 0 0 1
+1 45 0 45
+1 45 0 45 0 0 32
+1 45 0 45
+1 90 45
+5 7706 7706 0 3 6 0 1
+1 7706
jcnd=50/7706 653 
* 
+5 7656
+1 7656
jcnd=7378/7656 +24 
* 
+2 278 278 0 0 129
+1 278
+1 278
jcnd=45/278 -22 
* 
+2 233 233 0 0 68
+1 233 233 0 0 128
+1 233 233 0 0 192
+1 233 233
+1 233 233 0 0 68
+1 233 233
+1 233 0 233 0 0 16
+1 233 0 233 0 0 61 0 0 1
+1 233 0 233 0 0 17
+1 233 0 233 0 0 61 0 0 1
+1 233 0 233 0 0 108 0 0 1
+1 233 0 233 0 0 45
+1 233 0 233 0 0 1
+1 233 0 233
+1 466 233
+4 7378 0 0 2 0 0 1
+1 7378
+4 7378
+2 7378 0 0 3 0 0 1
+4 7378 7378 0 0 163
+1 7378
+11 7378
+3 7378
+2 7378
+2 7378
+4 7378
+1 7378
jcnd=1283/7378 +66 
* 
+9 6095 6095 0 0 2253 0 0 1
+1 6095 6095 0 0 336 0 0 1
+2 6095
+2 6095
+1 6095 6095 0 3 1920 0 1
+1 6095 6095 0 0 336 0 0 1
+3 6095
+2 6095
+2 6095
+2 12190
+6 6095 6095 0 0 278
+1 6095 6095 0 0 1661 0 0 1
+1 6095 6095 0 0 696
+1 6095 6095 0 0 1660 0 0 1
+1 6095
+1 6095 0 6095 0 0 418 0 0 19
+1 6095 0 6095 0 0 753 0 0 14
+1 6095 0 6095 3 0 57 1 0 17
+1 6095 0 6095 0 0 752 0 0 14
+1 6095
+1 6095
+1 6095
jcnd=6094/6095 -11 
* 
-11 37387 37387 0 0 3390
+1 37387 37387 0 0 11680 0 0 61
+1 37387 37387 0 0 2749
+1 37387 37387 0 0 10024 0 0 61
+1 37387
+1 37387 0 37387 0 0 330 0 0 206
+1 37387 0 37387 0 0 2899 0 0 105
+1 37387 0 37387 0 0 330 0 0 206
+1 37387 0 37387 0 0 2904 0 0 104
+1 37387
+1 37387
+1 37387
jcnd=31293/37387 -11 
* 
+2 6095 0 6095 0 0 853 0 0 21
+1 6095 0 6095 0 0 44 0 0 4
+1 6095 0 6095
+1 6095 0 6095
+2 6095 0 6095
+4 12190 6095
+13 1283 1283 0 0 2
+1 1283 1283 0 0 97
+2 1283 0 0 5 0 0 1
+1 1283 1283 0 0 2
+1 1283 1283 0 0 82
+2 1283
+2 1283
+2 2566
+6 1283 1283
+1 1283 1283 0 0 83
+1 1283 1283
+1 1283 1283 0 0 98
+1 1283
+1 1283 0 1283 0 0 37 0 0 4
+1 1283 0 1283 9 0 17 1 0 1
+1 1283 0 1283 0 0 20 0 0 3
+1 1283 0 1283 0 0 17 0 0 1
+1 1283
+1 1283
+1 1283
jcnd=1283/1283 -11 
* 
-11 15629 15629
+1 15629 15629 0 0 650
+1 15629 15629
+1 15629 15629 0 0 553
+1 15629
+1 15629 0 15629 0 0 272 0 0 26
+1 15629 0 15629 0 0 33 0 0 1
+1 15629 0 15629 0 0 272 0 0 26
+1 15629 0 15629 0 0 32
+1 15629
+1 15629
+1 15629
jcnd=14346/15629 -11 
* 
+2 1283 0 1283 0 0 16
+1 1283 0 1283 0 0 19 0 0 2
+1 1283 0 1283
+1 1283 0 1283
+2 1283 0 1283 0 0 1 0 0 1
+1 2566 1283
+9 50 50 0 1 24 0 1
+7 50
+1 50
jcnd=22/50 +73 
* 
+6 28
+3 28
+2 28
+3 28
+1 28
+2 28
+2 28 28 28 0 7 24 0 0 22
jcnd=28/28 * 
* 
* 2816912 2816884 2816884 0 43997 44004 0 0 42452
jcnd=2816884/2816912 * 
* 
+2 28 0 28 0 0 27 0 0 3
+2 28 0 28 0 0 12
+2 56 28 0 0 28
+5 50 0 0 2 0 0 1
+1 50
+4 50
+2 50
+3 50
+4 50 50 0 0 37
+1 50
+3 50 50
+1 50
jcnd=50/50 -57 
* 
+24 22
+2 22
+2 22
+2 22 0 0 1 0 0 1
+3 22
+1 22
+2 22 22 22 0 0 17 0 0 13
jcnd=22/22 * 
* 
* 354207 354185 354185 0 5299 5520 0 0 3217
jcnd=354185/354207 * 
* 
+3 22 0 22 0 0 16
+2 22 0 22
+2 44 22 0 0 21

fn=(2148) __mempcpy_avx_unaligned_erms
294 20 0 0 1 0 0 1
+1 20
+1 20
+1 20
jump=20 +17 
* 
+17 20
+1 20
jcnd=20/20 +42 
* 
+42 20
+1 20
+2 20
+1 20
jcnd=4/20 +55 
* 
+2 16
+4 16
jcnd=6/16 +16 
* 
+1 10
+1 10
+1 10 10
+1 10
jcnd=6/10 +4 
* 
+1 4 4
+1 4 0 4
+2 4 0 4
+2 4 4
-2 6 0 6
+2 6 6
+6 6 6
+1 6 6
+1 6 0 6 0 0 1
+1 6 0 6
+1 6 6
+29 4 4 0 0 1 0 0 1
+1 4 4
+1 4 0 4
+1 4 0 4
+1 4 4

fl=(229) ./nptl/./nptl/nptl-stack.c
fn=(1890) __nptl_stack_list_del
27 56
+1 112 56 56
fi=(289) ./nptl/../include/list.h
+27 168 112 56 0 0 28
+1 56 0 56
fe=(229)
-20 56 0 56
+1 56 56

fn=(1770) __nptl_stack_list_add
42 120 0 0 1 0 0 1
+1 1080 240 240 1 0 64 1 0 14
fi=(289)
+2 120 0 120 0 0 16
+2 120 0 120
fe=(229)
+4 120 0 120
+1 120 120

fn=(1864) __nptl_free_stacks
57 300 0 180
+7 60 60 0 1 0 0 1
-7 120 0 120
+7 300 120
jcnd=60/60 +5 
* 
+5 180 60
-41 60 0 60 1 0 0 1
fi=(289)
+27 180 120 60
+1 60 0 60 0 0 2
fe=(229)
+22 60
-3 60 60
-7 60
+7 60 60 0 0 14
-39 60 0 60
+39 60 0 60
+3 60 0 60 8 0 0 1
cob=(2)
cfi=(51)
cfn=(1866) 0x0000000004bac4f0
calls=60 -78 
* 23295 7649 2765 37 310 4 10 2
+4 180 120 60
cfi=(226) ./misc/../sysdeps/unix/syscall-template.S
cfn=(1810) munmap
calls=60 +35 
* 360 60 0 5
* 120
+4 120 60
+4 360 360

fn=(1862) __nptl_deallocate_stack
111 240 0 120 2 0 0 1
+1 120
-1 120
+1 120
-1 240 0 120
+1 360 120 120
+4 120
-88 120 0 120
fi=(289)
+27 360 240 120 2 0 0 1
+1 120 0 120 0 0 105
fe=(229)
+66 120 120
-86 120 0 120
+86 120
-79 480 120 120
fi=(289)
+1 240 0 120 8 0 0 1
-1 120 0 120
+2 120 0 120
+2 120 0 120
fe=(229)
+57 120 120
-1 120 120
-52 120 0 120
+52 240 120 120
+1 240 0 0 8 0 0 1
jcnd=60/120 +2 
* 
+24 480 120 120
+1 480 360
-23 60 0 60 6 0 0 1
cfn=(1864)
calls=60 -49 
* 26115 8729 3485 52 324 6 13 2
* 60
jump=60 +22 
* 

fl=(110) ./string/../sysdeps/x86_64/multiarch/memcmp.c
fn=(358) bcmp
29 2 0 0 2 0 0 1
fi=(111) ./string/../sysdeps/x86_64/multiarch/ifunc-memcmp.h
+5 4 4
+1 2 2 0 0 1
-1 4
+1 4
jcnd=2/2 +1 
* 
+1 4 0 0 2 0 0 1
+1 6 2
+2 4
+4 6
+3 6 0 0 2 0 0 1
fe=(110)
-17 2 2

fl=(112) ./wcsmbs/../sysdeps/x86_64/multiarch/wmemset.c
fn=(362) wmemset
31 2 0 0 1 0 0 1
fi=(113) ./wcsmbs/../sysdeps/x86_64/multiarch/ifunc-wmemset.h
+2 10 4
+1 6 2
+2 4
+8 6
+3 8 0 0 1 0 0 1
fe=(112)
-16 2 2

fl=(156)
fn=(514)
38 2 0 0 1 0 0 1
+1 7
+1 1 1

fl=(185) ./locale/./locale/uselocale.c
fn=(974) uselocale
30 6 0 0 2 0 0 1
+1 18 12 0 0 3
+2 12
+3 12
+1 6 0 6
+28 18 12 6 0 5
+1 18 12 6 2 0 0 1
+2 18 12 6 0 1
+4 18
+1 6 6

fl=(219)
fn=(1784)
336 96 12 48 1 2 12 1 0 10
+7 24 12 0 0 2
jcnd=12/12 +22 
* 
+22 48 24 12 1 2 2 1
+3 12 0 12
cfi=(155)
cfn=(512)
calls=12 29 
* 204 120 36 2 10
+4 12 12 0 0 2
fi=(234) ./nptl/../sysdeps/unix/sysv/linux/rseq-internal.h
32 36 0 0 1 0 0 1
+8 12 0 12 0 0 11 0 0 10
fe=(219)
373 24
+10 60 12
+17 24 0 12 1 0 0 1
cfi=(195)
cfn=(1344)
calls=12 28 
* 408 84 120 3 2 12 0 0 10
* 12
+14 12
+4 12 12
-18 12
+14 12 0 12
+4 48 12 12
+3 24
+3 24 0 12
+2 12 12
fi=(290) ./nptl/../sysdeps/unix/sysv/linux/internal-signals.h
110 48 0 0 1 0 0 1
fe=(219)
426 12
fi=(290)
110 12
fe=(219)
428 12
+4 24 12 0 0 2
jcnd=12/12 +10 
* 
+11 12 0 12 0 0 2
+7 12 0 12 1 0 0 1
cfi=(235)
cfn=(1818)
calls=12 149 
* 144 60 24 2 0 0 2
+3 12 0 12
cfi=(236) ./nptl/./nptl/nptl_deallocate_tsd.c
cfn=(1820) __nptl_deallocate_tsd
calls=12 23 
* 72 24 0 3 0 0 3
+3 12 0 12
cfi=(237) ./malloc/./malloc/thread-freeres.c
cfn=(1822) __libc_thread_freeres
calls=12 34 
* 9440 2980 792 31 24 1 27 10
+3 36 24
+31 24 24 12 0 2
+2 48 12 12 0 1
fi=(243) ./nptl/../sysdeps/unix/sysv/linux/sigsetops.h
112 12 12 0 1 0 0 1
fe=(219)
506 36
fi=(243)
112 24 0 12 0 0 3
fe=(219)
505 12
+1 24
+7 60 0 12 1 0 0 1
+1 12 12
+1 12
-1 12 0 12
+1 36 12 12
+35 36 24
fi=(223) ./nptl/./nptl/allocatestack.c
190 12 0 12
cfi=(224) ./misc/../sysdeps/unix/sysv/linux/getpagesize.c
cfn=(1748) getpagesize
calls=12 27 
* 72 36
fe=(219)
551 12 12
fi=(223)
190 12
+2 12 0 0 1 0 0 1
fe=(219)
551 12 12 0 0 3
fi=(223)
192 48
+1 24 12
+1 24
jcnd=12/12 +1 
* 
fe=(219)
554 36 24 0 0 2
+17 36 24 0 1 0 0 1
jcnd=12/12 +23 
* 
+23 60
442 36 36 12 2 2 0 2
cob=(7)
cfi=(170)
cfn=(1788)
calls=12 0 
* 10728872 2107778 1052188 46 12372 65673 40 0 114
* 12
jump=12 +1 
* 
fi=(223)
195 48 0 12 1 0 0 1
cfi=(226)
cfn=(1844) madvise
calls=12 -78 
* 72 12 0 2 0 0 2
* 12
jfi=(219)
jump=12 554 
* 
fi=(232)
83 8
+1 8
+1 8
jcnd=8/8 +10 
* 
+10 8
+3 8 8 0 0 3
+1 8 8
+1 8 0 8
cfi=(219)
cfn=(1785) start_thread'2
calls=8 336 
* 38124827 6660185 3284919 208 546942 517713 28 10 159
fe=(219)

fn=(1785)
336 864 108 432 0 11 101 0 0 4
+7 216 108 0 0 11
jcnd=108/108 +22 
* 
+22 432 216 108 0 7 11
+3 108 0 108
cfi=(155)
cfn=(512)
calls=108 29 
* 1836 1080 324 7 56
+4 108 108 0 0 12
fi=(234)
32 324 0 0 6
+8 108 0 108 0 0 64 0 0 4
fe=(219)
373 216
+10 540 108
+17 216 0 108 5
cfi=(195)
cfn=(1344)
calls=108 28 
* 3672 756 1080 4 11 101 0 0 4
* 108
+14 108
+4 108 108
-18 108
+14 108 0 108
+4 432 108 108
+3 216
+3 216 0 108
+2 108 108
fi=(290)
110 432
fe=(219)
426 108
fi=(290)
110 108
fe=(219)
428 108
+4 216 108 0 0 11
jcnd=108/108 +10 
* 
+11 108 0 108 0 0 14
+7 108 0 108
cfi=(235)
cfn=(1818)
calls=108 149 
* 1296 540 216
+3 108 0 108
cfi=(236)
cfn=(1820)
calls=108 23 
* 648 216 0 14
+3 108 0 108
cfi=(237)
cfn=(1822)
calls=108 34 
* 90288 28350 7902 35 373 15 0 4
+3 324 216
+31 216 216 108 0 14
+2 432 108 108 0 14
fi=(243)
112 108 108
fe=(219)
506 324
fi=(243)
112 216 0 108 0 0 25
fe=(219)
505 108
+1 216
+7 540 0 108
+1 108 108
+1 108
-1 108 0 108
+1 324 108 108
+35 324 216
fi=(223)
190 108 0 108
cfi=(224)
cfn=(1748)
calls=108 27 
* 648 324 0 0 28
fe=(219)
551 108 108
fi=(223)
190 108
+2 108
fe=(219)
551 108 108 0 0 26
fi=(223)
192 432
+1 216 108
+1 216
jcnd=108/108 +1 
* 
fe=(219)
554 324 216 0 0 1
+17 324 216 0 0 1
jcnd=108/108 +23 
* 
+23 540
442 324 324 108 1 11
cob=(7)
cfi=(170)
cfn=(1788)
calls=108 0 
* 38012023 6625371 3272705 136 546347 517382 28 6 147
* 108
jump=108 +1 
* 
fi=(223)
195 432 0 108
cfi=(226)
cfn=(1844)
calls=108 -78 
* 648 108
* 108
jfi=(219)
jump=108 554 
* 
fi=(232)
83 100
+1 100
+1 100
jcnd=100/100 +10 
* 
+10 100
+3 100 100 0 0 8
+1 100 100
+1 100 0 100
cfi=(219)
cfn=(1785)
calls=100 336 
* 95020690 17704146 8349781 519 1613857 1570228 21 8 92
fe=(219)

fn=(1738) pthread_create@@GLIBC_2.34
621 960 0 720 1 0 1 1
+6 120 120 0 0 2
-6 840 120 600 1 1 8 1
+6 240 120 0 0 24
jcnd=1/120 81 
* 
+10 480 120
+2 360 0 120 0 0 7
cfi=(221)
cfn=(1742)
calls=120 24 
* 7200 2400 2160 9 24 72 6 0 1
* 120
+1 240
+2 240 0 120
jfi=(223)
jump=120 220 
* 
fi=(223)
220 120 0 120 1 0 0 1
cfi=(224)
cfn=(1748)
calls=120 27 
* 720 360 0 2 11 0 1
fi=(225) ./nptl/./nptl-stack.h
58 120
fi=(223)
220 240
fi=(225)
58 120 120
fi=(223)
220 120
fi=(225)
58 960 240 120 1 24 0 1
fi=(223)
224 240
+5 360 120
+10 240 120
+94 360 240 0 0 48
+4 240
+10 720 120 120 1 0 0 1
+4 240
jfi=(219)
jcnd=120/120 893 
* 
fe=(219)
889 240 120 0 0 16
+1 240 0 120
cfi=(233) ./nptl/./nptl/pthread_attr_destroy.c
cfn=(1782) pthread_attr_destroy
calls=120 26 
* 720 240 0 6 2 0 1
+3 2400 1080 120 2 32 21 2
fi=(223)
351 240
+5 360 120
+1 120
-2 240
63 480 0 120 0 0 24
333 120
71 120 120 0 1 24 0 1
333 240
-1 240 0 120
71 360
jcnd=64/120 +25 
* 
-11 168 56
jump=56 +16 
* 
+16 336 112 0 1 63 0 1
-1 56
+3 56
jcnd=56/56 +2 
* 
+15 224 112 0 1 0 0 1
+9 56 0 56 0 0 42
+3 280 0 112
cfi=(229)
cfn=(1890)
calls=56 -78 
* 504 224 224 0 0 28
+3 168 0 56 1 0 0 1
cfi=(229)
cfn=(1770)
calls=56 -66 
* 784 168 280 0 0 14
+3 168 112 56
+3 224 56 56
+3 56 56
+18 56 56 0 0 43
-12 56
-1 56 0 56 1 0 42 1
+1 56 0 56
+9 56
-15 56 0 56
+19 56 56 0 0 42
-18 56 56
+3 56 0 56 0 0 42
+3 56 0 56
-6 56 0 56
+7 56 0 56 1 0 0 1
+3 56 0 56 0 0 42
+3 56 0 56
+1 56 0 56 0 0 42
+4 112
+1 280 56 56 0 23
cob=(2)
cfi=(51)
cfn=(1656)
calls=56 0 
* 336 112
* 4200 840 840 0 152
cob=(2)
cfi=(51)
cfn=(1656)
calls=840 0 
* 5040 1680
-1 2688 896
jcnd=840/896 +1 
* 
+2 280 0 56
cob=(2)
cfi=(51)
cfn=(1764) 0x0000000004bac670
calls=56 0 
* 2128 168 672 1 21
+3 168 0 56
cob=(2)
cfi=(51)
cfn=(1892) 0x0000000004bac6a0
calls=56 0 
* 17697 4267 2508 65 344 148 2 3
478 360 240 0 1 0 0 1
+29 600 360 0 1 0 0 1
+38 120 120
fe=(219)
747 120
fi=(223)
545 120 0 120
+15 120
fe=(219)
666 120 0 120
fi=(223)
-90 120 120
-16 120
+11 240 120
-21 120 0 120 2 0 0 1
+21 120
fe=(219)
675 120 120
fi=(223)
560 120
-5 120 0 120
+21 120
fe=(219)
+93 120 0 120
+12 120 120
-6 120 0 120 0 0 64 0 0 14
+1 120 120
-40 120 120
fi=(223)
-76 120 0 120 2 0 0 1
fe=(219)
681 120
-4 120 0 120 0 0 64 0 0 14
+4 120
-5 120 0 120
fi=(223)
558 120 0 120
fe=(219)
680 120 120
+2 360 120 0 0 24
+4 120 120 0 0 24
-5 120 0 0 2 0 0 1
+14 120 120 0 0 24
-14 360
+11 240
+3 120 0 120
-3 120
-11 120 0 120 0 0 64 0 0 14
+11 120 0 120
+3 240 120 120
+5 120 120 0 2 24 0 1
+1 120 120
-1 120 0 120
+1 120 0 120
+4 240 120 120
+5 240 120 120
fi=(291) ./nptl/../sysdeps/x86/nptl/tls-setup.h
22 240 120 120 0 24 106 0 0 14
fe=(219)
722 240 0 0 8 0 0 1
+21 240 120 0 0 9
jcnd=79/120 +92 
* 
+4 240 120 120
+2 120
+10 120 120 120
fi=(290)
76 480
fe=(219)
764 120 0 120
fi=(290)
76 240 0 0 2 0 0 1
fe=(219)
764 120 0 120
fi=(290)
76 120
fe=(219)
772 360 120
jcnd=120/120 +11 
* 
604 480 120 0 2 0 0 1
828 720 0 120
cfn=(1774) create_thread
calls=120 234 
* 16560 4320 3720 30 83 128 11 0 14
* 120 0 0 2 0 0 1
fi=(290)
110 720
fe=(219)
835 240
+40 240 120
jcnd=120/120 +10 
* 
+10 240 0 120 1
jump=120 +4 
* 
81 3 0 0 1 0 0 1
fi=(243)
-27 1 0 1
fe=(219)
+25 1
+1 1 0 1 1 0 0 1
-1 1 0 1
+2 1 0 1
cfi=(220)
cfn=(1740)
calls=1 -38 
* 51 14 12 7 0 0 7
+7 2
fi=(243)
+16 1
fe=(219)
-16 1
fi=(243)
+16 1 0 1
fe=(219)
-16 3
630 2 0 1 1 0 0 1
jump=1 +7 
* 
783 1800 960 840 9 17 212 2 0 28
fi=(243)
112 120 0 120 2 0 0 1
fe=(219)
783 120 0 120
fi=(243)
113 120
jfi=(219)
jump=120 604 
* 
fe=(219)
835 79 0 79 5 0 0 1
-91 79 0 79
cfi=(201)
cfn=(1772) _IO_enable_locks
calls=79 518 
* 412 162 4 7 24 3 1
* 158 79
jump=79 +3 
* 
fi=(223)
96 256 64 64 10 0 0 1
370 768 192 256 1 0 0 1
cfi=(212) ./misc/../sysdeps/unix/sysv/linux/mmap64.c
cfn=(1566) mmap
calls=64 47 
* 576 64
+3 192 128
-3 64 0 64
+3 128 64
+5 128 64
+5 128 64
+10 64 64 0 1 0 0 1
-9 64
+9 128
167 64
+4 192 64 64
-4 64
+4 64 0 64
cfi=(226)
cfn=(1752) mprotect
calls=64 -54 
* 384 64 0 1 0 0 1
* 192 64
405 64 64
+12 64 0 64 0 0 64 0 0 14
+13 64
-3 64 0 64 1 0 64 1 0 14
-22 64 0 64 0 0 64 0 0 14
+9 128 0 64 0 0 64 0 0 14
-8 64 0 64
+13 64 0 64 0 0 17
+11 64 0 64
cob=(2)
cfi=(51)
cfn=(1754) 0x0000000004bac640
calls=64 0 
* 41078 8283 6326 134 218 537 38 4 80
* 128
+13 256 0 64 1 0 0 1
+3 320 0 128
cfi=(229)
cfn=(1770)
calls=64 42 
* 896 192 320 2 0 66 2 0 14
+2 256 64 64
+7 128 64 0 1 0 0 1
jcnd=64/64 * 
* 
* 192 64 64
jump=64 +23 
* 
80 112 0 0 5 0 0 1
jump=56 +13 
* 
fe=(219)

fn=(1774)
234 1680 120 840 10 0 0 2
+5 240
-1 360 120
jcnd=120/120 +4 
* 
+4 240 120 0 1 0 0 1
+3 360 120 120
+1 240
+39 120
+10 240 0 0 1 0 0 1
-10 240 0 240
+3 120
+7 120
-10 1080 120 840 1 0 0 1
+10 120 0 120
cfi=(230)
cfn=(1776)
calls=120 49 
* 9000 2640 1440 16 49 112 5 0 14
+1 240
+5 120 0 120 0 0 16
+3 240
+3 240
jcnd=120/120 +12 
* 
+12 240 120 0 1 0 0 1
+11 120
+1 1200 960 0 0 34

fl=(264) ./stdlib/../sysdeps/ieee754/dbl-64/dbl2mpn.c
fn=(2120) __mpn_extract_double
33 6 0 0 2 0 0 1
+4 4
-2 2
+2 2 0 2
+1 10 0 2
+9 4
+9 2 0 0 1 0 0 1
-9 2 0 2
+9 4
jcnd=2/2 +47 
* 
+47 2
+4 2
-4 2 0 2
+4 2 2

fl=(196)
fn=(1346)
30 121 0 0 2 0 0 1
+2 121 0 121
+9 121
+1 242 121
+1 121 0 121
+4 121 0 121 0 0 113 0 0 14
+1 121 0 121
+1 121 0 121
+1 121 0 121
+1 121
+2 242 121 0 3 0 0 1
+2 121 0 121
+1 121 121
+1 121
+2 242 121
+2 121 0 121
+5 121 121 0 0 14
+1 121
jcnd=121/121 +17 
* 
+17 121 0 0 3 0 0 1
cfi=(197) ./setjmp/./setjmp/sigjmp.c
cfn=(1348) __sigjmp_save
calls=121 -56 
* 1089 242 242

fl=(270) ./nptl/./nptl/alloca_cutoff.c
fn=(2134) __libc_alloca_cutoff
27 2 0 0 1 0 0 1
+1 12 2 0 0 1
jcnd=2/2 * 
* 
* 6
+7 2 2

fl=(115) ./string/../sysdeps/x86_64/multiarch/strchrnul.c
fn=(370) strchrnul
31 1 0 0 1 0 0 1
fi=(84) ./string/../sysdeps/x86_64/multiarch/ifunc-avx2.h
+2 5 2
-1 2
jcnd=1/1 +2 
* 
+2 3 1 0 1 0 0 1
+2 2
+4 3
+3 4
fe=(115)
-12 1 1

fl=(239) ./resolv/./resolv/res-close.c
fn=(1826) __res_thread_freeres
131 480 0 360 1 0 0 1
+1 120 0 120
cfi=(240)
cfn=(1828)
calls=120 242 
* 2040 960 720 2 0 0 2
+2 600 360 0 1 135 0 1 14
+8 480 480

fl=(228) ./nptl/./nptl/pthread_mutex_unlock.c
fn=(1768) pthread_mutex_unlock@@GLIBC_2.2.5
367 121 0 0 2 0 0 1
51 363 121
+1 242 0 0 2 0 0 1
367 121
57 242
jcnd=121/121 +17 
* 
+8 121 0 121
-3 121 0 121
-23 121 121
+1 242
jcnd=121/121 * 
* 
+3 480 120 120
+27 121
369 242 121
40 363 121
jcnd=120/121 +3 
* 
+1 2 0 1
jump=1 +29 
* 
+33 242 0 0 3 0 0 1
jcnd=121/121 +6 
* 
+6 484 121 0 2 0 0 1
+4 363 242
jcnd=121/121 +3 
* 
+3 363 0 121 2 0 0 1
jump=121 -22 
* 

fl=(235)
fn=(1818)
149 484 0 242 2 0 0 1
+1 484 242
jcnd=121/121 +18 
* 
+18 484 363 0 2 0 0 1

fl=(123) ./string/../sysdeps/x86_64/multiarch/memchr.c
fn=(396) memchr
29 2 0 0 2 0 0 1
fi=(124) ./string/../sysdeps/x86_64/multiarch/ifunc-evex.h
+6 10 4 0 2 2 0 1
-1 4
jcnd=2/2 +2 
* 
+2 6 2
+5 4
-3 4
+9 6 0 0 2 0 0 1
+3 8
fe=(123)
-21 2 2

fl=(107) ./wcsmbs/../sysdeps/x86_64/multiarch/wcscpy.c
fn=(350) wcscpy
43 1
-6 5 2 0 1 0 0 1
+6 1 1

fl=(207) ./libio/./libio/fileno.c
fn=(1538) fileno
32 3 0 0 2 0 0 1
+3 15 6 0 0 2
+7 3 3

fl=(233)
fn=(1782)
26 120 0 0 6 0 0 1
+10 360 120 0 0 2
jcnd=120/120 +8 
* 
+8 240 120

fl=(97) ./string/../sysdeps/x86_64/multiarch/strrchr.c
fn=(324) rindex
28 1 0 0 1 0 0 1
fi=(84)
+5 5 2
-1 2 0 0 1 0 0 1
jcnd=1/1 +2 
* 
+2 3 1
+2 2
+4 3
+3 4
fe=(97)
-15 1 1

fl=(114) ./string/../sysdeps/x86_64/multiarch/memrchr.c
fn=(366) memrchr
29 1 0 0 1 0 0 1
fi=(84)
+4 5 2 0 1 0 0 1
-1 2
jcnd=1/1 +2 
* 
+2 3 1
+2 2
+4 3
+3 4 0 0 1 0 0 1
fe=(114)
-14 1 1

fl=(226)
fn=(1810)
117 340 0 0 10 0 0 1
+5 68 68

fn=(1752)
117 325 0 0 1 0 0 1
+5 65 65

fn=(1844)
117 600 0 0 2 0 0 2
+5 120 120

fl=(236)
fn=(1820)
23 120 0 0 8 0 0 1
+5 480 120 0 8 0 0 1
jcnd=120/120 +82 
* 
+82 120 120 0 1 0 0 1

fl=(98) ./string/../sysdeps/x86_64/multiarch/memmove.c
fn=(328) memmove
29 3 0 0 2 0 0 1
fi=(93)
+24 9 6
-1 6
+4 9 3 0 2 1 0 1
+14 6
+2 6
+8 6
jcnd=3/3 +8 
* 
+8 6 0 0 2 0 0 1
jcnd=3/3 +2 
* 
+2 15 3 0 3 0 0 1
fe=(98)

fl=(206) ./string/../sysdeps/x86_64/multiarch/strchr-avx2.S
fn=(2112) __strchrnul_avx2
51 4 0 0 1 0 0 1
+2 4
+1 4
+1 4
+1 4
+1 4
+3 4
+1 4
+4 4 4
+1 4
+1 4
+1 4
+1 4
+1 4
+1 4
+1 4 0 0 1 0 0 1
+6 4
+1 8 4

fn=(1484) __strchr_avx2
51 2 0 0 2 0 0 1
+2 2
+1 2
+1 2
+1 2
+1 2
+3 2
+1 2
+4 2 2
+1 2
+1 2
+1 2
+1 2
+1 2
+1 2 0 0 2 0 0 1
+1 2
+3 2 2
+1 2
jcnd=2/2 +23 
* 
+23 2
+1 4 2

fl=(126) ./string/../sysdeps/x86_64/multiarch/mempcpy.c
fn=(402) mempcpy
33 1 0 0 1 0 0 1
fi=(93)
+20 3 2
-1 2
+4 3 1
+14 2
+2 2 0 0 1 0 0 1
+8 2
jcnd=1/1 +8 
* 
+8 2
jcnd=1/1 +2 
* 
+2 5 1 0 1 0 0 1
fe=(126)

fl=(120) ./wcsmbs/../sysdeps/x86_64/multiarch/wmemcmp.c
fn=(388) wmemcmp
29 1 0 0 1 0 0 1
fi=(121) ./wcsmbs/../sysdeps/x86_64/multiarch/ifunc-memcmp.h
+5 2 2
+1 1 1
-1 2
+1 2
jcnd=1/1 +1 
* 
+1 2 0 0 1 0 0 1
+1 3 1
+2 2
+4 3
+3 3 0 0 1 0 0 1
fe=(120)
-17 1 1

fl=(122) ./string/../sysdeps/x86_64/multiarch/stpcpy.c
fn=(392) stpcpy
33 1 0 0 1 0 0 1
fi=(101)
+3 2 2
+1 1 1
-1 2
+1 2
jcnd=1/1 +2 
* 
+2 2 0 0 1 0 0 1
+4 3
+3 3
fe=(122)
-13 1 1

fl=(86) ./string/../sysdeps/x86_64/multiarch/strcmp.c
fn=(300) strcmp
65 1 0 0 1 0 0 1
-24 2 2
+1 1 1
-1 2
+1 2 0 0 1 0 0 1
jcnd=1/1 +2 
* 
+2 2
+5 3
+3 3 0 0 1 0 0 1
+13 1 1

fl=(118) ./string/../sysdeps/x86_64/multiarch/strlen.c
fn=(380) strlen
29 3 0 0 2 0 0 1
fi=(84)
+4 15 6 0 0 2
-1 6 0 0 2 0 0 1
jcnd=3/3 +2 
* 
+2 9 3
+2 6
+4 9
+3 12
fe=(118)
-14 3 3 0 1

fl=(119) ./string/../sysdeps/x86_64/multiarch/strncpy.c
fn=(384) strncpy
29 1 0 0 1 0 0 1
fi=(101)
+7 2 2
+1 1 1
-1 2
+1 2
jcnd=1/1 +2 
* 
+2 2 0 0 1 0 0 1
+4 3
+3 3
fe=(119)
-17 1 1

fl=(266) ./stdlib/./stdlib/cmp.c
fn=(2126) __mpn_cmp
31 2 0 0 1 0 0 1
+4 4
jcnd=2/2 +2 
* 
+2 2 2
+1 2 2
+1 4 0 0 1 0 0 1
+8 10 2

fl=(209) ./csu/./csu/errno-loc.c
fn=(1550) __errno_location
25 2 0 0 2 0 0 1
+1 4 4 0 0 1
+1 2 2

fl=(167) ./libio/./libio/vtables.c
fn=(574) check_stdfiles_vtables
83 1 0 0 1 0 0 1
+1 4 2 0 0 1
jcnd=1/1 +1 
* 
+1 3 2 0 1 1 0 1
+1 3 2 0 0 2
+2 1 1

fl=(203) ./nptl/./nptl/libc-cleanup.c
fn=(1470) __libc_cleanup_push_defer
24 6 0 0 3 0 0 1
+3 12 6 6 0 1
+3 24 6 6 0 4
+1 6 0 6
+2 6 0 6
+1 6 6

fn=(1472) __libc_cleanup_pop_restore
39 6 0 0 3 0 0 1
+3 12 6 6
+2 12 6 6
+1 12
+2 6 6

fl=(81) ./string/../sysdeps/x86/cacheinfo.c
fn=(290) __x86_cacheinfo
86 1 0 0 1 0 0 1
fi=(82) ./string/../sysdeps/x86/cacheinfo.h
-25 1 1 0 0 1
+3 3 1 0 0 1
+2 1
+1 1 0 1 1 0 1 1 0 1
-1 2 0 1
+7 3 1
+2 1
+1 1 0 1
-1 2 0 1
+5 2 1 1 1 0 1 1 0 1
+2 2 1 1 0 0 1 0 0 1
+1 2 1 1 0 1
+1 2 1 1
+2 2 1
jfi=(81)
jcnd=1/1 * 
* 
fe=(81)
* 2 1

fl=(83) ./string/../sysdeps/x86_64/multiarch/strnlen.c
fn=(294) strnlen
31 2 0 0 1 0 0 1
fi=(84)
+2 10 4 0 0 1
-1 4 0 0 1 0 0 1
jcnd=2/2 +2 
* 
+2 6 2
+2 4
+4 6
+3 8
fe=(83)
-12 2 2 0 1 0 0 1

fl=(246) ./nptl/./nptl/nptl_free_tcb.c
fn=(1860) __nptl_free_tcb
25 120 0 0 1 0 0 1
+2 480 120 120 0 75
-2 240 0 120
+5 360 120 0 0 109
jcnd=120/120 +11 
* 
+11 120
+2 120 120
-2 120
cfi=(229)
cfn=(1862)
calls=120 +70 
* 31395 10169 5345 78 324 111 18 2

fl=(256) ./io/../sysdeps/unix/sysv/linux/fstatat64.c
fn=(2048) fstatat
153 2 0 0 1 0 0 1
-55 2
+70 3 0 0 1 0 0 1
+1 1 1

fl=(255) ./io/../sysdeps/unix/sysv/linux/fstat64.c
fn=(2046) fstat
29 2 0 0 1 0 0 1
+1 2
+5 3
cfi=(256)
cfn=(2048)
calls=1 153 
* 8 1 0 2 0 0 2

fl=(261) ./stdio-common/./stdio-common/vfprintf-internal.c
fn=(2108) __vfprintf_internal
1180 24 0 18 3 0 3 2
+30 10 6 4
+8 6 2 0 1 0 0 1
jcnd=2/2 * 
* 
+4 10 4
+11 4
+11 2 2
fi=(292) ./stdio-common/./stdio-common/printf-parse.h
111 4 2
fe=(261)
1244 10 4 6 1 0 0 1
fi=(292)
111 2 0 2
cob=(2)
cfi=(51)
cfn=(2110) 0x0000000004bac4d0
calls=2 0 
* 42 6 0 3 1 0 2
fe=(261)
1259 2 0 2
fi=(292)
111 2 0 2
fe=(261)
1259 6 0 2
239 2 2 0 1 0 0 1
fi=(293) ./stdio-common/../libio/libioP.h
940 2
fe=(261)
1263 2 2
fi=(293)
942 2
-2 2 2 0 0 1
fe=(261)
1263 2 2
fi=(293)
940 4 0 2
+2 4
+1 4
fe=(261)
239 8 4 2 1 1 0 1
cfi=(201)
cfn=(2056) _IO_default_xsputn
calls=2 371 
* 10 2
* 4
127 18
1263 4
+4 6 4 0 1 0 0 1
+4 16 6 2 1 2 0 1 1
1532 2 2
1214 2 0 2
+34 2 0 2
-8 2 0 2
1532 6 0 2
+23 2
-39 2
+39 2
-39 2 0 2
+39 4 0 2 1 0 0 1
1313 30 6 0 1 2 0 1 2
+39 2 2
-51 2
-1 2
-1 2
-1 2
+5 2
1501 2
fi=(292)
88 2
fe=(261)
1352 2 2
-46 2 0 2 1 0 0 1
-4 2 0 2
+50 2 0 2
1501 2
1295 2 0 2
-1 2 0 2
-1 2 0 2
-1 2 0 2
-1 2 0 2
+16 4 0 2 1 0 0 1
jump=2 1516 
* 
1608 4 2 0 1 0 0 1
+1 4 2
+3 24 18
1499 4 0 0 1 0 0 1
+33 4 2
+3 68 16 12 2 0 0 2
+20 4
jcnd=2/2 * 
* 
1218 4 0 0 2 0 0 1
jcnd=2/2 +4 
* 
1555 22 8 4 2 0 0 2
jump=2 +1 
* 
+9 4 0 0 1 0 0 1
jcnd=2/2 +25 
* 
-48 2 0 0 1 0 0 1
-94 2 2
-1 2 0 0 1 0 0 1
+1 4
jcnd=2/2 +5 
* 
+41 24 4 0 1 2 0 1 2
jump=2 +36 
* 
1589 2 0 0 1 0 0 1
fi=(292)
111 2
fe=(261)
1583 2 0 2
fi=(292)
111 4 0 2
cob=(2)
cfi=(51)
cfn=(2110)
calls=2 0 
* 42 6
fe=(261)
239 2 2
fi=(293)
942 2
fe=(261)
1593 2
fi=(292)
111 2
fi=(293)
942 2
fe=(261)
1593 2
fi=(293)
942 2
+1 4 2
fe=(261)
239 8 2 2 1 0 0 1
cfi=(201)
cfn=(2056)
calls=2 371 
* 10 2
* 4
127 26 0 0 2 0 0 1
1593 4
+2 6 2
jump=2 +13 
* 
-39 2 0 0 1 0 0 1
351 2
+1 2
1556 2 0 2
352 4
-1 4
jcnd=2/2 +3 
* 
1559 4
127 14
jcnd=2/2 1564 
* 
354 2 0 2 1 0 0 1
cfi=(262) ./stdio-common/./stdio-common/printf_fp.c
cfn=(2114) __printf_fp
calls=2 1278 
* 3393 747 463 120 14 11 112 10
* 2
jump=2 1559 
* 
1427 2 2 0 1 0 0 1
-1 4 0 2
+1 6
+15 8 4
jcnd=2/2 * 
* 
+3 4 2 0 1 0 0 1
+18 12 4
jump=2 * 
* 
-21 10 2 2 1 0 0 1
jump=2 +3 
* 

fl=(268)
fn=(2130)
31 16 0 0 1 0 0 1
+1 16 0 16
+3 16
+1 16 16
+1 16
+1 16
+1 16
+2 16
+1 16
+2 16
+1 16
+1 16 0 0 1 0 0 1
+1 16
jcnd=2/16 +32 
* 
+1 14
+2 14
+1 14
+1 14 0 14
+1 14
jump=14 +69 
* 
+26 2 0 0 1 0 0 1
+1 2
+1 2
+1 2
+1 2
+1 2
+1 2 2
+1 2
+1 2
jump=2 +26 
* 
+26 2 0 0 1 0 0 1
+1 2
+1 2
+2 2 0 2
+1 2
+1 2
+1 2 0 2
+1 2
+1 2
+2 2 2
+3 2 2
-5 14
+2 14 14
+3 14 14

fl=(96) ./string/../sysdeps/x86_64/multiarch/strchr.c
fn=(322) index
61 1 0 0 1 0 0 1
-20 2 2
+1 1 1
-1 2
-1 2 0 0 1 0 0 1
jcnd=1/1 +2 
* 
+2 2
+2 2
+4 3
+3 3
+10 1 1

fl=(128) ./string/../sysdeps/x86_64/multiarch/rawmemchr.c
fn=(408) rawmemchr
31 1 0 0 1 0 0 1
fi=(124)
+4 5 2
-1 2
jcnd=1/1 +2 
* 
+2 3 1
+5 2 0 0 1 0 0 1
-3 2
+9 3
+3 4
fe=(128)
-19 1 1

fl=(172) ./malloc/./malloc/malloc.c
fn=(1884) malloc_consolidate
4715 9 0 9 3 0 0 1
+17 9
-17 36 0 27
+28 9 0 0 2 0 0 1
-28 27 0 18
+15 9 0 9
+2 9 0 9
+13 18 9 9
+1 18
jcnd=1/9 +3 
* 
-1 162 81 81
+1 162
jcnd=8/81 +3 
* 
+62 270 90
jcnd=81/90 -63 
* 
+1 72 63
-31 44 22 0 2 9 0 1
+4 44 0 22
+2 22 22
+1 44 0 22
+1 44 22 22
+2 44
jcnd=22/22 +5 
* 
+5 22
+2 22 0 22
-2 44 0 22
+3 22 0 22
+9 44
jcnd=9/22 +3 
* 
* 13
-56 44 0 0 9 0 0 1
+4 66 22
+1 88
+8 22
-3 44 22 0 7 0 0 1
+3 22
-3 22
+4 22
-4 22
+5 22 22 0 0 1
-5 22
+5 44
+2 44
jcnd=22/22 +9 
* 
+9 44 22 0 2 1 0 1
jcnd=22/22 +3 
* 

fn=(660) tcache_init.part.0
3235 363 0 242 2 0 104 1 0 12
+9 484 242
jfi=(173) ./malloc/./malloc/arena.c
jcnd=120/121 930 
* 
* 4 0 1
+1 360 0 120 1 0 0 1
cfn=(662) _int_malloc
calls=120 1343 
* 15956 2576 2795 51 38 347 46 1 47
* 120
+1 240
+8 484 121 121 1
+7 242
+2 121 121
+1 242
-1 121 0 121
+1 847 0 363 1 0 0 1
jcnd=121/121 * 
* 
* 9559 0 9438 0 0 101 0 0 18
jcnd=9438/9559 * 
* 
+3 484 363
fi=(173)
930 120 0 120 1
cfn=(1804) get_free_list
calls=120 809 
* 4535 1316 1074 13 8 14 4
* 120
+1 240
jfi=(172)
jcnd=119/120 3245 
* 
* 3 0 1 1 0 0 1
cfn=(1806) arena_get2.part.0
calls=1 +3 
* 975 37 165 21 4 35 21 0 35
fe=(172)
3245 4 0 1
cfn=(662)
calls=1 1343 
* 131 21 23 0 1 1 0 0 1
* 1
+1 2
jcnd=1/1 +7 
* 
+7 3 0 0 1 0 0 1
jump=1 +1 
* 

fn=(1760) calloc
3624 128 0 64 8 0 0 1
+10 64
-10 256 0 192
+10 512 0 0 8 0 0 1
+8 128 64
+3 192 128
+2 192 64
jcnd=1/64 +10 
* 
+3 504 126 63 6 0 0 1
+7 63 63 0 0 15
+8 63
-7 126 63 0 0 11
+7 126
jcnd=63/63 +14 
* 
+14 192 0 64 8 0 0 1
cfn=(662)
calls=64 1343 
* 12798 2021 2024 32 110 112 6 0 8
+2 320 64 0 8 0 0 1
fi=(173)
162 192
fe=(172)
3681 128
+3 192 64
jcnd=1/64 +14 
* 
+2 126
jcnd=63/63 +7 
* 
+12 128 0 0 5 0 0 1
+11 64 64
+5 64 64
-2 128
jcnd=64/64 -3 
* 
-3 64
+12 256
-20 256 0 0 2 0 0 1
+31 64
+2 128
+2 128
jcnd=64/64 +26 
* 
-43 126 0 0 8 0 0 1
+1 252 63 63
jcnd=63/63 +4 
* 
-37 1 1 0 1 0 0 1
+1 3 1 0 1 0 0 1
+7 1
jump=1 +14 
* 
+97 64 0 0 1 0 0 1
-25 128
+25 256 256
-25 64
cob=(2)
cfi=(51)
cfn=(1764)
calls=64 0 
* 2432 192 768 1 3 225 1 0 30

fn=(1622) _int_free
4421 88880 0 66660 3 0 39 1
+10 11110 11110
-10 33330 11110 11110 1 243 238 1
+10 22220
+6 55550
+1 22220
+4 44440
+8 55550 22220 0 1 0 0 1
jcnd=276/11110 +43 
* 
-1 21668
+1 21668 10834 0 0 125
jcnd=3181/10834 +43 
* 
+29 7653 7653
-20 7653 7653 0 0 104
-6 7653
+6 15306 7653 0 0 103
+20 30612 7653 0 0 141
jcnd=7596/7653 3181 
* 
+14 7028 3514 0 1 36 0 1
jcnd=3393/3514 +76 
* 
+11 484 121 0 0 15
+2 363 121 0 0 15
2012 363 121 0 2 0 0 1
4527 121 0 121 0 0 15
+1 121
+4 363 121
+2 363 121
jcnd=121/121 -5 
* 
+26 242
jcnd=47/121 4702 
* 
* 148
jcnd=74/74 4702 
* 
4702 122210 99990 0 1 0 0 1
4569 6786 3393 0 1 0 0 1
+3 3393 3393
+3 6786
jcnd=1/3393 * 
* 
* 6784
jcnd=3392/3392 +1 
* 
* 1 0 1
+7 1 1 0 0 1
-4 1 0 0 1 0 0 1
+4 3394 3392 0 0 35
-4 3392
+4 6784
+3 6786 3393 0 0 1
jcnd=165/3393 +2 
* 
+5 10179 3393 0 0 36
+3 6786
+1 6786
+1 6786 3393 0 4 39 0 1
2012 10179 3393 0 0 23
4601 6786 3393
jcnd=3303/3393 +9 
* 
+1 90 90
+2 90
-1 90
+2 360 90 0 0 2
+2 180 0 90
cfn=(1914) unlink_chunk.constprop.0
calls=90 1626 
* 2288 826 190 0 5
+3 6786 3393 0 5 0 0 1
jcnd=3209/3393 +43 
* 
+5 368 184 0 0 76
jcnd=66/184 +1 
* 
+4 118 0 118
+9 118 118
-1 118
+1 354
+1 236 118
-1 66 66
-1 66
+1 198
+1 132 66
+2 184 0 184 0 0 7
+2 368
jcnd=143/184 +2 
* 
+5 184 0 184
+1 184 0 184
+2 552 0 184
+1 184 0 184
+30 368
jcnd=71/184 +1 
* 
* 6418 0 0 1 0 0 1
jcnd=3208/3209 +1 
* 
+20 10179 3393
jcnd=1/3393 +10 
* 
+1 13568 3392 3392 1
jcnd=3392/3392 +9 
* 
4529 121 0 0 1 0 0 1
+22 121
-22 121 0 0 2 0 0 1
+22 242
jump=121 -3 
* 
* 363 0 121
+2 484 121 121
+1 242
jcnd=121/121 +6 
* 
-6 242
jcnd=121/121 +3 
* 
3181 7596 7596 0 2 0 0 1
+4 7596
-4 7596 0 7596
+2 30384 7596 7596 0 158
+1 7596 0 7596
+1 7596 0 7596
4482 7596
jump=7596 4702 
* 
4635 429 0 143 1 0 20 1
jump=143 +3 
* 
+38 9837 3279 0 5 0 0 1
jcnd=4/3279 +1 
* 
+3 6558
+2 3279 3279
-2 3279 0 0 3 0 0 1
jcnd=75/3279 +2 
* 
fi=(173)
61 9612 3204
jcnd=3204/3204 +95 
* 
651 9612 0 0 1 0 0 1
jcnd=3204/3204 +40 
* 
fe=(172)
4653 3209 0 0 1 0 0 1
+1 9627 0 3209
+1 6418 0 3209
jump=3209 +17 
* 
-79 16960 0 6784 2 0 8
jcnd=3392/3392 +6 
* 
+40 66 0 0 1
+1 66
-1 66 0 66 0 0 7
cfn=(1914)
calls=66 1626 
* 1668 604 144 3 4 0 3
+1 66
jump=66 +11 
* 
fi=(173)
691 3204 0 0 1 0 0 1
+1 3204 3204 0 1 0 0 1
-1 3204
+1 3204
jfi=(172)
jcnd=3196/3204 4692 
* 
+5 48 8
+4 24 8
+1 16
jfi=(172)
jcnd=8/8 4692 
* 
fe=(172)
4587 495 165 0 2 7 0 1
-2 330
jcnd=165/165 +5 
* 
+89 8 0 4 1 0 0 1
cfn=(1884)
calls=4 +41 
* 700 164 120 11 5
* 4
jump=4 +2 
* 
+4 300 150 0 2 6
jcnd=75/75 +14 
* 
fi=(173)
156 6408 0 0 1 0 0 1
fe=(172)
4687 9612 3204
+1 3204 3204 0 0 44
fi=(173)
645 3204
61 3204
fe=(172)
4688 3204 0 3204
fi=(173)
61 3204
jump=3204 651 
* 
691 6408 3204 0 1 0 0 1
jump=3204 * 
* 
fe=(172)

fn=(662)
1343 7018 0 0 2 0 0 1
3771 3509 0 3509
1362 3509
3771 28072 0 17545 1 0 177 1 0 13
1362 7018
jcnd=3503/3509 * 
* 
3811 12
+27 12 6 0 0 1
jcnd=6/6 3965 
* 
+66 253 0 0 2 0 0 1
+2 253 253 0 0 75
-2 253
+2 506
jcnd=243/253 4399 
* 
+2 10 10 0 0 10
+1 20 10 0 0 7
+6 10
-4 10 0 10 0 0 7
+1 10 0 10
+1 10 0 10
+2 20 0 0 7 0 0 1
jcnd=10/10 +7 
* 
+7 40 20
-1 20
+1 20 10
3181 10 10
3927 10 10
3183 10 0 0 4 0 0 1
3927 10 10
3181 10 0 10 0 0 5
3927 30
jcnd=3/10 2005 
* 
* 39
+1 40
jcnd=7/20 2005 
* 
+4 13 13
+1 13 0 13 0 0 9
+1 26
jcnd=13/13 3181 
* 
3181 13 13
3936 13 0 13
3185 13
3937 13 0 13 0 0 6
3181 13 0 13
+2 65 13 26 0 1
-6 13 13
+9 13
-9 13 0 13
+8 13 0 13
+1 13
jump=13 3927 
* 
1362 7006 0 0 2 0 0 1
3811 7006 0 0 2 0 0 1
4397 7006
3838 7006 3503 0 0 105
jcnd=60/3503 +15 
* 
+63 6886
jcnd=225/3443 +3 
* 
+62 102976 0 32180 4 0 162 2
jcnd=3124/3218 +1 
* 
* 282 0 94
jcnd=7/94 +1 
* 
* 261 0 87 1 0 0 1
jcnd=48/87 * 
* 
* 39
+1 117 39
jcnd=37/39 +19 
* 
* 9537 3179 0 1 3
jcnd=3176/3179 +19 
* 
+1 10 0 5
cfn=(1884)
calls=5 4715 
* 1047 233 174 14 6 0 6
* 5
jump=5 +18 
* 
* 6
3838 12
1362 6
3843 12 6
+2 12
jcnd=6/6 * 
* 
+2 76 0 0 1 0 0 1
-6 38
+9 38 38
+1 38 38
-1 76
jcnd=38/38 +3 
* 
+6 76 38
+1 76 0 0 1 0 0 1
+7 38 38
-1 76
+1 190 76
+5 38 38
+1 38 38
3183 38
3870 38 0 0 1 0 0 1
jcnd=38/38 * 
* 
3181 122 61 61
+2 61 61
+2 61 61
-2 122 61 61 0 5
+2 61
-8 61 0 61
+8 61 0 61
3869 61
+1 419 160 0 1 0 0 1
jcnd=38/99 2005 
* 
+2 122
+2 61 61
+1 61 61 0 0 4
-1 183
jump=61 +4 
* 
-21 333 38 38 1 0 0 1
jcnd=38/38 +3 
* 
* 304 38
jcnd=3/38 * 
* 
* 35
jump=35 * 
* 
* 180 0 0 1 0 0 1
-10 60 60 0 0 2
+2 120
jcnd=38/60 +2 
* 
* 84 0 0 1 0 0 1
jump=28 +59 
* 
+33 444 61 61
jcnd=61/61 3181 
* 
* 488 61
jcnd=35/61 * 
* 
* 26
jump=26 * 
* 
4399 486 0 0 2 0 0 1
3903 243 0 243 0 0 142 0 0 19
4399 3159 0 2187 4 0 29 2
3983 243
+1 243 243
-1 486
-1 486 0 243 0 0 120 0 0 16
+2 486 243
jcnd=121/243 +10 
* 
-1 3218
+1 3218 3218
-1 6436
-1 6436 0 3218 0 0 62 0 0 2
+2 6436 3218
-2 10020 3340 3340
+12 3340
-6 3340 0 3340
+73 13360 0 6680 1
-67 10020 3340 0 0 104
jcnd=3210/3340 4183 
* 
* 121
-6 121 0 121
+73 484 0 242 1 0 0 1
-67 363 121 0 0 7
jcnd=121/121 4183 
* 
4158 130 130
-91 130 130
+91 260 0 130
-91 130 130
-74 130
3181 130
4067 130 0 130 1 0 0 1
3181 260 130 130
4025 260 0 130
3183 260 0 130
3997 520 130 0 0 31
+1 130
+2 260 0 0 1 0 0 1
-3 200 50
+1 50
+2 100
+1 540 180 0 0 33
+2 180 180 0 0 51
+1 720
+2 720 180
-10 180 180 0 0 8
+12 360 180 0 1 13 0 1
+1 360 180
+2 360
+11 360
jcnd=103/180 +31 
* 
* 154
jcnd=65/77 +1 
* 
+31 140 0 140
+1 140 0 140
+4 280
jcnd=11/140 +2 
* 
+29 258 0 0 1 0 0 1
jcnd=85/129 +8 
* 
+2 88
+1 132
+1 44 44 0 0 24
-1 44
+57 44
+2 88
-2 88
+2 44
+7 44 0 44
-9 132 0 44 1 0 5 1
+9 44 44
-7 44 0 44
+1 44 0 44 0 0 2
+1 44 0 44
+6 88
jcnd=44/44 +9 
* 
-10 85
+2 170
-2 170
+2 85
+7 85 0 85
-9 255 0 85 0 0 41
+9 85 85
-7 85 0 85
+1 85 0 85
+1 85 0 85
+6 170
jcnd=85/85 +9 
* 
2005 147 49
4413 31581 24563 0 3 0 0 2
2005 10 10
3944 10
2005 20
jcnd=10/10 4413 
* 
4060 11 0 0 1 0 0 1
+1 11
-1 11 0 11
+1 22 0 0 1 0 0 1
jcnd=11/11 +5 
* 
+5 11 11
-21 11
+21 11
+1 44 22
2005 22 11
jump=11 * 
* 
4095 425 0 0 5 0 0 1
jcnd=12/85 +1 
* 
* 365
jcnd=20/73 +1 
* 
* 265
jcnd=21/53 +1 
* 
* 160
jcnd=14/32 +1 
* 
* 126
+1 54
+1 18 18 0 0 10
-1 18
+4 36
jcnd=17/18 +44 
* 
-4 201 0 0 1 0 0 1
+1 67 67 0 0 50
-1 67
+4 134
jcnd=65/67 +44 
* 
+5 3 3
-2 6 0 3 2 0 0 1
+2 9 3 0 0 1
+1 6 3
jcnd=1/3 +12 
* 
+7 2 2
-1 8 0 2
+2 6 0 4
jump=2 +33 
* 
+52 387
3994 387 129
jcnd=50/129 +3 
* 
4183 6820 0 0 3 0 0 1
jcnd=192/3410 +73 
* 
+2 9654 3218
+3 3218 3218 0 0 150
-3 3218
+3 6436
jcnd=3216/3218 +68 
* 
+1 4 2 0 0 1
jcnd=2/2 +3 
* 
+67 6816 3408 0 3 0 0 1
+1 3408
+1 3408
-1 3408
+1 3408
+1 6816 3408 0 0 74
+1 10224
+5 6816 0 0 4 0 0 1
jcnd=3359/3408 +4 
* 
* 92
jcnd=19/46 +4 
* 
* 152
jcnd=76/76 +14 
* 
+16 1006
+2 2012
-4 2264
jcnd=1006/1132 +2 
* 
+8 126 126 0 0 50
+3 252
jcnd=80/126 +9 
* 
+2 46
+1 46
+1 46
-2 184 0 46 1 0 0 1
-27 46
jump=46 * 
* 
3963 192 0 48 3 0 0 1
jump=48 +1 
* 
4144 246 0 82 1 0 11 1
jump=82 +3 
* 
4023 130 65 0 1 0 0 1
jcnd=15/65 +30 
* 
+1 100 50
jcnd=10/50 +29 
* 
+5 40
-1 80 40
+3 40
-1 40 0 40
+1 80 0 40
+1 40 0 40 0 0 34
+1 80
jcnd=14/40 +6 
* 
+2 52 0 26 0 0 7
+4 26
+6 26
-6 182 0 26
+2 78 0 26 0 0 3
+1 26 0 26
2005 78 26 0 1
jcnd=26/26 4413 
* 
4039 14 0 0 1 0 0 1
+6 14
-6 98 0 14
+2 42 0 14 0 0 4
+1 14 0 14
2005 42 14 0 1 0 0 1
jcnd=14/14 4413 
* 
4269 10134 0 0 1 0 0 1
jcnd=68/3378 4369 
* 
+3 13240 3310
jcnd=35/3310 * 
* 
-3 9825
jcnd=3099/3275 4369 
* 
+3 704 176 0 2 0 0 1
jcnd=12/176 * 
* 
-3 328
jcnd=140/164 4369 
* 
+3 72 24
jcnd=3/24 * 
* 
+97 3328 3328
+1 6656 3328 0 0 46
+2 6656 3328 0 0 46
+3 9984
jcnd=3300/3328 +5 
* 
* 56 0 56 5 0 0 1
+17 84 28
jcnd=28/28 +15 
* 
3904 675 0 0 3 0 0 1
jump=225 * 
* 
4118 5 2 0 1 0 0 1
jump=1 +1 
* 
+1 2
+6 1
+6 3 1 1
+2 3 2
+2 1 0 1
+1 3 1 1
+2 1 1
+1 2 1
jcnd=1/1 +8 
* 
4299 240 160 0 10 22 0 1
+3 160
+2 80
+3 160 0 80
-3 80
+3 160 0 160 0 0 2
cfn=(1914)
calls=80 1626 
* 2800 1030 290 0 55
+3 320 160
jcnd=4/80 +3 
* 
+15 152 76 0 4 0 0 1
-5 76
+5 152
+1 152 76
+3 76 0 76 0 0 72
+1 76 0 76
+1 76 0 76
+3 152
jcnd=50/76 +2 
* 
+1 26 0 26
+1 52
jcnd=14/26 +5 
* 
* 100
jcnd=2/50 +5 
* 
+2 120 0 60 2 0 14 1
+3 480 0 60
+2 180 0 60 0 0 22
+1 60 0 60
2005 60 60
4347 60
2005 120
jcnd=60/60 4413 
* 
4341 128 0 16
+2 48 0 16
+1 16 0 16
2005 16 16
4347 16
2005 32
jcnd=16/16 4413 
* 
* 4 4
4347 4
2005 8
jcnd=4/4 4413 
* 
4272 47 0 0 12 0 0 1
+2 188
+1 94
jump=47 +4 
* 
-1 12
+1 6
jump=3 +4 
* 
-3 6
jump=3 +2 
* 
+41 4 0 0 2 0 0 1
-1 4 0 4
+1 8
jcnd=4/4 2005 
* 
4192 4 4 0 2 0 0 1
+1 2
jump=2 * 
* 
* 10 2
+6 4 2
jcnd=2/2 +5 
* 
+5 2
+1 6 0 4 2 0 0 1
cfn=(1914)
calls=2 1626 
* 76 28 8 0 2
-1 2
+4 6 2
jcnd=2/2 +3 
* 
2005 2 2 0 2 0 0 1
4239 2
2005 4
jcnd=2/2 4413 
* 
4380 3300 0 0 2 0 0 1
-2 6600 3300 0 5 0 0 1
+2 3300
-1 3300 0 3300
+6 3300
-5 3300
-3 3300
+3 3300
+2 3300
-2 13200 0 3300
2005 3300 3300
4382 3300 0 3300 0 0 128 0 0 63
2005 6600
jcnd=3300/3300 4413 
* 
4407 112 28 28 5 0 3 1
cfn=(664) sysmalloc
calls=28 2548 
* 4259 1009 626 118 158 76 33 1 29
* 28
+1 56
2005 84 28
jcnd=28/28 4413 
* 
4211 2 0 0 2 0 0 1
-1 2 0 2
+1 4
jcnd=2/2 2005 
* 

fn=(650) malloc
3287 64692 0 32346 1 0 45 1
+7 21564 10782 0 0 220 0 0 1
jfi=(173)
jcnd=1/10782 315 
* 
1343 21562
+19 43128 0 0 1 0 0 1
jcnd=10588/10782 * 
* 
3306 43128 21564 0 0 461
jcnd=15/10782 -65 
* 
+3 21534 10767 0 0 212
jcnd=7581/10767 +2 
* 
+10 9972 3324 0 4 75 0 1
jcnd=10/3324 +2 
* 
+8 26512 6628 3314 0 0 103
+2 9942 0 3314 0 0 39
cfn=(662)
calls=3314 1343 
* 505735 80420 82244 143 955 651 32 0 77
+3 6628 0 0 1 0 0 1
+8 13256 3314 3314
+4 16570 3314 0 0 2
jcnd=1/3314 +3 
* 
fi=(173)
162 9939
jfi=(172)
jcnd=205/3313 3344 
* 
61 3108 3108 0 0 20
+95 15540
fe=(172)
3344 3108
fi=(173)
162 6216 3108
fe=(172)
3344 6626
+3 16620 13296
1362 10588 0 0 2 0 0 1
3304 31764 0 0 2 0 0 1
jump=10588 +2 
* 
-63 60 30 15 0 0 7
cfn=(660)
calls=15 -6 
* 4488 630 1811 63 31 130 49 1 17
+68 30 15
jcnd=3/15 +10 
* 
+1 48 12
+1 36 12
jcnd=12/12 +8 
* 
* 22743 7581 0 3 210 0 1
jcnd=123/7581 +8 
* 
3193 14916 7458 0 0 266
+1 14916
+2 7458
+1 7458
-1 22374 7458 7458 0 344
+1 7458 0 7458
+1 7458 0 7458
3347 37290 29832 0 3
-26 40 0 10 2 0 0 1
cfn=(662)
calls=10 1343 
* 1955 360 349 46 51 32 14 0 9
+1 50 10
jcnd=5/10 +25 
* 
fi=(173)
162 10 0 0 3 0 0 1
jfi=(172)
jcnd=5/5 3347 
* 
315 1 0 1 1 0 0 1
cfn=(654) ptmalloc_init.part.0
calls=1 -2 
* 1128 71 160 11 18 35 11 5 34
fe=(172)
1343 2
jcnd=1/1 +19 
* 

fn=(1564) sysmalloc_mmap.constprop.0
2420 18 0 18 2 0 3 1
+13 18
+5 12 0 0 1 0 0 1
jcnd=6/6 +3 
* 
+3 54 0 6
cfi=(212)
cfn=(1566)
calls=6 47 
* 54 6 0 1 0 0 1
* 6
+3 12 0 0 3 0 0 1
+4 12
2028 24 6
2466 18
+19 6
-1 6 0 6 0 0 6 0 0 6
+5 6
-4 12 0 6
+4 12 6 6 2 0 0 1
+1 30 6 6
+3 18 6 6
+1 30 6 6 3 0 0 1
+5 30 24

fn=(1914)
1626 238 0 0 1 0 0 1
+2 1190 476 0 0 28
+3 476 476 0 0 5
+1 238 238
-1 714 0 0 1 0 0 1
+3 952 476 0 0 8
+3 238 0 238
+1 238 0 238
+1 476
jcnd=44/238 +24 
* 
* 582 194 0 0 9
jcnd=116/194 +24 
* 
+2 156 78
+1 468 156
+3 156 78 0 0 16
+14 78 0 78
+1 156 78 78
+3 476 238 0 1 0 0 1

fn=(664)
2548 252 0 168 2 0 19 1
+20 112 84 28 0 44 4
+11 56 0 0 9 0 0 1
+1 56 28 0 0 25 0 0 1
jcnd=6/28 +1 
* 
* 22 0 22 0 0 8
+26 22 22
+1 66 22
+1 22
+9 22
jcnd=21/22 * 
* 
* 3
jcnd=1/1 +6 
* 
* 147 0 0 3
+6 66 0 0 1 0 0 1
+3 66
jcnd=22/22 +61 
* 
2941 44 22 0 4 0 0 1
+1 22 0 22
+5 44 22
+3 44
+5 44
-2 22
+2 22
-1 22 0 22
+1 22
-3 22
+3 22
+1 22
-1 66 0 22 4 0 0 1
+1 22 0 22 0 0 22 0 0 22
+2 44
jump=22 +6 
* 
2581 18 12 0 2 5
+4 18 6
jcnd=6/6 +9 
* 
+9 24 0 6 3
cfn=(1564)
calls=6 2420 
* 378 60 60 12 0 9 6 0 6
+1 12
2964 308 252 0 3 0 0 1
2687 44 22 0 3 0 0 1
+9 88 22
+13 66 22 0 0 19
+8 110 0 22
+8 44 0 0 3 0 0 1
jfi=(173)
jcnd=22/22 565 
* 
+39 44 22 0 4 1 0 1
jcnd=1/22 +1 
* 
+2 66 22 22
+6 44 0 0 3 0 0 1
jcnd=1/22 +3 
* 
* 42
+1 21
2946 21 21
2773 63 0 21
jump=21 2941 
* 
+2 2 1 0 1 0 0 1
jcnd=1/1 * 
* 
2896 1
-1 1 0 1
+1 3 0 1 0 0 1 0 0 1
+1 1 0 1
+11 2 0 0 1 0 0 1
jcnd=1/1 +33 
* 
fi=(173)
565 22 0 22 7 0 0 1
fe=(172)
2727 22 0 22 0 0 6
cfi=(175)
cfn=(668)
calls=22 25 
* 960 245 134 34 64 7 6
+1 44 22
-1 22 0 0 7 0 0 1
+1 22
2028 22 22
2729 22 22
2028 22
2729 22
2028 44
2730 22
+3 44
+33 44 22
2610 44 0 0 6 0 0 1
jump=22 2764 
* 
2775 2 0 0 1 0 0 1
jcnd=1/1 +40 
* 
+40 3 0 0 1 0 0 1
jcnd=1/1 2713 
* 
+22 1
+1 1
-1 1
+1 6
+2 2 0 0 1 0 0 1
+1 3 0 2
cfi=(175)
cfn=(668)
calls=1 25 
* 28 10 4
+12 2 1
-12 1
+12 1
2028 4 1
2897 4 2 0 1 0 0 1
jump=1 -1 
* 
2765 2 0 1 1 0 0 1
jump=1 +1 
* 
-52 3 0 1 1 0 0 1
jump=1 2837 
* 

fn=(1886) munmap_chunk
3044 6 0 0 3 0 0 1
+2 6 6
-1 6 6 0 0 4
+1 6
-1 6 6 0 0 5
+1 6
+2 12
+4 6 6 0 3 0 0 1
-1 12 6
+7 6
-8 6
+8 6
-6 6
+7 6
-1 12
+1 24
+3 6 6 6
+1 18 6 6
+5 6 0 0 3 0 0 1
+1 6
-1 6
cfi=(226)
cfn=(1810)
calls=6 117 
* 36 6 0 4

fn=(1618) free
3352 13056 0 0 2 0 0 1
+4 26112
jcnd=2096/13056 +39 
* 
-4 10960 0 10960
+14 10960
-14 21920 0 10960
+12 10960 10960 0 0 306
+4 10960 10960 0 2 334 0 1
-4 10960 10960 0 0 306
+4 21920
jcnd=6/10960 +4 
* 
+17 32862 21908 0 0 259
jcnd=226/10954 3241 
* 
fi=(173)
162 32862
jfi=(172)
jcnd=850/10954 3391 
* 
61 10104 10104 0 0 207
+95 50520
+6 20208 10104 0 0 206
fe=(172)
3391 20208 0 10104 0 0 112
cfn=(1622)
calls=10104 4421 
* 840976 243472 117528 13 816 208 7
* 1700 0 850 3 0 30 1
cfn=(1622)
calls=850 4421 
* 69185 20679 10753 45 328 110 18
+3 10954 0 10954
+1 43816 32862
-23 18 6 0 0 6
+2 12 6 0 0 4
jcnd=2/6 +7 
* 
* 8
+2 4
+1 4 0 0 1
-1 4 0 4
+1 4 0 4
+1 4
+3 8 0 4
cfn=(1886)
calls=4 3044 
* 140 32 8 8 7 0 3
* 4 0 2 1
cfn=(1886)
calls=2 3044 
* 70 16 4 5 2
+13 6 0 6
+1 2120 2114
3241 904 452 226 2 0 0 2
jfi=(173)
jcnd=120/226 162 
* 
* 212 0 212
cfn=(660)
calls=106 -6 
* 31273 4167 12774 30 20 472 27 0 96
3388 424 318
jfi=(173)
jump=106 162 
* 

fl=(258)
fn=(2052)
34 3 0 0 1 0 0 1
+4 1
-4 3 1 1
+4 5 0 0 1 0 0 1
jcnd=1/1 * 
* 
+39 6 3 0 1 0 0 1
-39 4 1 1 1 0 0 1
+2 1
jump=1 +37 
* 

fl=(197)
fn=(1348)
28 363 0 121
+2 242
-1 121 0 121
+5 363 242

fl=(94) ./wcsmbs/../sysdeps/x86_64/multiarch/wcschr.c
fn=(318) wcschr
31 2 0 0 1 0 0 1
fi=(95) ./wcsmbs/../sysdeps/x86_64/multiarch/ifunc-avx2.h
+2 10 4 0 1 0 0 1
-1 4
jcnd=2/2 +2 
* 
+2 6 2
+2 4
+4 6
+3 8 0 0 1 0 0 1
fe=(94)
-12 2 2

fl=(186) ./wcsmbs/./wcsmbs/wctob.c
fn=(980) wctob
30 1664 128 512 2 0 0 2
+9 384
+6 128
-1 256
+37 1024 768 0 1 0 0 1

fl=(245)
fn=(1858)
39 1320 120 840 8 0 0 1
+4 720 120 0 0 15
+5 240 120 0 0 49
+4 480 120 0 8 0 0 1
+3 120
+2 240
+1 240 120
+19 480 0 120
+10 240
jcnd=120/120 +5 
* 
+30 120 120
+4 120 0 120 2 0 0 1
+3 240
jcnd=120/120 +4 
* 
+4 360 0 120
cfi=(246)
cfn=(1860)
calls=120 25 
* 32955 10529 5585 79 508 111 19 2
+5 120
+3 1440 1080
-44 360 0 120 28 0 0 2
+5 120
-5 120 0 120
cfi=(182)
cfn=(884)
calls=120 -67 
* 840 240 480 8
+5 120
jump=120 * 
* 
+8 70 0 14
cfi=(247) ./nptl/./nptl/futex-internal.c
cfn=(1872) __futex_abstimed_wait_cancelable64
calls=14 +33 
* 966 224 154 23 14 0 8
* 14
+2 56
-10 402 134
jcnd=14/134 +8 
* 
+17 360 120 120 6 0 0 1
cfi=(182)
cfn=(900)
calls=120 -74 
* 720 240 120 1
* 120
jump=120 +3 
* 

fl=(190)
fn=(992)
49 128 0 0 1 0 0 1
+2 512 0 0 1 0 0 1
+3 128 128

fl=(237)
fn=(1822)
34 240 0 0 2 0 0 1
+2 120 0 120
cfi=(238) ./sunrpc/./sunrpc/rpc_thread.c
cfn=(1824) __rpc_thread_destroy
calls=120 -15 
* 1440 600 240 7 43 0 2
+2 120 0 120
cfi=(239)
cfn=(1826)
calls=120 +93 
* 3720 1800 1200 4 135 0 4 14
fi=(241) ./malloc/../sysdeps/unix/sysv/linux/tls-internal.h
-4 360 240 120 0 16
cob=(2)
cfi=(51)
cfn=(1656)
calls=120 -34 
* 720 240
+1 360 240 120 0 16
cob=(2)
cfi=(51)
cfn=(1656)
calls=120 -35 
* 720 240
fe=(237)
+5 120 0 120 2
cfi=(242)
cfn=(1832)
calls=120 -11 
* 960 480 120 2 15 0 2
+5 120
-1 120
cfi=(173)
cfn=(1834) __malloc_arena_thread_freeres
calls=120 999 
* 90608 27490 6534 49 172 16 18

fl=(259) ./libio/./libio/vsnprintf.c
fn=(2102) vsnprintf
123 2 0 0 2 0 0 1
+1 4
cfn=(2104) __vsnprintf_internal
calls=2 -29 
* 4441 959 661 167 23 14 155 15

fn=(2104)
95 28 2 14 2 0 0 2
+4 2 0 2
+5 6
+9 4 0 0 1 0 0 1
-3 16 0 4
cfi=(201)
cfn=(1462)
calls=2 563 
* 92 16 36 1 0 0 1
+3 6
-2 2
+2 2
-2 2 0 2 1 0 0 1
+1 2 0 2
+1 2 0 2
cfi=(260)
cfn=(2106)
calls=2 -77 
* 144 24 30 4 0 0 4
+1 10 0 2
cfi=(261)
cfn=(2108)
calls=2 1180 
* 4091 893 565 157 23 14 145 15
+2 6 4
+1 4 2 2
+2 22 18 0 1 0 0 1

fl=(176)
fn=(670)
37 46 0 23 7 0 0 1
+6 23 23 0 0 21
-6 23 0 23 0 0 7
+3 23 23 0 0 22
-3 46 0 23
+3 23 23 0 0 21
+3 23
jcnd=23/23 +15 
* 
+20 1 1
+15 115 92
-20 46 0 0 3 0 0 1
jcnd=22/23 +4 
* 
+1 2 0 1
cfi=(177) ./misc/../sysdeps/unix/sysv/linux/brk.c
cfn=(672) brk
calls=1 -24 
* 9 2 1 1 0 0 1
* 2
+4 1 1
-1 46
jcnd=1/22 +1 
* 
+4 88 0 0 4 0 0 1
jcnd=22/22 +8 
* 
+8 22 0 22
cfi=(177)
cfn=(672)
calls=22 -39 
* 198 44 22 6
* 44
jcnd=22/22 +4 
* 

fl=(102) ./wcsmbs/../sysdeps/x86_64/multiarch/wmemchr.c
fn=(340) wmemchr
31 2 0 0 1 0 0 1
fi=(103) ./wcsmbs/../sysdeps/x86_64/multiarch/ifunc-evex.h
+4 10 4 0 1 0 0 1
-1 4
jcnd=2/2 +2 
* 
+2 6 2
+5 4
-3 4
+9 6 0 0 1 0 0 1
+3 8
fe=(102)
-19 2 2

fl=(171)
fn=(624)
69 99 0 44 2 0 0 1
-28 22
+2 66 0 11 0 0 2
+1 22 0 11 2 0 0 1
cfn=(626) __new_exitfn
calls=11 +38 
* 392 77 56 7 5 1 4
+2 22
+10 11 11
+2 11 0 11
-5 33 11
+3 11 0 11 0 0 5 0 0 2
-1 11 0 11
+4 22 11 11
+1 11
-1 22 0 0 2 0 0 1
+12 66 44

fn=(626)
82 11 0 0 2 0 0 1
+6 22 11
-6 44 0 22
+11 44 11 0 0 2
-10 22
+12 22 11 0 2 2 0 1
jump=11 * 
* 
+1 50 10 0 0 1
jcnd=10/10 +10 
* 
-1 22
jcnd=10/11 +1 
* 
-2 1 1
+10 1 0 1
-10 3
jcnd=1/1 +32 
* 
+13 20 0 0 1
+25 10
+1 20 0 10
-1 20
+7 10 0 10 0 0 1
+5 10
-4 10 0 10
+4 40 30
-5 1 0 1 1 0 0 1
+5 1
-4 1 0 1
+4 4 3
-18 1 0 1 1 0 0 1
-1 1
+1 1
jump=1 +13 
* 

fl=(210) ./stdlib/../stdlib/strtol.c
fn=(1556) strtoul
105 3 0 0 2 0 0 1
+1 12 6 0 0 1
cfi=(211)
cfn=(1558)
calls=3 225 
* 407 59 33 9 12 0 9 3

fl=(222)
fn=(1744)
25 960 0 480 3 0 21 2
+4 240 240 0 0 24
-4 360 120 120 0 0 2
+4 240 240
+9 120 120
-9 360 0 360 0 0 7
+3 120 0 120 2 0 0 1
-3 120 0 120
+9 240
jcnd=120/120 +23 
* 
+23 240 240
+1 120
-1 720 240 480 2 0 18 1
+2 1200 840

fl=(227) ./nptl/./nptl/pthread_mutex_lock.c
fn=(1766) pthread_mutex_lock@@GLIBC_2.2.5
77 121 0 0 2 0 0 1
+3 363 121 0 0 24 0 0 1
+2 121
+2 242 0 0 2 0 0 1
-7 242 0 121
+11 242
jcnd=121/121 +9 
* 
+79 121 121 0 2 0 0 1
+3 121 0 121
+2 121 0 121
+3 121
+2 121
+1 363 242
-81 242 0 0 2 0 0 1
+11 484 121 0 2 0 0 1
+4 121 121 0 0 24
+3 242 121
jcnd=121/121 -71 
* 
-71 121 121 0 3 0 0 1
+1 605 121
jcnd=120/121 +3 
* 
* 3 1
+1 1 0 1
+84 363 121
+1 242 0 121 1 0 0 1
jump=121 +36 
* 
-83 480 0 120 2
jcnd=120/120 +82 
* 

fl=(238)
fn=(1824)
21 480 0 240 6 0 0 1
+1 240 240 0 0 43
+2 240
jcnd=120/120 +15 
* 
+15 480 360 0 1 0 0 1

fl=(181) ./nptl/./nptl/pthread_once.c
fn=(882) __pthread_once_slow
68 2 0 2 2 0 0 1
fi=(184) ./nptl/../sysdeps/nptl/futex-internal.h
+78 2
+1 2
fe=(181)
-79 16 2 6
+8 2 2
+4 4
jcnd=2/2 +8 
* 
+52 18 12
-44 4 2 0 2 2 0 1 1
+4 4 0 2
+9 4
jcnd=2/2 +13 
* 
+13 26 0 14 4 0 0 2
cfi=(182)
cfn=(884)
calls=2 -89 
* 14 4 8 2 2 0 1
+2 2 0 2
cob=(7)
cfi=(170)
cfn=(848)
calls=1 0 
* 11 4 2 1
cob=(7)
cfi=(170)
cfn=(886)
calls=1 0 
* 2026 592 284 14 25 0 14 5
+2 6 0 2
cfi=(182)
cfn=(900)
calls=2 -78 
* 12 4 2 2 0 0 1
fi=(184)
+91 6
fe=(181)
-85 2 0 2 2 0 0 1
fi=(184)
+85 10
jfi=(181)
jcnd=2/2 -77 
* 
fe=(181)

fn=(880) pthread_once@@GLIBC_2.34
136 20 0 0 3 0 0 1
+3 20 20 0 0 3 0 0 1
+1 40
jcnd=2/20 +3 
* 
+4 36 18
-1 2
cfn=(882)
calls=2 -75 
* 2173 622 326 29 29 0 21 6

fl=(87) ./wcsmbs/../sysdeps/x86_64/multiarch/wcsnlen.c
fn=(302) wcsnlen
29 1 0 0 1 0 0 1
fi=(88) ./wcsmbs/../sysdeps/x86_64/multiarch/ifunc-wcslen.h
+5 4 2
-1 2
jcnd=1/1 +2 
* 
+2 3 1 0 1 0 0 1
+2 2
+4 3
+3 3
fe=(87)
-15 1 1

fl=(224)
fn=(1748)
27 240 0 0 2 0 0 1
+1 960 480 0 0 39
+2 240 240

fl=(262)
fn=(2114)
1278 2 0 0 1 0 0 1
+1 2 2
-1 4
+1 6 2
cfn=(2116) __printf_fp_l
calls=2 216 
* 3379 743 463 119 14 11 111 10

fn=(2116)
216 32 2 18 2 0 3 2
+50 2 2
-9 2 0 2
+17 2 0 2 1 0 1 1
-8 6
+32 2 2
-21 2
-11 4 0 2
+11 4
fi=(263) ./stdio-common/../include/../locale/localeinfo.h
+38 6 4 2 0 2
fe=(262)
-35 4 2 2
+18 4 0 0 1 0 0 1
+8 2 0 2
-72 2 0 2
-1 2 0 2
388 2 2
-1 4
jcnd=2/2 +5 
* 
+5 4 0 0 1 0 0 1
jcnd=2/2 +4 
* 
+4 14 6 0 2 2 0 2 2
jcnd=2/2 * 
* 
1272 24 18 0 1 0 0 1
396 12 0 2 3 0 1 2
cfi=(264)
cfn=(2120)
calls=2 33 
* 44 2 8 3 0 0 2
* 8
+36 2 2
+5 2
-49 2 0 2
+44 8
+1 2
+1 4
+3 16 0 0 1 0 0 1
jcnd=2/2 * 
* 
* 8 0 0 1 0 0 1
jcnd=2/2 * 
* 
+1 2
-1 2
+1 6
-1 2
+1 4
-1 2 0 2
+1 4
jcnd=2/2 * 
* 
* 12 0 2 1 0 1 1
+1 2
-1 4 0 2
+1 12 0 0 1 0 0 1
jcnd=2/2 * 
* 
* 14 0 2 0 0 1
+6 2 0 2
-6 4 0 2 1 0 0 1
+7 4
jcnd=1/2 649 
* 
+17 1
+4 4
-4 2
jcnd=1/1 +11 
* 
+16 2 0 0 1 0 0 1
jcnd=1/1 +11 
* 
+11 1 0 0 1 0 0 1
-41 1
+10 1
+31 1 1
-30 7 0 1
jump=1 +28 
* 
+33 3 2
+41 1 1
+1 2 1
-1 1 0 1
+1 3 0 1
cob=(2)
cfi=(51)
cfn=(2124) 0x0000000004bac620
calls=1 0 
* 13 4 2 1 1 0 0 1
+16 7 3
jcnd=2/2 * 
* 
+9 11 0 0 1 0 0 1
+2 22
-74 24 24 0 0 4 0 0 4
-4 12
+4 48
jcnd=10/12 +72 
* 
* 1 1 0 1 1 0 1 1
-4 1
+4 4
jcnd=1/1 +72 
* 
+15 2 2
-13 4
jcnd=1/2 +3 
* 
+53 1 1
-2 6 2 1
cfi=(267)
cfn=(2128)
calls=1 48 
* 75 16 14 9 0 2 9
+5 2 2
+1 2
jcnd=1/1 +1 
* 
+7 10 4 4 2 0 0 2
cob=(2)
cfi=(51)
cfn=(2124)
calls=2 0 
* 26 8 4
+1 6 6
+1 6
+1 2
+3 2
-5 2
+1 2
+1 4
-1 2
+1 2
+5 4 0 0 1 0 0 1
jcnd=1/2 -74 
* 
+1 2 1 1
+6 2
+4 1 1
+4 1 1
-4 1 1
+4 2
-4 6 1 0 1 0 0 1
jump=1 * 
* 
* 4 1
+6 2
jcnd=1/1 +29 
* 
831 2 2 0 1 0 0 1
+10 2 2
-10 2 2
+10 2 2
+6 2 2
-16 2 0 2
+10 4 2
+6 2 0 2
-6 4 2 2 0 1 0 0 1
+2 4 0 0 1 0 0 1
+10 4 2
+20 12 0 4
+1 2 2
-13 2 2
+13 4 0 0 1 0 0 1
jcnd=1/2 * 
* 
+1 2
+13 3 1 2
+7 1 1
-8 1 0 1
+8 2 0 1
+3 6 3 1
+3 2 1
jcnd=1/1 -61 
* 
-6 1 1
-8 1 0 1
+8 2 0 1
+3 6 3 1 1 0 0 1
+3 2 1
jcnd=1/1 -61 
* 
+15 2 2 0 1 0 0 1
-1 8 2 2 2 0 0 1
+7 2
fi=(271) ./stdio-common/../sysdeps/pthread/allocalim.h
27 4 0 2
cfi=(270)
cfn=(2134)
calls=2 * 
* 22 4 0 1 1 0 1
+2 6 2
jfi=(262)
jcnd=2/2 932 
* 
fe=(262)
932 16 0 0 1 0 0 1
jcnd=2/2 * 
* 
* 20 0 8 1 0 0 1
+4 2 2
-3 2
+3 4
jcnd=1/2 +3 
* 
* 2 1
jcnd=1/1 +20 
* 
+3 5 2 0 1 0 0 1
-6 4
+9 3 0 1
cfn=(2138) hack_digit
calls=1 170 
* 119 33 21 8 0 1 8
* 9 0 3
cfn=(2138)
calls=3 170 
* 357 99 63
* 4 0 4
-3 8
jcnd=3/4 +3 
* 
+3 4 1 1 1 0 0 1
+4 6 3
jcnd=1/1 +1 
* 
+2 2 1
-4 1
+4 1 0 1
+14 1 1 0 1 0 0 1
-2 3 0 1
+1 4 0 2
+1 2 1
+1 2
-1 1 1
-2 3 0 1
+1 4 0 2
+1 2 1
+1 22 10
jcnd=2/10 * 
* 
* 16 8 0 1 0 0 1
+3 8
-1 8
+2 8
-1 8 0 8
cfn=(2138)
calls=8 170 
* 562 144 84 2 0 0 1
* 8 0 8
+3 16
jcnd=7/8 -7 
* 
* 2
-7 24 8
+1 16
jcnd=8/8 * 
* 
437 4 0 2 1 0 0 1
jump=2 +1 
* 
548 3 0 1 2 0 0 2
jump=1 +3 
* 
963 6 2
+15 6 4
jcnd=2/2 +1 
* 
+1 8 0 6 1 0 0 1
cfn=(2138)
calls=2 170 
* 173 46 28
+2 6 4
-2 2
+2 10
jfi=(273) ./stdio-common/../sysdeps/generic/get-rounding-mode.h
jcnd=2/2 94 
* 
fi=(273)
94 2 0 2 1 0 0 1
+1 14 2 0 1 0 0 1
fi=(274) ./stdio-common/../include/rounding-mode.h
-43 4
jfi=(262)
jcnd=2/2 1097 
* 
fe=(262)
1097 4
jcnd=2/2 * 
* 
* 4 2 0 1 0 0 1
+7 4
jcnd=2/2 +3 
* 
+3 6 2 0 1 0 0 1
jcnd=2/2 +13 
* 
+13 6 2 0 1 0 0 1
jcnd=2/2 +46 
* 
+46 4 4 0 1 0 0 1
+2 4 0 0 1 0 0 1
-2 10 2
+2 10 2 2
+2 16 4 0 1 0 0 1
jcnd=2/2 260 
* 
+10 10 4 0 1 0 0 1
jcnd=2/2 +8 
* 
+8 2 2 0 1 0 0 1
+7 2 2
-7 4
+7 4 2
jcnd=2/2 +5 
* 
+5 6 2 4 1 0 0 1
cob=(2)
cfi=(51)
cfn=(1006)
calls=2 0 
* 32 6 0 2 1 0 0 1
+2 4 4
-2 2
+2 4
jcnd=2/2 813 
* 
+5 6 2 0 1 0 0 1
+2 2 2
-2 2 0 2
+2 4
+11 16
jcnd=2/2 * 
* 
* 16 0 4 1 0 0 1
+7 24 6 6 1 0 0 1
jump=2 +1 
* 
+3 26
+3 26 0 13
-6 39
jcnd=2/13 +10 
* 
+1 45 15 0 1 0 0 1
jcnd=13/15 +2 
* 
+1 4 2
-2 2
+2 2 0 2
cob=(2)
cfi=(51)
cfn=(2146) 0x0000000004bac3e0
calls=2 0 
* 40 6 2 2 1 0 2
* 2
-2 4
jcnd=2/2 +1 
* 
+10 12 10 0 1 0 0 1
+17 10
jcnd=2/2 * 
* 
+3 6 2 0 2 0 0 1
+11 6 4
jcnd=2/2 +4 
* 
649 2 0 0 1 0 0 1
jcnd=1/1 +16 
* 
-98 6 4 2 1 0 0 1
cfi=(266)
cfn=(2126)
calls=2 31 
* 24 6 0 2 0 0 2
+3 2 2
-3 4
jcnd=2/2 +3 
* 
840 4 0 2 1 0 0 1
jump=2 +76 
* 
1175 6
jcnd=2/2 +2 
* 
874 2 1 0 1 0 0 1
+15 1 1
-1 2 0 1
+1 3 0 1
jump=1 +6 
* 
665 3 0 0 1 0 0 1
+5 1
-5 1 0 1
cfi=(265)
cfn=(2122)
calls=1 28 
* 16 2 1
+5 1 1
-18 1 0 1
+10 1
+3 1
+1 1 1
+24 1 0 1
-20 1
-4 4 1 2 1 0 0 1
+3 1 0 1
+1 2 0 1
jump=1 +5 
* 
789 12 0 0 1 0 0 1
-2 12
+2 24
jcnd=1/12 +2 
* 
* 22
675 12 0 0 1 0 0 1
+2 24 12
jcnd=12/12 789 
* 
1177 4 0 0 1 0 0 1
jcnd=2/2 +3 
* 
+77 8 0 0 1 0 0 1
jcnd=2/2 * 
* 
* 135 0 30
jcnd=2/15 883 
* 
* 75 45 0 1 0 0 1
jcnd=15/15 * 
* 
883 4
jump=2 1257 
* 
474 1 0 0 1 0 0 1
-2 1
+2 1
-3 2
+3 2
-3 1
+3 2
-3 1 0 1 0 0 1
cfi=(265)
cfn=(2122)
calls=1 28 
* 16 2 1 2 0 0 2
+4 9 2 1 1 0 0 1
+1 2
+1 5 1 2 1 0 0 1
jump=1 +2 
* 
260 4
jump=2 1175 
* 
947 5 2 0 2 0 0 2
jcnd=1/1 +1 
* 
+9 2 1
-1 2 0 1 1 0 0 1
-1 1 0 1
+2 1 0 1
835 2 0 1
jump=1 962 
* 
643 2 0 1 1 0 0 1
jump=1 831 
* 
791 3 1 0 1 0 0 1
+4 5 3 1
cfi=(268)
cfn=(2130)
calls=1 31 
* 33 4 3
+4 2 1
+1 1
-4 1 1
+4 2 1
-4 1 0 1
+3 1 1 0 1 0 0 1
+1 4
jcnd=1/1 +8 
* 
+9 1 1
+1 1 0 1
-1 1 0 1
+4 3 1 1
jump=1 +18 
* 
* 2 0 0 1 0 0 1
1203 4
jump=2 +4 
* 
608 1 0 0 1 0 0 1
-3 1
+3 7 0 0 1 0 0 1
+16 2
+2 1
-2 1 0 1
cfi=(269) ./stdlib/../sysdeps/x86_64/rshift.S
cfn=(2132) __mpn_rshift
calls=1 28 
* 18 3 2 3 0 0 3
+3 2 1
-1 1
+1 1 1
-1 1 0 1
+1 3 0 1
cfi=(269)
cfn=(2132)
calls=1 28 
* 18 3 2
+2 6 3 0 1 0 0 1
jcnd=1/1 +14 
* 
808 3 1 1 1 0 0 1
cfi=(269)
cfn=(2132)
calls=1 28 
* 18 3 2
* 1
jump=1 +1 
* 

fn=(2138)
170 56 0 28 2 0 0 1
+3 42 14
jcnd=7/14 +2 
* 
* 14 7
jcnd=7/7 * 
* 
+2 14 14
+2 28 28
-2 28
jcnd=7/14 +2 
* 
+8 14 0 0 1 0 0 1
jcnd=7/7 +4 
* 
+21 21 0 7
cfi=(268)
cfn=(2130)
calls=7 31 
* 147 21 14
+1 14
+1 35 14 14
+4 35 21
-23 49 14 7 1 0 0 1
cfi=(272)
cfn=(2140)
calls=7 46 
* 322 84 77 4 0 1 4
+2 7 7
-2 7
+2 21 14 7
+1 7 7
+2 14 7 7
+1 28 7 0 1 0 0 1
jump=7 * 
* 
* 14 7
+7 14
jump=7 +4 
* 
-23 7
+1 21
-1 7 7
+1 7 0 7
cfi=(268)
cfn=(2130)
calls=7 31 
* 147 21 14
* 7 0 7
+31 7
+1 35 21
-37 42 7 7 1 0 0 1
jcnd=7/7 +2 
* 

fl=(99) ./wcsmbs/../sysdeps/x86_64/multiarch/wcscmp.c
fn=(332) wcscmp
30 1
fi=(95)
+3 5 2 0 1 0 0 1
-1 2
jcnd=1/1 +2 
* 
+2 3 1
+2 2
+4 3
+3 4 0 0 1 0 0 1
fe=(99)
-13 1 1

fl=(100) ./string/../sysdeps/x86_64/multiarch/stpncpy.c
fn=(336) stpncpy
31 1 0 0 1 0 0 1
fi=(101)
+5 2 2
+1 1 1
-1 2
+1 2 0 0 1 0 0 1
jcnd=1/1 +2 
* 
+2 2
+4 3
+3 3 0 0 1 0 0 1
fe=(100)
-15 1 1

fl=(204) ./io/../sysdeps/unix/sysv/linux/open64.c
fn=(1478) open
30 4 0 2 2 0 0 1
+3 2
-3 16 2 6 2 0 0 1
+3 4
jcnd=1/2 +3 
* 
* 4
+8 6 2
jcnd=1/2 -3 
* 
* 7 0 0 1 0 0 1
+2 14 10
-7 2 0 1 1
+1 1 1
-1 3 0 2 1 0 0 1
+2 1
jump=1 +3 
* 
* 1 0 1
+3 1 0 1
cfi=(248)
cfn=(1874)
calls=1 -10 
* 13 5 1 2 1
* 12 1 2 1 0 0 1
cfi=(248)
cfn=(1876)
calls=1 +15 
* 6 2 1
* 2 1
jump=1 +2 
* 

fl=(161)
fn=(532)
96 2 0 1 1 0 0 1
+5 1
-5 1
+5 1
-5 3 1 1
+5 3 0 1 1 0 0 1
cob=(2)
cfi=(51)
cfn=(520)
calls=1 0 
* 22 5 1 0 2 0 0 1
+2 4 0 1
cob=(2)
cfi=(51)
cfn=(520)
calls=1 0 
* 22 5 1 0 2 0 0 1
+2 4 0 1
cob=(2)
cfi=(51)
cfn=(520)
calls=1 0 
* 22 5 1 0 2 0 0 1
+2 4 0 1
cob=(2)
cfi=(51)
cfn=(520)
calls=1 0 
* 22 5 1 0 1
+2 4 0 1 1 0 0 1
cob=(2)
cfi=(51)
cfn=(520)
calls=1 0 
* 22 5 1 0 2 0 0 1
+4 3 1 0 0 1 0 0 1
+1 1 0 1 0 0 1 0 0 1
+1 6 4

fl=(208) ./io/../sysdeps/unix/sysv/linux/read.c
fn=(1544) read
25 2 0 0 1 0 0 1
+1 12 2
+1 2 2

fl=(192) ./string/../sysdeps/x86_64/multiarch/strlen-avx2.S
fn=(1008) __strlen_avx2
50 132 0 0 2 0 0 1
+13 132
+1 132
+1 132
+3 132
+2 132
+1 132
+3 132 132 0 3 19 0 1 14
+1 132
+8 132
+1 132
jcnd=1/132 219 
* 
+1 131
+5 262 131
+26 1
+13 1
+1 1
+1 1
+6 2 1
+82 1 0 0 1 0 0 1
+15 1 1
+6 1
+1 1
+1 1
jcnd=1/1 116 
* 

fl=(247)
fn=(1872)
138 84 0 42 1 0 0 1
-61 28 0 0 2 0 0 1
+3 28
+3 42
+1 28
-27 42 14
jcnd=14/14 +84 
* 
* 14 0 0 2 0 0 1
+46 112 14 14
jcnd=14/14 +10 
* 
+10 14
+28 98 56 28 1 0 0 1
-84 28 0 28
cfi=(248)
cfn=(1874)
calls=14 -26 
* 182 70 14 2 14 0 2
* 168 42 14 8 0 0 1
cfi=(248)
cfn=(1876)
calls=14 -1 
* 84 28 14 7 0 0 1
* 14
jump=14 * 
* 

fl=(91) ./wcsmbs/../sysdeps/x86_64/multiarch/wcslen.c
fn=(310) wcslen
29 1 0 0 1 0 0 1
fi=(88)
+5 4 2
-1 2
jcnd=1/1 +2 
* 
+2 3 1 0 1 0 0 1
+2 2
+4 3
+3 3
fe=(91)
-15 1 1

fl=(127) ./string/../sysdeps/x86_64/multiarch/strncase.c
fn=(406) strncasecmp
31 1 0 0 1 0 0 1
fi=(285)
+1 5 2
jfi=(127)
jcnd=1/1 -1 
* 
fe=(127)
-1 1 1

fl=(177)
fn=(672)
35 23 0 0 7 0 0 1
+1 92 23 23
+1 46
+6 23
+1 23 23

fl=(278) ./io/../sysdeps/unix/sysv/linux/write.c
fn=(2226) write
25 1 0 0 1 0 0 1
+1 3 1
jcnd=1/1 -1 
* 
-1 4 0 3 1 0 0 1
+1 1 0 1
cfi=(248)
cfn=(1874)
calls=1 +5 
* 13 5 1 1
* 11 3 2 1 0 0 1
cfi=(248)
cfn=(1876)
calls=1 +30 
* 6 2 1
* 1 1
+1 2 1

fl=(201)
fn=(1636)
53 4 0 0 2 0 0 1
+1 8 4
jcnd=2/4 +28 
* 
+28 4 2
cfn=(1638) __GI__IO_un_link.part.0
calls=2 -30 
* 208 60 62 16 7 0 7

fn=(1772)
518 79 0 0 1 0 0 1
+3 237 79 0 0 23
jcnd=78/79 +5 
* 
1067 1 1 0 0 1
523 1 0 1
+1 3
+1 1 0 1 0 0 1
1081 1 1
524 2
jcnd=1/1 +1 
* 
+1 2 0 2 0 0 2
1081 2 2
524 4
jcnd=1/2 +1 
* 
+2 79 79 0 6

fn=(2040) _IO_doallocbuf
343 1 0 0 1 0 0 1
+1 2 1
jcnd=1/1 -1 
* 
-1 3 0 3
+3 4 1
jcnd=1/1 +1 
* 
+1 1 1
fi=(216)
940 3 0 0 1 0 0 1
+2 2
+1 2
fe=(201)
347 2 1 1 0 1
cfi=(254)
cfn=(2042)
calls=1 78 
* 461 96 65 22 4 0 15
* 2
jcnd=1/1 +3 
* 
+3 4 4 0 1 0 0 1

fn=(2056)
371 5 0 0 1 0 0 1
+3 10
jcnd=4/5 +19 
* 
-3 8 0 4
fi=(216)
940 1
fe=(201)
371 1 0 1
fi=(216)
940 1
fe=(201)
371 1 0 1
fi=(216)
940 1
fe=(201)
371 2
jump=1 +8 
* 
+18 2 0 0 1 0 0 1
jcnd=1/1 +4 
* 
+8 1
+2 2
jcnd=1/1 +5 
* 
-20 4 2 0 1 0 0 1
+2 3
+3 2
jcnd=1/1 +5 
* 
+20 1 0 0 1 0 0 1
-29 1
+29 7 7
-11 10 0 0 1 0 0 1
jcnd=1/1 +1 
* 
+1 2 1 1 1 0 0 1
-1 2
+1 2 1 1
-1 2
jcnd=1/1 +1 
* 
+1 4 0 1
jump=1 +3 
* 
* 4 1 1 2 1 0 2 1
-1 3
jcnd=1/1 +1 
* 
* 4
+11 4 4

fn=(1464) _IO_old_init
531 4 0 0 2 0 0 1
+3 4 4 0 0 2 0 0 1
-2 4
+2 4
+5 4
-7 4 0 4
+2 4
+10 4 0 4 2 0 0 1
-10 4
+16 4
-11 4 0 4
-5 4
+16 4 0 4
-16 4 0 4
+21 4 4
-16 20 0 20 0 0 2 0 0 1
+16 8
jcnd=2/4 +3 
* 
+1 4 0 4 0 0 2 0 0 1
+2 4 4

fn=(2392) _IO_flush_all_lockp
686 12 1 7 2 0 0 2
+5 6 0 3
cfi=(203)
cfn=(1470)
calls=1 24 
* 10 3 4
+1 9 3 2 1 0 0 1
+3 1 1
-8 1
+5 2 0 1
+3 2
fi=(216)
940 4 0 0 1 0 0 1
jfi=(201)
jump=1 697 
* 
fe=(201)
709 6 0 0 1 0 0 1
jcnd=3/3 +2 
* 
+2 3 0 3
-16 9 3 0 0 1
jcnd=1/3 +20 
* 
+2 3 0 3 1 0 0 1
+1 6
jcnd=3/3 +3 
* 
+3 21 9 0 2 2 0 2 1
jump=3 +8 
* 
+14 9 2 3
+1 2 0 1 1 0 0 1
cfi=(203)
cfn=(1472)
calls=1 39 
* 8 3 2
+4 12 9

fn=(1654) _IO_default_finish
601 6 0 2 2 0 0 1
+2 6 2 0 2 0 0 1
jcnd=2/2 +6 
* 
+6 6 2
jcnd=2/2 +3 
* 
+3 6 2
jcnd=2/2 54 
* 
54 4 2
624 4 4

fn=(2400) _IO_default_setbuf
452 2 0 1 1 0 0 1
fi=(216)
940 1
fe=(201)
452 2 0 1 1 0 0 1
fi=(216)
940 1
fe=(201)
452 1 0 1
fi=(216)
940 1
fe=(201)
452 4 0 1
+1 1 1
fi=(216)
942 2
+1 2
fe=(201)
453 2 1 1
cfi=(202)
cfn=(2220)
calls=1 792 
* 18 7 3
* 2
+4 1 1
330 1 1 0 1 0 0 1
462 1
-7 2
jcnd=1/1 +2 
* 
332 2
+5 1
-5 1
+5 1 0 1
467 1
332 1 0 1
466 4 0 3
+2 6 5
-11 1 0 0 1 0 0 1
+1 2
-1 1 0 1
330 4
jcnd=1/1 +2 
* 

fn=(1642) _IO_unsave_markers
960 4 0 2 2 0 0 1
+2 2 2
-2 2
+2 2
jcnd=2/2 +5 
* 
+5 6 2 0 2 2 0 1
jcnd=2/2 +2 
* 
+2 4 4

fn=(2390)
863 2 0 1 1 0 0 1
+3 1
-3 9 1 6
-77 1
+80 1 0 1
cfn=(2392)
calls=1 686 
* 126 34 29 9 3 0 9 1
-80 2 0 1 1 0 0 1
+80 1
-80 3 0 2
cfi=(203)
cfn=(1470)
calls=1 24 
* 10 3 4
+1 9 3 2 1 0 0 1
+3 1 1
-3 2 0 1
+3 2
fi=(216)
940 4
jfi=(201)
jump=1 799 
* 
fe=(201)
838 3 0 3
-48 9 3
jcnd=1/3 +52 
* 
+9 9 3 0 1 1 0 1
jcnd=1/3 +39 
* 
+2 6 2
jcnd=1/2 +37 
* 
+6 13 4 3 1 0 0 1
+8 5 2 0 1 1 0 1
jcnd=1/1 +4 
* 
+9 1 1
fi=(216)
942 2
+1 2
fe=(201)
824 4 1 1
cfi=(202)
cfn=(2398) _IO_file_setbuf@@GLIBC_2.2.5
calls=1 381 
* 83 19 19 5 0 0 5
+2 3 1
jcnd=1/1 +4 
* 
+4 5 1 0 1 0 0 1
+1 8 2 3
jcnd=1/1 +7 
* 
+11 9 2 3 1 0 0 1
+1 2 0 1
cfi=(203)
cfn=(1472)
calls=1 39 
* 8 3 2
+35 12 9
-59 1 1 0 1 0 0 1
-2 1
+3 1 0 1
-3 1 0 1
+2 3 1 1 1 0 0 1
jump=1 +5 
* 

fn=(1648)
329 45 0 10 2 0 0 1
+1 20 10 0 2 0 0 1
jcnd=5/5 +5 
* 
+5 10
-3 5 0 5
+3 20 0 5
+3 20 15

fn=(1468) _IO_link_in
87 28 0 20 2 0 0 1
+1 4 4
-1 12 4 4
+1 12
jcnd=2/4 +2 
* 
+18 40 32
-16 2 0 0 2 0 0 1
+2 6
-2 2 0 2
+2 2
+1 2
-1 6 0 6 2 0 0 1
cfi=(203)
cfn=(1470)
calls=2 -68 
* 20 6 8 2 2 0 1
+1 18 6 4 2 2 0 1 1
+2 2 2
-1 2 0 2
-1 4 0 2
+2 20 8 2 2 0 0 1
+5 2 2
-3 2 2 0 0 2
-2 4 0 4
+3 2 0 2
-1 2 0 2
+3 24 8 6 2 0 0 1
jcnd=2/2 +1 
* 
+1 2 0 2 2 0 0 1
+1 14 2 6
+1 4 0 2
cfi=(203)
cfn=(1472)
calls=2 -64 
* 16 6 4 2 0 0 1
+3 2
jump=2 * 
* 

fn=(1638)
52 4 0 4 2 0 0 1
+7 2
-7 14 2 6 2 0 0 1
+6 12 0 6
cfi=(203)
cfn=(1470)
calls=2 -34 
* 20 6 8 1 3
+1 18 6 4 2 1 0 1
+2 2 2
-1 2 0 2
-1 4 0 2
+2 20 6 2 2 2 0 1
+13 2 2
-13 2 2
+2 2 2 0 0 1
+13 2 0 0 2 0 0 1
-15 4 0 4
+15 2
-13 4
+3 2 2
-1 4
+1 2 0 2
+8 4 0 2
+2 22 6 6 2 0 0 1
+2 4 2
-1 2 0 2
+1 14 2 6 2 0 0 1
+1 4 0 2
cfi=(203)
cfn=(1472)
calls=2 -40 
* 16 6 4 1
+3 18 14

fn=(1462)
563 40 0 16 2 0 0 1
+1 4 0 4
cfn=(1464)
calls=4 -33 
* 96 12 44 4 2 4 2 1 2
+1 4 0 4 0 0 2 0 0 1
+1 8
jcnd=2/4 +20 
* 
+2 2 0 2 2 0 0 1
+4 2
+7 2 0 2 0 0 2 0 0 1
+2 2 0 2 0 0 1
-9 10 0 10
+15 2 0 2
+1 12 10
-1 2 0 2
+1 12 10
-2 4 0 2 1 0 0 1
jump=2 +1 
* 

fl=(193) ./string/../sysdeps/x86_64/multiarch/memcmp-avx2-movbe.S
fn=(1012) __memcmp_avx2_movbe
71 54 0 0 2 0 0 1
+7 54
+1 54
jcnd=53/54 399 
* 
+3 1 1
+1 1 1
+1 1
+4 1
+1 1
+2 1
+1 1
+3 1 1
+1 1 1
+1 1
+3 1
+1 1 0 0 1 0 0 1
+3 1
+1 1
+3 1 1
+1 1 1
+1 1
+1 1
+1 1
+1 1 1
+1 1 1
+1 1
+1 1
+1 1
+3 1 0 0 1 0 0 1
+1 1
+6 1 1
+1 1 1
+1 1
+1 1
+4 1 1
+1 1 1
+2 1 1
+1 1 1
+1 1 1
+1 1 1
+3 1
+1 1 0 0 1
+1 1
+1 1
+1 1
+1 1
+2 2 1
+4 39 0 0 1 0 0 1
+10 39 39
+1 39 39
+1 39
+3 78 39
399 53 0 0 1 0 0 1
+1 53
+5 53
+1 53
+1 53
+1 53
+1 53
+3 53 53
+1 53 53
+1 53 0 0 1 0 0 1
+1 53
+3 53
+1 53
jcnd=39/53 154 
* 
+1 14
+1 28 14

fl=(109) ./string/../sysdeps/x86_64/multiarch/strncase_l.c
fn=(356) strncasecmp_l
31 1 0 0 1 0 0 1
fi=(285)
+1 5 2
jfi=(109)
jcnd=1/1 -1 
* 
fe=(109)
-1 1 1 0 1 0 0 1

fl=(155)
fn=(512)
29 121 0 0 2 0 0 1
+2 847 605 121 0 70
+2 484 242 121 0 1
+2 484 242 121 9 0 0 1
+1 121 121

fl=(173)
fn=(1808) alloc_new_heap
484 8 0 6 1 0 0 1
51 3 1
jcnd=1/1 * 
* 
491 3
+2 3
+6 2 0 0 1 0 0 1
+7 1 1
+2 1
-9 1
+9 1
-9 4 0 1
+7 2
jcnd=1/1 +12 
* 
+12 7 0 1 2 0 0 2
cfi=(212)
cfn=(1566)
calls=1 47 
* 9 1
* 1
+1 2
+2 1
+1 3
+2 1
-3 1
+6 1
-3 2
jcnd=1/1 +1 
* 
+4 4 0 1 1 0 0 1
cfi=(226)
cfn=(1810)
calls=1 117 
* 6 1
+17 4 0 1
cfi=(226)
cfn=(1752)
calls=1 117 
* 6 1
* 2
fi=(172)
2028 4 1
fe=(173)
554 1 1
+2 1 0 1 0 0 1 0 0 1
-2 1 0 1
+3 1
+2 9 7 0 1 0 0 1
51 1 0 0 1 0 0 1
+10 2
jump=1 491 
* 
525 3 0 2 1 0 0 1
cfi=(226)
cfn=(1810)
calls=1 117 
* 6 1 0 1 0 0 1
* 2 1
jump=1 +3 
* 

fn=(1834)
999 960 0 720 9 0 0 1
fi=(172)
3206 120 120
+2 120 120
-2 120 120
+2 120 0 120
+2 240
+4 360 0 120
+4 120 0 120
fe=(173)
162 120 0 0 1 0 0 1
fi=(172)
3220 360 120
jcnd=120/120 -2 
* 
* 22680 7560 0 0 92
jcnd=7428/7560 -2 
* 
* 132
+3 312
+3 156
3364 156 156
+2 156
3226 468 156 156
3368 156 156
-4 156 156
+4 312 0 0 2 0 0 1
jcnd=156/156 +17 
* 
+26 156 0 156
3220 468 156
jcnd=24/156 +3 
* 
-2 23040 7680 0 8 0 0 1
jcnd=7560/7680 +2 
* 
+13 240 0 120
cfn=(1618)
calls=120 3352 
* 19048 5296 2160 10 0 0 7
* 120
fe=(173)
1005 240 240
+1 120 0 120
+2 240
+2 480 0 120 8 0 0 1
+3 360 120
+1 360 0 120
+2 120 120
+1 120 0 120
-1 120 0 120
+3 480 120 120
+2 960 840
fi=(172)
3385 312 156 0 1 0 0 1
jcnd=156/156 3224 
* 
fe=(173)
162 468
jfi=(172)
jcnd=120/156 3391 
* 
61 36 36
+95 180
+6 72 36
fi=(172)
3391 72 0 36
cfn=(1622)
calls=36 4421 
* 4824 1314 630 3 38 1
* 240 0 120 2 0 0 1
cfn=(1622)
calls=120 4421 
* 9628 2400 1200 3 42 15 3
* 156
jump=156 +3 
* 
3224 156 0 156 2 0 0 1
+17 468 312
jfi=(173)
jcnd=156/156 162 
* 
fe=(173)

fn=(654)
313 1 0 1 1 0 0 1
fi=(172)
3162 3 0 0 1 0 0 1
fe=(173)
313 5 1 2
+5 1 0 1
fi=(172)
3162 2 0 1
cfi=(174)
cfn=(656)
calls=1 28 
* 9 2 0 2 0 0 2
* 2
jfi=(173)
jcnd=1/1 343 
* 
fe=(173)
343 2 1 0 2 0 0 2
jcnd=1/1 +4 
* 
+4 3 1 1 0 1
fi=(172)
1966 4
+3 1
-3 1
+3 2 0 1 0 0 1 0 0 1
-3 2 0 0 1 0 0 1
jcnd=1/1 +3 
* 
+3 126
-3 126
+3 252 0 126 0 0 32 0 0 31
-3 252
jcnd=125/126 +3 
* 
fe=(173)
352 3
fi=(172)
1977 1 0 1 0 0 1 0 0 1
+1 1 0 1 0 0 1 0 0 1
+2 1 0 1
fe=(173)
352 1 0 1
cob=(2)
cfi=(51)
cfn=(520)
calls=1 0 
* 23 5 1 0 1
+1 4 0 1 1 0 0 1
cob=(2)
cfi=(51)
cfn=(520)
calls=1 0 
* 22 5 1 0 1
+1 4 0 1
cob=(2)
cfi=(51)
cfn=(520)
calls=1 0 
* 23 5 1 0 1
+1 4 0 1
cob=(2)
cfi=(51)
cfn=(520)
calls=1 0 
* 23 5 1 0 1
+1 4 0 1 1 0 0 1
cob=(2)
cfi=(51)
cfn=(520)
calls=1 0 
* 22 5 1 0 2 0 0 1
+1 4 0 1
cob=(2)
cfi=(51)
cfn=(520)
calls=1 0 
* 23 5 1 0 1
+1 4 0 1
cob=(2)
cfi=(51)
cfn=(520)
calls=1 0 
* 23 5 1 0 1
+2 4 0 1 1 0 0 1
cob=(2)
cfi=(51)
cfn=(520)
calls=1 0 
* 23 5 1 0 2 0 0 1
+1 4 0 1
cob=(2)
cfi=(51)
cfn=(520)
calls=1 0 
* 23 5 1 0 2 0 0 1
+1 4 0 1
cob=(2)
cfi=(51)
cfn=(520)
calls=1 0 
* 23 5 1 0 1
+3 4 0 1
cob=(2)
cfi=(51)
cfn=(520)
calls=1 0 
* 23 5 1 0 1
+1 4 0 1 1 0 0 1
cob=(2)
cfi=(51)
cfn=(520)
calls=1 0 
* 23 5 1 0 2 0 0 1
+1 2 1 0 0 1 0 0 1
jcnd=1/1 +63 
* 
+63 7 5

fn=(1804)
809 120 0 120 2 0 0 1
+3 120 120 0 0 1
-3 240 0 240 0 0 7
+1 240 240
+2 120
jcnd=1/120 -1 
* 
+2 476 0 119 1 0 0 1
+1 119 119
+1 238
+2 119 119 0 0 7
+3 119 119
-3 119 0 119
+3 119
+1 119 0 119
-97 238
jcnd=119/119 826 
* 
826 476 119 119 8 0 0 1
+2 238
+2 119
+1 476 0 119 0 0 7
+1 119 0 119
+5 595 476 0 1
-26 1 0 0 1 0 0 1
+26 5 4

fn=(1806)
934 1 1 0 1 0 0 1
+4 1 1 0 0 1
-14 7 0 5
+10 2 0 0 1 0 0 1
+2 3 1 0 0 1
jcnd=1/1 +2 
* 
+23 3
jcnd=1/1 +2 
* 
+12 7 6 0 1 0 0 1
-33 2 1 0 1 0 0 1
jcnd=1/1 +21 
* 
+23 7 1 1 1 0 0 1
jcnd=1/1 565 
* 
565 1 1 0 1 0 0 1
744 2 1 0 1 0 0 1
565 2
+11 7 2 1 0 1
cfn=(1808)
calls=1 -92 
* 110 16 14 9 0 1 9 0 1
* 1
746 2
+9 3 0 1 1 0 0 1
fi=(172)
1966 2
+3 1
-3 1
+3 2 0 1 0 0 1 0 0 1
-3 2
jcnd=1/1 +3 
* 
+3 126
-3 126
+3 252 0 126 0 0 32 0 0 32
-3 252
jcnd=125/126 +3 
* 
+7 3
+2 1 0 1
+3 1 0 1
fe=(173)
763 1 0 0 1 0 0 1
-1 1
-5 1 0 1
+2 3 1 2 0 0 1 0 0 1
+5 2
+1 2
+2 1
-1 1 0 1 1 0 0 1
+1 3 0 1
+2 1
+1 1 1
+4 1
-4 1 1
+1 1 0 1
+3 1
-2 1 0 1
+2 2 0 1
+3 2 1 1 1 1 0 1
+7 1
-2 1 0 1
+2 3 1 1
+2 4 0 1
-61 2
jcnd=1/1 +63 
* 
+63 4 1 1 1 0 0 1
+12 4 0 1
jcnd=1/1 971 
* 

fl=(212)
fn=(1566)
47 142 0 0 1 0 0 1
+3 142
+8 284
+2 71 71

fl=(108) ./string/../sysdeps/x86_64/multiarch/strcat.c
fn=(352) strcat
29 1 0 0 1 0 0 1
fi=(101)
+7 2 2
+1 1 1
-1 2
+1 2
jcnd=1/1 +2 
* 
+2 2 0 0 1 0 0 1
+4 3
+3 3
fe=(108)
-17 1 1

fl=(191) ./wctype/./wctype/wctype_l.c
fn=(1004) wctype_l
26 70 0 50 1 0 0 1
+7 10
-7 30 0 10
+3 10 0 10
cob=(2)
cfi=(51)
cfn=(1006)
calls=10 -29 
* 160 30 0 3 3 0 3 2
+3 10 10
-3 10
+3 10 10 0 0 1
+1 10
jump=10 +2 
* 
+7 48
+1 96 48
-8 48
+2 96 0 48
cob=(2)
cfi=(51)
cfn=(1006)
calls=48 -35 
* 768 144 0 0 1 0 0 1
* 20 0 10 1 0 0 1
cob=(2)
cfi=(51)
cfn=(1006)
calls=10 -35 
* 160 30 0 0 1 0 0 1
* 58
+2 116
jcnd=9/58 +3 
* 
* 196 0 49
cob=(2)
cfi=(51)
cfn=(1010) 0x0000000004bac520
calls=49 -37 
* 1146 274 0 5 1 0 5
* 98
jcnd=39/49 +3 
* 
+8 10 10 0 0 1
+1 10 10 0 0 2
+1 80 70

fl=(194)
fn=(1342)
29 4 0 2 1 0 0 1
+15 1
-15 5 1 3
+15 1 0 1 1 0 0 1
cfi=(195)
cfn=(1344)
calls=1 -16 
* 34 7 10 4 1 0 4
* 1
+2 2
+5 2 1 1 0 1
+1 2 1 1 0 1
+3 2 0 1
+3 6 5 1 1 2 0 1
cob=(8)
cfi=(178)
cfn=(1350) main
calls=1 -58 
* 95215861 20896591 15869365 2528 217350 212490 1396 393 157546
* 1 0 0 1
+16 1 0 1
cfi=(276)
cfn=(2200)
calls=1 +68 
* 10914 3361 1752 177 196 8 126 17 1

fl=(202)
fn=(1474)
213 22 2 14 2 0 0 1
+9 4 2
+2 12 2 0 0 2 0 0 1
jcnd=1/2 +4 
* 
* 2 0 0 1
jcnd=1/1 * 
* 
356 24 18 0 1 0 0 1
224 3 0 0 1
+23 28 4 0 3 3 0 2 2
jump=2 * 
* 
* 12 2
jcnd=2/2 * 
* 
* 4 0 0 2 0 0 1
jcnd=2/2 * 
* 
* 2 0 0 2 0 0 1
+33 8 0 2
cfn=(1476) _IO_file_open
calls=2 -98 
* 213 56 43 16 1 0 8
* 2
+3 4
+3 6 0 2
cfi=(205)
cfn=(1480)
calls=2 77 
* 114 30 16 12 4 0 6 1
* 2
+1 4
jcnd=2/2 +69 
* 
-59 1 0 0 1 0 0 1
-1 1
-13 2
jump=1 +33 
* 

fn=(1640)
128 8 0 6 2 0 0 1
+2 6 2
+4 4 2
+3 2
-3 2
-1 4
+6 2
+3 2 0 0 2 0 0 1
-3 2 0 2
cfi=(201)
cfn=(1642)
calls=2 960 
* 20 8 2 4 2 0 2
+3 6 4 0 0 1
fi=(216)
940 6
+2 4
+1 4
fe=(202)
142 4 2 2 0 1
cfn=(1644) _IO_file_close
calls=2 1164 
* 18 4 0 4 0 0 2
* 2 0 0 2 0 0 1
+3 6 2
jcnd=2/2 +8 
* 
+8 10 0 2 2 0 0 1
cfi=(201)
cfn=(1648)
calls=2 329 
* 48 10 8 2 0 0 2
+1 2
+3 2
-3 6 0 6
+3 2 0 2
cfi=(201)
cfn=(1636)
calls=2 53 
* 8 4
+5 2
-4 2 0 2
+1 2 0 2
+3 2 0 0 2 0 0 1
-2 2 0 2
+3 10 8

fn=(2054) _IO_do_write@@GLIBC_2.2.5
423 2 0 0 1 0 0 1
+2 6
jcnd=1/2 -2 
* 
+1 1 1
-3 1 0 1 1 0 0 1
fi=(216)
940 1
fe=(202)
423 2 0 2
fi=(216)
940 1
fe=(202)
423 1 0 1
fi=(216)
940 2
fe=(202)
423 5 0 2
+20 1 1
-10 2 1
+7 4 2 0 1 0 0 1
jfi=(216)
jcnd=1/1 942 
* 
fi=(216)
942 2 0 0 1 0 0 1
+1 2
fe=(202)
448 4 1 1
cfn=(2224) _IO_file_write@@GLIBC_2.2.5
calls=1 1173 
* 79 21 13 7 0 0 6
* 1
+1 5 1
+2 1 1
+4 2 1 0 1 0 0 1
-3 2 0 1
-1 2 0 2
+4 2
jcnd=1/1 -1 
* 
* 1 1
-2 1 0 1
-28 4
+1 8 7
+28 3 1 0 1 0 0 1
jump=1 +1 
* 

fn=(2224)
1173 7 0 4 1 0 0 1
+2 6
jump=1 +4 
* 
+5 1 0 1
cfi=(278)
cfn=(2226)
calls=1 25 
* 42 13 8 4 0 0 3
+1 2
+5 1
+1 1
-12 2
jcnd=1/1 +14 
* 
+4 3 1 0 1 0 0 1
+1 2 1
jcnd=1/1 * 
* 
+10 3 1
jcnd=1/1 +3 
* 
+3 6 5
-4 3 0 0 1 0 0 1
jump=1 +1 
* 

fn=(1476)
182 4 0 2 2 0 0 1
+3 2
-3 14 0 4
+2 4 2
+4 2 0 2
cfi=(204)
cfn=(1478)
calls=2 30 
* 99 24 17 10 1 0 5
* 2
+1 4 0 0 2 0 0 1
+3 4 2
+3 2
-4 2 0 2
+1 8 0 2
+3 4
jcnd=2/2 +10 
* 
+10 4 0 2 2 0 0 1
cfi=(201)
cfn=(1468)
calls=2 87 
* 48 20 12
+1 2
+1 8 8

fn=(2398)
381 3 0 1
+1 1 0 1
cfi=(201)
cfn=(2400)
calls=1 +70 
* 69 16 14 4 0 0 4
* 2
+3 1 1
+4 2
-2 3 0 3 1 0 0 1
+3 2 2

fn=(2036)
1197 95 0 76 1 0 0 1
+7 19
-7 57 0 38
+6 76
+9 38 19
-2 76 19
+17 57 19
jcnd=1/19 +4 
* 
+1 18
+3 54
+2 18
+2 18
+2 36
-2 18
+1 18
+1 18
-2 18 0 18
cob=(2)
cfi=(51)
cfn=(2146)
calls=18 0 
* 350 68 32 0 1 1 0 1
* 18 0 18
+4 36
+28 171 133 0 1 0 0 1
-36 1 0 0 1 0 0 1
+12 1 1
fi=(216)
940 3
+2 2 0 0 1 0 0 1
+1 2
fe=(202)
1243 3 1 1
cfn=(2038) _IO_file_overflow@@GLIBC_2.2.5
calls=1 731 
* 543 115 81 31 5 0 24
* 2
+6 2 2
+1 7
+2 2
+11 3 0 0 1 0 0 1
+1 4 0 1
cfi=(201)
cfn=(2056)
calls=1 371 
* 70 12 10 8 1 0 8 1
+2 3
jump=1 +1 
* 

fn=(2044)
1146 1 0 0 1 0 0 1
+1 2 1
cfi=(255)
cfn=(2046)
calls=1 29 
* 15 1 0 3 0 0 3

fn=(2220)
792 55 0 22 1 0 0 1
+5 44 22 0 1 1 0 1 1
jcnd=10/11 +2 
* 
+1 3 1
jcnd=1/1 * 
* 
+1 11 11
+1 22 11
jcnd=11/11 +11 
* 
+11 22 0 11 1 0 0 1
+4 44 33
-17 2 0 1 1 0 0 1
cfn=(2054)
calls=1 423 
* 143 38 24 12 0 0 11
* 2
jcnd=1/1 +1 
* 

fn=(1644)
1164 2 0 0 2 0 0 1
+3 4 2
cfi=(215)
cfn=(1646)
calls=2 25 
* 12 2 0 2 0 0 1

fn=(1466)
106 2 0 0 2 0 0 1
+5 2 0 2
-5 4 0 2
+4 2 0 2
+3 2 0 2
cfi=(201)
cfn=(1468)
calls=2 -26 
* 208 62 66 18 6 0 9 1
+1 2 0 2
+1 4 4

fn=(1652)
168 10 0 4 2 0 0 1
+1 4 2 0 2 0 0 1
jcnd=2/2 +7 
* 
+7 2 0 0 2 0 0 1
-1 4
+1 4 4
-1 2
cfi=(201)
cfn=(1654)
calls=2 601 
* 32 12 2 4 0 0 2

fn=(2038)
731 5 0 3 1 0 0 1
+1 4 1
+7 3 1
jcnd=1/1 +3 
* 
+35 2
jcnd=1/1 +13 
* 
-32 2 0 0 1 0 0 1
jcnd=1/1 +2 
* 
+12 2 0 0 1 0 0 1
+9 3 1
+5 3 1 2
+2 2
-3 2 0 1
+3 1 0 1
+1 1 1
-6 1 0 1
+1 1 0 1
+5 4 0 0 1 0 0 1
jcnd=1/1 +3 
* 
+16 1 1
-12 1
+1 1
+11 2 2
-12 1
cfn=(2054)
calls=1 423 
* 5 1 0 1 0 0 1
-31 2 0 1 1 0 0 1
cfi=(201)
cfn=(2040)
calls=1 343 
* 487 104 69 25 5 0 18
+1 1 1
+9 1 1
-9 5 0 2
jump=1 +9 
* 

fl=(269)
fn=(2132)
28 3 0 0 1 0 0 1
+1 3
+1 3
+1 3
jcnd=3/3 +13 
* 
+13 3 0 0 1 0 0 1
+1 3
jcnd=3/3 +16 
* 
+16 3 0 0 1 0 0 1
+1 3 3
+1 3 3
+1 3
+1 3
+1 3
+1 3
jcnd=3/3 +5 
* 
+5 3
+1 3 0 3
+1 3
+1 3 0 3
+1 3 3

ob=(8)
fl=(178)
fn=(1882) brushie::(anonymous namespace)::downsample_2x(std::vector<int, std::allocator<int> >&, unsigned int, unsigned int, unsigned int&, unsigned int&)
0 56 2 20 1 0 1 1
cob=(7)
cfi=(170)
cfn=(1388)
calls=2 0 
0 1122 224 174 35 19 10 11 0 2
0 2 2
0 26 0 6 1 0 0 1
cob=(3)
cfi=(213)
cfn=(1572)
calls=2 181 
0 524314 4 524280 2 2 8192 0 0 8103
0 2 2 0 0 1
0 48 10 10 2 4 2 2
0 2048 1024
0 4096
0 786432 0 0 1 0 0 1
0 474696 0 79116 0 0 4843
0 391
0 311736 0 51956 0 0 3351
0 1703936 131072 0 1 15874 0 1
0 2621440 393216 0 2 16896 0 2
0 10 8
0 28 12 6 1 2 2 1
cob=(7)
cfi=(170)
cfn=(1612)
calls=2 0 
0 140 34 16 3 16 0 3
0 2 2 0 0 2

fn=(1896)
0 392 224 112 1 1 0 1
0 28 7 7 7 0 0 1
cfn=(1898) brushie::(anonymous namespace)::build_band_pyramid(std::vector<int, std::allocator<int> >&, unsigned int, unsigned int, unsigned int, unsigned int, brushie::(anonymous namespace)::BandPyramid&)::$_20::operator()(unsigned long) const
calls=7 0 
0 54753 7348 5420 91 191 456 19 6 117
0 3314 1657 1657
cfn=(1898)
calls=1657 0 
0 14599512 1839875 1179613 5 30620
0 9984 6656 1664
0 112 112

fn=(1938) brushie::encode(brushie::ImageView const&, brushie::EncodeOptions const&, brushie::EncodedImage&, std::__cxx11::basic_string<char, std::char_traits<char>, std::allocator<char> >*)::$_5::operator()() const
0 3 0 2
cob=(3)
cfi=(218)
cfn=(1718)
calls=1 34 
0 147 48 7 0 1 0 0 1
0 1 1
0 2
0 3 2

fn=(1954) brushie::encode(brushie::ImageView const&, brushie::EncodeOptions const&, brushie::EncodedImage&, std::__cxx11::basic_string<char, std::char_traits<char>, std::allocator<char> >*)::$_13::operator()() const
0 3 0 2 1 0 0 1
cob=(3)
cfi=(218)
cfn=(1718)
calls=1 34 
0 147 48 7 0 15 0 0 2
0 1 1 0 0 1
0 2
0 3 2 0 1 0 0 1

fn=(1966) brushie::(anonymous namespace)::put_u64(std::vector<unsigned char, std::allocator<unsigned char> >&, unsigned long, unsigned long)
0 29 9 8 1 0 0 1

fn=(1502) (anonymous namespace)::read_ppm(std::__cxx11::basic_string<char, std::char_traits<char>, std::allocator<char> > const&, (anonymous namespace)::Ppm&, std::__cxx11::basic_string<char, std::char_traits<char>, std::allocator<char> >&)::$_1::operator()[abi:cxx11]() const
0 64 0 40 2 0 0 2
0 8
0 12 4 4
cob=(7)
cfi=(170)
cfn=(1508)
calls=4 0 
0 4420 1456 754 30 49 3 27 11
cob=(1)
cfi=(159) ./elf/../sysdeps/x86_64/dl-trampoline.h
cfn=(526) _dl_runtime_resolve_xsave
calls=1 67 
0 765 245 130 4 7 0 0 4
0 8 6 2
0 28 16 0 1 0 0 1
0 24 12 0 1 0 0 1
0 8
0 24 4 12 1 0 0 1
0 49 14 28
cob=(7)
cfi=(170)
cfn=(1508)
calls=7 0 
0 476 168 98
0 7 7
0 12 4 4
cob=(7)
cfi=(170)
cfn=(1508)
calls=4 0 
0 272 96 56
0 4 4
0 77 44 0 1 0 0 1
0 42 21
0 14
0 32 28 0 1 0 0 1

fn=(1880) brushie::track::emit(char const*, char const*, double, unsigned long, unsigned long, unsigned long, unsigned long, unsigned long, std::__cxx11::basic_string<char, std::char_traits<char>, std::allocator<char> >)
0 80 5 30 4 4 0 2 1
0 10 5 0 0 3
0 43 35 2 3 0 0 2
cob=(7)
cfi=(170)
cfn=(1710)
calls=1 0 
0 16 5 2 0 1
0 1 1 0 1 1
0 5 1 1
cob=(3)
cfi=(218)
cfn=(1718)
calls=1 34 
0 147 48 7 1 14 0 0 2
0 1 1 0 0 1
0 2
0 4 0 2 1 0 1 1 0 1
cob=(7)
cfi=(170)
cfn=(1724)
calls=1 0 
0 9 4 1 1 0 0 1
0 1 1 0 1
0 2 1

fn=(2264) 0x00000000000035e0
0 9 3 2 2 3
cob=(2)
cfi=(51)
cfn=(2270) 0x000000000010b4e0
calls=1 0 
0 120 28 12 9 5 1 8 1 1
0 1 0 1
cfn=(2280) 0x0000000000003570
calls=1 0 
0 5 1 0 2
0 3 2 1

fn=(1350)
0 10 0 7 2 0 0 2
0 12 1 5 2 1 0 2
cob=(3)
cfi=(192)
cfn=(1008)
calls=1 50 
0 14 2 0 0 1
cob=(1)
cfi=(159)
cfn=(526)
calls=1 67 
0 818 287 141 4 14 10 1 5
0 5 3 2 1 1 0 1
0 5 0 1 1 0 0 1
0 4
0 4 0 1 1 0 0 1
cob=(3)
cfi=(199)
cfn=(1362)
calls=1 307 
0 15 3 2 2 0 0 2
cob=(1)
cfi=(159)
cfn=(526)
calls=1 67 
0 1015 346 163 3 19 0 0 8
0 5 3 2 1 1 0 1
0 8 2 3 1 0 0 1
cob=(7)
cfi=(170)
cfn=(1368)
calls=1 0 
0 1719 593 292 9 20 0 6 9
cob=(1)
cfi=(159)
cfn=(526)
calls=1 67 
0 1221 304 130 4 13 0 0 4
0 5 3 2 1 0 0 1
0 4 1
0 2
0 2 0 0 1 0 0 1
0 8 2 2 2 0 0 2
cob=(3)
cfi=(192)
cfn=(1008)
calls=1 50 
0 22 3 0 1 1 0 1
0 1 1
0 9 0 2 1 0 0 1
cob=(7)
cfi=(170)
cfn=(1382)
calls=1 0 
0 864 277 166 27 22 1 7 1 1
cob=(1)
cfi=(159)
cfn=(526)
calls=1 67 
0 1253 308 130 4 12 0 0 3
0 5 3 2 1 1 0 1
0 7 1 2
0 4 0 1 1 0 0 1
cob=(3)
cfi=(199)
cfn=(1362)
calls=1 307 
0 12 3 2
0 1 1
0 7 2 3 1 0 0 1
cob=(7)
cfi=(170)
cfn=(1216)
calls=1 0 
0 85 12 30 0 1
cob=(1)
cfi=(159)
cfn=(526)
calls=1 67 
0 788 247 130 4 6
0 5 3 2
0 21 7 10 2 3 0 2
cob=(7)
cfi=(170)
cfn=(1222)
calls=1 0 
0 221 75 44 0 4
cob=(1)
cfi=(159)
cfn=(526)
calls=1 67 
0 1285 312 130 0 8 0 0 1
0 5 3 2 1 1 0 1
0 8 1 3 1 0 0 1
cob=(7)
cfi=(170)
cfn=(1402)
calls=1 0 
0 4033 1167 611 26 43 1 26 3
cob=(1)
cfi=(159)
cfn=(526)
calls=1 67 
0 1055 284 130 2 9 0 0 3
0 5 3 2 1 1 0 1
0 5 2 1 0 1
cob=(7)
cfi=(170)
cfn=(1222)
calls=1 0 
0 221 75 44
0 1 1
0 4 1 1
cob=(7)
cfi=(170)
cfn=(1434)
calls=1 0 
0 4729 1316 735 60 57 7 55 15 7
cob=(1)
cfi=(159)
cfn=(526)
calls=1 67 
0 1236 304 130 1 11 0 0 5
0 5 3 2
0 6 2 0 1 0 0 1
0 1 0 1
cob=(7)
cfi=(170)
cfn=(1500)
calls=1 0 
0 7 3 1 1 0 0 1
cob=(1)
cfi=(159)
cfn=(526)
calls=1 67 
0 1167 296 130 5 10 0 0 4
0 5 3 2 1 0 0 1
0 4 3
0 4 0 2 2 0 0 2
cfn=(1502)
calls=1 0 
0 5206 1712 891 41 56 3 34 15
0 3 0 1
cob=(7)
cfi=(170)
cfn=(1368)
calls=1 0 
0 72 14 6 0 1 0 0 1
0 1 1
0 5 1
0 2
0 3 0 1 1 0 0 1
cfn=(1502)
calls=1 0 
0 380 139 79
0 2 1 1
cob=(3)
cfi=(209)
cfn=(1550)
calls=1 25 
0 4 3 0 1 1 0 1
cob=(1)
cfi=(159)
cfn=(526)
calls=1 67 
0 928 296 139 0 12 0 0 2
0 5 3 2
0 7 1 2 1 1 0 1
cob=(3)
cfi=(210)
cfn=(1556)
calls=1 105 
0 147 22 11 10 7 0 10 3
cob=(1)
cfi=(159)
cfn=(526)
calls=1 67 
0 854 299 144 0 14 0 0 9
0 5 3 2
0 6 2 1
0 4 1 1 1 0 0 1
0 3 0 1 1 0 0 1
cfn=(1502)
calls=1 0 
0 380 139 79
0 7 2 2
cob=(3)
cfi=(210)
cfn=(1556)
calls=1 105 
0 147 22 11
0 1 1
0 6 2 1 1 0 0 1
0 4 1 1
0 3 0 1
cfn=(1502)
calls=1 0 
0 380 139 79
0 3 0 1 1 0 0 1
cob=(7)
cfi=(170)
cfn=(1368)
calls=1 0 
0 72 14 6 0 1 0 0 1
0 1 1
0 4 1
0 3 1
0 11 1 2 2 0 0 2
cob=(7)
cfi=(170)
cfn=(1388)
calls=1 0 
0 304 62 51 13 2 1 6 0 1
cob=(1)
cfi=(159)
cfn=(526)
calls=1 67 
0 723 246 135 0 2
0 5 3 2 1 0 0 1
0 8 0 2
cob=(3)
cfi=(213)
cfn=(1572)
calls=1 181 
0 786448 2 786431 3 1 12288 3 0 12288
cob=(1)
cfi=(159)
cfn=(526)
calls=1 67 
0 863 289 141 3 10 0 0 6
0 5 3 2 1 1 0 1
0 4
0 5 0 2 1 0 0 1
cob=(7)
cfi=(170)
cfn=(1578)
calls=1 0 
0 2053 666 453 19 199 132 18 129
cob=(1)
cfi=(159)
cfn=(526)
calls=1 67 
0 725 244 130 0 47 24 0 2
0 5 3 2 1 2 1 1
0 3 1
0 12 6 4 2 3 0 2
cob=(7)
cfi=(170)
cfn=(1590)
calls=1 0 
0 6025 1833 941 70 100 0 67 14
cob=(1)
cfi=(159)
cfn=(526)
calls=1 67 
0 1128 293 130 1 21 0 0 4
0 5 3 2 1 1 0 1
0 2 0 1
cob=(7)
cfi=(170)
cfn=(1662)
calls=1 0 
0 19 6 2
cob=(1)
cfi=(159)
cfn=(526)
calls=1 67 
0 869 259 130 0 10
0 5 3 2 1 1 0 1
0 5 1 2
cob=(7)
cfi=(170)
cfn=(1240)
calls=1 0 
0 8 4 1 0 1
cob=(1)
cfi=(159)
cfn=(526)
calls=1 67 
0 801 251 130 0 10 0 0 1
0 5 3 2 1 1 0 1
0 7 2 4 1 2 0 1
cob=(7)
cfi=(170)
cfn=(1672)
calls=1 0 
0 1923 545 274 11 19 0 9 2
cob=(1)
cfi=(159)
cfn=(526)
calls=1 67 
0 790 249 130 0 10 0 0 2
0 5 3 2 1 1
0 5 1 1
cob=(7)
cfi=(170)
cfn=(1612)
calls=1 0 
0 93 29 15 0 3
cob=(1)
cfi=(159)
cfn=(526)
calls=1 67 
0 666 232 130 2 3
0 5 3 2 1 1
0 18 0 8 2 0 2 2
0 5 1 1
0 10 2 2 1 1 0 1
cob=(3)
cfi=(192)
cfn=(1008)
calls=1 50 
0 14 2 0 0 1
0 1 1
0 5 0 1 1 0 0 1
0 4
0 4 0 1 1 0 0 1
cob=(3)
cfi=(199)
cfn=(1362)
calls=1 307 
0 13 3 2 1 0 0 1
0 1 1 0 1 1
0 9 2 3
cob=(7)
cfi=(170)
cfn=(1368)
calls=1 0 
0 72 14 6 0 3 0 0 1
0 1 1
0 2 0 0 1 0 0 1
0 6 0 1 1 0 0 1
cfn=(1690) main::$_0::operator()[abi:cxx11](char const*) const
calls=1 0 
0 77 18 14 4 0 0 3
0 2 1 1
cob=(3)
cfi=(209)
cfn=(1550)
calls=1 25 
0 4 3 0 1
0 1 1
0 7 1 2 1 0 0 1
cob=(3)
cfi=(210)
cfn=(1556)
calls=1 105 
0 128 21 11 1 6
0 1 1
0 5 2
0 6 1 2 1 0 0 1
0 5 1 0 1 0 0 1
0 10 5 0 1 0 0 1
0 6 0 5 1 0 0 1
cob=(7)
cfi=(170)
cfn=(1696)
calls=1 0 
0 923 303 143 6 19 0 6 5
cob=(1)
cfi=(159)
cfn=(526)
calls=1 67 
0 1013 271 130 1 17 0 0 4
0 5 3 2
0 11 0 6 1 0 0 1
cfn=(1704) brushie::encode(brushie::ImageView const&, brushie::EncodeOptions const&, brushie::EncodedImage&, std::__cxx11::basic_string<char, std::char_traits<char>, std::allocator<char> >*)
calls=1 0 
0 94341964 20871724 15069589 1483 216031 199969 746 63 145249
0 3 0 1 1
cob=(7)
cfi=(170)
cfn=(1696)
calls=1 0 
0 28 10 2 0 1
0 1 1
0 6 2 1 1 1 0 1
cob=(7)
cfi=(170)
cfn=(1972)
calls=1 0 
0 6041 1491 945 144 105 18 12
cob=(1)
cfi=(159)
cfn=(526)
calls=1 67 
0 1220 302 132 22 48 6 0 5
0 5 3 2 2 2
0 5 2 1
cob=(7)
cfi=(170)
cfn=(2000)
calls=1 0 
0 2699 868 456 27 54 2 23 8
cob=(1)
cfi=(159)
cfn=(526)
calls=1 67 
0 796 250 132 4 11 0 0 3
0 5 3 2
0 4 1 1 1 1 0 1
cob=(7)
cfi=(170)
cfn=(2026)
calls=1 0 
0 1634 480 273 58 30 0 49 7
cob=(1)
cfi=(159)
cfn=(526)
calls=1 67 
0 1390 320 132 4 14 0 0 4
0 5 3 2
0 6 2 1 0 1
cob=(7)
cfi=(170)
cfn=(2064)
calls=1 0 
0 8981 2251 1230 230 109 23 199 30
cob=(1)
cfi=(159)
cfn=(526)
calls=1 67 
0 889 259 132 0 8 0 0 1
0 5 3 2 0 1
0 5 0 1 1 0 0 1
cob=(7)
cfi=(170)
cfn=(2026)
calls=1 0 
0 225 67 40 2
0 1 1
0 4 2 1
cob=(7)
cfi=(170)
cfn=(2166)
calls=1 0 
0 1828 428 199 15 8 0 15 2
cob=(1)
cfi=(159)
cfn=(526)
calls=1 67 
0 900 261 132 2 10 0 0 2
0 5 3 2 1 1 0 1
0 5 0 1
cob=(7)
cfi=(170)
cfn=(2026)
calls=1 0 
0 225 67 40
0 1 1
0 18 5 1 2 1 0 2 1
cob=(7)
cfi=(170)
cfn=(2064)
calls=1 0 
0 2497 541 383 20 0 0 10
0 1 1 0 1
0 5 0 1
cob=(7)
cfi=(170)
cfn=(2026)
calls=1 0 
0 223 67 40 0 1 0 0 1
0 1 1
0 3 1 1 0 1
cob=(7)
cfi=(170)
cfn=(2166)
calls=1 0 
0 372 98 61
0 1 1
0 5 0 1
cob=(7)
cfi=(170)
cfn=(2026)
calls=1 0 
0 223 67 40
0 1 1
0 3 1 1 1 0 0 1
cob=(7)
cfi=(170)
cfn=(2166)
calls=1 0 
0 388 100 63
0 1 1
0 5 0 1
cob=(7)
cfi=(170)
cfn=(2026)
calls=1 0 
0 223 67 40
0 1 1
0 4 2 1 0 1
cob=(7)
cfi=(170)
cfn=(2166)
calls=1 0 
0 388 100 63
0 1 1
0 5 0 1 1 0 0 1
cob=(7)
cfi=(170)
cfn=(2026)
calls=1 0 
0 225 67 40
0 1 1
0 4 2 1
cob=(7)
cfi=(170)
cfn=(2166)
calls=1 0 
0 372 98 61
0 1 1
0 5 0 1
cob=(7)
cfi=(170)
cfn=(2026)
calls=1 0 
0 225 67 40 0 0 1
0 1 1
0 3 1 1
cob=(7)
cfi=(170)
cfn=(2166)
calls=1 0 
0 388 100 63
0 1 1
0 5 0 1 1 0 0 1
cob=(7)
cfi=(170)
cfn=(2026)
calls=1 0 
0 226 66 39
0 1 1
0 3 1 1
cob=(7)
cfi=(170)
cfn=(2166)
calls=1 0 
0 388 100 63
0 1 1
0 2 1 0 0 1
0 3 1 0 1 0 0 1
0 5 1 2 1 0 0 1
cob=(7)
cfi=(170)
cfn=(2026)
calls=1 0 
0 226 66 39
0 1 1
0 1 0 1
cfn=(2184) dump_track()
calls=1 0 
0 10 4 1 3 2 0 3
0 13 7 3 1 1 0 1
cob=(7)
cfi=(170)
cfn=(2190)
calls=1 0 
0 2591 753 416 67 33 1 5
cob=(1)
cfi=(159)
cfn=(526)
calls=1 67 
0 1042 282 132 8 10 0 5 4
0 5 3 2 1
0 2 0 1 1 0 0 1
cob=(7)
cfi=(170)
cfn=(1672)
calls=1 0 
0 55 20 12 7 2
0 1 1 0 1 1
0 1
0 4 1 1 1 0 0 1
cob=(7)
cfi=(170)
cfn=(1612)
calls=1 0 
0 188 56 21 3 3
0 1 1 0 1
0 4 0 1
cob=(7)
cfi=(170)
cfn=(1612)
calls=1 0 
0 63 17 6 6 2
0 1 1
0 4 1 0 0 1
0 9 7 0 1 1 0 1

fn=(1794)
0 24 0 16
cob=(7)
cfi=(170)
cfn=(1800)
calls=8 0 
0 16 8 0 1 0 0 1
cob=(1)
cfi=(159)
cfn=(526)
calls=1 67 
0 831 255 132 3 48 23 1 0 22
0 12 10 2 1 2 0 1
0 24 8
cob=(7)
cfi=(170)
cfn=(1612)
calls=8 0 
0 4069 617 1256 33 17 72 29 0 72
0 8 8 0 0 1

fn=(1904) brushie::(anonymous namespace)::forward_line(int const*, int*, unsigned int)
0 53248 0 26624 8 0 112 2
cob=(7)
cfi=(170)
cfn=(1388)
calls=3328 0 
0 366816 74570 51488 0 966 121 0 0 6
0 3328 3328 0 0 112
0 16640 0 3328
cob=(3)
cfi=(199)
cfn=(1362)
calls=3328 307 
0 475392 140288 130304 3 1485 1875 2 0 31
0 3328 3328 0 1 126
0 13312
0 7618560 0 507904
0 2539520 507904 0 1 0 0 1
0 1009152 504576 0 1 0 0 1
0 39936
0 2186120 0 218612
0 1446460 0 289292
0 7110656 1015808 0 7 0 0 1
0 867876 0 0 7 0 0 1
0 23296
0 66560 13312 6656 5 0 112 1
0 625152 227328 113664 0 0 720
0 19968 3328 3328
0 116480 23296 23296
0 26624 0 0 12 0 0 1
0 76544 13312 6656 12 0 112 1
0 625152 227328 113664 0 0 720
0 26624 3328 3328 5 0 0 1
0 116480 23296 23296
0 29952 19968
cob=(7)
cfi=(170)
cfn=(1612)
calls=3328 0 
0 398592 116480 51968 3 638 96
0 3328 3328

fn=(1936) brushie::encode(brushie::ImageView const&, brushie::EncodeOptions const&, brushie::EncodedImage&, std::__cxx11::basic_string<char, std::char_traits<char>, std::allocator<char> >*)::$_4::operator()() const
0 3 0 2
cob=(3)
cfi=(218)
cfn=(1718)
calls=1 34 
0 147 48 7
0 1 1
0 2
0 3 2 0 1 0 0 1

fn=(1962) void std::vector<unsigned char, std::allocator<unsigned char> >::_M_range_insert<__gnu_cxx::__normal_iterator<unsigned char const*, std::vector<unsigned char, std::allocator<unsigned char> > > >(__gnu_cxx::__normal_iterator<unsigned char*, std::vector<unsigned char, std::allocator<unsigned char> > >, __gnu_cxx::__normal_iterator<unsigned char const*, std::vector<unsigned char, std::allocator<unsigned char> > >, __gnu_cxx::__normal_iterator<unsigned char const*, std::vector<unsigned char, std::allocator<unsigned char> > >, std::forward_iterator_tag)
0 558 62 186 2 0 0 2
0 126 6 12 1 0 0 1
cob=(7)
cfi=(170)
cfn=(1388)
calls=6 0 
0 1671 285 252 0 8 9 0 0 6
0 6 6
0 66 12 12 1 0 0 1
cob=(3)
cfi=(199)
cfn=(1362)
calls=6 307 
0 28176 27349 27330 1 200 593 0 0 592
0 6 6
0 42 6 6 0 1
cob=(3)
cfi=(199)
cfn=(1362)
calls=6 307 
0 1300 400 382 0 176 183 0 0 183
0 6 6 0 0 1
0 30 12 0 0 2
0 30 0 6
cob=(7)
cfi=(170)
cfn=(1612)
calls=6 0 
0 1011 288 140 0 22 3
0 6 6 0 0 1
0 403 223 18 2 1 2 2
0 175 0 25 1 0 0 1
cob=(3)
cfi=(199)
cfn=(1362)
calls=25 307 
0 2820 817 747 0 345 334 0 0 330
0 25 25
0 125 25 25 1 0 0 1
0 125 0 25

fn=(2184)
0 7 2 1 2 2 0 2
0 3 2 0 1 0 0 1

fn=(1712) brushie::encode(brushie::ImageView const&, brushie::EncodeOptions const&, brushie::EncodedImage&, std::__cxx11::basic_string<char, std::char_traits<char>, std::allocator<char> >*)::$_0::operator()() const
0 3 0 2 1 0 0 1
cob=(3)
cfi=(218)
cfn=(1718)
calls=1 34 
0 147 48 7 5 12 0 4 1
cob=(1)
cfi=(159)
cfn=(526)
calls=1 67 
0 847 297 144 0 14 0 0 6
0 5 3 2 0 1
0 2 0 0 1 0 0 1
0 3 2

fn=(1910) brushie::(anonymous namespace)::build_band_pyramid(std::vector<int, std::allocator<int> >&, unsigned int, unsigned int, unsigned int, unsigned int, brushie::(anonymous namespace)::BandPyramid&)::$_21::operator()(unsigned long) const
0 28288 3328 13312 2 109 0 1
cob=(7)
cfi=(170)
cfn=(1388)
calls=1664 0 
0 185462 37578 26584 0 135 58 0 0 5
0 1664 1664
0 16640 0 3328
cob=(3)
cfi=(213)
cfn=(1572)
calls=1664 181 
0 147712 3328 70144 0 0 1610
0 1664 1664 0 0 112
0 1664
0 13312 3328 3328 1 0 0 1
cob=(7)
cfi=(170)
cfn=(1388)
calls=1664 0 
0 183408 37285 25744 0 0 3
0 1664 1664
0 16640 1664 3328 1 0 22 1
cob=(3)
cfi=(213)
cfn=(1572)
calls=1664 181 
0 136064 3328 63488 0 0 1278
0 1664 1664
0 4992 3328
0 24960 9984 1664 2 1776 0 1
0 4556160 1518720 506240 0 506240 1360
0 6656 0 1664 0 0 112
cfn=(1904)
calls=1664 0 
0 12951288 1462053 786704 12 3319 3758 0 0 5
0 28288 13312 1664 1 224 1664 1
0 4556160 1518720 506240 0 1360 506240
0 1664
0 3328 0 1664 0 0 112
cob=(7)
cfi=(170)
cfn=(1612)
calls=1664 0 
0 199296 58240 25984 0 1600 224
0 1664 1664 0 0 112
0 18304 9984 0 0 112
cob=(7)
cfi=(170)
cfn=(1612)
calls=1664 0 
0 199296 58240 25984 0 64
0 1664 1664

fn=(1964) std::vector<unsigned char, std::allocator<unsigned char> >::_M_fill_assign(unsigned long, unsigned char const&)
0 17 2 6 1 2 0 1
cob=(7)
cfi=(170)
cfn=(1388)
calls=1 0 
0 57 14 8 0 1
0 1 1
0 6 1 1 1 0 0 1
cob=(3)
cfi=(213)
cfn=(1572)
calls=1 181 
0 12 1 2
0 1 1
0 6 1 3
0 6 6 0 1

fn=(1726) std::vector<int, std::allocator<int> >::_M_default_append(unsigned long)
0 900 75 200 12 0 0 3
cob=(7)
cfi=(170)
cfn=(1388)
calls=25 0 
0 11602 2063 1670 42 199 99 7 0 12
0 25 25 0 0 11
0 50
0 225 0 50 8 0 2 1 0 1
cob=(3)
cfi=(213)
cfn=(1572)
calls=25 181 
0 5718341 50 5717916 2 16 89292 0 0 82932
0 25 25 0 0 11
0 125 50 0 0 21
0 50 0 0 8 0 0 1
0 325 175 75 0 16 1

fn=(1888) brushie::(anonymous namespace)::build_band_pyramid(std::vector<int, std::allocator<int> >&, unsigned int, unsigned int, unsigned int, unsigned int, brushie::(anonymous namespace)::BandPyramid&)
0 402 23 167 11 3 5 7
cob=(7)
cfi=(170)
cfn=(1388)
calls=7 0 
0 399 98 56 2 16
0 7 7
0 63 0 21
0 280 56 56
0 280 0 112 1 0 7 1
cob=(7)
cfi=(170)
cfn=(1388)
calls=56 0 
0 6774 1630 867 11 57 24 2
0 56 56
0 728 0 336 7 0 4 1
cob=(7)
cfi=(170)
cfn=(1732)
calls=56 0 
0 65749 15926 12307 204 814 1064 11 3 83
0 56 56
0 168 56
0 42 0 7 7 0 0 1
cob=(7)
cfi=(170)
cfn=(1850)
calls=7 0 
0 1092 280 266 65 27 7
0 7 7 0 7 7
0 98 0 49
cob=(7)
cfi=(170)
cfn=(1850)
calls=49 0 
0 19555 5896 3466 49 222 45
0 49 49
0 168 0 0 7 0 0 1
0 301 56
0 28 0 7
cob=(7)
cfi=(170)
cfn=(1612)
calls=7 0 
0 651 203 105 0 7
0 7 7
0 196 21 63 9 0 0 3
cob=(7)
cfi=(170)
cfn=(1388)
calls=7 0 
0 399 98 56
0 7 7
0 63 0 21
0 280 56 56
0 280 0 112 1 0 7 1
cob=(7)
cfi=(170)
cfn=(1388)
calls=56 0 
0 6471 1588 745 0 29
0 56 56
0 728 0 336 1 0 3 1
cob=(7)
cfi=(170)
cfn=(1732)
calls=56 0 
0 64052 15600 12173 31 436 798 3 0 45
0 56 56
0 168 56
0 42 0 7 1 0 0 1
cob=(7)
cfi=(170)
cfn=(1850)
calls=7 0 
0 1092 280 266 13 23 7
0 7 7 0 0 7
0 98 0 49
cob=(7)
cfi=(170)
cfn=(1850)
calls=49 0 
0 20683 6176 3617 14 256 42 5
0 49 49
0 168
0 301 56 0 1 0 0 1
0 28 0 7
cob=(7)
cfi=(170)
cfn=(1612)
calls=7 0 
0 651 203 105 0 4
0 7 7
0 175 28 35 1 7 3 1
cfn=(1726)
calls=7 0 
0 513762 1044 508696 52 49 7902 7 0 5116
0 7
0 140 21 21 2 4 4 2
cfn=(1726)
calls=7 0 
0 510963 541 508328 0 74 7963 0 0 6144
0 7
0 84 28 7 2 8 0 2
cfn=(1726)
calls=7 0 
0 511095 566 508343 6 80 7966 0 0 6145
0 7
0 35 7 7 1 4 7 1
0 343 56 63 16 14 0 4
0 6656 832
0 1664
0 9984 3328 0 7 0 0 1
0 4032 576 0 2 0 0 1
0 13312 4992 3328 9 1467 835 1
0 78144 28416 28416 0 7104 7104
0 1664 832 0 7 0 0 1
0 4160 1664 0 4 0 0 1
0 294 42 56 11 18 0 4
0 7488 1664
0 1664 0 0 2 0 0 1
0 9984 3328 0 1 0 0 1
0 2880
0 14144 4992 3328 8 1472 837 2
0 78144 28416 28416 0 7104 7104
0 1664 832
0 5824 1664 0 4 0 0 1
0 21 14 0 2 7 0 1
0 77 14 7 1 4 7 1
cob=(7)
cfi=(170)
cfn=(1388)
calls=7 0 
0 2601 461 374 20 105 54 0 0 5
0 7 7 0 0 7
0 56 0 21 1 0 2 1 0 2
0 28 0 7 1 0 0 1
cob=(3)
cfi=(213)
cfn=(1572)
calls=7 181 
0 507995 14 507876 0 4 7930 0 0 7419
0 7 7 0 0 7
0 105 28 21 7 15 4 1
0 14
0 28 21 0 7 18 0 1
0 161 7 7 2 0 0 2
cob=(7)
cfi=(170)
cfn=(1388)
calls=7 0 
0 1785 308 246 6 74 23 5
0 7 7 0 0 5
0 203 49 91 3 14 10 3
0 108 28 52 1 8 1 1
0 45 7 13 1 1 1 1
0 8 0 4
cob=(7)
cfi=(170)
cfn=(1612)
calls=4 0 
0 372 116 60 0 19
0 4 4
0 112 35 49 1 7 0 1
cob=(7)
cfi=(170)
cfn=(1612)
calls=7 0 
0 886 243 109 0 40 5
0 7 7
0 49 21 14 1 0 0 1
0 21 7
0 21 7 0 1 0 0 1
0 49 21
0 16
0 147 7 56 2 0 0 2
0 1040 624
0 1248 0 208 1 0 0 1
cob=(3)
cfi=(199)
cfn=(1362)
calls=208 307 
0 16800 4704 4128 9 1992 1801
0 208 208 0 0 7
0 1456 208 208
cob=(3)
cfi=(199)
cfn=(1362)
calls=208 307 
0 16832 4704 4128 0 1984 1762
0 208 208
0 1664 416 208 1 0 0 1
cob=(3)
cfi=(199)
cfn=(1362)
calls=208 307 
0 16832 4704 4128 0 1984 1798
0 208 208
0 1664 416 208
cob=(3)
cfi=(199)
cfn=(1362)
calls=208 307 
0 16832 4704 4128 0 1984 1766
0 208 208
0 208
0 294 42 49 3 6 0 3
0 5824 832
0 10816 2496 0 2 0 0 2
0 4032 576
0 14144 4992 3328 2 1472 833 2
0 78144 28416 28416 0 7104 7104
0 1664 832
0 3328 832 0 7 0 0 1
0 48 12 27 2 0 1 2
0 24 21 0 1 3 0 1

fn=(1898)
0 28288 3328 13312 2 0 7 2
cob=(7)
cfi=(170)
cfn=(1388)
calls=1664 0 
0 185462 37578 26584 14 38 112 0 0 2
0 1664 1664
0 16640 0 3328
cob=(3)
cfi=(213)
cfn=(1572)
calls=1664 181 
0 147712 3328 70144 0 0 97 0 0 31
0 1664 1664 0 0 7
0 1664
0 14976 3328 3328 1 0 0 1
cob=(7)
cfi=(170)
cfn=(1388)
calls=1664 0 
0 183408 37285 25744 0 0 7 0 0 1
0 1664 1664
0 18304 0 3328 0 0 7 0 0 1
cob=(3)
cfi=(213)
cfn=(1572)
calls=1664 181 
0 136064 3328 63488 0 0 97 0 0 31
0 1664 1664
0 3328 0 0 1 0 0 1
0 21632 8320 1664
cob=(3)
cfi=(199)
cfn=(1362)
calls=1664 307 
0 238592 70144 65152 8 30727
cob=(1)
cfi=(159)
cfn=(526)
calls=1 67 
0 863 289 143 7 29 19 0 6 19
0 1668 1666 2 2 2 0 1
0 8320 1664 1664 1 0 0 1
cfn=(1904)
calls=1664 0 
0 12953808 1462053 786704 53 8 110 12 0 32
0 19968 6656 1664
cob=(3)
cfi=(199)
cfn=(1362)
calls=1664 307 
0 238368 70144 65152 6
0 1664 1664
0 6656 0 1664
cob=(7)
cfi=(170)
cfn=(1612)
calls=1664 0 
0 199296 58240 25984
0 1664 1664
0 18304 9984 0 1 0 0 1
cob=(7)
cfi=(170)
cfn=(1612)
calls=1664 0 
0 199296 58240 25984
0 1664 1664

fn=(1934) brushie::encode(brushie::ImageView const&, brushie::EncodeOptions const&, brushie::EncodedImage&, std::__cxx11::basic_string<char, std::char_traits<char>, std::allocator<char> >*)::$_3::operator()() const
0 3 0 2 1 0 0 1
cob=(3)
cfi=(218)
cfn=(1718)
calls=1 34 
0 147 48 7 0 14 1
0 1 1 0 0 1
0 2
0 3 2 0 1 0 0 1

fn=(810) (below main)
0 12 2 3 1 1 0 1
cob=(3)
cfi=(179)
cfn=(812)
calls=1 242 
0 95333043 20929003 15885069 3188 218273 212650 1974 541 157672

fn=(818)
0 9 0 0 2 0 0 2
0 3 1 0 1 0 0 1

fn=(1690)
0 20 3 8 2 0 0 2
cob=(3)
cfi=(192)
cfn=(1008)
calls=1 50 
0 14 2
0 1 1
0 4 0 1
0 4
0 4 0 1 1 0 0 1
cob=(3)
cfi=(199)
cfn=(1362)
calls=1 307 
0 18 3 2 1
0 1 1
0 11 8 2

fn=(1790)
0 96 32 56 2 1 0 2
0 4 0 2 0 0 2 0 0 2
0 3584 2560 512 0 1
0 10752 6656 1024 2 2 0 2
0 1835008 524288 262144 0 1 16387
0 4980736 1048576 0 1 12291 0 1
0 453696
0 1774592 221824 332736 0 0 21060
0 1663552 302464 453696 1 1 28101 1
0 56 56 0 1 0 0 1

fn=(1916) brushie::encode(brushie::ImageView const&, brushie::EncodeOptions const&, brushie::EncodedImage&, std::__cxx11::basic_string<char, std::char_traits<char>, std::allocator<char> >*)::$_1::operator()(std::vector<int, std::allocator<int> >&, unsigned int, unsigned int, unsigned char) const
0 90 6 33 3 1 0 3
cfn=(1918) brushie::(anonymous namespace)::quant_params(double&, double&, double&, double&, double&, double&, double&, double&)
calls=3 0 
0 573 174 69 8 16 0 4 1
0 27 9 0 0 1 0 0 1
0 68 23 27 2 1 1 2 1
0 24 21 0 1 0 0 1

fn=(1922) brushie::(anonymous namespace)::quant_step(unsigned char, unsigned int, unsigned int, unsigned char, unsigned char)
0 672 0 252 2 0 0 2
cfn=(1918)
calls=21 0 
0 4011 1218 483
0 441 105 42 2 0 0 2
cob=(4) /usr/lib/x86_64-linux-gnu/libm.so.6
cfi=(249) ./math/../sysdeps/ieee754/dbl-64/e_exp2.c
cfn=(1928) exp2@@GLIBC_2.29
calls=21 91 
0 612 126 0 5 5 0 5 5
cob=(1)
cfi=(159)
cfn=(526)
calls=1 67 
0 726 250 135 32 53 19 0 5
0 25 23 2 1 1
0 84 42 21
0 28 14
0 56 21 7
0 98 28 14 1 0 0 1
0 18 9
0 72 24 24
cob=(3)
cfi=(218)
cfn=(1718)
calls=12 34 
0 1764 576 84
0 12 12
0 45 9 18
cob=(3)
cfi=(218)
cfn=(1718)
calls=9 34 
0 1323 432 63
0 9 9
0 42
0 294 231 0 2 0 0 2

fn=(1948) brushie::encode(brushie::ImageView const&, brushie::EncodeOptions const&, brushie::EncodedImage&, std::__cxx11::basic_string<char, std::char_traits<char>, std::allocator<char> >*)::$_7::operator()(unsigned long) const
0 264 0 168 1 0 35 1
cob=(7)
cfi=(170)
cfn=(1696)
calls=24 0 
0 672 240 48 0 95 23
0 24 24 0 0 24
0 336 72 120 1 48 70 1
0 441 126 0 1 21 0 1
0 27
0 72 18 0 0 9
0 27 9
0 18 3 3 1 0 0 1
0 72
0 636 114 0 0 45
0 135 90
0 45 15
0 12
0 768 417 189 4 51 24 4
0 630 147 126 1 0 0 1
0 27
0 72 18
0 27 9
0 18 9 0 2 0 0 2
0 60 0 12
0 636 114
0 135 90
0 45 15
0 12
0 24 12
0 294 105 0 2 0 0 2
0 63 27
0 72 18 0 1 0 0 1
0 27 9
0 72 24
0 636 114
0 135 90
0 45 15
0 12
0 36 12
0 567 210 147 1 42 0 1
cfn=(1950) brushie::(anonymous namespace)::encode_band_arith(int const*, unsigned int, unsigned int, bool, unsigned long, unsigned long, int const*, unsigned int, unsigned int, unsigned int, unsigned char, std::vector<unsigned char, std::allocator<unsigned char> >&)
calls=21 0 
0 32603975 7753272 2000217 0 28508 783
0 57 9 21 2 6 0 2
cfn=(1950)
calls=3 0 
0 2596539 515673 199244 66 104 163 63 1
0 384 240 48 1 98 25 1
0 192 168 0 1 33 0 1

fn=(1950)
0 1344 288 672 3 0 147 3
0 240
0 40 0 10 2 0 0 2
0 192 96 48 2 0 0 2
0 864 48 48 1 0 23 1
cob=(7)
cfi=(170)
cfn=(1388)
calls=48 0 
0 2709 705 411 0 275 1
0 48 48 0 0 33
0 144
0 240 48 48
0 144 0 0 1 0 0 1
0 1056 96 816 2 45 37 2 1
0 9 3 0 1 3 0 1
0 66 9 6
cob=(7)
cfi=(170)
cfn=(1388)
calls=3 0 
0 171 42 24 0 4
0 3 3
0 15 0 6
cob=(3)
cfi=(213)
cfn=(1572)
calls=3 181 
0 50 4 12 0 0 3
0 3 3 0 0 2
0 6
0 1935 270 630 4 0 0 4
0 14592 4864
0 107008 14592 24320 2 0 0 2
0 3138600 1883160
0 181224 60408
0 4128768 2064384 688128 1 39778 0 1
0 49152 0 0 1 0 0 1
0 1990656 663552
0 49152 0 0 1 0 0 1
0 3416320 683264
0 10913218 3401908 688128 1 0 26 1
0 10616832 1327104
0 221184 49152 0 1 0 0 1
0 966528 60408 181224 1 0 0 1
0 1411978
0 241632 120816 0 1 0 0 1
0 238368 59592
0 1370018 178698
0 14314 842 0 1 0 0 1
0 290511
0 49152 0 0 1 0 0 1
0 72576 24192
0 119070 71442
0 6904920 0 1255440
0 312132 0 78033 2 0 0 2
cfn=(1952) brushie::(anonymous namespace)::RangeEncoder::shift_low()
calls=26011 0 
0 1095137 377799 320623 9 758 918 4 0 10
0 644 0 322
cfn=(1952)
calls=161 0 
0 10152 3252 2514 0 11 2
0 78516 26172
0 234099 52022 0 1 0 0 1
0 16536
0 2448
0 18
0 478193 28129 56258
0 225953 32279 32279 1 0 0 1
0 37070 0 14828
cfn=(1952)
calls=7414 0 
0 317603 109062 92250 0 219 287
0 180 0 90
cfn=(1952)
calls=45 0 
0 1592 552 488
0 22377 7459
0 543672 60408 60408 1 0 0 1
0 422856 181224 0 1 0 0 1
0 218380 43676
0 129360 43120
0 1112
0 983570 86260
0 567788 87352 43676
0 167320 16732 16732 1 0 0 1
0 178776 59592
0 1632
0 595660 178698
0 5052 0 0 1 0 0 1
0 74130
0 90992
0 196136
0 74238
0 101772 0 11308
0 245500 0 49100 1 0 0 1
0 29170
0 22896
0 183168 15264 7632 2 0 0 2
0 8928 0 2976
cfn=(1952)
calls=1488 0 
0 60746 21158 18052 0 8 23
0 5952 1488
0 120816 60408 0 1 0 0 1
0 1328976 120816 181224 2 0 0 2
0 10638 1773 3546
cfn=(1952)
calls=1773 0 
0 86771 28898 23694 0 54 78
0 124 0 62
cfn=(1952)
calls=31 0 
0 7740 2175 1372 0 16 8
0 5412 1804
0 3546
0 1729
0 175905 58635
0 22190 3170 0 1 0 0 1
0 14728
0 25774 11046 3682 1 2 0 1
0 2380 0 510
0 80
0 42144 0 7024 2 0 0 2
0 132 0 44
cfn=(1952)
calls=22 0 
0 880 308 264
0 384 0 192
cfn=(1952)
calls=96 0 
0 7485 2245 1710 6 21 7 6
0 354 118
0 112
0 362448 120816 60408 1 0 0 1
0 297420 178452 59484
0 10164 3696 1848
0 1152 0 0 1 0 0 1
0 1512 756
0 3456 0 0 1 0 0 1
0 3024
0 166698
0 36660 12220
0 4960
0 37068 12356
0 98304 24576 0 1 0 0 1
0 5971968 1990656 0 0 10339
0 9728 0 0 1 0 0 1
0 38552 14457
0 9638 4819
0 180 45 0 1 0 0 1
0 2772 0 924 1 0 0 1
0 135 0 45 1 0 0 1
cfn=(1952)
calls=45 0 
0 1800 630 540 0 0 1
0 90 0 45
cfn=(1952)
calls=45 0 
0 1800 630 540 0 0 3
0 90 0 45
cfn=(1952)
calls=45 0 
0 1800 630 540
0 90 0 45
cfn=(1952)
calls=45 0 
0 1800 630 540
0 90 0 45
cfn=(1952)
calls=45 0 
0 1800 630 540
0 45
0 69 9 24 2 0 0 2
0 96 32
0 288 32 32 1 0 0 1
0 1152 384
0 11904 2304 0 2 72 0 2
0 25770 5154 0 0 1228
0 165048 82524 0 0 4503
0 263982
0 21880 5470
0 316
0 544 68 68 1 0 0 1
0 2212 316 316 0 0 3
0 2112 352
0 5280 1760
0 256 64 0 1 0 0 1
0 3792 0 632
0 309
0 952 0 204 1 0 0 1
0 186 0 62
cfn=(1952)
calls=31 0 
0 3058 912 647 0 28 10
0 40 0 20
cfn=(1952)
calls=10 0 
0 1042 311 218 0 21 8
0 123 41
0 38
0 96 0 0 1 0 0 1
0 3
0 42 15 6 2 3 0 2
0 6 0 3
cfn=(1952)
calls=3 0 
0 120 42 36
0 6 0 3
cfn=(1952)
calls=3 0 
0 120 42 36
0 6 0 3
cfn=(1952)
calls=3 0 
0 104 36 32
0 6 0 3
cfn=(1952)
calls=3 0 
0 133 46 39
0 6 0 3
cfn=(1952)
calls=3 0 
0 120 42 36
0 33 21 0 0 6
cob=(7)
cfi=(170)
cfn=(1612)
calls=3 0 
0 279 87 45 0 18
0 3 3 0 0 2
0 444 327 24 3 51 0 3
0 261 58 87
0 1152 384
0 1920 1152 0 1 4 0 1
0 1156 340 204 1 0 0 1
0 13056 4352 1088
0 29376 6528 3264 3 0 0 3
0 1840 644 92
0 173160 69264
0 104448 52224 17408 2 1600 0 2
0 52224 17408 0 1 0 0 1
0 86480 34592 0 1 224 0 1
0 154962 51654 0 0 60
0 156672 52224 0 2 528 0 2
0 224 112
0 770 220 0 0 3
0 32 4 0 1 0 0 1
0 243684 34812
0 1288 0 276
0 310 0 124
cfn=(1952)
calls=62 0 
0 4038 1258 987 0 46 11
0 244 0 122
cfn=(1952)
calls=61 0 
0 2424 848 728
0 369 123
0 34816 0 0 2 0 0 2
0 276 92
0 1556 456 0 1 3 0 1
0 605 0 55
0 15 0 6
cfn=(1952)
calls=3 0 
0 120 42 36
0 84 0 42
cfn=(1952)
calls=21 0 
0 824 288 248
0 716 116 0 1 0 0 1
0 3676 732 92 2 0 0 2
0 1748 92 276 2 0 0 2
0 114 19 38 1 0 0 1
cfn=(1952)
calls=19 0 
0 949 315 256 0 15 2
0 8 0 4
cfn=(1952)
calls=2 0 
0 80 28 24
0 63 21
0 57
0 207792 0 34632 1 0 0 1
0 17260
0 219 73 0 1 0 0 1
0 6 2 0 1 0 0 1
0 481 0 74 1 0 0 1
0 16
0 160 64 0 1 0 0 1
0 3
0 2 0 1 1 0 0 1
cob=(7)
cfi=(170)
cfn=(1710)
calls=1 0 
0 16 5 2 0 2
0 1 1 0 0 1
0 3 0 1
cfn=(1956) brushie::(anonymous namespace)::encode_band_arith(int const*, unsigned int, unsigned int, bool, unsigned long, unsigned long, int const*, unsigned int, unsigned int, unsigned int, unsigned char, std::vector<unsigned char, std::allocator<unsigned char> >&)::$_22::operator()() const
calls=1 0 
0 156 51 9 1 16 1
0 3 0 2 1 0 0 1
cob=(7)
cfi=(170)
cfn=(1724)
calls=1 0 
0 9 4 1
0 1 1 0 0 1
0 1

fn=(1956)
0 3 0 2 1
cob=(3)
cfi=(218)
cfn=(1718)
calls=1 34 
0 147 48 7 0 15 1
0 1 1 0 0 1
0 2
0 3 2

fn=(1960) std::vector<unsigned char, std::allocator<unsigned char> >::_M_fill_insert(__gnu_cxx::__normal_iterator<unsigned char*, std::vector<unsigned char, std::allocator<unsigned char> > >, unsigned long, unsigned char const&)
0 289 34 102 1 0 0 1
0 207 9 18 2 0 0 2
cob=(7)
cfi=(170)
cfn=(1388)
calls=9 0 
0 741 153 97 0 4 2 0 0 1
0 9 9
0 54 9 9
0 40 8
0 72 0 16 2 0 0 2
cob=(3)
cfi=(213)
cfn=(1572)
calls=8 181 
0 96 8 16 0 0 1
0 8 8
0 40 8 8
0 45 9 9 1 0 0 1
cob=(3)
cfi=(213)
cfn=(1572)
calls=9 181 
0 129 9 18 2 0 2 0 0 1
0 9 9
0 18
0 8 2 2
cob=(3)
cfi=(199)
cfn=(1362)
calls=2 307 
0 34 9 6 0 0 1
0 2 2
0 54 18 0 1 0 0 1
0 36 9
0 2 0 2
cob=(7)
cfi=(170)
cfn=(1612)
calls=2 0 
0 186 58 30 0 2
0 2 2
0 172 119 27

fn=(1932) std::vector<int, std::allocator<int> >::operator=(std::vector<int, std::allocator<int> > const&)
0 1248 192 288 2 82 0 2
cob=(7)
cfi=(170)
cfn=(1388)
calls=48 0 
0 15786 2816 2346 24 473 276 2 0 36
0 48 48 0 0 23
0 336 0 48
cob=(3)
cfi=(199)
cfn=(1362)
calls=48 307 
0 3145680 3144432 3144240 3 49256 49197 3 0 45285
0 48 48 0 0 48
0 144 48 0 1 48 0 1
0 192 0 96 0 0 12
0 480 336 48 1 48 0 1

fn=(1940) void std::vector<std::vector<unsigned long, std::allocator<unsigned long> >, std::allocator<std::vector<unsigned long, std::allocator<unsigned long> > > >::_M_realloc_insert<std::vector<unsigned long, std::allocator<unsigned long> > const&>(__gnu_cxx::__normal_iterator<std::vector<unsigned long, std::allocator<unsigned long> >*, std::vector<std::vector<unsigned long, std::allocator<unsigned long> >, std::allocator<std::vector<unsigned long, std::allocator<unsigned long> > > > >, std::vector<unsigned long, std::allocator<unsigned long> > const&)
0 164 8 40 4 0 0 4
cob=(7)
cfi=(170)
cfn=(1388)
calls=4 0 
0 928 183 164 0 0 5
0 4 4
0 4
0 72 8 20 1 0 1 1
cob=(7)
cfi=(170)
cfn=(1388)
calls=4 0 
0 398 88 65 0 0 1
0 4 4
0 64 16 16 1 0 0 1
cob=(3)
cfi=(199)
cfn=(1362)
calls=4 307 
0 46 12 8 2
0 4 4 0 0 1
0 12
0 40 16 4 1 0 0 1
0 42 6 12
0 40 8 16
0 12 0 0 1 0 0 1
0 8 0 0 1 0 0 1
0 3 0 3
cob=(7)
cfi=(170)
cfn=(1612)
calls=3 0 
0 279 87 45
0 3 3
0 52 28 12 1 0 0 1

fn=(1958) brushie::encode(brushie::ImageView const&, brushie::EncodeOptions const&, brushie::EncodedImage&, std::__cxx11::basic_string<char, std::char_traits<char>, std::allocator<char> >*)::$_14::operator()() const
0 3 0 2
cob=(3)
cfi=(218)
cfn=(1718)
calls=1 34 
0 147 48 7 0 15
0 1 1 0 0 1
0 2 0 0 1 0 0 1
0 3 2

fn=(2280)
0 4 0 0 2
0 1 1

fn=(826)
0 4 0 2
cob=(7)
cfi=(170)
cfn=(834)
calls=1 0 
0 103149 28092 13456 439 621 149 429 125 124
cob=(1)
cfi=(159)
cfn=(526)
calls=1 67 
0 853 257 130 0 15 0 0 1
0 5 3 2 1 2 0 1
0 5 2 0 1 1
cob=(3)
cfi=(171)
cfn=(624)
calls=1 69 
0 75 14 15 6 3 2
cob=(1)
cfi=(159)
cfn=(526)
calls=1 67 
0 954 307 144 4 38 0 0 1
0 5 3 2 2 2 0 1

fn=(1704)
0 30 7 9 3 0 0 2
0 4 1 0 1 0 0 1
0 2 1 0 1 0 0 1
0 5 1 1 1 0 0 1
0 3 1 0 1 0 0 1
0 14 8 2 3 2 0 2
0 18 3 12 2 0 0 2
cob=(7)
cfi=(170)
cfn=(1696)
calls=1 0 
0 28 10 2
0 1 1
0 28 5 7 2 0 0 2
cfn=(1726)
calls=1 0 
0 1048962 78 1048636 14 7 16387 5 0 16385
0 3 2
0 8 0 1 1 0 0 1
cfn=(1726)
calls=1 0 
0 1048962 78 1048636 0 21 16392 0 0 16385
0 1
0 10 2 1 1 0 0 1
cfn=(1726)
calls=1 0 
0 1048962 78 1048636 0 21 16392 0 0 16385
0 1
0 10 2 1 1 1 0 1
cfn=(1726)
calls=1 0 
0 1048962 78 1048636 0 22 16392 0 0 16385
0 1
0 30 4 9 3 2 4 3
cob=(7)
cfi=(170)
cfn=(1388)
calls=1 0 
0 201 38 30 3 14 4
0 1 1 0 0 1
0 5
0 40 8 0 0 2
0 40 0 16 1 0 3 1
cob=(7)
cfi=(170)
cfn=(1388)
calls=8 0 
0 1094 244 141 7 18 4 6
0 8 8 0 0 1
0 104 0 48 1 0 3 1
cob=(7)
cfi=(170)
cfn=(1732)
calls=8 0 
0 11110 2768 2087 113 184 190 99 12 121
cob=(1)
cfi=(159)
cfn=(526)
calls=1 67 
0 1430 329 130 1 49 21 1 3
0 12 10 2 0 1
0 24 8
0 7 0 1 2 0 0 2
cob=(7)
cfi=(170)
cfn=(1850)
calls=1 0 
0 1052 331 181 19 48 1 14 3
cob=(1)
cfi=(159)
cfn=(526)
calls=1 67 
0 823 252 132 3 29 13 0 1
0 5 3 2 2 2
0 14 0 7
cob=(7)
cfi=(170)
cfn=(1850)
calls=7 0 
0 3525 1095 620 18 68 9 17 2
0 7 7
0 32
0 42 8 0 1 0 0 1
0 4 0 1
cob=(7)
cfi=(170)
cfn=(1612)
calls=1 0 
0 93 29 15 0 1
0 1 1
0 2 0 1
cfn=(1878) brushie::track::Scope::~Scope()
calls=1 0 
0 279 90 32 13 22 1 8 3 1
0 15 5 5 2 2 2 2
cob=(7)
cfi=(170)
cfn=(1696)
calls=1 0 
0 28 10 2
0 1 1
0 12 2 3
cfn=(1882)
calls=1 0 
0 3215414 262841 327821 34 16402 8196 23 0 4097
0 6 2 1 1 1 0 1
cfn=(1882)
calls=1 0 
0 3215111 262771 327763 15 16414 8205 0 0 4008
0 2 0 1
cfn=(1878)
calls=1 0 
0 88 28 17 0 7
0 22 0 19 3 0 7 3
cob=(7)
cfi=(170)
cfn=(1696)
calls=1 0 
0 28 10 2
0 1 1
0 13 4 3 1 2 0 1
cfn=(1888)
calls=1 0 
0 1746233 114587 1468898 361 23403 43775 102 3 20606
0 9 4 1 2 2 0 1
cfn=(1888)
calls=1 0 
0 468081 40066 356894 134 6378 10506 0 0 1280
0 7 2 1 0 1
cfn=(1888)
calls=1 0 
0 465514 39741 356858 167 6403 10559 4 0 3073
0 2 1 0 1 0 0 1
0 3 0 1 1 0 0 1
cfn=(1878)
calls=1 0 
0 88 28 17 8 7
0 27 6 3 2 2 1 2
cob=(7)
cfi=(170)
cfn=(1388)
calls=1 0 
0 575 73 57 0 8 2
0 1 1
0 5 2
0 2 0 0 1 0 0 1
0 16 2 6 2 0 1 2
cfn=(1916)
calls=1 0 
0 258 77 43 14 19 0 10 3
0 6 2 1
cfn=(1916)
calls=1 0 
0 262 78 43
0 6 2 1 1 0 0 1
cfn=(1916)
calls=1 0 
0 262 78 43 0 0 1
0 2 1
0 20 4 2 3 0 1 3
0 15 6 3
0 27 0 12 1 0 0 1
cfn=(1920) brushie::encode(brushie::ImageView const&, brushie::EncodeOptions const&, brushie::EncodedImage&, std::__cxx11::basic_string<char, std::char_traits<char>, std::allocator<char> >*)::$_2::operator()(brushie::(anonymous namespace)::BandPyramid&, unsigned char) const
calls=3 0 
0 6067 1786 829 60 64 30 27 10
0 12 0 3
cfn=(1920)
calls=3 0 
0 3026 926 386 0 2 2
0 12 0 3
cfn=(1920)
calls=3 0 
0 3026 926 386 0 0 2
0 6 3
0 20 2 1 2 0 0 2
cob=(7)
cfi=(170)
cfn=(1388)
calls=1 0 
0 467 70 56 0 1 2
0 1 1
0 7 0 2 1 0 1 1
0 27 0 20 3 0 3 3
0 115 0 100 0 0 17
0 12 2 2 1 0 0 1
cob=(7)
cfi=(170)
cfn=(1388)
calls=1 0 
0 323 62 48 1 3
0 1 1
0 5 0 2 1 0 1 1
cob=(3)
cfi=(213)
cfn=(1572)
calls=1 181 
0 12 1 2 1 0 0 1
0 1 1 0 0 1
0 4 2
0 21 0 3 2 0 1 2
cob=(7)
cfi=(170)
cfn=(1388)
calls=1 0 
0 57 14 8 1 2
0 1 1
0 7 0 3
cob=(3)
cfi=(213)
cfn=(1572)
calls=1 181 
0 26 2 8 0 0 2
0 1 1
0 4 2 0 1 0 0 1
0 22 0 4 2 0 1 2
cob=(7)
cfi=(170)
cfn=(1388)
calls=1 0 
0 413 58 45 0 0 2
0 1 1
0 7 0 3
cob=(3)
cfi=(213)
cfn=(1572)
calls=1 181 
0 26 2 8 0 0 1
0 1 1
0 4 2 0 1 0 0 1
0 13 0 2 1 0 0 1
cob=(7)
cfi=(170)
cfn=(1388)
calls=1 0 
0 229 45 41 1 0 1
0 1 1
0 9 0 3 1 0 1 1
cob=(3)
cfi=(213)
cfn=(1572)
calls=1 181 
0 50 2 20 0 0 8
0 1 1
0 5 2 1
0 6 1 1 1 0 0 1
cfn=(1932)
calls=1 0 
0 16874 16457 16438 7 261 258 7
0 69 23 23 0 23
cfn=(1932)
calls=23 0 
0 1565846 1557590 1557151 24 24825 24520 2 0 20739
0 240 48 0 1 0 0 1
0 3 1 0 0 1
0 3 1 0 0 1 0 0 1
0 3 1
0 21 2 4 2 0 2 2
cob=(7)
cfi=(170)
cfn=(1388)
calls=1 0 
0 257 49 41 0 14 4
0 1 1 0 0 1
0 7 0 3 1 0 0 1
0 5 0 1
cob=(3)
cfi=(213)
cfn=(1572)
calls=1 181 
0 12 1 2
0 1 1
0 24 2 4 2 0 1 2
cob=(7)
cfi=(170)
cfn=(1388)
calls=1 0 
0 454 73 56 0 7 2
0 1 1
0 7 0 3 1 0 0 1
cob=(3)
cfi=(213)
cfn=(1572)
calls=1 181 
0 26 2 8 0 0 2
0 1 1
0 4 2
0 13 0 4 2 0 0 2
cob=(7)
cfi=(170)
cfn=(1388)
calls=1 0 
0 233 46 41 0 0 1
0 1 1
0 8 0 3
cob=(3)
cfi=(213)
cfn=(1572)
calls=1 181 
0 12 1 2
0 1 1
0 4 2
0 16 0 4 2 0 1 2
cob=(7)
cfi=(170)
cfn=(1388)
calls=1 0 
0 229 45 41 0 2 1
0 1 1
0 8 0 3 1 0 0 1
cob=(3)
cfi=(213)
cfn=(1572)
calls=1 181 
0 50 2 20 0 0 8
0 1 1
0 27 3 1 2 0 0 2
0 6
0 18 4 4 2 2 0 2
0 13 4 4 0 1
0 75 24 11 3 0 3 3
0 6 3
0 2 0 0 1 0 0 1
0 253
0 10
0 1
0 9 0 0 1 0 0 1
0 14 0 2 1 0 1 1
cob=(7)
cfi=(170)
cfn=(1388)
calls=1 0 
0 227 46 41 0 0 1
0 1 1
0 2
0 3 0 1
0 4 0 0 1 0 0 1
0 8 3 3 1 0 0 1
0 2 1
0 4 2 0 1 0 0 1
0 4 0 1 1 0 0 1
cfn=(1940)
calls=1 0 
0 583 117 107 11 1 2 10
0 2 1
0 60 27 1 2 0 0 2
0 12 3
0 4 2
0 15 0 2
0 242 0 0 1 0 0 1
0 10
0 1
0 24 0 2 2 0 0 2
cob=(7)
cfi=(170)
cfn=(1388)
calls=1 0 
0 233 46 41
0 1 1
0 8 0 2
cob=(3)
cfi=(199)
cfn=(1362)
calls=1 307 
0 13 3 2
0 1 1
0 6 0 1
cob=(7)
cfi=(170)
cfn=(1612)
calls=1 0 
0 93 29 15 0 4
0 1 1
0 8 3 3 1 0 0 1
0 3 2 0 1 0 0 1
0 4 0 1 1 0 0 1
cfn=(1940)
calls=1 0 
0 520 117 94 1 0 1
0 1
0 4 1 0 1 0 0 1
0 48 15 6 2 0 0 2
0 207 69
0 42 21
0 18 9
0 120 0 16
0 693 0 0 1 0 0 1
0 10
0 3
0 24 0 2 2 0 1 2
cob=(7)
cfi=(170)
cfn=(1388)
calls=1 0 
0 57 14 8 0 1
0 1 1
0 8 0 2 0 0 1
cob=(3)
cfi=(199)
cfn=(1362)
calls=1 307 
0 11 3 2
0 1 1
0 6 0 1 1 0 0 1
cob=(7)
cfi=(170)
cfn=(1612)
calls=1 0 
0 93 29 15
0 1 1
0 9 4 3
0 9 6 0 1 0 0 1
0 10 0 3
cob=(7)
cfi=(170)
cfn=(1388)
calls=1 0 
0 233 46 41 0 0 1
0 1 1
0 2
0 8 0 2 1 0 0 1
cfn=(1940)
calls=2 0 
0 1076 241 204 0 0 4
0 6 4 0 1 0 0 1
0 14 2 4
cob=(3)
cfi=(199)
cfn=(1362)
calls=1 307 
0 11 3 2
0 1 1
0 44 10 5 2 0 0 2
0 207 69
0 84 21
0 24 12
0 165 0 22
0 660 0 0 1 0 0 1
0 10
0 3
0 24 0 2 2 0 0 2
cob=(7)
cfi=(170)
cfn=(1388)
calls=1 0 
0 57 14 8 0 1
0 1 1
0 8 0 2
cob=(3)
cfi=(199)
cfn=(1362)
calls=1 307 
0 12 3 2
0 1 1
0 7 0 1 1 0 0 1
cob=(7)
cfi=(170)
cfn=(1612)
calls=1 0 
0 93 29 15
0 1 1
0 10 4 3 1 0 0 1
0 24 6 6 1 0 1 1
0 10 0 2
cob=(7)
cfi=(170)
cfn=(1388)
calls=2 0 
0 290 60 49 0 0 1
0 2 2
0 4
0 11 2 3
0 26 4 8 1 0 0 1
cob=(3)
cfi=(199)
cfn=(1362)
calls=2 307 
0 24 6 4
0 2 2
0 18 3 6 1 0 0 1
0 4 1 1
cob=(7)
cfi=(170)
cfn=(1612)
calls=1 0 
0 93 29 15 0 1
0 1 1
0 5 0 3 1 0 0 1
cob=(7)
cfi=(170)
cfn=(1696)
calls=1 0 
0 28 10 2 0 3
0 1 1 0 0 1
0 12 2 2
0 192 48
0 144 48 24 2 39 0 2
cfn=(1932)
calls=24 0 
0 1581242 1573873 1573477 0 24892 24707 0 0 24582
0 192 120 0 0 72
0 264 24 24 2 24 24 2
0 1179648
0 1572864 786432 393216 0 21550
cob=(4)
cfi=(251) ./math/../sysdeps/ieee754/dbl-64/s_llround.c
cfn=(1946) lround
calls=393216 33 
0 7205334 393216 0 3 0 0 3
cob=(1)
cfi=(159)
cfn=(526)
calls=1 67 
0 703 252 135 1 51 24 0 5
0 393220 393218 2 1 25
0 1179648 0 393216
0 263024 0 0 1 0 0 1
0 384 144 120 3 72 94 3
cfn=(1948)
calls=24 0 
0 35208341 8271528 2200343 85 29084 1123 82 1
0 96 24 24
cob=(7)
cfi=(170)
cfn=(1612)
calls=24 0 
0 2799 829 416 2 103 39
0 24 24 0 0 9
0 24
0 2 0 1
cfn=(1878)
calls=1 0 
0 88 28 17 1 5
0 24 5 1 2 2 1 2
0 432 96 24 0 2
0 312 72 0 2 11 0 2 2
0 3 1
0 10 0 0 1 0 0 1
0 40 10 0 3 3 0 3
0 12 2
0 42 16 2 4 6 0 4
0 2 0 1 1 0 0 1
cob=(7)
cfi=(170)
cfn=(1710)
calls=1 0 
0 17 6 2 2 2 0 2
cob=(1)
cfi=(159)
cfn=(526)
calls=1 67 
0 811 249 130 0 11 21 0 2
0 5 3 2
0 3 0 1
cfn=(1712)
calls=1 0 
0 1007 350 155 7 27 0 6 7
0 3 0 2
cob=(7)
cfi=(170)
cfn=(1724)
calls=1 0 
0 6 3 1 1 0 0 1
cob=(1)
cfi=(159)
cfn=(526)
calls=1 67 
0 808 252 130 0 8 0 0 1
0 5 3 2 0 1
0 1
0 2 0 1 1 0 0 1
cob=(7)
cfi=(170)
cfn=(1710)
calls=1 0 
0 16 5 2 2 2
0 1 1 0 1 1
0 3 0 1 1 0 0 1
cfn=(1934)
calls=1 0 
0 156 51 9 2 15 1 2
0 3 0 2
cob=(7)
cfi=(170)
cfn=(1724)
calls=1 0 
0 9 4 1 2
0 1 1 0 0 1
0 1
0 2 0 1
cob=(7)
cfi=(170)
cfn=(1710)
calls=1 0 
0 16 5 2
0 1 1
0 3 0 1
cfn=(1936)
calls=1 0 
0 156 51 9 1 0 0 1
0 3 0 2 1 0 0 1
cob=(7)
cfi=(170)
cfn=(1724)
calls=1 0 
0 9 4 1
0 1 1
0 1
0 2 0 1
cob=(7)
cfi=(170)
cfn=(1710)
calls=1 0 
0 16 5 2
0 1 1
0 3 0 1
cfn=(1938)
calls=1 0 
0 156 51 9 0 1 0 0 1
0 3 0 2
cob=(7)
cfi=(170)
cfn=(1724)
calls=1 0 
0 9 4 1
0 1 1
0 1
0 5 1 0 1 1 0 1
0 2 1
0 4 1 0 2 1 0 2
0 7 2 1 2 0 1 2
0 240 48 0 0 12
0 888 288 288 4 76 12 4
0 192 24 72 0 10 21
0 420 105 0 2 12 0 2
0 27
0 72 18 0 0 3
0 27 9
0 12 3 0 1 1 0 1
0 147 21
0 504 84 105 2 0 13 2
0 147 42 0 0 5
0 27 21 3 0 0 3
0 126 108 0 1 0 0 1
0 72
0 636 114 0 0 45
0 135 90
0 45 15
0 12
0 465 255 0 3 59 0 3
0 588 126 105 2 0 0 2
0 27
0 72 18
0 27 9
0 9 0 0 1 0 0 1
0 48
0 636 114
0 135 90
0 45 15
0 12
0 210 84 0 2 0 0 2
0 45 18
0 72 18
0 27 9
0 48 0 0 1 0 0 1
0 636 114
0 135 90
0 45 15
0 12
0 48 36
0 162 54 63
cfn=(1950)
calls=9 0 
0 4741347 1037072 335944 0 2569 100
0 204 60 84 0 0 6
cfn=(1950)
calls=12 0 
0 22457347 5368735 1324747 45 28029 475 42 0 10
0 36 6 21 2 0 0 2
cfn=(1950)
calls=3 0 
0 2594746 515379 198972 0 793 78
0 312 120 96 1 26 2 1
0 192 120 48 1 50 15 1
0 399 84 63 1 0 12 1
0 780 468
0 2652 156 468 2 0 0 2
0 5285
0 1724
0 32736 5952 0 1 747 0 1
0 47870 9574 0 0 4338
0 313082 156541 0 0 7276
0 499638
0 40020 10005
0 862
0 2 0 1 1 0 0 1
cob=(7)
cfi=(170)
cfn=(1710)
calls=1 0 
0 16 5 2 0 2
0 1 1 0 0 1
0 4 1 1 1 0 0 1
cfn=(1954)
calls=1 0 
0 156 51 9 2 16 0 2 2
0 3 0 2
cob=(7)
cfi=(170)
cfn=(1724)
calls=1 0 
0 9 4 1
0 1 1 0 0 1
0 2 1
0 3 1
0 17 2 3 2 0 1 2
cob=(7)
cfi=(170)
cfn=(1388)
calls=1 0 
0 219 39 32 0 6 2 0 0 1
0 1 1
0 16 2 4 1 0 0 1
0 234 54 6 0 2
0 72 48 0 1 0 0 1
0 90 30 30 1 1 0 1
0 119 14 14 1 0 0 1
0 266 84 0 2 1 0 2
0 210 42 112 2 0 1 2
cfn=(1960)
calls=7 0 
0 1043 224 161 7 1 0 5
0 434 217 105 5 2 1 5
cob=(7)
cfi=(170)
cfn=(1388)
calls=7 0 
0 1627 294 247 0 9 7 0 0 6
0 7 7
0 77 35 21 1 0 0 1
cob=(3)
cfi=(199)
cfn=(1362)
calls=7 307 
0 91 21 14 0 0 2 0 0 2
0 7 7
0 56 14 7 1 0 0 1
cob=(7)
cfi=(170)
cfn=(1612)
calls=7 0 
0 651 203 105
0 7 7
0 105 35 21
0 54 21 15 2 1 3 2 0 3
cob=(7)
cfi=(170)
cfn=(1388)
calls=3 0 
0 660 118 96 0 2 3 0 0 3
0 3 3
0 9 3
0 42 9 12 1 0 0 1
cob=(3)
cfi=(199)
cfn=(1362)
calls=3 307 
0 459 136 127 0 61 58 0 0 58
0 3 3 0 0 1
0 3
0 35 0 7 1 0 0 1
cfn=(1962)
calls=7 0 
0 1079 287 253 6 86 87 6 0 85
0 35 21 7
cfn=(1962)
calls=7 0 
0 1053 279 245 0 85 80 0 0 78
0 42 28 7 1 0 0 1
cfn=(1962)
calls=7 0 
0 917 238 206 0 65 57 0 0 57
0 140 56 56 2 0 6 2 0 6
0 84 28 0 2 0 0 2
0 308
0 462 308 0 1 15 0 1
0 96 64
0 98 28 14
0 21 7 0 1 0 0 1
0 21 7
0 4 2 1
0 9 0 2 1 0 0 1
0 5 0 3 1 0 0 1
cob=(7)
cfi=(170)
cfn=(1696)
calls=1 0 
0 28 10 2 0 3
0 1 1 0 0 1
0 12 1 4 1 1 0 1
cfn=(1964)
calls=1 0 
0 106 27 20 3 3 0 2
0 121 50 39 7 3 0 7
cfn=(1966)
calls=1 0 
0 29 9 8 1 0 0 1
0 218 74 16 13 0 0 13
0 420 220 140 1 3 0 1
0 110 20 20 2 0 0 2
cfn=(1960)
calls=10 0 
0 1210 268 199 2 5 6 2 0 2
0 30 10
0 42 30 10 1 3 0 1
cfn=(1962)
calls=10 0 
0 33658 28730 28462 3 521 900 2 0 891
0 40 10 0 0 2
0 29 12 8 2 5 0 2
cfn=(1878)
calls=1 0 
0 88 28 17 0 7
0 7 1 0 1 1 0 1
0 30
0 40 10 10 0 9
cob=(7)
cfi=(170)
cfn=(1612)
calls=10 0 
0 1437 404 204 0 15 2
0 10 10
0 10
0 4 0 1 1 0 0 1
cob=(7)
cfi=(170)
cfn=(1612)
calls=1 0 
0 174 48 23 0 1
0 1 1
0 4 2 0 0 1
0 24
0 24 8 0 0 3
0 7 0 7
cob=(7)
cfi=(170)
cfn=(1612)
calls=7 0 
0 651 203 105 0 5
0 7 7
0 7
0 5 1 1 1 0 0 1
cob=(7)
cfi=(170)
cfn=(1612)
calls=1 0 
0 93 29 15 0 2
0 1 1
0 4 2
0 72
0 96 24 24 1 9 0 1
cob=(7)
cfi=(170)
cfn=(1612)
calls=24 0 
0 4517 1273 573 2 26
0 24 24
0 24
0 5 1 1
cob=(7)
cfi=(170)
cfn=(1612)
calls=1 0 
0 93 29 15 0 3
0 1 1
0 4 1 1 0 1
cob=(7)
cfi=(170)
cfn=(1612)
calls=1 0 
0 121 34 14 2
0 1 1
0 4 1 1 1 0 0 1
cob=(7)
cfi=(170)
cfn=(1612)
calls=1 0 
0 93 29 15 0 1
0 1 1
0 4 1 1 0 1
cob=(7)
cfi=(170)
cfn=(1612)
calls=1 0 
0 93 29 15 0 1
0 1 1
0 6 2 0 0 1
0 72
0 96 24 24 1 9 0 1
cob=(7)
cfi=(170)
cfn=(1612)
calls=24 0 
0 4635 1301 597 6 26 1
0 24 24
0 24
0 4 0 1
cob=(7)
cfi=(170)
cfn=(1612)
calls=1 0 
0 93 29 15 0 1
0 1 1
0 4 1 1 0 1
cob=(7)
cfi=(170)
cfn=(1612)
calls=1 0 
0 93 29 15 0 1
0 1 1
0 4 1 1
cob=(7)
cfi=(170)
cfn=(1612)
calls=1 0 
0 93 29 15 0 2
0 1 1
0 4 1 1 1 0 0 1
cob=(7)
cfi=(170)
cfn=(1612)
calls=1 0 
0 93 29 15
0 1 1
0 6 2
0 72
0 96 24 24 1 21 0 1
cob=(7)
cfi=(170)
cfn=(1612)
calls=24 0 
0 3060 896 442 0 25 2
0 24 24
0 24
0 4 0 1
cob=(7)
cfi=(170)
cfn=(1612)
calls=1 0 
0 146 39 21
0 1 1
0 4 1 1
cob=(7)
cfi=(170)
cfn=(1612)
calls=1 0 
0 174 48 23 0 1 1
0 1 1
0 3 1 0 0 1
0 5 2 0 1 0 0 1
0 2 0 0 1 0 0 1
0 4 1 1
cob=(7)
cfi=(170)
cfn=(1612)
calls=1 0 
0 185 52 23 0 1
0 1 1
0 4 2 0 1 1 0 1
0 6
0 8 2 2 0 2
cob=(7)
cfi=(170)
cfn=(1612)
calls=2 0 
0 370 104 46 0 2 1
0 2 2
0 8 2 2 0 1
cob=(7)
cfi=(170)
cfn=(1612)
calls=2 0 
0 370 104 46 0 2 2
0 2 2
0 8 2 2 1 0 0 1
cob=(7)
cfi=(170)
cfn=(1612)
calls=2 0 
0 342 95 44 0 3 1
0 2 2
0 2
0 5 1 1
cob=(7)
cfi=(170)
cfn=(1612)
calls=1 0 
0 93 29 15
0 1 1
0 4 1 1
cob=(7)
cfi=(170)
cfn=(1612)
calls=1 0 
0 219 63 26
0 1 1
0 4 2 0 1 1 0 1
0 6
0 8 2 2 0 2
cob=(7)
cfi=(170)
cfn=(1612)
calls=2 0 
0 331 91 44 0 3 2
0 2 2
0 8 2 2 0 1
cob=(7)
cfi=(170)
cfn=(1612)
calls=2 0 
0 331 91 44 0 3 1
0 2 2
0 8 2 2 1 0 0 1
cob=(7)
cfi=(170)
cfn=(1612)
calls=2 0 
0 404 115 49 0 1 1
0 2 2
0 2
0 5 1 1
cob=(7)
cfi=(170)
cfn=(1612)
calls=1 0 
0 93 29 15
0 1 1
0 4 1 1 0 1
cob=(7)
cfi=(170)
cfn=(1612)
calls=1 0 
0 185 52 23 0 1 1
0 1 1
0 4 2 0 1 0 0 1
0 9
0 12 3 3 0 3
cob=(7)
cfi=(170)
cfn=(1612)
calls=3 0 
0 527 147 67 0 5 2
0 3 3
0 12 3 3 0 1
cob=(7)
cfi=(170)
cfn=(1612)
calls=3 0 
0 555 156 69 0 2
0 3 3
0 12 3 3 1 1 0 1
cob=(7)
cfi=(170)
cfn=(1612)
calls=3 0 
0 620 177 75 0 4 1
0 3 3
0 3
0 5 1 1
cob=(7)
cfi=(170)
cfn=(1612)
calls=1 0 
0 93 29 15
0 1 1
0 4 1 1 0 1
cob=(7)
cfi=(170)
cfn=(1612)
calls=1 0 
0 70 17 8 6 3
0 1 1
0 3 1
0 3 1 0 1 0 0 1
0 3 1 0 0 1
0 2 0 1 1 0 0 1
cob=(7)
cfi=(170)
cfn=(1710)
calls=1 0 
0 16 5 2 0 2
0 1 1 0 0 1
0 4 0 1
cob=(3)
cfi=(218)
cfn=(1718)
calls=1 34 
0 147 48 7 0 15 0 0 1
0 1 1 0 0 1
0 2
0 2 0 1 1 0 0 1
cob=(7)
cfi=(170)
cfn=(1710)
calls=1 0 
0 16 5 2 0 2
0 1 1 0 0 1
0 3 0 1
cfn=(1958)
calls=1 0 
0 156 51 9 1 16 0 1
0 3 0 2 0 0 1
cob=(7)
cfi=(170)
cfn=(1724)
calls=1 0 
0 9 4 1
0 1 1 0 0 1
0 1
0 4 0 2 1 0 0 1
cob=(7)
cfi=(170)
cfn=(1724)
calls=1 0 
0 9 4 1
0 1 1 0 0 1
0 1

fn=(1878)
0 25 0 15 2 0 0 1
cob=(7)
cfi=(170)
cfn=(1696)
calls=5 0 
0 140 50 10 6 14
0 5 5 0 1 5
0 100 20 30 1 5 0 1
cfn=(1880)
calls=5 0 
0 321 107 45 12 24 1 6 3 1
0 20 5
0 20 15

fn=(1912)
0 168 0 112
cob=(7)
cfi=(170)
cfn=(1800)
calls=56 0 
0 112 56
0 56 56
0 168 56
cob=(7)
cfi=(170)
cfn=(1612)
calls=56 0 
0 19712 3780 6818 0 32 200 0 0 8
0 56 56

fn=(1906)
0 168 0 112
cob=(7)
cfi=(170)
cfn=(1800)
calls=56 0 
0 112 56
0 56 56 0 1
0 168 56
cob=(7)
cfi=(170)
cfn=(1612)
calls=56 0 
0 19712 3780 6818 0 29 200 0 0 16
0 56 56

fn=(1908)
0 392 224 112 7 2 0 1
0 28 7 7 5 0 0 1
cfn=(1910)
calls=7 0 
0 82096 16562 8159 19 1712 1864 5 0 10
0 3314 1657 1657
cfn=(1910)
calls=1657 0 
0 23207470 4735842 2058905 0 513451 514577
0 9984 6656 1664 0 256
0 112 112

fn=(1918)
0 792 48 384 3 0 0 3
cob=(3)
cfi=(218)
cfn=(1718)
calls=24 34 
0 3528 1152 168 3 15 0 0 1
0 24 24 0 1 1
0 48
0 192 168 0 1 0 0 1

fn=(1920)
0 162 36 54 1 0 0 1
0 119 28 35 1 5 0 1
cfn=(1922)
calls=7 0 
0 3933 1211 473 45 59 19 12 10
0 168 42 98 2 0 3 2
0 98 56 14 1 0 0 1
cfn=(1922)
calls=7 0 
0 3203 959 336
0 49 21 0 1 0 0 1
0 90 24 54 1 0 3 1
0 26 1 4 2 0 0 2
cob=(7)
cfi=(170)
cfn=(1388)
calls=1 0 
0 467 70 56 0 1 1
0 1 1
0 30 8 10 1 0 1 1
0 168 42 42 0 0 7
0 4 0 1
cob=(7)
cfi=(170)
cfn=(1612)
calls=1 0 
0 93 29 15 0 1
0 1 1
0 22 10 4
cfn=(1922)
calls=1 0 
0 470 140 48
0 84 42 6 2 0 0 2
cfn=(1922)
calls=6 0 
0 2726 819 288
0 133 35 63 2 0 0 2
0 72 63 0 1 0 0 1

fn=(1952)
0 449880 37490 224940 2 0 6 2
0 297736 148868 37217 0 2 23
0 147200 36800 73600 0 0 425 0 0 1
0 36602
0 546 0 273 1 0 0 1
0 7923 417 1251 1 0 0 1
cob=(7)
cfi=(170)
cfn=(1388)
calls=417 0 
0 34736 7527 4813 0 667 145 0 0 1
0 417 417 0 0 23
0 1251 417
0 3753 417 834 0 0 137 0 0 1
cob=(3)
cfi=(199)
cfn=(1362)
calls=417 307 
0 10331 2640 2048 5 144 543 0 0 7
0 417 417 0 0 63
0 2502 417 417 1 0 0 1
cob=(7)
cfi=(170)
cfn=(1612)
calls=417 0 
0 38781 12093 6255 0 289 73
0 417 417
0 3336 1251 1251
0 1145 0 229 1 0 0 1
0 1140 228 456 0 0 4
0 1092 819 0 1 0 0 1
0 900 45 45 1 0 0 1
cob=(7)
cfi=(170)
cfn=(1388)
calls=45 0 
0 2789 676 398 0 9
0 45 45
0 495 45 90 0 0 1
cob=(3)
cfi=(199)
cfn=(1362)
calls=45 307 
0 757 141 94 0 0 1
0 45 45
0 315 45 45 1 0 0 1
cob=(7)
cfi=(170)
cfn=(1612)
calls=45 0 
0 4185 1305 675
0 45 45
0 450 135 135
0 22
0 560985 299647 111924 1 0 0 1

fl=(180)
fn=(824)
84 1 0 0 1 0 0 1
+10 1 0 1
+2 2 1 1 1 0 0 1
+2 1 1

ob=(6) /usr/lib/x86_64-linux-gnu/libgcc_s.so.1
fl=(168) ???
fn=(580) __cpu_indicator_init
0 44 2 8 3 1 0 3
0 15 0 4 1 0 0 1
0 2 0 0 1 0 0 1
0 24 0 7 1 0 0 1
0 2 0 0 1 0 0 1
0 2
0 5 0 1
0 2
0 7 0 1 1 0 0 1
0 2
0 8 0 0 1 0 0 1
0 15 0 1 1 0 0 1
0 2
0 4
0 40 0 0 4 0 0 4
0 2
0 13 0 0 1 0 0 1
0 11 0 0 2 0 0 2
0 6
0 6 0 0 1 0 0 1
0 8
0 2 0 0 1 0 0 1
0 8
0 3 1
0 6 0 0 2 0 0 2
0 5
0 9 7
0 7 1 1
0 2
0 2 0 1 1 0 1 1
0 2 0 1
0 2 0 1
0 2 0 1
0 2 0 1
0 2 0 1
0 2 0 1 1 0 0 1
0 9
0 2 0 1
0 2 0 1 1 0 0 1
0 2 0 1 1 0 0 1
0 33 1 3 2 0 0 2
0 12 3 0 2 1 0 2 1
0 7 0 0 2 0 0 2
0 2 0 1
0 10 1 2
0 2 0 1 1 0 0 1
0 2 0 1 1 0 0 1
0 2 0 1
0 3 1 1 1 1 0 1 1

fn=(582) 0x0000000000004600
0 9 0 0 1 0 0 1
0 3 1 0 1 0 0 1

fn=(2382) 0x0000000000004550
0 4 0 0 1 0 0 1
0 1 1

fn=(2372) 0x00000000000045c0
0 9 3 2 1 3 0 1
cob=(2)
cfi=(51)
cfn=(2378) 0x0000000004b67340
calls=1 0 
0 121 28 12 1 0 0 1
0 1 0 1
cfn=(2382)
calls=1 0 
0 5 1 0 1 0 0 1
0 3 2 1

ob=(1)
fl=(15) ./elf/../sysdeps/x86/dl-get-cpu-features.c
fn=(32) _dl_x86_init_cpu_features
37 1 0 0 1 0 0 1
+2 3 1
jcnd=1/1 +2 
* 
+2 1 0 0 1 0 0 1
cfi=(16) ./elf/../sysdeps/x86/cpu-features.c
cfn=(34) init_cpu_features.constprop.0
calls=1 399 
* 7219 783 442 101 15 12 101 15 12

fn=(506) __x86_cpu_features
71 1 0 0 1
-32 3 1 0 0 1
+32 2 1

fl=(24) ./elf/../sysdeps/nptl/dl-tls_init_tp.c
fn=(66) __tls_pre_init_tp
53 3 0 0 1 0 0 1
+3 8 0 2 1 0 1 1 0 1
+5 1
-5 1
+5 1 0 1
+1 1 0 1
-6 1 0 1
+8 1 1

fn=(266) __tls_init_tp
68 2 0 1
fi=(294) ./elf/../include/list.h
-24 1
fe=(24)
+24 1
fi=(294)
-25 1 1 0 1 1 0 1
fe=(24)
+26 1 1
+3 1
fi=(294)
-29 1 0 1
+1 1 0 1
+1 1 0 1
+2 1 0 1
fe=(24)
+28 4 0 1 1 0 0 1
+1 2 0 1
+1 1 0 1
+5 2 1 1
+5 1
+6 1
-3 1 0 1 1 0 0 1
+3 1
-6 3 0 1
+6 1
+13 3
fi=(76) ./elf/../sysdeps/unix/sysv/linux/rseq-internal.h
-72 1
fe=(24)
+72 1 0 1
cfi=(10) ./elf/./elf/dl-tunables.c
cfn=(24) __tunable_get_val
calls=1 405 
* 20 4 1 0 2 0 0 1
fi=(76)
-74 3 1
+2 6 0 0 1 0 0 1
+3 2
+3 1 0 1
fe=(24)
+83 3 2 1 0 1 1
+7 2 1 1 1 0 0 1
+2 1 0 1
+1 1 0 1
+1 3 2

fn=(84) rtld_mutex_dummy
42 258
+2 516 258

fl=(43) ./string/../sysdeps/x86_64/memcmp.S
fn=(124) bcmp
22 1 0 0 1 0 0 1
+5 1
+1 1
+1 1
+1 1
+1 1
+1 1
+1 1
+1 1
+3 1
+1 1
+1 1 1 0 1 0 0 1
+1 1 1
+1 1
+1 1
+1 1
+1 1
+1 1
+2 1
+1 1
jcnd=1/1 +17 
* 
+17 1 0 0 1 0 0 1
+1 1
jcnd=1/1 +17 
* 
+17 1
+1 1
+1 1 1
+1 1 1
+1 1
+4 1
jcnd=1/1 +47 
* 
+47 1 0 0 1 0 0 1
+1 1
+1 1
+1 1
+1 1
+1 1
+1 1 0 0 1 0 0 1
+1 1
+1 1
+1 1
+1 1
+1 1
+1 1 1

fl=(73) ./malloc/./malloc/scratch_buffer_set_array_size.c
fn=(240) __libc_scratch_buffer_set_array_size
30 50 0 15 2 0 0 2
+4 5
+1 10
jcnd=5/5 +11 
* 
+11 5
-1 10 5
jcnd=5/5 +18 
* 
+18 20 20 0 1 0 0 1

fl=(38) ./elf/./elf/dl-hwcaps.c
fn=(108) _dl_important_hwcaps
175 5 0 3 1 0 0 1
+1 1
-1 6 0 4 0 0 1 0 0 1
+1 1
-1 1 0 1
+1 1
-1 1 0 1
+1 1
-1 1 0 1 1 0 0 1
+1 2 0 2 0 0 2 0 0 2
cfi=(10)
cfn=(24)
calls=1 405 
* 21 4 1
* 1 1
+2 2 1 1
+1 3 1
+26 2
-26 1 0 1
+25 1 0 1
cfi=(39) ./elf/../sysdeps/x86_64/dl-hwcaps-subdirs.c
cfn=(110) _dl_hwcaps_subdirs_active
calls=1 29 
* 47 6 0 4 0 0 4
fi=(40) ./elf/./dl-hwcaps.h
54 1 0 1
fe=(38)
205 1 0 0 1 0 0 1
-1 1 0 1
fi=(40)
56 1 0 1
+32 1 0 1
+1 1 0 1
+1 1
jfi=(38)
jump=1 -35 
* 
fe=(38)
-35 2 0 1 1 0 0 1
cfi=(41) ./elf/./elf/dl-hwcaps_split.c
cfn=(116) _dl_hwcaps_split_masked
calls=1 -4 
* 13 4 2 2 0 0 2
* 2
fi=(40)
-1 1
+2 2 1 1
-2 1 0 1
+34 2 1 1
+1 2 1 1
+1 1
jfi=(38)
jump=1 -35 
* 
fe=(38)
-32 2 2
-1 2
+1 2
+1 2
-1 2
-3 4 0 2
cfi=(41)
cfn=(116)
calls=2 -4 
* 114 21 12
* 2 0 1 1 0 0 1
cfi=(41)
cfn=(116)
calls=1 -4 
* 122 20 12 4 2 0 4 2
* 6
jcnd=2/3 +3 
* 
+48 5 0 3
fi=(28) ./elf/../include/rtld-malloc.h
-47 1 1 1
cfi=(27) ./elf/./elf/dl-minimal-malloc.c
cfn=(76) __minimal_malloc
calls=1 -21 
* 25 5 5
fe=(38)
+47 1 0 1
+2 2 0 0 1 0 0 1
+3 2 2
fi=(40)
-52 1 0 1
fe=(38)
+55 1
-3 1 0 1
fi=(40)
-54 2 1 1
+3 1
jfi=(38)
jump=1 +58 
* 
fe=(38)
+58 2 0 1 1 0 0 1
cfi=(41)
cfn=(122) _dl_hwcaps_split
calls=1 -90 
* 12 4 2 2 0 0 2
* 2
fi=(40)
-61 1
+2 2 1 1
-2 1 0 1 1 0 0 1
+34 2 1 1
+1 2 1 1
+1 1
jfi=(38)
jump=1 +38 
* 
fe=(38)
+40 4 2
+1 2 2
-1 6 2 2
+2 2
+1 2
-2 6 0 2
-3 4 0 2
cfi=(41)
cfn=(116)
calls=2 -77 
* 114 21 12
* 2 0 1 1 0 0 1
cfi=(41)
cfn=(116)
calls=1 -77 
* 122 20 12
* 6
jcnd=2/3 +2 
* 
+8 2 1
+9 1 1
-15 1 1
+15 2 0 2
-15 1 0 1 1 0 0 1
+15 8 2
+9 2 2
+4 7 2 1 1 0 0 1
cfi=(43)
cfn=(124)
calls=1 22 
* 41 5 0 5 0 0 5
+1 2
+1 1
jcnd=1/1 +4 
* 
+4 1 1
+1 2 1
+1 1 0 1
-20 2
+19 1 0 1
+1 1 0 1
-20 2
-1 4 2 1 1 0 0 1
+70 1 1
+1 1 1
+4 1
-5 2 0 1
+1 4 1
+4 2 1
-4 1 0 1 1 0 0 1
+4 4 2
+1 1
-1 1
+1 2
+1 2
-2 5
jcnd=1/1 +1 
* 
+1 1
-1 1
+1 2
+1 2
-2 5
+5 1
+3 2 0 1 1 0 0 1
-3 2 0 1
+3 8 0 1
jcnd=1/1 * 
* 
* 4 0 0 1 0 0 1
jcnd=1/1 * 
* 
* 3
+7 1
-7 2 0 1
+2 3 1
+1 2 1 1 1 0 1 1 0 1
jcnd=1/1 -1 
* 
* 2 1 1
+2 1
fi=(295) ./elf/../sysdeps/x86/dl-hwcap.h
57 1
fe=(38)
233 2 0 1
fi=(295)
57 1
fe=(38)
233 2 0 1
fi=(295)
57 1
fe=(38)
233 1 0 1 0 0 1 0 0 1
+1 1 0 1
cfi=(22) ./string/../sysdeps/x86_64/multiarch/strlen-vec.S
cfn=(60) strlen
calls=1 41 
* 17 2 0 0 1 0 0 1
+1 1
+1 1 1
-6 1
+4 1 0 1
+1 1
-5 1 1
+5 1
+1 1
-1 2
-5 2
jcnd=1/1 +10 
* 
* 2 0 0 1 0 0 1
jump=1 +1 
* 
+10 3
-2 3 1
+2 1 0 1
+1 1 1 0 1 0 0 1
+1 1
-1 1 0 1
+4 4 1
+1 1 0 1
-1 1 0 1
+4 2 1
+4 1 1
-1 1 1
+1 4 2 1 1 0 0 1
-1 2
+4 3 3
+1 3 1
jcnd=1/1 +2 
* 
+19 10 3 3 1 0 1 1 0 1
+6 2
fi=(28)
56 1 1 1 1 0 0 1
cfi=(27)
cfn=(76)
calls=1 -21 
* 25 5 5
* 1 0 1
fe=(38)
283 2
+8 1 1
fi=(40)
54 1 1
+2 1 0 1
+34 1
-2 2 1 1
fe=(38)
-5 1
291 1
fi=(40)
54 1 0 1 1 0 0 1
+35 1 0 1
fe=(38)
291 1
fi=(40)
90 1
jfi=(38)
jump=1 -10 
* 
fe=(38)
-10 2 0 1 1 0 0 1
cfi=(41)
cfn=(116)
calls=1 -29 
* 13 4 2
* 2
fi=(40)
-26 2 1
+2 1 0 1
fe=(38)
+27 1
fi=(40)
-29 1 0 1
+34 2 1 1 1 0 0 1
+1 2 1 1
+1 1
jfi=(38)
jump=1 -10 
* 
fe=(38)
-8 2 0 2 0 0 1 0 0 1
+1 4 2
+7 2
-7 10 2 8 0 0 1 0 0 1
cfi=(29) ./string/../sysdeps/x86_64/multiarch/memmove-vec-unaligned-erms.S
cfn=(128) mempcpy
calls=2 199 
* 26 6 4 1 0 0 1
+4 2 0 2
+2 2 2
+2 2
-2 4 0 2
-9 4 0 2
cfi=(41)
cfn=(116)
calls=2 -29 
* 114 21 12
* 2 0 1 1 0 0 1
cfi=(41)
cfn=(116)
calls=1 -29 
* 122 20 12
* 6
jcnd=2/3 +2 
* 
304 1 1
+2 1 0 1
-2 1
-48 2 2
+72 1 0 1 1 0 0 1
-72 1
376 2 1
+13 2
-58 1 1
+45 1 0 1
+13 1 0 1
-58 1
-75 1 1
+82 1 1
+10 2 0 1 1 0 0 1
-92 1 0 1
+88 1 1
+4 3 1
-4 1 0 1
+3 7 2 2
-3 2 2 0 1 0 0 1
-3 1
+3 1 0 1
cfi=(29)
cfn=(128)
calls=1 199 
* 18 3 2 0 1 1 0 1 1
* 2 2
-3 1
+3 1 0 1
cfi=(29)
cfn=(128)
calls=1 199 
* 18 3 2
* 2 2
+3 2 2
-3 4 0 2
+3 2
jump=2 +1 
* 
* 3
jcnd=1/1 +5 
* 
+1 12 0 0 1 0 0 1
jcnd=1/2 -1 
* 
+1 2 2
-2 1
+2 1 0 1
cfi=(29)
cfn=(128)
calls=1 199 
* 15 3 2
* 2 0 1
-2 2
+5 8 4 2
cfi=(29)
cfn=(128)
calls=2 199 
* 30 6 4
* 4 0 2
+2 4
jcnd=1/2 -10 
* 
* 1 1 0 1 0 0 1
+5 6 1
+1 1 0 1
-1 3
jcnd=1/1 +1 
* 
+1 7 0 7 0 0 1 0 0 1
-1 21
jcnd=6/7 +1 
* 
* 4 2 0 1 0 0 1
+5 11 1
+4 1
-1 1
+1 2
-4 12
+4 2
-1 2
+1 13
-1 9
+1 18
jcnd=5/9 -1 
* 
+1 24 24 0 1 0 0 1
-1 12
-1 12
+2 24 0 12
-1 24
jcnd=5/12 +1 
* 
-1 24
jcnd=9/12 +1 
* 
+4 9
jcnd=2/3 -7 
* 
+3 1 1
+2 2 1
-1 1 0 0 1 0 0 1
-1 1
+2 1
-2 1
+2 2
-1 1
+1 2
+2 6
jcnd=1/1 +3 
* 
+1 2 2
+3 2 0 1
-6 2
jcnd=1/1 +2 
* 
+6 3 0 0 1 0 0 1
+7 8 3
+1 1
-1 2 0 1
+3 2
jcnd=1/1 -3 
* 
-3 3 3
+1 3
-1 6 0 3
+3 6
jcnd=2/3 -3 
* 
+3 4 2
-80 2 1 1
+86 9 8
-20 1 1 0 1 0 0 1
+1 2 0 1
-6 3
jump=1 +6 
* 
259 2 0 0 1 0 0 1
+1 2
jcnd=1/1 * 
* 
+1 4 2 0 1 0 0 1
-1 3 1
jcnd=1/1 +2 
* 
+12 4 1
jump=1 +4 
* 
-44 2 0 1 1 0 0 1
jump=1 * 
* 
+34 4 1 1 1 0 0 1
jump=1 +10 
* 
-2 3 0 0 2 0 0 2
jump=1 +1 
* 

fl=(26) ./elf/./elf/dl-object.c
fn=(70) _dl_new_object
59 84 0 48 1 0 3 1 0 3
+3 12 0 0 1 0 0 1
jcnd=1/6 +2 
* 
+18 5 5
+3 5
-3 5 0 5
+3 5 0 5
cfi=(22)
cfn=(60)
calls=5 -42 
* 103 13
+4 10
-4 10
+9 10 0 5
fi=(28)
-48 15 5 10
cfi=(27)
cfn=(72) __minimal_calloc
calls=5 +34 
* 208 33 27 2 0 1 2 0 1
fe=(26)
+48 1 0 1
fi=(28)
-48 3 1 2 1 0 0 1
cfi=(27)
cfn=(72)
calls=1 +34 
* 43 7 6 5 1 1 5 1 1
* 6
fe=(26)
+51 12
+5 6 6
-2 6 0 6 0 0 5 0 0 5
+6 6
-4 6
+4 6 6
-5 6 0 6 0 0 6 0 0 6
+4 6
+1 6
-1 6 0 6 0 0 1 0 0 1
+1 12 0 12 1 0 0 1
cfi=(29)
cfn=(80) memcpy
calls=6 212 
* 77 19 13 2 1 8 2 1 8
* 12 6 6 0 0 2 0 0 2
+2 6 0 6
+13 12 6
jcnd=5/6 +12 
* 
+6 1
+2 7 2 2 1 1 0 1 1
+3 2 1
jcnd=1/1 +1 
* 
-3 35 10 10 0 5 0 0 5
+3 10 5
jcnd=5/5 +1 
* 
+9 6 6
-7 6 0 6
+4 6 0 6
+3 12
jcnd=5/6 +16 
* 
* 9 1 0 1 0 0 1
+2 1 0 1 0 0 1 0 0 1
-2 3
jcnd=1/1 +2 
* 
+2 15 0 15 0 0 3 0 0 3
-2 45
jcnd=14/15 +2 
* 
+16 12
-5 6 0 6 0 0 6 0 0 6
+5 6
-6 6 0 0 1 0 0 1
+6 6 6 0 0 1 0 0 1
-6 6 0 6
+6 12
jcnd=1/6 -2 
* 
+2 10 0 5 0 0 3 0 0 3
+3 10
-3 10
+7 20 5
+4 10
jcnd=5/5 * 
* 
+8 2 0 1 1 0 0 1
+3 2 0 1 0 0 1 0 0 1
+10 3 1
jcnd=1/1 +74 
* 
-10 10 0 5 0 0 1 0 0 1
+10 15 5
+2 5
+21 5
-21 5 0 5
cfi=(22)
cfn=(60)
calls=5 41 
* 175 25
* 15 0 10 1 0 0 1
+17 5
-13 15
jfi=(28)
jump=5 56 
* 
+50 15 5 5
cfi=(29)
cfn=(128)
calls=5 -46 
* 89 21 16 0 0 3 0 0 3
* 5
+5 10
+1 10 5
jcnd=5/5 -1 
* 
-1 158
+1 158 79
jcnd=74/79 -1 
* 
+2 10
+3 5 0 5
+3 5 0 5 0 0 2 0 0 2
+4 54 42 0 1 0 0 1
131 12 0 6 1 0 6 1 0 6
jump=6 +8 
* 
* 5
-12 10 5
jcnd=5/5 +8 
* 
+34 1 0 0 1 0 0 1
+7 4
jump=1 +16 
* 
+8 20 5 0 1 0 0 1
jcnd=5/5 +11 
* 
fi=(28)
56 10 5 5
cfi=(27)
cfn=(76)
calls=5 -21 
* 125 25 25
* 5
fe=(26)
200 20
jump=5 +45 
* 
64 2 0 0 2 0 0 2
jcnd=1/1 +2 
* 
+2 3 1
+1 2 0 0 1 0 0 1
+10 5 0 1
-6 2
jump=1 +21 
* 

fn=(82) _dl_add_to_namespace_list
31 12 0 6 1 0 0 1
+2 6
-2 12 0 6 1 0 0 1
+2 6
-2 12 0 6
+2 6 6 6
cfi=(24)
cfn=(84)
calls=6 +9 
* 18 6
+2 42 6
jcnd=1/6 +10 
* 
* 5
+3 20 5
jcnd=5/5 * 
* 
* 60 15
jcnd=10/15 * 
* 
+2 5 0 5
+2 5 0 5
+4 5
+4 5
-4 10 0 5
+1 5 5
+4 5 5
-4 5 0 5
+1 5
+3 5 5
-3 5 0 5
+3 5 5
-1 5 5
cfi=(24)
cfn=(84)
calls=5 -8 
* 15 5
-4 1 0 0 1 0 0 1
+4 1
-4 2 0 1
+1 1 1
+4 1 1
-4 1 0 1
+1 1
+3 1 1
-3 1 0 1
+3 1 1
-1 1 1
cfi=(24)
cfn=(84)
calls=1 -8 
* 3 1
-5 2 0 1
jump=1 +1 
* 

fl=(52) ./elf/./elf/dl-error-skeleton.c
fn=(162) _dl_catch_error
225 10 0 3 1 0 0 1
+2 2 0 1
cob=(2)
cfi=(51)
cfn=(164) 0x0000000004002050
calls=1 0 
* 2759 589 289 113 35 33 113 35 33
+1 2 1 1
+1 1 1
+1 1 1 0 1 0 0 1
-1 1 0 1
+1 1 0 1
+2 5 4

fn=(250) _dl_receive_error
238 6 0 2
+1 1 1
+1 1 1
+3 1 0 1 1 0 0 1
+1 1 0 1
+2 1 0 1
cfi=(2) ./elf/./elf/rtld.c
cfn=(252) version_check_doit
calls=1 696 
* 21849 6383 1246 43 118 69 42 110 67
+2 1 0 1
+1 1 0 1
+1 4 3

fn=(166) _dl_catch_exception
175 39 0 13 1 0 0 1
+5 13 13
-5 39 0 39 1 0 2 1 0 2
+5 13 0 13
-2 26
+22 13
-1 13 0 13
+7 26
-6 13 0 13
+3 26 0 13
+3 13 0 13 0 0 1 0 0 1
cfi=(53) ./setjmp/../sysdeps/x86_64/setjmp.S
cfn=(168) __sigsetjmp
calls=13 30 
* 312 65 117 3 0 2 3 0 2
* 52
+2 39 26 13 1 0 0 1
cfi=(66) ./elf/./elf/dl-deps.c
cfn=(214) openaux
calls=12 61 
* 26662 5495 2415 107 178 178 107 177 177
cfi=(2)
cfn=(170) map_doit
calls=1 663 
* 2698 576 267 106 35 32 106 35 32
+2 13 13
-1 13 13
+1 13
-1 13 0 13
+1 26 0 26
+9 52 26

fl=(58) ./io/../sysdeps/unix/sysv/linux/fstat64.c
fn=(190) fstat
29 12 0 0 1 0 0 1
+1 12
+5 18
cfi=(59) ./io/../sysdeps/unix/sysv/linux/fstatat64.c
cfn=(192) fstatat
calls=6 153 
* 48 6 0 1 0 0 1

fl=(31) ./elf/./elf/dl-load.c
fn=(212) _dl_dst_count
238 24 0 12 1 0 0 1
+3 12
-3 24 0 24
+7 12 0 0 1 0 0 1
-7 24 0 24 0 0 1 0 0 1
+3 12 0 12
cfi=(42) ./string/../sysdeps/x86_64/multiarch/../strchr.S
cfn=(118) index
calls=12 23 
* 360 45 0 1 4 0 0 4
+3 24
+20 84 72

fn=(218) open_verify.constprop.0
1568 187 0 102 1 0 0 1
+39 51 17
+19 68 0 17 0 0 1 0 0 1
cfi=(55) ./io/../sysdeps/unix/sysv/linux/open64_nocancel.c
cfn=(178) __open_nocancel
calls=17 28 
* 362 17 30 0 0 2 0 0 2
* 17
+2 34 0 0 1 0 0 1
jcnd=13/17 -16 
* 
+11 4 0 4
+6 8
-5 4 0 4
+5 32 4 8
cfi=(56) ./io/../sysdeps/unix/sysv/linux/read_nocancel.c
cfn=(180) __read_nocancel
calls=4 25 
* 24 4
+2 8 0 0 1 0 0 1
+2 8 4 4
+2 8
+6 8
+17 12 4
jcnd=3/4 * 
* 
* 32 12 0 1 0 0 1
jcnd=4/4 * 
* 
fi=(28)
50 8 4 4
cfi=(27)
cfn=(144) __minimal_free
calls=4 +45 
* 20 8
fe=(31)
1856 153 119 0 1 0 0 1
1674 12 4
+74 8 4 0 1 0 0 1
+5 8 4
+2 16 4
+6 8 4 0 0 1 0 0 1
+6 4 4
+1 4 4
-1 12 0 0 1 0 0 1
+1 4
-1 4
+1 8
jcnd=1/4 +4 
* 
+1 6 3
+20 12
+31 4
-31 4
1633 4
1820 8 0 0 1 0 0 1
jump=4 -30 
* 
-31 222
jfi=(28)
jcnd=2/37 50 
* 
+1 78 39 0 0 11 0 0 11
jcnd=31/39 -1 
* 
* 24 8 0 0 1 0 0 1
+1 32 8 0 1 0 0 1
+4 32 16
jcnd=6/8 +1 
* 
+6 4
+1 16 0 0 1 0 0 1
jcnd=2/2 * 
* 
* 8
jcnd=2/2 * 
* 
* 4
+10 12 0 8 1 0 1 1 0 1
cfi=(72) ./io/../sysdeps/unix/sysv/linux/pread64_nocancel.c
cfn=(238) __pread64_nocancel
calls=2 25 
* 14 2
* 16 6
+8 12 4
jcnd=2/2 +3 
* 
* 48 16 0 1 1 0 1 1
jcnd=6/8 +3 
* 
+15 4
+6 2 2
-3 2 2
+1 2 2
+1 2 2
+1 4
-3 2
+1 2
+1 2
+2 2 2
-3 6
-1 2
+4 4
jfi=(28)
jcnd=2/2 50 
* 
-19 72 24 0 2 0 0 2
+3 8
-4 8
+4 16
jcnd=6/8 +6 
* 
+5 2
+1 4
jump=2 -12 
* 
* 12 6
jump=6 -43 
* 
-60 8 0 0 2 0 0 2
jcnd=1/1 * 
* 
* 4
jcnd=1/1 * 
* 
* 1
+1 3 0 0 1 0 0 1
-1 1
+1 3 0 2
cfi=(72)
cfn=(238)
calls=1 25 
* 7 1 0 1 0 0 1
* 3 1
+16 5 1
jump=1 * 
* 
+7 18 6
jump=6 +24 
* 
1612 26 0 0 1 0 0 1
jump=13 1856 
* 
+62 9 3 0 2 0 0 2
jcnd=3/3 * 
* 
1802 4 0 2
jump=2 * 
* 
-30 2 0 1 1 0 0 1
jump=1 * 
* 

fn=(184) _dl_map_object_from_fd
944 50 0 35 0 0 1 0 0 1
+10 5 5
-10 20 0 20 1 0 1 1 0 1
+10 5 0 5 0 0 1 0 0 1
cfi=(46) ./elf/./elf/dl-debug.c
cfn=(186) _dl_debug_update
calls=5 38 
* 35 10
* 5 0 5
+7 20 5 5 0 0 1 0 0 1
jfi=(57) ./elf/../sysdeps/posix/dl-fileid.h
jcnd=5/5 37 
* 
+85 20 5 5 1 0 0 1
+10 10 5
+7 35 25 5 1 0 0 1
cfi=(26)
cfn=(70)
calls=5 59 
* 1754 338 260 4 5 39 4 5 39
* 5
+1 10
+11 10 10
+5 5 5
-5 5 0 5 0 0 3 0 0 3
+1 10 5 5
+1 5 5
+2 5
-2 5 0 5 1 0 0 1
+2 10
+1 15 5
jcnd=1/5 +4 
* 
+1 8 0 4
+19 8 4
-2 4 0 4
+2 40 0 0 1 0 0 1
jcnd=4/4 * 
* 
* 2 1
-2 1 0 1
+2 10
jcnd=1/1 * 
* 
* 50 0 10 1 0 0 1
+10 20 5
+85 5 5
-58 5 5
-34 5 0 5 1 0 0 1
-1 5 0 5
+93 5 0 5
+6 5 5
-64 10 0 5
+9 5
+55 10
-55 5 0 5
-42 5
+97 10 0 5 1 0 0 1
1101 5
-5 10 0 5
jump=5 +15 
* 
+15 74
jcnd=5/37 +6 
* 
* 64
jcnd=31/32 * 
* 
+20 2 1 1
+1 1
-22 162
+1 177 59 0 1 1 0 1 1
jcnd=2/59 +65 
* 
* 57
jcnd=37/57 * 
* 
* 40
jcnd=5/20 +98 
* 
* 30
jcnd=10/15 -1 
* 
1213 10 10
1110 5
1213 10 0 5 0 0 2 0 0 2
1110 15 0 0 1 0 0 1
1218 15
+10 10
+1 5
-1 5
+1 5 0 5
-1 15
jcnd=5/5 +1 
* 
+1 15
-1 15
+1 15 0 15
-1 45
jcnd=10/15 +1 
* 
1076 10 5 5
1235 10 0 0 1 0 0 1
+10 20 10
+7 10 5
fi=(61) ./elf/./dl-map-segments.h
96 5 5
fe=(31)
1252 15 10 0 1 0 0 1
fi=(61)
28 5 5
fe=(31)
1252 5
fi=(61)
96 5
fe=(31)
1252 5 0 5
fi=(61)
28 10 5
+1 40 20 10 1 0 1 1 0 1
cfi=(60) ./misc/../sysdeps/unix/sysv/linux/mmap64.c
cfn=(194) mmap
calls=5 +18 
* 45 5
+74 10 5
-1 5 0 5
-73 5
+74 5
+3 10 5 0 1 0 0 1
+1 5
+2 5 5
-3 5 0 5
+1 5 0 5
+2 5
jcnd=3/5 +17 
* 
+7 16 6 2
+3 8 0 2
cfi=(71) ./misc/../sysdeps/unix/syscall-template.S
cfn=(234) mprotect
calls=2 -2 
* 12 2 0 1 0 0 1
* 6 2
+7 5 0 5 1 0 0 1
+2 5
fi=(62) ./elf/./dl-load.h
-37 10
jcnd=5/5 +3 
* 
* 30
jcnd=10/15 +3 
* 
+1 15 10 5
+2 40 20 0 1 1 0 1 1
jcnd=4/15 +1 
* 
fi=(61)
+56 80 40
jcnd=15/20 +45 
* 
+8 5 5
-2 5 5
+1 5 5
+2 5
-1 5
+1 5
-1 15
+8 10 0 0 1 0 0 1
+3 10
+8 35 0 15
cfi=(44) ./string/../sysdeps/x86_64/multiarch/memset-vec-unaligned-erms.S
cfn=(132) memset
calls=5 -52 
* 706 5 368 2 0 93 2 0 93
+1 10 10
+5 10
jcnd=2/5 +4 
* 
+12 20 0 0 1 0 0 1
-59 100
jfi=(31)
jcnd=5/20 1268 
* 
+2 30 30
+3 15 15
-3 30
+2 120 45 30 1 0 0 1
cfi=(60)
cfn=(194)
calls=15 -93 
* 135 15
* 45 15
jfi=(62)
jcnd=15/15 -49 
* 
fi=(57)
37 15 5 5 1 0 0 1
cfi=(58)
cfn=(190)
calls=5 -8 
* 75 5 0 2 0 0 2
* 10
fe=(31)
999 10 5
fi=(57)
40 15 15 0 1 0 0 1
fe=(31)
999 5
fi=(57)
40 5 0 5
fe=(31)
999 20 5
jcnd=5/5 +1 
* 
* 60 20
jcnd=5/20 +19 
* 
+1 40 20
fi=(57)
49 40 20 0 0 1 0 0 1
jfi=(31)
jcnd=10/20 999 
* 
* 20 10
jfi=(31)
jcnd=10/10 999 
* 
fe=(31)
1515 45 35 0 1 0 0 1
1018 10 5 0 1 0 0 1
jcnd=5/5 +28 
* 
+66 8 0 0 1 0 0 1
jcnd=1/1 * 
* 
* 4 0 0 1 0 0 1
jcnd=1/1 * 
* 
* 1
+1 2 1
-1 1
+1 1
-1 1 0 1
+1 1 0 1 0 0 1 0 0 1
cfi=(72)
cfn=(238)
calls=1 25 
* 7 1
* 2
jcnd=1/1 +15 
* 
+26 62 0 0 1 0 0 1
jcnd=11/31 -1 
* 
+26 120 40
+10 20 20 0 1 0 0 1
-1 20
-1 20
+2 20
+2 20 20
-2 20
-1 120 0 20 0 0 5 0 0 5
+2 40
+1 20 0 20 1 0 2 1 0 2
+2 20 20
-3 20 0 20
+3 120
+2 40 20 20
+4 40
jcnd=5/20 +5 
* 
+1 75 30 15
+4 15
+1 15
-1 15
+1 105 15 15
-18 15
+28 15
jump=15 -63 
* 
-11 5 0 0 1 0 0 1
+1 5
-1 5
+1 35 5 5 0 0 2 0 0 2
-18 5
+28 5
jump=5 -63 
* 
-56 10 5 0 1 0 0 1
+7 5 5
+2 5 5
-2 5 0 5
+1 5 5
+1 5
-1 10 0 5
+1 40 5 5 1 0 0 1
jump=5 -16 
* 
+50 6 2
+5 2 2
-1 4
+5 2
-5 4 0 2 0 0 2 0 0 2
-56 2 2
+61 8 0 2 1 0 0 1
+1 2 2
+3 2 0 2 0 0 1 0 0 1
-3 2 0 2
+8 8 2
jcnd=2/2 -84 
* 
+15 10 5 5 1 0 0 1
+1 5
jump=5 1110 
* 
+58 20 10 0 2 0 0 2
+1 15 5 5
fi=(63) ./elf/./elf/get-dynamic-info.h
39 10
+6 5 5 0 0 5 0 0 5
-2 5
+2 10
+9 5
+5 5
+3 5 0 0 1 0 0 1
+2 5
-3 5
-3 5
-3 10
jump=5 -6 
* 
* 78
+13 26 0 26 0 0 12 0 0 12
-23 104 26 0 0 7 0 0 7
jcnd=5/26 +27 
* 
+23 95 0 95 0 0 17 0 0 17
-23 380 95 0 0 24 0 0 24
+4 242
jcnd=90/121 +19 
* 
+5 124 0 0 1 0 0 1
jcnd=26/31 +1 
* 
+2 25
jcnd=5/5 +3 
* 
+3 20 0 0 1 0 0 1
jcnd=5/5 +3 
* 
+13 20 5
+10 15 5 0 1 0 0 1
jcnd=3/5 +1 
* 
* 2 0 2
+1 20 5 5
+1 20 5 5
+1 20 5 5
+2 20 5 5
+5 15 5 0 1 1 0 1 1
jcnd=1/5 +1 
* 
* 4 0 4
+1 15 5 0 0 1 0 0 1
jcnd=1/1 +1 
* 
* 4 0 4
+1 20 5 5
+3 15 5
jcnd=1/5 +12 
* 
+5 8 4
+7 10 5 0 1 0 0 1
+1 15 10
+22 15 5 0 0 1 0 0 1
jcnd=3/5 +15 
* 
+5 4 2 2
+2 4
jcnd=2/2 +2 
* 
+2 4
jcnd=2/2 +2 
* 
+2 4
+4 15 5 0 1 0 0 1
jfi=(31)
jcnd=4/5 1275 
* 
+2 3 1 1
+1 2
+9 2 1 0 1 0 0 1
+6 2
+4 10 5
jfi=(31)
jcnd=5/5 1275 
* 
fe=(31)
1275 10
+1 10
jcnd=5/5 +2 
* 
+2 10 0 0 1 0 0 1
jcnd=5/5 +10 
* 
+10 15 5
+19 15 5 5
+2 25 10 0 1 0 0 1
+52 15 5 0 0 3 0 0 3
jcnd=3/5 +7 
* 
+1 4 2 2
+6 40 5 5 1 0 0 1
jump=5 +1 
* 
+1 98
jcnd=44/49 -1 
* 
+6 20 5 5
cfn=(88) _dl_process_pt_gnu_property
calls=5 868 
* 100 40 0 0 5 0 0 5
-7 128 64 5
jcnd=5/54 +12 
* 
+1 59 59 0 0 49 0 0 49
+6 59 0 0 1 0 0 1
-6 118
jcnd=49/59 * 
* 
fi=(30) ./elf/../sysdeps/x86/dl-prop.h
95 40 20
jfi=(31)
jcnd=5/10 1368 
* 
213 5 5
-1 10 10
105 10
212 5
105 5
-2 5
-3 5
+2 5 0 5 1 0 0 1
+3 5
-4 10 0 5
jump=5 +7 
* 
+92 20
-1 5
-87 15
jfi=(31)
jcnd=5/5 1506 
* 
+3 15 5 0 1 0 0 1
+1 10 5
+1 10 5
+4 15 5
+4 15 0 5
+3 15 5 0 1 0 0 1
+1 10
+4 5
+1 20 0 5
jump=5 +4 
* 
+58 15
+2 20
jfi=(57)
jcnd=3/5 49 
* 
-56 14 7 0 1 0 0 1
+1 7 7
+3 14
+3 7
+1 28
+5 14 0 0 1 0 0 1
+2 14
+5 14
+14 7 7 0 0 3 0 0 3
-1 14
jcnd=5/7 +1 
* 
+2 4
jcnd=2/2 +4 
* 
-1 10 0 5
jump=5 +20 
* 
fe=(31)
1380 10 5 5 1 0 0 1
cfi=(64) ./io/../sysdeps/unix/sysv/linux/close_nocancel.c
cfn=(204) __GI___close_nocancel
calls=5 25 
* 30 5 0 1 0 0 1
* 10
+13 10 5
+2 20 10 5
+2 10 5 0 1 0 0 1
+16 10 0 5
cfi=(8) ./elf/./elf/dl-setup_hash.c
cfn=(14) _dl_setup_hash
calls=5 25 
* 145 40 25 0 3 0 0 3
+4 10 5
+1 10 5
+17 10 5
jcnd=4/5 +4 
* 
+1 1 0 1
+3 1 1
+5 1 1
-5 1 0 1 1 0 0 1
+5 1
-5 4 4
+5 4 4
-5 4 0 4
+5 4
+10 10 5
+7 30 10
jcnd=5/5 +1 
* 
+10 10 5 0 1 0 0 1
jcnd=3/5 +13 
* 
+1 8 2
+5 4 0 2
cfi=(47) ./elf/../elf/dl-tls.c
cfn=(236) _dl_assign_tls_modid
calls=2 131 
* 20 6 4 2 0 0 2
+7 15 5 5
cfi=(26)
cfn=(82)
calls=5 31 
* 265 65 45
+3 20 10
jcnd=5/5 +19 
* 
+23 35 15 0 1 0 0 1
+1 15 5 5
cfi=(49) ./elf/./elf/dl-audit.c
cfn=(206) _dl_audit_objopen
calls=5 76 
* 25 10 0 1 0 0 1
* 5
jump=5 +4 
* 
fi=(62)
95 20 12 0 1 0 0 1
+2 4 4 0 1 0 0 1
-1 8 8
+1 4
-1 4
+1 4
-1 4
+1 4
-1 8
+3 16 0 4
jfi=(61)
jump=4 +51 
* 
fe=(31)
1506 10
jcnd=5/5 +4 
* 
* 15 10 0 2 0 0 2
fi=(30)
198 20 5
+2 5 5
+1 5 0 5
+2 5 0 5
-3 15 0 5
fe=(31)
1368 15 5 5
jump=5 * 
* 
fi=(63)
62 20 0 0 1 0 0 1
+2 20
jump=5 +4 
* 
fe=(31)
1084 2 0 1 1 0 0 1
jump=1 * 
* 
fi=(61)
187 16 0 2 1 0 0 1
cfi=(60)
cfn=(194)
calls=2 47 
* 18 2
+3 4
jcnd=2/2 +5 
* 
fe=(31)
1462 15 5 0 1 0 0 1
jcnd=1/5 +9 
* 
+2 4 4
-1 20 12
jcnd=4/4 +1 
* 
+1 4
-1 4
+1 4
-1 4 0 4
cfi=(32) ./string/../sysdeps/x86_64/strcmp.S
cfn=(90) strcmp
calls=4 108 
* 100 28 0 0 5 0 0 5
* 8
jcnd=3/4 +8 
* 
+2 5 1 1
jump=1 +6 
* 
1275 8 4 0 2 0 0 2
jfi=(63)
jump=4 169 
* 
fi=(57)
49 9 3 0 1 0 0 1
jfi=(30)
jump=3 193 
* 
fi=(30)
170 6 2 2 1 0 0 1
-39 4
jump=2 +62 
* 
fe=(31)

fn=(216) open_path
1870 32 0 24 1 0 1 1 0 1
+1 4 4
-1 24 4 20 1 0 2 1 0 2
+1 4 0 4
+6 8
+5 40 8 0 1 0 0 1
jcnd=4/4 * 
* 
* 16
jcnd=4/4 * 
* 
* 8
-7 8 0 8 1 0 0 1
+7 4
-8 4 0 4
+8 8
+3 8 8
+9 24 4 4 1 0 0 1
+7 12 8
+1 4
-1 4 0 4 0 0 1 0 0 1
cfi=(29)
cfn=(128)
calls=4 199 
* 52 12 8 0 0 1 0 0 1
-12 4 0 4
+12 4
+59 20 0 4
-58 16 4 0 1 0 0 1
+3 8 4
jcnd=3/4 -3 
* 
* 72 36
jcnd=24/36 -3 
* 
+5 104 39 13
cfi=(29)
cfn=(128)
calls=13 199 
* 173 31 18
* 52 26 13 1 0 0 1
cfi=(29)
cfn=(128)
calls=13 199 
* 169 39 26
+3 26 0 13
+6 39 13
+3 78 39 13 1 0 0 1
cfn=(218)
calls=13 1568 
* 702 117 117 4 0 3 4 0 3
* 13
+2 39 13
jcnd=3/13 +26 
* 
+2 20
jcnd=10/10 +5 
* 
+65 32 8 0 2 0 0 2
+7 8 4 4
-2 8 4 4
+2 8 4
+3 12 4
-13 4
+27 36 28
-65 12 0 3
+2 6
-50 52 13 0 1 0 0 1
jcnd=4/13 +89 
* 
* 153
jump=36 +3 
* 
+29 20 0 0 1 0 0 1
+1 70 30
+6 20 20 0 1 0 0 1
+2 10
-2 10 0 10
+2 20 10 10
cfi=(67) ./io/../sysdeps/unix/sysv/linux/stat64.c
cfn=(220) stat
calls=10 28 
* 158 10 9 1 0 0 1
* 10
+3 10
-3 20
jcnd=9/10 +3 
* 
+1 1 1 0 0 1 0 0 1
+2 2
-2 1
+2 8 1 2
jump=1 -41 
* 
* 18 0 9 1 0 0 1
jump=9 -41 
* 
-61 8 0 4 1 0 0 1
jump=4 * 
* 

fn=(138) expand_dynamic_string_token
385 14 0 10 1 0 0 1
241 2 0 0 1 0 0 1
385 2 0 2
241 2
385 2
241 2 0 2
cfi=(42)
cfn=(118)
calls=2 23 
* 72 9 0 3 0 0 3
+3 4
410 2
-11 2
+11 12 12
-11 2
cfi=(45) ./string/./string/strdup.c
cfn=(140) strdup
calls=2 40 
* 168 31 24 3 0 2 3 0 2

fn=(172) _dl_map_object
2022 130 0 104 1 0 5 1 0 5
+8 26
+1 52 13 0 1 1 0 1 1
+3 104 13
jcnd=13/13 +5 
* 
* 150 50
jcnd=5/50 +34 
* 
+5 406 116 0 1 0 0 1
+2 174 0 58
cfi=(54) ./elf/./elf/dl-misc.c
cfn=(174) _dl_name_match_p
calls=58 68 
* 5611 1309 245 21 3 1 21 3 1
* 116
jcnd=8/58 2329 
* 
+4 100 50
+1 150 50
jcnd=22/50 -12 
* 
+4 28 28 0 1 0 0 1
-1 140 84
jcnd=28/28 +1 
* 
+1 28
+1 28
-1 28
+1 28 0 28
cfi=(32)
cfn=(90)
calls=28 108 
* 900 186
* 56
jcnd=28/28 -17 
* 
2329 117 91
2068 5 0 0 1 0 0 1
+1 5
-1 5 0 5
+1 5
-1 5 5
+1 5 0 5
-1 10 5
jcnd=5/5 -44 
* 
-44 5 0 5 1 0 0 1
+53 15 5
+17 10
-2 5 0 5 0 0 2 0 0 2
+2 5 0 5
cfi=(42)
cfn=(118)
calls=5 23 
* 120 15
* 10
jcnd=4/5 +4 
* 
2260 2
-1 3 0 1 1 0 0 1
cfn=(138)
calls=1 385 
* 168 30 20 5 0 1 5 0 1
+2 1
-3 1 0 1
+1 1
+2 2
+4 5 0 2
cfn=(176) open_verify.constprop.1
calls=1 1568 
* 283 60 14 16 11 2 16 11 2
+3 2 1
-3 1
+3 1 0 0 1 0 0 1
+12 4 1
+46 1 1
+1 3
-1 1 0 1
+1 9 3 5 1 0 0 1
cfn=(184)
calls=1 944 
* 1819 390 195 69 22 25 69 22 25
-1 4 4
+1 12
-1 4 0 4
+1 36 12 20
cfn=(184)
calls=4 944 
* 8474 1653 1209 13 93 159 13 93 159
* 15
jump=5 +2 
* 
2098 8 0 4 1 0 0 1
cfi=(22)
cfn=(60)
calls=4 41 
* 68 8
* 8 0 4
+2 8 4
+7 16 4
jcnd=4/4 +4 
* 
+51 44 4 16 1 0 0 1
cfn=(216)
calls=4 1870 
* 2520 546 352 20 1 8 20 1 8
+6 4
-6 4
+6 16 4 0 1 0 0 1
682 4 4
2165 4
682 8
jcnd=4/4 2173 
* 
2252 8 4 0 1 0 0 1
+28 16 4
+2 16 0 0 1 0 0 1
jump=4 +44 
* 
2111 4 4 0 1 0 0 1
696 12 4 8
2111 4 0 4
+1 4 0 0 1 0 0 1
696 8
jump=4 -14 
* 
2116 12 4
jcnd=4/4 +15 
* 
682 4 4 0 1 0 0 1
2117 4
682 8
jcnd=4/4 2116 
* 
2173 4 0 4 1 0 0 1
+14 8
+2 12 4
+4 8 0 4 1 0 0 1
cfi=(68) ./elf/./elf/dl-cache.c
cfn=(222) _dl_load_cache_lookup
calls=4 416 
* 5421 903 230 24 68 5 24 67 5
* 4
+2 8
+4 8
+8 12 4
+23 24 0 8 1 0 0 1
cfn=(218)
calls=4 1568 
* 1246 258 69 18 14 1 18 14 1
+4 8 4
-4 4
+4 4
+1 8 0 4
jump=4 +17 
* 
2131 20 8 0 1 0 0 1
+1 40 8 4 1 0 0 1
682 4 4
2133 4
682 8
jcnd=4/4 2142 
* 
2157 12 4 0 1 0 0 1
+1 8
jcnd=4/4 * 
* 
-16 8 0 0 1 0 0 1
jcnd=4/4 +15 
* 

fn=(88)
868 6 0 0 1 0 0 1
+8 6 6
-8 6
+8 6
-6 6 6
+12 12
-13 6 6
+13 6
-13 6 6 0 1 0 0 1
+13 12
jump=6 +3 
* 
+3 18 6 0 0 5 0 0 5
+1 12 6 0 0 1 0 0 1
+1 12 6 0 1 0 0 1
+43 6 6

fn=(106) _dl_init_paths
706 11 0 7 1 0 0 1
+14 1
-14 2 0 1
+14 2 0 1 1 0 0 1
cfi=(38)
cfn=(108)
calls=1 175 
* 1847 337 256 59 4 10 59 4 10
fi=(28)
56 1
fe=(31)
720 1 0 1 0 0 1 0 0 1
fi=(28)
56 1 1 1
cfi=(27)
cfn=(76)
calls=1 -21 
* 25 5 5
fe=(31)
725 1 0 1
+2 2
+7 2
+1 2 1 0 1 0 0 1
-1 3
+5 3
fi=(28)
56 1 1 1
cfi=(27)
cfn=(76)
calls=1 -21 
* 25 5 5
fe=(31)
739 1 0 1 0 0 1 0 0 1
+2 4 2
+17 1
-10 1 0 1 1 0 0 1
+19 1 1
-11 1
-9 1 0 1
+9 1 0 1
+12 2
-10 1 0 1 0 0 1 0 0 1
+3 2 0 1
+9 1 0 0 1 0 0 1
-7 1
+4 1 0 1
+3 2 0 1
-3 1 1
-8 1 0 1
+3 1 0 1
+8 1 0 1
-3 1
+1 16 0 4
cfi=(44)
cfn=(132)
calls=4 125 
* 72 4 16 2 0 2 2 0 2
+2 12 0 0 1 0 0 1
jcnd=1/4 +12 
* 
* 6 6
-14 3
+10 3
+4 3 0 3
-12 3
-2 3 0 3
+2 3 0 3
+4 3 3 0 0 1 0 0 1
-3 3 0 3 0 0 1 0 0 1
+3 3 0 3 0 0 1 0 0 1
+1 3 0 0 1 0 0 1
-2 3 0 3
+5 6 3 0 0 1 0 0 1
+1 3 3
-4 3
+4 3
jcnd=3/3 +1 
* 
+15 1 1
+3 1
-15 1 0 1 1 0 0 1
+7 1 0 1
-1 1 0 1
+9 2
+2 4 1
+2 3 1 0 1 0 0 1
jcnd=1/1 +19 
* 
+36 5 2 0 1 0 0 1
jcnd=1/1 +2 
* 
+2 2 0 1
cfi=(22)
cfn=(60)
calls=1 41 
* 17 2
* 9
jcnd=1/1 * 
* 
-19 1 1 0 1 0 0 1
-2 1 0 1
+2 2 0 0 1 0 0 1
jcnd=1/1 +14 
* 
+19 4 0 0 1 0 0 1
jcnd=1/1 * 
* 
* 5 1 1
cfi=(29)
cfn=(80)
calls=1 212 
* 11 3 2
* 1
+5 4 1 0 1 0 0 1
-1 2
+2 1
+1 2
-2 4 1
jcnd=1/1 +1 
* 
+1 13
+1 26
-2 52 13
jcnd=12/13 +1 
* 
+5 1
fi=(28)
56 1 1 1
cfi=(27)
cfn=(76)
calls=1 -21 
* 25 5 5
fe=(31)
836 1 0 1
fi=(28)
56 1
fe=(31)
838 2 0 0 1 0 0 1
+6 6 1 1
cfn=(134) fillin_rpath.isra.0
calls=1 468 
* 587 145 60 18 2 2 18 2 2
+3 3 2
+6 1 0 1
+4 8 7
-35 2 0 1 1 0 0 1
jump=1 +3 
* 
+5 2 0 1
jump=1 * 
* 

fn=(134)
468 7 0 6 1 0 0 1
+4 1
-4 8 0 5 1 0 0 1
+6 3 1 1
cfi=(7) ./elf/./elf/dl-minimal.c
cfn=(136) strsep
calls=1 239 
* 240 74 1 2 2 0 2 2
* 3 1 1
cfi=(7)
cfn=(136)
calls=1 239 
* 8 3
* 6
jcnd=1/2 +97 
* 
+7 2 1
+2 3 1 1
cfn=(138)
calls=1 -98 
* 118 22 18 3 0 1 3 0 1
* 1
+4 2
+5 2 0 1 1 0 0 1
cfi=(22)
cfn=(60)
calls=1 41 
* 17 2
* 1
+1 2
jcnd=1/1 +7 
* 
+7 3 1
jcnd=1/1 +5 
* 
* 2
jcnd=1/1 * 
* 
+9 3 1 0 1 0 0 1
jcnd=1/1 +1 
* 
* 12 4
jcnd=1/4 +19 
* 
+1 8 4
jcnd=4/4 -1 
* 
+55 2 0 1 1 0 0 1
fi=(28)
50 2 2 1
cfi=(27)
cfn=(144)
calls=1 +45 
* 5 2 0 1 0 0 1
+1 1
jfi=(31)
jump=1 474 
* 
fe=(31)
528 2 1 0 1 0 0 1
jcnd=1/1 * 
* 
+4 3 2 0 1 0 0 1
fi=(28)
56 1 1 1
cfi=(27)
cfn=(76)
calls=1 -21 
* 25 5 5
* 1
fe=(31)
534 2
+5 1 1
+1 2
-1 1
-1 1 0 1
+2 1 0 1
cfi=(29)
cfn=(128)
calls=1 199 
* 13 3 2 0 0 1 0 0 1
+3 1 1 0 1 0 0 1
-3 1 0 1
+1 1 0 1
+2 1
jcnd=1/1 +6 
* 
+6 1
+1 1 1
-1 3 1
+1 11 0 0 1 0 0 1
+1 1
-1 1
+1 2 0 1
-1 2
jcnd=1/1 +1 
* 
+1 1
-1 1
+1 2 0 1
-1 6
+1 1
-1 1 0 0 1 0 0 1
+1 1 0 1
-1 3
+1 1 0 1
-1 2
jcnd=1/1 +3 
* 
+3 1 1
+1 1 1
-1 1 0 1
+1 2
jcnd=1/1 -26 
* 
+1 1 0 1
+6 2 1 1
+1 2 0 1
jump=1 +3 
* 
-57 4 0 2 1 0 0 1
jump=1 +4 
* 
+66 1 0 1
+3 8 7
-46 2 0 1 1 0 0 1
jump=1 +4 
* 
* 2
jump=1 +27 
* 

fn=(176)
1568 11 0 6 1 0 0 1
+39 3 1 0 1 0 0 1
+19 4 0 1 0 0 1 0 0 1
cfi=(55)
cfn=(178)
calls=1 28 
* 19 1 1 2 0 0 2
* 1
+2 2
+11 1 0 1
+6 2
-5 1 0 1 0 0 1 0 0 1
+5 8 1 2 1 0 0 1
cfi=(56)
cfn=(180)
calls=1 25 
* 6 1 0 1 0 0 1
+2 2
+2 2 1 1
+2 2
+6 2
+17 11 4 0 1 0 0 1
jcnd=1/1 * 
* 
fi=(28)
50 2 1 1 1 0 0 1
cfi=(27)
cfn=(144)
calls=1 +45 
* 5 2
fe=(31)
1856 9 7
1674 3 1 0 1 0 0 1
+74 2 1
+5 2 1
+2 4 1 0 1 0 0 1
+6 2 1
+6 1 1 0 0 1 0 0 1
+1 1 1
-1 3
+1 1
-1 1
+1 2
+1 2 1
+20 3 0 0 1 0 0 1
+31 1
-31 1
1633 1
1820 2
jump=1 -30 
* 
-31 66
jfi=(28)
jcnd=1/11 50 
* 
+1 22 11 0 1 6 0 1 6
jcnd=9/11 -1 
* 
* 6 2 0 0 1 0 0 1
+1 8 2 0 0 1 0 0 1
+4 8 4
jcnd=2/2 +1 
* 
+25 12 4 0 1 2 0 1 2
jcnd=2/2 +3 
* 
+3 18 6 0 1 0 0 1
+3 2
-4 2
+4 4
jcnd=2/2 +6 
* 
+6 4 2 0 1 0 0 1
jump=2 -43 
* 
-36 6 2 0 1 0 0 1
jump=2 +24 
* 

fl=(67)
fn=(220)
28 20 0 0 1 0 0 1
+1 40
cfi=(59)
cfn=(192)
calls=10 153 
* 98 10 9

fl=(152) ./elf/./elf/dl-lookup-direct.c
fn=(504) _dl_lookup_direct
74 30 0 18 2 0 0 2
+2 3 3
-2 3 0 3
+4 3 3
-4 3 0 3
+2 3
+2 9
+37 3
-37 9 6 0 0 3
+1 6 0 0 1 0 0 1
+2 12 3 3
+3 15 3 0 0 3 0 0 3
jcnd=1/3 +9 
* 
* 10 2 0 0 1
jcnd=1/2 +9 
* 
-52 3 3
+54 6 3
-54 3
+54 3
-54 9 6 0 1 0 0 1
jcnd=3/3 +1 
* 
+1 9
+2 6 3 0 0 3 0 0 3
+1 6 3
+12 12 3 6
+3 3 3 0 1 0 0 1
+2 3
-2 3 3
+2 9 3 3
cfi=(32)
cfn=(90)
calls=3 +55 
* 207 27 0 0 8 0 0 8
* 6
+4 6 6
+1 3 3
-1 3 3 0 0 2 0 0 1
+1 18 6 0 1 0 0 1
+1 9 6 3
cfi=(32)
cfn=(90)
calls=3 +49 
* 75 21
* 6
+57 27 21
-23 6 0 0 1 0 0 1
jcnd=2/2 -9 
* 

fl=(49)
fn=(536) _dl_audit_activity_nsid
40 6 0 3 2 0 0 1
+4 3
-4 3 0 3
+4 3
-4 3 0 3
+4 3
-4 6 0 3
+4 3 3
+1 3 3 0 0 1
+1 12 0 0 2 0 0 1
+4 18 15

fn=(206)
76 5 0 0 1 0 0 1
+1 20 10

fn=(154) _dl_audit_activity_map
28 6 0 4 1 0 0 1
+2 1 1 0 1 0 0 1
-1 1 1
+1 2
jcnd=1/1 +6 
* 
+6 6 5 0 1 0 0 1

fn=(1340) _dl_audit_preinit
117 1 0 0 1 0 0 1
+1 4 2 0 0 1

fn=(2288) _dl_audit_objclose
96 7 0 0 1 0 0 1
+1 28 14

fl=(71)
fn=(540) munmap
117 5 0 0 1 0 0 1
+5 1 1

fn=(234)
117 45 0 0 1 0 0 1
+5 9 9

fl=(64)
fn=(204)
25 6 0 0 1 0 0 1
+1 24
+1 6 6

fl=(66)
fn=(214)
61 36 0 12
+7 12 12
-4 24 24
+1 12 12
-1 96 24 12 1 0 0 1
cfi=(31)
cfn=(172)
calls=12 2022 
* 26446 5399 2379 106 178 177 106 177 177
* 12 0 12 0 0 1
+5 24 24

fn=(210) _dl_map_object_deps
159 5 0 1 1 0 0 1
+1 3
-1 1
+1 1
-1 2 0 2
+1 1
-1 3 0 1
+1 1
-1 4 0 3 1 0 1 1 0 1
+1 7 0 1
jcnd=1/1 * 
* 
* 4 0 0 1 0 0 1
jcnd=1/1 * 
* 
* 1
-8 1 1
-7 1
+15 1
-14 1
+6 1
+8 1 0 1
-15 1
+7 1
-8 1 0 1 1 0 1 1 0 1
+1 1
+7 1 0 1
-7 1 0 1
+31 3
-28 3 0 1
-2 1
+31 1 1
-33 2 0 1
+2 2 0 0 1 0 0 1
+30 2
-30 1
-1 4 0 1
+7 4 1 1
+24 2
-32 1
+60 1 1 0 1 0 0 1
-60 2 0 1
+36 1 0 1
fi=(74) ./elf/../include/scratch_buffer.h
77 3 0 2 0 0 1 0 0 1
fe=(66)
198 1 1
fi=(74)
78 1 0 1
fe=(66)
200 2 0 2 1 0 0 1
+98 1 0 1
198 1 0 1
+4 1
+7 1 0 1
+4 4 1 1 0 0 1 0 0 1
jcnd=1/1 +1 
* 
-4 6 0 6
+4 24 6 6 0 2
jcnd=6/6 +1 
* 
+11 14 7 0 1 1 0 1
jcnd=5/7 +2 
* 
* 4 2 0 0 2
-18 2
+18 4 2
433 21 7
jcnd=2/7 +22 
* 
+2 5
+3 5 0 0 1 0 0 1
-3 10 0 5 0 0 1 0 0 1
+3 5
fi=(28)
56 5 5 5
cfi=(27)
cfn=(76)
calls=5 -21 
* 125 25 25
* 5
fe=(66)
439 10
+6 5 0 5 0 0 1 0 0 1
+1 25 5 5
cfi=(29)
cfn=(80)
calls=5 212 
* 63 17 12
+1 25 0 5
cfi=(29)
cfn=(80)
calls=5 212 
* 63 17 12 0 0 3 0 0 3
+4 5 0 5
-1 5 0 5
+5 20 10
jcnd=5/5 +2 
* 
* 8 4 0 1 0 0 1
jcnd=2/2 +2 
* 
204 18 12
jump=6 +5 
* 
458 18 6
jcnd=6/6 -78 
* 
-1 7 7
+1 14
jcnd=6/7 * 
* 
199 3 1 1
jfi=(74)
jump=1 85 
* 
+27 25 15 5 2 0 0 2
jcnd=5/5 +5 
* 
+5 5 5
+6 5 5
-5 5 0 5
-1 5 0 5
+2 10 5 5 1 0 0 1
+4 20 10
-31 5
+31 5 0 5
+1 15
+6 20 10 5 1 0 0 1
cfi=(31)
cfn=(212)
calls=5 -6 
* 234 48 30 2 4 1 2 4 1
* 28 14 7
cfi=(31)
cfn=(212)
calls=7 -6 
* 342 69 42 1
* 36
jcnd=12/12 * 
* 
+4 24 0 0 1 0 0 1
-2 12 0 12
+2 24 0 12
cob=(2)
cfi=(51)
cfn=(164)
calls=12 0 
* 27394 5651 2679 107 178 182 107 177 181
+1 24 12 0 1 0 0 1
+9 12 12
+2 24 12
jcnd=7/12 +19 
* 
+5 15
jcnd=5/5 * 
* 
* 10 0 5 1 0 0 1
+6 5 5
+2 5 0 5
-8 10
+3 5 0 5
+1 5 0 5
+1 5 0 5
+1 5 0 5
+4 25 5 10 1 0 0 1
+4 15 5
jcnd=4/5 -42 
* 
* 21 7
+1 24 0 8
-43 544 136 0 0 11
jcnd=5/128 433 
* 
+1 262
jcnd=7/131 +6 
* 
+44 372 0 0 1 0 0 1
jcnd=124/124 -45 
* 
-38 24 0 0 1 0 0 1
jump=12 +4 
* 
fi=(74)
85 3 2 0 1 0 0 1
jfi=(66)
jcnd=1/1 464 
* 
fe=(66)
464 6 2 0 1 0 0 1
+1 1 0 1
+3 4 1 1
jcnd=1/1 +11 
* 
+11 3 1 0 1 0 0 1
fi=(28)
56 1 1 1
cfi=(27)
cfn=(76)
calls=1 -21 
* 25 5 5
* 1
fe=(66)
481 2
+5 3 2
+1 1 0 1
-1 2 0 1
+4 2 0 0 1 0 0 1
-2 1 1
+2 1
-2 2
jump=1 +6 
* 
+13 6 0 6
+5 6 0 6
-16 18 6
jcnd=1/6 * 
* 
-2 6
+6 6 6
+7 6
-2 12
jcnd=6/6 +2 
* 
-5 1 1
+7 1
-2 2 0 0 1 0 0 1
+2 2 0 1 0 0 1 0 0 1
+5 1 0 1
-16 5 1
jump=1 -2 
* 
* 1 0 1
+19 2 1
+52 3 1 0 1 0 0 1
jcnd=1/1 -1 
* 
+37 3 1 0 1 0 0 1
+15 1
-11 1 1
+11 1
-14 2
jcnd=1/1 +14 
* 
+20 1 1 0 1 0 0 1
-1 3
+1 3 1
-1 5 1 1 1 0 0 1
cfi=(12) ./elf/./elf/dl-sort-maps.c
cfn=(246) _dl_sort_maps
calls=1 290 
* 460 122 78 13 1 0 12
+5 1 0 1
+3 1 0 1
-1 1 0 1
+2 2
jcnd=1/1 +7 
* 
+7 3 1
jcnd=1/1 +3 
* 
+3 3 1
+3 8 7
214 28 14 0 2 1 0 2 1
jcnd=1/7 +10 
* 
* 18 6 0 0 1
jcnd=1/6 +10 
* 
+3 5
fi=(74)
-86 15 0 5
cfi=(73)
cfn=(240)
calls=5 30 
* 100 25 15 3 0 0 3
fe=(66)
+86 10
+4 15 5 5 1 0 0 1
jump=5 +3 
* 
613 2 0 1
cfi=(29)
cfn=(80)
calls=1 212 
* 19 5 4 0 0 1 0 0 1
* 1
jump=1 +6 
* 
-53 2 0 0 1 0 0 1
jump=1 +38 
* 
160 2 0 1 1 0 1 1 0 1
jump=1 * 
* 
380 12 0 6 1 0 0 1
jump=6 204 
* 

fl=(10)
fn=(18) __GI___tunables_init
282 9 0 6 2 0 1 2 0 1
-9 7 1
71 53 17
jcnd=1/17 357 
* 
+6 16 16 0 0 4 0 0 4
-3 16
+3 96 0 0 1 0 0 1
jump=16 * 
* 
* 248
jcnd=16/124 +4 
* 
* 620 124 0 0 3 0 0 3
jcnd=124/124 * 
* 
-3 16
-3 32
jcnd=16/16 * 
* 
357 8 7
81 32 0 0 1 0 0 1
+5 48
fi=(11) ./elf/./elf/dl-tunables.h
+54 16
fe=(10)
-54 16
fi=(11)
+54 16
jump=16 * 
* 
+1 52
jfi=(10)
jcnd=16/26 323 
* 
-1 70 20 0 0 1 0 0 1
+1 20
jcnd=10/10 * 
* 
-1 16 16
+1 32 0 0 1 0 0 1
jcnd=16/16 * 
* 
fe=(10)
323 64 16
jump=16 -12 
* 
-18 2240
jcnd=16/560 74 
* 
+6 2800 1120 0 0 35 0 0 35
jcnd=416/560 -6 
* 
* 720 0 0 1 0 0 1
fi=(11)
140 144 144
+1 288
jfi=(10)
jcnd=132/144 305 
* 
-1 24 24
+1 48
jfi=(10)
jcnd=12/24 305 
* 
* 48
-1 120 24
jcnd=24/24 * 
* 
fe=(10)

fn=(54) __GI___tunable_set_val
157 15 0 0 1 0 0 1
-55 5
+55 5
-55 5
+55 5
-55 35 5 0 1 0 0 1
+9 5 5
+1 5 5
fi=(296) ./elf/./dl-tunable-types.h
-22 10
fe=(10)
+22 20 5
+1 40 10 0 1 0 0 1
fi=(11)
+8 10
+1 5
fe=(10)
-6 15
fi=(11)
+15 5
fe=(10)
-12 10
jfi=(11)
jcnd=5/5 +12 
* 
+4 10
jcnd=5/5 +7 
* 
+7 10 0 0 1 0 0 1
+1 10
jcnd=5/5 +3 
* 
+3 30 0 5
+1 5 0 5
+1 5 0 5
+1 5 0 5
+24 5 5
fi=(11)
-30 15 0 0 1 0 0 1
jfi=(10)
jump=5 -8 
* 
fe=(10)

fn=(24)
405 36 0 0 1 0 0 1
+3 252 36 0 1 28 0 1 17
+9 36 36 0 0 4
-9 72
jcnd=3/36 +19 
* 
* 66
jcnd=23/33 +19 
* 
+9 10 0 10
+17 50 10 0 0 4
jcnd=10/10 +2 
* 
* 130 26 0 0 3
jcnd=26/26 +2 
* 
+2 36 36 0 1 0 0 1
-9 26 0 26
+1 26
jump=26 +6 
* 

fl=(75) ./elf/./elf/dl-version.c
fn=(256) _dl_check_map_versions
155 56 0 42 2 0 0 2
+15 7 7
-15 14 0 14
+15 14
+2 35 14 7 0 1
+2 7 7 0 0 1
+1 7 7 0 1 0 0 1
-1 7 0 7
+1 7 0 7
+2 14
jcnd=2/7 -13 
* 
+3 10 10
-16 5
-8 5 0 5
+28 5 5 0 0 4 0 0 4
-4 5 0 5
+4 10
+16 5 5
36 10 5 0 1 0 0 1
200 5 5
36 25 5
jcnd=5/5 +2 
* 
200 7 7 0 0 1 0 0 1
36 14 7
200 7 7
36 35 7
jcnd=7/7 +2 
* 
+1 54 54
-1 108
+2 198 0 66 1 0 0 1
cfi=(54)
cfn=(174)
calls=66 +30 
* 6412 1365 267
* 132
jcnd=54/66 -1 
* 
208 36 12
+5 12 12
-71 24 0 24
+71 36 12 0 0 1 0 0 1
+8 12 12 0 0 3 0 0 3
-2 12 12 0 0 1 0 0 1
-2 24 24
+4 12 0 12
-4 72 60 0 1 0 0 1
jcnd=8/12 56 
* 
+4 35 35 0 0 4 0 0 4
-2 35 35 0 0 4 0 0 4
-2 70 70
+4 35 0 35
-4 210 175
jcnd=24/35 56 
* 
* 75 30 0 0 1
56 60 45
jcnd=15/15 +8 
* 
* 128 96
jcnd=32/32 +8 
* 
+8 141 47 0 1 0 0 1
+6 141 47 0 0 1
+16 47 47 0 0 1
+1 94
+2 47 47
+5 423 47 94 1 5 0 1 5
+14 1408 704 0 0 10 0 0 10
jcnd=47/657 +2 
* 
+12 1971 657 0 0 11 0 0 11
+4 657
-30 1314 657 0 0 31 0 0 31
jcnd=657/657 +14 
* 
224 188 47 0 1 0 0 1
+3 141 47
jcnd=12/47 113 
* 
+5 35
-11 35
jump=35 * 
* 
110 47 47 0 1 0 0 1
+3 188 47 47 0 3 0 0 2
cfi=(32)
cfn=(90)
calls=47 -5 
* 1786 346 0 19 25 0 18 25
* 188
jump=47 224 
* 
* 12 12
236 48 24 0 1 0 0 1
jcnd=5/12 +14 
* 
+5 14 0 7
-44 7
+1 7
jump=7 +2 
* 
+52 10 5 0 1 0 0 1
jcnd=1/5 +17 
* 
+3 20 15
jump=5 +3 
* 
+10 116
-7 464 116 0 0 6 0 0 6
+3 348 116 0 0 2 0 0 2
jcnd=111/116 +4 
* 
-3 20 5
+3 15 5
jcnd=5/5 +4 
* 
+8 12 0 0 1 0 0 1
+6 6
fi=(28)
44 6
fe=(75)
273 6
fi=(28)
44 6 6 6
cfi=(27)
cfn=(72)
calls=6 +34 
* 244 39 32
fe=(75)
272 6 0 6 0 0 1
fi=(28)
44 6
fe=(75)
274 12
+13 6 6 0 0 1
-3 6 0 6
+3 24 12 6 1 1 1 1
+2 18 6
jcnd=1/6 +38 
* 
+3 20 15
+4 15 5
jump=5 +3 
* 
* 21 7
jump=7 +3 
* 
+7 47
+1 47
-1 141 47
+1 47 0 47 0 0 19 0 0 19
+1 47 47
-2 47 0 47
+2 94 0 47 0 0 3 0 0 3
+1 141 47 47
+3 141 47
jcnd=12/47 +8 
* 
+5 35
-15 35 35
+2 35
-2 35
+2 35
-2 35
+2 70
jcnd=35/35 +2 
* 
-2 12 12 0 1 0 0 1
+2 12
-2 12 0 0 1 0 0 1
+2 12
-2 12
+2 24
jcnd=12/12 +2 
* 
+16 36 12
jcnd=5/12 +10 
* 
+5 7
-28 7
jump=7 +2 
* 
+62 63 56 0 1 0 0 1
-29 18 6 0 1 0 0 1
jcnd=1/6 +29 
* 
+3 20 15
jump=5 +6 
* 
+4 116 116
+6 116 116
+1 116 116
+1 116 116
-1 348
+1 116
-1 116 0 116 0 0 30 0 0 30
+1 116 0 116
+1 116 0 116 0 0 15 0 0 15
+3 348 116
jcnd=5/116 +10 
* 
+4 116
-14 232 116
jcnd=116/116 -2 
* 
* 10 5
+10 15 5
jcnd=5/5 +4 
* 
164 2 0 0 1 0 0 1
+86 2 2 0 1 0 0 1
-94 2 0 2
+94 2
jcnd=1/2 +3 
* 
* 1
jump=1 356 
* 

fn=(254) _dl_check_all_versions
361 6 0 4 1 0 0 1
+4 5
-2 2
+4 2 1
jcnd=1/1 * 
* 
* 12 6
jcnd=6/6 * 
* 
* 28 0 7 1 0 0 1
cfn=(256)
calls=7 155 
* 21727 6360 1233 39 118 69 38 110 67
-2 7 7
+2 21
-1 7
-1 14
jcnd=6/7 +2 
* 
+5 7 5

fl=(16)
fn=(36) get_common_indices.constprop.0
325 1 0 1 1 0 0 1
+4 4
+3 3 0 1
+5 2
-5 1 0 1 1 0 0 1
+5 1
-5 1 0 1
+4 1 0 1
+1 1 0 1
+1 4 0 1
+1 4 0 1
+1 3 0 1
+1 2 1
+7 2 1 0 1 0 0 1
+2 5
+5 1
-5 1 0 1 0 0 1 0 0 1
+5 1
-5 1 0 1
+5 1
-5 2 0 2
+5 1
+7 1 1 0 1 0 0 1
-7 4 0 4 0 0 1 0 0 1
+7 1
+1 3
+6 1 1
-6 4 0 4 1 0 1 1 0 1
+6 1
jfi=(17) ./elf/../sysdeps/unix/sysv/linux/x86/dl-minsigstacksize.h
jcnd=1/1 24 
* 
fi=(17)
24 2 1 0 1 0 0 1
+3 2 1
+1 2 1
+37 3
+7 1
+2 1 0 1 1 0 0 1
fe=(16)
384 2 2

fn=(40) update_active.constprop.0
43 7 0 6 1 0 1 1 0 1
+45 1 1
-41 1 1
+28 1 1
-18 1 1
+31 1 0 1 0 0 1 0 0 1
+4 1 0 0 1 0 0 1
-36 1
-1 1
+37 1 1
-26 1 1
-11 1
+1 1
+36 2 0 1
+1 1 1
-17 1
-21 1 1
+25 1
-4 1
-11 1 0 0 1 0 0 1
+28 1
-1 1
-36 1
+18 1
+19 1 1
-13 1
-4 1 0 1
-11 1
+19 1 1
+11 1 1
-3 1
-12 1
+14 1 1 0 1 0 0 1
-29 1 1
+18 1
+9 1
-18 1
+13 1
-13 1 1
-9 1 0 1
+29 2 0 1
+3 1
-14 1
-9 1 0 1 1 0 0 1
+9 1 1
+4 1
+10 1
-17 1 0 1
+7 1 1
+5 1 0 1
+5 1 1
+1 1 1 0 0 1 0 0 1
-1 1 0 1
+1 2 0 1 1 0 0 1
+2 2
+1 4 0 1
+3 1
+1 1
-1 1
+1 1
-1 1
+1 1
-1 1 0 1
+1 1 0 1 1 0 0 1
+4 2
+4 2
+2 4
jcnd=1/1 +4 
* 
+83 3
+12 2 0 1
+1 1 1
+3 3 1 0 1 0 0 1
+4 1 1
-4 1 0 1
+4 1
jcnd=1/1 +4 
* 
+67 3 1
jcnd=1/1 +4 
* 
+4 3 1
jfi=(18) ./elf/../sysdeps/x86/get-isa-level.h
jcnd=1/1 31 
* 
fi=(18)
31 1 0 0 1 0 0 1
-3 1
+3 1
-1 2
jcnd=1/1 +2 
* 
fe=(16)
296 1 0 1
+1 8 7
-75 3 0 0 1 0 0 1
+1 2
+3 1
-1 1
+9 1
-5 1
+2 1 0 1
-2 1 0 1
+5 1
jcnd=1/1 +51 
* 
fi=(18)
32 3
+4 3
jcnd=1/1 +3 
* 
fe=(16)
+83 2 0 0 1 0 0 1
+2 1
+3 2 0 0 1 0 0 1
jcnd=1/1 +7 
* 
+10 1
+10 1
-10 1
+10 1
-10 1
+6 1
+4 1 0 1
-4 1
-6 1 0 1
+6 1
+2 1 1
-2 1 0 1
+2 3 1 1 1 0 0 1
+7 4
jcnd=1/1 +49 
* 
fi=(18)
39 3 1 0 1 0 0 1
+1 4 1
+5 1 0 0 1 0 0 1
-7 1
+7 3
+2 1
+1 2
+1 3 1
+2 4 0 0 1 0 0 1
+1 2
+1 2
+6 1
-4 1
+4 1
-3 2
jfi=(16)
jcnd=1/1 296 
* 
fe=(16)
+75 1 0 1 0 0 1 0 0 1
-5 2 0 1
+4 1
jump=1 +4 
* 

fn=(34)
399 1 0 1 1 0 0 1
+16 1
-16 6 0 5 1 0 0 1
+3 1 0 1 0 0 1 0 0 1
+1 1 0 1
+1 1 0 1
+11 2 0 1
+3 6 0 0 1 0 0 1
jcnd=1/1 +6 
* 
593 1 0 0 1 0 0 1
+94 5 1 0 1 0 0 1
+1 1 0 1
+3 2
+1 1 0 1
+6 1 0 1
+3 1 0 1
fi=(19) ./elf/../sysdeps/x86/dl-cacheinfo.h
+5 1 0 1
+2 1 0 1 1 0 0 1
fe=(16)
-9 1 0 1
fi=(19)
+23 2
jcnd=1/1 +2 
* 
840 1 1 0 1 0 0 1
+46 1 1
-46 17 9 6 2 0 2 2 0 2
+45 2 1
jcnd=1/1 +8 
* 
+25 2 1 0 1 0 0 1
+21 2
-21 2
+13 3 1
+8 1
-8 1 0 1
+8 1 0 1
cfi=(10)
cfn=(24)
calls=1 405 
* 21 4 1 0 1 0 0 1
* 1 1
+2 2 0 0 1 0 0 1
jcnd=1/1 +3 
* 
+3 4 0 1
cfi=(10)
cfn=(24)
calls=1 405 
* 21 4 1 0 1 0 0 1
* 1 1
+2 1 1
+3 2
-3 2
+3 1
-3 1 0 1
+3 1 0 1 1 0 0 1
cfi=(10)
cfn=(24)
calls=1 405 
* 21 4 1 0 1 0 0 1
* 1 1
+1 5 0 1
+16 2 0 1
-12 5 0 2 1 0 0 1
cfi=(10)
cfn=(24)
calls=1 405 
* 21 4 1
* 1 1
+1 3 1
jcnd=1/1 +23 
* 
+23 1
-17 5 1 1
+3 3 0 1 1 0 0 1
-3 1 0 1
cfi=(10)
cfn=(24)
calls=1 405 
* 21 4 1
+3 3 1
-3 2 2
+3 9 0 5 1 0 0 1
cfi=(10)
cfn=(54)
calls=1 157 
* 58 7 4 5 0 0 5
+1 9 1 4 1 0 0 1
cfi=(10)
cfn=(54)
calls=1 157 
* 58 7 4
+1 10 1 4 1 0 0 1
cfi=(10)
cfn=(54)
calls=1 157 
* 58 7 4
+3 8 0 4
cfi=(10)
cfn=(54)
calls=1 157 
* 58 7 4
+2 8 0 4 1 0 0 1
cfi=(10)
cfn=(54)
calls=1 157 
* 58 7 4
+4 1 1
fe=(16)
706 1
fi=(19)
967 2 2 0 1 0 0 1
fe=(16)
706 2
fi=(19)
967 4 1 3
fe=(16)
706 1 0 1
cfi=(10)
cfn=(24)
calls=1 405 
* 19 4 1 0 1 0 0 1
+4 3 1 0 1 0 0 1
+14 1 1
-1 2
+1 3
jcnd=1/1 +47 
* 
+47 1 1 0 1 0 0 1
-1 1 0 1
+1 1
jcnd=1/1 +4 
* 
+46 4 0 1 1 0 0 1
cfi=(10)
cfn=(24)
calls=1 405 
* 19 4 1
+2 4 0 1
cfi=(10)
cfn=(24)
calls=1 405 
* 19 4 1 0 1 0 0 1
fi=(21) ./elf/../sysdeps/unix/sysv/linux/x86/cpu-features.c
27 6
fe=(16)
829 2 0 1 1 0 0 1
+45 8 7
fi=(19)
+19 11 0 0 2 0 0 2
jump=1 +17 
* 
fe=(16)
775 3 1 0 1 0 0 1
jcnd=1/1 +17 
* 
+27 2 0 1
jump=1 +15 
* 
-10 2 0 0 1 0 0 1
+1 2
+2 3 0 0 1 0 0 1
+1 2 1
+2 3
+1 2
jump=1 +3 
* 
fi=(19)
-75 3 0 2 1 0 0 1
cfn=(46) handle_intel.constprop.0
calls=1 255 
* 437 47 19 13 6 1 13 6 1
+1 1
-1 2 0 1 0 0 1 0 0 1
+1 1 0 1
cfn=(46)
calls=1 255 
* 478 47 19 1 0 0 1
+1 1
-1 1
+1 1 0 1
cfn=(46)
calls=1 255 
* 503 47 19
+3 1
-3 2 0 1 1 0 0 1
+3 1 0 1
cfn=(46)
calls=1 255 
* 459 47 19 1 0 0 1
+2 1
-2 1 0 1
+2 1 0 1
cfn=(46)
calls=1 255 
* 451 47 19
+3 1
-2 1 0 1
-1 1 0 1
+3 1 0 1
cfn=(46)
calls=1 255 
* 428 47 19 1 0 0 1
+2 1
-2 1 0 1
+2 1 0 1
cfn=(46)
calls=1 255 
* 429 47 19
+3 1 0 0 1 0 0 1
-2 1 0 1
-1 1 0 1
+3 1 0 1
cfn=(46)
calls=1 255 
* 469 47 19
+2 1
-2 1 0 1
+2 1 0 1
cfn=(46)
calls=1 255 
* 470 47 19
+3 1
-3 1 0 1
+3 1 0 1
cfn=(46)
calls=1 255 
* 494 47 19
+2 1
-2 1 0 1
+2 1 0 1
cfn=(46)
calls=1 255 
* 495 47 19
+2 1 0 0 1 0 0 1
-2 1
+2 1 0 1
cfn=(46)
calls=1 255 
* 790 80 27 0 2 0 0 2
+2 3
-2 1 0 1
+2 1 0 1
cfn=(52) get_common_cache_info.constprop.0
calls=1 481 
* 215 20 16 13 0 0 13
863 15 2 1 1 0 0 1
jump=1 -23 
* 
fe=(16)
424 6 0 1 2 0 1 2 0 1
cfn=(36)
calls=1 -99 
* 71 9 22 7 0 3 7 0 3
303 3
+1 2
+1 6 0 4 1 0 0 1
+5 2
+1 6 0 4
+5 2
+1 6 0 4 1 0 0 1
429 1 0 1
cfn=(40)
calls=1 43 
* 194 35 30 16 1 3 16 1 3
+2 1 1
+2 1 1
+83 1 1
-85 2
jcnd=1/1 +2 
* 
564 2 1 0 1 0 0 1
+7 2 1
+2 1 0 1
+4 2 1
+6 2 1
jcnd=1/1 422 
* 
422 2
-3 1 0 0 1 0 0 1
jump=1 593 
* 
+14 3 1 1 1 0 0 1
+1 4 0 0 1 0 0 1
jcnd=1/1 * 
* 
+69 1 0 1
+10 11 1 0 1 1 0 1 1
jump=1 +42 
* 
+42 1 0 1
+1 1
jump=1 +8 
* 
434 11 0 0 1 0 0 1
+55 3 1 0 1 0 0 1
jump=1 +14 
* 

fl=(25) ./elf/./elf/dl-environ.c
fn=(68) _dl_next_ld_env_entry
28 3 0 0 1 0 0 1
+1 3 3
+3 9 3
jcnd=2/3 +2 
* 
* 1
jump=1 +17 
* 
* 14 14
+13 14
-13 28
+2 32 16
jcnd=12/16 -2 
* 
+1 8 4
jcnd=2/4 -3 
* 
* 4 2 0 1 0 0 1
+5 2
-3 2
+3 2 0 2
+2 2 2
+7 1 1

fl=(46)
fn=(146) _dl_debug_initialize
56 1 0 0 1 0 0 1
+3 2
+4 1 1 0 0 1 0 0 1
-6 1
+4 1
+2 2
jcnd=1/1 +1 
* 
+22 2 1 0 1 0 0 1
+5 2 1
+1 1
+1 1 0 1
-1 1 0 1
-1 1 0 1
+5 2 1
jcnd=1/1 +1 
* 
+4 2
jcnd=1/1 +8 
* 
+8 2 1 0 1 0 0 1
-43 2 0 1 1 0 0 1
jump=1 +21 
* 
+32 6 1 1 1 0 0 1
jump=1 +3 
* 

fn=(152) _dl_debug_state
116 2 0 0 1 0 0 1
+1 2 2

fn=(186)
38 6 0 0 1
+3 6
-1 12
jcnd=6/6 +4 
* 
+4 12 6 0 0 1
+4 6 6

fl=(7)
fn=(498) lookup_malloc_symbol
61 8 0 4 1 0 0 1
+3 4
-3 16 0 8
+3 4
-3 4
+3 8 4 0 1 0 0 1
-1 4 0 4
+1 12 0 12
cfi=(79) ./elf/./elf/dl-lookup.c
cfn=(280) _dl_lookup_symbol_x
calls=4 840 
* 2815 845 327 0 35 0 0 9
+4 28 16
+1 28 12
+2 4 0 4 1 0 0 1
fi=(150) ./elf/./dl-sym-post.h
-30 8
+12 12 4 0 0 1
fe=(7)
+19 20 16

fn=(494) __rtld_malloc_init_real
76 2 0 1 1 0 0 1
+10 1
fi=(149) ./elf/../sysdeps/generic/dl-hash.h
-41 1 0 0 1 0 0 1
fe=(7)
+31 1 0 1
fi=(149)
-32 1
fe=(7)
+32 5 0 3
+11 1 0 1
-1 1 0 1
fi=(149)
-43 1
+5 3
+14 4
-17 3 1 0 1 1 0 1 1
jcnd=1/1 +3 
* 
+3 15
+14 20
-17 15 5
jcnd=4/5 +3 
* 
fe=(7)
+46 2
fi=(149)
-24 1
fe=(7)
+22 1 0 1
+2 2
fi=(149)
-19 1 0 1
fe=(7)
+19 1 0 1
cfn=(498)
calls=1 -30 
* 744 225 91 3 9 0 3 5
+1 3
-1 1
+1 1 0 1 1 0 0 1
cfn=(498)
calls=1 -31 
* 792 230 91 0 12 0 0 1
+1 3
-1 1
+1 1 0 1
cfn=(498)
calls=1 -32 
* 754 229 91 0 8
+1 3
-1 1
+1 1 0 1
cfn=(498)
calls=1 -33 
* 685 213 86 0 7 0 0 3
+5 1 0 1
+1 1 0 1
+1 1 0 1 1 0 0 1
+1 1 0 1
+1 7 6

fn=(12) __rtld_malloc_init_stubs
42 1 0 0 1 0 0 1
+1 2 0 1 0 0 1 0 0 1
+1 2 0 1
+1 2 0 1 1 0 0 1
+1 2 0 1
+1 1 1

fn=(136)
239 2 0 0 1 0 0 1
+3 4 2 0 0 1 0 0 1
+2 2 2
+1 4
jcnd=1/2 +26 
* 
+4 7 1 0 1 0 0 1
jump=1 +5 
* 
* 26
jump=13 +5 
* 
+7 84 28 0 0 1 0 0 1
jcnd=14/28 -7 
* 
-2 56 28
jcnd=28/28 +2 
* 
+13 1 0 1
+4 4 2
-22 14 14
+15 14
-15 28
jcnd=13/14 * 
* 
* 2
jump=1 +18 
* 

fl=(1) ???
fn=(0) 0x0000000000020290
0 2 0 1 1 0 1 1 0 1
cfi=(2)
cfn=(2) _dl_start
calls=1 527 
0 2160540 513347 187544 1079 12336 2387 1070 7338 1573
0 14 3 2 2 1 0 1
cfi=(162) ./elf/./elf/dl-init.c
cfn=(544) _dl_init
calls=1 77 
0 7424 1773 1294 191 166 80 191 29 56
0 3
cob=(8)
cfi=(178)
cfn=(810)
calls=1 0 
0 95333055 20929005 15885072 3189 218274 212650 1975 541 157672

fl=(41)
fn=(116)
51 55 0 22 1 0 0 1
-25 33 11
jcnd=2/11 +29 
* 
* 9 3
+4 24 12 12
+4 36 12 0 1 1 0 1 1
jcnd=6/12 +2 
* 
* 12
+1 12 0 6
-1 24 6
+2 24
jcnd=3/12 +19 
* 
+5 27 0 9
cfi=(42)
cfn=(118)
calls=9 -18 
* 216 27 0 2 1 0 2 1
+1 18
jcnd=3/9 +1 
* 
+3 6
+11 12 6 6
+1 12
+1 6
-1 6 0 6
+1 6
jcnd=3/6 -32 
* 
-2 6 3 3
+1 6
+1 3
-1 3 0 3
+1 27 6 6
cfn=(120) _dl_hwcaps_contains
calls=6 +8 
* 30 6 0 1 0 0 1
* 12
jcnd=6/6 +4 
* 
-3 5 0 0 1 0 0 1
+7 44 33
-19 6 0 3
cfi=(22)
cfn=(60)
calls=3 -2 
* 51 6
* 3
jump=3 +13 
* 

fn=(120)
66 6 0 0 1 0 0 1
+1 12
jcnd=6/6 +1 
* 
+1 6
+9 6 6

fn=(122)
25 4 0 2 1 0 0 1
+1 3 1
jcnd=1/1 +21 
* 
+21 1 0 0 1 0 0 1
-20 1
+20 3 3

fl=(9) ./elf/../elf/dl-sysdep.c
fn=(534) _dl_sysdep_start_cleanup
262 1 0 0 1 0 0 1
+1 1 1

fn=(16) _dl_sysdep_start
85 4 0 2 1 0 0 1
+25 1
-25 6 0 4
+25 1 1 0 0 1 0 0 1
-1 1 0 1
+1 56 17 3 1 3 2 1 3 2
jcnd=15/16 * 
* 
* 1
+11 1 1
-8 1
+1 1 0 1
-4 1 0 1 0 0 1 0 0 1
+3 1 0 1 0 0 1 0 0 1
+6 1 0 1 1 0 1 1 0 1
+2 13 0 3 0 0 1 0 0 1
-34 1
-1 1
+36 5 0 0 1 0 0 1
jcnd=1/1 -1 
* 
* 63
jcnd=4/21 -1 
* 
* 51 17 0 0 3 0 0 3
jump=1 +31 
* 
jump=1 +56 
* 
jump=1 +28 
* 
jump=1 +12 
* 
jump=1 +6 
* 
jump=8 -1 
* 
jump=1 +3 
* 
jump=1 +40 
* 
jump=1 +9 
* 
jump=1 +34 
* 
+3 1 1
+1 1
-5 4 1
jcnd=1/1 +1 
* 
* 52 13 0 0 1 0 0 1
jcnd=12/13 +1 
* 
* 3
jcnd=1/1 * 
* 
* 6 1 1 1 0 0 1
jcnd=1/1 * 
* 
* 2
jcnd=1/1 * 
* 
* 6 1 1 1 0 0 1
jcnd=1/1 * 
* 
* 21 8 5 1 0 0 1
jump=1 224 
* 
+57 1 1 0 1 0 0 1
-57 1
+58 1
-1 1 0 1
-57 3 1
jcnd=1/1 +1 
* 
+29 1 1 0 1 1 0 1 1
-29 1
+30 1 0 1
-1 1 0 1
-29 3 1
jcnd=1/1 +1 
* 
+41 1 1 0 1 0 0 1
-41 1
+42 1
-1 1 0 1
-41 3 1
jcnd=1/1 +1 
* 
+35 1 1 0 1 0 0 1
-35 1
+36 1
-1 1 0 1
-35 3 1
jcnd=1/1 +1 
* 
+32 1 1 0 0 1 0 0 1
-32 1
+33 1
-1 1 0 1
-32 3 1
jcnd=1/1 +1 
* 
+13 1 1 0 1 0 0 1
-13 1
+14 1 0 1
-1 1 0 1
-13 3 1
jcnd=1/1 +1 
* 
+10 1 1 0 1 1 0 1 1
-10 1
+11 1 0 1
-1 1 0 1
-10 3 1
jcnd=1/1 +1 
* 
+7 1 1 0 0 1 0 0 1
-7 4 1 0 1 0 0 1
jcnd=1/1 +1 
* 
224 1 0 1
cfi=(10)
cfn=(18)
calls=1 +58 
* 7935 1529 6 6 43 1 6 43 1
+3 1 0 1
cfi=(12)
cfn=(22) _dl_sort_maps_init
calls=1 +54 
* 32 6 3 4 1 0 4 1
fi=(13) ./elf/../sysdeps/unix/sysv/linux/dl-sysdep.c
36 2 0 1
cfi=(14) ./elf/../sysdeps/unix/sysv/linux/brk.c
cfn=(28) brk
calls=1 -1 
* 8 1 1 1 0 1 1 0 1
fi=(6) ./elf/../sysdeps/x86_64/dl-machine.h
215 1 0 1
cfi=(15)
cfn=(32)
calls=1 37 
* 7224 784 442 103 15 12 103 15 12
fe=(9)
+23 3 1
+1 1 0 1 1 0 0 1
cfi=(22)
cfn=(60)
calls=1 41 
* 17 2 0 1 1 0 1 1
* 1 0 1
+2 2 0 1
cfi=(23) ./elf/../misc/sbrk.c
cfn=(62) sbrk
calls=1 37 
* 15 4 2 1 0 0 1
* 3
+12 3 1
+3 5 1 1
cfi=(2)
cfn=(64) dl_main
calls=1 1320 
* 2142824 510381 186836 918 12190 2329 910 7195 1515
+2 9 8 0 1 2 0 1

fl=(13)
fn=(100) _dl_discover_osversion
46 5 0 3 1 0 0 1
+2 3 1
jcnd=1/1 +40 
* 
+85 5 4
-45 2 0 1 1 0 1 1 0 1
cfi=(36) ./posix/../sysdeps/unix/syscall-template.S
cfn=(102) uname
calls=1 +32 
* 6 1 0 1 0 0 1
+15 1
-15 2
+20 1
-1 1
+3 12 3 0 1 1 0 1 1
+4 3 3
-2 6
+2 9
jcnd=2/3 +7 
* 
* 1
+3 1
-1 1
+1 3
-3 4 1
jcnd=1/1 +3 
* 
+3 1
-1 1
+1 3
-3 4 1
+7 3
-1 3 0 0 1 0 0 1
+4 3
-2 3
+2 6
jcnd=1/3 +5 
* 
* 4
jcnd=2/2 -14 
* 
+5 2
jcnd=1/1 +4 
* 

fl=(160) ./elf/./elf/dl-runtime.c
fn=(528) _dl_fixup
46 1264 0 632 3 0 0 2
+2 790 632 0 0 32
jcnd=158/158 +1 
* 
+1 158 158
+6 158
fi=(297) ./elf/../sysdeps/x86_64/dl-runtime.h
-27 158
fe=(160)
+21 158 158
+5 158 158 0 0 18
+1 158 158 0 0 20
-6 158
+6 316 0 0 1 0 0 1
+1 158 158 0 0 148
+2 158 158 0 0 17
-2 158
+2 158
-2 790 0 158
+7 316
+4 316 158 0 0 153 0 0 83
+4 474 158 0 2 19 0 1
+4 474 316 0 0 143 0 0 1
+1 632 158 0 0 1
-7 632 158 0 0 38
+16 158 158 0 0 3
-1 158
+1 316
jcnd=121/158 +10 
* 
+2 37 0 37 1
+1 37
+7 370 74 111 0 10 6 0 0 2
cfi=(79)
cfn=(280)
calls=37 840 
* 29041 7161 2651 87 487 69 5 72 18
* 1210 242 363 1 10 5 1
cfi=(79)
cfn=(280)
calls=121 840 
* 98302 23617 8655 54 875 63 4 194
* 158
+4 790 474 0 1 0 0 1
jcnd=37/158 +1 
* 
+10 1580 632 158 0 2
+15 632 158
jfi=(198) ./elf/../sysdeps/x86_64/dl-irel.h
jcnd=8/158 -92 
* 
+9 474 158 0 2 9 0 1
jcnd=158/158 +26 
* 
+26 474 158 0 0 4
fi=(6)
+70 158 0 158
fe=(160)
-66 948 790
-63 148 37 37 2 0 0 1
jcnd=37/37 +9 
* 
fi=(198)
-68 8 0 8 4 0 0 1
cob=(3)
cfi=(123)
cfn=(396)
calls=1 -3 
* 23 4 0 3 2
cob=(3)
cfi=(98)
cfn=(328)
calls=1 -3 
* 22 4 0 5 1
cob=(3)
cfi=(89)
cfn=(306)
calls=1 -3 
* 24 4 0 2 1
cob=(3)
cfi=(110)
cfn=(358)
calls=1 -3 
* 22 5 0 3 1
cob=(3)
cfi=(92)
cfn=(314)
calls=2 -3 
* 44 8 0 3 2
cob=(3)
cfi=(118)
cfn=(380)
calls=2 -3 
* 42 8 0 3 2
fe=(160)
+93 16 0 8
jump=8 +8 
* 

fl=(68)
fn=(538) _dl_unload_cache
537 1 0 0 1 0 0 1
+1 4 1 0 0 1
jcnd=1/1 -1 
* 
-1 1
+3 2 1 1 0 1
cfi=(71)
cfn=(540)
calls=1 117 
* 6 1 0 1 0 0 1
+1 1 0 1 1 0 0 1
+4 1 0 1
+2 2 1

fn=(230) _dl_cache_libcmp
370 40 0 0 1 0 0 1
+1 40 40
+32 40 40 0 0 32 0 0 32
-33 80
+1 90 0 0 1 0 0 1
jcnd=5/5 +32 
* 
+2 217
+2 217
-2 434
jcnd=5/217 +2 
* 
+20 424
+2 424
jcnd=35/212 +1 
* 
-12 177 177
+2 177 177 0 0 3 0 0 3
+14 177
+1 177
-29 354
jcnd=177/177 +2 
* 
+32 15 5
-28 10 0 0 1 0 0 1
+8 5 5
-2 10
+1 10
-1 5
+2 15
jcnd=5/5 +2 
* 
+2 5 5
-3 5
+3 15
jcnd=5/5 +2 
* 
+2 10
jcnd=5/5 -16 
* 
+9 105 35 0 1 0 0 1

fn=(222)
416 40 0 24 1 0 0 1
+2 8 4
+3 12 4 0 1 0 0 1
jcnd=1/4 +3 
* 
+69 9 3
+5 3 3
208 3 3
495 7 1
208 1 1
495 2
+3 12 4 4 0 0 1 0 0 1
fi=(70) ./elf/../sysdeps/x86/dl-procinfo.h
39 8 0 0 1 0 0 1
+3 12 0 8
cfi=(32)
cfn=(90)
calls=4 +66 
* 100 28 0 0 1
* 16 0 4
jfi=(68)
jcnd=4/4 212 
* 
fe=(68)
212 24 0 8 1 0 0 1
cfi=(10)
cfn=(24)
calls=4 405 
* 84 16 4
* 4 4
+16 8 0 4
-16 4 0 4 1 0 0 1
+6 8 4 4
+10 4
-7 20
+9 12 4
+1 4
-37 8
+37 4 4 0 0 1 0 0 1
+4 8 4
-5 93 31
+1 31
-37 62
+37 31 31 0 0 27 0 0 27
+4 62 31
+4 105 0 35 1 0 0 1
cfn=(230)
calls=35 370 
* 2794 413 0 4 31 0 4 31
+1 70
jcnd=4/35 -12 
* 
359 31
jcnd=18/31 +1 
* 
+3 26 0 13
228 26
jcnd=13/13 +2 
* 
360 18
228 36 18
jcnd=18/18 +2 
* 
* 12 0 4 1 0 0 1
+2 20 4
jump=4 +18 
* 
+20 10 5
+3 10
+2 20 0 5
cfn=(230)
calls=5 370 
* 484 71 0 0 4 0 0 4
* 10
jcnd=4/5 -37 
* 
+2 1
-9 2
jcnd=1/1 +2 
* 
* 8 0 0 1 0 0 1
jcnd=4/4 +2 
* 
-30 8 8
+1 4
+95 4 0 4
-95 4
-1 32 4 12 1 0 0 1
+96 12 4
jump=4 -47 
* 
-47 8
jcnd=4/4 +10 
* 
+10 8 4 0 1 0 0 1
+1 12 4
fi=(69) ./elf/../sysdeps/generic/dl-cache.h
125 20 4 0 1 0 0 1
fe=(68)
294 8
+9 8 4
+3 8 4
+2 12 4
+1 8 4
+5 8 0 0 1 0 0 1
+1 16 4
+7 8
+21 16 4 4
513 8 4
+12 8 4 4 1 0 0 1
cfi=(22)
cfn=(60)
calls=4 41 
* 140 20 0 0 3 0 0 3
* 32
jcnd=4/4 * 
* 
* 16 0 0 1 0 0 1
jcnd=4/4 * 
* 
+1 4 4
-1 4
+1 4
-1 4
+1 4 0 4
cfi=(29)
cfn=(80)
calls=4 212 
* 60 16 12
* 4
+1 4 0 4
cfi=(45)
cfn=(140)
calls=4 40 
* 372 68 48 0 0 3 0 0 3
+1 32 28
-3 8 0 4
jump=4 +1 
* 
424 4 0 1 1 0 0 1
cfi=(54)
cfn=(224) _dl_sysdep_read_whole_file
calls=1 36 
* 91 10 10 2 0 1 2 0 1
* 1
+8 5 1 0 1 0 0 1
+1 8 3 0 0 1 0 0 1
+3 4 0 0 1 0 0 1
+1 1 1
-1 3
fi=(69)
194 1 1
+1 5
jfi=(68)
jcnd=1/1 444 
* 
fe=(68)
444 1 0 1 1 0 0 1
+1 2 0 1
jump=1 +50 
* 

fl=(147) ./elf/./elf/dl-find_object.c
fn=(490) _dlfo_process_initial
474 2 0 2
+3 2
-3 2
+1 2 2
+3 4 2
+26 14 2 0 1 1 0 1
+1 6 2
jcnd=2/2 +3 
* 
+1 14 14 0 0 1
-1 28
jcnd=2/14 -1 
* 
+3 28
jcnd=2/14 -2 
* 
* 24 12 0 1 0 0 1
+3 48 12
jcnd=12/12 +2 
* 
-7 10 2 0 1 0 0 1
+25 2 0 2
+2 8 4
-18 36 12 0 1 1 0 1
jcnd=6/12 +4 
* 
+3 12
-1 12 0 6
cfi=(148) ./elf/./dl-find_object.h
cfn=(488) _dl_find_object_from_map
calls=6 95 
* 368 100 24 0 63 4 0 8 4
+2 24
jump=12 -11 
* 

fn=(486) _dl_find_object_init
561 4 0 2 1 0 0 1
+3 1 1 0 1 1 0 1
+2 2 1
jcnd=1/1 +1 
* 
+13 1 0 1
cfn=(490)
calls=1 474 
* 127 32 2 4 3 0 4
+1 1 1
-1 1
+1 1
fi=(28)
56 1 1 1
cfi=(27)
cfn=(76)
calls=1 -21 
* 25 5 5 0 1 1
fe=(147)
580 1 0 1
fi=(28)
56 1
fe=(147)
582 2 0 0 1 0 0 1
jcnd=1/1 +3 
* 
+3 2 0 0 1 0 0 1
+5 1 0 1
+1 1 0 1
cfn=(490)
calls=1 474 
* 519 132 32 0 63 4 0 8 4
+3 3 1
jcnd=1/1 +2 
* 
+10 4 3
-37 2 0 1 1 0 0 1
cfi=(148)
cfn=(488)
calls=1 95 
* 68 18 4 3 11 1 3
* 1
jump=1 +12 
* 
+29 2 0 1 1 0 0 1
cfn=(492) _dlfo_sort_mappings
calls=1 -60 
* 248 46 20 2 0 0 2
+3 6 3 1
+2 1
jump=1 +3 
* 

fn=(492)
536 1 0 0 1 0 0 1
+1 2
+3 4
+4 1
+1 1
-1 1 1
+1 2
-1 4
+1 4
-1 4 4
+1 18
+1 25 5 0 1 0 0 1
jcnd=4/5 -1 
* 
* 50 10
jcnd=6/10 -1 
* 
* 10
-1 45
jcnd=10/10 +1 
* 
+8 15 5
+1 10 5
-1 5 5
-13 10 5
+14 15 5 10
+1 10 0 10
-15 10
jcnd=4/5 +4 
* 
+17 1 1

fl=(19)
fn=(52)
481 1 0 1 1 0 0 1
+17 1 1
-17 4 0 1
+16 1 1
-16 1 0 1
+15 1 1
-15 3 0 3
+18 1 1
-1 1 0 1
+9 2 1 1
+3 3 0 1 1 0 0 1
+11 1
-11 1 0 1
-5 1 0 1
+21 3 1
+4 2
jcnd=1/1 +5 
* 
681 4 0 0 1 0 0 1
+1 5
+4 2 1
jcnd=1/1 +9 
* 
+9 2 2
-2 1 0 1
+2 2 2
-1 1 0 1
+1 3 3
535 3 0 0 1 0 0 1
jcnd=1/1 * 
* 
* 3 1 1
+3 8 0 0 1 0 0 1
+7 2
-7 9
+7 6
+3 20
jcnd=1/4 +5 
* 
* 6
jcnd=2/3 -10 
* 
+14 2
+4 1
+3 1
+1 1
-4 2
+3 3 0 1
+6 2
jcnd=1/1 -68 
* 
-37 6 0 0 1 0 0 1
jump=3 * 
* 
+15 2 0 0 1 0 0 1
+4 1
+1 1
-1 2
+18 2
jcnd=1/1 -37 
* 
-68 6 2 1 1 0 0 1
+74 4
+8 7 1
+2 2
+4 3 0 0 1 0 0 1
+2 1
+2 5 1
-4 1
+16 1
-16 3
jcnd=1/1 +6 
* 
+21 2
jcnd=1/1 +3 
* 
-21 4
+3 1
+1 4
-4 1
+6 2
jcnd=1/1 +15 
* 
* 2 0 0 1 0 0 1
+3 2
+5 1
+2 2
+1 1
+1 1 0 0 1 0 0 1
-2 2
+1 1
-19 2
jcnd=1/1 +2 
* 
* 3
+46 2
+1 1
+1 2
+2 2 1
-1 3
jump=1 +39 
* 
-23 2 0 0 1 0 0 1
+7 1
+2 2
-16 1
+22 1
-6 2
+1 1
+5 1 0 0 1 0 0 1
jump=1 -41 
* 

fn=(46)
255 24 12 0 1 0 0 1
-5 24 0 24
+16 12
-16 72 0 48
+13 12 0 12
+1 36 0 12 1 0 0 1
-3 24 0 12 0 0 1 0 0 1
jump=12 +11 
* 
+11 60 0 12
+5 24
+2 12
+1 12
-1 12 0 12
+5 48 0 12 1 0 0 1
cfn=(48) intel_check_word.constprop.0
calls=12 123 
* 3876 396 36 5 6 0 5 6
+2 24
+3 60 0 12
cfn=(48)
calls=12 123 
* 1156 72 36 7 0 0 7
+2 24
jcnd=11/12 +19 
* 
+3 5 0 1
cfn=(48)
calls=1 123 
* 20 4 3
+2 2
+3 5 1 1
cfn=(48)
calls=1 123 
* 255 27 3 0 2 0 0 2
+2 2
-35 3 1
+39 3
jcnd=1/1 +5 
* 
+5 96 84 0 1 0 0 1

fn=(48)
123 78 0 0 1 0 0 1
-4 78 0 52
+10 104
-10 26 0 26
+10 52
+2 52 0 0 1 0 0 1
jcnd=1/26 -6 
* 
+71 200 50
jump=25 -69 
* 
-71 102
jcnd=13/51 -6 
* 
+2 63 0 0 1 0 0 1
+2 126
+8 126
jcnd=12/63 +12 
* 
+51 102
jcnd=51/51 +22 
* 
+22 51
fi=(20) ./elf/../bits/stdlib-bsearch.h
28 51
-1 102
+4 102 0 0 1 0 0 1
+1 51
fe=(19)
+78 102 51 0 0 1 0 0 1
fi=(20)
-79 76
+1 38
fe=(19)
+78 76 38 0 0 2 0 0 2
+3 345
jfi=(20)
jcnd=63/345 -76 
* 
fi=(20)
-84 564
jfi=(19)
jcnd=26/282 131 
* 
* 256
+2 512
+1 256
fe=(19)
+78 512 256 0 0 5 0 0 5
jcnd=256/256 +3 
* 
+15 15
246 104 104
fi=(20)
37 63 0 0 1 0 0 1
-8 126
jcnd=38/63 +2 
* 
* 25
jfi=(19)
jump=25 131 
* 
fe=(19)
155 36
+3 36
-6 36
jcnd=3/12 +3 
* 
* 18 0 0 1 0 0 1
jcnd=2/9 +3 
* 
+3 14
jump=7 +7 
* 
+9 14
+23 19
-32 57
+3 57
jcnd=1/19 -33 
* 
+4 50
+2 100
jcnd=7/25 * 
* 
+2 36
jcnd=11/18 +2 
* 
* 14
jcnd=7/7 +21 
* 
+2 22
jcnd=4/11 +1 
* 
* 14
jcnd=4/7 +1 
* 
+4 11 0 0 1 0 0 1
+2 22
jcnd=4/11 +2 
* 
+6 14
jcnd=3/7 +1 
* 
+3 8
+1 12
jump=4 +62 
* 
-8 4 0 0 1 0 0 1
+2 4
-1 4
-1 4
+2 8 0 0 1 0 0 1
-2 4
+3 12
-2 12
+2 8
jump=4 +67 
* 
-10 16
jcnd=4/8 +1 
* 
* 8
jcnd=3/4 +3 
* 
+1 10
jcnd=5/5 +17 
* 
+11 12 0 0 1 0 0 1
jump=3 +65 
* 
-26 4 0 0 1 0 0 1
jump=2 +7 
* 
+9 4
+23 2
-32 6
+3 6
+4 8
+2 16
jcnd=2/4 * 
* 
+2 8
jcnd=2/2 +6 
* 
-11 3 0 0 1 0 0 1
+7 6
+2 12
jcnd=3/3 +8 
* 

fl=(148)
fn=(488)
95 14 7 7 1 5 2 1 0 1
+1 14 7 7 1 1 0 1
+1 7 0 7 0 0 3 0 0 3
+6 35 14 0 0 6
+1 14
jcnd=7/7 +1 
* 
* 186
+1 138 69 0 1 59 0 1 8
jcnd=62/69 -1 
* 
+2 21 14 7 0 3
+5 7 7

fl=(162)
fn=(546) call_init.part.0
26 56 0 35 1 0 0 1
+13 7 7
-13 7
+16 7 7 0 0 1
-3 14 0 7 1 0 0 1
+3 14 7 0 0 5
jcnd=1/7 +1 
* 
+5 12 6
+8 18 6 0 0 5
jcnd=2/6 +4 
* 
+1 24 8 4 0 4
cob=(2)
cfi=(51)
cfn=(598) 0x00000000048eb000
calls=1 -56 
* 7 2 0 1 1 0 1
cob=(2)
cfi=(51)
cfn=(588) 0x0000000004a8b000
calls=1 -56 
* 7 2 0 1 1 0 1
cob=(2)
cfi=(51)
cfn=(576) 0x0000000004b67000
calls=1 -56 
* 7 2 0 1 1 0 1
cob=(2)
cfi=(51)
cfn=(548) 0x000000000483f000
calls=1 -56 
* 26 5 2 6 1 1 6
+3 6 6 0 1 5 0 1
+1 12
jcnd=2/6 +12 
* 
+6 8 8 0 0 3
+2 8 8
-2 4
+3 24
jump=4 +1 
* 
* 16
+1 64 16 16 0 1
cob=(7)
cfi=(170)
cfn=(802)
calls=1 -70 
* 247 46 48 2 0 1 2 0 1
cob=(7)
cfi=(170)
cfn=(776)
calls=1 -70 
* 50 25 12 3 10 0 3 2
cob=(7)
cfi=(170)
cfn=(750)
calls=1 -70 
* 50 25 12 3 12 0 3 2
cob=(7)
cfi=(170)
cfn=(732)
calls=1 -70 
* 34 17 8 2 8 0 2 1
cob=(7)
cfi=(170)
cfn=(714)
calls=1 -70 
* 34 17 8 2 9 0 2 1
cob=(7)
cfi=(170)
cfn=(712)
calls=1 -70 
* 82 15 15 0 0 1
cob=(7)
cfi=(170)
cfn=(708)
calls=1 -70 
* 166 31 32 1 0 1 1
cob=(7)
cfi=(170)
cfn=(706)
calls=1 -70 
* 82 15 15 1 0 0 1
cob=(7)
cfi=(170)
cfn=(704)
calls=1 -70 
* 44 13 28 5 3 6 5 3 6
cob=(7)
cfi=(170)
cfn=(678)
calls=1 -70 
* 78 7 36 4 1 4 4
cob=(7)
cfi=(170)
cfn=(644)
calls=1 -70 
* 2688 491 493 78 28 49 78 8 46
cob=(7)
cfi=(170)
cfn=(642)
calls=1 -70 
* 3 1 1 0 0 1
cob=(7)
cfi=(170)
cfn=(632)
calls=1 -70 
* 798 248 133 3 10 1 3 1
cob=(7)
cfi=(170)
cfn=(608)
calls=1 -70 
* 1948 592 319 15 38 10 15 8 2
cob=(6)
cfi=(168)
cfn=(582)
calls=1 -70 
* 12 1 0 2 0 0 2
cob=(3)
cfi=(167)
cfn=(574)
calls=1 +13 
* 12 7 0 2 4 0 2
* 16 4 4 0 4
cob=(7)
cfi=(170)
cfn=(602)
calls=1 -70 
* 12 1 0 2 0 0 2
cob=(4)
cfi=(169) ???
cfn=(592) 0x000000000000e460
calls=1 -70 
* 12 1 0 3 0 0 3
cob=(6)
cfi=(168)
cfn=(580)
calls=1 -70 
* 364 17 43 34 3 1 34 2
cob=(3)
cfi=(164)
cfn=(566)
calls=1 -24 
* 94 18 9 10 5 3 10 1 1
-1 60
jcnd=16/20 * 
* 
+3 42 42 0 1 0 0 1
-29 2
jcnd=1/1 +29 
* 

fn=(544)
77 12 0 6 1 0 0 1
+1 1 1 0 0 1
+1 1 1
+3 3 1 0 1 0 0 1
jcnd=1/1 -51 
* 
+8 2
jcnd=1/1 +25 
* 
+25 1 1
+1 5
+1 2 2 0 0 2
-86 4 2 0 1 0 0 1
jcnd=1/1 +2 
* 
+86 12 12
-86 24 12
jcnd=6/6 +2 
* 
+2 14 7
jcnd=1/7 +83 
* 
* 24 0 6
cfn=(546)
calls=6 -7 
* 7217 1705 1271 175 158 78 175 29 56
+83 21
jcnd=6/7 +1 
* 
+7 8 7 0 1 0 0 1
-92 4 2 0 1 0 0 1
jcnd=1/1 +2 
* 
+2 6 1 1 0 0 1
cfn=(546)
calls=1 -7 
* 61 19 9 10 5 1 10
+52 2 0 1 1 0 0 1
jump=1 +5 
* 

fl=(2)
fn=(252)
696 3 0 1 1 0 0 1
+2 4 2 1 1 0 0 1
cfi=(75)
cfn=(254)
calls=1 361 
* 21838 6379 1244 41 118 69 40 110 67
* 2
jcnd=1/1 +4 
* 
+4 2 2

fn=(156) handle_preload_list
894 10 0 7 1 0 1 1 0 1
+5 1 1
-5 2 0 2 0 0 1 0 0 1
+5 2
+6 1
-64 1
+54 3 0 0 1 0 0 1
jump=1 +7 
* 
+7 3 0 1 0 0 1 0 0 1
cfi=(50) ./string/../sysdeps/x86_64/strcspn.S
cfn=(158) strcspn
calls=1 25 
* 233 108 34 3 2 4 3 2 4
* 1
+1 3
jcnd=1/1 +2 
* 
+9 1
191 1 1 0 1 0 0 1
914 2 1
191 2
916 2 1
-80 1 1
+5 5
-10 1 0 1 1 0 0 1
+8 1 1
-4 1 0 1
+1 1 0 1
+1 1 0 1
+4 1 0 1
cob=(2)
cfi=(51)
cfn=(160) 0x0000000004002080
calls=1 0 
* 2784 597 296 116 35 33 116 35 33
+1 3 1
+8 3 1
+67 1
-18 2 1
+21 9 7
-15 4 0 1 1 0 0 1
cfi=(29)
cfn=(80)
calls=1 212 
* 19 5 4 1 0 1 1 0 1
+1 2 0 1
jump=1 +6 
* 

fn=(2)
527 10 0 7 2 0 1 2 0 1
85 1
fi=(6)
-40 1
fe=(2)
557 1 0 1 0 0 1 0 0 1
-4 1 0 1 0 0 1 0 0 1
85 2
556 1
85 1 0 1 0 0 1 0 0 1
fi=(3) ./elf/./get-dynamic-info.h
-40 1 1 0 0 1 0 0 1
fe=(2)
556 1 0 1 1 0 1 1 0 1
fi=(3)
45 2
+9 1
+5 1
+3 1
+2 1
+4 1
-7 1
-3 1
-3 2
jump=1 -6 
* 
* 12
+13 4 0 4 0 0 2 0 0 2
-23 16 4 0 0 1 0 0 1
jfi=(4) ./elf/../sysdeps/generic/ldsodefs.h
jcnd=1/4 +35 
* 
+23 14 0 14 0 0 4 0 0 4
-23 56 14 0 0 3 0 0 3
+4 36 0 0 1 0 0 1
jcnd=13/18 +19 
* 
+5 20
jcnd=4/5 +1 
* 
+2 5
jcnd=1/1 +3 
* 
+3 4 0 0 1 0 0 1
jcnd=1/1 +3 
* 
fi=(4)
+21 1 1
fi=(3)
-8 3
+10 4 1 1 1 0 0 1
+1 4 1 1
+1 4 1 1
+1 4 1 1
+2 4 1 1 1 0 0 1
+5 4 1 1
+1 4 1 1
+1 4 1 1
+3 3 1 0 1 0 0 1
+5 2 1
+7 3 1
+1 3 2
+8 2 1 0 0 1 0 0 1
+1 2 1 0 1 0 0 1
+5 3 1
jcnd=1/1 +3 
* 
+3 3 1
jfi=(2)
jcnd=1/1 573 
* 
fe=(2)
573 1 0 0 1 0 0 1
fi=(6)
71 1 1
fe=(2)
573 38 8 6 2 0 1 2 0 1
jcnd=1/1 * 
* 
* 4 0 1
fi=(6)
414 1 0 0 1 0 0 1
fi=(5) ./elf/./elf/do-rel.h
86 1 1
fe=(2)
573 2 2
fi=(5)
49 1 1
+37 1 1
-37 1
+37 1
+2 1
-2 1
+2 1
-2 1
+27 2
-27 1 1
fe=(2)
573 2 2
fi=(5)
49 1 1
+37 1 1
-37 1
+37 1
+2 1
-2 1
+2 1
-2 1
+27 2
jcnd=1/1 +5 
* 
* 1
+1 2 1 0 1 1 0 1 1
fi=(6)
534 2 1
fi=(5)
114 282 141 0 0 17 0 0 17
fi=(6)
534 282 141 0 0 18 0 0 18
+1 142 142 0 0 18 0 0 18
fi=(5)
113 142
fi=(6)
535 284 0 142 0 0 20 0 0 20
fi=(5)
113 284
jcnd=141/142 +1 
* 
+5 4 2
+8 6
jcnd=1/2 +2 
* 
* 1
jfi=(2)
jump=1 573 
* 
fi=(6)
326 12
jcnd=6/6 +20 
* 
fi=(5)
126 21
jfi=(2)
jcnd=1/7 573 
* 
+2 7 7 0 1 2 0 1 2
+2 7 7
-2 7
fi=(6)
287 7
fi=(5)
130 7
-2 7
+1 14
fi=(6)
287 14
+9 70 28 0 1 7 0 1 7
+3 14
+27 21
jcnd=1/7 * 
* 
* 12 0 0 1 0 0 1
jcnd=6/6 * 
* 
fe=(2)
573 6
jcnd=1/2 +2 
* 
fi=(5)
50 1 1
fi=(4)
+30 2 1
jfi=(5)
jump=1 +6 
* 
fi=(6)
326 2 0 0 1 0 0 1
jfi=(5)
jcnd=1/1 126 
* 
+20 12 6 6 1 1 2 1 1 2
+1 6
jfi=(5)
jump=6 126 
* 
fe=(2)
575 1 0 1 1 0 0 1
+13 1 0 1 0 0 1 0 0 1
cfi=(7)
cfn=(12)
calls=1 42 
* 10 1 4 2 0 1 2 0 1
+4 2 0 1
85 1
488 2
85 3 0 1 1 0 0 1
488 1 0 1
cfi=(8)
cfn=(14)
calls=1 25 
* 29 8 5 3 1 1 3 1 1
+2 2
-1 1 0 1
+1 2
+17 1 1
-15 1
-2 1
+17 1
-15 1 0 1 1 0 1 1 0 1
+9 1 0 1
-11 1 0 1
+17 1 0 1
cfi=(9)
cfn=(16)
calls=1 85 
* 2158447 512795 187332 1050 12264 2349 1042 7267 1535
* 1 0 0 1
+2 2 1
+98 9 7 0 0 1
fi=(3)
62 4 0 0 1 0 0 1
+2 4
jump=1 +4 
* 
fe=(2)
573 3 0 1
jump=1 * 
* 

fn=(170)
663 2 0 1 1 0 0 1
+2 1 1
-2 1
+2 1
+1 2 2 0 1 0 0 1
-1 2
+1 3 0 1
cfi=(31)
cfn=(172)
calls=1 2022 
* 2683 571 264 104 35 32 104 35 32
* 1 0 1
+2 2 2

fn=(64)
1320 2 0 1 1 0 0 1
205 1
311 1
1320 2 0 1
2818 1
1320 3 0 2 1 0 0 1
2829 1
1320 2 0 2
2698 1
1320 2 0 1 0 0 1 0 0 1
311 1 0 1
1320 3 0 3
207 1 0 1 1 0 0 1
310 1 0 1
205 1 0 1
+99 3 0 3
1332 1 0 1 0 0 1 0 0 1
cfi=(24)
cfn=(66)
calls=1 53 
* 17 1 5 2 0 1 2 0 1
2677 3 1 2
+6 5 1 0 1 0 0 1
-4 1
+4 1 0 1 0 0 1 0 0 1
+2 3 0 1
cfi=(25)
cfn=(68)
calls=1 28 
* 39 14 1 2 0 0 2
* 4 0 2
cfi=(25)
cfn=(68)
calls=2 28 
* 86 31 1
* 9
jcnd=1/3 2845 
* 
+4 6 2
-2 2
+2 6
+1 2 0 0 1 0 0 1
-1 6 2
+1 17
-1 89 17
jcnd=17/19 +1 
* 
+9 12 2 0 0 1 0 0 1
jump=1 +21 
* 
jump=1 +76 
* 
2845 4 1 0 1 0 0 1
+32 2
jcnd=1/1 1348 
* 
1348 1 1
+1 2 1
-1 2 1 1
+1 2 1 0 1 0 0 1
jcnd=1/1 1627 
* 
2774 3 1 0 1 0 0 1
+1 3 1
jcnd=1/1 * 
* 
-56 2 1 0 1 0 0 1
+7 2 1
jcnd=1/1 * 
* 
1627 9 0 2 2 0 0 2
cfi=(26)
cfn=(70)
calls=1 59 
* 230 29 51 21 4 14 21 4 14
* 1
+2 2
+1 1 1
+6 2
-6 1 0 1
+1 2 1 1
+1 3 2 1 1 0 0 1
+4 1 0 1
cfi=(26)
cfn=(82)
calls=1 31 
* 36 9 8 3 0 0 3
+1 2 1
1140 1 1
1326 1 0 1
1169 1 1
-29 1 0 1
+11 1 0 1
+18 2 1 0 1 0 0 1
-21 1 1 0 0 1 0 0 1
+21 1
-19 1 0 1
-4 1 0 1
+23 1
-21 1 0 1 0 0 1 0 0 1
+21 2
+57 1 1 0 1 0 0 1
-83 1 0 1
+23 1
+4 1
+19 1
+22 1
+15 5
-56 39 13 0 0 6 0 0 6
jcnd=4/12 * 
* 
* 63 9 0 1 1 0 1 1
jump=2 -1 
* 
jump=1 +9 
* 
jump=4 +56 
* 
jump=1 +29 
* 
jump=1 +4 
* 
* 8
jcnd=1/4 1271 
* 
* 6
jcnd=2/3 -1 
* 
1275 4 2 1 0 1 0 0 1
+2 1
1169 18 0 0 1 0 0 1
jcnd=5/5 +1 
* 
fi=(30)
105 2 0 1
jfi=(2)
jump=1 1282 
* 
fe=(2)
1282 22
jcnd=10/11 -1 
* 
+6 4 0 1
cfi=(31)
cfn=(88)
calls=1 868 
* 20 8 0 3 1 0 3 1
-7 26 13
jcnd=1/13 +13 
* 
+1 13 13 0 1 0 0 1
+6 13
-6 26
jcnd=11/13 * 
* 
fi=(30)
212 4 4
+1 2 2
95 8 4
jfi=(2)
jcnd=1/2 1281 
* 
+10 2
212 1
105 1
-2 1
-3 1 0 0 1 0 0 1
+2 1 0 1
+3 1
-4 2 0 1
jump=1 +7 
* 
+92 4
-1 1
-87 3
jfi=(2)
jcnd=1/1 1786 
* 
+3 3 1 0 1 0 0 1
+1 2 1
+1 2 1
+4 3 1
+4 3 0 1
+3 3 1 0 1 0 0 1
+1 2
+4 1
+1 4 0 1
jump=1 +4 
* 
+4 2 1 0 1 0 0 1
+1 1 1
+3 2
+3 1
+1 4
+5 2 0 0 1 0 0 1
+2 2
+5 2
+14 1 1
-1 2
+2 2
jcnd=1/1 +4 
* 
fe=(2)
1174 1 1 0 1 0 0 1
-5 1 0 0 1 0 0 1
+5 2 1 1
-5 2
jcnd=1/1 +1 
* 
+30 1 1
-9 1 1
+27 1 0 1
-27 1 1 0 0 1 0 0 1
+2 1 0 1
-3 1 0 1
+10 2 0 0 1 0 0 1
jcnd=1/1 -30 
* 
-20 2 2 0 1 0 0 1
-10 1
+10 1 0 1
+1 9 2 1
-11 2
jcnd=1/1 +1 
* 
+57 4 4 0 1 1 0 1 1
-1 4 4
+1 8
-1 4
+2 8 4
jcnd=3/4 +3 
* 
+1 1 0 1
+2 12 4
+1 8 0 0 1 0 0 1
jcnd=1/4 +4 
* 
* 6
jcnd=3/3 +4 
* 
+4 8 4 0 0 3 0 0 3
+1 8 4
+1 4 0 4
+1 8 4
jcnd=3/4 +5 
* 
* 2 1
+1 1 0 1
+4 1
-74 1
+74 2
-74 2
jcnd=1/1 +1 
* 
+74 3 0 0 1 0 0 1
-74 3
+74 6
-74 6
jcnd=3/3 +1 
* 
1271 1 1
1169 1
1271 1 0 1 0 0 1 0 0 1
1169 2 0 0 1 0 0 1
jcnd=1/1 +1 
* 
1294 1 1 0 0 1 0 0 1
+3 2 2
+2 1 1
-5 2
jcnd=1/1 +3 
* 
+3 2
jcnd=1/1 +2 
* 
+2 2 0 0 1 0 0 1
jcnd=1/1 +2 
* 
+2 2 1
1662 3 1
+2 1
-1 1 1
+1 2 2 0 1 0 0 1
+1 2 2
-2 1 1
+2 1 1
-2 2 0 1
cfi=(32)
cfn=(90)
calls=1 108 
* 34 5 0 5 1 0 5 1
* 2
+7 1 0 1 0 0 1 0 0 1
+3 1 1
-5 1 0 1
+3 1 0 1 1 0 1 1 0 1
+2 1
+1 2 0 1
+4 2 1
+2 2 1
fi=(3)
39 3 1 0 1 0 0 1
+6 1 1 0 0 1 0 0 1
-2 1
+2 2
+9 1
+5 1
+3 1
+2 1
-3 1
-3 1
-3 2
jump=1 -6 
* 
* 15
+13 5 0 5 0 0 2 0 0 2
-23 20 5 0 0 1 0 0 1
jcnd=1/5 +27 
* 
+23 23 0 23 0 0 4 0 0 4
-23 92 23 0 0 6 0 0 6
+4 56 0 0 1 0 0 1
jcnd=22/28 +19 
* 
+5 24
jcnd=5/6 +1 
* 
+2 5
jcnd=1/1 +3 
* 
+16 3 1 0 1 0 0 1
jcnd=1/1 * 
* 
+25 3 1
+5 2 1
+7 2 1
+1 3 2
+22 3 1 0 1 0 0 1
jcnd=1/1 +15 
* 
+15 3 1 0 1 0 0 1
+2 3 1 1
+1 2
jcnd=1/1 +9 
* 
+9 2 1
+6 2
jcnd=1/1 +4 
* 
+4 2 1 0 1 0 0 1
jfi=(2)
jcnd=1/1 1688 
* 
fe=(2)
1688 3 1
jcnd=1/1 +7 
* 
+7 2 0 1 1 0 0 1
cfi=(8)
cfn=(14)
calls=1 25 
* 29 8 5 0 1 0 0 1
+3 2 1
fi=(33) ./elf/./setup-vdso.h
24 2 1 0 0 1 0 0 1
jfi=(34) ./elf/../sysdeps/unix/sysv/linux/dl-vdso.h
jcnd=1/1 +16 
* 
fi=(35) ./elf/../sysdeps/unix/sysv/linux/dl-vdso-setup.h
+21 1 0 1 1 0 0 1
fe=(2)
1723 1 0 1
cfi=(13)
cfn=(100)
calls=1 46 
* 99 14 4 5 1 1 5 1 1
* 8 1 1
fi=(37) ./elf/./dl-main.h
109 5 4 1 1 0 0 1
cfi=(31)
cfn=(106)
calls=1 706 
* 2926 561 407 95 8 19 95 8 19
fe=(2)
1731 3 1 1
cfi=(46)
cfn=(146)
calls=1 56 
* 30 6 5 5 1 0 5 1
+7 1 1
-7 1 0 1
+2 1 0 1
+5 1
jcnd=1/1 +3 
* 
+4 1 1
+3 1 0 1 1 0 0 1
-3 3 0 1
+1 2 0 1
+3 1 0 1
+5 1 1
-7 1 0 1
+7 1
+1 3 1 1 1 0 0 1
+12 2 1 0 0 1 0 0 1
+1 2 1
+5 1 1
-3 2 1
+2 1 0 1
+1 2 0 1 1 0 0 1
+5 3
jump=1 * 
* 
+1 5 1 0 0 1 0 0 1
jcnd=1/1 +2 
* 
-1 2
jcnd=1/1 +1 
* 
233 1 1 0 1 0 0 1
-1 1 1 0 0 1 0 0 1
+1 3 2
jcnd=1/1 +1 
* 
+1 2
jcnd=1/1 -2 
* 
-2 1 1 0 1 0 0 1
+2 2
jcnd=1/1 1793 
* 
1793 2 1 0 1 0 0 1
+5 1 1
-1 1 0 1 1 0 0 1
+1 1
+24 1 0 1
cfi=(47)
cfn=(148) _dl_count_modids
calls=1 197 
* 6 3 0 1 0 0 1
* 1 0 1
fi=(48) ./elf/../sysdeps/generic/dl-debug.h
29 3 1
+1 2 1 1
fe=(2)
1828 2 1 1
+1 1 0 1
cfi=(46)
cfn=(152)
calls=1 116 
* 2 1 0 1 0 0 1
+1 1 0 0 1 0 0 1
+4 3 0 1
cfi=(49)
cfn=(154)
calls=1 28 
* 16 7 4 3 0 0 3
+5 3 2
+2 1
+2 2 1
jcnd=1/1 85 
* 
+9 2 1
+16 4 0 1 1 0 0 1
cfi=(65) ./io/../sysdeps/unix/sysv/linux/access.c
cfn=(208) access
calls=1 25 
* 9 1 1 1 0 0 1
* 2
+76 4 2
jcnd=1/1 +4 
* 
+16 3 1
jcnd=1/1 85 
* 
85 1
1970 1
85 2 0 0 1 0 0 1
1970 2
85 1
1970 5 1 1
cfi=(66)
cfn=(210)
calls=1 159 
* 31104 6387 3128 161 201 195 159 182 194
92 1
1976 1 1
92 2
+9 2 0 1
1976 2 0 0 1 0 0 1
+1 5 2 1
-1 4
jcnd=1/1 +1 
* 
+1 12 6 6
-1 24
jcnd=5/6 +1 
* 
+4 4 3 1
+1 3 1 0 1 0 0 1
+1 1 0 1
+2 2
+1 4 1
jump=1 -1 
* 
-1 21
+1 18 6 0 1 0 0 1
jcnd=5/6 -1 
* 
+12 3 1 1
+1 2
+2 1
+2 3
jcnd=1/1 +2 
* 
+2 1 1 0 0 1
-4 1 0 1
+5 1 1
-1 2
jcnd=1/1 +14 
* 
+14 2 0 0 1 0 0 1
+1 2 0 1
+1 3 1
jcnd=1/1 -25 
* 
+11 2 0 0 1 0 0 1
+2 1
-2 1
+2 2
-2 1 0 1
+1 2
+1 1 0 0 1 0 0 1
-1 2 0 1
+1 1 0 1
cfi=(52)
cfn=(250)
calls=1 238 
* 21866 6388 1253 44 118 69 43 110 67
+10 2 1 1 0 1
+1 2
jcnd=1/1 +1 
* 
+3 2 1
862 1 1
fi=(298) ./elf/../sysdeps/unix/sysv/linux/dl-osinfo.h
64 2 1 0 0 1
fe=(2)
864 1 0 1 1 0 0 1
+6 1 1
+3 1 0 1
+7 1 0 1
-5 1 0 1
2052 3 1
2282 3 1 0 0 1
jcnd=1/1 +49 
* 
1778 2 2 0 1 1 0 1 1
+6 1 1 0 0 1 0 0 1
-6 2 0 1 0 0 1 0 0 1
+6 1
jcnd=1/1 233 
* 
+2 3 2 0 1 0 0 1
fi=(30)
198 4 1 0 1 0 0 1
+2 1 1
+1 1 0 1
+2 1 0 1
-3 3 0 1
+3 1
jfi=(2)
jump=1 1281 
* 
fi=(3)
59 4 0 0 1 0 0 1
+3 4
+2 4
jump=1 +4 
* 
fi=(34)
-24 1 1 0 1 0 0 1
+1 2
jfi=(35)
jcnd=1/1 -11 
* 
fe=(2)
2331 1 1
1325 1
2342 1 1 0 1 0 0 1
-4 2 0 1
+10 1 1
-6 1 0 1 0 0 1
+6 1 0 1
+3 2
+8 1 1
fi=(30)
36 1 1 0 1 0 0 1
fe=(2)
2359 1 1
fi=(30)
37 3
+3 1 1
+13 3 1 0 0 1
jump=1 -13 
* 
* 6
-13 6 6
+9 12 6
-9 1 1
+9 23 1
jcnd=1/7 -12 
* 
* 12 6
+4 30 6
-16 21 0 0 1 0 0 1
jcnd=6/7 +16 
* 
+34 3 0 1
cfi=(77) ./elf/../sysdeps/x86/dl-cet.c
cfn=(270) _dl_cet_check
calls=1 252 
* 30 9 6 3 1 0 3 1
fe=(2)
2361 2
jcnd=1/1 +54 
* 
+54 3 1 0 1 0 0 1
+3 1 0 1 1 0 0 1
85 4 0 1
2422 1 1
+1 10 0 1 1 0 0 1
jump=1 +2 
* 
* 15
jcnd=1/5 * 
* 
+2 14 14 0 0 4
+5 14 14 0 0 6
+2 14
jcnd=1/7 +2 
* 
+6 7 0 7 0 0 1
+2 21 0 0 1 0 0 1
jcnd=1/7 +5 
* 
+1 48 12 6 0 6
cfi=(78) ./elf/./elf/dl-reloc.c
cfn=(272) _dl_relocate_object
calls=6 194 
* 2068385 492274 179686 239 11489 1898 237 6755 1108
+4 14 7 0 0 1
jcnd=5/7 -22 
* 
* 4 2 0 0 2
+1 4
-23 2 0 0 1 0 0 1
+23 2 0 2
cfi=(47)
cfn=(412) _dl_add_to_slotinfo
calls=2 1015 
* 56 18 12 2 3 2 2
-23 4
jcnd=2/2 +2 
* 
* 4 1 0 0 1
92 3
+1 1 1
2454 1 1
93 1 0 1
2454 1 0 0 1 0 0 1
+5 4 2
jcnd=1/1 +2 
* 
+2 1 0 1
+7 3 0 1
cfi=(47)
cfn=(484) _dl_allocate_tls_init
calls=1 528 
* 221 53 33 9 8 4 8 0 4
+3 2 1 0 1 0 0 1
jcnd=1/1 +10 
* 
fi=(3)
72 2 1 0 1 0 0 1
+10 3 1
jcnd=1/1 +1 
* 
+1 4 1 1
+1 4 1 1 1 0 0 1
+1 4 1 1
+2 4 1 1
+5 4 1 1
+1 4 1 1 1 0 0 1
+1 5 1 1
jump=1 +3 
* 
fi=(35)
-64 3 0 2 1 0 0 1
+3 1 0 1 1 0 0 1
+3 1 0 1
+3 1 0 1
fi=(34)
+16 2
jfi=(35)
jump=1 -10 
* 
fe=(2)
2434 1 0 1 1 0 0 1
+1 1 1
-3 2
jcnd=1/1 +6 
* 
+49 3 2 0 1 1 0 1
+2 4 1
+10 1 0 1
cfi=(147)
cfn=(486)
calls=1 561 
* 1026 244 73 15 79 6 15 8 4
+5 2 0 1
cfi=(7)
cfn=(494)
calls=1 76 
* 3083 909 376 8 37 0 8 10
+3 1 0 1
cfi=(151) ./elf/../sysdeps/nptl/dl-mutex.c
cfn=(502) __rtld_mutex_init
calls=1 30 
* 415 107 33 10 14 0 10 10
85 1
2507 1 0 1
+1 3 1
85 3 0 0 1 0 0 1
2508 2 0 1
cfi=(78)
cfn=(272)
calls=1 194 
* 5744 1614 597 3 74 2 2 21
92 3
+9 2 0 1
2516 3 1 1
cfi=(153) ./elf/./elf/dl-call-libc-early-init.c
cfn=(508) _dl_call_libc_early_init
calls=1 27 
* 1441 432 192 28 38 17 28 10 6
+7 1 0 1
cfi=(9)
cfn=(534)
calls=1 262 
* 2 1 0 1 0 0 1
+4 3 0 1 1 0 0 1
cfi=(49)
cfn=(536)
calls=1 40 
* 21 7 4 2 0 0 2
+5 2 0 1
cfi=(46)
cfn=(186)
calls=1 38 
* 7 2 0 1 1
+1 1 0 1
-1 1
+2 1 0 1
cfi=(46)
cfn=(152)
calls=1 116 
* 2 1
+1 1
+4 1 0 1
cfi=(68)
cfn=(538)
calls=1 537 
* 18 4 3 3 2 0 3
+5 8 7 0 0 2
1741 4 2 1 1 0 0 1
jump=1 +1 
* 
1995 2 0 1 1 0 0 1
jump=1 +36 
* 
+50 2 0 1 1 0 0 1
cfn=(258) init_tls
calls=1 756 
* 836 103 393 22 13 44 22 4 42
* 2
jump=1 +2 
* 
2726 4 2 0 1 0 0 1
+2 2 0 1
+1 1
jump=1 -44 
* 
+46 2 1 0 1 0 0 1
+2 1
+1 1
-1 1 0 1 1 0 0 1
+1 1 0 1
+1 1
jump=1 -94 
* 
85 1 0 0 1 0 0 1
1847 1 1
85 2
1847 1
85 1
1847 2 0 1
cfn=(156)
calls=1 894 
* 3107 726 351 125 37 41 125 37 41
* 1
92 3 0 0 1 0 0 1
+9 3 0 1
jump=1 1852 
* 
1948 10 0 0 1 0 0 1
jcnd=1/1 * 
* 
* 6 0 1 2 0 0 2
+1 1
-1 1
+4 3 0 1
+1 1 1
+1 2
+1 2
-7 2
jump=1 +12 
* 
fi=(30)
170 3 1 1 1 0 0 1
-39 2
jump=1 +62 
* 
fe=(2)

fn=(258)
756 3 0 2 1 0 0 1
+2 1 1
+4 1 1
-4 1 0 1
+4 2
+11 1
fi=(28)
44 1
fe=(2)
768 1 0 0 1 0 0 1
+4 1
fi=(28)
44 1 1 1
cfi=(27)
cfn=(72)
calls=1 +34 
* 36 6 5
fe=(2)
783 1 1 0 0 1 0 0 1
-12 1 0 1
+6 1
-9 1 0 1
+11 1 0 1
+4 1
+2 3 1 0 1 0 0 1
-1 2
+3 2 1 0 0 1
jcnd=1/1 -1 
* 
* 12 6 0 0 3
jcnd=4/6 -1 
* 
+4 2
+2 2
-2 4 0 2 0 0 1 0 0 1
-5 2 2
-1 4
jcnd=2/2 +2 
* 
+10 3 1
+3 2 0 1 1 0 0 1
cfi=(47)
cfn=(260) _dl_tls_static_surplus_init
calls=1 97 
* 79 14 9 2 4 1 2 2
+3 1 0 1
cfi=(47)
cfn=(262) _dl_determine_tlsoffset
calls=1 221 
* 108 22 11 7 0 0 7
+7 1 0 1
cfi=(47)
cfn=(264) _dl_allocate_tls_storage
calls=1 422 
* 443 24 333 3 0 41 3 0 41
* 1
+1 2
+6 1 1
+3 2
-3 1 0 1
+3 6 0 2
+3 1 0 1
cfi=(24)
cfn=(266)
calls=1 68 
* 75 13 18 5 4 1 5 1
+1 1 0 1
+3 5 3
-39 5 5 0 1 0 0 1
-1 10
jcnd=4/5 +2 
* 
* 1
jump=1 +10 
* 

fl=(39)
fn=(110)
29 1 0 0 1 0 0 1
fi=(18)
+2 1 1
fe=(39)
+7 1
fi=(18)
-7 2 0 0 1 0 0 1
-1 2
jcnd=1/1 +2 
* 
fe=(39)
+22 1 1
fi=(18)
-20 3 1
+4 1
fe=(39)
+2 1
fi=(18)
-2 2
+3 4 1
+1 4 1 0 1 0 0 1
+5 1
fe=(39)
-7 1
fi=(18)
+7 3
fe=(39)
-2 1
fi=(18)
+5 2
+1 3 1
+2 4 0 0 1 0 0 1
+1 2
+1 2
+6 1
fe=(39)
-11 1
fi=(18)
+11 1
-3 2
jfi=(39)
jcnd=1/1 -4 
* 
fe=(39)

fl=(280)
fn=(2262)
31 9 0 6 1 0 0 1
+20 3 1 0 0 1
-3 7 0 1 1 0 0 1
jump=1 +6 
* 
+3 4
jcnd=1/1 168 
* 
+3 2 1 1 0 1
cob=(3)
cfi=(227)
cfn=(1766)
calls=1 +23 
* 43 10 5 7
+2 1 1 0 0 1
+3 2
+2 6 3 0 1 0 0 1
+7 2
-2 1 0 1
+2 1 0 1
cfi=(49)
cfn=(536)
calls=1 -28 
* 21 7 4 2 1
+5 10 0 0 1 0 0 1
jcnd=1/1 * 
* 
* 4
jcnd=1/1 * 
* 
+5 1 1
-5 1
+5 3 0 0 1 0 0 1
jcnd=1/1 +2 
* 
+2 14 7
+2 14
+2 14 0 7
+1 7 0 7 0 0 5
+1 7
+4 7 0 7
-12 21 7 0 0 1
jcnd=6/7 +2 
* 
+14 6 0 0 1 0 0 1
+1 4
jcnd=1/1 +6 
* 
+6 5 0 2
cfi=(12)
cfn=(246)
calls=1 290 
* 527 144 78 17 9
+9 2 1 1 1 1 0 1
cob=(3)
cfi=(228)
cfn=(1768)
calls=1 367 
* 36 8 4 5
+5 6 1 1
+2 1 1
+2 3 1
-2 6 6
+2 18 6
+3 14 0 7
+3 21 7 0 1 6 0 1
jcnd=3/7 +1 
* 
+4 8 4
+11 16 8 4 0 4
+1 4 4 0 0 2
+1 8 4
+1 20 0 0 1 0 0 1
+1 8 4 8 0 4
cob=(6)
cfi=(168)
cfn=(2372)
calls=1 0 
* 139 34 16 3 3 0 3
cob=(4)
cfi=(169)
cfn=(2354) 0x000000000000e420
calls=1 0 
* 139 34 16 5 2 0 2
cob=(7)
cfi=(170)
cfn=(2312)
calls=1 0 
* 1175 356 187 13 13 0 8
cob=(8)
cfi=(178)
cfn=(2264)
calls=1 0 
* 138 34 16 13 8 1 8 1 1
-1 20 8
+5 12 4 0 0 3
+1 15 10 5 0 3
cob=(2)
cfi=(51)
cfn=(2388) 0x0000000004b7d808
calls=1 0 
* 4 1 0 1 0 0 1
cob=(2)
cfi=(51)
cfn=(2370) 0x0000000004b068c8
calls=1 0 
* 4 1 0 1 0 0 1
cob=(2)
cfi=(51)
cfn=(2352) 0x00000000049fbfc4
calls=1 0 
* 4 1 0 1 0 0 1
cob=(2)
cfi=(51)
cfn=(2290) 0x000000000483f334
calls=1 0 
* 157 38 19 7 2 0 3
cob=(2)
cfi=(51)
cfn=(2286) 0x0000000000129200
calls=1 0 
* 4 1 0 1 0 0 1
+6 14 0 7
cfi=(49)
cfn=(2288)
calls=7 -57 
* 35 14 0 1 0 0 1
+5 7 0 7 1 0 0 1
-45 21 7
jcnd=6/7 +2 
* 
+49 3 0 1
cfi=(49)
cfn=(536)
calls=1 40 
* 21 7 4
* 2 1
jump=1 51 
* 
-38 9 3 0 0 3
jcnd=2/3 +29 
* 
+3 2 1
jcnd=1/1 +20 
* 
+41 6 2 0 1 0 0 1
+6 2 1
+7 8 7
73 2 0 1 1 0 0 1
jump=1 +5 
* 

fl=(72)
fn=(238)
25 8 0 0 1 0 0 1
+1 16
+1 4 4

fl=(32)
fn=(90)
108 2755 0 0 4 0 0 1
+33 2755
+1 2755
+2 2755
+1 2755
+21 2755
+1 2755
jcnd=172/2755 +48 
* 
+1 2583
+1 2583
jcnd=89/2583 +46 
* 
+1 2494 2494 0 0 121 0 0 35
+1 2494 2494 0 3 30 0 1 8
+1 2494 2494
+1 2494 2494
+21 2494
+1 2494
+1 2494
+1 2494
+1 2494
+1 2494
+1 2494
jcnd=2435/2494 2208 
* 
+5 59
+1 177
+9 59
+1 59
+1 59
+1 59
+1 59
+1 59
+1 59
+1 59
jcnd=30/59 +21 
* 
-7 261 0 0 3 0 0 1
+1 261
+1 261
+1 261
+1 261
+1 261
+1 261
+1 261
jcnd=80/261 +21 
* 
+1 210
jcnd=102/210 +5 
* 
+1 108
+1 108
+1 108
+2 108
+1 108
+1 108
+1 108 108 0 0 12
+1 108
+1 108
jump=1 693 
* 
jump=2 +81 
* 
jump=3 1443 
* 
jump=3 1193 
* 
jump=3 943 
* 
jump=1 444 
* 
jump=7 1943 
* 
jump=8 1068 
* 
jump=8 1318 
* 
jump=34 2068 
* 
jump=10 1693 
* 
jump=18 1818 
* 
jump=10 1568 
* 
-5 102
+1 102
+1 102
+1 102 102 0 0 13 0 0 2
+1 102
+1 102
jump=3 1068 
* 
jump=2 943 
* 
jump=7 1943 
* 
jump=7 1818 
* 
jump=5 1443 
* 
jump=24 1318 
* 
jump=27 2068 
* 
jump=13 1568 
* 
jump=10 1693 
* 
jump=4 1193 
* 
+10 110 110 0 4 14 0 1 3
+1 110
+1 110
+2 110 110 0 0 2 0 0 1
+6 110
+1 110
+1 110
+1 110
+1 110
+5 110
jcnd=7/110 2199 
* 
+2 103
+1 103
+1 206
+8 103 103 0 3 13 0 1
+1 103 103 0 0 2 0 0 2
+3 103
+1 103
+1 103
+1 103
+1 103
+1 103
jcnd=77/103 2197 
* 
-9 19 19
+1 19 19
+3 19
+1 19
+1 19
+1 19
+1 19
+1 19
jcnd=14/19 2197 
* 
+6 31
+1 31 31
+1 31 31
+3 31
+1 31
+1 31
+1 31 0 0 1 0 0 1
+1 31
+1 31
jcnd=12/31 2197 
* 
+5 19
+1 19
jump=19 -31 
* 
+9 2 0 0 1
+1 2 2
+1 2 2 0 0 1 0 0 1
+1 2
+1 2
+2 2
+1 2
+1 2 0 0 1 0 0 1
+1 2
+1 2
+1 2
+1 2
+1 2 2
+3 2
+1 2
+1 2
+6 2
+1 2
+1 4
+4 2 0 0 1 0 0 1
+1 2
+3 2 2 0 0 1 0 0 1
+1 2 2
+1 2
+3 2
+1 2
+1 2
+6 2
+1 2
+1 2
+1 2
+1 2
+1 2 0 0 1 0 0 1
jcnd=2/2 2197 
* 
+78 1 0 0 1 0 0 1
+1 1 1
+1 1 1 0 0 1
+1 1
+1 1
+2 1
+1 1
+1 1 0 0 1 0 0 1
+1 1
+1 1
+1 1
+1 1
+1 1 1
+3 1
+1 1
+1 1
+6 1
+1 1
+1 2
+4 1 0 0 1 0 0 1
+1 1
+3 1 1 0 0 1
+1 1 1 0 0 1
+1 1
+3 1
+1 1
+1 1
+6 1
+1 1
+1 1
+1 1
+1 1
+1 1 0 0 1 0 0 1
jcnd=1/1 2197 
* 
693 1 0 0 1 0 0 1
+1 1 1
+1 1 1
+1 1
+1 1
+2 1
+1 1
+1 1 0 0 1 0 0 1
+1 1
+1 1
+1 1
+1 1
+1 1 1
+4 1
+1 1
+1 1
+6 1
+1 1
+1 2
+4 1 0 0 1 0 0 1
+1 1
+3 1 1 0 0 1 0 0 1
+1 1 1
+1 1
+3 1
+1 1
+1 1
+6 1
+1 1
+1 1
+1 1
+1 1
+1 1 0 0 1 0 0 1
+7 1
+1 1
+2 1
+1 1
+2 1 1
+1 1 1
+1 1
+3 1
+1 1
+1 1
+6 1
+1 1
+1 1
+1 1
+1 1 0 0 1 0 0 1
+1 1
jcnd=1/1 2197 
* 
943 5 0 0 2 0 0 1
+1 5 5 0 0 1 0 0 1
+1 5 5 0 0 3
+1 5
+1 5
+2 5
+1 5
+1 5 0 0 2 0 0 1
+1 5
+1 5
+1 5
+1 5
+1 5 5
+4 5
+1 5
+1 5
+6 5
+1 5
+1 10
+4 5 0 0 2 0 0 1
+1 5
-1 1
+1 1
+3 6 6 0 0 1 0 0 1
+1 6 6
+1 6
+3 6
+1 6
+1 6
+6 6
+1 6
+1 6
+1 6
+1 6
+1 6 0 0 2 0 0 1
jcnd=3/6 2197 
* 
+7 3
+1 3
+2 3
+1 3
+2 3 3
+1 3 3 0 0 1 0 0 1
+1 3
+3 3
+1 3
+1 3
+6 3
+1 3
+1 3
+1 3
+1 3 0 0 2 0 0 1
+1 3
jcnd=2/3 2197 
* 
+7 1
+1 1
+1 1
jump=1 -62 
* 
+32 11 0 0 2 0 0 1
+1 11 11 0 0 2 0 0 2
+1 11 11 0 0 1
+1 11
+1 11
+2 11
+1 11
+1 11 0 0 2 0 0 1
+1 11
+1 11
+1 11
+1 11
jcnd=7/11 2199 
* 
+1 4 4
+4 4
+1 4
+1 4
+6 4
+1 4
+1 8
+4 4 0 0 2 0 0 1
+1 4
-1 1
+1 1
+3 5 5
+1 5 5 0 0 2 0 0 1
+1 5
+3 5
+1 5
+1 5
+6 5
+1 5
+1 5
+1 5
+1 5
+1 5 0 0 2 0 0 1
jcnd=3/5 2197 
* 
+7 2
+1 2
+2 2
+1 2
+2 2 2
+1 2 2
+1 2
+3 2
+1 2
+1 2
+6 2
+1 2
+1 2
+1 2
+1 2 0 0 2 0 0 1
+1 2
jcnd=1/2 2197 
* 
+7 1
+1 1
+1 1
jump=1 -62 
* 
+32 7 0 0 3 0 0 1
+1 7 7 0 0 1 0 0 1
+1 7 7 0 0 3 0 0 3
+1 7
+1 7
+2 7
+1 7
+1 7 0 0 3 0 0 1
+1 7
+1 7
+1 7
+1 7
jcnd=2/7 2199 
* 
+1 5 5
+4 5
+1 5
+1 5
+6 5
+1 5
+1 10
+4 5 0 0 3 0 0 1
+1 5
+3 5 5 0 0 2 0 0 1
+1 5 5 0 0 1 0 0 1
+1 5
+3 5
+1 5
+1 5
+6 5
+1 5
+1 5
+1 5
+1 5
+1 5 0 0 3 0 0 1
jcnd=4/5 2197 
* 
+7 1
+1 1
+2 1
+1 1
+2 1 1
+1 1 1 0 0 1 0 0 1
+1 1
+3 1
+1 1
+1 1
+6 1
+1 1
+1 1
+1 1
+1 1 0 0 1 0 0 1
+1 1
jcnd=1/1 2197 
* 
+41 32 0 0 2 0 0 1
+1 32 32 0 0 2 0 0 1
+1 32 32 0 0 2 0 0 1
+1 32
+1 32
+2 32
+1 32
+1 32 0 0 2 0 0 1
+1 32
+1 32
+1 32
+1 32
jcnd=23/32 2199 
* 
+1 9 9
+4 9
+1 9
+1 9
+6 9
+1 9
+1 18
+4 9 0 0 2 0 0 1
+1 9
jcnd=1/9 +65 
* 
-1 1
+1 1
+3 9 9 0 0 1 0 0 1
+1 9 9 0 0 1
+1 9
+3 9
+1 9
+1 9
+6 9
+1 9
+1 9
+1 9
+1 9
+1 9 0 0 2 0 0 1
jcnd=8/9 2197 
* 
+7 1
+1 1
+2 1
+1 1
+2 1 1
+1 1 1
+1 1
+3 1
+1 1
+1 1
+6 1
+1 1
+1 1
+1 1
+1 1 0 0 1
+1 1
+7 1
+1 1
+1 1
jump=1 -62 
* 
+4 1 0 0 1 0 0 1
+1 1
+1 1
+1 1
jcnd=1/1 +13 
* 
+13 1 1
+1 1
+1 1
+1 1
jump=1 2190 
* 
+9 8 0 0 2 0 0 1
+1 8 8 0 0 2 0 0 1
+1 8 8 0 0 3 0 0 2
+1 8
+1 8
+2 8
+1 8
+1 8 0 0 2 0 0 1
+1 8
+1 8
+1 8
+1 8
+1 8 8
+4 8
+1 8
+1 8
+6 8
+1 8
+1 16
+4 8 0 0 2 0 0 1
+1 8
-1 1
+1 1
+3 9 9 0 0 5 0 0 4
+1 9 9 0 0 1
+1 9
+3 9
+1 9
+1 9
+6 9
+1 9
+1 9
+1 9
+1 9
+1 9 0 0 2 0 0 1
jcnd=7/9 2197 
* 
+7 2
+1 2
+2 2
+1 2
+2 2 2
+1 2 2
+1 2
+3 2
+1 2
+1 2
+6 2
+1 2
+1 2
+1 2
+1 2 0 0 1 0 0 1
+1 2
jcnd=1/2 2197 
* 
+7 1
+1 1
+1 1
jump=1 -62 
* 
+32 23 0 0 5 0 0 1
+1 23 23 0 0 2 0 0 1
+1 23 23 0 0 1 0 0 1
+1 23
+1 23
+2 23
+1 23
+1 23 0 0 4 0 0 1
+1 23
+1 23
+1 23
+1 23
jcnd=15/23 2199 
* 
+1 8 8
+4 8
+1 8
+1 8
+6 8
+1 8
+1 16
+4 8 0 0 1 0 0 1
+1 8
+3 8 8
+1 8 8
+1 8
+3 8
+1 8
+1 8
+6 8
+1 8
+1 8
+1 8
+1 8
+1 8 0 0 2 0 0 1
jcnd=6/8 2197 
* 
+7 2
+1 2
+2 2
+1 2
+2 2 2 0 0 1
+1 2 2 0 0 1
+1 2
+3 2
+1 2
+1 2
+6 2
+1 2
+1 2
+1 2
+1 2 0 0 2 0 0 1
+1 2
jcnd=2/2 2197 
* 
+41 20 0 0 3 0 0 1
+1 20 20 0 0 4 0 0 2
+1 20 20 0 0 6 0 0 3
+1 20
+1 20
+2 20
+1 20
+1 20 0 0 3 0 0 1
+1 20
+1 20
+1 20
+1 20
jcnd=9/20 2199 
* 
+1 11 11
+4 11
+1 11
+1 11
+6 11
+1 11
+1 22
+4 11 0 0 3 0 0 1
+1 11
-1 1
+1 1
+3 12 12 0 0 3 0 0 2
+1 12 12 0 0 3 0 0 2
+1 12
+3 12
+1 12
+1 12
+6 12
+1 12
+1 12
+1 12
+1 12
+1 12 0 0 4 0 0 1
jcnd=8/12 2197 
* 
+7 4
+1 4
+2 4
+1 4
+2 4 4 0 0 1 0 0 1
+1 4 4 0 0 1
+1 4
+3 4
+1 4
+1 4
+6 4
+1 4
+1 4
+1 4
+1 4 0 0 3 0 0 1
+1 4
jcnd=3/4 2197 
* 
+7 1
+1 1
+1 1
jump=1 -62 
* 
+32 25 0 0 3 0 0 1
+1 25 25 0 0 5 0 0 3
+1 25 25 0 0 4 0 0 1
+1 25
+1 25
+2 25
+1 25
+1 25 0 0 4 0 0 1
+1 25
+1 25
+1 25
+1 25
jcnd=12/25 2199 
* 
+1 13 13
+4 13
+1 13
+1 13
+6 13
+1 13
+1 26
+4 13 0 0 3 0 0 1
+1 13
jcnd=1/13 +65 
* 
-1 2
+1 2
+3 15 15 0 0 2
+1 15 15 0 0 2 0 0 1
+1 15
+3 15
+1 15
+1 15
+6 15
+1 15
+1 15
+1 15
+1 15
+1 15 0 0 3 0 0 1
jcnd=10/15 2197 
* 
+7 5
+1 5
+2 5
+1 5
+2 5 5 0 0 1
+1 5 5
+1 5
+3 5
+1 5
+1 5
+6 5
+1 5
+1 5
+1 5
+1 5 0 0 2 0 0 1
+1 5
jcnd=3/5 2197 
* 
+7 2
+1 2
+1 2
jump=2 -62 
* 
+4 1
+1 1
+1 1
+1 1
+7 1
+1 1
+1 1
jump=1 -74 
* 
+16 14 0 0 3 0 0 1
+1 14 14 0 0 5 0 0 1
+1 14 14 0 0 8 0 0 3
+1 14
+1 14
+2 14
+1 14
+1 14 0 0 4 0 0 1
+1 14
+1 14
+1 14
+1 14
jcnd=6/14 2199 
* 
+1 8 8
+4 8
+1 8
+1 8
+6 8
+1 8
+1 16
+4 8 0 0 4 0 0 1
+1 8
-1 5
+1 5
+3 13 13 0 0 2 0 0 2
+1 13 13 0 0 3 0 0 2
+1 13
+3 13
+1 13
+1 13
+6 13
+1 13
+1 13
+1 13
+1 13
+1 13 0 0 3 0 0 1
jcnd=7/13 2197 
* 
+7 6
+1 6
+2 6
+1 6
+2 6 6
+1 6 6 0 0 1
+1 6
+3 6
+1 6
+1 6
+6 6
+1 6
+1 6
+1 6
+1 6 0 0 2 0 0 1
+1 6
jcnd=1/6 2197 
* 
+7 5
+1 5
+1 5
jump=5 -62 
* 
+32 61 0 0 3 0 0 1
+1 61 61 0 0 4 0 0 2
+1 61 61 0 0 12 0 0 6
+1 61
+1 61
+2 61
+1 61
+1 61 0 0 5 0 0 1
+1 61
+1 61
+1 61
+1 61
jcnd=39/61 2199 
* 
+2 22 22
+4 22
+1 22
+1 22
+6 22
+1 22
+2 44
+4 22 0 0 4 0 0 1
+1 22
jcnd=1/22 +65 
* 
-1 1
+1 1
+3 23 23 0 0 10 0 0 7
+1 23 23 0 0 3 0 0 2
+1 23
+3 23
+1 23
+1 23
+6 23
+1 23
+1 23
+1 23
+1 23
+1 23 0 0 4 0 0 1
jcnd=20/23 +74 
* 
+7 3
+1 3
+2 3
+1 3
+2 3 3 0 0 1
+1 3 3 0 0 1
+1 3
+3 3
+1 3
+1 3
+6 3
+1 3
+1 3
+1 3
+1 3 0 0 2 0 0 1
+1 3
jcnd=2/3 +43 
* 
+7 1
+1 1
+1 1
jump=1 -62 
* 
+4 1
+1 1
+1 1
+1 1
+7 1
+1 1
+1 1
jump=1 -74 
* 
+11 1
+1 1
+1 1
+1 2
+4 1
+2 1
+1 1
+1 1
+1 1
jcnd=1/1 +6 
* 
-5 199 0 0 2
+2 199
+1 199
+1 199
+1 199
jcnd=142/199 +6 
* 
-3 120 0 0 1 0 0 1
+1 120
+1 120
+1 120
jcnd=69/120 +6 
* 
+1 216
+5 108 0 0 1
+6 108 108
+1 108 108
+8 108
+1 108 108
-16 2647 0 0 2 0 0 1
+6 2647 2647
+1 2647 2647
+8 2647
+1 2647 2647

fl=(79)
fn=(282) do_lookup_x
363 18080 0 13560 4 0 16 2 0 3
+1 2260 2260 0 0 12
-1 11300 4520 6780 0 0 16 0 0 2
+48 2260
-30 4520 0 2260
-11 2260 2260
+41 2260
-30 6780 2260 2260 2 0 18 1 0 3
+30 2260 0 2260
fi=(80) ./elf/../sysdeps/generic/dl-protected.h
44 6780
fe=(79)
381 2260 0 2260
fi=(80)
44 9040 0 4520
jfi=(79)
jump=2260 374 
* 
fe=(79)
395 21762 7254 0 2 35 0 1
+4 7254 0 7254
+4 7254 7254 0 0 63
-3 7254 0 7254
+3 29016 14508 0 0 67
jcnd=7254/7254 +1 
* 
+1 21762 14508 7254 4 31 0 1
+3 7254 7254
+1 14508
+7 7254 7254
-3 14508 14508
-2 7254 7254 0 0 981 0 0 115
+5 29016 7254
+3 50778
jcnd=2314/7254 +4 
* 
570 15027
jcnd=15/5009 +3 
* 
374 14508 14508 0 2 82 0 1
+3 14508
+4 14508
jcnd=7254/7254 +4 
* 
+4 14508 7254 0 0 60
+4 14508 7254 0 2 7 0 1
jcnd=7254/7254 +6 
* 
+88 4490 2245 0 2 0 0 1
fi=(4)
137 4490 2245 0 2 0 0 1
+1 6735
fe=(79)
528 4490
fi=(80)
29 4490
fe=(79)
535 8980 2245
jcnd=1511/2245 +4 
* 
* 1468
jcnd=122/734 222 
* 
* 1224
+16 4246 2123 2123
+1 2123 0 2123
+1 4246
jump=2123 +21 
* 
* 244
jump=122 +21 
* 
422 9256 0 0 1 0 0 1
-1 4628 4628 0 0 1192 0 0 203
+2 4628
jcnd=7/2314 570 
* 
+2 27684 6921 11535 1 0 0 1
jump=2307 +3 
* 
+13 10380
jcnd=63/3460 171 
* 
-10 28520 5704 0 2 1771 0 1 484
jcnd=3449/5704 +10 
* 
+3 2255
-1 4510 2255
+1 2255 2255 2255
-1 2255
+2 4510
-1 27060 9020 11275 2 0 19 1 0 3
cfn=(284) check_match
calls=2255 70 
* 187743 57622 13638 137 817 25 33 337 3
+4 6765
jcnd=2244/2255 +17 
* 
+3 22 11
jump=11 * 
* 
573 15
+1 18080 15820 0 1 0 0 1
-35 4533 1511 0 3 6 0 1
jcnd=1511/1511 +12 
* 
222 366 122 0 1 0 0 1
+2 610 122 122
-2 122 0 122
+2 366 0 122
+2 122
-2 366 122 244 1 2 0 1
cfi=(24)
cfn=(84)
calls=122 42 
* 366 122
+2 122 122 0 0 2 0 0 1
+1 122 122
+1 244 122
-2 122 0 122
+2 122
jcnd=1/122 +77 
* 
+2 242
+1 121
-1 605 121 363 1 0 0 1
+1 121
-1 121
+1 242
-1 605 0 121
+1 242
-1 847 121 0 1 0 0 1
jump=121 +4 
* 
* 264 66
jump=66 +4 
* 
+24 426
jcnd=81/213 +8 
* 
+3 132
+1 396
jcnd=66/132 +1 
* 
-24 253 253 0 0 67 0 0 25
+1 253 253
-1 506
jcnd=213/253 +20 
* 
+1 80 40 40
cfi=(32)
cfn=(90)
calls=40 108 
* 2781 488 0 1 0 0 1
* 80
+2 200 120 0 1 0 0 1
+10 40 40
+1 80 80
+2 160 80 120
cfi=(24)
cfn=(84)
calls=40 42 
* 120 40
+1 40
jump=40 553 
* 
469 126 63 0 2 0 0 1
jcnd=62/63 570 
* 
* 1 1
+2 2
jcnd=1/1 +6 
* 
262 1134 405
jcnd=2/81 +7 
* 
+62 492 164 0 1 0 0 1
-1 574 246
jcnd=82/82 176 
* 
+19 410 82 82 1 0 0 1
+5 164 164 82 0 1
cfi=(24)
cfn=(84)
calls=82 42 
* 246 82
+2 328 164 82
jump=82 553 
* 
176 190
jump=38 -4 
* 
* 328 0 0 1 0 0 1
jump=82 -4 
* 
-2 84
+1 252
jcnd=38/84 +1 
* 
-3 332 166 0 1 1 0 1 1
jcnd=84/166 +2 
* 
+7 82 0 82
+3 82 0 82 0 0 20 0 0 11
-2 82 0 82
331 328 82
jcnd=82/82 +11 
* 
-72 132 0 0 1 0 0 1
jump=66 -29 
* 
+46 3 0 1 1 0 0 1
fi=(28)
44 3 1 1 1 1 0 1
cfi=(27)
cfn=(72)
calls=1 +34 
* 36 6 5 0 1 1
* 1 0 1
fe=(79)
315 2
+3 1 0 1
-5 1 1
170 1
313 1
+7 1 1
-1 1 0 1 1 0 0 1
+1 1 0 1
170 6
+1 1
-1 6
+1 14
jump=1 324 
* 
* 441 315 0 2 0 0 2
jump=63 469 
* 
+98 6 0 4 1 0 0 1
cfi=(54)
cfn=(482) _dl_higher_prime_number
calls=2 87 
* 159 14 0 2 4 0 2 2
fi=(28)
44 2
fe=(79)
269 2
fi=(28)
44 4 2 2
cfi=(27)
cfn=(72)
calls=2 +34 
* 72 12 10 0 1 1
* 2
fe=(79)
272 4
171 4 2
279 2 2 0 1 0 0 1
171 8 2 2
279 8
jcnd=2/2 +1 
* 
* 276
jcnd=2/92 +6 
* 
+1 276 92 0 0 4 0 0 1
jcnd=22/92 -1 
* 
+1 140 70
170 70
281 140 140 0 1 7 0 1
170 70
281 70
170 70
+1 70
-1 70
+1 210
+1 420
jump=70 * 
* 
* 20
jump=5 * 
* 
+2 14
+1 42
jcnd=5/14 +1 
* 
-3 168 84 0 1 46 0 1 46
jcnd=14/84 +2 
* 
+7 70 0 70
+3 70 0 70 0 0 24 0 0 24
-2 70 0 70
+3 70
jump=70 +96 
* 
-7 10
jump=5 -4 
* 
285 6 4 2
-16 2
+16 10 2 2
cfi=(27)
cfn=(144)
calls=2 95 
* 10 4 0 1
+4 2 2 0 1 0 0 1
170 2
286 2 0 2
+2 2 0 2
+1 4 2 2
170 4
+1 4 0 2
-1 2
+1 8 2
jump=2 324 
* 
452 17952 11220 0 2 0 0 1
jump=2244 +25 
* 

fn=(280)
840 22600 0 13560 3 0 14 1 0 2
+10 2260 2260
-10 4520 0 4520 0 0 15 0 0 2
+10 2260
-10 2260 0 2260 3 0 0 1
+10 2260 0 2260 0 0 11 0 0 2
204 2260 2260
840 2260 0 2260
204 11300 2260 4520 0 0 3
581 9040 2260 0 0 1012 0 0 786
-1 4520
+2 2260 0 0 1 0 0 1
-1 2260
+1 6780
-1 6780 2260 0 0 24 0 0 21
jcnd=2260/2260 +1 
* 
+1 93979
-1 93979
+1 281937
-1 281937 93979 0 0 1016 0 0 893
jcnd=91719/93979 +1 
* 
+2 2260
846 2260 0 2260 0 0 10
-4 2260
+1 2260
+7 2260 2260
-8 2260 0 2260
+1 2260 0 2260
+7 2260
jcnd=18/2260 +3 
* 
* 6726 2242 0 2 0 0 1
+3 2260 2260
+2 4520 4520 0 0 5
-2 2260
+6 4520
-7 13560 2260 2260 2 0 0 1
jump=2260 +8 
* 
+7 75 15
jcnd=15/15 +29 
* 
+1 31640 13560 15820 3 0 14 1 0 3
cfn=(282)
calls=2260 363 
* 813421 258124 100730 195 5261 140 73 1215 49
* 6780
jcnd=15/2260 -1 
* 
+28 2260 2260
-23 2260 2260
+23 2260
-23 4520
jcnd=15/2260 +2 
* 
+24 4490
jcnd=4/2245 +7 
* 
* 8964 2241
+7 2245 2245 0 3 0 0 1
-7 2245
+40 8980 2245
+79 4490 2245
-65 6735 2245 0 0 28
jcnd=1/2245 +1 
* 
+3 6735 2245
-62 2260 0 2260 3 0 0 1
+69 20340 15820
-86 90 15 0 1 0 0 1
jcnd=15/15 +18 
* 
+18 45 0 0 1 0 0 1
jump=15 -1 
* 
+59 2 0 1 1 0 0 1
jump=1 +2 
* 

fn=(284)
70 2255 0 2255 3 0 0 1
+3 2255 2255 0 0 111 0 0 61
-3 27060 4510 9020 0 0 3 0 0 1
+3 4510 2255 0 0 236 0 0 173
jcnd=5/2255 * 
* 
* 4500
+13 2250
-13 2250 0 0 2 0 0 1
+13 2250
-13 2250
+13 6750
+3 4500
jcnd=2131/2250 +4 
* 
* 476 238 119 0 0 17 0 0 2
cfi=(32)
cfn=(90)
calls=119 +19 
* 7532 1145 0 108 160 0 27 73
* 238
+4 2250 2250 0 0 17
+1 4500
jcnd=3/2250 +50 
* 
+2 4494 0 0 2 0 0 1
+19 4494 4494 0 0 97 0 0 25
+1 17976 6741 0 0 44
jcnd=2242/2247 +1 
* 
+2 10 5
jcnd=5/5 +37 
* 
-40 2244 0 0 2 0 0 1
+84 13464 13464
-18 6
+2 6 6 0 0 3 0 0 1
+1 3
-1 6
+1 9
-1 6
jcnd=2/3 -68 
* 
+4 2
+1 7 3 1
+2 3 1 1
+2 1
+7 6 6
-7 5
+7 60 60
-45 6726 4484 2242 2 16 5 1
cfi=(32)
cfn=(90)
calls=2242 -9 
* 57875 15705 0 16 133 0 0 4
* 4484 0 0 2 0 0 1
jcnd=2242/2242 -39 
* 
-44 20
+82 10
jump=5 +7 
* 

fl=(159)
fn=(526)
67 158 0 0 1 0 0 1
+5 158 0 158
+3 158
+2 158
+10 158 158 0 0 7
+6 158 0 158 0 0 12 0 0 3
+1 158 0 158
+1 158 0 158 1 0 0 1
+1 158 0 158
+1 158 0 158
+1 158 0 158
+1 158 0 158
+4 158
+1 158
+3 158 0 158 0 0 10 0 0 2
+1 158 0 158
+2 158 0 158
+1 158 0 158
+1 158 0 158 1 0 0 1
+1 158 0 158
+1 158 0 158
+1 158 0 158
+2 158 0 5372 0 0 79 0 0 18
+7 158 158
+1 158 158
+1 158 0 158 0 0 10 0 0 2
cfi=(160)
cfn=(528)
calls=158 -80 
* 142934 36220 12976 177 1998 143 18 350 20
+1 158
+5 158
+1 158
+1 158 5688
+2 158 158 0 1 0 0 1
+1 158 158
+1 158 158
+1 158 158
+1 158 158
+1 158 158
+1 158 158
+2 158
+2 158 158
+4 158
+2 158

fl=(60)
fn=(194)
47 52 0 0 1 0 0 1
+3 52
+8 104
+2 26 26

fl=(279) ./elf/../sysdeps/x86_64/tls_get_addr.S
fn=(2246) __tls_get_addr
29 2 0 0 1 0 0 1
+1 2 2
+1 2 2 0 0 1
+2 2 2 0 0 1
+1 2
+1 2 2 0 0 1
+3 2
+1 2 2
+4 2
+1 2
+1 2 2
+1 2 2

fl=(29)
fn=(128)
199 285 0 0 1
+1 285
+1 285
+1 285
jump=285 +17 
* 
+17 285
+1 285
jcnd=156/285 360 
* 
+2 129 129 0 0 25
+1 129
+1 129
jcnd=3/129 444 
* 
+2 126 126
+1 126 0 126 0 0 108 0 0 16
+1 126 0 126
+2 126 126
360 156 0 0 2
+1 156
jcnd=24/156 +55 
* 
+2 132
+4 132
jcnd=5/132 +16 
* 
+1 127
+1 127
jcnd=125/127 +8 
* 
+1 2 2 0 0 1 0 0 1
+1 2
+1 2 2
+1 2 0 2 0 0 1 0 0 1
+2 2 0 2
+2 127 127
+6 5 5
+1 5 5
+1 5 0 5
+1 5 0 5
+1 5 5
+29 24 24 0 1 0 0 1
+1 24 24
+1 24 0 24 0 0 2 0 0 2
+1 24 0 24
+1 24 24
+7 3 3
+1 3 3
+1 3 0 3
+1 3 0 3 0 0 1 0 0 1
+1 3 0 3 0 0 1 0 0 1
+1 3 0 3
+1 3 3
+11 3
+1 3
+2 3 3
+1 3
+1 3
jcnd=3/3 -22 
* 

fn=(80)
212 31 0 0 2 0 0 1
+1 31
+6 31
+1 31
jcnd=9/31 360 
* 
+2 22 22
+1 22 0 0 1
+1 22
jcnd=12/22 444 
* 
+2 10 10
+1 10 0 10 0 0 3 0 0 3
+1 10 0 10
+2 10 10
360 9 0 0 1 0 0 1
+1 9
jcnd=8/9 +55 
* 
+2 1
+4 1
+1 1
+1 1
+1 1 1 0 0 1 0 0 1
+1 1
jcnd=1/1 +4 
* 
+4 1 0 1 0 0 1 0 0 1
+2 1 1
+39 8 8
+1 8 8
+1 8 0 8 0 0 5 0 0 5
+1 8 0 8 0 0 1 0 0 1
+1 8 8
+7 12 12 0 1
+1 12 12
+1 12 0 12 0 0 4 0 0 4
+1 12 0 12 0 0 2 0 0 2
+1 12 0 12 0 0 2 0 0 2
+1 12 0 12
+1 12 12
+11 12 0 0 2 0 0 1
+1 12
+2 12 12
+1 12
+1 12
jcnd=12/12 -22 
* 

fl=(53)
fn=(168)
30 13 0 0 1 0 0 1
+2 13 0 13 0 0 1 0 0 1
+9 13
+1 26 13 0 1 0 0 1
+1 13 0 13
+4 13 0 13
+1 13 0 13
+1 13 0 13
+1 13 0 13
+1 13
+2 26 13
+2 13 0 13
+1 13 13
+1 13
+2 26 13
+2 13 0 13 1 0 0 1
+8 13
+3 13
+1 13 0 13 0 0 1 0 0 1
+7 13
+1 13 13

fl=(14)
fn=(28)
35 1 0 0 1 0 0 1
+1 3 0 1 0 0 1 0 0 1
+1 2
+6 1
+1 1 1

fl=(59)
fn=(192)
153 32 0 0 1 0 0 1
-55 32
+70 32
jcnd=9/16 -1 
* 
* 7
+1 7 7
-2 18 0 9
+1 18 9

fl=(78)
fn=(272)
194 14 0 7 1 0 0 1
+14 7
-14 63 0 35
+16 7 0 0 1 0 0 1
-16 14 0 14 0 0 1
+14 7 0 7
+2 14
+3 7 7 0 0 3
-1 7 7
+1 14
jcnd=7/7 +19 
* 
+19 14 7 0 1 0 0 1
+6 35 14
jcnd=7/7 +1 
* 
-34 14
+38 14
+7 28 7 7 1 1 0 1
fi=(6)
71 14 7
jfi=(78)
jcnd=1/7 288 
* 
* 12
jfi=(78)
jcnd=1/6 288 
* 
+6 20 15 0 0 3
jcnd=5/5 +4 
* 
+4 15 5 0 0 5 0 0 5
+14 5 5 0 1 0 0 1
-8 5 0 5
+8 10
+20 10 5 0 0 1
+4 25 5 0 0 3
-2 10 0 5
fe=(78)
288 189 63 42 2 27 1 2
jcnd=1/7 * 
* 
* 78 30 0 1 0 0 1
jcnd=6/6 * 
* 
* 12 0 0 1 0 0 1
jcnd=5/6 * 
* 
* 2
jcnd=1/1 * 
* 
* 15 0 10
-83 5
fi=(6)
474 20 0 5
fe=(78)
205 10 0 10
+83 10 10 0 1 0 0 1
fi=(5)
49 5 5
fe=(78)
288 5 5
fi=(5)
60 5 5
-11 10 0 5
+11 10
jcnd=5/5 +26 
* 
fe=(78)
288 2
-83 2
fi=(6)
474 8 0 2
fe=(78)
205 4 0 4
+83 4 4
fi=(5)
49 2 2
fe=(78)
288 2 2
fi=(5)
60 2 2
-11 4 0 2
+11 4
jcnd=2/2 +26 
* 
fe=(78)
288 14 14 0 0 2
fi=(5)
49 7 7
fe=(78)
288 7 7
fi=(5)
60 7 7
-11 14 0 7
+11 14
jcnd=2/7 +26 
* 
-7 5
-1 5
+11 40 5 0 1 0 0 1
jump=5 +2 
* 
fi=(6)
545 2382 1191
+4 2382
+3 3573 1191
+1 1191 0 1191 0 0 153 0 0 151
fi=(5)
63 3573
jcnd=3/1191 +13 
* 
+2 4992 1248 0 1 467 0 1 467
jfi=(6)
jcnd=1191/1248 545 
* 
+2 171
-4 171
jcnd=55/57 +2 
* 
+13 30
jfi=(78)
jcnd=3/5 288 
* 
+1 16 2
+1 114 57
fi=(6)
545 57 57
+34 114 114
+2 57 0 57
cob=(4)
cfi=(134) ./math/../sysdeps/x86_64/fpu/multiarch/s_sin.c
cfn=(476) sin
calls=1 27 
* 9 4 0 1 0 0 1
cob=(4)
cfi=(146) ./math/../sysdeps/x86_64/fpu/multiarch/e_atan2.c
cfn=(472) __atan2_finite@GLIBC_2.15
calls=1 26 
* 9 4 0 2 0 0 2
cob=(4)
cfi=(145) ./math/../sysdeps/x86_64/fpu/multiarch/e_exp2f.c
cfn=(468) exp2f@@GLIBC_2.27
calls=1 27 
* 9 4 0 2 0 0 2
cob=(4)
cfi=(142) ./math/../sysdeps/x86_64/fpu/multiarch/e_asin.c
cfn=(464) __asin_finite@GLIBC_2.15
calls=1 27 
* 8 4 0 1 0 0 1
cob=(4)
cfi=(144) ./math/../sysdeps/x86_64/fpu/multiarch/s_fma.c
cfn=(462) fma
calls=1 49 
* 6 3 0 1 0 0 1
cob=(4)
cfi=(143) ./math/../sysdeps/x86_64/fpu/multiarch/s_sinf.c
cfn=(458) sinf
calls=1 26 
* 9 4 0 1 0 0 1
cob=(4)
cfi=(142)
cfn=(454) __acos_finite@GLIBC_2.15
calls=1 35 
* 8 4 0 2 0 0 2
cob=(4)
cfi=(141) ./math/../sysdeps/x86_64/fpu/multiarch/e_log.c
cfn=(450) __log_finite@GLIBC_2.15
calls=1 27 
* 9 4 0 2 0 0 2
cob=(4)
cfi=(140) ./math/../sysdeps/x86_64/fpu/multiarch/e_log2f.c
cfn=(446) log2f@@GLIBC_2.27
calls=1 27 
* 9 4 0 2 0 0 2
cob=(4)
cfi=(138) ./math/../sysdeps/x86_64/fpu/multiarch/e_pow.c
cfn=(442) __pow_finite@GLIBC_2.15
calls=1 27 
* 8 4 0 1 0 0 1
cob=(4)
cfi=(137) ./math/../sysdeps/x86_64/fpu/multiarch/e_powf.c
cfn=(438) powf@@GLIBC_2.27
calls=1 30 
* 9 4 0 1 0 0 1
cob=(4)
cfi=(136) ./math/../sysdeps/x86_64/fpu/multiarch/s_sincosf.c
cfn=(434) sincosf
calls=1 26 
* 9 4 0 2 0 0 2
cob=(4)
cfi=(135) ./math/../sysdeps/x86_64/fpu/multiarch/e_logf.c
cfn=(430) logf@@GLIBC_2.27
calls=1 27 
* 9 4 0 1 0 0 1
cob=(4)
cfi=(134)
cfn=(426) cos
calls=1 34 
* 9 4 0 2 0 0 2
cob=(4)
cfi=(133) ./math/../sysdeps/x86_64/fpu/multiarch/e_expf.c
cfn=(422) expf@@GLIBC_2.27
calls=1 27 
* 9 4 0 2 0 0 2
cob=(4)
cfi=(131) ./math/../sysdeps/x86_64/fpu/multiarch/e_exp.c
cfn=(418) __exp_finite@GLIBC_2.15
calls=1 27 
* 9 4 0 2 0 0 2
cob=(4)
cfi=(129) ./math/../sysdeps/x86_64/fpu/multiarch/s_cosf.c
cfn=(414) cosf
calls=1 26 
* 9 4 0 2 0 0 2
cob=(3)
cfi=(128)
cfn=(408)
calls=1 31 
* 23 4 0 2 0 0 2
cob=(3)
cfi=(127)
cfn=(406)
calls=1 31 
* 7 3 0 1 0 0 1
cob=(3)
cfi=(126)
cfn=(402)
calls=1 33 
* 22 4 0 3 0 0 3
cob=(3)
cfi=(125)
cfn=(400)
calls=1 29 
* 7 3 0 1 0 0 1
cob=(3)
cfi=(123)
cfn=(396)
calls=1 29 
* 23 4 0 3 0 0 3
cob=(3)
cfi=(122)
cfn=(392)
calls=1 33 
* 17 4 0 2 0 0 2
cob=(3)
cfi=(120)
cfn=(388)
calls=1 29 
* 22 5 0 3 0 0 3
cob=(3)
cfi=(119)
cfn=(384)
calls=1 29 
* 17 4 0 2 0 0 2
cob=(3)
cfi=(118)
cfn=(380)
calls=1 29 
* 21 4 0 2 0 0 2
cob=(3)
cfi=(117)
cfn=(378)
calls=1 31 
* 7 3 0 1 0 0 1
cob=(3)
cfi=(116)
cfn=(374)
calls=1 29 
* 17 4 0 2 0 0 2
cob=(3)
cfi=(115)
cfn=(370)
calls=1 31 
* 21 4 0 2 0 0 2
cob=(3)
cfi=(114)
cfn=(366)
calls=1 29 
* 21 4 0 3 0 0 3
cob=(3)
cfi=(112)
cfn=(362)
calls=2 31 
* 38 8 0 2 0 0 2
cob=(3)
cfi=(110)
cfn=(358)
calls=1 29 
* 22 5 0 3 0 0 3
cob=(3)
cfi=(109)
cfn=(356)
calls=1 31 
* 7 3 0 2 0 0 2
cob=(3)
cfi=(108)
cfn=(352)
calls=1 29 
* 17 4 0 2 0 0 2
cob=(3)
cfi=(107)
cfn=(350)
calls=1 43 
* 7 3 0 1 0 0 1
cob=(3)
cfi=(106)
cfn=(348)
calls=1 29 
* 7 3 0 2 0 0 2
cob=(3)
cfi=(105)
cfn=(346)
calls=1 31 
* 7 3 0 1 0 0 1
cob=(3)
cfi=(104)
cfn=(344)
calls=1 66 
* 17 4 0 3 0 0 3
cob=(3)
cfi=(102)
cfn=(340)
calls=2 31 
* 46 8 0 3 0 0 3
cob=(3)
cfi=(100)
cfn=(336)
calls=1 31 
* 17 4 0 3 0 0 3
cob=(3)
cfi=(99)
cfn=(332)
calls=1 30 
* 21 4 0 2 0 0 2
cob=(3)
cfi=(98)
cfn=(328)
calls=2 29 
* 44 8 0 4 0 0 4
cob=(3)
cfi=(97)
cfn=(324)
calls=1 28 
* 21 4 0 2 0 0 2
cob=(3)
cfi=(96)
cfn=(322)
calls=1 61 
* 19 4 0 2 0 0 2
cob=(3)
cfi=(94)
cfn=(318)
calls=2 31 
* 42 8 0 3 0 0 3
cob=(3)
cfi=(92)
cfn=(314)
calls=1 29 
* 22 4 0 3 0 0 3
cob=(3)
cfi=(91)
cfn=(310)
calls=1 29 
* 19 4 0 2 0 0 2
cob=(3)
cfi=(89)
cfn=(306)
calls=1 29 
* 24 4 0 2 0 0 2
cob=(3)
cfi=(87)
cfn=(302)
calls=1 29 
* 19 4 0 2 0 0 2
cob=(3)
cfi=(86)
cfn=(300)
calls=1 65 
* 17 4 0 3 0 0 3
cob=(3)
cfi=(85)
cfn=(298)
calls=1 29 
* 7 3 0 2 1 0 2
cob=(3)
cfi=(83)
cfn=(294)
calls=2 31 
* 42 8 0 3 1 0 3
-36 57
+37 57 0 57 0 0 1 0 0 1
fi=(5)
77 171
jcnd=55/57 +1 
* 
* 2
fe=(78)
288 56 28 14 2 0 1 2
jfi=(5)
jcnd=7/12 50 
* 
+3 42 14
+24 7 0 7 0 0 1
+3 14 7
+17 21 7 0 0 5
jcnd=7/7 +8 
* 
+2 56 49 0 0 2
-98 14 7 0 1 6 0 1
jcnd=7/7 -35 
* 
fi=(5)
86 18 18 0 1 0 0 1
+2 18
+12 9
-14 36 9 9 0 1
+14 18 0 0 1 0 0 1
jcnd=2/9 +20 
* 
+10 14
+3 14
jcnd=1/7 +7 
* 
* 6
+1 6 6 0 0 5 0 0 2
fi=(6)
529 6 6
fi=(5)
114 6
fi=(6)
529 12
fi=(5)
114 2130 2130 0 0 266 0 0 266
fi=(6)
529 2130 2130 0 0 267 0 0 267
fi=(5)
114 2130
fi=(6)
529 4260
+5 4272
+1 2136 2136 0 0 267 0 0 267
fi=(5)
113 2136
fi=(6)
535 2136
-5 2136 0 2136 1 0 483 1 0 474
fi=(5)
113 4272
jcnd=2130/2136 +1 
* 
+7 36 9 9 0 7 1
jcnd=2/9 -67 
* 
+4 28 14 7 0 4
+2 14 7 0 1 0 0 1
jfi=(78)
jcnd=1/7 288 
* 
-73 6 0 6 0 0 2
fi=(6)
484 6
fi=(5)
52 6 0 6
fi=(6)
484 12 0 6
fi=(5)
128 12 12 0 0 2 0 0 1
+1 6 6
+1 6 6 0 1 0 0 1
-2 6
+2 6 6
+3 6
-5 6
+2 6 0 6
-2 6 6 0 0 6 0 0 4
+1 12
+2 6
-2 6 0 6
+2 18 6 0 0 2
+2 12 0 0 1 0 0 1
-5 6822 6822 0 0 854 0 0 852
+1 3411 3411
+1 3411 3411
-2 3411
+2 3411 3411
+3 3411
-5 3411
+2 3411 0 3411
-2 3411 3411 0 0 1175 0 0 240
+1 6822
+2 3411
-2 3411 0 3411
+2 10233 3411
+2 6822
jcnd=2/3411 +2 
* 
+9 3415 0 3415
fi=(6)
262 6830
+21 6830
+4 6830
+7 13660 3415 0 0 1701 0 0 1329
jfi=(5)
jcnd=17/3415 145 
* 
fi=(4)
138 10194 3398
fi=(6)
294 47572 3398 0 1 6 0 1 1
jfi=(78)
jcnd=1627/3398 +14 
* 
* 3542
jcnd=1763/1771 * 
* 
* 29304 10468 4184 2 72 0 2 2
jcnd=2092/2092 * 
* 
* 18828 2092 8368 0 0 1
cfi=(79)
cfn=(280)
calls=2092 840 
* 1683936 391607 145175 77 5869 65 75 2629 40
* 18828 8368 2092 1 0 2 1
+2 6276
jcnd=2080/2092 * 
* 
* 3918
jcnd=1306/1306 * 
* 
+30 20490 3415 0 0 7 0 0 2
jump=2 +42 
* 
jump=3 +34 
* 
jump=18 +96 
* 
jump=3392 450 
* 
450 10176 6784 3392 1 424 1164 1 423 431
fi=(5)
145 10176 3392
jcnd=4/3392 +1 
* 
* 46
-19 10251 3417
jcnd=3411/3417 +2 
* 
+32 30 12 0 1 0 0 1
jfi=(78)
jcnd=4/6 288 
* 
+1 6 2
fi=(6)
294 2 0 2
+22 2
-22 4
jfi=(5)
jump=2 160 
* 
fi=(5)
160 6 2 0 1 0 0 1
+3 2 2
+4 2 2
-4 2
+4 4 2 2
-2 2 2
-2 2 2
+2 2
+1 2 2
-1 4 0 2
fi=(6)
294 8 2 0 1 2 0 1
jcnd=2/2 +2 
* 
508 2 2 0 1 0 0 1
-1 4 4
+1 4
+1 2 0 2
cfi=(15)
cfn=(506)
calls=1 71 
* 6 2 0 1 1
cob=(3)
cfi=(81)
cfn=(290)
calls=1 86 
* 28 9 8 3 3 3 3 0 3
+1 2 2
fi=(5)
159 2
fi=(6)
510 2 0 2 0 0 1
fi=(5)
159 8 0 0 1 0 0 1
jfi=(78)
jump=2 288 
* 
-13 12 4 0 1 0 0 1
jcnd=4/4 -20 
* 
fi=(6)
360 6 0 0 1 0 0 1
+1 9 6 3 0 2 1 0 0 1
fi=(5)
145 6 3
jump=3 * 
* 
fi=(6)
422 54 18 0 1 0 0 1
+4 72 18 0 0 1
+5 18 18
+9 18 18
-9 36 18 0 0 2 0 0 2
+9 18 0 18 0 0 6 0 0 6
fi=(5)
145 36 18 0 1 0 0 1
jump=18 * 
* 
fi=(6)
368 6 2
+11 2 2
-9 4 4 0 0 1 0 0 1
+9 2 0 2 0 0 1
fi=(5)
145 4 2
jump=2 * 
* 
* 34 0 0 1 0 0 1
fi=(6)
296 3454 3420 0 1 0 0 1
+3 3403
-3 3403 3403
+3 6806
jcnd=3403/3403 +27 
* 
fi=(5)
135 10 2 4 1 0 0 1
+3 2
jump=2 -12 
* 
fi=(6)
296 3386 3386 0 1 0 0 1
+3 3386 3386
-3 6772
jcnd=3386/3386 * 
* 
* 16 6
+3 4 0 0 1 0 0 1
jcnd=2/2 508 
* 
fi=(5)
50 14 7 0 1 0 0 1
jfi=(78)
jump=7 288 
* 
fe=(78)
308 3254 0 0 1 0 0 1
jfi=(6)
jcnd=2/1627 -14 
* 
fi=(6)
-14 3250 1625
jcnd=321/1625 * 
* 
* 6530 2612 2612 1 0 0 1
jump=1306 +2 
* 
fe=(78)
+49 35 21 0 2 2 0 2
+3 7
-3 7
+3 7
+4 14
+1 28 0 7 0 0 1
cfi=(71)
cfn=(234)
calls=7 117 
* 42 7
* 14
jcnd=7/7 -14 
* 
fi=(6)
-57 12 4 0 1 0 0 1
jump=2 * 
* 
fe=(78)
-6 3 0 1
jump=1 * 
* 
fi=(5)
53 2 0 2 1 0 0 1
175 4 2
jfi=(78)
jcnd=1/2 288 
* 
* 3 0 1
+2 2 2
+1 2 2
-1 1
+3 1
-3 4 0 1 1 0 0 1
+3 2
-3 10 10 0 0 1 0 0 1
+1 10 10
-1 5
+3 5
-3 20 0 5
+3 10
+8 6 0 6
fi=(6)
+74 12
+21 12
+4 12
+7 24 6 0 1 3 0 1 2
fi=(4)
138 18 6
fi=(6)
294 96 6 0 1 1 0 1
jcnd=6/6 * 
* 
* 48 24 12 1 0 0 1
jcnd=6/6 * 
* 
* 60 6 24
cfi=(79)
cfn=(280)
calls=6 840 
* 4121 1111 423 0 80 10 0 11
* 54 24 6 1 0 0 1
+2 18
jcnd=3/6 * 
* 
+30 36 6 0 0 1 0 0 1
jump=6 450 
* 
450 12 6 6 1 1 1 1 1 1
fi=(5)
191 18 6
-16 18 6
jcnd=5/6 +2 
* 
+30 4 1
jfi=(78)
jcnd=1/1 +83 
* 
fi=(6)
+91 3 3 0 1 0 0 1
+3 3
-3 3 3
+3 6
jcnd=3/3 +27 
* 
-3 3 3 0 1 0 0 1
+3 3 3
-3 6
jcnd=3/3 * 
* 
fe=(78)

fl=(22)
fn=(60)
41 31 0 0 1 0 0 1
+44 31
+1 31
+1 31
+1 31
+1 31
+1 31
+1 31
+2 31
+2 31
+31 31 31 0 0 5 0 0 5
+1 31
+1 31
+1 31
+1 31
jcnd=15/31 +7 
* 
+1 16
+2 16 16
+4 15 0 0 1 0 0 1
+1 15 15
+1 15 15
+1 15 15
+1 15
+1 15
+1 15
+1 15
+1 15
+1 15
+1 15
+1 15
+5 120 15 0 1 0 0 1

fl=(153)
fn=(508)
27 1 0 0 1 0 0 1
+2 2
-2 1 0 1
+6 3
-6 1 0 1
+6 3
-6 1
+6 1 0 1 1 0 0 1
cfi=(152)
cfn=(504)
calls=1 +41 
* 177 47 13 0 6 0 0 5
+4 2
+2 4 3
+2 1
-1 1
+1 2 2
-1 1
cob=(3)
cfi=(154)
cfn=(510)
calls=1 -7 
* 1240 380 176 26 32 17 26 5 6

fl=(45)
fn=(140)
40 30 0 12 1 0 0 1
+1 6 0 6
cfi=(22)
cfn=(60)
calls=6 * 
* 192 27 0 2 0 0 2
* 6
fi=(299) ./string/../include/rtld-malloc.h
+15 12 6 6
cfi=(27)
cfn=(76)
calls=6 -21 
* 150 30 30
fe=(45)
-12 12
+4 6
-1 18
+1 12 12
-1 6
cfi=(29)
cfn=(80)
calls=6 212 
* 90 24 18 0 0 5 0 0 5

fl=(23)
fn=(62)
37 5 0 2
+3 1 1 0 1 0 0 1
+18 2
+4 2
jcnd=1/1 +16 
* 
+16 5 3

fl=(36)
fn=(102)
120 5 0 0 1 0 0 1
+2 1 1

fl=(8)
fn=(14)
25 7 0 0 1 0 0 1
+3 7 7
-3 7
+3 14 0 0 1 0 0 1
+3 21 14
+1 14 7 7 0 5 1 0 5 1
+2 7 7
-1 7 7
+3 21
+1 7 0 7
+4 7
-3 7
+7 7
-4 7
-3 7 7
+2 14 0 0 1 0 0 1
+5 7
-5 7
-2 7 0 7
+7 7 0 7
-5 7 0 7
+10 7 7

fl=(65)
fn=(208)
25 1 0 0 1 0 0 1
+2 4
jcnd=1/1 * 
* 
* 3 0 1
+4 1 1

fl=(47)
fn=(484)
528 570 0 456 10 0 0 2
+1 114
+4 57 57 0 0 1
+6 57
-6 57 0 57
+6 57 57 57 0 22
cob=(3)
cfi=(227)
cfn=(1766)
calls=56 77 
* 2408 560 280 2 42
cfi=(24)
cfn=(84)
calls=1 42 
* 3 1
+3 171 114 0 0 1
+12 57 57 0 2 0 0 1
-18 57
-1 57 0 57
+43 171
-19 741 114 0 8 20 0 1
jump=57 +6 
* 
+9 342 114 0 0 21
+1 228
+6 342 228
+1 114
+2 228 228 0 8 65 0 1
-2 114
+6 114 114
-4 228
+4 114
-4 228 114 114 0 0 1 0 0 1
+3 228
+4 228
+1 456 228 0 2 22 0 1
+2 228
+1 228 114
+17 114 114 0 0 42
-8 114 0 114
+8 114
jcnd=114/114 +2 
* 
+2 342 114 114
cfi=(29)
cfn=(128)
calls=114 199 
* 1482 228 114 1 22 43 0 0 1
* 570 0 114
cfi=(44)
cfn=(132)
calls=114 125 
* 2166 114 570 4 0 86 0 0 2
-49 114 114
+55 114 114
-55 456
+6 342 0 0 2 0 0 1
jcnd=114/171 +3 
* 
+55 114 57 57 0 22
cob=(3)
cfi=(228)
cfn=(1768)
calls=56 367 
* 2016 448 224 1
cfi=(24)
cfn=(84)
calls=1 42 
* 3 1
+3 114 57 57 14 0 0 1
+3 513 456

fn=(412)
1015 16 0 8 1 0 0 1
+6 2 2
+3 2 2 0 0 2
+1 2
jump=2 +4 
* 
+4 6 2 0 1 1 0 1
+34 4
jcnd=2/2 +3 
* 
+3 6 0 2 0 0 2
+1 6 2 2
+3 12 10

fn=(148)
197 1 0 0 1 0 0 1
+2 2 1
+1 1 1
+15 2 1

fn=(1758) _dl_allocate_tls
631 576 0 448 1 0 0 1
+1 128
370 64 64 0 1 0 0 1
fi=(28)
44 64
fe=(47)
374 64
+1 64
fi=(28)
44 64 64 64 0 3
cob=(3)
cfi=(172)
cfn=(1760)
calls=64 3624 
* 20909 3298 3238 89 139 337 18 0 38
fe=(47)
376 128
+9 64 64
-6 64 0 64
+6 192 0 128
539 128 64 64 1 3 0 1
cob=(3)
cfi=(227)
cfn=(1766)
calls=64 77 
* 2752 641 320 7 6 0 7 1
+3 256 192
-6 64 0 64
+18 64 64
-19 128
+24 512 64 0 8 3 0 1
jump=64 +6 
* 
+9 384 128 0 0 3
+1 256
+6 384 256
+1 128 128
+2 256 256 0 6 10 0 1
-2 256
+2 384 128
-2 128 0 128
+6 128 128
-4 128 0 128
+4 128
-1 256
+4 256
+1 512 256 0 1 3 0 1
+2 256
+1 256 128
+19 128
-10 128 0 128
+10 256 128 128
cfi=(29)
cfn=(128)
calls=128 199 
* 1664 256 128 2 3 64 0 0 14
* 640 0 128
cfi=(44)
cfn=(132)
calls=128 125 
* 2432 128 640 3 0 128 0 0 28
-49 128 128
+55 128 128
-55 512
+6 384 0 0 2 0 0 1
jcnd=128/192 +3 
* 
+55 128 64 64
cob=(3)
cfi=(228)
cfn=(1768)
calls=64 367 
* 2302 511 256 5 0 0 5
+3 192 128 64 1 0 0 1
+2 64 64
+10 512 448

fn=(262)
221 8 0 6 2 0 0 2
+6 3 1
+3 2 1
+36 3 1
+2 1 1
-2 1
-2 1
-40 1
-1 1
-1 1
+46 2 0 1 1 0 0 1
jump=1 * 
* 
+23 6
+3 2
-3 8
+2 4
jcnd=2/2 -2 
* 
-2 2
-25 2
+20 2 0 2
-20 10 2
jcnd=1/2 +41 
* 
+2 4 2 0 1 0 0 1
+3 2 2
-1 2 2
+5 4 2
-5 2
+1 2
-1 2
+3 4 0 0 1 0 0 1
+2 6
jcnd=2/2 +16 
* 
+32 3 1 0 1 0 0 1
-1 1 0 1
+1 4
+2 2
-2 2 0 1
+53 8 7 0 1 0 0 1

fn=(260)
97 2 0 1 1 0 0 1
+4 1
-4 2 0 1
+4 1
-4 2 0 1
+4 3 0 1
cfi=(10)
cfn=(24)
calls=1 405 
* 21 4 1 0 2 0 0 1
* 1 1 0 1 0 0 1
+1 4 0 1
cfi=(10)
cfn=(24)
calls=1 405 
* 21 4 1 0 2 0 0 1
* 1
+8 1
-8 1 1
+6 2
+2 3
+3 1
+2 1 0 1
-32 3
+34 3 0 1 0 0 1
+1 5 4

fn=(264)
422 2 0 1 1 0 0 1
+13 1 1
-13 2 0 2
+2 1 1
+12 1
fi=(28)
56 1 1 1
cfi=(27)
cfn=(76)
calls=1 -21 
* 54 9 7
fe=(47)
437 3
+8 2 0 0 1 0 0 1
fi=(28)
44 1
fe=(47)
445 2
+1 1
+4 10 0 3 1 0 2 1 0 2
jcnd=1/1 * 
* 
* 311 0 310 0 0 37 0 0 37
jcnd=310/311 * 
* 
+19 1 0 1 0 0 1 0 0 1
-99 1 1
+4 1
+1 1
fi=(28)
44 1 1 1
cfi=(27)
cfn=(72)
calls=1 +34 
* 36 6 5
fe=(47)
376 2
+3 1 0 1 0 0 1 0 0 1
+6 2 0 1
+90 5 4

fn=(1870) _dl_deallocate_tls
641 480 0 240 16 0 0 2
+1 60 60 0 0 46
+3 240 60 0 0 33
+1 180
fi=(28)
50 120 120 60 0 25
cob=(3)
cfi=(172)
cfn=(1618)
calls=60 3352 
* 240 60
fe=(47)
646 2700
fi=(28)
50 1800 1800 900 0 130
cob=(3)
cfi=(172)
cfn=(1618)
calls=900 3352 
* 3600 900
fe=(47)
645 1920 960
jcnd=900/960 +1 
* 
+4 120 60
+1 60 0 0 1 0 0 1
fi=(28)
50 60 60 60
cob=(3)
cfi=(172)
cfn=(1618)
calls=60 3352 
* 10128 2891 1359 10 32 1 5
fe=(47)
652 120
jcnd=60/60 +2 
* 
+2 360 300

fn=(236)
131 4 0 0 1 0 0 1
+3 2 2
+13 2 2 0 1 0 0 1
-13 2
+52 2
+2 2 0 2
+3 2 0 2
+1 4 2

fl=(77)
fn=(270)
252 8 0 6 1 0 0 1
42 1 1 0 0 1 0 0 1
+9 1 1
-10 1
+4 1
-4 1
+3 1
+4 2
+1 2
-1 2 0 0 1 0 0 1
+14 2
jcnd=1/1 254 
* 
254 8 7 0 1 0 0 1

fl=(50)
fn=(158)
25 1 0 0 1 0 0 1
+2 1
+7 1
+1 1 0 0 1 0 0 1
+2 1
+1 1
+1 1
+1 1
+1 1 0 1 0 0 1 0 0 1
jump=1 * 
* 
* 32 0 31 0 0 3 0 0 3
jcnd=31/32 * 
* 
+3 3
+7 1 1 0 0 1 0 0 1
+1 1
+1 1
+1 1 0 1
+2 1 1
+1 1
+1 1
+1 1 0 1
+2 1 1
+1 1
+1 1
jcnd=1/1 +9 
* 
+9 3 0 0 1 0 0 1
+12 1
+2 1 1
+1 1 1
+1 1
-4 12
+2 12 12 0 0 1 0 0 1
+1 12 12
+1 12
+2 13 13
+1 13 13
+1 13
+2 13 13
+1 13 13
+1 13
+2 13 13
+1 13 13
+1 13
jcnd=12/13 -16 
* 
+2 1
+1 1
+1 1
+2 1
+7 1
+4 1 1

fl=(12)
fn=(22)
281 2 0 0 1 0 0 1
+1 4 0 1
cfi=(10)
cfn=(24)
calls=1 405 
* 20 4 1 3 1 0 3 1
+2 3 1
-1 1 0 1
+2 2 1

fn=(246)
290 20 0 12 4 0 0 1
+8 2 2 0 0 2
-8 2 0 2
+8 4
jcnd=2/2 -75 
* 
+4 16 14 0 2 0 0 1
-79 4 0 0 2 0 0 1
-37 2
+37 2
-36 8
+1 2 2
-1 2
+1 2 0 2
-1 4
jcnd=2/2 +1 
* 
+1 12 12
-1 12
+1 12 0 12
-1 24
jcnd=10/12 +1 
* 
+36 18 0 0 2 0 0 1
jcnd=2/2 * 
* 
* 12 0 2 2 0 0 1
+8 6
-3 2
+2 2 0 2
+1 2
-8 2
+5 2 0 2
+3 8
jump=2 +4 
* 
+2 36
+2 14 14 0 2 0 0 1
-90 70 14 14
cfn=(248) dfs_traversal.part.0
calls=14 -5 
* 599 182 98 6 8 0 3
+93 28 14
jcnd=12/14 -5 
* 
+18 4 2
jcnd=2/2 +20 
* 
+13 2 0 0 2 0 0 1
+33 2 0 0 2 0 0 1
jump=2 * 
* 
-26 8 0 2 2 0 0 1
cfi=(29)
cfn=(80)
calls=2 -64 
* 38 10 8 4
* 2
jump=2 -7 
* 

fn=(248)
140 112 0 56 2 0 0 1
+10 14 14 0 0 2
-2 14 0 14 2 0 0 1
+2 28
jcnd=3/14 +11 
* 
+2 44 11 0 0 6
+3 66 33
-3 132 33
jcnd=22/33 +3 
* 
+9 28
jcnd=7/14 * 
* 
+15 42 14 14
+1 14 0 14
+1 84 70 0 1 0 0 1
-17 21 7 0 1
jcnd=7/7 +15 
* 

fl=(56)
fn=(180)
25 5 0 0 1 0 0 1
+1 20
+1 5 5

fl=(55)
fn=(178)
28 19 0 0 1 0 0 1
+3 19
-3 57 0 19 0 0 2 0 0 2
+3 114 0 0 1 0 0 1
+8 133
jcnd=13/19 * 
* 
+2 6 6
-2 39 0 13
+2 13 13

fl=(42)
fn=(118)
23 28 0 0 1 0 0 1
+1 28
+1 28
+1 28
+1 28
+1 28
+1 28
+1 28
+1 28
+1 28 28 0 0 5 0 0 5
+1 28
+1 28 0 0 1 0 0 1
+1 28
+1 28
+1 28
+1 28
+1 28
+1 28
jcnd=4/28 +14 
* 
+1 24
+4 24
+1 24
+1 24 24
+1 24
+2 24 24
+4 4 4
+1 4
+1 4
+1 4 0 0 1 0 0 1
+1 4
+1 4
+1 4 4
+1 4
+1 4
+1 4
+1 4
+1 4
+1 4
+1 4 4
+1 4
+1 4
+1 4
+1 4
+1 4
+1 4 0 0 1 0 0 1
+1 4
+1 4
+1 4
+1 4
jcnd=4/4 +52 
* 
+52 4 0 0 2 0 0 1
+4 4
+1 4
+1 4 4
+1 4
+2 4 4

fl=(44)
fn=(132)
125 251 0 0 4 0 0 1
+1 1255
+6 251
+1 251 0 0 3 0 0 1
jcnd=1/251 368 
* 
+1 250
+1 250
jcnd=128/250 283 
* 
+2 122 0 122 0 0 108 0 0 16
+1 122 0 122
+1 122 122
+65 4 0 4
+1 4 0 4
+2 4 4
+76 128 0 128 0 0 4 0 0 4
+1 128 0 128 0 0 2 0 0 2
+5 128
+3 128
+1 128
jcnd=4/128 -89 
* 
+3 124 0 124 0 0 108 0 0 16
+1 124 0 124 0 0 1 0 0 1
+13 124
+1 124
+2 124
jcnd=121/124 +18 
* 
+3 3 0 0 1 0 0 1
+3 6
+3 3 0 3
+1 3 0 3
+1 3 0 3 0 0 1 0 0 1
+1 3 0 3
+1 3
+1 3
+1 3
jcnd=3/3 -6 
* 
-6 82 0 82 0 0 79 0 0 79
+1 82 0 82
+1 82 0 82 0 0 3 0 0 3
+1 82 0 82
+1 82
+1 82
+1 82
jcnd=79/82 -6 
* 
+3 124 0 124 2 0 2 0 0 2
+1 124 0 124
+1 124 0 124
+1 124 0 124
+5 124 124
+29 1 0 0 1 0 0 1
+1 1
+1 1
jcnd=1/1 +32 
* 
+32 1 0 1 0 0 1 0 0 1
+1 1 0 1
+1 1 1

fl=(151)
fn=(502)
30 2 0 1 1 0 0 1
+10 3
-10 1 0 1
+10 2 0 0 1 0 0 1
-10 1 0 1
+7 1 1
+3 2 0 1
cfi=(152)
cfn=(504)
calls=1 +34 
* 175 47 13 6 7 0 6 6
+4 2
+1 8 3
+2 3 0 0 1 0 0 1
-2 1 0 1
+2 3 0 1
cfi=(152)
cfn=(504)
calls=1 +27 
* 198 49 13 1 7 0 1 4
+4 2
+1 6 3
+1 2 2
-1 1 0 1
+1 2 2

fl=(27)
fn=(72)
78 17 0 0 1 0 0 1
+4 17
-4 68 0 0 1 0 0 1
+7 17
+1 51
jfi=(28)
jcnd=17/17 -30 
* 
fi=(28)
-30 17 17
cfi=(27)
cfn=(76)
calls=17 -21 
* 488 92 90 5 3 4 5 1 2
fe=(27)

fn=(76)
35 210 0 84 1 0 1 1 0 1
+1 42 42 0 0 4 0 0 1
+11 42 42
-11 84
jcnd=1/42 +6 
* 
+11 84
+3 42
-3 42 0 42 1 0 0 1
+3 84
jcnd=3/42 +5 
* 
* 156
+18 42 0 42 0 0 4 0 0 1
+1 42 0 42
+2 168 126
-16 12 3 0 1 0 0 1
+1 6
jcnd=3/3 +2 
* 
+2 3
+1 21 0 3
cfi=(60)
cfn=(194)
calls=3 -12 
* 27 3 0 1 0 0 1
* 3
+2 6
+2 6 3
jcnd=1/3 +5 
* 
+2 2
+4 2
-4 4 0 2
jump=2 +3 
* 
-23 1 1 0 1 0 0 1
-1 1
+1 1
+1 2
-2 2 0 1
jump=1 +6 
* 
+27 1 1
-3 2 0 1
+4 2
jump=1 -1 
* 

fn=(144)
95 8
+2 32 16 0 2 0 0 1

fl=(54)
fn=(224)
36 2 0 1 1 0 0 1
+3 1
-3 6 0 3
+3 1
-3 1
+3 1 0 1
cfi=(55)
cfn=(178)
calls=1 -11 
* 19 1 1
+1 2
jcnd=1/1 +2 
* 
+23 7 5
-21 4 0 1 1 0 0 1
cfi=(58)
cfn=(190)
calls=1 -13 
* 15 1
* 2
+2 2 1 1 0 0 1 0 0 1
+3 2
jcnd=1/1 +2 
* 
+13 2 0 1
cfi=(64)
cfn=(204)
calls=1 -35 
* 6 1
* 1
jump=1 +3 
* 
-11 6 0 1
cfi=(60)
cfn=(194)
calls=1 -2 
* 9 1
* 2
jump=1 +11 
* 

fn=(174)
68 744 0 248 1 0 1 1 0 1
+1 248 124 124
cfi=(32)
cfn=(90)
calls=124 +39 
* 3735 841 0 5 0 0 5
* 248
+3 124 124
+2 248
jcnd=124/124 +1 
* 
+6 120 120
-6 240
jcnd=104/120 +9 
* 
+1 420 140 140 1 0 0 1
cfi=(32)
cfn=(90)
calls=140 +33 
* 4996 953 0 14 3 0 14 3
* 280
jcnd=120/140 +5 
* 
+8 20
-13 20
+13 164 60
-1 104
+1 312 312

fn=(482)
87 2 0 0 1 0 0 1
+38 2
-1 2
+3 2
jump=2 * 
* 
+2 80
+1 30 10 0 0 4 0 0 2
jcnd=3/10 +1 
* 
* 7
-3 14
jcnd=6/7 +2 
* 
* 10 0 0 1 0 0 1
jcnd=4/5 +2 
* 
+18 2 2
+1 2 2
-15 6
jump=3 -4 
* 

ob=(2)
fl=(51)
fn=(910)
0 226 113 0 2 2 0 1
cob=(7)
cfi=(170)
cfn=(914)
calls=113 0 
0 1110 370 96 4 14 0 2 4
cob=(1)
cfi=(159)
cfn=(526)
calls=1 67 
0 759 242 129 0 6 0 0 1
0 5 2 2 1 0 0 1

fn=(922)
0 2 1 0 1 1 0 1
cob=(7)
cfi=(170)
cfn=(926)
calls=1 0 
0 414 137 75 7 4 0 7 2
cob=(1)
cfi=(159)
cfn=(526)
calls=1 67 
0 1135 289 129 0 9 0 0 2
0 5 2 2 1 0 0 1

fn=(946)
0 2 1 0 1 1 0 1
cob=(7)
cfi=(170)
cfn=(950)
calls=1 0 
0 168 12 30 14 0 0 14
cob=(1)
cfi=(159)
cfn=(526)
calls=1 67 
0 1087 283 129 0 8 0 0 2
0 5 2 2 1 0 0 1

fn=(952)
0 2 1 0 1 1 0 1
cob=(7)
cfi=(170)
cfn=(956)
calls=1 0 
0 44 12 9 2 1 1 2 0 1
cob=(1)
cfi=(159)
cfn=(526)
calls=1 67 
0 798 248 129 0 6 0 0 1
0 5 2 2 1 0 0 1

fn=(1000)
0 20 10 0 0 1
cob=(3)
cfi=(191)
cfn=(1004)
calls=10 26 
0 3270 636 177 10 10 0 10 4
cob=(1)
cfi=(159)
cfn=(526)
calls=1 67 
0 872 289 139 3 9 0 0 3
0 5 2 2

fn=(1088)
0 2 1 0 1 1 0 1
cob=(7)
cfi=(170)
cfn=(1092)
calls=1 0 
0 113 38 31 5 0 0 5
cob=(1)
cfi=(159)
cfn=(526)
calls=1 67 
0 1159 292 129 0 7 0 0 2
0 5 2 2 1 0 0 1

fn=(1112)
0 2 1 0 1 1 0 1
cob=(7)
cfi=(170)
cfn=(1116)
calls=1 0 
0 44 12 9 2 1 1 2 0 1
cob=(1)
cfi=(159)
cfn=(526)
calls=1 67 
0 750 242 129 0 7 0 0 1
0 5 2 2 1 0 0 1

fn=(1460)
0 6 3 0 2 2 0 1
cob=(3)
cfi=(172)
cfn=(650)
calls=3 3287 
0 536 108 82 5 6 1 0 0 1

fn=(1592)
0 4 2 0 2 2 0 1
cob=(7)
cfi=(170)
cfn=(1596)
calls=2 0 
0 69 30 15 8 0 0 4
cob=(1)
cfi=(159)
cfn=(526)
calls=1 67 
0 1086 284 129 0 10 0 0 2
0 5 2 2 1 1 0 1

fn=(1852)
0 240 120 0 8 15
cob=(3)
cfi=(244)
cfn=(1856)
calls=120 23 
0 44303 13287 7913 167 586 111 35 2
cob=(1)
cfi=(159)
cfn=(526)
calls=1 67 
0 891 289 141 0 42 0 0 3
0 5 2 2 2 1

fn=(1986)
0 2 1 0 1 1 0 1
cob=(7)
cfi=(170)
cfn=(1434)
calls=1 0 
0 1829 331 294 59 29 10 2
cob=(1)
cfi=(159)
cfn=(526)
calls=1 67 
0 1116 288 131 0 8
0 5 2 2 1 0 0 1

fn=(2002)
0 46 23 0 1 0 0 1
cob=(7)
cfi=(170)
cfn=(2006)
calls=23 0 
0 672 239 139 5 4 0 3
cob=(1)
cfi=(159)
cfn=(526)
calls=1 67 
0 748 242 131 0 8 0 0 2
0 5 2 2 1 0 0 1

fn=(2003)
0 2 1
cob=(7)
cfi=(170)
cfn=(2007)
calls=1 0 
0 23 8 5

fn=(2156)
0 4 2 0 1 1 0 1
cob=(3)
cfi=(275)
cfn=(2160)
calls=2 60 
0 40 4 0 2 0 0 2
cob=(1)
cfi=(159)
cfn=(526)
calls=1 67 
0 842 290 143 5 14 0 0 3
0 5 2 2 1 0 0 1

fn=(2230)
0 4 2 0 1 1 0 1
cob=(7)
cfi=(170)
cfn=(2234)
calls=2 0 
0 1697 573 283 7 39 0 7 4
cob=(1)
cfi=(159)
cfn=(526)
calls=1 67 
0 773 244 131 0 8 0 0 1
0 5 2 2 1 0 0 1

fn=(2290)
0 3 0 1 2 0 0 1
cob=(5)
cfi=(163)
cfn=(2292)
calls=1 0 
0 152 37 18 5 2 0 2
0 2 1

fn=(2378)
0 2 1 0 1 0 0 1
cob=(3)
cfi=(281)
cfn=(2272)
calls=1 30 
0 119 27 12

fn=(646)
0 21558 10779 0 3 358 0 1
cob=(3)
cfi=(172)
cfn=(650)
calls=10779 3287 
0 1057115 212986 149170 281 2859 1041 116 7 136
cob=(1)
cfi=(159)
cfn=(526)
calls=1 67 
0 855 298 144 0 5 0 0 1
0 5 2 2 1 0 0 1

fn=(888)
0 2 1 0 1 1 0 1
cob=(7)
cfi=(170)
cfn=(892)
calls=1 0 
0 919 305 153 11 16 0 11 3
cob=(1)
cfi=(159)
cfn=(526)
calls=1 67 
0 1095 284 129 0 8 0 0 2
0 5 2 2 1 0 0 1

fn=(916)
0 2 1 0 1 1 0 1
cob=(7)
cfi=(170)
cfn=(920)
calls=1 0 
0 37 10 7 2 0 2 2 0 2
cob=(1)
cfi=(159)
cfn=(526)
calls=1 67 
0 847 253 129 0 6 0 0 1
0 5 2 2 1 0 0 1

fn=(928)
0 2 1 0 1 1 0 1
cob=(7)
cfi=(170)
cfn=(932)
calls=1 0 
0 113 38 31 4 1 0 4 1
cob=(1)
cfi=(159)
cfn=(526)
calls=1 67 
0 1215 299 129 0 9 0 0 1
0 5 2 2 1 0 0 1

fn=(958)
0 2 1 0 1 1 0 1
cob=(7)
cfi=(170)
cfn=(962)
calls=1 0 
0 28289 7374 3882 52 88 21 47 20 21
cob=(1)
cfi=(159)
cfn=(526)
calls=1 67 
0 719 237 129 0 6 0 0 1
0 5 2 2 1 0 0 1

fn=(976)
0 256 128 0 1 1 0 1
cob=(3)
cfi=(186)
cfn=(980)
calls=128 30 
0 3456 896 512 3 0 0 3
cob=(1)
cfi=(159)
cfn=(526)
calls=1 67 
0 848 293 144 2 14 0 0 3
0 5 2 2 1 0 0 1

fn=(1026)
0 2 1 0 1 1 0 1
cob=(7)
cfi=(170)
cfn=(1030)
calls=1 0 
0 109 30 31 6 0 0 6
cob=(1)
cfi=(159)
cfn=(526)
calls=1 67 
0 1239 302 129 0 8 0 0 1
0 5 2 2 1 0 0 1

fn=(1178)
0 2 1 0 1 1 0 1
cob=(7)
cfi=(170)
cfn=(1182)
calls=1 0 
0 44 12 9 2 0 0 2
cob=(1)
cfi=(159)
cfn=(526)
calls=1 67 
0 750 242 129 0 7 0 0 2
0 5 2 2 1 0 0 1

fn=(1204)
0 2 1
cob=(7)
cfi=(170)
cfn=(1208)
calls=1 0 
0 3 1 1 1 0 0 1
cob=(1)
cfi=(159)
cfn=(526)
calls=1 67 
0 775 244 129 0 9 0 0 3
0 5 2 2

fn=(1284)
0 8 4 0 1 1 0 1
cob=(7)
cfi=(170)
cfn=(1288)
calls=4 0 
0 8889 2348 1097 24 55 0 24 15
cob=(1)
cfi=(159)
cfn=(526)
calls=1 67 
0 1118 288 129 0 4 0 0 2
0 5 2 2 1 0 0 1

fn=(1424)
0 4 2 0 2 2 0 1
cob=(7)
cfi=(170)
cfn=(1428)
calls=2 0 
0 244 86 46 4 0 0 2
cob=(1)
cfi=(159)
cfn=(526)
calls=1 67 
0 1030 277 129 0 6
0 5 2 2 1 0 0 1

fn=(1436)
0 24 12 0 3 4 0 1
cob=(7)
cfi=(170)
cfn=(1440)
calls=12 0 
0 48 24 0 0 1
cob=(1)
cfi=(159)
cfn=(526)
calls=1 67 
0 876 264 134 0 8 0 0 1
0 5 2 2 1 0 0 1

fn=(1624)
0 8 4 0 2 2 0 1
cob=(7)
cfi=(170)
cfn=(1628)
calls=4 0 
0 1691 536 313 66 35 0 32 6
cob=(1)
cfi=(159)
cfn=(526)
calls=1 67 
0 823 250 129 0 7 0 0 2
0 5 2 2 1 0 0 1

fn=(1674)
0 4 2 0 2 2 0 1
cob=(7)
cfi=(170)
cfn=(1678)
calls=2 0 
0 22 10 6 4 0 0 2
cob=(1)
cfi=(159)
cfn=(526)
calls=1 67 
0 965 265 129 2 9 0 0 1
0 5 2 2 1 0 0 1

fn=(1764)
0 240 120 0 0 24
cob=(3)
cfi=(213)
cfn=(1572)
calls=120 181 
0 4320 240 1440 2 0 225 1 0 30

fn=(2110)
0 8 4 0 1 1
cob=(3)
cfi=(206)
cfn=(2112)
calls=4 51 
0 76 8 0 2 0 0 2

fn=(2170)
0 14 7
cob=(7)
cfi=(170)
cfn=(2174)
calls=7 0 
0 2114 468 342 9 0 0 9
cob=(1)
cfi=(159)
cfn=(526)
calls=1 67 
0 1396 323 131 0 7 0 0 2
0 5 2 2

fn=(2196)
0 2 1 0 1 1 0 1
cob=(7)
cfi=(170)
cfn=(1662)
calls=1 0 
0 19 6 2 1
cob=(1)
cfi=(159)
cfn=(526)
calls=1 67 
0 781 245 131 0 7
0 5 2 2 1 0 0 1

fn=(2254)
0 6 3 0 1 1 0 1
cob=(7)
cfi=(170)
cfn=(2258)
calls=3 0 
0 212 79 39 3 1 0 3
cob=(1)
cfi=(159)
cfn=(526)
calls=1 67 
0 1028 277 131 0 7 0 0 2
0 5 2 2 1 0 0 1

fn=(2255)
0 2 1
cob=(7)
cfi=(170)
cfn=(2259)
calls=1 0 
0 23 8 5

fn=(2360) 0x0000000004a8b1e0
0 2 1 0 1 0 0 1
cob=(3)
cfi=(281)
cfn=(2272)
calls=1 30 
0 119 27 12

fn=(520)
0 38 19 0 1 1 0 1
cob=(1)
cfi=(10)
cfn=(24)
calls=19 405 
0 391 76 19 0 27 0 0 8
cob=(1)
cfi=(159)
cfn=(526)
calls=1 67 
0 945 311 142 11 10 13 11 0 2
0 5 2 2 2 1 0 2

fn=(1010)
0 98 49 0 1 1 0 1
cob=(3)
cfi=(193)
cfn=(1012)
calls=49 71 
0 1048 225 0 4 0 0 4

fn=(1142)
0 2 1 0 1 1 0 1
cob=(7)
cfi=(170)
cfn=(1146)
calls=1 0 
0 109 30 31 5 0 0 5
cob=(1)
cfi=(159)
cfn=(526)
calls=1 67 
0 1175 294 129 0 8 0 0 2
0 5 2 2 1 0 0 1

fn=(1754)
0 128 64 0 1 17
cob=(1)
cfi=(47)
cfn=(1758)
calls=64 631 
0 39979 7906 6182 127 173 529 38 1 80
cob=(1)
cfi=(159)
cfn=(526)
calls=1 67 
0 966 311 142 4 27 8 0 3
0 5 2 2 2 1

fn=(2030)
0 38 19 0 1 1
cob=(3)
cfi=(253)
cfn=(2034)
calls=19 31 
0 3205 731 523 53 11 1 42 3
cob=(1)
cfi=(159)
cfn=(526)
calls=1 67 
0 791 284 141 0 13 0 0 5
0 5 2 2 1

fn=(2066)
0 2 1 0 1 1 0 1
cob=(7)
cfi=(170)
cfn=(2070)
calls=1 0 
0 781 54 38 16 7 4 12 3
cob=(1)
cfi=(159)
cfn=(526)
calls=1 67 
0 845 253 131 0 9 0 0 1
0 5 2 2 1 0 0 1

fn=(2098)
0 4 2 0 1 1 0 1
cob=(3)
cfi=(259)
cfn=(2102)
calls=2 123 
0 4447 959 661 169 23 14 156 15
cob=(1)
cfi=(159)
cfn=(526)
calls=1 67 
0 879 291 141 4 16 5 0 5
0 5 2 2 1 0 0 1

fn=(2192)
0 2 1 0 1 1 0 1
cob=(7)
cfi=(170)
cfn=(1590)
calls=1 0 
0 740 213 142 60 18 1
cob=(1)
cfi=(159)
cfn=(526)
calls=1 67 
0 1012 275 131 0 6
0 5 2 2 1 0 0 1

fn=(2242)
0 4 2 0 1 1 0 1
cob=(1)
cfi=(279)
cfn=(2246)
calls=2 29 
0 24 14 0 1 3 0 1
cob=(1)
cfi=(159)
cfn=(526)
calls=1 67 
0 900 307 144 0 23 0 0 2
0 5 2 2 1 0 0 1

fn=(164)
0 26 13 0 1 0 0 1
cob=(1)
cfi=(52)
cfn=(166)
calls=13 175 
0 30127 6227 2968 219 213 215 219 212 214

fn=(588)
0 5 1 0 1 1 0 1
0 2 1

fn=(598)
0 5 1 0 1 1 0 1
0 2 1

fn=(852)
0 2 1 0 1 1 0 1
cob=(7)
cfi=(170)
cfn=(856)
calls=1 0 
0 76747 20895 9656 333 431 99 326 79 95
cob=(1)
cfi=(159)
cfn=(526)
calls=1 67 
0 743 240 129 0 5 0 0 1
0 5 2 2 1 0 0 1

fn=(876)
0 40 20 0 3 2 0 1
cob=(3)
cfi=(181)
cfn=(880)
calls=20 136 
0 2291 660 326 32 32 0 22 7
cob=(1)
cfi=(159)
cfn=(526)
calls=1 67 
0 966 321 151 0 21 1 0 8
0 5 2 2 1 0 0 1

fn=(1044)
0 2 1 0 1 1 0 1
cob=(7)
cfi=(170)
cfn=(1048)
calls=1 0 
0 168 12 30 14 0 0 14
cob=(1)
cfi=(159)
cfn=(526)
calls=1 67 
0 1111 286 129 0 9 0 0 3
0 5 2 2 1 0 0 1

fn=(1050)
0 2 1 0 1 0 0 1
cob=(7)
cfi=(170)
cfn=(1054)
calls=1 0 
0 44 12 9 1 1 0 1
cob=(1)
cfi=(159)
cfn=(526)
calls=1 67 
0 798 248 129 0 7
0 5 2 2 1 0 0 1

fn=(1224)
0 24 12 0 2 2 0 1
cob=(7)
cfi=(170)
cfn=(1228)
calls=12 0 
0 2518 859 480 18 19 0 9 2
cob=(1)
cfi=(159)
cfn=(526)
calls=1 67 
0 767 243 129 0 7 0 0 2
0 5 2 2 1 0 0 1

fn=(1242)
0 16 8 0 2 3 0 1
cob=(7)
cfi=(170)
cfn=(1246)
calls=8 0 
0 7730 2067 922 35 62 0 16 13
cob=(1)
cfi=(159)
cfn=(526)
calls=1 67 
0 1110 287 129 0 7 0 0 3
0 5 2 2 1 0 0 1

fn=(1248)
0 16 8 0 2 2 0 1
cob=(7)
cfi=(170)
cfn=(1252)
calls=8 0 
0 24 8 0 2 0 0 1
cob=(1)
cfi=(159)
cfn=(526)
calls=1 67 
0 894 260 129 0 7 0 0 2
0 5 2 2 1 0 0 1

fn=(1290)
0 8 4 0 1 1 0 1
cob=(7)
cfi=(170)
cfn=(1294)
calls=4 0 
0 7334 1916 854 20 46 0 20 13
cob=(1)
cfi=(159)
cfn=(526)
calls=1 67 
0 1102 286 129 0 8 0 0 2
0 5 2 2 1 0 0 1

fn=(1296)
0 8 4 0 1 1 0 1
cob=(7)
cfi=(170)
cfn=(1300)
calls=4 0 
0 12 4 0 1 0 0 1
cob=(1)
cfi=(159)
cfn=(526)
calls=1 67 
0 878 258 129 0 8 0 0 2
0 5 2 2 1 0 0 1

fn=(1308)
0 8 4 0 1 1 0 1
cob=(7)
cfi=(170)
cfn=(1312)
calls=4 0 
0 12 4 0 1 0 0 1
cob=(1)
cfi=(159)
cfn=(526)
calls=1 67 
0 1246 304 129 0 6 0 0 2
0 5 2 2 1 0 0 1

fn=(1314)
0 8 4 0 1 1 0 1
cob=(7)
cfi=(170)
cfn=(1318)
calls=4 0 
0 76 36 8 1 0 0 1
cob=(1)
cfi=(159)
cfn=(526)
calls=1 67 
0 1286 309 129 0 6 0 0 3
0 5 2 2 1 0 0 1

fn=(1454)
0 4 2 0 2 2 0 1
cob=(3)
cfi=(200)
cfn=(1458)
calls=2 85 
0 1120 257 261 80 24 12 40 6 6
cob=(1)
cfi=(159)
cfn=(526)
calls=1 67 
0 785 283 139 0 13 0 0 3
0 5 2 2 1 0 0 1

fn=(1510)
0 32 16 0 1 2 0 1
cob=(7)
cfi=(170)
cfn=(1514)
calls=16 0 
0 448 144 96 3 3 0 3
cob=(1)
cfi=(159)
cfn=(526)
calls=1 67 
0 734 240 129 0 7 1
0 5 2 2 1 0 0 1

fn=(1534)
0 6 3 0 1 2
cob=(3)
cfi=(207)
cfn=(1538)
calls=3 32 
0 21 9 0 2 2 0 1
cob=(1)
cfi=(159)
cfn=(526)
calls=1 67 
0 811 283 139 0 10 0 0 4
0 5 2 2 1

fn=(1734)
0 240 120 0 1 24 0 1
cob=(3)
cfi=(219)
cfn=(1738)
calls=120 621 
0 138148 33485 26054 341 1367 2050 107 7 249
cob=(1)
cfi=(159)
cfn=(526)
calls=1 67 
0 1078 327 151 4 42 0 3 8
0 5 2 2 1 1 0 1

fn=(2146)
0 40 20 0 1 1 0 1
cob=(3)
cfi=(199)
cfn=(2148)
calls=20 294 
0 350 54 34 1 1 1 1 1

fn=(2336)
0 4 2
cob=(7)
cfi=(170)
cfn=(2340)
calls=2 0 
0 4 2
cob=(1)
cfi=(159)
cfn=(526)
calls=1 67 
0 811 246 131 2 10
0 5 2 2

fn=(2388)
0 4 1 0 1 0 0 1

fn=(548)
0 5 1 0 1 1 0 1
0 1 0 1 0 0 1
cob=(5)
cfi=(163)
cfn=(552)
calls=1 0 
0 12 1 0 3 0 0 3
0 1 0 1
cob=(5)
cfi=(163)
cfn=(560)
calls=1 0 
0 5 2 0 2 0 0 2
0 2 1

fn=(610)
0 4 2 0 1 1 0 1
cob=(7)
cfi=(170)
cfn=(616)
calls=2 0 
0 10 4 2 1 1 0 1
cob=(1)
cfi=(159)
cfn=(526)
calls=1 67 
0 789 243 129 0 14 7 0 0 2
0 5 2 2 1 1 0 1

fn=(940)
0 2 1 0 1 1 0 1
cob=(7)
cfi=(170)
cfn=(944)
calls=1 0 
0 1290 304 170 18 9 1 18 2 1
cob=(1)
cfi=(159)
cfn=(526)
calls=1 67 
0 974 270 129 0 8 0 0 1
0 5 2 2 1 0 0 1

fn=(1014)
0 2 1 0 1 1 0 1
cob=(7)
cfi=(170)
cfn=(1018)
calls=1 0 
0 37 10 7 2 0 1 2 0 1
cob=(1)
cfi=(159)
cfn=(526)
calls=1 67 
0 847 253 129 0 7 0 0 2
0 5 2 2 1 0 0 1

fn=(1032)
0 2 1 0 1 1 0 1
cob=(7)
cfi=(170)
cfn=(1036)
calls=1 0 
0 109 30 31 6 0 0 6
cob=(1)
cfi=(159)
cfn=(526)
calls=1 67 
0 1207 298 129 0 8
0 5 2 2 1 0 0 1

fn=(1336)
0 2 1 0 1 1 0 1
cob=(1)
cfi=(49)
cfn=(1340)
calls=1 117 
0 5 2 0 1 1 0 1
cob=(1)
cfi=(159)
cfn=(526)
calls=1 67 
0 956 310 142 4 31 0 0 4
0 5 2 2 2 1 0 1

fn=(1370)
0 8 4 0 1 2 0 1
cob=(3)
cfi=(192)
cfn=(1008)
calls=4 50 
0 56 8 0 0 4 0 0 4
cob=(1)
cfi=(159)
cfn=(526)
calls=1 67 
0 818 287 141 0 6 0 0 2
0 5 2 2 1 0 0 1

fn=(1404)
0 4 2 0 2 2 0 1
cob=(7)
cfi=(170)
cfn=(1408)
calls=2 0 
0 8 2 4 2 0 0 1
cob=(1)
cfi=(159)
cfn=(526)
calls=1 67 
0 935 264 129 0 8 0 0 2
0 5 2 2 1 0 0 1

fn=(1410)
0 4 2 0 2 2 0 1
cob=(7)
cfi=(170)
cfn=(1414)
calls=2 0 
0 940 321 177 23 27 1 12
cob=(1)
cfi=(159)
cfn=(526)
calls=1 67 
0 1022 276 129 0 6 0 0 1
0 5 2 2 1 0 0 1

fn=(1482)
0 4 2 0 2 2 0 1
cob=(3)
cfi=(206)
cfn=(1484)
calls=2 51 
0 42 6 0 4 0 0 2

fn=(1486)
0 4 2 0 2 2 0 1
cob=(7)
cfi=(170)
cfn=(1490)
calls=2 0 
0 1434 226 181 15 14 5 4 0 1
cob=(1)
cfi=(159)
cfn=(526)
calls=1 67 
0 1142 291 129 0 8 0 0 2
0 5 2 2 1 0 0 1

fn=(1492)
0 4 2 0 2 2 0 1
cob=(7)
cfi=(170)
cfn=(1494)
calls=2 0 
0 1404 214 173 9 12 5 1 0 1

fn=(1582)
0 6 3 0 2 2 0 1
cob=(3)
cfi=(199)
cfn=(1362)
calls=3 307 
0 825 266 261 5 130 128 5 127
cob=(1)
cfi=(159)
cfn=(526)
calls=1 67 
0 1056 348 163 1 51 3 0 2
0 5 2 2 1 1 0 1

fn=(1608)
0 4 2 0 2 2
cob=(7)
cfi=(170)
cfn=(1612)
calls=2 0 
0 1159 387 185 29 36 1 18
cob=(1)
cfi=(159)
cfn=(526)
calls=1 67 
0 615 224 129 0 7 0 0 1
0 5 2 2 1

fn=(1680)
0 4 2 0 2 2 0 1
cob=(7)
cfi=(170)
cfn=(1684)
calls=2 0 
0 26 10 8 2 0 0 1
cob=(1)
cfi=(159)
cfn=(526)
calls=1 67 
0 893 256 129 0 5 0 0 1
0 5 2 2 1 0 0 1

fn=(1982)
0 2 1 0 1 1 0 1
cob=(7)
cfi=(170)
cfn=(1402)
calls=1 0 
0 352 112 88 22 13 2
cob=(1)
cfi=(159)
cfn=(526)
calls=1 67 
0 956 268 131 0 14 1
0 5 2 2 2 1 0 1

fn=(2248)
0 6 3 0 1 1 0 1
cob=(7)
cfi=(170)
cfn=(2252)
calls=3 0 
0 1692 530 243 9 21 0 9 2
cob=(1)
cfi=(159)
cfn=(526)
calls=1 67 
0 972 270 131 0 6 0 0 2
0 5 2 2 1 0 0 1

fn=(2249)
0 2 1
cob=(7)
cfi=(170)
cfn=(2253)
calls=1 0 
0 134 52 23

fn=(2370)
0 4 1 0 1 0 0 1

fn=(634)
0 2 1 0 1 1 0 1
cob=(7)
cfi=(170)
cfn=(638)
calls=1 0 
0 3 1 0 1 0 0 1
cob=(1)
cfi=(159)
cfn=(526)
calls=1 67 
0 781 242 129 0 8 0 0 1
0 5 2 2 1 0 0 1

fn=(814)
0 5 1 0 1 1 0 1
0 2 1

fn=(858)
0 14 7 0 1 1 0 1
cob=(7)
cfi=(170)
cfn=(862)
calls=7 0 
0 21 7 0 1 0 0 1
cob=(1)
cfi=(159)
cfn=(526)
calls=1 67 
0 877 254 129 0 11 2 0 2
0 5 2 2 1 0 0 1

fn=(982)
0 512 256 0 1 1 0 1
cob=(3)
cfi=(187)
cfn=(986)
calls=256 32 
0 12672 3712 1536 9 5 0 9
cob=(1)
cfi=(159)
cfn=(526)
calls=1 67 
0 777 282 139 0 10 0 0 3
0 5 2 2 1 0 0 1

fn=(1006)
0 248 124 0 5 9 0 1
cob=(3)
cfi=(192)
cfn=(1008)
calls=124 50 
0 1736 248 0 5 12 0 2 10

fn=(1076)
0 2 1 0 1 1 0 1
cob=(7)
cfi=(170)
cfn=(1080)
calls=1 0 
0 113 38 31 4 0 1 4
cob=(1)
cfi=(159)
cfn=(526)
calls=1 67 
0 1143 290 129 0 8 0 0 3
0 5 2 2 1 0 0 1

fn=(1212)
0 18 9 0 2 2 0 1
cob=(7)
cfi=(170)
cfn=(1216)
calls=9 0 
0 856 127 293 22 8 36 3 0 25
cob=(1)
cfi=(159)
cfn=(526)
calls=1 67 
0 711 236 129 0 6 0 0 1
0 5 2 2 1 0 0 1

fn=(1254)
0 20 10 0 1 2
cob=(7)
cfi=(170)
cfn=(1258)
calls=10 0 
0 190 90 20 8 7 0 2
cob=(1)
cfi=(159)
cfn=(526)
calls=1 67 
0 902 261 129 0 7 0 0 2
0 5 2 2 1

fn=(1302)
0 8 4 0 1 1 0 1
cob=(7)
cfi=(170)
cfn=(1306)
calls=4 0 
0 76 36 8 2 2 0 2
cob=(1)
cfi=(159)
cfn=(526)
calls=1 67 
0 902 261 129 0 7 0 0 3
0 5 2 2 1 0 0 1

fn=(1442)
0 4 2 0 0 1
cob=(7)
cfi=(170)
cfn=(1446)
calls=2 0 
0 1998 562 418 91 41 12 46 10 6
cob=(1)
cfi=(159)
cfn=(526)
calls=1 67 
0 967 268 129 0 10 0 0 2
0 5 2 2 1

fn=(1604)
0 4 2 0 2 2 0 1
cob=(7)
cfi=(170)
cfn=(1606)
calls=2 0 
0 1787 615 316 32 45 1 18 1

fn=(1656)
0 2276 1138 0 1
cob=(3)
cfi=(172)
cfn=(1618)
calls=1138 3352 
0 4722 1192 30 2 4 0 1

fn=(1698)
0 72 36 0 1 33 0 1
cob=(3)
cfi=(217)
cfn=(1702)
calls=36 30 
0 396 108 0 4 61 0 2
cob=(1)
cfi=(159)
cfn=(526)
calls=1 67 
0 890 291 139 0 17 0 0 5
0 5 2 2 1 0 0 1

fn=(1866)
0 120 60 0 8 15 0 1
cob=(1)
cfi=(47)
cfn=(1870)
calls=60 641 
0 22188 7271 2619 27 266 1 8
cob=(1)
cfi=(159)
cfn=(526)
calls=1 67 
0 982 316 144 0 28 3 0 2
0 5 2 2 2 1 0 1

fn=(2086)
0 4 2 0 1 1 0 1
cob=(7)
cfi=(170)
cfn=(2090)
calls=2 0 
0 62 6 8 3 1 0 3 1
cob=(1)
cfi=(159)
cfn=(526)
calls=1 67 
0 989 271 131 0 8 0 0 1
0 5 2 2 1 0 0 1

fn=(2214)
0 20 10 0 1 1 0 1
cob=(3)
cfi=(277)
cfn=(2218)
calls=10 32 
0 810 259 155 20 4 0 19 1
cob=(1)
cfi=(159)
cfn=(526)
calls=1 67 
0 791 284 141 0 13 0 0 4
0 5 2 2 1 0 0 1

fn=(2352)
0 4 1 0 1 0 0 1

fn=(576)
0 5 1 0 1 1 0 1
0 2 1

fn=(994)
0 24 12 0 1 1 0 1
cob=(7)
cfi=(170)
cfn=(998)
calls=12 0 
0 4313 949 318 20 20 0 17 7
cob=(1)
cfi=(159)
cfn=(526)
calls=1 67 
0 887 258 129 0 6 0 0 1
0 5 2 2 1 0 0 1

fn=(1020)
0 2 1 0 1 1 0 1
cob=(7)
cfi=(170)
cfn=(1024)
calls=1 0 
0 350 74 74 5 1 3 5 1 3
cob=(1)
cfi=(159)
cfn=(526)
calls=1 67 
0 1111 286 129 0 8 0 0 1
0 5 2 2 1 0 0 1

fn=(1124)
0 2 1 0 1 1
cob=(7)
cfi=(170)
cfn=(1128)
calls=1 0 
0 350 74 74 6 0 0 6
cob=(1)
cfi=(159)
cfn=(526)
calls=1 67 
0 1055 279 129 0 6
0 5 2 2 1

fn=(1320)
0 8 4 0 1 1 0 1
cob=(7)
cfi=(170)
cfn=(1324)
calls=4 0 
0 12 4
cob=(1)
cfi=(159)
cfn=(526)
calls=1 67 
0 1262 306 129 0 7 0 0 2
0 5 2 2 1 0 0 1

fn=(1326)
0 8 4 0 1 1 0 1
cob=(7)
cfi=(170)
cfn=(1330)
calls=4 0 
0 76 36 8 1 0 0 1
cob=(1)
cfi=(159)
cfn=(526)
calls=1 67 
0 1294 310 129 0 4 0 0 1
0 5 2 2 1 0 0 1

fn=(1374)
0 10 5 0 2 3 0 1
cob=(3)
cfi=(193)
cfn=(1012)
calls=5 71 
0 123 29 0 4 0 0 2
cob=(1)
cfi=(159)
cfn=(526)
calls=1 67 
0 819 288 141 3 11 0 0 6
0 5 2 2 1 0 0 1

fn=(1416)
0 8 4 0 2 2 0 1
cob=(7)
cfi=(170)
cfn=(1420)
calls=4 0 
0 368 120 80 18 8 0 9
cob=(1)
cfi=(159)
cfn=(526)
calls=1 67 
0 687 233 129 0 10 1
0 5 2 2 1 0 0 1

fn=(1528)
0 6 3 0 2 3 0 1
cob=(7)
cfi=(170)
cfn=(1532)
calls=3 0 
0 852 300 141 4 15 0 1 4
cob=(1)
cfi=(159)
cfn=(526)
calls=1 67 
0 799 247 129 0 6 1 0 1
0 5 2 2 1 0 0 1

fn=(1540)
0 4 2 0 1 2 0 1
cob=(3)
cfi=(208)
cfn=(1544)
calls=2 25 
0 16 4 0 1 0 0 1
cob=(1)
cfi=(159)
cfn=(526)
calls=1 67 
0 798 281 139 0 12 0 0 3
0 5 2 2 1 0 0 1

fn=(1598)
0 4 2 0 2 2 0 1
cob=(7)
cfi=(170)
cfn=(1602)
calls=2 0 
0 1831 627 330 38 47 1 21 1
cob=(1)
cfi=(159)
cfn=(526)
calls=1 67 
0 1158 293 129 0 9 0 0 3
0 5 2 2 1 0 0 1

fn=(1614)
0 21556 10778 0 2 306 0 1
cob=(3)
cfi=(172)
cfn=(1618)
calls=10778 3352 
0 1268684 368781 181804 90 2765 931 47 0 96
cob=(1)
cfi=(159)
cfn=(526)
calls=1 67 
0 847 297 144 0 20
0 5 2 2 1 0 0 1

fn=(1630)
0 4 2 0 1 1
cob=(3)
cfi=(214)
cfn=(1634)
calls=2 34 
0 804 226 160 62 20 0 31
cob=(1)
cfi=(159)
cfn=(526)
calls=1 67 
0 804 282 139 1 14 0 0 6
0 5 2 2

fn=(1992)
0 2 1 0 1 1 0 1
cob=(7)
cfi=(170)
cfn=(1500)
calls=1 0 
0 7 3 1 1
cob=(1)
cfi=(159)
cfn=(526)
calls=1 67 
0 1052 280 131 0 6
0 5 2 2 1 0 0 1

fn=(2074)
0 4 2 0 1 1 0 1
cob=(7)
cfi=(170)
cfn=(2078)
calls=2 0 
0 8234 2083 1278 222 78 19 185 25
cob=(1)
cfi=(159)
cfn=(526)
calls=1 67 
0 1412 325 131 0 8 0 0 1
0 5 2 2 1 0 0 1

fn=(2236)
0 4 2 0 1 1 0 1
cob=(7)
cfi=(170)
cfn=(2240)
calls=2 0 
0 947 327 148 4 27 0 4 2
cob=(1)
cfi=(159)
cfn=(526)
calls=1 67 
0 725 238 131 0 10 0 0 2
0 5 2 2 1 0 0 1

fn=(620)
0 18 9 0 1 1 0 1
cob=(3)
cfi=(171)
cfn=(624)
calls=9 69 
0 671 126 136 7 2 5 7 0 1
cob=(1)
cfi=(159)
cfn=(526)
calls=1 67 
0 957 307 144 0 18 0 0 8
0 5 2 2 1 0 0 1

fn=(904)
0 64 32 0 1 1 0 1
cob=(7)
cfi=(170)
cfn=(908)
calls=32 0 
0 13436 3956 483 10 15 0 10 5
cob=(1)
cfi=(159)
cfn=(526)
calls=1 67 
0 1055 279 129 0 7 0 0 2
0 5 2 2 1 0 0 1

fn=(934)
0 2 1 0 1 1 0 1
cob=(7)
cfi=(170)
cfn=(938)
calls=1 0 
0 113 38 31 5 0 0 5
cob=(1)
cfi=(159)
cfn=(526)
calls=1 67 
0 1223 300 129 0 8 0 0 1
0 5 2 2 1 0 0 1

fn=(964)
0 2 1 0 1 1 0 1
cob=(7)
cfi=(170)
cfn=(968)
calls=1 0 
0 27380 7107 3743 48 80 20 43 19 20
cob=(1)
cfi=(159)
cfn=(526)
calls=1 67 
0 863 255 129 0 7 0 0 1
0 5 2 2 1 0 0 1

fn=(970)
0 12 6 0 2 2 0 1
cob=(3)
cfi=(185)
cfn=(974)
calls=6 30 
0 132 54 24 4 9 0 2
cob=(1)
cfi=(159)
cfn=(526)
calls=1 67 
0 834 288 139 0 16 0 0 5
0 5 2 2 1 0 0 1

fn=(1038)
0 2 1 0 1 1 0 1
cob=(7)
cfi=(170)
cfn=(1042)
calls=1 0 
0 1314 307 170 18 10 0 18 3
cob=(1)
cfi=(159)
cfn=(526)
calls=1 67 
0 982 271 129 0 5
0 5 2 2 1 0 0 1

fn=(1218)
0 12 6 0 2 2 0 1
cob=(7)
cfi=(170)
cfn=(1222)
calls=6 0 
0 11569 3226 1576 63 96 0 31 20
cob=(1)
cfi=(159)
cfn=(526)
calls=1 67 
0 1158 293 129 0 6
0 5 2 2 1 0 0 1

fn=(1230)
0 24 12 0 2 2 0 1
cob=(7)
cfi=(170)
cfn=(1234)
calls=12 0 
0 240 84 36 6 0 0 3
cob=(1)
cfi=(159)
cfn=(526)
calls=1 67 
0 727 238 129 0 7 0 0 1
0 5 2 2 1 0 0 1

fn=(1236)
0 30 15 0 2 3
cob=(7)
cfi=(170)
cfn=(1240)
calls=15 0 
0 120 60 15 2 0 0 1
cob=(1)
cfi=(159)
cfn=(526)
calls=1 67 
0 735 239 129 0 6
0 5 2 2

fn=(1272)
0 16 8 0 2 2 0 1
cob=(7)
cfi=(170)
cfn=(1276)
calls=8 0 
0 24 8
cob=(1)
cfi=(159)
cfn=(526)
calls=1 67 
0 1246 304 129 0 7 0 0 2
0 5 2 2 1 0 0 1

fn=(1278)
0 16 8 0 1 2
cob=(7)
cfi=(170)
cfn=(1282)
calls=8 0 
0 152 72 16 2 1 0 1
cob=(1)
cfi=(159)
cfn=(526)
calls=1 67 
0 1270 307 129 0 8 0 0 3
0 5 2 2 1

fn=(1892)
0 112 56 0 13 0 0 1
cob=(1)
cfi=(47)
cfn=(484)
calls=56 528 
0 16464 3864 2352 45 272 126
cob=(1)
cfi=(159)
cfn=(526)
calls=1 67 
0 1116 345 154 6 71 22 0 3
0 5 2 2 1 1 0 1

fn=(2010)
0 2 1 0 1 0 0 1
cob=(7)
cfi=(170)
cfn=(2014)
calls=1 0 
0 893 315 166 11 36 2 8 5
cob=(1)
cfi=(159)
cfn=(526)
calls=1 67 
0 901 260 131 0 8 0 0 1
0 5 2 2 1 0 0 1

fn=(2124)
0 6 3
cob=(3)
cfi=(199)
cfn=(1362)
calls=3 307 
0 33 9 6 1 1 0 0 1

fn=(2270)
0 1 1 0 1
cob=(3)
cfi=(281)
cfn=(2272)
calls=1 30 
0 119 27 12 8 5 1 8 1 1

fn=(2286)
0 4 1 0 1 0 0 1

fn=(160)
0 2 1 0 1 0 0 1
cob=(1)
cfi=(52)
cfn=(162)
calls=1 225 
0 2782 596 296 115 35 33 115 35 33

fn=(570)
0 2 1 0 1 0 0 1
cob=(3)
cfi=(166)
cfn=(572)
calls=1 46 
0 48 3 0 5 2 0 5 1

fn=(836)
0 60 30 0 3 3 0 1
cob=(7)
cfi=(170)
cfn=(840)
calls=30 0 
0 79182 21716 10130 357 455 102 335 84 96
cob=(1)
cfi=(159)
cfn=(526)
calls=1 67 
0 703 235 129 0 7 2 0 2
0 5 2 2 1 1 0 1

fn=(864)
0 2 1 0 1 1 0 1
cob=(7)
cfi=(170)
cfn=(868)
calls=1 0 
0 4099 1202 668 31 59 10 31 16 9
cob=(1)
cfi=(159)
cfn=(526)
calls=1 67 
0 743 240 129 0 7 0 0 1
0 5 2 2 1 0 0 1

fn=(870)
0 32 16 0 2 2 0 1
cob=(7)
cfi=(170)
cfn=(874)
calls=16 0 
0 3336 1007 473 29 51 1 25 15
cob=(1)
cfi=(159)
cfn=(526)
calls=1 67 
0 895 259 129 0 7 0 0 1
0 5 2 2 1 0 0 1

fn=(894)
0 2 1 0 1 1 0 1
cob=(3)
cfi=(183)
cfn=(898)
calls=1 43 
0 48 13 9 7 0 0 7
cob=(1)
cfi=(159)
cfn=(526)
calls=1 67 
0 854 287 139 0 15 0 0 3
0 5 2 2 1 0 0 1

fn=(1058)
0 2 1 0 1 0 0 1
cob=(7)
cfi=(170)
cfn=(1062)
calls=1 0 
0 414 137 75 5 0 0 5
cob=(1)
cfi=(159)
cfn=(526)
calls=1 67 
0 1047 278 129 0 8 0 0 1
0 5 2 2 1 0 0 1

fn=(1154)
0 2 1 0 1 1 0 1
cob=(7)
cfi=(170)
cfn=(1158)
calls=1 0 
0 109 30 31 6 0 0 6
cob=(1)
cfi=(159)
cfn=(526)
calls=1 67 
0 1151 291 129 0 7
0 5 2 2 1 0 0 1

fn=(1260)
0 16 8 0 2 2 0 1
cob=(7)
cfi=(170)
cfn=(1264)
calls=8 0 
0 24 8 0 2 0 0 1
cob=(1)
cfi=(159)
cfn=(526)
calls=1 67 
0 1246 304 129 0 5 0 0 3
0 5 2 2 1 0 0 1

fn=(1266)
0 16 8 0 2 2 0 1
cob=(7)
cfi=(170)
cfn=(1270)
calls=8 0 
0 152 72 16 2 4 0 1
cob=(1)
cfi=(159)
cfn=(526)
calls=1 67 
0 1270 307 129 0 6 0 0 1
0 5 2 2 1 0 0 1

fn=(1384)
0 6 3 0 1 2
cob=(7)
cfi=(170)
cfn=(1388)
calls=3 0 
0 1597 250 203 31 24 6 5 0 2
cob=(1)
cfi=(159)
cfn=(526)
calls=1 67 
0 644 235 134 0 8 0 0 1
0 5 2 2

fn=(1522)
0 4 2 0 1 2
cob=(7)
cfi=(170)
cfn=(1526)
calls=2 0 
0 2523 845 425 9 36 1 8 8
cob=(1)
cfi=(159)
cfn=(526)
calls=1 67 
0 839 252 129 0 6 1 0 2
0 5 2 2 1

fn=(2016)
0 2 1 0 1 1 0 1
cob=(3)
cfi=(252)
cfn=(2020)
calls=1 25 
0 42 13 8 2 0 0 2
cob=(1)
cfi=(159)
cfn=(526)
calls=1 67 
0 783 283 141 0 33 2 0 5
0 5 2 2 1 0 0 1

fn=(2206)
0 6 3 0 1 1 0 1
cob=(7)
cfi=(170)
cfn=(2210)
calls=3 0 
0 4018 1371 690 36 74 0 35 10
cob=(1)
cfi=(159)
cfn=(526)
calls=1 67 
0 708 237 131 0 8 1 0 1
0 5 2 2 1 0 0 1

fn=(2207)
0 2 1
cob=(7)
cfi=(170)
cfn=(2211)
calls=1 0 
0 134 52 23

fn=(2298)
0 2 1 0 1 0 0 1
cob=(3)
cfi=(281)
cfn=(2272)
calls=1 30 
0 119 27 12

fn=(2318)
0 2 1 0 1
cob=(3)
cfi=(281)
cfn=(2272)
calls=1 30 
0 1155 349 183 10 10 0 7

ob=(4)
fl=(169)
fn=(592)
0 9 0 0 2 0 0 2
0 3 1 0 1 0 0 1

fn=(2364) 0x000000000000e3b0
0 4 0 0 2 0 0 1
0 1 1

fn=(2354)
0 9 3 2 2 2
cob=(2)
cfi=(51)
cfn=(2360)
calls=1 0 
0 121 28 12 1 0 0 1
0 1 0 1
cfn=(2364)
calls=1 0 
0 5 1 0 2 0 0 1
0 3 2 1

fl=(137)
fn=(438)
30 1 0 0 1 0 0 1
fi=(130) ./math/../sysdeps/x86_64/fpu/multiarch/ifunc-fma.h
-1 4 2
+1 4 2
fe=(137)

fl=(141)
fn=(450)
27 1 0 0 1 0 0 1
fi=(132) ./math/../sysdeps/x86_64/fpu/multiarch/ifunc-avx-fma4.h
+5 5 2
+1 2 1
jfi=(141)
jcnd=1/1 -6 
* 
fe=(141)
-6 1 1 0 1 0 0 1

fl=(145)
fn=(468)
27 1 0 0 1 0 0 1
fi=(130)
+2 4 2
+1 3 1 0 1 0 0 1
fe=(145)
-3 1 1

fl=(143)
fn=(458)
26 1 0 0 1 0 0 1
fi=(130)
+3 4 2
+1 3 1
fe=(143)
-4 1 1

fl=(134)
fn=(426)
34 1 0 0 1 0 0 1
fi=(132)
-2 5 2 0 1 0 0 1
+1 2 1
jfi=(134)
jcnd=1/1 +1 
* 
fe=(134)
+1 1 1

fn=(476)
27 1 0 0 1 0 0 1
fi=(132)
+5 5 2
+1 2 1
jfi=(134)
jcnd=1/1 -6 
* 
fe=(134)
-6 1 1

fl=(133)
fn=(422)
27 1 0 0 1 0 0 1
fi=(130)
+2 4 2 0 1 0 0 1
+1 3 1
fe=(133)
-3 1 1

fl=(249)
fn=(1928)
91 21 0 0 1 0 0 1
-5 21
fi=(250) ./math/../sysdeps/ieee754/dbl-64/math_config.h
-19 21
fe=(249)
+19 21
+11 21
+1 63 0 0 1 0 0 1
jcnd=9/21 +3 
* 
+25 12 12 0 0 1 0 0 1
+15 12 12
-15 36
fi=(250)
-56 12
fe=(249)
+58 12
+3 12
+1 12
-1 12
+1 12
-3 12
+12 12 12 0 1 0 0 1
-10 12
+4 12 12 0 0 2 0 0 2
+6 12
-3 24
+3 120 48 0 0 1 0 0 1
+1 24
fi=(250)
-60 12
fe=(249)
+65 36 12
-43 18 0 0 1 0 0 1
jcnd=9/9 +3 
* 
+3 18 18 0 1 1 0 1 1

fl=(140)
fn=(446)
27 1 0 0 1 0 0 1
fi=(130)
+2 4 2
+1 3 1 0 1 0 0 1
fe=(140)
-3 1 1

fl=(142)
fn=(454)
35 1 0 0 1 0 0 1
fi=(139) ./math/../sysdeps/x86_64/fpu/multiarch/ifunc-fma4.h
-4 4 2
+1 2 1 0 1 0 0 1
jcnd=1/1 +3 
* 
+3 1 1
fe=(142)

fn=(464)
27 1 0 0 1 0 0 1
fi=(139)
+4 4 2
+1 2 1
jfi=(142)
jcnd=1/1 -5 
* 
fe=(142)
-5 1 1

fl=(131)
fn=(418)
27 1 0 0 1 0 0 1
fi=(132)
+5 5 2
+1 2 1
jfi=(131)
jcnd=1/1 -6 
* 
fe=(131)
-6 1 1 0 1 0 0 1

fl=(251)
fn=(1946)
33 393216 0 0 1 0 0 1
+7 393216
+1 393216
-2 393216
+1 393216
+1 393216
-1 393216
+1 393216
-1 393216
+5 786432
+2 786432 0 0 1 0 0 1
jcnd=381630/393216 +1 
* 
-5 23172
+1 11586
+6 23172
jcnd=11586/11586 +4 
* 
+24 11586
+1 23172 11586
-21 34758 0 0 1 0 0 1
+2 11586
-2 11586
+2 34758
jump=11586 +18 
* 
-7 1144890
+26 763260 381630

fl=(138)
fn=(442)
27 1 0 0 1 0 0 1
fi=(139)
+4 4 2
+1 2 1
jfi=(138)
jcnd=1/1 -5 
* 
fe=(138)
-5 1 1

fl=(136)
fn=(434)
26 1 0 0 1 0 0 1
fi=(130)
+3 4 2 0 1 0 0 1
+1 3 1
fe=(136)
-4 1 1

fl=(135)
fn=(430)
27 1 0 0 1 0 0 1
fi=(130)
+2 4 2
+1 3 1
fe=(135)
-3 1 1

fl=(146)
fn=(472)
26 1 0 0 1 0 0 1
fi=(132)
+6 5 2 0 1 0 0 1
+1 2 1
jfi=(146)
jcnd=1/1 -7 
* 
fe=(146)
-7 1 1

fl=(129)
fn=(414)
26 1 0 0 1 0 0 1
fi=(130)
+3 4 2 0 1 0 0 1
+1 3 1
fe=(129)
-4 1 1

fl=(144)
fn=(462)
49 5 2 0 1 0 0 1
jcnd=1/1 * 
* 
* 1 1

totals: 146366739 30215807 20412300 4773 790152 798547 3354 7928 159605
